u1,u2,n_groups,n_venues,weight_idf
1304,6680,120,70,39.223075
5298,5863,38,14,26.171706
99,290,36,13,22.148487
4299,6035,22,16,18.101161
1611,6333,36,28,12.130256
5435,5741,20,13,10.602794
4878,6451,12,5,10.373305
3668,5582,10,1,9.102392
157,674,10,3,8.30971
2853,2854,18,11,8.263026
3509,5442,22,21,8.012991
2206,2366,12,10,7.765016
1401,5055,13,1,7.255438
5084,6422,18,17,6.620598
5843,6646,9,5,6.305601
4797,5090,9,2,6.040063
594,1729,16,13,5.677582
896,1910,16,1,5.53562
2786,4148,14,13,5.473433
2563,4025,16,16,5.459605
808,5344,27,1,5.440428
2976,4579,13,10,5.194121
515,524,16,12,5.095672
2464,2578,8,1,4.970679
4367,6544,8,8,4.92799
3649,5366,15,11,4.836018
2597,6807,7,6,4.767626
3647,4505,9,7,4.683427
1873,3392,5,1,4.551196
1697,5280,8,6,4.466061
77,2921,8,2,4.439641
6676,6807,6,1,4.328085
766,6541,8,5,4.243824
1246,4040,11,11,4.042592
2718,6448,8,4,3.952481
3230,6486,10,10,3.827656
241,3589,6,4,3.816296
2667,4655,7,2,3.782958
5496,5559,9,6,3.764637
3098,6421,9,8,3.745947
615,3156,4,1,3.640957
3180,6134,7,1,3.597288
1037,1648,5,2,3.395579
5313,5813,5,3,3.33369
4655,6842,4,2,3.165012
3514,4506,4,3,3.14775
3906,4551,6,5,3.137841
2731,6136,6,2,2.9367
2771,3027,8,7,2.90939
962,1599,4,2,2.88539
1149,2495,6,1,2.88539
3052,3224,6,2,2.882875
3850,6245,5,5,2.801207
2874,5577,7,7,2.790618
3721,4167,5,1,2.790553
4208,5492,9,9,2.788416
3544,6099,7,6,2.742794
2048,3292,6,6,2.696588
2356,2820,6,6,2.695376
3294,4394,8,6,2.685294
2718,3636,6,6,2.652817
5059,6495,9,6,2.645414
1078,2602,7,7,2.620537
3654,3892,6,4,2.602695
4107,4297,7,7,2.602333
939,1880,9,8,2.454614
1968,4413,7,7,2.436134
1910,4318,7,1,2.421834
4044,6862,8,8,2.413935
3406,4453,4,3,2.403452
951,5084,9,1,2.392853
753,973,7,4,2.384594
3673,6039,7,7,2.366204
4016,6509,5,5,2.339811
480,866,9,8,2.328634
597,5274,5,4,2.28671
5890,6704,5,4,2.279029
2418,6607,6,6,2.271086
328,1243,8,6,2.261421
1808,1962,6,5,2.22929
6058,6062,7,5,2.227637
2909,3291,7,7,2.22316
5367,5988,6,6,2.220191
1231,3520,3,2,2.21035
634,2190,4,4,2.207445
372,4697,8,8,2.206414
5210,6075,4,3,2.178933
962,6363,3,1,2.164043
3416,3485,5,5,2.135214
63,590,4,4,2.101177
3686,4207,5,1,2.085162
4186,5217,6,5,2.085032
1599,3077,3,2,2.06403
4232,6305,5,5,2.026839
1329,2541,6,6,2.024589
808,843,13,1,2.006634
4946,6860,8,8,1.998402
3255,3954,8,5,1.978296
3712,4844,4,4,1.961331
1037,1621,4,1,1.923593
2107,4014,6,6,1.910076
3532,4634,5,4,1.899431
6078,6418,3,2,1.897815
5582,5833,3,1,1.864005
2465,6310,5,5,1.84609
3609,3771,2,2,1.820478
1934,6806,2,1,1.820478
369,2405,2,1,1.820478
3890,6170,2,1,1.820478
3043,3106,2,1,1.820478
196,1578,2,1,1.820478
618,973,4,4,1.817346
3045,6621,4,4,1.814062
2404,3874,4,2,1.795651
5593,6404,4,4,1.773575
2879,4122,8,1,1.769211
4001,6703,6,6,1.737132
1910,2464,5,1,1.729881
2904,3455,3,3,1.716144
2665,4443,6,5,1.707698
753,6058,5,2,1.700348
2926,4553,4,3,1.695926
1109,1110,4,4,1.695211
5151,5179,5,5,1.693942
963,6099,4,4,1.685476
1983,6509,4,4,1.68477
1586,4354,3,1,1.674332
2751,3578,4,4,1.674164
5834,6227,5,5,1.635513
4557,6552,2,2,1.631587
979,6037,2,2,1.631587
1910,6310,5,3,1.630441
673,791,4,4,1.582794
753,3169,4,4,1.562752
3986,4034,4,4,1.548683
2879,3377,7,1,1.54806
2124,2879,7,1,1.54806
475,1910,4,3,1.536943
3113,5103,3,3,1.475695
168,998,4,4,1.469091
1647,4626,4,4,1.455874
2410,4188,4,4,1.451094
1788,1917,2,1,1.442695
6078,6744,2,2,1.442695
5700,5953,2,1,1.442695
2371,6183,3,1,1.442695
2302,5860,2,1,1.442695
289,346,3,3,1.429091
3,4188,4,4,1.389284
1983,4016,3,3,1.384668
2782,2834,3,3,1.373318
4915,6008,4,4,1.366673
739,6706,3,3,1.366186
6272,6584,3,2,1.365359
2318,3488,6,2,1.356905
753,2643,3,3,1.353169
2506,6327,3,3,1.35305
4029,6450,4,4,1.339052
475,5405,4,4,1.338839
2124,4122,6,1,1.326909
2124,3377,6,1,1.326909
430,1098,3,3,1.32247
66,6123,3,3,1.31557
2952,6153,5,5,1.30903
3508,5080,3,2,1.307773
1338,5628,3,1,1.302883
4303,6044,4,4,1.283252
3651,4557,3,3,1.271265
2709,3172,3,2,1.268359
2486,4750,3,3,1.268337
0,1206,4,3,1.268176
4029,6099,3,3,1.268149
1051,3874,2,2,1.263195
1354,3012,3,1,1.251097
1372,1614,3,1,1.251097
2027,5326,4,3,1.246686
2904,4770,2,1,1.24267
800,4918,2,1,1.24267
325,4127,2,1,1.24267
2464,2576,2,1,1.24267
1948,3451,5,5,1.237781
4381,5974,3,3,1.236284
4733,5329,4,4,1.235622
1599,6363,2,2,1.235246
478,865,3,3,1.226782
2986,6852,3,2,1.213652
6099,6219,2,2,1.210341
2723,5478,3,3,1.210085
1970,6178,4,4,1.189651
1858,4405,2,2,1.179446
4517,4877,3,3,1.172207
607,2762,3,3,1.172191
5065,5902,4,3,1.170636
2764,3686,4,2,1.159839
507,3051,4,1,1.154156
618,753,3,3,1.15137
4095,4917,3,3,1.136401
1206,5588,4,2,1.116768
2753,4971,2,1,1.116221
1372,1494,3,2,1.115331
2926,4941,4,3,1.112923
3044,4122,5,1,1.105757
3377,4122,5,1,1.105757
4276,5545,2,2,1.090617
4188,6693,3,3,1.086619
326,4426,3,2,1.083915
2205,3593,3,3,1.082001
535,2596,3,3,1.07111
4576,6398,4,4,1.060036
2184,3377,4,2,1.053326
888,1977,2,2,1.044863
1083,1910,3,1,1.037929
296,726,2,1,1.027797
3180,6745,2,1,1.027797
3698,6001,2,1,1.027797
753,6062,5,2,1.026286
2880,6774,3,3,1.007267
4080,6083,4,1,0.99817
1053,1344,3,2,0.983834
737,5081,2,2,0.975143
2771,5225,2,1,0.961797
2089,3065,2,2,0.961797
5348,6178,4,4,0.960025
3619,6836,3,3,0.952743
4497,5751,2,2,0.947982
638,5415,3,3,0.947079
6007,6535,3,3,0.916485
481,1658,1,1,0.910239
1351,1598,1,1,0.910239
3192,5931,1,1,0.910239
2501,2974,1,1,0.910239
6144,6473,1,1,0.910239
2679,5748,1,1,0.910239
2114,5634,1,1,0.910239
1312,2632,1,1,0.910239
1522,2185,1,1,0.910239
3343,3387,1,1,0.910239
754,2219,1,1,0.910239
5317,6755,1,1,0.910239
903,1493,1,1,0.910239
3661,5748,1,1,0.910239
2893,5076,1,1,0.910239
2066,6248,1,1,0.910239
4585,4772,1,1,0.910239
963,6467,1,1,0.910239
931,1439,1,1,0.910239
1011,4526,1,1,0.910239
1711,2674,1,1,0.910239
827,6457,1,1,0.910239
1544,2585,1,1,0.910239
140,4716,1,1,0.910239
332,5044,1,1,0.910239
2568,4883,1,1,0.910239
2758,4321,1,1,0.910239
1977,6310,3,3,0.906702
6173,6629,2,2,0.896243
168,2631,2,2,0.892822
1179,6185,2,2,0.890529
2549,4471,3,3,0.888753
3231,4877,2,2,0.885592
2124,3757,4,1,0.884606
3377,3757,4,1,0.884606
2879,3044,4,1,0.884606
2879,4996,4,1,0.884606
2124,3044,4,1,0.884606
3044,3377,4,1,0.884606
48,1648,2,2,0.883328
3673,4706,2,2,0.883168
1709,2764,3,3,0.874692
204,5757,2,2,0.874572
3820,6509,3,3,0.868837
1611,4980,2,2,0.863634
1246,6523,2,2,0.851327
500,4496,2,2,0.844991
468,4934,2,2,0.837166
3731,4935,3,3,0.83618
186,1211,2,2,0.835049
1953,4088,2,2,0.834043
3180,6162,2,2,0.817311
168,204,2,2,0.817311
3249,5981,3,3,0.816
140,1338,5,2,0.808984
475,4318,2,2,0.808076
2225,2261,3,3,0.807095
3075,5344,4,1,0.805989
3123,3231,2,2,0.804859
2775,4029,2,2,0.804414
618,3169,2,2,0.803564
1834,3959,2,2,0.801096
4318,5405,2,2,0.801096
1772,2525,2,2,0.781
3361,4390,2,1,0.779742
2507,2696,4,1,0.778847
2389,3167,2,2,0.777706
992,1372,2,2,0.777706
524,3956,3,3,0.776081
231,2410,2,2,0.773918
464,3924,2,2,0.773629
6134,6745,2,2,0.770848
33,2495,2,2,0.769437
4845,6719,2,2,0.766898
3277,6062,3,2,0.764324
4765,5068,2,2,0.762047
2081,4748,2,1,0.757846
226,287,2,1,0.757846
1370,4748,2,1,0.757846
690,1211,2,2,0.755221
720,5003,2,2,0.748406
200,2859,2,2,0.738539
2367,2458,2,1,0.738539
3623,5381,2,1,0.738539
170,517,3,3,0.733986
4553,4941,2,2,0.730441
4706,6039,2,2,0.729943
302,1582,1,1,0.721348
6223,6644,1,1,0.721348
462,2496,1,1,0.721348
442,3469,1,1,0.721348
379,778,1,1,0.721348
3619,5937,1,1,0.721348
888,2185,1,1,0.721348
3167,4317,1,1,0.721348
2166,3660,1,1,0.721348
685,3531,1,1,0.721348
2581,3167,2,2,0.721348
3850,6295,1,1,0.721348
334,5972,1,1,0.721348
3333,3904,1,1,0.721348
3106,3345,1,1,0.721348
2775,4446,1,1,0.721348
2317,5869,1,1,0.721348
2575,6516,1,1,0.721348
1831,2668,1,1,0.721348
4822,6083,1,1,0.721348
6099,6387,1,1,0.721348
945,3698,1,1,0.721348
593,4029,2,2,0.71485
3,2410,2,2,0.713387
1409,2748,2,2,0.71335
31,2748,2,2,0.71335
31,1409,2,2,0.71335
4148,6665,2,2,0.713097
2610,2820,2,2,0.712069
1182,1439,2,2,0.711232
6070,6355,2,2,0.7088
3654,3806,2,1,0.705912
1182,1325,2,2,0.704529
341,1695,3,3,0.700897
512,2822,2,2,0.698299
947,5573,2,2,0.693636
2981,3818,2,2,0.688198
512,679,2,2,0.686845
512,2185,2,2,0.686845
679,2185,2,2,0.686845
865,965,2,2,0.679784
2077,2766,3,3,0.671961
48,800,2,2,0.667616
372,3469,2,2,0.664923
2124,4996,3,1,0.663454
3044,3757,3,1,0.663454
4122,4996,3,1,0.663454
2184,3044,3,1,0.663454
2879,4754,3,1,0.663454
3377,4996,3,1,0.663454
4122,4754,3,1,0.663454
366,386,2,2,0.662267
30,6693,2,2,0.6543
3123,4877,2,2,0.654281
3207,5016,2,2,0.65312
140,225,2,2,0.651882
79,1410,2,2,0.650008
3469,4697,2,2,0.648206
48,501,2,2,0.647388
2764,4455,3,1,0.64594
3686,4455,3,1,0.64594
4926,5872,2,2,0.637241
5144,5551,3,3,0.633485
6083,6714,2,2,0.631759
973,6062,3,2,0.631232
2679,4121,2,2,0.626261
341,3314,1,1,0.621335
2464,5151,1,1,0.621335
1264,2005,1,1,0.621335
1877,1892,1,1,0.621335
865,1307,1,1,0.621335
478,1307,1,1,0.621335
3000,4940,1,1,0.621335
3616,3661,1,1,0.621335
1877,3869,1,1,0.621335
1892,3869,1,1,0.621335
4033,6373,1,1,0.621335
855,5145,1,1,0.621335
3077,6363,1,1,0.621335
429,945,1,1,0.621335
4306,4455,1,1,0.621335
869,1114,1,1,0.621335
2578,6224,1,1,0.621335
1752,4840,1,1,0.621335
2576,2578,1,1,0.621335
4980,6333,1,1,0.621335
711,3616,1,1,0.621335
6183,6806,1,1,0.621335
922,6806,1,1,0.621335
1155,4148,2,1,0.621335
922,6183,1,1,0.621335
1821,6582,1,1,0.621335
3455,4770,1,1,0.621335
515,3128,2,1,0.621335
3024,4045,1,1,0.621335
1782,5550,1,1,0.621335
2300,3345,1,1,0.621335
5765,6819,1,1,0.621335
1026,2749,1,1,0.621335
1052,3208,1,1,0.621335
1213,2436,1,1,0.621335
720,2402,1,1,0.621335
929,1611,1,1,0.621335
37,1445,1,1,0.621335
776,1598,2,2,0.620779
3123,4517,2,2,0.62049
1584,6029,2,2,0.617387
440,1326,2,2,0.6173
830,4188,2,1,0.613855
3544,4839,2,2,0.613855
1338,2819,2,2,0.610881
202,6426,2,2,0.609905
2168,5063,2,2,0.608716
1759,2846,2,1,0.606826
1759,3910,2,1,0.606826
2846,3910,2,1,0.606826
1778,6852,2,1,0.606826
618,6058,2,2,0.605447
515,3956,2,2,0.604682
2409,5344,3,1,0.604492
0,30,2,2,0.602973
2701,4839,2,2,0.600942
3347,3805,2,1,0.593948
3901,6062,3,1,0.592581
3901,6058,3,1,0.592581
753,3901,3,1,0.592581
771,2117,3,1,0.592581
771,2201,3,1,0.592581
753,6411,3,1,0.592581
6062,6411,3,1,0.592581
962,3077,2,2,0.591062
1725,4426,2,2,0.588189
3847,4518,2,2,0.588181
174,1887,2,2,0.587605
1682,4188,2,2,0.585983
3075,6266,2,2,0.585532
4647,5144,3,3,0.585124
6219,6387,4,1,0.583931
1874,3418,2,2,0.581833
1658,3670,3,3,0.579101
2347,3718,2,2,0.579016
2808,6574,2,2,0.574498
1023,1977,2,2,0.574206
3510,6597,2,2,0.567743
3277,6058,2,2,0.566797
626,2319,2,2,0.56611
530,1277,2,2,0.560322
2356,2691,2,2,0.560322
4040,4995,2,2,0.558944
141,5582,1,1,0.558111
66,2346,1,1,0.558111
4446,4662,1,1,0.558111
1621,4662,1,1,0.558111
758,6497,1,1,0.558111
350,854,1,1,0.558111
936,5604,1,1,0.558111
1009,4895,1,1,0.558111
237,5582,1,1,0.558111
3912,4467,1,1,0.558111
737,3782,1,1,0.558111
2761,6680,1,1,0.558111
2165,6596,1,1,0.558111
141,3668,1,1,0.558111
715,2340,1,1,0.558111
2786,5381,1,1,0.558111
2092,6739,1,1,0.558111
4148,5381,1,1,0.558111
196,6458,1,1,0.558111
1707,6586,1,1,0.558111
1529,6467,1,1,0.558111
2456,3019,1,1,0.558111
186,1567,1,1,0.558111
194,4971,1,1,0.558111
1501,1734,1,1,0.558111
3693,4153,1,1,0.558111
1224,6693,1,1,0.558111
2212,2612,1,1,0.558111
1183,2347,1,1,0.558111
921,1781,1,1,0.558111
865,2740,2,2,0.557618
2165,3859,2,2,0.556786
204,998,2,2,0.555609
2594,3960,2,2,0.554245
1286,5385,2,2,0.549752
1831,2070,2,2,0.547474
2983,6500,2,2,0.547474
1224,1277,2,2,0.544928
1186,3478,2,2,0.544161
4751,5363,2,2,0.541896
3347,5934,2,1,0.538565
2764,5713,2,2,0.530973
341,394,2,2,0.529313
63,621,2,2,0.526393
494,528,2,1,0.519461
3956,6267,2,2,0.517364
442,4884,2,2,0.516811
1839,3956,2,2,0.516654
2322,6674,1,1,0.513898
1205,2198,1,1,0.513898
2367,2653,1,1,0.513898
4839,5528,1,1,0.513898
2001,5133,1,1,0.513898
211,1997,1,1,0.513898
4839,5326,1,1,0.513898
6134,6162,1,1,0.513898
2220,5861,1,1,0.513898
263,1941,1,1,0.513898
1017,1936,1,1,0.513898
82,1223,1,1,0.513898
1548,4606,1,1,0.513898
1559,4880,1,1,0.513898
356,2031,1,1,0.513898
1892,4845,1,1,0.513898
1711,6122,1,1,0.513898
1564,1711,1,1,0.513898
62,275,1,1,0.513898
1099,5515,1,1,0.513898
1637,3733,1,1,0.513898
2631,5757,1,1,0.513898
138,1344,1,1,0.513898
556,4880,1,1,0.513898
1831,3247,1,1,0.513898
796,6502,1,1,0.513898
3509,5317,1,1,0.513898
425,4845,1,1,0.513898
4467,4662,1,1,0.513898
168,5757,1,1,0.513898
1183,5447,1,1,0.513898
204,2631,1,1,0.513898
225,556,1,1,0.513898
1543,5787,1,1,0.513898
225,1559,1,1,0.513898
4016,4608,1,1,0.513898
225,4880,1,1,0.513898
556,1559,1,1,0.513898
4662,5326,1,1,0.513898
711,1553,1,1,0.513898
239,1211,2,2,0.507558
982,3075,2,2,0.507096
414,454,2,2,0.506069
830,2704,2,1,0.501381
2359,5867,2,1,0.492557
4241,6131,2,2,0.487888
30,1206,2,1,0.484598
1611,3901,2,1,0.484598
1611,5915,2,1,0.484598
4977,5813,2,1,0.484598
0,5588,2,1,0.484598
4751,6870,2,2,0.483253
2701,5812,1,1,0.480898
4023,6183,1,1,0.480898
3858,6130,1,1,0.480898
20,4426,1,1,0.480898
2558,3880,1,1,0.480898
4148,4826,1,1,0.480898
806,2587,1,1,0.480898
2431,4090,1,1,0.480898
2816,4306,1,1,0.480898
2775,6099,1,1,0.480898
1211,1277,1,1,0.480898
1983,3820,1,1,0.480898
1586,2208,1,1,0.480898
1626,5497,1,1,0.480898
3820,4016,1,1,0.480898
14,464,1,1,0.480898
4354,6382,1,1,0.480898
313,3001,1,1,0.480898
1602,3601,1,1,0.480898
299,2799,1,1,0.480898
1149,3342,1,1,0.480898
54,4971,1,1,0.480898
944,2205,1,1,0.480898
165,2205,1,1,0.480898
4473,6415,1,1,0.480898
4177,6439,1,1,0.480898
2443,4152,1,1,0.480898
1041,6333,1,1,0.480898
1041,1611,1,1,0.480898
1252,2772,1,1,0.480898
1252,6073,1,1,0.480898
618,4992,1,1,0.480898
1280,1502,1,1,0.480898
2772,6073,1,1,0.480898
973,4992,1,1,0.480898
464,1459,1,1,0.480898
14,1459,1,1,0.480898
33,1149,1,1,0.480898
2926,5774,1,1,0.480898
1197,3912,1,1,0.480898
3519,5065,1,1,0.480898
664,3935,1,1,0.480898
186,4469,1,1,0.480898
1525,1877,1,1,0.480898
3936,5171,1,1,0.480898
69,89,1,1,0.480898
3935,4056,1,1,0.480898
1514,3456,1,1,0.480898
942,963,1,1,0.480898
1099,5171,1,1,0.480898
114,2741,1,1,0.480898
757,1053,1,1,0.480898
301,2024,1,1,0.480898
2219,6805,2,2,0.480711
1895,2371,2,2,0.469284
776,3806,2,2,0.465024
1067,4601,2,2,0.464704
718,5774,2,2,0.464533
1970,5348,2,2,0.463234
4468,4925,2,2,0.462341
2408,6680,1,1,0.45512
856,1485,1,1,0.45512
580,1202,1,1,0.45512
2066,6099,1,1,0.45512
457,2393,1,1,0.45512
1304,2408,1,1,0.45512
2175,4713,1,1,0.45512
856,3996,1,1,0.45512
509,5812,1,1,0.45512
2519,3186,1,1,0.45512
2519,6755,1,1,0.45512
3186,6755,1,1,0.45512
578,1226,1,1,0.45512
141,827,1,1,0.45512
1911,1982,1,1,0.45512
2598,4599,1,1,0.45512
2915,3770,1,1,0.45512
2208,6180,1,1,0.45512
391,2986,1,1,0.45512
3329,6852,1,1,0.45512
0,3469,1,1,0.45512
1372,1982,1,1,0.45512
420,3639,1,1,0.45512
1368,6496,1,1,0.45512
1523,3398,1,1,0.45512
1009,2214,1,1,0.45512
1040,4605,1,1,0.45512
20,21,1,1,0.45512
1009,4824,1,1,0.45512
3718,4953,1,1,0.45512
2787,2822,1,1,0.45512
3069,4177,1,1,0.45512
182,6581,1,1,0.45512
2528,4543,1,1,0.45512
2720,3227,1,1,0.45512
3544,6450,1,1,0.45512
321,4543,1,1,0.45512
2335,5461,1,1,0.45512
2344,5787,1,1,0.45512
3525,5756,1,1,0.45512
1485,3544,1,1,0.45512
321,1738,1,1,0.45512
3224,5722,1,1,0.45512
2741,4738,1,1,0.45512
494,1186,1,1,0.45512
1124,1734,1,1,0.45512
1892,2616,1,1,0.45512
963,2616,1,1,0.45512
963,1892,1,1,0.45512
512,5183,1,1,0.45512
592,824,1,1,0.45512
2066,6193,1,1,0.45512
2720,3755,1,1,0.45512
1485,6450,1,1,0.45512
184,3949,1,1,0.45512
4934,5871,1,1,0.45512
0,3880,1,1,0.45512
2793,4679,1,1,0.45512
1918,2772,1,1,0.45512
925,2232,1,1,0.45512
2563,5214,1,1,0.45512
321,2528,1,1,0.45512
800,2868,1,1,0.45512
2385,2921,1,1,0.45512
1046,3113,1,1,0.45512
196,4629,1,1,0.45512
4995,6522,1,1,0.45512
1485,3996,1,1,0.45512
2005,2316,1,1,0.45512
77,2385,1,1,0.45512
3479,4934,2,1,0.453852
4208,5551,2,2,0.450248
454,2612,2,1,0.44557
3377,4754,2,1,0.442303
1940,3044,2,1,0.442303
1940,2124,2,1,0.442303
3757,4122,2,1,0.442303
2879,3757,2,1,0.442303
2124,4754,2,1,0.442303
1940,4122,2,1,0.442303
2184,4122,2,1,0.442303
2184,3757,2,1,0.442303
4754,4996,2,1,0.442303
120,2759,2,2,0.439922
25,2507,2,2,0.438353
1724,6387,3,1,0.437948
1658,6387,3,1,0.437948
1307,5820,1,1,0.434294
1671,4750,1,1,0.434294
97,478,1,1,0.434294
1833,3509,1,1,0.434294
1671,3509,1,1,0.434294
3509,4750,1,1,0.434294
1833,4750,1,1,0.434294
1877,5084,1,1,0.434294
2598,4839,1,1,0.434294
1671,1833,1,1,0.434294
141,3924,1,1,0.434294
5528,5961,1,1,0.434294
4796,5961,1,1,0.434294
1182,2999,1,1,0.434294
1182,6439,1,1,0.434294
1439,2999,1,1,0.434294
4796,5528,1,1,0.434294
1439,6439,1,1,0.434294
2999,6439,1,1,0.434294
225,2048,1,1,0.434294
3075,3168,1,1,0.434294
1344,4750,1,1,0.434294
225,1124,1,1,0.434294
31,1124,1,1,0.434294
31,225,1,1,0.434294
5528,6239,1,1,0.434294
1344,1671,1,1,0.434294
411,4056,1,1,0.434294
2811,4568,1,1,0.434294
1344,1833,1,1,0.434294
1344,3509,1,1,0.434294
467,841,1,1,0.434294
883,4142,1,1,0.434294
2809,4095,1,1,0.434294
2486,2994,1,1,0.434294
1183,1361,1,1,0.434294
106,1314,1,1,0.434294
2819,3710,1,1,0.434294
331,3341,1,1,0.434294
231,4188,1,1,0.434294
296,2859,1,1,0.434294
345,662,1,1,0.434294
2667,6842,1,1,0.434294
3510,3766,1,1,0.434294
839,1641,1,1,0.434294
1850,2888,1,1,0.434294
2466,5748,1,1,0.434294
2718,6447,1,1,0.434294
1776,6643,1,1,0.434294
2326,5380,1,1,0.434294
53,1124,1,1,0.434294
1338,3710,1,1,0.434294
2970,3280,1,1,0.434294
1979,4406,1,1,0.434294
2417,3951,1,1,0.434294
4545,5515,1,1,0.434294
2240,3960,1,1,0.434294
479,1325,1,1,0.434294
876,5757,1,1,0.434294
2806,3999,1,1,0.434294
165,1178,1,1,0.434294
18,5953,1,1,0.434294
2326,5171,1,1,0.434294
1998,5515,1,1,0.434294
2201,4992,2,2,0.433704
973,6058,2,2,0.433704
123,782,2,2,0.433137
1709,4455,2,1,0.430627
1709,3686,2,1,0.430627
1709,5713,2,1,0.430627
770,6861,2,1,0.429742
3280,6231,1,1,0.417032
3280,6819,1,1,0.417032
747,6231,1,1,0.417032
747,3280,1,1,0.417032
1224,4443,1,1,0.417032
5068,5366,1,1,0.417032
6231,6819,1,1,0.417032
487,5133,1,1,0.417032
1199,3000,1,1,0.417032
2065,5812,1,1,0.417032
747,6819,1,1,0.417032
2439,4662,1,1,0.417032
903,4549,1,1,0.417032
1365,3290,1,1,0.417032
916,5121,1,1,0.417032
1031,3735,1,1,0.417032
512,797,1,1,0.417032
512,1365,1,1,0.417032
512,3290,1,1,0.417032
512,5863,1,1,0.417032
797,1365,1,1,0.417032
797,2822,1,1,0.417032
797,3290,1,1,0.417032
797,5863,1,1,0.417032
1365,2822,1,1,0.417032
1365,5863,1,1,0.417032
576,4824,1,1,0.417032
2822,3290,1,1,0.417032
2822,5863,1,1,0.417032
982,5582,1,1,0.417032
379,4040,1,1,0.417032
379,4995,1,1,0.417032
1968,2504,1,1,0.417032
3290,5863,1,1,0.417032
3075,4533,1,1,0.417032
370,6237,1,1,0.417032
4308,4662,1,1,0.417032
3707,4151,1,1,0.417032
1462,3942,1,1,0.417032
1792,1873,1,1,0.417032
1365,3465,1,1,0.417032
1928,3137,1,1,0.417032
356,1834,1,1,0.417032
345,3326,1,1,0.417032
4796,5217,1,1,0.417032
1849,5117,1,1,0.417032
828,1508,1,1,0.417032
2464,3366,1,1,0.417032
5257,5787,1,1,0.417032
4040,6523,1,1,0.417032
3570,6523,1,1,0.417032
3570,4040,1,1,0.417032
1246,3570,1,1,0.417032
2056,3414,1,1,0.417032
3111,3569,1,1,0.417032
3996,6099,1,1,0.417032
66,1231,1,1,0.417032
1372,1998,1,1,0.417032
556,1372,1,1,0.417032
992,1494,1,1,0.417032
1494,1614,1,1,0.417032
1224,3649,1,1,0.417032
1224,5068,1,1,0.417032
690,6857,1,1,0.417032
1224,5366,1,1,0.417032
3649,5068,1,1,0.417032
1747,1998,1,1,0.417032
666,2081,2,2,0.41264
2261,6123,2,2,0.410766
1059,2066,2,1,0.409601
2507,5067,2,2,0.409146
1389,4769,2,2,0.407441
3037,4318,2,1,0.405312
3105,4176,2,1,0.405312
5042,5344,2,2,0.403859
561,5344,2,1,0.402995
561,808,2,1,0.402995
390,1284,1,1,0.40243
1284,4668,1,1,0.40243
1616,3035,1,1,0.40243
2033,4835,1,1,0.40243
85,6419,1,1,0.40243
1246,5741,1,1,0.40243
4797,5931,1,1,0.40243
1284,4531,1,1,0.40243
1284,3035,1,1,0.40243
1284,1616,1,1,0.40243
1616,4531,1,1,0.40243
1392,2149,1,1,0.40243
1246,1482,1,1,0.40243
3019,3280,1,1,0.40243
5084,5183,1,1,0.40243
1616,4668,1,1,0.40243
2786,6665,1,1,0.40243
3035,4531,1,1,0.40243
575,3950,1,1,0.40243
1792,4179,1,1,0.40243
3035,4668,1,1,0.40243
4531,4668,1,1,0.40243
2714,3892,1,1,0.40243
122,1124,1,1,0.40243
1301,5011,1,1,0.40243
3734,6053,1,1,0.40243
426,1809,1,1,0.40243
3207,3224,1,1,0.40243
2691,2820,1,1,0.40243
4992,5788,1,1,0.40243
1145,1758,1,1,0.40243
830,5639,1,1,0.40243
985,4552,1,1,0.40243
3151,5782,1,1,0.40243
390,1616,1,1,0.40243
1224,3998,1,1,0.40243
485,1377,1,1,0.40243
390,3035,1,1,0.40243
252,2347,1,1,0.40243
4109,6443,1,1,0.40243
159,3051,1,1,0.40243
390,4531,1,1,0.40243
390,4668,1,1,0.40243
3710,4797,1,1,0.40243
4188,4545,1,1,0.40243
4188,6065,1,1,0.40243
4545,6065,1,1,0.40243
143,2344,1,1,0.40243
2363,6500,1,1,0.40243
413,5713,1,1,0.40243
187,764,1,1,0.40243
771,4121,1,1,0.40243
1809,2495,1,1,0.40243
3224,5016,1,1,0.40243
2541,2957,1,1,0.40243
426,2495,1,1,0.40243
30,4188,1,1,0.40243
1028,1708,1,1,0.40243
184,981,1,1,0.40243
3186,3740,1,1,0.40243
2486,5660,1,1,0.40243
4647,5551,2,2,0.398107
753,1178,2,1,0.395054
1178,6411,2,1,0.395054
1178,6062,2,1,0.395054
973,6411,2,1,0.395054
6058,6411,2,1,0.395054
3277,3901,2,1,0.395054
4413,5344,2,2,0.391891
1011,1625,2,1,0.3917
2137,5322,1,1,0.389871
561,5537,1,1,0.389871
561,4911,1,1,0.389871
561,664,1,1,0.389871
454,1801,1,1,0.389871
3924,4185,1,1,0.389871
401,414,1,1,0.389871
89,3412,1,1,0.389871
1197,4613,1,1,0.389871
414,561,1,1,0.389871
1465,3364,1,1,0.389871
664,5537,1,1,0.389871
454,764,1,1,0.389871
49,62,1,1,0.389871
49,84,1,1,0.389871
62,84,1,1,0.389871
664,4911,1,1,0.389871
53,1598,1,1,0.389871
4911,5537,1,1,0.389871
3167,5029,1,1,0.389871
122,381,2,1,0.389871
2578,3192,1,1,0.389871
626,2243,1,1,0.389871
1359,5515,1,1,0.389871
542,1318,1,1,0.389871
828,1318,1,1,0.389871
967,4824,1,1,0.389871
1083,3542,1,1,0.389871
1083,5036,1,1,0.389871
856,4482,1,1,0.389871
1120,4062,1,1,0.389871
2674,6090,1,1,0.389871
1671,4390,1,1,0.389871
1312,5598,1,1,0.389871
4281,6693,1,1,0.389871
1285,4845,1,1,0.389871
452,3945,1,1,0.389871
4179,4545,1,1,0.389871
1641,5103,1,1,0.389871
4,204,1,1,0.389871
465,5801,1,1,0.389871
2429,5827,1,1,0.389871
5801,6523,1,1,0.389871
824,6523,1,1,0.389871
824,5801,1,1,0.389871
577,6523,1,1,0.389871
577,5801,1,1,0.389871
577,824,1,1,0.389871
465,6523,1,1,0.389871
465,824,1,1,0.389871
1259,4188,1,1,0.389871
465,577,1,1,0.389871
1652,6680,1,1,0.389871
1202,6680,1,1,0.389871
1202,1652,1,1,0.389871
498,5165,1,1,0.389871
6509,6647,1,1,0.389871
3249,6647,1,1,0.389871
3249,6509,1,1,0.389871
1199,5827,1,1,0.389871
1199,2429,1,1,0.389871
5241,6482,1,1,0.389871
494,6784,1,1,0.389871
187,1128,1,1,0.389871
380,3654,1,1,0.389871
4016,4713,1,1,0.389871
2606,6267,1,1,0.389871
1465,2367,1,1,0.389871
53,195,1,1,0.389871
53,776,1,1,0.389871
53,5639,1,1,0.389871
195,776,1,1,0.389871
195,1598,1,1,0.389871
195,5639,1,1,0.389871
776,5639,1,1,0.389871
1598,5639,1,1,0.389871
1263,1651,1,1,0.389871
1211,4765,1,1,0.389871
653,2120,1,1,0.389871
475,4956,1,1,0.389871
381,1759,1,1,0.389871
226,5641,1,1,0.389871
2893,6714,1,1,0.389871
1226,4713,1,1,0.389871
1059,6099,1,1,0.389871
824,2546,1,1,0.389871
2503,3146,1,1,0.389871
356,2779,1,1,0.389871
1553,1847,1,1,0.389871
1895,2579,1,1,0.389871
1812,2441,1,1,0.389871
701,2441,2,1,0.389423
3616,4955,2,1,0.389423
5807,6506,2,2,0.384053
3903,5026,2,1,0.383116
2679,5326,1,1,0.378923
3774,4563,1,1,0.378923
3204,3998,1,1,0.378923
3892,4009,1,1,0.378923
168,5258,1,1,0.378923
168,3806,1,1,0.378923
673,3204,1,1,0.378923
1459,2679,1,1,0.378923
936,3802,1,1,0.378923
464,1059,1,1,0.378923
1641,1738,1,1,0.378923
225,5225,1,1,0.378923
1459,4121,1,1,0.378923
4467,5536,1,1,0.378923
276,4512,1,1,0.378923
4442,4748,1,1,0.378923
2615,6865,1,1,0.378923
73,5228,1,1,0.378923
2961,3553,1,1,0.378923
2320,5522,1,1,0.378923
830,4552,1,1,0.378923
161,2156,1,1,0.378923
97,618,1,1,0.378923
2009,5967,1,1,0.378923
3718,3924,1,1,0.378923
1007,2189,1,1,0.378923
553,5237,1,1,0.378923
3214,3859,1,1,0.378923
140,5225,1,1,0.378923
184,5774,1,1,0.378923
168,697,1,1,0.378923
697,3806,1,1,0.378923
3806,5258,1,1,0.378923
2719,5171,1,1,0.378923
998,5258,1,1,0.378923
1826,2340,1,1,0.378923
325,4125,1,1,0.378923
3465,5166,1,1,0.378923
1747,3531,1,1,0.378923
998,3806,1,1,0.378923
697,5258,1,1,0.378923
112,720,1,1,0.378923
354,3221,1,1,0.378923
720,2701,1,1,0.378923
1692,3797,1,1,0.378923
1604,5573,1,1,0.378923
2371,6387,1,1,0.378923
697,998,1,1,0.378923
854,3163,2,2,0.373956
498,3212,1,1,0.369269
1895,5752,1,1,0.369269
1192,1501,1,1,0.369269
1482,3623,1,1,0.369269
2594,5940,1,1,0.369269
4498,5717,1,1,0.369269
689,1192,1,1,0.369269
689,1501,1,1,0.369269
4029,6591,1,1,0.369269
689,1968,1,1,0.369269
689,4413,1,1,0.369269
1519,6693,1,1,0.369269
1501,1968,1,1,0.369269
1192,1968,1,1,0.369269
1192,4413,1,1,0.369269
1026,4151,1,1,0.369269
302,5441,1,1,0.369269
2665,6714,1,1,0.369269
832,1019,1,1,0.369269
1227,6317,1,1,0.369269
822,4166,1,1,0.369269
4181,4318,1,1,0.369269
2367,2771,1,1,0.369269
442,2367,1,1,0.369269
4040,4934,1,1,0.369269
1465,5940,1,1,0.369269
439,1873,1,1,0.369269
3571,3623,1,1,0.369269
4148,6636,1,1,0.369269
329,2165,1,1,0.369269
4151,4347,1,1,0.369269
4445,6251,1,1,0.369269
3111,6251,1,1,0.369269
3111,4445,1,1,0.369269
1501,4413,1,1,0.369269
93,914,1,1,0.369269
1895,5036,1,1,0.369269
2999,4800,1,1,0.369269
4912,5817,1,1,0.369269
1377,5699,1,1,0.369269
1923,3316,1,1,0.369269
2189,6551,1,1,0.369269
2168,6551,1,1,0.369269
6099,6819,1,1,0.369269
3437,4980,1,1,0.369269
91,4043,1,1,0.369269
1756,6888,1,1,0.369269
285,965,1,1,0.369269
285,1307,1,1,0.369269
285,1625,1,1,0.369269
965,1307,1,1,0.369269
965,1625,1,1,0.369269
1307,1625,1,1,0.369269
5638,6100,1,1,0.369269
1014,2827,1,1,0.369269
3721,4912,1,1,0.369269
2637,3799,1,1,0.369269
3721,5817,1,1,0.369269
2211,4258,1,1,0.360674
2456,3509,1,1,0.360674
1821,2456,1,1,0.360674
494,4512,1,1,0.360674
1968,6334,1,1,0.360674
4413,6334,1,1,0.360674
1641,2808,1,1,0.360674
2808,5068,1,1,0.360674
3134,5151,1,1,0.360674
1641,3397,1,1,0.360674
530,4166,1,1,0.360674
2581,4531,1,1,0.360674
181,3027,1,1,0.360674
1335,3737,1,1,0.360674
89,1335,1,1,0.360674
2581,3919,1,1,0.360674
889,4531,1,1,0.360674
112,3069,1,1,0.360674
1641,4512,1,1,0.360674
2456,5442,1,1,0.360674
977,3453,1,1,0.360674
623,6099,1,1,0.360674
381,5929,1,1,0.360674
5003,5317,1,1,0.360674
2924,6083,1,1,0.360674
1643,5003,1,1,0.360674
66,4354,1,1,0.360674
1280,5362,1,1,0.360674
317,1947,1,1,0.360674
494,1641,1,1,0.360674
123,1828,1,1,0.360674
1202,2720,1,1,0.360674
1372,2465,1,1,0.360674
1202,1742,1,1,0.360674
1096,6001,1,1,0.360674
494,2808,1,1,0.360674
1825,3019,1,1,0.360674
2389,2581,1,1,0.360674
1537,5046,1,1,0.360674
494,3397,1,1,0.360674
912,2924,1,1,0.360674
992,2465,1,1,0.360674
561,2022,1,1,0.360674
2808,3397,1,1,0.360674
161,2581,1,1,0.360674
3509,4662,1,1,0.360674
4662,5442,1,1,0.360674
2312,3851,1,1,0.360674
799,2704,1,1,0.360674
1643,2486,1,1,0.360674
3851,6551,1,1,0.360674
230,982,1,1,0.360674
48,3570,1,1,0.360674
1206,3935,1,1,0.360674
782,1007,1,1,0.360674
195,1365,1,1,0.360674
998,5757,1,1,0.360674
195,5103,1,1,0.360674
1365,5103,1,1,0.360674
161,889,1,1,0.360674
2109,4662,1,1,0.360674
141,5774,1,1,0.360674
161,4531,1,1,0.360674
2808,4512,1,1,0.360674
3397,4512,1,1,0.360674
4073,6458,1,1,0.360674
2335,3044,1,1,0.360674
475,1877,1,1,0.360674
534,1211,1,1,0.360674
1695,6267,2,1,0.360674
1721,3515,1,1,0.360674
889,2581,1,1,0.360674
1276,2504,2,1,0.353172
1130,2165,2,1,0.353172
2165,3960,2,1,0.353172
2347,5531,2,1,0.353172
796,6409,1,1,0.352956
4467,6099,1,1,0.352956
4308,5892,1,1,0.352956
313,5225,1,1,0.352956
1311,3671,1,1,0.352956
5212,6805,1,1,0.352956
4029,4467,1,1,0.352956
300,786,1,1,0.352956
4839,4971,1,1,0.352956
1911,6693,1,1,0.352956
1426,2849,1,1,0.352956
33,827,1,1,0.352956
2111,4738,1,1,0.352956
3460,3766,1,1,0.352956
814,2679,1,1,0.352956
3,1128,1,1,0.352956
562,3685,1,1,0.352956
1878,3766,1,1,0.352956
442,2185,1,1,0.352956
1878,3460,1,1,0.352956
786,6224,1,1,0.352956
1097,3453,1,1,0.352956
1286,5463,1,1,0.352956
200,6439,1,1,0.352956
239,2668,1,1,0.352956
1186,2983,1,1,0.352956
243,2185,1,1,0.352956
117,1469,1,1,0.352956
2973,6397,1,1,0.352956
1426,4631,1,1,0.352956
1096,5765,1,1,0.352956
4976,5765,1,1,0.352956
883,3770,1,1,0.352956
152,486,1,1,0.352956
137,486,1,1,0.352956
3654,5084,1,1,0.352956
2165,6500,1,1,0.352956
5075,6806,1,1,0.352956
912,1069,1,1,0.352956
708,3515,1,1,0.352956
2815,6574,1,1,0.352956
5385,5463,1,1,0.352956
475,566,1,1,0.352956
475,1892,1,1,0.352956
566,1892,1,1,0.352956
566,4318,1,1,0.352956
1892,4318,1,1,0.352956
1773,1892,1,1,0.352956
1051,3109,1,1,0.352956
3533,4387,1,1,0.352956
1145,1167,1,1,0.352956
925,4368,1,1,0.352956
186,3247,1,1,0.352956
161,6334,1,1,0.352956
2293,4475,1,1,0.352956
2312,4662,1,1,0.352956
2027,5442,1,1,0.352956
475,2926,1,1,0.352956
498,2165,2,1,0.350645
498,3960,2,1,0.350645
2558,2899,2,2,0.346095
814,3272,1,1,0.345976
896,1083,1,1,0.345976
2216,4231,1,1,0.345976
3737,4733,1,1,0.345976
780,3874,1,1,0.345976
1116,2056,1,1,0.345976
1773,4318,1,1,0.345976
2868,4918,1,1,0.345976
1344,1459,1,1,0.345976
311,4955,1,1,0.345976
566,4009,1,1,0.345976
1512,2914,1,1,0.345976
225,467,1,1,0.345976
2690,4025,1,1,0.345976
1821,4186,1,1,0.345976
1621,5714,1,1,0.345976
467,4512,1,1,0.345976
467,5165,1,1,0.345976
4512,5165,1,1,0.345976
4025,6566,1,1,0.345976
2701,4796,1,1,0.345976
883,3806,1,1,0.345976
1682,3945,1,1,0.345976
6130,6731,1,1,0.345976
62,3945,1,1,0.345976
1299,3075,1,1,0.345976
577,965,1,1,0.345976
1299,6266,1,1,0.345976
3644,3945,1,1,0.345976
577,865,1,1,0.345976
1877,4166,1,1,0.345976
3945,4009,1,1,0.345976
3075,3945,1,1,0.345976
1341,1535,1,1,0.345976
1341,1561,1,1,0.345976
1535,1561,1,1,0.345976
899,2664,1,1,0.345976
865,2542,1,1,0.345976
3402,3535,1,1,0.345976
3737,5329,1,1,0.345976
475,6310,1,1,0.345976
3075,3359,1,1,0.345976
159,1858,1,1,0.345976
1858,3945,1,1,0.345976
1543,3931,1,1,0.345976
407,621,1,1,0.345976
896,1892,1,1,0.345976
1910,5405,1,1,0.345976
2957,3228,1,1,0.345976
982,3359,1,1,0.345976
2828,5298,1,1,0.345976
475,896,1,1,0.345976
720,6208,1,1,0.345976
503,6512,1,1,0.345976
2536,4934,1,1,0.345976
404,3900,1,1,0.345976
2383,5003,1,1,0.345976
503,720,1,1,0.345976
503,942,1,1,0.345976
503,2383,1,1,0.345976
503,5003,1,1,0.345976
503,6208,1,1,0.345976
720,2383,1,1,0.345976
720,942,1,1,0.345976
4308,6512,1,1,0.345976
404,5036,1,1,0.345976
3900,5036,1,1,0.345976
1754,2999,1,1,0.345976
1826,3820,1,1,0.345976
299,6597,1,1,0.345976
5003,6208,1,1,0.345976
311,864,1,1,0.345976
2027,6512,1,1,0.345976
2027,4308,1,1,0.345976
529,6806,1,1,0.345976
311,6806,1,1,0.345976
1910,6509,1,1,0.345976
311,529,1,1,0.345976
1365,6310,1,1,0.345976
942,2383,1,1,0.345976
942,6208,1,1,0.345976
4467,6208,1,1,0.345976
942,5003,1,1,0.345976
2383,6208,1,1,0.345976
503,4308,1,1,0.345976
2027,6100,1,1,0.345976
503,2027,1,1,0.345976
140,3744,2,2,0.345914
1344,1533,1,1,0.339623
3544,5660,1,1,0.339623
3544,6597,1,1,0.339623
2859,2886,1,1,0.339623
5660,6597,1,1,0.339623
315,501,1,1,0.339623
4040,5285,1,1,0.339623
1741,3661,1,1,0.339623
1246,5285,1,1,0.339623
301,501,1,1,0.339623
301,315,1,1,0.339623
2696,6597,1,1,0.339623
779,2497,1,1,0.339623
2696,5660,1,1,0.339623
2696,3544,1,1,0.339623
2696,6439,1,1,0.339623
1083,5833,1,1,0.339623
2878,5139,1,1,0.339623
3268,4427,1,1,0.339623
404,1096,1,1,0.339623
2849,5858,1,1,0.339623
1325,6387,1,1,0.339623
580,1816,1,1,0.339623
4971,6072,1,1,0.339623
3362,4019,1,1,0.339623
3721,5606,1,1,0.339623
1821,3924,1,1,0.339623
1202,3697,1,1,0.339623
6224,6690,1,1,0.339623
4478,6224,1,1,0.339623
556,6690,1,1,0.339623
556,6224,1,1,0.339623
556,4478,1,1,0.339623
1198,4631,1,1,0.339623
4717,5831,1,1,0.339623
2576,5757,1,1,0.339623
1527,5217,1,1,0.339623
1917,3971,1,1,0.339623
301,885,1,1,0.339623
2992,6518,1,1,0.339623
3787,5463,1,1,0.339623
1913,6517,1,1,0.339623
818,6517,1,1,0.339623
818,1913,1,1,0.339623
272,6517,1,1,0.339623
272,1913,1,1,0.339623
272,818,1,1,0.339623
2431,6621,1,1,0.339623
2431,3045,1,1,0.339623
1594,4023,1,1,0.339623
1267,6215,1,1,0.339623
4478,6690,1,1,0.339623
2827,4478,1,1,0.339623
2611,4478,1,1,0.339623
1242,6439,1,1,0.339623
2647,5536,1,1,0.339623
1459,5536,1,1,0.339623
1459,2647,1,1,0.339623
5183,6224,1,1,0.339623
2811,3224,1,1,0.339623
441,2324,1,1,0.339623
102,2227,1,1,0.339623
2227,5684,1,1,0.339623
899,1514,1,1,0.339623
2674,4631,1,1,0.339623
1242,2696,1,1,0.339623
2611,2827,1,1,0.339623
1641,4478,1,1,0.339623
1641,2827,1,1,0.339623
1641,2611,1,1,0.339623
2393,4388,1,1,0.339623
1465,4388,1,1,0.339623
1465,2393,1,1,0.339623
3204,3208,1,1,0.339623
1185,6185,2,1,0.338364
3699,6387,2,1,0.338364
320,6093,2,2,0.334821
3935,4995,1,1,0.333808
528,2070,1,1,0.333808
369,5437,1,1,0.333808
4105,6482,1,1,0.333808
2970,3273,1,1,0.333808
3280,3640,1,1,0.333808
1439,5442,1,1,0.333808
3939,4662,1,1,0.333808
311,856,1,1,0.333808
993,5065,1,1,0.333808
1525,5065,1,1,0.333808
4835,5988,1,1,0.333808
4662,6085,1,1,0.333808
3939,6085,1,1,0.333808
5856,6023,1,1,0.333808
1439,3509,1,1,0.333808
2999,6512,1,1,0.333808
2611,4696,1,1,0.333808
141,5863,1,1,0.333808
141,5298,1,1,0.333808
4594,5217,1,1,0.333808
1825,2137,1,1,0.333808
1525,1543,1,1,0.333808
276,1543,1,1,0.333808
276,1525,1,1,0.333808
4023,5003,1,1,0.333808
4023,5442,1,1,0.333808
5003,5442,1,1,0.333808
3280,4839,1,1,0.333808
3640,4839,1,1,0.333808
48,1439,1,1,0.333808
48,3186,1,1,0.333808
48,3509,1,1,0.333808
48,5442,1,1,0.333808
800,1439,1,1,0.333808
800,3186,1,1,0.333808
800,3509,1,1,0.333808
800,5442,1,1,0.333808
1439,3186,1,1,0.333808
993,1525,1,1,0.333808
1299,2185,1,1,0.333808
311,6099,1,1,0.333808
3280,5063,1,1,0.333808
2189,6099,1,1,0.333808
97,527,1,1,0.333808
856,6099,1,1,0.333808
856,2189,1,1,0.333808
3186,5442,1,1,0.333808
3186,3509,1,1,0.333808
311,2189,1,1,0.333808
1608,3081,1,1,0.333808
1325,3280,1,1,0.333808
1325,5063,1,1,0.333808
2168,2687,1,1,0.333808
2168,3280,1,1,0.333808
2687,3280,1,1,0.333808
1325,2168,1,1,0.333808
2687,5063,1,1,0.333808
1608,6415,1,1,0.333808
1608,6811,1,1,0.333808
6052,6294,1,1,0.333808
561,4234,1,1,0.333808
6415,6811,1,1,0.333808
561,6788,1,1,0.333808
4234,6788,1,1,0.333808
3081,6811,1,1,0.333808
6052,6811,1,1,0.333808
172,800,1,1,0.333808
3081,6415,1,1,0.333808
6294,6811,1,1,0.333808
1325,2687,1,1,0.333808
889,3935,1,1,0.328459
889,4025,1,1,0.328459
1211,5068,1,1,0.328459
501,5110,1,1,0.328459
889,2611,1,1,0.328459
889,1796,1,1,0.328459
501,6331,1,1,0.328459
301,5377,1,1,0.328459
3192,3824,1,1,0.328459
799,2347,1,1,0.328459
588,6339,1,1,0.328459
889,6269,1,1,0.328459
5512,6267,1,1,0.328459
27,1350,1,1,0.328459
153,2868,1,1,0.328459
1096,4390,1,1,0.328459
800,1318,1,1,0.328459
889,4553,1,1,0.328459
2701,5579,1,1,0.328459
889,6633,1,1,0.328459
6187,6390,1,1,0.328459
4025,4553,1,1,0.328459
4025,6269,1,1,0.328459
4025,6633,1,1,0.328459
4553,6269,1,1,0.328459
4553,6633,1,1,0.328459
626,5757,1,1,0.328459
1226,2495,1,1,0.328459
1135,3214,1,1,0.328459
1052,2347,1,1,0.328459
4029,5579,1,1,0.328459
6269,6633,1,1,0.328459
673,2015,1,1,0.328459
1389,3364,1,1,0.328459
673,3836,1,1,0.328459
673,5721,1,1,0.328459
2015,3836,1,1,0.328459
2015,5721,1,1,0.328459
3836,5721,1,1,0.328459
3935,6633,1,1,0.328459
69,4025,1,1,0.328459
2081,2344,1,1,0.328459
3935,6269,1,1,0.328459
2701,4029,1,1,0.328459
2795,3818,1,1,0.328459
2618,2621,1,1,0.328459
1796,2611,1,1,0.328459
1796,3935,1,1,0.328459
1796,4025,1,1,0.328459
1796,4553,1,1,0.328459
1796,6269,1,1,0.328459
1130,1598,1,1,0.328459
1796,6633,1,1,0.328459
2611,3935,1,1,0.328459
2611,4025,1,1,0.328459
2611,4553,1,1,0.328459
2611,6269,1,1,0.328459
2611,6633,1,1,0.328459
3935,4025,1,1,0.328459
3935,4553,1,1,0.328459
1318,2312,1,1,0.328459
982,4478,1,1,0.328459
3658,6331,1,1,0.328459
2324,3658,1,1,0.328459
479,4971,1,1,0.328459
3658,5110,1,1,0.328459
2324,6331,1,1,0.328459
48,59,1,1,0.328459
301,1725,1,1,0.328459
90,1725,1,1,0.328459
3816,6715,1,1,0.328459
90,301,1,1,0.328459
48,1725,1,1,0.328459
48,301,1,1,0.328459
2034,3026,1,1,0.328459
48,2324,1,1,0.328459
48,90,1,1,0.328459
48,5110,1,1,0.328459
48,3658,1,1,0.328459
2324,5110,1,1,0.328459
501,3658,1,1,0.328459
501,2324,1,1,0.328459
48,6331,1,1,0.328459
822,1936,1,1,0.328459
1725,2701,1,1,0.328459
5110,6331,1,1,0.328459
3702,6225,1,1,0.328459
701,6805,1,1,0.323515
701,3401,1,1,0.323515
1398,3401,1,1,0.323515
448,3782,1,1,0.323515
2382,2606,1,1,0.323515
701,1398,1,1,0.323515
2382,5421,1,1,0.323515
63,651,1,1,0.323515
1392,1991,1,1,0.323515
3768,6067,1,1,0.323515
2606,5421,1,1,0.323515
4302,5151,1,1,0.323515
1398,6805,1,1,0.323515
457,4443,1,1,0.323515
93,454,1,1,0.323515
93,4016,1,1,0.323515
454,4016,1,1,0.323515
275,3397,1,1,0.323515
1445,1482,1,1,0.323515
782,2866,1,1,0.323515
2866,4010,1,1,0.323515
3401,6805,1,1,0.323515
1621,2718,1,1,0.323515
1536,3075,1,1,0.323515
1320,6213,1,1,0.323515
1991,2051,1,1,0.323515
1392,2051,1,1,0.323515
4606,6331,1,1,0.323515
2606,6331,1,1,0.323515
2606,4606,1,1,0.323515
1007,6331,1,1,0.323515
1007,4606,1,1,0.323515
1007,2606,1,1,0.323515
3141,6331,1,1,0.323515
2618,5368,1,1,0.323515
4912,6331,1,1,0.323515
907,3280,1,1,0.323515
1325,3100,1,1,0.323515
4102,4697,1,1,0.323515
2268,5713,1,1,0.323515
2410,6693,1,1,0.323515
5145,6714,1,1,0.323515
1543,3203,1,1,0.323515
299,4102,1,1,0.323515
299,4697,1,1,0.323515
4023,5036,1,1,0.323515
3983,4426,1,1,0.323515
3,6693,1,1,0.323515
2808,3256,1,1,0.323515
3141,4912,1,1,0.323515
888,1023,1,1,0.323515
2537,5641,2,1,0.322239
2537,5453,2,1,0.322239
817,1833,1,1,0.318929
454,621,1,1,0.318929
2027,4796,1,1,0.318929
48,4839,1,1,0.318929
501,817,1,1,0.318929
1370,3949,1,1,0.318929
5067,6239,1,1,0.318929
48,1833,1,1,0.318929
529,3640,1,1,0.318929
1821,4796,1,1,0.318929
501,907,1,1,0.318929
4796,5326,1,1,0.318929
256,5834,1,1,0.318929
48,907,1,1,0.318929
2043,5054,1,1,0.318929
63,925,1,1,0.318929
122,3998,1,1,0.318929
3702,4971,1,1,0.318929
184,3924,1,1,0.318929
491,3998,1,1,0.318929
1833,4839,1,1,0.318929
529,623,1,1,0.318929
907,4839,1,1,0.318929
529,3509,1,1,0.318929
275,916,1,1,0.318929
48,817,1,1,0.318929
4029,6239,1,1,0.318929
529,5442,1,1,0.318929
925,3477,1,1,0.318929
1821,2027,1,1,0.318929
1821,5326,1,1,0.318929
907,1833,1,1,0.318929
161,449,1,1,0.318929
194,2312,1,1,0.318929
4023,4467,1,1,0.318929
4023,5714,1,1,0.318929
2001,3685,1,1,0.318929
4467,5714,1,1,0.318929
122,491,1,1,0.318929
256,6227,1,1,0.318929
69,1167,1,1,0.318929
1376,4741,1,1,0.318929
501,4839,1,1,0.318929
1125,4025,1,1,0.318929
69,527,1,1,0.318929
69,1968,1,1,0.318929
817,907,1,1,0.318929
527,1968,1,1,0.318929
98,132,1,1,0.318929
3640,5442,1,1,0.318929
3509,3640,1,1,0.318929
623,3509,1,1,0.318929
2168,5638,1,1,0.318929
914,2316,1,1,0.318929
1621,3544,1,1,0.318929
501,1833,1,1,0.318929
666,2797,1,1,0.318929
2540,4995,1,1,0.318929
2701,3544,1,1,0.318929
623,3640,1,1,0.318929
817,4839,1,1,0.318929
0,69,1,1,0.318929
623,5442,1,1,0.318929
768,6387,2,2,0.315165
1459,3510,1,1,0.314658
311,6597,1,1,0.314658
2348,4496,1,1,0.314658
729,2348,1,1,0.314658
72,2348,1,1,0.314658
72,4496,1,1,0.314658
757,3146,1,1,0.314658
296,3510,1,1,0.314658
311,3510,1,1,0.314658
311,1459,1,1,0.314658
296,6597,1,1,0.314658
296,5033,1,1,0.314658
1878,2859,1,1,0.314658
296,1459,1,1,0.314658
3965,5578,1,1,0.314658
1028,4502,1,1,0.314658
296,311,1,1,0.314658
1564,4293,1,1,0.314658
1878,2486,1,1,0.314658
296,4293,1,1,0.314658
296,1564,1,1,0.314658
296,6100,1,1,0.314658
2862,5240,1,1,0.314658
1734,3826,1,1,0.314658
1459,6597,1,1,0.314658
200,2058,1,1,0.314658
982,2862,1,1,0.314658
1182,2519,1,1,0.314658
1325,2519,1,1,0.314658
1543,4832,1,1,0.314658
380,3649,1,1,0.314658
296,576,1,1,0.314658
576,3799,1,1,0.314658
2058,5326,1,1,0.314658
369,1377,1,1,0.314658
200,5326,1,1,0.314658
1469,2028,1,1,0.314658
165,627,1,1,0.314658
380,5366,1,1,0.314658
2563,3065,1,1,0.314658
1676,1773,1,1,0.314658
576,6100,1,1,0.314658
2486,6331,1,1,0.314658
1564,6100,1,1,0.314658
4293,6100,1,1,0.314658
3172,6141,1,1,0.314658
576,4293,1,1,0.314658
406,5812,1,1,0.314658
576,1564,1,1,0.314658
754,3221,1,1,0.314658
2999,3640,1,1,0.314658
1812,4662,1,1,0.314658
123,848,1,1,0.314658
1155,3779,1,1,0.310667
626,6065,1,1,0.310667
1935,4008,1,1,0.310667
626,1682,1,1,0.310667
1682,6065,1,1,0.310667
404,3401,1,1,0.310667
301,3401,1,1,0.310667
1682,1826,1,1,0.310667
1155,6665,1,1,0.310667
3900,4008,1,1,0.310667
3020,3591,1,1,0.310667
2723,4631,1,1,0.310667
1935,3900,1,1,0.310667
315,2324,1,1,0.310667
1398,5349,1,1,0.310667
27,1506,1,1,0.310667
1590,3401,1,1,0.310667
4029,6219,1,1,0.310667
577,1670,1,1,0.310667
1192,5103,1,1,0.310667
1052,5103,1,1,0.310667
1052,1192,1,1,0.310667
993,3026,1,1,0.310667
141,1285,1,1,0.310667
715,1345,1,1,0.310667
865,2117,1,1,0.310667
5802,6213,1,1,0.310667
1764,5791,1,1,0.310667
4290,4664,1,1,0.310667
301,404,1,1,0.310667
3779,4148,1,1,0.310667
3779,6665,1,1,0.310667
457,5081,1,1,0.310667
524,3128,1,1,0.310667
4977,4980,1,1,0.310667
843,1493,2,1,0.308713
140,2165,2,1,0.308713
140,3421,2,1,0.308713
140,1493,2,1,0.308713
808,1493,2,1,0.308713
529,6450,1,1,0.306928
1762,6477,1,1,0.306928
4056,6415,1,1,0.306928
4056,6477,1,1,0.306928
1629,2740,1,1,0.306928
2563,3119,1,1,0.306928
6415,6477,1,1,0.306928
2563,5237,1,1,0.306928
1762,6415,1,1,0.306928
540,1213,1,1,0.306928
1233,1871,1,1,0.306928
296,2741,1,1,0.306928
3570,4045,1,1,0.306928
1762,4056,1,1,0.306928
993,2866,1,1,0.306928
1233,4530,1,1,0.306928
1009,4839,1,1,0.306928
1393,3112,1,1,0.306928
3119,4025,1,1,0.306928
2486,5063,1,1,0.306928
4839,5063,1,1,0.306928
2701,5063,1,1,0.306928
1871,4142,1,1,0.306928
1871,4294,1,1,0.306928
4142,4294,1,1,0.306928
3569,3919,1,1,0.306928
448,475,1,1,0.306928
3167,6099,1,1,0.306928
2563,6083,1,1,0.306928
1858,3826,1,1,0.306928
3119,5237,1,1,0.306928
2464,6310,1,1,0.306928
1533,5217,1,1,0.306928
1533,4839,1,1,0.306928
827,5225,1,1,0.306928
5237,6083,1,1,0.306928
4025,6083,1,1,0.306928
4025,5237,1,1,0.306928
4839,5217,1,1,0.306928
3119,6083,1,1,0.306928
2999,4594,1,1,0.306928
1734,5440,1,1,0.306928
2259,4545,1,1,0.303413
907,3289,1,1,0.303413
2690,3141,1,1,0.303413
1685,2808,1,1,0.303413
1685,6574,1,1,0.303413
356,3910,1,1,0.303413
356,4228,1,1,0.303413
149,1670,1,1,0.303413
501,6467,1,1,0.303413
149,273,1,1,0.303413
149,1233,1,1,0.303413
627,3910,1,1,0.303413
273,1233,1,1,0.303413
273,1670,1,1,0.303413
1233,1670,1,1,0.303413
742,1211,1,1,0.303413
742,6457,1,1,0.303413
1211,6457,1,1,0.303413
824,4179,1,1,0.303413
1192,2808,1,1,0.303413
1759,4545,1,1,0.303413
1554,4832,1,1,0.303413
152,2690,1,1,0.303413
824,2846,1,1,0.303413
564,3207,1,1,0.303413
3141,5405,1,1,0.303413
3,192,1,1,0.303413
3757,5405,1,1,0.303413
627,2259,1,1,0.303413
2259,2846,1,1,0.303413
3396,3919,1,1,0.303413
1506,4228,1,1,0.303413
2704,6083,1,1,0.303413
2299,6083,1,1,0.303413
3141,3757,1,1,0.303413
1506,1759,1,1,0.303413
1506,3910,1,1,0.303413
152,561,1,1,0.303413
1506,2846,1,1,0.303413
152,1762,1,1,0.303413
2690,5405,1,1,0.303413
1762,3757,1,1,0.303413
2690,3757,1,1,0.303413
627,4545,1,1,0.303413
152,3141,1,1,0.303413
1192,1685,1,1,0.303413
356,2846,1,1,0.303413
66,3910,1,1,0.303413
356,1759,1,1,0.303413
627,2846,1,1,0.303413
1695,5713,1,1,0.303413
1695,2764,1,1,0.303413
341,5713,1,1,0.303413
341,2764,1,1,0.303413
561,3141,1,1,0.303413
3883,6331,1,1,0.303413
1762,3141,1,1,0.303413
2846,4228,1,1,0.303413
561,3757,1,1,0.303413
311,6447,1,1,0.303413
1762,5405,1,1,0.303413
1759,2259,1,1,0.303413
3910,4228,1,1,0.303413
561,5405,1,1,0.303413
627,1759,1,1,0.303413
34,454,1,1,0.303413
3910,4545,1,1,0.303413
2846,4545,1,1,0.303413
34,414,1,1,0.303413
1778,2986,1,1,0.303413
2668,3032,1,1,0.303413
356,1506,1,1,0.303413
561,2690,1,1,0.303413
561,1762,1,1,0.303413
478,1600,1,1,0.303413
66,4228,1,1,0.303413
1762,2690,1,1,0.303413
66,2846,1,1,0.303413
66,1759,1,1,0.303413
2299,2704,1,1,0.303413
152,3757,1,1,0.303413
66,1506,1,1,0.303413
2259,3910,1,1,0.303413
152,5405,1,1,0.303413
1759,4228,1,1,0.303413
1192,6574,1,1,0.303413
2846,4179,1,1,0.303413
3050,4222,1,1,0.303413
66,356,1,1,0.303413
1426,1976,1,1,0.300102
2168,2696,1,1,0.300102
1643,4594,1,1,0.300102
2696,6215,1,1,0.300102
260,2598,1,1,0.300102
4264,5884,1,1,0.300102
260,1344,1,1,0.300102
1344,2598,1,1,0.300102
2168,6215,1,1,0.300102
1183,1582,1,1,0.300102
1533,5132,1,1,0.300102
3113,4941,1,1,0.300102
1734,4478,1,1,0.300102
1734,5940,1,1,0.300102
1083,4302,1,1,0.300102
2393,3513,1,1,0.300102
239,690,1,1,0.300102
3272,5536,1,1,0.300102
3113,5623,1,1,0.300102
2704,5623,1,1,0.300102
117,1670,1,1,0.300102
2704,4941,1,1,0.300102
2704,3113,1,1,0.300102
2393,4478,1,1,0.300102
2393,5940,1,1,0.300102
3513,4478,1,1,0.300102
800,1252,1,1,0.300102
3513,5940,1,1,0.300102
1734,3513,1,1,0.300102
4941,5623,1,1,0.300102
1734,2393,1,1,0.300102
1670,5940,1,1,0.300102
117,2393,1,1,0.300102
117,3513,1,1,0.300102
117,4478,1,1,0.300102
117,5940,1,1,0.300102
1263,1670,1,1,0.300102
1263,1734,1,1,0.300102
1263,2393,1,1,0.300102
1263,3513,1,1,0.300102
1263,4478,1,1,0.300102
1263,5940,1,1,0.300102
117,1263,1,1,0.300102
1670,1734,1,1,0.300102
1670,2393,1,1,0.300102
1670,3513,1,1,0.300102
1670,4478,1,1,0.300102
1192,5623,1,1,0.300102
4478,5940,1,1,0.300102
1225,1501,1,1,0.300102
1839,2225,1,1,0.300102
2168,2519,1,1,0.300102
730,967,1,1,0.300102
89,4941,1,1,0.300102
1690,2280,1,1,0.300102
673,2635,1,1,0.300102
3799,6225,1,1,0.300102
2225,4240,1,1,0.300102
3493,4443,1,1,0.300102
2225,4274,1,1,0.300102
1839,6571,1,1,0.300102
1007,2225,1,1,0.300102
89,3113,1,1,0.300102
89,2704,1,1,0.300102
89,1192,1,1,0.300102
5090,5123,1,1,0.300102
2565,5123,1,1,0.300102
2565,5090,1,1,0.300102
1368,2043,1,1,0.300102
4443,6555,1,1,0.300102
1192,4941,1,1,0.300102
1192,3113,1,1,0.300102
1192,2704,1,1,0.300102
89,5623,1,1,0.300102
1734,3224,1,1,0.300102
2486,4029,1,1,0.300102
3869,6633,1,1,0.300102
1372,5366,1,1,0.300102
3280,4971,1,1,0.300102
2196,2509,1,1,0.300102
454,1734,1,1,0.300102
454,3224,1,1,0.300102
117,1734,1,1,0.300102
2347,4025,2,2,0.298955
118,4502,1,1,0.296974
1211,4918,1,1,0.296974
947,3874,1,1,0.296974
1025,2001,1,1,0.296974
2908,5136,1,1,0.296974
69,947,1,1,0.296974
2002,2489,1,1,0.296974
69,195,1,1,0.296974
423,1634,1,1,0.296974
54,4102,1,1,0.296974
799,925,1,1,0.296974
930,1369,1,1,0.296974
2761,3548,1,1,0.296974
3685,4738,1,1,0.296974
963,3924,1,1,0.296974
754,4102,1,1,0.296974
3806,5405,1,1,0.296974
1457,5405,1,1,0.296974
1457,3806,1,1,0.296974
814,3167,1,1,0.296974
195,3874,1,1,0.296974
993,2185,1,1,0.296974
195,947,1,1,0.296974
3836,5090,1,1,0.296974
512,1097,1,1,0.296974
54,562,1,1,0.296974
4016,4668,1,1,0.296974
3109,5895,1,1,0.296974
690,925,1,1,0.296974
3998,5258,1,1,0.296974
3735,6482,1,1,0.296974
1097,2185,1,1,0.296974
679,1097,1,1,0.296974
3836,4531,1,1,0.296974
69,3874,1,1,0.296974
394,6645,1,1,0.296974
496,5090,1,1,0.296974
496,4531,1,1,0.296974
496,3836,1,1,0.296974
2371,3485,1,1,0.296974
1389,3513,1,1,0.296974
1805,5271,1,1,0.296974
2972,3436,1,1,0.296974
2786,3805,1,1,0.296974
3805,4148,1,1,0.296974
341,6645,1,1,0.296974
106,3411,1,1,0.296974
666,797,1,1,0.296974
4531,5090,1,1,0.296974
3545,4832,1,1,0.296974
3545,4956,1,1,0.296974
4832,4956,1,1,0.296974
1284,1690,2,1,0.296765
411,5432,2,1,0.296765
2347,4360,2,1,0.296765
2066,5258,2,1,0.296765
800,1197,1,1,0.294014
467,3770,1,1,0.294014
984,5306,1,1,0.294014
472,2163,1,1,0.294014
123,4040,1,1,0.294014
3026,3224,1,1,0.294014
2214,3643,1,1,0.294014
1485,2371,1,1,0.294014
311,726,1,1,0.294014
2057,2988,1,1,0.294014
982,3081,1,1,0.294014
279,1552,1,1,0.294014
4656,6522,1,1,0.294014
3081,5967,1,1,0.294014
3663,5302,1,1,0.294014
1389,5967,1,1,0.294014
1389,3081,1,1,0.294014
982,5967,1,1,0.294014
982,1389,1,1,0.294014
5362,6099,1,1,0.294014
354,730,2,1,0.291965
354,1658,2,1,0.291965
354,637,2,1,0.291965
1766,6219,2,1,0.291965
4535,6219,2,1,0.291965
1075,2066,2,1,0.291965
4535,6387,2,1,0.291965
730,1658,2,1,0.291965
1294,1658,2,1,0.291965
2195,6387,2,1,0.291965
1658,2066,2,1,0.291965
1658,3900,2,1,0.291965
2430,6219,2,1,0.291965
1365,2808,1,1,0.291207
1462,5485,1,1,0.291207
1582,4025,1,1,0.291207
2594,5298,1,1,0.291207
441,1840,1,1,0.291207
1206,5988,1,1,0.291207
1998,4167,1,1,0.291207
4442,4552,1,1,0.291207
1368,4368,1,1,0.291207
1365,1892,1,1,0.291207
1365,4496,1,1,0.291207
1307,6873,1,1,0.291207
1892,2808,1,1,0.291207
2611,5405,1,1,0.291207
1892,4496,1,1,0.291207
3453,3933,1,1,0.291207
4281,5240,1,1,0.291207
888,3061,1,1,0.291207
0,3397,1,1,0.291207
62,3924,1,1,0.291207
4166,5405,1,1,0.291207
2808,4496,1,1,0.291207
1978,5151,1,1,0.291207
191,3892,1,1,0.291207
782,2690,2,1,0.289196
2899,3730,2,1,0.289196
117,3364,1,1,0.288539
980,1186,1,1,0.288539
980,3478,1,1,0.288539
782,4512,1,1,0.288539
2011,2806,1,1,0.288539
2011,3421,1,1,0.288539
2011,3904,1,1,0.288539
2011,6714,1,1,0.288539
2592,2806,1,1,0.288539
2592,3421,1,1,0.288539
2592,3904,1,1,0.288539
181,524,1,1,0.288539
2592,6714,1,1,0.288539
2034,3168,1,1,0.288539
2806,3421,1,1,0.288539
2806,6714,1,1,0.288539
3421,3904,1,1,0.288539
43,4196,1,1,0.288539
830,3171,1,1,0.288539
3421,6714,1,1,0.288539
2793,6090,1,1,0.288539
204,5068,1,1,0.288539
2676,4045,1,1,0.288539
1327,3949,1,1,0.288539
438,3949,1,1,0.288539
438,1327,1,1,0.288539
3904,6714,1,1,0.288539
2806,3904,1,1,0.288539
2011,2592,1,1,0.288539
507,2988,1,1,0.288539
98,4025,1,1,0.288539
1637,2896,1,1,0.288539
1637,4980,1,1,0.288539
2896,4980,1,1,0.288539
3571,5544,1,1,0.288539
4995,5954,1,1,0.288539
1368,6065,1,1,0.288539
123,4512,1,1,0.288539
3347,4231,1,1,0.288539
3075,3241,1,1,0.288539
1320,2799,2,2,0.287894
1658,2563,2,2,0.287894
5543,6841,1,1,0.286
4995,6268,1,1,0.286
2382,3663,1,1,0.286
2892,4374,1,1,0.286
3406,5069,1,1,0.286
1344,5714,1,1,0.286
2168,4384,1,1,0.286
1096,1643,1,1,0.286
2439,2674,1,1,0.286
3702,6219,1,1,0.286
2647,4717,1,1,0.286
4148,6268,1,1,0.286
381,2504,1,1,0.286
4148,4995,1,1,0.286
2786,6268,1,1,0.286
2786,4995,1,1,0.286
6268,6665,1,1,0.286
892,3991,1,1,0.286
2504,2636,1,1,0.286
4453,5069,1,1,0.286
128,876,1,1,0.286
189,501,1,1,0.286
6447,6605,1,1,0.286
381,2636,1,1,0.286
4738,4895,1,1,0.286
2363,2668,1,1,0.286
2470,6482,1,1,0.286
1493,3192,1,1,0.286
2900,3046,1,1,0.286
4360,5068,1,1,0.286
1566,2739,1,1,0.286
3168,4263,1,1,0.286
2049,2739,1,1,0.286
2119,3593,2,1,0.283823
577,1304,2,1,0.283823
3308,6288,2,1,0.283823
577,6680,2,1,0.283823
4545,6680,2,1,0.283823
251,1437,2,1,0.283823
947,4222,1,1,0.283578
1910,2011,1,1,0.283578
408,3956,1,1,0.283578
764,818,1,1,0.283578
1998,3806,1,1,0.283578
1670,2087,1,1,0.283578
925,2340,1,1,0.283578
5258,6509,1,1,0.283578
408,1839,1,1,0.283578
2868,4971,1,1,0.283578
438,1676,1,1,0.283578
478,4934,1,1,0.283578
1190,1618,1,1,0.283578
468,478,1,1,0.283578
679,5333,1,1,0.281266
143,512,1,1,0.281266
410,679,1,1,0.281266
2481,5333,1,1,0.281266
556,5333,1,1,0.281266
679,2481,1,1,0.281266
556,679,1,1,0.281266
410,2481,1,1,0.281266
410,5333,1,1,0.281266
556,2481,1,1,0.281266
1682,3050,1,1,0.281266
1682,2043,1,1,0.281266
410,556,1,1,0.281266
98,4263,1,1,0.281266
530,4956,1,1,0.281266
1372,1682,1,1,0.281266
1372,2043,1,1,0.281266
1372,3050,1,1,0.281266
1494,2043,1,1,0.281266
1199,3685,1,1,0.281266
1199,4426,1,1,0.281266
90,6387,1,1,0.281266
5326,5984,1,1,0.281266
200,576,1,1,0.281266
530,1372,1,1,0.281266
93,2594,1,1,0.281266
160,1277,1,1,0.281266
2618,6714,1,1,0.281266
1501,3409,1,1,0.281266
1494,3050,1,1,0.281266
3052,3987,1,1,0.281266
1494,4956,1,1,0.281266
530,1682,1,1,0.281266
1224,4713,1,1,0.281266
2741,5812,1,1,0.281266
1277,1614,1,1,0.281266
160,1614,1,1,0.281266
3398,4145,1,1,0.281266
1682,4956,1,1,0.281266
512,553,1,1,0.281266
143,553,1,1,0.281266
833,5641,1,1,0.281266
102,1224,1,1,0.281266
664,1559,1,1,0.281266
664,4552,1,1,0.281266
664,4884,1,1,0.281266
664,4956,1,1,0.281266
664,5641,1,1,0.281266
833,1559,1,1,0.281266
833,4552,1,1,0.281266
833,4884,1,1,0.281266
833,4956,1,1,0.281266
1559,4552,1,1,0.281266
3050,4956,1,1,0.281266
1559,4884,1,1,0.281266
1559,4956,1,1,0.281266
1559,5641,1,1,0.281266
4552,4884,1,1,0.281266
4552,4956,1,1,0.281266
4552,5641,1,1,0.281266
4884,4956,1,1,0.281266
4884,5641,1,1,0.281266
4956,5641,1,1,0.281266
1369,1559,1,1,0.281266
102,152,1,1,0.281266
664,833,1,1,0.281266
2043,3050,1,1,0.281266
553,1559,1,1,0.281266
2043,4956,1,1,0.281266
143,1224,1,1,0.281266
143,1559,1,1,0.281266
143,2524,1,1,0.281266
143,2822,1,1,0.281266
82,2542,1,1,0.281266
512,1224,1,1,0.281266
512,1559,1,1,0.281266
512,2524,1,1,0.281266
553,1224,1,1,0.281266
553,2524,1,1,0.281266
141,1559,1,1,0.281266
553,2822,1,1,0.281266
1224,1559,1,1,0.281266
1982,5684,1,1,0.281266
1224,2524,1,1,0.281266
1224,2822,1,1,0.281266
1559,2524,1,1,0.281266
4222,5258,1,1,0.281266
1559,2822,1,1,0.281266
2524,2822,1,1,0.281266
122,530,1,1,0.281266
530,1494,1,1,0.281266
160,5258,1,1,0.281266
1023,3256,1,1,0.281266
1372,4956,1,1,0.281266
2528,4487,1,1,0.281266
577,910,1,1,0.281266
530,3050,1,1,0.281266
705,990,1,1,0.281266
3949,4318,1,1,0.281266
2279,4211,1,1,0.281266
530,2043,1,1,0.281266
325,1555,1,1,0.281266
102,4713,1,1,0.281266
160,4222,1,1,0.281266
152,1224,1,1,0.281266
152,4713,1,1,0.281266
3698,6806,1,1,0.281266
1494,1682,1,1,0.281266
1682,4530,1,1,0.279055
3453,4337,1,1,0.279055
1682,2135,1,1,0.279055
1682,2884,1,1,0.279055
31,4337,1,1,0.279055
31,3453,1,1,0.279055
276,454,1,1,0.279055
2135,4530,1,1,0.279055
2884,4188,1,1,0.279055
63,2316,1,1,0.279055
2135,2884,1,1,0.279055
3005,3453,1,1,0.279055
2135,4188,1,1,0.279055
30,3991,1,1,0.279055
4188,4530,1,1,0.279055
2884,4530,1,1,0.279055
621,2316,1,1,0.279055
3806,3933,1,1,0.279055
31,889,1,1,0.279055
889,1409,1,1,0.279055
5918,6136,1,1,0.279055
530,6065,1,1,0.279055
45,6633,1,1,0.279055
1372,5298,1,1,0.279055
225,1277,1,1,0.279055
3949,5298,1,1,0.279055
261,3453,1,1,0.279055
3453,4668,1,1,0.279055
89,407,1,1,0.279055
89,3721,1,1,0.279055
407,3721,1,1,0.279055
225,530,1,1,0.279055
4852,4915,1,1,0.279055
225,512,1,1,0.279055
679,1983,1,1,0.279055
3164,5298,1,1,0.279055
1224,4912,1,1,0.279055
332,708,1,1,0.279055
889,2748,1,1,0.279055
664,4530,1,1,0.279055
63,1097,1,1,0.279055
2389,3164,1,1,0.279055
102,2884,1,1,0.279055
1372,3949,1,1,0.279055
102,1682,1,1,0.279055
102,664,1,1,0.279055
102,512,1,1,0.279055
664,4188,1,1,0.279055
1224,1871,1,1,0.279055
512,530,1,1,0.279055
715,6065,1,1,0.279055
530,1224,1,1,0.279055
1392,4980,1,1,0.279055
1224,6065,1,1,0.279055
1871,6065,1,1,0.279055
22,3050,1,1,0.279055
530,1871,1,1,0.279055
512,1277,1,1,0.279055
102,2135,1,1,0.279055
261,4668,1,1,0.279055
102,4188,1,1,0.279055
512,4188,1,1,0.279055
664,1682,1,1,0.279055
512,4530,1,1,0.279055
102,4530,1,1,0.279055
664,2884,1,1,0.279055
2581,4433,1,1,0.279055
3398,3737,1,1,0.279055
3398,3919,1,1,0.279055
664,2135,1,1,0.279055
512,2884,1,1,0.279055
3737,3919,1,1,0.279055
512,2135,1,1,0.279055
512,1682,1,1,0.279055
512,664,1,1,0.279055
5205,5728,1,1,0.276938
433,4512,1,1,0.276938
564,2554,1,1,0.276938
313,2135,1,1,0.276938
2371,2402,1,1,0.276938
1182,2644,1,1,0.276938
433,5237,1,1,0.276938
1040,4512,1,1,0.276938
4531,5728,1,1,0.276938
592,2459,1,1,0.276938
433,3134,1,1,0.276938
433,2554,1,1,0.276938
5205,5463,1,1,0.276938
2554,3134,1,1,0.276938
1040,3134,1,1,0.276938
22,1796,1,1,0.276938
1812,1821,1,1,0.276938
433,564,1,1,0.276938
5463,5728,1,1,0.276938
1040,5237,1,1,0.276938
564,1040,1,1,0.276938
433,1040,1,1,0.276938
22,4294,1,1,0.276938
4531,5463,1,1,0.276938
2015,3671,1,1,0.276938
527,5205,1,1,0.276938
527,4531,1,1,0.276938
527,791,1,1,0.276938
2439,3799,1,1,0.276938
2761,3571,1,1,0.276938
4531,5205,1,1,0.276938
92,5728,1,1,0.276938
1637,3517,1,1,0.276938
92,5463,1,1,0.276938
92,5205,1,1,0.276938
2579,5616,1,1,0.276938
469,5616,1,1,0.276938
469,2579,1,1,0.276938
779,2156,1,1,0.276938
92,4531,1,1,0.276938
527,5728,1,1,0.276938
92,791,1,1,0.276938
186,2565,1,1,0.276938
1145,1227,1,1,0.276938
92,527,1,1,0.276938
2299,3075,1,1,0.276938
564,5237,1,1,0.276938
1040,2554,1,1,0.276938
1145,2299,1,1,0.276938
1227,3075,1,1,0.276938
1227,2299,1,1,0.276938
3805,4995,1,1,0.276938
1145,3075,1,1,0.276938
3993,4537,1,1,0.276938
1796,4294,1,1,0.276938
527,5463,1,1,0.276938
153,4567,1,1,0.276938
3134,4512,1,1,0.276938
2554,4512,1,1,0.276938
4512,5237,1,1,0.276938
33,830,1,1,0.276938
912,2552,1,1,0.276938
564,4512,1,1,0.276938
3134,5237,1,1,0.276938
564,3134,1,1,0.276938
791,4531,1,1,0.276938
2554,5237,1,1,0.276938
152,5068,1,1,0.276938
791,5205,1,1,0.276938
791,5463,1,1,0.276938
791,5728,1,1,0.276938
1086,2401,1,1,0.276938
2621,4208,1,1,0.274908
3069,5063,1,1,0.274908
942,5133,1,1,0.274908
4349,5817,1,1,0.274908
1057,1085,1,1,0.274908
1426,4535,1,1,0.274908
883,2621,1,1,0.274908
164,380,1,1,0.274908
2168,3069,1,1,0.274908
397,1263,1,1,0.274908
168,380,1,1,0.274908
2621,3359,1,1,0.274908
883,3359,1,1,0.274908
2065,6099,1,1,0.274908
164,168,1,1,0.274908
2621,5492,1,1,0.274908
311,1590,1,1,0.272958
685,1107,1,1,0.272958
406,1741,1,1,0.272958
4025,5833,1,1,0.272958
252,4713,1,1,0.272958
225,1582,1,1,0.272958
1535,4530,1,1,0.272958
3799,6467,1,1,0.272958
4917,6674,1,1,0.272958
574,4797,1,1,0.272958
182,4390,1,1,0.272958
3477,4229,1,1,0.272958
786,6693,1,1,0.272958
45,786,1,1,0.272958
45,6693,1,1,0.272958
5606,5969,1,1,0.271085
225,2808,1,1,0.271085
1493,3037,1,1,0.271085
3411,4547,1,1,0.271085
4969,6574,1,1,0.271085
2929,4969,1,1,0.271085
2299,6566,1,1,0.271085
2299,4668,1,1,0.271085
4969,6691,1,1,0.271085
2015,6714,1,1,0.271085
4547,6083,1,1,0.271085
6574,6691,1,1,0.271085
225,2043,1,1,0.271085
4547,6714,1,1,0.271085
2929,6691,1,1,0.271085
2808,6691,1,1,0.271085
3411,6714,1,1,0.271085
1641,1831,1,1,0.271085
3411,6083,1,1,0.271085
225,4969,1,1,0.271085
225,2929,1,1,0.271085
2043,2808,1,1,0.271085
2347,3513,1,1,0.271085
2043,4969,1,1,0.271085
899,6714,1,1,0.271085
1459,2402,1,1,0.271085
899,6083,1,1,0.271085
2808,2929,1,1,0.271085
1459,5528,1,1,0.271085
2402,5528,1,1,0.271085
2312,5326,1,1,0.271085
2043,6574,1,1,0.271085
2382,3478,1,1,0.271085
2382,5385,1,1,0.271085
3019,4186,1,1,0.271085
3019,5326,1,1,0.271085
2929,6574,1,1,0.271085
3478,5385,1,1,0.271085
899,4547,1,1,0.271085
4186,5326,1,1,0.271085
899,1224,1,1,0.271085
1416,3640,1,1,0.271085
2043,6691,1,1,0.271085
2999,4186,1,1,0.271085
899,2015,1,1,0.271085
1984,2999,1,1,0.271085
899,3411,1,1,0.271085
426,2382,1,1,0.271085
2043,2929,1,1,0.271085
1224,3411,1,1,0.271085
5084,6324,1,1,0.271085
2015,6083,1,1,0.271085
426,3478,1,1,0.271085
2015,4547,1,1,0.271085
426,5385,1,1,0.271085
2015,3411,1,1,0.271085
1224,6714,1,1,0.271085
1480,3128,1,1,0.271085
1836,5774,1,1,0.271085
1224,6083,1,1,0.271085
1871,5052,1,1,0.271085
1224,4547,1,1,0.271085
4668,6566,1,1,0.271085
2808,4969,1,1,0.271085
1821,1984,1,1,0.271085
1224,2015,1,1,0.271085
1653,1858,1,1,0.271085
2312,3019,1,1,0.271085
2312,4186,1,1,0.271085
225,6574,1,1,0.271085
1695,1909,1,1,0.271085
225,6691,1,1,0.271085
2786,5867,1,1,0.269283
3347,5203,1,1,0.269283
3075,5166,1,1,0.269283
1304,6411,1,1,0.269283
2786,3347,1,1,0.269283
1734,3001,1,1,0.269283
3347,5867,1,1,0.269283
1619,1878,1,1,0.269283
2280,2581,1,1,0.269283
3277,5801,1,1,0.269283
3880,5752,1,1,0.269283
2612,3691,1,1,0.269283
689,5271,1,1,0.269283
491,2280,1,1,0.269283
491,2581,1,1,0.269283
1125,6867,1,1,0.267546
4606,6867,1,1,0.267546
6083,6867,1,1,0.267546
6083,6269,1,1,0.267546
2612,3061,1,1,0.267546
6008,6867,1,1,0.267546
6008,6269,1,1,0.267546
6008,6083,1,1,0.267546
4606,6083,1,1,0.267546
4606,6269,1,1,0.267546
17,3904,1,1,0.267546
4606,6008,1,1,0.267546
1339,6867,1,1,0.267546
1339,6269,1,1,0.267546
1339,6083,1,1,0.267546
1339,6008,1,1,0.267546
1339,4606,1,1,0.267546
1125,6008,1,1,0.267546
2363,4025,1,1,0.267546
2363,3836,1,1,0.267546
1125,6083,1,1,0.267546
6269,6867,1,1,0.267546
1125,6269,1,1,0.267546
97,3324,1,1,0.267546
3061,3836,1,1,0.267546
3364,5216,1,1,0.267546
1125,4606,1,1,0.267546
1125,1339,1,1,0.267546
690,2267,1,1,0.267546
3836,4025,1,1,0.267546
3487,5133,1,1,0.267546
1522,1614,1,1,0.267546
2363,2612,1,1,0.267546
3061,4025,1,1,0.267546
454,2578,1,1,0.267546
2225,5433,1,1,0.267546
1473,2196,1,1,0.267546
2612,4025,1,1,0.267546
2612,3836,1,1,0.267546
2363,3061,1,1,0.267546
1796,5453,1,1,0.265873
168,4043,1,1,0.265873
579,6267,1,1,0.265873
404,5714,1,1,0.265873
824,2137,1,1,0.265873
2393,3208,1,1,0.265873
49,5084,1,1,0.265873
2148,2190,1,1,0.265873
49,951,1,1,0.265873
951,3212,1,1,0.265873
779,2592,1,1,0.265873
1522,5084,1,1,0.265873
231,2668,1,1,0.265873
1289,2028,1,1,0.264257
956,2653,1,1,0.264257
3168,4025,1,1,0.264257
2926,5597,1,1,0.264257
1226,3051,1,1,0.262697
66,524,1,1,0.262697
1947,2488,1,1,0.262697
2256,2631,1,1,0.262697
187,2631,1,1,0.262697
1598,3051,1,1,0.262697
187,2256,1,1,0.262697
2033,6224,1,1,0.262697
1226,1598,1,1,0.262697
1352,4517,1,1,0.261189
1352,4507,1,1,0.261189
2354,4507,1,1,0.261189
4941,6693,1,1,0.261189
66,2923,1,1,0.261189
2354,4188,1,1,0.261189
528,4082,1,1,0.261189
2354,4517,1,1,0.261189
936,4721,1,1,0.261189
356,1320,1,1,0.261189
4188,4507,1,1,0.261189
1246,5661,1,1,0.261189
4188,4517,1,1,0.261189
4507,4517,1,1,0.261189
1352,4188,1,1,0.261189
528,553,1,1,0.261189
528,1052,1,1,0.261189
1929,2354,1,1,0.261189
528,3903,1,1,0.261189
553,1052,1,1,0.261189
553,3903,1,1,0.261189
1052,3903,1,1,0.261189
325,442,1,1,0.261189
325,1929,1,1,0.261189
325,2354,1,1,0.261189
325,2822,1,1,0.261189
325,4884,1,1,0.261189
442,1929,1,1,0.261189
442,2354,1,1,0.261189
542,3883,1,1,0.261189
442,2822,1,1,0.261189
1929,2822,1,1,0.261189
2822,4884,1,1,0.261189
2443,3166,1,1,0.261189
865,5782,1,1,0.261189
411,4470,1,1,0.261189
2696,3146,1,1,0.261189
1929,4884,1,1,0.261189
2701,5326,1,1,0.261189
2354,2822,1,1,0.261189
2354,4884,1,1,0.261189
4222,5641,1,1,0.261189
1352,2354,1,1,0.261189
494,1380,1,1,0.25973
2771,4364,1,1,0.25973
168,2522,1,1,0.25973
528,1380,1,1,0.25973
1052,4765,1,1,0.25973
4116,4151,1,1,0.25973
1345,4294,1,1,0.25973
2828,6397,1,1,0.25973
2828,3113,1,1,0.25973
2828,3111,1,1,0.25973
2458,6397,1,1,0.25973
2458,3113,1,1,0.25973
155,593,1,1,0.25973
2458,3111,1,1,0.25973
2458,2828,1,1,0.25973
1389,6397,1,1,0.25973
1389,3113,1,1,0.25973
1389,3111,1,1,0.25973
1389,2828,1,1,0.25973
1389,2458,1,1,0.25973
438,6397,1,1,0.25973
562,5362,1,1,0.25973
3111,3113,1,1,0.25973
3111,6397,1,1,0.25973
1389,4188,1,1,0.25973
593,6450,1,1,0.25973
3113,6397,1,1,0.25973
91,6310,1,1,0.25973
438,2409,1,1,0.25973
438,4668,1,1,0.25973
2409,4668,1,1,0.25973
3991,5344,1,1,0.25973
2817,6004,1,1,0.25973
896,1150,1,1,0.25973
896,2409,1,1,0.25973
1150,2409,1,1,0.25973
2294,4721,1,1,0.25973
155,4029,1,1,0.25973
155,6450,1,1,0.25973
1988,3831,1,1,0.258318
2185,6185,1,1,0.258318
2700,6597,1,1,0.258318
3766,4738,1,1,0.258318
1167,4302,1,1,0.258318
842,2741,1,1,0.258318
1565,2899,1,1,0.258318
4368,6693,1,1,0.258318
3712,4751,1,1,0.258318
3712,5363,1,1,0.258318
2822,3164,1,1,0.256949
1065,2763,1,1,0.256949
1065,2822,1,1,0.256949
1065,3164,1,1,0.256949
1065,4502,1,1,0.256949
2763,2822,1,1,0.256949
2763,3164,1,1,0.256949
2763,4502,1,1,0.256949
225,1998,1,1,0.256949
97,138,1,1,0.256949
5757,6867,1,1,0.256949
1186,1382,1,1,0.256949
1911,2367,1,1,0.256949
1911,3945,1,1,0.256949
2367,3945,1,1,0.256949
1304,2326,1,1,0.256949
2822,4502,1,1,0.256949
3164,4502,1,1,0.256949
37,4980,1,1,0.256949
2356,2610,1,1,0.256949
6052,6867,1,1,0.256949
4368,6011,1,1,0.256949
201,2536,1,1,0.256949
1608,5757,1,1,0.256949
1608,2495,1,1,0.256949
1608,6052,1,1,0.256949
2319,6523,1,1,0.256949
590,2347,1,1,0.256949
5757,6052,1,1,0.256949
1608,6867,1,1,0.256949
2495,3052,1,1,0.256949
2495,5757,1,1,0.256949
2495,6052,1,1,0.256949
2495,6867,1,1,0.256949
3052,5757,1,1,0.256949
3052,6052,1,1,0.256949
3052,6867,1,1,0.256949
1120,2347,1,1,0.256949
1484,6517,1,1,0.256949
1608,3052,1,1,0.256949
2892,6052,1,1,0.255622
6164,6825,1,1,0.255622
5863,6825,1,1,0.255622
5863,6164,1,1,0.255622
4884,5863,1,1,0.255622
4884,6164,1,1,0.255622
4884,6825,1,1,0.255622
494,5863,1,1,0.255622
2363,5486,1,1,0.255622
3478,5145,1,1,0.255622
442,6825,1,1,0.255622
442,6164,1,1,0.255622
442,5863,1,1,0.255622
442,4478,1,1,0.255622
442,830,1,1,0.255622
442,494,1,1,0.255622
5145,5486,1,1,0.255622
3478,5486,1,1,0.255622
275,1206,1,1,0.255622
494,4478,1,1,0.255622
5293,6867,1,1,0.255622
4463,6178,1,1,0.255622
4478,6825,1,1,0.255622
2363,5145,1,1,0.255622
2363,3478,1,1,0.255622
243,1277,1,1,0.255622
1186,5486,1,1,0.255622
1186,5145,1,1,0.255622
494,830,1,1,0.255622
1186,2363,1,1,0.255622
4478,5863,1,1,0.255622
830,5863,1,1,0.255622
494,6164,1,1,0.255622
494,6825,1,1,0.255622
98,3168,1,1,0.255622
830,4478,1,1,0.255622
4478,4884,1,1,0.255622
4478,6164,1,1,0.255622
830,4884,1,1,0.255622
830,6825,1,1,0.255622
830,6164,1,1,0.255622
494,4884,1,1,0.255622
3697,6185,1,1,0.254335
1028,1377,1,1,0.254335
2665,3138,1,1,0.254335
3525,5142,1,1,0.254335
2354,3412,1,1,0.254335
3138,4443,1,1,0.254335
2721,4443,1,1,0.254335
1577,3533,1,1,0.254335
2771,5367,1,1,0.253085
2771,5988,1,1,0.253085
1155,6268,1,1,0.253085
971,1155,1,1,0.253085
1979,3504,1,1,0.253085
1155,2665,1,1,0.253085
1155,1980,1,1,0.253085
1155,2661,1,1,0.253085
5875,6268,1,1,0.253085
251,865,1,1,0.253085
1155,5875,1,1,0.253085
1608,4010,1,1,0.253085
1167,2676,1,1,0.253085
83,4769,1,1,0.253085
6427,6841,1,1,0.253085
2519,6427,1,1,0.253085
326,1963,1,1,0.253085
370,4668,1,1,0.253085
1028,6597,1,1,0.253085
1028,3510,1,1,0.253085
1619,5984,1,1,0.253085
83,1389,1,1,0.253085
3928,4171,1,1,0.251871
5348,6040,1,1,0.251871
528,4327,1,1,0.251871
4499,6772,1,1,0.251871
1285,2704,1,1,0.25069
0,372,1,1,0.25069
3411,4668,1,1,0.25069
830,1285,1,1,0.25069
2811,6794,1,1,0.25069
712,5639,1,1,0.25069
1211,3204,1,1,0.25069
918,3204,1,1,0.25069
918,1211,1,1,0.25069
454,4543,1,1,0.25069
1664,1706,1,1,0.25069
797,1706,1,1,0.25069
797,1664,1,1,0.25069
89,712,1,1,0.25069
2207,3224,1,1,0.25069
2223,3111,1,1,0.25069
4797,5166,1,1,0.25069
3111,5166,1,1,0.25069
302,2223,1,1,0.25069
302,3111,1,1,0.25069
302,3364,1,1,0.25069
302,5166,1,1,0.25069
2223,3364,1,1,0.25069
2223,5166,1,1,0.25069
530,5863,1,1,0.25069
530,5166,1,1,0.25069
3111,3364,1,1,0.25069
3001,5225,1,1,0.25069
5166,5863,1,1,0.25069
3364,5166,1,1,0.25069
164,381,1,1,0.25069
141,275,1,1,0.25069
141,2354,1,1,0.25069
275,2354,1,1,0.25069
2656,3001,1,1,0.25069
2656,5225,1,1,0.25069
2740,5801,1,1,0.25069
80,3924,1,1,0.249543
623,5063,1,1,0.249543
4035,4080,1,1,0.249543
5143,6083,1,1,0.249543
1372,6083,1,1,0.249543
4035,6083,1,1,0.249543
691,6083,1,1,0.249543
80,1621,1,1,0.249543
3421,6083,1,1,0.249543
3115,3288,1,1,0.248425
3026,3138,1,1,0.247338
3945,4355,1,1,0.247338
1366,1503,1,1,0.247338
1377,2486,1,1,0.247338
3945,6509,1,1,0.247338
1366,1878,1,1,0.247338
4623,5426,1,1,0.247338
369,1878,1,1,0.247338
3685,4025,1,1,0.247338
1377,2741,1,1,0.247338
1366,6636,1,1,0.247338
1377,2753,1,1,0.247338
1878,6636,1,1,0.247338
2066,5988,1,1,0.246279
2359,5931,1,1,0.246279
971,3805,1,1,0.246279
1246,4961,1,1,0.246279
1246,6539,1,1,0.246279
2359,3910,1,1,0.246279
1980,6118,1,1,0.246279
82,5696,1,1,0.246279
3050,5622,1,1,0.245246
481,6873,1,1,0.244239
4543,6873,1,1,0.244239
1608,3026,1,1,0.244239
2994,4153,1,1,0.244239
2653,4443,1,1,0.244239
2653,2665,1,1,0.244239
4405,5026,1,1,0.244239
6011,6714,1,1,0.244239
1593,4941,1,1,0.244239
63,2554,1,1,0.244239
1392,1503,1,1,0.244239
102,1758,1,1,0.244239
690,1982,1,1,0.244239
481,4543,1,1,0.244239
3475,4413,1,1,0.243257
1174,2246,1,1,0.243257
3901,6333,1,1,0.242299
3437,4327,1,1,0.242299
3437,5811,1,1,0.242299
4327,5813,1,1,0.242299
4327,4977,1,1,0.242299
3901,5813,1,1,0.242299
276,286,1,1,0.242299
3075,3513,1,1,0.242299
3901,4977,1,1,0.242299
598,1097,1,1,0.242299
30,532,1,1,0.242299
30,5588,1,1,0.242299
2326,3669,1,1,0.242299
30,141,1,1,0.242299
0,170,1,1,0.242299
30,1173,1,1,0.242299
5588,6693,1,1,0.242299
799,5588,1,1,0.242299
4977,5313,1,1,0.242299
5915,6333,1,1,0.242299
3901,4327,1,1,0.242299
3051,5143,1,1,0.241363
507,718,1,1,0.241363
2700,2765,1,1,0.240449
5013,6249,1,1,0.240449
1860,5306,1,1,0.240449
2765,6185,1,1,0.240449
2765,4631,1,1,0.240449
3956,5747,1,1,0.240449
1910,4166,1,1,0.239556
4166,6310,1,1,0.239556
1493,4145,1,1,0.238683
3075,3993,1,1,0.238683
1812,4502,1,1,0.238683
2994,4446,1,1,0.238683
978,3313,1,1,0.23783
775,2606,1,1,0.23783
3313,3669,1,1,0.23783
3313,5782,1,1,0.23783
978,6621,1,1,0.23783
3313,3479,1,1,0.23783
2443,5782,1,1,0.23783
2443,3669,1,1,0.23783
2443,3313,1,1,0.23783
3313,6621,1,1,0.23783
978,3479,1,1,0.23783
3479,6621,1,1,0.23783
47,3323,1,1,0.23783
4661,5565,1,1,0.23783
290,4661,1,1,0.23783
290,5565,1,1,0.23783
910,3323,1,1,0.23783
290,3323,1,1,0.23783
3669,5782,1,1,0.23783
3323,5565,1,1,0.23783
3323,4661,1,1,0.23783
3670,5782,1,1,0.23783
422,5565,1,1,0.23783
2536,3391,1,1,0.23783
47,910,1,1,0.23783
1246,4179,1,1,0.236177
272,865,1,1,0.236177
277,1202,1,1,0.236177
277,2957,1,1,0.236177
272,478,1,1,0.236177
618,6062,1,1,0.236177
3065,5875,1,1,0.236177
2024,4029,1,1,0.235377
4208,5144,1,1,0.235377
4499,5041,1,1,0.235377
2674,4029,1,1,0.235377
1520,4029,1,1,0.235377
1520,1918,1,1,0.235377
1520,3702,1,1,0.235377
311,3939,1,1,0.235377
1918,3702,1,1,0.235377
1918,4029,1,1,0.235377
3702,4029,1,1,0.235377
1935,2775,1,1,0.235377
2524,5366,1,1,0.234594
168,6397,1,1,0.233827
2652,3272,1,1,0.233827
593,1249,1,1,0.233827
3272,4894,1,1,0.233827
4446,5036,1,1,0.233827
1096,4327,1,1,0.233827
3272,4594,1,1,0.233827
1997,4594,1,1,0.233827
1997,3272,1,1,0.233827
1428,3272,1,1,0.233827
1428,2652,1,1,0.233827
2849,4799,1,1,0.233827
192,6397,1,1,0.233827
593,2644,1,1,0.233827
839,5151,1,1,0.233827
6120,6625,1,1,0.233827
839,3874,1,1,0.233827
3874,5151,1,1,0.233827
527,3489,1,1,0.233827
1249,2644,1,1,0.233827
2849,4594,1,1,0.233827
153,3250,1,1,0.233827
3797,4683,1,1,0.233075
394,6482,1,1,0.233075
311,4446,1,1,0.233075
826,4446,1,1,0.233075
826,1859,1,1,0.233075
1564,2859,1,1,0.233075
2701,6099,1,1,0.233075
301,1976,1,1,0.233075
529,2859,1,1,0.233075
311,1096,1,1,0.233075
311,826,1,1,0.233075
501,5067,1,1,0.232338
501,4426,1,1,0.232338
194,2701,1,1,0.232338
3956,4324,1,1,0.232338
2225,4324,1,1,0.232338
524,6267,1,1,0.232338
515,6267,1,1,0.232338
394,3735,1,1,0.232338
282,3735,1,1,0.232338
282,394,1,1,0.232338
967,6099,1,1,0.232338
4121,4426,1,1,0.232338
501,2837,1,1,0.232338
776,2862,1,1,0.230908
2563,2862,1,1,0.230908
1598,2563,1,1,0.230908
776,2563,1,1,0.230908
662,3902,1,1,0.230908
4043,4697,1,1,0.230908
1598,2862,1,1,0.230908
239,4478,1,1,0.229531
5151,5366,1,1,0.229531
956,4547,1,1,0.229531
3945,5103,1,1,0.229531
2621,5757,1,1,0.229531
1653,3668,1,1,0.229531
2461,6267,1,1,0.228862
967,2799,1,1,0.228205
112,5442,1,1,0.228205
529,3019,1,1,0.228205
112,2405,1,1,0.228205
2821,3139,1,1,0.228205
6267,6333,1,1,0.22756
830,4845,1,1,0.22756
598,3634,1,1,0.22756
912,5540,1,1,0.22756
3275,5026,1,1,0.22756
3192,5090,1,1,0.22756
275,5090,1,1,0.22756
1988,5069,1,1,0.22756
3171,4009,1,1,0.22756
1611,6267,1,1,0.22756
1334,4543,1,1,0.22756
855,3479,1,1,0.226926
3479,5867,1,1,0.226926
1109,3286,1,1,0.226926
4306,5713,1,1,0.226926
877,4934,1,1,0.226926
263,612,1,1,0.226926
4306,5788,1,1,0.226926
5713,5788,1,1,0.226926
577,2110,1,1,0.225091
1208,5934,1,1,0.225091
1667,6680,1,1,0.225091
1980,3347,1,1,0.225091
565,5934,1,1,0.225091
5867,6636,1,1,0.225091
1855,5867,1,1,0.225091
1155,2972,1,1,0.225091
4148,5867,1,1,0.225091
1155,3347,1,1,0.225091
2972,3347,1,1,0.225091
3636,5075,1,1,0.223919
3177,5242,1,1,0.223919
2507,5349,1,1,0.223919
3177,4756,1,1,0.223919
4756,5242,1,1,0.223919
4333,4599,1,1,0.223919
3280,6219,1,1,0.223919
3280,6579,1,1,0.223919
6219,6579,1,1,0.223919
800,2507,1,1,0.223919
2718,4594,1,1,0.223919
4794,5036,1,1,0.223919
2507,3636,1,1,0.223919
3636,5063,1,1,0.223919
492,2718,1,1,0.223919
1096,5075,1,1,0.223919
1096,5063,1,1,0.223919
1096,3636,1,1,0.223919
2219,2718,1,1,0.223919
983,2718,1,1,0.223919
983,2219,1,1,0.223919
492,2219,1,1,0.223919
1934,3636,1,1,0.223919
492,983,1,1,0.223919
1895,1969,1,1,0.223919
1895,6755,1,1,0.223919
4594,6660,1,1,0.223919
2272,2371,1,1,0.223919
1934,2507,1,1,0.223919
1969,6755,1,1,0.223919
2718,6660,1,1,0.223919
5063,5075,1,1,0.223919
2371,2507,1,1,0.223919
770,5606,1,1,0.222785
2185,4754,1,1,0.222785
2612,4754,1,1,0.222785
2124,5461,1,1,0.222785
2185,2612,1,1,0.222785
3247,4533,1,1,0.222785
454,4533,1,1,0.222785
454,3247,1,1,0.222785
2124,5675,1,1,0.222785
5461,5675,1,1,0.222785
2612,5606,1,1,0.222785
770,2612,1,1,0.222785
671,770,1,1,0.222785
2612,4259,1,1,0.222785
454,770,1,1,0.222785
454,5606,1,1,0.222785
454,671,1,1,0.222785
671,2612,1,1,0.222785
671,5606,1,1,0.222785
1695,4309,1,1,0.221687
442,4832,1,1,0.221687
1501,4553,1,1,0.221687
168,5634,1,1,0.221687
1192,2124,1,1,0.221151
2335,4122,1,1,0.221151
2335,4754,1,1,0.221151
2335,4996,1,1,0.221151
1192,1562,1,1,0.221151
1048,2879,1,1,0.221151
2165,5863,1,1,0.221151
1562,2124,1,1,0.221151
1048,2184,1,1,0.221151
1048,2165,1,1,0.221151
4996,5739,1,1,0.221151
3377,5739,1,1,0.221151
2879,5739,1,1,0.221151
2124,5739,1,1,0.221151
1562,5739,1,1,0.221151
1562,4996,1,1,0.221151
1562,3377,1,1,0.221151
1562,2879,1,1,0.221151
1192,5739,1,1,0.221151
2165,4122,1,1,0.221151
1192,4996,1,1,0.221151
1192,3377,1,1,0.221151
1192,2879,1,1,0.221151
1048,3377,1,1,0.221151
1048,4122,1,1,0.221151
1048,5863,1,1,0.221151
2165,2184,1,1,0.221151
2165,2879,1,1,0.221151
2165,3044,1,1,0.221151
1048,3044,1,1,0.221151
2165,3377,1,1,0.221151
3730,4122,1,1,0.221151
2184,2879,1,1,0.221151
3044,3730,1,1,0.221151
3730,4996,1,1,0.221151
1068,1820,1,1,0.221151
1068,1940,1,1,0.221151
1068,2124,1,1,0.221151
1068,2879,1,1,0.221151
1068,3044,1,1,0.221151
1068,3377,1,1,0.221151
1068,4122,1,1,0.221151
1820,1940,1,1,0.221151
1820,2124,1,1,0.221151
1820,2879,1,1,0.221151
1820,3044,1,1,0.221151
1820,3377,1,1,0.221151
1820,4122,1,1,0.221151
1940,2879,1,1,0.221151
1940,3377,1,1,0.221151
930,1940,1,1,0.221151
930,2124,1,1,0.221151
930,2184,1,1,0.221151
930,3044,1,1,0.221151
930,3757,1,1,0.221151
930,4122,1,1,0.221151
1940,2184,1,1,0.221151
1940,3757,1,1,0.221151
2124,2184,1,1,0.221151
1562,5994,1,1,0.221151
2335,2879,1,1,0.221151
3044,4996,1,1,0.221151
2879,3730,1,1,0.221151
2184,5863,1,1,0.221151
2124,3730,1,1,0.221151
2879,5863,1,1,0.221151
3044,5863,1,1,0.221151
3377,5863,1,1,0.221151
3904,5753,1,1,0.221151
3904,6083,1,1,0.221151
5753,6083,1,1,0.221151
2124,5814,1,1,0.221151
2879,5814,1,1,0.221151
3377,5814,1,1,0.221151
4122,5814,1,1,0.221151
4754,5814,1,1,0.221151
4996,5814,1,1,0.221151
2124,6559,1,1,0.221151
2879,6559,1,1,0.221151
3044,6559,1,1,0.221151
3377,6559,1,1,0.221151
3757,6559,1,1,0.221151
4122,6559,1,1,0.221151
5363,6086,1,1,0.221151
498,2124,1,1,0.221151
498,2879,1,1,0.221151
498,3377,1,1,0.221151
498,3757,1,1,0.221151
2124,3739,1,1,0.221151
2879,3739,1,1,0.221151
3739,4122,1,1,0.221151
3739,4754,1,1,0.221151
2335,3377,1,1,0.221151
4122,5863,1,1,0.221151
2884,4430,1,1,0.220624
1653,2884,1,1,0.220624
3241,5661,1,1,0.220624
1657,5661,1,1,0.220624
1657,3241,1,1,0.220624
4489,5183,1,1,0.220624
1430,5183,1,1,0.220624
1430,4489,1,1,0.220624
553,2827,1,1,0.220624
4892,6023,1,1,0.220624
1653,4430,1,1,0.220624
1125,2185,1,1,0.219593
287,2771,1,1,0.219593
287,3001,1,1,0.219593
287,4043,1,1,0.219593
1457,2048,1,1,0.219593
2771,3001,1,1,0.219593
2,3164,1,1,0.219593
1051,5227,1,1,0.219593
3001,4043,1,1,0.219593
1995,4442,1,1,0.219593
496,4797,1,1,0.219593
2120,4797,1,1,0.219593
1334,4668,1,1,0.219593
1206,6496,1,1,0.219593
98,6496,1,1,0.219593
98,1206,1,1,0.219593
2771,4043,1,1,0.219593
2558,5665,1,1,0.219593
982,1130,1,1,0.219089
1059,1910,1,1,0.219089
843,5463,1,1,0.219089
2066,5569,1,1,0.219089
2165,5368,1,1,0.219089
1222,1304,1,1,0.218104
1222,6680,1,1,0.218104
2261,6267,1,1,0.217147
341,3956,1,1,0.217147
5008,5512,1,1,0.217147
5008,6267,1,1,0.217147
341,1782,1,1,0.217147
1782,3956,1,1,0.217147
5381,5512,1,1,0.217147
116,3420,1,1,0.217147
1792,3078,1,1,0.216679
1909,3956,1,1,0.216679
1709,5801,1,1,0.215313
3352,3686,1,1,0.215313
3352,5801,1,1,0.215313
3686,5801,1,1,0.215313
1709,3352,1,1,0.215313
2764,2816,1,1,0.215313
1695,3287,1,1,0.215313
1709,3287,1,1,0.215313
2764,3391,1,1,0.215313
2764,4215,1,1,0.215313
2816,3391,1,1,0.215313
2816,4215,1,1,0.215313
3391,4215,1,1,0.215313
3686,5788,1,1,0.215313
3811,4455,1,1,0.215313
3811,5713,1,1,0.215313
2536,4327,1,1,0.215313
4040,4455,1,1,0.215313
2764,6621,1,1,0.215313
4455,6680,1,1,0.215313
1304,4455,1,1,0.215313
2764,2916,1,1,0.215313
2764,6680,1,1,0.215313
2916,3686,1,1,0.215313
2916,4455,1,1,0.215313
2916,6680,1,1,0.215313
3686,6680,1,1,0.215313
1109,1709,1,1,0.215313
2764,3878,1,1,0.215313
1109,2764,1,1,0.215313
1109,3686,1,1,0.215313
1109,4455,1,1,0.215313
204,2340,1,1,0.215313
9,354,1,1,0.215313
2081,4184,1,1,0.215313
1246,2051,1,1,0.215313
1304,3686,1,1,0.215313
1304,2916,1,1,0.215313
1304,2764,1,1,0.215313
1231,5788,1,1,0.215313
2300,2764,1,1,0.215313
2300,3670,1,1,0.215313
1231,1695,1,1,0.215313
2816,4455,1,1,0.215313
2816,4040,1,1,0.215313
2051,4455,1,1,0.215313
2329,2764,1,1,0.215313
2051,4040,1,1,0.215313
2051,2816,1,1,0.215313
1695,1709,1,1,0.215313
1246,4455,1,1,0.215313
1246,2816,1,1,0.215313
2329,3670,1,1,0.215313
2764,3670,1,1,0.215313
4455,5713,1,1,0.215313
1709,3391,1,1,0.215313
475,3663,1,1,0.215313
282,1538,1,1,0.215313
824,2764,1,1,0.215313
3686,3878,1,1,0.215313
1709,2542,1,1,0.215313
1709,2208,1,1,0.215313
2749,3287,1,1,0.215313
272,3287,1,1,0.215313
2208,2542,1,1,0.215313
2300,2329,1,1,0.215313
824,3670,1,1,0.215313
4831,4992,1,1,0.215313
824,2329,1,1,0.215313
3045,6034,1,1,0.215313
3686,6621,1,1,0.215313
3878,4455,1,1,0.215313
3878,6621,1,1,0.215313
4455,6621,1,1,0.215313
824,2300,1,1,0.215313
272,2749,1,1,0.215313
1286,5016,1,1,0.214871
849,6861,1,1,0.214871
951,1206,1,1,0.214871
955,2558,1,1,0.214871
955,4533,1,1,0.214871
2207,2558,1,1,0.214871
2207,4533,1,1,0.214871
2558,4533,1,1,0.214871
452,993,1,1,0.214871
452,1664,1,1,0.214871
452,3668,1,1,0.214871
993,1664,1,1,0.214871
993,3668,1,1,0.214871
532,3718,1,1,0.214871
1664,3668,1,1,0.214871
5551,6517,1,1,0.214871
4208,6517,1,1,0.214871
3111,5441,1,1,0.214871
5016,6861,1,1,0.214871
1633,3718,1,1,0.214871
770,2495,1,1,0.214871
2495,6861,1,1,0.214871
770,849,1,1,0.214871
770,1286,1,1,0.214871
1286,6861,1,1,0.214871
849,1286,1,1,0.214871
849,5016,1,1,0.214871
770,5016,1,1,0.214871
955,2207,1,1,0.214871
634,4276,1,1,0.214434
5364,6448,1,1,0.214434
931,1527,1,1,0.214434
931,6219,1,1,0.214434
1527,6219,1,1,0.214434
931,2111,1,1,0.214434
931,4029,1,1,0.214434
931,6215,1,1,0.214434
3786,6805,1,1,0.214434
5036,6805,1,1,0.214434
2507,4023,1,1,0.214434
5063,6215,1,1,0.214434
1590,2598,1,1,0.214434
2371,3726,1,1,0.214434
1850,6209,1,1,0.214434
2507,4894,1,1,0.214434
3726,6472,1,1,0.214434
2507,4817,1,1,0.214434
593,6111,1,1,0.214434
369,6111,1,1,0.214434
25,1198,1,1,0.214434
2219,5545,1,1,0.214434
2519,6215,1,1,0.214434
2507,6805,1,1,0.214434
2111,4029,1,1,0.214434
2111,6215,1,1,0.214434
4029,6215,1,1,0.214434
1198,2507,1,1,0.214434
1025,2507,1,1,0.214434
1025,5067,1,1,0.214434
2507,3786,1,1,0.214434
2519,5063,1,1,0.214434
2507,5036,1,1,0.214434
3786,5036,1,1,0.214434
1428,2519,1,1,0.214434
1428,5063,1,1,0.214434
1428,6215,1,1,0.214434
369,593,1,1,0.214434
275,4167,1,1,0.214003
2668,6509,1,1,0.214003
106,3788,1,1,0.214003
2458,4318,1,1,0.214003
876,4720,1,1,0.214003
553,3933,1,1,0.213158
491,1130,1,1,0.213158
1534,4294,1,1,0.213158
3135,3171,1,1,0.211533
3371,5167,1,1,0.210367
1525,5298,1,1,0.210367
1676,6397,1,1,0.210367
1052,2396,1,1,0.210367
956,3453,1,1,0.210367
527,1525,1,1,0.210367
527,2498,1,1,0.210367
1525,2498,1,1,0.210367
2828,4996,1,1,0.210367
2367,2828,1,1,0.210367
239,776,1,1,0.207457
239,3195,1,1,0.207457
776,3195,1,1,0.207457
1484,5016,1,1,0.207457
563,2347,1,1,0.207457
2926,5016,1,1,0.207457
2883,3531,1,1,0.207457
1473,2926,1,1,0.207457
2447,3083,1,1,0.207457
5016,5441,1,1,0.207457
4668,5405,1,1,0.207457
1473,5016,1,1,0.207457
4668,6310,1,1,0.207457
5405,6310,1,1,0.207457
2258,6496,1,1,0.207457
2862,4507,1,1,0.207457
2676,3111,1,1,0.207457
233,4413,1,1,0.20512
233,1276,1,1,0.20512
3397,5959,1,1,0.20512
1211,2409,1,1,0.20512
62,5453,1,1,0.20512
62,4413,1,1,0.20512
62,1276,1,1,0.20512
62,233,1,1,0.20512
1907,5959,1,1,0.20512
233,5453,1,1,0.20512
141,799,1,1,0.20512
1211,4302,1,1,0.20512
5981,6727,1,1,0.20512
1747,2409,1,1,0.20512
1747,4302,1,1,0.20512
186,1120,1,1,0.20512
186,2635,1,1,0.20512
1120,2635,1,1,0.20512
3249,6727,1,1,0.20512
3634,4543,1,1,0.20512
2629,2916,1,1,0.20512
3784,4396,1,1,0.20512
4413,5453,1,1,0.20512
1276,5453,1,1,0.20512
1276,4413,1,1,0.20512
1211,1747,1,1,0.20512
1211,3991,1,1,0.20512
1907,3397,1,1,0.20512
2409,4302,1,1,0.20512
2137,2165,1,1,0.2048
3848,6215,1,1,0.2048
1059,2943,1,1,0.2048
2066,2943,1,1,0.2048
1059,1353,1,1,0.2048
2066,2148,1,1,0.2048
2066,4971,1,1,0.2048
1923,3069,1,1,0.2048
1059,2080,1,1,0.2048
3450,4482,1,1,0.2048
3221,4976,1,1,0.2048
2066,4177,1,1,0.2048
593,1984,1,1,0.2048
2066,2775,1,1,0.2048
2066,3726,1,1,0.2048
1812,2702,1,1,0.2048
2066,4111,1,1,0.2048
3991,6589,1,1,0.204172
63,71,1,1,0.204172
63,1762,1,1,0.204172
63,3333,1,1,0.204172
71,1762,1,1,0.204172
71,3333,1,1,0.204172
1762,3333,1,1,0.204172
3941,6194,1,1,0.204172
3421,5913,1,1,0.204172
3203,4832,1,1,0.204172
3991,4496,1,1,0.204172
621,3075,1,1,0.204172
1809,6589,1,1,0.204172
741,2631,1,1,0.204172
1227,5848,1,1,0.204172
4496,6589,1,1,0.204172
1858,6441,1,1,0.203253
106,2120,1,1,0.203253
106,2964,1,1,0.203253
1285,5691,1,1,0.203253
3052,3195,1,1,0.203253
370,3052,1,1,0.203253
372,4423,1,1,0.203253
370,3195,1,1,0.203253
1557,2118,1,1,0.203253
3037,3880,1,1,0.202656
4318,4604,1,1,0.202656
414,5598,1,1,0.202656
561,3037,1,1,0.202656
454,5598,1,1,0.202656
204,3477,1,1,0.202656
1929,3037,1,1,0.202656
3880,4604,1,1,0.202656
3880,4318,1,1,0.202656
3037,4604,1,1,0.202656
553,5598,1,1,0.202656
561,1929,1,1,0.202656
414,4318,1,1,0.202656
414,3037,1,1,0.202656
3477,4262,1,1,0.202656
186,4262,1,1,0.202656
1525,3477,1,1,0.202656
1525,6581,1,1,0.202656
3141,3477,1,1,0.202656
204,4262,1,1,0.202656
4693,5551,1,1,0.202656
3477,6581,1,1,0.202656
3141,6581,1,1,0.202656
3477,4085,1,1,0.202656
3477,6714,1,1,0.202656
4085,6714,1,1,0.202656
137,2114,1,1,0.202656
440,3050,1,1,0.202656
1568,4651,1,1,0.202656
1525,3141,1,1,0.202656
599,3192,1,1,0.202362
4056,4167,1,1,0.202362
396,4167,1,1,0.202362
396,4056,1,1,0.202362
718,2409,1,1,0.202362
966,2066,1,1,0.202071
622,786,1,1,0.202071
5867,6318,1,1,0.202071
4977,5310,1,1,0.202071
3075,3998,1,1,0.201497
3892,5344,1,1,0.201497
3075,5257,1,1,0.201497
5174,5344,1,1,0.201497
3101,5344,1,1,0.201497
4169,6189,1,1,0.201497
313,705,1,1,0.201497
2409,2464,1,1,0.201497
202,5344,1,1,0.201497
1759,5344,1,1,0.201497
3831,5344,1,1,0.201497
3075,5068,1,1,0.201497
1773,2409,1,1,0.201497
4453,5344,1,1,0.201497
3683,5344,1,1,0.201497
5257,5344,1,1,0.201497
5090,5344,1,1,0.201497
3075,3869,1,1,0.201497
156,3075,1,1,0.201497
3998,5068,1,1,0.201497
3075,3991,1,1,0.201497
1831,2871,1,1,0.201497
3075,6065,1,1,0.201497
1512,3044,1,1,0.201497
4797,6214,1,1,0.201497
449,982,1,1,0.201497
449,4973,1,1,0.201497
1968,5774,1,1,0.201497
2114,2575,1,1,0.201497
4318,4606,1,1,0.201497
2211,3044,1,1,0.201497
1743,3044,1,1,0.201497
1743,2211,1,1,0.201497
4835,5090,1,1,0.201497
4507,5090,1,1,0.201497
4507,4835,1,1,0.201497
2354,3204,1,1,0.201497
2565,4043,1,1,0.201497
982,4973,1,1,0.201497
370,3044,1,1,0.201497
2048,6214,1,1,0.201497
4552,5344,1,1,0.201497
2048,4797,1,1,0.201497
2409,4552,1,1,0.201497
3991,6065,1,1,0.201497
2070,2871,1,1,0.201497
1346,5441,1,1,0.201497
770,6784,1,1,0.201497
91,556,1,1,0.201497
1389,6654,1,1,0.201497
3050,3075,1,1,0.201497
321,381,1,1,0.201497
598,5441,1,1,0.201497
1788,2983,1,1,0.201497
1788,6500,1,1,0.201497
2862,5856,1,1,0.201497
2862,5959,1,1,0.201497
5856,5959,1,1,0.201497
370,1512,1,1,0.201497
5303,5463,1,1,0.200383
1773,4713,1,1,0.200383
2348,4941,1,1,0.200383
2714,5463,1,1,0.200383
992,2348,1,1,0.200383
992,2926,1,1,0.200383
992,4941,1,1,0.200383
1892,2348,1,1,0.200383
1892,2926,1,1,0.200383
2348,2926,1,1,0.200383
1892,4941,1,1,0.200383
992,1892,1,1,0.200383
454,2133,1,1,0.197775
3323,6062,1,1,0.197527
4721,5241,1,1,0.197527
4215,5241,1,1,0.197527
4215,4721,1,1,0.197527
753,3277,1,1,0.197527
2117,5241,1,1,0.197527
2117,4721,1,1,0.197527
2117,4215,1,1,0.197527
2832,4409,1,1,0.197527
1231,4721,1,1,0.197527
3277,3323,1,1,0.197527
3323,3901,1,1,0.197527
753,3323,1,1,0.197527
1007,3277,1,1,0.197527
1007,3323,1,1,0.197527
1007,3901,1,1,0.197527
753,1787,1,1,0.197527
1007,6058,1,1,0.197527
1007,6062,1,1,0.197527
3323,6058,1,1,0.197527
138,5203,1,1,0.197527
6058,6680,1,1,0.197527
753,6680,1,1,0.197527
1787,3901,1,1,0.197527
1178,6058,1,1,0.197527
2268,3326,1,1,0.197527
2373,5604,1,1,0.197527
2268,3901,1,1,0.197527
2268,6058,1,1,0.197527
2268,6062,1,1,0.197527
2268,6411,1,1,0.197527
3326,3901,1,1,0.197527
3326,6058,1,1,0.197527
3326,6062,1,1,0.197527
1178,3901,1,1,0.197527
1178,3326,1,1,0.197527
1178,2268,1,1,0.197527
753,3326,1,1,0.197527
753,2268,1,1,0.197527
1320,4992,1,1,0.197527
3901,6680,1,1,0.197527
1787,6680,1,1,0.197527
1787,6058,1,1,0.197527
753,1007,1,1,0.197527
3901,6411,1,1,0.197527
5171,6062,1,1,0.197527
3901,5171,1,1,0.197527
3867,4215,1,1,0.197527
1231,4215,1,1,0.197527
1231,3867,1,1,0.197527
2613,3734,1,1,0.197527
2613,6482,1,1,0.197527
3734,6482,1,1,0.197527
4116,5122,1,1,0.197527
824,1393,1,1,0.197527
1629,2832,1,1,0.197527
3420,4992,1,1,0.197527
2739,6318,1,1,0.197527
1393,4327,1,1,0.197527
771,1178,1,1,0.197527
771,3277,1,1,0.197527
1178,3277,1,1,0.197527
771,4324,1,1,0.197527
3418,4986,1,1,0.197527
771,4992,1,1,0.197527
2201,3341,1,1,0.197527
2739,4661,1,1,0.197527
2880,3531,1,1,0.197527
2880,6058,1,1,0.197527
2643,3420,1,1,0.197527
3277,5171,1,1,0.197527
3420,6411,1,1,0.197527
3420,6062,1,1,0.197527
3169,6411,1,1,0.197527
3169,6062,1,1,0.197527
3169,3420,1,1,0.197527
2643,6411,1,1,0.197527
2643,6062,1,1,0.197527
2643,3169,1,1,0.197527
3531,6058,1,1,0.197527
1178,3420,1,1,0.197527
1178,3169,1,1,0.197527
1178,2643,1,1,0.197527
973,3420,1,1,0.197527
973,3169,1,1,0.197527
973,2643,1,1,0.197527
973,1178,1,1,0.197527
753,3420,1,1,0.197527
3326,6411,1,1,0.197527
225,6164,1,1,0.196796
657,1598,1,1,0.196796
1598,1685,1,1,0.196796
657,3270,1,1,0.196796
657,2894,1,1,0.196796
657,1685,1,1,0.196796
5994,6164,1,1,0.196796
5385,6164,1,1,0.196796
5385,5994,1,1,0.196796
1286,6164,1,1,0.196796
1286,5994,1,1,0.196796
1186,6164,1,1,0.196796
1186,5994,1,1,0.196796
1186,5385,1,1,0.196796
1186,1286,1,1,0.196796
225,5994,1,1,0.196796
225,5385,1,1,0.196796
225,1286,1,1,0.196796
225,1186,1,1,0.196796
225,5143,1,1,0.196796
657,3991,1,1,0.196796
657,6743,1,1,0.196796
2894,3991,1,1,0.196796
2894,3270,1,1,0.196796
3478,6714,1,1,0.196796
3478,5994,1,1,0.196796
3991,6743,1,1,0.196796
3270,6743,1,1,0.196796
3270,3991,1,1,0.196796
2894,6743,1,1,0.196796
1598,2894,1,1,0.196796
1685,6743,1,1,0.196796
2495,4512,1,1,0.196796
1685,3991,1,1,0.196796
1685,3270,1,1,0.196796
1685,2894,1,1,0.196796
1598,6743,1,1,0.196796
1598,3991,1,1,0.196796
1598,3270,1,1,0.196796
5994,6714,1,1,0.196796
417,1045,1,1,0.19585
78,1432,1,1,0.19585
439,1625,1,1,0.19585
1917,5460,1,1,0.19585
1109,3670,1,1,0.19585
917,1011,1,1,0.19585
1470,1913,1,1,0.19585
3747,6333,1,1,0.19585
142,2317,1,1,0.19585
417,439,1,1,0.19585
417,1625,1,1,0.19585
2579,3670,1,1,0.19585
763,3670,1,1,0.19585
1625,6333,1,1,0.19585
1011,3747,1,1,0.19585
1011,6333,1,1,0.19585
1625,3747,1,1,0.19585
892,4489,1,1,0.195161
883,1388,1,1,0.195161
883,4387,1,1,0.195161
1388,4387,1,1,0.195161
1017,1907,1,1,0.195161
152,3935,1,1,0.195161
141,2899,1,1,0.194936
1311,3826,1,1,0.194936
381,1311,1,1,0.194936
122,3826,1,1,0.194936
122,1311,1,1,0.194936
62,1211,1,1,0.194936
1747,5344,1,1,0.194936
2193,5541,1,1,0.194936
141,5895,1,1,0.194936
318,2929,1,1,0.194936
1077,1150,1,1,0.194936
1552,4188,1,1,0.194936
3024,4167,1,1,0.194936
1327,4406,1,1,0.194936
381,774,1,1,0.194936
1038,1747,1,1,0.194936
998,2172,1,1,0.194936
204,2172,1,1,0.194936
381,3826,1,1,0.194936
3952,3996,1,1,0.194712
2441,6230,1,1,0.194712
2441,3996,1,1,0.194712
2441,3952,1,1,0.194712
200,931,1,1,0.194712
1439,6230,1,1,0.194712
1439,3996,1,1,0.194712
3996,6230,1,1,0.194712
1648,2507,1,1,0.194712
200,701,1,1,0.194712
1643,6597,1,1,0.194712
1198,6597,1,1,0.194712
1198,1643,1,1,0.194712
701,6597,1,1,0.194712
1439,2441,1,1,0.194712
701,1643,1,1,0.194712
701,1198,1,1,0.194712
3952,6230,1,1,0.194712
18,1594,1,1,0.194712
1439,3952,1,1,0.194712
114,4390,1,1,0.194712
1859,4390,1,1,0.194712
1590,1859,1,1,0.194712
5132,5748,1,1,0.194712
3280,5242,1,1,0.194712
3280,4333,1,1,0.194712
1859,5242,1,1,0.194712
1859,4333,1,1,0.194712
1859,3280,1,1,0.194712
1590,5242,1,1,0.194712
1590,4333,1,1,0.194712
1590,3280,1,1,0.194712
701,5242,1,1,0.194712
301,4390,1,1,0.194712
701,4333,1,1,0.194712
701,3280,1,1,0.194712
701,1859,1,1,0.194712
701,1590,1,1,0.194712
2788,3983,1,1,0.194712
5132,6805,1,1,0.194712
5748,6805,1,1,0.194712
2441,2873,1,1,0.194712
2441,4923,1,1,0.194712
4955,6805,1,1,0.194712
4955,5748,1,1,0.194712
4955,5132,1,1,0.194712
3616,6805,1,1,0.194712
301,1859,1,1,0.194712
200,2441,1,1,0.194712
3285,4535,1,1,0.194712
1590,1997,1,1,0.194712
1590,3616,1,1,0.194712
1590,4955,1,1,0.194712
1997,3616,1,1,0.194712
1997,4955,1,1,0.194712
2001,2507,1,1,0.194712
114,658,1,1,0.194712
114,1859,1,1,0.194712
114,301,1,1,0.194712
4333,5242,1,1,0.194712
114,3685,1,1,0.194712
658,3685,1,1,0.194712
203,206,1,1,0.194712
2510,4340,1,1,0.194712
3616,5132,1,1,0.194712
3616,5748,1,1,0.194712
200,2001,1,1,0.194712
1850,2788,1,1,0.194712
200,6100,1,1,0.194712
562,6331,1,1,0.194712
562,2674,1,1,0.194712
562,2364,1,1,0.194712
562,2001,1,1,0.194712
2154,5437,1,1,0.194712
4955,5242,1,1,0.194712
2168,5242,1,1,0.194712
2168,4955,1,1,0.194712
1643,5242,1,1,0.194712
1643,4955,1,1,0.194712
1643,2168,1,1,0.194712
931,5242,1,1,0.194712
931,4955,1,1,0.194712
931,2168,1,1,0.194712
931,1643,1,1,0.194712
114,5242,1,1,0.194712
562,5067,1,1,0.194712
2001,2364,1,1,0.194712
701,931,1,1,0.194712
2001,2674,1,1,0.194712
800,2788,1,1,0.194712
800,2696,1,1,0.194712
800,1850,1,1,0.194712
2519,6805,1,1,0.194712
2219,2519,1,1,0.194712
315,1643,1,1,0.194712
5362,6660,1,1,0.194712
5067,6331,1,1,0.194712
2674,6331,1,1,0.194712
2674,5067,1,1,0.194712
2364,6331,1,1,0.194712
2364,5067,1,1,0.194712
2364,2674,1,1,0.194712
2001,6331,1,1,0.194712
2001,5067,1,1,0.194712
114,4955,1,1,0.194712
114,2168,1,1,0.194712
114,1643,1,1,0.194712
2342,3280,1,1,0.194712
20,4533,1,1,0.194712
2507,3280,1,1,0.194712
1426,2696,1,1,0.194712
2873,4923,1,1,0.194712
1850,2696,1,1,0.194712
20,2622,1,1,0.194712
20,856,1,1,0.194712
2441,6100,1,1,0.194712
2001,6100,1,1,0.194712
2001,2441,1,1,0.194712
931,6100,1,1,0.194712
931,2441,1,1,0.194712
931,2001,1,1,0.194712
701,6100,1,1,0.194712
701,2001,1,1,0.194712
2598,3280,1,1,0.194712
2342,2598,1,1,0.194712
114,931,1,1,0.194712
2507,4535,1,1,0.194712
2796,5087,1,1,0.194712
1426,5087,1,1,0.194712
1426,2796,1,1,0.194712
4533,6660,1,1,0.194712
2622,6660,1,1,0.194712
2622,4533,1,1,0.194712
856,6660,1,1,0.194712
856,4533,1,1,0.194712
856,2622,1,1,0.194712
20,6660,1,1,0.194712
2696,2788,1,1,0.194712
1426,3186,1,1,0.194712
1426,4029,1,1,0.194712
3186,4029,1,1,0.194712
130,5242,1,1,0.194712
2242,3735,1,1,0.193619
2261,4252,1,1,0.193619
854,3416,1,1,0.193619
5512,6123,1,1,0.193619
6123,6625,1,1,0.193619
2606,6213,1,1,0.193619
3956,4154,1,1,0.193619
3956,6878,1,1,0.193619
4154,6878,1,1,0.193619
3735,6604,1,1,0.193619
5008,5235,1,1,0.193619
66,1695,1,1,0.193619
3163,6625,1,1,0.193619
2922,3956,1,1,0.193619
394,1425,1,1,0.193619
3956,6213,1,1,0.193619
854,6625,1,1,0.193619
475,1652,1,1,0.192569
31,333,1,1,0.192569
3903,5257,1,1,0.191558
1559,3903,1,1,0.191558
1910,3406,1,1,0.191558
2714,3531,1,1,0.191558
2344,3333,1,1,0.191558
1910,3836,1,1,0.191558
140,192,1,1,0.191558
140,6861,1,1,0.191558
577,1338,1,1,0.191558
192,3744,1,1,0.191558
5103,6861,1,1,0.191558
34,279,1,1,0.191558
3836,5103,1,1,0.191558
44,1059,1,1,0.191558
2319,2447,1,1,0.190394
3366,3628,1,1,0.190394
683,2185,1,1,0.190394
683,3366,1,1,0.190394
683,3628,1,1,0.190394
2185,3366,1,1,0.190394
2185,3628,1,1,0.190394
1501,5174,1,1,0.190394
353,475,1,1,0.190394
1148,4413,1,1,0.190394
4912,6339,1,1,0.190394
1197,4188,1,1,0.190394
3024,5988,1,1,0.190394
3109,4166,1,1,0.190394
1947,4188,1,1,0.190394
1148,5344,1,1,0.190394
966,4880,1,1,0.190394
1197,1947,1,1,0.190394
966,3254,1,1,0.190394
225,4188,1,1,0.190394
225,1947,1,1,0.190394
1145,3902,1,1,0.190394
3254,4880,1,1,0.190394
3225,5988,1,1,0.190394
225,1197,1,1,0.190394
3109,5230,1,1,0.190394
2577,3924,1,1,0.190394
3924,5588,1,1,0.190394
2822,5151,1,1,0.18983
3826,5151,1,1,0.18983
407,1653,1,1,0.18983
2087,2828,1,1,0.18983
1614,2087,1,1,0.18983
1582,2087,1,1,0.18983
1572,6500,1,1,0.18983
1286,6500,1,1,0.18983
1286,1572,1,1,0.18983
1767,3894,1,1,0.187184
3869,3894,1,1,0.187184
4478,4765,1,1,0.187184
1130,3075,1,1,0.187184
3051,6867,1,1,0.187184
2331,4368,1,1,0.187184
4835,4912,1,1,0.187184
1192,3075,1,1,0.187184
2689,5103,1,1,0.187184
1334,5103,1,1,0.187184
553,2988,1,1,0.187184
1334,2689,1,1,0.187184
553,3052,1,1,0.187184
53,914,1,1,0.187184
2988,3052,1,1,0.187184
415,3406,1,1,0.187184
1933,4406,1,1,0.187184
3075,4262,1,1,0.187184
1059,3119,1,1,0.187184
3453,4262,1,1,0.187184
2057,5334,1,1,0.187017
85,2393,1,1,0.187017
6294,6390,1,1,0.187017
2393,5237,1,1,0.187017
85,3903,1,1,0.187017
1289,2748,1,1,0.187017
5334,5763,1,1,0.187017
651,5166,1,1,0.187017
2057,5763,1,1,0.187017
239,5691,1,1,0.187017
776,1299,1,1,0.187017
4486,5107,1,1,0.187017
2087,3839,1,1,0.187017
333,1987,1,1,0.187017
2222,2881,1,1,0.187017
85,2118,1,1,0.187017
3249,4973,1,1,0.187017
1211,3208,1,1,0.187017
1109,5895,1,1,0.187017
370,4111,1,1,0.187017
1905,2005,1,1,0.18288
555,3836,1,1,0.18288
729,2005,1,1,0.180464
974,5728,1,1,0.180464
4131,5728,1,1,0.180464
425,5728,1,1,0.180464
4035,5103,1,1,0.180464
3649,4025,1,1,0.180464
3571,5235,1,1,0.180337
939,3420,1,1,0.180337
1880,3420,1,1,0.180337
116,939,1,1,0.180337
116,1880,1,1,0.180337
5336,6604,1,1,0.180337
618,1320,1,1,0.180337
3956,5336,1,1,0.180337
3956,6604,1,1,0.180337
818,4104,1,1,0.180337
1695,6604,1,1,0.180337
3956,4104,1,1,0.180337
881,6604,1,1,0.180337
818,3956,1,1,0.180337
1695,5223,1,1,0.180337
1109,1909,1,1,0.180337
4977,6213,1,1,0.180337
881,6267,1,1,0.180337
6267,6604,1,1,0.180337
1320,1654,1,1,0.180337
533,929,1,1,0.180337
1782,6213,1,1,0.180337
854,1425,1,1,0.180337
66,6220,1,1,0.180337
579,3735,1,1,0.180337
929,6480,1,1,0.180337
1342,2606,1,1,0.180337
1342,4526,1,1,0.180337
2606,4526,1,1,0.180337
257,4813,1,1,0.180337
3334,6213,1,1,0.180337
66,3128,1,1,0.180337
66,1109,1,1,0.180337
929,3956,1,1,0.180337
66,1909,1,1,0.180337
527,3960,1,1,0.176586
2081,2587,1,1,0.176586
2081,3225,1,1,0.176586
527,1831,1,1,0.176586
527,2165,1,1,0.176586
2081,5535,1,1,0.176586
1117,2165,1,1,0.176586
527,4469,1,1,0.176586
2317,2587,1,1,0.176586
1117,1831,1,1,0.176586
2317,3225,1,1,0.176586
1117,3960,1,1,0.176586
595,2048,1,1,0.176586
2081,2317,1,1,0.176586
1562,3960,1,1,0.176586
527,1117,1,1,0.176586
159,2048,1,1,0.176586
141,4469,1,1,0.176586
159,595,1,1,0.176586
3904,3960,1,1,0.176586
3204,3960,1,1,0.176586
3204,3904,1,1,0.176586
2256,4956,1,1,0.176586
2165,3904,1,1,0.176586
2165,3204,1,1,0.176586
982,3718,1,1,0.176586
1562,3904,1,1,0.176586
1562,3204,1,1,0.176586
1562,2165,1,1,0.176586
1062,3960,1,1,0.176586
982,3934,1,1,0.176586
888,3718,1,1,0.176586
982,3668,1,1,0.176586
3171,4941,1,1,0.176586
1062,3904,1,1,0.176586
2587,5535,1,1,0.176586
3225,5535,1,1,0.176586
2354,3590,1,1,0.176586
1831,4469,1,1,0.176586
1831,3960,1,1,0.176586
1831,2165,1,1,0.176586
2587,3225,1,1,0.176586
187,3994,1,1,0.176586
1911,5691,1,1,0.176586
2116,3171,1,1,0.176586
2116,4318,1,1,0.176586
2116,4941,1,1,0.176586
2116,6633,1,1,0.176586
2165,4469,1,1,0.176586
3171,4318,1,1,0.176586
1762,2828,1,1,0.176586
1762,2256,1,1,0.176586
3960,4469,1,1,0.176586
888,982,1,1,0.176586
888,3668,1,1,0.176586
1762,2081,1,1,0.176586
2317,5535,1,1,0.176586
3707,4873,1,1,0.176586
1117,4469,1,1,0.176586
888,3934,1,1,0.176586
4321,4915,1,1,0.176586
2165,4915,1,1,0.176586
2165,4321,1,1,0.176586
141,3960,1,1,0.176586
1062,1562,1,1,0.176586
1062,3204,1,1,0.176586
204,556,1,1,0.176586
2504,3960,1,1,0.176586
2504,5988,1,1,0.176586
2863,3960,1,1,0.176586
2863,5988,1,1,0.176586
3960,5988,1,1,0.176586
556,2594,1,1,0.176586
556,1186,1,1,0.176586
204,5930,1,1,0.176586
204,2594,1,1,0.176586
204,1186,1,1,0.176586
5959,6500,1,1,0.176586
3718,5531,1,1,0.176586
5863,6500,1,1,0.176586
5863,5959,1,1,0.176586
4873,6500,1,1,0.176586
4873,5959,1,1,0.176586
4873,5863,1,1,0.176586
4318,6500,1,1,0.176586
4318,5959,1,1,0.176586
1762,4956,1,1,0.176586
102,2863,1,1,0.176586
4318,5863,1,1,0.176586
556,5930,1,1,0.176586
2504,2863,1,1,0.176586
1276,5988,1,1,0.176586
2862,4364,1,1,0.176586
1276,2863,1,1,0.176586
1130,2620,1,1,0.176586
102,3960,1,1,0.176586
1276,3960,1,1,0.176586
1130,5333,1,1,0.176586
1130,5531,1,1,0.176586
2165,2620,1,1,0.176586
2165,5333,1,1,0.176586
2165,5531,1,1,0.176586
2620,5333,1,1,0.176586
1186,5930,1,1,0.176586
1186,2594,1,1,0.176586
2620,5531,1,1,0.176586
5333,5531,1,1,0.176586
2005,2862,1,1,0.176586
2005,3971,1,1,0.176586
2005,4258,1,1,0.176586
2005,4364,1,1,0.176586
2005,5616,1,1,0.176586
2862,3971,1,1,0.176586
2862,4258,1,1,0.176586
4318,4873,1,1,0.176586
2081,2256,1,1,0.176586
1062,2165,1,1,0.176586
4364,5616,1,1,0.176586
1682,2165,1,1,0.176586
1130,1682,1,1,0.176586
159,2165,1,1,0.176586
2862,5616,1,1,0.176586
3971,4258,1,1,0.176586
159,302,1,1,0.176586
3971,4364,1,1,0.176586
3971,5616,1,1,0.176586
4258,4364,1,1,0.176586
4258,5616,1,1,0.176586
141,527,1,1,0.176586
102,2504,1,1,0.176586
141,1117,1,1,0.176586
159,3247,1,1,0.176586
159,3960,1,1,0.176586
302,3247,1,1,0.176586
302,3960,1,1,0.176586
3247,3960,1,1,0.176586
3590,6500,1,1,0.176586
141,1831,1,1,0.176586
102,5988,1,1,0.176586
141,2165,1,1,0.176586
2132,3718,1,1,0.176586
1099,2165,1,1,0.176586
1099,5622,1,1,0.176586
2165,5622,1,1,0.176586
2081,2828,1,1,0.176586
2316,5531,1,1,0.176586
2081,4956,1,1,0.176586
2256,2828,1,1,0.176586
102,1276,1,1,0.176586
3668,5726,1,1,0.176586
2316,5726,1,1,0.176586
2316,3668,1,1,0.176586
2316,3718,1,1,0.176586
2316,2347,1,1,0.176586
1503,5726,1,1,0.176586
1503,3668,1,1,0.176586
2828,4956,1,1,0.176586
1503,2316,1,1,0.176586
1277,5726,1,1,0.176586
1277,3668,1,1,0.176586
3171,6633,1,1,0.176586
1276,2461,1,1,0.176586
1277,1503,1,1,0.176586
1276,3869,1,1,0.176586
510,3874,1,1,0.176586
1277,2316,1,1,0.176586
2594,5930,1,1,0.176586
4318,4941,1,1,0.176586
3037,3247,1,1,0.176586
3037,5616,1,1,0.176586
3247,5616,1,1,0.176586
158,2894,1,1,0.176586
1051,3739,1,1,0.176586
1051,6690,1,1,0.176586
2819,3453,1,1,0.176586
3718,3934,1,1,0.176586
3739,6690,1,1,0.176586
2149,3189,1,1,0.176586
947,2354,1,1,0.176586
931,1338,1,1,0.176586
931,2819,1,1,0.176586
931,3453,1,1,0.176586
1338,3453,1,1,0.176586
947,3590,1,1,0.176586
97,5531,1,1,0.176586
2461,2504,1,1,0.176586
2461,3869,1,1,0.176586
2504,3869,1,1,0.176586
34,1676,1,1,0.176586
894,1370,1,1,0.176586
894,2565,1,1,0.176586
1370,2565,1,1,0.176586
5102,5531,1,1,0.176586
97,2347,1,1,0.176586
159,1682,1,1,0.176586
159,1130,1,1,0.176586
3668,3934,1,1,0.176586
4318,6633,1,1,0.176586
2256,5616,1,1,0.176586
2502,5834,1,1,0.176586
3668,3718,1,1,0.176586
1051,1069,1,1,0.176586
4941,6633,1,1,0.176586
1069,1130,1,1,0.176586
195,5774,1,1,0.176586
1051,1130,1,1,0.176586
2894,3960,1,1,0.176586
158,3960,1,1,0.176586
2256,3037,1,1,0.176586
2256,3247,1,1,0.176586
2623,3960,1,1,0.176586
1940,5967,1,1,0.175322
5453,5616,1,1,0.175322
2135,4445,1,1,0.175322
2135,5333,1,1,0.175322
2135,5959,1,1,0.175322
4445,5959,1,1,0.175322
5333,5959,1,1,0.175322
233,2207,1,1,0.175322
233,5569,1,1,0.175322
2207,5569,1,1,0.175322
225,1130,1,1,0.175322
149,5266,1,1,0.175322
225,2207,1,1,0.175322
225,6397,1,1,0.175322
1130,2207,1,1,0.175322
4754,5453,1,1,0.175322
1130,6397,1,1,0.175322
2207,6397,1,1,0.175322
498,1206,1,1,0.175322
498,4549,1,1,0.175322
4754,5616,1,1,0.175322
2165,3145,1,1,0.175322
3145,5616,1,1,0.175322
3145,5453,1,1,0.175322
5453,6533,1,1,0.175322
2594,3903,1,1,0.175322
893,1614,1,1,0.175322
2207,2280,1,1,0.175322
69,2594,1,1,0.175322
69,3960,1,1,0.175322
69,4549,1,1,0.175322
2594,4549,1,1,0.175322
3960,4549,1,1,0.175322
1130,5931,1,1,0.175322
498,3145,1,1,0.175322
498,4754,1,1,0.175322
498,5453,1,1,0.175322
498,5616,1,1,0.175322
2822,3960,1,1,0.175322
2165,4754,1,1,0.175322
2165,5453,1,1,0.175322
2165,5616,1,1,0.175322
3145,4754,1,1,0.175322
498,2822,1,1,0.175322
4445,5333,1,1,0.175322
1206,4549,1,1,0.175322
1651,6517,1,1,0.175322
498,6164,1,1,0.175322
2207,4623,1,1,0.175322
149,4623,1,1,0.175322
149,2207,1,1,0.175322
2207,6517,1,1,0.175322
1676,2207,1,1,0.175322
2524,5301,1,1,0.175322
2207,5301,1,1,0.175322
2207,2524,1,1,0.175322
117,4145,1,1,0.175322
225,6566,1,1,0.175322
510,2232,1,1,0.175322
3225,4754,1,1,0.175322
1816,4696,1,1,0.175322
2081,3134,1,1,0.175322
1473,6517,1,1,0.175322
3052,5681,1,1,0.175322
1473,1651,1,1,0.175322
498,6548,1,1,0.175322
2165,6164,1,1,0.175322
2165,6548,1,1,0.175322
2185,5691,1,1,0.175322
6164,6548,1,1,0.175322
992,6517,1,1,0.175322
1130,5551,1,1,0.175322
1130,6251,1,1,0.175322
5551,6251,1,1,0.175322
495,1245,1,1,0.169182
3711,6185,1,1,0.169182
3450,6072,1,1,0.169182
1997,3401,1,1,0.169182
1997,6387,1,1,0.169182
3401,6387,1,1,0.169182
1711,2937,1,1,0.169182
5765,6387,1,1,0.169182
1674,2441,1,1,0.169182
814,3900,1,1,0.169182
2849,6185,1,1,0.169182
1674,3450,1,1,0.169182
4362,6387,1,1,0.169182
314,432,1,1,0.169182
4150,6185,1,1,0.169182
20,6387,1,1,0.169182
495,5952,1,1,0.169182
14,1650,1,1,0.169182
1643,3487,1,1,0.169182
730,983,1,1,0.169182
754,2937,1,1,0.169182
576,5528,1,1,0.169182
730,2674,1,1,0.169182
983,2674,1,1,0.169182
1643,2503,1,1,0.169182
2503,3487,1,1,0.169182
1037,6387,1,1,0.169182
897,2579,1,1,0.169182
2888,5543,1,1,0.169182
814,5952,1,1,0.169182
828,1045,1,1,0.169182
828,6387,1,1,0.169182
1045,6387,1,1,0.169182
485,1252,1,1,0.169182
4502,4750,1,1,0.169182
1674,4976,1,1,0.169182
2886,3900,1,1,0.169182
497,2674,1,1,0.169182
814,1711,1,1,0.169182
6193,6450,1,1,0.169182
672,1724,1,1,0.169182
1590,4502,1,1,0.169182
3900,6193,1,1,0.169182
315,2116,1,1,0.169182
2441,3450,1,1,0.169182
3699,4249,1,1,0.169182
1708,4249,1,1,0.169182
1708,3699,1,1,0.169182
1185,4150,1,1,0.169182
2441,6185,1,1,0.169182
1590,4750,1,1,0.169182
661,2441,1,1,0.169182
20,3450,1,1,0.169182
3883,4750,1,1,0.169182
565,3711,1,1,0.169182
2441,6715,1,1,0.169182
565,6185,1,1,0.169182
247,2441,1,1,0.169182
20,4502,1,1,0.169182
1156,2637,1,1,0.169182
2441,2898,1,1,0.169182
189,2898,1,1,0.169182
189,2441,1,1,0.169182
800,817,1,1,0.169182
856,3983,1,1,0.169182
2441,6387,1,1,0.169182
3450,4976,1,1,0.169182
2441,4976,1,1,0.169182
247,6715,1,1,0.169182
2886,6193,1,1,0.169182
1799,5651,1,1,0.162984
3037,5634,1,1,0.162984
245,1040,1,1,0.162984
4045,4478,1,1,0.162984
240,3371,1,1,0.162984
1693,2020,1,1,0.162984
3537,4616,1,1,0.162984
1693,2690,1,1,0.162984
2020,2690,1,1,0.162984
1439,5368,1,1,0.162984
1143,6738,1,1,0.162984
1192,4822,1,1,0.162984
131,3551,1,1,0.161119
191,3782,1,1,0.161119
4016,6310,1,1,0.161119
2465,4016,1,1,0.161119
1163,6310,1,1,0.161119
3606,5225,1,1,0.161119
1493,2537,1,1,0.161119
1163,4016,1,1,0.161119
1163,2465,1,1,0.161119
1493,5641,1,1,0.161119
1501,2558,1,1,0.161119
3075,3366,1,1,0.161119
2797,5453,1,1,0.161119
2815,3465,1,1,0.161119
3109,6224,1,1,0.161119
2537,3840,1,1,0.161119
2047,2537,1,1,0.161119
3782,5453,1,1,0.161119
191,2537,1,1,0.161119
982,2884,1,1,0.161119
2884,3075,1,1,0.161119
750,5641,1,1,0.161119
553,5026,1,1,0.161119
1512,3531,1,1,0.161119
2537,5026,1,1,0.161119
3820,4469,1,1,0.161119
63,2537,1,1,0.161119
1193,2509,1,1,0.161119
1193,2537,1,1,0.161119
2509,2537,1,1,0.161119
131,2612,1,1,0.161119
131,3531,1,1,0.161119
2612,3531,1,1,0.161119
2537,4530,1,1,0.161119
976,2862,1,1,0.161119
43,3531,1,1,0.161119
353,1759,1,1,0.161119
353,2113,1,1,0.161119
353,2819,1,1,0.161119
1759,2113,1,1,0.161119
1759,2819,1,1,0.161119
2113,2819,1,1,0.161119
1265,1545,1,1,0.161119
2537,3075,1,1,0.161119
2537,3924,1,1,0.161119
3075,3924,1,1,0.161119
279,2537,1,1,0.161119
4321,5026,1,1,0.161119
298,4339,1,1,0.161119
298,6237,1,1,0.161119
4339,6237,1,1,0.161119
2537,3531,1,1,0.161119
225,3242,1,1,0.161119
976,1268,1,1,0.161119
1440,5463,1,1,0.161119
448,3196,1,1,0.161119
293,1286,1,1,0.161119
2537,5616,1,1,0.161119
2537,4188,1,1,0.161119
1032,6224,1,1,0.161119
353,3049,1,1,0.161119
353,4339,1,1,0.161119
3049,4339,1,1,0.161119
3993,4453,1,1,0.161119
3075,5368,1,1,0.161119
2863,4469,1,1,0.161119
3630,6500,1,1,0.161119
63,4978,1,1,0.161119
2113,4978,1,1,0.161119
2863,3820,1,1,0.161119
2066,2537,1,1,0.161119
4078,6794,1,1,0.161119
1286,2057,1,1,0.161119
63,2113,1,1,0.161119
293,2057,1,1,0.161119
921,4249,1,1,0.155567
140,3309,1,1,0.155567
2344,3309,1,1,0.155567
1005,2113,1,1,0.155567
594,2184,1,1,0.155567
1729,2184,1,1,0.155567
3880,5833,1,1,0.155567
1401,6433,1,1,0.155567
2113,5931,1,1,0.155567
33,5510,1,1,0.155567
138,2563,1,1,0.155567
140,2183,1,1,0.155567
3062,6596,1,1,0.155567
1121,4742,1,1,0.155567
140,2344,1,1,0.155567
5364,6368,1,1,0.155567
323,715,1,1,0.155567
951,2581,1,1,0.155567
1633,3934,1,1,0.155567
3164,6368,1,1,0.155567
26,6368,1,1,0.155567
26,5364,1,1,0.155567
5364,6234,1,1,0.155567
171,6193,1,1,0.155567
1633,6119,1,1,0.155567
854,2113,1,1,0.155567
998,2621,1,1,0.155567
1633,6654,1,1,0.155567
1277,6023,1,1,0.155567
1625,6654,1,1,0.155567
1625,1633,1,1,0.155567
930,2044,1,1,0.155567
951,2819,1,1,0.155567
1291,3999,1,1,0.155567
1919,2621,1,1,0.155567
591,2062,1,1,0.155567
2113,3484,1,1,0.155567
4349,5898,1,1,0.155567
2113,2827,1,1,0.155567
1032,3484,1,1,0.155567
1032,2827,1,1,0.155567
1032,2113,1,1,0.155567
332,1559,1,1,0.155567
2748,3654,1,1,0.155567
1226,2126,1,1,0.155567
584,2126,1,1,0.155567
584,1226,1,1,0.155567
3044,5833,1,1,0.155567
2819,5833,1,1,0.155567
2819,3044,1,1,0.155567
1721,4349,1,1,0.155567
3840,4349,1,1,0.155567
329,3840,1,1,0.155567
354,2280,1,1,0.155567
1361,1401,1,1,0.155567
1455,2748,1,1,0.155567
2000,2062,1,1,0.155567
1919,2748,1,1,0.155567
1030,6654,1,1,0.155567
1919,3739,1,1,0.155567
1030,1633,1,1,0.155567
1030,1625,1,1,0.155567
83,6654,1,1,0.155567
83,1633,1,1,0.155567
83,1625,1,1,0.155567
83,1030,1,1,0.155567
1401,2346,1,1,0.155567
1401,2579,1,1,0.155567
1263,3316,1,1,0.155567
1401,5409,1,1,0.155567
2346,2579,1,1,0.155567
2346,5409,1,1,0.155567
3739,6654,1,1,0.155567
2579,5409,1,1,0.155567
532,1263,1,1,0.155567
2748,6654,1,1,0.155567
2748,3739,1,1,0.155567
2621,6654,1,1,0.155567
2621,3739,1,1,0.155567
2621,2748,1,1,0.155567
1919,6654,1,1,0.155567
782,1005,1,1,0.155567
591,2000,1,1,0.155567
1051,2116,1,1,0.155567
3654,6559,1,1,0.155567
1633,4349,1,1,0.155567
354,5898,1,1,0.155567
2113,6559,1,1,0.155567
227,1196,1,1,0.155567
2113,3654,1,1,0.155567
1032,3171,1,1,0.155567
354,4349,1,1,0.155567
1291,6438,1,1,0.155567
325,1121,1,1,0.155567
1068,6438,1,1,0.155567
491,3739,1,1,0.155567
1858,2000,1,1,0.155567
1858,2172,1,1,0.155567
415,2116,1,1,0.155567
415,1051,1,1,0.155567
882,4071,1,1,0.155567
1785,2658,1,1,0.155567
2126,4718,1,1,0.155567
3517,4349,1,1,0.155567
2827,3484,1,1,0.155567
3999,4765,1,1,0.155567
2000,2172,1,1,0.155567
3737,3782,1,1,0.155567
1005,2308,1,1,0.155567
4056,4512,1,1,0.155567
1238,2578,1,1,0.155567
1778,6368,1,1,0.155567
919,5366,1,1,0.155567
591,1778,1,1,0.155567
2578,3484,1,1,0.155567
1971,2113,1,1,0.155567
3999,6842,1,1,0.155567
1503,1631,1,1,0.155567
1802,4089,1,1,0.155567
752,4089,1,1,0.155567
4074,6873,1,1,0.155567
752,1802,1,1,0.155567
4309,5183,1,1,0.155567
1571,2022,1,1,0.155567
5510,6438,1,1,0.155567
1169,2558,1,1,0.155567
1169,2748,1,1,0.155567
591,6368,1,1,0.155567
2558,2748,1,1,0.155567
140,2280,1,1,0.154356
140,2978,1,1,0.154356
788,4469,1,1,0.154356
677,2165,1,1,0.154356
1664,2165,1,1,0.154356
140,2621,1,1,0.154356
1703,3793,1,1,0.154356
1493,2978,1,1,0.154356
2978,3164,1,1,0.154356
336,808,1,1,0.154356
2978,3793,1,1,0.154356
336,779,1,1,0.154356
4125,5112,1,1,0.154356
301,3654,1,1,0.154356
788,2309,1,1,0.154356
2165,2581,1,1,0.154356
608,5298,1,1,0.154356
707,5298,1,1,0.154356
2347,2581,1,1,0.154356
3421,4259,1,1,0.154356
2280,2621,1,1,0.154356
378,4259,1,1,0.154356
63,3421,1,1,0.154356
140,2883,1,1,0.154356
140,4004,1,1,0.154356
779,808,1,1,0.154356
140,4469,1,1,0.154356
378,1493,1,1,0.154356
1338,2682,1,1,0.154356
3302,4198,1,1,0.154356
4198,5112,1,1,0.154356
1484,4198,1,1,0.154356
1121,2115,1,1,0.154356
2410,5261,1,1,0.154356
1345,5298,1,1,0.154356
186,3421,1,1,0.154356
915,5298,1,1,0.154356
1289,5250,1,1,0.154356
2165,2563,1,1,0.154356
5298,5710,1,1,0.154356
0,2165,1,1,0.154356
4469,6811,1,1,0.154356
1657,6811,1,1,0.154356
1657,4469,1,1,0.154356
287,6310,1,1,0.154356
321,808,1,1,0.154356
4545,5588,1,1,0.154356
69,287,1,1,0.154356
1616,2165,1,1,0.154356
140,3840,1,1,0.154356
1388,3241,1,1,0.154356
3421,4469,1,1,0.154356
3421,4004,1,1,0.154356
1289,2671,1,1,0.154356
1788,2081,1,1,0.154356
2883,4469,1,1,0.154356
3650,6491,1,1,0.154356
2883,4004,1,1,0.154356
2883,3421,1,1,0.154356
1946,6491,1,1,0.154356
287,2978,1,1,0.154356
1657,5250,1,1,0.154356
1514,3164,1,1,0.154356
1289,6260,1,1,0.154356
1289,3421,1,1,0.154356
1703,2978,1,1,0.154356
158,5286,1,1,0.154356
715,1788,1,1,0.154356
1936,3421,1,1,0.154356
1045,6410,1,1,0.154356
1788,3216,1,1,0.154356
140,915,1,1,0.154356
1545,3214,1,1,0.154356
2020,2113,1,1,0.154356
2165,3421,1,1,0.154356
1503,5762,1,1,0.154356
140,5298,1,1,0.154356
2978,6310,1,1,0.154356
4111,4912,1,1,0.154356
3421,5298,1,1,0.154356
49,283,1,1,0.154356
1209,4111,1,1,0.154356
715,3137,1,1,0.154356
715,4111,1,1,0.154356
3137,4111,1,1,0.154356
2978,5298,1,1,0.154356
4004,4469,1,1,0.154356
2978,3421,1,1,0.154356
140,843,1,1,0.154356
117,5931,1,1,0.154356
321,779,1,1,0.154356
2926,4368,1,1,0.154356
527,1747,1,1,0.154356
527,3411,1,1,0.154356
527,3991,1,1,0.154356
527,5298,1,1,0.154356
527,6861,1,1,0.154356
1338,1747,1,1,0.154356
1338,3411,1,1,0.154356
1338,3991,1,1,0.154356
1338,5298,1,1,0.154356
1338,6861,1,1,0.154356
1747,3411,1,1,0.154356
1747,3991,1,1,0.154356
1747,5298,1,1,0.154356
3411,3991,1,1,0.154356
3411,5298,1,1,0.154356
3411,6861,1,1,0.154356
3991,5298,1,1,0.154356
3991,6861,1,1,0.154356
5298,6861,1,1,0.154356
527,1338,1,1,0.154356
1467,2682,1,1,0.154356
2309,4469,1,1,0.154356
5823,6675,1,1,0.154356
5084,6042,1,1,0.154356
4430,5271,1,1,0.154356
2299,4111,1,1,0.154356
2299,6310,1,1,0.154356
4111,6310,1,1,0.154356
499,1811,1,1,0.154356
3622,4433,1,1,0.154356
840,2495,1,1,0.154356
2671,4486,1,1,0.154356
3935,6083,1,1,0.154356
603,1923,1,1,0.154356
4300,5090,1,1,0.154356
4300,5823,1,1,0.154356
5090,5823,1,1,0.154356
599,2629,1,1,0.154356
599,5823,1,1,0.154356
599,6675,1,1,0.154356
2629,5823,1,1,0.154356
2629,6675,1,1,0.154356
3465,3628,1,1,0.154356
3465,6224,1,1,0.154356
3628,6224,1,1,0.154356
603,5298,1,1,0.154356
63,3575,1,1,0.154356
4198,6517,1,1,0.154356
399,6533,1,1,0.154356
140,550,1,1,0.154356
140,6496,1,1,0.154356
550,6496,1,1,0.154356
95,3465,1,1,0.154356
95,5298,1,1,0.154356
3465,5298,1,1,0.154356
2815,6517,1,1,0.154356
2165,2554,1,1,0.154356
2165,4010,1,1,0.154356
2554,4010,1,1,0.154356
107,140,1,1,0.154356
608,707,1,1,0.154356
2165,6012,1,1,0.154356
6012,6414,1,1,0.154356
1338,3134,1,1,0.154356
1209,6517,1,1,0.154356
1892,5102,1,1,0.154356
4025,6517,1,1,0.154356
2347,6517,1,1,0.154356
1401,3208,1,1,0.154356
603,5588,1,1,0.154356
5298,5588,1,1,0.154356
550,1338,1,1,0.154356
550,1473,1,1,0.154356
1338,1473,1,1,0.154356
603,4487,1,1,0.154356
2779,6596,1,1,0.154356
3134,6581,1,1,0.154356
140,6224,1,1,0.154356
2154,6517,1,1,0.154356
1338,6224,1,1,0.154356
140,5721,1,1,0.154356
1338,5721,1,1,0.154356
1473,2945,1,1,0.154356
1473,4145,1,1,0.154356
2945,4145,1,1,0.154356
2154,2347,1,1,0.154356
2154,4025,1,1,0.154356
2828,6042,1,1,0.154356
2828,5084,1,1,0.154356
140,896,1,1,0.154356
1514,2165,1,1,0.154356
93,5921,1,1,0.154356
1148,2828,1,1,0.154356
599,2165,1,1,0.154356
603,1289,1,1,0.154356
1289,5293,1,1,0.154356
1045,6310,1,1,0.154356
1289,2689,1,1,0.154356
140,534,1,1,0.154356
140,1045,1,1,0.154356
534,1045,1,1,0.154356
140,1514,1,1,0.154356
140,2404,1,1,0.154356
1493,1514,1,1,0.154356
1493,2404,1,1,0.154356
1514,2404,1,1,0.154356
85,1295,1,1,0.154356
202,1871,1,1,0.154356
202,2988,1,1,0.154356
1871,2988,1,1,0.154356
3545,4765,1,1,0.154356
3241,4765,1,1,0.154356
3241,3545,1,1,0.154356
454,2081,1,1,0.154356
776,2165,1,1,0.154356
776,3859,1,1,0.154356
2165,3806,1,1,0.154356
3806,3859,1,1,0.154356
894,1885,1,1,0.154356
894,5535,1,1,0.154356
1885,5535,1,1,0.154356
454,1206,1,1,0.154356
454,3241,1,1,0.154356
2081,4765,1,1,0.154356
454,3545,1,1,0.154356
454,4765,1,1,0.154356
1206,2081,1,1,0.154356
1206,3241,1,1,0.154356
1206,3545,1,1,0.154356
1206,4765,1,1,0.154356
2081,3241,1,1,0.154356
2081,3545,1,1,0.154356
140,808,1,1,0.154356
715,3465,1,1,0.154356
1682,2299,1,1,0.154356
715,4769,1,1,0.154356
1966,6825,1,1,0.154356
2366,5344,1,1,0.154356
2366,6825,1,1,0.154356
5344,6825,1,1,0.154356
287,3164,1,1,0.154356
496,3052,1,1,0.154356
2020,3663,1,1,0.154356
1747,2828,1,1,0.154356
1747,5573,1,1,0.154356
2828,5573,1,1,0.154356
321,336,1,1,0.154356
4111,6193,1,1,0.154356
4111,6011,1,1,0.154356
1059,5174,1,1,0.154356
123,1059,1,1,0.154356
3044,4056,1,1,0.154356
1338,6072,1,1,0.154356
399,1292,1,1,0.154356
1338,5102,1,1,0.154356
1966,5344,1,1,0.154356
1966,2366,1,1,0.154356
534,6825,1,1,0.154356
187,1706,1,1,0.154356
3465,4769,1,1,0.154356
2113,4578,1,1,0.154356
2113,5298,1,1,0.154356
4578,5298,1,1,0.154356
1389,2113,1,1,0.154356
2113,4769,1,1,0.154356
3316,4056,1,1,0.154356
1788,6825,1,1,0.154356
411,1338,1,1,0.154356
534,5344,1,1,0.154356
1338,2862,1,1,0.154356
1338,2978,1,1,0.154356
2862,2978,1,1,0.154356
3935,6509,1,1,0.154356
2689,3730,1,1,0.154356
534,5016,1,1,0.154356
534,1966,1,1,0.154356
534,2366,1,1,0.154356
1747,6861,1,1,0.154356
2165,2347,1,1,0.154356
399,1148,1,1,0.154356
2573,4995,1,1,0.148383
204,1284,1,1,0.148383
204,1690,1,1,0.148383
204,6825,1,1,0.148383
1284,6825,1,1,0.148383
1690,6825,1,1,0.148383
3161,5432,1,1,0.148383
2017,2501,1,1,0.148383
1017,3469,1,1,0.148383
28,6825,1,1,0.148383
123,5988,1,1,0.148383
1436,1917,1,1,0.148383
117,2316,1,1,0.148383
3075,5432,1,1,0.148383
1768,1966,1,1,0.148383
1302,5961,1,1,0.148383
2075,4713,1,1,0.148383
1766,5183,1,1,0.148383
3892,5988,1,1,0.148383
2081,2514,1,1,0.148383
2142,2400,1,1,0.148383
1893,2514,1,1,0.148383
665,2514,1,1,0.148383
109,4027,1,1,0.148383
2835,4027,1,1,0.148383
2476,5174,1,1,0.148383
475,5988,1,1,0.148383
665,1893,1,1,0.148383
665,2400,1,1,0.148383
2481,5183,1,1,0.148383
665,2142,1,1,0.148383
28,204,1,1,0.148383
4678,6500,1,1,0.148383
824,1097,1,1,0.148383
1831,5258,1,1,0.148383
1831,2066,1,1,0.148383
28,1284,1,1,0.148383
28,1690,1,1,0.148383
715,5489,1,1,0.148383
73,143,1,1,0.148383
782,1500,1,1,0.148383
1743,2839,1,1,0.148383
1617,2827,1,1,0.148383
2573,6450,1,1,0.148383
2839,3113,1,1,0.148383
173,2347,1,1,0.148383
2649,3541,1,1,0.148383
3318,3456,1,1,0.148383
3924,6185,1,1,0.148383
73,3075,1,1,0.148383
425,1205,1,1,0.148383
611,2087,1,1,0.148383
26,3663,1,1,0.148383
105,553,1,1,0.148383
73,5183,1,1,0.148383
73,2481,1,1,0.148383
73,1766,1,1,0.148383
1470,1734,1,1,0.148383
519,2951,1,1,0.148383
279,2951,1,1,0.148383
279,519,1,1,0.148383
143,3075,1,1,0.148383
982,6179,1,1,0.148383
1766,2481,1,1,0.148383
73,4364,1,1,0.148383
246,1664,1,1,0.148383
246,4043,1,1,0.148383
1664,4043,1,1,0.148383
1664,3318,1,1,0.148383
239,2382,1,1,0.148383
1143,1923,1,1,0.148383
1143,4258,1,1,0.148383
1923,4258,1,1,0.148383
239,2664,1,1,0.148383
28,774,1,1,0.148383
425,5432,1,1,0.148383
849,1470,1,1,0.148383
2081,2908,1,1,0.148383
1369,2464,1,1,0.148383
298,1501,1,1,0.148383
782,1228,1,1,0.148383
1766,3192,1,1,0.148383
1766,6784,1,1,0.148383
3192,6784,1,1,0.148383
4188,5037,1,1,0.148383
123,3625,1,1,0.148383
1416,1997,1,1,0.148383
298,2835,1,1,0.148383
298,329,1,1,0.148383
1501,2835,1,1,0.148383
561,3137,1,1,0.148383
1017,2996,1,1,0.148383
906,2835,1,1,0.148383
1226,3820,1,1,0.148383
1226,6509,1,1,0.148383
519,1185,1,1,0.148383
1351,5183,1,1,0.148383
1734,2644,1,1,0.148383
295,6317,1,1,0.148383
410,3081,1,1,0.148383
1919,4302,1,1,0.148383
62,530,1,1,0.148383
62,2133,1,1,0.148383
530,2133,1,1,0.148383
3739,4845,1,1,0.148383
2822,4258,1,1,0.148383
598,1766,1,1,0.148383
598,3465,1,1,0.148383
1766,3465,1,1,0.148383
598,1153,1,1,0.148383
1664,4131,1,1,0.148383
1664,5497,1,1,0.148383
4131,5497,1,1,0.148383
126,333,1,1,0.148383
4258,5183,1,1,0.148383
519,2309,1,1,0.148383
298,594,1,1,0.148383
2514,2908,1,1,0.148383
2280,3075,1,1,0.148383
750,2348,1,1,0.148383
401,894,1,1,0.148383
401,2185,1,1,0.148383
894,2185,1,1,0.148383
1059,4430,1,1,0.148383
34,2563,1,1,0.148383
1924,4234,1,1,0.148383
894,1227,1,1,0.148383
298,1226,1,1,0.148383
2249,2835,1,1,0.148383
2249,4489,1,1,0.148383
2835,4489,1,1,0.148383
3318,4234,1,1,0.148383
109,2835,1,1,0.148383
3924,5367,1,1,0.148383
2908,6500,1,1,0.148383
3498,4142,1,1,0.148383
239,1233,1,1,0.148383
420,718,1,1,0.148383
3531,5036,1,1,0.148383
298,1766,1,1,0.148383
329,594,1,1,0.148383
329,1226,1,1,0.148383
329,1766,1,1,0.148383
594,1226,1,1,0.148383
594,1766,1,1,0.148383
1226,1766,1,1,0.148383
838,1672,1,1,0.148383
918,5432,1,1,0.148383
1766,5774,1,1,0.148383
1766,6693,1,1,0.148383
5774,6693,1,1,0.148383
3519,4825,1,1,0.148383
2563,3531,1,1,0.148383
2563,5036,1,1,0.148383
1135,5432,1,1,0.148383
2194,2828,1,1,0.148383
3075,6491,1,1,0.148383
2347,3469,1,1,0.148383
657,6179,1,1,0.148383
143,1664,1,1,0.148383
666,4222,1,1,0.148383
666,6179,1,1,0.148383
2081,4222,1,1,0.148383
143,1334,1,1,0.148383
2081,6179,1,1,0.148383
4222,6179,1,1,0.148383
782,2563,1,1,0.148383
442,5441,1,1,0.148383
149,5288,1,1,0.148383
963,2690,1,1,0.148383
657,2183,1,1,0.148383
105,239,1,1,0.148383
440,782,1,1,0.148383
329,3945,1,1,0.148383
222,584,1,1,0.148383
730,5432,1,1,0.148383
411,730,1,1,0.148383
1802,1934,1,1,0.148383
2994,6596,1,1,0.148383
2185,3212,1,1,0.148383
475,1952,1,1,0.148383
2347,2835,1,1,0.148383
1802,2835,1,1,0.148383
1802,2347,1,1,0.148383
45,2498,1,1,0.148383
657,4222,1,1,0.148383
143,2382,1,1,0.148383
657,2081,1,1,0.148383
879,6310,1,1,0.148383
2118,4507,1,1,0.148383
677,2629,1,1,0.148383
1766,3075,1,1,0.148383
1766,5240,1,1,0.148383
3075,5240,1,1,0.148383
286,2882,1,1,0.148383
2367,3710,1,1,0.148383
1227,2118,1,1,0.148383
5628,6310,1,1,0.148383
2828,6574,1,1,0.148383
410,1977,1,1,0.148383
1734,6310,1,1,0.148383
879,1734,1,1,0.148383
657,666,1,1,0.148383
992,1768,1,1,0.148383
1664,2382,1,1,0.148383
1334,2382,1,1,0.148383
475,666,1,1,0.148383
101,4738,1,1,0.148383
1169,2835,1,1,0.148383
234,666,1,1,0.148383
1334,1664,1,1,0.148383
234,1770,1,1,0.148383
666,1770,1,1,0.148383
648,1858,1,1,0.148383
426,5752,1,1,0.148383
3924,4423,1,1,0.148383
1227,4507,1,1,0.148383
1021,2464,1,1,0.148383
279,5151,1,1,0.148383
791,1021,1,1,0.148383
1021,1369,1,1,0.148383
159,6065,1,1,0.148383
2347,5432,1,1,0.148383
779,1664,1,1,0.148383
4360,5432,1,1,0.148383
3469,5432,1,1,0.148383
287,1766,1,1,0.148383
329,2646,1,1,0.148383
123,239,1,1,0.148383
101,279,1,1,0.148383
101,5151,1,1,0.148383
791,2464,1,1,0.148383
791,1369,1,1,0.148383
164,475,1,1,0.148383
1372,3628,1,1,0.148383
475,3892,1,1,0.148383
45,2676,1,1,0.148383
164,5988,1,1,0.148383
2032,3318,1,1,0.148383
164,3892,1,1,0.148383
164,2017,1,1,0.148383
931,2835,1,1,0.148383
3469,4360,1,1,0.148383
4947,6219,1,1,0.145983
6099,6834,1,1,0.145983
296,6834,1,1,0.145983
466,6219,1,1,0.145983
638,5867,1,1,0.145983
481,1934,1,1,0.145983
1197,6387,1,1,0.145983
64,1658,1,1,0.145983
1536,4567,1,1,0.145983
296,6099,1,1,0.145983
2017,6760,1,1,0.145983
4567,4971,1,1,0.145983
1536,4971,1,1,0.145983
2514,2558,1,1,0.145983
5867,6219,1,1,0.145983
2119,2352,1,1,0.145983
2843,6219,1,1,0.145983
2119,2907,1,1,0.145983
2843,5867,1,1,0.145983
296,2682,1,1,0.145983
114,5301,1,1,0.145983
2514,5752,1,1,0.145983
2558,5752,1,1,0.145983
1802,5301,1,1,0.145983
1005,1294,1,1,0.145983
1005,4696,1,1,0.145983
1294,4696,1,1,0.145983
2352,2907,1,1,0.145983
5349,6551,1,1,0.145983
1321,3110,1,1,0.145983
979,1658,1,1,0.145983
1291,1471,1,1,0.145983
757,5752,1,1,0.145983
113,2716,1,1,0.145983
1332,6049,1,1,0.145983
2413,2716,1,1,0.145983
5961,6387,1,1,0.145983
6387,6568,1,1,0.145983
73,6568,1,1,0.145983
73,6387,1,1,0.145983
981,2066,1,1,0.145983
654,1384,1,1,0.145983
757,5686,1,1,0.145983
5415,5867,1,1,0.145983
1005,5962,1,1,0.145983
922,4774,1,1,0.145983
2579,4022,1,1,0.145983
4424,4796,1,1,0.145983
114,1802,1,1,0.145983
27,4535,1,1,0.145983
963,6392,1,1,0.145983
1344,6593,1,1,0.145983
594,3739,1,1,0.145983
1294,3739,1,1,0.145983
95,1028,1,1,0.145983
1294,1384,1,1,0.145983
979,2056,1,1,0.145983
603,2163,1,1,0.145983
95,2154,1,1,0.145983
296,6387,1,1,0.145983
2765,3816,1,1,0.145983
1294,5364,1,1,0.145983
1658,2654,1,1,0.145983
2622,2970,1,1,0.145983
1294,2654,1,1,0.145983
2295,3816,1,1,0.145983
2835,3912,1,1,0.145983
24,1096,1,1,0.145983
1028,4774,1,1,0.145983
3396,6049,1,1,0.145983
1658,5952,1,1,0.145983
594,1294,1,1,0.145983
5951,6219,1,1,0.145983
4774,5528,1,1,0.145983
1658,2195,1,1,0.145983
2843,4179,1,1,0.145983
2843,3075,1,1,0.145983
2753,4179,1,1,0.145983
817,2058,1,1,0.145983
1005,1499,1,1,0.145983
1590,1878,1,1,0.145983
2421,3848,1,1,0.145983
2839,5752,1,1,0.145983
1766,5951,1,1,0.145983
2819,5528,1,1,0.145983
441,5752,1,1,0.145983
2819,4774,1,1,0.145983
441,2839,1,1,0.145983
2622,4947,1,1,0.145983
917,4947,1,1,0.145983
917,2622,1,1,0.145983
1934,2119,1,1,0.145983
106,4947,1,1,0.145983
637,1294,1,1,0.145983
2185,3816,1,1,0.145983
3075,3161,1,1,0.145983
2185,3525,1,1,0.145983
3221,4362,1,1,0.145983
3900,6387,1,1,0.145983
3150,6654,1,1,0.145983
75,6654,1,1,0.145983
2753,3075,1,1,0.145983
75,3150,1,1,0.145983
2565,3075,1,1,0.145983
2753,2843,1,1,0.145983
3075,4179,1,1,0.145983
921,4179,1,1,0.145983
921,3075,1,1,0.145983
921,2843,1,1,0.145983
411,2043,1,1,0.145983
1831,6049,1,1,0.145983
1369,6049,1,1,0.145983
1369,1831,1,1,0.145983
944,6049,1,1,0.145983
944,1831,1,1,0.145983
944,1369,1,1,0.145983
963,1058,1,1,0.145983
637,2119,1,1,0.145983
1542,2772,1,1,0.145983
1144,1168,1,1,0.145983
2119,3525,1,1,0.145983
2119,2185,1,1,0.145983
1168,3525,1,1,0.145983
1168,2185,1,1,0.145983
1168,2119,1,1,0.145983
1144,3525,1,1,0.145983
1144,2185,1,1,0.145983
1144,2119,1,1,0.145983
1096,1344,1,1,0.145983
2304,2676,1,1,0.145983
637,1344,1,1,0.145983
637,1096,1,1,0.145983
1802,6593,1,1,0.145983
2455,3816,1,1,0.145983
2819,5301,1,1,0.145983
296,5301,1,1,0.145983
2676,6387,1,1,0.145983
2304,6387,1,1,0.145983
4947,6012,1,1,0.145983
2062,3670,1,1,0.145983
462,1741,1,1,0.145983
768,6219,1,1,0.145983
1121,2622,1,1,0.145983
1121,2219,1,1,0.145983
4535,6331,1,1,0.145983
2579,6331,1,1,0.145983
2579,4535,1,1,0.145983
1621,1658,1,1,0.145983
1398,1658,1,1,0.145983
1398,1621,1,1,0.145983
930,1751,1,1,0.145983
700,1751,1,1,0.145983
700,930,1,1,0.145983
675,1621,1,1,0.145983
675,5322,1,1,0.145983
299,2066,1,1,0.145983
411,675,1,1,0.145983
1590,4514,1,1,0.145983
1590,2563,1,1,0.145983
1028,4514,1,1,0.145983
4333,6591,1,1,0.145983
2219,2622,1,1,0.145983
1302,1643,1,1,0.145983
1028,1590,1,1,0.145983
1302,4430,1,1,0.145983
988,4535,1,1,0.145983
988,2741,1,1,0.145983
988,1802,1,1,0.145983
1072,6219,1,1,0.145983
2066,4631,1,1,0.145983
1658,4631,1,1,0.145983
46,4631,1,1,0.145983
46,2066,1,1,0.145983
46,1658,1,1,0.145983
1384,4364,1,1,0.145983
296,5847,1,1,0.145983
637,1037,1,1,0.145983
637,654,1,1,0.145983
2757,5322,1,1,0.145983
1751,5293,1,1,0.145983
1075,2441,1,1,0.145983
1766,6187,1,1,0.145983
654,1028,1,1,0.145983
1643,4430,1,1,0.145983
1028,2563,1,1,0.145983
1089,2647,1,1,0.145983
1802,4535,1,1,0.145983
602,3910,1,1,0.145983
1724,2456,1,1,0.145983
315,1552,1,1,0.145983
1083,1778,1,1,0.145983
1074,1083,1,1,0.145983
1754,2066,1,1,0.145983
1527,2066,1,1,0.145983
1527,1754,1,1,0.145983
70,2066,1,1,0.145983
70,1754,1,1,0.145983
70,1527,1,1,0.145983
646,4530,1,1,0.145983
481,4530,1,1,0.145983
481,646,1,1,0.145983
2232,3931,1,1,0.145983
1900,3919,1,1,0.145983
1059,1766,1,1,0.145983
283,487,1,1,0.145983
3002,6387,1,1,0.145983
3002,6219,1,1,0.145983
697,1724,1,1,0.145983
110,981,1,1,0.145983
2843,3954,1,1,0.145983
654,3465,1,1,0.145983
411,6219,1,1,0.145983
251,3318,1,1,0.145983
3869,4863,1,1,0.145983
1059,1676,1,1,0.145983
770,1676,1,1,0.145983
770,1059,1,1,0.145983
856,6499,1,1,0.145983
2017,2622,1,1,0.145983
1533,2622,1,1,0.145983
1533,2017,1,1,0.145983
441,3900,1,1,0.145983
441,1658,1,1,0.145983
5951,6387,1,1,0.145983
3883,6387,1,1,0.145983
3883,5951,1,1,0.145983
1724,5951,1,1,0.145983
1724,3883,1,1,0.145983
1658,3544,1,1,0.145983
623,2430,1,1,0.145983
1802,2741,1,1,0.145983
2741,4535,1,1,0.145983
1096,1508,1,1,0.145983
1072,4016,1,1,0.145983
981,4397,1,1,0.145983
981,1766,1,1,0.145983
1802,2137,1,1,0.145983
1485,2137,1,1,0.145983
1485,1802,1,1,0.145983
114,1571,1,1,0.145983
2039,4947,1,1,0.145983
1306,4947,1,1,0.145983
1306,2039,1,1,0.145983
1968,6467,1,1,0.145983
487,6467,1,1,0.145983
487,1968,1,1,0.145983
4947,5364,1,1,0.145983
3091,5364,1,1,0.145983
3091,4947,1,1,0.145983
637,4947,1,1,0.145983
569,1089,1,1,0.145983
1766,4426,1,1,0.145983
1711,4426,1,1,0.145983
1072,1935,1,1,0.145983
1935,4016,1,1,0.145983
78,4426,1,1,0.145983
1878,2843,1,1,0.145983
2757,6219,1,1,0.145983
114,2534,1,1,0.145983
1452,4947,1,1,0.145983
1428,4947,1,1,0.145983
1428,1452,1,1,0.145983
1741,2352,1,1,0.145983
594,2430,1,1,0.145983
27,105,1,1,0.145983
1195,1244,1,1,0.145983
1056,1244,1,1,0.145983
1056,1195,1,1,0.145983
1768,5987,1,1,0.145983
1195,2757,1,1,0.145983
2953,6433,1,1,0.145983
6049,6219,1,1,0.145983
1859,3816,1,1,0.145983
988,6049,1,1,0.145983
3247,3900,1,1,0.145983
827,1802,1,1,0.145983
1711,1766,1,1,0.145983
78,1766,1,1,0.145983
3834,6219,1,1,0.145983
235,2015,1,1,0.145983
594,1005,1,1,0.145983
1802,3161,1,1,0.145983
5847,5961,1,1,0.145983
301,5961,1,1,0.145983
2371,3414,1,1,0.145983
2371,2563,1,1,0.145983
1658,3414,1,1,0.145983
301,5847,1,1,0.145983
28,637,1,1,0.145983
1658,2371,1,1,0.145983
2001,3834,1,1,0.145983
1676,2472,1,1,0.145983
747,2472,1,1,0.145983
747,1676,1,1,0.145983
2563,4514,1,1,0.145983
475,3834,1,1,0.145983
475,2001,1,1,0.145983
28,184,1,1,0.145983
466,5301,1,1,0.145983
1228,5686,1,1,0.145983
296,3939,1,1,0.145983
78,1711,1,1,0.145983
296,4947,1,1,0.145983
315,1658,1,1,0.145983
2062,6450,1,1,0.145983
921,2753,1,1,0.145983
406,4179,1,1,0.145983
406,3075,1,1,0.145983
406,2843,1,1,0.145983
406,2753,1,1,0.145983
406,921,1,1,0.145983
1398,2058,1,1,0.145983
654,2058,1,1,0.145983
654,1398,1,1,0.145983
3900,5510,1,1,0.145983
646,2058,1,1,0.145983
646,1398,1,1,0.145983
646,654,1,1,0.145983
2563,3414,1,1,0.145983
2573,5510,1,1,0.145983
2573,3900,1,1,0.145983
3939,4947,1,1,0.145983
1766,4397,1,1,0.145983
2347,3952,1,1,0.145983
2843,3255,1,1,0.145983
569,5756,1,1,0.145983
2848,4283,1,1,0.145983
2015,2757,1,1,0.145983
2015,6387,1,1,0.145983
2757,6387,1,1,0.145983
1211,4567,1,1,0.145983
2058,4535,1,1,0.145983
2058,6219,1,1,0.145983
2058,6288,1,1,0.145983
4535,6288,1,1,0.145983
6219,6288,1,1,0.145983
95,569,1,1,0.145983
95,646,1,1,0.145983
95,5756,1,1,0.145983
569,646,1,1,0.145983
646,5756,1,1,0.145983
1658,2848,1,1,0.145983
189,1766,1,1,0.145983
189,3510,1,1,0.145983
189,5685,1,1,0.145983
189,6219,1,1,0.145983
1766,3510,1,1,0.145983
1766,5685,1,1,0.145983
3510,5685,1,1,0.145983
3510,6219,1,1,0.145983
5685,6219,1,1,0.145983
1210,1416,1,1,0.145983
1210,2058,1,1,0.145983
1416,2058,1,1,0.145983
1238,2017,1,1,0.145983
1238,2713,1,1,0.145983
1658,4283,1,1,0.145983
1294,4283,1,1,0.145983
27,2062,1,1,0.145983
2062,6387,1,1,0.145983
27,6387,1,1,0.145983
921,1960,1,1,0.145983
921,2062,1,1,0.145983
921,6219,1,1,0.145983
921,6387,1,1,0.145983
1960,2062,1,1,0.145983
1960,6219,1,1,0.145983
1960,6387,1,1,0.145983
3002,4535,1,1,0.145983
2441,5510,1,1,0.145983
1089,5510,1,1,0.145983
1089,2441,1,1,0.145983
2062,6219,1,1,0.145983
2622,3954,1,1,0.145983
1766,2015,1,1,0.145983
1294,2848,1,1,0.145983
1766,4514,1,1,0.145983
2015,4514,1,1,0.145983
1211,1238,1,1,0.145983
1211,2357,1,1,0.145983
1211,4426,1,1,0.145983
1238,2357,1,1,0.145983
1238,4426,1,1,0.145983
2357,4426,1,1,0.145983
1398,2843,1,1,0.145983
1398,3167,1,1,0.145983
2843,3167,1,1,0.145983
730,1294,1,1,0.145983
730,2848,1,1,0.145983
730,4283,1,1,0.145983
2017,2713,1,1,0.145983
1658,3167,1,1,0.145983
1658,3768,1,1,0.145983
2430,3688,1,1,0.145983
794,2644,1,1,0.145983
301,1320,1,1,0.145983
301,2799,1,1,0.145983
2848,6387,1,1,0.145983
311,2195,1,1,0.145983
364,634,1,1,0.145983
364,981,1,1,0.145983
364,2429,1,1,0.145983
634,981,1,1,0.145983
634,2429,1,1,0.145983
981,2429,1,1,0.145983
594,2194,1,1,0.145983
646,3510,1,1,0.145983
2430,5067,1,1,0.145983
5067,6219,1,1,0.145983
3167,3768,1,1,0.145983
1456,5510,1,1,0.145983
1238,1503,1,1,0.145983
1238,1536,1,1,0.145983
1238,2062,1,1,0.145983
1238,3670,1,1,0.145983
1238,6065,1,1,0.145983
1503,1536,1,1,0.145983
1503,2062,1,1,0.145983
1503,3670,1,1,0.145983
3670,6065,1,1,0.145983
1503,6065,1,1,0.145983
1536,2062,1,1,0.145983
2062,6065,1,1,0.145983
1536,3670,1,1,0.145983
794,5586,1,1,0.145983
794,6219,1,1,0.145983
2644,5586,1,1,0.145983
2644,6219,1,1,0.145983
46,1238,1,1,0.145983
730,4188,1,1,0.145983
4283,6387,1,1,0.145983
4283,6467,1,1,0.145983
6387,6467,1,1,0.145983
1724,2757,1,1,0.145983
1724,5579,1,1,0.145983
2757,5579,1,1,0.145983
688,1062,1,1,0.145983
688,1766,1,1,0.145983
688,2843,1,1,0.145983
688,5364,1,1,0.145983
1062,1766,1,1,0.145983
1062,2843,1,1,0.145983
1062,5364,1,1,0.145983
1766,2843,1,1,0.145983
1766,5364,1,1,0.145983
2843,5364,1,1,0.145983
569,1197,1,1,0.145983
235,301,1,1,0.145983
235,1320,1,1,0.145983
235,2799,1,1,0.145983
324,5364,1,1,0.145983
1658,4955,1,1,0.145983
5364,6841,1,1,0.145983
3456,6841,1,1,0.145983
3456,5364,1,1,0.145983
4559,6387,1,1,0.145983
5586,6219,1,1,0.145983
27,6219,1,1,0.145983
646,1520,1,1,0.145983
27,1960,1,1,0.145983
1037,1465,1,1,0.145983
1037,5258,1,1,0.145983
1465,4252,1,1,0.145983
1465,5258,1,1,0.145983
4252,5258,1,1,0.145983
1766,2573,1,1,0.145983
475,1121,1,1,0.145983
2357,4827,1,1,0.145983
3443,6387,1,1,0.145983
569,2357,1,1,0.145983
187,3255,1,1,0.145983
1085,2622,1,1,0.145983
1085,4567,1,1,0.145983
1085,6387,1,1,0.145983
2622,4567,1,1,0.145983
2622,6387,1,1,0.145983
4567,6387,1,1,0.145983
475,1294,1,1,0.145983
1037,4252,1,1,0.145983
46,5258,1,1,0.145983
1294,2017,1,1,0.145983
46,4252,1,1,0.145983
2066,6624,1,1,0.145983
6387,6624,1,1,0.145983
770,1372,1,1,0.145983
27,921,1,1,0.145983
770,3510,1,1,0.145983
1372,2119,1,1,0.145983
1372,3510,1,1,0.145983
2119,3510,1,1,0.145983
143,5772,1,1,0.145983
800,1384,1,1,0.145983
800,1658,1,1,0.145983
1384,1658,1,1,0.145983
1766,2119,1,1,0.145983
354,1037,1,1,0.145983
184,6387,1,1,0.145983
46,1037,1,1,0.145983
46,1465,1,1,0.145983
475,2017,1,1,0.145983
694,4252,1,1,0.145983
1658,6624,1,1,0.145983
4134,6387,1,1,0.145983
634,2058,1,1,0.145983
864,2328,1,1,0.145983
864,4535,1,1,0.145983
864,6387,1,1,0.145983
2328,4535,1,1,0.145983
2328,6387,1,1,0.145983
2563,4502,1,1,0.145983
1041,1075,1,1,0.145983
1041,2066,1,1,0.145983
372,3150,1,1,0.145983
3150,4697,1,1,0.145983
1658,2622,1,1,0.145983
1658,2843,1,1,0.145983
1658,3255,1,1,0.145983
1658,3954,1,1,0.145983
2622,2843,1,1,0.145983
2622,3255,1,1,0.145983
211,2757,1,1,0.145983
2195,2644,1,1,0.145983
694,5364,1,1,0.145983
1658,4333,1,1,0.145983
4252,5364,1,1,0.145983
2017,2317,1,1,0.145983
2142,6387,1,1,0.145983
694,931,1,1,0.145983
694,2953,1,1,0.145983
931,2953,1,1,0.145983
646,2772,1,1,0.145983
646,4845,1,1,0.145983
2772,4845,1,1,0.145983
2843,3289,1,1,0.145983
2843,6085,1,1,0.145983
2843,6387,1,1,0.145983
3289,6085,1,1,0.145983
3289,6387,1,1,0.145983
6085,6387,1,1,0.145983
2066,2441,1,1,0.145983
1028,2154,1,1,0.145983
2066,6387,1,1,0.145983
770,2119,1,1,0.145983
3623,4008,1,1,0.145983
770,1724,1,1,0.145983
770,1485,1,1,0.145983
2702,5962,1,1,0.145983
1621,2195,1,1,0.145983
662,1621,1,1,0.145983
637,2195,1,1,0.145983
637,1621,1,1,0.145983
637,662,1,1,0.145983
2347,6100,1,1,0.145983
4008,5988,1,1,0.145983
3623,5988,1,1,0.145983
646,4567,1,1,0.145983
736,2137,1,1,0.145983
736,4567,1,1,0.145983
2137,4567,1,1,0.145983
569,5364,1,1,0.145983
637,646,1,1,0.145983
637,4567,1,1,0.145983
2058,6387,1,1,0.145983
662,2195,1,1,0.145983
770,6387,1,1,0.145983
3536,6387,1,1,0.145983
2154,2622,1,1,0.145983
654,2622,1,1,0.145983
654,2154,1,1,0.145983
2058,3401,1,1,0.145983
1724,2058,1,1,0.145983
1485,1724,1,1,0.145983
1197,1199,1,1,0.145983
2016,6219,1,1,0.145983
2195,6219,1,1,0.145983
3952,4134,1,1,0.145983
1536,6065,1,1,0.145983
2119,4134,1,1,0.145983
1485,6387,1,1,0.145983
2119,3952,1,1,0.145983
2347,4134,1,1,0.145983
2119,2347,1,1,0.145983
410,4262,1,1,0.144598
324,888,1,1,0.144598
588,1114,1,1,0.144598
410,2299,1,1,0.144598
410,3397,1,1,0.144598
2299,4262,1,1,0.144598
2299,3397,1,1,0.144598
3397,4262,1,1,0.144598
678,1227,1,1,0.144598
2160,3869,1,1,0.144598
2187,2899,1,1,0.144598
1227,1641,1,1,0.144598
1000,1424,1,1,0.144598
1664,4769,1,1,0.144598
426,3869,1,1,0.144598
426,2160,1,1,0.144598
2899,5151,1,1,0.144598
577,5846,1,1,0.144598
28,5679,1,1,0.144598
791,1514,1,1,0.144598
0,4825,1,1,0.144598
1676,3869,1,1,0.144598
239,2896,1,1,0.144598
173,4074,1,1,0.144598
0,380,1,1,0.144598
0,958,1,1,0.144598
448,2497,1,1,0.144598
786,1130,1,1,0.144598
710,4016,1,1,0.144598
595,1471,1,1,0.144598
448,3880,1,1,0.144598
2497,3880,1,1,0.144598
1977,2676,1,1,0.144598
1471,1993,1,1,0.144598
879,2054,1,1,0.144598
1225,4892,1,1,0.144598
449,2621,1,1,0.144598
449,6011,1,1,0.144598
958,2054,1,1,0.144598
2621,6011,1,1,0.144598
1205,6438,1,1,0.144598
451,4486,1,1,0.144598
556,6438,1,1,0.144598
1205,2862,1,1,0.144598
4337,4553,1,1,0.144598
556,1205,1,1,0.144598
105,4281,1,1,0.144598
2175,2347,1,1,0.144598
889,1910,1,1,0.144598
410,2246,1,1,0.144598
426,4309,1,1,0.144598
1121,6012,1,1,0.144598
982,4892,1,1,0.144598
198,5833,1,1,0.144598
2187,3654,1,1,0.144598
329,782,1,1,0.144598
143,982,1,1,0.144598
143,1225,1,1,0.144598
143,4892,1,1,0.144598
982,1225,1,1,0.144598
0,2054,1,1,0.144598
181,4618,1,1,0.144598
3456,5052,1,1,0.144598
1471,4184,1,1,0.144598
449,697,1,1,0.144598
782,5950,1,1,0.144598
667,2554,1,1,0.144598
782,6497,1,1,0.144598
879,958,1,1,0.144598
982,4530,1,1,0.144598
819,4258,1,1,0.144598
0,879,1,1,0.144598
1514,2366,1,1,0.144598
2035,3730,1,1,0.144598
2035,3654,1,1,0.144598
4430,6174,1,1,0.144598
1268,6174,1,1,0.144598
1268,4430,1,1,0.144598
5727,6052,1,1,0.144598
2528,6052,1,1,0.144598
2528,5727,1,1,0.144598
2366,6052,1,1,0.144598
2366,5727,1,1,0.144598
2366,2528,1,1,0.144598
1514,6052,1,1,0.144598
1514,5727,1,1,0.144598
1514,2528,1,1,0.144598
1109,2000,1,1,0.144598
1116,1183,1,1,0.144598
3364,6690,1,1,0.144598
657,770,1,1,0.144598
1097,5710,1,1,0.144598
729,4339,1,1,0.144598
1473,5042,1,1,0.144598
1183,3566,1,1,0.144598
906,3566,1,1,0.144598
906,1183,1,1,0.144598
1109,2757,1,1,0.144598
30,1107,1,1,0.144598
195,4364,1,1,0.144598
291,1368,1,1,0.144598
227,6368,1,1,0.144598
813,2495,1,1,0.144598
2035,5708,1,1,0.144598
2035,6690,1,1,0.144598
3654,3730,1,1,0.144598
3654,5708,1,1,0.144598
442,1183,1,1,0.144598
442,1116,1,1,0.144598
849,4792,1,1,0.144598
276,6066,1,1,0.144598
0,6066,1,1,0.144598
0,276,1,1,0.144598
204,6422,1,1,0.144598
204,5084,1,1,0.144598
276,595,1,1,0.144598
295,442,1,1,0.144598
991,3880,1,1,0.144598
611,3545,1,1,0.144598
595,1120,1,1,0.144598
594,1120,1,1,0.144598
594,595,1,1,0.144598
1150,2116,1,1,0.144598
75,2116,1,1,0.144598
75,1150,1,1,0.144598
3456,6072,1,1,0.144598
475,6072,1,1,0.144598
475,3456,1,1,0.144598
1173,3545,1,1,0.144598
1120,6647,1,1,0.144598
947,6647,1,1,0.144598
947,1120,1,1,0.144598
5708,6690,1,1,0.144598
3730,6690,1,1,0.144598
3730,5708,1,1,0.144598
3654,6690,1,1,0.144598
1268,2558,1,1,0.144598
475,2558,1,1,0.144598
475,1268,1,1,0.144598
1514,2899,1,1,0.144598
1206,3730,1,1,0.144598
1206,2899,1,1,0.144598
1206,2558,1,1,0.144598
1206,1514,1,1,0.144598
729,944,1,1,0.144598
410,944,1,1,0.144598
410,729,1,1,0.144598
123,6237,1,1,0.144598
1503,4258,1,1,0.144598
819,1503,1,1,0.144598
2576,4552,1,1,0.144598
1003,4552,1,1,0.144598
1003,2576,1,1,0.144598
679,4258,1,1,0.144598
4016,5569,1,1,0.144598
1345,2481,1,1,0.144598
143,1153,1,1,0.144598
4074,4167,1,1,0.144598
3531,6310,1,1,0.144598
2864,4040,1,1,0.144598
646,4040,1,1,0.144598
646,2864,1,1,0.144598
530,2576,1,1,0.144598
2000,2196,1,1,0.144598
1065,2000,1,1,0.144598
566,3364,1,1,0.144598
3504,4553,1,1,0.144598
324,1923,1,1,0.144598
1121,6029,1,1,0.144598
1514,2558,1,1,0.144598
1514,3730,1,1,0.144598
4665,6633,1,1,0.144598
2558,3730,1,1,0.144598
854,6633,1,1,0.144598
854,4665,1,1,0.144598
710,6633,1,1,0.144598
710,4665,1,1,0.144598
710,854,1,1,0.144598
420,2117,1,1,0.144598
397,2317,1,1,0.144598
1480,4188,1,1,0.144598
1032,4188,1,1,0.144598
1032,1480,1,1,0.144598
709,4188,1,1,0.144598
709,1480,1,1,0.144598
709,1032,1,1,0.144598
611,1173,1,1,0.144598
2690,3625,1,1,0.144598
976,3625,1,1,0.144598
976,2690,1,1,0.144598
782,3625,1,1,0.144598
782,976,1,1,0.144598
443,1652,1,1,0.144598
2135,4294,1,1,0.144598
2280,4153,1,1,0.144598
1514,4153,1,1,0.144598
1514,2280,1,1,0.144598
3531,4941,1,1,0.144598
410,2156,1,1,0.144598
184,2156,1,1,0.144598
184,410,1,1,0.144598
3489,4448,1,1,0.144598
442,5084,1,1,0.144598
123,5980,1,1,0.144598
1116,5084,1,1,0.144598
1121,3991,1,1,0.144598
324,486,1,1,0.144598
4445,6517,1,1,0.144598
894,3453,1,1,0.144598
1554,3058,1,1,0.144598
2319,4489,1,1,0.144598
1455,4489,1,1,0.144598
1455,2319,1,1,0.144598
1352,3831,1,1,0.144598
159,3831,1,1,0.144598
159,1352,1,1,0.144598
111,3831,1,1,0.144598
111,1352,1,1,0.144598
111,159,1,1,0.144598
184,584,1,1,0.144598
869,936,1,1,0.144598
2022,2835,1,1,0.144598
675,4668,1,1,0.144598
4430,6533,1,1,0.144598
2468,4010,1,1,0.144598
4915,6705,1,1,0.144598
4181,4956,1,1,0.144598
62,123,1,1,0.144598
532,3551,1,1,0.144598
138,3551,1,1,0.144598
138,532,1,1,0.144598
1664,2461,1,1,0.144598
666,2415,1,1,0.144598
517,2415,1,1,0.144598
517,666,1,1,0.144598
170,2415,1,1,0.144598
1150,3826,1,1,0.144598
888,4016,1,1,0.144598
324,2964,1,1,0.144598
3,710,1,1,0.144598
2587,2771,1,1,0.144598
530,1130,1,1,0.144598
1183,5084,1,1,0.144598
159,4713,1,1,0.144598
2461,3027,1,1,0.144598
1149,4486,1,1,0.144598
28,4486,1,1,0.144598
28,1149,1,1,0.144598
779,1616,1,1,0.144598
239,2348,1,1,0.144598
28,2348,1,1,0.144598
28,239,1,1,0.144598
2366,3364,1,1,0.144598
510,3364,1,1,0.144598
510,2366,1,1,0.144598
449,3364,1,1,0.144598
449,2366,1,1,0.144598
449,510,1,1,0.144598
993,1651,1,1,0.144598
2501,2690,1,1,0.144598
782,2501,1,1,0.144598
173,1233,1,1,0.144598
564,4873,1,1,0.144598
1766,6011,1,1,0.144598
584,2558,1,1,0.144598
26,4258,1,1,0.144598
2036,2563,1,1,0.144598
1007,2563,1,1,0.144598
1007,2036,1,1,0.144598
170,666,1,1,0.144598
286,598,1,1,0.144598
3824,6422,1,1,0.144598
4167,6479,1,1,0.144598
1150,3119,1,1,0.144598
380,3119,1,1,0.144598
380,1150,1,1,0.144598
3966,4496,1,1,0.144598
894,4496,1,1,0.144598
894,3966,1,1,0.144598
666,4496,1,1,0.144598
666,3966,1,1,0.144598
666,894,1,1,0.144598
2207,6693,1,1,0.144598
1448,6693,1,1,0.144598
1448,2207,1,1,0.144598
4188,4252,1,1,0.144598
2646,3037,1,1,0.144598
3874,6479,1,1,0.144598
164,6266,1,1,0.144598
3874,4167,1,1,0.144598
1322,6479,1,1,0.144598
1322,4167,1,1,0.144598
1322,3874,1,1,0.144598
442,6479,1,1,0.144598
442,4167,1,1,0.144598
442,3874,1,1,0.144598
442,1322,1,1,0.144598
53,4252,1,1,0.144598
1998,2036,1,1,0.144598
132,3212,1,1,0.144598
225,1205,1,1,0.144598
1057,6422,1,1,0.144598
1057,3824,1,1,0.144598
246,2522,1,1,0.144598
276,3208,1,1,0.144598
164,6690,1,1,0.144598
372,1998,1,1,0.144598
2528,2565,1,1,0.144598
6266,6690,1,1,0.144598
426,2565,1,1,0.144598
2827,4892,1,1,0.144598
182,4995,1,1,0.144598
532,1206,1,1,0.144598
2488,3730,1,1,0.144598
3730,5261,1,1,0.144598
235,5261,1,1,0.144598
235,3730,1,1,0.144598
1124,3668,1,1,0.144598
168,3924,1,1,0.144598
1998,2558,1,1,0.144598
372,2558,1,1,0.144598
848,1708,1,1,0.144598
781,5586,1,1,0.144598
2348,3839,1,1,0.144598
279,5586,1,1,0.144598
426,4140,1,1,0.144598
73,2268,1,1,0.144598
1457,1919,1,1,0.144598
1286,3839,1,1,0.144598
1286,2348,1,1,0.144598
28,4082,1,1,0.144598
12,279,1,1,0.144598
12,781,1,1,0.144598
12,5586,1,1,0.144598
279,781,1,1,0.144598
330,3892,1,1,0.141911
5785,6680,1,1,0.141911
3255,3892,1,1,0.141911
1286,3892,1,1,0.141911
1286,3255,1,1,0.141911
827,3516,1,1,0.141911
330,3255,1,1,0.141911
330,1286,1,1,0.141911
779,6680,1,1,0.141911
1991,3464,1,1,0.141911
1991,3936,1,1,0.141911
82,3464,1,1,0.141911
82,1991,1,1,0.141911
165,314,1,1,0.141911
2163,2658,1,1,0.141911
227,2489,1,1,0.141911
2536,3886,1,1,0.141911
144,2163,1,1,0.141911
144,2658,1,1,0.141911
2119,2496,1,1,0.141911
2119,3403,1,1,0.141911
2496,3403,1,1,0.141911
92,109,1,1,0.141911
92,827,1,1,0.141911
92,3516,1,1,0.141911
92,6680,1,1,0.141911
109,827,1,1,0.141911
1286,6065,1,1,0.141911
109,3516,1,1,0.141911
109,6680,1,1,0.141911
3137,6065,1,1,0.141911
1699,4211,1,1,0.141911
1286,3137,1,1,0.141911
1658,2002,1,1,0.141911
827,6680,1,1,0.141911
671,2996,1,1,0.141911
671,6387,1,1,0.141911
1759,2996,1,1,0.141911
1759,6387,1,1,0.141911
2996,6387,1,1,0.141911
3545,4179,1,1,0.141911
1553,5364,1,1,0.141911
594,1413,1,1,0.141911
1658,5460,1,1,0.141911
2563,5460,1,1,0.141911
1210,6288,1,1,0.141911
1699,5980,1,1,0.141911
705,1699,1,1,0.141911
2492,3758,1,1,0.141911
1244,2643,1,1,0.141911
778,1771,1,1,0.141911
824,1699,1,1,0.141911
824,4211,1,1,0.141911
461,3670,1,1,0.141911
943,4424,1,1,0.141911
217,2541,1,1,0.141911
860,3721,1,1,0.141911
556,1699,1,1,0.141911
556,2720,1,1,0.141911
556,3464,1,1,0.141911
1699,2720,1,1,0.141911
1699,3464,1,1,0.141911
2720,3464,1,1,0.141911
671,1759,1,1,0.141911
4128,5522,1,1,0.141911
3516,6680,1,1,0.141911
836,2295,1,1,0.141911
1445,3733,1,1,0.141911
1445,5820,1,1,0.141911
1890,3733,1,1,0.141911
1890,5820,1,1,0.141911
3733,5820,1,1,0.141911
765,6680,1,1,0.141911
97,577,1,1,0.141911
97,982,1,1,0.141911
577,982,1,1,0.141911
37,1721,1,1,0.141911
4424,5122,1,1,0.141911
1087,2119,1,1,0.141911
1087,3593,1,1,0.141911
700,6164,1,1,0.141911
836,4281,1,1,0.141911
1771,2489,1,1,0.141911
2295,4281,1,1,0.141911
3227,3945,1,1,0.141911
3227,5122,1,1,0.141911
3945,5122,1,1,0.141911
217,4892,1,1,0.141911
958,2208,1,1,0.141911
101,3516,1,1,0.141911
251,2435,1,1,0.141911
251,2761,1,1,0.141911
2435,2761,1,1,0.141911
70,3402,1,1,0.141911
700,3403,1,1,0.141911
1710,4483,1,1,0.141911
1699,4995,1,1,0.141911
1445,1890,1,1,0.141911
1437,2622,1,1,0.141911
283,3437,1,1,0.141911
4327,6680,1,1,0.141911
283,4553,1,1,0.141911
3437,4553,1,1,0.141911
577,3341,1,1,0.141911
2468,4089,1,1,0.141911
944,1571,1,1,0.141911
577,2496,1,1,0.141911
1307,5871,1,1,0.141911
1320,6680,1,1,0.141911
111,1890,1,1,0.141911
649,1699,1,1,0.141911
649,4179,1,1,0.141911
1699,4179,1,1,0.141911
1344,5353,1,1,0.141911
1880,2319,1,1,0.141911
138,3768,1,1,0.141911
6680,6775,1,1,0.141911
559,1307,1,1,0.141911
354,2643,1,1,0.141911
201,1307,1,1,0.141911
201,1437,1,1,0.141911
1307,1437,1,1,0.141911
493,1708,1,1,0.141911
2536,2654,1,1,0.141911
577,4202,1,1,0.141911
1196,1708,1,1,0.141911
3844,4116,1,1,0.141911
824,1715,1,1,0.141911
3697,6680,1,1,0.141911
220,6680,1,1,0.141911
965,6680,1,1,0.141911
753,4651,1,1,0.141911
1460,4995,1,1,0.141911
1699,4040,1,1,0.141911
32,2819,1,1,0.141911
2294,5460,1,1,0.141911
708,3216,1,1,0.141911
1304,3364,1,1,0.141911
3364,6680,1,1,0.141911
3022,3228,1,1,0.141911
2843,3625,1,1,0.141911
1998,4545,1,1,0.141911
1998,6539,1,1,0.141911
1998,6680,1,1,0.141911
4545,6539,1,1,0.141911
6539,6680,1,1,0.141911
991,3352,1,1,0.141911
991,3670,1,1,0.141911
3352,3670,1,1,0.141911
2329,6065,1,1,0.141911
559,5507,1,1,0.141911
971,2054,1,1,0.141911
971,2643,1,1,0.141911
971,3711,1,1,0.141911
971,5285,1,1,0.141911
2054,2643,1,1,0.141911
1437,2819,1,1,0.141911
32,1437,1,1,0.141911
1238,3901,1,1,0.141911
220,1998,1,1,0.141911
3255,3901,1,1,0.141911
3730,3901,1,1,0.141911
2058,2786,1,1,0.141911
2058,6680,1,1,0.141911
2786,6680,1,1,0.141911
925,5042,1,1,0.141911
62,2113,1,1,0.141911
881,1651,1,1,0.141911
881,2195,1,1,0.141911
1651,2195,1,1,0.141911
98,1658,1,1,0.141911
98,2908,1,1,0.141911
1658,2908,1,1,0.141911
990,2113,1,1,0.141911
990,2849,1,1,0.141911
990,4187,1,1,0.141911
2113,2849,1,1,0.141911
2113,4187,1,1,0.141911
2849,4187,1,1,0.141911
1606,5180,1,1,0.141911
461,708,1,1,0.141911
2054,3711,1,1,0.141911
2054,5285,1,1,0.141911
2643,3711,1,1,0.141911
2643,5285,1,1,0.141911
944,2757,1,1,0.141911
1326,2643,1,1,0.141911
1326,2757,1,1,0.141911
2643,2757,1,1,0.141911
466,3545,1,1,0.141911
1107,2848,1,1,0.141911
519,1320,1,1,0.141911
519,2799,1,1,0.141911
519,3670,1,1,0.141911
1320,3670,1,1,0.141911
2799,3670,1,1,0.141911
971,3169,1,1,0.141911
971,5951,1,1,0.141911
3169,5951,1,1,0.141911
2294,5241,1,1,0.141911
2294,5696,1,1,0.141911
5241,5696,1,1,0.141911
413,6480,1,1,0.141911
345,814,1,1,0.141911
345,2643,1,1,0.141911
814,2643,1,1,0.141911
944,2643,1,1,0.141911
944,1326,1,1,0.141911
4151,6856,1,1,0.141911
1596,6288,1,1,0.141911
3711,5285,1,1,0.141911
2806,4387,1,1,0.141911
2806,4536,1,1,0.141911
4387,4536,1,1,0.141911
577,988,1,1,0.141911
1816,4094,1,1,0.141911
2806,4813,1,1,0.141911
646,1596,1,1,0.141911
646,6288,1,1,0.141911
1326,1658,1,1,0.141911
413,6856,1,1,0.141911
1326,6811,1,1,0.141911
1658,6811,1,1,0.141911
1210,3545,1,1,0.141911
1150,6024,1,1,0.141911
475,3137,1,1,0.141911
824,3966,1,1,0.141911
824,5171,1,1,0.141911
3966,5171,1,1,0.141911
413,4151,1,1,0.141911
3255,3730,1,1,0.141911
1238,3730,1,1,0.141911
530,1812,1,1,0.141911
388,612,1,1,0.141911
138,1372,1,1,0.141911
420,974,1,1,0.141911
420,1658,1,1,0.141911
420,2280,1,1,0.141911
420,3507,1,1,0.141911
420,4448,1,1,0.141911
420,6310,1,1,0.141911
974,1658,1,1,0.141911
974,2280,1,1,0.141911
974,3507,1,1,0.141911
974,4448,1,1,0.141911
974,6310,1,1,0.141911
1658,2280,1,1,0.141911
1658,3507,1,1,0.141911
1658,4448,1,1,0.141911
1658,6310,1,1,0.141911
2280,3507,1,1,0.141911
2280,4448,1,1,0.141911
2280,6310,1,1,0.141911
3507,4448,1,1,0.141911
3507,6310,1,1,0.141911
1437,1928,1,1,0.141911
687,2643,1,1,0.141911
1238,3255,1,1,0.141911
612,2643,1,1,0.141911
530,5555,1,1,0.141911
1812,5555,1,1,0.141911
1246,3137,1,1,0.141911
2514,4202,1,1,0.141911
1983,3089,1,1,0.141911
1983,6267,1,1,0.141911
3089,6267,1,1,0.141911
3430,5306,1,1,0.141911
5208,5788,1,1,0.141911
662,3690,1,1,0.141911
662,4196,1,1,0.141911
3690,4196,1,1,0.141911
1304,1928,1,1,0.141911
1928,6680,1,1,0.141911
3531,4202,1,1,0.141911
461,1372,1,1,0.141911
461,2613,1,1,0.141911
1372,2613,1,1,0.141911
3507,4545,1,1,0.141911
1206,6604,1,1,0.141911
612,687,1,1,0.141911
4448,6310,1,1,0.141911
519,782,1,1,0.141911
519,1566,1,1,0.141911
519,1793,1,1,0.141911
3531,5507,1,1,0.141911
3593,4966,1,1,0.141911
3593,5507,1,1,0.141911
4966,5507,1,1,0.141911
144,974,1,1,0.141911
144,2294,1,1,0.141911
974,2294,1,1,0.141911
2058,2961,1,1,0.141911
130,1651,1,1,0.141911
130,3730,1,1,0.141911
1651,3730,1,1,0.141911
917,1304,1,1,0.141911
917,6680,1,1,0.141911
646,1937,1,1,0.141911
646,4202,1,1,0.141911
1937,4202,1,1,0.141911
1538,2205,1,1,0.141911
854,1238,1,1,0.141911
854,3255,1,1,0.141911
854,3730,1,1,0.141911
854,3901,1,1,0.141911
3531,4966,1,1,0.141911
3531,3593,1,1,0.141911
3388,5507,1,1,0.141911
818,3531,1,1,0.141911
782,1566,1,1,0.141911
782,1793,1,1,0.141911
1566,1793,1,1,0.141911
251,1170,1,1,0.141911
251,2832,1,1,0.141911
1170,2832,1,1,0.141911
220,6219,1,1,0.141911
818,925,1,1,0.141911
818,3388,1,1,0.141911
818,3593,1,1,0.141911
3388,4966,1,1,0.141911
818,4966,1,1,0.141911
818,5507,1,1,0.141911
925,3388,1,1,0.141911
925,3531,1,1,0.141911
925,3593,1,1,0.141911
925,4966,1,1,0.141911
925,5507,1,1,0.141911
3388,3531,1,1,0.141911
3388,3593,1,1,0.141911
1413,2459,1,1,0.141911
330,3670,1,1,0.141911
330,3966,1,1,0.141911
1304,1986,1,1,0.141911
1986,4211,1,1,0.141911
1986,6680,1,1,0.141911
4211,6680,1,1,0.141911
1304,2489,1,1,0.141911
2489,6680,1,1,0.141911
1222,2654,1,1,0.141911
1222,5081,1,1,0.141911
2654,5081,1,1,0.141911
1611,1709,1,1,0.141911
1709,6333,1,1,0.141911
700,854,1,1,0.141911
700,2233,1,1,0.141911
700,2461,1,1,0.141911
854,2233,1,1,0.141911
854,2461,1,1,0.141911
2233,2461,1,1,0.141911
577,815,1,1,0.141911
936,2371,1,1,0.141911
1304,4324,1,1,0.141911
1304,6856,1,1,0.141911
4324,6856,1,1,0.141911
1304,4211,1,1,0.141911
854,5951,1,1,0.141911
330,5255,1,1,0.141911
730,4720,1,1,0.141911
1202,3117,1,1,0.141911
1304,3117,1,1,0.141911
2643,2832,1,1,0.141911
2643,3137,1,1,0.141911
2832,3137,1,1,0.141911
251,1342,1,1,0.141911
971,5931,1,1,0.141911
251,1208,1,1,0.141911
251,2724,1,1,0.141911
1208,2724,1,1,0.141911
251,3371,1,1,0.141911
251,4545,1,1,0.141911
3371,4545,1,1,0.141911
1151,1304,1,1,0.141911
1151,1721,1,1,0.141911
1151,6680,1,1,0.141911
1304,1721,1,1,0.141911
1721,6680,1,1,0.141911
687,2319,1,1,0.141911
497,5322,1,1,0.141911
2259,3700,1,1,0.141911
39,1304,1,1,0.141911
39,6680,1,1,0.141911
662,2205,1,1,0.141911
1320,1709,1,1,0.141911
1923,5898,1,1,0.141911
4947,5898,1,1,0.141911
638,2780,1,1,0.141911
577,1636,1,1,0.141911
1149,1998,1,1,0.141911
1149,2382,1,1,0.141911
1149,2764,1,1,0.141911
1149,5828,1,1,0.141911
1998,2382,1,1,0.141911
1998,2764,1,1,0.141911
1998,5828,1,1,0.141911
2382,2764,1,1,0.141911
2382,5828,1,1,0.141911
2764,5828,1,1,0.141911
1150,1304,1,1,0.141911
1150,4179,1,1,0.141911
1304,4179,1,1,0.141911
2346,3043,1,1,0.141911
1923,2033,1,1,0.141911
1460,1699,1,1,0.141911
1460,4040,1,1,0.141911
1923,4947,1,1,0.141911
1150,5898,1,1,0.141911
1150,4947,1,1,0.141911
4892,5508,1,1,0.141911
1460,3286,1,1,0.141911
2542,6680,1,1,0.141911
4074,4151,1,1,0.141911
123,6680,1,1,0.141911
577,580,1,1,0.141911
1437,4903,1,1,0.141911
2455,4462,1,1,0.141911
2373,4892,1,1,0.141911
2373,5508,1,1,0.141911
943,1890,1,1,0.141911
1150,1923,1,1,0.141911
225,6839,1,1,0.141911
1553,3886,1,1,0.141911
725,5506,1,1,0.141911
494,577,1,1,0.141911
494,2119,1,1,0.141911
494,3593,1,1,0.141911
577,2119,1,1,0.141911
577,3593,1,1,0.141911
1304,1699,1,1,0.141911
1202,1304,1,1,0.141911
577,3117,1,1,0.141911
577,1202,1,1,0.141911
251,5899,1,1,0.141911
1026,2326,1,1,0.141911
1026,3966,1,1,0.141911
2326,3966,1,1,0.141911
612,2843,1,1,0.141911
612,5090,1,1,0.141911
2843,5090,1,1,0.141911
1150,4229,1,1,0.141911
824,1658,1,1,0.141911
2100,2514,1,1,0.141911
768,1304,1,1,0.141911
768,3548,1,1,0.141911
768,6680,1,1,0.141911
1304,3548,1,1,0.141911
3548,6680,1,1,0.141911
778,1787,1,1,0.141911
778,2739,1,1,0.141911
1787,2739,1,1,0.141911
1304,5875,1,1,0.141911
1304,6693,1,1,0.141911
5875,6680,1,1,0.141911
5875,6693,1,1,0.141911
2740,6680,1,1,0.141911
1304,2740,1,1,0.141911
1538,3548,1,1,0.141911
1304,2172,1,1,0.141911
330,6509,1,1,0.141911
3670,3966,1,1,0.141911
3670,5255,1,1,0.141911
3670,6509,1,1,0.141911
3966,5255,1,1,0.141911
3966,6509,1,1,0.141911
5255,6509,1,1,0.141911
1304,1553,1,1,0.141911
1553,6680,1,1,0.141911
2172,6680,1,1,0.141911
341,3548,1,1,0.141911
1304,4545,1,1,0.141911
1787,2749,1,1,0.141911
1107,3516,1,1,0.141911
1107,4721,1,1,0.141911
3516,4721,1,1,0.141911
1361,3054,1,1,0.141911
1361,3212,1,1,0.141911
3054,3212,1,1,0.141911
341,1538,1,1,0.141911
6680,6693,1,1,0.141911
251,6680,1,1,0.141911
1393,5380,1,1,0.141911
5899,6680,1,1,0.141911
519,2043,1,1,0.141911
1460,2043,1,1,0.141911
2294,4961,1,1,0.141911
2294,6680,1,1,0.141911
2294,6763,1,1,0.141911
4961,6680,1,1,0.141911
4961,6763,1,1,0.141911
6680,6763,1,1,0.141911
394,3287,1,1,0.141911
394,4094,1,1,0.141911
3287,4094,1,1,0.141911
668,1552,1,1,0.141911
668,4545,1,1,0.141911
1552,4545,1,1,0.141911
1437,1998,1,1,0.141911
580,1214,1,1,0.141911
580,1923,1,1,0.141911
1214,1923,1,1,0.141911
598,5951,1,1,0.141911
1304,3966,1,1,0.141911
3966,6680,1,1,0.141911
519,1460,1,1,0.141911
251,2043,1,1,0.141911
251,1460,1,1,0.141911
507,5317,1,1,0.141911
251,779,1,1,0.141911
251,2522,1,1,0.141911
251,3137,1,1,0.141911
251,4062,1,1,0.141911
779,2522,1,1,0.141911
779,3137,1,1,0.141911
779,4062,1,1,0.141911
2522,3137,1,1,0.141911
3137,4062,1,1,0.141911
1223,3255,1,1,0.141911
251,519,1,1,0.141911
507,2280,1,1,0.141911
1699,5171,1,1,0.141911
4721,4995,1,1,0.141911
4721,6856,1,1,0.141911
4995,6856,1,1,0.141911
705,1448,1,1,0.141911
705,3690,1,1,0.141911
1448,3690,1,1,0.141911
2205,2720,1,1,0.141911
2522,4062,1,1,0.141911
