group_id,venue_id,poi_idx,span_min,size,start_time,end_time,members
0,3fd66200f964a52000e71ee3,0,0,2,2013-01-13 00:49:00+00:00,2013-01-13 00:49:00+00:00,3847|4518
1,3fd66200f964a52004e41ee3,9,0,2,2012-05-09 00:15:00+00:00,2012-05-09 00:15:00+00:00,626|5757
2,3fd66200f964a52004e41ee3,9,0,2,2012-07-04 02:42:00+00:00,2012-07-04 02:42:00+00:00,588|6339
3,3fd66200f964a52005eb1ee3,15,0,2,2012-04-19 00:35:00+00:00,2012-04-19 00:35:00+00:00,4926|5872
4,3fd66200f964a52005eb1ee3,15,0,2,2012-05-14 22:47:00+00:00,2012-05-14 22:47:00+00:00,1167|4302
5,3fd66200f964a52005eb1ee3,15,0,2,2012-12-09 00:33:00+00:00,2012-12-09 00:33:00+00:00,1565|2899
6,3fd66200f964a52008f11ee3,23,0,2,2012-05-05 20:58:00+00:00,2012-05-05 20:58:00+00:00,2356|2691
7,3fd66200f964a52008f11ee3,23,0,2,2012-05-12 21:14:00+00:00,2012-05-12 21:14:00+00:00,3949|4318
8,3fd66200f964a52008f11ee3,23,0,2,2012-05-19 00:37:00+00:00,2012-05-19 00:37:00+00:00,93|2594
9,3fd66200f964a5200ae51ee3,25,0,3,2012-05-02 04:50:00+00:00,2012-05-02 04:50:00+00:00,204|998|5757
10,3fd66200f964a5200ae51ee3,25,0,2,2012-06-11 04:42:00+00:00,2012-06-11 04:42:00+00:00,168|998
11,3fd66200f964a5200ae61ee3,26,0,2,2012-07-04 04:09:00+00:00,2012-07-04 04:09:00+00:00,2594|5298
12,3fd66200f964a5200ae71ee3,27,0,2,2012-10-28 01:43:00+00:00,2012-10-28 01:43:00+00:00,5084|6422
13,3fd66200f964a5200ce61ee3,31,0,2,2012-05-05 23:24:00+00:00,2012-05-05 23:24:00+00:00,0|3469
14,3fd66200f964a5200fe41ee3,39,0,2,2012-10-27 19:16:00+00:00,2012-10-27 19:16:00+00:00,3231|4877
15,3fd66200f964a5200fe41ee3,39,0,2,2013-01-25 05:39:00+00:00,2013-01-25 05:39:00+00:00,1977|6310
16,3fd66200f964a52010f11ee3,43,0,2,2012-06-07 03:25:00+00:00,2012-06-07 03:25:00+00:00,2981|3818
17,3fd66200f964a52012e41ee3,45,0,2,2012-04-14 04:07:00+00:00,2012-04-14 04:07:00+00:00,1697|5280
18,3fd66200f964a52012e41ee3,45,0,2,2012-04-28 06:21:00+00:00,2012-04-28 06:21:00+00:00,1697|5280
19,3fd66200f964a52014eb1ee3,48,0,2,2012-05-10 00:04:00+00:00,2012-05-10 00:04:00+00:00,712|5639
20,3fd66200f964a52014eb1ee3,48,0,2,2012-10-18 23:51:00+00:00,2012-10-18 23:51:00+00:00,2207|3224
21,3fd66200f964a52014eb1ee3,48,0,2,2013-02-17 04:20:00+00:00,2013-02-17 04:20:00+00:00,3411|4668
22,3fd66200f964a52016e51ee3,52,0,2,2012-06-10 00:09:00+00:00,2012-06-10 00:09:00+00:00,1977|6310
23,3fd66200f964a52018e51ee3,56,0,2,2012-05-02 06:23:00+00:00,2012-05-02 06:23:00+00:00,168|998
24,3fd66200f964a52019eb1ee3,60,0,2,2012-06-12 23:23:00+00:00,2012-06-12 23:23:00+00:00,0|1206
25,3fd66200f964a5201dea1ee3,64,0,2,2012-12-08 18:26:00+00:00,2012-12-08 18:26:00+00:00,182|6581
26,3fd66200f964a5201ef01ee3,69,0,2,2012-11-30 21:30:00+00:00,2012-11-30 21:30:00+00:00,1246|4040
27,3fd66200f964a5201ff01ee3,71,0,2,2013-02-03 08:05:00+00:00,2013-02-03 08:05:00+00:00,1329|2541
28,3fd66200f964a52020e71ee3,74,0,2,2012-04-03 22:59:00+00:00,2012-04-03 22:59:00+00:00,5298|5863
29,3fd66200f964a52020e71ee3,74,0,2,2012-04-12 01:43:00+00:00,2012-04-12 01:43:00+00:00,4016|6509
30,3fd66200f964a52020e71ee3,74,0,3,2012-04-13 22:00:00+00:00,2012-04-13 22:00:00+00:00,141|5298|5863
31,3fd66200f964a52020e71ee3,74,0,2,2012-05-18 23:45:00+00:00,2012-05-18 23:45:00+00:00,5298|5863
32,3fd66200f964a52020e81ee3,75,0,2,2012-04-09 23:11:00+00:00,2012-04-09 23:11:00+00:00,1473|2196
33,3fd66200f964a52020e81ee3,75,0,2,2012-04-28 23:59:00+00:00,2012-04-28 23:59:00+00:00,454|2578
34,3fd66200f964a52020e81ee3,75,0,2,2012-05-23 23:51:00+00:00,2012-05-23 23:51:00+00:00,1522|1614
35,3fd66200f964a52020e81ee3,75,0,2,2012-06-16 22:50:00+00:00,2012-06-16 22:50:00+00:00,3364|5216
36,3fd66200f964a52022e51ee3,79,0,2,2012-04-29 03:30:00+00:00,2012-04-29 03:30:00+00:00,372|4697
37,3fd66200f964a52023e41ee3,80,0,2,2012-08-05 23:15:00+00:00,2012-08-05 23:15:00+00:00,30|6693
38,3fd66200f964a52023e81ee3,81,0,2,2012-05-09 22:03:00+00:00,2012-05-09 22:03:00+00:00,590|2347
39,3fd66200f964a52023e81ee3,81,0,2,2012-05-15 19:36:00+00:00,2012-05-15 19:36:00+00:00,1120|2347
40,3fd66200f964a52023e81ee3,81,0,2,2013-02-07 16:12:00+00:00,2013-02-07 16:12:00+00:00,1484|6517
41,3fd66200f964a52029e61ee3,86,0,3,2012-10-27 04:33:00+00:00,2012-10-27 04:33:00+00:00,256|5834|6227
42,3fd66200f964a5202be41ee3,88,0,2,2012-04-22 04:38:00+00:00,2012-04-22 04:38:00+00:00,3052|3987
43,3fd66200f964a5202be41ee3,88,0,2,2012-06-09 03:16:00+00:00,2012-06-09 03:16:00+00:00,1501|3409
44,3fd66200f964a5202be41ee3,88,0,2,2012-06-10 05:29:00+00:00,2012-06-10 05:29:00+00:00,3649|5366
45,3fd66200f964a5202be41ee3,88,0,2,2012-07-07 01:46:00+00:00,2012-07-07 01:46:00+00:00,2618|6714
46,3fd66200f964a5202be41ee3,88,0,2,2012-10-28 04:33:00+00:00,2012-10-28 04:33:00+00:00,98|4263
47,3fd66200f964a5202ee61ee3,92,0,2,2012-08-05 08:54:00+00:00,2012-08-05 08:54:00+00:00,962|3077
48,3fd66200f964a5202ee61ee3,92,0,2,2012-09-09 23:28:00+00:00,2012-09-09 23:28:00+00:00,5834|6227
49,3fd66200f964a52032e91ee3,98,0,3,2012-04-19 23:48:00+00:00,2012-04-19 23:48:00+00:00,992|1372|2465
50,3fd66200f964a52032f01ee3,99,0,2,2012-04-04 04:08:00+00:00,2012-04-04 04:08:00+00:00,1155|2665
51,3fd66200f964a52032f01ee3,99,0,2,2012-04-19 02:34:00+00:00,2012-04-19 02:34:00+00:00,1155|1980
52,3fd66200f964a52032f01ee3,99,0,2,2012-04-21 04:39:00+00:00,2012-04-21 04:39:00+00:00,971|1155
53,3fd66200f964a52032f01ee3,99,0,3,2012-04-24 02:40:00+00:00,2012-04-24 02:40:00+00:00,1155|5875|6268
54,3fd66200f964a52032f01ee3,99,0,2,2012-04-28 04:16:00+00:00,2012-04-28 04:16:00+00:00,1155|2661
55,3fd66200f964a52035e41ee3,105,0,2,2012-04-04 01:41:00+00:00,2012-04-04 01:41:00+00:00,275|4167
56,3fd66200f964a52035e41ee3,105,0,2,2012-05-09 01:29:00+00:00,2012-05-09 01:29:00+00:00,2668|6509
57,3fd66200f964a52035e41ee3,105,0,2,2012-05-15 23:09:00+00:00,2012-05-15 23:09:00+00:00,106|3788
58,3fd66200f964a52035e41ee3,105,0,2,2012-05-19 03:38:00+00:00,2012-05-19 03:38:00+00:00,3850|6245
59,3fd66200f964a52035e41ee3,105,0,2,2012-06-10 00:04:00+00:00,2012-06-10 00:04:00+00:00,2458|4318
60,3fd66200f964a52035e41ee3,105,0,2,2012-07-05 22:30:00+00:00,2012-07-05 22:30:00+00:00,876|4720
61,3fd66200f964a52036e31ee3,107,0,2,2012-06-17 22:53:00+00:00,2012-06-17 22:53:00+00:00,4915|6008
62,3fd66200f964a52036f01ee3,112,0,2,2012-04-29 03:01:00+00:00,2012-04-29 03:01:00+00:00,3347|4231
63,3fd66200f964a52036f01ee3,112,0,2,2012-11-25 07:44:00+00:00,2012-11-25 07:44:00+00:00,3571|5544
64,3fd66200f964a52037e31ee3,113,0,2,2012-07-29 07:16:00+00:00,2012-07-29 07:16:00+00:00,607|2762
65,3fd66200f964a52037f01ee3,115,0,2,2012-04-20 05:18:00+00:00,2012-04-20 05:18:00+00:00,82|2542
66,3fd66200f964a52039e31ee3,119,0,2,2012-12-15 08:17:00+00:00,2012-12-15 08:17:00+00:00,3673|6039
67,3fd66200f964a5203ee91ee3,130,0,2,2012-10-12 23:49:00+00:00,2012-10-12 23:49:00+00:00,4517|4877
68,3fd66200f964a5203ef01ee3,133,0,2,2012-05-27 04:35:00+00:00,2012-05-27 04:35:00+00:00,2216|4231
69,3fd66200f964a5203fe41ee3,134,0,2,2012-07-04 04:30:00+00:00,2012-07-04 04:30:00+00:00,2878|5139
70,3fd66200f964a52040ef1ee3,139,0,2,2012-07-02 23:27:00+00:00,2012-07-02 23:27:00+00:00,2786|4148
71,3fd66200f964a52040f01ee3,140,0,2,2012-04-04 04:45:00+00:00,2012-04-04 04:45:00+00:00,1155|4148
72,3fd66200f964a52040f01ee3,140,0,4,2012-04-08 04:32:00+00:00,2012-04-08 04:32:00+00:00,1155|3779|4148|6665
73,3fd66200f964a52040f01ee3,140,0,2,2012-07-07 02:01:00+00:00,2012-07-07 02:01:00+00:00,1304|6680
74,3fd66200f964a52041ef1ee3,143,0,2,2012-06-03 05:08:00+00:00,2012-06-03 05:08:00+00:00,2089|3065
75,3fd66200f964a52042e81ee3,145,0,2,2012-07-01 05:54:00+00:00,2012-07-01 05:54:00+00:00,739|6706
76,3fd66200f964a52044e31ee3,146,0,2,2012-04-29 03:28:00+00:00,2012-04-29 03:28:00+00:00,85|6419
77,3fd66200f964a52044e61ee3,148,0,2,2012-07-15 16:29:00+00:00,2012-07-15 16:29:00+00:00,2618|2621
78,3fd66200f964a52049e31ee3,160,0,2,2012-07-28 05:36:00+00:00,2012-07-28 05:36:00+00:00,3230|6486
79,3fd66200f964a5204ee41ee3,167,0,2,2012-05-19 16:20:00+00:00,2012-05-19 16:20:00+00:00,3075|3513
80,3fd66200f964a52051e41ee3,170,0,2,2012-09-14 21:28:00+00:00,2012-09-14 21:28:00+00:00,1641|5103
81,3fd66200f964a52052e61ee3,172,0,2,2012-04-22 16:59:00+00:00,2012-04-22 16:59:00+00:00,1877|5084
82,3fd66200f964a52053e71ee3,175,0,2,2012-09-15 04:34:00+00:00,2012-09-15 04:34:00+00:00,4232|6305
83,3fd66200f964a52053eb1ee3,176,0,2,2012-09-15 02:47:00+00:00,2012-09-15 02:47:00+00:00,2563|4025
84,3fd66200f964a52058ef1ee3,187,0,2,2012-06-17 02:47:00+00:00,2012-06-17 02:47:00+00:00,3805|4995
85,3fd66200f964a52058ef1ee3,187,0,2,2012-08-11 02:12:00+00:00,2012-08-11 02:12:00+00:00,1637|3517
86,3fd66200f964a52058ef1ee3,187,0,2,2012-10-26 04:02:00+00:00,2012-10-26 04:02:00+00:00,1329|2541
87,3fd66200f964a52058ef1ee3,187,0,2,2012-10-31 04:04:00+00:00,2012-10-31 04:04:00+00:00,592|2459
88,3fd66200f964a52058ef1ee3,187,0,2,2013-02-01 05:02:00+00:00,2013-02-01 05:02:00+00:00,174|1887
89,3fd66200f964a5205ae31ee3,189,0,2,2012-05-13 03:18:00+00:00,2012-05-13 03:18:00+00:00,2563|4025
90,3fd66200f964a5205ae91ee3,190,0,2,2012-05-27 23:39:00+00:00,2012-05-27 23:39:00+00:00,3731|4935
91,3fd66200f964a5205ae91ee3,190,0,2,2012-06-21 08:11:00+00:00,2012-06-21 08:11:00+00:00,1608|4010
92,3fd66200f964a5205deb1ee3,197,0,2,2012-05-22 00:08:00+00:00,2012-05-22 00:08:00+00:00,33|2495
93,3fd66200f964a52062e61ee3,203,0,2,2012-06-17 01:29:00+00:00,2012-06-17 01:29:00+00:00,1329|2541
94,3fd66200f964a52062e61ee3,203,0,2,2012-08-20 00:33:00+00:00,2012-08-20 00:33:00+00:00,3168|4263
95,3fd66200f964a52066ee1ee3,210,0,2,2012-12-12 06:01:00+00:00,2012-12-12 06:01:00+00:00,1246|6523
96,3fd66200f964a52067e61ee3,212,0,2,2012-12-10 22:49:00+00:00,2012-12-10 22:49:00+00:00,2410|4188
97,3fd66200f964a52068ee1ee3,216,0,2,2012-12-23 05:59:00+00:00,2012-12-23 05:59:00+00:00,2293|4475
98,3fd66200f964a52069e71ee3,217,0,2,2012-05-15 22:57:00+00:00,2012-05-15 22:57:00+00:00,1389|3364
99,3fd66200f964a5206aee1ee3,221,0,2,2012-07-09 02:03:00+00:00,2012-07-09 02:03:00+00:00,2107|4014
100,3fd66200f964a5206aee1ee3,221,0,2,2013-04-16 19:39:00+00:00,2013-04-16 19:39:00+00:00,1393|3112
101,3fd66200f964a5206aef1ee3,222,0,2,2012-07-06 23:17:00+00:00,2012-07-06 23:17:00+00:00,1304|6680
102,3fd66200f964a5206ce41ee3,224,0,2,2013-01-24 23:10:00+00:00,2013-01-24 23:10:00+00:00,239|2668
103,3fd66200f964a5206deb1ee3,227,0,3,2013-02-17 22:09:00+00:00,2013-02-17 22:09:00+00:00,475|4318|5405
104,3fd66200f964a52070e91ee3,232,0,2,2012-05-08 13:02:00+00:00,2012-05-08 13:02:00+00:00,225|1998
105,3fd66200f964a52071e61ee3,234,0,2,2012-04-15 04:45:00+00:00,2012-04-15 04:45:00+00:00,372|4697
106,3fd66200f964a52071ee1ee3,236,0,2,2012-09-16 01:38:00+00:00,2012-09-16 01:38:00+00:00,66|1231
107,3fd66200f964a52073e81ee3,238,0,2,2012-04-10 22:38:00+00:00,2012-04-10 22:38:00+00:00,1808|1962
108,3fd66200f964a52078ee1ee3,247,0,2,2012-04-22 06:33:00+00:00,2012-04-22 06:33:00+00:00,1304|6680
109,3fd66200f964a52078ee1ee3,247,0,2,2012-05-28 02:45:00+00:00,2012-05-28 02:45:00+00:00,468|4934
110,3fd66200f964a5207af01ee3,252,0,3,2012-09-15 05:21:00+00:00,2012-09-15 05:21:00+00:00,618|753|3169
111,3fd66200f964a5207eea1ee3,259,0,2,2012-10-24 01:09:00+00:00,2012-10-24 01:09:00+00:00,2709|3172
112,3fd66200f964a52080ee1ee3,265,0,2,2012-04-11 04:40:00+00:00,2012-04-11 04:40:00+00:00,1304|6680
113,3fd66200f964a52080ee1ee3,265,0,2,2012-04-19 02:58:00+00:00,2012-04-19 02:58:00+00:00,1566|2739
114,3fd66200f964a52080ee1ee3,265,0,2,2012-08-18 06:11:00+00:00,2012-08-18 06:11:00+00:00,1304|6680
115,3fd66200f964a52080ee1ee3,265,0,2,2012-11-20 03:47:00+00:00,2012-11-20 03:47:00+00:00,3906|4551
116,3fd66200f964a52080ee1ee3,265,0,2,2012-12-02 05:35:00+00:00,2012-12-02 05:35:00+00:00,2049|2739
117,3fd66200f964a52080ee1ee3,265,0,2,2013-01-22 02:34:00+00:00,2013-01-22 02:34:00+00:00,2470|6482
118,3fd66200f964a52084ea1ee3,271,0,2,2012-06-09 04:37:00+00:00,2012-06-09 04:37:00+00:00,187|1128
119,3fd66200f964a52085e41ee3,272,0,2,2012-07-06 19:25:00+00:00,2012-07-06 19:25:00+00:00,3111|3569
120,3fd66200f964a5208be41ee3,282,0,2,2012-09-09 23:17:00+00:00,2012-09-09 23:17:00+00:00,2465|6310
121,3fd66200f964a52092e71ee3,292,0,2,2012-05-23 19:30:00+00:00,2012-05-23 19:30:00+00:00,2611|4696
122,3fd66200f964a52092e71ee3,292,0,2,2013-03-29 01:45:00+00:00,2013-03-29 01:45:00+00:00,6007|6535
123,3fd66200f964a52092ee1ee3,294,0,2,2012-12-06 19:20:00+00:00,2012-12-06 19:20:00+00:00,1874|3418
124,3fd66200f964a52092ee1ee3,294,0,2,2013-02-18 21:34:00+00:00,2013-02-18 21:34:00+00:00,2185|6185
125,3fd66200f964a52093e71ee3,296,0,2,2012-07-18 22:51:00+00:00,2012-07-18 22:51:00+00:00,4381|5974
126,3fd66200f964a52095e71ee3,302,0,2,2012-04-29 02:38:00+00:00,2012-04-29 02:38:00+00:00,2506|6327
127,3fd66200f964a52096e91ee3,303,0,2,2012-05-04 02:29:00+00:00,2012-05-04 02:29:00+00:00,372|4697
128,3fd66200f964a52096eb1ee3,304,0,3,2012-08-11 22:32:00+00:00,2012-08-11 22:32:00+00:00,1871|4142|4294
129,3fd66200f964a52096eb1ee3,304,0,2,2012-08-18 19:36:00+00:00,2012-08-18 19:36:00+00:00,3569|3919
130,3fd66200f964a52096ee1ee3,305,0,2,2012-04-28 04:45:00+00:00,2012-04-28 04:45:00+00:00,4040|4934
131,3fd66200f964a52099e41ee3,310,0,2,2012-06-09 04:13:00+00:00,2012-06-09 04:13:00+00:00,2033|4835
132,3fd66200f964a5209fe51ee3,321,0,2,2012-04-14 04:18:00+00:00,2012-04-14 04:18:00+00:00,2665|4443
133,3fd66200f964a520a0ee1ee3,326,0,2,2012-05-04 06:16:00+00:00,2012-05-04 06:16:00+00:00,99|290
134,3fd66200f964a520a4e31ee3,328,0,3,2012-05-29 16:53:00+00:00,2012-05-29 16:53:00+00:00,1968|4413|6334
135,3fd66200f964a520a9f11ee3,335,0,2,2012-04-14 00:05:00+00:00,2012-04-14 00:05:00+00:00,1465|5940
136,3fd66200f964a520aae31ee3,336,0,2,2012-04-28 22:19:00+00:00,2012-04-28 22:19:00+00:00,993|2185
137,3fd66200f964a520aae31ee3,336,0,4,2012-05-21 20:57:00+00:00,2012-05-21 20:57:00+00:00,512|679|1097|2185
138,3fd66200f964a520ade91ee3,341,0,2,2013-09-03 22:43:00+00:00,2013-09-03 22:43:00+00:00,2874|5577
139,3fd66200f964a520b6e71ee3,350,0,2,2012-04-14 16:06:00+00:00,2012-04-14 16:06:00+00:00,2015|3671
140,3fd66200f964a520bbe61ee3,358,0,2,2012-05-02 02:19:00+00:00,2012-05-02 02:19:00+00:00,1224|1277
141,3fd66200f964a520bbe61ee3,358,0,2,2012-05-09 00:04:00+00:00,2012-05-09 00:04:00+00:00,1224|4912
142,3fd66200f964a520bbe61ee3,358,0,4,2012-05-15 01:18:00+00:00,2012-05-15 01:18:00+00:00,225|512|530|1277
143,3fd66200f964a520bbe61ee3,358,0,2,2012-05-16 00:13:00+00:00,2012-05-16 00:13:00+00:00,63|1097
144,3fd66200f964a520bbe61ee3,358,0,4,2012-05-16 01:08:00+00:00,2012-05-16 01:08:00+00:00,530|1224|1871|6065
145,3fd66200f964a520bbe61ee3,358,0,2,2012-12-04 23:56:00+00:00,2012-12-04 23:56:00+00:00,22|3050
146,3fd66200f964a520bce31ee3,359,0,2,2012-04-15 20:06:00+00:00,2012-04-15 20:06:00+00:00,2853|2854
147,3fd66200f964a520bde41ee3,363,0,2,2012-08-18 03:03:00+00:00,2012-08-18 03:03:00+00:00,5084|5183
148,3fd66200f964a520bee71ee3,366,0,3,2012-05-11 01:17:00+00:00,2012-05-11 01:17:00+00:00,3406|4453|5069
149,3fd66200f964a520c2f11ee3,376,0,2,2012-06-21 03:43:00+00:00,2012-06-21 03:43:00+00:00,4839|5326
150,3fd66200f964a520c2f11ee3,376,0,2,2012-07-07 05:23:00+00:00,2012-07-07 05:23:00+00:00,4839|5528
151,3fd66200f964a520c5e41ee3,379,0,2,2012-04-28 21:07:00+00:00,2012-04-28 21:07:00+00:00,1145|1167
152,3fd66200f964a520c5f01ee3,380,0,2,2012-05-06 00:07:00+00:00,2012-05-06 00:07:00+00:00,2356|2691
153,3fd66200f964a520c5f01ee3,380,0,3,2012-06-17 05:07:00+00:00,2012-06-17 05:07:00+00:00,1372|3949|5298
154,3fd66200f964a520c7f11ee3,383,0,2,2012-05-11 17:00:00+00:00,2012-05-11 17:00:00+00:00,438|1676
155,3fd66200f964a520c7f11ee3,383,0,2,2012-05-29 22:53:00+00:00,2012-05-29 22:53:00+00:00,1998|3806
156,3fd66200f964a520c7f11ee3,383,0,2,2012-09-15 01:18:00+00:00,2012-09-15 01:18:00+00:00,947|4222
157,3fd66200f964a520cce71ee3,389,0,2,2012-04-13 23:30:00+00:00,2012-04-13 23:30:00+00:00,5084|6422
158,3fd66200f964a520d0ed1ee3,394,0,2,2012-06-09 02:41:00+00:00,2012-06-09 02:41:00+00:00,4107|4297
159,3fd66200f964a520d1e31ee3,395,0,2,2012-04-17 23:17:00+00:00,2012-04-17 23:17:00+00:00,5298|5863
160,3fd66200f964a520d1e31ee3,395,0,2,2012-12-07 23:22:00+00:00,2012-12-07 23:22:00+00:00,2828|5298
161,3fd66200f964a520d7e41ee3,402,0,2,2012-04-14 21:32:00+00:00,2012-04-14 21:32:00+00:00,4926|5872
162,3fd66200f964a520d7f11ee3,405,0,2,2012-04-16 16:54:00+00:00,2012-04-16 16:54:00+00:00,2393|5237
163,3fd66200f964a520d7f11ee3,405,0,2,2012-05-27 19:12:00+00:00,2012-05-27 19:12:00+00:00,1289|2748
164,3fd66200f964a520d7f11ee3,405,0,2,2012-05-31 17:08:00+00:00,2012-05-31 17:08:00+00:00,85|3903
165,3fd66200f964a520d7f11ee3,405,0,2,2012-06-18 16:22:00+00:00,2012-06-18 16:22:00+00:00,85|2393
166,3fd66200f964a520d7f11ee3,405,0,3,2012-07-03 20:26:00+00:00,2012-07-03 20:26:00+00:00,2057|5334|5763
167,3fd66200f964a520d7f11ee3,405,0,2,2012-07-16 23:32:00+00:00,2012-07-16 23:32:00+00:00,776|1299
168,3fd66200f964a520d7f11ee3,405,0,2,2012-07-18 17:28:00+00:00,2012-07-18 17:28:00+00:00,4486|5107
169,3fd66200f964a520d7f11ee3,405,0,2,2012-08-16 22:06:00+00:00,2012-08-16 22:06:00+00:00,2087|3839
170,3fd66200f964a520d8e41ee3,406,0,2,2012-05-05 00:40:00+00:00,2012-05-05 00:40:00+00:00,2615|6865
171,3fd66200f964a520daf11ee3,412,0,2,2012-05-13 14:28:00+00:00,2012-05-13 14:28:00+00:00,3075|3993
172,3fd66200f964a520dbe31ee3,413,0,2,2012-04-13 02:58:00+00:00,2012-04-13 02:58:00+00:00,243|1277
173,3fd66200f964a520dbe31ee3,413,0,2,2012-10-19 00:10:00+00:00,2012-10-19 00:10:00+00:00,275|1206
174,3fd66200f964a520dbe81ee3,416,0,2,2013-01-26 22:58:00+00:00,2013-01-26 22:58:00+00:00,2048|3292
175,3fd66200f964a520ddf01ee3,423,0,4,2012-04-13 16:21:00+00:00,2012-04-13 16:21:00+00:00,2316|2347|3718|5531
176,3fd66200f964a520ddf01ee3,423,0,5,2012-04-14 16:28:00+00:00,2012-04-14 16:28:00+00:00,4318|4873|5863|5959|6500
177,3fd66200f964a520ddf01ee3,423,0,5,2012-04-17 22:08:00+00:00,2012-04-17 22:08:00+00:00,204|556|1186|2594|5930
178,3fd66200f964a520ddf01ee3,423,0,5,2012-04-18 22:47:00+00:00,2012-04-18 22:47:00+00:00,1130|2165|2620|5333|5531
179,3fd66200f964a520ddf01ee3,423,0,6,2012-04-19 22:22:00+00:00,2012-04-19 22:22:00+00:00,2005|2862|3971|4258|4364|5616
180,3fd66200f964a520ddf01ee3,423,0,7,2012-04-27 22:34:00+00:00,2012-04-27 22:34:00+00:00,141|527|1117|1831|2165|3960|4469
181,3fd66200f964a520ddf01ee3,423,0,5,2012-04-28 19:10:00+00:00,2012-04-28 19:10:00+00:00,888|982|3668|3718|3934
182,3fd66200f964a520ddf01ee3,423,0,3,2012-04-29 16:15:00+00:00,2012-04-29 16:15:00+00:00,947|2354|3590
183,3fd66200f964a520ddf01ee3,423,0,5,2012-05-08 22:38:00+00:00,2012-05-08 22:38:00+00:00,1277|1503|2316|3668|5726
184,3fd66200f964a520ddf01ee3,423,0,6,2012-05-10 22:10:00+00:00,2012-05-10 22:10:00+00:00,102|1276|2504|2863|3960|5988
185,3fd66200f964a520ddf01ee3,423,0,4,2012-05-12 19:22:00+00:00,2012-05-12 19:22:00+00:00,159|302|3247|3960
186,3fd66200f964a520ddf01ee3,423,0,2,2012-05-13 16:19:00+00:00,2012-05-13 16:19:00+00:00,3590|6500
187,3fd66200f964a520ddf01ee3,423,0,2,2012-05-16 13:30:00+00:00,2012-05-16 13:30:00+00:00,3249|5981
188,3fd66200f964a520ddf01ee3,423,0,6,2012-05-18 22:17:00+00:00,2012-05-18 22:17:00+00:00,1062|1562|2165|3204|3904|3960
189,3fd66200f964a520ddf01ee3,423,0,3,2012-05-19 16:18:00+00:00,2012-05-19 16:18:00+00:00,159|595|2048
190,3fd66200f964a520ddf01ee3,423,0,5,2012-05-23 22:34:00+00:00,2012-05-23 22:34:00+00:00,2081|2317|2587|3225|5535
191,3fd66200f964a520ddf01ee3,423,0,2,2012-06-06 20:02:00+00:00,2012-06-06 20:02:00+00:00,187|3994
192,3fd66200f964a520ddf01ee3,423,0,2,2012-06-06 22:50:00+00:00,2012-06-06 22:50:00+00:00,1911|5691
193,3fd66200f964a520ddf01ee3,423,0,5,2012-06-07 22:03:00+00:00,2012-06-07 22:03:00+00:00,2116|3171|4318|4941|6633
194,3fd66200f964a520ddf01ee3,423,0,3,2012-06-08 22:46:00+00:00,2012-06-08 22:46:00+00:00,1051|1069|1130
195,3fd66200f964a520ddf01ee3,423,0,4,2012-06-09 22:16:00+00:00,2012-06-09 22:16:00+00:00,2256|3037|3247|5616
196,3fd66200f964a520ddf01ee3,423,0,3,2012-06-27 17:03:00+00:00,2012-06-27 17:03:00+00:00,1051|3739|6690
197,3fd66200f964a520ddf01ee3,423,0,2,2012-07-06 19:07:00+00:00,2012-07-06 19:07:00+00:00,2149|3189
198,3fd66200f964a520ddf01ee3,423,0,4,2012-07-07 00:01:00+00:00,2012-07-07 00:01:00+00:00,931|1338|2819|3453
199,3fd66200f964a520ddf01ee3,423,0,3,2012-07-07 23:27:00+00:00,2012-07-07 23:27:00+00:00,158|2894|3960
200,3fd66200f964a520ddf01ee3,423,0,2,2012-07-13 22:20:00+00:00,2012-07-13 22:20:00+00:00,2502|5834
201,3fd66200f964a520ddf01ee3,423,0,2,2012-07-15 16:26:00+00:00,2012-07-15 16:26:00+00:00,195|5774
202,3fd66200f964a520ddf01ee3,423,0,2,2012-07-18 16:20:00+00:00,2012-07-18 16:20:00+00:00,2623|3960
203,3fd66200f964a520ddf01ee3,423,0,3,2012-07-27 22:07:00+00:00,2012-07-27 22:07:00+00:00,2165|4321|4915
204,3fd66200f964a520ddf01ee3,423,0,2,2012-07-28 19:07:00+00:00,2012-07-28 19:07:00+00:00,3707|4873
205,3fd66200f964a520ddf01ee3,423,0,5,2012-07-29 22:47:00+00:00,2012-07-29 22:47:00+00:00,1762|2081|2256|2828|4956
206,3fd66200f964a520ddf01ee3,423,0,4,2012-08-13 22:43:00+00:00,2012-08-13 22:43:00+00:00,1276|2461|2504|3869
207,3fd66200f964a520ddf01ee3,423,0,2,2012-08-14 22:38:00+00:00,2012-08-14 22:38:00+00:00,34|1676
208,3fd66200f964a520ddf01ee3,423,0,3,2012-08-18 19:26:00+00:00,2012-08-18 19:26:00+00:00,894|1370|2565
209,3fd66200f964a520ddf01ee3,423,0,2,2012-08-19 23:49:00+00:00,2012-08-19 23:49:00+00:00,5102|5531
210,3fd66200f964a520ddf01ee3,423,0,3,2012-10-11 23:03:00+00:00,2012-10-11 23:03:00+00:00,97|2347|5531
211,3fd66200f964a520ddf01ee3,423,0,4,2012-10-12 20:55:00+00:00,2012-10-12 20:55:00+00:00,159|1130|1682|2165
212,3fd66200f964a520ddf01ee3,423,0,2,2012-12-29 19:01:00+00:00,2012-12-29 19:01:00+00:00,2132|3718
213,3fd66200f964a520ddf01ee3,423,0,3,2013-04-01 16:27:00+00:00,2013-04-01 16:27:00+00:00,1099|2165|5622
214,3fd66200f964a520ddf01ee3,423,0,2,2013-04-04 22:33:00+00:00,2013-04-04 22:33:00+00:00,510|3874
215,3fd66200f964a520dee51ee3,424,0,2,2012-05-04 01:18:00+00:00,2012-05-04 01:18:00+00:00,0|1206
216,3fd66200f964a520def11ee3,427,0,2,2012-04-23 22:51:00+00:00,2012-04-23 22:51:00+00:00,1130|3075
217,3fd66200f964a520def11ee3,427,0,2,2012-04-25 23:46:00+00:00,2012-04-25 23:46:00+00:00,3051|6867
218,3fd66200f964a520def11ee3,427,0,2,2012-04-28 20:26:00+00:00,2012-04-28 20:26:00+00:00,2331|4368
219,3fd66200f964a520def11ee3,427,0,3,2012-05-01 20:01:00+00:00,2012-05-01 20:01:00+00:00,553|2988|3052
220,3fd66200f964a520def11ee3,427,0,2,2012-05-06 17:07:00+00:00,2012-05-06 17:07:00+00:00,415|3406
221,3fd66200f964a520def11ee3,427,0,2,2012-05-17 23:16:00+00:00,2012-05-17 23:16:00+00:00,1933|4406
222,3fd66200f964a520def11ee3,427,0,2,2012-05-29 19:17:00+00:00,2012-05-29 19:17:00+00:00,3075|4262
223,3fd66200f964a520def11ee3,427,0,2,2012-06-05 12:49:00+00:00,2012-06-05 12:49:00+00:00,1059|3119
224,3fd66200f964a520def11ee3,427,0,2,2012-06-08 16:01:00+00:00,2012-06-08 16:01:00+00:00,3453|4262
225,3fd66200f964a520def11ee3,427,0,2,2012-06-13 23:19:00+00:00,2012-06-13 23:19:00+00:00,53|914
226,3fd66200f964a520def11ee3,427,0,3,2012-07-08 19:55:00+00:00,2012-07-08 19:55:00+00:00,1334|2689|5103
227,3fd66200f964a520def11ee3,427,0,2,2012-07-16 17:34:00+00:00,2012-07-16 17:34:00+00:00,4835|4912
228,3fd66200f964a520def11ee3,427,0,2,2012-07-29 16:06:00+00:00,2012-07-29 16:06:00+00:00,3869|3894
229,3fd66200f964a520def11ee3,427,0,2,2012-09-15 01:21:00+00:00,2012-09-15 01:21:00+00:00,1767|3894
230,3fd66200f964a520def11ee3,427,0,2,2012-11-16 23:16:00+00:00,2012-11-16 23:16:00+00:00,1192|3075
231,3fd66200f964a520def11ee3,427,0,2,2013-04-21 18:03:00+00:00,2013-04-21 18:03:00+00:00,4478|4765
232,3fd66200f964a520dff01ee3,430,0,2,2012-04-28 19:19:00+00:00,2012-04-28 19:19:00+00:00,982|5582
233,3fd66200f964a520e0e51ee3,431,0,2,2012-04-19 23:42:00+00:00,2012-04-19 23:42:00+00:00,718|5774
234,3fd66200f964a520e0e51ee3,431,0,2,2012-05-17 23:20:00+00:00,2012-05-17 23:20:00+00:00,3050|4222
235,3fd66200f964a520e0e51ee3,431,0,2,2012-07-11 02:22:00+00:00,2012-07-11 02:22:00+00:00,168|204
236,3fd66200f964a520e1ef1ee3,432,0,2,2012-08-12 19:09:00+00:00,2012-08-12 19:09:00+00:00,1304|6680
237,3fd66200f964a520e1f01ee3,433,0,2,2012-04-13 20:08:00+00:00,2012-04-13 20:08:00+00:00,2347|3718
238,3fd66200f964a520e7e61ee3,445,0,2,2012-11-10 23:38:00+00:00,2012-11-10 23:38:00+00:00,737|5081
239,3fd66200f964a520e8f01ee3,447,0,2,2012-04-18 01:00:00+00:00,2012-04-18 01:00:00+00:00,796|6409
240,3fd66200f964a520efe61ee3,457,0,2,2012-07-07 16:53:00+00:00,2012-07-07 16:53:00+00:00,737|5081
241,3fd66200f964a520f1e61ee3,459,0,2,2012-06-02 21:43:00+00:00,2012-06-02 21:43:00+00:00,5084|6422
242,3fd66200f964a520f3e71ee3,461,0,2,2012-04-03 22:38:00+00:00,2012-04-03 22:38:00+00:00,1808|1962
243,3fd66200f964a520f4e61ee3,464,0,2,2012-04-29 04:18:00+00:00,2012-04-29 04:18:00+00:00,3649|5366
244,3fd66200f964a520f4e61ee3,464,0,2,2012-05-05 04:48:00+00:00,2012-05-05 04:48:00+00:00,3649|5366
245,3fd66200f964a520f4e61ee3,464,0,2,2012-05-05 19:59:00+00:00,2012-05-05 19:59:00+00:00,3649|5366
246,3fd66200f964a520f4e61ee3,464,0,2,2012-05-09 01:13:00+00:00,2012-05-09 01:13:00+00:00,3649|5366
247,3fd66200f964a520f4e61ee3,464,0,2,2012-05-16 00:59:00+00:00,2012-05-16 00:59:00+00:00,3649|5366
248,3fd66200f964a520f8e41ee3,473,0,2,2012-04-21 02:25:00+00:00,2012-04-21 02:25:00+00:00,372|4697
249,40749600f964a52051f21ee3,479,0,2,2012-05-08 22:10:00+00:00,2012-05-08 22:10:00+00:00,1826|3820
250,40773900f964a52064f21ee3,483,0,2,2012-09-09 16:23:00+00:00,2012-09-09 16:23:00+00:00,69|89
251,4079dc00f964a52070f21ee3,485,0,2,2013-02-01 18:53:00+00:00,2013-02-01 18:53:00+00:00,1543|4832
252,4081c500f964a52081f21ee3,487,0,2,2012-06-30 19:26:00+00:00,2012-06-30 19:26:00+00:00,1370|3949
253,4081c500f964a52081f21ee3,487,0,2,2012-07-11 23:11:00+00:00,2012-07-11 23:11:00+00:00,275|916
254,40870b00f964a520b7f21ee3,489,0,2,2012-04-28 19:48:00+00:00,2012-04-28 19:48:00+00:00,1968|4413
255,40870b00f964a520b7f21ee3,489,0,2,2012-05-05 00:29:00+00:00,2012-05-05 00:29:00+00:00,799|925
256,40870b00f964a520b7f21ee3,489,0,2,2012-08-19 01:58:00+00:00,2012-08-19 01:58:00+00:00,3123|4517
257,408da280f964a520d8f21ee3,491,0,2,2012-05-15 22:13:00+00:00,2012-05-15 22:13:00+00:00,1124|1734
258,40958b80f964a520e6f21ee3,492,0,2,2013-01-30 23:40:00+00:00,2013-01-30 23:40:00+00:00,3050|5622
259,409ad180f964a520eff21ee3,493,0,2,2012-10-27 01:19:00+00:00,2012-10-27 01:19:00+00:00,141|5774
260,40a01780f964a520f3f21ee3,494,0,2,2012-06-06 17:07:00+00:00,2012-06-06 17:07:00+00:00,356|1320
261,40a01780f964a520f3f21ee3,494,0,2,2012-10-27 20:16:00+00:00,2012-10-27 20:16:00+00:00,936|4721
262,40a01780f964a520f3f21ee3,494,0,2,2012-11-28 17:12:00+00:00,2012-11-28 17:12:00+00:00,66|2923
263,40a16900f964a520f9f21ee3,496,0,2,2012-05-14 23:08:00+00:00,2012-05-14 23:08:00+00:00,63|621
264,40a16900f964a520f9f21ee3,496,0,2,2013-02-08 00:18:00+00:00,2013-02-08 00:18:00+00:00,4623|5426
265,40a2ba80f964a5200ef31ee3,497,0,2,2012-07-02 21:32:00+00:00,2012-07-02 21:32:00+00:00,1647|4626
266,40a2ba80f964a5200ef31ee3,497,0,2,2013-02-07 05:33:00+00:00,2013-02-07 05:33:00+00:00,4208|5492
267,40a2ba80f964a520fef21ee3,499,0,7,2012-05-16 23:14:00+00:00,2012-05-16 23:14:00+00:00,530|1372|1494|1682|2043|3050|4956
268,40a2ba80f964a520fef21ee3,499,0,4,2012-05-17 01:10:00+00:00,2012-05-17 01:10:00+00:00,102|152|1224|4713
269,40a40c00f964a5201df31ee3,500,0,2,2012-04-04 17:49:00+00:00,2012-04-04 17:49:00+00:00,1246|6539
270,40a40c00f964a5201df31ee3,500,0,2,2012-04-07 21:03:00+00:00,2012-04-07 21:03:00+00:00,1980|6118
271,40a40c00f964a5201df31ee3,500,0,2,2012-04-19 19:27:00+00:00,2012-04-19 19:27:00+00:00,971|3805
272,40a40c00f964a5201df31ee3,500,0,2,2012-05-12 00:26:00+00:00,2012-05-12 00:26:00+00:00,1246|4040
273,40a40c00f964a5201df31ee3,500,0,2,2012-05-19 00:06:00+00:00,2012-05-19 00:06:00+00:00,1246|4961
274,40a40c00f964a5201df31ee3,500,0,2,2012-05-23 23:47:00+00:00,2012-05-23 23:47:00+00:00,82|5696
275,40a40c00f964a5201df31ee3,500,0,2,2012-07-04 02:21:00+00:00,2012-07-04 02:21:00+00:00,2359|3910
276,40a40c00f964a5201df31ee3,500,0,2,2012-07-07 02:09:00+00:00,2012-07-07 02:09:00+00:00,2359|5931
277,40a40c00f964a5201df31ee3,500,0,2,2012-10-18 19:13:00+00:00,2012-10-18 19:13:00+00:00,2359|5867
278,40a40c00f964a5201df31ee3,500,0,2,2013-01-31 23:21:00+00:00,2013-01-31 23:21:00+00:00,2359|5867
279,40a55d80f964a52020f31ee3,501,0,2,2012-05-19 14:27:00+00:00,2012-05-19 14:27:00+00:00,301|5377
280,40a55d80f964a52020f31ee3,501,0,2,2012-05-27 13:05:00+00:00,2012-05-27 13:05:00+00:00,3192|3824
281,40a6af00f964a52027f31ee3,503,0,2,2012-05-19 02:24:00+00:00,2012-05-19 02:24:00+00:00,97|3324
282,40abf500f964a52035f31ee3,505,0,3,2012-04-16 19:06:00+00:00,2012-04-16 19:06:00+00:00,3991|4496|6589
283,40abf500f964a52035f31ee3,505,0,2,2012-05-16 23:23:00+00:00,2012-05-16 23:23:00+00:00,1227|5848
284,40abf500f964a52035f31ee3,505,0,2,2012-06-18 00:06:00+00:00,2012-06-18 00:06:00+00:00,4915|6008
285,40abf500f964a52035f31ee3,505,0,2,2012-07-08 16:44:00+00:00,2012-07-08 16:44:00+00:00,741|2631
286,40abf500f964a52035f31ee3,505,0,2,2012-07-15 16:17:00+00:00,2012-07-15 16:17:00+00:00,1809|6589
287,40abf500f964a52035f31ee3,505,0,2,2012-08-18 19:15:00+00:00,2012-08-18 19:15:00+00:00,621|3075
288,40abf500f964a52035f31ee3,505,0,2,2013-04-06 19:06:00+00:00,2013-04-06 19:06:00+00:00,3203|4832
289,40afe980f964a5203bf31ee3,507,0,2,2012-04-13 23:44:00+00:00,2012-04-13 23:44:00+00:00,1773|4713
290,40afe980f964a5203bf31ee3,507,0,2,2012-04-19 01:53:00+00:00,2012-04-19 01:53:00+00:00,5298|5863
291,40afe980f964a5203bf31ee3,507,0,2,2012-05-05 16:56:00+00:00,2012-05-05 16:56:00+00:00,3647|4505
292,40afe980f964a5203bf31ee3,507,0,2,2012-07-07 04:33:00+00:00,2012-07-07 04:33:00+00:00,2714|5463
293,40afe980f964a5203bf31ee3,507,0,2,2012-07-21 23:57:00+00:00,2012-07-21 23:57:00+00:00,5303|5463
294,40b28c80f964a5200afc1ee3,511,0,2,2012-04-18 23:36:00+00:00,2012-04-18 23:36:00+00:00,1812|1821
295,40b28c80f964a5200afc1ee3,511,0,2,2012-06-02 23:57:00+00:00,2012-06-02 23:57:00+00:00,1182|1439
296,40b28c80f964a5200afc1ee3,511,0,2,2012-08-11 00:15:00+00:00,2012-08-11 00:15:00+00:00,2371|2402
297,40b28c80f964a5200afc1ee3,511,0,2,2012-12-16 00:16:00+00:00,2012-12-16 00:16:00+00:00,1182|2644
298,40b28c80f964a5200bfc1ee3,512,0,2,2012-05-27 05:47:00+00:00,2012-05-27 05:47:00+00:00,2486|5660
299,40b28c80f964a5200bfc1ee3,512,0,2,2012-07-29 05:06:00+00:00,2012-07-29 05:06:00+00:00,5059|6495
300,40b28c80f964a5200ffc1ee3,513,0,2,2012-06-10 04:29:00+00:00,2012-06-10 04:29:00+00:00,1643|5003
301,40b28c80f964a5200ffc1ee3,513,0,2,2012-07-07 07:18:00+00:00,2012-07-07 07:18:00+00:00,3509|5442
302,40b28c80f964a5200ffc1ee3,513,0,2,2012-12-22 06:31:00+00:00,2012-12-22 06:31:00+00:00,5003|5317
303,40b28c80f964a5200ffd1ee3,514,0,2,2012-04-20 02:18:00+00:00,2012-04-20 02:18:00+00:00,1325|3100
304,40b28c80f964a5200ffd1ee3,514,0,2,2012-05-22 01:41:00+00:00,2012-05-22 01:41:00+00:00,4023|5036
305,40b28c80f964a52010fd1ee3,515,0,2,2012-05-13 07:10:00+00:00,2012-05-13 07:10:00+00:00,2109|4662
306,40b28c80f964a52010fd1ee3,515,0,3,2012-06-17 08:34:00+00:00,2012-06-17 08:34:00+00:00,3509|4662|5442
307,40b28c80f964a52010fd1ee3,515,0,2,2012-11-17 07:15:00+00:00,2012-11-17 07:15:00+00:00,2312|3851
308,40b28c80f964a52010fd1ee3,515,0,2,2012-11-18 07:28:00+00:00,2012-11-18 07:28:00+00:00,3851|6551
309,40b28c80f964a5203afc1ee3,528,0,2,2012-08-12 04:31:00+00:00,2012-08-12 04:31:00+00:00,3294|4394
310,40b28c80f964a52044fc1ee3,536,0,2,2012-05-19 04:20:00+00:00,2012-05-19 04:20:00+00:00,3912|4467
311,40b28c80f964a52047fb1ee3,538,0,2,2012-04-18 23:30:00+00:00,2012-04-18 23:30:00+00:00,757|1053
312,40b28c80f964a52049ff1ee3,539,0,2,2012-04-21 06:10:00+00:00,2012-04-21 06:10:00+00:00,5059|6495
313,40b28c80f964a52049ff1ee3,539,0,2,2012-06-03 05:22:00+00:00,2012-06-03 05:22:00+00:00,5059|6495
314,40b28c80f964a52049ff1ee3,539,0,2,2012-07-05 04:16:00+00:00,2012-07-05 04:16:00+00:00,5059|6495
315,40b28c80f964a52049ff1ee3,539,0,2,2012-07-29 06:10:00+00:00,2012-07-29 06:10:00+00:00,3766|4738
316,40b28c80f964a52049ff1ee3,539,0,2,2012-11-18 05:08:00+00:00,2012-11-18 05:08:00+00:00,2700|6597
317,40b28c80f964a52049ff1ee3,539,0,2,2013-04-21 05:42:00+00:00,2013-04-21 05:42:00+00:00,842|2741
318,40b28c80f964a5204eff1ee3,542,0,2,2012-04-21 06:09:00+00:00,2012-04-21 06:09:00+00:00,1377|2486
319,40b28c80f964a5204eff1ee3,542,0,2,2012-05-13 03:46:00+00:00,2012-05-13 03:46:00+00:00,2679|4121
320,40b28c80f964a5204eff1ee3,542,0,2,2012-05-26 02:19:00+00:00,2012-05-26 02:19:00+00:00,1366|1503
321,40b28c80f964a5204eff1ee3,542,0,3,2012-05-27 21:00:00+00:00,2012-05-27 21:00:00+00:00,1366|1878|6636
322,40b28c80f964a5204eff1ee3,542,0,2,2012-06-03 05:39:00+00:00,2012-06-03 05:39:00+00:00,1377|2753
323,40b28c80f964a5204eff1ee3,542,0,2,2012-06-13 23:53:00+00:00,2012-06-13 23:53:00+00:00,1377|2741
324,40b28c80f964a5204eff1ee3,542,0,2,2012-07-29 06:04:00+00:00,2012-07-29 06:04:00+00:00,5059|6495
325,40b28c80f964a5204eff1ee3,542,0,2,2012-10-28 05:02:00+00:00,2012-10-28 05:02:00+00:00,3685|4025
326,40b28c80f964a5204eff1ee3,542,0,2,2012-11-25 06:00:00+00:00,2012-11-25 06:00:00+00:00,369|1878
327,40b28c80f964a5204ffc1ee3,543,0,2,2012-04-29 00:24:00+00:00,2012-04-29 00:24:00+00:00,623|6099
328,40b28c80f964a52050ff1ee3,545,0,2,2012-04-29 03:34:00+00:00,2012-04-29 03:34:00+00:00,3983|4426
329,40b28c80f964a52065fc1ee3,550,0,2,2012-04-20 04:40:00+00:00,2012-04-20 04:40:00+00:00,184|981
330,40b28c80f964a52067fc1ee3,551,0,2,2012-06-09 02:03:00+00:00,2012-06-09 02:03:00+00:00,1053|1344
331,40b28c80f964a52079fe1ee3,555,0,4,2012-04-23 00:03:00+00:00,2012-04-23 00:03:00+00:00,701|1398|3401|6805
332,40b28c80f964a52079fe1ee3,555,0,2,2012-12-02 00:54:00+00:00,2012-12-02 00:54:00+00:00,1621|2718
333,40b28c80f964a52082ff1ee3,556,0,2,2012-04-29 00:16:00+00:00,2012-04-29 00:16:00+00:00,3509|5442
334,40b28c80f964a520a5fb1ee3,563,0,2,2012-09-15 00:43:00+00:00,2012-09-15 00:43:00+00:00,2999|4800
335,40b28c80f964a520a7fb1ee3,564,0,2,2012-09-14 22:06:00+00:00,2012-09-14 22:06:00+00:00,2718|3636
336,40b28c80f964a520acfb1ee3,566,0,2,2012-11-18 07:11:00+00:00,2012-11-18 07:11:00+00:00,3651|4557
337,40b28c80f964a520affb1ee3,567,0,3,2012-07-10 23:13:00+00:00,2012-07-10 23:13:00+00:00,1459|2402|5528
338,40b28c80f964a520d1fb1ee3,575,0,2,2012-05-19 05:46:00+00:00,2012-05-19 05:46:00+00:00,3509|5442
339,40b28c80f964a520d3fb1ee3,576,0,2,2012-08-18 06:54:00+00:00,2012-08-18 06:54:00+00:00,3509|5442
340,40b28c80f964a520d3fe1ee3,577,0,2,2012-05-19 06:49:00+00:00,2012-05-19 06:49:00+00:00,4467|5536
341,40b28c80f964a520e0fe1ee3,579,0,2,2012-05-12 02:38:00+00:00,2012-05-12 02:38:00+00:00,800|1252
342,40b28c80f964a520e0fe1ee3,579,0,2,2012-08-18 20:25:00+00:00,2012-08-18 20:25:00+00:00,3272|5536
343,40b28c80f964a520fbfb1ee3,583,0,2,2012-05-16 02:46:00+00:00,2012-05-16 02:46:00+00:00,1377|5699
344,40b28c80f964a520fbfb1ee3,583,0,2,2012-07-07 06:44:00+00:00,2012-07-07 06:44:00+00:00,5638|6100
345,40b28c80f964a520fdfb1ee3,585,0,2,2012-04-21 16:05:00+00:00,2012-04-21 16:05:00+00:00,3294|4394
346,40b28c80f964a520fdfb1ee3,585,0,2,2012-06-16 20:30:00+00:00,2012-06-16 20:30:00+00:00,3294|4394
347,40b3de00f964a5201f001fe3,587,0,2,2012-05-13 03:51:00+00:00,2012-05-13 03:51:00+00:00,1028|4502
348,40b52f80f964a52057001fe3,589,0,2,2012-05-04 06:40:00+00:00,2012-05-04 06:40:00+00:00,4308|4662
349,40b52f80f964a52057001fe3,589,0,2,2012-11-02 05:24:00+00:00,2012-11-02 05:24:00+00:00,2439|4662
350,40b68100f964a52070001fe3,593,0,2,2012-10-28 06:25:00+00:00,2012-10-28 06:25:00+00:00,3186|3740
351,40b68100f964a5207d001fe3,596,0,2,2012-04-04 19:15:00+00:00,2012-04-04 19:15:00+00:00,5042|5344
352,40b68100f964a5207d001fe3,596,0,2,2012-04-07 20:18:00+00:00,2012-04-07 20:18:00+00:00,4453|5344
353,40b68100f964a5207d001fe3,596,0,2,2012-04-11 13:23:00+00:00,2012-04-11 13:23:00+00:00,5257|5344
354,40b68100f964a5207d001fe3,596,0,3,2012-04-12 22:04:00+00:00,2012-04-12 22:04:00+00:00,3075|3998|5068
355,40b68100f964a5207d001fe3,596,0,2,2012-04-13 19:49:00+00:00,2012-04-13 19:49:00+00:00,3075|3869
356,40b68100f964a5207d001fe3,596,0,2,2012-04-14 22:40:00+00:00,2012-04-14 22:40:00+00:00,5090|5344
357,40b68100f964a5207d001fe3,596,0,2,2012-04-16 11:56:00+00:00,2012-04-16 11:56:00+00:00,3683|5344
358,40b68100f964a5207d001fe3,596,0,3,2012-04-16 20:30:00+00:00,2012-04-16 20:30:00+00:00,3075|3991|6065
359,40b68100f964a5207d001fe3,596,0,2,2012-04-17 22:01:00+00:00,2012-04-17 22:01:00+00:00,3050|3075
360,40b68100f964a5207d001fe3,596,0,2,2012-04-19 11:36:00+00:00,2012-04-19 11:36:00+00:00,808|5344
361,40b68100f964a5207d001fe3,596,0,3,2012-04-19 18:32:00+00:00,2012-04-19 18:32:00+00:00,2409|4552|5344
362,40b68100f964a5207d001fe3,596,0,2,2012-04-19 23:45:00+00:00,2012-04-19 23:45:00+00:00,3075|5344
363,40b68100f964a5207d001fe3,596,0,2,2012-04-24 10:54:00+00:00,2012-04-24 10:54:00+00:00,808|5344
364,40b68100f964a5207d001fe3,596,0,2,2012-04-25 11:55:00+00:00,2012-04-25 11:55:00+00:00,808|5344
365,40b68100f964a5207d001fe3,596,0,2,2012-04-27 11:17:00+00:00,2012-04-27 11:17:00+00:00,808|5344
366,40b68100f964a5207d001fe3,596,0,2,2012-04-27 20:24:00+00:00,2012-04-27 20:24:00+00:00,808|5344
367,40b68100f964a5207d001fe3,596,0,2,2012-04-28 19:36:00+00:00,2012-04-28 19:36:00+00:00,156|3075
368,40b68100f964a5207d001fe3,596,0,2,2012-05-01 17:44:00+00:00,2012-05-01 17:44:00+00:00,2409|5344
369,40b68100f964a5207d001fe3,596,0,2,2012-05-03 11:17:00+00:00,2012-05-03 11:17:00+00:00,808|5344
370,40b68100f964a5207d001fe3,596,0,2,2012-05-04 11:23:00+00:00,2012-05-04 11:23:00+00:00,808|5344
371,40b68100f964a5207d001fe3,596,0,2,2012-05-07 11:26:00+00:00,2012-05-07 11:26:00+00:00,808|5344
372,40b68100f964a5207d001fe3,596,0,2,2012-05-10 21:36:00+00:00,2012-05-10 21:36:00+00:00,3075|5257
373,40b68100f964a5207d001fe3,596,0,2,2012-05-11 11:41:00+00:00,2012-05-11 11:41:00+00:00,808|5344
374,40b68100f964a5207d001fe3,596,0,2,2012-05-12 19:27:00+00:00,2012-05-12 19:27:00+00:00,4413|5344
375,40b68100f964a5207d001fe3,596,0,2,2012-05-15 20:09:00+00:00,2012-05-15 20:09:00+00:00,3075|5344
376,40b68100f964a5207d001fe3,596,0,2,2012-05-16 10:48:00+00:00,2012-05-16 10:48:00+00:00,808|5344
377,40b68100f964a5207d001fe3,596,0,2,2012-05-16 16:17:00+00:00,2012-05-16 16:17:00+00:00,5174|5344
378,40b68100f964a5207d001fe3,596,0,2,2012-05-18 22:35:00+00:00,2012-05-18 22:35:00+00:00,4169|6189
379,40b68100f964a5207d001fe3,596,0,2,2012-05-22 10:16:00+00:00,2012-05-22 10:16:00+00:00,808|5344
380,40b68100f964a5207d001fe3,596,0,2,2012-05-23 16:15:00+00:00,2012-05-23 16:15:00+00:00,313|705
381,40b68100f964a5207d001fe3,596,0,2,2012-05-23 21:35:00+00:00,2012-05-23 21:35:00+00:00,3075|5344
382,40b68100f964a5207d001fe3,596,0,2,2012-05-25 11:26:00+00:00,2012-05-25 11:26:00+00:00,808|5344
383,40b68100f964a5207d001fe3,596,0,2,2012-05-29 11:37:00+00:00,2012-05-29 11:37:00+00:00,808|5344
384,40b68100f964a5207d001fe3,596,0,2,2012-06-01 17:23:00+00:00,2012-06-01 17:23:00+00:00,2409|2464
385,40b68100f964a5207d001fe3,596,0,2,2012-06-04 11:37:00+00:00,2012-06-04 11:37:00+00:00,808|5344
386,40b68100f964a5207d001fe3,596,0,2,2012-06-05 11:39:00+00:00,2012-06-05 11:39:00+00:00,808|5344
387,40b68100f964a5207d001fe3,596,0,2,2012-06-06 17:21:00+00:00,2012-06-06 17:21:00+00:00,2409|5344
388,40b68100f964a5207d001fe3,596,0,2,2012-06-08 15:05:00+00:00,2012-06-08 15:05:00+00:00,202|5344
389,40b68100f964a5207d001fe3,596,0,2,2012-06-08 18:22:00+00:00,2012-06-08 18:22:00+00:00,1773|2409
390,40b68100f964a5207d001fe3,596,0,2,2012-06-11 11:40:00+00:00,2012-06-11 11:40:00+00:00,808|5344
391,40b68100f964a5207d001fe3,596,0,2,2012-06-12 11:36:00+00:00,2012-06-12 11:36:00+00:00,808|5344
392,40b68100f964a5207d001fe3,596,0,2,2012-06-16 19:46:00+00:00,2012-06-16 19:46:00+00:00,3831|5344
393,40b68100f964a5207d001fe3,596,0,2,2012-06-18 09:35:00+00:00,2012-06-18 09:35:00+00:00,3892|5344
394,40b68100f964a5207d001fe3,596,0,2,2012-07-03 11:38:00+00:00,2012-07-03 11:38:00+00:00,808|5344
395,40b68100f964a5207d001fe3,596,0,2,2012-07-05 11:31:00+00:00,2012-07-05 11:31:00+00:00,808|5344
396,40b68100f964a5207d001fe3,596,0,3,2012-07-06 11:27:00+00:00,2012-07-06 11:27:00+00:00,561|808|5344
397,40b68100f964a5207d001fe3,596,0,3,2012-07-09 11:36:00+00:00,2012-07-09 11:36:00+00:00,561|808|5344
398,40b68100f964a5207d001fe3,596,0,2,2012-07-11 19:35:00+00:00,2012-07-11 19:35:00+00:00,1759|5344
399,40b68100f964a5207d001fe3,596,0,2,2012-07-13 10:10:00+00:00,2012-07-13 10:10:00+00:00,808|5344
400,40b68100f964a5207d001fe3,596,0,2,2012-07-17 10:39:00+00:00,2012-07-17 10:39:00+00:00,808|5344
401,40b68100f964a5207d001fe3,596,0,2,2012-07-26 21:05:00+00:00,2012-07-26 21:05:00+00:00,3075|5344
402,40b68100f964a5207d001fe3,596,0,2,2012-07-30 10:50:00+00:00,2012-07-30 10:50:00+00:00,808|5344
403,40b68100f964a5207d001fe3,596,0,2,2012-08-06 11:42:00+00:00,2012-08-06 11:42:00+00:00,808|5344
404,40b68100f964a5207d001fe3,596,0,2,2012-08-10 10:59:00+00:00,2012-08-10 10:59:00+00:00,808|5344
405,40b68100f964a5207d001fe3,596,0,2,2012-08-14 11:20:00+00:00,2012-08-14 11:20:00+00:00,808|5344
406,40b68100f964a5207d001fe3,596,0,2,2012-08-14 19:23:00+00:00,2012-08-14 19:23:00+00:00,3101|5344
407,40b68100f964a52081001fe3,597,0,2,2012-05-16 01:40:00+00:00,2012-05-16 01:40:00+00:00,1621|4662
408,40b68100f964a52081001fe3,597,0,2,2012-12-19 00:25:00+00:00,2012-12-19 00:25:00+00:00,4446|4662
409,40bbc700f964a520a2001fe3,601,0,2,2012-04-08 00:14:00+00:00,2012-04-08 00:14:00+00:00,1734|5440
410,40d23080f964a5203e011fe3,616,0,2,2012-05-03 21:45:00+00:00,2012-05-03 21:45:00+00:00,3649|5366
411,40d38200f964a52040011fe3,617,0,2,2012-06-18 05:57:00+00:00,2012-06-18 05:57:00+00:00,2786|4148
412,40d77680f964a52056011fe3,623,0,2,2012-04-19 01:51:00+00:00,2012-04-19 01:51:00+00:00,3052|3224
413,40d77680f964a52056011fe3,623,0,2,2012-04-19 05:07:00+00:00,2012-04-19 05:07:00+00:00,3052|3224
414,40d77680f964a52056011fe3,623,0,2,2012-08-06 01:02:00+00:00,2012-08-06 01:02:00+00:00,3052|3224
415,40d77680f964a52059011fe3,624,0,2,2013-02-19 11:34:00+00:00,2013-02-19 11:34:00+00:00,1641|1738
416,40db6b00f964a52077011fe3,627,0,2,2012-05-29 00:46:00+00:00,2012-05-29 00:46:00+00:00,1078|2602
417,40db6b00f964a5207d011fe3,630,0,2,2012-04-04 02:18:00+00:00,2012-04-04 02:18:00+00:00,1709|4455
418,40db6b00f964a5207d011fe3,630,0,2,2012-04-04 18:47:00+00:00,2012-04-04 18:47:00+00:00,1231|5788
419,40db6b00f964a5207d011fe3,630,0,6,2012-04-10 22:04:00+00:00,2012-04-10 22:04:00+00:00,1304|2764|2916|3686|4455|6680
420,40db6b00f964a5207d011fe3,630,0,2,2012-04-14 01:34:00+00:00,2012-04-14 01:34:00+00:00,1709|5713
421,40db6b00f964a5207d011fe3,630,0,5,2012-04-14 23:03:00+00:00,2012-04-14 23:03:00+00:00,1109|1709|2764|3686|4455
422,40db6b00f964a5207d011fe3,630,0,2,2012-04-24 01:20:00+00:00,2012-04-24 01:20:00+00:00,1709|5713
423,40db6b00f964a5207d011fe3,630,0,5,2012-04-28 01:24:00+00:00,2012-04-28 01:24:00+00:00,1246|2051|2816|4040|4455
424,40db6b00f964a5207d011fe3,630,0,5,2012-04-28 23:47:00+00:00,2012-04-28 23:47:00+00:00,2764|3686|3878|4455|6621
425,40db6b00f964a5207d011fe3,630,0,2,2012-04-29 01:07:00+00:00,2012-04-29 01:07:00+00:00,3045|6034
426,40db6b00f964a5207d011fe3,630,0,5,2012-04-29 19:16:00+00:00,2012-04-29 19:16:00+00:00,824|2300|2329|2764|3670
427,40db6b00f964a5207d011fe3,630,0,2,2012-05-09 01:30:00+00:00,2012-05-09 01:30:00+00:00,4455|5713
428,40db6b00f964a5207d011fe3,630,0,3,2012-05-13 00:16:00+00:00,2012-05-13 00:16:00+00:00,1695|1709|3287
429,40db6b00f964a5207d011fe3,630,0,4,2012-05-13 19:01:00+00:00,2012-05-13 19:01:00+00:00,2764|2816|3391|4215
430,40db6b00f964a5207d011fe3,630,0,2,2012-05-15 23:53:00+00:00,2012-05-15 23:53:00+00:00,3686|5788
431,40db6b00f964a5207d011fe3,630,0,2,2012-05-16 01:30:00+00:00,2012-05-16 01:30:00+00:00,3811|4455
432,40db6b00f964a5207d011fe3,630,0,2,2012-05-16 04:24:00+00:00,2012-05-16 04:24:00+00:00,3811|5713
433,40db6b00f964a5207d011fe3,630,0,2,2012-05-26 23:21:00+00:00,2012-05-26 23:21:00+00:00,2536|4327
434,40db6b00f964a5207d011fe3,630,0,4,2012-05-30 01:18:00+00:00,2012-05-30 01:18:00+00:00,1709|3352|3686|5801
435,40db6b00f964a5207d011fe3,630,0,2,2012-06-12 01:46:00+00:00,2012-06-12 01:46:00+00:00,1709|3391
436,40db6b00f964a5207d011fe3,630,0,2,2012-06-13 02:41:00+00:00,2012-06-13 02:41:00+00:00,1231|1695
437,40db6b00f964a5207d011fe3,630,0,2,2012-07-05 00:17:00+00:00,2012-07-05 00:17:00+00:00,282|1538
438,40db6b00f964a5207d011fe3,630,0,3,2012-07-15 19:21:00+00:00,2012-07-15 19:21:00+00:00,272|2749|3287
439,40db6b00f964a5207d011fe3,630,0,3,2012-08-05 19:02:00+00:00,2012-08-05 19:02:00+00:00,1709|2208|2542
440,40db6b00f964a5207d011fe3,630,0,2,2013-04-16 01:24:00+00:00,2013-04-16 01:24:00+00:00,4831|4992
441,40dcbc80f964a52080011fe3,631,0,4,2012-04-14 19:03:00+00:00,2012-04-14 19:03:00+00:00,492|983|2219|2718
442,40dcbc80f964a52080011fe3,631,0,4,2012-04-15 17:20:00+00:00,2012-04-15 17:20:00+00:00,1096|3636|5063|5075
443,40dcbc80f964a52080011fe3,631,0,2,2012-04-27 22:12:00+00:00,2012-04-27 22:12:00+00:00,2371|2507
444,40dcbc80f964a52080011fe3,631,0,3,2012-04-27 23:19:00+00:00,2012-04-27 23:19:00+00:00,1895|1969|6755
445,40dcbc80f964a52080011fe3,631,0,2,2012-04-28 21:14:00+00:00,2012-04-28 21:14:00+00:00,2272|2371
446,40dcbc80f964a52080011fe3,631,0,3,2012-04-29 15:23:00+00:00,2012-04-29 15:23:00+00:00,1934|2507|3636
447,40dcbc80f964a52080011fe3,631,0,2,2012-05-04 00:13:00+00:00,2012-05-04 00:13:00+00:00,4333|4599
448,40dcbc80f964a52080011fe3,631,0,2,2012-05-15 17:56:00+00:00,2012-05-15 17:56:00+00:00,4794|5036
449,40dcbc80f964a52080011fe3,631,0,2,2012-06-06 21:09:00+00:00,2012-06-06 21:09:00+00:00,2507|5349
450,40dcbc80f964a52080011fe3,631,0,3,2012-06-06 23:49:00+00:00,2012-06-06 23:49:00+00:00,3177|4756|5242
451,40dcbc80f964a52080011fe3,631,0,3,2012-06-07 23:15:00+00:00,2012-06-07 23:15:00+00:00,3280|6219|6579
452,40dcbc80f964a52080011fe3,631,0,2,2012-07-03 22:07:00+00:00,2012-07-03 22:07:00+00:00,800|2507
453,40dcbc80f964a52080011fe3,631,0,2,2012-07-07 18:59:00+00:00,2012-07-07 18:59:00+00:00,3294|4394
454,40dcbc80f964a52080011fe3,631,0,3,2012-07-08 17:19:00+00:00,2012-07-08 17:19:00+00:00,2718|4594|6660
455,40dcbc80f964a52080011fe3,631,0,2,2012-09-05 15:49:00+00:00,2012-09-05 15:49:00+00:00,25|2507
456,40dcbc80f964a52081011fe3,632,0,2,2012-04-07 17:07:00+00:00,2012-04-07 17:07:00+00:00,3285|4535
457,40dcbc80f964a52081011fe3,632,0,4,2012-04-08 17:22:00+00:00,2012-04-08 17:22:00+00:00,1590|1997|3616|4955
458,40dcbc80f964a52081011fe3,632,0,2,2012-04-09 21:02:00+00:00,2012-04-09 21:02:00+00:00,2001|2507
459,40dcbc80f964a52081011fe3,632,0,3,2012-04-09 23:05:00+00:00,2012-04-09 23:05:00+00:00,114|658|3685
460,40dcbc80f964a52081011fe3,632,0,2,2012-04-10 23:27:00+00:00,2012-04-10 23:27:00+00:00,203|206
461,40dcbc80f964a52081011fe3,632,0,2,2012-04-10 23:27:00+00:00,2012-04-10 23:27:00+00:00,2510|4340
462,40dcbc80f964a52081011fe3,632,0,5,2012-04-10 23:27:00+00:00,2012-04-10 23:27:00+00:00,3616|4955|5132|5748|6805
463,40dcbc80f964a52081011fe3,632,0,2,2012-04-10 23:27:00+00:00,2012-04-10 23:27:00+00:00,5890|6704
464,40dcbc80f964a52081011fe3,632,0,2,2012-04-11 14:56:00+00:00,2012-04-11 14:56:00+00:00,2507|2696
465,40dcbc80f964a52081011fe3,632,0,3,2012-04-11 17:40:00+00:00,2012-04-11 17:40:00+00:00,2441|2873|4923
466,40dcbc80f964a52081011fe3,632,0,2,2012-04-12 17:54:00+00:00,2012-04-12 17:54:00+00:00,130|5242
467,40dcbc80f964a52081011fe3,632,0,2,2012-04-14 12:08:00+00:00,2012-04-14 12:08:00+00:00,2788|3983
468,40dcbc80f964a52081011fe3,632,0,2,2012-04-21 16:52:00+00:00,2012-04-21 16:52:00+00:00,3294|4394
469,40dcbc80f964a52081011fe3,632,0,6,2012-04-21 17:02:00+00:00,2012-04-21 17:02:00+00:00,701|1590|1859|3280|4333|5242
470,40dcbc80f964a52081011fe3,632,0,4,2012-04-22 17:39:00+00:00,2012-04-22 17:39:00+00:00,114|301|1859|4390
471,40dcbc80f964a52081011fe3,632,0,5,2012-04-24 23:12:00+00:00,2012-04-24 23:12:00+00:00,1439|2441|3952|3996|6230
472,40dcbc80f964a52081011fe3,632,0,2,2012-05-04 14:46:00+00:00,2012-05-04 14:46:00+00:00,2507|2696
473,40dcbc80f964a52081011fe3,632,0,2,2012-05-05 15:01:00+00:00,2012-05-05 15:01:00+00:00,1648|2507
474,40dcbc80f964a52081011fe3,632,0,2,2012-05-05 17:40:00+00:00,2012-05-05 17:40:00+00:00,18|1594
475,40dcbc80f964a52081011fe3,632,0,4,2012-05-08 23:46:00+00:00,2012-05-08 23:46:00+00:00,701|1198|1643|6597
476,40dcbc80f964a52081011fe3,632,0,2,2012-05-16 21:06:00+00:00,2012-05-16 21:06:00+00:00,2507|5067
477,40dcbc80f964a52081011fe3,632,0,6,2012-05-16 23:11:00+00:00,2012-05-16 23:11:00+00:00,200|701|931|2001|2441|6100
478,40dcbc80f964a52081011fe3,632,0,2,2012-05-28 14:38:00+00:00,2012-05-28 14:38:00+00:00,2507|2696
479,40dcbc80f964a52081011fe3,632,0,5,2012-05-28 17:35:00+00:00,2012-05-28 17:35:00+00:00,20|856|2622|4533|6660
480,40dcbc80f964a52081011fe3,632,0,3,2012-05-29 17:25:00+00:00,2012-05-29 17:25:00+00:00,1426|2796|5087
481,40dcbc80f964a52081011fe3,632,0,6,2012-06-08 23:52:00+00:00,2012-06-08 23:52:00+00:00,114|931|1643|2168|4955|5242
482,40dcbc80f964a52081011fe3,632,0,2,2012-06-09 23:22:00+00:00,2012-06-09 23:22:00+00:00,2154|5437
483,40dcbc80f964a52081011fe3,632,0,2,2012-06-12 20:27:00+00:00,2012-06-12 20:27:00+00:00,2507|2696
484,40dcbc80f964a52081011fe3,632,0,6,2012-06-12 23:15:00+00:00,2012-06-12 23:15:00+00:00,562|2001|2364|2674|5067|6331
485,40dcbc80f964a52081011fe3,632,0,2,2012-06-13 23:15:00+00:00,2012-06-13 23:15:00+00:00,5362|6660
486,40dcbc80f964a52081011fe3,632,0,2,2012-06-16 21:05:00+00:00,2012-06-16 21:05:00+00:00,315|1643
487,40dcbc80f964a52081011fe3,632,0,2,2012-06-16 21:05:00+00:00,2012-06-16 21:05:00+00:00,3294|4394
488,40dcbc80f964a52081011fe3,632,0,3,2012-06-26 23:20:00+00:00,2012-06-26 23:20:00+00:00,2219|2519|6805
489,40dcbc80f964a52081011fe3,632,0,4,2012-07-07 00:23:00+00:00,2012-07-07 00:23:00+00:00,800|1850|2696|2788
490,40dcbc80f964a52081011fe3,632,0,3,2012-07-17 23:26:00+00:00,2012-07-17 23:26:00+00:00,1426|3186|4029
491,40dcbc80f964a52081011fe3,632,0,2,2012-07-19 00:12:00+00:00,2012-07-19 00:12:00+00:00,701|2441
492,40dcbc80f964a52081011fe3,632,0,2,2012-07-28 17:14:00+00:00,2012-07-28 17:14:00+00:00,2507|4535
493,40dcbc80f964a52081011fe3,632,0,3,2012-08-09 23:21:00+00:00,2012-08-09 23:21:00+00:00,2342|2598|3280
494,40dcbc80f964a52081011fe3,632,0,2,2012-08-10 15:38:00+00:00,2012-08-10 15:38:00+00:00,2507|3280
495,40dcbc80f964a52081011fe3,632,0,2,2012-08-12 14:51:00+00:00,2012-08-12 14:51:00+00:00,1426|2696
496,40e35400f964a520e6091fe3,634,0,2,2012-05-03 22:23:00+00:00,2012-05-03 22:23:00+00:00,1983|6509
497,40e35400f964a520e6091fe3,634,0,2,2012-09-15 04:06:00+00:00,2012-09-15 04:06:00+00:00,1772|2525
498,40e5f700f964a520050a1fe3,635,0,3,2012-12-15 07:22:00+00:00,2012-12-15 07:22:00+00:00,3673|4706|6039
499,40e74880f964a520150a1fe3,636,0,2,2012-04-13 21:14:00+00:00,2012-04-13 21:14:00+00:00,1948|3451
500,40e74880f964a520150a1fe3,636,0,2,2012-04-20 16:01:00+00:00,2012-04-20 16:01:00+00:00,3135|3171
501,40e9eb80f964a5201c0a1fe3,638,0,2,2012-04-21 00:13:00+00:00,2012-04-21 00:13:00+00:00,1389|3513
502,40e9eb80f964a5201c0a1fe3,638,0,2,2012-08-12 04:26:00+00:00,2012-08-12 04:26:00+00:00,1805|5271
503,40ec8e80f964a5202a0a1fe3,639,0,2,2012-12-09 08:09:00+00:00,2012-12-09 08:09:00+00:00,5435|5741
504,40ede000f964a5203c0a1fe3,640,0,2,2012-04-29 19:22:00+00:00,2012-04-29 19:22:00+00:00,372|3469
505,40ede000f964a5203c0a1fe3,640,0,2,2012-05-11 22:50:00+00:00,2012-05-11 22:50:00+00:00,1493|3192
506,40ede000f964a5203c0a1fe3,640,0,2,2012-06-16 20:48:00+00:00,2012-06-16 20:48:00+00:00,2363|2668
507,40ede000f964a5203c0a1fe3,640,0,2,2012-06-16 22:05:00+00:00,2012-06-16 22:05:00+00:00,4845|6719
508,40ede000f964a5203c0a1fe3,640,0,2,2012-08-11 18:04:00+00:00,2012-08-11 18:04:00+00:00,2892|4374
509,40ef3180f964a520480a1fe3,641,0,2,2012-06-09 01:25:00+00:00,2012-06-09 01:25:00+00:00,4107|4297
510,40ef3180f964a520480a1fe3,641,0,2,2013-01-06 17:46:00+00:00,2013-01-06 17:46:00+00:00,3544|6099
511,40f1d480f964a5205b0a1fe3,645,0,2,2012-05-09 11:58:00+00:00,2012-05-09 11:58:00+00:00,33|830
512,40f1d480f964a5205b0a1fe3,645,0,2,2013-02-18 18:19:00+00:00,2013-02-18 18:19:00+00:00,313|2135
513,40f1d480f964a5206a0a1fe3,647,0,2,2012-04-07 16:44:00+00:00,2012-04-07 16:44:00+00:00,3109|5230
514,40f1d480f964a5206a0a1fe3,647,0,2,2012-04-14 19:55:00+00:00,2012-04-14 19:55:00+00:00,3225|5988
515,40f1d480f964a5206a0a1fe3,647,0,2,2012-04-15 20:10:00+00:00,2012-04-15 20:10:00+00:00,1145|3902
516,40f1d480f964a5206a0a1fe3,647,0,3,2012-04-17 16:04:00+00:00,2012-04-17 16:04:00+00:00,966|3254|4880
517,40f1d480f964a5206a0a1fe3,647,0,2,2012-04-28 20:47:00+00:00,2012-04-28 20:47:00+00:00,3924|5588
518,40f1d480f964a5206a0a1fe3,647,0,2,2012-04-28 22:13:00+00:00,2012-04-28 22:13:00+00:00,2577|3924
519,40f1d480f964a5206a0a1fe3,647,0,4,2012-04-29 17:08:00+00:00,2012-04-29 17:08:00+00:00,225|1197|1947|4188
520,40f1d480f964a5206a0a1fe3,647,0,4,2012-05-12 19:27:00+00:00,2012-05-12 19:27:00+00:00,683|2185|3366|3628
521,40f1d480f964a5206a0a1fe3,647,0,2,2012-05-25 20:14:00+00:00,2012-05-25 20:14:00+00:00,1501|5174
522,40f1d480f964a5206a0a1fe3,647,0,3,2012-05-27 16:07:00+00:00,2012-05-27 16:07:00+00:00,1148|4413|5344
523,40f1d480f964a5206a0a1fe3,647,0,2,2012-05-28 19:08:00+00:00,2012-05-28 19:08:00+00:00,4912|6339
524,40f1d480f964a5206a0a1fe3,647,0,2,2012-05-29 19:53:00+00:00,2012-05-29 19:53:00+00:00,3024|5988
525,40f1d480f964a5206a0a1fe3,647,0,2,2012-06-09 16:59:00+00:00,2012-06-09 16:59:00+00:00,3109|4166
526,40f1d480f964a5206a0a1fe3,647,0,2,2012-08-18 19:16:00+00:00,2012-08-18 19:16:00+00:00,2319|2447
527,40f1d480f964a5206a0a1fe3,647,0,2,2013-03-30 17:17:00+00:00,2013-03-30 17:17:00+00:00,353|475
528,40f32600f964a520730a1fe3,648,0,2,2012-04-19 01:19:00+00:00,2012-04-19 01:19:00+00:00,1372|5366
529,40f32600f964a520730a1fe3,648,0,2,2013-01-30 23:42:00+00:00,2013-01-30 23:42:00+00:00,1368|2043
530,40f47780f964a520890a1fe3,649,0,2,2012-05-09 23:20:00+00:00,2012-05-09 23:20:00+00:00,3649|5366
531,40f47780f964a520890a1fe3,649,0,2,2012-06-30 20:17:00+00:00,2012-06-30 20:17:00+00:00,530|4166
532,40f5c900f964a520a00a1fe3,651,0,3,2012-04-10 23:18:00+00:00,2012-04-10 23:18:00+00:00,25|1198|2507
533,40f5c900f964a520a00a1fe3,651,0,4,2012-04-17 23:45:00+00:00,2012-04-17 23:45:00+00:00,1428|2519|5063|6215
534,40f5c900f964a520a00a1fe3,651,0,2,2012-04-19 21:46:00+00:00,2012-04-19 21:46:00+00:00,2219|5545
535,40f5c900f964a520a00a1fe3,651,0,3,2012-04-19 23:17:00+00:00,2012-04-19 23:17:00+00:00,931|1527|6219
536,40f5c900f964a520a00a1fe3,651,0,4,2012-04-24 00:07:00+00:00,2012-04-24 00:07:00+00:00,931|2111|4029|6215
537,40f5c900f964a520a00a1fe3,651,0,3,2012-05-01 23:35:00+00:00,2012-05-01 23:35:00+00:00,1025|2507|5067
538,40f5c900f964a520a00a1fe3,651,0,4,2012-05-08 23:09:00+00:00,2012-05-08 23:09:00+00:00,2507|3786|5036|6805
539,40f5c900f964a520a00a1fe3,651,0,2,2012-07-07 00:26:00+00:00,2012-07-07 00:26:00+00:00,5364|6448
540,40f5c900f964a520a00a1fe3,651,0,2,2012-10-08 20:34:00+00:00,2012-10-08 20:34:00+00:00,2507|4023
541,40f5c900f964a520a00a1fe3,651,0,2,2012-11-29 00:48:00+00:00,2012-11-29 00:48:00+00:00,1590|2598
542,40f5c900f964a520a00a1fe3,651,0,2,2012-12-09 01:03:00+00:00,2012-12-09 01:03:00+00:00,634|4276
543,40f5c900f964a520a00a1fe3,651,0,2,2012-12-13 01:17:00+00:00,2012-12-13 01:17:00+00:00,2371|3726
544,40f5c900f964a520a00a1fe3,651,0,2,2013-01-10 00:09:00+00:00,2013-01-10 00:09:00+00:00,1850|6209
545,40f5c900f964a520a00a1fe3,651,0,2,2013-01-22 00:03:00+00:00,2013-01-22 00:03:00+00:00,2507|4894
546,40f5c900f964a520a00a1fe3,651,0,2,2013-02-13 00:59:00+00:00,2013-02-13 00:59:00+00:00,3726|6472
547,40f5c900f964a520a00a1fe3,651,0,3,2013-03-10 01:00:00+00:00,2013-03-10 01:00:00+00:00,369|593|6111
548,40f5c900f964a520a00a1fe3,651,0,2,2013-04-19 23:07:00+00:00,2013-04-19 23:07:00+00:00,2507|4817
549,40f86c00f964a520bd0a1fe3,653,0,2,2012-04-15 15:16:00+00:00,2012-04-15 15:16:00+00:00,4977|6213
550,40f86c00f964a520bd0a1fe3,653,0,2,2012-04-15 16:22:00+00:00,2012-04-15 16:22:00+00:00,2952|6153
551,40f86c00f964a520bd0a1fe3,653,0,2,2012-04-18 01:49:00+00:00,2012-04-18 01:49:00+00:00,1695|6267
552,40f86c00f964a520bd0a1fe3,653,0,2,2012-04-24 01:33:00+00:00,2012-04-24 01:33:00+00:00,1611|6333
553,40f86c00f964a520bd0a1fe3,653,0,3,2012-04-27 16:36:00+00:00,2012-04-27 16:36:00+00:00,881|6267|6604
554,40f86c00f964a520bd0a1fe3,653,0,2,2012-04-27 20:17:00+00:00,2012-04-27 20:17:00+00:00,579|3735
555,40f86c00f964a520bd0a1fe3,653,0,2,2012-04-28 01:42:00+00:00,2012-04-28 01:42:00+00:00,1320|1654
556,40f86c00f964a520bd0a1fe3,653,0,2,2012-05-05 14:51:00+00:00,2012-05-05 14:51:00+00:00,533|929
557,40f86c00f964a520bd0a1fe3,653,0,2,2012-05-05 23:27:00+00:00,2012-05-05 23:27:00+00:00,1782|6213
558,40f86c00f964a520bd0a1fe3,653,0,2,2012-05-07 01:31:00+00:00,2012-05-07 01:31:00+00:00,854|1425
559,40f86c00f964a520bd0a1fe3,653,0,2,2012-05-07 19:53:00+00:00,2012-05-07 19:53:00+00:00,480|866
560,40f86c00f964a520bd0a1fe3,653,0,2,2012-05-11 01:37:00+00:00,2012-05-11 01:37:00+00:00,66|6220
561,40f86c00f964a520bd0a1fe3,653,0,2,2012-05-14 03:14:00+00:00,2012-05-14 03:14:00+00:00,1695|5223
562,40f86c00f964a520bd0a1fe3,653,0,2,2012-05-16 01:04:00+00:00,2012-05-16 01:04:00+00:00,66|6123
563,40f86c00f964a520bd0a1fe3,653,0,2,2012-05-22 03:30:00+00:00,2012-05-22 03:30:00+00:00,341|1695
564,40f86c00f964a520bd0a1fe3,653,0,2,2012-05-27 23:19:00+00:00,2012-05-27 23:19:00+00:00,929|6480
565,40f86c00f964a520bd0a1fe3,653,0,2,2012-06-09 21:18:00+00:00,2012-06-09 21:18:00+00:00,929|3956
566,40f86c00f964a520bd0a1fe3,653,0,2,2012-07-05 18:24:00+00:00,2012-07-05 18:24:00+00:00,2909|3291
567,40f86c00f964a520bd0a1fe3,653,0,3,2012-07-08 01:35:00+00:00,2012-07-08 01:35:00+00:00,1342|2606|4526
568,40f86c00f964a520bd0a1fe3,653,0,2,2012-07-14 04:17:00+00:00,2012-07-14 04:17:00+00:00,1695|6267
569,40f86c00f964a520bd0a1fe3,653,0,2,2012-07-15 23:38:00+00:00,2012-07-15 23:38:00+00:00,257|4813
570,40f86c00f964a520bd0a1fe3,653,0,2,2012-07-21 22:01:00+00:00,2012-07-21 22:01:00+00:00,3334|6213
571,40f86c00f964a520bd0a1fe3,653,0,2,2012-08-11 03:16:00+00:00,2012-08-11 03:16:00+00:00,66|3128
572,40f86c00f964a520bd0a1fe3,653,0,3,2012-09-15 01:29:00+00:00,2012-09-15 01:29:00+00:00,66|1109|1909
573,40f86c00f964a520bd0a1fe3,653,0,2,2012-11-24 20:08:00+00:00,2012-11-24 20:08:00+00:00,1611|6333
574,40f86c00f964a520bd0a1fe3,653,0,3,2012-12-08 02:40:00+00:00,2012-12-08 02:40:00+00:00,818|3956|4104
575,40f86c00f964a520bd0a1fe3,653,0,3,2012-12-15 20:26:00+00:00,2012-12-15 20:26:00+00:00,939|1880|3420
576,40f86c00f964a520bd0a1fe3,653,0,3,2012-12-16 06:00:00+00:00,2012-12-16 06:00:00+00:00,116|939|1880
577,40f86c00f964a520bd0a1fe3,653,0,2,2012-12-19 19:29:00+00:00,2012-12-19 19:29:00+00:00,3571|5235
578,40f86c00f964a520bd0a1fe3,653,0,2,2012-12-22 21:06:00+00:00,2012-12-22 21:06:00+00:00,618|1320
579,40f86c00f964a520bd0a1fe3,653,0,3,2013-01-11 23:36:00+00:00,2013-01-11 23:36:00+00:00,3956|5336|6604
580,40f86c00f964a520bd0a1fe3,653,0,2,2013-01-28 05:43:00+00:00,2013-01-28 05:43:00+00:00,1695|6604
581,40f86c00f964a520bd0a1fe3,653,0,2,2013-02-10 21:35:00+00:00,2013-02-10 21:35:00+00:00,854|3163
582,40f86c00f964a520bd0a1fe3,653,0,2,2013-04-07 02:29:00+00:00,2013-04-07 02:29:00+00:00,4044|6862
583,40fc6080f964a520360b1fe3,671,0,2,2012-04-08 06:23:00+00:00,2012-04-08 06:23:00+00:00,5059|6495
584,40fc6080f964a520360b1fe3,671,0,2,2012-04-29 18:23:00+00:00,2012-04-29 18:23:00+00:00,5059|6495
585,4101a680f964a5205a0b1fe3,675,0,2,2012-04-04 22:51:00+00:00,2012-04-04 22:51:00+00:00,4797|5090
586,4101a680f964a5205a0b1fe3,675,0,2,2012-05-17 22:16:00+00:00,2012-05-17 22:16:00+00:00,1734|3001
587,41083e00f964a520910b1fe3,683,0,2,2012-05-05 01:10:00+00:00,2012-05-05 01:10:00+00:00,1246|4040
588,41083e00f964a520990b1fe3,685,0,2,2012-04-19 23:10:00+00:00,2012-04-19 23:10:00+00:00,754|3221
589,410c3280f964a520b80b1fe3,688,0,2,2012-07-12 23:14:00+00:00,2012-07-12 23:14:00+00:00,0|30
590,41102700f964a520d10b1fe3,690,0,2,2012-05-02 00:56:00+00:00,2012-05-02 00:56:00+00:00,1325|6387
591,41102700f964a520d60b1fe3,691,0,2,2012-04-13 22:19:00+00:00,2012-04-13 22:19:00+00:00,1948|3451
592,41102700f964a520d60b1fe3,691,0,2,2012-04-21 16:03:00+00:00,2012-04-21 16:03:00+00:00,3249|4973
593,41102700f964a520d60b1fe3,691,0,2,2012-05-12 17:26:00+00:00,2012-05-12 17:26:00+00:00,2222|2881
594,41102700f964a520d60b1fe3,691,0,2,2012-06-16 20:02:00+00:00,2012-06-16 20:02:00+00:00,333|1987
595,41102700f964a520d60b1fe3,691,0,2,2012-07-11 22:46:00+00:00,2012-07-11 22:46:00+00:00,370|4111
596,41102700f964a520d60b1fe3,691,0,2,2012-10-11 21:05:00+00:00,2012-10-11 21:05:00+00:00,239|5691
597,41102700f964a520d60b1fe3,691,0,2,2012-11-30 20:58:00+00:00,2012-11-30 20:58:00+00:00,85|2118
598,4116be80f964a520fc0b1fe3,695,0,2,2012-05-28 02:55:00+00:00,2012-05-28 02:55:00+00:00,5367|5988
599,4116be80f964a520fc0b1fe3,695,0,2,2012-06-14 01:28:00+00:00,2012-06-14 01:28:00+00:00,123|848
600,41229c00f964a520350c1fe3,704,0,2,2012-05-17 00:17:00+00:00,2012-05-17 00:17:00+00:00,2563|4025
601,41269080f964a520520c1fe3,707,0,3,2012-04-10 02:22:00+00:00,2012-04-10 02:22:00+00:00,2786|3347|5867
602,41269080f964a520520c1fe3,707,0,2,2012-04-14 06:15:00+00:00,2012-04-14 06:15:00+00:00,3347|5203
603,41269080f964a520520c1fe3,707,0,2,2012-05-07 06:09:00+00:00,2012-05-07 06:09:00+00:00,2786|4148
604,41269080f964a520520c1fe3,707,0,2,2012-06-07 02:31:00+00:00,2012-06-07 02:31:00+00:00,3347|5934
605,41269080f964a520520c1fe3,707,0,2,2012-06-09 05:57:00+00:00,2012-06-09 05:57:00+00:00,3347|5934
606,412a8500f964a520770c1fe3,712,0,2,2012-07-12 02:08:00+00:00,2012-07-12 02:08:00+00:00,963|3924
607,412a8500f964a520770c1fe3,712,0,2,2012-11-18 02:24:00+00:00,2012-11-18 02:24:00+00:00,3651|4557
608,412a8500f964a520930c1fe3,715,0,2,2012-07-11 04:24:00+00:00,2012-07-11 04:24:00+00:00,1304|6680
609,412d2800f964a520df0c1fe3,718,0,2,2012-04-07 20:15:00+00:00,2012-04-07 20:15:00+00:00,3826|5151
610,412d2800f964a520df0c1fe3,718,0,2,2012-04-08 19:27:00+00:00,2012-04-08 19:27:00+00:00,2822|5151
611,412d2800f964a520df0c1fe3,718,0,2,2012-04-22 11:44:00+00:00,2012-04-22 11:44:00+00:00,1582|2087
612,412d2800f964a520df0c1fe3,718,0,2,2012-04-22 13:12:00+00:00,2012-04-22 13:12:00+00:00,407|1653
613,412d2800f964a520df0c1fe3,718,0,3,2012-06-09 20:05:00+00:00,2012-06-09 20:05:00+00:00,1286|1572|6500
614,412d2800f964a520df0c1fe3,718,0,2,2012-06-15 10:38:00+00:00,2012-06-15 10:38:00+00:00,1614|2087
615,412d2800f964a520df0c1fe3,718,0,2,2012-07-29 17:04:00+00:00,2012-07-29 17:04:00+00:00,2087|2828
616,412d2800f964a520df0c1fe3,718,0,2,2013-02-03 08:06:00+00:00,2013-02-03 08:06:00+00:00,4208|5492
617,412e7980f964a520f80c1fe3,720,0,2,2012-05-19 16:14:00+00:00,2012-05-19 16:14:00+00:00,1083|4302
618,412e7980f964a520f80c1fe3,720,0,2,2012-10-12 04:17:00+00:00,2012-10-12 04:17:00+00:00,2549|4471
619,4133bf80f964a520b31a1fe3,725,0,2,2012-05-24 01:13:00+00:00,2012-05-24 01:13:00+00:00,5084|6422
620,4133bf80f964a520b31a1fe3,725,0,2,2012-06-10 04:35:00+00:00,2012-06-10 04:35:00+00:00,5084|6422
621,4137b400f964a520d11a1fe3,729,0,2,2012-05-12 07:28:00+00:00,2012-05-12 07:28:00+00:00,2389|3167
622,41390580f964a520dc1a1fe3,731,0,2,2012-05-01 18:02:00+00:00,2012-05-01 18:02:00+00:00,1534|4294
623,41390580f964a520dc1a1fe3,731,0,2,2012-10-08 21:32:00+00:00,2012-10-08 21:32:00+00:00,491|1130
624,41390580f964a520dc1a1fe3,731,0,2,2012-11-23 17:20:00+00:00,2012-11-23 17:20:00+00:00,5151|5179
625,41390580f964a520dc1a1fe3,731,0,2,2013-02-06 18:37:00+00:00,2013-02-06 18:37:00+00:00,553|3933
626,413f9d00f964a520691c1fe3,733,0,2,2012-11-13 02:09:00+00:00,2012-11-13 02:09:00+00:00,2719|5171
627,4158a980f964a5203c1d1fe3,745,0,2,2012-04-21 01:28:00+00:00,2012-04-21 01:28:00+00:00,79|1410
628,4158a980f964a5203c1d1fe3,745,0,2,2012-06-05 01:07:00+00:00,2012-06-05 01:07:00+00:00,1836|5774
629,4161e400f964a5206f1d1fe3,750,0,2,2012-06-03 02:53:00+00:00,2012-06-03 02:53:00+00:00,97|138
630,4161e400f964a5206f1d1fe3,750,0,2,2012-06-09 19:00:00+00:00,2012-06-09 19:00:00+00:00,1304|6680
631,4161e400f964a5206f1d1fe3,750,0,2,2012-06-16 23:09:00+00:00,2012-06-16 23:09:00+00:00,1304|6680
632,4161e400f964a5206f1d1fe3,750,0,2,2012-06-17 05:40:00+00:00,2012-06-17 05:40:00+00:00,1304|2326
633,4161e400f964a5206f1d1fe3,750,0,2,2012-08-18 02:06:00+00:00,2012-08-18 02:06:00+00:00,37|4980
634,4161e400f964a5206f1d1fe3,750,0,2,2012-10-27 02:31:00+00:00,2012-10-27 02:31:00+00:00,201|2536
635,4161e400f964a5206f1d1fe3,750,0,2,2012-11-13 04:03:00+00:00,2012-11-13 04:03:00+00:00,2319|6523
636,4161e400f964a520721d1fe3,751,0,5,2012-04-10 23:25:00+00:00,2012-04-10 23:25:00+00:00,62|233|1276|4413|5453
637,4161e400f964a520721d1fe3,751,0,3,2012-04-11 23:25:00+00:00,2012-04-11 23:25:00+00:00,1907|3397|5959
638,4161e400f964a520721d1fe3,751,0,2,2012-04-12 01:09:00+00:00,2012-04-12 01:09:00+00:00,141|799
639,4161e400f964a520721d1fe3,751,0,2,2012-04-12 23:11:00+00:00,2012-04-12 23:11:00+00:00,1948|3451
640,4161e400f964a520721d1fe3,751,0,2,2012-04-27 22:24:00+00:00,2012-04-27 22:24:00+00:00,2629|2916
641,4161e400f964a520721d1fe3,751,0,2,2012-05-05 23:58:00+00:00,2012-05-05 23:58:00+00:00,1211|3991
642,4161e400f964a520721d1fe3,751,0,4,2012-05-08 23:43:00+00:00,2012-05-08 23:43:00+00:00,1211|1747|2409|4302
643,4161e400f964a520721d1fe3,751,0,3,2012-05-14 14:27:00+00:00,2012-05-14 14:27:00+00:00,186|1120|2635
644,4161e400f964a520721d1fe3,751,0,3,2012-05-17 13:22:00+00:00,2012-05-17 13:22:00+00:00,3249|5981|6727
645,4161e400f964a520721d1fe3,751,0,2,2012-06-07 23:58:00+00:00,2012-06-07 23:58:00+00:00,3634|4543
646,4161e400f964a520721d1fe3,751,0,2,2012-07-24 19:30:00+00:00,2012-07-24 19:30:00+00:00,3784|4396
647,4161e400f964a520721d1fe3,751,0,2,2012-12-01 02:18:00+00:00,2012-12-01 02:18:00+00:00,2048|3292
648,4165d880f964a5207e1d1fe3,752,0,2,2012-04-16 19:38:00+00:00,2012-04-16 19:38:00+00:00,2066|5569
649,4165d880f964a5207e1d1fe3,752,0,2,2012-06-03 17:14:00+00:00,2012-06-03 17:14:00+00:00,1059|1910
650,4165d880f964a5207e1d1fe3,752,0,2,2013-04-06 23:05:00+00:00,2013-04-06 23:05:00+00:00,843|5463
651,41687b80f964a520861d1fe3,753,0,2,2012-05-12 00:15:00+00:00,2012-05-12 00:15:00+00:00,2786|4148
652,41687b80f964a520861d1fe3,753,0,2,2012-11-12 01:26:00+00:00,2012-11-12 01:26:00+00:00,5867|6318
653,41687b80f964a520861d1fe3,753,0,2,2012-12-16 03:26:00+00:00,2012-12-16 03:26:00+00:00,4977|5310
654,417c4200f964a520ca1d1fe3,761,0,3,2012-04-14 00:19:00+00:00,2012-04-14 00:19:00+00:00,301|315|501
655,41b3a100f964a520711e1fe3,781,0,2,2012-05-07 13:52:00+00:00,2012-05-07 13:52:00+00:00,91|4043
656,41cf5080f964a520a61e1fe3,786,0,2,2012-04-08 07:29:00+00:00,2012-04-08 07:29:00+00:00,4148|5867
657,41cf5080f964a520a61e1fe3,786,0,2,2012-04-08 21:26:00+00:00,2012-04-08 21:26:00+00:00,1980|3347
658,41cf5080f964a520a61e1fe3,786,0,3,2012-04-28 05:25:00+00:00,2012-04-28 05:25:00+00:00,1155|2972|3347
659,41cf5080f964a520a61e1fe3,786,0,2,2012-05-13 06:01:00+00:00,2012-05-13 06:01:00+00:00,1855|5867
660,41cf5080f964a520a61e1fe3,786,0,2,2012-06-03 22:33:00+00:00,2012-06-03 22:33:00+00:00,5867|6636
661,41cf5080f964a520a61e1fe3,786,0,2,2012-06-10 00:00:00+00:00,2012-06-10 00:00:00+00:00,565|5934
662,41cf5080f964a520a61e1fe3,786,0,2,2012-10-28 07:19:00+00:00,2012-10-28 07:19:00+00:00,1667|6680
663,41cf5080f964a520a61e1fe3,786,0,2,2012-11-01 02:33:00+00:00,2012-11-01 02:33:00+00:00,577|2110
664,41cf5080f964a520a61e1fe3,786,0,2,2012-12-08 05:00:00+00:00,2012-12-08 05:00:00+00:00,1208|5934
665,41f43a80f964a520281f1fe3,795,0,2,2012-04-25 20:22:00+00:00,2012-04-25 20:22:00+00:00,1246|4040
666,41f98080f964a5203c1f1fe3,799,0,2,2012-11-11 11:32:00+00:00,2012-11-11 11:32:00+00:00,2976|4579
667,41fad200f964a5203f1f1fe3,800,0,2,2012-05-30 00:55:00+00:00,2012-05-30 00:55:00+00:00,1910|6509
668,41fd7500f964a5204d1f1fe3,801,0,2,2012-07-07 03:08:00+00:00,2012-07-07 03:08:00+00:00,168|2631
669,42001800f964a520591f1fe3,803,0,2,2012-04-21 01:45:00+00:00,2012-04-21 01:45:00+00:00,279|1552
670,42001800f964a520591f1fe3,803,0,2,2012-05-11 03:23:00+00:00,2012-05-11 03:23:00+00:00,2665|4443
671,42055e00f964a520681f1fe3,804,0,2,2012-12-16 03:34:00+00:00,2012-12-16 03:34:00+00:00,4368|6011
672,42055e00f964a520701f1fe3,806,0,2,2012-05-19 04:07:00+00:00,2012-05-19 04:07:00+00:00,2536|4934
673,42055e00f964a520701f1fe3,806,0,2,2013-02-17 02:24:00+00:00,2013-02-17 02:24:00+00:00,4241|6131
674,421d1900f964a520a41f1fe3,811,0,2,2013-03-24 07:30:00+00:00,2013-03-24 07:30:00+00:00,5435|5741
675,421d1900f964a520a41f1fe3,811,0,2,2013-04-15 07:20:00+00:00,2013-04-15 07:20:00+00:00,5435|5741
676,42225f00f964a520ae1f1fe3,813,0,2,2012-09-16 04:30:00+00:00,2012-09-16 04:30:00+00:00,3493|4443
677,42225f00f964a520ae1f1fe3,813,0,2,2012-11-11 02:28:00+00:00,2012-11-11 02:28:00+00:00,4443|6555
678,422b9980f964a520cf1f1fe3,819,0,2,2012-08-10 01:07:00+00:00,2012-08-10 01:07:00+00:00,3|4188
679,42377700f964a52024201fe3,828,0,2,2012-11-02 01:50:00+00:00,2012-11-02 01:50:00+00:00,1365|6310
680,42474900f964a52080201fe3,839,0,2,2012-12-23 02:27:00+00:00,2012-12-23 02:27:00+00:00,4281|6693
681,42474900f964a52080201fe3,839,0,2,2013-03-15 23:46:00+00:00,2013-03-15 23:46:00+00:00,1285|4845
682,42474900f964a52089201fe3,841,0,2,2012-04-17 23:40:00+00:00,2012-04-17 23:40:00+00:00,562|5362
683,42474900f964a52089201fe3,841,0,4,2013-04-01 23:06:00+00:00,2013-04-01 23:06:00+00:00,155|593|4029|6450
684,4249ec00f964a52093201fe3,842,0,2,2012-04-24 17:18:00+00:00,2012-04-24 17:18:00+00:00,161|6334
685,4249ec00f964a52093201fe3,842,0,2,2012-05-16 16:38:00+00:00,2012-05-16 16:38:00+00:00,1051|3109
686,4249ec00f964a52093201fe3,842,0,2,2013-03-14 16:51:00+00:00,2013-03-14 16:51:00+00:00,1051|3874
687,4259be00f964a520ef201fe3,851,0,2,2012-04-26 01:12:00+00:00,2012-04-26 01:12:00+00:00,4765|5068
688,42699000f964a5204a211fe3,858,0,2,2012-06-11 23:13:00+00:00,2012-06-11 23:13:00+00:00,782|2866
689,42699000f964a5204a211fe3,858,0,2,2013-01-08 02:01:00+00:00,2013-01-08 02:01:00+00:00,2866|4010
690,426ae180f964a5205a211fe3,859,0,2,2012-04-08 03:26:00+00:00,2012-04-08 03:26:00+00:00,1182|1325
691,42717900f964a5206f211fe3,861,0,2,2012-04-06 16:02:00+00:00,2012-04-06 16:02:00+00:00,2196|2509
692,42717900f964a5206f211fe3,861,0,3,2012-04-15 18:23:00+00:00,2012-04-15 18:23:00+00:00,454|1734|3224
693,42717900f964a5206f211fe3,861,0,3,2012-05-12 19:14:00+00:00,2012-05-12 19:14:00+00:00,2565|5090|5123
694,42756d80f964a5207d211fe3,864,0,2,2012-05-21 22:48:00+00:00,2012-05-21 22:48:00+00:00,1641|1831
695,42756d80f964a5207d211fe3,864,0,2,2012-06-07 23:18:00+00:00,2012-06-07 23:18:00+00:00,1493|3037
696,42756d80f964a5207d211fe3,864,0,2,2012-12-31 23:31:00+00:00,2012-12-31 23:31:00+00:00,5606|5969
697,427c0500f964a52097211fe3,869,0,2,2012-04-26 13:18:00+00:00,2012-04-26 13:18:00+00:00,4647|5144
698,427c0500f964a52097211fe3,869,0,2,2012-04-26 13:18:00+00:00,2012-04-26 13:18:00+00:00,4946|6860
699,427c0500f964a52097211fe3,869,0,2,2012-04-26 13:18:00+00:00,2012-04-26 13:18:00+00:00,5348|6178
700,427c0500f964a52097211fe3,869,0,2,2012-05-04 21:12:00+00:00,2012-05-04 21:12:00+00:00,1109|5895
701,427c0500f964a52097211fe3,869,0,2,2012-05-19 18:31:00+00:00,2012-05-19 18:31:00+00:00,1211|3208
702,427c0500f964a52097211fe3,869,0,2,2012-07-05 19:48:00+00:00,2012-07-05 19:48:00+00:00,6294|6390
703,427c0500f964a52097211fe3,869,0,2,2012-08-17 20:34:00+00:00,2012-08-17 20:34:00+00:00,651|5166
704,427c0500f964a5209a211fe3,871,0,2,2012-04-14 01:27:00+00:00,2012-04-14 01:27:00+00:00,2594|5940
705,427d5680f964a5209e211fe3,872,0,2,2012-06-21 00:25:00+00:00,2012-06-21 00:25:00+00:00,2168|2519
706,427d5680f964a520a2211fe3,873,0,2,2012-11-13 00:36:00+00:00,2012-11-13 00:36:00+00:00,1485|2371
707,427d5680f964a520a8211fe3,874,0,2,2012-04-07 21:24:00+00:00,2012-04-07 21:24:00+00:00,89|712
708,427d5680f964a520a8211fe3,874,0,2,2012-04-07 23:05:00+00:00,2012-04-07 23:05:00+00:00,3207|5016
709,427d5680f964a520a8211fe3,874,0,3,2012-06-02 23:51:00+00:00,2012-06-02 23:51:00+00:00,797|1664|1706
710,427d5680f964a520a8211fe3,874,0,2,2012-07-04 19:14:00+00:00,2012-07-04 19:14:00+00:00,454|4543
711,427d5680f964a520a8211fe3,874,0,3,2012-07-08 16:27:00+00:00,2012-07-08 16:27:00+00:00,918|1211|3204
712,427ff980f964a520c7211fe3,877,0,2,2012-07-03 19:53:00+00:00,2012-07-03 19:53:00+00:00,1246|5661
713,42829c80f964a52040221fe3,883,0,2,2012-06-12 01:36:00+00:00,2012-06-12 01:36:00+00:00,3065|5875
714,42829c80f964a52040221fe3,883,0,2,2012-10-27 21:03:00+00:00,2012-10-27 21:03:00+00:00,1611|6333
715,42829c80f964a5205f221fe3,884,0,2,2012-04-25 13:54:00+00:00,2012-04-25 13:54:00+00:00,1226|2495
716,42829c80f964a5206a221fe3,885,0,2,2012-04-03 22:25:00+00:00,2012-04-03 22:25:00+00:00,2537|5616
717,42829c80f964a5206a221fe3,885,0,2,2012-04-06 14:02:00+00:00,2012-04-06 14:02:00+00:00,2537|4188
718,42829c80f964a5206a221fe3,885,0,2,2012-04-07 16:32:00+00:00,2012-04-07 16:32:00+00:00,1032|6224
719,42829c80f964a5206a221fe3,885,0,3,2012-04-08 01:09:00+00:00,2012-04-08 01:09:00+00:00,353|3049|4339
720,42829c80f964a5206a221fe3,885,0,2,2012-04-08 13:28:00+00:00,2012-04-08 13:28:00+00:00,3993|4453
721,42829c80f964a5206a221fe3,885,0,2,2012-04-09 16:39:00+00:00,2012-04-09 16:39:00+00:00,3075|5368
722,42829c80f964a5206a221fe3,885,0,2,2012-04-11 02:17:00+00:00,2012-04-11 02:17:00+00:00,448|3196
723,42829c80f964a5206a221fe3,885,0,2,2012-04-11 22:16:00+00:00,2012-04-11 22:16:00+00:00,3630|6500
724,42829c80f964a5206a221fe3,885,0,2,2012-04-13 13:37:00+00:00,2012-04-13 13:37:00+00:00,2537|5453
725,42829c80f964a5206a221fe3,885,0,3,2012-04-14 13:07:00+00:00,2012-04-14 13:07:00+00:00,63|2113|4978
726,42829c80f964a5206a221fe3,885,0,2,2012-04-14 19:40:00+00:00,2012-04-14 19:40:00+00:00,718|5774
727,42829c80f964a5206a221fe3,885,0,2,2012-04-17 12:37:00+00:00,2012-04-17 12:37:00+00:00,976|1268
728,42829c80f964a5206a221fe3,885,0,2,2012-04-17 22:20:00+00:00,2012-04-17 22:20:00+00:00,2066|2537
729,42829c80f964a5206a221fe3,885,0,2,2012-04-25 13:46:00+00:00,2012-04-25 13:46:00+00:00,2537|3840
730,42829c80f964a5206a221fe3,885,0,2,2012-04-26 13:01:00+00:00,2012-04-26 13:01:00+00:00,2537|5453
731,42829c80f964a5206a221fe3,885,0,3,2012-04-27 22:21:00+00:00,2012-04-27 22:21:00+00:00,2863|3820|4469
732,42829c80f964a5206a221fe3,885,0,2,2012-04-28 20:47:00+00:00,2012-04-28 20:47:00+00:00,63|2537
733,42829c80f964a5206a221fe3,885,0,3,2012-05-03 11:35:00+00:00,2012-05-03 11:35:00+00:00,1193|2509|2537
734,42829c80f964a5206a221fe3,885,0,3,2012-05-04 19:59:00+00:00,2012-05-04 19:59:00+00:00,131|2612|3531
735,42829c80f964a5206a221fe3,885,0,2,2012-05-09 12:20:00+00:00,2012-05-09 12:20:00+00:00,2537|4530
736,42829c80f964a5206a221fe3,885,0,2,2012-05-10 22:02:00+00:00,2012-05-10 22:02:00+00:00,976|2862
737,42829c80f964a5206a221fe3,885,0,2,2012-05-11 19:28:00+00:00,2012-05-11 19:28:00+00:00,43|3531
738,42829c80f964a5206a221fe3,885,0,4,2012-05-12 13:22:00+00:00,2012-05-12 13:22:00+00:00,353|1759|2113|2819
739,42829c80f964a5206a221fe3,885,0,2,2012-05-12 17:15:00+00:00,2012-05-12 17:15:00+00:00,1265|1545
740,42829c80f964a5206a221fe3,885,0,3,2012-05-15 13:50:00+00:00,2012-05-15 13:50:00+00:00,2537|3075|3924
741,42829c80f964a5206a221fe3,885,0,2,2012-05-15 23:04:00+00:00,2012-05-15 23:04:00+00:00,279|2537
742,42829c80f964a5206a221fe3,885,0,2,2012-05-16 13:23:00+00:00,2012-05-16 13:23:00+00:00,4321|5026
743,42829c80f964a5206a221fe3,885,0,3,2012-05-17 17:02:00+00:00,2012-05-17 17:02:00+00:00,298|4339|6237
744,42829c80f964a5206a221fe3,885,0,2,2012-05-25 13:54:00+00:00,2012-05-25 13:54:00+00:00,2537|3531
745,42829c80f964a5206a221fe3,885,0,2,2012-05-31 13:52:00+00:00,2012-05-31 13:52:00+00:00,2537|5641
746,42829c80f964a5206a221fe3,885,0,2,2012-06-01 13:21:00+00:00,2012-06-01 13:21:00+00:00,2537|5026
747,42829c80f964a5206a221fe3,885,0,2,2012-06-05 13:12:00+00:00,2012-06-05 13:12:00+00:00,553|5026
748,42829c80f964a5206a221fe3,885,0,2,2012-06-07 19:58:00+00:00,2012-06-07 19:58:00+00:00,3606|5225
749,42829c80f964a5206a221fe3,885,0,3,2012-06-12 13:21:00+00:00,2012-06-12 13:21:00+00:00,1493|2537|5641
750,42829c80f964a5206a221fe3,885,0,2,2012-06-18 16:46:00+00:00,2012-06-18 16:46:00+00:00,2815|3465
751,42829c80f964a5206a221fe3,885,0,2,2012-06-21 13:21:00+00:00,2012-06-21 13:21:00+00:00,750|5641
752,42829c80f964a5206a221fe3,885,0,2,2012-07-17 22:15:00+00:00,2012-07-17 22:15:00+00:00,2047|2537
753,42829c80f964a5206a221fe3,885,0,2,2012-08-09 13:01:00+00:00,2012-08-09 13:01:00+00:00,191|2537
754,42829c80f964a5206a221fe3,885,0,3,2012-08-11 16:56:00+00:00,2012-08-11 16:56:00+00:00,982|2884|3075
755,42829c80f964a5206a221fe3,885,0,2,2012-08-14 22:39:00+00:00,2012-08-14 22:39:00+00:00,191|3782
756,42829c80f964a5206a221fe3,885,0,2,2012-09-05 13:42:00+00:00,2012-09-05 13:42:00+00:00,131|3551
757,42829c80f964a5206a221fe3,885,0,2,2012-09-13 13:01:00+00:00,2012-09-13 13:01:00+00:00,3782|5453
758,42829c80f964a5206a221fe3,885,0,2,2012-09-14 21:37:00+00:00,2012-09-14 21:37:00+00:00,3109|6224
759,42829c80f964a5206a221fe3,885,0,2,2012-10-16 13:01:00+00:00,2012-10-16 13:01:00+00:00,2797|5453
760,42829c80f964a5206a221fe3,885,0,2,2012-10-23 19:23:00+00:00,2012-10-23 19:23:00+00:00,3075|3366
761,42829c80f964a5206a221fe3,885,0,2,2012-11-21 22:25:00+00:00,2012-11-21 22:25:00+00:00,1501|2558
762,42829c80f964a5206a221fe3,885,0,4,2012-11-21 23:03:00+00:00,2012-11-21 23:03:00+00:00,1163|2465|4016|6310
763,42829c80f964a5206a221fe3,885,0,2,2012-12-06 18:55:00+00:00,2012-12-06 18:55:00+00:00,225|3242
764,42829c80f964a5206a221fe3,885,0,2,2012-12-21 20:07:00+00:00,2012-12-21 20:07:00+00:00,1512|3531
765,42829c80f964a5206a221fe3,885,0,2,2013-02-01 17:10:00+00:00,2013-02-01 17:10:00+00:00,1440|5463
766,42829c80f964a5206a221fe3,885,0,3,2013-02-01 23:11:00+00:00,2013-02-01 23:11:00+00:00,293|1286|2057
767,42829c80f964a5206a221fe3,885,0,2,2013-05-12 16:34:00+00:00,2013-05-12 16:34:00+00:00,4078|6794
768,42829c80f964a52071221fe3,886,0,2,2012-07-04 18:17:00+00:00,2012-07-04 18:17:00+00:00,963|6099
769,4283ee00f964a5209d221fe3,891,0,2,2012-05-03 13:10:00+00:00,2012-05-03 13:10:00+00:00,553|5598
770,4283ee00f964a5209d221fe3,891,0,2,2012-06-05 11:37:00+00:00,2012-06-05 11:37:00+00:00,328|1243
771,4283ee00f964a5209d221fe3,891,0,3,2012-06-05 11:37:00+00:00,2012-06-05 11:37:00+00:00,414|454|5598
772,4283ee00f964a5209d221fe3,891,0,2,2012-06-05 11:37:00+00:00,2012-06-05 11:37:00+00:00,3105|4176
773,4283ee00f964a5209d221fe3,891,0,4,2012-06-05 13:32:00+00:00,2012-06-05 13:32:00+00:00,3037|3880|4318|4604
774,4283ee00f964a5209d221fe3,891,0,2,2012-06-06 11:59:00+00:00,2012-06-06 11:59:00+00:00,328|1243
775,4283ee00f964a5209d221fe3,891,0,2,2012-06-06 11:59:00+00:00,2012-06-06 11:59:00+00:00,3105|4176
776,4283ee00f964a5209d221fe3,891,0,3,2012-06-06 13:20:00+00:00,2012-06-06 13:20:00+00:00,414|3037|4318
777,4283ee00f964a5209d221fe3,891,0,2,2012-06-07 13:41:00+00:00,2012-06-07 13:41:00+00:00,328|1243
778,4283ee00f964a5209d221fe3,891,0,3,2012-06-07 13:41:00+00:00,2012-06-07 13:41:00+00:00,561|1929|3037
779,4283ee00f964a5209d221fe3,891,0,3,2012-10-11 17:03:00+00:00,2012-10-11 17:03:00+00:00,204|3477|4262
780,4283ee00f964a5209d221fe3,891,0,2,2012-10-11 22:07:00+00:00,2012-10-11 22:07:00+00:00,4693|5551
781,4283ee00f964a5209d221fe3,891,0,4,2012-10-12 13:26:00+00:00,2012-10-12 13:26:00+00:00,1525|3141|3477|6581
782,4283ee00f964a5209d221fe3,891,0,2,2012-10-12 20:19:00+00:00,2012-10-12 20:19:00+00:00,186|4262
783,4283ee00f964a5209d221fe3,891,0,3,2012-10-13 13:49:00+00:00,2012-10-13 13:49:00+00:00,3477|4085|6714
784,4283ee00f964a5209d221fe3,891,0,2,2012-10-19 14:37:00+00:00,2012-10-19 14:37:00+00:00,137|2114
785,4283ee00f964a5209d221fe3,891,0,2,2012-11-07 14:56:00+00:00,2012-11-07 14:56:00+00:00,440|3050
786,4283ee00f964a5209d221fe3,891,0,2,2013-03-27 13:10:00+00:00,2013-03-27 13:10:00+00:00,1568|4651
787,4283ee00f964a520ce221fe3,892,0,2,2012-06-17 20:00:00+00:00,2012-06-17 20:00:00+00:00,775|2606
788,42853f80f964a520fb221fe3,895,0,2,2012-04-21 16:19:00+00:00,2012-04-21 16:19:00+00:00,3956|5747
789,42893400f964a52052231fe3,898,0,2,2012-05-28 19:15:00+00:00,2012-05-28 19:15:00+00:00,925|2340
790,42893400f964a52052231fe3,898,0,2,2012-12-10 13:47:00+00:00,2012-12-10 13:47:00+00:00,1670|2087
791,42893400f964a5205f231fe3,901,0,3,2012-06-03 04:16:00+00:00,2012-06-03 04:16:00+00:00,272|478|865
792,42893400f964a5205f231fe3,901,0,2,2012-06-09 01:21:00+00:00,2012-06-09 01:21:00+00:00,1246|4179
793,42893400f964a5205f231fe3,901,0,2,2012-07-01 04:54:00+00:00,2012-07-01 04:54:00+00:00,277|1202
794,42893400f964a5205f231fe3,901,0,2,2012-12-28 02:49:00+00:00,2012-12-28 02:49:00+00:00,277|2957
795,42893400f964a5207e231fe3,902,0,2,2012-04-04 04:37:00+00:00,2012-04-04 04:37:00+00:00,1304|6680
796,42893400f964a5207e231fe3,902,0,3,2012-04-08 01:16:00+00:00,2012-04-08 01:16:00+00:00,1231|3867|4215
797,42893400f964a5207e231fe3,902,0,2,2012-04-15 19:18:00+00:00,2012-04-15 19:18:00+00:00,2739|4661
798,42893400f964a5207e231fe3,902,0,3,2012-04-18 23:00:00+00:00,2012-04-18 23:00:00+00:00,2880|3531|6058
799,42893400f964a5207e231fe3,902,0,8,2012-04-19 01:03:00+00:00,2012-04-19 01:03:00+00:00,753|973|1178|2643|3169|3420|6062|6411
800,42893400f964a5207e231fe3,902,0,2,2012-04-19 01:03:00+00:00,2012-04-19 01:03:00+00:00,2318|3488
801,42893400f964a5207e231fe3,902,0,2,2012-05-04 01:09:00+00:00,2012-05-04 01:09:00+00:00,2318|3488
802,42893400f964a5207e231fe3,902,0,4,2012-05-04 01:09:00+00:00,2012-05-04 01:09:00+00:00,3277|3901|5171|6062
803,42893400f964a5207e231fe3,902,0,2,2012-05-05 19:20:00+00:00,2012-05-05 19:20:00+00:00,2373|5604
804,42893400f964a5207e231fe3,902,0,7,2012-05-06 17:38:00+00:00,2012-05-06 17:38:00+00:00,753|1007|3277|3323|3901|6058|6062
805,42893400f964a5207e231fe3,902,0,2,2012-05-09 01:00:00+00:00,2012-05-09 01:00:00+00:00,1231|4721
806,42893400f964a5207e231fe3,902,0,2,2012-05-12 01:01:00+00:00,2012-05-12 01:01:00+00:00,2832|4409
807,42893400f964a5207e231fe3,902,0,4,2012-05-19 01:02:00+00:00,2012-05-19 01:02:00+00:00,2117|4215|4721|5241
808,42893400f964a5207e231fe3,902,0,2,2012-05-19 19:19:00+00:00,2012-05-19 19:19:00+00:00,138|5203
809,42893400f964a5207e231fe3,902,0,5,2012-06-04 22:11:00+00:00,2012-06-04 22:11:00+00:00,753|1787|3901|6058|6680
810,42893400f964a5207e231fe3,902,0,5,2012-06-06 22:44:00+00:00,2012-06-06 22:44:00+00:00,753|973|6058|6062|6411
811,42893400f964a5207e231fe3,902,0,2,2012-06-10 02:59:00+00:00,2012-06-10 02:59:00+00:00,1320|4992
812,42893400f964a5207e231fe3,902,0,8,2012-06-11 22:37:00+00:00,2012-06-11 22:37:00+00:00,753|1178|2268|3326|3901|6058|6062|6411
813,42893400f964a5207e231fe3,902,0,2,2012-06-11 22:37:00+00:00,2012-06-11 22:37:00+00:00,2318|3488
814,42893400f964a5207e231fe3,902,0,2,2012-07-28 00:45:00+00:00,2012-07-28 00:45:00+00:00,1304|6680
815,42893400f964a5207e231fe3,902,0,3,2012-08-19 22:18:00+00:00,2012-08-19 22:18:00+00:00,2613|3734|6482
816,42893400f964a5207e231fe3,902,0,2,2012-10-27 02:22:00+00:00,2012-10-27 02:22:00+00:00,4116|5122
817,42893400f964a5207e231fe3,902,0,2,2012-10-31 02:39:00+00:00,2012-10-31 02:39:00+00:00,824|1393
818,42893400f964a5207e231fe3,902,0,2,2012-12-01 03:15:00+00:00,2012-12-01 03:15:00+00:00,771|2117
819,42893400f964a5207e231fe3,902,0,2,2012-12-03 02:17:00+00:00,2012-12-03 02:17:00+00:00,771|2117
820,42893400f964a5207e231fe3,902,0,2,2013-01-22 02:19:00+00:00,2013-01-22 02:19:00+00:00,1629|2832
821,42893400f964a5207e231fe3,902,0,2,2013-01-30 03:21:00+00:00,2013-01-30 03:21:00+00:00,771|2117
822,42893400f964a5207e231fe3,902,0,2,2013-02-01 02:41:00+00:00,2013-02-01 02:41:00+00:00,3420|4992
823,42893400f964a5207e231fe3,902,0,2,2013-02-10 23:49:00+00:00,2013-02-10 23:49:00+00:00,2739|6318
824,42893400f964a5207e231fe3,902,0,2,2013-02-14 02:37:00+00:00,2013-02-14 02:37:00+00:00,1393|4327
825,42893400f964a5207e231fe3,902,0,3,2013-02-16 02:16:00+00:00,2013-02-16 02:16:00+00:00,771|1178|3277
826,42893400f964a5207e231fe3,902,0,2,2013-02-16 02:16:00+00:00,2013-02-16 02:16:00+00:00,2318|3488
827,42893400f964a5207e231fe3,902,0,2,2013-02-26 02:50:00+00:00,2013-02-26 02:50:00+00:00,771|4324
828,42893400f964a5207e231fe3,902,0,2,2013-03-12 01:19:00+00:00,2013-03-12 01:19:00+00:00,771|2201
829,42893400f964a5207e231fe3,902,0,2,2013-03-12 01:19:00+00:00,2013-03-12 01:19:00+00:00,3418|4986
830,42893400f964a5207e231fe3,902,0,2,2013-03-17 01:56:00+00:00,2013-03-17 01:56:00+00:00,771|2201
831,42893400f964a5207e231fe3,902,0,2,2013-03-17 01:56:00+00:00,2013-03-17 01:56:00+00:00,2318|3488
832,42893400f964a5207e231fe3,902,0,3,2013-04-05 01:55:00+00:00,2013-04-05 01:55:00+00:00,771|2201|4992
833,42893400f964a5207e231fe3,902,0,2,2013-05-11 01:04:00+00:00,2013-05-11 01:04:00+00:00,2201|3341
834,428a8580f964a5208a231fe3,904,0,2,2012-04-13 22:30:00+00:00,2012-04-13 22:30:00+00:00,903|4549
835,428d2880f964a520b5231fe3,907,0,2,2013-02-26 15:55:00+00:00,2013-02-26 15:55:00+00:00,1535|4530
836,42911d00f964a520f5231fe3,910,0,2,2012-04-03 22:02:00+00:00,2012-04-03 22:02:00+00:00,140|3421
837,42911d00f964a520f5231fe3,910,0,2,2012-04-04 13:47:00+00:00,2012-04-04 13:47:00+00:00,399|6533
838,42911d00f964a520f5231fe3,910,0,3,2012-04-05 11:47:00+00:00,2012-04-05 11:47:00+00:00,140|550|6496
839,42911d00f964a520f5231fe3,910,0,3,2012-04-08 16:47:00+00:00,2012-04-08 16:47:00+00:00,95|3465|5298
840,42911d00f964a520f5231fe3,910,0,3,2012-04-09 13:18:00+00:00,2012-04-09 13:18:00+00:00,608|707|5298
841,42911d00f964a520f5231fe3,910,0,2,2012-04-09 16:44:00+00:00,2012-04-09 16:44:00+00:00,3421|4259
842,42911d00f964a520f5231fe3,910,0,2,2012-04-09 22:49:00+00:00,2012-04-09 22:49:00+00:00,378|4259
843,42911d00f964a520f5231fe3,910,0,2,2012-04-10 22:45:00+00:00,2012-04-10 22:45:00+00:00,63|3421
844,42911d00f964a520f5231fe3,910,0,5,2012-04-13 22:03:00+00:00,2012-04-13 22:03:00+00:00,140|2883|3421|4004|4469
845,42911d00f964a520f5231fe3,910,0,2,2012-04-14 18:00:00+00:00,2012-04-14 18:00:00+00:00,1289|6260
846,42911d00f964a520f5231fe3,910,0,2,2012-04-14 21:01:00+00:00,2012-04-14 21:01:00+00:00,2165|3421
847,42911d00f964a520f5231fe3,910,0,2,2012-04-14 22:31:00+00:00,2012-04-14 22:31:00+00:00,2020|2113
848,42911d00f964a520f5231fe3,910,0,2,2012-04-17 10:52:00+00:00,2012-04-17 10:52:00+00:00,2410|5261
849,42911d00f964a520f5231fe3,910,0,3,2012-04-17 13:12:00+00:00,2012-04-17 13:12:00+00:00,140|915|5298
850,42911d00f964a520f5231fe3,910,0,2,2012-04-19 11:11:00+00:00,2012-04-19 11:11:00+00:00,287|6310
851,42911d00f964a520f5231fe3,910,0,2,2012-04-20 11:21:00+00:00,2012-04-20 11:21:00+00:00,69|287
852,42911d00f964a520f5231fe3,910,0,2,2012-04-22 16:50:00+00:00,2012-04-22 16:50:00+00:00,1788|2081
853,42911d00f964a520f5231fe3,910,0,2,2012-04-23 16:36:00+00:00,2012-04-23 16:36:00+00:00,1121|2115
854,42911d00f964a520f5231fe3,910,0,2,2012-04-24 03:03:00+00:00,2012-04-24 03:03:00+00:00,1946|6491
855,42911d00f964a520f5231fe3,910,0,2,2012-04-24 19:21:00+00:00,2012-04-24 19:21:00+00:00,3650|6491
856,42911d00f964a520f5231fe3,910,0,2,2012-04-24 22:18:00+00:00,2012-04-24 22:18:00+00:00,1388|3241
857,42911d00f964a520f5231fe3,910,0,2,2012-04-25 23:06:00+00:00,2012-04-25 23:06:00+00:00,140|3840
858,42911d00f964a520f5231fe3,910,0,2,2012-04-26 13:06:00+00:00,2012-04-26 13:06:00+00:00,186|3421
859,42911d00f964a520f5231fe3,910,0,2,2012-04-27 17:30:00+00:00,2012-04-27 17:30:00+00:00,4545|5588
860,42911d00f964a520f5231fe3,910,0,3,2012-04-27 19:47:00+00:00,2012-04-27 19:47:00+00:00,1657|4469|6811
861,42911d00f964a520f5231fe3,910,0,2,2012-04-27 22:35:00+00:00,2012-04-27 22:35:00+00:00,0|2165
862,42911d00f964a520f5231fe3,910,0,2,2012-04-28 19:11:00+00:00,2012-04-28 19:11:00+00:00,5298|5710
863,42911d00f964a520f5231fe3,910,0,2,2012-04-28 22:08:00+00:00,2012-04-28 22:08:00+00:00,2165|2563
864,42911d00f964a520f5231fe3,910,0,2,2012-05-01 17:52:00+00:00,2012-05-01 17:52:00+00:00,1289|5250
865,42911d00f964a520f5231fe3,910,0,2,2012-05-01 22:04:00+00:00,2012-05-01 22:04:00+00:00,1616|2165
866,42911d00f964a520f5231fe3,910,0,2,2012-05-04 01:42:00+00:00,2012-05-04 01:42:00+00:00,1657|5250
867,42911d00f964a520f5231fe3,910,0,3,2012-05-04 13:13:00+00:00,2012-05-04 13:13:00+00:00,2978|3421|5298
868,42911d00f964a520f5231fe3,910,0,2,2012-05-05 13:23:00+00:00,2012-05-05 13:23:00+00:00,1503|5762
869,42911d00f964a520f5231fe3,910,0,2,2012-05-05 22:49:00+00:00,2012-05-05 22:49:00+00:00,1545|3214
870,42911d00f964a520f5231fe3,910,0,2,2012-05-09 22:00:00+00:00,2012-05-09 22:00:00+00:00,1936|3421
871,42911d00f964a520f5231fe3,910,0,2,2012-05-10 17:25:00+00:00,2012-05-10 17:25:00+00:00,1289|3421
872,42911d00f964a520f5231fe3,910,0,2,2012-05-11 01:22:00+00:00,2012-05-11 01:22:00+00:00,1345|5298
873,42911d00f964a520f5231fe3,910,0,3,2012-05-11 12:17:00+00:00,2012-05-11 12:17:00+00:00,140|1493|2978
874,42911d00f964a520f5231fe3,910,0,2,2012-05-11 15:20:00+00:00,2012-05-11 15:20:00+00:00,399|1148
875,42911d00f964a520f5231fe3,910,0,3,2012-05-11 19:06:00+00:00,2012-05-11 19:06:00+00:00,2165|2347|2581
876,42911d00f964a520f5231fe3,910,0,3,2012-05-11 22:07:00+00:00,2012-05-11 22:07:00+00:00,140|2280|2621
877,42911d00f964a520f5231fe3,910,0,2,2012-05-12 23:11:00+00:00,2012-05-12 23:11:00+00:00,1514|3164
878,42911d00f964a520f5231fe3,910,0,2,2012-05-13 13:31:00+00:00,2012-05-13 13:31:00+00:00,158|5286
879,42911d00f964a520f5231fe3,910,0,2,2012-05-13 16:08:00+00:00,2012-05-13 16:08:00+00:00,715|1788
880,42911d00f964a520f5231fe3,910,0,2,2012-05-14 01:41:00+00:00,2012-05-14 01:41:00+00:00,1788|3216
881,42911d00f964a520f5231fe3,910,0,2,2012-05-14 11:37:00+00:00,2012-05-14 11:37:00+00:00,2978|6310
882,42911d00f964a520f5231fe3,910,0,2,2012-05-14 19:44:00+00:00,2012-05-14 19:44:00+00:00,4111|4912
883,42911d00f964a520f5231fe3,910,0,2,2012-05-15 13:06:00+00:00,2012-05-15 13:06:00+00:00,49|283
884,42911d00f964a520f5231fe3,910,0,2,2012-05-16 17:53:00+00:00,2012-05-16 17:53:00+00:00,1209|4111
885,42911d00f964a520f5231fe3,910,0,3,2012-05-16 22:23:00+00:00,2012-05-16 22:23:00+00:00,715|3137|4111
886,42911d00f964a520f5231fe3,910,0,2,2012-05-17 11:07:00+00:00,2012-05-17 11:07:00+00:00,287|2978
887,42911d00f964a520f5231fe3,910,0,2,2012-05-17 16:52:00+00:00,2012-05-17 16:52:00+00:00,1289|2671
888,42911d00f964a520f5231fe3,910,0,2,2012-05-17 19:29:00+00:00,2012-05-17 19:29:00+00:00,1045|6410
889,42911d00f964a520f5231fe3,910,0,3,2012-05-18 13:00:00+00:00,2012-05-18 13:00:00+00:00,1703|2978|3793
890,42911d00f964a520f5231fe3,910,0,2,2012-05-18 20:23:00+00:00,2012-05-18 20:23:00+00:00,2978|3164
891,42911d00f964a520f5231fe3,910,0,2,2012-05-18 22:03:00+00:00,2012-05-18 22:03:00+00:00,1664|2165
892,42911d00f964a520f5231fe3,910,0,2,2012-05-19 01:04:00+00:00,2012-05-19 01:04:00+00:00,677|2165
893,42911d00f964a520f5231fe3,910,0,2,2012-05-19 16:29:00+00:00,2012-05-19 16:29:00+00:00,301|3654
894,42911d00f964a520f5231fe3,910,0,3,2012-05-21 19:37:00+00:00,2012-05-21 19:37:00+00:00,788|2309|4469
895,42911d00f964a520f5231fe3,910,0,4,2012-05-23 22:06:00+00:00,2012-05-23 22:06:00+00:00,776|2165|3806|3859
896,42911d00f964a520f5231fe3,910,0,3,2012-05-25 13:03:00+00:00,2012-05-25 13:03:00+00:00,894|1885|5535
897,42911d00f964a520f5231fe3,910,0,6,2012-05-25 19:25:00+00:00,2012-05-25 19:25:00+00:00,454|1206|2081|3241|3545|4765
898,42911d00f964a520f5231fe3,910,0,2,2012-05-27 13:51:00+00:00,2012-05-27 13:51:00+00:00,93|5921
899,42911d00f964a520f5231fe3,910,0,2,2012-05-28 14:33:00+00:00,2012-05-28 14:33:00+00:00,1148|2828
900,42911d00f964a520f5231fe3,910,0,2,2012-05-28 23:00:00+00:00,2012-05-28 23:00:00+00:00,599|2165
901,42911d00f964a520f5231fe3,910,0,2,2012-05-31 16:20:00+00:00,2012-05-31 16:20:00+00:00,603|1289
902,42911d00f964a520f5231fe3,910,0,2,2012-06-03 19:01:00+00:00,2012-06-03 19:01:00+00:00,1289|5293
903,42911d00f964a520f5231fe3,910,0,2,2012-06-04 11:02:00+00:00,2012-06-04 11:02:00+00:00,140|3744
904,42911d00f964a520f5231fe3,910,0,2,2012-06-06 11:35:00+00:00,2012-06-06 11:35:00+00:00,1045|6310
905,42911d00f964a520f5231fe3,910,0,2,2012-06-06 17:32:00+00:00,2012-06-06 17:32:00+00:00,1289|2689
906,42911d00f964a520f5231fe3,910,0,3,2012-06-06 22:10:00+00:00,2012-06-06 22:10:00+00:00,140|534|1045
907,42911d00f964a520f5231fe3,910,0,4,2012-06-07 10:51:00+00:00,2012-06-07 10:51:00+00:00,140|1493|1514|2404
908,42911d00f964a520f5231fe3,910,0,2,2012-06-08 11:26:00+00:00,2012-06-08 11:26:00+00:00,85|1295
909,42911d00f964a520f5231fe3,910,0,3,2012-06-08 16:24:00+00:00,2012-06-08 16:24:00+00:00,202|1871|2988
910,42911d00f964a520f5231fe3,910,0,2,2012-06-08 19:05:00+00:00,2012-06-08 19:05:00+00:00,117|5931
911,42911d00f964a520f5231fe3,910,0,2,2012-06-09 02:33:00+00:00,2012-06-09 02:33:00+00:00,1514|2165
912,42911d00f964a520f5231fe3,910,0,3,2012-06-09 10:38:00+00:00,2012-06-09 10:38:00+00:00,715|3465|4769
913,42911d00f964a520f5231fe3,910,0,3,2012-06-09 13:46:00+00:00,2012-06-09 13:46:00+00:00,2113|4578|5298
914,42911d00f964a520f5231fe3,910,0,3,2012-06-09 16:13:00+00:00,2012-06-09 16:13:00+00:00,1389|2113|4769
915,42911d00f964a520f5231fe3,910,0,2,2012-06-09 19:35:00+00:00,2012-06-09 19:35:00+00:00,3316|4056
916,42911d00f964a520f5231fe3,910,0,2,2012-06-10 14:40:00+00:00,2012-06-10 14:40:00+00:00,1788|6825
917,42911d00f964a520f5231fe3,910,0,2,2012-06-10 16:45:00+00:00,2012-06-10 16:45:00+00:00,187|1706
918,42911d00f964a520f5231fe3,910,0,2,2012-06-12 22:31:00+00:00,2012-06-12 22:31:00+00:00,411|1338
919,42911d00f964a520f5231fe3,910,0,3,2012-06-13 13:05:00+00:00,2012-06-13 13:05:00+00:00,1338|2862|2978
920,42911d00f964a520f5231fe3,910,0,2,2012-06-13 22:27:00+00:00,2012-06-13 22:27:00+00:00,140|1338
921,42911d00f964a520f5231fe3,910,0,2,2012-06-15 11:08:00+00:00,2012-06-15 11:08:00+00:00,3935|6509
922,42911d00f964a520f5231fe3,910,0,2,2012-06-17 12:25:00+00:00,2012-06-17 12:25:00+00:00,2689|3730
923,42911d00f964a520f5231fe3,910,0,2,2012-06-17 20:34:00+00:00,2012-06-17 20:34:00+00:00,534|5016
924,42911d00f964a520f5231fe3,910,0,5,2012-06-20 22:18:00+00:00,2012-06-20 22:18:00+00:00,534|1966|2366|5344|6825
925,42911d00f964a520f5231fe3,910,0,2,2012-06-25 11:20:00+00:00,2012-06-25 11:20:00+00:00,287|3164
926,42911d00f964a520f5231fe3,910,0,2,2012-07-04 10:57:00+00:00,2012-07-04 10:57:00+00:00,496|3052
927,42911d00f964a520f5231fe3,910,0,2,2012-07-06 23:27:00+00:00,2012-07-06 23:27:00+00:00,2020|3663
928,42911d00f964a520f5231fe3,910,0,3,2012-07-07 14:16:00+00:00,2012-07-07 14:16:00+00:00,1747|2828|5573
929,42911d00f964a520f5231fe3,910,0,2,2012-07-07 18:32:00+00:00,2012-07-07 18:32:00+00:00,3098|6421
930,42911d00f964a520f5231fe3,910,0,2,2012-07-08 16:55:00+00:00,2012-07-08 16:55:00+00:00,3098|6421
931,42911d00f964a520f5231fe3,910,0,2,2012-07-09 19:20:00+00:00,2012-07-09 19:20:00+00:00,4111|6193
932,42911d00f964a520f5231fe3,910,0,2,2012-07-10 22:08:00+00:00,2012-07-10 22:08:00+00:00,140|1338
933,42911d00f964a520f5231fe3,910,0,2,2012-07-11 18:04:00+00:00,2012-07-11 18:04:00+00:00,4111|6011
934,42911d00f964a520f5231fe3,910,0,2,2012-07-16 20:22:00+00:00,2012-07-16 20:22:00+00:00,1059|5174
935,42911d00f964a520f5231fe3,910,0,2,2012-07-17 11:52:00+00:00,2012-07-17 11:52:00+00:00,123|1059
936,42911d00f964a520f5231fe3,910,0,2,2012-07-21 22:05:00+00:00,2012-07-21 22:05:00+00:00,3044|4056
937,42911d00f964a520f5231fe3,910,0,2,2012-07-24 13:09:00+00:00,2012-07-24 13:09:00+00:00,1338|6072
938,42911d00f964a520f5231fe3,910,0,2,2012-07-24 16:40:00+00:00,2012-07-24 16:40:00+00:00,399|1292
939,42911d00f964a520f5231fe3,910,0,2,2012-07-30 13:10:00+00:00,2012-07-30 13:10:00+00:00,1338|5102
940,42911d00f964a520f5231fe3,910,0,2,2012-08-10 10:57:00+00:00,2012-08-10 10:57:00+00:00,1682|2299
941,42911d00f964a520f5231fe3,910,0,2,2012-08-10 23:20:00+00:00,2012-08-10 23:20:00+00:00,140|896
942,42911d00f964a520f5231fe3,910,0,3,2012-08-12 14:03:00+00:00,2012-08-12 14:03:00+00:00,2828|5084|6042
943,42911d00f964a520f5231fe3,910,0,2,2012-08-18 14:04:00+00:00,2012-08-18 14:04:00+00:00,4430|5271
944,42911d00f964a520f5231fe3,910,0,3,2012-08-18 19:10:00+00:00,2012-08-18 19:10:00+00:00,2299|4111|6310
945,42911d00f964a520f5231fe3,910,0,2,2012-09-05 11:17:00+00:00,2012-09-05 11:17:00+00:00,499|1811
946,42911d00f964a520f5231fe3,910,0,2,2012-09-13 14:24:00+00:00,2012-09-13 14:24:00+00:00,3622|4433
947,42911d00f964a520f5231fe3,910,0,2,2012-09-14 19:49:00+00:00,2012-09-14 19:49:00+00:00,140|2165
948,42911d00f964a520f5231fe3,910,0,2,2012-10-12 19:58:00+00:00,2012-10-12 19:58:00+00:00,2549|4471
949,42911d00f964a520f5231fe3,910,0,2,2012-10-12 23:57:00+00:00,2012-10-12 23:57:00+00:00,840|2495
950,42911d00f964a520f5231fe3,910,0,2,2012-10-17 11:30:00+00:00,2012-10-17 11:30:00+00:00,2671|4486
951,42911d00f964a520f5231fe3,910,0,2,2012-10-23 00:03:00+00:00,2012-10-23 00:03:00+00:00,3935|6083
952,42911d00f964a520f5231fe3,910,0,2,2012-10-24 11:07:00+00:00,2012-10-24 11:07:00+00:00,603|1923
953,42911d00f964a520f5231fe3,910,0,3,2012-10-26 22:01:00+00:00,2012-10-26 22:01:00+00:00,4300|5090|5823
954,42911d00f964a520f5231fe3,910,0,4,2012-10-27 13:02:00+00:00,2012-10-27 13:02:00+00:00,599|2629|5823|6675
955,42911d00f964a520f5231fe3,910,0,2,2012-10-28 13:55:00+00:00,2012-10-28 13:55:00+00:00,1467|2682
956,42911d00f964a520f5231fe3,910,0,2,2012-11-17 14:42:00+00:00,2012-11-17 14:42:00+00:00,2926|4368
957,42911d00f964a520f5231fe3,910,0,7,2012-11-21 20:18:00+00:00,2012-11-21 20:18:00+00:00,527|1338|1747|3411|3991|5298|6861
958,42911d00f964a520f5231fe3,910,0,3,2012-11-22 17:57:00+00:00,2012-11-22 17:57:00+00:00,3465|3628|6224
959,42911d00f964a520f5231fe3,910,0,3,2012-12-03 11:46:00+00:00,2012-12-03 11:46:00+00:00,603|5298|5588
960,42911d00f964a520f5231fe3,910,0,3,2012-12-05 23:46:00+00:00,2012-12-05 23:46:00+00:00,550|1338|1473
961,42911d00f964a520f5231fe3,910,0,2,2012-12-07 00:03:00+00:00,2012-12-07 00:03:00+00:00,603|4487
962,42911d00f964a520f5231fe3,910,0,2,2012-12-07 16:08:00+00:00,2012-12-07 16:08:00+00:00,2779|6596
963,42911d00f964a520f5231fe3,910,0,2,2012-12-08 14:50:00+00:00,2012-12-08 14:50:00+00:00,3134|6581
964,42911d00f964a520f5231fe3,910,0,2,2012-12-08 20:15:00+00:00,2012-12-08 20:15:00+00:00,1401|3208
965,42911d00f964a520f5231fe3,910,0,3,2012-12-10 23:28:00+00:00,2012-12-10 23:28:00+00:00,140|1338|6224
966,42911d00f964a520f5231fe3,910,0,3,2012-12-12 23:07:00+00:00,2012-12-12 23:07:00+00:00,140|1338|5721
967,42911d00f964a520f5231fe3,910,0,3,2012-12-15 23:00:00+00:00,2012-12-15 23:00:00+00:00,1473|2945|4145
968,42911d00f964a520f5231fe3,910,0,4,2012-12-28 17:00:00+00:00,2012-12-28 17:00:00+00:00,2154|2347|4025|6517
969,42911d00f964a520f5231fe3,910,0,2,2013-01-06 20:57:00+00:00,2013-01-06 20:57:00+00:00,1892|5102
970,42911d00f964a520f5231fe3,910,0,2,2013-01-17 15:18:00+00:00,2013-01-17 15:18:00+00:00,63|3575
971,42911d00f964a520f5231fe3,910,0,2,2013-01-18 11:59:00+00:00,2013-01-18 11:59:00+00:00,4198|6517
972,42911d00f964a520f5231fe3,910,0,2,2013-01-21 21:58:00+00:00,2013-01-21 21:58:00+00:00,2815|6517
973,42911d00f964a520f5231fe3,910,0,3,2013-01-21 23:58:00+00:00,2013-01-21 23:58:00+00:00,2165|2554|4010
974,42911d00f964a520f5231fe3,910,0,2,2013-01-30 23:06:00+00:00,2013-01-30 23:06:00+00:00,107|140
975,42911d00f964a520f5231fe3,910,0,2,2013-02-06 20:58:00+00:00,2013-02-06 20:58:00+00:00,2165|6012
976,42911d00f964a520f5231fe3,910,0,2,2013-02-07 20:05:00+00:00,2013-02-07 20:05:00+00:00,6012|6414
977,42911d00f964a520f5231fe3,910,0,2,2013-02-28 13:02:00+00:00,2013-02-28 13:02:00+00:00,808|843
978,42911d00f964a520f5231fe3,910,0,2,2013-03-07 08:58:00+00:00,2013-03-07 08:58:00+00:00,1209|6517
979,42911d00f964a520f5231fe3,910,0,2,2013-03-14 22:21:00+00:00,2013-03-14 22:21:00+00:00,320|6093
980,42911d00f964a520f5231fe3,910,0,3,2013-03-19 11:03:00+00:00,2013-03-19 11:03:00+00:00,140|808|843
981,42911d00f964a520f5231fe3,910,0,2,2013-03-22 12:10:00+00:00,2013-03-22 12:10:00+00:00,808|843
982,42911d00f964a520f5231fe3,910,0,2,2013-03-29 22:01:00+00:00,2013-03-29 22:01:00+00:00,1338|3134
983,42911d00f964a520f5231fe3,910,0,2,2013-04-02 12:11:00+00:00,2013-04-02 12:11:00+00:00,808|843
984,42911d00f964a520f5231fe3,910,0,2,2013-04-03 12:10:00+00:00,2013-04-03 12:10:00+00:00,808|843
985,42911d00f964a520f5231fe3,910,0,2,2013-04-03 22:06:00+00:00,2013-04-03 22:06:00+00:00,140|2165
986,42911d00f964a520f5231fe3,910,0,3,2013-04-05 11:49:00+00:00,2013-04-05 11:49:00+00:00,808|843|1493
987,42911d00f964a520f5231fe3,910,0,2,2013-04-08 12:10:00+00:00,2013-04-08 12:10:00+00:00,808|843
988,42911d00f964a520f5231fe3,910,0,4,2013-04-09 10:32:00+00:00,2013-04-09 10:32:00+00:00,321|336|779|808
989,42911d00f964a520f5231fe3,910,0,2,2013-04-12 20:12:00+00:00,2013-04-12 20:12:00+00:00,378|1493
990,42911d00f964a520f5231fe3,910,0,2,2013-04-15 12:10:00+00:00,2013-04-15 12:10:00+00:00,808|843
991,42911d00f964a520f5231fe3,910,0,2,2013-04-16 12:10:00+00:00,2013-04-16 12:10:00+00:00,808|843
992,42911d00f964a520f5231fe3,910,0,3,2013-04-17 12:10:00+00:00,2013-04-17 12:10:00+00:00,808|843|1493
993,42911d00f964a520f5231fe3,910,0,2,2013-04-18 12:10:00+00:00,2013-04-18 12:10:00+00:00,808|843
994,42911d00f964a520f5231fe3,910,0,2,2013-04-19 21:08:00+00:00,2013-04-19 21:08:00+00:00,1338|2682
995,42911d00f964a520f5231fe3,910,0,2,2013-04-22 09:09:00+00:00,2013-04-22 09:09:00+00:00,4125|5112
996,42911d00f964a520f5231fe3,910,0,2,2013-04-22 12:10:00+00:00,2013-04-22 12:10:00+00:00,808|843
997,42911d00f964a520f5231fe3,910,0,2,2013-04-24 12:10:00+00:00,2013-04-24 12:10:00+00:00,808|843
998,42911d00f964a520f5231fe3,910,0,2,2013-05-16 19:30:00+00:00,2013-05-16 19:30:00+00:00,3302|4198
999,42911d00f964a520f5231fe3,910,0,2,2013-05-17 21:06:00+00:00,2013-05-17 21:06:00+00:00,4198|5112
1000,42911d00f964a520f5231fe3,910,0,2,2013-05-22 19:40:00+00:00,2013-05-22 19:40:00+00:00,1484|4198
1001,4297b480f964a52062241fe3,911,0,2,2012-05-04 15:49:00+00:00,2012-05-04 15:49:00+00:00,63|590
1002,4297b480f964a52062241fe3,911,0,5,2012-05-15 22:18:00+00:00,2012-05-15 22:18:00+00:00,992|1892|2348|2926|4941
1003,4297b480f964a52062241fe3,911,0,2,2012-05-19 01:27:00+00:00,2012-05-19 01:27:00+00:00,5084|6422
1004,4297b480f964a52062241fe3,911,0,2,2012-06-07 18:40:00+00:00,2012-06-07 18:40:00+00:00,328|1243
1005,4297b480f964a52062241fe3,911,0,2,2012-06-17 01:49:00+00:00,2012-06-17 01:49:00+00:00,4095|4917
1006,42a63500f964a52002251fe3,917,0,2,2012-04-11 22:30:00+00:00,2012-04-11 22:30:00+00:00,1211|4765
1007,42a63500f964a52002251fe3,917,0,2,2013-02-07 14:37:00+00:00,2013-02-07 14:37:00+00:00,1263|1651
1008,42a78680f964a52015251fe3,918,0,2,2012-08-12 16:48:00+00:00,2012-08-12 16:48:00+00:00,5084|6422
1009,42accc80f964a52038251fe3,919,0,2,2012-07-07 03:36:00+00:00,2012-07-07 03:36:00+00:00,4029|6450
1010,42af6f80f964a5205b251fe3,924,0,2,2012-04-07 20:39:00+00:00,2012-04-07 20:39:00+00:00,824|2137
1011,42b75880f964a52090251fe3,928,0,2,2012-05-08 17:17:00+00:00,2012-05-08 17:17:00+00:00,112|2405
1012,42b75880f964a52090251fe3,928,0,2,2012-05-25 22:10:00+00:00,2012-05-25 22:10:00+00:00,529|3019
1013,42b75880f964a52090251fe3,928,0,2,2012-05-29 00:10:00+00:00,2012-05-29 00:10:00+00:00,112|5442
1014,42b75880f964a52090251fe3,928,0,2,2012-06-10 16:28:00+00:00,2012-06-10 16:28:00+00:00,4107|4297
1015,42b75880f964a52090251fe3,928,0,2,2012-07-02 23:37:00+00:00,2012-07-02 23:37:00+00:00,967|2799
1016,42b75880f964a52090251fe3,928,0,2,2012-07-13 23:29:00+00:00,2012-07-13 23:29:00+00:00,2821|3139
1017,42d1b680f964a5200b261fe3,931,0,2,2012-06-10 20:26:00+00:00,2012-06-10 20:26:00+00:00,925|3477
1018,42d6fc80f964a52027261fe3,934,0,2,2012-07-01 03:37:00+00:00,2012-07-01 03:37:00+00:00,1280|5362
1019,42d6fc80f964a52027261fe3,934,0,2,2012-12-15 06:17:00+00:00,2012-12-15 06:17:00+00:00,4878|6451
1020,42e82000f964a52086261fe3,943,0,2,2013-03-10 00:56:00+00:00,2013-03-10 00:56:00+00:00,311|6447
1021,42f00900f964a520b9261fe3,948,0,2,2012-04-14 01:26:00+00:00,2012-04-14 01:26:00+00:00,45|6633
1022,42f15a80f964a520bc261fe3,950,0,2,2013-02-02 15:45:00+00:00,2013-02-02 15:45:00+00:00,2811|4568
1023,42f15a80f964a520bf261fe3,951,0,2,2012-12-16 17:47:00+00:00,2012-12-16 17:47:00+00:00,2690|4025
1024,430d0a00f964a5203e271fe3,963,0,2,2012-05-28 18:32:00+00:00,2012-05-28 18:32:00+00:00,1233|1871
1025,43237380f964a520a6271fe3,973,0,2,2012-07-20 23:54:00+00:00,2012-07-20 23:54:00+00:00,1734|3826
1026,43237380f964a520a6271fe3,973,0,2,2013-03-10 00:41:00+00:00,2013-03-10 00:41:00+00:00,2862|5240
1027,43276800f964a520bc271fe3,975,0,2,2012-04-19 02:42:00+00:00,2012-04-19 02:42:00+00:00,184|5774
1028,432b5c80f964a520eb271fe3,978,0,2,2012-04-07 14:53:00+00:00,2012-04-07 14:53:00+00:00,3698|6806
1029,4335e880f964a52020281fe3,980,0,2,2012-04-21 05:23:00+00:00,2012-04-21 05:23:00+00:00,2972|3436
1030,4335e880f964a52020281fe3,980,0,3,2012-05-04 04:38:00+00:00,2012-05-04 04:38:00+00:00,2786|3805|4148
1031,4335e880f964a52020281fe3,980,0,2,2012-05-29 20:32:00+00:00,2012-05-29 20:32:00+00:00,3347|3805
1032,4335e880f964a52020281fe3,980,0,2,2012-06-04 08:23:00+00:00,2012-06-04 08:23:00+00:00,3347|3805
1033,4335e880f964a52020281fe3,980,0,2,2012-07-09 06:29:00+00:00,2012-07-09 06:29:00+00:00,1304|6680
1034,4356de00f964a520d2281fe3,993,0,2,2012-06-03 06:37:00+00:00,2012-06-03 06:37:00+00:00,5834|6227
1035,43582f80f964a520de281fe3,994,0,2,2012-04-14 04:38:00+00:00,2012-04-14 04:38:00+00:00,313|5225
1036,43582f80f964a520e3281fe3,995,0,2,2012-06-08 18:13:00+00:00,2012-06-08 18:13:00+00:00,2786|4148
1037,43582f80f964a520e3281fe3,995,0,2,2012-08-11 17:23:00+00:00,2012-08-11 17:23:00+00:00,936|3802
1038,435c2400f964a52012291fe3,997,0,2,2012-10-12 23:02:00+00:00,2012-10-12 23:02:00+00:00,184|3924
1039,43655e80f964a52066291fe3,1002,0,2,2012-04-11 16:30:00+00:00,2012-04-11 16:30:00+00:00,4367|6544
1040,43695300f964a5208c291fe3,1003,0,2,2012-04-29 16:02:00+00:00,2012-04-29 16:02:00+00:00,454|2133
1041,436bf600f964a520ab291fe3,1005,0,2,2012-05-08 23:13:00+00:00,2012-05-08 23:13:00+00:00,5298|5863
1042,436d4780f964a520bd291fe3,1007,0,2,2013-05-23 13:45:00+00:00,2013-05-23 13:45:00+00:00,467|3770
1043,436e9900f964a520dd291fe3,1009,0,2,2012-05-18 22:20:00+00:00,2012-05-18 22:20:00+00:00,2464|3366
1044,43768200f964a5203d2a1fe3,1011,0,2,2012-08-11 06:26:00+00:00,2012-08-11 06:26:00+00:00,3277|5801
1045,43768200f964a520432a1fe3,1012,0,2,2012-07-28 03:45:00+00:00,2012-07-28 03:45:00+00:00,420|3639
1046,43810e00f964a520e32a1fe3,1019,0,2,2012-07-07 01:20:00+00:00,2012-07-07 01:20:00+00:00,5257|5787
1047,438cf623f964a520302b1fe3,1022,0,2,2012-08-11 00:03:00+00:00,2012-08-11 00:03:00+00:00,1304|6680
1048,438f7b59f964a520412b1fe3,1024,0,2,2012-07-18 22:52:00+00:00,2012-07-18 22:52:00+00:00,2926|4941
1049,438f7b59f964a520412b1fe3,1024,0,2,2012-12-05 00:02:00+00:00,2012-12-05 00:02:00+00:00,2926|4941
1050,438f7b59f964a520412b1fe3,1024,0,2,2013-01-09 23:33:00+00:00,2013-01-09 23:33:00+00:00,2926|4553
1051,438f7b59f964a520412b1fe3,1024,0,2,2013-02-01 01:56:00+00:00,2013-02-01 01:56:00+00:00,2926|4553
1052,439235c3f964a5206a2b1fe3,1027,0,2,2013-01-26 05:42:00+00:00,2013-01-26 05:42:00+00:00,515|524
1053,4398343ff964a520aa2b1fe3,1037,0,2,2013-03-27 13:05:00+00:00,2013-03-27 13:05:00+00:00,120|2759
1054,439ab2a9f964a520d12b1fe3,1038,0,2,2012-11-11 23:28:00+00:00,2012-11-11 23:28:00+00:00,63|925
1055,439ec330f964a520102c1fe3,1043,0,3,2012-04-03 19:08:00+00:00,2012-04-03 19:08:00+00:00,530|1812|5555
1056,439ec330f964a520102c1fe3,1043,0,2,2012-04-07 19:00:00+00:00,2012-04-07 19:00:00+00:00,1246|3137
1057,439ec330f964a520102c1fe3,1043,0,2,2012-04-08 17:22:00+00:00,2012-04-08 17:22:00+00:00,2514|4202
1058,439ec330f964a520102c1fe3,1043,0,2,2012-04-09 19:28:00+00:00,2012-04-09 19:28:00+00:00,1658|3670
1059,439ec330f964a520102c1fe3,1043,0,3,2012-04-11 02:05:00+00:00,2012-04-11 02:05:00+00:00,1983|3089|6267
1060,439ec330f964a520102c1fe3,1043,0,2,2012-04-11 17:35:00+00:00,2012-04-11 17:35:00+00:00,3430|5306
1061,439ec330f964a520102c1fe3,1043,0,2,2012-04-12 01:46:00+00:00,2012-04-12 01:46:00+00:00,5208|5788
1062,439ec330f964a520102c1fe3,1043,0,3,2012-04-12 04:07:00+00:00,2012-04-12 04:07:00+00:00,662|3690|4196
1063,439ec330f964a520102c1fe3,1043,0,3,2012-04-12 11:52:00+00:00,2012-04-12 11:52:00+00:00,1304|1928|6680
1064,439ec330f964a520102c1fe3,1043,0,2,2012-04-12 17:43:00+00:00,2012-04-12 17:43:00+00:00,3531|4202
1065,439ec330f964a520102c1fe3,1043,0,3,2012-04-12 19:08:00+00:00,2012-04-12 19:08:00+00:00,461|1372|2613
1066,439ec330f964a520102c1fe3,1043,0,2,2012-04-12 23:16:00+00:00,2012-04-12 23:16:00+00:00,3507|4545
1067,439ec330f964a520102c1fe3,1043,0,2,2012-04-13 03:29:00+00:00,2012-04-13 03:29:00+00:00,1206|6604
1068,439ec330f964a520102c1fe3,1043,0,3,2012-04-13 04:02:00+00:00,2012-04-13 04:02:00+00:00,612|687|2643
1069,439ec330f964a520102c1fe3,1043,0,2,2012-04-13 13:04:00+00:00,2012-04-13 13:04:00+00:00,388|612
1070,439ec330f964a520102c1fe3,1043,0,2,2012-04-15 16:58:00+00:00,2012-04-15 16:58:00+00:00,1437|1928
1071,439ec330f964a520102c1fe3,1043,0,2,2012-04-16 13:25:00+00:00,2012-04-16 13:25:00+00:00,138|1372
1072,439ec330f964a520102c1fe3,1043,0,7,2012-04-16 16:24:00+00:00,2012-04-16 16:24:00+00:00,420|974|1658|2280|3507|4448|6310
1073,439ec330f964a520102c1fe3,1043,0,4,2012-04-17 22:39:00+00:00,2012-04-17 22:39:00+00:00,519|782|1566|1793
1074,439ec330f964a520102c1fe3,1043,0,3,2012-04-18 22:35:00+00:00,2012-04-18 22:35:00+00:00,251|1170|2832
1075,439ec330f964a520102c1fe3,1043,0,2,2012-04-19 01:15:00+00:00,2012-04-19 01:15:00+00:00,220|6219
1076,439ec330f964a520102c1fe3,1043,0,7,2012-04-19 04:08:00+00:00,2012-04-19 04:08:00+00:00,818|925|3388|3531|3593|4966|5507
1077,439ec330f964a520102c1fe3,1043,0,3,2012-04-19 13:22:00+00:00,2012-04-19 13:22:00+00:00,144|974|2294
1078,439ec330f964a520102c1fe3,1043,0,2,2012-04-19 21:24:00+00:00,2012-04-19 21:24:00+00:00,2058|2961
1079,439ec330f964a520102c1fe3,1043,0,3,2012-04-20 04:24:00+00:00,2012-04-20 04:24:00+00:00,130|1651|3730
1080,439ec330f964a520102c1fe3,1043,0,3,2012-04-20 16:22:00+00:00,2012-04-20 16:22:00+00:00,917|1304|6680
1081,439ec330f964a520102c1fe3,1043,0,3,2012-04-21 16:22:00+00:00,2012-04-21 16:22:00+00:00,646|1937|4202
1082,439ec330f964a520102c1fe3,1043,0,2,2012-04-22 02:32:00+00:00,2012-04-22 02:32:00+00:00,1538|2205
1083,439ec330f964a520102c1fe3,1043,0,5,2012-04-23 04:49:00+00:00,2012-04-23 04:49:00+00:00,854|1238|3255|3730|3901
1084,439ec330f964a520102c1fe3,1043,0,3,2012-04-23 16:38:00+00:00,2012-04-23 16:38:00+00:00,2058|2786|6680
1085,439ec330f964a520102c1fe3,1043,0,2,2012-04-23 19:07:00+00:00,2012-04-23 19:07:00+00:00,925|5042
1086,439ec330f964a520102c1fe3,1043,0,2,2012-04-23 22:58:00+00:00,2012-04-23 22:58:00+00:00,62|2113
1087,439ec330f964a520102c1fe3,1043,0,3,2012-04-24 04:21:00+00:00,2012-04-24 04:21:00+00:00,881|1651|2195
1088,439ec330f964a520102c1fe3,1043,0,3,2012-04-24 19:10:00+00:00,2012-04-24 19:10:00+00:00,98|1658|2908
1089,439ec330f964a520102c1fe3,1043,0,4,2012-04-25 14:11:00+00:00,2012-04-25 14:11:00+00:00,990|2113|2849|4187
1090,439ec330f964a520102c1fe3,1043,0,2,2012-04-25 18:16:00+00:00,2012-04-25 18:16:00+00:00,1606|5180
1091,439ec330f964a520102c1fe3,1043,0,2,2012-04-26 13:41:00+00:00,2012-04-26 13:41:00+00:00,461|708
1092,439ec330f964a520102c1fe3,1043,0,2,2012-04-27 17:33:00+00:00,2012-04-27 17:33:00+00:00,220|1998
1093,439ec330f964a520102c1fe3,1043,0,3,2012-04-28 16:19:00+00:00,2012-04-28 16:19:00+00:00,32|1437|2819
1094,439ec330f964a520102c1fe3,1043,0,2,2012-04-29 13:10:00+00:00,2012-04-29 13:10:00+00:00,2294|5460
1095,439ec330f964a520102c1fe3,1043,0,2,2012-04-29 16:24:00+00:00,2012-04-29 16:24:00+00:00,708|3216
1096,439ec330f964a520102c1fe3,1043,0,3,2012-05-05 07:37:00+00:00,2012-05-05 07:37:00+00:00,1304|3364|6680
1097,439ec330f964a520102c1fe3,1043,0,2,2012-05-05 12:14:00+00:00,2012-05-05 12:14:00+00:00,3255|3954
1098,439ec330f964a520102c1fe3,1043,0,2,2012-05-06 19:59:00+00:00,2012-05-06 19:59:00+00:00,3022|3228
1099,439ec330f964a520102c1fe3,1043,0,2,2012-05-06 22:04:00+00:00,2012-05-06 22:04:00+00:00,2843|3625
1100,439ec330f964a520102c1fe3,1043,0,4,2012-05-07 04:10:00+00:00,2012-05-07 04:10:00+00:00,1998|4545|6539|6680
1101,439ec330f964a520102c1fe3,1043,0,3,2012-05-07 16:10:00+00:00,2012-05-07 16:10:00+00:00,991|3352|3670
1102,439ec330f964a520102c1fe3,1043,0,2,2012-05-07 19:24:00+00:00,2012-05-07 19:24:00+00:00,2329|6065
1103,439ec330f964a520102c1fe3,1043,0,2,2012-05-08 22:27:00+00:00,2012-05-08 22:27:00+00:00,559|5507
1104,439ec330f964a520102c1fe3,1043,0,5,2012-05-09 04:20:00+00:00,2012-05-09 04:20:00+00:00,971|2054|2643|3711|5285
1105,439ec330f964a520102c1fe3,1043,0,3,2012-05-10 16:23:00+00:00,2012-05-10 16:23:00+00:00,2806|4387|4536
1106,439ec330f964a520102c1fe3,1043,0,2,2012-05-11 19:44:00+00:00,2012-05-11 19:44:00+00:00,577|988
1107,439ec330f964a520102c1fe3,1043,0,2,2012-05-12 13:53:00+00:00,2012-05-12 13:53:00+00:00,3255|3954
1108,439ec330f964a520102c1fe3,1043,0,2,2012-05-12 19:50:00+00:00,2012-05-12 19:50:00+00:00,1816|4094
1109,439ec330f964a520102c1fe3,1043,0,2,2012-05-13 22:23:00+00:00,2012-05-13 22:23:00+00:00,2806|4813
1110,439ec330f964a520102c1fe3,1043,0,3,2012-05-14 04:12:00+00:00,2012-05-14 04:12:00+00:00,646|1596|6288
1111,439ec330f964a520102c1fe3,1043,0,3,2012-05-14 16:11:00+00:00,2012-05-14 16:11:00+00:00,1326|1658|6811
1112,439ec330f964a520102c1fe3,1043,0,2,2012-05-14 19:16:00+00:00,2012-05-14 19:16:00+00:00,1210|3545
1113,439ec330f964a520102c1fe3,1043,0,2,2012-05-15 12:01:00+00:00,2012-05-15 12:01:00+00:00,1150|6024
1114,439ec330f964a520102c1fe3,1043,0,2,2012-05-16 12:18:00+00:00,2012-05-16 12:18:00+00:00,475|3137
1115,439ec330f964a520102c1fe3,1043,0,3,2012-05-16 19:56:00+00:00,2012-05-16 19:56:00+00:00,824|3966|5171
1116,439ec330f964a520102c1fe3,1043,0,3,2012-05-17 13:57:00+00:00,2012-05-17 13:57:00+00:00,413|4151|6856
1117,439ec330f964a520102c1fe3,1043,0,4,2012-05-17 16:21:00+00:00,2012-05-17 16:21:00+00:00,944|1326|2643|2757
1118,439ec330f964a520102c1fe3,1043,0,2,2012-05-18 13:35:00+00:00,2012-05-18 13:35:00+00:00,466|3545
1119,439ec330f964a520102c1fe3,1043,0,2,2012-05-19 01:54:00+00:00,2012-05-19 01:54:00+00:00,1107|2848
1120,439ec330f964a520102c1fe3,1043,0,2,2012-05-19 01:54:00+00:00,2012-05-19 01:54:00+00:00,2077|2766
1121,439ec330f964a520102c1fe3,1043,0,4,2012-05-19 04:03:00+00:00,2012-05-19 04:03:00+00:00,519|1320|2799|3670
1122,439ec330f964a520102c1fe3,1043,0,3,2012-05-19 11:42:00+00:00,2012-05-19 11:42:00+00:00,971|3169|5951
1123,439ec330f964a520102c1fe3,1043,0,3,2012-05-21 16:24:00+00:00,2012-05-21 16:24:00+00:00,2294|5241|5696
1124,439ec330f964a520102c1fe3,1043,0,2,2012-05-21 19:47:00+00:00,2012-05-21 19:47:00+00:00,413|6480
1125,439ec330f964a520102c1fe3,1043,0,3,2012-05-22 01:44:00+00:00,2012-05-22 01:44:00+00:00,345|814|2643
1126,439ec330f964a520102c1fe3,1043,0,2,2012-05-25 13:19:00+00:00,2012-05-25 13:19:00+00:00,1413|2459
1127,439ec330f964a520102c1fe3,1043,0,5,2012-05-25 17:01:00+00:00,2012-05-25 17:01:00+00:00,330|3670|3966|5255|6509
1128,439ec330f964a520102c1fe3,1043,0,3,2012-05-25 23:35:00+00:00,2012-05-25 23:35:00+00:00,1304|1553|6680
1129,439ec330f964a520102c1fe3,1043,0,2,2012-05-27 13:13:00+00:00,2012-05-27 13:13:00+00:00,3308|6288
1130,439ec330f964a520102c1fe3,1043,0,3,2012-05-28 01:45:00+00:00,2012-05-28 01:45:00+00:00,1304|2172|6680
1131,439ec330f964a520102c1fe3,1043,0,3,2012-05-28 04:32:00+00:00,2012-05-28 04:32:00+00:00,1304|4545|6680
1132,439ec330f964a520102c1fe3,1043,0,2,2012-05-28 22:16:00+00:00,2012-05-28 22:16:00+00:00,1787|2749
1133,439ec330f964a520102c1fe3,1043,0,2,2012-05-29 04:18:00+00:00,2012-05-29 04:18:00+00:00,1304|6680
1134,439ec330f964a520102c1fe3,1043,0,3,2012-05-29 13:07:00+00:00,2012-05-29 13:07:00+00:00,1107|3516|4721
1135,439ec330f964a520102c1fe3,1043,0,3,2012-05-29 23:07:00+00:00,2012-05-29 23:07:00+00:00,1361|3054|3212
1136,439ec330f964a520102c1fe3,1043,0,3,2012-05-30 01:19:00+00:00,2012-05-30 01:19:00+00:00,341|1538|3548
1137,439ec330f964a520102c1fe3,1043,0,3,2012-05-30 04:26:00+00:00,2012-05-30 04:26:00+00:00,1304|2740|6680
1138,439ec330f964a520102c1fe3,1043,0,3,2012-06-01 11:57:00+00:00,2012-06-01 11:57:00+00:00,1026|2326|3966
1139,439ec330f964a520102c1fe3,1043,0,3,2012-06-03 01:32:00+00:00,2012-06-03 01:32:00+00:00,612|2843|5090
1140,439ec330f964a520102c1fe3,1043,0,2,2012-06-03 17:28:00+00:00,2012-06-03 17:28:00+00:00,1150|4229
1141,439ec330f964a520102c1fe3,1043,0,2,2012-06-03 22:36:00+00:00,2012-06-03 22:36:00+00:00,824|1658
1142,439ec330f964a520102c1fe3,1043,0,2,2012-06-04 04:12:00+00:00,2012-06-04 04:12:00+00:00,2100|2514
1143,439ec330f964a520102c1fe3,1043,0,4,2012-06-07 04:00:00+00:00,2012-06-07 04:00:00+00:00,768|1304|3548|6680
1144,439ec330f964a520102c1fe3,1043,0,3,2012-06-07 13:42:00+00:00,2012-06-07 13:42:00+00:00,778|1787|2739
1145,439ec330f964a520102c1fe3,1043,0,4,2012-06-07 16:26:00+00:00,2012-06-07 16:26:00+00:00,1304|5875|6680|6693
1146,439ec330f964a520102c1fe3,1043,0,3,2012-06-07 22:01:00+00:00,2012-06-07 22:01:00+00:00,251|5899|6680
1147,439ec330f964a520102c1fe3,1043,0,5,2012-06-08 16:50:00+00:00,2012-06-08 16:50:00+00:00,251|779|2522|3137|4062
1148,439ec330f964a520102c1fe3,1043,0,2,2012-06-09 04:17:00+00:00,2012-06-09 04:17:00+00:00,507|5317
1149,439ec330f964a520102c1fe3,1043,0,2,2012-06-09 13:17:00+00:00,2012-06-09 13:17:00+00:00,1223|3255
1150,439ec330f964a520102c1fe3,1043,0,2,2012-06-10 12:27:00+00:00,2012-06-10 12:27:00+00:00,507|2280
1151,439ec330f964a520102c1fe3,1043,0,2,2012-06-10 13:01:00+00:00,2012-06-10 13:01:00+00:00,1699|5171
1152,439ec330f964a520102c1fe3,1043,0,2,2012-06-11 04:20:00+00:00,2012-06-11 04:20:00+00:00,3255|3954
1153,439ec330f964a520102c1fe3,1043,0,2,2012-06-11 18:08:00+00:00,2012-06-11 18:08:00+00:00,1304|6680
1154,439ec330f964a520102c1fe3,1043,0,3,2012-06-11 23:05:00+00:00,2012-06-11 23:05:00+00:00,4721|4995|6856
1155,439ec330f964a520102c1fe3,1043,0,3,2012-06-12 01:32:00+00:00,2012-06-12 01:32:00+00:00,705|1448|3690
1156,439ec330f964a520102c1fe3,1043,0,2,2012-06-12 04:46:00+00:00,2012-06-12 04:46:00+00:00,2205|2720
1157,439ec330f964a520102c1fe3,1043,0,4,2012-06-12 19:16:00+00:00,2012-06-12 19:16:00+00:00,251|519|1460|2043
1158,439ec330f964a520102c1fe3,1043,0,4,2012-06-13 13:14:00+00:00,2012-06-13 13:14:00+00:00,2294|4961|6680|6763
1159,439ec330f964a520102c1fe3,1043,0,3,2012-06-13 16:07:00+00:00,2012-06-13 16:07:00+00:00,394|3287|4094
1160,439ec330f964a520102c1fe3,1043,0,3,2012-06-14 04:00:00+00:00,2012-06-14 04:00:00+00:00,668|1552|4545
1161,439ec330f964a520102c1fe3,1043,0,2,2012-06-17 19:19:00+00:00,2012-06-17 19:19:00+00:00,1437|1998
1162,439ec330f964a520102c1fe3,1043,0,3,2012-06-18 05:07:00+00:00,2012-06-18 05:07:00+00:00,580|1214|1923
1163,439ec330f964a520102c1fe3,1043,0,2,2012-06-18 14:16:00+00:00,2012-06-18 14:16:00+00:00,598|5951
1164,439ec330f964a520102c1fe3,1043,0,3,2012-06-18 19:16:00+00:00,2012-06-18 19:16:00+00:00,577|1304|6680
1165,439ec330f964a520102c1fe3,1043,0,3,2012-06-20 22:51:00+00:00,2012-06-20 22:51:00+00:00,1304|3966|6680
1166,439ec330f964a520102c1fe3,1043,0,2,2012-06-21 14:08:00+00:00,2012-06-21 14:08:00+00:00,1393|5380
1167,439ec330f964a520102c1fe3,1043,0,4,2012-06-26 16:14:00+00:00,2012-06-26 16:14:00+00:00,577|1202|1304|3117
1168,439ec330f964a520102c1fe3,1043,0,3,2012-06-27 13:37:00+00:00,2012-06-27 13:37:00+00:00,2643|2832|3137
1169,439ec330f964a520102c1fe3,1043,0,2,2012-07-03 19:39:00+00:00,2012-07-03 19:39:00+00:00,251|1342
1170,439ec330f964a520102c1fe3,1043,0,2,2012-07-04 05:27:00+00:00,2012-07-04 05:27:00+00:00,971|5931
1171,439ec330f964a520102c1fe3,1043,0,3,2012-07-04 16:55:00+00:00,2012-07-04 16:55:00+00:00,251|1208|2724
1172,439ec330f964a520102c1fe3,1043,0,2,2012-07-04 16:55:00+00:00,2012-07-04 16:55:00+00:00,2909|3291
1173,439ec330f964a520102c1fe3,1043,0,2,2012-07-05 01:45:00+00:00,2012-07-05 01:45:00+00:00,1304|6680
1174,439ec330f964a520102c1fe3,1043,0,3,2012-07-08 16:42:00+00:00,2012-07-08 16:42:00+00:00,251|3371|4545
1175,439ec330f964a520102c1fe3,1043,0,4,2012-07-08 22:50:00+00:00,2012-07-08 22:50:00+00:00,1151|1304|1721|6680
1176,439ec330f964a520102c1fe3,1043,0,2,2012-07-09 02:57:00+00:00,2012-07-09 02:57:00+00:00,687|2319
1177,439ec330f964a520102c1fe3,1043,0,2,2012-07-09 17:31:00+00:00,2012-07-09 17:31:00+00:00,497|5322
1178,439ec330f964a520102c1fe3,1043,0,2,2012-07-09 19:45:00+00:00,2012-07-09 19:45:00+00:00,2259|3700
1179,439ec330f964a520102c1fe3,1043,0,2,2012-07-11 03:01:00+00:00,2012-07-11 03:01:00+00:00,730|4720
1180,439ec330f964a520102c1fe3,1043,0,2,2012-07-11 05:28:00+00:00,2012-07-11 05:28:00+00:00,854|5951
1181,439ec330f964a520102c1fe3,1043,0,4,2012-07-12 13:35:00+00:00,2012-07-12 13:35:00+00:00,1304|1986|4211|6680
1182,439ec330f964a520102c1fe3,1043,0,3,2012-07-12 19:19:00+00:00,2012-07-12 19:19:00+00:00,1304|2489|6680
1183,439ec330f964a520102c1fe3,1043,0,3,2012-07-13 22:54:00+00:00,2012-07-13 22:54:00+00:00,1222|2654|5081
1184,439ec330f964a520102c1fe3,1043,0,3,2012-07-14 04:13:00+00:00,2012-07-14 04:13:00+00:00,1611|1709|6333
1185,439ec330f964a520102c1fe3,1043,0,4,2012-07-15 16:20:00+00:00,2012-07-15 16:20:00+00:00,700|854|2233|2461
1186,439ec330f964a520102c1fe3,1043,0,2,2012-07-16 02:29:00+00:00,2012-07-16 02:29:00+00:00,251|1437
1187,439ec330f964a520102c1fe3,1043,0,2,2012-07-16 15:28:00+00:00,2012-07-16 15:28:00+00:00,577|815
1188,439ec330f964a520102c1fe3,1043,0,2,2012-07-16 20:05:00+00:00,2012-07-16 20:05:00+00:00,936|2371
1189,439ec330f964a520102c1fe3,1043,0,3,2012-07-17 04:06:00+00:00,2012-07-17 04:06:00+00:00,1304|4324|6856
1190,439ec330f964a520102c1fe3,1043,0,3,2012-07-17 22:29:00+00:00,2012-07-17 22:29:00+00:00,39|1304|6680
1191,439ec330f964a520102c1fe3,1043,0,2,2012-07-21 22:21:00+00:00,2012-07-21 22:21:00+00:00,662|2205
1192,439ec330f964a520102c1fe3,1043,0,2,2012-07-22 12:04:00+00:00,2012-07-22 12:04:00+00:00,1320|1709
1193,439ec330f964a520102c1fe3,1043,0,2,2012-07-22 13:47:00+00:00,2012-07-22 13:47:00+00:00,1460|3286
1194,439ec330f964a520102c1fe3,1043,0,2,2012-07-24 19:04:00+00:00,2012-07-24 19:04:00+00:00,2542|6680
1195,439ec330f964a520102c1fe3,1043,0,2,2012-07-29 16:03:00+00:00,2012-07-29 16:03:00+00:00,4074|4151
1196,439ec330f964a520102c1fe3,1043,0,2,2012-07-29 19:14:00+00:00,2012-07-29 19:14:00+00:00,123|6680
1197,439ec330f964a520102c1fe3,1043,0,2,2012-07-30 02:45:00+00:00,2012-07-30 02:45:00+00:00,1304|6680
1198,439ec330f964a520102c1fe3,1043,0,2,2012-07-30 05:30:00+00:00,2012-07-30 05:30:00+00:00,577|580
1199,439ec330f964a520102c1fe3,1043,0,2,2012-08-09 23:14:00+00:00,2012-08-09 23:14:00+00:00,1437|4903
1200,439ec330f964a520102c1fe3,1043,0,2,2012-08-10 22:20:00+00:00,2012-08-10 22:20:00+00:00,2455|4462
1201,439ec330f964a520102c1fe3,1043,0,2,2012-08-11 18:20:00+00:00,2012-08-11 18:20:00+00:00,1304|6680
1202,439ec330f964a520102c1fe3,1043,0,3,2012-08-13 00:06:00+00:00,2012-08-13 00:06:00+00:00,2373|4892|5508
1203,439ec330f964a520102c1fe3,1043,0,2,2012-08-14 22:43:00+00:00,2012-08-14 22:43:00+00:00,943|1890
1204,439ec330f964a520102c1fe3,1043,0,2,2012-08-16 22:09:00+00:00,2012-08-16 22:09:00+00:00,225|6839
1205,439ec330f964a520102c1fe3,1043,0,2,2012-08-18 03:21:00+00:00,2012-08-18 03:21:00+00:00,1553|3886
1206,439ec330f964a520102c1fe3,1043,0,2,2012-08-20 01:48:00+00:00,2012-08-20 01:48:00+00:00,725|5506
1207,439ec330f964a520102c1fe3,1043,0,4,2012-08-20 04:11:00+00:00,2012-08-20 04:11:00+00:00,494|577|2119|3593
1208,439ec330f964a520102c1fe3,1043,0,2,2012-09-05 14:48:00+00:00,2012-09-05 14:48:00+00:00,1304|1699
1209,439ec330f964a520102c1fe3,1043,0,4,2012-09-05 16:16:00+00:00,2012-09-05 16:16:00+00:00,1150|1923|4947|5898
1210,439ec330f964a520102c1fe3,1043,0,2,2012-09-06 02:47:00+00:00,2012-09-06 02:47:00+00:00,638|2780
1211,439ec330f964a520102c1fe3,1043,0,2,2012-09-06 04:25:00+00:00,2012-09-06 04:25:00+00:00,577|1636
1212,439ec330f964a520102c1fe3,1043,0,5,2012-09-09 16:35:00+00:00,2012-09-09 16:35:00+00:00,1149|1998|2382|2764|5828
1213,439ec330f964a520102c1fe3,1043,0,3,2012-09-09 19:01:00+00:00,2012-09-09 19:01:00+00:00,1150|1304|4179
1214,439ec330f964a520102c1fe3,1043,0,2,2012-09-14 19:23:00+00:00,2012-09-14 19:23:00+00:00,2346|3043
1215,439ec330f964a520102c1fe3,1043,0,2,2012-09-15 04:16:00+00:00,2012-09-15 04:16:00+00:00,1923|2033
1216,439ec330f964a520102c1fe3,1043,0,2,2012-09-15 11:39:00+00:00,2012-09-15 11:39:00+00:00,1304|6680
1217,439ec330f964a520102c1fe3,1043,0,4,2012-09-15 19:35:00+00:00,2012-09-15 19:35:00+00:00,1460|1699|4040|4995
1218,439ec330f964a520102c1fe3,1043,0,2,2012-10-03 15:09:00+00:00,2012-10-03 15:09:00+00:00,753|4651
1219,439ec330f964a520102c1fe3,1043,0,4,2012-10-11 19:03:00+00:00,2012-10-11 19:03:00+00:00,671|1759|2996|6387
1220,439ec330f964a520102c1fe3,1043,0,2,2012-10-12 20:14:00+00:00,2012-10-12 20:14:00+00:00,3545|4179
1221,439ec330f964a520102c1fe3,1043,0,2,2012-10-22 22:19:00+00:00,2012-10-22 22:19:00+00:00,1553|5364
1222,439ec330f964a520102c1fe3,1043,0,2,2012-10-23 17:13:00+00:00,2012-10-23 17:13:00+00:00,594|1413
1223,439ec330f964a520102c1fe3,1043,0,3,2012-10-23 19:43:00+00:00,2012-10-23 19:43:00+00:00,1658|2563|5460
1224,439ec330f964a520102c1fe3,1043,0,2,2012-10-24 14:27:00+00:00,2012-10-24 14:27:00+00:00,1210|6288
1225,439ec330f964a520102c1fe3,1043,0,2,2012-10-24 16:42:00+00:00,2012-10-24 16:42:00+00:00,1699|5980
1226,439ec330f964a520102c1fe3,1043,0,2,2012-10-24 22:15:00+00:00,2012-10-24 22:15:00+00:00,705|1699
1227,439ec330f964a520102c1fe3,1043,0,2,2012-10-25 13:22:00+00:00,2012-10-25 13:22:00+00:00,2492|3758
1228,439ec330f964a520102c1fe3,1043,0,2,2012-10-26 01:09:00+00:00,2012-10-26 01:09:00+00:00,1244|2643
1229,439ec330f964a520102c1fe3,1043,0,2,2012-10-27 04:56:00+00:00,2012-10-27 04:56:00+00:00,3308|6288
1230,439ec330f964a520102c1fe3,1043,0,2,2012-10-29 04:16:00+00:00,2012-10-29 04:16:00+00:00,778|1771
1231,439ec330f964a520102c1fe3,1043,0,3,2012-11-01 13:35:00+00:00,2012-11-01 13:35:00+00:00,824|1699|4211
1232,439ec330f964a520102c1fe3,1043,0,2,2012-11-02 04:25:00+00:00,2012-11-02 04:25:00+00:00,461|3670
1233,439ec330f964a520102c1fe3,1043,0,2,2012-11-05 15:35:00+00:00,2012-11-05 15:35:00+00:00,943|4424
1234,439ec330f964a520102c1fe3,1043,0,2,2012-11-09 11:56:00+00:00,2012-11-09 11:56:00+00:00,217|2541
1235,439ec330f964a520102c1fe3,1043,0,2,2012-11-10 19:07:00+00:00,2012-11-10 19:07:00+00:00,860|3721
1236,439ec330f964a520102c1fe3,1043,0,4,2012-11-11 23:05:00+00:00,2012-11-11 23:05:00+00:00,556|1699|2720|3464
1237,439ec330f964a520102c1fe3,1043,0,2,2012-11-12 17:14:00+00:00,2012-11-12 17:14:00+00:00,1658|2002
1238,439ec330f964a520102c1fe3,1043,0,3,2012-11-16 02:42:00+00:00,2012-11-16 02:42:00+00:00,1286|3137|6065
1239,439ec330f964a520102c1fe3,1043,0,3,2012-11-16 06:39:00+00:00,2012-11-16 06:39:00+00:00,82|1991|3464
1240,439ec330f964a520102c1fe3,1043,0,2,2012-11-16 17:34:00+00:00,2012-11-16 17:34:00+00:00,779|6680
1241,439ec330f964a520102c1fe3,1043,0,4,2012-11-17 02:28:00+00:00,2012-11-17 02:28:00+00:00,330|1286|3255|3892
1242,439ec330f964a520102c1fe3,1043,0,2,2012-11-19 18:25:00+00:00,2012-11-19 18:25:00+00:00,5785|6680
1243,439ec330f964a520102c1fe3,1043,0,2,2012-11-22 20:14:00+00:00,2012-11-22 20:14:00+00:00,165|314
1244,439ec330f964a520102c1fe3,1043,0,2,2012-11-25 13:38:00+00:00,2012-11-25 13:38:00+00:00,1991|3936
1245,439ec330f964a520102c1fe3,1043,0,2,2012-11-25 22:05:00+00:00,2012-11-25 22:05:00+00:00,227|2489
1246,439ec330f964a520102c1fe3,1043,0,2,2012-11-27 13:31:00+00:00,2012-11-27 13:31:00+00:00,2536|3886
1247,439ec330f964a520102c1fe3,1043,0,3,2012-11-27 17:12:00+00:00,2012-11-27 17:12:00+00:00,144|2163|2658
1248,439ec330f964a520102c1fe3,1043,0,3,2012-12-01 04:08:00+00:00,2012-12-01 04:08:00+00:00,2119|2496|3403
1249,439ec330f964a520102c1fe3,1043,0,5,2012-12-01 17:36:00+00:00,2012-12-01 17:36:00+00:00,92|109|827|3516|6680
1250,439ec330f964a520102c1fe3,1043,0,3,2012-12-02 14:37:00+00:00,2012-12-02 14:37:00+00:00,283|3437|4553
1251,439ec330f964a520102c1fe3,1043,0,2,2012-12-02 23:16:00+00:00,2012-12-02 23:16:00+00:00,577|3341
1252,439ec330f964a520102c1fe3,1043,0,2,2012-12-03 02:09:00+00:00,2012-12-03 02:09:00+00:00,2468|4089
1253,439ec330f964a520102c1fe3,1043,0,2,2012-12-04 05:38:00+00:00,2012-12-04 05:38:00+00:00,944|1571
1254,439ec330f964a520102c1fe3,1043,0,2,2012-12-05 05:07:00+00:00,2012-12-05 05:07:00+00:00,577|2496
1255,439ec330f964a520102c1fe3,1043,0,2,2012-12-06 04:31:00+00:00,2012-12-06 04:31:00+00:00,1307|5871
1256,439ec330f964a520102c1fe3,1043,0,2,2012-12-06 06:52:00+00:00,2012-12-06 06:52:00+00:00,1320|6680
1257,439ec330f964a520102c1fe3,1043,0,2,2012-12-08 21:46:00+00:00,2012-12-08 21:46:00+00:00,111|1890
1258,439ec330f964a520102c1fe3,1043,0,3,2012-12-09 20:21:00+00:00,2012-12-09 20:21:00+00:00,649|1699|4179
1259,439ec330f964a520102c1fe3,1043,0,2,2012-12-09 23:53:00+00:00,2012-12-09 23:53:00+00:00,1344|5353
1260,439ec330f964a520102c1fe3,1043,0,2,2012-12-10 17:37:00+00:00,2012-12-10 17:37:00+00:00,1880|2319
1261,439ec330f964a520102c1fe3,1043,0,2,2012-12-11 17:00:00+00:00,2012-12-11 17:00:00+00:00,4327|6680
1262,439ec330f964a520102c1fe3,1043,0,2,2012-12-15 02:56:00+00:00,2012-12-15 02:56:00+00:00,138|3768
1263,439ec330f964a520102c1fe3,1043,0,2,2012-12-17 14:02:00+00:00,2012-12-17 14:02:00+00:00,559|1307
1264,439ec330f964a520102c1fe3,1043,0,2,2012-12-18 00:35:00+00:00,2012-12-18 00:35:00+00:00,577|6680
1265,439ec330f964a520102c1fe3,1043,0,2,2012-12-19 05:01:00+00:00,2012-12-19 05:01:00+00:00,354|2643
1266,439ec330f964a520102c1fe3,1043,0,3,2012-12-28 05:18:00+00:00,2012-12-28 05:18:00+00:00,201|1307|1437
1267,439ec330f964a520102c1fe3,1043,0,2,2012-12-30 02:39:00+00:00,2012-12-30 02:39:00+00:00,493|1708
1268,439ec330f964a520102c1fe3,1043,0,2,2012-12-31 03:14:00+00:00,2012-12-31 03:14:00+00:00,2536|2654
1269,439ec330f964a520102c1fe3,1043,0,2,2013-01-01 02:54:00+00:00,2013-01-01 02:54:00+00:00,577|4202
1270,439ec330f964a520102c1fe3,1043,0,2,2013-01-02 23:40:00+00:00,2013-01-02 23:40:00+00:00,1196|1708
1271,439ec330f964a520102c1fe3,1043,0,2,2013-01-03 20:11:00+00:00,2013-01-03 20:11:00+00:00,3844|4116
1272,439ec330f964a520102c1fe3,1043,0,2,2013-01-04 16:50:00+00:00,2013-01-04 16:50:00+00:00,824|1715
1273,439ec330f964a520102c1fe3,1043,0,2,2013-01-06 05:13:00+00:00,2013-01-06 05:13:00+00:00,3697|6680
1274,439ec330f964a520102c1fe3,1043,0,2,2013-01-11 23:31:00+00:00,2013-01-11 23:31:00+00:00,220|6680
1275,439ec330f964a520102c1fe3,1043,0,2,2013-01-17 12:31:00+00:00,2013-01-17 12:31:00+00:00,965|6680
1276,439ec330f964a520102c1fe3,1043,0,2,2013-01-18 17:16:00+00:00,2013-01-18 17:16:00+00:00,6680|6775
1277,439ec330f964a520102c1fe3,1043,0,2,2013-01-25 14:12:00+00:00,2013-01-25 14:12:00+00:00,1437|2622
1278,439ec330f964a520102c1fe3,1043,0,2,2013-02-02 05:18:00+00:00,2013-02-02 05:18:00+00:00,1771|2489
1279,439ec330f964a520102c1fe3,1043,0,2,2013-02-05 20:17:00+00:00,2013-02-05 20:17:00+00:00,251|1437
1280,439ec330f964a520102c1fe3,1043,0,4,2013-02-11 05:30:00+00:00,2013-02-11 05:30:00+00:00,1445|1890|3733|5820
1281,439ec330f964a520102c1fe3,1043,0,2,2013-02-11 23:37:00+00:00,2013-02-11 23:37:00+00:00,765|6680
1282,439ec330f964a520102c1fe3,1043,0,3,2013-02-13 05:22:00+00:00,2013-02-13 05:22:00+00:00,97|577|982
1283,439ec330f964a520102c1fe3,1043,0,2,2013-02-13 17:15:00+00:00,2013-02-13 17:15:00+00:00,37|1721
1284,439ec330f964a520102c1fe3,1043,0,2,2013-02-14 05:07:00+00:00,2013-02-14 05:07:00+00:00,4424|5122
1285,439ec330f964a520102c1fe3,1043,0,3,2013-02-18 05:20:00+00:00,2013-02-18 05:20:00+00:00,1087|2119|3593
1286,439ec330f964a520102c1fe3,1043,0,2,2013-02-19 03:34:00+00:00,2013-02-19 03:34:00+00:00,4241|6131
1287,439ec330f964a520102c1fe3,1043,0,2,2013-02-24 18:33:00+00:00,2013-02-24 18:33:00+00:00,700|6164
1288,439ec330f964a520102c1fe3,1043,0,3,2013-02-25 20:00:00+00:00,2013-02-25 20:00:00+00:00,836|2295|4281
1289,439ec330f964a520102c1fe3,1043,0,3,2013-02-26 02:00:00+00:00,2013-02-26 02:00:00+00:00,3227|3945|5122
1290,439ec330f964a520102c1fe3,1043,0,2,2013-02-26 05:05:00+00:00,2013-02-26 05:05:00+00:00,217|4892
1291,439ec330f964a520102c1fe3,1043,0,2,2013-03-06 23:24:00+00:00,2013-03-06 23:24:00+00:00,958|2208
1292,439ec330f964a520102c1fe3,1043,0,2,2013-03-07 17:56:00+00:00,2013-03-07 17:56:00+00:00,101|3516
1293,439ec330f964a520102c1fe3,1043,0,3,2013-03-22 13:05:00+00:00,2013-03-22 13:05:00+00:00,251|2435|2761
1294,439ec330f964a520102c1fe3,1043,0,2,2013-04-08 22:15:00+00:00,2013-04-08 22:15:00+00:00,70|3402
1295,439ec330f964a520102c1fe3,1043,0,2,2013-04-28 18:03:00+00:00,2013-04-28 18:03:00+00:00,4128|5522
1296,439ec330f964a520102c1fe3,1043,0,2,2013-05-03 01:37:00+00:00,2013-05-03 01:37:00+00:00,700|3403
1297,439ec330f964a520102c1fe3,1043,0,2,2013-05-15 16:02:00+00:00,2013-05-15 16:02:00+00:00,1710|4483
1298,43a52546f964a520532c1fe3,1049,0,2,2012-04-04 09:13:00+00:00,2012-04-04 09:13:00+00:00,566|3364
1299,43a52546f964a520532c1fe3,1049,0,2,2012-04-04 11:42:00+00:00,2012-04-04 11:42:00+00:00,1065|2000
1300,43a52546f964a520532c1fe3,1049,0,2,2012-04-04 23:05:00+00:00,2012-04-04 23:05:00+00:00,2000|2196
1301,43a52546f964a520532c1fe3,1049,0,2,2012-04-05 08:50:00+00:00,2012-04-05 08:50:00+00:00,530|2576
1302,43a52546f964a520532c1fe3,1049,0,3,2012-04-08 19:11:00+00:00,2012-04-08 19:11:00+00:00,646|2864|4040
1303,43a52546f964a520532c1fe3,1049,0,2,2012-04-12 08:38:00+00:00,2012-04-12 08:38:00+00:00,3531|6310
1304,43a52546f964a520532c1fe3,1049,0,2,2012-04-12 10:36:00+00:00,2012-04-12 10:36:00+00:00,4074|4167
1305,43a52546f964a520532c1fe3,1049,0,2,2012-04-13 09:29:00+00:00,2012-04-13 09:29:00+00:00,143|1153
1306,43a52546f964a520532c1fe3,1049,0,2,2012-04-13 10:31:00+00:00,2012-04-13 10:31:00+00:00,1345|2481
1307,43a52546f964a520532c1fe3,1049,0,2,2012-04-13 13:53:00+00:00,2012-04-13 13:53:00+00:00,4016|5569
1308,43a52546f964a520532c1fe3,1049,0,2,2012-04-13 19:47:00+00:00,2012-04-13 19:47:00+00:00,679|4258
1309,43a52546f964a520532c1fe3,1049,0,3,2012-04-14 23:36:00+00:00,2012-04-14 23:36:00+00:00,1003|2576|4552
1310,43a52546f964a520532c1fe3,1049,0,3,2012-04-15 11:18:00+00:00,2012-04-15 11:18:00+00:00,819|1503|4258
1311,43a52546f964a520532c1fe3,1049,0,2,2012-04-16 19:51:00+00:00,2012-04-16 19:51:00+00:00,123|6237
1312,43a52546f964a520532c1fe3,1049,0,3,2012-04-17 08:59:00+00:00,2012-04-17 08:59:00+00:00,410|729|944
1313,43a52546f964a520532c1fe3,1049,0,5,2012-04-17 10:17:00+00:00,2012-04-17 10:17:00+00:00,1206|1514|2558|2899|3730
1314,43a52546f964a520532c1fe3,1049,0,2,2012-04-17 19:09:00+00:00,2012-04-17 19:09:00+00:00,3489|4448
1315,43a52546f964a520532c1fe3,1049,0,3,2012-04-19 09:06:00+00:00,2012-04-19 09:06:00+00:00,184|410|2156
1316,43a52546f964a520532c1fe3,1049,0,2,2012-04-19 11:10:00+00:00,2012-04-19 11:10:00+00:00,3531|4941
1317,43a52546f964a520532c1fe3,1049,0,2,2012-04-19 22:41:00+00:00,2012-04-19 22:41:00+00:00,2899|3730
1318,43a52546f964a520532c1fe3,1049,0,3,2012-04-20 01:24:00+00:00,2012-04-20 01:24:00+00:00,1514|2280|4153
1319,43a52546f964a520532c1fe3,1049,0,2,2012-04-20 08:55:00+00:00,2012-04-20 08:55:00+00:00,2135|4294
1320,43a52546f964a520532c1fe3,1049,0,2,2012-04-20 10:49:00+00:00,2012-04-20 10:49:00+00:00,443|1652
1321,43a52546f964a520532c1fe3,1049,0,4,2012-04-20 19:18:00+00:00,2012-04-20 19:18:00+00:00,782|976|2690|3625
1322,43a52546f964a520532c1fe3,1049,0,2,2012-04-21 16:06:00+00:00,2012-04-21 16:06:00+00:00,611|1173
1323,43a52546f964a520532c1fe3,1049,0,4,2012-04-22 13:07:00+00:00,2012-04-22 13:07:00+00:00,709|1032|1480|4188
1324,43a52546f964a520532c1fe3,1049,0,2,2012-04-22 17:00:00+00:00,2012-04-22 17:00:00+00:00,397|2317
1325,43a52546f964a520532c1fe3,1049,0,2,2012-04-22 19:14:00+00:00,2012-04-22 19:14:00+00:00,420|2117
1326,43a52546f964a520532c1fe3,1049,0,4,2012-04-23 10:14:00+00:00,2012-04-23 10:14:00+00:00,710|854|4665|6633
1327,43a52546f964a520532c1fe3,1049,0,3,2012-04-23 16:10:00+00:00,2012-04-23 16:10:00+00:00,475|1268|2558
1328,43a52546f964a520532c1fe3,1049,0,2,2012-04-23 19:03:00+00:00,2012-04-23 19:03:00+00:00,2347|4025
1329,43a52546f964a520532c1fe3,1049,0,2,2012-04-25 16:00:00+00:00,2012-04-25 16:00:00+00:00,123|5980
1330,43a52546f964a520532c1fe3,1049,0,2,2012-04-27 10:28:00+00:00,2012-04-27 10:28:00+00:00,813|2495
1331,43a52546f964a520532c1fe3,1049,0,2,2012-04-27 21:25:00+00:00,2012-04-27 21:25:00+00:00,227|6368
1332,43a52546f964a520532c1fe3,1049,0,2,2012-04-27 22:19:00+00:00,2012-04-27 22:19:00+00:00,291|1368
1333,43a52546f964a520532c1fe3,1049,0,2,2012-04-28 19:10:00+00:00,2012-04-28 19:10:00+00:00,195|4364
1334,43a52546f964a520532c1fe3,1049,0,2,2012-04-29 19:52:00+00:00,2012-04-29 19:52:00+00:00,30|1107
1335,43a52546f964a520532c1fe3,1049,0,2,2012-05-01 19:53:00+00:00,2012-05-01 19:53:00+00:00,1109|2757
1336,43a52546f964a520532c1fe3,1049,0,3,2012-05-01 23:50:00+00:00,2012-05-01 23:50:00+00:00,906|1183|3566
1337,43a52546f964a520532c1fe3,1049,0,2,2012-05-03 09:03:00+00:00,2012-05-03 09:03:00+00:00,1473|5042
1338,43a52546f964a520532c1fe3,1049,0,2,2012-05-03 10:46:00+00:00,2012-05-03 10:46:00+00:00,729|4339
1339,43a52546f964a520532c1fe3,1049,0,2,2012-05-03 22:13:00+00:00,2012-05-03 22:13:00+00:00,1097|5710
1340,43a52546f964a520532c1fe3,1049,0,2,2012-05-04 10:24:00+00:00,2012-05-04 10:24:00+00:00,657|770
1341,43a52546f964a520532c1fe3,1049,0,2,2012-05-04 20:36:00+00:00,2012-05-04 20:36:00+00:00,372|4697
1342,43a52546f964a520532c1fe3,1049,0,2,2012-05-04 22:33:00+00:00,2012-05-04 22:33:00+00:00,3364|6690
1343,43a52546f964a520532c1fe3,1049,0,2,2012-05-05 18:12:00+00:00,2012-05-05 18:12:00+00:00,1109|2000
1344,43a52546f964a520532c1fe3,1049,0,5,2012-05-07 10:17:00+00:00,2012-05-07 10:17:00+00:00,1514|2366|2528|5727|6052
1345,43a52546f964a520532c1fe3,1049,0,3,2012-05-11 20:13:00+00:00,2012-05-11 20:13:00+00:00,1268|4430|6174
1346,43a52546f964a520532c1fe3,1049,0,5,2012-05-13 10:07:00+00:00,2012-05-13 10:07:00+00:00,2035|3654|3730|5708|6690
1347,43a52546f964a520532c1fe3,1049,0,3,2012-05-13 21:11:00+00:00,2012-05-13 21:11:00+00:00,947|1120|6647
1348,43a52546f964a520532c1fe3,1049,0,2,2012-05-14 11:02:00+00:00,2012-05-14 11:02:00+00:00,1173|3545
1349,43a52546f964a520532c1fe3,1049,0,3,2012-05-15 10:52:00+00:00,2012-05-15 10:52:00+00:00,475|3456|6072
1350,43a52546f964a520532c1fe3,1049,0,3,2012-05-15 20:01:00+00:00,2012-05-15 20:01:00+00:00,75|1150|2116
1351,43a52546f964a520532c1fe3,1049,0,3,2012-05-17 19:51:00+00:00,2012-05-17 19:51:00+00:00,594|595|1120
1352,43a52546f964a520532c1fe3,1049,0,2,2012-05-18 23:53:00+00:00,2012-05-18 23:53:00+00:00,611|3545
1353,43a52546f964a520532c1fe3,1049,0,2,2012-05-19 10:37:00+00:00,2012-05-19 10:37:00+00:00,991|3880
1354,43a52546f964a520532c1fe3,1049,0,2,2012-05-21 09:57:00+00:00,2012-05-21 09:57:00+00:00,295|442
1355,43a52546f964a520532c1fe3,1049,0,2,2012-05-22 10:20:00+00:00,2012-05-22 10:20:00+00:00,276|595
1356,43a52546f964a520532c1fe3,1049,0,3,2012-05-25 10:11:00+00:00,2012-05-25 10:11:00+00:00,204|5084|6422
1357,43a52546f964a520532c1fe3,1049,0,3,2012-05-25 19:05:00+00:00,2012-05-25 19:05:00+00:00,0|276|6066
1358,43a52546f964a520532c1fe3,1049,0,2,2012-05-27 13:02:00+00:00,2012-05-27 13:02:00+00:00,849|4792
1359,43a52546f964a520532c1fe3,1049,0,4,2012-05-29 19:46:00+00:00,2012-05-29 19:46:00+00:00,442|1116|1183|5084
1360,43a52546f964a520532c1fe3,1049,0,3,2012-05-29 22:24:00+00:00,2012-05-29 22:24:00+00:00,1057|3824|6422
1361,43a52546f964a520532c1fe3,1049,0,2,2012-05-30 05:05:00+00:00,2012-05-30 05:05:00+00:00,132|3212
1362,43a52546f964a520532c1fe3,1049,0,2,2012-06-01 10:35:00+00:00,2012-06-01 10:35:00+00:00,1998|2036
1363,43a52546f964a520532c1fe3,1049,0,2,2012-06-02 22:59:00+00:00,2012-06-02 22:59:00+00:00,53|4252
1364,43a52546f964a520532c1fe3,1049,0,5,2012-06-04 10:58:00+00:00,2012-06-04 10:58:00+00:00,442|1322|3874|4167|6479
1365,43a52546f964a520532c1fe3,1049,0,2,2012-06-04 22:19:00+00:00,2012-06-04 22:19:00+00:00,2646|3037
1366,43a52546f964a520532c1fe3,1049,0,2,2012-06-05 10:26:00+00:00,2012-06-05 10:26:00+00:00,4188|4252
1367,43a52546f964a520532c1fe3,1049,0,3,2012-06-07 08:30:00+00:00,2012-06-07 08:30:00+00:00,1448|2207|6693
1368,43a52546f964a520532c1fe3,1049,0,4,2012-06-07 10:11:00+00:00,2012-06-07 10:11:00+00:00,666|894|3966|4496
1369,43a52546f964a520532c1fe3,1049,0,3,2012-06-07 22:55:00+00:00,2012-06-07 22:55:00+00:00,380|1150|3119
1370,43a52546f964a520532c1fe3,1049,0,2,2012-06-08 11:23:00+00:00,2012-06-08 11:23:00+00:00,246|2522
1371,43a52546f964a520532c1fe3,1049,0,3,2012-06-08 19:20:00+00:00,2012-06-08 19:20:00+00:00,164|6266|6690
1372,43a52546f964a520532c1fe3,1049,0,2,2012-06-09 14:37:00+00:00,2012-06-09 14:37:00+00:00,426|4140
1373,43a52546f964a520532c1fe3,1049,0,2,2012-06-11 10:01:00+00:00,2012-06-11 10:01:00+00:00,73|2268
1374,43a52546f964a520532c1fe3,1049,0,2,2012-06-11 22:05:00+00:00,2012-06-11 22:05:00+00:00,1457|1919
1375,43a52546f964a520532c1fe3,1049,0,3,2012-06-12 11:22:00+00:00,2012-06-12 11:22:00+00:00,1286|2348|3839
1376,43a52546f964a520532c1fe3,1049,0,2,2012-06-13 01:23:00+00:00,2012-06-13 01:23:00+00:00,28|4082
1377,43a52546f964a520532c1fe3,1049,0,4,2012-06-13 16:00:00+00:00,2012-06-13 16:00:00+00:00,12|279|781|5586
1378,43a52546f964a520532c1fe3,1049,0,3,2012-06-13 22:14:00+00:00,2012-06-13 22:14:00+00:00,372|1998|2558
1379,43a52546f964a520532c1fe3,1049,0,2,2012-06-17 17:35:00+00:00,2012-06-17 17:35:00+00:00,168|3924
1380,43a52546f964a520532c1fe3,1049,0,2,2012-06-18 02:05:00+00:00,2012-06-18 02:05:00+00:00,1124|3668
1381,43a52546f964a520532c1fe3,1049,0,3,2012-06-18 17:52:00+00:00,2012-06-18 17:52:00+00:00,235|3730|5261
1382,43a52546f964a520532c1fe3,1049,0,2,2012-06-20 19:36:00+00:00,2012-06-20 19:36:00+00:00,2488|3730
1383,43a52546f964a520532c1fe3,1049,0,2,2012-06-25 10:17:00+00:00,2012-06-25 10:17:00+00:00,532|1206
1384,43a52546f964a520532c1fe3,1049,0,2,2012-06-26 22:47:00+00:00,2012-06-26 22:47:00+00:00,182|4995
1385,43a52546f964a520532c1fe3,1049,0,2,2012-06-27 10:10:00+00:00,2012-06-27 10:10:00+00:00,2827|4892
1386,43a52546f964a520532c1fe3,1049,0,2,2012-07-02 22:05:00+00:00,2012-07-02 22:05:00+00:00,848|1708
1387,43a52546f964a520532c1fe3,1049,0,2,2012-07-06 13:06:00+00:00,2012-07-06 13:06:00+00:00,2528|2565
1388,43a52546f964a520532c1fe3,1049,0,2,2012-07-09 22:04:00+00:00,2012-07-09 22:04:00+00:00,426|2565
1389,43a52546f964a520532c1fe3,1049,0,2,2012-07-11 10:20:00+00:00,2012-07-11 10:20:00+00:00,225|1205
1390,43a52546f964a520532c1fe3,1049,0,2,2012-07-12 20:56:00+00:00,2012-07-12 20:56:00+00:00,2022|2835
1391,43a52546f964a520532c1fe3,1049,0,4,2012-07-13 13:02:00+00:00,2012-07-13 13:02:00+00:00,170|517|666|2415
1392,43a52546f964a520532c1fe3,1049,0,2,2012-07-15 09:36:00+00:00,2012-07-15 09:36:00+00:00,1664|2461
1393,43a52546f964a520532c1fe3,1049,0,3,2012-07-15 20:23:00+00:00,2012-07-15 20:23:00+00:00,138|532|3551
1394,43a52546f964a520532c1fe3,1049,0,2,2012-07-16 01:30:00+00:00,2012-07-16 01:30:00+00:00,62|123
1395,43a52546f964a520532c1fe3,1049,0,2,2012-07-17 19:34:00+00:00,2012-07-17 19:34:00+00:00,4181|4956
1396,43a52546f964a520532c1fe3,1049,0,2,2012-07-17 23:28:00+00:00,2012-07-17 23:28:00+00:00,4915|6705
1397,43a52546f964a520532c1fe3,1049,0,2,2012-07-21 22:56:00+00:00,2012-07-21 22:56:00+00:00,2468|4010
1398,43a52546f964a520532c1fe3,1049,0,2,2012-07-24 11:21:00+00:00,2012-07-24 11:21:00+00:00,4430|6533
1399,43a52546f964a520532c1fe3,1049,0,2,2012-07-30 01:18:00+00:00,2012-07-30 01:18:00+00:00,123|782
1400,43a52546f964a520532c1fe3,1049,0,2,2012-08-05 16:39:00+00:00,2012-08-05 16:39:00+00:00,675|4668
1401,43a52546f964a520532c1fe3,1049,0,2,2012-08-05 20:05:00+00:00,2012-08-05 20:05:00+00:00,869|936
1402,43a52546f964a520532c1fe3,1049,0,2,2012-08-09 10:47:00+00:00,2012-08-09 10:47:00+00:00,1121|3991
1403,43a52546f964a520532c1fe3,1049,0,2,2012-08-10 20:23:00+00:00,2012-08-10 20:23:00+00:00,184|584
1404,43a52546f964a520532c1fe3,1049,0,4,2012-08-11 19:14:00+00:00,2012-08-11 19:14:00+00:00,111|159|1352|3831
1405,43a52546f964a520532c1fe3,1049,0,3,2012-08-12 23:08:00+00:00,2012-08-12 23:08:00+00:00,1455|2319|4489
1406,43a52546f964a520532c1fe3,1049,0,2,2012-08-14 19:29:00+00:00,2012-08-14 19:29:00+00:00,1554|3058
1407,43a52546f964a520532c1fe3,1049,0,2,2012-08-16 19:21:00+00:00,2012-08-16 19:21:00+00:00,894|3453
1408,43a52546f964a520532c1fe3,1049,0,2,2012-08-18 18:11:00+00:00,2012-08-18 18:11:00+00:00,4445|6517
1409,43a52546f964a520532c1fe3,1049,0,2,2012-08-18 22:25:00+00:00,2012-08-18 22:25:00+00:00,286|598
1410,43a52546f964a520532c1fe3,1049,0,2,2012-08-20 09:37:00+00:00,2012-08-20 09:37:00+00:00,324|486
1411,43a52546f964a520532c1fe3,1049,0,2,2012-09-05 10:03:00+00:00,2012-09-05 10:03:00+00:00,1150|3826
1412,43a52546f964a520532c1fe3,1049,0,2,2012-09-13 10:06:00+00:00,2012-09-13 10:06:00+00:00,888|4016
1413,43a52546f964a520532c1fe3,1049,0,2,2012-09-15 07:45:00+00:00,2012-09-15 07:45:00+00:00,324|2964
1414,43a52546f964a520532c1fe3,1049,0,2,2012-09-16 00:04:00+00:00,2012-09-16 00:04:00+00:00,3|710
1415,43a52546f964a520532c1fe3,1049,0,3,2012-10-12 08:35:00+00:00,2012-10-12 08:35:00+00:00,1007|2036|2563
1416,43a52546f964a520532c1fe3,1049,0,2,2012-10-13 11:08:00+00:00,2012-10-13 11:08:00+00:00,26|4258
1417,43a52546f964a520532c1fe3,1049,0,2,2012-10-24 09:44:00+00:00,2012-10-24 09:44:00+00:00,584|2558
1418,43a52546f964a520532c1fe3,1049,0,2,2012-10-28 10:33:00+00:00,2012-10-28 10:33:00+00:00,1766|6011
1419,43a52546f964a520532c1fe3,1049,0,2,2012-10-28 19:36:00+00:00,2012-10-28 19:36:00+00:00,564|4873
1420,43a52546f964a520532c1fe3,1049,0,2,2012-11-01 11:06:00+00:00,2012-11-01 11:06:00+00:00,173|1233
1421,43a52546f964a520532c1fe3,1049,0,3,2012-11-06 23:00:00+00:00,2012-11-06 23:00:00+00:00,782|2501|2690
1422,43a52546f964a520532c1fe3,1049,0,2,2012-11-07 12:40:00+00:00,2012-11-07 12:40:00+00:00,993|1651
1423,43a52546f964a520532c1fe3,1049,0,4,2012-11-12 11:07:00+00:00,2012-11-12 11:07:00+00:00,449|510|2366|3364
1424,43a52546f964a520532c1fe3,1049,0,3,2012-11-13 12:01:00+00:00,2012-11-13 12:01:00+00:00,28|239|2348
1425,43a52546f964a520532c1fe3,1049,0,2,2012-11-16 23:11:00+00:00,2012-11-16 23:11:00+00:00,779|1616
1426,43a52546f964a520532c1fe3,1049,0,3,2012-11-17 02:54:00+00:00,2012-11-17 02:54:00+00:00,28|1149|4486
1427,43a52546f964a520532c1fe3,1049,0,2,2012-11-17 11:30:00+00:00,2012-11-17 11:30:00+00:00,2461|3027
1428,43a52546f964a520532c1fe3,1049,0,2,2012-11-17 20:29:00+00:00,2012-11-17 20:29:00+00:00,159|4713
1429,43a52546f964a520532c1fe3,1049,0,2,2012-11-21 02:12:00+00:00,2012-11-21 02:12:00+00:00,276|3208
1430,43a52546f964a520532c1fe3,1049,0,2,2012-11-21 09:19:00+00:00,2012-11-21 09:19:00+00:00,2587|2771
1431,43a52546f964a520532c1fe3,1049,0,2,2012-11-21 21:25:00+00:00,2012-11-21 21:25:00+00:00,530|1130
1432,43a52546f964a520532c1fe3,1049,0,2,2012-11-25 12:39:00+00:00,2012-11-25 12:39:00+00:00,3504|4553
1433,43a52546f964a520532c1fe3,1049,0,2,2012-11-25 23:26:00+00:00,2012-11-25 23:26:00+00:00,1121|6029
1434,43a52546f964a520532c1fe3,1049,0,2,2012-11-26 14:13:00+00:00,2012-11-26 14:13:00+00:00,324|1923
1435,43a52546f964a520532c1fe3,1049,0,4,2012-11-30 23:09:00+00:00,2012-11-30 23:09:00+00:00,0|879|958|2054
1436,43a52546f964a520532c1fe3,1049,0,2,2012-12-02 23:16:00+00:00,2012-12-02 23:16:00+00:00,4337|4553
1437,43a52546f964a520532c1fe3,1049,0,2,2012-12-04 12:01:00+00:00,2012-12-04 12:01:00+00:00,1664|4769
1438,43a52546f964a520532c1fe3,1049,0,2,2012-12-05 10:38:00+00:00,2012-12-05 10:38:00+00:00,1205|2862
1439,43a52546f964a520532c1fe3,1049,0,2,2012-12-06 10:24:00+00:00,2012-12-06 10:24:00+00:00,786|1130
1440,43a52546f964a520532c1fe3,1049,0,2,2012-12-11 14:02:00+00:00,2012-12-11 14:02:00+00:00,0|380
1441,43a52546f964a520532c1fe3,1049,0,2,2012-12-16 11:09:00+00:00,2012-12-16 11:09:00+00:00,173|4074
1442,43a52546f964a520532c1fe3,1049,0,2,2012-12-16 20:25:00+00:00,2012-12-16 20:25:00+00:00,239|2896
1443,43a52546f964a520532c1fe3,1049,0,2,2012-12-22 20:08:00+00:00,2012-12-22 20:08:00+00:00,1676|3869
1444,43a52546f964a520532c1fe3,1049,0,2,2012-12-28 13:15:00+00:00,2012-12-28 13:15:00+00:00,0|4825
1445,43a52546f964a520532c1fe3,1049,0,2,2012-12-29 00:41:00+00:00,2012-12-29 00:41:00+00:00,791|1514
1446,43a52546f964a520532c1fe3,1049,0,2,2012-12-30 20:55:00+00:00,2012-12-30 20:55:00+00:00,28|5679
1447,43a52546f964a520532c1fe3,1049,0,2,2012-12-31 18:25:00+00:00,2012-12-31 18:25:00+00:00,577|5846
1448,43a52546f964a520532c1fe3,1049,0,2,2013-01-02 20:45:00+00:00,2013-01-02 20:45:00+00:00,2899|5151
1449,43a52546f964a520532c1fe3,1049,0,3,2013-01-08 11:05:00+00:00,2013-01-08 11:05:00+00:00,426|2160|3869
1450,43a52546f964a520532c1fe3,1049,0,2,2013-01-12 00:21:00+00:00,2013-01-12 00:21:00+00:00,1000|1424
1451,43a52546f964a520532c1fe3,1049,0,2,2013-01-12 03:52:00+00:00,2013-01-12 03:52:00+00:00,324|888
1452,43a52546f964a520532c1fe3,1049,0,2,2013-01-12 23:48:00+00:00,2013-01-12 23:48:00+00:00,588|1114
1453,43a52546f964a520532c1fe3,1049,0,2,2013-01-16 20:42:00+00:00,2013-01-16 20:42:00+00:00,982|4530
1454,43a52546f964a520532c1fe3,1049,0,4,2013-01-17 11:16:00+00:00,2013-01-17 11:16:00+00:00,410|2299|3397|4262
1455,43a52546f964a520532c1fe3,1049,0,2,2013-01-17 20:27:00+00:00,2013-01-17 20:27:00+00:00,678|1227
1456,43a52546f964a520532c1fe3,1049,0,2,2013-01-22 10:04:00+00:00,2013-01-22 10:04:00+00:00,1227|1641
1457,43a52546f964a520532c1fe3,1049,0,2,2013-01-25 22:02:00+00:00,2013-01-25 22:02:00+00:00,2187|2899
1458,43a52546f964a520532c1fe3,1049,0,2,2013-01-28 11:09:00+00:00,2013-01-28 11:09:00+00:00,710|4016
1459,43a52546f964a520532c1fe3,1049,0,3,2013-02-07 09:33:00+00:00,2013-02-07 09:33:00+00:00,448|2497|3880
1460,43a52546f964a520532c1fe3,1049,0,2,2013-02-08 12:39:00+00:00,2013-02-08 12:39:00+00:00,198|5833
1461,43a52546f964a520532c1fe3,1049,0,2,2013-02-11 12:33:00+00:00,2013-02-11 12:33:00+00:00,2187|3654
1462,43a52546f964a520532c1fe3,1049,0,2,2013-02-11 22:55:00+00:00,2013-02-11 22:55:00+00:00,329|782
1463,43a52546f964a520532c1fe3,1049,0,4,2013-02-13 11:48:00+00:00,2013-02-13 11:48:00+00:00,143|982|1225|4892
1464,43a52546f964a520532c1fe3,1049,0,3,2013-02-16 11:18:00+00:00,2013-02-16 11:18:00+00:00,449|2621|6011
1465,43a52546f964a520532c1fe3,1049,0,2,2013-02-17 23:04:00+00:00,2013-02-17 23:04:00+00:00,451|4486
1466,43a52546f964a520532c1fe3,1049,0,2,2013-02-25 11:05:00+00:00,2013-02-25 11:05:00+00:00,449|697
1467,43a52546f964a520532c1fe3,1049,0,2,2013-02-28 11:15:00+00:00,2013-02-28 11:15:00+00:00,889|1910
1468,43a52546f964a520532c1fe3,1049,0,2,2013-03-06 20:17:00+00:00,2013-03-06 20:17:00+00:00,2175|2347
1469,43a52546f964a520532c1fe3,1049,0,2,2013-03-07 19:25:00+00:00,2013-03-07 19:25:00+00:00,105|4281
1470,43a52546f964a520532c1fe3,1049,0,3,2013-03-07 20:29:00+00:00,2013-03-07 20:29:00+00:00,556|1205|6438
1471,43a52546f964a520532c1fe3,1049,0,2,2013-03-11 22:14:00+00:00,2013-03-11 22:14:00+00:00,1471|1993
1472,43a52546f964a520532c1fe3,1049,0,2,2013-03-14 04:31:00+00:00,2013-03-14 04:31:00+00:00,1977|2676
1473,43a52546f964a520532c1fe3,1049,0,2,2013-04-02 20:42:00+00:00,2013-04-02 20:42:00+00:00,410|2246
1474,43a52546f964a520532c1fe3,1049,0,2,2013-04-21 22:40:00+00:00,2013-04-21 22:40:00+00:00,426|4309
1475,43a52546f964a520532c1fe3,1049,0,2,2013-04-22 22:13:00+00:00,2013-04-22 22:13:00+00:00,1121|6012
1476,43a52546f964a520532c1fe3,1049,0,2,2013-05-04 17:18:00+00:00,2013-05-04 17:18:00+00:00,181|4618
1477,43a52546f964a520532c1fe3,1049,0,2,2013-05-08 17:24:00+00:00,2013-05-08 17:24:00+00:00,782|6497
1478,43a52546f964a520532c1fe3,1049,0,2,2013-05-09 20:01:00+00:00,2013-05-09 20:01:00+00:00,667|2554
1479,43a52546f964a520532c1fe3,1049,0,2,2013-05-10 17:24:00+00:00,2013-05-10 17:24:00+00:00,782|5950
1480,43a52546f964a520532c1fe3,1049,0,2,2013-05-12 20:20:00+00:00,2013-05-12 20:20:00+00:00,595|1471
1481,43a52546f964a520532c1fe3,1049,0,2,2013-05-27 19:46:00+00:00,2013-05-27 19:46:00+00:00,1471|4184
1482,43a52546f964a520532c1fe3,1049,0,2,2013-06-21 14:46:00+00:00,2013-06-21 14:46:00+00:00,3456|5052
1483,43a72ba0f964a520672c1fe3,1050,0,3,2012-05-07 01:02:00+00:00,2012-05-07 01:02:00+00:00,204|998|2172
1484,43a72ba0f964a520672c1fe3,1050,0,2,2012-05-11 22:13:00+00:00,2012-05-11 22:13:00+00:00,1038|1747
1485,43a72ba0f964a520672c1fe3,1050,0,2,2012-05-27 01:00:00+00:00,2012-05-27 01:00:00+00:00,381|774
1486,43a72ba0f964a520672c1fe3,1050,0,2,2012-05-28 19:16:00+00:00,2012-05-28 19:16:00+00:00,3024|4167
1487,43a72ba0f964a520672c1fe3,1050,0,2,2012-05-28 22:50:00+00:00,2012-05-28 22:50:00+00:00,1552|4188
1488,43a72ba0f964a520672c1fe3,1050,0,2,2012-06-02 22:18:00+00:00,2012-06-02 22:18:00+00:00,1077|1150
1489,43a72ba0f964a520672c1fe3,1050,0,2,2012-06-03 01:18:00+00:00,2012-06-03 01:18:00+00:00,141|2899
1490,43a72ba0f964a520672c1fe3,1050,0,2,2012-07-04 17:11:00+00:00,2012-07-04 17:11:00+00:00,1747|5344
1491,43a72ba0f964a520672c1fe3,1050,0,2,2012-07-20 23:11:00+00:00,2012-07-20 23:11:00+00:00,62|1211
1492,43a72ba0f964a520672c1fe3,1050,0,4,2012-08-16 22:57:00+00:00,2012-08-16 22:57:00+00:00,122|381|1311|3826
1493,43a72ba0f964a520672c1fe3,1050,0,2,2012-10-23 22:56:00+00:00,2012-10-23 22:56:00+00:00,2193|5541
1494,43a72ba0f964a520672c1fe3,1050,0,2,2012-10-25 23:24:00+00:00,2012-10-25 23:24:00+00:00,122|381
1495,43a72ba0f964a520672c1fe3,1050,0,2,2012-11-16 00:06:00+00:00,2012-11-16 00:06:00+00:00,141|5895
1496,43a72ba0f964a520672c1fe3,1050,0,2,2012-11-24 23:02:00+00:00,2012-11-24 23:02:00+00:00,318|2929
1497,43a72ba0f964a520672c1fe3,1050,0,2,2012-11-25 23:19:00+00:00,2012-11-25 23:19:00+00:00,1327|4406
1498,43b28929f964a520a42c1fe3,1054,0,2,2012-05-15 23:59:00+00:00,2012-05-15 23:59:00+00:00,5298|5863
1499,43bba61df964a520eb2c1fe3,1057,0,2,2012-04-08 20:55:00+00:00,2012-04-08 20:55:00+00:00,1988|5069
1500,43bba61df964a520eb2c1fe3,1057,0,2,2012-08-05 19:56:00+00:00,2012-08-05 19:56:00+00:00,1334|4543
1501,43bba61df964a520eb2c1fe3,1057,0,2,2012-11-20 23:10:00+00:00,2012-11-20 23:10:00+00:00,3171|4009
1502,43c75e2cf964a5207c2d1fe3,1069,0,2,2012-05-26 23:42:00+00:00,2012-05-26 23:42:00+00:00,912|2552
1503,43c75e2cf964a5207c2d1fe3,1069,0,2,2012-06-08 23:39:00+00:00,2012-06-08 23:39:00+00:00,3986|4034
1504,43c75e2cf964a5207c2d1fe3,1069,0,2,2013-09-14 23:17:00+00:00,2013-09-14 23:17:00+00:00,1086|2401
1505,43cb5586f964a520b92d1fe3,1073,0,2,2012-05-27 18:04:00+00:00,2012-05-27 18:04:00+00:00,5367|5988
1506,43d3a659f964a520212e1fe3,1078,0,2,2012-10-24 00:12:00+00:00,2012-10-24 00:12:00+00:00,381|1759
1507,43d9af53f964a520702e1fe3,1082,0,2,2012-05-26 01:57:00+00:00,2012-05-26 01:57:00+00:00,5145|6714
1508,43df8ad6f964a520b92e1fe3,1086,0,3,2012-04-28 15:12:00+00:00,2012-04-28 15:12:00+00:00,830|1285|2704
1509,43df8ad6f964a520b92e1fe3,1086,0,2,2012-04-29 02:46:00+00:00,2012-04-29 02:46:00+00:00,830|2704
1510,43df8ad6f964a520b92e1fe3,1086,0,2,2013-01-07 23:50:00+00:00,2013-01-07 23:50:00+00:00,2811|6794
1511,43e8dae4f964a520112f1fe3,1095,0,2,2012-05-13 06:05:00+00:00,2012-05-13 06:05:00+00:00,82|1223
1512,43ed7e9ef964a5204e2f1fe3,1097,0,2,2012-06-20 22:08:00+00:00,2012-06-20 22:08:00+00:00,1676|1773
1513,43f5aaebf964a520a22f1fe3,1102,0,2,2012-05-07 03:29:00+00:00,2012-05-07 03:29:00+00:00,3230|6486
1514,43f64f33f964a520b02f1fe3,1103,0,2,2012-04-15 02:29:00+00:00,2012-04-15 02:29:00+00:00,200|2859
1515,43f65046f964a520b12f1fe3,1104,0,2,2012-04-12 00:37:00+00:00,2012-04-12 00:37:00+00:00,3510|3766
1516,440bdf9cf964a52079301fe3,1111,0,2,2012-04-14 00:06:00+00:00,2012-04-14 00:06:00+00:00,430|1098
1517,440d6b93f964a5208b301fe3,1112,0,2,2012-05-24 00:48:00+00:00,2012-05-24 00:48:00+00:00,5298|5863
1518,44193e5af964a52022311fe3,1118,0,2,2012-04-09 17:55:00+00:00,2012-04-09 17:55:00+00:00,1604|5573
1519,441a8599f964a52036311fe3,1121,0,2,2012-04-09 22:07:00+00:00,2012-04-09 22:07:00+00:00,3075|5166
1520,44249b5bf964a520a2311fe3,1127,0,2,2012-06-30 20:12:00+00:00,2012-06-30 20:12:00+00:00,441|2324
1521,4427bd00f964a520b6311fe3,1128,0,2,2012-06-08 21:59:00+00:00,2012-06-08 21:59:00+00:00,3649|5366
1522,44327819f964a520f2311fe3,1130,0,2,2012-07-29 02:13:00+00:00,2012-07-29 02:13:00+00:00,3123|3231
1523,4459d2f1f964a520d7321fe3,1137,0,4,2012-04-09 20:11:00+00:00,2012-04-09 20:11:00+00:00,1401|2346|2579|5409
1524,4459d2f1f964a520d7321fe3,1137,0,2,2012-04-09 23:57:00+00:00,2012-04-09 23:57:00+00:00,532|1263
1525,4459d2f1f964a520d7321fe3,1137,0,2,2012-04-12 20:13:00+00:00,2012-04-12 20:13:00+00:00,594|1729
1526,4459d2f1f964a520d7321fe3,1137,0,2,2012-04-13 11:33:00+00:00,2012-04-13 11:33:00+00:00,3999|4765
1527,4459d2f1f964a520d7321fe3,1137,0,2,2012-04-15 01:14:00+00:00,2012-04-15 01:14:00+00:00,4074|6873
1528,4459d2f1f964a520d7321fe3,1137,0,2,2012-04-16 17:14:00+00:00,2012-04-16 17:14:00+00:00,594|1729
1529,4459d2f1f964a520d7321fe3,1137,0,2,2012-04-17 19:18:00+00:00,2012-04-17 19:18:00+00:00,1571|2022
1530,4459d2f1f964a520d7321fe3,1137,0,2,2012-04-18 22:27:00+00:00,2012-04-18 22:27:00+00:00,3999|6842
1531,4459d2f1f964a520d7321fe3,1137,0,2,2012-04-19 10:42:00+00:00,2012-04-19 10:42:00+00:00,491|3739
1532,4459d2f1f964a520d7321fe3,1137,0,2,2012-04-20 13:23:00+00:00,2012-04-20 13:23:00+00:00,3517|4349
1533,4459d2f1f964a520d7321fe3,1137,0,3,2012-04-23 13:36:00+00:00,2012-04-23 13:36:00+00:00,354|4349|5898
1534,4459d2f1f964a520d7321fe3,1137,0,2,2012-04-23 22:13:00+00:00,2012-04-23 22:13:00+00:00,1455|2748
1535,4459d2f1f964a520d7321fe3,1137,0,2,2012-04-24 10:46:00+00:00,2012-04-24 10:46:00+00:00,1361|1401
1536,4459d2f1f964a520d7321fe3,1137,0,2,2012-04-25 16:16:00+00:00,2012-04-25 16:16:00+00:00,354|2280
1537,4459d2f1f964a520d7321fe3,1137,0,2,2012-04-25 22:38:00+00:00,2012-04-25 22:38:00+00:00,329|3840
1538,4459d2f1f964a520d7321fe3,1137,0,2,2012-04-26 12:07:00+00:00,2012-04-26 12:07:00+00:00,3840|4349
1539,4459d2f1f964a520d7321fe3,1137,0,2,2012-04-27 13:01:00+00:00,2012-04-27 13:01:00+00:00,1721|4349
1540,4459d2f1f964a520d7321fe3,1137,0,3,2012-04-28 10:27:00+00:00,2012-04-28 10:27:00+00:00,2819|3044|5833
1541,4459d2f1f964a520d7321fe3,1137,0,3,2012-04-29 17:33:00+00:00,2012-04-29 17:33:00+00:00,584|1226|2126
1542,4459d2f1f964a520d7321fe3,1137,0,2,2012-05-01 18:23:00+00:00,2012-05-01 18:23:00+00:00,2748|3654
1543,4459d2f1f964a520d7321fe3,1137,0,2,2012-05-03 11:31:00+00:00,2012-05-03 11:31:00+00:00,332|1559
1544,4459d2f1f964a520d7321fe3,1137,0,4,2012-05-03 20:41:00+00:00,2012-05-03 20:41:00+00:00,1032|2113|2827|3484
1545,4459d2f1f964a520d7321fe3,1137,0,3,2012-05-03 23:37:00+00:00,2012-05-03 23:37:00+00:00,1858|2000|2172
1546,4459d2f1f964a520d7321fe3,1137,0,2,2012-05-06 20:13:00+00:00,2012-05-06 20:13:00+00:00,4056|4512
1547,4459d2f1f964a520d7321fe3,1137,0,2,2012-05-09 02:26:00+00:00,2012-05-09 02:26:00+00:00,3737|3782
1548,4459d2f1f964a520d7321fe3,1137,0,2,2012-05-12 19:10:00+00:00,2012-05-12 19:10:00+00:00,2126|4718
1549,4459d2f1f964a520d7321fe3,1137,0,3,2012-05-13 22:43:00+00:00,2012-05-13 22:43:00+00:00,415|1051|2116
1550,4459d2f1f964a520d7321fe3,1137,0,2,2012-05-15 13:19:00+00:00,2012-05-15 13:19:00+00:00,1032|3171
1551,4459d2f1f964a520d7321fe3,1137,0,3,2012-05-16 17:10:00+00:00,2012-05-16 17:10:00+00:00,2113|3654|6559
1552,4459d2f1f964a520d7321fe3,1137,0,2,2012-05-17 11:34:00+00:00,2012-05-17 11:34:00+00:00,1238|2578
1553,4459d2f1f964a520d7321fe3,1137,0,3,2012-05-18 22:04:00+00:00,2012-05-18 22:04:00+00:00,591|1778|6368
1554,4459d2f1f964a520d7321fe3,1137,0,2,2012-05-19 01:34:00+00:00,2012-05-19 01:34:00+00:00,1971|2113
1555,4459d2f1f964a520d7321fe3,1137,0,2,2012-05-21 19:29:00+00:00,2012-05-21 19:29:00+00:00,2578|3484
1556,4459d2f1f964a520d7321fe3,1137,0,2,2012-05-21 22:45:00+00:00,2012-05-21 22:45:00+00:00,919|5366
1557,4459d2f1f964a520d7321fe3,1137,0,2,2012-05-25 09:09:00+00:00,2012-05-25 09:09:00+00:00,1503|1631
1558,4459d2f1f964a520d7321fe3,1137,0,2,2012-05-25 13:30:00+00:00,2012-05-25 13:30:00+00:00,1633|4349
1559,4459d2f1f964a520d7321fe3,1137,0,2,2012-05-27 10:25:00+00:00,2012-05-27 10:25:00+00:00,1277|6023
1560,4459d2f1f964a520d7321fe3,1137,0,3,2012-06-03 16:35:00+00:00,2012-06-03 16:35:00+00:00,591|2000|2062
1561,4459d2f1f964a520d7321fe3,1137,0,5,2012-06-08 13:21:00+00:00,2012-06-08 13:21:00+00:00,1919|2621|2748|3739|6654
1562,4459d2f1f964a520d7321fe3,1137,0,2,2012-06-09 19:23:00+00:00,2012-06-09 19:23:00+00:00,1263|3316
1563,4459d2f1f964a520d7321fe3,1137,0,5,2012-06-10 19:08:00+00:00,2012-06-10 19:08:00+00:00,83|1030|1625|1633|6654
1564,4459d2f1f964a520d7321fe3,1137,0,2,2012-06-10 23:24:00+00:00,2012-06-10 23:24:00+00:00,998|2621
1565,4459d2f1f964a520d7321fe3,1137,0,2,2012-06-20 20:31:00+00:00,2012-06-20 20:31:00+00:00,854|2113
1566,4459d2f1f964a520d7321fe3,1137,0,2,2012-06-21 10:41:00+00:00,2012-06-21 10:41:00+00:00,930|2044
1567,4459d2f1f964a520d7321fe3,1137,0,2,2012-07-05 19:05:00+00:00,2012-07-05 19:05:00+00:00,1633|6119
1568,4459d2f1f964a520d7321fe3,1137,0,2,2012-07-09 17:24:00+00:00,2012-07-09 17:24:00+00:00,171|6193
1569,4459d2f1f964a520d7321fe3,1137,0,2,2012-07-12 17:10:00+00:00,2012-07-12 17:10:00+00:00,5364|6234
1570,4459d2f1f964a520d7321fe3,1137,0,3,2012-07-13 19:48:00+00:00,2012-07-13 19:48:00+00:00,26|5364|6368
1571,4459d2f1f964a520d7321fe3,1137,0,2,2012-07-16 05:14:00+00:00,2012-07-16 05:14:00+00:00,3164|6368
1572,4459d2f1f964a520d7321fe3,1137,0,2,2012-07-30 01:48:00+00:00,2012-07-30 01:48:00+00:00,1633|3934
1573,4459d2f1f964a520d7321fe3,1137,0,2,2012-07-30 16:58:00+00:00,2012-07-30 16:58:00+00:00,951|2581
1574,4459d2f1f964a520d7321fe3,1137,0,2,2012-08-06 01:42:00+00:00,2012-08-06 01:42:00+00:00,323|715
1575,4459d2f1f964a520d7321fe3,1137,0,2,2012-08-16 18:21:00+00:00,2012-08-16 18:21:00+00:00,33|5510
1576,4459d2f1f964a520d7321fe3,1137,0,3,2012-08-20 11:22:00+00:00,2012-08-20 11:22:00+00:00,140|2344|3309
1577,4459d2f1f964a520d7321fe3,1137,0,2,2012-09-13 10:51:00+00:00,2012-09-13 10:51:00+00:00,1005|2113
1578,4459d2f1f964a520d7321fe3,1137,0,3,2012-09-15 17:10:00+00:00,2012-09-15 17:10:00+00:00,594|1729|2184
1579,4459d2f1f964a520d7321fe3,1137,0,2,2012-10-12 13:30:00+00:00,2012-10-12 13:30:00+00:00,921|4249
1580,4459d2f1f964a520d7321fe3,1137,0,2,2012-10-23 10:20:00+00:00,2012-10-23 10:20:00+00:00,1401|6433
1581,4459d2f1f964a520d7321fe3,1137,0,2,2012-10-27 10:56:00+00:00,2012-10-27 10:56:00+00:00,2113|5931
1582,4459d2f1f964a520d7321fe3,1137,0,2,2012-11-16 09:19:00+00:00,2012-11-16 09:19:00+00:00,3880|5833
1583,4459d2f1f964a520d7321fe3,1137,0,2,2012-11-22 08:23:00+00:00,2012-11-22 08:23:00+00:00,138|2563
1584,4459d2f1f964a520d7321fe3,1137,0,2,2012-11-24 20:07:00+00:00,2012-11-24 20:07:00+00:00,140|2183
1585,4459d2f1f964a520d7321fe3,1137,0,2,2012-12-04 18:12:00+00:00,2012-12-04 18:12:00+00:00,3062|6596
1586,4459d2f1f964a520d7321fe3,1137,0,2,2012-12-08 11:43:00+00:00,2012-12-08 11:43:00+00:00,1121|4742
1587,4459d2f1f964a520d7321fe3,1137,0,2,2012-12-08 14:55:00+00:00,2012-12-08 14:55:00+00:00,782|1005
1588,4459d2f1f964a520d7321fe3,1137,0,2,2012-12-20 02:46:00+00:00,2012-12-20 02:46:00+00:00,1291|3999
1589,4459d2f1f964a520d7321fe3,1137,0,2,2012-12-22 12:06:00+00:00,2012-12-22 12:06:00+00:00,4309|5183
1590,4459d2f1f964a520d7321fe3,1137,0,3,2013-01-02 12:09:00+00:00,2013-01-02 12:09:00+00:00,752|1802|4089
1591,4459d2f1f964a520d7321fe3,1137,0,3,2013-01-03 02:56:00+00:00,2013-01-03 02:56:00+00:00,1169|2558|2748
1592,4459d2f1f964a520d7321fe3,1137,0,2,2013-01-07 14:18:00+00:00,2013-01-07 14:18:00+00:00,5510|6438
1593,4459d2f1f964a520d7321fe3,1137,0,2,2013-01-11 18:24:00+00:00,2013-01-11 18:24:00+00:00,951|2819
1594,4459d2f1f964a520d7321fe3,1137,0,2,2013-01-27 17:10:00+00:00,2013-01-27 17:10:00+00:00,1005|2308
1595,4459d2f1f964a520d7321fe3,1137,0,2,2013-02-03 21:29:00+00:00,2013-02-03 21:29:00+00:00,227|1196
1596,4459d2f1f964a520d7321fe3,1137,0,2,2013-02-07 14:28:00+00:00,2013-02-07 14:28:00+00:00,1291|6438
1597,4459d2f1f964a520d7321fe3,1137,0,2,2013-03-08 09:10:00+00:00,2013-03-08 09:10:00+00:00,325|1121
1598,4459d2f1f964a520d7321fe3,1137,0,2,2013-04-18 11:14:00+00:00,2013-04-18 11:14:00+00:00,1068|6438
1599,4459d2f1f964a520d7321fe3,1137,0,2,2013-04-29 13:29:00+00:00,2013-04-29 13:29:00+00:00,882|4071
1600,4459d2f1f964a520d7321fe3,1137,0,2,2013-04-29 19:15:00+00:00,2013-04-29 19:15:00+00:00,1785|2658
1601,446940e9f964a52050331fe3,1140,0,2,2012-05-05 17:33:00+00:00,2012-05-05 17:33:00+00:00,2731|6136
1602,446940e9f964a52050331fe3,1140,0,2,2012-06-09 19:10:00+00:00,2012-06-09 19:10:00+00:00,2731|6136
1603,446940e9f964a52050331fe3,1140,0,2,2012-06-30 21:31:00+00:00,2012-06-30 21:31:00+00:00,2731|6136
1604,446940e9f964a52050331fe3,1140,0,2,2012-07-15 23:43:00+00:00,2012-07-15 23:43:00+00:00,2731|6136
1605,446940e9f964a52050331fe3,1140,0,2,2012-10-28 18:14:00+00:00,2012-10-28 18:14:00+00:00,326|4426
1606,4470358df964a52089331fe3,1141,0,2,2012-08-11 20:29:00+00:00,2012-08-11 20:29:00+00:00,1304|6680
1607,44732f28f964a520a5331fe3,1142,0,2,2012-11-02 06:33:00+00:00,2012-11-02 06:33:00+00:00,2761|3571
1608,447bf8f1f964a520ec331fe3,1144,0,2,2012-04-11 23:39:00+00:00,2012-04-11 23:39:00+00:00,729|2005
1609,447bf8f1f964a520ec331fe3,1144,0,2,2012-04-27 16:29:00+00:00,2012-04-27 16:29:00+00:00,974|5728
1610,447bf8f1f964a520ec331fe3,1144,0,2,2012-05-04 22:00:00+00:00,2012-05-04 22:00:00+00:00,4131|5728
1611,447bf8f1f964a520ec331fe3,1144,0,2,2012-05-27 16:56:00+00:00,2012-05-27 16:56:00+00:00,425|5728
1612,447bf8f1f964a520ec331fe3,1144,0,2,2012-10-08 19:37:00+00:00,2012-10-08 19:37:00+00:00,4035|5103
1613,447bf8f1f964a520ec331fe3,1144,0,2,2013-01-03 02:18:00+00:00,2013-01-03 02:18:00+00:00,3649|4025
1614,447bf8f1f964a520ec331fe3,1144,0,2,2013-03-15 17:36:00+00:00,2013-03-15 17:36:00+00:00,320|6093
1615,44b7acf4f964a52073351fe3,1165,0,3,2012-05-28 18:10:00+00:00,2012-05-28 18:10:00+00:00,1052|1192|5103
1616,44c91345f964a520f3351fe3,1170,0,2,2012-04-21 16:24:00+00:00,2012-04-21 16:24:00+00:00,1988|3831
1617,44ccd279f964a52014361fe3,1172,0,2,2012-04-11 04:29:00+00:00,2012-04-11 04:29:00+00:00,1392|2149
1618,44ccd279f964a52014361fe3,1172,0,2,2012-04-22 02:05:00+00:00,2012-04-22 02:05:00+00:00,440|1326
1619,44ded2f5f964a520d2361fe3,1188,0,2,2012-04-18 18:35:00+00:00,2012-04-18 18:35:00+00:00,1304|6680
1620,44ded2f5f964a520d2361fe3,1188,0,2,2012-07-09 21:24:00+00:00,2012-07-09 21:24:00+00:00,2107|4014
1621,44e454a3f964a52053371fe3,1198,0,2,2012-04-23 02:53:00+00:00,2012-04-23 02:53:00+00:00,5065|5902
1622,44e454a3f964a52053371fe3,1198,0,2,2012-06-04 02:26:00+00:00,2012-06-04 02:26:00+00:00,5065|5902
1623,44e454a3f964a52053371fe3,1198,0,2,2012-12-03 02:35:00+00:00,2012-12-03 02:35:00+00:00,98|132
1624,44f9affef964a52069381fe3,1212,0,2,2012-08-12 19:12:00+00:00,2012-08-12 19:12:00+00:00,1186|1382
1625,44f9affef964a52069381fe3,1212,0,3,2012-09-14 22:40:00+00:00,2012-09-14 22:40:00+00:00,1911|2367|3945
1626,45001adcf964a520ab381fe3,1216,0,2,2012-05-11 15:05:00+00:00,2012-05-11 15:05:00+00:00,478|4934
1627,45001adcf964a520ab381fe3,1216,0,2,2012-05-11 16:26:00+00:00,2012-05-11 16:26:00+00:00,468|478
1628,45001adcf964a520ab381fe3,1216,0,2,2012-11-24 20:12:00+00:00,2012-11-24 20:12:00+00:00,764|818
1629,45040d24f964a520de381fe3,1217,0,2,2012-07-15 16:35:00+00:00,2012-07-15 16:35:00+00:00,170|517
1630,4511eb8cf964a5209a391fe3,1226,0,2,2012-06-27 05:02:00+00:00,2012-06-27 05:02:00+00:00,1304|6680
1631,4511eb8cf964a5209a391fe3,1226,0,2,2012-07-11 03:21:00+00:00,2012-07-11 03:21:00+00:00,1304|6680
1632,4511eb8cf964a5209a391fe3,1226,0,2,2012-09-05 14:17:00+00:00,2012-09-05 14:17:00+00:00,1304|6680
1633,451287ebf964a520a1391fe3,1228,0,2,2012-04-12 17:12:00+00:00,2012-04-12 17:12:00+00:00,231|2668
1634,451287ebf964a520a1391fe3,1228,0,2,2012-04-26 13:19:00+00:00,2012-04-26 13:19:00+00:00,951|5084
1635,451287ebf964a520a1391fe3,1228,0,2,2012-05-14 13:14:00+00:00,2012-05-14 13:14:00+00:00,951|5084
1636,451287ebf964a520a1391fe3,1228,0,2,2012-06-04 13:14:00+00:00,2012-06-04 13:14:00+00:00,951|3212
1637,451287ebf964a520a1391fe3,1228,0,3,2012-06-07 13:25:00+00:00,2012-06-07 13:25:00+00:00,49|951|5084
1638,451287ebf964a520a1391fe3,1228,0,2,2012-06-21 13:19:00+00:00,2012-06-21 13:19:00+00:00,951|5084
1639,451287ebf964a520a1391fe3,1228,0,2,2012-06-27 13:19:00+00:00,2012-06-27 13:19:00+00:00,951|5084
1640,451287ebf964a520a1391fe3,1228,0,2,2012-07-02 14:14:00+00:00,2012-07-02 14:14:00+00:00,951|5084
1641,451287ebf964a520a1391fe3,1228,0,2,2012-07-11 13:13:00+00:00,2012-07-11 13:13:00+00:00,951|5084
1642,451287ebf964a520a1391fe3,1228,0,2,2012-07-11 22:08:00+00:00,2012-07-11 22:08:00+00:00,1796|5453
1643,451287ebf964a520a1391fe3,1228,0,2,2012-09-05 13:50:00+00:00,2012-09-05 13:50:00+00:00,951|5084
1644,451287ebf964a520a1391fe3,1228,0,2,2012-10-12 13:12:00+00:00,2012-10-12 13:12:00+00:00,951|5084
1645,451287ebf964a520a1391fe3,1228,0,2,2012-10-23 19:48:00+00:00,2012-10-23 19:48:00+00:00,1522|5084
1646,4514efe0f964a520e7391fe3,1230,0,2,2012-04-13 21:34:00+00:00,2012-04-13 21:34:00+00:00,2184|3377
1647,4518bb14f964a520533a1fe3,1235,0,2,2012-11-17 21:10:00+00:00,2012-11-17 21:10:00+00:00,2214|3643
1648,451ad473f964a520683a1fe3,1238,0,2,2012-06-13 22:40:00+00:00,2012-06-13 22:40:00+00:00,5593|6404
1649,451ad473f964a520683a1fe3,1238,0,2,2012-07-18 01:01:00+00:00,2012-07-18 01:01:00+00:00,3098|6421
1650,451cfbd2f964a520833a1fe3,1239,0,2,2012-04-09 17:26:00+00:00,2012-04-09 17:26:00+00:00,763|3670
1651,451cfbd2f964a520833a1fe3,1239,0,2,2012-04-15 17:01:00+00:00,2012-04-15 17:01:00+00:00,2579|3670
1652,451cfbd2f964a520833a1fe3,1239,0,2,2012-04-17 17:15:00+00:00,2012-04-17 17:15:00+00:00,1470|1913
1653,451cfbd2f964a520833a1fe3,1239,0,2,2012-04-20 20:32:00+00:00,2012-04-20 20:32:00+00:00,917|1011
1654,451cfbd2f964a520833a1fe3,1239,0,3,2012-04-24 13:10:00+00:00,2012-04-24 13:10:00+00:00,417|439|1625
1655,451cfbd2f964a520833a1fe3,1239,0,2,2012-04-27 16:14:00+00:00,2012-04-27 16:14:00+00:00,1109|3670
1656,451cfbd2f964a520833a1fe3,1239,0,2,2012-05-09 13:18:00+00:00,2012-05-09 13:18:00+00:00,1011|1625
1657,451cfbd2f964a520833a1fe3,1239,0,4,2012-05-11 01:32:00+00:00,2012-05-11 01:32:00+00:00,1011|1625|3747|6333
1658,451cfbd2f964a520833a1fe3,1239,0,2,2012-05-22 13:47:00+00:00,2012-05-22 13:47:00+00:00,142|2317
1659,451cfbd2f964a520833a1fe3,1239,0,2,2012-08-05 16:46:00+00:00,2012-08-05 16:46:00+00:00,78|1432
1660,451cfbd2f964a520833a1fe3,1239,0,2,2012-08-17 23:31:00+00:00,2012-08-17 23:31:00+00:00,1917|5460
1661,451cfbd2f964a520833a1fe3,1239,0,2,2012-09-05 12:06:00+00:00,2012-09-05 12:06:00+00:00,1304|6680
1662,451cfbd2f964a520833a1fe3,1239,0,2,2012-11-28 23:32:00+00:00,2012-11-28 23:32:00+00:00,417|1045
1663,451d2920f964a5208d3a1fe3,1242,0,2,2012-11-25 00:19:00+00:00,2012-11-25 00:19:00+00:00,276|286
1664,4521b966f964a520cd3a1fe3,1244,0,2,2012-07-04 18:14:00+00:00,2012-07-04 18:14:00+00:00,1821|3924
1665,4521b966f964a520cd3a1fe3,1244,0,2,2012-09-14 23:34:00+00:00,2012-09-14 23:34:00+00:00,1267|6215
1666,452412aff964a520ea3a1fe3,1248,0,2,2012-06-04 22:43:00+00:00,2012-06-04 22:43:00+00:00,575|3950
1667,452412aff964a520ea3a1fe3,1248,0,2,2012-06-04 22:43:00+00:00,2012-06-04 22:43:00+00:00,1792|4179
1668,4527f96ef964a5200e3b1fe3,1250,0,2,2012-05-27 08:32:00+00:00,2012-05-27 08:32:00+00:00,2456|3019
1669,45280395f964a520113b1fe3,1251,0,2,2012-05-12 12:53:00+00:00,2012-05-12 12:53:00+00:00,2849|4799
1670,45280395f964a520113b1fe3,1251,0,3,2012-08-19 00:31:00+00:00,2012-08-19 00:31:00+00:00,1428|2652|3272
1671,45280395f964a520113b1fe3,1251,0,3,2012-09-09 14:32:00+00:00,2012-09-09 14:32:00+00:00,1997|3272|4594
1672,45280395f964a520113b1fe3,1251,0,2,2012-10-23 02:59:00+00:00,2012-10-23 02:59:00+00:00,1096|4327
1673,45280395f964a520113b1fe3,1251,0,2,2012-11-25 18:19:00+00:00,2012-11-25 18:19:00+00:00,4446|5036
1674,45280395f964a520113b1fe3,1251,0,2,2012-12-02 15:52:00+00:00,2012-12-02 15:52:00+00:00,3272|4894
1675,45280395f964a520113b1fe3,1251,0,3,2012-12-16 17:34:00+00:00,2012-12-16 17:34:00+00:00,593|1249|2644
1676,45280395f964a520113b1fe3,1251,0,2,2013-02-18 09:51:00+00:00,2013-02-18 09:51:00+00:00,2849|4594
1677,45280395f964a520113b1fe3,1251,0,2,2013-07-23 02:08:00+00:00,2013-07-23 02:08:00+00:00,153|3250
1678,45280654f964a520153b1fe3,1252,0,2,2012-05-03 23:14:00+00:00,2012-05-03 23:14:00+00:00,194|2701
1679,4528a216f964a520173b1fe3,1253,0,2,2012-04-04 16:49:00+00:00,2012-04-04 16:49:00+00:00,494|528
1680,4528a216f964a520173b1fe3,1253,0,3,2012-06-11 17:50:00+00:00,2012-06-11 17:50:00+00:00,494|528|1380
1681,4531059cf964a520683b1fe3,1259,0,2,2012-04-13 22:12:00+00:00,2012-04-13 22:12:00+00:00,5151|5366
1682,4531059cf964a520683b1fe3,1259,0,2,2012-04-14 16:26:00+00:00,2012-04-14 16:26:00+00:00,1653|3668
1683,4531059cf964a520683b1fe3,1259,0,2,2012-11-09 20:49:00+00:00,2012-11-09 20:49:00+00:00,239|4478
1684,453a1bf3f964a520e03b1fe3,1266,0,3,2012-06-05 03:28:00+00:00,2012-06-05 03:28:00+00:00,1246|4040|5285
1685,453cacc7f964a520153c1fe3,1268,0,2,2012-07-30 01:02:00+00:00,2012-07-30 01:02:00+00:00,1676|6397
1686,453cacc7f964a520153c1fe3,1268,0,2,2012-11-10 00:50:00+00:00,2012-11-10 00:50:00+00:00,1052|2396
1687,453cacc7f964a520153c1fe3,1268,0,2,2012-11-10 20:53:00+00:00,2012-11-10 20:53:00+00:00,956|3453
1688,453cacc7f964a520153c1fe3,1268,0,3,2012-11-11 00:19:00+00:00,2012-11-11 00:19:00+00:00,527|1525|2498
1689,453cacc7f964a520153c1fe3,1268,0,2,2012-11-11 23:08:00+00:00,2012-11-11 23:08:00+00:00,1525|5298
1690,453cacc7f964a520153c1fe3,1268,0,2,2012-12-01 21:03:00+00:00,2012-12-01 21:03:00+00:00,2828|4996
1691,453cacc7f964a520153c1fe3,1268,0,2,2013-01-27 20:43:00+00:00,2013-01-27 20:43:00+00:00,2367|2828
1692,4548b1f6f964a5208b3c1fe3,1272,0,2,2012-05-05 02:30:00+00:00,2012-05-05 02:30:00+00:00,1998|5515
1693,454f5467f964a520d93c1fe3,1273,0,2,2012-05-24 04:33:00+00:00,2012-05-24 04:33:00+00:00,2751|3578
1694,45548f85f964a5200f3d1fe3,1276,0,2,2012-07-10 23:16:00+00:00,2012-07-10 23:16:00+00:00,5496|5559
1695,4555bea7f964a520253d1fe3,1278,0,2,2012-05-25 18:35:00+00:00,2012-05-25 18:35:00+00:00,4751|6870
1696,4558b83bf964a5204b3d1fe3,1279,0,2,2012-11-16 23:08:00+00:00,2012-11-16 23:08:00+00:00,2367|2458
1697,4558b83bf964a5204b3d1fe3,1279,0,2,2012-12-04 23:58:00+00:00,2012-12-04 23:58:00+00:00,2367|2458
1698,4558b83bf964a5204b3d1fe3,1279,0,2,2013-02-07 23:00:00+00:00,2013-02-07 23:00:00+00:00,2367|2771
1699,4558b83bf964a5204b3d1fe3,1279,0,2,2013-03-20 12:09:00+00:00,2013-03-20 12:09:00+00:00,442|2367
1700,455dc799f964a5207b3d1fe3,1281,0,2,2012-11-21 05:28:00+00:00,2012-11-21 05:28:00+00:00,2326|5171
1701,45633154f964a520a53d1fe3,1282,0,2,2012-12-07 16:12:00+00:00,2012-12-07 16:12:00+00:00,4946|6860
1702,456ebbbff964a520163e1fe3,1290,0,2,2012-04-25 12:10:00+00:00,2012-04-25 12:10:00+00:00,4576|6398
1703,45719c4bf964a520693e1fe3,1293,0,2,2012-10-24 16:37:00+00:00,2012-10-24 16:37:00+00:00,925|2232
1704,4572c5baf964a520753e1fe3,1295,0,2,2012-04-03 20:57:00+00:00,2012-04-03 20:57:00+00:00,99|290
1705,4573c09bf964a520893e1fe3,1297,0,2,2012-06-06 23:21:00+00:00,2012-06-06 23:21:00+00:00,534|1211
1706,4573c09bf964a520893e1fe3,1297,0,2,2012-06-20 19:34:00+00:00,2012-06-20 19:34:00+00:00,561|2022
1707,4576ad82f964a520aa3e1fe3,1299,0,2,2012-07-09 00:51:00+00:00,2012-07-09 00:51:00+00:00,1304|6680
1708,4576ddcaf964a520ac3e1fe3,1301,0,2,2012-05-25 20:01:00+00:00,2012-05-25 20:01:00+00:00,168|2522
1709,4576ddcaf964a520ac3e1fe3,1301,0,2,2012-06-03 19:31:00+00:00,2012-06-03 19:31:00+00:00,2771|4364
1710,457be73df964a520f73e1fe3,1306,0,2,2012-06-17 02:01:00+00:00,2012-06-17 02:01:00+00:00,594|1729
1711,457be73df964a520f73e1fe3,1306,0,2,2012-07-10 21:56:00+00:00,2012-07-10 21:56:00+00:00,594|1729
1712,45840a3af964a520903f1fe3,1315,0,2,2012-06-09 17:55:00+00:00,2012-06-09 17:55:00+00:00,4107|4297
1713,45840a3af964a520903f1fe3,1315,0,2,2012-12-01 21:38:00+00:00,2012-12-01 21:38:00+00:00,2994|4446
1714,45840a3af964a520903f1fe3,1315,0,2,2012-12-02 00:17:00+00:00,2012-12-02 00:17:00+00:00,1812|4502
1715,45840daef964a520923f1fe3,1317,0,2,2012-04-19 12:26:00+00:00,2012-04-19 12:26:00+00:00,1059|2080
1716,45840daef964a520923f1fe3,1317,0,2,2012-04-23 13:34:00+00:00,2012-04-23 13:34:00+00:00,2066|4111
1717,45840daef964a520923f1fe3,1317,0,3,2012-04-24 13:00:00+00:00,2012-04-24 13:00:00+00:00,1059|2066|2943
1718,45840daef964a520923f1fe3,1317,0,2,2012-05-03 23:30:00+00:00,2012-05-03 23:30:00+00:00,1059|1353
1719,45840daef964a520923f1fe3,1317,0,2,2012-05-09 22:35:00+00:00,2012-05-09 22:35:00+00:00,2066|2148
1720,45840daef964a520923f1fe3,1317,0,2,2012-05-10 22:24:00+00:00,2012-05-10 22:24:00+00:00,2066|4971
1721,45840daef964a520923f1fe3,1317,0,2,2012-05-12 17:09:00+00:00,2012-05-12 17:09:00+00:00,2137|2165
1722,45840daef964a520923f1fe3,1317,0,2,2012-05-15 17:04:00+00:00,2012-05-15 17:04:00+00:00,1923|3069
1723,45840daef964a520923f1fe3,1317,0,2,2012-05-23 21:46:00+00:00,2012-05-23 21:46:00+00:00,1059|2066
1724,45840daef964a520923f1fe3,1317,0,2,2012-05-25 12:11:00+00:00,2012-05-25 12:11:00+00:00,3450|4482
1725,45840daef964a520923f1fe3,1317,0,2,2012-05-27 17:15:00+00:00,2012-05-27 17:15:00+00:00,1812|2702
1726,45840daef964a520923f1fe3,1317,0,2,2012-06-07 11:16:00+00:00,2012-06-07 11:16:00+00:00,3221|4976
1727,45840daef964a520923f1fe3,1317,0,2,2012-07-02 12:49:00+00:00,2012-07-02 12:49:00+00:00,2066|4177
1728,45840daef964a520923f1fe3,1317,0,2,2012-10-12 23:02:00+00:00,2012-10-12 23:02:00+00:00,593|1984
1729,45840daef964a520923f1fe3,1317,0,2,2012-10-29 12:52:00+00:00,2012-10-29 12:52:00+00:00,2066|2775
1730,45840daef964a520923f1fe3,1317,0,2,2012-12-17 21:25:00+00:00,2012-12-17 21:25:00+00:00,2066|3726
1731,45840daef964a520923f1fe3,1317,0,2,2013-02-14 03:33:00+00:00,2013-02-14 03:33:00+00:00,3848|6215
1732,45840e55f964a520933f1fe3,1318,0,2,2012-04-15 14:25:00+00:00,2012-04-15 14:25:00+00:00,182|4390
1733,459ccb9ff964a5209f401fe3,1337,0,2,2012-09-16 02:23:00+00:00,2012-09-16 02:23:00+00:00,2268|5713
1734,459ccb9ff964a5209f401fe3,1337,0,3,2012-11-17 17:07:00+00:00,2012-11-17 17:07:00+00:00,1392|1991|2051
1735,45acf058f964a52067411fe3,1349,0,4,2012-04-11 03:22:00+00:00,2012-04-11 03:22:00+00:00,1821|2027|4796|5326
1736,45acf058f964a52067411fe3,1349,0,2,2012-06-07 05:23:00+00:00,2012-06-07 05:23:00+00:00,2981|3818
1737,45b88de0f964a520ce411fe3,1351,0,2,2012-04-07 20:44:00+00:00,2012-04-07 20:44:00+00:00,263|612
1738,45b88de0f964a520ce411fe3,1351,0,2,2012-04-13 01:29:00+00:00,2012-04-13 01:29:00+00:00,877|4934
1739,45b88de0f964a520ce411fe3,1351,0,2,2012-05-01 16:23:00+00:00,2012-05-01 16:23:00+00:00,3479|5867
1740,45b88de0f964a520ce411fe3,1351,0,2,2012-05-07 16:22:00+00:00,2012-05-07 16:22:00+00:00,3479|4934
1741,45b88de0f964a520ce411fe3,1351,0,2,2012-05-16 14:09:00+00:00,2012-05-16 14:09:00+00:00,855|3479
1742,45b88de0f964a520ce411fe3,1351,0,2,2012-06-18 16:11:00+00:00,2012-06-18 16:11:00+00:00,3479|4934
1743,45b88de0f964a520ce411fe3,1351,0,2,2012-08-06 06:57:00+00:00,2012-08-06 06:57:00+00:00,1304|6680
1744,45b88de0f964a520ce411fe3,1351,0,2,2012-08-09 13:32:00+00:00,2012-08-09 13:32:00+00:00,1109|3286
1745,45b88de0f964a520ce411fe3,1351,0,3,2012-09-06 01:02:00+00:00,2012-09-06 01:02:00+00:00,4306|5713|5788
1746,45b893e3f964a520cf411fe3,1352,0,2,2012-06-08 20:50:00+00:00,2012-06-08 20:50:00+00:00,168|5634
1747,45b893e3f964a520cf411fe3,1352,0,2,2012-11-09 21:00:00+00:00,2012-11-09 21:00:00+00:00,1501|4553
1748,45b893e3f964a520cf411fe3,1352,0,2,2012-12-28 23:30:00+00:00,2012-12-28 23:30:00+00:00,442|4832
1749,45b9eeecf964a520db411fe3,1354,0,2,2012-04-28 01:56:00+00:00,2012-04-28 01:56:00+00:00,2506|6327
1750,45baa509f964a520e8411fe3,1356,0,2,2012-10-25 23:25:00+00:00,2012-10-25 23:25:00+00:00,2563|3065
1751,45bca695f964a520ff411fe3,1357,0,2,2012-05-28 22:37:00+00:00,2012-05-28 22:37:00+00:00,2240|3960
1752,45c8fe62f964a52074421fe3,1362,0,2,2012-05-26 05:57:00+00:00,2012-05-26 05:57:00+00:00,2417|3951
1753,45d00dc2f964a520a4421fe3,1364,0,2,2012-04-15 20:55:00+00:00,2012-04-15 20:55:00+00:00,2206|2366
1754,45d9aa10f964a520ee421fe3,1370,0,2,2012-10-13 03:42:00+00:00,2012-10-13 03:42:00+00:00,97|527
1755,45db8eb5f964a520fd421fe3,1373,0,2,2012-04-15 17:45:00+00:00,2012-04-15 17:45:00+00:00,2952|6153
1756,45db8eb5f964a520fd421fe3,1373,0,2,2012-04-15 19:42:00+00:00,2012-04-15 19:42:00+00:00,854|3416
1757,45db8eb5f964a520fd421fe3,1373,0,2,2012-04-24 00:56:00+00:00,2012-04-24 00:56:00+00:00,1611|6333
1758,45db8eb5f964a520fd421fe3,1373,0,2,2012-04-27 22:15:00+00:00,2012-04-27 22:15:00+00:00,3735|6604
1759,45db8eb5f964a520fd421fe3,1373,0,2,2012-04-28 22:30:00+00:00,2012-04-28 22:30:00+00:00,2922|3956
1760,45db8eb5f964a520fd421fe3,1373,0,2,2012-04-29 19:40:00+00:00,2012-04-29 19:40:00+00:00,1611|6333
1761,45db8eb5f964a520fd421fe3,1373,0,2,2012-05-05 22:31:00+00:00,2012-05-05 22:31:00+00:00,3956|6213
1762,45db8eb5f964a520fd421fe3,1373,0,2,2012-05-14 02:25:00+00:00,2012-05-14 02:25:00+00:00,66|1695
1763,45db8eb5f964a520fd421fe3,1373,0,2,2012-06-17 14:39:00+00:00,2012-06-17 14:39:00+00:00,394|1425
1764,45db8eb5f964a520fd421fe3,1373,0,2,2012-07-07 13:45:00+00:00,2012-07-07 13:45:00+00:00,2606|6213
1765,45db8eb5f964a520fd421fe3,1373,0,2,2012-07-07 21:40:00+00:00,2012-07-07 21:40:00+00:00,1611|6333
1766,45db8eb5f964a520fd421fe3,1373,0,2,2012-07-28 03:49:00+00:00,2012-07-28 03:49:00+00:00,2261|4252
1767,45db8eb5f964a520fd421fe3,1373,0,2,2012-11-17 20:08:00+00:00,2012-11-17 20:08:00+00:00,2242|3735
1768,45db8eb5f964a520fd421fe3,1373,0,2,2012-11-25 20:55:00+00:00,2012-11-25 20:55:00+00:00,5008|5235
1769,45db8eb5f964a520fd421fe3,1373,0,2,2012-11-26 00:38:00+00:00,2012-11-26 00:38:00+00:00,1067|4601
1770,45db8eb5f964a520fd421fe3,1373,0,2,2012-12-05 23:25:00+00:00,2012-12-05 23:25:00+00:00,6123|6625
1771,45db8eb5f964a520fd421fe3,1373,0,2,2012-12-14 19:16:00+00:00,2012-12-14 19:16:00+00:00,939|1880
1772,45db8eb5f964a520fd421fe3,1373,0,3,2012-12-17 23:19:00+00:00,2012-12-17 23:19:00+00:00,3956|4154|6878
1773,45db8eb5f964a520fd421fe3,1373,0,2,2013-01-14 00:16:00+00:00,2013-01-14 00:16:00+00:00,2261|6123
1774,45db8eb5f964a520fd421fe3,1373,0,2,2013-01-21 23:51:00+00:00,2013-01-21 23:51:00+00:00,5512|6123
1775,45db8eb5f964a520fd421fe3,1373,0,3,2013-02-10 18:15:00+00:00,2013-02-10 18:15:00+00:00,854|3163|6625
1776,45db8eb5f964a520fd421fe3,1373,0,2,2013-04-07 00:20:00+00:00,2013-04-07 00:20:00+00:00,4044|6862
1777,45dee120f964a5200f431fe3,1376,0,2,2012-05-02 02:26:00+00:00,2012-05-02 02:26:00+00:00,1482|3623
1778,45dee120f964a5200f431fe3,1376,0,2,2012-06-09 01:13:00+00:00,2012-06-09 01:13:00+00:00,3623|5381
1779,45dee120f964a5200f431fe3,1376,0,2,2012-07-07 02:40:00+00:00,2012-07-07 02:40:00+00:00,3623|5381
1780,45e5c256f964a52046431fe3,1380,0,3,2012-04-18 23:43:00+00:00,2012-04-18 23:43:00+00:00,1983|4016|6509
1781,45e9486ff964a52076431fe3,1385,0,2,2012-04-15 01:46:00+00:00,2012-04-15 01:46:00+00:00,186|4469
1782,45f3e6e8f964a520f1431fe3,1394,0,2,2013-04-27 21:33:00+00:00,2013-04-27 21:33:00+00:00,241|3589
1783,45f6af33f964a5202c441fe3,1398,0,2,2012-11-11 23:38:00+00:00,2012-11-11 23:38:00+00:00,2771|3027
1784,460d4b66f964a52005451fe3,1412,0,2,2012-07-08 23:46:00+00:00,2012-07-08 23:46:00+00:00,3398|4145
1785,461bddbbf964a5206a451fe3,1416,0,2,2012-06-13 02:39:00+00:00,2012-06-13 02:39:00+00:00,3416|3485
1786,462c676bf964a520e4451fe3,1424,0,2,2012-05-26 23:53:00+00:00,2012-05-26 23:53:00+00:00,3509|5442
1787,4630771ef964a520f1451fe3,1425,0,3,2012-05-12 02:21:00+00:00,2012-05-12 02:21:00+00:00,2701|4839|5063
1788,4630771ef964a520f1451fe3,1425,0,2,2012-05-12 05:57:00+00:00,2012-05-12 05:57:00+00:00,2486|5063
1789,4630771ef964a520f1451fe3,1425,0,2,2012-07-28 02:12:00+00:00,2012-07-28 02:12:00+00:00,3544|4839
1790,463f4aa8f964a5204e461fe3,1427,0,5,2012-06-13 23:08:00+00:00,2012-06-13 23:08:00+00:00,168|697|998|3806|5258
1791,4649c694f964a520ab461fe3,1428,0,2,2012-05-06 22:16:00+00:00,2012-05-06 22:16:00+00:00,594|1729
1792,4656e1ebf964a52007471fe3,1431,0,2,2012-05-12 01:14:00+00:00,2012-05-12 01:14:00+00:00,4733|5329
1793,465f30baf964a52054471fe3,1433,0,2,2012-12-15 06:23:00+00:00,2012-12-15 06:23:00+00:00,4706|6039
1794,467e1d72f964a5200f481fe3,1450,0,2,2012-05-10 22:04:00+00:00,2012-05-10 22:04:00+00:00,2714|3892
1795,46850e14f964a52030481fe3,1452,0,2,2012-06-09 06:47:00+00:00,2012-06-09 06:47:00+00:00,2999|3640
1796,46850e14f964a52030481fe3,1452,0,2,2012-10-23 04:02:00+00:00,2012-10-23 04:02:00+00:00,406|5812
1797,46850e14f964a52030481fe3,1452,0,2,2013-02-07 09:06:00+00:00,2013-02-07 09:06:00+00:00,1812|4662
1798,46850ef1f964a52031481fe3,1453,0,2,2012-06-03 05:18:00+00:00,2012-06-03 05:18:00+00:00,3509|5442
1799,4691e9b3f964a520c2481fe3,1457,0,2,2012-04-07 22:57:00+00:00,2012-04-07 22:57:00+00:00,128|876
1800,4691e9b3f964a520c2481fe3,1457,0,3,2012-09-15 22:53:00+00:00,2012-09-15 22:53:00+00:00,381|2504|2636
1801,4691e9b3f964a520c2481fe3,1457,0,2,2013-03-16 22:52:00+00:00,2013-03-16 22:52:00+00:00,892|3991
1802,469afbf3f964a5200c491fe3,1461,0,2,2012-05-13 19:29:00+00:00,2012-05-13 19:29:00+00:00,2486|4750
1803,46b16b46f964a52098491fe3,1467,0,2,2012-10-24 01:29:00+00:00,2012-10-24 01:29:00+00:00,0|372
1804,46b16b46f964a52098491fe3,1467,0,2,2012-11-12 23:29:00+00:00,2012-11-12 23:29:00+00:00,1023|1977
1805,46b8f568f964a520c8491fe3,1469,0,2,2012-04-29 03:41:00+00:00,2012-04-29 03:41:00+00:00,5084|6422
1806,46c981bcf964a520224a1fe3,1472,0,2,2012-04-22 05:14:00+00:00,2012-04-22 05:14:00+00:00,3075|3241
1807,46cc7756f964a5203b4a1fe3,1474,0,2,2012-05-06 20:18:00+00:00,2012-05-06 20:18:00+00:00,3649|5366
1808,46ce971cf964a520414a1fe3,1475,0,2,2012-05-09 13:28:00+00:00,2012-05-09 13:28:00+00:00,329|2165
1809,46cf28b9f964a520454a1fe3,1476,0,2,2012-04-29 05:03:00+00:00,2012-04-29 05:03:00+00:00,2077|2766
1810,46d41aa8f964a520604a1fe3,1480,0,2,2012-05-21 22:04:00+00:00,2012-05-21 22:04:00+00:00,1078|2602
1811,46d71bdef964a520724a1fe3,1484,0,2,2012-12-21 17:31:00+00:00,2012-12-21 17:31:00+00:00,1392|4980
1812,46dda121f964a520924a1fe3,1488,0,2,2012-05-04 00:17:00+00:00,2012-05-04 00:17:00+00:00,2610|2820
1813,46e64370f964a520be4a1fe3,1490,0,2,2012-10-19 01:06:00+00:00,2012-10-19 01:06:00+00:00,300|786
1814,46e64370f964a520be4a1fe3,1490,0,2,2013-02-17 18:44:00+00:00,2013-02-17 18:44:00+00:00,475|5405
1815,46e6d800f964a520c84a1fe3,1492,0,2,2012-05-03 23:37:00+00:00,2012-05-03 23:37:00+00:00,2465|6310
1816,46e7a0caf964a520ca4a1fe3,1493,0,2,2013-04-07 03:02:00+00:00,2013-04-07 03:02:00+00:00,3673|6039
1817,46ea2358f964a520cf4a1fe3,1494,0,2,2013-01-18 00:35:00+00:00,2013-01-18 00:35:00+00:00,202|6426
1818,46fd176ef964a520124b1fe3,1497,0,2,2012-12-16 05:43:00+00:00,2012-12-16 05:43:00+00:00,3231|4877
1819,46ff98a7f964a520234b1fe3,1499,0,2,2012-04-24 01:05:00+00:00,2012-04-24 01:05:00+00:00,0|69
1820,47039f6bf964a520404b1fe3,1501,0,2,2012-04-28 01:37:00+00:00,2012-04-28 01:37:00+00:00,579|6267
1821,47039f6bf964a520404b1fe3,1501,0,2,2012-07-08 01:39:00+00:00,2012-07-08 01:39:00+00:00,1611|6333
1822,47039fc1f964a520414b1fe3,1502,0,2,2012-04-24 01:59:00+00:00,2012-04-24 01:59:00+00:00,1611|6333
1823,47039fc1f964a520414b1fe3,1502,0,2,2012-12-15 23:34:00+00:00,2012-12-15 23:34:00+00:00,939|1880
1824,47039ff5f964a520424b1fe3,1503,0,2,2012-07-05 17:00:00+00:00,2012-07-05 17:00:00+00:00,2909|3291
1825,4703a1abf964a520484b1fe3,1509,0,2,2012-05-07 18:13:00+00:00,2012-05-07 18:13:00+00:00,480|866
1826,4703a1abf964a520484b1fe3,1509,0,2,2012-05-08 22:21:00+00:00,2012-05-08 22:21:00+00:00,480|866
1827,4703a1abf964a520484b1fe3,1509,0,2,2013-01-04 03:33:00+00:00,2013-01-04 03:33:00+00:00,1709|2764
1828,4703a228f964a5204a4b1fe3,1511,0,2,2012-05-07 19:43:00+00:00,2012-05-07 19:43:00+00:00,480|866
1829,4703a234f964a5204b4b1fe3,1512,0,2,2012-05-07 19:04:00+00:00,2012-05-07 19:04:00+00:00,480|866
1830,47053daef964a520544b1fe3,1514,0,2,2013-01-06 05:14:00+00:00,2013-01-06 05:14:00+00:00,3697|6185
1831,47053ebdf964a520554b1fe3,1515,0,2,2012-08-11 04:58:00+00:00,2012-08-11 04:58:00+00:00,2279|4211
1832,47053ebdf964a520554b1fe3,1515,0,2,2012-11-16 03:50:00+00:00,2012-11-16 03:50:00+00:00,577|910
1833,4705407ff964a520574b1fe3,1516,0,2,2012-05-04 22:23:00+00:00,2012-05-04 22:23:00+00:00,99|290
1834,470f3ff0f964a5208e4b1fe3,1517,0,2,2012-04-23 00:00:00+00:00,2012-04-23 00:00:00+00:00,1051|5227
1835,470f3ff0f964a5208e4b1fe3,1517,0,2,2012-04-26 01:04:00+00:00,2012-04-26 01:04:00+00:00,2|3164
1836,470f3ff0f964a5208e4b1fe3,1517,0,2,2012-05-01 23:44:00+00:00,2012-05-01 23:44:00+00:00,1125|2185
1837,470f3ff0f964a5208e4b1fe3,1517,0,2,2012-05-09 22:50:00+00:00,2012-05-09 22:50:00+00:00,1457|2048
1838,470f3ff0f964a5208e4b1fe3,1517,0,4,2012-05-11 22:39:00+00:00,2012-05-11 22:39:00+00:00,287|2771|3001|4043
1839,470f3ff0f964a5208e4b1fe3,1517,0,2,2012-05-16 23:10:00+00:00,2012-05-16 23:10:00+00:00,1995|4442
1840,470f3ff0f964a5208e4b1fe3,1517,0,2,2012-07-07 22:57:00+00:00,2012-07-07 22:57:00+00:00,496|4797
1841,470f3ff0f964a5208e4b1fe3,1517,0,2,2012-11-24 00:24:00+00:00,2012-11-24 00:24:00+00:00,2558|5665
1842,470f3ff0f964a5208e4b1fe3,1517,0,3,2012-12-07 00:29:00+00:00,2012-12-07 00:29:00+00:00,98|1206|6496
1843,470f3ff0f964a5208e4b1fe3,1517,0,2,2012-12-09 02:24:00+00:00,2012-12-09 02:24:00+00:00,1334|4668
1844,470f3ff0f964a5208e4b1fe3,1517,0,2,2013-01-22 00:37:00+00:00,2013-01-22 00:37:00+00:00,2120|4797
1845,472ba436f964a520ff4b1fe3,1526,0,2,2012-04-14 01:28:00+00:00,2012-04-14 01:28:00+00:00,3075|6266
1846,472ba436f964a520ff4b1fe3,1526,0,2,2012-05-13 04:32:00+00:00,2012-05-13 04:32:00+00:00,4468|4925
1847,472ba436f964a520ff4b1fe3,1526,0,2,2012-05-13 04:32:00+00:00,2012-05-13 04:32:00+00:00,4946|6860
1848,472ba436f964a520ff4b1fe3,1526,0,2,2012-05-13 04:32:00+00:00,2012-05-13 04:32:00+00:00,5348|6178
1849,472ba436f964a520ff4b1fe3,1526,0,3,2012-05-19 02:43:00+00:00,2012-05-19 02:43:00+00:00,1910|4166|6310
1850,472ba436f964a520ff4b1fe3,1526,0,2,2012-05-26 01:07:00+00:00,2012-05-26 01:07:00+00:00,475|5405
1851,47383924f964a520444c1fe3,1529,0,2,2012-07-09 22:31:00+00:00,2012-07-09 22:31:00+00:00,2107|4014
1852,47383924f964a520444c1fe3,1529,0,2,2012-07-29 06:00:00+00:00,2012-07-29 06:00:00+00:00,1304|6680
1853,4742ecddf964a5207a4c1fe3,1530,0,2,2012-06-06 20:02:00+00:00,2012-06-06 20:02:00+00:00,1304|6680
1854,4742ecddf964a5207a4c1fe3,1530,0,2,2012-06-18 01:37:00+00:00,2012-06-18 01:37:00+00:00,1721|3515
1855,4750accef964a520b24c1fe3,1540,0,3,2012-05-01 23:24:00+00:00,2012-05-01 23:24:00+00:00,380|3649|5366
1856,47584792f964a520ca4c1fe3,1542,0,2,2012-10-26 01:31:00+00:00,2012-10-26 01:31:00+00:00,0|3880
1857,475847d3f964a520cb4c1fe3,1543,0,2,2012-05-15 23:21:00+00:00,2012-05-15 23:21:00+00:00,530|1277
1858,477a3514f964a520214d1fe3,1550,0,2,2012-05-05 16:59:00+00:00,2012-05-05 16:59:00+00:00,5258|6509
1859,47a30a96f964a5207b4d1fe3,1554,0,2,2012-05-26 23:05:00+00:00,2012-05-26 23:05:00+00:00,2665|6714
1860,47b9731bf964a520c14d1fe3,1563,0,2,2012-06-10 23:05:00+00:00,2012-06-10 23:05:00+00:00,529|6450
1861,47ba56ddf964a520c94d1fe3,1564,0,2,2012-07-06 22:54:00+00:00,2012-07-06 22:54:00+00:00,594|1729
1862,47f39422f964a5209b4e1fe3,1572,0,2,2012-04-22 05:10:00+00:00,2012-04-22 05:10:00+00:00,3|1128
1863,47f39422f964a5209b4e1fe3,1572,0,2,2012-06-08 23:08:00+00:00,2012-06-08 23:08:00+00:00,5084|6422
1864,47f66726f964a520ad4e1fe3,1574,0,2,2012-05-25 23:48:00+00:00,2012-05-25 23:48:00+00:00,1523|3398
1865,47f6977cf964a520af4e1fe3,1575,0,2,2012-07-13 20:48:00+00:00,2012-07-13 20:48:00+00:00,2371|3485
1866,47f6995af964a520b04e1fe3,1576,0,2,2012-04-29 04:30:00+00:00,2012-04-29 04:30:00+00:00,1909|3956
1867,47f6995af964a520b04e1fe3,1576,0,2,2012-11-16 02:19:00+00:00,2012-11-16 02:19:00+00:00,1792|3078
1868,47f69cabf964a520b44e1fe3,1577,0,2,2012-08-11 15:42:00+00:00,2012-08-11 15:42:00+00:00,515|524
1869,47f69cabf964a520b44e1fe3,1577,0,2,2012-08-12 02:20:00+00:00,2012-08-12 02:20:00+00:00,515|3128
1870,47f69cabf964a520b44e1fe3,1577,0,3,2012-08-12 14:23:00+00:00,2012-08-12 14:23:00+00:00,515|524|3128
1871,47f80879f964a520b84e1fe3,1580,0,2,2012-07-06 04:46:00+00:00,2012-07-06 04:46:00+00:00,2909|3291
1872,47f80879f964a520b84e1fe3,1580,0,2,2012-10-29 06:11:00+00:00,2012-10-29 06:11:00+00:00,1695|1909
1873,47f80aa8f964a520be4e1fe3,1584,0,2,2012-04-03 20:09:00+00:00,2012-04-03 20:09:00+00:00,3956|6267
1874,47f80aa8f964a520be4e1fe3,1584,0,2,2012-08-10 17:56:00+00:00,2012-08-10 17:56:00+00:00,1480|3128
1875,47f80aa8f964a520be4e1fe3,1584,0,2,2012-11-26 06:11:00+00:00,2012-11-26 06:11:00+00:00,1067|4601
1876,4800619cf964a520ec4e1fe3,1591,0,2,2012-04-22 07:49:00+00:00,2012-04-22 07:49:00+00:00,528|4082
1877,4800619cf964a520ec4e1fe3,1591,0,2,2012-06-09 04:38:00+00:00,2012-06-09 04:38:00+00:00,4222|5641
1878,482af93cf964a520cd4f1fe3,1596,0,2,2012-11-11 02:44:00+00:00,2012-11-11 02:44:00+00:00,202|6426
1879,4839a8ddf964a5200e501fe3,1598,0,3,2012-04-07 16:08:00+00:00,2012-04-07 16:08:00+00:00,72|2348|4496
1880,4839a8ddf964a5200e501fe3,1598,0,2,2012-05-12 17:55:00+00:00,2012-05-12 17:55:00+00:00,729|2348
1881,4839a8ddf964a5200e501fe3,1598,0,2,2012-05-19 20:22:00+00:00,2012-05-19 20:22:00+00:00,5084|6422
1882,4840fe6bf964a52030501fe3,1600,0,2,2012-04-07 16:13:00+00:00,2012-04-07 16:13:00+00:00,3903|5257
1883,4840fe6bf964a52030501fe3,1600,0,2,2012-05-11 23:25:00+00:00,2012-05-11 23:25:00+00:00,1910|3406
1884,4840fe6bf964a52030501fe3,1600,0,2,2012-05-18 22:31:00+00:00,2012-05-18 22:31:00+00:00,2344|3333
1885,4840fe6bf964a52030501fe3,1600,0,2,2012-05-27 14:21:00+00:00,2012-05-27 14:21:00+00:00,2714|3531
1886,4840fe6bf964a52030501fe3,1600,0,2,2012-06-05 12:37:00+00:00,2012-06-05 12:37:00+00:00,3903|5026
1887,4840fe6bf964a52030501fe3,1600,0,2,2012-06-06 12:40:00+00:00,2012-06-06 12:40:00+00:00,3903|5026
1888,4840fe6bf964a52030501fe3,1600,0,2,2012-06-08 21:24:00+00:00,2012-06-08 21:24:00+00:00,1559|3903
1889,4840fe6bf964a52030501fe3,1600,0,2,2012-06-08 23:57:00+00:00,2012-06-08 23:57:00+00:00,1910|3836
1890,4840fe6bf964a52030501fe3,1600,0,2,2012-07-09 11:45:00+00:00,2012-07-09 11:45:00+00:00,44|1059
1891,4840fe6bf964a52030501fe3,1600,0,2,2012-08-12 18:44:00+00:00,2012-08-12 18:44:00+00:00,3836|5103
1892,4840fe6bf964a52030501fe3,1600,0,2,2012-10-19 16:40:00+00:00,2012-10-19 16:40:00+00:00,34|279
1893,4840fe6bf964a52030501fe3,1600,0,3,2012-11-09 11:24:00+00:00,2012-11-09 11:24:00+00:00,140|192|3744
1894,4840fe6bf964a52030501fe3,1600,0,2,2012-11-09 23:04:00+00:00,2012-11-09 23:04:00+00:00,577|1338
1895,4840fe6bf964a52030501fe3,1600,0,2,2012-11-12 20:04:00+00:00,2012-11-12 20:04:00+00:00,5103|6861
1896,4840fe6bf964a52030501fe3,1600,0,2,2012-11-12 23:29:00+00:00,2012-11-12 23:29:00+00:00,140|1338
1897,4840fe6bf964a52030501fe3,1600,0,2,2012-11-13 13:13:00+00:00,2012-11-13 13:13:00+00:00,140|6861
1898,4840fef8f964a52031501fe3,1601,0,2,2012-04-13 22:03:00+00:00,2012-04-13 22:03:00+00:00,3619|6836
1899,4840fef8f964a52031501fe3,1601,0,2,2012-05-22 13:41:00+00:00,2012-05-22 13:41:00+00:00,4917|6674
1900,4846c5acf964a5206f501fe3,1603,0,2,2012-12-05 02:14:00+00:00,2012-12-05 02:14:00+00:00,1910|2011
1901,4858e403f964a520bf501fe3,1605,0,2,2012-04-21 17:00:00+00:00,2012-04-21 17:00:00+00:00,690|1982
1902,4858e403f964a520bf501fe3,1605,0,2,2012-04-22 17:06:00+00:00,2012-04-22 17:06:00+00:00,102|1758
1903,4858e403f964a520bf501fe3,1605,0,2,2012-12-28 20:01:00+00:00,2012-12-28 20:01:00+00:00,63|2554
1904,485e640df964a520d7501fe3,1608,0,3,2012-07-10 22:38:00+00:00,2012-07-10 22:38:00+00:00,93|454|4016
1905,485e640df964a520d7501fe3,1608,0,2,2012-07-19 00:01:00+00:00,2012-07-19 00:01:00+00:00,275|3397
1906,485f7eecf964a520da501fe3,1609,0,2,2012-11-24 18:49:00+00:00,2012-11-24 18:49:00+00:00,5151|5179
1907,48821a51f964a52033511fe3,1615,0,2,2012-07-20 22:47:00+00:00,2012-07-20 22:47:00+00:00,2404|3874
1908,488deef8f964a52058511fe3,1616,0,2,2012-05-16 01:35:00+00:00,2012-05-16 01:35:00+00:00,2354|3412
1909,488deef8f964a52058511fe3,1616,0,3,2012-06-07 01:20:00+00:00,2012-06-07 01:20:00+00:00,2665|3138|4443
1910,488deef8f964a52058511fe3,1616,0,2,2012-06-14 03:29:00+00:00,2012-06-14 03:29:00+00:00,2721|4443
1911,488deef8f964a52058511fe3,1616,0,2,2012-09-06 04:10:00+00:00,2012-09-06 04:10:00+00:00,2665|4443
1912,488deef8f964a52058511fe3,1616,0,2,2013-04-07 06:41:00+00:00,2013-04-07 06:41:00+00:00,3673|6039
1913,48a1f305f964a5208d511fe3,1620,0,2,2012-04-17 22:43:00+00:00,2012-04-17 22:43:00+00:00,1226|4713
1914,48c91543f964a520e4511fe3,1623,0,2,2012-05-12 23:38:00+00:00,2012-05-12 23:38:00+00:00,5084|6422
1915,48cc164cf964a520ec511fe3,1624,0,2,2013-01-13 03:49:00+00:00,2013-01-13 03:49:00+00:00,1116|2056
1916,48dbd425f964a5200a521fe3,1626,0,3,2012-05-09 16:07:00+00:00,2012-05-09 16:07:00+00:00,140|225|5225
1917,48e0bd97f964a5201a521fe3,1627,0,2,2012-09-15 02:47:00+00:00,2012-09-15 02:47:00+00:00,4232|6305
1918,48e480eef964a52022521fe3,1628,0,2,2012-05-12 00:18:00+00:00,2012-05-12 00:18:00+00:00,1858|3826
1919,491301a9f964a52066521fe3,1635,0,3,2012-05-22 00:11:00+00:00,2012-05-22 00:11:00+00:00,512|679|2185
1920,4989af90f964a5207f521fe3,1638,0,2,2012-07-29 20:30:00+00:00,2012-07-29 20:30:00+00:00,916|5121
1921,499dea48f964a5208c521fe3,1642,0,2,2012-04-27 23:05:00+00:00,2012-04-27 23:05:00+00:00,4946|6860
1922,499dea48f964a5208c521fe3,1642,0,2,2012-04-27 23:05:00+00:00,2012-04-27 23:05:00+00:00,5013|6249
1923,499dea48f964a5208c521fe3,1642,0,2,2012-04-28 01:40:00+00:00,2012-04-28 01:40:00+00:00,1970|5348
1924,49a2ef6cf964a52096521fe3,1644,0,2,2012-06-17 02:43:00+00:00,2012-06-17 02:43:00+00:00,3123|3231
1925,49a5746cf964a5209c521fe3,1646,0,2,2013-01-09 19:20:00+00:00,2013-01-09 19:20:00+00:00,832|1019
1926,49b1f97af964a520dd521fe3,1653,0,2,2012-12-18 23:36:00+00:00,2012-12-18 23:36:00+00:00,225|467
1927,49b5889bf964a520fa521fe3,1655,0,2,2012-04-21 19:18:00+00:00,2012-04-21 19:18:00+00:00,43|4196
1928,49b5889bf964a520fa521fe3,1655,0,2,2012-06-15 13:49:00+00:00,2012-06-15 13:49:00+00:00,830|3171
1929,49b5e6aaf964a52005531fe3,1657,0,2,2012-05-12 07:51:00+00:00,2012-05-12 07:51:00+00:00,1329|2541
1930,49b6a827f964a5200e531fe3,1658,0,2,2012-06-17 18:24:00+00:00,2012-06-17 18:24:00+00:00,1525|1877
1931,49b6d0b4f964a52012531fe3,1659,0,2,2012-04-04 13:01:00+00:00,2012-04-04 13:01:00+00:00,141|3668
1932,49b6d0b4f964a52012531fe3,1659,0,2,2012-04-25 13:00:00+00:00,2012-04-25 13:00:00+00:00,141|5582
1933,49b6d0b4f964a52012531fe3,1659,0,2,2012-06-07 13:01:00+00:00,2012-06-07 13:01:00+00:00,237|5582
1934,49b79f54f964a5202c531fe3,1662,0,2,2012-04-19 22:56:00+00:00,2012-04-19 22:56:00+00:00,1905|2005
1935,49b79f54f964a5202c531fe3,1662,0,2,2012-11-29 00:03:00+00:00,2012-11-29 00:03:00+00:00,555|3836
1936,49b7ed6df964a52030531fe3,1664,0,2,2012-05-01 22:07:00+00:00,2012-05-01 22:07:00+00:00,3537|4616
1937,49b7ed6df964a52030531fe3,1664,0,2,2012-05-18 13:05:00+00:00,2012-05-18 13:05:00+00:00,4045|4478
1938,49b7ed6df964a52030531fe3,1664,0,2,2012-06-01 13:49:00+00:00,2012-06-01 13:49:00+00:00,1192|4822
1939,49b7ed6df964a52030531fe3,1664,0,2,2012-06-08 20:10:00+00:00,2012-06-08 20:10:00+00:00,3037|5634
1940,49b7ed6df964a52030531fe3,1664,0,2,2012-06-11 23:04:00+00:00,2012-06-11 23:04:00+00:00,245|1040
1941,49b7ed6df964a52030531fe3,1664,0,2,2012-07-29 22:28:00+00:00,2012-07-29 22:28:00+00:00,240|3371
1942,49b7ed6df964a52030531fe3,1664,0,3,2012-08-06 02:37:00+00:00,2012-08-06 02:37:00+00:00,1693|2020|2690
1943,49b7ed6df964a52030531fe3,1664,0,2,2012-10-12 22:12:00+00:00,2012-10-12 22:12:00+00:00,1439|5368
1944,49b7ed6df964a52030531fe3,1664,0,2,2012-12-31 23:13:00+00:00,2012-12-31 23:13:00+00:00,1143|6738
1945,49b7ed6df964a52030531fe3,1664,0,2,2013-01-08 23:58:00+00:00,2013-01-08 23:58:00+00:00,1799|5651
1946,49b7ed6df964a52030531fe3,1664,0,2,2013-03-09 21:48:00+00:00,2013-03-09 21:48:00+00:00,4001|6703
1947,49b7ed6df964a52030531fe3,1664,0,2,2013-03-24 02:36:00+00:00,2013-03-24 02:36:00+00:00,120|2759
1948,49b87b8cf964a52044531fe3,1666,0,2,2012-04-11 00:20:00+00:00,2012-04-11 00:20:00+00:00,252|4713
1949,49b87b8cf964a52044531fe3,1666,0,2,2012-05-07 14:13:00+00:00,2012-05-07 14:13:00+00:00,225|1582
1950,49b87b8cf964a52044531fe3,1666,0,2,2012-05-07 20:14:00+00:00,2012-05-07 20:14:00+00:00,140|225
1951,49b87b8cf964a52044531fe3,1666,0,2,2012-06-17 03:27:00+00:00,2012-06-17 03:27:00+00:00,3477|4229
1952,49ba99c9f964a5207e531fe3,1670,0,2,2012-05-27 02:33:00+00:00,2012-05-27 02:33:00+00:00,296|5033
1953,49bac961f964a520a9531fe3,1678,0,3,2012-07-03 05:48:00+00:00,2012-07-03 05:48:00+00:00,2786|4148|6665
1954,49bad9acf964a520b8531fe3,1680,0,2,2012-07-18 22:19:00+00:00,2012-07-18 22:19:00+00:00,5183|6224
1955,49bad9acf964a520b8531fe3,1680,0,2,2013-01-04 22:15:00+00:00,2013-01-04 22:15:00+00:00,2811|3224
1956,49bc4e67f964a52029541fe3,1687,0,2,2012-06-02 23:52:00+00:00,2012-06-02 23:52:00+00:00,1304|6680
1957,49bc4e67f964a52029541fe3,1687,0,2,2012-06-16 19:48:00+00:00,2012-06-16 19:48:00+00:00,1304|6680
1958,49bc4e67f964a52029541fe3,1687,0,2,2012-06-17 21:36:00+00:00,2012-06-17 21:36:00+00:00,1304|6680
1959,49bc4e67f964a52029541fe3,1687,0,2,2012-08-16 21:13:00+00:00,2012-08-16 21:13:00+00:00,1304|6680
1960,49bc4e67f964a52029541fe3,1687,0,2,2012-08-18 00:27:00+00:00,2012-08-18 00:27:00+00:00,1304|6680
1961,49bd4e25f964a52067541fe3,1693,0,2,2012-04-08 14:33:00+00:00,2012-04-08 14:33:00+00:00,4442|4552
1962,49bd4e25f964a52067541fe3,1693,0,2,2012-06-13 10:44:00+00:00,2012-06-13 10:44:00+00:00,1998|4167
1963,49bd4e25f964a52067541fe3,1693,0,2,2013-01-29 23:08:00+00:00,2013-01-29 23:08:00+00:00,1582|4025
1964,49bd98b7f964a52088541fe3,1694,0,2,2012-10-11 19:19:00+00:00,2012-10-11 19:19:00+00:00,1031|3735
1965,49bee48bf964a520ed541fe3,1707,0,2,2012-11-15 23:52:00+00:00,2012-11-15 23:52:00+00:00,3|192
1966,49bee48bf964a520ed541fe3,1707,0,2,2013-02-19 19:08:00+00:00,2013-02-19 19:08:00+00:00,564|3207
1967,49c046f1f964a5205b551fe3,1715,0,2,2012-04-20 10:57:00+00:00,2012-04-20 10:57:00+00:00,475|1652
1968,49c046f1f964a5205b551fe3,1715,0,2,2012-05-21 21:38:00+00:00,2012-05-21 21:38:00+00:00,31|333
1969,49c06cb5f964a52064551fe3,1717,0,2,2012-07-01 05:35:00+00:00,2012-07-01 05:35:00+00:00,66|4354
1970,49c16439f964a520a4551fe3,1720,0,2,2012-04-13 01:30:00+00:00,2012-04-13 01:30:00+00:00,5496|5559
1971,49c16439f964a520a4551fe3,1720,0,2,2012-05-03 23:52:00+00:00,2012-05-03 23:52:00+00:00,5496|5559
1972,49c16439f964a520a4551fe3,1720,0,2,2012-05-09 22:38:00+00:00,2012-05-09 22:38:00+00:00,5496|5559
1973,49c16439f964a520a4551fe3,1720,0,2,2012-07-13 00:20:00+00:00,2012-07-13 00:20:00+00:00,5496|5559
1974,49c170abf964a520a7551fe3,1721,0,2,2012-06-11 17:17:00+00:00,2012-06-11 17:17:00+00:00,1982|5684
1975,49c180edf964a520af551fe3,1723,0,2,2012-08-20 05:00:00+00:00,2012-08-20 05:00:00+00:00,3026|3224
1976,49c18298f964a520b0551fe3,1724,0,2,2012-05-09 22:56:00+00:00,2012-05-09 22:56:00+00:00,475|2926
1977,49c18298f964a520b0551fe3,1724,0,2,2012-05-17 22:19:00+00:00,2012-05-17 22:19:00+00:00,1968|4413
1978,49c27575f964a520f1551fe3,1725,0,2,2012-04-04 16:22:00+00:00,2012-04-04 16:22:00+00:00,553|2827
1979,49c27575f964a520f1551fe3,1725,0,2,2012-04-13 20:34:00+00:00,2012-04-13 20:34:00+00:00,4892|6023
1980,49c27575f964a520f1551fe3,1725,0,3,2012-05-12 17:04:00+00:00,2012-05-12 17:04:00+00:00,1657|3241|5661
1981,49c27575f964a520f1551fe3,1725,0,3,2012-05-19 19:16:00+00:00,2012-05-19 19:16:00+00:00,1653|2884|4430
1982,49c27575f964a520f1551fe3,1725,0,3,2012-09-15 13:34:00+00:00,2012-09-15 13:34:00+00:00,1430|4489|5183
1983,49c2df9cf964a5203b561fe3,1727,0,2,2012-07-16 13:03:00+00:00,2012-07-16 13:03:00+00:00,2621|5757
1984,49c2df9cf964a5203b561fe3,1727,0,2,2012-08-13 16:50:00+00:00,2012-08-13 16:50:00+00:00,3945|5103
1985,49c2df9cf964a5203b561fe3,1727,0,2,2012-11-09 20:37:00+00:00,2012-11-09 20:37:00+00:00,956|4547
1986,49c31443f964a52054561fe3,1729,0,2,2012-05-05 02:44:00+00:00,2012-05-05 02:44:00+00:00,2740|5801
1987,49c31443f964a52054561fe3,1729,0,2,2012-06-10 04:19:00+00:00,2012-06-10 04:19:00+00:00,865|2740
1988,49c3caaaf964a52078561fe3,1734,0,2,2012-04-14 04:40:00+00:00,2012-04-14 04:40:00+00:00,2793|6090
1989,49c43463f964a520aa561fe3,1739,0,2,2012-04-28 20:49:00+00:00,2012-04-28 20:49:00+00:00,1895|5036
1990,49c54d97f964a520f0561fe3,1751,0,3,2012-10-24 04:45:00+00:00,2012-10-24 04:45:00+00:00,577|865|965
1991,49c54d97f964a520f0561fe3,1751,0,2,2013-01-18 06:35:00+00:00,2013-01-18 06:35:00+00:00,865|2542
1992,49c54d97f964a520f0561fe3,1751,0,2,2013-03-08 05:40:00+00:00,2013-03-08 05:40:00+00:00,3402|3535
1993,49c64842f964a5202e571fe3,1756,0,2,2012-10-24 12:08:00+00:00,2012-10-24 12:08:00+00:00,5843|6646
1994,49c853f7f964a52015581fe3,1774,0,2,2012-04-15 00:00:00+00:00,2012-04-15 00:00:00+00:00,500|4496
1995,49c853f7f964a52015581fe3,1774,0,2,2012-08-18 02:50:00+00:00,2012-08-18 02:50:00+00:00,2893|6714
1996,49c9439bf964a5204e581fe3,1778,0,2,2012-05-15 22:36:00+00:00,2012-05-15 22:36:00+00:00,993|3026
1997,49c9439bf964a5204e581fe3,1778,0,2,2012-11-11 22:30:00+00:00,2012-11-11 22:30:00+00:00,776|3806
1998,49c943d2f964a5204f581fe3,1779,0,2,2012-05-03 11:19:00+00:00,2012-05-03 11:19:00+00:00,1370|4748
1999,49c943d2f964a5204f581fe3,1779,0,2,2012-05-19 14:04:00+00:00,2012-05-19 14:04:00+00:00,4442|4748
2000,49c943d2f964a5204f581fe3,1779,0,2,2012-06-18 10:38:00+00:00,2012-06-18 10:38:00+00:00,1370|4748
2001,49c943d2f964a5204f581fe3,1779,0,2,2013-01-14 21:49:00+00:00,2013-01-14 21:49:00+00:00,2081|4748
2002,49c943d2f964a5204f581fe3,1779,0,2,2013-02-13 11:29:00+00:00,2013-02-13 11:29:00+00:00,2081|4748
2003,49ca6bd4f964a520aa581fe3,1786,0,2,2012-11-21 22:05:00+00:00,2012-11-21 22:05:00+00:00,301|885
2004,49caa5a0f964a520d0581fe3,1789,0,2,2012-07-13 22:56:00+00:00,2012-07-13 22:56:00+00:00,475|1877
2005,49cacfb5f964a520e6581fe3,1791,0,2,2012-06-03 13:07:00+00:00,2012-06-03 13:07:00+00:00,2206|2366
2006,49cbb6f9f964a5200f591fe3,1793,0,2,2012-04-24 23:41:00+00:00,2012-04-24 23:41:00+00:00,2524|5366
2007,49cd1aeef964a520bb591fe3,1808,0,2,2012-10-22 23:01:00+00:00,2012-10-22 23:01:00+00:00,2926|4553
2008,49cd9410f964a520035a1fe3,1814,0,2,2012-12-16 04:08:00+00:00,2012-12-16 04:08:00+00:00,737|3782
2009,49cdc778f964a520155a1fe3,1817,0,2,2012-10-27 20:59:00+00:00,2012-10-27 20:59:00+00:00,1553|1847
2010,49cdc778f964a520155a1fe3,1817,0,2,2013-01-26 06:01:00+00:00,2013-01-26 06:01:00+00:00,515|524
2011,49ce6b9bf964a5203b5a1fe3,1820,0,2,2012-12-09 03:37:00+00:00,2012-12-09 03:37:00+00:00,796|6502
2012,49ce965bf964a520605a1fe3,1823,0,2,2013-01-31 02:24:00+00:00,2013-01-31 02:24:00+00:00,2563|4025
2013,49cebdeaf964a520815a1fe3,1826,0,2,2012-05-12 20:32:00+00:00,2012-05-12 20:32:00+00:00,4733|5329
2014,49cec74ef964a520865a1fe3,1827,0,2,2012-07-02 16:10:00+00:00,2012-07-02 16:10:00+00:00,356|2779
2015,49cfbeb6f964a520c25a1fe3,1832,0,2,2013-04-06 22:03:00+00:00,2013-04-06 22:03:00+00:00,241|3589
2016,49cfef8cf964a520e65a1fe3,1833,0,2,2012-04-14 14:32:00+00:00,2012-04-14 14:32:00+00:00,3935|4056
2017,49cff672f964a520e95a1fe3,1834,0,2,2012-04-09 22:24:00+00:00,2012-04-09 22:24:00+00:00,1860|5306
2018,49d012ecf964a520fc5a1fe3,1836,0,2,2012-05-19 19:53:00+00:00,2012-05-19 19:53:00+00:00,5367|5988
2019,49d06768f964a520245b1fe3,1840,0,2,2012-07-07 05:52:00+00:00,2012-07-07 05:52:00+00:00,3019|3280
2020,49d0782df964a520285b1fe3,1842,0,2,2012-04-18 20:11:00+00:00,2012-04-18 20:11:00+00:00,1304|6680
2021,49d295c5f964a520ba5b1fe3,1851,0,2,2012-05-07 22:05:00+00:00,2012-05-07 22:05:00+00:00,2464|5151
2022,49d3d4a7f964a5201a5c1fe3,1859,0,2,2012-06-14 02:19:00+00:00,2012-06-14 02:19:00+00:00,168|4043
2023,49d3d4a7f964a5201a5c1fe3,1859,0,2,2012-07-13 16:33:00+00:00,2012-07-13 16:33:00+00:00,170|517
2024,49d60947f964a520a85c1fe3,1868,0,3,2012-04-07 14:45:00+00:00,2012-04-07 14:45:00+00:00,1831|2070|2871
2025,49d60947f964a520a85c1fe3,1868,0,2,2012-04-07 16:08:00+00:00,2012-04-07 16:08:00+00:00,1346|5441
2026,49d60947f964a520a85c1fe3,1868,0,2,2012-04-08 16:38:00+00:00,2012-04-08 16:38:00+00:00,770|6784
2027,49d60947f964a520a85c1fe3,1868,0,2,2012-04-11 16:24:00+00:00,2012-04-11 16:24:00+00:00,2558|2899
2028,49d60947f964a520a85c1fe3,1868,0,2,2012-04-23 22:53:00+00:00,2012-04-23 22:53:00+00:00,91|556
2029,49d60947f964a520a85c1fe3,1868,0,2,2012-04-25 22:33:00+00:00,2012-04-25 22:33:00+00:00,1389|6654
2030,49d60947f964a520a85c1fe3,1868,0,2,2012-05-05 19:49:00+00:00,2012-05-05 19:49:00+00:00,321|381
2031,49d60947f964a520a85c1fe3,1868,0,2,2012-05-06 16:33:00+00:00,2012-05-06 16:33:00+00:00,598|5441
2032,49d60947f964a520a85c1fe3,1868,0,3,2012-05-14 22:11:00+00:00,2012-05-14 22:11:00+00:00,1788|2983|6500
2033,49d60947f964a520a85c1fe3,1868,0,3,2012-05-15 22:35:00+00:00,2012-05-15 22:35:00+00:00,2862|5856|5959
2034,49d60947f964a520a85c1fe3,1868,0,3,2012-05-16 22:09:00+00:00,2012-05-16 22:09:00+00:00,2048|4797|6214
2035,49d60947f964a520a85c1fe3,1868,0,3,2012-05-27 16:49:00+00:00,2012-05-27 16:49:00+00:00,449|982|4973
2036,49d60947f964a520a85c1fe3,1868,0,2,2012-05-28 16:56:00+00:00,2012-05-28 16:56:00+00:00,2565|4043
2037,49d60947f964a520a85c1fe3,1868,0,2,2012-05-29 22:50:00+00:00,2012-05-29 22:50:00+00:00,5496|5559
2038,49d60947f964a520a85c1fe3,1868,0,2,2012-06-20 23:12:00+00:00,2012-06-20 23:12:00+00:00,2354|3204
2039,49d60947f964a520a85c1fe3,1868,0,3,2012-07-06 22:39:00+00:00,2012-07-06 22:39:00+00:00,4507|4835|5090
2040,49d60947f964a520a85c1fe3,1868,0,3,2012-07-07 19:36:00+00:00,2012-07-07 19:36:00+00:00,1743|2211|3044
2041,49d60947f964a520a85c1fe3,1868,0,2,2012-07-20 23:22:00+00:00,2012-07-20 23:22:00+00:00,4318|4606
2042,49d60947f964a520a85c1fe3,1868,0,2,2012-08-09 18:14:00+00:00,2012-08-09 18:14:00+00:00,2114|2575
2043,49d60947f964a520a85c1fe3,1868,0,2,2012-08-11 22:24:00+00:00,2012-08-11 22:24:00+00:00,1968|5774
2044,49d60947f964a520a85c1fe3,1868,0,3,2012-08-12 22:58:00+00:00,2012-08-12 22:58:00+00:00,370|1512|3044
2045,49d613ccf964a520a95c1fe3,1869,0,2,2012-12-13 03:39:00+00:00,2012-12-13 03:39:00+00:00,1246|4040
2046,49d6bed4f964a520015d1fe3,1872,0,2,2012-07-04 01:00:00+00:00,2012-07-04 01:00:00+00:00,2528|4487
2047,49d77968f964a520275d1fe3,1876,0,3,2012-05-10 20:30:00+00:00,2012-05-10 20:30:00+00:00,2168|3069|5063
2048,49d77968f964a520275d1fe3,1876,0,2,2012-06-26 14:55:00+00:00,2012-06-26 14:55:00+00:00,942|5133
2049,49d77c3af964a520285d1fe3,1877,0,2,2012-07-08 18:02:00+00:00,2012-07-08 18:02:00+00:00,673|791
2050,49d814e4f964a5209e5d1fe3,1884,0,2,2012-05-04 23:19:00+00:00,2012-05-04 23:19:00+00:00,4121|4426
2051,49d814e4f964a5209e5d1fe3,1884,0,2,2012-05-28 17:36:00+00:00,2012-05-28 17:36:00+00:00,501|5067
2052,49d814e4f964a5209e5d1fe3,1884,0,2,2012-06-30 19:21:00+00:00,2012-06-30 19:21:00+00:00,501|2837
2053,49d814e4f964a5209e5d1fe3,1884,0,2,2012-07-10 23:19:00+00:00,2012-07-10 23:19:00+00:00,967|6099
2054,49d814e4f964a5209e5d1fe3,1884,0,2,2012-07-12 23:52:00+00:00,2012-07-12 23:52:00+00:00,501|4426
2055,49d818b6f964a520a55d1fe3,1887,0,2,2012-06-06 14:14:00+00:00,2012-06-06 14:14:00+00:00,2503|3146
2056,49d840d8f964a520b45d1fe3,1890,0,4,2012-05-17 23:11:00+00:00,2012-05-17 23:11:00+00:00,225|556|1559|4880
2057,49d964c4f964a520305e1fe3,1903,0,4,2013-02-01 23:08:00+00:00,2013-02-01 23:08:00+00:00,475|566|1892|4318
2058,49d964c4f964a520305e1fe3,1903,0,2,2013-03-08 23:38:00+00:00,2013-03-08 23:38:00+00:00,1773|1892
2059,49da5ee0f964a5207c5e1fe3,1913,0,2,2012-04-10 10:50:00+00:00,2012-04-10 10:50:00+00:00,3721|4167
2060,49da5ee0f964a5207c5e1fe3,1913,0,2,2012-04-19 10:48:00+00:00,2012-04-19 10:48:00+00:00,3721|4167
2061,49da5ee0f964a5207c5e1fe3,1913,0,2,2012-05-08 10:52:00+00:00,2012-05-08 10:52:00+00:00,3721|4167
2062,49da5ee0f964a5207c5e1fe3,1913,0,2,2012-05-17 10:49:00+00:00,2012-05-17 10:49:00+00:00,3721|4167
2063,49da5ee0f964a5207c5e1fe3,1913,0,2,2012-05-22 10:49:00+00:00,2012-05-22 10:49:00+00:00,3721|4167
2064,49da74aef964a5208b5e1fe3,1916,0,2,2012-05-14 13:10:00+00:00,2012-05-14 13:10:00+00:00,4349|5817
2065,49dae3daf964a520bd5e1fe3,1918,0,2,2012-04-29 02:00:00+00:00,2012-04-29 02:00:00+00:00,464|3924
2066,49db721df964a520d35e1fe3,1919,0,2,2012-05-05 03:04:00+00:00,2012-05-05 03:04:00+00:00,607|2762
2067,49dcb7e4f964a5209c5f1fe3,1926,0,2,2012-05-13 17:46:00+00:00,2012-05-13 17:46:00+00:00,2771|3027
2068,49dcd443f964a520ac5f1fe3,1931,0,2,2013-01-12 06:41:00+00:00,2013-01-12 06:41:00+00:00,814|3272
2069,49de0156f964a52021601fe3,1937,0,2,2012-06-17 16:46:00+00:00,2012-06-17 16:46:00+00:00,4016|4668
2070,49de328df964a52031601fe3,1940,0,2,2012-06-17 05:13:00+00:00,2012-06-17 05:13:00+00:00,3519|5065
2071,49dfbf19f964a52007611fe3,1951,0,2,2012-04-24 17:05:00+00:00,2012-04-24 17:05:00+00:00,1059|6099
2072,49e12847f964a5209f611fe3,1958,0,2,2012-07-17 22:53:00+00:00,2012-07-17 22:53:00+00:00,594|1729
2073,49e12847f964a5209f611fe3,1958,0,2,2013-03-06 00:45:00+00:00,2013-03-06 00:45:00+00:00,1543|3203
2074,49e17f24f964a520d1611fe3,1962,0,2,2012-06-10 16:33:00+00:00,2012-06-10 16:33:00+00:00,1858|6441
2075,49e17f24f964a520d1611fe3,1962,0,2,2012-07-04 14:47:00+00:00,2012-07-04 14:47:00+00:00,106|2964
2076,49e17f24f964a520d1611fe3,1962,0,2,2012-07-17 22:23:00+00:00,2012-07-17 22:23:00+00:00,1285|5691
2077,49e17f24f964a520d1611fe3,1962,0,2,2012-07-29 17:43:00+00:00,2012-07-29 17:43:00+00:00,106|2120
2078,49e17f24f964a520d1611fe3,1962,0,3,2012-09-15 01:29:00+00:00,2012-09-15 01:29:00+00:00,370|3052|3195
2079,49e17f24f964a520d1611fe3,1962,0,2,2012-11-11 00:20:00+00:00,2012-11-11 00:20:00+00:00,372|4423
2080,49e17f24f964a520d1611fe3,1962,0,2,2012-12-29 23:16:00+00:00,2012-12-29 23:16:00+00:00,1557|2118
2081,49e24ccbf964a52007621fe3,1964,0,2,2013-04-06 17:02:00+00:00,2013-04-06 17:02:00+00:00,3673|6039
2082,49e27207f964a52016621fe3,1966,0,2,2013-06-29 21:21:00+00:00,2013-06-29 21:21:00+00:00,3928|4171
2083,49e3c0c1f964a520c7621fe3,1983,0,2,2012-07-16 07:37:00+00:00,2012-07-16 07:37:00+00:00,1304|6680
2084,49e417fcf964a520fb621fe3,1985,0,2,2012-10-13 02:11:00+00:00,2012-10-13 02:11:00+00:00,3416|3485
2085,49e4a769f964a52015631fe3,1987,0,4,2012-05-19 13:23:00+00:00,2012-05-19 13:23:00+00:00,776|1598|2563|2862
2086,49e4a769f964a52015631fe3,1987,0,2,2012-05-27 20:16:00+00:00,2012-05-27 20:16:00+00:00,4043|4697
2087,49e4a769f964a52015631fe3,1987,0,2,2012-05-28 23:04:00+00:00,2012-05-28 23:04:00+00:00,662|3902
2088,49e4ca75f964a52045631fe3,1991,0,2,2012-04-11 19:04:00+00:00,2012-04-11 19:04:00+00:00,1304|6680
2089,49e4ca75f964a52045631fe3,1991,0,2,2012-05-26 02:02:00+00:00,2012-05-26 02:02:00+00:00,1304|6680
2090,49e4f405f964a52078631fe3,1996,0,2,2012-09-12 17:54:00+00:00,2012-09-12 17:54:00+00:00,673|791
2091,49e513acf964a5208e631fe3,2000,0,2,2012-06-11 03:17:00+00:00,2012-06-11 03:17:00+00:00,4186|5217
2092,49e513acf964a5208e631fe3,2000,0,2,2012-12-13 18:29:00+00:00,2012-12-13 18:29:00+00:00,4264|5884
2093,49e54e1ef964a520b5631fe3,2005,0,2,2012-04-11 17:57:00+00:00,2012-04-11 17:57:00+00:00,1812|2441
2094,49e55326f964a520bb631fe3,2007,0,2,2012-04-22 05:29:00+00:00,2012-04-22 05:29:00+00:00,3294|4394
2095,49e55326f964a520bb631fe3,2007,0,2,2012-09-09 21:21:00+00:00,2012-09-09 21:21:00+00:00,1594|4023
2096,49e55491f964a520be631fe3,2008,0,2,2012-04-15 03:43:00+00:00,2012-04-15 03:43:00+00:00,1621|5714
2097,49e66259f964a52042641fe3,2013,0,2,2013-02-26 02:30:00+00:00,2013-02-26 02:30:00+00:00,462|2496
2098,49e749fbf964a52086641fe3,2019,0,2,2012-04-25 22:14:00+00:00,2012-04-25 22:14:00+00:00,54|562
2099,49e749fbf964a52086641fe3,2019,0,2,2012-05-13 00:43:00+00:00,2012-05-13 00:43:00+00:00,1211|4918
2100,49e749fbf964a52086641fe3,2019,0,2,2012-07-28 02:18:00+00:00,2012-07-28 02:18:00+00:00,118|4502
2101,49e9ef74f964a52011661fe3,2035,0,2,2012-05-16 18:33:00+00:00,2012-05-16 18:33:00+00:00,2696|3146
2102,49e9ef74f964a52011661fe3,2035,0,2,2012-07-04 18:34:00+00:00,2012-07-04 18:34:00+00:00,2701|5326
2103,49ea00aef964a52015661fe3,2036,0,2,2012-06-18 15:22:00+00:00,2012-06-18 15:22:00+00:00,1637|3733
2104,49ea0eb8f964a5201b661fe3,2037,0,2,2012-04-09 21:58:00+00:00,2012-04-09 21:58:00+00:00,2001|3685
2105,49ea0eb8f964a5201b661fe3,2037,0,2,2012-12-08 19:12:00+00:00,2012-12-08 19:12:00+00:00,2168|5638
2106,49ea526ff964a52051661fe3,2041,0,2,2012-05-05 02:04:00+00:00,2012-05-05 02:04:00+00:00,1344|1459
2107,49ea7897f964a5206c661fe3,2043,0,2,2012-08-17 20:42:00+00:00,2012-08-17 20:42:00+00:00,1304|6680
2108,49eb53adf964a520c1661fe3,2047,0,2,2012-06-17 19:00:00+00:00,2012-06-17 19:00:00+00:00,1493|4145
2109,49eb53f5f964a520c2661fe3,2048,0,2,2012-04-28 21:34:00+00:00,2012-04-28 21:34:00+00:00,3255|3954
2110,49eba029f964a52004671fe3,2050,0,2,2012-08-19 16:31:00+00:00,2012-08-19 16:31:00+00:00,3718|3924
2111,49ecd458f964a52099671fe3,2062,0,2,2012-07-07 02:19:00+00:00,2012-07-07 02:19:00+00:00,594|1729
2112,49ecd7a6f964a5209c671fe3,2063,0,2,2012-05-07 03:13:00+00:00,2012-05-07 03:13:00+00:00,1231|3520
2113,49ecd7a6f964a5209c671fe3,2063,0,2,2012-06-09 22:32:00+00:00,2012-06-09 22:32:00+00:00,824|2546
2114,49ede7cff964a52001681fe3,2073,0,2,2012-04-23 00:24:00+00:00,2012-04-23 00:24:00+00:00,618|3169
2115,49ee02e9f964a52010681fe3,2075,0,2,2012-06-12 13:32:00+00:00,2012-06-12 13:32:00+00:00,1206|3935
2116,49eeaf08f964a52078681fe3,2084,0,4,2012-10-26 00:00:00+00:00,2012-10-26 00:00:00+00:00,3|2410|4188|6693
2117,49ef67bbf964a520af681fe3,2092,0,2,2012-04-29 20:51:00+00:00,2012-04-29 20:51:00+00:00,3024|4045
2118,49efce26f964a52007691fe3,2098,0,2,2012-04-23 10:00:00+00:00,2012-04-23 10:00:00+00:00,1372|1982
2119,49efce26f964a52007691fe3,2098,0,2,2012-05-07 21:06:00+00:00,2012-05-07 21:06:00+00:00,1911|1982
2120,49f08690f964a52034691fe3,2099,0,2,2013-01-15 20:36:00+00:00,2013-01-15 20:36:00+00:00,1577|3533
2121,49f0d3baf964a52061691fe3,2101,0,2,2012-06-10 19:38:00+00:00,2012-06-10 19:38:00+00:00,165|1178
2122,49f220a3f964a520ee691fe3,2112,0,2,2012-12-11 23:43:00+00:00,2012-12-11 23:43:00+00:00,231|2410
2123,49f22a60f964a520046a1fe3,2113,0,2,2012-07-04 19:13:00+00:00,2012-07-04 19:13:00+00:00,2326|3669
2124,49f3417bf964a5207a6a1fe3,2117,0,2,2012-06-04 23:32:00+00:00,2012-06-04 23:32:00+00:00,4797|5931
2125,49f3417bf964a5207a6a1fe3,2117,0,2,2012-11-26 23:45:00+00:00,2012-11-26 23:45:00+00:00,3710|4797
2126,49f3473cf964a5207f6a1fe3,2118,0,2,2012-05-11 17:25:00+00:00,2012-05-11 17:25:00+00:00,2148|2190
2127,49f483a7f964a520126b1fe3,2129,0,2,2012-07-06 20:45:00+00:00,2012-07-06 20:45:00+00:00,1304|6680
2128,49f5ea75f964a520d26b1fe3,2145,0,2,2012-04-19 02:01:00+00:00,2012-04-19 02:01:00+00:00,1304|6680
2129,49f7097ff964a520656c1fe3,2158,0,2,2012-07-20 23:57:00+00:00,2012-07-20 23:57:00+00:00,2782|2834
2130,49f7456af964a5207b6c1fe3,2159,0,2,2012-04-22 01:11:00+00:00,2012-04-22 01:11:00+00:00,1858|3945
2131,49f7456af964a5207b6c1fe3,2159,0,2,2012-04-22 20:57:00+00:00,2012-04-22 20:57:00+00:00,159|1858
2132,49f754c1f964a520896c1fe3,2162,0,6,2012-04-03 22:30:00+00:00,2012-04-03 22:30:00+00:00,2335|2879|3377|4122|4754|4996
2133,49f754c1f964a520896c1fe3,2162,0,4,2012-04-07 18:03:00+00:00,2012-04-07 18:03:00+00:00,2184|3044|3377|3757
2134,49f754c1f964a520896c1fe3,2162,0,2,2012-04-07 19:02:00+00:00,2012-04-07 19:02:00+00:00,2879|4122
2135,49f754c1f964a520896c1fe3,2162,0,7,2012-04-17 22:31:00+00:00,2012-04-17 22:31:00+00:00,1192|1562|2124|2879|3377|4996|5739
2136,49f754c1f964a520896c1fe3,2162,0,8,2012-04-19 22:13:00+00:00,2012-04-19 22:13:00+00:00,1048|2165|2184|2879|3044|3377|4122|5863
2137,49f754c1f964a520896c1fe3,2162,0,3,2012-04-23 22:03:00+00:00,2012-04-23 22:03:00+00:00,3904|5753|6083
2138,49f754c1f964a520896c1fe3,2162,0,7,2012-05-03 22:25:00+00:00,2012-05-03 22:25:00+00:00,2124|2879|3377|4122|4754|4996|5814
2139,49f754c1f964a520896c1fe3,2162,0,7,2012-05-06 22:01:00+00:00,2012-05-06 22:01:00+00:00,2124|2879|3044|3377|3757|4122|6559
2140,49f754c1f964a520896c1fe3,2162,0,3,2012-05-08 23:33:00+00:00,2012-05-08 23:33:00+00:00,2124|3377|3757
2141,49f754c1f964a520896c1fe3,2162,0,2,2012-05-16 23:47:00+00:00,2012-05-16 23:47:00+00:00,2184|3377
2142,49f754c1f964a520896c1fe3,2162,0,2,2012-05-17 11:46:00+00:00,2012-05-17 11:46:00+00:00,5363|6086
2143,49f754c1f964a520896c1fe3,2162,0,5,2012-05-19 16:21:00+00:00,2012-05-19 16:21:00+00:00,498|2124|2879|3377|3757
2144,49f754c1f964a520896c1fe3,2162,0,5,2012-05-21 23:12:00+00:00,2012-05-21 23:12:00+00:00,2124|2879|3739|4122|4754
2145,49f754c1f964a520896c1fe3,2162,0,6,2012-05-25 22:00:00+00:00,2012-05-25 22:00:00+00:00,2124|2879|3044|3730|4122|4996
2146,49f754c1f964a520896c1fe3,2162,0,8,2012-06-02 22:32:00+00:00,2012-06-02 22:32:00+00:00,1068|1820|1940|2124|2879|3044|3377|4122
2147,49f754c1f964a520896c1fe3,2162,0,7,2012-06-09 22:07:00+00:00,2012-06-09 22:07:00+00:00,930|1940|2124|2184|3044|3757|4122
2148,49f754c1f964a520896c1fe3,2162,0,2,2013-02-01 07:15:00+00:00,2013-02-01 07:15:00+00:00,4208|5492
2149,49f754c1f964a520896c1fe3,2162,0,2,2013-03-07 23:55:00+00:00,2013-03-07 23:55:00+00:00,1562|5994
2150,49f76cc2f964a5209d6c1fe3,2165,0,2,2012-10-12 19:50:00+00:00,2012-10-12 19:50:00+00:00,2165|5368
2151,49f7d3def964a520e36c1fe3,2171,0,2,2012-09-15 06:21:00+00:00,2012-09-15 06:21:00+00:00,1756|6888
2152,49f8d75cf964a5202b6d1fe3,2173,0,2,2012-04-28 23:04:00+00:00,2012-04-28 23:04:00+00:00,753|973
2153,49f8d75cf964a5202b6d1fe3,2173,0,2,2012-11-10 20:50:00+00:00,2012-11-10 20:50:00+00:00,3020|3591
2154,49f8d830f964a5202c6d1fe3,2174,0,2,2012-06-05 04:28:00+00:00,2012-06-05 04:28:00+00:00,1304|6411
2155,49f9d49bf964a5208a6d1fe3,2179,0,2,2012-05-03 13:05:00+00:00,2012-05-03 13:05:00+00:00,106|1314
2156,49fdd2e4f964a520306f1fe3,2196,0,2,2012-05-06 16:56:00+00:00,2012-05-06 16:56:00+00:00,6058|6062
2157,49ff53e6f964a5200c701fe3,2214,0,2,2012-07-08 22:57:00+00:00,2012-07-08 22:57:00+00:00,4835|5988
2158,49ff8ecff964a52030701fe3,2218,0,2,2012-12-05 00:04:00+00:00,2012-12-05 00:04:00+00:00,1895|2579
2159,49ff928df964a52036701fe3,2220,0,2,2012-04-25 22:36:00+00:00,2012-04-25 22:36:00+00:00,2908|5136
2160,4a01c2d3f964a520f7701fe3,2226,0,2,2012-10-23 23:48:00+00:00,2012-10-23 23:48:00+00:00,3416|3485
2161,4a01ee7bf964a52010711fe3,2230,0,2,2012-06-09 02:38:00+00:00,2012-06-09 02:38:00+00:00,799|2347
2162,4a02038bf964a52023711fe3,2234,0,2,2012-06-07 11:37:00+00:00,2012-06-07 11:37:00+00:00,328|1243
2163,4a02038bf964a52023711fe3,2234,0,2,2013-03-11 18:55:00+00:00,2013-03-11 18:55:00+00:00,4001|6703
2164,4a021207f964a52029711fe3,2237,0,3,2012-06-10 02:03:00+00:00,2012-06-10 02:03:00+00:00,187|2256|2631
2165,4a021207f964a52029711fe3,2237,0,2,2012-07-03 22:55:00+00:00,2012-07-03 22:55:00+00:00,626|2319
2166,4a021207f964a52029711fe3,2237,0,2,2012-07-07 04:27:00+00:00,2012-07-07 04:27:00+00:00,1947|2488
2167,4a027159f964a52051711fe3,2239,0,2,2012-11-17 23:04:00+00:00,2012-11-17 23:04:00+00:00,1426|4631
2168,4a027159f964a52051711fe3,2239,0,2,2012-12-01 22:40:00+00:00,2012-12-01 22:40:00+00:00,1426|2849
2169,4a03248cf964a52091711fe3,2246,0,2,2012-06-04 22:10:00+00:00,2012-06-04 22:10:00+00:00,328|1243
2170,4a03248cf964a52091711fe3,2246,0,2,2012-07-09 13:41:00+00:00,2012-07-09 13:41:00+00:00,2787|2822
2171,4a047a18f964a520ff711fe3,2250,0,2,2012-07-30 16:23:00+00:00,2012-07-30 16:23:00+00:00,1368|6496
2172,4a04fd56f964a52044721fe3,2254,0,2,2012-06-06 23:08:00+00:00,2012-06-06 23:08:00+00:00,2868|4971
2173,4a05f7e8f964a520a4721fe3,2259,0,2,2012-04-25 20:22:00+00:00,2012-04-25 20:22:00+00:00,1304|6680
2174,4a05f7e8f964a520a4721fe3,2259,0,2,2012-07-07 01:17:00+00:00,2012-07-07 01:17:00+00:00,1304|6680
2175,4a05f7e8f964a520a4721fe3,2259,0,2,2012-08-12 16:58:00+00:00,2012-08-12 16:58:00+00:00,1304|6680
2176,4a064f1ef964a520ea721fe3,2266,0,2,2012-07-03 01:32:00+00:00,2012-07-03 01:32:00+00:00,1647|4626
2177,4a0675f4f964a520f9721fe3,2268,0,3,2012-08-11 23:28:00+00:00,2012-08-11 23:28:00+00:00,1182|1325|2519
2178,4a070b6ef964a5201d731fe3,2272,0,2,2012-12-22 02:51:00+00:00,2012-12-22 02:51:00+00:00,2048|3292
2179,4a071639f964a52024731fe3,2274,0,2,2013-10-08 14:53:00+00:00,2013-10-08 14:53:00+00:00,1953|4088
2180,4a077bbbf964a52060731fe3,2279,0,2,2012-04-24 23:19:00+00:00,2012-04-24 23:19:00+00:00,311|1590
2181,4a077bbbf964a52060731fe3,2279,0,2,2012-11-10 23:28:00+00:00,2012-11-10 23:28:00+00:00,3799|6467
2182,4a07ac6af964a5208f731fe3,2285,0,2,2012-07-28 23:00:00+00:00,2012-07-28 23:00:00+00:00,3712|4844
2183,4a083214f964a520a3731fe3,2286,0,2,2012-05-19 20:00:00+00:00,2012-05-19 20:00:00+00:00,1968|4413
2184,4a083214f964a520a3731fe3,2286,0,2,2012-11-22 03:15:00+00:00,2012-11-22 03:15:00+00:00,6173|6629
2185,4a08aa12f964a52006741fe3,2294,0,2,2012-12-18 19:11:00+00:00,2012-12-18 19:11:00+00:00,5918|6136
2186,4a08da93f964a5201f741fe3,2297,0,3,2013-01-10 23:37:00+00:00,2013-01-10 23:37:00+00:00,3207|3224|5016
2187,4a0a463ef964a52098741fe3,2307,0,2,2012-04-14 03:18:00+00:00,2012-04-14 03:18:00+00:00,1246|4040
2188,4a0c2e7bf964a52014751fe3,2319,0,2,2012-05-03 22:47:00+00:00,2012-05-03 22:47:00+00:00,2066|5988
2189,4a0ce64cf964a52069751fe3,2323,0,2,2012-05-13 07:06:00+00:00,2012-05-13 07:06:00+00:00,1304|6680
2190,4a0ce64cf964a52069751fe3,2323,0,2,2012-06-10 06:53:00+00:00,2012-06-10 06:53:00+00:00,1304|6680
2191,4a0ce64cf964a52069751fe3,2323,0,2,2012-07-08 07:05:00+00:00,2012-07-08 07:05:00+00:00,1304|6680
2192,4a0ce64cf964a52069751fe3,2323,0,2,2013-02-21 08:33:00+00:00,2013-02-21 08:33:00+00:00,2761|3548
2193,4a0e0f85f964a520bf751fe3,2327,0,2,2012-04-25 23:31:00+00:00,2012-04-25 23:31:00+00:00,1052|4765
2194,4a0e0f85f964a520bf751fe3,2327,0,2,2012-11-16 02:53:00+00:00,2012-11-16 02:53:00+00:00,2817|6004
2195,4a0e0f85f964a520bf751fe3,2327,0,2,2012-11-20 00:54:00+00:00,2012-11-20 00:54:00+00:00,3649|5366
2196,4a0e0f85f964a520bf751fe3,2327,0,2,2012-12-05 23:37:00+00:00,2012-12-05 23:37:00+00:00,1345|4294
2197,4a1073e1f964a520c9761fe3,2343,0,2,2012-04-07 23:11:00+00:00,2012-04-07 23:11:00+00:00,2957|3228
2198,4a108a30f964a520df761fe3,2346,0,2,2012-04-14 03:15:00+00:00,2012-04-14 03:15:00+00:00,4303|6044
2199,4a12eb1ff964a52099771fe3,2354,0,2,2012-12-06 05:56:00+00:00,2012-12-06 05:56:00+00:00,5348|6178
2200,4a139e79f964a520f2771fe3,2355,0,2,2012-05-15 23:07:00+00:00,2012-05-15 23:07:00+00:00,2637|3799
2201,4a149a98f964a5205a781fe3,2358,0,2,2013-02-24 19:13:00+00:00,2013-02-24 19:13:00+00:00,771|4121
2202,4a14d1d7f964a5207f781fe3,2360,0,2,2012-11-24 08:19:00+00:00,2012-11-24 08:19:00+00:00,5435|5741
2203,4a14edaff964a52089781fe3,2363,0,2,2012-05-13 00:43:00+00:00,2012-05-13 00:43:00+00:00,311|4955
2204,4a16d939f964a52011791fe3,2371,0,2,2012-04-25 17:15:00+00:00,2012-04-25 17:15:00+00:00,3277|6058
2205,4a16d939f964a52011791fe3,2371,0,2,2012-05-05 16:55:00+00:00,2012-05-05 16:55:00+00:00,3277|6062
2206,4a16d939f964a52011791fe3,2371,0,2,2012-07-09 22:50:00+00:00,2012-07-09 22:50:00+00:00,2318|3488
2207,4a16d939f964a52011791fe3,2371,0,2,2012-07-15 22:29:00+00:00,2012-07-15 22:29:00+00:00,618|6058
2208,4a16e77ff964a5201d791fe3,2374,0,2,2012-08-11 18:28:00+00:00,2012-08-11 18:28:00+00:00,3906|4551
2209,4a17665af964a52056791fe3,2379,0,2,2012-06-13 22:42:00+00:00,2012-06-13 22:42:00+00:00,1911|6693
2210,4a176a52f964a52058791fe3,2380,0,2,2012-07-28 22:04:00+00:00,2012-07-28 22:04:00+00:00,4029|6450
2211,4a176a52f964a52058791fe3,2380,0,2,2012-10-27 16:10:00+00:00,2012-10-27 16:10:00+00:00,2775|4029
2212,4a179fb5f964a5206b791fe3,2381,0,2,2012-04-12 19:52:00+00:00,2012-04-12 19:52:00+00:00,705|990
2213,4a179fb5f964a5206b791fe3,2381,0,2,2012-05-05 21:01:00+00:00,2012-05-05 21:01:00+00:00,2909|3291
2214,4a186336f964a520aa791fe3,2384,0,2,2012-08-18 20:43:00+00:00,2012-08-18 20:43:00+00:00,1304|6680
2215,4a188c32f964a520c6791fe3,2385,0,2,2012-04-15 20:17:00+00:00,2012-04-15 20:17:00+00:00,542|3883
2216,4a18d51ff964a520f4791fe3,2392,0,2,2012-06-09 07:39:00+00:00,2012-06-09 07:39:00+00:00,618|973
2217,4a18d51ff964a520f4791fe3,2392,0,2,2012-08-06 01:56:00+00:00,2012-08-06 01:56:00+00:00,1304|6680
2218,4a198a3ef964a520237a1fe3,2395,0,3,2012-04-11 00:04:00+00:00,2012-04-11 00:04:00+00:00,730|983|2674
2219,4a198a3ef964a520237a1fe3,2395,0,3,2012-04-13 20:08:00+00:00,2012-04-13 20:08:00+00:00,1643|2503|3487
2220,4a198a3ef964a520237a1fe3,2395,0,2,2012-04-13 23:28:00+00:00,2012-04-13 23:28:00+00:00,897|2579
2221,4a198a3ef964a520237a1fe3,2395,0,2,2012-04-19 14:23:00+00:00,2012-04-19 14:23:00+00:00,2888|5543
2222,4a198a3ef964a520237a1fe3,2395,0,2,2012-04-24 14:37:00+00:00,2012-04-24 14:37:00+00:00,814|5952
2223,4a198a3ef964a520237a1fe3,2395,0,2,2012-04-25 15:20:00+00:00,2012-04-25 15:20:00+00:00,495|5952
2224,4a198a3ef964a520237a1fe3,2395,0,3,2012-04-26 11:07:00+00:00,2012-04-26 11:07:00+00:00,828|1045|6387
2225,4a198a3ef964a520237a1fe3,2395,0,2,2012-05-03 11:06:00+00:00,2012-05-03 11:06:00+00:00,1037|6387
2226,4a198a3ef964a520237a1fe3,2395,0,2,2012-05-03 17:11:00+00:00,2012-05-03 17:11:00+00:00,14|1650
2227,4a198a3ef964a520237a1fe3,2395,0,2,2012-05-04 11:44:00+00:00,2012-05-04 11:44:00+00:00,4362|6387
2228,4a198a3ef964a520237a1fe3,2395,0,2,2012-05-05 13:32:00+00:00,2012-05-05 13:32:00+00:00,768|6387
2229,4a198a3ef964a520237a1fe3,2395,0,2,2012-05-07 10:27:00+00:00,2012-05-07 10:27:00+00:00,20|6387
2230,4a198a3ef964a520237a1fe3,2395,0,2,2012-05-08 15:18:00+00:00,2012-05-08 15:18:00+00:00,3450|6072
2231,4a198a3ef964a520237a1fe3,2395,0,3,2012-05-11 09:46:00+00:00,2012-05-11 09:46:00+00:00,1997|3401|6387
2232,4a198a3ef964a520237a1fe3,2395,0,2,2012-05-11 11:22:00+00:00,2012-05-11 11:22:00+00:00,495|1245
2233,4a198a3ef964a520237a1fe3,2395,0,4,2012-05-11 17:40:00+00:00,2012-05-11 17:40:00+00:00,1674|2441|3450|4976
2234,4a198a3ef964a520237a1fe3,2395,0,2,2012-05-13 14:17:00+00:00,2012-05-13 14:17:00+00:00,2441|6387
2235,4a198a3ef964a520237a1fe3,2395,0,2,2012-05-13 23:38:00+00:00,2012-05-13 23:38:00+00:00,856|3983
2236,4a198a3ef964a520237a1fe3,2395,0,2,2012-05-15 08:44:00+00:00,2012-05-15 08:44:00+00:00,800|817
2237,4a198a3ef964a520237a1fe3,2395,0,3,2012-05-19 11:59:00+00:00,2012-05-19 11:59:00+00:00,189|2441|2898
2238,4a198a3ef964a520237a1fe3,2395,0,2,2012-05-23 18:03:00+00:00,2012-05-23 18:03:00+00:00,1156|2637
2239,4a198a3ef964a520237a1fe3,2395,0,2,2012-05-25 14:05:00+00:00,2012-05-25 14:05:00+00:00,20|4502
2240,4a198a3ef964a520237a1fe3,2395,0,2,2012-05-25 23:15:00+00:00,2012-05-25 23:15:00+00:00,497|2674
2241,4a198a3ef964a520237a1fe3,2395,0,3,2012-05-28 23:19:00+00:00,2012-05-28 23:19:00+00:00,1590|4502|4750
2242,4a198a3ef964a520237a1fe3,2395,0,3,2012-05-29 18:02:00+00:00,2012-05-29 18:02:00+00:00,1708|3699|4249
2243,4a198a3ef964a520237a1fe3,2395,0,2,2012-06-01 09:38:00+00:00,2012-06-01 09:38:00+00:00,3699|6387
2244,4a198a3ef964a520237a1fe3,2395,0,2,2012-06-06 10:00:00+00:00,2012-06-06 10:00:00+00:00,3699|6387
2245,4a198a3ef964a520237a1fe3,2395,0,2,2012-07-13 23:08:00+00:00,2012-07-13 23:08:00+00:00,315|2116
2246,4a198a3ef964a520237a1fe3,2395,0,2,2012-07-17 03:29:00+00:00,2012-07-17 03:29:00+00:00,1895|2371
2247,4a198a3ef964a520237a1fe3,2395,0,3,2012-07-30 00:01:00+00:00,2012-07-30 00:01:00+00:00,2886|3900|6193
2248,4a198a3ef964a520237a1fe3,2395,0,2,2012-08-05 20:43:00+00:00,2012-08-05 20:43:00+00:00,672|1724
2249,4a198a3ef964a520237a1fe3,2395,0,2,2012-08-16 18:18:00+00:00,2012-08-16 18:18:00+00:00,6193|6450
2250,4a198a3ef964a520237a1fe3,2395,0,2,2012-08-17 20:20:00+00:00,2012-08-17 20:20:00+00:00,814|1711
2251,4a198a3ef964a520237a1fe3,2395,0,2,2012-08-20 11:52:00+00:00,2012-08-20 11:52:00+00:00,20|3450
2252,4a198a3ef964a520237a1fe3,2395,0,2,2012-09-14 20:29:00+00:00,2012-09-14 20:29:00+00:00,3883|4750
2253,4a198a3ef964a520237a1fe3,2395,0,3,2012-09-15 20:43:00+00:00,2012-09-15 20:43:00+00:00,565|3711|6185
2254,4a198a3ef964a520237a1fe3,2395,0,3,2012-10-11 23:10:00+00:00,2012-10-11 23:10:00+00:00,1185|4150|6185
2255,4a198a3ef964a520237a1fe3,2395,0,2,2012-10-17 12:49:00+00:00,2012-10-17 12:49:00+00:00,576|5528
2256,4a198a3ef964a520237a1fe3,2395,0,3,2012-10-25 14:39:00+00:00,2012-10-25 14:39:00+00:00,247|2441|6715
2257,4a198a3ef964a520237a1fe3,2395,0,2,2012-10-26 16:31:00+00:00,2012-10-26 16:31:00+00:00,661|2441
2258,4a198a3ef964a520237a1fe3,2395,0,2,2012-11-05 12:20:00+00:00,2012-11-05 12:20:00+00:00,2441|6185
2259,4a198a3ef964a520237a1fe3,2395,0,2,2012-11-21 21:03:00+00:00,2012-11-21 21:03:00+00:00,485|1252
2260,4a198a3ef964a520237a1fe3,2395,0,2,2012-11-22 15:18:00+00:00,2012-11-22 15:18:00+00:00,314|432
2261,4a198a3ef964a520237a1fe3,2395,0,2,2012-11-27 10:54:00+00:00,2012-11-27 10:54:00+00:00,5765|6387
2262,4a198a3ef964a520237a1fe3,2395,0,2,2012-11-27 15:55:00+00:00,2012-11-27 15:55:00+00:00,1185|6185
2263,4a198a3ef964a520237a1fe3,2395,0,2,2012-12-13 10:22:00+00:00,2012-12-13 10:22:00+00:00,2849|6185
2264,4a198a3ef964a520237a1fe3,2395,0,2,2013-01-21 12:07:00+00:00,2013-01-21 12:07:00+00:00,814|3900
2265,4a198a3ef964a520237a1fe3,2395,0,2,2013-01-21 22:57:00+00:00,2013-01-21 22:57:00+00:00,1711|2937
2266,4a198a3ef964a520237a1fe3,2395,0,2,2013-01-26 15:25:00+00:00,2013-01-26 15:25:00+00:00,754|2937
2267,4a198a3ef964a520237a1fe3,2395,0,2,2013-03-08 21:50:00+00:00,2013-03-08 21:50:00+00:00,1179|6185
2268,4a198a3ef964a520237a1fe3,2395,0,2,2013-05-06 06:51:00+00:00,2013-05-06 06:51:00+00:00,5807|6506
2269,4a19c1def964a520497a1fe3,2400,0,2,2013-03-20 10:40:00+00:00,2013-03-20 10:40:00+00:00,3532|4634
2270,4a1a1126f964a5207d7a1fe3,2405,0,2,2012-05-09 04:39:00+00:00,2012-05-09 04:39:00+00:00,5593|6404
2271,4a1b01daf964a520bd7a1fe3,2411,0,2,2012-06-02 21:23:00+00:00,2012-06-02 21:23:00+00:00,2418|6607
2272,4a1c2d96f964a520197b1fe3,2417,0,2,2012-12-21 14:01:00+00:00,2012-12-21 14:01:00+00:00,1052|3208
2273,4a1ddeb0f964a520a57b1fe3,2426,0,2,2012-08-16 22:00:00+00:00,2012-08-16 22:00:00+00:00,1304|6680
2274,4a1ed415f964a520de7b1fe3,2429,0,2,2012-05-15 11:57:00+00:00,2012-05-15 11:57:00+00:00,1514|3456
2275,4a1ee7faf964a520e77b1fe3,2430,0,2,2012-04-14 16:18:00+00:00,2012-04-14 16:18:00+00:00,165|627
2276,4a1ee7faf964a520e77b1fe3,2430,0,2,2012-04-19 19:43:00+00:00,2012-04-19 19:43:00+00:00,1304|6680
2277,4a1ee7faf964a520e77b1fe3,2430,0,2,2012-07-17 21:28:00+00:00,2012-07-17 21:28:00+00:00,1304|6680
2278,4a2014fcf964a520477c1fe3,2433,0,2,2012-04-15 21:35:00+00:00,2012-04-15 21:35:00+00:00,5210|6075
2279,4a209bc0f964a520ae7c1fe3,2435,0,2,2012-08-18 04:46:00+00:00,2012-08-18 04:46:00+00:00,1304|6680
2280,4a20bdddf964a520be7c1fe3,2438,0,2,2012-07-08 23:48:00+00:00,2012-07-08 23:48:00+00:00,673|791
2281,4a21834ff964a520077d1fe3,2440,0,2,2012-11-25 21:33:00+00:00,2012-11-25 21:33:00+00:00,4281|5240
2282,4a22147ff964a5205d7d1fe3,2442,0,3,2012-05-29 05:40:00+00:00,2012-05-29 05:40:00+00:00,379|4040|4995
2283,4a229fa8f964a520797d1fe3,2443,0,2,2012-05-13 17:36:00+00:00,2012-05-13 17:36:00+00:00,4302|5151
2284,4a241528f964a520f57d1fe3,2446,0,2,2012-05-25 22:04:00+00:00,2012-05-25 22:04:00+00:00,2356|2820
2285,4a242e1ef964a520ff7d1fe3,2450,0,3,2012-10-25 23:35:00+00:00,2012-10-25 23:35:00+00:00,3|2410|4188
2286,4a249c96f964a5203b7e1fe3,2455,0,2,2012-05-27 00:16:00+00:00,2012-05-27 00:16:00+00:00,6058|6062
2287,4a25b0bbf964a5207b7e1fe3,2461,0,2,2012-05-11 22:57:00+00:00,2012-05-11 22:57:00+00:00,2868|4918
2288,4a26b3d7f964a520c57e1fe3,2469,0,2,2012-06-09 14:38:00+00:00,2012-06-09 14:38:00+00:00,1968|2504
2289,4a26b3d7f964a520c57e1fe3,2469,0,2,2012-06-09 19:46:00+00:00,2012-06-09 19:46:00+00:00,3075|4533
2290,4a27d8b3f964a5208c911fe3,2478,0,2,2012-04-24 16:07:00+00:00,2012-04-24 16:07:00+00:00,1311|3671
2291,4a289bf0f964a52039951fe3,2482,0,2,2012-04-28 13:26:00+00:00,2012-04-28 13:26:00+00:00,3255|3954
2292,4a289bf0f964a52039951fe3,2482,0,2,2012-05-07 16:34:00+00:00,2012-05-07 16:34:00+00:00,1658|3670
2293,4a289bf0f964a52039951fe3,2482,0,2,2012-05-12 13:53:00+00:00,2012-05-12 13:53:00+00:00,3255|3954
2294,4a2aac37f964a52034961fe3,2495,0,2,2012-05-08 23:44:00+00:00,2012-05-08 23:44:00+00:00,3685|4738
2295,4a2aac37f964a52034961fe3,2495,0,2,2012-12-29 00:54:00+00:00,2012-12-29 00:54:00+00:00,1025|2001
2296,4a2b1103f964a52098961fe3,2498,0,2,2013-03-31 03:32:00+00:00,2013-03-31 03:32:00+00:00,5435|5741
2297,4a2b1103f964a52098961fe3,2498,0,2,2013-04-21 07:08:00+00:00,2013-04-21 07:08:00+00:00,5435|5741
2298,4a2bd6e8f964a520e6961fe3,2499,0,2,2012-04-15 13:48:00+00:00,2012-04-15 13:48:00+00:00,2718|3636
2299,4a2bd6e8f964a520e6961fe3,2499,0,2,2012-04-22 13:54:00+00:00,2012-04-22 13:54:00+00:00,2718|6448
2300,4a2bd6e8f964a520e6961fe3,2499,0,2,2012-05-06 16:31:00+00:00,2012-05-06 16:31:00+00:00,301|2024
2301,4a2c39b3f964a52036971fe3,2500,0,2,2012-07-17 21:34:00+00:00,2012-07-17 21:34:00+00:00,594|1729
2302,4a2c9980f964a52074971fe3,2504,0,3,2012-07-09 23:29:00+00:00,2012-07-09 23:29:00+00:00,856|1485|3996
2303,4a2c9980f964a52074971fe3,2504,0,3,2012-07-28 00:43:00+00:00,2012-07-28 00:43:00+00:00,2519|3186|6755
2304,4a2c9b2bf964a5207a971fe3,2506,0,2,2012-04-28 18:09:00+00:00,2012-04-28 18:09:00+00:00,6099|6219
2305,4a2c9b2bf964a5207a971fe3,2506,0,2,2012-07-08 23:41:00+00:00,2012-07-08 23:41:00+00:00,2486|4029
2306,4a2c9b2bf964a5207a971fe3,2506,0,2,2012-08-09 23:52:00+00:00,2012-08-09 23:52:00+00:00,3280|4971
2307,4a2c9b2bf964a5207a971fe3,2506,0,2,2012-10-13 06:31:00+00:00,2012-10-13 06:31:00+00:00,3544|6099
2308,4a2c9b2bf964a5207a971fe3,2506,0,2,2012-12-08 03:40:00+00:00,2012-12-08 03:40:00+00:00,730|967
2309,4a2f650bf964a520c5981fe3,2513,0,2,2012-05-02 02:07:00+00:00,2012-05-02 02:07:00+00:00,2461|6267
2310,4a2f650bf964a520c5981fe3,2513,0,2,2012-05-28 04:02:00+00:00,2012-05-28 04:02:00+00:00,1304|6680
2311,4a3001a5f964a52004991fe3,2515,0,2,2012-05-29 22:34:00+00:00,2012-05-29 22:34:00+00:00,3465|5166
2312,4a3001a5f964a52004991fe3,2515,0,2,2012-10-24 22:50:00+00:00,2012-10-24 22:50:00+00:00,3|4188
2313,4a3001a5f964a52004991fe3,2515,0,2,2013-04-03 22:46:00+00:00,2013-04-03 22:46:00+00:00,325|4125
2314,4a31412ff964a520a4991fe3,2521,0,2,2012-04-25 18:58:00+00:00,2012-04-25 18:58:00+00:00,1611|6333
2315,4a318fe7f964a520f2991fe3,2532,0,2,2012-04-15 21:24:00+00:00,2012-04-15 21:24:00+00:00,1690|2280
2316,4a318fe7f964a520f2991fe3,2532,0,2,2012-05-28 16:49:00+00:00,2012-05-28 16:49:00+00:00,673|2635
2317,4a32c3f9f964a5208c9a1fe3,2539,0,2,2012-04-13 13:44:00+00:00,2012-04-13 13:44:00+00:00,507|718
2318,4a32c3f9f964a5208c9a1fe3,2539,0,2,2012-05-05 02:50:00+00:00,2012-05-05 02:50:00+00:00,3051|5143
2319,4a32e5bbf964a520bb9a1fe3,2541,0,2,2013-03-10 01:01:00+00:00,2013-03-10 01:01:00+00:00,3069|4177
2320,4a33da8ef964a520559b1fe3,2550,0,2,2012-05-05 21:14:00+00:00,2012-05-05 21:14:00+00:00,865|2117
2321,4a33eb53f964a5206a9b1fe3,2551,0,2,2012-07-01 04:59:00+00:00,2012-07-01 04:59:00+00:00,3371|5167
2322,4a33f05af964a520729b1fe3,2552,0,2,2012-05-22 01:46:00+00:00,2012-05-22 01:46:00+00:00,6130|6731
2323,4a33f05af964a520729b1fe3,2552,0,2,2012-07-08 22:30:00+00:00,2012-07-08 22:30:00+00:00,3098|6421
2324,4a3443d9f964a520fe9b1fe3,2558,0,2,2013-04-27 20:23:00+00:00,2013-04-27 20:23:00+00:00,757|3146
2325,4a344606f964a520069c1fe3,2559,0,2,2012-05-28 22:05:00+00:00,2012-05-28 22:05:00+00:00,1304|6680
2326,4a344606f964a520069c1fe3,2559,0,3,2012-06-13 13:46:00+00:00,2012-06-13 13:46:00+00:00,1222|1304|6680
2327,4a344606f964a520069c1fe3,2559,0,2,2012-06-27 00:51:00+00:00,2012-06-27 00:51:00+00:00,1304|6680
2328,4a346e24f964a520409c1fe3,2564,0,2,2012-06-02 22:27:00+00:00,2012-06-02 22:27:00+00:00,2418|6607
2329,4a346e24f964a520409c1fe3,2564,0,2,2012-09-15 18:05:00+00:00,2012-09-15 18:05:00+00:00,2718|3636
2330,4a3545aaf964a520b29c1fe3,2567,0,3,2012-05-28 16:06:00+00:00,2012-05-28 16:06:00+00:00,982|3075|3359
2331,4a36f28af964a5200b9e1fe3,2585,0,2,2012-07-26 22:12:00+00:00,2012-07-26 22:12:00+00:00,3707|4151
2332,4a38f168f964a5200c9f1fe3,2590,0,2,2012-04-22 00:55:00+00:00,2012-04-22 00:55:00+00:00,2356|2820
2333,4a3ae617f964a52067a01fe3,2599,0,2,2012-12-22 21:59:00+00:00,2012-12-22 21:59:00+00:00,535|2596
2334,4a3ae617f964a52067a01fe3,2599,0,2,2013-01-05 17:55:00+00:00,2013-01-05 17:55:00+00:00,2225|5433
2335,4a3c77d9f964a52091a11fe3,2612,0,2,2012-07-17 01:20:00+00:00,2012-07-17 01:20:00+00:00,1304|6680
2336,4a3d2f3df964a520eda11fe3,2615,0,2,2012-04-15 02:11:00+00:00,2012-04-15 02:11:00+00:00,6070|6355
2337,4a3d2f3df964a520eda11fe3,2615,0,2,2012-06-13 23:05:00+00:00,2012-06-13 23:05:00+00:00,1621|3544
2338,4a3d70c9f964a52046a21fe3,2620,0,2,2012-12-08 03:28:00+00:00,2012-12-08 03:28:00+00:00,2976|4579
2339,4a3d735cf964a5204ba21fe3,2621,0,2,2012-04-28 14:13:00+00:00,2012-04-28 14:13:00+00:00,4765|5068
2340,4a3df25ff964a520c2a21fe3,2624,0,2,2012-05-19 17:51:00+00:00,2012-05-19 17:51:00+00:00,914|2316
2341,4a3df25ff964a520c2a21fe3,2624,0,2,2013-03-08 18:20:00+00:00,2013-03-08 18:20:00+00:00,4001|6703
2342,4a3e6aaef964a520e7a21fe3,2629,0,2,2012-07-13 14:23:00+00:00,2012-07-13 14:23:00+00:00,1501|1734
2343,4a3ecf0cf964a52075a31fe3,2634,0,2,2012-08-12 18:03:00+00:00,2012-08-12 18:03:00+00:00,480|866
2344,4a3f28d1f964a520b6a31fe3,2638,0,2,2012-04-08 20:17:00+00:00,2012-04-08 20:17:00+00:00,1629|2740
2345,4a3f28d1f964a520b6a31fe3,2638,0,2,2012-06-10 05:06:00+00:00,2012-06-10 05:06:00+00:00,865|2740
2346,4a4138ebf964a520f9a41fe3,2653,0,2,2012-04-03 22:35:00+00:00,2012-04-03 22:35:00+00:00,3192|5090
2347,4a4138ebf964a520f9a41fe3,2653,0,2,2012-04-12 01:03:00+00:00,2012-04-12 01:03:00+00:00,2563|4025
2348,4a4138ebf964a520f9a41fe3,2653,0,2,2012-04-26 01:23:00+00:00,2012-04-26 01:23:00+00:00,830|4845
2349,4a4138ebf964a520f9a41fe3,2653,0,2,2012-05-04 19:30:00+00:00,2012-05-04 19:30:00+00:00,598|3634
2350,4a4138ebf964a520f9a41fe3,2653,0,2,2012-05-05 21:05:00+00:00,2012-05-05 21:05:00+00:00,912|5540
2351,4a4138ebf964a520f9a41fe3,2653,0,2,2012-05-15 22:01:00+00:00,2012-05-15 22:01:00+00:00,3275|5026
2352,4a4138ebf964a520f9a41fe3,2653,0,2,2012-06-11 01:32:00+00:00,2012-06-11 01:32:00+00:00,2771|3027
2353,4a4138ebf964a520f9a41fe3,2653,0,2,2012-07-17 22:11:00+00:00,2012-07-17 22:11:00+00:00,275|5090
2354,4a4138ebf964a520f9a41fe3,2653,0,2,2012-11-12 01:13:00+00:00,2012-11-12 01:13:00+00:00,2771|3027
2355,4a414e48f964a52010a51fe3,2656,0,2,2012-05-29 00:21:00+00:00,2012-05-29 00:21:00+00:00,1826|2340
2356,4a414e48f964a52010a51fe3,2656,0,2,2012-06-17 21:08:00+00:00,2012-06-17 21:08:00+00:00,4915|6008
2357,4a4152d0f964a5201fa51fe3,2660,0,2,2012-05-13 20:21:00+00:00,2012-05-13 20:21:00+00:00,485|1377
2358,4a4152d0f964a5201fa51fe3,2660,0,2,2012-06-03 21:02:00+00:00,2012-06-03 21:02:00+00:00,1028|1708
2359,4a426dc7f964a520d6a51fe3,2668,0,2,2012-11-23 23:00:00+00:00,2012-11-23 23:00:00+00:00,3883|6331
2360,4a43b04ff964a520afa61fe3,2680,0,2,2012-05-19 20:25:00+00:00,2012-05-19 20:25:00+00:00,1135|3214
2361,4a43b04ff964a520afa61fe3,2680,0,2,2012-05-21 23:40:00+00:00,2012-05-21 23:40:00+00:00,4915|6008
2362,4a43bcb7f964a520bba61fe3,2682,0,2,2012-04-16 14:50:00+00:00,2012-04-16 14:50:00+00:00,966|2066
2363,4a43bcb7f964a520bba61fe3,2682,0,2,2012-07-28 16:54:00+00:00,2012-07-28 16:54:00+00:00,622|786
2364,4a452221f964a520d8a71fe3,2690,0,2,2012-04-14 03:24:00+00:00,2012-04-14 03:24:00+00:00,4232|6305
2365,4a452221f964a520d8a71fe3,2690,0,2,2012-05-28 22:38:00+00:00,2012-05-28 22:38:00+00:00,4166|5405
2366,4a452221f964a520d8a71fe3,2690,0,2,2012-08-05 19:58:00+00:00,2012-08-05 19:58:00+00:00,888|3061
2367,4a4560a7f964a5201aa81fe3,2694,0,2,2012-06-17 17:32:00+00:00,2012-06-17 17:32:00+00:00,1224|6693
2368,4a461376f964a52085a81fe3,2700,0,2,2012-05-28 23:49:00+00:00,2012-05-28 23:49:00+00:00,112|720
2369,4a467c60f964a520f1a81fe3,2704,0,2,2012-04-21 14:08:00+00:00,2012-04-21 14:08:00+00:00,2212|2612
2370,4a469daef964a52032a91fe3,2706,0,2,2012-04-23 23:33:00+00:00,2012-04-23 23:33:00+00:00,54|4102
2371,4a469daef964a52032a91fe3,2706,0,2,2012-10-27 02:13:00+00:00,2012-10-27 02:13:00+00:00,423|1634
2372,4a46d25ff964a52088a91fe3,2713,0,4,2012-07-03 22:57:00+00:00,2012-07-03 22:57:00+00:00,69|195|947|3874
2373,4a46d25ff964a52088a91fe3,2713,0,3,2012-09-15 22:46:00+00:00,2012-09-15 22:46:00+00:00,1457|3806|5405
2374,4a47b95cf964a52003aa1fe3,2717,0,2,2012-05-07 20:02:00+00:00,2012-05-07 20:02:00+00:00,2466|5748
2375,4a4821f5f964a52095aa1fe3,2731,0,4,2012-05-13 23:39:00+00:00,2012-05-13 23:39:00+00:00,63|71|1762|3333
2376,4a4821f5f964a52095aa1fe3,2731,0,2,2012-05-19 14:27:00+00:00,2012-05-19 14:27:00+00:00,3941|6194
2377,4a4821f5f964a52095aa1fe3,2731,0,2,2012-05-21 16:20:00+00:00,2012-05-21 16:20:00+00:00,3421|5913
2378,4a4821f5f964a52095aa1fe3,2731,0,2,2012-05-27 20:06:00+00:00,2012-05-27 20:06:00+00:00,3731|4935
2379,4a482800f964a5209daa1fe3,2732,0,2,2012-06-17 21:24:00+00:00,2012-06-17 21:24:00+00:00,2793|4679
2380,4a48466ef964a520a9aa1fe3,2733,0,2,2012-07-11 23:02:00+00:00,2012-07-11 23:02:00+00:00,1643|4594
2381,4a48466ef964a520a9aa1fe3,2733,0,3,2012-07-12 23:28:00+00:00,2012-07-12 23:28:00+00:00,2168|2696|6215
2382,4a48466ef964a520a9aa1fe3,2733,0,3,2012-07-13 17:17:00+00:00,2012-07-13 17:17:00+00:00,260|1344|2598
2383,4a48466ef964a520a9aa1fe3,2733,0,2,2012-07-13 20:01:00+00:00,2012-07-13 20:01:00+00:00,1426|1976
2384,4a48466ef964a520a9aa1fe3,2733,0,2,2012-07-15 20:55:00+00:00,2012-07-15 20:55:00+00:00,1533|5132
2385,4a494ce4f964a5202cab1fe3,2739,0,3,2012-06-09 13:06:00+00:00,2012-06-09 13:06:00+00:00,561|4234|6788
2386,4a498225f964a52064ab1fe3,2742,0,2,2012-05-10 22:28:00+00:00,2012-05-10 22:28:00+00:00,2578|3192
2387,4a498225f964a52064ab1fe3,2742,0,2,2013-03-12 00:18:00+00:00,2013-03-12 00:18:00+00:00,626|2243
2388,4a4a8fb7f964a520f3ab1fe3,2744,0,2,2012-09-15 00:19:00+00:00,2012-09-15 00:19:00+00:00,1109|1110
2389,4a4c5c64f964a52030ad1fe3,2754,0,3,2012-05-16 14:33:00+00:00,2012-05-16 14:33:00+00:00,164|168|380
2390,4a4c5c64f964a52030ad1fe3,2754,0,3,2013-02-07 17:23:00+00:00,2013-02-07 17:23:00+00:00,2621|4208|5492
2391,4a4fa2f5f964a52083af1fe3,2774,0,2,2012-07-28 14:42:00+00:00,2012-07-28 14:42:00+00:00,354|3221
2392,4a4fcd6cf964a520b6af1fe3,2777,0,2,2012-12-02 05:24:00+00:00,2012-12-02 05:24:00+00:00,3437|4980
2393,4a4fdd40f964a520c8af1fe3,2778,0,2,2013-04-06 21:42:00+00:00,2013-04-06 21:42:00+00:00,2048|3292
2394,4a50c752f964a52023b01fe3,2780,0,2,2012-05-25 17:09:00+00:00,2012-05-25 17:09:00+00:00,576|4824
2395,4a50cc93f964a52026b01fe3,2781,0,2,2012-04-17 11:06:00+00:00,2012-04-17 11:06:00+00:00,1892|4845
2396,4a50e8acf964a5203eb01fe3,2783,0,2,2012-04-08 18:27:00+00:00,2012-04-08 18:27:00+00:00,1304|6680
2397,4a50f0a7f964a52047b01fe3,2784,0,2,2012-06-07 20:43:00+00:00,2012-06-07 20:43:00+00:00,328|1243
2398,4a50f449f964a5204fb01fe3,2785,0,3,2012-10-22 23:12:00+00:00,2012-10-22 23:12:00+00:00,45|786|6693
2399,4a529353f964a520bdb11fe3,2800,0,2,2012-11-24 16:09:00+00:00,2012-11-24 16:09:00+00:00,1711|6122
2400,4a529353f964a520bdb11fe3,2800,0,2,2013-02-05 23:24:00+00:00,2013-02-05 23:24:00+00:00,1564|1711
2401,4a53d9a7f964a520c7b21fe3,2808,0,2,2012-04-04 13:41:00+00:00,2012-04-04 13:41:00+00:00,5298|5863
2402,4a53d9a7f964a520c7b21fe3,2808,0,2,2012-04-09 13:33:00+00:00,2012-04-09 13:33:00+00:00,5298|5863
2403,4a53d9a7f964a520c7b21fe3,2808,0,2,2012-04-11 13:29:00+00:00,2012-04-11 13:29:00+00:00,5298|5863
2404,4a53d9a7f964a520c7b21fe3,2808,0,2,2012-04-16 13:10:00+00:00,2012-04-16 13:10:00+00:00,5298|5863
2405,4a53d9a7f964a520c7b21fe3,2808,0,2,2012-04-17 13:28:00+00:00,2012-04-17 13:28:00+00:00,5298|5863
2406,4a53d9a7f964a520c7b21fe3,2808,0,2,2012-04-19 14:11:00+00:00,2012-04-19 14:11:00+00:00,5298|5863
2407,4a53d9a7f964a520c7b21fe3,2808,0,2,2012-04-26 13:28:00+00:00,2012-04-26 13:28:00+00:00,5298|5863
2408,4a53d9a7f964a520c7b21fe3,2808,0,2,2012-05-03 13:47:00+00:00,2012-05-03 13:47:00+00:00,5298|5863
2409,4a53d9a7f964a520c7b21fe3,2808,0,2,2012-05-04 14:13:00+00:00,2012-05-04 14:13:00+00:00,5298|5863
2410,4a53d9a7f964a520c7b21fe3,2808,0,2,2012-05-08 13:53:00+00:00,2012-05-08 13:53:00+00:00,5298|5863
2411,4a53d9a7f964a520c7b21fe3,2808,0,2,2012-05-15 14:25:00+00:00,2012-05-15 14:25:00+00:00,5298|5863
2412,4a53d9a7f964a520c7b21fe3,2808,0,2,2012-05-17 14:08:00+00:00,2012-05-17 14:08:00+00:00,5298|5863
2413,4a53d9a7f964a520c7b21fe3,2808,0,2,2012-05-18 14:12:00+00:00,2012-05-18 14:12:00+00:00,5298|5863
2414,4a53d9a7f964a520c7b21fe3,2808,0,2,2012-05-21 13:17:00+00:00,2012-05-21 13:17:00+00:00,5298|5863
2415,4a53d9a7f964a520c7b21fe3,2808,0,2,2012-05-31 16:18:00+00:00,2012-05-31 16:18:00+00:00,5298|5863
2416,4a53d9a7f964a520c7b21fe3,2808,0,2,2012-06-11 13:28:00+00:00,2012-06-11 13:28:00+00:00,5298|5863
2417,4a53d9a7f964a520c7b21fe3,2808,0,2,2012-06-18 13:24:00+00:00,2012-06-18 13:24:00+00:00,5298|5863
2418,4a53d9a7f964a520c7b21fe3,2808,0,2,2012-07-09 13:15:00+00:00,2012-07-09 13:15:00+00:00,5298|5863
2419,4a53d9a7f964a520c7b21fe3,2808,0,2,2012-07-16 13:36:00+00:00,2012-07-16 13:36:00+00:00,5298|5863
2420,4a53d9a7f964a520c7b21fe3,2808,0,2,2012-07-30 13:22:00+00:00,2012-07-30 13:22:00+00:00,5298|5863
2421,4a53d9a7f964a520c7b21fe3,2808,0,2,2012-08-16 14:26:00+00:00,2012-08-16 14:26:00+00:00,5298|5863
2422,4a53d9a7f964a520c7b21fe3,2808,0,2,2012-08-20 13:34:00+00:00,2012-08-20 13:34:00+00:00,5298|5863
2423,4a54e2b2f964a52062b31fe3,2813,0,2,2013-01-12 15:12:00+00:00,2013-01-12 15:12:00+00:00,296|726
2424,4a54e2b2f964a52062b31fe3,2813,0,2,2013-01-26 16:27:00+00:00,2013-01-26 16:27:00+00:00,296|726
2425,4a55460ef964a520f8b31fe3,2820,0,2,2012-07-07 02:46:00+00:00,2012-07-07 02:46:00+00:00,800|2868
2426,4a55476bf964a520fdb31fe3,2821,0,2,2012-05-21 16:38:00+00:00,2012-05-21 16:38:00+00:00,984|5306
2427,4a562876f964a52096b41fe3,2827,0,2,2013-05-01 06:46:00+00:00,2013-05-01 06:46:00+00:00,5435|5741
2428,4a574d13f964a520fdb51fe3,2841,0,2,2012-04-14 12:50:00+00:00,2012-04-14 12:50:00+00:00,1725|4426
2429,4a574d13f964a520fdb51fe3,2841,0,2,2012-07-09 18:24:00+00:00,2012-07-09 18:24:00+00:00,464|3924
2430,4a5794dbf964a52067b61fe3,2846,0,2,2012-04-20 14:06:00+00:00,2012-04-20 14:06:00+00:00,1037|1621
2431,4a5794dbf964a52067b61fe3,2846,0,2,2012-04-24 14:13:00+00:00,2012-04-24 14:13:00+00:00,1037|1621
2432,4a5794dbf964a52067b61fe3,2846,0,2,2012-05-18 15:04:00+00:00,2012-05-18 15:04:00+00:00,1037|1621
2433,4a5794dbf964a52067b61fe3,2846,0,2,2012-05-29 14:40:00+00:00,2012-05-29 14:40:00+00:00,1037|1621
2434,4a57cf98f964a520ddb61fe3,2851,0,2,2012-10-27 04:31:00+00:00,2012-10-27 04:31:00+00:00,4499|6772
2435,4a57cf98f964a520ddb61fe3,2851,0,2,2012-10-31 22:08:00+00:00,2012-10-31 22:08:00+00:00,528|4327
2436,4a57cf98f964a520ddb61fe3,2851,0,2,2012-10-31 22:08:00+00:00,2012-10-31 22:08:00+00:00,5348|6040
2437,4a57d7e9f964a520ecb61fe3,2852,0,2,2012-06-30 20:32:00+00:00,2012-06-30 20:32:00+00:00,1359|5515
2438,4a588000f964a52086b71fe3,2856,0,2,2012-05-05 13:20:00+00:00,2012-05-05 13:20:00+00:00,664|3935
2439,4a58b7caf964a520b4b71fe3,2859,0,2,2012-07-12 22:10:00+00:00,2012-07-12 22:10:00+00:00,6099|6819
2440,4a58dab8f964a5200bb81fe3,2863,0,2,2012-04-11 18:46:00+00:00,2012-04-11 18:46:00+00:00,480|866
2441,4a58f57ef964a5204db81fe3,2866,0,2,2012-05-08 23:15:00+00:00,2012-05-08 23:15:00+00:00,407|621
2442,4a596c45f964a5205fb91fe3,2874,0,2,2012-04-12 00:47:00+00:00,2012-04-12 00:47:00+00:00,1304|6680
2443,4a596c45f964a5205fb91fe3,2874,0,2,2012-04-12 04:36:00+00:00,2012-04-12 04:36:00+00:00,1304|6680
2444,4a596c45f964a5205fb91fe3,2874,0,3,2012-10-26 01:48:00+00:00,2012-10-26 01:48:00+00:00,1637|2896|4980
2445,4a5a77a4f964a52062ba1fe3,2887,0,3,2012-04-03 20:44:00+00:00,2012-04-03 20:44:00+00:00,1089|2441|5510
2446,4a5a77a4f964a52062ba1fe3,2887,0,3,2012-04-04 11:31:00+00:00,2012-04-04 11:31:00+00:00,1724|2058|6387
2447,4a5a77a4f964a52062ba1fe3,2887,0,3,2012-04-05 11:42:00+00:00,2012-04-05 11:42:00+00:00,736|2137|4567
2448,4a5a77a4f964a52062ba1fe3,2887,0,2,2012-04-07 20:14:00+00:00,2012-04-07 20:14:00+00:00,569|5364
2449,4a5a77a4f964a52062ba1fe3,2887,0,3,2012-04-08 14:04:00+00:00,2012-04-08 14:04:00+00:00,637|646|4567
2450,4a5a77a4f964a52062ba1fe3,2887,0,3,2012-04-09 23:14:00+00:00,2012-04-09 23:14:00+00:00,3623|4008|5988
2451,4a5a77a4f964a52062ba1fe3,2887,0,2,2012-04-10 23:23:00+00:00,2012-04-10 23:23:00+00:00,2347|6100
2452,4a5a77a4f964a52062ba1fe3,2887,0,4,2012-04-11 20:12:00+00:00,2012-04-11 20:12:00+00:00,637|662|1621|2195
2453,4a5a77a4f964a52062ba1fe3,2887,0,2,2012-04-11 23:57:00+00:00,2012-04-11 23:57:00+00:00,2702|5962
2454,4a5a77a4f964a52062ba1fe3,2887,0,4,2012-04-12 12:29:00+00:00,2012-04-12 12:29:00+00:00,770|1485|1724|6387
2455,4a5a77a4f964a52062ba1fe3,2887,0,4,2012-04-12 20:25:00+00:00,2012-04-12 20:25:00+00:00,2119|2347|3952|4134
2456,4a5a77a4f964a52062ba1fe3,2887,0,2,2012-04-13 08:25:00+00:00,2012-04-13 08:25:00+00:00,3536|6387
2457,4a5a77a4f964a52062ba1fe3,2887,0,2,2012-04-13 12:17:00+00:00,2012-04-13 12:17:00+00:00,2016|6219
2458,4a5a77a4f964a52062ba1fe3,2887,0,2,2012-04-13 18:44:00+00:00,2012-04-13 18:44:00+00:00,1197|1199
2459,4a5a77a4f964a52062ba1fe3,2887,0,2,2012-04-14 03:16:00+00:00,2012-04-14 03:16:00+00:00,4303|6044
2460,4a5a77a4f964a52062ba1fe3,2887,0,2,2012-04-14 14:05:00+00:00,2012-04-14 14:05:00+00:00,1658|6387
2461,4a5a77a4f964a52062ba1fe3,2887,0,3,2012-04-15 10:04:00+00:00,2012-04-15 10:04:00+00:00,2195|6219|6387
2462,4a5a77a4f964a52062ba1fe3,2887,0,4,2012-04-16 09:23:00+00:00,2012-04-16 09:23:00+00:00,1658|2066|6387|6624
2463,4a5a77a4f964a52062ba1fe3,2887,0,4,2012-04-16 17:08:00+00:00,2012-04-16 17:08:00+00:00,770|1372|2119|3510
2464,4a5a77a4f964a52062ba1fe3,2887,0,2,2012-04-18 12:33:00+00:00,2012-04-18 12:33:00+00:00,143|5772
2465,4a5a77a4f964a52062ba1fe3,2887,0,3,2012-04-18 17:05:00+00:00,2012-04-18 17:05:00+00:00,800|1384|1658
2466,4a5a77a4f964a52062ba1fe3,2887,0,2,2012-04-18 20:18:00+00:00,2012-04-18 20:18:00+00:00,1766|2119
2467,4a5a77a4f964a52062ba1fe3,2887,0,2,2012-04-19 10:29:00+00:00,2012-04-19 10:29:00+00:00,354|1037
2468,4a5a77a4f964a52062ba1fe3,2887,0,2,2012-04-19 11:10:00+00:00,2012-04-19 11:10:00+00:00,184|6387
2469,4a5a77a4f964a52062ba1fe3,2887,0,5,2012-04-19 20:39:00+00:00,2012-04-19 20:39:00+00:00,46|1037|1465|4252|5258
2470,4a5a77a4f964a52062ba1fe3,2887,0,2,2012-04-19 23:14:00+00:00,2012-04-19 23:14:00+00:00,1766|2573
2471,4a5a77a4f964a52062ba1fe3,2887,0,2,2012-04-20 15:32:00+00:00,2012-04-20 15:32:00+00:00,475|1121
2472,4a5a77a4f964a52062ba1fe3,2887,0,2,2012-04-20 17:45:00+00:00,2012-04-20 17:45:00+00:00,2357|4827
2473,4a5a77a4f964a52062ba1fe3,2887,0,2,2012-04-21 00:09:00+00:00,2012-04-21 00:09:00+00:00,1075|2066
2474,4a5a77a4f964a52062ba1fe3,2887,0,2,2012-04-22 12:54:00+00:00,2012-04-22 12:54:00+00:00,3443|6387
2475,4a5a77a4f964a52062ba1fe3,2887,0,2,2012-04-22 15:47:00+00:00,2012-04-22 15:47:00+00:00,569|2357
2476,4a5a77a4f964a52062ba1fe3,2887,0,2,2012-04-23 00:17:00+00:00,2012-04-23 00:17:00+00:00,187|3255
2477,4a5a77a4f964a52062ba1fe3,2887,0,3,2012-04-23 10:07:00+00:00,2012-04-23 10:07:00+00:00,354|730|1658
2478,4a5a77a4f964a52062ba1fe3,2887,0,4,2012-04-23 11:01:00+00:00,2012-04-23 11:01:00+00:00,1085|2622|4567|6387
2479,4a5a77a4f964a52062ba1fe3,2887,0,3,2012-04-23 14:39:00+00:00,2012-04-23 14:39:00+00:00,475|1294|2017
2480,4a5a77a4f964a52062ba1fe3,2887,0,3,2012-04-23 18:28:00+00:00,2012-04-23 18:28:00+00:00,694|4252|5364
2481,4a5a77a4f964a52062ba1fe3,2887,0,2,2012-04-23 23:20:00+00:00,2012-04-23 23:20:00+00:00,354|730
2482,4a5a77a4f964a52062ba1fe3,2887,0,2,2012-04-24 10:06:00+00:00,2012-04-24 10:06:00+00:00,2195|6387
2483,4a5a77a4f964a52062ba1fe3,2887,0,2,2012-04-24 15:55:00+00:00,2012-04-24 15:55:00+00:00,2017|2317
2484,4a5a77a4f964a52062ba1fe3,2887,0,2,2012-04-25 11:14:00+00:00,2012-04-25 11:14:00+00:00,354|1658
2485,4a5a77a4f964a52062ba1fe3,2887,0,2,2012-04-25 18:15:00+00:00,2012-04-25 18:15:00+00:00,2142|6387
2486,4a5a77a4f964a52062ba1fe3,2887,0,3,2012-04-27 11:02:00+00:00,2012-04-27 11:02:00+00:00,694|931|2953
2487,4a5a77a4f964a52062ba1fe3,2887,0,3,2012-04-27 16:12:00+00:00,2012-04-27 16:12:00+00:00,646|2772|4845
2488,4a5a77a4f964a52062ba1fe3,2887,0,4,2012-04-28 12:02:00+00:00,2012-04-28 12:02:00+00:00,2843|3289|6085|6387
2489,4a5a77a4f964a52062ba1fe3,2887,0,2,2012-05-01 17:23:00+00:00,2012-05-01 17:23:00+00:00,2066|2441
2490,4a5a77a4f964a52062ba1fe3,2887,0,2,2012-05-02 02:52:00+00:00,2012-05-02 02:52:00+00:00,1658|4333
2491,4a5a77a4f964a52062ba1fe3,2887,0,2,2012-05-03 09:19:00+00:00,2012-05-03 09:19:00+00:00,2195|2644
2492,4a5a77a4f964a52062ba1fe3,2887,0,2,2012-05-03 11:57:00+00:00,2012-05-03 11:57:00+00:00,4134|6387
2493,4a5a77a4f964a52062ba1fe3,2887,0,2,2012-05-03 23:01:00+00:00,2012-05-03 23:01:00+00:00,211|2757
2494,4a5a77a4f964a52062ba1fe3,2887,0,2,2012-05-04 02:37:00+00:00,2012-05-04 02:37:00+00:00,634|2058
2495,4a5a77a4f964a52062ba1fe3,2887,0,4,2012-05-04 12:12:00+00:00,2012-05-04 12:12:00+00:00,864|2328|4535|6387
2496,4a5a77a4f964a52062ba1fe3,2887,0,2,2012-05-04 15:04:00+00:00,2012-05-04 15:04:00+00:00,2563|4502
2497,4a5a77a4f964a52062ba1fe3,2887,0,3,2012-05-04 23:12:00+00:00,2012-05-04 23:12:00+00:00,1041|1075|2066
2498,4a5a77a4f964a52062ba1fe3,2887,0,3,2012-05-05 02:51:00+00:00,2012-05-05 02:51:00+00:00,372|3150|4697
2499,4a5a77a4f964a52062ba1fe3,2887,0,2,2012-05-05 11:52:00+00:00,2012-05-05 11:52:00+00:00,6219|6387
2500,4a5a77a4f964a52062ba1fe3,2887,0,5,2012-05-05 17:15:00+00:00,2012-05-05 17:15:00+00:00,1658|2622|2843|3255|3954
2501,4a5a77a4f964a52062ba1fe3,2887,0,2,2012-05-06 17:39:00+00:00,2012-05-06 17:39:00+00:00,1089|2647
2502,4a5a77a4f964a52062ba1fe3,2887,0,4,2012-05-06 20:26:00+00:00,2012-05-06 20:26:00+00:00,1028|1590|2563|4514
2503,4a5a77a4f964a52062ba1fe3,2887,0,3,2012-05-07 00:55:00+00:00,2012-05-07 00:55:00+00:00,747|1676|2472
2504,4a5a77a4f964a52062ba1fe3,2887,0,4,2012-05-07 09:14:00+00:00,2012-05-07 09:14:00+00:00,1658|2371|2563|3414
2505,4a5a77a4f964a52062ba1fe3,2887,0,4,2012-05-07 11:48:00+00:00,2012-05-07 11:48:00+00:00,646|654|1398|2058
2506,4a5a77a4f964a52062ba1fe3,2887,0,6,2012-05-07 17:49:00+00:00,2012-05-07 17:49:00+00:00,406|921|2753|2843|3075|4179
2507,4a5a77a4f964a52062ba1fe3,2887,0,2,2012-05-08 20:40:00+00:00,2012-05-08 20:40:00+00:00,27|4535
2508,4a5a77a4f964a52062ba1fe3,2887,0,2,2012-05-08 23:10:00+00:00,2012-05-08 23:10:00+00:00,817|2058
2509,4a5a77a4f964a52062ba1fe3,2887,0,2,2012-05-09 03:07:00+00:00,2012-05-09 03:07:00+00:00,1658|2195
2510,4a5a77a4f964a52062ba1fe3,2887,0,3,2012-05-09 11:46:00+00:00,2012-05-09 11:46:00+00:00,1766|5951|6219
2511,4a5a77a4f964a52062ba1fe3,2887,0,3,2012-05-09 14:12:00+00:00,2012-05-09 14:12:00+00:00,594|1294|3739
2512,4a5a77a4f964a52062ba1fe3,2887,0,3,2012-05-09 17:05:00+00:00,2012-05-09 17:05:00+00:00,95|1028|2154
2513,4a5a77a4f964a52062ba1fe3,2887,0,2,2012-05-10 20:30:00+00:00,2012-05-10 20:30:00+00:00,2058|3401
2514,4a5a77a4f964a52062ba1fe3,2887,0,3,2012-05-10 23:38:00+00:00,2012-05-10 23:38:00+00:00,654|2154|2622
2515,4a5a77a4f964a52062ba1fe3,2887,0,6,2012-05-11 11:15:00+00:00,2012-05-11 11:15:00+00:00,27|921|1960|2062|6219|6387
2516,4a5a77a4f964a52062ba1fe3,2887,0,3,2012-05-11 17:11:00+00:00,2012-05-11 17:11:00+00:00,1766|2015|4514
2517,4a5a77a4f964a52062ba1fe3,2887,0,4,2012-05-11 20:29:00+00:00,2012-05-11 20:29:00+00:00,1211|1238|2357|4426
2518,4a5a77a4f964a52062ba1fe3,2887,0,3,2012-05-11 23:04:00+00:00,2012-05-11 23:04:00+00:00,1398|2843|3167
2519,4a5a77a4f964a52062ba1fe3,2887,0,5,2012-05-12 14:21:00+00:00,2012-05-12 14:21:00+00:00,730|1294|1658|2848|4283
2520,4a5a77a4f964a52062ba1fe3,2887,0,3,2012-05-13 11:00:00+00:00,2012-05-13 11:00:00+00:00,2015|2757|6387
2521,4a5a77a4f964a52062ba1fe3,2887,0,2,2012-05-13 17:19:00+00:00,2012-05-13 17:19:00+00:00,1211|4567
2522,4a5a77a4f964a52062ba1fe3,2887,0,4,2012-05-13 20:27:00+00:00,2012-05-13 20:27:00+00:00,2058|4535|6219|6288
2523,4a5a77a4f964a52062ba1fe3,2887,0,2,2012-05-14 09:49:00+00:00,2012-05-14 09:49:00+00:00,1658|6387
2524,4a5a77a4f964a52062ba1fe3,2887,0,4,2012-05-14 11:52:00+00:00,2012-05-14 11:52:00+00:00,95|569|646|5756
2525,4a5a77a4f964a52062ba1fe3,2887,0,5,2012-05-14 14:11:00+00:00,2012-05-14 14:11:00+00:00,189|1766|3510|5685|6219
2526,4a5a77a4f964a52062ba1fe3,2887,0,3,2012-05-15 02:04:00+00:00,2012-05-15 02:04:00+00:00,1210|1416|2058
2527,4a5a77a4f964a52062ba1fe3,2887,0,3,2012-05-15 18:51:00+00:00,2012-05-15 18:51:00+00:00,1238|2017|2713
2528,4a5a77a4f964a52062ba1fe3,2887,0,3,2012-05-16 02:32:00+00:00,2012-05-16 02:32:00+00:00,1658|3167|3768
2529,4a5a77a4f964a52062ba1fe3,2887,0,2,2012-05-16 15:46:00+00:00,2012-05-16 15:46:00+00:00,46|1238
2530,4a5a77a4f964a52062ba1fe3,2887,0,2,2012-05-16 17:42:00+00:00,2012-05-16 17:42:00+00:00,730|4188
2531,4a5a77a4f964a52062ba1fe3,2887,0,3,2012-05-17 09:25:00+00:00,2012-05-17 09:25:00+00:00,4283|6387|6467
2532,4a5a77a4f964a52062ba1fe3,2887,0,3,2012-05-17 11:00:00+00:00,2012-05-17 11:00:00+00:00,1724|2757|5579
2533,4a5a77a4f964a52062ba1fe3,2887,0,5,2012-05-17 17:05:00+00:00,2012-05-17 17:05:00+00:00,688|1062|1766|2843|5364
2534,4a5a77a4f964a52062ba1fe3,2887,0,2,2012-05-18 14:14:00+00:00,2012-05-18 14:14:00+00:00,569|1197
2535,4a5a77a4f964a52062ba1fe3,2887,0,4,2012-05-18 23:10:00+00:00,2012-05-18 23:10:00+00:00,235|301|1320|2799
2536,4a5a77a4f964a52062ba1fe3,2887,0,2,2012-05-19 08:59:00+00:00,2012-05-19 08:59:00+00:00,2848|6387
2537,4a5a77a4f964a52062ba1fe3,2887,0,2,2012-05-19 11:02:00+00:00,2012-05-19 11:02:00+00:00,311|2195
2538,4a5a77a4f964a52062ba1fe3,2887,0,4,2012-05-21 11:20:00+00:00,2012-05-21 11:20:00+00:00,364|634|981|2429
2539,4a5a77a4f964a52062ba1fe3,2887,0,2,2012-05-21 14:06:00+00:00,2012-05-21 14:06:00+00:00,594|2194
2540,4a5a77a4f964a52062ba1fe3,2887,0,2,2012-05-21 17:28:00+00:00,2012-05-21 17:28:00+00:00,646|3510
2541,4a5a77a4f964a52062ba1fe3,2887,0,3,2012-05-22 14:44:00+00:00,2012-05-22 14:44:00+00:00,2430|5067|6219
2542,4a5a77a4f964a52062ba1fe3,2887,0,2,2012-05-23 17:07:00+00:00,2012-05-23 17:07:00+00:00,1456|5510
2543,4a5a77a4f964a52062ba1fe3,2887,0,6,2012-05-25 11:58:00+00:00,2012-05-25 11:58:00+00:00,1238|1503|1536|2062|3670|6065
2544,4a5a77a4f964a52062ba1fe3,2887,0,2,2012-05-25 15:04:00+00:00,2012-05-25 15:04:00+00:00,2430|3688
2545,4a5a77a4f964a52062ba1fe3,2887,0,4,2012-05-25 23:35:00+00:00,2012-05-25 23:35:00+00:00,794|2644|5586|6219
2546,4a5a77a4f964a52062ba1fe3,2887,0,2,2012-05-27 10:06:00+00:00,2012-05-27 10:06:00+00:00,4559|6387
2547,4a5a77a4f964a52062ba1fe3,2887,0,3,2012-05-27 18:19:00+00:00,2012-05-27 18:19:00+00:00,3456|5364|6841
2548,4a5a77a4f964a52062ba1fe3,2887,0,2,2012-05-28 12:37:00+00:00,2012-05-28 12:37:00+00:00,1658|4955
2549,4a5a77a4f964a52062ba1fe3,2887,0,2,2012-05-28 17:35:00+00:00,2012-05-28 17:35:00+00:00,324|5364
2550,4a5a77a4f964a52062ba1fe3,2887,0,3,2012-05-28 21:42:00+00:00,2012-05-28 21:42:00+00:00,2843|5867|6219
2551,4a5a77a4f964a52062ba1fe3,2887,0,3,2012-05-28 23:19:00+00:00,2012-05-28 23:19:00+00:00,1536|4567|4971
2552,4a5a77a4f964a52062ba1fe3,2887,0,2,2012-05-31 21:10:00+00:00,2012-05-31 21:10:00+00:00,2017|6760
2553,4a5a77a4f964a52062ba1fe3,2887,0,3,2012-06-01 09:14:00+00:00,2012-06-01 09:14:00+00:00,296|6099|6834
2554,4a5a77a4f964a52062ba1fe3,2887,0,2,2012-06-01 11:01:00+00:00,2012-06-01 11:01:00+00:00,1197|6387
2555,4a5a77a4f964a52062ba1fe3,2887,0,2,2012-06-01 17:29:00+00:00,2012-06-01 17:29:00+00:00,481|1934
2556,4a5a77a4f964a52062ba1fe3,2887,0,3,2012-06-03 14:07:00+00:00,2012-06-03 14:07:00+00:00,638|5415|5867
2557,4a5a77a4f964a52062ba1fe3,2887,0,2,2012-06-04 00:45:00+00:00,2012-06-04 00:45:00+00:00,654|1384
2558,4a5a77a4f964a52062ba1fe3,2887,0,2,2012-06-04 09:54:00+00:00,2012-06-04 09:54:00+00:00,981|2066
2559,4a5a77a4f964a52062ba1fe3,2887,0,3,2012-06-04 12:16:00+00:00,2012-06-04 12:16:00+00:00,73|6387|6568
2560,4a5a77a4f964a52062ba1fe3,2887,0,2,2012-06-05 08:20:00+00:00,2012-06-05 08:20:00+00:00,5961|6387
2561,4a5a77a4f964a52062ba1fe3,2887,0,2,2012-06-05 11:12:00+00:00,2012-06-05 11:12:00+00:00,646|1520
2562,4a5a77a4f964a52062ba1fe3,2887,0,4,2012-06-06 13:13:00+00:00,2012-06-06 13:13:00+00:00,3002|4535|6219|6387
2563,4a5a77a4f964a52062ba1fe3,2887,0,2,2012-06-06 20:46:00+00:00,2012-06-06 20:46:00+00:00,1658|3670
2564,4a5a77a4f964a52062ba1fe3,2887,0,2,2012-06-07 09:51:00+00:00,2012-06-07 09:51:00+00:00,768|6387
2565,4a5a77a4f964a52062ba1fe3,2887,0,2,2012-06-07 13:28:00+00:00,2012-06-07 13:28:00+00:00,283|487
2566,4a5a77a4f964a52062ba1fe3,2887,0,2,2012-06-07 15:49:00+00:00,2012-06-07 15:49:00+00:00,1059|1766
2567,4a5a77a4f964a52062ba1fe3,2887,0,2,2012-06-07 18:18:00+00:00,2012-06-07 18:18:00+00:00,1900|3919
2568,4a5a77a4f964a52062ba1fe3,2887,0,2,2012-06-07 21:09:00+00:00,2012-06-07 21:09:00+00:00,2232|3931
2569,4a5a77a4f964a52062ba1fe3,2887,0,3,2012-06-08 18:30:00+00:00,2012-06-08 18:30:00+00:00,481|646|4530
2570,4a5a77a4f964a52062ba1fe3,2887,0,4,2012-06-08 23:05:00+00:00,2012-06-08 23:05:00+00:00,70|1527|1754|2066
2571,4a5a77a4f964a52062ba1fe3,2887,0,2,2012-06-09 02:40:00+00:00,2012-06-09 02:40:00+00:00,1074|1083
2572,4a5a77a4f964a52062ba1fe3,2887,0,2,2012-06-11 10:42:00+00:00,2012-06-11 10:42:00+00:00,1083|1778
2573,4a5a77a4f964a52062ba1fe3,2887,0,2,2012-06-14 09:43:00+00:00,2012-06-14 09:43:00+00:00,315|1552
2574,4a5a77a4f964a52062ba1fe3,2887,0,2,2012-06-15 11:26:00+00:00,2012-06-15 11:26:00+00:00,1724|2456
2575,4a5a77a4f964a52062ba1fe3,2887,0,2,2012-06-17 14:17:00+00:00,2012-06-17 14:17:00+00:00,697|1724
2576,4a5a77a4f964a52062ba1fe3,2887,0,2,2012-06-17 17:22:00+00:00,2012-06-17 17:22:00+00:00,602|3910
2577,4a5a77a4f964a52062ba1fe3,2887,0,2,2012-06-17 21:20:00+00:00,2012-06-17 21:20:00+00:00,110|981
2578,4a5a77a4f964a52062ba1fe3,2887,0,2,2012-06-17 23:02:00+00:00,2012-06-17 23:02:00+00:00,654|3465
2579,4a5a77a4f964a52062ba1fe3,2887,0,2,2012-06-20 23:23:00+00:00,2012-06-20 23:23:00+00:00,623|2430
2580,4a5a77a4f964a52062ba1fe3,2887,0,2,2012-06-21 10:04:00+00:00,2012-06-21 10:04:00+00:00,1658|3544
2581,4a5a77a4f964a52062ba1fe3,2887,0,4,2012-06-21 11:28:00+00:00,2012-06-21 11:28:00+00:00,1724|3883|5951|6387
2582,4a5a77a4f964a52062ba1fe3,2887,0,3,2012-06-27 00:35:00+00:00,2012-06-27 00:35:00+00:00,441|1658|3900
2583,4a5a77a4f964a52062ba1fe3,2887,0,3,2012-07-02 14:31:00+00:00,2012-07-02 14:31:00+00:00,1533|2017|2622
2584,4a5a77a4f964a52062ba1fe3,2887,0,2,2012-07-04 12:17:00+00:00,2012-07-04 12:17:00+00:00,856|6499
2585,4a5a77a4f964a52062ba1fe3,2887,0,3,2012-07-04 15:00:00+00:00,2012-07-04 15:00:00+00:00,770|1059|1676
2586,4a5a77a4f964a52062ba1fe3,2887,0,2,2012-07-05 11:47:00+00:00,2012-07-05 11:47:00+00:00,3869|4863
2587,4a5a77a4f964a52062ba1fe3,2887,0,2,2012-07-06 14:25:00+00:00,2012-07-06 14:25:00+00:00,251|3318
2588,4a5a77a4f964a52062ba1fe3,2887,0,2,2012-07-06 20:44:00+00:00,2012-07-06 20:44:00+00:00,411|6219
2589,4a5a77a4f964a52062ba1fe3,2887,0,2,2012-07-07 17:30:00+00:00,2012-07-07 17:30:00+00:00,4333|6591
2590,4a5a77a4f964a52062ba1fe3,2887,0,2,2012-07-09 00:19:00+00:00,2012-07-09 00:19:00+00:00,411|675
2591,4a5a77a4f964a52062ba1fe3,2887,0,2,2012-07-09 09:58:00+00:00,2012-07-09 09:58:00+00:00,299|2066
2592,4a5a77a4f964a52062ba1fe3,2887,0,2,2012-07-09 11:07:00+00:00,2012-07-09 11:07:00+00:00,675|5322
2593,4a5a77a4f964a52062ba1fe3,2887,0,2,2012-07-09 17:07:00+00:00,2012-07-09 17:07:00+00:00,675|1621
2594,4a5a77a4f964a52062ba1fe3,2887,0,3,2012-07-10 23:35:00+00:00,2012-07-10 23:35:00+00:00,700|930|1751
2595,4a5a77a4f964a52062ba1fe3,2887,0,3,2012-07-11 02:59:00+00:00,2012-07-11 02:59:00+00:00,1398|1621|1658
2596,4a5a77a4f964a52062ba1fe3,2887,0,3,2012-07-11 08:32:00+00:00,2012-07-11 08:32:00+00:00,2579|4535|6331
2597,4a5a77a4f964a52062ba1fe3,2887,0,3,2012-07-11 11:48:00+00:00,2012-07-11 11:48:00+00:00,1121|2219|2622
2598,4a5a77a4f964a52062ba1fe3,2887,0,2,2012-07-11 20:53:00+00:00,2012-07-11 20:53:00+00:00,768|6219
2599,4a5a77a4f964a52062ba1fe3,2887,0,3,2012-07-12 11:23:00+00:00,2012-07-12 11:23:00+00:00,1302|1643|4430
2600,4a5a77a4f964a52062ba1fe3,2887,0,2,2012-07-13 11:55:00+00:00,2012-07-13 11:55:00+00:00,654|1028
2601,4a5a77a4f964a52062ba1fe3,2887,0,2,2012-07-13 17:47:00+00:00,2012-07-13 17:47:00+00:00,1766|6187
2602,4a5a77a4f964a52062ba1fe3,2887,0,2,2012-07-14 00:07:00+00:00,2012-07-14 00:07:00+00:00,1075|2441
2603,4a5a77a4f964a52062ba1fe3,2887,0,2,2012-07-14 02:19:00+00:00,2012-07-14 02:19:00+00:00,1751|5293
2604,4a5a77a4f964a52062ba1fe3,2887,0,2,2012-07-15 17:03:00+00:00,2012-07-15 17:03:00+00:00,2757|5322
2605,4a5a77a4f964a52062ba1fe3,2887,0,2,2012-07-15 23:04:00+00:00,2012-07-15 23:04:00+00:00,637|654
2606,4a5a77a4f964a52062ba1fe3,2887,0,2,2012-07-18 23:02:00+00:00,2012-07-18 23:02:00+00:00,637|1037
2607,4a5a77a4f964a52062ba1fe3,2887,0,2,2012-07-24 12:53:00+00:00,2012-07-24 12:53:00+00:00,296|5847
2608,4a5a77a4f964a52062ba1fe3,2887,0,2,2012-07-24 17:19:00+00:00,2012-07-24 17:19:00+00:00,1384|4364
2609,4a5a77a4f964a52062ba1fe3,2887,0,4,2012-07-28 17:51:00+00:00,2012-07-28 17:51:00+00:00,46|1658|2066|4631
2610,4a5a77a4f964a52062ba1fe3,2887,0,2,2012-07-30 09:32:00+00:00,2012-07-30 09:32:00+00:00,1072|6219
2611,4a5a77a4f964a52062ba1fe3,2887,0,4,2012-08-05 20:21:00+00:00,2012-08-05 20:21:00+00:00,988|1802|2741|4535
2612,4a5a77a4f964a52062ba1fe3,2887,0,2,2012-08-10 08:37:00+00:00,2012-08-10 08:37:00+00:00,3834|6219
2613,4a5a77a4f964a52062ba1fe3,2887,0,2,2012-08-10 17:54:00+00:00,2012-08-10 17:54:00+00:00,466|5301
2614,4a5a77a4f964a52062ba1fe3,2887,0,2,2012-08-10 23:58:00+00:00,2012-08-10 23:58:00+00:00,28|184
2615,4a5a77a4f964a52062ba1fe3,2887,0,3,2012-08-12 17:11:00+00:00,2012-08-12 17:11:00+00:00,475|2001|3834
2616,4a5a77a4f964a52062ba1fe3,2887,0,2,2012-08-12 22:41:00+00:00,2012-08-12 22:41:00+00:00,28|637
2617,4a5a77a4f964a52062ba1fe3,2887,0,2,2012-08-13 15:05:00+00:00,2012-08-13 15:05:00+00:00,2430|6219
2618,4a5a77a4f964a52062ba1fe3,2887,0,3,2012-08-14 11:53:00+00:00,2012-08-14 11:53:00+00:00,301|5847|5961
2619,4a5a77a4f964a52062ba1fe3,2887,0,2,2012-08-16 17:05:00+00:00,2012-08-16 17:05:00+00:00,1802|3161
2620,4a5a77a4f964a52062ba1fe3,2887,0,2,2012-08-17 14:19:00+00:00,2012-08-17 14:19:00+00:00,594|1005
2621,4a5a77a4f964a52062ba1fe3,2887,0,2,2012-08-17 20:58:00+00:00,2012-08-17 20:58:00+00:00,1228|5686
2622,4a5a77a4f964a52062ba1fe3,2887,0,2,2012-08-18 18:10:00+00:00,2012-08-18 18:10:00+00:00,235|2015
2623,4a5a77a4f964a52062ba1fe3,2887,0,3,2012-08-20 00:03:00+00:00,2012-08-20 00:03:00+00:00,296|3939|4947
2624,4a5a77a4f964a52062ba1fe3,2887,0,3,2012-09-05 20:00:00+00:00,2012-09-05 20:00:00+00:00,2573|3900|5510
2625,4a5a77a4f964a52062ba1fe3,2887,0,2,2012-09-09 20:59:00+00:00,2012-09-09 20:59:00+00:00,2062|6450
2626,4a5a77a4f964a52062ba1fe3,2887,0,2,2012-09-13 10:07:00+00:00,2012-09-13 10:07:00+00:00,315|1658
2627,4a5a77a4f964a52062ba1fe3,2887,0,4,2012-09-13 11:32:00+00:00,2012-09-13 11:32:00+00:00,78|1711|1766|4426
2628,4a5a77a4f964a52062ba1fe3,2887,0,2,2012-09-14 14:33:00+00:00,2012-09-14 14:33:00+00:00,569|1089
2629,4a5a77a4f964a52062ba1fe3,2887,0,2,2012-09-14 20:24:00+00:00,2012-09-14 20:24:00+00:00,637|4947
2630,4a5a77a4f964a52062ba1fe3,2887,0,3,2012-09-14 23:11:00+00:00,2012-09-14 23:11:00+00:00,3091|4947|5364
2631,4a5a77a4f964a52062ba1fe3,2887,0,3,2012-09-15 14:22:00+00:00,2012-09-15 14:22:00+00:00,487|1968|6467
2632,4a5a77a4f964a52062ba1fe3,2887,0,3,2012-09-15 20:23:00+00:00,2012-09-15 20:23:00+00:00,1306|2039|4947
2633,4a5a77a4f964a52062ba1fe3,2887,0,2,2012-10-08 17:16:00+00:00,2012-10-08 17:16:00+00:00,114|1571
2634,4a5a77a4f964a52062ba1fe3,2887,0,3,2012-10-11 23:48:00+00:00,2012-10-11 23:48:00+00:00,1485|1802|2137
2635,4a5a77a4f964a52062ba1fe3,2887,0,3,2012-10-12 17:45:00+00:00,2012-10-12 17:45:00+00:00,981|1766|4397
2636,4a5a77a4f964a52062ba1fe3,2887,0,3,2012-10-13 00:42:00+00:00,2012-10-13 00:42:00+00:00,1072|1935|4016
2637,4a5a77a4f964a52062ba1fe3,2887,0,2,2012-10-13 12:04:00+00:00,2012-10-13 12:04:00+00:00,1878|2843
2638,4a5a77a4f964a52062ba1fe3,2887,0,2,2012-10-17 11:21:00+00:00,2012-10-17 11:21:00+00:00,827|1802
2639,4a5a77a4f964a52062ba1fe3,2887,0,2,2012-10-18 23:48:00+00:00,2012-10-18 23:48:00+00:00,3247|3900
2640,4a5a77a4f964a52062ba1fe3,2887,0,2,2012-10-19 19:08:00+00:00,2012-10-19 19:08:00+00:00,988|6049
2641,4a5a77a4f964a52062ba1fe3,2887,0,2,2012-10-19 20:32:00+00:00,2012-10-19 20:32:00+00:00,1859|3816
2642,4a5a77a4f964a52062ba1fe3,2887,0,2,2012-10-22 23:54:00+00:00,2012-10-22 23:54:00+00:00,6049|6219
2643,4a5a77a4f964a52062ba1fe3,2887,0,2,2012-10-23 11:36:00+00:00,2012-10-23 11:36:00+00:00,2953|6433
2644,4a5a77a4f964a52062ba1fe3,2887,0,2,2012-10-24 20:14:00+00:00,2012-10-24 20:14:00+00:00,1195|2757
2645,4a5a77a4f964a52062ba1fe3,2887,0,2,2012-10-25 11:35:00+00:00,2012-10-25 11:35:00+00:00,1768|5987
2646,4a5a77a4f964a52062ba1fe3,2887,0,3,2012-10-25 18:34:00+00:00,2012-10-25 18:34:00+00:00,1056|1195|1244
2647,4a5a77a4f964a52062ba1fe3,2887,0,2,2012-10-26 11:10:00+00:00,2012-10-26 11:10:00+00:00,27|105
2648,4a5a77a4f964a52062ba1fe3,2887,0,2,2012-10-28 23:18:00+00:00,2012-10-28 23:18:00+00:00,594|2430
2649,4a5a77a4f964a52062ba1fe3,2887,0,2,2012-11-02 09:32:00+00:00,2012-11-02 09:32:00+00:00,1741|2352
2650,4a5a77a4f964a52062ba1fe3,2887,0,3,2012-11-06 00:06:00+00:00,2012-11-06 00:06:00+00:00,1428|1452|4947
2651,4a5a77a4f964a52062ba1fe3,2887,0,2,2012-11-06 18:42:00+00:00,2012-11-06 18:42:00+00:00,114|2534
2652,4a5a77a4f964a52062ba1fe3,2887,0,2,2012-11-06 22:51:00+00:00,2012-11-06 22:51:00+00:00,2757|6219
2653,4a5a77a4f964a52062ba1fe3,2887,0,2,2012-11-07 12:06:00+00:00,2012-11-07 12:06:00+00:00,1096|1508
2654,4a5a77a4f964a52062ba1fe3,2887,0,2,2012-11-09 12:07:00+00:00,2012-11-09 12:07:00+00:00,462|1741
2655,4a5a77a4f964a52062ba1fe3,2887,0,2,2012-11-09 18:26:00+00:00,2012-11-09 18:26:00+00:00,64|1658
2656,4a5a77a4f964a52062ba1fe3,2887,0,2,2012-11-09 21:41:00+00:00,2012-11-09 21:41:00+00:00,466|6219
2657,4a5a77a4f964a52062ba1fe3,2887,0,2,2012-11-12 01:11:00+00:00,2012-11-12 01:11:00+00:00,4947|6219
2658,4a5a77a4f964a52062ba1fe3,2887,0,2,2012-11-12 11:06:00+00:00,2012-11-12 11:06:00+00:00,1658|3900
2659,4a5a77a4f964a52062ba1fe3,2887,0,3,2012-11-13 00:54:00+00:00,2012-11-13 00:54:00+00:00,2119|2352|2907
2660,4a5a77a4f964a52062ba1fe3,2887,0,2,2012-11-20 19:19:00+00:00,2012-11-20 19:19:00+00:00,963|6392
2661,4a5a77a4f964a52062ba1fe3,2887,0,2,2012-11-21 00:24:00+00:00,2012-11-21 00:24:00+00:00,3075|3161
2662,4a5a77a4f964a52062ba1fe3,2887,0,4,2012-11-22 12:19:00+00:00,2012-11-22 12:19:00+00:00,944|1369|1831|6049
2663,4a5a77a4f964a52062ba1fe3,2887,0,2,2012-11-23 15:47:00+00:00,2012-11-23 15:47:00+00:00,411|2043
2664,4a5a77a4f964a52062ba1fe3,2887,0,2,2012-11-25 16:13:00+00:00,2012-11-25 16:13:00+00:00,4947|6012
2665,4a5a77a4f964a52062ba1fe3,2887,0,2,2012-11-25 22:05:00+00:00,2012-11-25 22:05:00+00:00,2565|3075
2666,4a5a77a4f964a52062ba1fe3,2887,0,3,2012-11-26 00:30:00+00:00,2012-11-26 00:30:00+00:00,75|3150|6654
2667,4a5a77a4f964a52062ba1fe3,2887,0,2,2012-11-26 10:03:00+00:00,2012-11-26 10:03:00+00:00,3900|6387
2668,4a5a77a4f964a52062ba1fe3,2887,0,2,2012-11-27 10:50:00+00:00,2012-11-27 10:50:00+00:00,3221|4362
2669,4a5a77a4f964a52062ba1fe3,2887,0,2,2012-11-27 15:31:00+00:00,2012-11-27 15:31:00+00:00,963|1058
2670,4a5a77a4f964a52062ba1fe3,2887,0,2,2012-11-30 22:30:00+00:00,2012-11-30 22:30:00+00:00,637|2119
2671,4a5a77a4f964a52062ba1fe3,2887,0,2,2012-12-03 11:02:00+00:00,2012-12-03 11:02:00+00:00,1542|2772
2672,4a5a77a4f964a52062ba1fe3,2887,0,3,2012-12-03 12:28:00+00:00,2012-12-03 12:28:00+00:00,2304|2676|6387
2673,4a5a77a4f964a52062ba1fe3,2887,0,2,2012-12-03 23:27:00+00:00,2012-12-03 23:27:00+00:00,2418|6607
2674,4a5a77a4f964a52062ba1fe3,2887,0,2,2012-12-04 13:32:00+00:00,2012-12-04 13:32:00+00:00,296|5301
2675,4a5a77a4f964a52062ba1fe3,2887,0,2,2012-12-04 18:56:00+00:00,2012-12-04 18:56:00+00:00,2819|5301
2676,4a5a77a4f964a52062ba1fe3,2887,0,2,2012-12-04 21:35:00+00:00,2012-12-04 21:35:00+00:00,2455|3816
2677,4a5a77a4f964a52062ba1fe3,2887,0,2,2012-12-06 18:23:00+00:00,2012-12-06 18:23:00+00:00,1802|6593
2678,4a5a77a4f964a52062ba1fe3,2887,0,3,2012-12-06 21:31:00+00:00,2012-12-06 21:31:00+00:00,637|1096|1344
2679,4a5a77a4f964a52062ba1fe3,2887,0,5,2012-12-07 15:20:00+00:00,2012-12-07 15:20:00+00:00,1144|1168|2119|2185|3525
2680,4a5a77a4f964a52062ba1fe3,2887,0,2,2012-12-09 12:19:00+00:00,2012-12-09 12:19:00+00:00,2185|3816
2681,4a5a77a4f964a52062ba1fe3,2887,0,2,2012-12-10 03:31:00+00:00,2012-12-10 03:31:00+00:00,1344|6593
2682,4a5a77a4f964a52062ba1fe3,2887,0,2,2012-12-10 18:42:00+00:00,2012-12-10 18:42:00+00:00,637|1294
2683,4a5a77a4f964a52062ba1fe3,2887,0,2,2012-12-12 00:02:00+00:00,2012-12-12 00:02:00+00:00,354|637
2684,4a5a77a4f964a52062ba1fe3,2887,0,3,2012-12-12 18:25:00+00:00,2012-12-12 18:25:00+00:00,1294|1658|2654
2685,4a5a77a4f964a52062ba1fe3,2887,0,2,2012-12-12 21:02:00+00:00,2012-12-12 21:02:00+00:00,106|4947
2686,4a5a77a4f964a52062ba1fe3,2887,0,2,2012-12-17 19:37:00+00:00,2012-12-17 19:37:00+00:00,1934|2119
2687,4a5a77a4f964a52062ba1fe3,2887,0,3,2012-12-18 12:14:00+00:00,2012-12-18 12:14:00+00:00,917|2622|4947
2688,4a5a77a4f964a52062ba1fe3,2887,0,3,2012-12-21 18:16:00+00:00,2012-12-21 18:16:00+00:00,441|2839|5752
2689,4a5a77a4f964a52062ba1fe3,2887,0,2,2012-12-23 13:08:00+00:00,2012-12-23 13:08:00+00:00,2421|3848
2690,4a5a77a4f964a52062ba1fe3,2887,0,2,2013-01-03 01:18:00+00:00,2013-01-03 01:18:00+00:00,1590|1878
2691,4a5a77a4f964a52062ba1fe3,2887,0,2,2013-01-07 00:34:00+00:00,2013-01-07 00:34:00+00:00,354|637
2692,4a5a77a4f964a52062ba1fe3,2887,0,2,2013-01-07 19:08:00+00:00,2013-01-07 19:08:00+00:00,1005|1499
2693,4a5a77a4f964a52062ba1fe3,2887,0,3,2013-01-08 18:47:00+00:00,2013-01-08 18:47:00+00:00,2819|4774|5528
2694,4a5a77a4f964a52062ba1fe3,2887,0,2,2013-01-09 23:10:00+00:00,2013-01-09 23:10:00+00:00,1294|1384
2695,4a5a77a4f964a52062ba1fe3,2887,0,2,2013-01-10 13:17:00+00:00,2013-01-10 13:17:00+00:00,979|2056
2696,4a5a77a4f964a52062ba1fe3,2887,0,2,2013-01-13 15:41:00+00:00,2013-01-13 15:41:00+00:00,603|2163
2697,4a5a77a4f964a52062ba1fe3,2887,0,2,2013-01-17 11:13:00+00:00,2013-01-17 11:13:00+00:00,296|6387
2698,4a5a77a4f964a52062ba1fe3,2887,0,2,2013-01-18 14:01:00+00:00,2013-01-18 14:01:00+00:00,2765|3816
2699,4a5a77a4f964a52062ba1fe3,2887,0,2,2013-01-21 15:00:00+00:00,2013-01-21 15:00:00+00:00,1294|5364
2700,4a5a77a4f964a52062ba1fe3,2887,0,2,2013-01-25 18:04:00+00:00,2013-01-25 18:04:00+00:00,2622|2970
2701,4a5a77a4f964a52062ba1fe3,2887,0,2,2013-01-27 00:28:00+00:00,2013-01-27 00:28:00+00:00,2295|3816
2702,4a5a77a4f964a52062ba1fe3,2887,0,2,2013-01-29 16:12:00+00:00,2013-01-29 16:12:00+00:00,2835|3912
2703,4a5a77a4f964a52062ba1fe3,2887,0,2,2013-01-30 15:47:00+00:00,2013-01-30 15:47:00+00:00,24|1096
2704,4a5a77a4f964a52062ba1fe3,2887,0,2,2013-01-30 22:32:00+00:00,2013-01-30 22:32:00+00:00,1028|4774
2705,4a5a77a4f964a52062ba1fe3,2887,0,2,2013-02-01 12:42:00+00:00,2013-02-01 12:42:00+00:00,3396|6049
2706,4a5a77a4f964a52062ba1fe3,2887,0,2,2013-02-06 15:11:00+00:00,2013-02-06 15:11:00+00:00,1658|5952
2707,4a5a77a4f964a52062ba1fe3,2887,0,2,2013-02-07 12:49:00+00:00,2013-02-07 12:49:00+00:00,296|2682
2708,4a5a77a4f964a52062ba1fe3,2887,0,3,2013-02-07 21:04:00+00:00,2013-02-07 21:04:00+00:00,2514|2558|5752
2709,4a5a77a4f964a52062ba1fe3,2887,0,2,2013-02-11 19:34:00+00:00,2013-02-11 19:34:00+00:00,4424|4796
2710,4a5a77a4f964a52062ba1fe3,2887,0,2,2013-02-13 21:27:00+00:00,2013-02-13 21:27:00+00:00,2579|4022
2711,4a5a77a4f964a52062ba1fe3,2887,0,2,2013-02-21 12:40:00+00:00,2013-02-21 12:40:00+00:00,922|4774
2712,4a5a77a4f964a52062ba1fe3,2887,0,2,2013-02-24 18:49:00+00:00,2013-02-24 18:49:00+00:00,1005|5962
2713,4a5a77a4f964a52062ba1fe3,2887,0,2,2013-02-27 18:03:00+00:00,2013-02-27 18:03:00+00:00,757|5686
2714,4a5a77a4f964a52062ba1fe3,2887,0,3,2013-03-06 14:05:00+00:00,2013-03-06 14:05:00+00:00,114|1802|5301
2715,4a5a77a4f964a52062ba1fe3,2887,0,3,2013-03-10 18:22:00+00:00,2013-03-10 18:22:00+00:00,1005|1294|4696
2716,4a5a77a4f964a52062ba1fe3,2887,0,2,2013-03-12 17:21:00+00:00,2013-03-12 17:21:00+00:00,5349|6551
2717,4a5a77a4f964a52062ba1fe3,2887,0,2,2013-03-20 19:21:00+00:00,2013-03-20 19:21:00+00:00,1321|3110
2718,4a5a77a4f964a52062ba1fe3,2887,0,2,2013-04-01 10:11:00+00:00,2013-04-01 10:11:00+00:00,979|1658
2719,4a5a77a4f964a52062ba1fe3,2887,0,2,2013-04-01 12:08:00+00:00,2013-04-01 12:08:00+00:00,1291|1471
2720,4a5a77a4f964a52062ba1fe3,2887,0,2,2013-04-12 09:19:00+00:00,2013-04-12 09:19:00+00:00,757|5752
2721,4a5a77a4f964a52062ba1fe3,2887,0,2,2013-04-17 14:16:00+00:00,2013-04-17 14:16:00+00:00,113|2716
2722,4a5a77a4f964a52062ba1fe3,2887,0,2,2013-04-20 12:03:00+00:00,2013-04-20 12:03:00+00:00,1332|6049
2723,4a5a77a4f964a52062ba1fe3,2887,0,2,2013-04-22 00:07:00+00:00,2013-04-22 00:07:00+00:00,2413|2716
2724,4a5bc475f964a520bdbb1fe3,2903,0,2,2012-06-13 02:00:00+00:00,2012-06-13 02:00:00+00:00,1304|6680
2725,4a5bc475f964a520bdbb1fe3,2903,0,2,2012-06-18 00:23:00+00:00,2012-06-18 00:23:00+00:00,3416|3485
2726,4a5bc475f964a520bdbb1fe3,2903,0,2,2013-01-27 02:17:00+00:00,2013-01-27 02:17:00+00:00,1007|2225
2727,4a5bc475f964a520bdbb1fe3,2903,0,2,2013-02-05 02:53:00+00:00,2013-02-05 02:53:00+00:00,1839|6571
2728,4a5bc475f964a520bdbb1fe3,2903,0,2,2013-02-19 02:34:00+00:00,2013-02-19 02:34:00+00:00,2225|4274
2729,4a5bc475f964a520bdbb1fe3,2903,0,2,2013-03-07 02:16:00+00:00,2013-03-07 02:16:00+00:00,2225|4240
2730,4a5bc475f964a520bdbb1fe3,2903,0,2,2013-04-11 01:29:00+00:00,2013-04-11 01:29:00+00:00,1839|2225
2731,4a5d0da2f964a52018bd1fe3,2916,0,2,2012-04-13 19:23:00+00:00,2012-04-13 19:23:00+00:00,3487|5133
2732,4a5d5de6f964a52099bd1fe3,2919,0,2,2012-11-23 17:50:00+00:00,2012-11-23 17:50:00+00:00,289|346
2733,4a5d5e35f964a5209abd1fe3,2920,0,2,2012-06-08 17:57:00+00:00,2012-06-08 17:57:00+00:00,4107|4297
2734,4a5d5ea5f964a5209bbd1fe3,2921,0,2,2012-08-06 12:36:00+00:00,2012-08-06 12:36:00+00:00,27|1506
2735,4a5e05c3f964a520e8bd1fe3,2923,0,2,2012-04-07 22:30:00+00:00,2012-04-07 22:30:00+00:00,5151|5179
2736,4a5eb866f964a52017bf1fe3,2934,0,2,2012-05-27 17:24:00+00:00,2012-05-27 17:24:00+00:00,1344|5714
2737,4a5eb866f964a52017bf1fe3,2934,0,2,2012-05-27 23:06:00+00:00,2012-05-27 23:06:00+00:00,2168|4384
2738,4a5eb866f964a52017bf1fe3,2934,0,2,2012-06-08 00:07:00+00:00,2012-06-08 00:07:00+00:00,1096|1643
2739,4a5eb866f964a52017bf1fe3,2934,0,2,2012-06-18 17:32:00+00:00,2012-06-18 17:32:00+00:00,3702|6219
2740,4a5eb866f964a52017bf1fe3,2934,0,2,2012-06-26 23:15:00+00:00,2012-06-26 23:15:00+00:00,2647|4717
2741,4a5eb866f964a52017bf1fe3,2934,0,2,2012-07-05 23:10:00+00:00,2012-07-05 23:10:00+00:00,2219|6805
2742,4a608a77f964a520d7c01fe3,2950,0,2,2012-11-06 14:55:00+00:00,2012-11-06 14:55:00+00:00,1099|5171
2743,4a60a888f964a520f7c01fe3,2953,0,2,2012-07-11 01:11:00+00:00,2012-07-11 01:11:00+00:00,2326|5380
2744,4a615533f964a5204fc21fe3,2971,0,2,2012-05-13 16:16:00+00:00,2012-05-13 16:16:00+00:00,1398|5349
2745,4a615533f964a5204fc21fe3,2971,0,2,2012-05-28 19:12:00+00:00,2012-05-28 19:12:00+00:00,597|5274
2746,4a615533f964a5204fc21fe3,2971,0,2,2012-12-08 21:59:00+00:00,2012-12-08 21:59:00+00:00,315|2324
2747,4a62010ef964a520cfc21fe3,2979,0,2,2012-04-05 00:12:00+00:00,2012-04-05 00:12:00+00:00,5890|6704
2748,4a62a16cf964a52067c41fe3,2987,0,2,2012-04-13 07:08:00+00:00,2012-04-13 07:08:00+00:00,1821|4186
2749,4a62ae6cf964a52072c41fe3,2989,0,2,2012-04-22 01:16:00+00:00,2012-04-22 01:16:00+00:00,1462|5485
2750,4a62c4b4f964a52080c41fe3,2991,0,2,2012-05-04 04:14:00+00:00,2012-05-04 04:14:00+00:00,77|2921
2751,4a62c4b4f964a52080c41fe3,2991,0,2,2012-05-14 04:12:00+00:00,2012-05-14 04:12:00+00:00,77|2921
2752,4a62c4b4f964a52080c41fe3,2991,0,2,2012-06-04 03:35:00+00:00,2012-06-04 03:35:00+00:00,77|2921
2753,4a62c4b4f964a52080c41fe3,2991,0,2,2012-12-31 05:15:00+00:00,2012-12-31 05:15:00+00:00,77|2921
2754,4a62c4b4f964a52080c41fe3,2991,0,3,2013-02-02 03:29:00+00:00,2013-02-02 03:29:00+00:00,77|2385|2921
2755,4a63525af964a520bdc41fe3,2994,0,3,2012-11-23 06:03:00+00:00,2012-11-23 06:03:00+00:00,3712|4751|5363
2756,4a635c3ef964a520dac41fe3,2997,0,2,2012-07-08 15:44:00+00:00,2012-07-08 15:44:00+00:00,942|963
2757,4a6376a3f964a5201ac51fe3,2999,0,2,2012-08-19 18:01:00+00:00,2012-08-19 18:01:00+00:00,2541|2957
2758,4a64ad7cf964a5207bc61fe3,3009,0,2,2012-04-16 13:33:00+00:00,2012-04-16 13:33:00+00:00,3192|5931
2759,4a64f16df964a52006c71fe3,3013,0,2,2012-12-13 15:23:00+00:00,2012-12-13 15:23:00+00:00,2168|6551
2760,4a64f16df964a52006c71fe3,3013,0,2,2013-01-31 18:00:00+00:00,2013-01-31 18:00:00+00:00,2189|6551
2761,4a65a823f964a5208cc71fe3,3020,0,3,2012-06-09 16:19:00+00:00,2012-06-09 16:19:00+00:00,83|1389|4769
2762,4a65bd5cf964a52095c71fe3,3022,0,8,2012-05-09 22:24:00+00:00,2012-05-09 22:24:00+00:00,102|512|664|1682|2135|2884|4188|4530
2763,4a65bd5cf964a52095c71fe3,3022,0,2,2012-05-10 22:05:00+00:00,2012-05-10 22:05:00+00:00,30|3991
2764,4a65bd5cf964a52095c71fe3,3022,0,2,2012-06-11 13:10:00+00:00,2012-06-11 13:10:00+00:00,3005|3453
2765,4a65bd5cf964a52095c71fe3,3022,0,3,2012-06-12 13:07:00+00:00,2012-06-12 13:07:00+00:00,63|621|2316
2766,4a65bd5cf964a52095c71fe3,3022,0,2,2012-11-11 00:23:00+00:00,2012-11-11 00:23:00+00:00,276|454
2767,4a65bd5cf964a52095c71fe3,3022,0,3,2012-12-04 23:45:00+00:00,2012-12-04 23:45:00+00:00,31|3453|4337
2768,4a65bd5cf964a52095c71fe3,3022,0,4,2013-01-08 23:41:00+00:00,2013-01-08 23:41:00+00:00,31|889|1409|2748
2769,4a65bd5cf964a52095c71fe3,3022,0,2,2013-02-06 00:21:00+00:00,2013-02-06 00:21:00+00:00,3806|3933
2770,4a66117af964a520f0c71fe3,3026,0,2,2012-07-03 02:38:00+00:00,2012-07-03 02:38:00+00:00,3416|3485
2771,4a66117af964a520f0c71fe3,3026,0,2,2012-11-27 21:50:00+00:00,2012-11-27 21:50:00+00:00,4367|6544
2772,4a668a30f964a520b1c81fe3,3034,0,2,2012-05-13 23:20:00+00:00,2012-05-13 23:20:00+00:00,3799|6225
2773,4a676435f964a52054c91fe3,3044,0,2,2012-04-14 16:08:00+00:00,2012-04-14 16:08:00+00:00,1392|1503
2774,4a676435f964a52054c91fe3,3044,0,2,2012-04-28 17:38:00+00:00,2012-04-28 17:38:00+00:00,1593|4941
2775,4a67b65ff964a520f2c91fe3,3051,0,2,2012-04-15 00:12:00+00:00,2012-04-15 00:12:00+00:00,430|1098
2776,4a687b60f964a5207aca1fe3,3055,0,2,2012-04-09 12:16:00+00:00,2012-04-09 12:16:00+00:00,3164|5298
2777,4a69ba4ef964a52000cc1fe3,3069,0,2,2012-11-05 23:45:00+00:00,2012-11-05 23:45:00+00:00,1376|4741
2778,4a6a02f5f964a5205ecc1fe3,3073,0,2,2012-04-10 16:19:00+00:00,2012-04-10 16:19:00+00:00,2764|3686
2779,4a6a2fecf964a520cacc1fe3,3081,0,2,2012-05-27 17:22:00+00:00,2012-05-27 17:22:00+00:00,276|4512
2780,4a6a4203f964a520f6cc1fe3,3093,0,2,2012-06-10 19:49:00+00:00,2012-06-10 19:49:00+00:00,2057|2988
2781,4a6b570bf964a5207cce1fe3,3105,0,2,2013-03-24 21:22:00+00:00,2013-03-24 21:22:00+00:00,4044|6862
2782,4a6b5c58f964a5208ece1fe3,3109,0,2,2012-04-28 01:27:00+00:00,2012-04-28 01:27:00+00:00,2612|3691
2783,4a6b5c58f964a5208ece1fe3,3109,0,2,2013-02-08 05:49:00+00:00,2013-02-08 05:49:00+00:00,3880|5752
2784,4a6b9979f964a5204dcf1fe3,3120,0,2,2012-06-27 00:07:00+00:00,2012-06-27 00:07:00+00:00,1304|6680
2785,4a6bbbeaf964a520cecf1fe3,3128,0,2,2012-05-26 00:20:00+00:00,2012-05-26 00:20:00+00:00,296|2859
2786,4a6bc636f964a520edcf1fe3,3130,0,2,2012-04-16 19:17:00+00:00,2012-04-16 19:17:00+00:00,1354|3012
2787,4a6bc636f964a520edcf1fe3,3130,0,2,2012-06-12 17:15:00+00:00,2012-06-12 17:15:00+00:00,1354|3012
2788,4a6bc636f964a520edcf1fe3,3130,0,2,2012-07-11 17:11:00+00:00,2012-07-11 17:11:00+00:00,1354|3012
2789,4a6beb6ef964a52041d01fe3,3135,0,2,2012-12-14 23:34:00+00:00,2012-12-14 23:34:00+00:00,939|1880
2790,4a6beb6ef964a52041d01fe3,3135,0,2,2013-02-17 15:09:00+00:00,2013-02-17 15:09:00+00:00,6120|6625
2791,4a6cc0f0f964a52088d11fe3,3155,0,2,2012-04-19 20:23:00+00:00,2012-04-19 20:23:00+00:00,1304|6680
2792,4a6cc0f0f964a52088d11fe3,3155,0,2,2012-04-25 18:48:00+00:00,2012-04-25 18:48:00+00:00,3956|6267
2793,4a6ccfcef964a520bad11fe3,3157,0,2,2013-03-08 23:51:00+00:00,2013-03-08 23:51:00+00:00,241|3589
2794,4a6cd367f964a520c1d11fe3,3158,0,2,2012-06-14 01:32:00+00:00,2012-06-14 01:32:00+00:00,1202|1742
2795,4a6cd367f964a520c1d11fe3,3158,0,2,2012-11-06 02:18:00+00:00,2012-11-06 02:18:00+00:00,1202|2720
2796,4a6dbb61f964a520e5d21fe3,3165,0,2,2012-10-12 13:18:00+00:00,2012-10-12 13:18:00+00:00,1338|5628
2797,4a6dbb61f964a520e5d21fe3,3165,0,2,2012-11-21 14:13:00+00:00,2012-11-21 14:13:00+00:00,1338|5628
2798,4a6dbb61f964a520e5d21fe3,3165,0,2,2013-01-09 14:01:00+00:00,2013-01-09 14:01:00+00:00,1338|5628
2799,4a6deb7ef964a52055d31fe3,3169,0,2,2012-04-14 23:06:00+00:00,2012-04-14 23:06:00+00:00,3850|6245
2800,4a6e06a2f964a520add31fe3,3172,0,2,2013-04-06 01:34:00+00:00,2013-04-06 01:34:00+00:00,331|3341
2801,4a6e2474f964a52006d41fe3,3176,0,2,2012-07-01 03:41:00+00:00,2012-07-01 03:41:00+00:00,3509|5442
2802,4a6e2600f964a52008d41fe3,3177,0,2,2012-04-25 15:25:00+00:00,2012-04-25 15:25:00+00:00,54|4971
2803,4a6e2b18f964a5201ed41fe3,3179,0,2,2012-04-28 21:14:00+00:00,2012-04-28 21:14:00+00:00,2753|4971
2804,4a6e2b18f964a5201ed41fe3,3179,0,2,2012-07-03 17:36:00+00:00,2012-07-03 17:36:00+00:00,2753|4971
2805,4a6e34ccf964a52034d41fe3,3181,0,2,2012-04-22 20:03:00+00:00,2012-04-22 20:03:00+00:00,1183|1361
2806,4a6e5d0df964a52093d41fe3,3184,0,2,2012-11-11 20:18:00+00:00,2012-11-11 20:18:00+00:00,1174|2246
2807,4a6e8003f964a520d5d41fe3,3187,0,2,2012-06-02 22:32:00+00:00,2012-06-02 22:32:00+00:00,481|1658
2808,4a6ef9a8f964a52020d51fe3,3188,0,2,2012-10-16 13:04:00+00:00,2012-10-16 13:04:00+00:00,1351|1598
2809,4a6ffa06f964a5202cd71fe3,3203,0,2,2012-06-13 12:17:00+00:00,2012-06-13 12:17:00+00:00,2066|6099
2810,4a6ffa06f964a5202cd71fe3,3203,0,2,2012-08-10 12:31:00+00:00,2012-08-10 12:31:00+00:00,2066|6193
2811,4a724c9af964a520cfda1fe3,3238,0,2,2012-05-29 00:01:00+00:00,2012-05-29 00:01:00+00:00,1078|2602
2812,4a72e5fef964a52050db1fe3,3243,0,2,2012-04-24 22:19:00+00:00,2012-04-24 22:19:00+00:00,2227|5684
2813,4a72e5fef964a52050db1fe3,3243,0,2,2012-10-26 15:01:00+00:00,2012-10-26 15:01:00+00:00,102|2227
2814,4a72eeb8f964a52056db1fe3,3244,0,2,2013-07-04 16:41:00+00:00,2013-07-04 16:41:00+00:00,2874|5577
2815,4a730e62f964a5207cdb1fe3,3245,0,2,2012-05-16 22:26:00+00:00,2012-05-16 22:26:00+00:00,623|5063
2816,4a730e62f964a5207cdb1fe3,3245,0,2,2012-07-27 21:08:00+00:00,2012-07-27 21:08:00+00:00,80|3924
2817,4a730e62f964a5207cdb1fe3,3245,0,2,2013-01-17 13:25:00+00:00,2013-01-17 13:25:00+00:00,80|1621
2818,4a737bf8f964a52091dc1fe3,3254,0,2,2012-04-13 12:15:00+00:00,2012-04-13 12:15:00+00:00,2853|2854
2819,4a737bf8f964a52091dc1fe3,3254,0,2,2012-04-14 03:21:00+00:00,2012-04-14 03:21:00+00:00,2853|2854
2820,4a737bf8f964a52091dc1fe3,3254,0,2,2012-04-14 17:24:00+00:00,2012-04-14 17:24:00+00:00,2853|2854
2821,4a737bf8f964a52091dc1fe3,3254,0,2,2012-04-15 01:11:00+00:00,2012-04-15 01:11:00+00:00,2853|2854
2822,4a737bf8f964a52091dc1fe3,3254,0,2,2012-04-24 13:49:00+00:00,2012-04-24 13:49:00+00:00,507|3051
2823,4a737bf8f964a52091dc1fe3,3254,0,2,2012-04-25 13:10:00+00:00,2012-04-25 13:10:00+00:00,507|3051
2824,4a737bf8f964a52091dc1fe3,3254,0,2,2012-05-04 13:40:00+00:00,2012-05-04 13:40:00+00:00,507|3051
2825,4a737bf8f964a52091dc1fe3,3254,0,2,2012-05-15 13:17:00+00:00,2012-05-15 13:17:00+00:00,507|3051
2826,4a737bf8f964a52091dc1fe3,3254,0,2,2012-06-08 13:42:00+00:00,2012-06-08 13:42:00+00:00,507|2988
2827,4a73d693f964a52086dd1fe3,3259,0,2,2012-04-09 23:35:00+00:00,2012-04-09 23:35:00+00:00,99|290
2828,4a746f9bf964a52023de1fe3,3263,0,2,2012-07-08 00:05:00+00:00,2012-07-08 00:05:00+00:00,457|5081
2829,4a75fc17f964a520dfe11fe3,3291,0,2,2012-04-21 07:00:00+00:00,2012-04-21 07:00:00+00:00,4576|6398
2830,4a76204cf964a52052e21fe3,3293,0,3,2012-04-24 02:22:00+00:00,2012-04-24 02:22:00+00:00,1611|6267|6333
2831,4a76204cf964a52052e21fe3,3293,0,2,2012-05-22 07:02:00+00:00,2012-05-22 07:02:00+00:00,2764|5713
2832,4a765f44f964a520f2e21fe3,3296,0,3,2012-04-28 02:19:00+00:00,2012-04-28 02:19:00+00:00,1459|2647|5536
2833,4a77a333f964a520f4e41fe3,3315,0,2,2012-04-22 05:57:00+00:00,2012-04-22 05:57:00+00:00,99|290
2834,4a77a333f964a520f4e41fe3,3315,0,2,2012-06-27 05:22:00+00:00,2012-06-27 05:22:00+00:00,1304|6680
2835,4a789f0bf964a52013e61fe3,3325,0,2,2012-12-22 19:44:00+00:00,2012-12-22 19:44:00+00:00,535|2596
2836,4a790799f964a520dce61fe3,3335,0,2,2012-04-05 08:33:00+00:00,2012-04-05 08:33:00+00:00,1304|6680
2837,4a790799f964a520dce61fe3,3335,0,2,2012-06-06 08:19:00+00:00,2012-06-06 08:19:00+00:00,1304|6680
2838,4a790799f964a520dce61fe3,3335,0,2,2012-06-27 03:20:00+00:00,2012-06-27 03:20:00+00:00,1304|6680
2839,4a790799f964a520dce61fe3,3335,0,2,2012-07-11 01:24:00+00:00,2012-07-11 01:24:00+00:00,1304|6680
2840,4a790799f964a520dce61fe3,3335,0,2,2012-09-05 12:45:00+00:00,2012-09-05 12:45:00+00:00,1304|6680
2841,4a7a43b0f964a52002e91fe3,3352,0,2,2012-11-16 00:04:00+00:00,2012-11-16 00:04:00+00:00,2065|5812
2842,4a7af3e6f964a520afe91fe3,3356,0,2,2012-07-12 23:15:00+00:00,2012-07-12 23:15:00+00:00,1211|1277
2843,4a7b9022f964a52069eb1fe3,3369,0,2,2013-01-27 18:39:00+00:00,2013-01-27 18:39:00+00:00,593|4029
2844,4a7b9483f964a5207aeb1fe3,3371,0,2,2012-04-12 02:50:00+00:00,2012-04-12 02:50:00+00:00,4995|5954
2845,4a7b9483f964a5207aeb1fe3,3371,0,2,2012-07-15 19:12:00+00:00,2012-07-15 19:12:00+00:00,1304|6680
2846,4a7b9483f964a5207aeb1fe3,3371,0,2,2012-10-19 00:39:00+00:00,2012-10-19 00:39:00+00:00,4367|6544
2847,4a7c61fef964a52072ec1fe3,3376,0,2,2012-06-01 13:49:00+00:00,2012-06-01 13:49:00+00:00,5834|6227
2848,4a7c79e0f964a520baec1fe3,3379,0,2,2012-10-24 22:08:00+00:00,2012-10-24 22:08:00+00:00,1445|1482
2849,4a7ccf53f964a520b8ed1fe3,3386,0,3,2013-04-11 00:16:00+00:00,2013-04-11 00:16:00+00:00,963|1892|2616
2850,4a7cf559f964a52025ee1fe3,3392,0,2,2012-10-23 11:22:00+00:00,2012-10-23 11:22:00+00:00,441|1840
2851,4a7d8949f964a520c3ee1fe3,3400,0,2,2012-10-19 21:12:00+00:00,2012-10-19 21:12:00+00:00,2206|2366
2852,4a7da92cf964a5200def1fe3,3401,0,2,2012-04-14 21:57:00+00:00,2012-04-14 21:57:00+00:00,638|5415
2853,4a7daa92f964a52016ef1fe3,3403,0,2,2012-05-10 17:01:00+00:00,2012-05-10 17:01:00+00:00,464|1059
2854,4a7dcffbf964a520b8ef1fe3,3409,0,2,2012-07-04 17:30:00+00:00,2012-07-04 17:30:00+00:00,1741|3661
2855,4a7dcffbf964a520b8ef1fe3,3409,0,2,2012-07-08 19:06:00+00:00,2012-07-08 19:06:00+00:00,2859|2886
2856,4a7dff4df964a52091f01fe3,3416,0,2,2012-04-19 22:12:00+00:00,2012-04-19 22:12:00+00:00,168|6397
2857,4a7dff4df964a52091f01fe3,3416,0,2,2012-06-09 17:23:00+00:00,2012-06-09 17:23:00+00:00,527|3489
2858,4a7dff4df964a52091f01fe3,3416,0,3,2012-07-12 00:23:00+00:00,2012-07-12 00:23:00+00:00,839|3874|5151
2859,4a7dff4df964a52091f01fe3,3416,0,2,2012-08-14 22:54:00+00:00,2012-08-14 22:54:00+00:00,192|6397
2860,4a7e033df964a5209ff01fe3,3417,0,2,2013-03-26 23:18:00+00:00,2013-03-26 23:18:00+00:00,3532|4634
2861,4a7e2380f964a52021f11fe3,3420,0,2,2012-07-30 00:36:00+00:00,2012-07-30 00:36:00+00:00,1304|6680
2862,4a7e3013f964a52057f11fe3,3423,0,2,2012-04-14 20:47:00+00:00,2012-04-14 20:47:00+00:00,2486|2994
2863,4a7efe5cf964a5206cf21fe3,3432,0,2,2012-04-27 23:50:00+00:00,2012-04-27 23:50:00+00:00,1923|3316
2864,4a7f0f74f964a5209ef21fe3,3437,0,2,2012-11-29 03:00:00+00:00,2012-11-29 03:00:00+00:00,2952|6153
2865,4a7f261df964a5200af31fe3,3441,0,2,2012-07-02 19:28:00+00:00,2012-07-02 19:28:00+00:00,2723|5478
2866,4a7f261df964a5200af31fe3,3441,0,2,2012-07-15 18:53:00+00:00,2012-07-15 18:53:00+00:00,907|3280
2867,4a7f68e6f964a520eff31fe3,3446,0,2,2012-04-15 21:22:00+00:00,2012-04-15 21:22:00+00:00,2853|2854
2868,4a80745ef964a5204bf51fe3,3454,0,3,2012-06-11 01:20:00+00:00,2012-06-11 01:20:00+00:00,301|404|3401
2869,4a80745ef964a5204bf51fe3,3454,0,2,2012-07-07 16:28:00+00:00,2012-07-07 16:28:00+00:00,2723|4631
2870,4a80745ef964a5204bf51fe3,3454,0,2,2012-08-18 23:10:00+00:00,2012-08-18 23:10:00+00:00,1590|3401
2871,4a80e191f964a52065f61fe3,3468,0,2,2012-07-18 23:58:00+00:00,2012-07-18 23:58:00+00:00,4381|5974
2872,4a81d651f964a520b1f71fe3,3479,0,2,2012-06-09 22:50:00+00:00,2012-06-09 22:50:00+00:00,4107|4297
2873,4a8239bdf964a520f1f81fe3,3486,0,2,2012-07-30 00:20:00+00:00,2012-07-30 00:20:00+00:00,1231|3520
2874,4a8239bdf964a520f1f81fe3,3486,0,2,2012-08-06 00:11:00+00:00,2012-08-06 00:11:00+00:00,1231|3520
2875,4a823e8af964a520fcf81fe3,3487,0,2,2012-12-30 18:50:00+00:00,2012-12-30 18:50:00+00:00,2741|5812
2876,4a83505ef964a520bffa1fe3,3498,0,2,2012-06-14 00:11:00+00:00,2012-06-14 00:11:00+00:00,1772|2525
2877,4a835237f964a520c7fa1fe3,3499,0,2,2012-06-18 05:54:00+00:00,2012-06-18 05:54:00+00:00,3509|5442
2878,4a835237f964a520c7fa1fe3,3499,0,2,2012-07-30 08:34:00+00:00,2012-07-30 08:34:00+00:00,3509|5442
2879,4a84a143f964a52028fd1fe3,3516,0,2,2012-04-22 19:35:00+00:00,2012-04-22 19:35:00+00:00,1014|2827
2880,4a84c4a6f964a5208ffd1fe3,3520,0,2,2012-12-15 00:03:00+00:00,2012-12-15 00:03:00+00:00,939|1880
2881,4a85edcaf964a520b0ff1fe3,3532,0,3,2012-04-11 23:28:00+00:00,2012-04-11 23:28:00+00:00,1459|2679|4121
2882,4a85edcaf964a520b0ff1fe3,3532,0,2,2012-05-22 00:57:00+00:00,2012-05-22 00:57:00+00:00,2679|5326
2883,4a860f00f964a5203e0020e3,3540,0,2,2012-09-14 23:50:00+00:00,2012-09-14 23:50:00+00:00,2718|3636
2884,4a862810f964a5209a0020e3,3541,0,2,2012-06-03 16:35:00+00:00,2012-06-03 16:35:00+00:00,715|2340
2885,4a86f179f964a520bb0120e3,3545,0,2,2012-05-06 21:34:00+00:00,2012-05-06 21:34:00+00:00,172|800
2886,4a874193f964a5207d0320e3,3553,0,2,2012-06-03 00:41:00+00:00,2012-06-03 00:41:00+00:00,2027|5442
2887,4a874193f964a5207d0320e3,3553,0,2,2013-02-01 03:48:00+00:00,2013-02-01 03:48:00+00:00,2312|4662
2888,4a875a63f964a5200c0420e3,3557,0,2,2012-07-11 21:47:00+00:00,2012-07-11 21:47:00+00:00,289|346
2889,4a876971f964a520430420e3,3559,0,2,2012-05-12 22:12:00+00:00,2012-05-12 22:12:00+00:00,1979|4406
2890,4a878970f964a520a50420e3,3564,0,2,2012-04-03 21:35:00+00:00,2012-04-03 21:35:00+00:00,366|386
2891,4a878970f964a520a50420e3,3564,0,2,2012-09-15 22:32:00+00:00,2012-09-15 22:32:00+00:00,2225|2261
2892,4a888403f964a520bb0620e3,3579,0,2,2012-05-11 13:13:00+00:00,2012-05-11 13:13:00+00:00,1682|3945
2893,4a888403f964a520bb0620e3,3579,0,2,2012-05-22 13:03:00+00:00,2012-05-22 13:03:00+00:00,62|3945
2894,4a888403f964a520bb0620e3,3579,0,3,2012-08-16 22:50:00+00:00,2012-08-16 22:50:00+00:00,1299|3075|6266
2895,4a888403f964a520bb0620e3,3579,0,2,2012-10-12 13:49:00+00:00,2012-10-12 13:49:00+00:00,3644|3945
2896,4a888403f964a520bb0620e3,3579,0,2,2012-11-06 12:02:00+00:00,2012-11-06 12:02:00+00:00,3945|4009
2897,4a888403f964a520bb0620e3,3579,0,2,2012-12-12 21:06:00+00:00,2012-12-12 21:06:00+00:00,3075|3945
2898,4a8ae9baf964a520d10a20e3,3614,0,2,2012-05-17 14:27:00+00:00,2012-05-17 14:27:00+00:00,2723|5478
2899,4a8ae9baf964a520d10a20e3,3614,0,2,2012-06-01 14:10:00+00:00,2012-06-01 14:10:00+00:00,479|4971
2900,4a8c017df964a520dc0c20e3,3623,0,2,2012-07-02 13:28:00+00:00,2012-07-02 13:28:00+00:00,2404|3874
2901,4a8c017df964a520dc0c20e3,3623,0,2,2012-08-14 13:00:00+00:00,2012-08-14 13:00:00+00:00,2404|3874
2902,4a8c017df964a520dc0c20e3,3623,0,2,2012-09-05 13:10:00+00:00,2012-09-05 13:10:00+00:00,2404|3874
2903,4a8c4296f964a5207c0d20e3,3628,0,2,2012-06-07 22:13:00+00:00,2012-06-07 22:13:00+00:00,1246|1482
2904,4a8df136f964a520811120e3,3649,0,2,2012-04-15 03:29:00+00:00,2012-04-15 03:29:00+00:00,3045|6621
2905,4a8e031cf964a520be1120e3,3650,0,2,2013-02-03 20:58:00+00:00,2013-02-03 20:58:00+00:00,3453|3933
2906,4a8ecbdcf964a520ac1220e3,3659,0,2,2012-11-05 12:02:00+00:00,2012-11-05 12:02:00+00:00,2618|5368
2907,4a8ef649f964a5205b1320e3,3666,0,3,2012-06-21 03:37:00+00:00,2012-06-21 03:37:00+00:00,2775|4029|6099
2908,4a8f25bcf964a5201b1420e3,3672,0,2,2012-11-17 23:35:00+00:00,2012-11-17 23:35:00+00:00,1109|1110
2909,4a8f4c19f964a520c71420e3,3674,0,2,2012-06-11 23:19:00+00:00,2012-06-11 23:19:00+00:00,2786|4148
2910,4a9046daf964a520ff1620e3,3682,0,2,2012-06-03 21:24:00+00:00,2012-06-03 21:24:00+00:00,487|5133
2911,4a907b3ff964a520201820e3,3687,0,2,2012-05-13 01:27:00+00:00,2012-05-13 01:27:00+00:00,1611|6333
2912,4a907f83f964a5203a1820e3,3688,0,2,2012-10-12 01:00:00+00:00,2012-10-12 01:00:00+00:00,3774|4563
2913,4a908821f964a520621820e3,3690,0,2,2012-06-16 22:48:00+00:00,2012-06-16 22:48:00+00:00,1026|2749
2914,4a90a5caf964a520f01820e3,3693,0,2,2012-11-17 05:11:00+00:00,2012-11-17 05:11:00+00:00,4232|6305
2915,4a90ad92f964a5201d1920e3,3697,0,2,2012-11-25 00:14:00+00:00,2012-11-25 00:14:00+00:00,2904|3455
2916,4a90b106f964a520281920e3,3698,0,2,2012-06-16 23:36:00+00:00,2012-06-16 23:36:00+00:00,2540|4995
2917,4a914773f964a520dd1920e3,3701,0,2,2012-07-26 22:43:00+00:00,2012-07-26 22:43:00+00:00,2926|5774
2918,4a914773f964a520dd1920e3,3701,0,2,2012-10-25 23:10:00+00:00,2012-10-25 23:10:00+00:00,4553|4941
2919,4a914773f964a520dd1920e3,3701,0,2,2013-03-28 22:18:00+00:00,2013-03-28 22:18:00+00:00,2926|4553
2920,4a91b2ddf964a5206a1b20e3,3714,0,2,2012-11-09 23:44:00+00:00,2012-11-09 23:44:00+00:00,62|275
2921,4a91ce30f964a520e61b20e3,3715,0,2,2012-07-09 22:59:00+00:00,2012-07-09 22:59:00+00:00,3098|6421
2922,4a91d257f964a520fc1b20e3,3717,0,2,2013-02-10 22:11:00+00:00,2013-02-10 22:11:00+00:00,2976|4579
2923,4a91e193f964a520371c20e3,3718,0,2,2012-07-04 04:32:00+00:00,2012-07-04 04:32:00+00:00,1792|1873
2924,4a922718f964a520e61c20e3,3724,0,2,2012-11-16 20:52:00+00:00,2012-11-16 20:52:00+00:00,2206|2366
2925,4a937d08f964a520cc1f20e3,3744,0,2,2012-11-11 08:06:00+00:00,2012-11-11 08:06:00+00:00,5435|5741
2926,4a941d90f964a520712020e3,3746,0,2,2012-05-26 04:10:00+00:00,2012-05-26 04:10:00+00:00,1304|6680
2927,4a949e34f964a5202b2220e3,3758,0,2,2012-04-20 23:54:00+00:00,2012-04-20 23:54:00+00:00,479|1325
2928,4a94ae66f964a520502220e3,3760,0,2,2012-04-18 02:12:00+00:00,2012-04-18 02:12:00+00:00,766|6541
2929,4a94b075f964a520542220e3,3761,0,2,2012-04-14 16:08:00+00:00,2012-04-14 16:08:00+00:00,2718|3636
2930,4a95a339f964a520fb2320e3,3781,0,2,2012-05-10 21:13:00+00:00,2012-05-10 21:13:00+00:00,1028|1377
2931,4a95a339f964a520fb2320e3,3781,0,2,2012-05-29 21:38:00+00:00,2012-05-29 21:38:00+00:00,3525|5142
2932,4a95d29df964a520dc2420e3,3787,0,2,2012-06-13 21:51:00+00:00,2012-06-13 21:51:00+00:00,1304|6680
2933,4a96ad3af964a5208b2620e3,3818,0,2,2012-04-10 23:15:00+00:00,2012-04-10 23:15:00+00:00,2741|4738
2934,4a97fe69f964a520082a20e3,3838,0,2,2012-04-24 13:00:00+00:00,2012-04-24 13:00:00+00:00,3668|5582
2935,4a97fe69f964a520082a20e3,3838,0,2,2012-04-27 13:05:00+00:00,2012-04-27 13:05:00+00:00,3668|5582
2936,4a97fe69f964a520082a20e3,3838,0,2,2012-05-14 13:02:00+00:00,2012-05-14 13:02:00+00:00,3668|5582
2937,4a97fe69f964a520082a20e3,3838,0,2,2012-05-17 13:08:00+00:00,2012-05-17 13:08:00+00:00,3668|5582
2938,4a97fe69f964a520082a20e3,3838,0,2,2012-05-21 13:03:00+00:00,2012-05-21 13:03:00+00:00,3668|5582
2939,4a97fe69f964a520082a20e3,3838,0,2,2012-05-25 13:04:00+00:00,2012-05-25 13:04:00+00:00,3668|5582
2940,4a97fe69f964a520082a20e3,3838,0,2,2012-06-01 13:07:00+00:00,2012-06-01 13:07:00+00:00,3668|5582
2941,4a97fe69f964a520082a20e3,3838,0,2,2012-06-18 13:03:00+00:00,2012-06-18 13:03:00+00:00,3668|5582
2942,4a97fe69f964a520082a20e3,3838,0,2,2012-07-12 13:05:00+00:00,2012-07-12 13:05:00+00:00,3668|5582
2943,4a97fe69f964a520082a20e3,3838,0,2,2012-07-13 13:14:00+00:00,2012-07-13 13:14:00+00:00,3668|5582
2944,4a98531af964a520812b20e3,3846,0,2,2013-04-11 15:43:00+00:00,2013-04-11 15:43:00+00:00,685|1107
2945,4a991c59f964a520662d20e3,3855,0,2,2012-05-10 22:06:00+00:00,2012-05-10 22:06:00+00:00,3647|4505
2946,4a991c59f964a520662d20e3,3855,0,2,2012-07-13 21:06:00+00:00,2012-07-13 21:06:00+00:00,3647|4505
2947,4a996bb4f964a520342e20e3,3858,0,2,2012-12-05 23:42:00+00:00,2012-12-05 23:42:00+00:00,673|3204
2948,4a99898ff964a520f22e20e3,3864,0,2,2012-04-29 20:21:00+00:00,2012-04-29 20:21:00+00:00,3469|4697
2949,4a9997e5f964a520512f20e3,3867,0,2,2012-04-09 19:51:00+00:00,2012-04-09 19:51:00+00:00,1246|4040
2950,4a9997e5f964a520512f20e3,3867,0,2,2012-05-06 18:19:00+00:00,2012-05-06 18:19:00+00:00,580|1816
2951,4a9ad3a7f964a520ff3220e3,3888,0,2,2012-04-12 03:12:00+00:00,2012-04-12 03:12:00+00:00,5890|6704
2952,4a9ad3a7f964a520ff3220e3,3888,0,2,2012-04-24 02:40:00+00:00,2012-04-24 02:40:00+00:00,5890|6704
2953,4a9c1586f964a520ef3520e3,3914,0,2,2012-10-27 05:54:00+00:00,2012-10-27 05:54:00+00:00,5834|6227
2954,4a9c1f12f964a5200b3620e3,3916,0,2,2012-04-13 07:49:00+00:00,2012-04-13 07:49:00+00:00,766|6541
2955,4a9c58faf964a520e13620e3,3922,0,2,2013-02-13 12:59:00+00:00,2013-02-13 12:59:00+00:00,1554|4832
2956,4a9d8a2df964a520703820e3,3934,0,2,2012-09-09 15:01:00+00:00,2012-09-09 15:01:00+00:00,2211|4258
2957,4a9d8a2df964a520703820e3,3934,0,2,2012-09-09 19:44:00+00:00,2012-09-09 19:44:00+00:00,977|3453
2958,4a9dbcfcf964a520303920e3,3947,0,2,2012-04-28 02:57:00+00:00,2012-04-28 02:57:00+00:00,1611|6333
2959,4a9e5cbbf964a520193a20e3,3951,0,2,2012-05-25 19:42:00+00:00,2012-05-25 19:42:00+00:00,574|4797
2960,4a9e94b7f964a5207d3a20e3,3957,0,2,2012-04-15 18:42:00+00:00,2012-04-15 18:42:00+00:00,112|3069
2961,4a9eb0e7f964a520e43a20e3,3959,0,2,2012-10-18 19:20:00+00:00,2012-10-18 19:20:00+00:00,3935|4995
2962,4a9ed2b6f964a5204e3b20e3,3963,0,2,2012-05-21 23:39:00+00:00,2012-05-21 23:39:00+00:00,876|5757
2963,4a9f0838f964a5204c3c20e3,3965,0,2,2013-04-05 23:49:00+00:00,2013-04-05 23:49:00+00:00,3673|6039
2964,4a9fec80f964a520923d20e3,3980,0,2,2012-04-06 13:29:00+00:00,2012-04-06 13:29:00+00:00,542|1318
2965,4a9fec80f964a520923d20e3,3980,0,2,2012-07-06 12:12:00+00:00,2012-07-06 12:12:00+00:00,828|1318
2966,4a9fec80f964a520923d20e3,3980,0,2,2012-11-07 14:39:00+00:00,2012-11-07 14:39:00+00:00,967|4824
2967,4a9ff513f964a520b83d20e3,3981,0,2,2012-06-07 17:12:00+00:00,2012-06-07 17:12:00+00:00,1543|3931
2968,4aa01ae3f964a520513e20e3,3987,0,2,2012-05-19 22:26:00+00:00,2012-05-19 22:26:00+00:00,2718|6448
2969,4aa01ae3f964a520513e20e3,3987,0,2,2012-06-03 17:43:00+00:00,2012-06-03 17:43:00+00:00,2418|6607
2970,4aa05693f964a5202f3f20e3,3993,0,2,2012-04-11 00:23:00+00:00,2012-04-11 00:23:00+00:00,1096|5765
2971,4aa05693f964a5202f3f20e3,3993,0,2,2012-05-23 17:29:00+00:00,2012-05-23 17:29:00+00:00,4976|5765
2972,4aa05f40f964a520643f20e3,3996,0,2,2012-06-17 03:08:00+00:00,2012-06-17 03:08:00+00:00,189|501
2973,4aa05f40f964a520643f20e3,3996,0,2,2012-12-16 01:45:00+00:00,2012-12-16 01:45:00+00:00,634|2190
2974,4aa05f40f964a520643f20e3,3996,0,2,2013-04-20 23:50:00+00:00,2013-04-20 23:50:00+00:00,6447|6605
2975,4aa1bd52f964a5208c4120e3,4006,0,2,2012-07-04 23:03:00+00:00,2012-07-04 23:03:00+00:00,18|5953
2976,4aa2d477f964a520484220e3,4011,0,2,2012-05-17 03:50:00+00:00,2012-05-17 03:50:00+00:00,5298|5863
2977,4aa2d477f964a520484220e3,4011,0,2,2012-07-28 00:38:00+00:00,2012-07-28 00:38:00+00:00,1368|6065
2978,4aa3f0f8f964a520764420e3,4021,0,2,2012-05-19 03:01:00+00:00,2012-05-19 03:01:00+00:00,3525|5756
2979,4aa44f15f964a520534620e3,4033,0,2,2012-05-02 01:25:00+00:00,2012-05-02 01:25:00+00:00,4232|6305
2980,4aa52d50f964a520834720e3,4036,0,2,2012-04-27 13:10:00+00:00,2012-04-27 13:10:00+00:00,3115|3288
2981,4aa52d50f964a520834720e3,4036,0,2,2013-08-17 17:43:00+00:00,2013-08-17 17:43:00+00:00,2874|5577
2982,4aa55181f964a520004820e3,4042,0,2,2012-04-29 05:19:00+00:00,2012-04-29 05:19:00+00:00,753|3169
2983,4aa5739bf964a5206c4820e3,4048,0,2,2012-05-07 17:40:00+00:00,2012-05-07 17:40:00+00:00,480|866
2984,4aa5739bf964a5206c4820e3,4048,0,2,2012-07-13 04:06:00+00:00,2012-07-13 04:06:00+00:00,2225|2261
2985,4aa5a1fef964a520034920e3,4052,0,2,2012-04-24 01:05:00+00:00,2012-04-24 01:05:00+00:00,1611|6333
2986,4aa6a488f964a520794a20e3,4059,0,2,2012-06-07 16:19:00+00:00,2012-06-07 16:19:00+00:00,5765|6819
2987,4aa6ccdaf964a520064b20e3,4063,0,2,2012-05-09 23:12:00+00:00,2012-05-09 23:12:00+00:00,3570|4045
2988,4aa72240f964a520fd4b20e3,4069,0,4,2012-11-16 03:40:00+00:00,2012-11-16 03:40:00+00:00,285|965|1307|1625
2989,4aa978eef964a520d65320e3,4087,0,2,2012-04-28 20:44:00+00:00,2012-04-28 20:44:00+00:00,780|3874
2990,4aa983c0f964a520075420e3,4089,0,2,2012-07-03 23:34:00+00:00,2012-07-03 23:34:00+00:00,200|576
2991,4aa983c0f964a520075420e3,4089,0,2,2012-07-08 03:01:00+00:00,2012-07-08 03:01:00+00:00,5326|5984
2992,4aa983c0f964a520075420e3,4089,0,2,2012-07-14 00:46:00+00:00,2012-07-14 00:46:00+00:00,90|6387
2993,4aa983c0f964a520075420e3,4089,0,2,2012-07-28 23:42:00+00:00,2012-07-28 23:42:00+00:00,1199|4426
2994,4aa983c0f964a520075420e3,4089,0,2,2012-11-18 00:29:00+00:00,2012-11-18 00:29:00+00:00,1199|3685
2995,4aa98b04f964a5202f5420e3,4090,0,2,2012-11-24 19:59:00+00:00,2012-11-24 19:59:00+00:00,597|5274
2996,4aaa9905f964a520865620e3,4094,0,2,2012-05-11 04:01:00+00:00,2012-05-11 04:01:00+00:00,1697|5280
2997,4aaa9905f964a520865620e3,4094,0,2,2012-10-11 23:33:00+00:00,2012-10-11 23:33:00+00:00,2344|5787
2998,4aab0148f964a5207f5820e3,4099,0,2,2012-06-30 19:50:00+00:00,2012-06-30 19:50:00+00:00,2335|5461
2999,4aabdcddf964a520805a20e3,4107,0,2,2012-05-12 06:30:00+00:00,2012-05-12 06:30:00+00:00,5084|6422
3000,4aabf1aaf964a520155b20e3,4111,0,2,2013-01-05 01:49:00+00:00,2013-01-05 01:49:00+00:00,2970|3273
3001,4aabf1aaf964a520155b20e3,4111,0,2,2013-03-10 00:27:00+00:00,2013-03-10 00:27:00+00:00,369|5437
3002,4aabf7edf964a520435b20e3,4112,0,2,2012-04-21 23:35:00+00:00,2012-04-21 23:35:00+00:00,2970|3280
3003,4aac1313f964a520175c20e3,4115,0,2,2012-05-28 23:33:00+00:00,2012-05-28 23:33:00+00:00,1078|2602
3004,4aac2a85f964a520a05c20e3,4116,0,2,2012-05-11 02:06:00+00:00,2012-05-11 02:06:00+00:00,2300|3345
3005,4aac5dd7f964a520a65d20e3,4119,0,2,2012-04-28 01:37:00+00:00,2012-04-28 01:37:00+00:00,1462|3942
3006,4aac7d30f964a5201e5e20e3,4121,0,2,2012-04-19 18:33:00+00:00,2012-04-19 18:33:00+00:00,1850|2888
3007,4aad216af964a520a45e20e3,4124,0,2,2012-12-03 20:31:00+00:00,2012-12-03 20:31:00+00:00,27|1350
3008,4aadb08ff964a520486120e3,4133,0,2,2012-12-16 04:51:00+00:00,2012-12-16 04:51:00+00:00,4557|6552
3009,4aadba50f964a520596120e3,4135,0,3,2012-05-05 22:29:00+00:00,2012-05-05 22:29:00+00:00,341|1782|3956
3010,4aadba50f964a520596120e3,4135,0,2,2012-05-07 16:21:00+00:00,2012-05-07 16:21:00+00:00,480|866
3011,4aadba50f964a520596120e3,4135,0,2,2012-05-22 01:33:00+00:00,2012-05-22 01:33:00+00:00,341|1695
3012,4aadba50f964a520596120e3,4135,0,2,2012-06-03 19:19:00+00:00,2012-06-03 19:19:00+00:00,5008|5512
3013,4aadba50f964a520596120e3,4135,0,2,2012-07-04 04:29:00+00:00,2012-07-04 04:29:00+00:00,5008|6267
3014,4aadba50f964a520596120e3,4135,0,2,2012-07-04 22:59:00+00:00,2012-07-04 22:59:00+00:00,2261|6267
3015,4aadba50f964a520596120e3,4135,0,2,2012-07-07 21:28:00+00:00,2012-07-07 21:28:00+00:00,1611|6333
3016,4aadba50f964a520596120e3,4135,0,2,2012-10-30 17:09:00+00:00,2012-10-30 17:09:00+00:00,5381|5512
3017,4aadba50f964a520596120e3,4135,0,2,2012-12-15 17:16:00+00:00,2012-12-15 17:16:00+00:00,116|3420
3018,4aadba50f964a520596120e3,4135,0,2,2013-01-13 23:49:00+00:00,2013-01-13 23:49:00+00:00,2261|6123
3019,4aadba50f964a520596120e3,4135,0,2,2013-04-06 23:58:00+00:00,2013-04-06 23:58:00+00:00,4044|6862
3020,4aaf803ef964a520376420e3,4146,0,2,2012-04-15 01:14:00+00:00,2012-04-15 01:14:00+00:00,528|2070
3021,4ab04eb9f964a520fe6620e3,4157,0,2,2012-05-01 22:58:00+00:00,2012-05-01 22:58:00+00:00,3654|3892
3022,4ab04eb9f964a520fe6620e3,4157,0,2,2012-11-11 23:17:00+00:00,2012-11-11 23:17:00+00:00,69|1167
3023,4ab04eb9f964a520fe6620e3,4157,0,3,2012-11-13 00:06:00+00:00,2012-11-13 00:06:00+00:00,69|527|1968
3024,4ab172a4f964a520816920e3,4165,0,2,2012-05-11 16:18:00+00:00,2012-05-11 16:18:00+00:00,1808|1962
3025,4ab172a4f964a520816920e3,4165,0,2,2012-05-18 16:10:00+00:00,2012-05-18 16:10:00+00:00,1808|1962
3026,4ab196acf964a520226a20e3,4169,0,2,2012-08-17 22:17:00+00:00,2012-08-17 22:17:00+00:00,1365|3465
3027,4ab2a782f964a520c86b20e3,4180,0,2,2012-04-13 16:58:00+00:00,2012-04-13 16:58:00+00:00,2853|2854
3028,4ab2ea7af964a520f86c20e3,4187,0,2,2012-07-04 05:58:00+00:00,2012-07-04 05:58:00+00:00,4186|5217
3029,4ab2ea7af964a520f86c20e3,4187,0,2,2012-10-28 05:22:00+00:00,2012-10-28 05:22:00+00:00,4796|5217
3030,4ab5320cf964a5202b7320e3,4212,0,2,2013-02-24 15:53:00+00:00,2013-02-24 15:53:00+00:00,230|982
3031,4ab659aff964a520b17620e3,4230,0,2,2012-06-10 13:57:00+00:00,2012-06-10 13:57:00+00:00,2709|3172
3032,4ab659aff964a520b17620e3,4230,0,2,2012-07-18 14:31:00+00:00,2012-07-18 14:31:00+00:00,2709|3172
3033,4ab65d98f964a520bf7620e3,4231,0,2,2012-07-07 20:48:00+00:00,2012-07-07 20:48:00+00:00,1083|5833
3034,4ab65d98f964a520bf7620e3,4231,0,2,2012-07-13 02:46:00+00:00,2012-07-13 02:46:00+00:00,3362|4019
3035,4ab99ca3f964a520038020e3,4281,0,2,2012-04-28 20:19:00+00:00,2012-04-28 20:19:00+00:00,48|1648
3036,4ab99ca3f964a520038020e3,4281,0,2,2012-10-23 00:34:00+00:00,2012-10-23 00:34:00+00:00,326|4426
3037,4ab99ca3f964a520038020e3,4281,0,2,2012-11-13 02:16:00+00:00,2012-11-13 02:16:00+00:00,326|4426
3038,4ab9eb66f964a520508020e3,4284,0,2,2012-10-17 11:26:00+00:00,2012-10-17 11:26:00+00:00,2166|3660
3039,4abadd53f964a520338320e3,4301,0,2,2012-11-17 05:50:00+00:00,2012-11-17 05:50:00+00:00,4025|5833
3040,4abadd53f964a520338320e3,4301,0,2,2012-12-15 05:22:00+00:00,2012-12-15 05:22:00+00:00,406|1741
3041,4abb79b8f964a520cc8320e3,4306,0,2,2013-02-08 09:07:00+00:00,2013-02-08 09:07:00+00:00,4208|5492
3042,4abb7c09f964a520d18320e3,4307,0,2,2012-04-28 16:51:00+00:00,2012-04-28 16:51:00+00:00,2005|2316
3043,4abb7d4ef964a520d68320e3,4308,0,2,2012-04-24 14:19:00+00:00,2012-04-24 14:19:00+00:00,1304|6680
3044,4abb7d4ef964a520d68320e3,4308,0,2,2012-06-18 19:42:00+00:00,2012-06-18 19:42:00+00:00,708|3515
3045,4abb899bf964a520f18320e3,4309,0,2,2012-06-03 16:30:00+00:00,2012-06-03 16:30:00+00:00,2206|2366
3046,4abbe19ef964a520548520e3,4317,0,2,2012-04-14 23:12:00+00:00,2012-04-14 23:12:00+00:00,4751|5363
3047,4abce679f964a5209d8720e3,4328,0,2,2012-06-17 17:23:00+00:00,2012-06-17 17:23:00+00:00,594|1729
3048,4abd1576f964a5205d8820e3,4333,0,2,2012-07-11 22:05:00+00:00,2012-07-11 22:05:00+00:00,1304|6680
3049,4abe363df964a520fa8b20e3,4340,0,2,2012-04-22 14:07:00+00:00,2012-04-22 14:07:00+00:00,1858|4405
3050,4abe6469f964a5202f8d20e3,4347,0,2,2012-04-23 10:50:00+00:00,2012-04-23 10:50:00+00:00,1401|5055
3051,4abe6469f964a5202f8d20e3,4347,0,2,2012-04-24 10:14:00+00:00,2012-04-24 10:14:00+00:00,1401|5055
3052,4abe6469f964a5202f8d20e3,4347,0,2,2012-04-26 11:28:00+00:00,2012-04-26 11:28:00+00:00,1401|5055
3053,4abe6469f964a5202f8d20e3,4347,0,2,2012-04-27 11:30:00+00:00,2012-04-27 11:30:00+00:00,1401|5055
3054,4abe6469f964a5202f8d20e3,4347,0,2,2012-05-07 10:38:00+00:00,2012-05-07 10:38:00+00:00,1401|5055
3055,4abe6469f964a5202f8d20e3,4347,0,2,2012-05-08 10:42:00+00:00,2012-05-08 10:42:00+00:00,1401|5055
3056,4abe6469f964a5202f8d20e3,4347,0,2,2012-05-09 10:48:00+00:00,2012-05-09 10:48:00+00:00,1401|5055
3057,4abe6469f964a5202f8d20e3,4347,0,2,2012-06-05 10:55:00+00:00,2012-06-05 10:55:00+00:00,1401|5055
3058,4abe6469f964a5202f8d20e3,4347,0,2,2012-06-06 10:52:00+00:00,2012-06-06 10:52:00+00:00,1401|5055
3059,4abe6469f964a5202f8d20e3,4347,0,2,2012-06-13 10:39:00+00:00,2012-06-13 10:39:00+00:00,1401|5055
3060,4abe6469f964a5202f8d20e3,4347,0,2,2012-06-15 10:48:00+00:00,2012-06-15 10:48:00+00:00,1401|5055
3061,4abe6469f964a5202f8d20e3,4347,0,2,2012-10-24 10:53:00+00:00,2012-10-24 10:53:00+00:00,1401|5055
3062,4abe6469f964a5202f8d20e3,4347,0,2,2013-01-07 11:46:00+00:00,2013-01-07 11:46:00+00:00,1401|5055
3063,4abe6910f964a5205e8d20e3,4349,0,2,2012-04-17 21:25:00+00:00,2012-04-17 21:25:00+00:00,2674|6090
3064,4abe8ee6f964a5207a8e20e3,4357,0,2,2012-09-14 20:26:00+00:00,2012-09-14 20:26:00+00:00,782|1007
3065,4abe9675f964a520a58e20e3,4359,0,2,2012-04-21 00:27:00+00:00,2012-04-21 00:27:00+00:00,3294|4394
3066,4abe9ca0f964a520da8e20e3,4360,0,2,2012-05-19 00:59:00+00:00,2012-05-19 00:59:00+00:00,3361|4390
3067,4abe9ca0f964a520da8e20e3,4360,0,2,2012-06-04 23:58:00+00:00,2012-06-04 23:58:00+00:00,1671|4390
3068,4abe9ca0f964a520da8e20e3,4360,0,2,2012-07-08 23:56:00+00:00,2012-07-08 23:56:00+00:00,3361|4390
3069,4ac0d778f964a520ad9420e3,4385,0,2,2012-05-11 14:03:00+00:00,2012-05-11 14:03:00+00:00,2849|5858
3070,4ac1713cf964a520329720e3,4392,0,2,2012-05-09 12:09:00+00:00,2012-05-09 12:09:00+00:00,2165|3859
3071,4ac352a1f964a520269b20e3,4402,0,2,2012-05-15 12:45:00+00:00,2012-05-15 12:45:00+00:00,1312|5598
3072,4ac61b57f964a520d7b220e3,4429,0,2,2012-08-10 17:15:00+00:00,2012-08-10 17:15:00+00:00,48|3570
3073,4ac67d85f964a5209fb420e3,4434,0,2,2012-05-01 22:52:00+00:00,2012-05-01 22:52:00+00:00,5298|5863
3074,4ac67d85f964a5209fb420e3,4434,0,2,2012-05-16 22:43:00+00:00,2012-05-16 22:43:00+00:00,5298|5863
3075,4ac6bb7ff964a52014b620e3,4439,0,2,2012-07-14 05:33:00+00:00,2012-07-14 05:33:00+00:00,1206|5988
3076,4ac6bb7ff964a52014b620e3,4439,0,2,2012-10-28 05:10:00+00:00,2012-10-28 05:10:00+00:00,2611|5405
3077,4ac6bb7ff964a52014b620e3,4439,0,2,2012-11-18 07:39:00+00:00,2012-11-18 07:39:00+00:00,475|5405
3078,4ac7e458f964a52064ba20e3,4455,0,2,2012-04-15 16:39:00+00:00,2012-04-15 16:39:00+00:00,2952|6153
3079,4ac7e458f964a52064ba20e3,4455,0,2,2012-05-14 01:53:00+00:00,2012-05-14 01:53:00+00:00,1695|4309
3080,4ac7e458f964a52064ba20e3,4455,0,2,2012-07-13 03:26:00+00:00,2012-07-13 03:26:00+00:00,2225|2261
3081,4ac7e458f964a52064ba20e3,4455,0,2,2013-03-11 05:32:00+00:00,2013-03-11 05:32:00+00:00,4044|6862
3082,4ac7e4a7f964a52065ba20e3,4456,0,2,2013-02-07 00:03:00+00:00,2013-02-07 00:03:00+00:00,161|449
3083,4ac7f72df964a520e2ba20e3,4457,0,2,2012-07-03 22:53:00+00:00,2012-07-03 22:53:00+00:00,2501|2974
3084,4ac91938f964a5209abe20e3,4476,0,2,2012-10-25 00:59:00+00:00,2012-10-25 00:59:00+00:00,5362|6099
3085,4ac95372f964a520abbf20e3,4480,0,2,2012-04-22 22:11:00+00:00,2012-04-22 22:11:00+00:00,5512|6267
3086,4aca27e7f964a520a4c020e3,4488,0,2,2012-06-07 02:31:00+00:00,2012-06-07 02:31:00+00:00,1190|1618
3087,4aca33abf964a520d9c020e3,4490,0,2,2012-04-25 22:57:00+00:00,2012-04-25 22:57:00+00:00,929|1611
3088,4aca4c36f964a52049c120e3,4492,0,2,2012-07-29 22:35:00+00:00,2012-07-29 22:35:00+00:00,1611|6333
3089,4aca67eff964a520c7c120e3,4495,0,2,2013-02-02 21:33:00+00:00,2013-02-02 21:33:00+00:00,3734|6053
3090,4aca67eff964a520c7c120e3,4495,0,2,2013-04-07 00:41:00+00:00,2013-04-07 00:41:00+00:00,4044|6862
3091,4acb96fef964a52071c420e3,4501,0,2,2012-04-14 20:05:00+00:00,2012-04-14 20:05:00+00:00,3180|6162
3092,4acbe67af964a52044c820e3,4507,0,2,2012-10-03 18:28:00+00:00,2012-10-03 18:28:00+00:00,251|865
3093,4acda2daf964a52076cc20e3,4520,0,2,2012-06-05 03:13:00+00:00,2012-06-05 03:13:00+00:00,1301|5011
3094,4ace64bef964a52053d020e3,4525,0,2,2012-05-16 12:01:00+00:00,2012-05-16 12:01:00+00:00,3820|6509
3095,4ace6c89f964a52078d020e3,4527,0,2,2012-04-06 13:54:00+00:00,2012-04-06 13:54:00+00:00,164|2017
3096,4ace6c89f964a52078d020e3,4527,0,4,2012-04-10 01:40:00+00:00,2012-04-10 01:40:00+00:00,164|475|3892|5988
3097,4ace6c89f964a52078d020e3,4527,0,2,2012-04-10 22:04:00+00:00,2012-04-10 22:04:00+00:00,2347|4360
3098,4ace6c89f964a52078d020e3,4527,0,2,2012-04-12 10:34:00+00:00,2012-04-12 10:34:00+00:00,1372|3628
3099,4ace6c89f964a52078d020e3,4527,0,2,2012-04-12 21:15:00+00:00,2012-04-12 21:15:00+00:00,159|6065
3100,4ace6c89f964a52078d020e3,4527,0,4,2012-04-13 01:45:00+00:00,2012-04-13 01:45:00+00:00,2347|3469|4360|5432
3101,4ace6c89f964a52078d020e3,4527,0,4,2012-04-15 17:01:00+00:00,2012-04-15 17:01:00+00:00,791|1021|1369|2464
3102,4ace6c89f964a52078d020e3,4527,0,2,2012-04-16 08:51:00+00:00,2012-04-16 08:51:00+00:00,1135|5432
3103,4ace6c89f964a52078d020e3,4527,0,4,2012-04-16 10:10:00+00:00,2012-04-16 10:10:00+00:00,73|1766|2481|5183
3104,4ace6c89f964a52078d020e3,4527,0,3,2012-04-16 13:22:00+00:00,2012-04-16 13:22:00+00:00,1831|2066|5258
3105,4ace6c89f964a52078d020e3,4527,0,2,2012-04-17 13:56:00+00:00,2012-04-17 13:56:00+00:00,824|1097
3106,4ace6c89f964a52078d020e3,4527,0,2,2012-04-20 07:41:00+00:00,2012-04-20 07:41:00+00:00,4678|6500
3107,4ace6c89f964a52078d020e3,4527,0,3,2012-04-20 17:02:00+00:00,2012-04-20 17:02:00+00:00,665|2142|2400
3108,4ace6c89f964a52078d020e3,4527,0,2,2012-04-20 20:29:00+00:00,2012-04-20 20:29:00+00:00,2066|5258
3109,4ace6c89f964a52078d020e3,4527,0,3,2012-04-22 13:31:00+00:00,2012-04-22 13:31:00+00:00,665|1893|2514
3110,4ace6c89f964a52078d020e3,4527,0,2,2012-04-22 17:34:00+00:00,2012-04-22 17:34:00+00:00,849|1470
3111,4ace6c89f964a52078d020e3,4527,0,3,2012-04-23 10:37:00+00:00,2012-04-23 10:37:00+00:00,2081|2514|2908
3112,4ace6c89f964a52078d020e3,4527,0,2,2012-04-23 16:33:00+00:00,2012-04-23 16:33:00+00:00,2908|6500
3113,4ace6c89f964a52078d020e3,4527,0,2,2012-04-23 19:33:00+00:00,2012-04-23 19:33:00+00:00,3924|5367
3114,4ace6c89f964a52078d020e3,4527,0,2,2012-04-24 13:28:00+00:00,2012-04-24 13:28:00+00:00,750|2348
3115,4ace6c89f964a52078d020e3,4527,0,2,2012-04-24 16:02:00+00:00,2012-04-24 16:02:00+00:00,519|1185
3116,4ace6c89f964a52078d020e3,4527,0,2,2012-04-25 16:25:00+00:00,2012-04-25 16:25:00+00:00,1470|1734
3117,4ace6c89f964a52078d020e3,4527,0,2,2012-04-25 19:31:00+00:00,2012-04-25 19:31:00+00:00,3075|6491
3118,4ace6c89f964a52078d020e3,4527,0,2,2012-04-25 22:25:00+00:00,2012-04-25 22:25:00+00:00,1919|4302
3119,4ace6c89f964a52078d020e3,4527,0,3,2012-04-26 13:10:00+00:00,2012-04-26 13:10:00+00:00,62|530|2133
3120,4ace6c89f964a52078d020e3,4527,0,2,2012-04-27 10:48:00+00:00,2012-04-27 10:48:00+00:00,3739|4845
3121,4ace6c89f964a52078d020e3,4527,0,2,2012-04-27 13:00:00+00:00,2012-04-27 13:00:00+00:00,2822|4258
3122,4ace6c89f964a52078d020e3,4527,0,3,2012-04-27 19:15:00+00:00,2012-04-27 19:15:00+00:00,598|1766|3465
3123,4ace6c89f964a52078d020e3,4527,0,2,2012-04-29 20:06:00+00:00,2012-04-29 20:06:00+00:00,598|1153
3124,4ace6c89f964a52078d020e3,4527,0,3,2012-05-04 01:00:00+00:00,2012-05-04 01:00:00+00:00,1664|4131|5497
3125,4ace6c89f964a52078d020e3,4527,0,2,2012-05-04 21:05:00+00:00,2012-05-04 21:05:00+00:00,372|4697
3126,4ace6c89f964a52078d020e3,4527,0,2,2012-05-05 01:05:00+00:00,2012-05-05 01:05:00+00:00,126|333
3127,4ace6c89f964a52078d020e3,4527,0,2,2012-05-06 17:27:00+00:00,2012-05-06 17:27:00+00:00,4258|5183
3128,4ace6c89f964a52078d020e3,4527,0,2,2012-05-06 22:39:00+00:00,2012-05-06 22:39:00+00:00,410|3081
3129,4ace6c89f964a52078d020e3,4527,0,2,2012-05-07 09:15:00+00:00,2012-05-07 09:15:00+00:00,295|6317
3130,4ace6c89f964a52078d020e3,4527,0,2,2012-05-07 11:26:00+00:00,2012-05-07 11:26:00+00:00,1734|2644
3131,4ace6c89f964a52078d020e3,4527,0,2,2012-05-10 00:46:00+00:00,2012-05-10 00:46:00+00:00,1351|5183
3132,4ace6c89f964a52078d020e3,4527,0,2,2012-05-11 22:03:00+00:00,2012-05-11 22:03:00+00:00,782|1228
3133,4ace6c89f964a52078d020e3,4527,0,3,2012-05-14 10:37:00+00:00,2012-05-14 10:37:00+00:00,1766|3192|6784
3134,4ace6c89f964a52078d020e3,4527,0,2,2012-05-14 14:26:00+00:00,2012-05-14 14:26:00+00:00,4188|5037
3135,4ace6c89f964a52078d020e3,4527,0,2,2012-05-14 17:34:00+00:00,2012-05-14 17:34:00+00:00,123|3625
3136,4ace6c89f964a52078d020e3,4527,0,2,2012-05-14 22:26:00+00:00,2012-05-14 22:26:00+00:00,1416|1997
3137,4ace6c89f964a52078d020e3,4527,0,3,2012-05-16 01:15:00+00:00,2012-05-16 01:15:00+00:00,298|1501|2835
3138,4ace6c89f964a52078d020e3,4527,0,2,2012-05-16 19:32:00+00:00,2012-05-16 19:32:00+00:00,561|3137
3139,4ace6c89f964a52078d020e3,4527,0,2,2012-05-17 13:38:00+00:00,2012-05-17 13:38:00+00:00,1017|2996
3140,4ace6c89f964a52078d020e3,4527,0,2,2012-05-17 17:01:00+00:00,2012-05-17 17:01:00+00:00,906|2835
3141,4ace6c89f964a52078d020e3,4527,0,3,2012-05-18 20:15:00+00:00,2012-05-18 20:15:00+00:00,1226|3820|6509
3142,4ace6c89f964a52078d020e3,4527,0,2,2012-05-19 13:36:00+00:00,2012-05-19 13:36:00+00:00,519|2309
3143,4ace6c89f964a52078d020e3,4527,0,5,2012-05-21 10:44:00+00:00,2012-05-21 10:44:00+00:00,298|329|594|1226|1766
3144,4ace6c89f964a52078d020e3,4527,0,2,2012-05-21 16:59:00+00:00,2012-05-21 16:59:00+00:00,838|1672
3145,4ace6c89f964a52078d020e3,4527,0,2,2012-05-28 20:39:00+00:00,2012-05-28 20:39:00+00:00,918|5432
3146,4ace6c89f964a52078d020e3,4527,0,3,2012-05-29 08:13:00+00:00,2012-05-29 08:13:00+00:00,1766|5774|6693
3147,4ace6c89f964a52078d020e3,4527,0,2,2012-06-01 16:34:00+00:00,2012-06-01 16:34:00+00:00,3519|4825
3148,4ace6c89f964a52078d020e3,4527,0,2,2012-06-03 19:18:00+00:00,2012-06-03 19:18:00+00:00,1284|1690
3149,4ace6c89f964a52078d020e3,4527,0,3,2012-06-04 11:15:00+00:00,2012-06-04 11:15:00+00:00,2563|3531|5036
3150,4ace6c89f964a52078d020e3,4527,0,2,2012-06-06 09:07:00+00:00,2012-06-06 09:07:00+00:00,420|718
3151,4ace6c89f964a52078d020e3,4527,0,2,2012-06-06 21:48:00+00:00,2012-06-06 21:48:00+00:00,239|1233
3152,4ace6c89f964a52078d020e3,4527,0,2,2012-06-07 09:10:00+00:00,2012-06-07 09:10:00+00:00,3498|4142
3153,4ace6c89f964a52078d020e3,4527,0,3,2012-06-07 10:09:00+00:00,2012-06-07 10:09:00+00:00,401|894|2185
3154,4ace6c89f964a52078d020e3,4527,0,2,2012-06-07 13:16:00+00:00,2012-06-07 13:16:00+00:00,1059|4430
3155,4ace6c89f964a52078d020e3,4527,0,2,2012-06-07 16:44:00+00:00,2012-06-07 16:44:00+00:00,34|2563
3156,4ace6c89f964a52078d020e3,4527,0,2,2012-06-08 18:12:00+00:00,2012-06-08 18:12:00+00:00,1924|4234
3157,4ace6c89f964a52078d020e3,4527,0,2,2012-06-10 20:44:00+00:00,2012-06-10 20:44:00+00:00,2280|3075
3158,4ace6c89f964a52078d020e3,4527,0,2,2012-06-10 22:06:00+00:00,2012-06-10 22:06:00+00:00,894|1227
3159,4ace6c89f964a52078d020e3,4527,0,3,2012-06-11 10:02:00+00:00,2012-06-11 10:02:00+00:00,2249|2835|4489
3160,4ace6c89f964a52078d020e3,4527,0,2,2012-06-11 14:16:00+00:00,2012-06-11 14:16:00+00:00,3318|4234
3161,4ace6c89f964a52078d020e3,4527,0,3,2012-06-13 19:05:00+00:00,2012-06-13 19:05:00+00:00,109|2835|4027
3162,4ace6c89f964a52078d020e3,4527,0,2,2012-06-17 01:24:00+00:00,2012-06-17 01:24:00+00:00,2476|5174
3163,4ace6c89f964a52078d020e3,4527,0,5,2012-06-17 22:04:00+00:00,2012-06-17 22:04:00+00:00,28|204|1284|1690|6825
3164,4ace6c89f964a52078d020e3,4527,0,2,2012-06-18 01:42:00+00:00,2012-06-18 01:42:00+00:00,3161|5432
3165,4ace6c89f964a52078d020e3,4527,0,2,2012-06-21 10:10:00+00:00,2012-06-21 10:10:00+00:00,2017|2501
3166,4ace6c89f964a52078d020e3,4527,0,2,2012-06-26 23:26:00+00:00,2012-06-26 23:26:00+00:00,2573|4995
3167,4ace6c89f964a52078d020e3,4527,0,2,2012-06-27 14:11:00+00:00,2012-06-27 14:11:00+00:00,1017|3469
3168,4ace6c89f964a52078d020e3,4527,0,2,2012-07-05 11:59:00+00:00,2012-07-05 11:59:00+00:00,123|5988
3169,4ace6c89f964a52078d020e3,4527,0,2,2012-07-06 13:09:00+00:00,2012-07-06 13:09:00+00:00,1436|1917
3170,4ace6c89f964a52078d020e3,4527,0,2,2012-07-09 01:25:00+00:00,2012-07-09 01:25:00+00:00,411|5432
3171,4ace6c89f964a52078d020e3,4527,0,2,2012-07-11 21:10:00+00:00,2012-07-11 21:10:00+00:00,117|2316
3172,4ace6c89f964a52078d020e3,4527,0,2,2012-07-11 22:29:00+00:00,2012-07-11 22:29:00+00:00,3075|5432
3173,4ace6c89f964a52078d020e3,4527,0,2,2012-07-12 10:08:00+00:00,2012-07-12 10:08:00+00:00,1768|1966
3174,4ace6c89f964a52078d020e3,4527,0,2,2012-07-12 13:51:00+00:00,2012-07-12 13:51:00+00:00,1302|5961
3175,4ace6c89f964a52078d020e3,4527,0,2,2012-07-13 13:39:00+00:00,2012-07-13 13:39:00+00:00,2075|4713
3176,4ace6c89f964a52078d020e3,4527,0,2,2012-07-15 20:17:00+00:00,2012-07-15 20:17:00+00:00,715|5489
3177,4ace6c89f964a52078d020e3,4527,0,3,2012-07-16 10:30:00+00:00,2012-07-16 10:30:00+00:00,73|143|3075
3178,4ace6c89f964a52078d020e3,4527,0,2,2012-07-18 14:22:00+00:00,2012-07-18 14:22:00+00:00,982|6179
3179,4ace6c89f964a52078d020e3,4527,0,2,2012-07-24 10:33:00+00:00,2012-07-24 10:33:00+00:00,73|4364
3180,4ace6c89f964a52078d020e3,4527,0,3,2012-07-30 01:38:00+00:00,2012-07-30 01:38:00+00:00,246|1664|4043
3181,4ace6c89f964a52078d020e3,4527,0,2,2012-08-09 10:54:00+00:00,2012-08-09 10:54:00+00:00,1664|3318
3182,4ace6c89f964a52078d020e3,4527,0,2,2012-08-10 10:16:00+00:00,2012-08-10 10:16:00+00:00,239|2382
3183,4ace6c89f964a52078d020e3,4527,0,3,2012-08-11 19:44:00+00:00,2012-08-11 19:44:00+00:00,1143|1923|4258
3184,4ace6c89f964a52078d020e3,4527,0,2,2012-08-12 22:13:00+00:00,2012-08-12 22:13:00+00:00,239|2664
3185,4ace6c89f964a52078d020e3,4527,0,2,2012-08-13 01:34:00+00:00,2012-08-13 01:34:00+00:00,28|774
3186,4ace6c89f964a52078d020e3,4527,0,2,2012-08-13 13:48:00+00:00,2012-08-13 13:48:00+00:00,425|5432
3187,4ace6c89f964a52078d020e3,4527,0,3,2012-08-14 10:14:00+00:00,2012-08-14 10:14:00+00:00,279|519|2951
3188,4ace6c89f964a52078d020e3,4527,0,2,2012-08-16 22:21:00+00:00,2012-08-16 22:21:00+00:00,2194|2828
3189,4ace6c89f964a52078d020e3,4527,0,2,2012-08-19 11:53:00+00:00,2012-08-19 11:53:00+00:00,1743|2839
3190,4ace6c89f964a52078d020e3,4527,0,2,2012-09-09 14:38:00+00:00,2012-09-09 14:38:00+00:00,1617|2827
3191,4ace6c89f964a52078d020e3,4527,0,2,2012-09-09 17:38:00+00:00,2012-09-09 17:38:00+00:00,2573|6450
3192,4ace6c89f964a52078d020e3,4527,0,2,2012-09-09 22:00:00+00:00,2012-09-09 22:00:00+00:00,2839|3113
3193,4ace6c89f964a52078d020e3,4527,0,2,2012-10-12 10:08:00+00:00,2012-10-12 10:08:00+00:00,173|2347
3194,4ace6c89f964a52078d020e3,4527,0,2,2012-10-12 22:52:00+00:00,2012-10-12 22:52:00+00:00,2649|3541
3195,4ace6c89f964a52078d020e3,4527,0,2,2012-10-19 15:51:00+00:00,2012-10-19 15:51:00+00:00,3318|3456
3196,4ace6c89f964a52078d020e3,4527,0,2,2012-10-22 14:22:00+00:00,2012-10-22 14:22:00+00:00,782|1500
3197,4ace6c89f964a52078d020e3,4527,0,2,2012-10-23 23:43:00+00:00,2012-10-23 23:43:00+00:00,3924|6185
3198,4ace6c89f964a52078d020e3,4527,0,2,2012-10-24 23:49:00+00:00,2012-10-24 23:49:00+00:00,425|1205
3199,4ace6c89f964a52078d020e3,4527,0,2,2012-10-25 13:02:00+00:00,2012-10-25 13:02:00+00:00,611|2087
3200,4ace6c89f964a52078d020e3,4527,0,2,2012-10-26 10:10:00+00:00,2012-10-26 10:10:00+00:00,26|3663
3201,4ace6c89f964a52078d020e3,4527,0,2,2012-10-26 14:33:00+00:00,2012-10-26 14:33:00+00:00,105|553
3202,4ace6c89f964a52078d020e3,4527,0,2,2012-10-26 22:42:00+00:00,2012-10-26 22:42:00+00:00,779|1664
3203,4ace6c89f964a52078d020e3,4527,0,2,2012-11-05 11:32:00+00:00,2012-11-05 11:32:00+00:00,287|1766
3204,4ace6c89f964a52078d020e3,4527,0,2,2012-11-16 00:35:00+00:00,2012-11-16 00:35:00+00:00,329|2646
3205,4ace6c89f964a52078d020e3,4527,0,2,2012-11-19 22:20:00+00:00,2012-11-19 22:20:00+00:00,123|239
3206,4ace6c89f964a52078d020e3,4527,0,3,2012-11-19 23:23:00+00:00,2012-11-19 23:23:00+00:00,101|279|5151
3207,4ace6c89f964a52078d020e3,4527,0,2,2012-11-20 23:25:00+00:00,2012-11-20 23:25:00+00:00,931|2835
3208,4ace6c89f964a52078d020e3,4527,0,2,2012-11-25 14:33:00+00:00,2012-11-25 14:33:00+00:00,45|2676
3209,4ace6c89f964a52078d020e3,4527,0,2,2012-12-02 18:27:00+00:00,2012-12-02 18:27:00+00:00,2032|3318
3210,4ace6c89f964a52078d020e3,4527,0,2,2012-12-03 21:48:00+00:00,2012-12-03 21:48:00+00:00,3924|4423
3211,4ace6c89f964a52078d020e3,4527,0,2,2012-12-05 11:21:00+00:00,2012-12-05 11:21:00+00:00,45|2498
3212,4ace6c89f964a52078d020e3,4527,0,3,2012-12-06 20:00:00+00:00,2012-12-06 20:00:00+00:00,1802|2347|2835
3213,4ace6c89f964a52078d020e3,4527,0,2,2012-12-06 23:05:00+00:00,2012-12-06 23:05:00+00:00,475|1952
3214,4ace6c89f964a52078d020e3,4527,0,2,2012-12-07 11:25:00+00:00,2012-12-07 11:25:00+00:00,2185|3212
3215,4ace6c89f964a52078d020e3,4527,0,2,2012-12-08 00:03:00+00:00,2012-12-08 00:03:00+00:00,2994|6596
3216,4ace6c89f964a52078d020e3,4527,0,2,2012-12-08 20:19:00+00:00,2012-12-08 20:19:00+00:00,1802|1934
3217,4ace6c89f964a52078d020e3,4527,0,3,2012-12-10 14:06:00+00:00,2012-12-10 14:06:00+00:00,411|730|5432
3218,4ace6c89f964a52078d020e3,4527,0,2,2012-12-12 01:13:00+00:00,2012-12-12 01:13:00+00:00,329|3945
3219,4ace6c89f964a52078d020e3,4527,0,4,2012-12-18 09:42:00+00:00,2012-12-18 09:42:00+00:00,143|1334|1664|2382
3220,4ace6c89f964a52078d020e3,4527,0,2,2012-12-19 00:22:00+00:00,2012-12-19 00:22:00+00:00,3673|6039
3221,4ace6c89f964a52078d020e3,4527,0,2,2012-12-19 14:45:00+00:00,2012-12-19 14:45:00+00:00,992|1768
3222,4ace6c89f964a52078d020e3,4527,0,3,2012-12-22 11:33:00+00:00,2012-12-22 11:33:00+00:00,879|1734|6310
3223,4ace6c89f964a52078d020e3,4527,0,2,2012-12-22 21:07:00+00:00,2012-12-22 21:07:00+00:00,410|1977
3224,4ace6c89f964a52078d020e3,4527,0,2,2012-12-23 15:19:00+00:00,2012-12-23 15:19:00+00:00,2828|6574
3225,4ace6c89f964a52078d020e3,4527,0,2,2012-12-28 08:58:00+00:00,2012-12-28 08:58:00+00:00,5628|6310
3226,4ace6c89f964a52078d020e3,4527,0,3,2012-12-29 02:03:00+00:00,2012-12-29 02:03:00+00:00,1227|2118|4507
3227,4ace6c89f964a52078d020e3,4527,0,2,2013-01-07 11:49:00+00:00,2013-01-07 11:49:00+00:00,677|2629
3228,4ace6c89f964a52078d020e3,4527,0,3,2013-01-08 11:21:00+00:00,2013-01-08 11:21:00+00:00,1766|3075|5240
3229,4ace6c89f964a52078d020e3,4527,0,2,2013-01-10 02:35:00+00:00,2013-01-10 02:35:00+00:00,286|2882
3230,4ace6c89f964a52078d020e3,4527,0,2,2013-01-10 10:01:00+00:00,2013-01-10 10:01:00+00:00,2367|3710
3231,4ace6c89f964a52078d020e3,4527,0,2,2013-01-18 14:27:00+00:00,2013-01-18 14:27:00+00:00,475|666
3232,4ace6c89f964a52078d020e3,4527,0,2,2013-01-21 09:33:00+00:00,2013-01-21 09:33:00+00:00,101|4738
3233,4ace6c89f964a52078d020e3,4527,0,2,2013-02-05 21:50:00+00:00,2013-02-05 21:50:00+00:00,1169|2835
3234,4ace6c89f964a52078d020e3,4527,0,3,2013-02-11 18:31:00+00:00,2013-02-11 18:31:00+00:00,234|666|1770
3235,4ace6c89f964a52078d020e3,4527,0,2,2013-02-12 12:17:00+00:00,2013-02-12 12:17:00+00:00,648|1858
3236,4ace6c89f964a52078d020e3,4527,0,2,2013-02-19 09:37:00+00:00,2013-02-19 09:37:00+00:00,426|5752
3237,4ace6c89f964a52078d020e3,4527,0,5,2013-02-25 15:30:00+00:00,2013-02-25 15:30:00+00:00,657|666|2081|4222|6179
3238,4ace6c89f964a52078d020e3,4527,0,2,2013-02-27 18:23:00+00:00,2013-02-27 18:23:00+00:00,782|2563
3239,4ace6c89f964a52078d020e3,4527,0,2,2013-03-07 08:28:00+00:00,2013-03-07 08:28:00+00:00,442|5441
3240,4ace6c89f964a52078d020e3,4527,0,2,2013-03-12 01:19:00+00:00,2013-03-12 01:19:00+00:00,149|5288
3241,4ace6c89f964a52078d020e3,4527,0,2,2013-03-27 15:28:00+00:00,2013-03-27 15:28:00+00:00,6007|6535
3242,4ace6c89f964a52078d020e3,4527,0,2,2013-03-31 17:24:00+00:00,2013-03-31 17:24:00+00:00,963|2690
3243,4ace6c89f964a52078d020e3,4527,0,2,2013-04-02 16:17:00+00:00,2013-04-02 16:17:00+00:00,657|2183
3244,4ace6c89f964a52078d020e3,4527,0,2,2013-04-11 10:36:00+00:00,2013-04-11 10:36:00+00:00,105|239
3245,4ace6c89f964a52078d020e3,4527,0,2,2013-04-12 16:53:00+00:00,2013-04-12 16:53:00+00:00,440|782
3246,4ace6c89f964a52078d020e3,4527,0,2,2013-08-04 20:20:00+00:00,2013-08-04 20:20:00+00:00,222|584
3247,4acf3441f964a520b8d220e3,4532,0,2,2012-06-08 00:42:00+00:00,2012-06-08 00:42:00+00:00,3509|5442
3248,4acf58baf964a52028d320e3,4533,0,2,2012-07-13 13:30:00+00:00,2012-07-13 13:30:00+00:00,3475|4413
3249,4acf5c42f964a52038d320e3,4534,0,2,2012-05-26 00:25:00+00:00,2012-05-26 00:25:00+00:00,597|5274
3250,4acf5c42f964a52038d320e3,4534,0,2,2012-06-16 21:56:00+00:00,2012-06-16 21:56:00+00:00,597|5274
3251,4acf7cadf964a52003d420e3,4538,0,2,2012-05-04 16:35:00+00:00,2012-05-04 16:35:00+00:00,438|6397
3252,4acf7cadf964a52003d420e3,4538,0,6,2012-05-11 16:27:00+00:00,2012-05-11 16:27:00+00:00,1389|2458|2828|3111|3113|6397
3253,4acf7cadf964a52003d420e3,4538,0,2,2012-05-16 16:28:00+00:00,2012-05-16 16:28:00+00:00,91|6310
3254,4acf7cadf964a52003d420e3,4538,0,3,2012-05-25 17:01:00+00:00,2012-05-25 17:01:00+00:00,438|2409|4668
3255,4acf7cadf964a52003d420e3,4538,0,2,2012-05-29 22:46:00+00:00,2012-05-29 22:46:00+00:00,3991|5344
3256,4acf7cadf964a52003d420e3,4538,0,2,2012-05-31 16:41:00+00:00,2012-05-31 16:41:00+00:00,1389|4188
3257,4acf7cadf964a52003d420e3,4538,0,3,2012-06-01 16:34:00+00:00,2012-06-01 16:34:00+00:00,896|1150|2409
3258,4ad04456f964a520c7d720e3,4548,0,2,2012-05-05 05:48:00+00:00,2012-05-05 05:48:00+00:00,1289|2028
3259,4ad04456f964a520c7d720e3,4548,0,2,2012-11-22 05:50:00+00:00,2012-11-22 05:50:00+00:00,3168|4025
3260,4ad04456f964a520c7d720e3,4548,0,2,2013-02-16 02:11:00+00:00,2013-02-16 02:11:00+00:00,956|2653
3261,4ad0efa6f964a5204bdb20e3,4557,0,2,2012-04-03 23:27:00+00:00,2012-04-03 23:27:00+00:00,4148|4826
3262,4ad103f8f964a520f4db20e3,4560,0,2,2012-04-18 22:30:00+00:00,2012-04-18 22:30:00+00:00,226|287
3263,4ad103f8f964a520f4db20e3,4560,0,2,2012-05-09 22:02:00+00:00,2012-05-09 22:02:00+00:00,226|287
3264,4ad12a42f964a5202bdd20e3,4563,0,2,2012-05-19 21:15:00+00:00,2012-05-19 21:15:00+00:00,2294|4721
3265,4ad234e2f964a52010e020e3,4573,0,2,2012-05-13 14:54:00+00:00,2012-05-13 14:54:00+00:00,3098|6421
3266,4ad241c1f964a52076e020e3,4574,0,2,2012-04-12 21:39:00+00:00,2012-04-12 21:39:00+00:00,5210|6075
3267,4ad262b2f964a5204ce120e3,4576,0,2,2012-07-12 00:39:00+00:00,2012-07-12 00:39:00+00:00,1647|4626
3268,4ad32558f964a5202fe320e3,4585,0,2,2012-07-29 03:54:00+00:00,2012-07-29 03:54:00+00:00,540|1213
3269,4ad32558f964a5202fe320e3,4585,0,2,2013-04-04 00:40:00+00:00,2013-04-04 00:40:00+00:00,296|2741
3270,4ad494d5f964a5203ce820e3,4600,0,2,2012-04-14 16:32:00+00:00,2012-04-14 16:32:00+00:00,2335|3044
3271,4ad4fe47f964a520280121e3,4607,0,2,2012-12-08 01:53:00+00:00,2012-12-08 01:53:00+00:00,3712|4844
3272,4ad52fb8f964a520430221e3,4614,0,2,2012-04-24 02:42:00+00:00,2012-04-24 02:42:00+00:00,1611|6333
3273,4ad52fb8f964a520430221e3,4614,0,2,2012-12-21 22:10:00+00:00,2012-12-21 22:10:00+00:00,535|2596
3274,4ad5d824f964a520b70321e3,4618,0,2,2012-04-24 22:35:00+00:00,2012-04-24 22:35:00+00:00,690|6857
3275,4ad778a8f964a520030b21e3,4645,0,2,2012-05-04 22:34:00+00:00,2012-05-04 22:34:00+00:00,5084|6324
3276,4ad7f975f964a520601021e3,4655,0,2,2012-12-15 03:00:00+00:00,2012-12-15 03:00:00+00:00,939|1880
3277,4ad90280f964a520161721e3,4673,0,3,2012-04-07 23:31:00+00:00,2012-04-07 23:31:00+00:00,276|1525|1543
3278,4ad90280f964a520161721e3,4673,0,3,2012-05-01 22:44:00+00:00,2012-05-01 22:44:00+00:00,993|1525|5065
3279,4ada0b96f964a520b61d21e3,4691,0,2,2012-09-09 21:08:00+00:00,2012-09-09 21:08:00+00:00,673|791
3280,4ada106af964a520ed1d21e3,4693,0,3,2012-05-29 13:14:00+00:00,2012-05-29 13:14:00+00:00,3721|4912|5817
3281,4ada21b0f964a520da1e21e3,4694,0,2,2012-05-27 18:32:00+00:00,2012-05-27 18:32:00+00:00,20|4426
3282,4ada3c7ef964a520582021e3,4699,0,2,2012-05-05 01:02:00+00:00,2012-05-05 01:02:00+00:00,2806|3999
3283,4ada655cf964a5203f2221e3,4702,0,2,2012-07-14 01:04:00+00:00,2012-07-14 01:04:00+00:00,1304|6680
3284,4ada655cf964a5203f2221e3,4702,0,2,2012-07-14 04:23:00+00:00,2012-07-14 04:23:00+00:00,1304|6680
3285,4ada7675f964a520c92221e3,4703,0,2,2012-05-12 19:26:00+00:00,2012-05-12 19:26:00+00:00,5367|5988
3286,4ada8cf5f964a520712321e3,4707,0,2,2012-07-04 10:02:00+00:00,2012-07-04 10:02:00+00:00,930|1369
3287,4adbf2bbf964a520242b21e3,4720,0,2,2012-07-08 21:39:00+00:00,2012-07-08 21:39:00+00:00,3509|5442
3288,4adbf2bbf964a520242b21e3,4720,0,2,2012-10-26 23:20:00+00:00,2012-10-26 23:20:00+00:00,2563|4025
3289,4adbf2bbf964a520242b21e3,4720,0,2,2012-12-04 00:22:00+00:00,2012-12-04 00:22:00+00:00,311|3939
3290,4adc0405f964a520552b21e3,4721,0,2,2012-04-08 02:02:00+00:00,2012-04-08 02:02:00+00:00,753|2643
3291,4adc900ef964a520422d21e3,4725,0,2,2012-07-09 13:11:00+00:00,2012-07-09 13:11:00+00:00,888|2185
3292,4adccfaff964a520173021e3,4738,0,2,2012-11-17 01:56:00+00:00,2012-11-17 01:56:00+00:00,1344|1533
3293,4addabeef964a520456521e3,4755,0,2,2012-04-10 23:27:00+00:00,2012-04-10 23:27:00+00:00,2371|6183
3294,4addabeef964a520456521e3,4755,0,2,2012-04-24 01:04:00+00:00,2012-04-24 01:04:00+00:00,2371|6183
3295,4addabeef964a520456521e3,4755,0,2,2012-05-08 23:39:00+00:00,2012-05-08 23:39:00+00:00,2371|6183
3296,4addabeef964a520456521e3,4755,0,2,2012-07-04 00:23:00+00:00,2012-07-04 00:23:00+00:00,4023|6183
3297,4addc613f964a520bb6521e3,4758,0,2,2012-04-14 03:14:00+00:00,2012-04-14 03:14:00+00:00,4303|6044
3298,4ade2386f964a520617321e3,4766,0,2,2012-11-15 21:31:00+00:00,2012-11-15 21:31:00+00:00,1778|6852
3299,4ade2386f964a520617321e3,4766,0,3,2012-11-16 18:10:00+00:00,2012-11-16 18:10:00+00:00,1778|2986|6852
3300,4ade4d40f964a520cd7421e3,4769,0,2,2012-08-11 02:07:00+00:00,2012-08-11 02:07:00+00:00,6272|6584
3301,4ade4d40f964a520cd7421e3,4769,0,2,2012-08-12 00:11:00+00:00,2012-08-12 00:11:00+00:00,6272|6584
3302,4adf7af0f964a520fa7a21e3,4788,0,2,2012-11-17 17:49:00+00:00,2012-11-17 17:49:00+00:00,1227|6317
3303,4adf9a99f964a520067c21e3,4790,0,2,2013-01-27 05:29:00+00:00,2013-01-27 05:29:00+00:00,515|524
3304,4adfaddcf964a520b47c21e3,4793,0,2,2012-04-12 01:03:00+00:00,2012-04-12 01:03:00+00:00,1707|6586
3305,4adfb640f964a520e57c21e3,4795,0,2,2012-08-18 01:31:00+00:00,2012-08-18 01:31:00+00:00,4941|6693
3306,4ae04bd7f964a520867e21e3,4799,0,2,2013-01-08 23:44:00+00:00,2013-01-08 23:44:00+00:00,3996|6099
3307,4ae0a807f964a5205a8121e3,4807,0,2,2012-05-05 04:19:00+00:00,2012-05-05 04:19:00+00:00,6268|6665
3308,4ae0a807f964a5205a8121e3,4807,0,4,2012-05-12 04:04:00+00:00,2012-05-12 04:04:00+00:00,2786|4148|4995|6268
3309,4ae12d68f964a5209a8521e3,4818,0,2,2012-04-12 01:09:00+00:00,2012-04-12 01:09:00+00:00,1782|5550
3310,4ae1fefbf964a5209b8921e3,4821,0,2,2012-04-25 19:48:00+00:00,2012-04-25 19:48:00+00:00,1611|6333
3311,4ae21163f964a520638a21e3,4824,0,2,2012-04-12 02:42:00+00:00,2012-04-12 02:42:00+00:00,766|6541
3312,4ae23aedf964a520148c21e3,4828,0,2,2012-04-18 17:09:00+00:00,2012-04-18 17:09:00+00:00,1304|6680
3313,4ae23aedf964a520148c21e3,4828,0,2,2012-04-18 21:40:00+00:00,2012-04-18 21:40:00+00:00,1304|6680
3314,4ae23aedf964a520148c21e3,4828,0,2,2012-04-29 05:27:00+00:00,2012-04-29 05:27:00+00:00,1304|6680
3315,4ae23aedf964a520148c21e3,4828,0,2,2012-06-17 22:52:00+00:00,2012-06-17 22:52:00+00:00,1304|6680
3316,4ae31336f964a5204a9021e3,4839,0,2,2012-07-28 18:31:00+00:00,2012-07-28 18:31:00+00:00,3230|6486
3317,4ae32263f964a520ca9021e3,4840,0,2,2012-07-11 13:29:00+00:00,2012-07-11 13:29:00+00:00,53|1124
3318,4ae37f0bf964a520d49521e3,4854,0,2,2012-08-11 20:36:00+00:00,2012-08-11 20:36:00+00:00,3906|4551
3319,4ae49d01f964a520519c21e3,4865,0,2,2012-06-21 01:14:00+00:00,2012-06-21 01:14:00+00:00,3702|4971
3320,4ae4c6e4f964a520119e21e3,4868,0,2,2012-04-21 14:25:00+00:00,2012-04-21 14:25:00+00:00,1096|6001
3321,4ae4fcfff964a520eb9f21e3,4876,0,2,2012-07-21 23:22:00+00:00,2012-07-21 23:22:00+00:00,4095|4917
3322,4ae54220f964a52095a021e3,4879,0,2,2012-04-29 05:59:00+00:00,2012-04-29 05:59:00+00:00,1202|3697
3323,4ae5ba8bf964a520b0a121e3,4884,0,2,2012-04-16 12:44:00+00:00,2012-04-16 12:44:00+00:00,800|4918
3324,4ae5ba8bf964a520b0a121e3,4884,0,2,2012-04-23 12:48:00+00:00,2012-04-23 12:48:00+00:00,800|4918
3325,4ae6363ef964a520aba521e3,4894,0,2,2012-04-04 13:47:00+00:00,2012-04-04 13:47:00+00:00,5453|6533
3326,4ae6363ef964a520aba521e3,4894,0,2,2012-04-07 22:21:00+00:00,2012-04-07 22:21:00+00:00,2594|3903
3327,4ae6363ef964a520aba521e3,4894,0,2,2012-04-09 23:14:00+00:00,2012-04-09 23:14:00+00:00,893|1614
3328,4ae6363ef964a520aba521e3,4894,0,2,2012-04-10 23:07:00+00:00,2012-04-10 23:07:00+00:00,2207|2280
3329,4ae6363ef964a520aba521e3,4894,0,4,2012-04-12 22:46:00+00:00,2012-04-12 22:46:00+00:00,69|2594|3960|4549
3330,4ae6363ef964a520aba521e3,4894,0,2,2012-04-13 22:44:00+00:00,2012-04-13 22:44:00+00:00,1130|5931
3331,4ae6363ef964a520aba521e3,4894,0,6,2012-04-14 22:37:00+00:00,2012-04-14 22:37:00+00:00,498|2165|3145|4754|5453|5616
3332,4ae6363ef964a520aba521e3,4894,0,4,2012-04-15 16:39:00+00:00,2012-04-15 16:39:00+00:00,2135|4445|5333|5959
3333,4ae6363ef964a520aba521e3,4894,0,3,2012-04-17 23:32:00+00:00,2012-04-17 23:32:00+00:00,233|2207|5569
3334,4ae6363ef964a520aba521e3,4894,0,2,2012-04-19 20:16:00+00:00,2012-04-19 20:16:00+00:00,1940|5967
3335,4ae6363ef964a520aba521e3,4894,0,2,2012-04-25 23:11:00+00:00,2012-04-25 23:11:00+00:00,149|5266
3336,4ae6363ef964a520aba521e3,4894,0,4,2012-05-03 22:43:00+00:00,2012-05-03 22:43:00+00:00,225|1130|2207|6397
3337,4ae6363ef964a520aba521e3,4894,0,3,2012-05-12 23:11:00+00:00,2012-05-12 23:11:00+00:00,498|1206|4549
3338,4ae6363ef964a520aba521e3,4894,0,3,2012-05-16 23:26:00+00:00,2012-05-16 23:26:00+00:00,498|2822|3960
3339,4ae6363ef964a520aba521e3,4894,0,3,2012-05-22 13:11:00+00:00,2012-05-22 13:11:00+00:00,4647|5144|5551
3340,4ae6363ef964a520aba521e3,4894,0,4,2012-05-23 23:14:00+00:00,2012-05-23 23:14:00+00:00,498|2165|6164|6548
3341,4ae6363ef964a520aba521e3,4894,0,2,2012-11-11 02:09:00+00:00,2012-11-11 02:09:00+00:00,2185|5691
3342,4ae6363ef964a520aba521e3,4894,0,2,2012-11-12 23:21:00+00:00,2012-11-12 23:21:00+00:00,3052|5681
3343,4ae6363ef964a520aba521e3,4894,0,2,2012-11-13 03:03:00+00:00,2012-11-13 03:03:00+00:00,992|6517
3344,4ae6363ef964a520aba521e3,4894,0,3,2012-11-30 23:12:00+00:00,2012-11-30 23:12:00+00:00,1130|5551|6251
3345,4ae6363ef964a520aba521e3,4894,0,3,2012-12-06 00:11:00+00:00,2012-12-06 00:11:00+00:00,1473|1651|6517
3346,4ae6363ef964a520aba521e3,4894,0,2,2012-12-08 00:42:00+00:00,2012-12-08 00:42:00+00:00,1816|4696
3347,4ae6363ef964a520aba521e3,4894,0,2,2012-12-08 23:43:00+00:00,2012-12-08 23:43:00+00:00,3225|4754
3348,4ae6363ef964a520aba521e3,4894,0,2,2012-12-10 00:17:00+00:00,2012-12-10 00:17:00+00:00,510|2232
3349,4ae6363ef964a520aba521e3,4894,0,2,2012-12-13 02:23:00+00:00,2012-12-13 02:23:00+00:00,225|6566
3350,4ae6363ef964a520aba521e3,4894,0,2,2012-12-16 00:01:00+00:00,2012-12-16 00:01:00+00:00,117|4145
3351,4ae6363ef964a520aba521e3,4894,0,3,2012-12-18 00:01:00+00:00,2012-12-18 00:01:00+00:00,2207|2524|5301
3352,4ae6363ef964a520aba521e3,4894,0,2,2012-12-22 00:09:00+00:00,2012-12-22 00:09:00+00:00,1676|2207
3353,4ae6363ef964a520aba521e3,4894,0,2,2013-01-21 20:35:00+00:00,2013-01-21 20:35:00+00:00,2207|6517
3354,4ae6363ef964a520aba521e3,4894,0,2,2013-01-26 23:24:00+00:00,2013-01-26 23:24:00+00:00,498|3960
3355,4ae6363ef964a520aba521e3,4894,0,3,2013-02-03 00:17:00+00:00,2013-02-03 00:17:00+00:00,149|2207|4623
3356,4ae6363ef964a520aba521e3,4894,0,2,2013-03-13 22:59:00+00:00,2013-03-13 22:59:00+00:00,2081|3134
3357,4ae6f117f964a520a6a721e3,4898,0,2,2012-05-25 23:04:00+00:00,2012-05-25 23:04:00+00:00,1183|1582
3358,4ae6f117f964a520a6a721e3,4898,0,2,2012-10-24 23:07:00+00:00,2012-10-24 23:07:00+00:00,3869|6633
3359,4ae72411f964a520cba821e3,4899,0,2,2012-09-15 23:56:00+00:00,2012-09-15 23:56:00+00:00,3858|6130
3360,4ae8906ef964a52071b021e3,4912,0,2,2012-06-17 04:12:00+00:00,2012-06-17 04:12:00+00:00,1329|2541
3361,4ae8906ef964a52071b021e3,4912,0,2,2013-02-05 12:50:00+00:00,2013-02-05 12:50:00+00:00,4368|6693
3362,4ae9cc3af964a52087b621e3,4924,0,2,2012-05-27 22:49:00+00:00,2012-05-27 22:49:00+00:00,5367|5988
3363,4aea1121f964a52008b921e3,4928,0,2,2012-09-05 13:03:00+00:00,2012-09-05 13:03:00+00:00,4852|4915
3364,4aea1121f964a52008b921e3,4928,0,3,2013-02-19 14:03:00+00:00,2013-02-19 14:03:00+00:00,261|3453|4668
3365,4aed0b8cf964a520ebcc21e3,4968,0,2,2012-08-17 20:12:00+00:00,2012-08-17 20:12:00+00:00,4946|6860
3366,4aed0b8cf964a520ebcc21e3,4968,0,2,2012-08-18 01:05:00+00:00,2012-08-18 01:05:00+00:00,4290|4664
3367,4aedfe24f964a520fbd021e3,4976,0,2,2012-06-09 00:17:00+00:00,2012-06-09 00:17:00+00:00,739|6706
3368,4aee45e7f964a5204cd321e3,4983,0,2,2012-04-22 20:19:00+00:00,2012-04-22 20:19:00+00:00,2439|2674
3369,4aeed96ff964a5205fd421e3,4987,0,2,2012-05-04 17:33:00+00:00,2012-05-04 17:33:00+00:00,2563|5214
3370,4aeedbe6f964a5206cd421e3,4988,0,2,2012-12-17 13:25:00+00:00,2012-12-17 13:25:00+00:00,2464|6310
3371,4af0903af964a5203cdd21e3,5004,0,2,2012-05-02 01:30:00+00:00,2012-05-02 01:30:00+00:00,3850|6245
3372,4af0e085f964a520d9df21e3,5013,0,2,2012-07-09 18:25:00+00:00,2012-07-09 18:25:00+00:00,2107|4014
3373,4af21f0bf964a52002e621e3,5023,0,2,2012-04-17 22:01:00+00:00,2012-04-17 22:01:00+00:00,1697|5280
3374,4af21f0bf964a52002e621e3,5023,0,2,2012-05-06 22:47:00+00:00,2012-05-06 22:47:00+00:00,1697|5280
3375,4af37d21f964a52017ee21e3,5040,0,2,2012-04-23 18:45:00+00:00,2012-04-23 18:45:00+00:00,99|290
3376,4af37d21f964a52017ee21e3,5040,0,2,2012-05-07 18:57:00+00:00,2012-05-07 18:57:00+00:00,99|290
3377,4af48312f964a52057f321e3,5051,0,2,2012-11-06 03:35:00+00:00,2012-11-06 03:35:00+00:00,3167|5029
3378,4af5a46af964a520b5fa21e3,5067,0,2,2012-04-08 16:16:00+00:00,2012-04-08 16:16:00+00:00,892|4489
3379,4af5a46af964a520b5fa21e3,5067,0,2,2012-04-14 23:55:00+00:00,2012-04-14 23:55:00+00:00,1017|1907
3380,4af5a46af964a520b5fa21e3,5067,0,2,2012-04-15 16:32:00+00:00,2012-04-15 16:32:00+00:00,152|3935
3381,4af5a46af964a520b5fa21e3,5067,0,3,2013-01-12 17:50:00+00:00,2013-01-12 17:50:00+00:00,883|1388|4387
3382,4af5a46af964a520b5fa21e3,5067,0,2,2013-03-21 18:28:00+00:00,2013-03-21 18:28:00+00:00,3532|4634
3383,4af8eaf1f964a5208f1022e3,5108,0,2,2012-04-23 17:02:00+00:00,2012-04-23 17:02:00+00:00,979|6037
3384,4af9bc5af964a520cb1322e3,5114,0,2,2013-03-12 13:58:00+00:00,2013-03-12 13:58:00+00:00,4498|5717
3385,4afb1a0ff964a5202c1b22e3,5127,0,2,2012-05-16 02:05:00+00:00,2012-05-16 02:05:00+00:00,66|6123
3386,4afc22c8f964a5200a2022e3,5142,0,2,2012-06-08 16:11:00+00:00,2012-06-08 16:11:00+00:00,1145|1758
3387,4afcad9ff964a520052522e3,5149,0,2,2012-04-22 17:31:00+00:00,2012-04-22 17:31:00+00:00,553|5237
3388,4afd738bf964a520e92722e3,5159,0,2,2013-03-08 17:41:00+00:00,2013-03-08 17:41:00+00:00,4001|6703
3389,4afd738bf964a520e92722e3,5159,0,2,2013-04-24 13:29:00+00:00,2013-04-24 13:29:00+00:00,1023|3256
3390,4aff3009f964a5209e3522e3,5182,0,2,2013-04-07 03:36:00+00:00,2013-04-07 03:36:00+00:00,4044|6862
3391,4aff53e2f964a5205e3722e3,5188,0,2,2012-07-07 02:43:00+00:00,2012-07-07 02:43:00+00:00,1304|6680
3392,4aff5daef964a520d13722e3,5191,0,2,2012-12-19 00:49:00+00:00,2012-12-19 00:49:00+00:00,939|1880
3393,4aff7f64f964a520193922e3,5192,0,2,2012-07-05 08:19:00+00:00,2012-07-05 08:19:00+00:00,2786|4148
3394,4b004d3ff964a520863c22e3,5196,0,2,2012-05-22 06:08:00+00:00,2012-05-22 06:08:00+00:00,1764|5791
3395,4b004d3ff964a520863c22e3,5196,0,2,2012-06-03 22:52:00+00:00,2012-06-03 22:52:00+00:00,4977|4980
3396,4b004d3ff964a520863c22e3,5196,0,2,2013-02-01 08:55:00+00:00,2013-02-01 08:55:00+00:00,174|1887
3397,4b006bcbf964a520063e22e3,5203,0,2,2012-05-26 05:57:00+00:00,2012-05-26 05:57:00+00:00,5593|6404
3398,4b009b43f964a520ea3f22e3,5210,0,2,2012-04-19 14:37:00+00:00,2012-04-19 14:37:00+00:00,830|5639
3399,4b009b43f964a520ea3f22e3,5210,0,2,2012-04-19 19:03:00+00:00,2012-04-19 19:03:00+00:00,985|4552
3400,4b01674af964a5205e4222e3,5216,0,2,2012-11-20 11:09:00+00:00,2012-11-20 11:09:00+00:00,325|1555
3401,4b01eca4f964a520984622e3,5223,0,2,2013-03-11 00:24:00+00:00,2013-03-11 00:24:00+00:00,4001|6703
3402,4b02ab38f964a520524922e3,5232,0,2,2012-07-03 01:00:00+00:00,2012-07-03 01:00:00+00:00,356|2031
3403,4b032755f964a5200f4d22e3,5234,0,2,2012-12-12 00:37:00+00:00,2012-12-12 00:37:00+00:00,442|3469
3404,4b0367a9f964a520344f22e3,5238,0,2,2013-03-10 17:25:00+00:00,2013-03-10 17:25:00+00:00,1895|5752
3405,4b049c9af964a520a65522e3,5253,0,2,2012-11-11 04:03:00+00:00,2012-11-11 04:03:00+00:00,2220|5861
3406,4b04cc30f964a520a65622e3,5256,0,2,2012-10-11 22:17:00+00:00,2012-10-11 22:17:00+00:00,2558|3880
3407,4b0850dff964a520da0823e3,5302,0,2,2012-05-29 17:09:00+00:00,2012-05-29 17:09:00+00:00,1078|2602
3408,4b089510f964a520da0e23e3,5313,0,2,2012-05-21 23:38:00+00:00,2012-05-21 23:38:00+00:00,1078|2602
3409,4b098edff964a520651923e3,5335,0,2,2012-05-04 01:07:00+00:00,2012-05-04 01:07:00+00:00,618|6058
3410,4b098edff964a520651923e3,5335,0,2,2012-05-06 17:51:00+00:00,2012-05-06 17:51:00+00:00,973|6058
3411,4b098edff964a520651923e3,5335,0,4,2012-06-06 22:19:00+00:00,2012-06-06 22:19:00+00:00,618|753|973|6062
3412,4b098edff964a520651923e3,5335,0,2,2013-05-15 00:53:00+00:00,2013-05-15 00:53:00+00:00,2201|4992
3413,4b0997e8f964a520091a23e3,5337,0,2,2013-02-05 13:05:00+00:00,2013-02-05 13:05:00+00:00,4208|5492
3414,4b0c24fef964a520be3723e3,5374,0,2,2012-05-25 18:00:00+00:00,2012-05-25 18:00:00+00:00,3230|6486
3415,4b0c9fd3f964a5204d4023e3,5394,0,2,2012-04-20 00:02:00+00:00,2012-04-20 00:02:00+00:00,3151|5782
3416,4b0d5d3df964a520fa4623e3,5399,0,2,2012-04-11 05:06:00+00:00,2012-04-11 05:06:00+00:00,3508|5080
3417,4b0d5d3df964a520fa4623e3,5399,0,2,2012-04-13 03:37:00+00:00,2012-04-13 03:37:00+00:00,3508|5080
3418,4b0ea0f0f964a520175923e3,5414,0,2,2012-05-08 13:54:00+00:00,2012-05-08 13:54:00+00:00,3924|4185
3419,4b0ffc6df964a520136723e3,5424,0,3,2012-12-14 18:50:00+00:00,2012-12-14 18:50:00+00:00,1935|3900|4008
3420,4b102790f964a520266a23e3,5427,0,2,2012-11-29 00:07:00+00:00,2012-11-29 00:07:00+00:00,1831|2668
3421,4b116915f964a520047c23e3,5451,0,2,2013-03-27 21:47:00+00:00,2013-03-27 21:47:00+00:00,6007|6535
3422,4b120ff8f964a520bb8823e3,5461,0,2,2012-04-20 20:42:00+00:00,2012-04-20 20:42:00+00:00,99|290
3423,4b12ff73f964a5205e9223e3,5472,0,2,2012-05-05 13:35:00+00:00,2012-05-05 13:35:00+00:00,3647|4505
3424,4b140f46f964a5209e9c23e3,5488,0,2,2012-04-16 16:02:00+00:00,2012-04-16 16:02:00+00:00,161|2156
3425,4b146038f964a5201fa223e3,5491,0,2,2012-10-23 15:25:00+00:00,2012-10-23 15:25:00+00:00,4299|6035
3426,4b146038f964a5201fa223e3,5491,0,2,2012-10-29 12:38:00+00:00,2012-10-29 12:38:00+00:00,4299|6035
3427,4b146038f964a5201fa223e3,5491,0,2,2012-11-17 15:38:00+00:00,2012-11-17 15:38:00+00:00,4299|6035
3428,4b146038f964a5201fa223e3,5491,0,2,2013-01-02 16:18:00+00:00,2013-01-02 16:18:00+00:00,4299|6035
3429,4b147d89f964a520cea323e3,5493,0,2,2012-04-25 13:55:00+00:00,2012-04-25 13:55:00+00:00,2092|6739
3430,4b154fe5f964a52070af23e3,5503,0,2,2012-05-14 11:53:00+00:00,2012-05-14 11:53:00+00:00,1548|4606
3431,4b155010f964a520ccaf23e3,5504,0,2,2012-07-08 23:31:00+00:00,2012-07-08 23:31:00+00:00,2137|5322
3432,4b15502cf964a5200cb023e3,5506,0,3,2012-04-15 01:23:00+00:00,2012-04-15 01:23:00+00:00,4977|5313|5813
3433,4b15502cf964a5200cb023e3,5506,0,3,2012-04-28 23:08:00+00:00,2012-04-28 23:08:00+00:00,1611|5915|6333
3434,4b15502cf964a5200cb023e3,5506,0,2,2012-05-12 23:32:00+00:00,2012-05-12 23:32:00+00:00,1304|6680
3435,4b15502cf964a5200cb023e3,5506,0,2,2012-05-24 01:39:00+00:00,2012-05-24 01:39:00+00:00,1611|3901
3436,4b15502cf964a5200cb023e3,5506,0,2,2012-06-17 20:20:00+00:00,2012-06-17 20:20:00+00:00,1611|5915
3437,4b15502cf964a5200cb023e3,5506,0,4,2012-06-17 22:24:00+00:00,2012-06-17 22:24:00+00:00,3901|4327|4977|5813
3438,4b15502cf964a5200cb023e3,5506,0,3,2012-07-04 22:46:00+00:00,2012-07-04 22:46:00+00:00,1611|3901|6333
3439,4b15502cf964a5200cb023e3,5506,0,2,2012-07-21 22:07:00+00:00,2012-07-21 22:07:00+00:00,1611|6333
3440,4b15502cf964a5200cb023e3,5506,0,2,2012-10-28 21:43:00+00:00,2012-10-28 21:43:00+00:00,1611|4980
3441,4b15502cf964a5200cb023e3,5506,0,2,2012-12-01 20:52:00+00:00,2012-12-01 20:52:00+00:00,3437|4327
3442,4b15502cf964a5200cb023e3,5506,0,2,2013-05-06 02:16:00+00:00,2013-05-06 02:16:00+00:00,3437|5811
3443,4b155044f964a5203db023e3,5508,0,2,2012-04-07 19:35:00+00:00,2012-04-07 19:35:00+00:00,2880|6774
3444,4b155044f964a5203db023e3,5508,0,4,2012-04-18 01:09:00+00:00,2012-04-18 01:09:00+00:00,978|3313|3479|6621
3445,4b155044f964a5203db023e3,5508,0,4,2012-04-20 01:38:00+00:00,2012-04-20 01:38:00+00:00,2443|3313|3669|5782
3446,4b155044f964a5203db023e3,5508,0,2,2012-05-05 23:36:00+00:00,2012-05-05 23:36:00+00:00,6058|6062
3447,4b155044f964a5203db023e3,5508,0,2,2012-05-30 04:09:00+00:00,2012-05-30 04:09:00+00:00,2536|3391
3448,4b155044f964a5203db023e3,5508,0,3,2012-07-06 01:01:00+00:00,2012-07-06 01:01:00+00:00,47|910|3323
3449,4b155044f964a5203db023e3,5508,0,2,2012-07-07 01:37:00+00:00,2012-07-07 01:37:00+00:00,1611|6333
3450,4b155044f964a5203db023e3,5508,0,4,2012-07-28 01:05:00+00:00,2012-07-28 01:05:00+00:00,290|3323|4661|5565
3451,4b155044f964a5203db023e3,5508,0,2,2012-08-11 01:45:00+00:00,2012-08-11 01:45:00+00:00,3670|5782
3452,4b155044f964a5203db023e3,5508,0,2,2012-08-12 00:25:00+00:00,2012-08-12 00:25:00+00:00,422|5565
3453,4b15506bf964a5208ab023e3,5511,0,2,2013-01-21 20:43:00+00:00,2013-01-21 20:43:00+00:00,4208|5492
3454,4b157003f964a520daac23e3,5513,0,2,2012-04-19 23:57:00+00:00,2012-04-19 23:57:00+00:00,99|290
3455,4b157003f964a520daac23e3,5513,0,2,2012-05-11 23:43:00+00:00,2012-05-11 23:43:00+00:00,99|290
3456,4b158cd4f964a52097ae23e3,5514,0,3,2012-05-03 23:51:00+00:00,2012-05-03 23:51:00+00:00,14|464|1459
3457,4b15922ef964a52009af23e3,5516,0,2,2012-05-08 13:08:00+00:00,2012-05-08 13:08:00+00:00,3406|4453
3458,4b15922ef964a52009af23e3,5516,0,2,2012-05-16 13:27:00+00:00,2012-05-16 13:27:00+00:00,3406|4453
3459,4b15ae9af964a5206bb223e3,5518,0,2,2012-05-10 23:04:00+00:00,2012-05-10 23:04:00+00:00,1747|1998
3460,4b15f2a5f964a520f2b523e3,5520,0,2,2012-04-17 17:46:00+00:00,2012-04-17 17:46:00+00:00,99|290
3461,4b15f2a5f964a520f2b523e3,5520,0,2,2012-04-18 17:58:00+00:00,2012-04-18 17:58:00+00:00,99|290
3462,4b15f2a5f964a520f2b523e3,5520,0,2,2012-04-19 18:21:00+00:00,2012-04-19 18:21:00+00:00,99|290
3463,4b15f2a5f964a520f2b523e3,5520,0,2,2012-04-20 16:20:00+00:00,2012-04-20 16:20:00+00:00,99|290
3464,4b15f2a5f964a520f2b523e3,5520,0,2,2012-04-21 15:54:00+00:00,2012-04-21 15:54:00+00:00,99|290
3465,4b15f2a5f964a520f2b523e3,5520,0,2,2012-04-24 17:03:00+00:00,2012-04-24 17:03:00+00:00,99|290
3466,4b15f2a5f964a520f2b523e3,5520,0,2,2012-04-25 19:28:00+00:00,2012-04-25 19:28:00+00:00,99|290
3467,4b15f2a5f964a520f2b523e3,5520,0,2,2012-05-08 16:59:00+00:00,2012-05-08 16:59:00+00:00,99|290
3468,4b15f2a5f964a520f2b523e3,5520,0,2,2012-05-09 17:28:00+00:00,2012-05-09 17:28:00+00:00,99|290
3469,4b15f2a5f964a520f2b523e3,5520,0,2,2012-05-10 17:15:00+00:00,2012-05-10 17:15:00+00:00,99|290
3470,4b15f2a5f964a520f2b523e3,5520,0,2,2012-05-11 16:31:00+00:00,2012-05-11 16:31:00+00:00,99|290
3471,4b15f2a5f964a520f2b523e3,5520,0,2,2012-05-14 15:56:00+00:00,2012-05-14 15:56:00+00:00,99|290
3472,4b15f2a5f964a520f2b523e3,5520,0,2,2012-05-17 16:03:00+00:00,2012-05-17 16:03:00+00:00,99|290
3473,4b1695e3f964a52097ba23e3,5528,0,2,2012-05-04 23:59:00+00:00,2012-05-04 23:59:00+00:00,1213|2436
3474,4b16f317f964a52002c023e3,5535,0,2,2012-04-09 16:49:00+00:00,2012-04-09 16:49:00+00:00,157|674
3475,4b16f317f964a52002c023e3,5535,0,2,2012-05-07 16:25:00+00:00,2012-05-07 16:25:00+00:00,157|674
3476,4b17bf02f964a520b7c723e3,5540,0,2,2012-04-10 22:50:00+00:00,2012-04-10 22:50:00+00:00,1017|1936
3477,4b17c48ff964a520fbc723e3,5541,0,2,2012-04-28 17:03:00+00:00,2012-04-28 17:03:00+00:00,1643|2486
3478,4b1801b8f964a52051cb23e3,5547,0,2,2012-05-17 16:02:00+00:00,2012-05-17 16:02:00+00:00,899|1514
3479,4b18552ef964a52009d123e3,5557,0,2,2012-10-22 13:06:00+00:00,2012-10-22 13:06:00+00:00,2961|3553
3480,4b19b98df964a520d6e223e3,5575,0,2,2012-04-22 00:37:00+00:00,2012-04-22 00:37:00+00:00,457|2393
3481,4b1a0610f964a52011e723e3,5578,0,2,2012-04-13 05:31:00+00:00,2012-04-13 05:31:00+00:00,2027|5326
3482,4b1a0610f964a52011e723e3,5578,0,2,2012-05-11 06:43:00+00:00,2012-05-11 06:43:00+00:00,2027|5326
3483,4b1a0610f964a52011e723e3,5578,0,2,2012-06-04 04:19:00+00:00,2012-06-04 04:19:00+00:00,5059|6495
3484,4b1ae831f964a5206cf423e3,5593,0,2,2013-02-24 20:36:00+00:00,2013-02-24 20:36:00+00:00,140|4716
3485,4b1b13ddf964a520bbf723e3,5597,0,2,2012-04-15 00:13:00+00:00,2012-04-15 00:13:00+00:00,5084|6422
3486,4b1b4cd1f964a520adfa23e3,5604,0,2,2012-10-31 06:51:00+00:00,2012-10-31 06:51:00+00:00,5435|5741
3487,4b1b4cd1f964a520adfa23e3,5604,0,2,2012-11-22 07:52:00+00:00,2012-11-22 07:52:00+00:00,5435|5741
3488,4b1b4cd1f964a520adfa23e3,5604,0,2,2013-03-24 07:04:00+00:00,2013-03-24 07:04:00+00:00,5435|5741
3489,4b1b4cd1f964a520adfa23e3,5604,0,2,2013-04-12 06:20:00+00:00,2013-04-12 06:20:00+00:00,5435|5741
3490,4b1b4cd1f964a520adfa23e3,5604,0,2,2013-04-26 06:20:00+00:00,2013-04-26 06:20:00+00:00,5435|5741
3491,4b1b4cd1f964a520adfa23e3,5604,0,2,2013-05-03 06:32:00+00:00,2013-05-03 06:32:00+00:00,5435|5741
3492,4b1bf775f964a520d0ff23e3,5608,0,2,2012-09-09 17:18:00+00:00,2012-09-09 17:18:00+00:00,4360|5068
3493,4b1d237ff964a5202f0c24e3,5619,0,2,2012-05-13 17:39:00+00:00,2012-05-13 17:39:00+00:00,1197|4613
3494,4b1fbe85f964a5209d2824e3,5654,0,2,2012-04-16 13:33:00+00:00,2012-04-16 13:33:00+00:00,186|1567
3495,4b2053e2f964a520a53024e3,5660,0,2,2012-11-16 06:02:00+00:00,2012-11-16 06:02:00+00:00,865|965
3496,4b2053e2f964a520a53024e3,5660,0,2,2012-12-21 20:08:00+00:00,2012-12-21 20:08:00+00:00,366|386
3497,4b22604df964a5201b4624e3,5689,0,2,2012-11-18 01:37:00+00:00,2012-11-18 01:37:00+00:00,4299|6035
3498,4b23edfcf964a5201e5d24e3,5712,0,2,2012-05-11 22:40:00+00:00,2012-05-11 22:40:00+00:00,3647|4505
3499,4b23edfcf964a5201e5d24e3,5712,0,2,2012-07-16 18:52:00+00:00,2012-07-16 18:52:00+00:00,2900|3046
3500,4b24227df964a520ea6124e3,5723,0,2,2012-04-12 14:11:00+00:00,2012-04-12 14:11:00+00:00,2853|2854
3501,4b2580bcf964a520f67224e3,5740,0,2,2013-07-04 17:52:00+00:00,2013-07-04 17:52:00+00:00,2874|5577
3502,4b267ea5f964a520527c24e3,5747,0,2,2012-05-16 18:19:00+00:00,2012-05-16 18:19:00+00:00,5075|6806
3503,4b28e73cf964a520079624e3,5773,0,2,2012-04-04 13:45:00+00:00,2012-04-04 13:45:00+00:00,1280|1502
3504,4b292216f964a520659924e3,5778,0,2,2012-11-09 18:09:00+00:00,2012-11-09 18:09:00+00:00,1529|6467
3505,4b29234cf964a520779924e3,5779,0,2,2012-07-08 13:57:00+00:00,2012-07-08 13:57:00+00:00,3647|4505
3506,4b29234cf964a520779924e3,5779,0,2,2012-12-08 02:38:00+00:00,2012-12-08 02:38:00+00:00,3712|4844
3507,4b2a6cd2f964a520eba824e3,5800,0,2,2012-04-14 23:04:00+00:00,2012-04-14 23:04:00+00:00,2418|6607
3508,4b2b2950f964a520c5b424e3,5810,0,2,2012-06-09 02:33:00+00:00,2012-06-09 02:33:00+00:00,5313|5813
3509,4b2f0991f964a5203fe924e3,5875,0,2,2012-05-17 02:10:00+00:00,2012-05-17 02:10:00+00:00,1776|6643
3510,4b2fb49ff964a52055ee24e3,5881,0,2,2012-04-21 20:16:00+00:00,2012-04-21 20:16:00+00:00,1970|6178
3511,4b2fc693f964a520b0ef24e3,5884,0,2,2012-07-03 18:02:00+00:00,2012-07-03 18:02:00+00:00,963|6099
3512,4b302f71f964a5207df724e3,5892,0,2,2012-05-06 20:03:00+00:00,2012-05-06 20:03:00+00:00,263|1941
3513,4b3048b0f964a5209df824e3,5895,0,2,2012-04-24 03:35:00+00:00,2012-04-24 03:35:00+00:00,1611|6333
3514,4b316a14f964a520870625e3,5905,0,2,2012-05-07 20:52:00+00:00,2012-05-07 20:52:00+00:00,2674|4631
3515,4b316a14f964a520870625e3,5905,0,2,2012-05-25 20:47:00+00:00,2012-05-25 20:47:00+00:00,1198|4631
3516,4b32cfc5f964a5205d1425e3,5916,0,2,2012-05-10 17:03:00+00:00,2012-05-10 17:03:00+00:00,4717|5831
3517,4b34f61cf964a5205d2925e3,5942,0,2,2012-05-08 19:44:00+00:00,2012-05-08 19:44:00+00:00,2880|6774
3518,4b356688f964a520dc2c25e3,5946,0,2,2013-02-16 05:00:00+00:00,2013-02-16 05:00:00+00:00,4878|6451
3519,4b364577f964a520f73125e3,5951,0,2,2012-12-22 06:06:00+00:00,2012-12-22 06:06:00+00:00,720|2402
3520,4b3672c7f964a520ab3525e3,5957,0,2,2012-06-09 01:31:00+00:00,2012-06-09 01:31:00+00:00,739|6706
3521,4b36a128f964a520823925e3,5964,0,2,2012-04-13 22:32:00+00:00,2012-04-13 22:32:00+00:00,2853|2854
3522,4b38282ff964a5204d4c25e3,5979,0,2,2012-11-20 04:18:00+00:00,2012-11-20 04:18:00+00:00,2597|6807
3523,4b39446cf964a520655925e3,5995,0,2,2012-04-11 04:14:00+00:00,2012-04-11 04:14:00+00:00,77|2921
3524,4b39446cf964a520655925e3,5995,0,2,2012-06-03 23:20:00+00:00,2012-06-03 23:20:00+00:00,77|2921
3525,4b39446cf964a520655925e3,5995,0,2,2012-07-04 02:39:00+00:00,2012-07-04 02:39:00+00:00,77|2921
3526,4b39a343f964a520455e25e3,6004,0,2,2012-06-17 01:43:00+00:00,2012-06-17 01:43:00+00:00,4497|5751
3527,4b3ab7e7f964a520446d25e3,6023,0,2,2012-05-12 20:35:00+00:00,2012-05-12 20:35:00+00:00,3098|6421
3528,4b3b6290f964a520277325e3,6027,0,2,2012-05-13 01:53:00+00:00,2012-05-13 01:53:00+00:00,5890|6704
3529,4b3d3351f964a520209025e3,6058,0,3,2012-04-29 19:26:00+00:00,2012-04-29 19:26:00+00:00,1041|1611|6333
3530,4b3d3351f964a520209025e3,6058,0,2,2012-11-24 19:29:00+00:00,2012-11-24 19:29:00+00:00,1611|6333
3531,4b3ed800f964a52091a225e3,6077,0,2,2012-09-15 22:37:00+00:00,2012-09-15 22:37:00+00:00,66|2346
3532,4b40f18ef964a520eabd25e3,6109,0,2,2012-06-04 02:06:00+00:00,2012-06-04 02:06:00+00:00,5059|6495
3533,4b42f21ef964a52029db25e3,6139,0,2,2012-05-01 16:34:00+00:00,2012-05-01 16:34:00+00:00,350|854
3534,4b42f21ef964a52029db25e3,6139,0,2,2012-11-25 00:52:00+00:00,2012-11-25 00:52:00+00:00,1109|1110
3535,4b437919f964a52034e125e3,6141,0,2,2012-06-17 15:17:00+00:00,2012-06-17 15:17:00+00:00,73|5228
3536,4b44a9e3f964a520dff825e3,6156,0,2,2012-04-21 12:32:00+00:00,2012-04-21 12:32:00+00:00,2718|6448
3537,4b44a9e3f964a520dff825e3,6156,0,2,2012-04-28 13:20:00+00:00,2012-04-28 13:20:00+00:00,2718|6447
3538,4b44a9e3f964a520dff825e3,6156,0,2,2012-04-29 12:30:00+00:00,2012-04-29 12:30:00+00:00,2718|6448
3539,4b44a9e3f964a520dff825e3,6156,0,2,2012-05-12 13:12:00+00:00,2012-05-12 13:12:00+00:00,2718|6448
3540,4b44a9e3f964a520dff825e3,6156,0,2,2012-05-28 12:11:00+00:00,2012-05-28 12:11:00+00:00,2718|6448
3541,4b44a9e3f964a520dff825e3,6156,0,2,2012-07-06 14:19:00+00:00,2012-07-06 14:19:00+00:00,2718|6448
3542,4b4529a4f964a520aa0626e3,6172,0,2,2012-12-05 01:35:00+00:00,2012-12-05 01:35:00+00:00,3906|4551
3543,4b4529a4f964a520aa0626e3,6172,0,2,2012-12-12 01:24:00+00:00,2012-12-12 01:24:00+00:00,3906|4551
3544,4b464ee1f964a5202a1d26e3,6186,0,2,2012-04-25 23:16:00+00:00,2012-04-25 23:16:00+00:00,311|1096
3545,4b464ee1f964a5202a1d26e3,6186,0,2,2012-05-05 01:13:00+00:00,2012-05-05 01:13:00+00:00,529|2859
3546,4b464ee1f964a5202a1d26e3,6186,0,2,2012-05-05 02:50:00+00:00,2012-05-05 02:50:00+00:00,301|1976
3547,4b464ee1f964a5202a1d26e3,6186,0,2,2012-06-09 01:36:00+00:00,2012-06-09 01:36:00+00:00,1564|2859
3548,4b464ee1f964a5202a1d26e3,6186,0,2,2012-07-06 23:51:00+00:00,2012-07-06 23:51:00+00:00,826|1859
3549,4b464ee1f964a5202a1d26e3,6186,0,2,2012-08-16 23:37:00+00:00,2012-08-16 23:37:00+00:00,2701|6099
3550,4b464ee1f964a5202a1d26e3,6186,0,3,2012-12-13 00:33:00+00:00,2012-12-13 00:33:00+00:00,311|826|4446
3551,4b46a4b3f964a520252626e3,6195,0,2,2012-04-11 00:30:00+00:00,2012-04-11 00:30:00+00:00,243|2185
3552,4b47f9e7f964a5208b4526e3,6215,0,2,2012-04-13 22:52:00+00:00,2012-04-13 22:52:00+00:00,3509|5442
3553,4b4927f0f964a5201e6826e3,6241,0,2,2012-06-09 16:20:00+00:00,2012-06-09 16:20:00+00:00,4177|6439
3554,4b4b7cf6f964a520b49d26e3,6274,0,2,2012-04-17 16:34:00+00:00,2012-04-17 16:34:00+00:00,37|1445
3555,4b4bb51df964a520c5a426e3,6281,0,2,2012-04-17 22:36:00+00:00,2012-04-17 22:36:00+00:00,2576|5757
3556,4b4bdde3f964a52006aa26e3,6288,0,2,2012-06-16 23:41:00+00:00,2012-06-16 23:41:00+00:00,48|800
3557,4b4c888df964a52062b526e3,6294,0,2,2012-06-13 15:15:00+00:00,2012-06-13 15:15:00+00:00,827|6457
3558,4b4d18d4f964a520cdca26e3,6307,0,2,2012-11-18 00:02:00+00:00,2012-11-18 00:02:00+00:00,4497|5751
3559,4b4e3858f964a520b1e526e3,6321,0,2,2012-04-19 20:53:00+00:00,2012-04-19 20:53:00+00:00,1304|6680
3560,4b4e85edf964a52064f026e3,6328,0,2,2012-05-28 00:00:00+00:00,2012-05-28 00:00:00+00:00,2418|6607
3561,4b4f4015f964a520b5fe26e3,6332,0,3,2012-06-12 22:49:00+00:00,2012-06-12 22:49:00+00:00,49|62|84
3562,4b50a2a0f964a5207a2a27e3,6357,0,2,2012-05-18 13:07:00+00:00,2012-05-18 13:07:00+00:00,1711|2674
3563,4b511a50f964a5208e4227e3,6376,0,2,2012-07-05 16:03:00+00:00,2012-07-05 16:03:00+00:00,6187|6390
3564,4b5125ccf964a520c74427e3,6377,0,2,2012-07-17 12:05:00+00:00,2012-07-17 12:05:00+00:00,3686|4207
3565,4b5125ccf964a520c74427e3,6377,0,2,2012-09-05 12:00:00+00:00,2012-09-05 12:00:00+00:00,3686|4207
3566,4b5125ccf964a520c74427e3,6377,0,2,2012-09-09 21:40:00+00:00,2012-09-09 21:40:00+00:00,3686|4207
3567,4b5125ccf964a520c74427e3,6377,0,2,2012-10-26 12:08:00+00:00,2012-10-26 12:08:00+00:00,3686|4207
3568,4b5125ccf964a520c74427e3,6377,0,2,2012-11-21 13:07:00+00:00,2012-11-21 13:07:00+00:00,3686|4207
3569,4b513073f964a5209b4627e3,6379,0,2,2012-05-15 19:38:00+00:00,2012-05-15 19:38:00+00:00,89|3412
3570,4b515776f964a520594b27e3,6383,0,2,2012-04-15 01:34:00+00:00,2012-04-15 01:34:00+00:00,1586|4354
3571,4b515776f964a520594b27e3,6383,0,2,2012-06-10 01:04:00+00:00,2012-06-10 01:04:00+00:00,1586|4354
3572,4b515776f964a520594b27e3,6383,0,2,2012-12-09 02:16:00+00:00,2012-12-09 02:16:00+00:00,1586|4354
3573,4b517d12f964a5203f4e27e3,6389,0,2,2012-04-14 05:51:00+00:00,2012-04-14 05:51:00+00:00,1948|3451
3574,4b520135f964a520aa6027e3,6397,0,2,2012-11-26 23:07:00+00:00,2012-11-26 23:07:00+00:00,1052|2347
3575,4b520eedf964a520b66427e3,6399,0,2,2012-06-07 01:52:00+00:00,2012-06-07 01:52:00+00:00,356|1834
3576,4b526983f964a5200c7c27e3,6416,0,2,2012-06-08 22:20:00+00:00,2012-06-08 22:20:00+00:00,5298|5863
3577,4b53367af964a5208e9227e3,6427,0,2,2012-05-12 23:40:00+00:00,2012-05-12 23:40:00+00:00,1653|1858
3578,4b53367af964a5208e9227e3,6427,0,2,2012-05-17 14:47:00+00:00,2012-05-17 14:47:00+00:00,2347|3513
3579,4b5353fef964a5207f9727e3,6429,0,2,2012-10-23 17:33:00+00:00,2012-10-23 17:33:00+00:00,1179|6185
3580,4b538abbf964a5204ba127e3,6441,0,2,2012-07-24 18:26:00+00:00,2012-07-24 18:26:00+00:00,1304|6680
3581,4b538c3cf964a520a4a127e3,6443,0,2,2012-05-14 16:57:00+00:00,2012-05-14 16:57:00+00:00,1858|4405
3582,4b538ce9f964a520c5a127e3,6444,0,2,2012-05-16 02:47:00+00:00,2012-05-16 02:47:00+00:00,4473|6415
3583,4b54f9bdf964a52031d627e3,6474,0,2,2013-03-06 23:40:00+00:00,2013-03-06 23:40:00+00:00,4845|6719
3584,4b55d648f964a5202ff227e3,6489,0,2,2012-06-04 11:50:00+00:00,2012-06-04 11:50:00+00:00,1205|2198
3585,4b5668d6f964a520370f28e3,6511,0,2,2012-06-20 23:16:00+00:00,2012-06-20 23:16:00+00:00,3649|5366
3586,4b58cbeaf964a520a96b28e3,6550,0,2,2012-05-01 21:02:00+00:00,2012-05-01 21:02:00+00:00,2909|3291
3587,4b58da5ff964a520da6e28e3,6554,0,2,2012-04-19 22:14:00+00:00,2012-04-19 22:14:00+00:00,3249|5981
3588,4b58e11df964a520857028e3,6555,0,2,2012-04-24 00:19:00+00:00,2012-04-24 00:19:00+00:00,3514|4506
3589,4b5b08c9f964a520f9df28e3,6593,0,2,2012-05-11 20:58:00+00:00,2012-05-11 20:58:00+00:00,2165|6500
3590,4b5b771ff964a5202f0029e3,6611,0,2,2012-04-12 13:41:00+00:00,2012-04-12 13:41:00+00:00,1011|4526
3591,4b5ba192f964a520560c29e3,6619,0,2,2012-04-28 21:36:00+00:00,2012-04-28 21:36:00+00:00,48|1648
3592,4b5c9ad1f964a520623929e3,6636,0,2,2012-12-12 02:10:00+00:00,2012-12-12 02:10:00+00:00,4109|6443
3593,4b5e4c9df964a520648829e3,6670,0,2,2012-05-06 16:54:00+00:00,2012-05-06 16:54:00+00:00,159|3051
3594,4b5e5125f964a520488929e3,6672,0,2,2012-06-01 14:18:00+00:00,2012-06-01 14:18:00+00:00,2563|4025
3595,4b60852bf964a5204eeb29e3,6709,0,2,2012-07-16 20:33:00+00:00,2012-07-16 20:33:00+00:00,1895|2371
3596,4b60c3adf964a52007f829e3,6716,0,2,2012-07-16 06:31:00+00:00,2012-07-16 06:31:00+00:00,1304|6680
3597,4b60d4fdf964a52034fc29e3,6718,0,2,2012-07-17 17:57:00+00:00,2012-07-17 17:57:00+00:00,1009|4895
3598,4b63a106f964a52043882ae3,6767,0,2,2012-04-19 00:20:00+00:00,2012-04-19 00:20:00+00:00,3514|4506
3599,4b63a106f964a52043882ae3,6767,0,2,2012-05-24 02:25:00+00:00,2012-05-24 02:25:00+00:00,3514|4506
3600,4b63d68bf964a520af932ae3,6770,0,2,2012-04-20 03:43:00+00:00,2012-04-20 03:43:00+00:00,2723|5478
3601,4b64a178f964a520ccc32ae3,6785,0,2,2012-04-29 01:14:00+00:00,2012-04-29 01:14:00+00:00,766|6541
3602,4b64a178f964a520ccc32ae3,6785,0,2,2012-06-03 02:21:00+00:00,2012-06-03 02:21:00+00:00,766|6541
3603,4b64a178f964a520ccc32ae3,6785,0,2,2012-06-17 22:21:00+00:00,2012-06-17 22:21:00+00:00,766|6541
3604,4b64bf52f964a520f0cc2ae3,6790,0,2,2012-05-02 04:21:00+00:00,2012-05-02 04:21:00+00:00,2999|6512
3605,4b64bf52f964a520f0cc2ae3,6790,0,2,2012-07-28 01:45:00+00:00,2012-07-28 01:45:00+00:00,2027|5326
3606,4b66c6d3f964a520732a2be3,6828,0,2,2012-05-10 21:06:00+00:00,2012-05-10 21:06:00+00:00,211|1997
3607,4b66cfcbf964a520c22b2be3,6829,0,2,2013-10-10 23:21:00+00:00,2013-10-10 23:21:00+00:00,1953|4088
3608,4b67772af964a520ae502be3,6848,0,2,2012-04-07 21:03:00+00:00,2012-04-07 21:03:00+00:00,5151|5179
3609,4b6779d2f964a52039512be3,6849,0,2,2012-07-08 00:36:00+00:00,2012-07-08 00:36:00+00:00,1304|6680
3610,4b6781e7f964a520f9522be3,6850,0,2,2012-10-28 18:39:00+00:00,2012-10-28 18:39:00+00:00,2597|6807
3611,4b6873a8f964a52077792be3,6862,0,2,2012-07-09 21:27:00+00:00,2012-07-09 21:27:00+00:00,3698|6001
3612,4b6873a8f964a52077792be3,6862,0,2,2012-07-12 20:40:00+00:00,2012-07-12 20:40:00+00:00,3698|6001
3613,4b696ecdf964a5201fa22be3,6880,0,2,2012-05-05 13:14:00+00:00,2012-05-05 13:14:00+00:00,3654|3892
3614,4b696ecdf964a5201fa22be3,6880,0,2,2012-05-27 14:35:00+00:00,2012-05-27 14:35:00+00:00,3654|3806
3615,4b696ecdf964a5201fa22be3,6880,0,2,2012-06-03 13:14:00+00:00,2012-06-03 13:14:00+00:00,3654|3806
3616,4b696ecdf964a5201fa22be3,6880,0,2,2012-06-17 14:31:00+00:00,2012-06-17 14:31:00+00:00,3654|3892
3617,4b696ecdf964a5201fa22be3,6880,0,2,2012-06-19 09:40:00+00:00,2012-06-19 09:40:00+00:00,3654|3892
3618,4b696ecdf964a5201fa22be3,6880,0,2,2013-01-27 17:23:00+00:00,2013-01-27 17:23:00+00:00,3654|5084
3619,4b69aef2f964a52058ad2be3,6884,0,2,2012-12-18 23:16:00+00:00,2012-12-18 23:16:00+00:00,839|1641
3620,4b6b5abff964a520fb022ce3,6916,0,2,2012-05-25 22:00:00+00:00,2012-05-25 22:00:00+00:00,982|1130
3621,4b6b748af964a520e3092ce3,6920,0,2,2012-06-26 23:01:00+00:00,2012-06-26 23:01:00+00:00,4029|6219
3622,4b6cdd03f964a520f1592ce3,6943,0,2,2012-07-12 00:39:00+00:00,2012-07-12 00:39:00+00:00,594|1729
3623,4b6e5c0ef964a5201fba2ce3,6967,0,2,2012-04-12 03:49:00+00:00,2012-04-12 03:49:00+00:00,766|6541
3624,4b6e5c0ef964a5201fba2ce3,6967,0,2,2012-04-28 06:19:00+00:00,2012-04-28 06:19:00+00:00,766|6541
3625,4b6f2142f964a52015df2ce3,6981,0,2,2012-12-22 03:47:00+00:00,2012-12-22 03:47:00+00:00,4367|6544
3626,4b6f3764f964a520c2e42ce3,6983,0,2,2012-05-16 01:36:00+00:00,2012-05-16 01:36:00+00:00,345|3326
3627,4b6f8b8cf964a52020f52ce3,6987,0,2,2012-07-18 20:13:00+00:00,2012-07-18 20:13:00+00:00,4367|6544
3628,4b7173ebf964a52068472de3,7004,0,2,2012-05-10 16:26:00+00:00,2012-05-10 16:26:00+00:00,5298|5863
3629,4b736476f964a52045ac2de3,7041,0,2,2012-11-11 08:11:00+00:00,2012-11-11 08:11:00+00:00,6173|6629
3630,4b76ed15f964a520366b2ee3,7089,0,2,2012-04-22 07:11:00+00:00,2012-04-22 07:11:00+00:00,4463|6178
3631,4b76ed15f964a520366b2ee3,7089,0,2,2012-04-29 11:29:00+00:00,2012-04-29 11:29:00+00:00,2926|4941
3632,4b76ed15f964a520366b2ee3,7089,0,2,2012-05-05 13:48:00+00:00,2012-05-05 13:48:00+00:00,5293|6867
3633,4b76ed15f964a520366b2ee3,7089,0,2,2012-05-08 22:50:00+00:00,2012-05-08 22:50:00+00:00,4946|6860
3634,4b776878f964a52076982ee3,7103,0,2,2012-04-29 00:02:00+00:00,2012-04-29 00:02:00+00:00,2206|2366
3635,4b776878f964a52076982ee3,7103,0,2,2012-05-18 20:38:00+00:00,2012-05-18 20:38:00+00:00,2206|2366
3636,4b7768c5f964a5208b982ee3,7104,0,2,2012-08-20 00:58:00+00:00,2012-08-20 00:58:00+00:00,634|2190
3637,4b776e62f964a520ef992ee3,7105,0,2,2012-04-23 02:17:00+00:00,2012-04-23 02:17:00+00:00,3508|5080
3638,4b7898aaf964a5203ed92ee3,7123,0,2,2012-05-05 02:45:00+00:00,2012-05-05 02:45:00+00:00,1821|6582
3639,4b796564f964a52061f72ee3,7129,0,2,2012-07-09 19:58:00+00:00,2012-07-09 19:58:00+00:00,1599|6363
3640,4b7acc0cf964a520403d2fe3,7150,0,2,2012-07-13 21:44:00+00:00,2012-07-13 21:44:00+00:00,1849|5117
3641,4b7acc0cf964a520403d2fe3,7150,0,2,2012-08-19 19:04:00+00:00,2012-08-19 19:04:00+00:00,828|1508
3642,4b7ad665f964a520ec3f2fe3,7151,0,2,2012-05-30 05:56:00+00:00,2012-05-30 05:56:00+00:00,1304|6680
3643,4b7ad665f964a520ec3f2fe3,7151,0,2,2012-07-11 01:34:00+00:00,2012-07-11 01:34:00+00:00,1304|6680
3644,4b7b6f54f964a5207a632fe3,7166,0,2,2012-04-29 00:52:00+00:00,2012-04-29 00:52:00+00:00,2771|3027
3645,4b7b72eff964a52010642fe3,7167,0,3,2012-07-08 01:53:00+00:00,2012-07-08 01:53:00+00:00,478|865|1307
3646,4b7dd584f964a52032d72fe3,7198,0,2,2012-05-15 16:05:00+00:00,2012-05-15 16:05:00+00:00,137|486
3647,4b7dd584f964a52032d72fe3,7198,0,2,2012-05-16 15:03:00+00:00,2012-05-16 15:03:00+00:00,152|486
3648,4b7e3e7ff964a52014e72fe3,7201,0,2,2013-01-25 08:02:00+00:00,2013-01-25 08:02:00+00:00,2761|6680
3649,4b7e96b3f964a52022f42fe3,7203,0,2,2012-10-27 04:40:00+00:00,2012-10-27 04:40:00+00:00,2597|6807
3650,4b80468ff964a520456330e3,7227,0,2,2012-05-03 19:19:00+00:00,2012-05-03 19:19:00+00:00,63|590
3651,4b81c811f964a520b5bd30e3,7253,0,2,2012-06-03 17:56:00+00:00,2012-06-03 17:56:00+00:00,299|2799
3652,4b81ea40f964a520e0c330e3,7257,0,2,2012-08-16 22:55:00+00:00,2012-08-16 22:55:00+00:00,1465|3364
3653,4b81f90bf964a5200dc630e3,7260,0,2,2012-11-25 03:21:00+00:00,2012-11-25 03:21:00+00:00,2597|6807
3654,4b82040ef964a520c8c730e3,7262,0,2,2012-05-28 17:57:00+00:00,2012-05-28 17:57:00+00:00,413|5713
3655,4b847ceef964a520633831e3,7292,0,2,2012-04-29 05:18:00+00:00,2012-04-29 05:18:00+00:00,2077|2766
3656,4b847ceef964a520633831e3,7292,0,2,2013-03-30 04:23:00+00:00,2013-03-30 04:23:00+00:00,2002|2489
3657,4b8552e9f964a520b55631e3,7297,0,2,2012-07-03 00:40:00+00:00,2012-07-03 00:40:00+00:00,2302|5860
3658,4b8552e9f964a520b55631e3,7297,0,2,2012-07-04 00:48:00+00:00,2012-07-04 00:48:00+00:00,2302|5860
3659,4b89e312f964a520fb5332e3,7363,0,2,2012-06-10 03:12:00+00:00,2012-06-10 03:12:00+00:00,5593|6404
3660,4b89e7b0f964a5204e5532e3,7364,0,2,2012-05-07 17:46:00+00:00,2012-05-07 17:46:00+00:00,99|290
3661,4b89e7b0f964a5204e5532e3,7364,0,2,2012-05-07 19:51:00+00:00,2012-05-07 19:51:00+00:00,99|290
3662,4b89e7b0f964a5204e5532e3,7364,0,2,2012-05-08 17:06:00+00:00,2012-05-08 17:06:00+00:00,99|290
3663,4b89e7b0f964a5204e5532e3,7364,0,2,2012-05-09 02:35:00+00:00,2012-05-09 02:35:00+00:00,99|290
3664,4b89e7b0f964a5204e5532e3,7364,0,2,2012-05-10 17:15:00+00:00,2012-05-10 17:15:00+00:00,99|290
3665,4b89e7b0f964a5204e5532e3,7364,0,2,2012-05-11 05:52:00+00:00,2012-05-11 05:52:00+00:00,99|290
3666,4b89e7b0f964a5204e5532e3,7364,0,2,2012-05-11 16:33:00+00:00,2012-05-11 16:33:00+00:00,99|290
3667,4b89e7b0f964a5204e5532e3,7364,0,2,2012-05-13 16:12:00+00:00,2012-05-13 16:12:00+00:00,99|290
3668,4b89e7b0f964a5204e5532e3,7364,0,2,2012-05-17 16:09:00+00:00,2012-05-17 16:09:00+00:00,99|290
3669,4b8aa60ff964a520787732e3,7371,0,2,2012-04-13 12:02:00+00:00,2012-04-13 12:02:00+00:00,5210|6075
3670,4b8aa60ff964a520787732e3,7371,0,2,2012-04-15 10:33:00+00:00,2012-04-15 10:33:00+00:00,5210|6075
3671,4b8c7b30f964a520f3d232e3,7396,0,2,2012-10-22 23:57:00+00:00,2012-10-22 23:57:00+00:00,3167|4317
3672,4b8d756cf964a520effc32e3,7412,0,2,2013-08-13 17:16:00+00:00,2013-08-13 17:16:00+00:00,1602|3601
3673,4b8dae4df964a520360833e3,7416,0,2,2012-05-31 21:46:00+00:00,2012-05-31 21:46:00+00:00,3544|6099
3674,4b9048f6f964a520718133e3,7446,0,3,2012-05-04 16:17:00+00:00,2012-05-04 16:17:00+00:00,2667|4655|6842
3675,4b907d43f964a520e98c33e3,7453,0,2,2012-04-23 23:47:00+00:00,2012-04-23 23:47:00+00:00,3000|4940
3676,4b92c912f964a520861b34e3,7481,0,2,2012-04-10 00:23:00+00:00,2012-04-10 00:23:00+00:00,2904|4770
3677,4b92c912f964a520861b34e3,7481,0,2,2012-05-22 00:13:00+00:00,2012-05-22 00:13:00+00:00,2904|4770
3678,4b92c912f964a520861b34e3,7481,0,2,2012-06-05 01:04:00+00:00,2012-06-05 01:04:00+00:00,3455|4770
3679,4b94404bf964a5203c7134e3,7497,0,2,2012-12-08 21:55:00+00:00,2012-12-08 21:55:00+00:00,4299|6035
3680,4b94404bf964a5203c7134e3,7497,0,2,2012-12-17 23:04:00+00:00,2012-12-17 23:04:00+00:00,4299|6035
3681,4b960e2cf964a5205bbb34e3,7513,0,2,2012-04-23 02:10:00+00:00,2012-04-23 02:10:00+00:00,99|290
3682,4b96b432f964a52018df34e3,7518,0,2,2012-04-11 22:20:00+00:00,2012-04-11 22:20:00+00:00,2771|5225
3683,4b96b432f964a52018df34e3,7518,0,2,2012-04-25 19:52:00+00:00,2012-04-25 19:52:00+00:00,2771|5225
3684,4b96b432f964a52018df34e3,7518,0,2,2012-06-08 23:17:00+00:00,2012-06-08 23:17:00+00:00,313|3001
3685,4b992b04f964a520726635e3,7554,0,2,2012-10-11 22:35:00+00:00,2012-10-11 22:35:00+00:00,2883|3531
3686,4b992b04f964a520726635e3,7554,0,3,2012-10-27 22:56:00+00:00,2012-10-27 22:56:00+00:00,4668|5405|6310
3687,4b992b04f964a520726635e3,7554,0,2,2012-11-11 19:24:00+00:00,2012-11-11 19:24:00+00:00,5016|5441
3688,4b992b04f964a520726635e3,7554,0,2,2012-11-11 20:03:00+00:00,2012-11-11 20:03:00+00:00,2676|3111
3689,4b992b04f964a520726635e3,7554,0,2,2012-11-12 23:07:00+00:00,2012-11-12 23:07:00+00:00,239|1211
3690,4b992b04f964a520726635e3,7554,0,2,2012-11-16 00:46:00+00:00,2012-11-16 00:46:00+00:00,2862|4507
3691,4b992b04f964a520726635e3,7554,0,2,2012-11-24 23:06:00+00:00,2012-11-24 23:06:00+00:00,2258|6496
3692,4b992b04f964a520726635e3,7554,0,2,2012-12-09 00:25:00+00:00,2012-12-09 00:25:00+00:00,2447|3083
3693,4b992b04f964a520726635e3,7554,0,3,2012-12-11 00:10:00+00:00,2012-12-11 00:10:00+00:00,239|776|3195
3694,4b992b04f964a520726635e3,7554,0,3,2012-12-21 23:59:00+00:00,2012-12-21 23:59:00+00:00,1473|2926|5016
3695,4b992b04f964a520726635e3,7554,0,2,2013-02-07 01:14:00+00:00,2013-02-07 01:14:00+00:00,563|2347
3696,4b992b04f964a520726635e3,7554,0,2,2013-05-07 22:13:00+00:00,2013-05-07 22:13:00+00:00,1484|5016
3697,4b996536f964a520467835e3,7560,0,2,2012-06-03 17:52:00+00:00,2012-06-03 17:52:00+00:00,1057|1085
3698,4b9a58e0f964a520e0ad35e3,7570,0,2,2012-04-14 22:09:00+00:00,2012-04-14 22:09:00+00:00,2612|4259
3699,4b9a58e0f964a520e0ad35e3,7570,0,3,2012-04-28 13:33:00+00:00,2012-04-28 13:33:00+00:00,1970|5348|6178
3700,4b9a58e0f964a520e0ad35e3,7570,0,2,2012-04-28 13:33:00+00:00,2012-04-28 13:33:00+00:00,4468|4925
3701,4b9a58e0f964a520e0ad35e3,7570,0,3,2012-04-28 13:33:00+00:00,2012-04-28 13:33:00+00:00,4647|5144|5551
3702,4b9a58e0f964a520e0ad35e3,7570,0,5,2012-04-28 19:21:00+00:00,2012-04-28 19:21:00+00:00,454|671|770|2612|5606
3703,4b9a58e0f964a520e0ad35e3,7570,0,2,2012-04-28 19:21:00+00:00,2012-04-28 19:21:00+00:00,4576|6398
3704,4b9a58e0f964a520e0ad35e3,7570,0,2,2012-04-28 22:16:00+00:00,2012-04-28 22:16:00+00:00,4946|6860
3705,4b9a58e0f964a520e0ad35e3,7570,0,2,2012-05-09 22:35:00+00:00,2012-05-09 22:35:00+00:00,454|2612
3706,4b9a58e0f964a520e0ad35e3,7570,0,3,2012-05-23 23:01:00+00:00,2012-05-23 23:01:00+00:00,454|3247|4533
3707,4b9a58e0f964a520e0ad35e3,7570,0,3,2012-07-15 19:26:00+00:00,2012-07-15 19:26:00+00:00,2185|2612|4754
3708,4b9a58e0f964a520e0ad35e3,7570,0,3,2012-08-10 23:10:00+00:00,2012-08-10 23:10:00+00:00,2124|5461|5675
3709,4b9ad75bf964a52022db35e3,7585,0,2,2012-05-05 19:08:00+00:00,2012-05-05 19:08:00+00:00,634|2190
3710,4b9bd21ff964a5203d2936e3,7603,0,2,2012-06-21 00:31:00+00:00,2012-06-21 00:31:00+00:00,1304|6680
3711,4b9d1173f964a520c58c36e3,7617,0,2,2012-12-05 23:56:00+00:00,2012-12-05 23:56:00+00:00,4299|6035
3712,4b9ea8c3f964a52076f736e3,7638,0,2,2012-12-08 02:00:00+00:00,2012-12-08 02:00:00+00:00,20|21
3713,4b9f29a2f964a5201a1637e3,7645,0,2,2012-06-05 02:30:00+00:00,2012-06-05 02:30:00+00:00,4179|4545
3714,4b9f9c79f964a520c22e37e3,7651,0,2,2012-05-27 20:06:00+00:00,2012-05-27 20:06:00+00:00,1619|1878
3715,4b9faddcf964a5202f3437e3,7654,0,2,2012-07-05 23:59:00+00:00,2012-07-05 23:59:00+00:00,814|3167
3716,4b9ff08af964a5202a4c37e3,7660,0,2,2013-02-11 00:16:00+00:00,2013-02-11 00:16:00+00:00,2563|4025
3717,4ba02d35f964a5209b5f37e3,7669,0,2,2012-08-11 17:24:00+00:00,2012-08-11 17:24:00+00:00,1304|6680
3718,4ba11dc8f964a5205a9937e3,7682,0,2,2012-04-06 14:15:00+00:00,2012-04-06 14:15:00+00:00,157|674
3719,4ba11dc8f964a5205a9937e3,7682,0,2,2012-04-13 18:42:00+00:00,2012-04-13 18:42:00+00:00,157|674
3720,4ba11dc8f964a5205a9937e3,7682,0,2,2012-04-16 19:45:00+00:00,2012-04-16 19:45:00+00:00,157|674
3721,4ba11dc8f964a5205a9937e3,7682,0,2,2012-04-20 14:44:00+00:00,2012-04-20 14:44:00+00:00,157|674
3722,4ba19cb0f964a520c2c337e3,7695,0,2,2012-07-28 20:39:00+00:00,2012-07-28 20:39:00+00:00,3113|5103
3723,4ba19f5cf964a5207bc437e3,7697,0,2,2012-04-12 01:40:00+00:00,2012-04-12 01:40:00+00:00,3180|6134
3724,4ba19f5cf964a5207bc437e3,7697,0,2,2012-04-14 17:57:00+00:00,2012-04-14 17:57:00+00:00,3180|6134
3725,4ba19f5cf964a5207bc437e3,7697,0,3,2012-04-26 01:01:00+00:00,2012-04-26 01:01:00+00:00,3180|6134|6745
3726,4ba19f5cf964a5207bc437e3,7697,0,3,2012-04-27 18:27:00+00:00,2012-04-27 18:27:00+00:00,3180|6134|6162
3727,4ba19f5cf964a5207bc437e3,7697,0,2,2012-05-13 01:05:00+00:00,2012-05-13 01:05:00+00:00,3180|6134
3728,4ba19f5cf964a5207bc437e3,7697,0,2,2012-05-24 01:15:00+00:00,2012-05-24 01:15:00+00:00,3180|6745
3729,4ba19f5cf964a5207bc437e3,7697,0,2,2012-06-21 01:19:00+00:00,2012-06-21 01:19:00+00:00,3180|6134
3730,4ba19f5cf964a5207bc437e3,7697,0,2,2012-07-13 23:43:00+00:00,2012-07-13 23:43:00+00:00,3180|6134
3731,4ba29cfdf964a520490938e3,7710,0,2,2012-08-18 22:09:00+00:00,2012-08-18 22:09:00+00:00,5084|6422
3732,4ba3c46af964a520105d38e3,7728,0,2,2012-05-28 17:53:00+00:00,2012-05-28 17:53:00+00:00,452|3945
3733,4ba5040cf964a520c6d038e3,7745,0,2,2012-05-28 06:37:00+00:00,2012-05-28 06:37:00+00:00,3230|6486
3734,4ba5040cf964a520c6d038e3,7745,0,2,2012-06-11 04:35:00+00:00,2012-06-11 04:35:00+00:00,2563|4025
3735,4ba5040cf964a520c6d038e3,7745,0,2,2013-03-30 03:28:00+00:00,2013-03-30 03:28:00+00:00,883|3770
3736,4ba52b1af964a520e3e638e3,7753,0,3,2012-05-05 17:12:00+00:00,2012-05-05 17:12:00+00:00,299|4102|4697
3737,4ba54a9df964a520f3f638e3,7759,0,2,2012-12-31 02:52:00+00:00,2012-12-31 02:52:00+00:00,448|475
3738,4ba56ed0f964a520900639e3,7762,0,2,2012-05-17 02:55:00+00:00,2012-05-17 02:55:00+00:00,2322|6674
3739,4ba662b0f964a520ac4c39e3,7777,0,2,2012-07-04 02:37:00+00:00,2012-07-04 02:37:00+00:00,2486|4750
3740,4ba66558f964a520e74d39e3,7779,0,2,2012-05-29 23:07:00+00:00,2012-05-29 23:07:00+00:00,2904|3455
3741,4ba69344f964a5209e5f39e3,7795,0,2,2012-04-28 17:41:00+00:00,2012-04-28 17:41:00+00:00,1522|2185
3742,4ba8fa3df964a520ecff39e3,7827,0,2,2012-04-09 13:05:00+00:00,2012-04-09 13:05:00+00:00,4797|5090
3743,4ba8fa3df964a520ecff39e3,7827,0,2,2012-04-16 13:32:00+00:00,2012-04-16 13:32:00+00:00,4797|5090
3744,4ba8fa3df964a520ecff39e3,7827,0,2,2012-04-23 13:09:00+00:00,2012-04-23 13:09:00+00:00,4797|5090
3745,4ba8fa3df964a520ecff39e3,7827,0,2,2012-05-08 13:11:00+00:00,2012-05-08 13:11:00+00:00,4797|5090
3746,4ba8fa3df964a520ecff39e3,7827,0,2,2012-05-21 13:06:00+00:00,2012-05-21 13:06:00+00:00,4797|5090
3747,4ba8fa3df964a520ecff39e3,7827,0,2,2012-06-05 13:08:00+00:00,2012-06-05 13:08:00+00:00,4797|5090
3748,4ba8fa3df964a520ecff39e3,7827,0,2,2012-07-05 13:03:00+00:00,2012-07-05 13:03:00+00:00,4797|5090
3749,4ba8fa3df964a520ecff39e3,7827,0,2,2012-07-09 13:03:00+00:00,2012-07-09 13:03:00+00:00,4797|5090
3750,4ba93c43f964a520e5163ae3,7835,0,2,2012-04-21 10:56:00+00:00,2012-04-21 10:56:00+00:00,2926|5597
3751,4baa1906f964a520714a3ae3,7838,0,2,2012-05-09 13:55:00+00:00,2012-05-09 13:55:00+00:00,1788|1917
3752,4baa1906f964a520714a3ae3,7838,0,2,2012-05-21 12:09:00+00:00,2012-05-21 12:09:00+00:00,1788|1917
3753,4baa1908f964a520734a3ae3,7839,0,2,2012-06-11 13:50:00+00:00,2012-06-11 13:50:00+00:00,1312|2632
3754,4baa9adbf964a520e6783ae3,7850,0,2,2012-07-01 02:57:00+00:00,2012-07-01 02:57:00+00:00,800|1197
3755,4baa9adbf964a520e6783ae3,7850,0,2,2013-02-14 01:16:00+00:00,2013-02-14 01:16:00+00:00,311|726
3756,4bad3537f964a5203e393be3,7883,0,2,2012-09-16 00:50:00+00:00,2012-09-16 00:50:00+00:00,3509|5442
3757,4bae7c50f964a52043b83be3,7903,0,2,2012-05-26 04:39:00+00:00,2012-05-26 04:39:00+00:00,2751|3578
3758,4bafa67ef964a520cd133ce3,7919,0,2,2012-06-03 05:36:00+00:00,2012-06-03 05:36:00+00:00,478|865
3759,4bafaa5df964a52066153ce3,7920,0,2,2012-07-07 19:19:00+00:00,2012-07-07 19:19:00+00:00,1871|5052
3760,4bafaa5df964a52066153ce3,7920,0,2,2012-07-20 23:52:00+00:00,2012-07-20 23:52:00+00:00,2782|2834
3761,4bafaab3f964a52088153ce3,7921,0,2,2012-05-16 04:10:00+00:00,2012-05-16 04:10:00+00:00,66|6123
3762,4bafd591f964a52088243ce3,7924,0,2,2012-08-10 07:49:00+00:00,2012-08-10 07:49:00+00:00,1304|6680
3763,4bb0d04cf964a520605f3ce3,7930,0,2,2012-07-28 02:30:00+00:00,2012-07-28 02:30:00+00:00,4095|4917
3764,4bb16585f964a520d3903ce3,7941,0,2,2012-05-04 18:04:00+00:00,2012-05-04 18:04:00+00:00,99|290
3765,4bb2778814cfd13a8bfa14ab,7948,0,2,2012-04-24 00:34:00+00:00,2012-04-24 00:34:00+00:00,1611|6333
3766,4bb3e1fd87aa9521fb9aacd1,7960,0,2,2012-06-16 23:12:00+00:00,2012-06-16 23:12:00+00:00,594|1729
3767,4bb3ec359af3b7132dc48b28,7961,0,2,2012-04-10 22:47:00+00:00,2012-04-10 22:47:00+00:00,117|3364
3768,4bb4ea060fb7b7138babbf8a,7972,0,2,2012-12-30 10:50:00+00:00,2012-12-30 10:50:00+00:00,2976|4579
3769,4bb7747b98c7ef3b72c52f02,8002,0,2,2012-06-30 19:31:00+00:00,2012-06-30 19:31:00+00:00,181|524
3770,4bb7747b98c7ef3b72c52f02,8002,0,2,2012-08-10 13:57:00+00:00,2012-08-10 13:57:00+00:00,515|524
3771,4bb7747b98c7ef3b72c52f02,8002,0,2,2012-11-17 17:47:00+00:00,2012-11-17 17:47:00+00:00,515|524
3772,4bb7e61fb35776b0915ec801,8018,0,2,2012-05-26 03:34:00+00:00,2012-05-26 03:34:00+00:00,5543|6841
3773,4bb7e61fb35776b0915ec801,8018,0,2,2012-09-14 23:06:00+00:00,2012-09-14 23:06:00+00:00,4738|4895
3774,4bb9ff6e935e952118962790,8042,0,2,2012-04-07 15:40:00+00:00,2012-04-07 15:40:00+00:00,1831|2070
3775,4bb9ff6e935e952118962790,8042,0,2,2012-05-15 02:20:00+00:00,2012-05-15 02:20:00+00:00,2983|6500
3776,4bb9ff6e935e952118962790,8042,0,2,2012-05-29 22:34:00+00:00,2012-05-29 22:34:00+00:00,5496|5559
3777,4bbb52dd935e9521d9052990,8065,0,2,2012-05-28 18:34:00+00:00,2012-05-28 18:34:00+00:00,6058|6062
3778,4bbc92b02d9ea593e9bca0ce,8082,0,2,2012-05-25 18:38:00+00:00,2012-05-25 18:38:00+00:00,5298|5863
3779,4bbcc82aa8cf76b0f6f1b0fd,8086,0,3,2012-12-06 23:15:00+00:00,2012-12-06 23:15:00+00:00,888|1023|1977
3780,4bbe1051c6a2ef3b2a3addbd,8108,0,2,2012-12-13 00:39:00+00:00,2012-12-13 00:39:00+00:00,4299|6035
3781,4bbf6f0bb083a593346ea3e9,8127,0,2,2012-05-09 03:01:00+00:00,2012-05-09 03:01:00+00:00,345|662
3782,4bbf6f0bb083a593346ea3e9,8127,0,2,2013-02-10 21:40:00+00:00,2013-02-10 21:40:00+00:00,289|346
3783,4bc0ebdbf8219c74fa7db210,8157,0,2,2012-06-02 22:54:00+00:00,2012-06-02 22:54:00+00:00,1264|2005
3784,4bc123d34cdfc9b635409421,8162,0,2,2013-03-20 19:06:00+00:00,2013-03-20 19:06:00+00:00,3532|4634
3785,4bc123d34cdfc9b635409421,8162,0,2,2013-03-22 22:41:00+00:00,2013-03-22 22:41:00+00:00,3532|4634
3786,4bc2169e461576b089cf7c32,8169,0,2,2012-12-22 21:48:00+00:00,2012-12-22 21:48:00+00:00,4299|6035
3787,4bc490c7b492d13af22eaa60,8211,0,2,2012-06-06 21:03:00+00:00,2012-06-06 21:03:00+00:00,187|764
3788,4bc68477d35d9c7481f3e23a,8246,0,2,2013-04-16 00:24:00+00:00,2013-04-16 00:24:00+00:00,5435|5741
3789,4bc74f0492b376b0f9734f3a,8255,0,2,2012-06-09 20:01:00+00:00,2012-06-09 20:01:00+00:00,4107|4297
3790,4bc779d992b376b07cca4f3a,8257,0,2,2012-04-14 03:53:00+00:00,2012-04-14 03:53:00+00:00,1697|5280
3791,4bc779d992b376b07cca4f3a,8257,0,2,2012-07-06 01:04:00+00:00,2012-07-06 01:04:00+00:00,141|1285
3792,4bc7b1d4af07a5936ec07f2d,8265,0,2,2012-11-12 11:46:00+00:00,2012-11-12 11:46:00+00:00,685|3531
3793,4bca067d937ca59393e7a692,8295,0,2,2012-04-14 21:02:00+00:00,2012-04-14 21:02:00+00:00,2700|2765
3794,4bca067d937ca59393e7a692,8295,0,2,2012-06-09 18:03:00+00:00,2012-06-09 18:03:00+00:00,2765|4631
3795,4bca067d937ca59393e7a692,8295,0,2,2012-12-16 16:42:00+00:00,2012-12-16 16:42:00+00:00,2765|6185
3796,4bcbbd40937ca5935b3aaa92,8315,0,2,2012-04-13 10:18:00+00:00,2012-04-13 10:18:00+00:00,4073|6458
3797,4bcc90d00687ef3b3c76dfcc,8322,0,5,2012-04-28 16:36:00+00:00,2012-04-28 16:36:00+00:00,689|1192|1501|1968|4413
3798,4bcc90d00687ef3b3c76dfcc,8322,0,3,2012-05-05 19:15:00+00:00,2012-05-05 19:15:00+00:00,3111|4445|6251
3799,4bccd072fb84c9b6d114213e,8330,0,2,2013-01-04 00:45:00+00:00,2013-01-04 00:45:00+00:00,196|1578
3800,4bccd072fb84c9b6d114213e,8330,0,2,2013-03-08 00:54:00+00:00,2013-03-08 00:54:00+00:00,196|1578
3801,4bcdc6bd937ca593fa40ad92,8342,0,2,2012-05-12 19:01:00+00:00,2012-05-12 19:01:00+00:00,2581|3919
3802,4bcdc6bd937ca593fa40ad92,8342,0,2,2012-05-13 03:09:00+00:00,2012-05-13 03:09:00+00:00,2581|3167
3803,4bcdc6bd937ca593fa40ad92,8342,0,2,2012-05-14 16:51:00+00:00,2012-05-14 16:51:00+00:00,89|1335
3804,4bcdc6bd937ca593fa40ad92,8342,0,2,2012-05-14 20:08:00+00:00,2012-05-14 20:08:00+00:00,1335|3737
3805,4bcf424d0ffdce720952b2c0,8362,0,2,2012-07-09 04:12:00+00:00,2012-07-09 04:12:00+00:00,2107|4014
3806,4bcf9774a8b3a5939497625f,8366,0,3,2012-12-11 00:17:00+00:00,2012-12-11 00:17:00+00:00,231|2410|4188
3807,4bd254bd77b29c743da18e82,8393,0,2,2012-04-28 02:23:00+00:00,2012-04-28 02:23:00+00:00,181|3027
3808,4bd44b84a8b3a5937e7f6b5f,8408,0,4,2012-08-11 19:10:00+00:00,2012-08-11 19:10:00+00:00,955|2207|2558|4533
3809,4bd44b84a8b3a5937e7f6b5f,8408,0,4,2012-08-18 22:21:00+00:00,2012-08-18 22:21:00+00:00,452|993|1664|3668
3810,4bd44b84a8b3a5937e7f6b5f,8408,0,2,2012-09-05 22:19:00+00:00,2012-09-05 22:19:00+00:00,3111|5441
3811,4bd44b84a8b3a5937e7f6b5f,8408,0,2,2012-10-28 13:03:00+00:00,2012-10-28 13:03:00+00:00,1633|3718
3812,4bd44b84a8b3a5937e7f6b5f,8408,0,3,2012-10-28 16:35:00+00:00,2012-10-28 16:35:00+00:00,770|2495|6861
3813,4bd44b84a8b3a5937e7f6b5f,8408,0,5,2012-11-22 23:46:00+00:00,2012-11-22 23:46:00+00:00,770|849|1286|5016|6861
3814,4bd44b84a8b3a5937e7f6b5f,8408,0,3,2012-11-23 09:00:00+00:00,2012-11-23 09:00:00+00:00,4208|5551|6517
3815,4bd44b84a8b3a5937e7f6b5f,8408,0,2,2012-12-23 17:04:00+00:00,2012-12-23 17:04:00+00:00,532|3718
3816,4bd47db329eb9c74c3ac91e1,8412,0,2,2012-07-22 14:10:00+00:00,2012-07-22 14:10:00+00:00,2782|2834
3817,4bd5f646cfa7b713c2c326da,8427,0,2,2012-05-02 03:07:00+00:00,2012-05-02 03:07:00+00:00,168|998
3818,4bd5f646cfa7b713c2c326da,8427,0,2,2012-11-24 03:36:00+00:00,2012-11-24 03:36:00+00:00,3787|5463
3819,4bd62c5b5631c9b65383a530,8432,0,2,2012-04-03 22:26:00+00:00,2012-04-03 22:26:00+00:00,5582|5833
3820,4bd62c5b5631c9b65383a530,8432,0,2,2012-04-20 09:32:00+00:00,2012-04-20 09:32:00+00:00,5582|5833
3821,4bd62c5b5631c9b65383a530,8432,0,2,2012-04-21 13:40:00+00:00,2012-04-21 13:40:00+00:00,5582|5833
3822,4bd841a3dc4b9521d9ab7888,8454,0,2,2012-07-18 16:58:00+00:00,2012-07-18 16:58:00+00:00,3098|6421
3823,4bd88ddc1671b7135afb765f,8463,0,2,2012-04-19 00:35:00+00:00,2012-04-19 00:35:00+00:00,754|4102
3824,4bd8df990115c9b618ba7580,8468,0,2,2012-05-03 22:21:00+00:00,2012-05-03 22:21:00+00:00,3945|6509
3825,4bd8df990115c9b618ba7580,8468,0,2,2012-07-16 22:34:00+00:00,2012-07-16 22:34:00+00:00,3026|3138
3826,4bd8df990115c9b618ba7580,8468,0,2,2013-02-05 00:19:00+00:00,2013-02-05 00:19:00+00:00,3945|4355
3827,4bdae1e763c5c9b6974e2568,8489,0,2,2012-12-20 04:16:00+00:00,2012-12-20 04:16:00+00:00,577|1670
3828,4bdb1a15c79cc928992481e9,8495,0,2,2012-04-15 01:46:00+00:00,2012-04-15 01:46:00+00:00,4354|6382
3829,4bdb1a15c79cc928992481e9,8495,0,2,2013-03-10 00:26:00+00:00,2013-03-10 00:26:00+00:00,1586|2208
3830,4bdb42876547d13ae4167c26,8502,0,2,2012-05-14 22:29:00+00:00,2012-05-14 22:29:00+00:00,4|204
3831,4bdb8f924b1f952150b5670b,8509,0,2,2012-04-28 05:30:00+00:00,2012-04-28 05:30:00+00:00,1037|1648
3832,4bdbb6563904a593cfe04b9e,8510,0,2,2012-04-08 02:23:00+00:00,2012-04-08 02:23:00+00:00,2691|2820
3833,4bdcafb8ccf52d7feee2786d,8523,0,2,2012-05-14 00:03:00+00:00,2012-05-14 00:03:00+00:00,2549|4471
3834,4bdd5ff1b0f5c928c73c4ce3,8529,0,2,2012-05-27 19:22:00+00:00,2012-05-27 19:22:00+00:00,1096|4390
3835,4bdd5ff1b0f5c928c73c4ce3,8529,0,2,2012-06-09 15:21:00+00:00,2012-06-09 15:21:00+00:00,800|1318
3836,4bdd5ff1b0f5c928c73c4ce3,8529,0,2,2012-06-17 15:48:00+00:00,2012-06-17 15:48:00+00:00,1318|2312
3837,4bde00906198c9b6829112ff,8537,0,2,2012-06-01 13:53:00+00:00,2012-06-01 13:53:00+00:00,2317|5869
3838,4bded100921d952185016932,8549,0,2,2012-12-10 15:25:00+00:00,2012-12-10 15:25:00+00:00,1259|4188
3839,4bdf2151ea279c74727de22b,8553,0,2,2012-07-29 06:25:00+00:00,2012-07-29 06:25:00+00:00,3230|6486
3840,4bdf3562ffdec928bc1aeba1,8554,0,2,2012-12-12 00:35:00+00:00,2012-12-12 00:35:00+00:00,4299|6035
3841,4be1ae703ef676b0e44ec0ca,8587,0,2,2013-03-12 17:17:00+00:00,2013-03-12 17:17:00+00:00,4001|6703
3842,4be1e2ab87e42d7fac33880b,8593,0,2,2012-08-18 01:16:00+00:00,2012-08-18 01:16:00+00:00,467|841
3843,4be43a08bcef2d7f9b3a02e5,8609,0,2,2012-05-04 16:36:00+00:00,2012-05-04 16:36:00+00:00,827|5225
3844,4be4695e2457a5938931aa15,8611,0,2,2012-05-16 00:42:00+00:00,2012-05-16 00:42:00+00:00,962|6363
3845,4be4695e2457a5938931aa15,8611,0,2,2012-06-17 21:27:00+00:00,2012-06-17 21:27:00+00:00,962|1599
3846,4be4695e2457a5938931aa15,8611,0,2,2012-08-17 00:14:00+00:00,2012-08-17 00:14:00+00:00,962|1599
3847,4be4695e2457a5938931aa15,8611,0,2,2012-08-19 20:01:00+00:00,2012-08-19 20:01:00+00:00,962|6363
3848,4be4695e2457a5938931aa15,8611,0,2,2012-09-15 00:42:00+00:00,2012-09-15 00:42:00+00:00,962|6363
3849,4be47dcecf200f475609123c,8612,0,2,2012-04-03 21:33:00+00:00,2012-04-03 21:33:00+00:00,2880|6774
3850,4be5cf0c2468c928b3960043,8625,0,2,2012-06-07 12:29:00+00:00,2012-06-07 12:29:00+00:00,2679|5748
3851,4be60336bcef2d7f92b004e5,8630,0,2,2012-07-30 22:12:00+00:00,2012-07-30 22:12:00+00:00,4299|6035
3852,4be60336bcef2d7f92b004e5,8630,0,2,2012-11-28 23:54:00+00:00,2012-11-28 23:54:00+00:00,4299|6035
3853,4be60336bcef2d7f92b004e5,8630,0,2,2012-12-19 23:12:00+00:00,2012-12-19 23:12:00+00:00,4299|6035
3854,4be605cdcf200f47051d143c,8631,0,2,2012-10-27 01:30:00+00:00,2012-10-27 01:30:00+00:00,3850|6295
3855,4be6111abcef2d7f86c604e5,8633,0,2,2012-05-04 02:37:00+00:00,2012-05-04 02:37:00+00:00,3514|4506
3856,4be9872661aca59346a28200,8660,0,2,2012-04-09 17:20:00+00:00,2012-04-09 17:20:00+00:00,1183|5447
3857,4be9d7034f5576b0cb11b396,8663,0,2,2012-04-13 02:00:00+00:00,2012-04-13 02:00:00+00:00,4151|4347
3858,4be9d7034f5576b0cb11b396,8663,0,2,2012-05-11 01:40:00+00:00,2012-05-11 01:40:00+00:00,4148|6636
3859,4be9d7034f5576b0cb11b396,8663,0,2,2012-08-10 04:41:00+00:00,2012-08-10 04:41:00+00:00,3571|3623
3860,4bed50be91380f47b4af9f18,8694,0,2,2012-07-06 00:04:00+00:00,2012-07-06 00:04:00+00:00,411|4470
3861,4bed664891380f47b5cf9f18,8695,0,2,2012-11-23 06:00:00+00:00,2012-11-23 06:00:00+00:00,4878|6451
3862,4bed664891380f47b5cf9f18,8695,0,2,2012-12-11 05:46:00+00:00,2012-12-11 05:46:00+00:00,4878|6451
3863,4bf0c2f3707795217e703e7c,8732,0,2,2012-05-05 15:01:00+00:00,2012-05-05 15:01:00+00:00,4276|5545
3864,4bf1a8aba09076b0b8e729d4,8740,0,2,2013-01-12 14:39:00+00:00,2013-01-12 14:39:00+00:00,607|2762
3865,4bf3063e98ac0f47066962a8,8755,0,2,2012-06-02 21:42:00+00:00,2012-06-02 21:42:00+00:00,2206|2366
3866,4bf31c24e5eba59325321e90,8758,0,2,2012-04-06 14:18:00+00:00,2012-04-06 14:18:00+00:00,3702|6225
3867,4bf3494b6a31d13ab68b942e,8759,0,2,2012-05-16 23:47:00+00:00,2012-05-16 23:47:00+00:00,2089|3065
3868,4bf563edcad2c928fdf99c99,8776,0,2,2012-10-19 14:19:00+00:00,2012-10-19 14:19:00+00:00,334|5972
3869,4bf6ef8b5efe2d7fd10d6834,8795,0,2,2012-11-22 06:15:00+00:00,2012-11-22 06:15:00+00:00,2033|6224
3870,4bf819965efe2d7f731c6a34,8809,0,2,2013-07-02 17:05:00+00:00,2013-07-02 17:05:00+00:00,2874|5577
3871,4bf84730c07c9c7420d0bbef,8812,0,2,2012-04-11 01:01:00+00:00,2012-04-11 01:01:00+00:00,1299|2185
3872,4bf8626c5317a59312c2ff7e,8816,0,2,2012-10-13 01:57:00+00:00,2012-10-13 01:57:00+00:00,5802|6213
3873,4bf9e8e85ec320a10d0d8bd3,8832,0,2,2012-05-14 00:16:00+00:00,2012-05-14 00:16:00+00:00,3333|3904
3874,4bfd63edf7c82d7f831d8e04,8861,0,2,2012-04-29 04:54:00+00:00,2012-04-29 04:54:00+00:00,1978|5151
3875,4bfd63edf7c82d7f831d8e04,8861,0,2,2012-05-16 22:30:00+00:00,2012-05-16 22:30:00+00:00,191|3892
3876,4bff2f9b369476b0ba8a8d1f,8878,0,2,2012-04-21 14:28:00+00:00,2012-04-21 14:28:00+00:00,425|4845
3877,4c004498daf9c9b6e790fbef,8890,0,2,2012-06-09 18:44:00+00:00,2012-06-09 18:44:00+00:00,2786|4148
3878,4c00580c147bd13ab08c2a4d,8891,0,2,2012-05-27 02:23:00+00:00,2012-05-27 02:23:00+00:00,165|2205
3879,4c02a7b2310fc9b64dc2c461,8912,0,3,2012-11-17 18:42:00+00:00,2012-11-17 18:42:00+00:00,1252|2772|6073
3880,4c040b64187ec928b87fb67b,8921,0,2,2012-04-16 19:25:00+00:00,2012-04-16 19:25:00+00:00,951|1206
3881,4c040b64187ec928b87fb67b,8921,0,2,2012-04-22 01:22:00+00:00,2012-04-22 01:22:00+00:00,440|1326
3882,4c040b64187ec928b87fb67b,8921,0,2,2012-07-09 19:39:00+00:00,2012-07-09 19:39:00+00:00,2107|4014
3883,4c040b64187ec928b87fb67b,8921,0,2,2013-05-07 22:43:00+00:00,2013-05-07 22:43:00+00:00,5807|6506
3884,4c047ed13f03b713f8275241,8926,0,2,2012-04-08 06:34:00+00:00,2012-04-08 06:34:00+00:00,2999|4594
3885,4c047ed13f03b713f8275241,8926,0,3,2012-08-16 23:28:00+00:00,2012-08-16 23:28:00+00:00,1533|4839|5217
3886,4c047ed13f03b713f8275241,8926,0,2,2012-12-07 05:02:00+00:00,2012-12-07 05:02:00+00:00,4186|5217
3887,4c052f4939d476b0567932a7,8929,0,2,2012-04-15 11:44:00+00:00,2012-04-15 11:44:00+00:00,1647|4626
3888,4c06329f5753c928817e3af1,8937,0,2,2012-05-30 00:25:00+00:00,2012-05-30 00:25:00+00:00,2356|2820
3889,4c063ac9d3842d7f1c3fbf41,8938,0,2,2012-04-11 23:40:00+00:00,2012-04-11 23:40:00+00:00,2853|2854
3890,4c082c5a340720a116b98293,8957,0,2,2012-04-04 03:27:00+00:00,2012-04-04 03:27:00+00:00,1808|1962
3891,4c082c5a340720a116b98293,8957,0,2,2012-11-24 02:07:00+00:00,2012-11-24 02:07:00+00:00,3123|4877
3892,4c082c5a340720a116b98293,8957,0,2,2012-12-22 02:10:00+00:00,2012-12-22 02:10:00+00:00,4517|4877
3893,4c0948117e3fc92876b3f182,8969,0,2,2012-04-24 19:45:00+00:00,2012-04-24 19:45:00+00:00,753|2643
3894,4c0a766aed25952115231356,8986,0,2,2012-06-09 17:26:00+00:00,2012-06-09 17:26:00+00:00,1878|2859
3895,4c0a766aed25952115231356,8986,0,5,2012-06-09 20:26:00+00:00,2012-06-09 20:26:00+00:00,296|311|1459|3510|6597
3896,4c0a766aed25952115231356,8986,0,3,2012-06-09 23:07:00+00:00,2012-06-09 23:07:00+00:00,200|2058|5326
3897,4c0a766aed25952115231356,8986,0,2,2012-06-10 18:10:00+00:00,2012-06-10 18:10:00+00:00,576|3799
3898,4c0a766aed25952115231356,8986,0,5,2012-06-10 21:01:00+00:00,2012-06-10 21:01:00+00:00,296|576|1564|4293|6100
3899,4c0be98ba1b32d7f10b79bf0,8996,0,2,2012-09-14 23:29:00+00:00,2012-09-14 23:29:00+00:00,2056|3414
3900,4c0c5587340720a166978993,9000,0,2,2012-05-10 23:01:00+00:00,2012-05-10 23:01:00+00:00,2973|6397
3901,4c0c5587340720a166978993,9000,0,2,2012-08-16 23:40:00+00:00,2012-08-16 23:40:00+00:00,117|1469
3902,4c0ced69c700c9b6988ea1dd,9003,0,2,2012-05-19 18:48:00+00:00,2012-05-19 18:48:00+00:00,1968|4413
3903,4c0e7420c700c9b658e3a3dd,9016,0,2,2012-06-14 00:39:00+00:00,2012-06-14 00:39:00+00:00,754|2219
3904,4c0f39c198102d7f53f9e406,9023,0,3,2012-05-02 05:00:00+00:00,2012-05-02 05:00:00+00:00,2786|4148|5381
3905,4c0f39c198102d7f53f9e406,9023,0,2,2012-06-13 05:44:00+00:00,2012-06-13 05:44:00+00:00,2786|4148
3906,4c10446ace640f475fc13952,9031,0,2,2012-05-05 21:10:00+00:00,2012-05-05 21:10:00+00:00,1304|6680
3907,4c10446ace640f475fc13952,9031,0,2,2012-06-06 19:38:00+00:00,2012-06-06 19:38:00+00:00,1304|6680
3908,4c10446ace640f475fc13952,9031,0,2,2012-07-24 17:23:00+00:00,2012-07-24 17:23:00+00:00,1304|6680
3909,4c10446ace640f475fc13952,9031,0,2,2012-08-11 17:50:00+00:00,2012-08-11 17:50:00+00:00,1304|6680
3910,4c11a4806e5dc9b66490b02d,9040,0,2,2012-06-04 01:02:00+00:00,2012-06-04 01:02:00+00:00,3609|3771
3911,4c12d43a82a3c9b6c27afaf8,9046,0,2,2012-08-20 14:03:00+00:00,2012-08-20 14:03:00+00:00,3106|3345
3912,4c138eb6f1e0b7136cab34bc,9049,0,2,2012-04-13 10:21:00+00:00,2012-04-13 10:21:00+00:00,3663|5302
3913,4c1512c8127f9521dff52425,9060,0,2,2012-10-13 00:36:00+00:00,2012-10-13 00:36:00+00:00,4299|6035
3914,4c17d49650389c749264b3cf,9080,0,2,2012-09-09 20:17:00+00:00,2012-09-09 20:17:00+00:00,2563|4025
3915,4c1d2babeac020a1d6c547c2,9128,0,2,2012-05-06 20:25:00+00:00,2012-05-06 20:25:00+00:00,865|5782
3916,4c1d2babeac020a1d6c547c2,9128,0,2,2012-05-21 16:20:00+00:00,2012-05-21 16:20:00+00:00,2443|3166
3917,4c1f4c13b306c928c82d68b7,9139,0,3,2012-04-14 17:50:00+00:00,2012-04-14 17:50:00+00:00,2431|3045|6621
3918,4c1f4c13b306c928c82d68b7,9139,0,4,2012-11-24 23:24:00+00:00,2012-11-24 23:24:00+00:00,272|818|1913|6517
3919,4c1f7c47eac020a1fb224bc2,9141,0,2,2012-12-23 18:04:00+00:00,2012-12-23 18:04:00+00:00,2775|4446
3920,4c1f86fdb4e62d7f43c0df93,9142,0,3,2012-04-28 20:13:00+00:00,2012-04-28 20:13:00+00:00,1028|3510|6597
3921,4c1f86fdb4e62d7f43c0df93,9142,0,2,2012-05-05 20:31:00+00:00,2012-05-05 20:31:00+00:00,2519|6427
3922,4c1f86fdb4e62d7f43c0df93,9142,0,2,2012-05-27 17:51:00+00:00,2012-05-27 17:51:00+00:00,6427|6841
3923,4c1f86fdb4e62d7f43c0df93,9142,0,2,2012-07-03 00:19:00+00:00,2012-07-03 00:19:00+00:00,1619|5984
3924,4c1f86fdb4e62d7f43c0df93,9142,0,2,2013-01-05 21:30:00+00:00,2013-01-05 21:30:00+00:00,326|1963
3925,4c1fb303bd9d95211254983f,9146,0,2,2012-04-12 11:31:00+00:00,2012-04-12 11:31:00+00:00,2853|2854
3926,4c1fb303bd9d95211254983f,9146,0,2,2012-04-12 23:19:00+00:00,2012-04-12 23:19:00+00:00,2853|2854
3927,4c1fcd7182109c74d231d459,9147,0,2,2012-04-24 02:43:00+00:00,2012-04-24 02:43:00+00:00,369|1377
3928,4c1fcd7182109c74d231d459,9147,0,2,2012-05-13 23:55:00+00:00,2012-05-13 23:55:00+00:00,1878|2486
3929,4c1fcd7182109c74d231d459,9147,0,2,2012-05-27 18:33:00+00:00,2012-05-27 18:33:00+00:00,2486|6331
3930,4c1fcd7182109c74d231d459,9147,0,2,2012-10-27 20:54:00+00:00,2012-10-27 20:54:00+00:00,2563|4025
3931,4c2258d69085d13ab22f86cc,9164,0,2,2012-11-24 14:42:00+00:00,2012-11-24 14:42:00+00:00,1584|6029
3932,4c22beee99282d7f17b667b0,9169,0,3,2012-08-10 16:37:00+00:00,2012-08-10 16:37:00+00:00,22|1796|4294
3933,4c254ba6136d20a19f63e361,9181,0,2,2013-01-16 17:02:00+00:00,2013-01-16 17:02:00+00:00,3533|4387
3934,4c255c9cf1272d7f32c184c5,9182,0,2,2012-11-18 04:57:00+00:00,2012-11-18 04:57:00+00:00,2976|4579
3935,4c255c9cf1272d7f32c184c5,9182,0,2,2013-01-30 00:51:00+00:00,2013-01-30 00:51:00+00:00,1825|2137
3936,4c266ab9a852c9281f9fe66c,9186,0,2,2012-04-22 01:40:00+00:00,2012-04-22 01:40:00+00:00,1970|6178
3937,4c28a82ae19720a17335f858,9199,0,2,2012-07-13 20:46:00+00:00,2012-07-13 20:46:00+00:00,1536|3075
3938,4c2a81398abca59393c8fe1f,9213,0,2,2012-08-18 22:19:00+00:00,2012-08-18 22:19:00+00:00,4188|6693
3939,4c2bccc7d1a10f475a88f864,9223,0,2,2012-05-25 17:08:00+00:00,2012-05-25 17:08:00+00:00,4751|6870
3940,4c2d84277d85a593edd352f3,9238,0,2,2012-04-12 05:06:00+00:00,2012-04-12 05:06:00+00:00,2205|3593
3941,4c2e9022452620a165221c0f,9245,0,2,2012-07-04 03:43:00+00:00,2012-07-04 03:43:00+00:00,2486|4750
3942,4c2ea9deed37a59304176603,9246,0,2,2012-06-14 04:35:00+00:00,2012-06-14 04:35:00+00:00,6078|6418
3943,4c30e906213c2d7f0631335d,9259,0,2,2012-05-12 15:02:00+00:00,2012-05-12 15:02:00+00:00,439|1873
3944,4c3232dc7cc0c9b63de8ef9a,9271,0,2,2012-08-13 14:09:00+00:00,2012-08-13 14:09:00+00:00,2206|2366
3945,4c333ef3ed37a59397fe6c03,9278,0,2,2012-06-27 14:35:00+00:00,2012-06-27 14:35:00+00:00,3850|6245
3946,4c35264109a99c74cd570c2a,9301,0,2,2012-05-12 02:56:00+00:00,2012-05-12 02:56:00+00:00,1320|6213
3947,4c35264109a99c74cd570c2a,9301,0,2,2012-12-29 06:12:00+00:00,2012-12-29 06:12:00+00:00,1874|3418
3948,4c35bbd3213c2d7f32813a5d,9302,0,2,2012-04-23 11:49:00+00:00,2012-04-23 11:49:00+00:00,3661|5748
3949,4c37303edfb0e21e6543aca8,9309,0,2,2012-11-01 00:34:00+00:00,2012-11-01 00:34:00+00:00,509|5812
3950,4c39e5c593db0f475b1b2492,9337,0,2,2012-05-16 16:19:00+00:00,2012-05-16 16:19:00+00:00,4367|6544
3951,4c3a7a9a3849c928ef1ac3b1,9340,0,2,2012-05-14 22:43:00+00:00,2012-05-14 22:43:00+00:00,2893|5076
3952,4c3c8e8b282203bbdea3fcda,9352,0,2,2012-11-17 22:06:00+00:00,2012-11-17 22:06:00+00:00,3651|4557
3953,4c41c0faa48d9c74c4ac0c40,9393,0,2,2013-01-11 20:14:00+00:00,2013-01-11 20:14:00+00:00,4299|6035
3954,4c4200ffce54e21e9bf70b1a,9399,0,2,2012-04-14 03:21:00+00:00,2012-04-14 03:21:00+00:00,4303|6044
3955,4c44c912f0bdd13ac210cacc,9426,0,2,2012-04-08 01:27:00+00:00,2012-04-08 01:27:00+00:00,4116|4151
3956,4c462026884aef3b115aed81,9438,0,2,2012-06-05 02:36:00+00:00,2012-06-05 02:36:00+00:00,1246|4040
3957,4c463d66342c1b8d1413b689,9439,0,2,2012-05-01 17:23:00+00:00,2012-05-01 17:23:00+00:00,615|3156
3958,4c463d66342c1b8d1413b689,9439,0,2,2012-05-25 16:48:00+00:00,2012-05-25 16:48:00+00:00,615|3156
3959,4c463d66342c1b8d1413b689,9439,0,2,2012-06-18 16:14:00+00:00,2012-06-18 16:14:00+00:00,615|3156
3960,4c463d66342c1b8d1413b689,9439,0,2,2012-07-04 16:06:00+00:00,2012-07-04 16:06:00+00:00,615|3156
3961,4c4757dd972c0f47a77a2321,9452,0,2,2012-04-27 22:44:00+00:00,2012-04-27 22:44:00+00:00,2668|3032
3962,4c4757dd972c0f47a77a2321,9452,0,3,2012-06-05 00:34:00+00:00,2012-06-05 00:34:00+00:00,34|414|454
3963,4c4ce59bb301b71315571289,9494,0,2,2012-05-14 02:02:00+00:00,2012-05-14 02:02:00+00:00,186|1211
3964,4c4e04d70d90b71304ee9f78,9498,0,2,2012-05-11 01:58:00+00:00,2012-05-11 01:58:00+00:00,4545|5515
3965,4c4e37dcea24c9b6aa5f4915,9500,0,2,2012-04-19 23:44:00+00:00,2012-04-19 23:44:00+00:00,912|1069
3966,4c4f4aef1d76c92859729b91,9506,0,2,2012-05-21 17:32:00+00:00,2012-05-21 17:32:00+00:00,194|4971
3967,4c50a2d1d2a7c9b6ca9cdd0f,9516,0,2,2012-12-01 07:58:00+00:00,2012-12-01 07:58:00+00:00,1611|6333
3968,4c52fdd7048b1b8debbf4f31,9538,0,2,2012-08-18 03:56:00+00:00,2012-08-18 03:56:00+00:00,3619|6836
3969,4c557d2af5f3d13ab57bdbfb,9561,0,2,2012-08-19 15:57:00+00:00,2012-08-19 15:57:00+00:00,2066|6248
3970,4c576a2bb7a31b8d475450da,9579,0,2,2012-04-28 03:50:00+00:00,2012-04-28 03:50:00+00:00,1697|5280
3971,4c57743e2308be9aa258596c,9580,0,2,2012-09-15 07:25:00+00:00,2012-09-15 07:25:00+00:00,618|753
3972,4c5847e030d82d7ff8b4db62,9588,0,2,2012-07-03 01:22:00+00:00,2012-07-03 01:22:00+00:00,3544|6099
3973,4c58cafaf346c92834374bca,9594,0,2,2012-04-14 01:25:00+00:00,2012-04-14 01:25:00+00:00,2205|3593
3974,4c59796404f9be9ad852ef60,9598,0,2,2012-04-21 23:54:00+00:00,2012-04-21 23:54:00+00:00,3098|6421
3975,4c5c076c7735c9b6af0e8b72,9616,0,2,2012-04-19 22:42:00+00:00,2012-04-19 22:42:00+00:00,1233|4530
3976,4c5c076c7735c9b6af0e8b72,9616,0,2,2012-05-18 13:51:00+00:00,2012-05-18 13:51:00+00:00,1682|4188
3977,4c5c076c7735c9b6af0e8b72,9616,0,2,2012-06-12 14:25:00+00:00,2012-06-12 14:25:00+00:00,830|4188
3978,4c5c076c7735c9b6af0e8b72,9616,0,2,2012-08-13 14:22:00+00:00,2012-08-13 14:22:00+00:00,830|4188
3979,4c5d9815857ca5938844cdcb,9623,0,2,2013-02-08 12:25:00+00:00,2013-02-08 12:25:00+00:00,4208|5492
3980,4c5ef77bfff99c74eda954d3,9629,0,2,2012-04-11 17:31:00+00:00,2012-04-11 17:31:00+00:00,718|2409
3981,4c5ef77bfff99c74eda954d3,9629,0,3,2012-04-27 23:04:00+00:00,2012-04-27 23:04:00+00:00,396|4056|4167
3982,4c5ef77bfff99c74eda954d3,9629,0,2,2012-05-21 19:35:00+00:00,2012-05-21 19:35:00+00:00,5042|5344
3983,4c5ef77bfff99c74eda954d3,9629,0,2,2012-05-28 15:08:00+00:00,2012-05-28 15:08:00+00:00,599|3192
3984,4c5ef77bfff99c74eda954d3,9629,0,2,2013-07-26 22:20:00+00:00,2013-07-26 22:20:00+00:00,2874|5577
3985,4c5f7bddde6920a1a1169464,9637,0,2,2012-04-15 17:35:00+00:00,2012-04-15 17:35:00+00:00,3204|3998
3986,4c657468aebea5936b4e70d0,9677,0,2,2012-04-16 16:32:00+00:00,2012-04-16 16:32:00+00:00,1304|6680
3987,4c687301607ad13a64bea82b,9693,0,2,2012-07-30 06:01:00+00:00,2012-07-30 06:01:00+00:00,3509|5442
3988,4c687301607ad13a64bea82b,9693,0,2,2012-08-06 06:16:00+00:00,2012-08-06 06:16:00+00:00,2976|4579
3989,4c687301607ad13a64bea82b,9693,0,2,2012-12-12 06:06:00+00:00,2012-12-12 06:06:00+00:00,4594|5217
3990,4c694c4a8d22c928abcdb645,9696,0,2,2012-05-05 13:17:00+00:00,2012-05-05 13:17:00+00:00,3647|4505
3991,4c6cc5cf6af58cfa80da8717,9729,0,2,2012-04-28 01:57:00+00:00,2012-04-28 01:57:00+00:00,1246|5741
3992,4c6dc20ff338236aaeaa081b,9737,0,2,2012-04-08 21:31:00+00:00,2012-04-08 21:31:00+00:00,404|5714
3993,4c6dfc056af58cfab54f8b17,9741,0,2,2012-12-02 22:28:00+00:00,2012-12-02 22:28:00+00:00,2575|6516
3994,4c6ea27df323bfb72ebd2499,9743,0,3,2012-04-15 17:01:00+00:00,2012-04-15 17:01:00+00:00,4208|5144|5551
3995,4c6ea27df323bfb72ebd2499,9743,0,2,2012-04-15 17:01:00+00:00,2012-04-15 17:01:00+00:00,4576|6398
3996,4c6ea27df323bfb72ebd2499,9743,0,2,2012-04-15 20:44:00+00:00,2012-04-15 20:44:00+00:00,4499|5041
3997,4c6ea27df323bfb72ebd2499,9743,0,2,2012-04-15 20:44:00+00:00,2012-04-15 20:44:00+00:00,4946|6860
3998,4c6ea27df323bfb72ebd2499,9743,0,2,2012-05-10 00:35:00+00:00,2012-05-10 00:35:00+00:00,2674|4029
3999,4c6ea27df323bfb72ebd2499,9743,0,2,2012-05-24 00:19:00+00:00,2012-05-24 00:19:00+00:00,2024|4029
4000,4c6ea27df323bfb72ebd2499,9743,0,4,2012-07-08 18:30:00+00:00,2012-07-08 18:30:00+00:00,1520|1918|3702|4029
4001,4c6ea27df323bfb72ebd2499,9743,0,2,2012-11-01 00:42:00+00:00,2012-11-01 00:42:00+00:00,1935|2775
4002,4c709dcdd7fab1f73f495fc9,9758,0,2,2012-04-28 04:29:00+00:00,2012-04-28 04:29:00+00:00,753|3169
4003,4c769b38ff1fb60c6d64f9a7,9797,0,2,2013-01-26 19:08:00+00:00,2013-01-26 19:08:00+00:00,711|1553
4004,4c7736a5947ca1cd94f74637,9804,0,3,2013-01-01 06:38:00+00:00,2013-01-01 06:38:00+00:00,408|1839|3956
4005,4c7807c22d3ba143798489d0,9808,0,2,2012-11-01 15:42:00+00:00,2012-11-01 15:42:00+00:00,4299|6035
4006,4c78297aa8683704cb550c4d,9812,0,2,2012-06-03 02:25:00+00:00,2012-06-03 02:25:00+00:00,1834|3959
4007,4c804cd4d34ca143e9561880,9873,0,2,2012-04-21 04:26:00+00:00,2012-04-21 04:26:00+00:00,1821|2456
4008,4c804cd4d34ca143e9561880,9873,0,2,2012-06-11 08:15:00+00:00,2012-06-11 08:15:00+00:00,4186|5217
4009,4c804cd4d34ca143e9561880,9873,0,3,2012-07-30 05:47:00+00:00,2012-07-30 05:47:00+00:00,2456|3509|5442
4010,4c804cd4d34ca143e9561880,9873,0,2,2012-08-18 07:35:00+00:00,2012-08-18 07:35:00+00:00,2976|4579
4011,4c804cd4d34ca143e9561880,9873,0,2,2012-11-26 07:50:00+00:00,2012-11-26 07:50:00+00:00,4186|5217
4012,4c839cf92f1c236a12174443,9889,0,2,2012-04-03 22:45:00+00:00,2012-04-03 22:45:00+00:00,6676|6807
4013,4c839cf92f1c236a12174443,9889,0,2,2012-04-24 23:35:00+00:00,2012-04-24 23:35:00+00:00,6676|6807
4014,4c839cf92f1c236a12174443,9889,0,2,2012-05-04 22:33:00+00:00,2012-05-04 22:33:00+00:00,6676|6807
4015,4c839cf92f1c236a12174443,9889,0,2,2012-05-29 23:03:00+00:00,2012-05-29 23:03:00+00:00,6676|6807
4016,4c839cf92f1c236a12174443,9889,0,2,2012-06-10 12:12:00+00:00,2012-06-10 12:12:00+00:00,6676|6807
4017,4c839cf92f1c236a12174443,9889,0,2,2012-07-10 23:23:00+00:00,2012-07-10 23:23:00+00:00,6676|6807
4018,4c839cf92f1c236a12174443,9889,0,2,2012-10-28 12:15:00+00:00,2012-10-28 12:15:00+00:00,2597|6807
4019,4c839cf92f1c236a12174443,9889,0,2,2013-05-19 12:16:00+00:00,2013-05-19 12:16:00+00:00,2597|6807
4020,4c8b1bcc1eafb1f7bb0e8135,9937,0,2,2012-04-22 05:02:00+00:00,2012-04-22 05:02:00+00:00,3693|4153
4021,4c8d541a509e370423543b55,9948,0,2,2012-04-20 00:22:00+00:00,2012-04-20 00:22:00+00:00,369|2405
4022,4c8d541a509e370423543b55,9948,0,2,2012-04-22 23:45:00+00:00,2012-04-22 23:45:00+00:00,369|2405
4023,4c8e1ffb58668cfa6d0ecfec,9951,0,2,2012-04-06 14:01:00+00:00,2012-04-06 14:01:00+00:00,3609|3771
4024,4c8e91204e95236aeffe7cca,9955,0,2,2012-04-16 12:57:00+00:00,2012-04-16 12:57:00+00:00,979|6037
4025,4c8fe92e3b3e9c74b5c82dcb,9969,0,2,2012-04-22 20:52:00+00:00,2012-04-22 20:52:00+00:00,1009|2214
4026,4c8fe92e3b3e9c74b5c82dcb,9969,0,2,2012-10-27 21:03:00+00:00,2012-10-27 21:03:00+00:00,1009|4824
4027,4c90333a6fbf224b93fa518f,9973,0,2,2012-04-13 19:28:00+00:00,2012-04-13 19:28:00+00:00,2853|2854
4028,4c924f7f238c6dcb6467c755,9985,0,2,2012-06-09 22:11:00+00:00,2012-06-09 22:11:00+00:00,4276|5545
4029,4c94a38fefecb71341b6df9d,10001,0,2,2012-04-29 02:17:00+00:00,2012-04-29 02:17:00+00:00,690|1211
4030,4c952c4238dd8cfac548d062,10005,0,2,2012-05-09 01:47:00+00:00,2012-05-09 01:47:00+00:00,63|590
4031,4c97edbdf419a09395806b88,10022,0,2,2012-04-22 22:44:00+00:00,2012-04-22 22:44:00+00:00,3421|6083
4032,4c97edbdf419a09395806b88,10022,0,2,2012-04-28 09:41:00+00:00,2012-04-28 09:41:00+00:00,4080|6083
4033,4c97edbdf419a09395806b88,10022,0,2,2012-04-28 22:33:00+00:00,2012-04-28 22:33:00+00:00,1372|6083
4034,4c97edbdf419a09395806b88,10022,0,2,2012-05-12 07:50:00+00:00,2012-05-12 07:50:00+00:00,4080|6083
4035,4c97edbdf419a09395806b88,10022,0,2,2012-05-18 23:01:00+00:00,2012-05-18 23:01:00+00:00,5143|6083
4036,4c97edbdf419a09395806b88,10022,0,2,2012-05-30 00:15:00+00:00,2012-05-30 00:15:00+00:00,4080|6083
4037,4c97edbdf419a09395806b88,10022,0,3,2012-06-07 23:51:00+00:00,2012-06-07 23:51:00+00:00,4035|4080|6083
4038,4c97edbdf419a09395806b88,10022,0,2,2012-06-30 22:30:00+00:00,2012-06-30 22:30:00+00:00,691|6083
4039,4c97edbdf419a09395806b88,10022,0,2,2012-11-20 23:50:00+00:00,2012-11-20 23:50:00+00:00,4553|4941
4040,4c9bb662e9a7ef3bd0ed2e16,10040,0,2,2012-11-06 01:38:00+00:00,2012-11-06 01:38:00+00:00,98|3168
4041,4c9bdd54542b224b8271db9f,10042,0,2,2012-04-12 00:06:00+00:00,2012-04-12 00:06:00+00:00,2853|2854
4042,4c9bdd54542b224b8271db9f,10042,0,2,2012-04-13 03:55:00+00:00,2012-04-13 03:55:00+00:00,2853|2854
4043,4c9bdd54542b224b8271db9f,10042,0,2,2012-04-14 04:33:00+00:00,2012-04-14 04:33:00+00:00,2853|2854
4044,4c9bdd54542b224b8271db9f,10042,0,2,2012-04-15 02:03:00+00:00,2012-04-15 02:03:00+00:00,2853|2854
4045,4c9d482e46978cfa8247967f,10047,0,2,2013-01-22 00:35:00+00:00,2013-01-22 00:35:00+00:00,883|3806
4046,4c9d6ae32fb1a143c5ade040,10048,0,2,2012-07-29 02:09:00+00:00,2012-07-29 02:09:00+00:00,3052|3224
4047,4c9d6ae32fb1a143c5ade040,10048,0,2,2012-08-12 02:11:00+00:00,2012-08-12 02:11:00+00:00,3052|3224
4048,4c9d6ae32fb1a143c5ade040,10048,0,2,2012-12-02 03:01:00+00:00,2012-12-02 03:01:00+00:00,3052|3224
4049,4c9ed76d031337046e4c6dd5,10053,0,2,2012-05-29 01:39:00+00:00,2012-05-29 01:39:00+00:00,79|1410
4050,4c9ff17103133704920477d5,10058,0,2,2012-06-09 22:47:00+00:00,2012-06-09 22:47:00+00:00,1831|3247
4051,4ca4d2a4d695199c9a9451e7,10090,0,2,2012-05-29 01:28:00+00:00,2012-05-29 01:28:00+00:00,1078|2602
4052,4ca4d2a4d695199c9a9451e7,10090,0,2,2012-06-04 00:51:00+00:00,2012-06-04 00:51:00+00:00,4029|6450
4053,4ca4d2a4d695199c9a9451e7,10090,0,2,2012-11-29 04:07:00+00:00,2012-11-29 04:07:00+00:00,2065|6099
4054,4ca4eb6d931bb60c965985e2,10093,0,2,2012-04-16 15:25:00+00:00,2012-04-16 15:25:00+00:00,196|6458
4055,4ca6208aae1eef3bccd43047,10099,0,2,2012-05-26 00:31:00+00:00,2012-05-26 00:31:00+00:00,2563|4025
4056,4ca638a4f47ea143577d5e21,10101,0,2,2012-04-10 21:06:00+00:00,2012-04-10 21:06:00+00:00,3045|6621
4057,4cad378a97c8a1cd9befa7a5,10130,0,2,2012-05-19 21:57:00+00:00,2012-05-19 21:57:00+00:00,594|1729
4058,4cbc68689552b60cce60e58b,10192,0,2,2012-04-09 13:44:00+00:00,2012-04-09 13:44:00+00:00,4585|4772
4059,4cbcafab035d236aebebe64e,10194,0,3,2012-04-03 22:06:00+00:00,2012-04-03 22:06:00+00:00,491|2280|2581
4060,4cbcafab035d236aebebe64e,10194,0,2,2012-06-10 04:31:00+00:00,2012-06-10 04:31:00+00:00,689|5271
4061,4cc3a87a1e596dcbe665cc67,10227,0,2,2012-12-02 21:03:00+00:00,2012-12-02 21:03:00+00:00,380|3654
4062,4cc59facb2beb1f7d1c6234c,10229,0,2,2012-06-21 01:59:00+00:00,2012-06-21 01:59:00+00:00,186|3247
4063,4cc5bc31bde8f04dc3feb24b,10232,0,2,2012-04-11 22:14:00+00:00,2012-04-11 22:14:00+00:00,3647|4505
4064,4cc5bc31bde8f04dc3feb24b,10232,0,2,2012-05-05 22:02:00+00:00,2012-05-05 22:02:00+00:00,3647|4505
4065,4cc5fbdd306e224bd829a66c,10235,0,2,2012-05-10 22:29:00+00:00,2012-05-10 22:29:00+00:00,1917|3971
4066,4cc5fbdd306e224bd829a66c,10235,0,2,2012-11-17 03:02:00+00:00,2012-11-17 03:02:00+00:00,3123|4877
4067,4ccac1aeb8c8224be7cf17ba,10261,0,2,2012-04-24 18:46:00+00:00,2012-04-24 18:46:00+00:00,2206|2366
4068,4cce1ca5ee23a14315412aa8,10280,0,2,2012-10-31 10:44:00+00:00,2012-10-31 10:44:00+00:00,2758|4321
4069,4cd024919d87224b684e533b,10293,0,2,2012-04-14 23:02:00+00:00,2012-04-14 23:02:00+00:00,500|4496
4070,4cd02a3e7f56a143273dcca6,10294,0,2,2012-05-29 14:26:00+00:00,2012-05-29 14:26:00+00:00,1934|6806
4071,4cd02a3e7f56a143273dcca6,10294,0,2,2012-06-01 14:52:00+00:00,2012-06-01 14:52:00+00:00,1934|6806
4072,4cd1e55f6200b1f7e97edc28,10304,0,4,2012-04-20 17:05:00+00:00,2012-04-20 17:05:00+00:00,149|273|1233|1670
4073,4cd1e55f6200b1f7e97edc28,10304,0,3,2012-09-05 11:45:00+00:00,2012-09-05 11:45:00+00:00,742|1211|6457
4074,4cd3f20d9828b60cc31ad884,10315,0,2,2012-12-16 00:35:00+00:00,2012-12-16 00:35:00+00:00,962|3077
4075,4cd4cfe9122ba143793a28a1,10322,0,2,2012-04-27 18:23:00+00:00,2012-04-27 18:23:00+00:00,341|3314
4076,4cd7f12a7bb06dcb988d9fb2,10334,0,2,2012-04-04 12:09:00+00:00,2012-04-04 12:09:00+00:00,896|1910
4077,4cd7f12a7bb06dcb988d9fb2,10334,0,2,2012-04-13 11:57:00+00:00,2012-04-13 11:57:00+00:00,896|1910
4078,4cd7f12a7bb06dcb988d9fb2,10334,0,2,2012-04-17 12:06:00+00:00,2012-04-17 12:06:00+00:00,896|1910
4079,4cd7f12a7bb06dcb988d9fb2,10334,0,2,2012-04-19 12:12:00+00:00,2012-04-19 12:12:00+00:00,896|1910
4080,4cd7f12a7bb06dcb988d9fb2,10334,0,2,2012-04-26 12:31:00+00:00,2012-04-26 12:31:00+00:00,1910|6310
4081,4cd7f12a7bb06dcb988d9fb2,10334,0,2,2012-05-03 12:16:00+00:00,2012-05-03 12:16:00+00:00,1910|6310
4082,4cd7f12a7bb06dcb988d9fb2,10334,0,2,2012-05-11 12:26:00+00:00,2012-05-11 12:26:00+00:00,896|1910
4083,4cd7f12a7bb06dcb988d9fb2,10334,0,2,2012-05-14 12:11:00+00:00,2012-05-14 12:11:00+00:00,896|1910
4084,4cd7f12a7bb06dcb988d9fb2,10334,0,2,2012-05-14 22:39:00+00:00,2012-05-14 22:39:00+00:00,1877|4166
4085,4cd7f12a7bb06dcb988d9fb2,10334,0,2,2012-05-15 12:36:00+00:00,2012-05-15 12:36:00+00:00,896|1910
4086,4cd7f12a7bb06dcb988d9fb2,10334,0,2,2012-05-21 12:39:00+00:00,2012-05-21 12:39:00+00:00,896|1910
4087,4cd7f12a7bb06dcb988d9fb2,10334,0,3,2012-05-22 12:12:00+00:00,2012-05-22 12:12:00+00:00,475|1910|6310
4088,4cd7f12a7bb06dcb988d9fb2,10334,0,2,2012-05-22 14:11:00+00:00,2012-05-22 14:11:00+00:00,896|1892
4089,4cd7f12a7bb06dcb988d9fb2,10334,0,2,2012-05-25 12:33:00+00:00,2012-05-25 12:33:00+00:00,896|1910
4090,4cd7f12a7bb06dcb988d9fb2,10334,0,2,2012-05-31 13:11:00+00:00,2012-05-31 13:11:00+00:00,1910|5405
4091,4cd7f12a7bb06dcb988d9fb2,10334,0,2,2012-06-04 12:31:00+00:00,2012-06-04 12:31:00+00:00,896|1910
4092,4cd7f12a7bb06dcb988d9fb2,10334,0,2,2012-06-05 12:10:00+00:00,2012-06-05 12:10:00+00:00,896|1910
4093,4cd7f12a7bb06dcb988d9fb2,10334,0,3,2012-06-07 12:05:00+00:00,2012-06-07 12:05:00+00:00,475|896|1910
4094,4cd7f12a7bb06dcb988d9fb2,10334,0,3,2012-07-05 12:26:00+00:00,2012-07-05 12:26:00+00:00,896|1083|1910
4095,4cd7f12a7bb06dcb988d9fb2,10334,0,2,2012-07-09 12:31:00+00:00,2012-07-09 12:31:00+00:00,1083|1910
4096,4cd7f12a7bb06dcb988d9fb2,10334,0,2,2012-07-11 12:21:00+00:00,2012-07-11 12:21:00+00:00,896|1910
4097,4cd7f12a7bb06dcb988d9fb2,10334,0,2,2012-07-12 12:16:00+00:00,2012-07-12 12:16:00+00:00,896|1910
4098,4cd7f12a7bb06dcb988d9fb2,10334,0,2,2012-07-13 12:16:00+00:00,2012-07-13 12:16:00+00:00,1083|1910
4099,4cd7f12a7bb06dcb988d9fb2,10334,0,2,2012-07-30 13:09:00+00:00,2012-07-30 13:09:00+00:00,1910|4318
4100,4cd7f12a7bb06dcb988d9fb2,10334,0,2,2012-08-09 12:20:00+00:00,2012-08-09 12:20:00+00:00,1910|4318
4101,4cd7f12a7bb06dcb988d9fb2,10334,0,2,2012-08-20 11:52:00+00:00,2012-08-20 11:52:00+00:00,1910|4318
4102,4cd7f12a7bb06dcb988d9fb2,10334,0,2,2012-09-05 12:22:00+00:00,2012-09-05 12:22:00+00:00,1910|4318
4103,4cd7f12a7bb06dcb988d9fb2,10334,0,2,2012-09-13 12:20:00+00:00,2012-09-13 12:20:00+00:00,896|1910
4104,4cd7f12a7bb06dcb988d9fb2,10334,0,2,2012-10-12 11:52:00+00:00,2012-10-12 11:52:00+00:00,1910|4318
4105,4cd7f12a7bb06dcb988d9fb2,10334,0,2,2012-11-05 13:44:00+00:00,2012-11-05 13:44:00+00:00,4318|5405
4106,4cd7f12a7bb06dcb988d9fb2,10334,0,2,2012-11-27 13:25:00+00:00,2012-11-27 13:25:00+00:00,1910|4318
4107,4cd7f12a7bb06dcb988d9fb2,10334,0,2,2012-11-28 13:27:00+00:00,2012-11-28 13:27:00+00:00,1910|4318
4108,4cd7f12a7bb06dcb988d9fb2,10334,0,2,2012-12-10 13:46:00+00:00,2012-12-10 13:46:00+00:00,1910|2464
4109,4cd7f12a7bb06dcb988d9fb2,10334,0,2,2012-12-11 13:35:00+00:00,2012-12-11 13:35:00+00:00,1910|2464
4110,4cd7f12a7bb06dcb988d9fb2,10334,0,2,2012-12-17 13:14:00+00:00,2012-12-17 13:14:00+00:00,1910|2464
4111,4cd7f12a7bb06dcb988d9fb2,10334,0,2,2012-12-19 12:58:00+00:00,2012-12-19 12:58:00+00:00,1910|2464
4112,4cd7f12a7bb06dcb988d9fb2,10334,0,2,2013-01-04 13:41:00+00:00,2013-01-04 13:41:00+00:00,1910|2464
4113,4cd7f12a7bb06dcb988d9fb2,10334,0,2,2013-03-04 14:06:00+00:00,2013-03-04 14:06:00+00:00,1773|4318
4114,4cdd93f9c4f6a35d1854c46c,10359,0,2,2012-04-13 05:43:00+00:00,2012-04-13 05:43:00+00:00,1821|1984
4115,4cdd93f9c4f6a35d1854c46c,10359,0,4,2012-04-19 02:26:00+00:00,2012-04-19 02:26:00+00:00,2312|3019|4186|5326
4116,4cdd93f9c4f6a35d1854c46c,10359,0,2,2012-05-05 02:08:00+00:00,2012-05-05 02:08:00+00:00,1416|3640
4117,4cdd93f9c4f6a35d1854c46c,10359,0,2,2012-06-17 05:13:00+00:00,2012-06-17 05:13:00+00:00,2999|4186
4118,4cdd93f9c4f6a35d1854c46c,10359,0,2,2012-07-04 06:34:00+00:00,2012-07-04 06:34:00+00:00,1984|2999
4119,4cdeb1d2c4f6a35de46bcb6c,10363,0,2,2012-04-03 22:59:00+00:00,2012-04-03 22:59:00+00:00,62|3924
4120,4ce0acae3644a093245f599f,10377,0,2,2012-05-05 05:52:00+00:00,2012-05-05 05:52:00+00:00,4467|4662
4121,4ce0acae3644a093245f599f,10377,0,2,2012-05-12 06:43:00+00:00,2012-05-12 06:43:00+00:00,4662|5326
4122,4ce17f7fd58c60fc1977a66f,10380,0,2,2012-04-04 01:29:00+00:00,2012-04-04 01:29:00+00:00,6144|6473
4123,4ce46872d678a1cd6fc5a90c,10388,0,2,2012-05-05 16:28:00+00:00,2012-05-05 16:28:00+00:00,2594|3960
4124,4ce46d654eb46a31c9425ba3,10389,0,2,2012-11-22 11:41:00+00:00,2012-11-22 11:41:00+00:00,381|5929
4125,4ce46d654eb46a31c9425ba3,10389,0,2,2012-11-22 14:22:00+00:00,2012-11-22 14:22:00+00:00,123|1828
4126,4ce6e69efe90a35ddee9380e,10400,0,2,2012-06-01 12:04:00+00:00,2012-06-01 12:04:00+00:00,5317|6755
4127,4ce7418ab9975481d968f544,10405,0,2,2012-11-24 00:35:00+00:00,2012-11-24 00:35:00+00:00,3123|4517
4128,4ce7418ab9975481d968f544,10405,0,2,2013-01-13 03:48:00+00:00,2013-01-13 03:48:00+00:00,1977|6310
4129,4ceafd220f196dcbcc0a55ae,10416,0,2,2012-05-28 15:01:00+00:00,2012-05-28 15:01:00+00:00,3043|3106
4130,4ceafd220f196dcbcc0a55ae,10416,0,2,2012-08-18 17:10:00+00:00,2012-08-18 17:10:00+00:00,3043|3106
4131,4cec13060f196dcb7b8e5bae,10420,0,3,2012-04-23 22:59:00+00:00,2012-04-23 22:59:00+00:00,89|407|3721
4132,4cec13060f196dcb7b8e5bae,10420,0,2,2012-05-13 05:08:00+00:00,2012-05-13 05:08:00+00:00,679|1983
4133,4cec13060f196dcb7b8e5bae,10420,0,2,2012-08-05 14:34:00+00:00,2012-08-05 14:34:00+00:00,332|708
4134,4cec13060f196dcb7b8e5bae,10420,0,2,2012-09-06 00:02:00+00:00,2012-09-06 00:02:00+00:00,715|6065
4135,4cf2c5321d18a143951b5cec,10438,0,2,2013-02-04 17:28:00+00:00,2013-02-04 17:28:00+00:00,1543|5787
4136,4cf6e8aa0a71224bd6b12093,10456,0,2,2013-03-07 00:54:00+00:00,2013-03-07 00:54:00+00:00,3343|3387
4137,4cf907ea3875b1f79311973c,10465,0,4,2012-05-10 22:16:00+00:00,2012-05-10 22:16:00+00:00,1224|3649|5068|5366
4138,4cfb90ee2d80a143302e4cd8,10476,0,2,2012-04-22 07:23:00+00:00,2012-04-22 07:23:00+00:00,1970|6178
4139,4cfd38f57f2db1f738e936d4,10480,0,2,2012-04-09 13:00:00+00:00,2012-04-09 13:00:00+00:00,634|2190
4140,4d0382fa30a58cfa181399e7,10509,0,4,2012-12-15 15:19:00+00:00,2012-12-15 15:19:00+00:00,556|4478|6224|6690
4141,4d0382fa30a58cfa181399e7,10509,0,2,2012-12-15 17:04:00+00:00,2012-12-15 17:04:00+00:00,3204|3208
4142,4d0382fa30a58cfa181399e7,10509,0,3,2012-12-15 20:59:00+00:00,2012-12-15 20:59:00+00:00,1465|2393|4388
4143,4d0382fa30a58cfa181399e7,10509,0,4,2012-12-15 23:41:00+00:00,2012-12-15 23:41:00+00:00,1641|2611|2827|4478
4144,4d042c5b28926ea811226ac2,10511,0,2,2012-08-10 00:54:00+00:00,2012-08-10 00:54:00+00:00,5084|6422
4145,4d046fa67d9ba35d012c6623,10513,0,2,2012-10-11 23:04:00+00:00,2012-10-11 23:04:00+00:00,69|4025
4146,4d046fa67d9ba35d012c6623,10513,0,2,2012-12-09 05:18:00+00:00,2012-12-09 05:18:00+00:00,2081|2344
4147,4d276efb068e8cfa4ec8ba4c,10613,0,2,2013-01-12 07:23:00+00:00,2013-01-12 07:23:00+00:00,5435|5741
4148,4d291bbe6e27a1435d752124,10618,0,2,2012-06-27 02:11:00+00:00,2012-06-27 02:11:00+00:00,2809|4095
4149,4d2cc14bb47d2c0fd1608594,10625,0,2,2013-02-05 09:55:00+00:00,2013-02-05 09:55:00+00:00,3892|4009
4150,4d2ead246fc6f04d25848345,10628,0,2,2012-07-26 23:15:00+00:00,2012-07-26 23:15:00+00:00,2701|4839
4151,4d32037f5c2db60c8ddebd6c,10635,0,2,2012-05-13 19:24:00+00:00,2012-05-13 19:24:00+00:00,2771|3027
4152,4d329bc7d585a090a8a5a4cd,10636,0,4,2012-07-08 02:24:00+00:00,2012-07-08 02:24:00+00:00,168|204|2631|5757
4153,4d33d64b6c7c721ea10fbd56,10638,0,2,2012-04-15 04:41:00+00:00,2012-04-15 04:41:00+00:00,2665|4443
4154,4d34a091c6cba35dec2f357a,10641,0,2,2012-05-05 20:22:00+00:00,2012-05-05 20:22:00+00:00,1125|4025
4155,4d3882bb9516236ac4f89651,10652,0,2,2012-05-04 13:29:00+00:00,2012-05-04 13:29:00+00:00,4016|6509
4156,4d3b564a687ca35d35fa92c4,10664,0,2,2012-05-22 01:11:00+00:00,2012-05-22 01:11:00+00:00,2816|4306
4157,4d3b940084d46ea8cf4ef65c,10666,0,2,2012-12-08 08:49:00+00:00,2012-12-08 08:49:00+00:00,138|1344
4158,4d406d0ac5eaa1cd138ea150,10680,0,2,2012-11-24 06:14:00+00:00,2012-11-24 06:14:00+00:00,3509|5317
4159,4d4753cdc3e5a35d143d924f,10707,0,2,2013-01-26 08:06:00+00:00,2013-01-26 08:06:00+00:00,1307|5820
4160,4d4b46697125f04debdc6a2f,10716,0,2,2012-05-28 05:49:00+00:00,2012-05-28 05:49:00+00:00,4367|6544
4161,4d4dee8a1a2d721ed4019d1d,10723,0,2,2012-11-17 06:08:00+00:00,2012-11-17 06:08:00+00:00,3768|6067
4162,4d4f39b39a2a6ea8ad4b2a6f,10728,0,2,2012-05-07 18:26:00+00:00,2012-05-07 18:26:00+00:00,448|3782
4163,4d4f4dc207b1a09016acf83b,10729,0,2,2012-11-25 17:38:00+00:00,2012-11-25 17:38:00+00:00,106|3411
4164,4d501a9a7ee1a35d06428234,10731,0,3,2012-07-09 14:02:00+00:00,2012-07-09 14:02:00+00:00,1877|1892|3869
4165,4d53a2c5a9378eec634eb2c4,10748,0,2,2012-10-26 02:02:00+00:00,2012-10-26 02:02:00+00:00,317|1947
4166,4d55f45fe7f1a1cd2cc000a5,10754,0,2,2012-05-05 01:06:00+00:00,2012-05-05 01:06:00+00:00,2431|4090
4167,4d59e7bc1d6cf04dd68f3cfe,10772,0,2,2012-05-05 03:04:00+00:00,2012-05-05 03:04:00+00:00,5496|5559
4168,4d5b3dd522ad2d430a63e695,10778,0,2,2012-04-13 23:47:00+00:00,2012-04-13 23:47:00+00:00,3406|4453
4169,4d5b409222ad2d43527ce695,10779,0,2,2013-02-02 03:29:00+00:00,2013-02-02 03:29:00+00:00,566|4009
4170,4d5bedbb5d153704613a6ce7,10783,0,2,2012-11-17 01:04:00+00:00,2012-11-17 01:04:00+00:00,4822|6083
4171,4d632faf1a83f04d320c712b,10804,0,2,2012-07-07 05:23:00+00:00,2012-07-07 05:23:00+00:00,97|478
4172,4d66eb81cba6a35d7300c7c1,10818,0,2,2012-05-25 20:08:00+00:00,2012-05-25 20:08:00+00:00,3230|6486
4173,4d69f050de28224b66164abe,10831,0,2,2012-05-28 04:59:00+00:00,2012-05-28 04:59:00+00:00,1130|1598
4174,4d6b2a182bf05481869ecced,10836,0,2,2012-05-27 20:25:00+00:00,2012-05-27 20:25:00+00:00,3731|4935
4175,4d6d3bce125eb60c985e324e,10844,0,2,2012-04-18 13:15:00+00:00,2012-04-18 13:15:00+00:00,1372|1614
4176,4d6d3bce125eb60c985e324e,10844,0,2,2012-04-20 13:41:00+00:00,2012-04-20 13:41:00+00:00,992|1372
4177,4d6d3bce125eb60c985e324e,10844,0,3,2012-04-25 13:18:00+00:00,2012-04-25 13:18:00+00:00,1372|1494|1614
4178,4d6d3bce125eb60c985e324e,10844,0,2,2012-05-04 12:37:00+00:00,2012-05-04 12:37:00+00:00,992|1494
4179,4d6d3bce125eb60c985e324e,10844,0,2,2012-05-07 13:19:00+00:00,2012-05-07 13:19:00+00:00,1372|1494
4180,4d6d3bce125eb60c985e324e,10844,0,2,2012-05-31 14:52:00+00:00,2012-05-31 14:52:00+00:00,1372|1614
4181,4d6d3bce125eb60c985e324e,10844,0,2,2012-06-12 22:19:00+00:00,2012-06-12 22:19:00+00:00,556|1372
4182,4d6d3bce125eb60c985e324e,10844,0,2,2012-06-20 22:14:00+00:00,2012-06-20 22:14:00+00:00,1372|1998
4183,4d703c897f3754812cef85c8,10853,0,2,2012-07-13 01:10:00+00:00,2012-07-13 01:10:00+00:00,1918|2772
4184,4d74d4e9170ab1f7ce56f994,10871,0,2,2012-04-26 11:46:00+00:00,2012-04-26 11:46:00+00:00,6099|6387
4185,4d75ff92ec646dcb0186f410,10876,0,2,2012-11-29 06:59:00+00:00,2012-11-29 06:59:00+00:00,5435|5741
4186,4d7ab53c35793704e891715d,10893,0,2,2013-01-07 17:23:00+00:00,2013-01-07 17:23:00+00:00,4299|6035
4187,4d7be33fa165d7ceef0ddb00,10901,0,2,2012-04-20 01:32:00+00:00,2012-04-20 01:32:00+00:00,2795|3818
4188,4d7be33fa165d7ceef0ddb00,10901,0,3,2012-08-13 23:12:00+00:00,2012-08-13 23:12:00+00:00,2701|4029|5579
4189,4d7d34577498a1cdb4bc8bfc,10906,0,2,2012-05-05 01:18:00+00:00,2012-05-05 01:18:00+00:00,5856|6023
4190,4d822807ebb4236aa9514d58,10926,0,2,2012-10-27 01:04:00+00:00,2012-10-27 01:04:00+00:00,2701|5812
4191,4d8263a73e916dcb8edd80d2,10935,0,2,2013-02-14 00:40:00+00:00,2013-02-14 00:40:00+00:00,4016|4713
4192,4d83d942d5fab60c3b42d59b,10940,0,2,2012-05-04 13:28:00+00:00,2012-05-04 13:28:00+00:00,1183|2347
4193,4d863becf1e56ea852a5998a,10950,0,4,2012-05-04 03:25:00+00:00,2012-05-04 03:25:00+00:00,1983|3820|4016|6509
4194,4d8b726dd85f370461e114dc,10978,0,2,2012-11-24 14:10:00+00:00,2012-11-24 14:10:00+00:00,1584|6029
4195,4d8cf0c55234a09063b5aabd,10985,0,2,2012-04-21 01:20:00+00:00,2012-04-21 01:20:00+00:00,1626|5497
4196,4d8fb0e1b46488bf0e3adda2,11004,0,2,2012-04-07 22:17:00+00:00,2012-04-07 22:17:00+00:00,2771|3027
4197,4d90f5cccb9b224b4c89bb41,11011,0,2,2012-04-14 17:55:00+00:00,2012-04-14 17:55:00+00:00,2718|3636
4198,4d9105f96174a09392ecffe3,11013,0,2,2012-05-03 14:21:00+00:00,2012-05-03 14:21:00+00:00,1682|1826
4199,4d9105f96174a09392ecffe3,11013,0,3,2012-06-08 22:19:00+00:00,2012-06-08 22:19:00+00:00,626|1682|6065
4200,4d9105f96174a09392ecffe3,11013,0,2,2012-06-27 14:00:00+00:00,2012-06-27 14:00:00+00:00,715|1345
4201,4d9328cf52ed224b0a4316ac,11020,0,2,2012-04-09 12:53:00+00:00,2012-04-09 12:53:00+00:00,157|674
4202,4d9328cf52ed224b0a4316ac,11020,0,2,2012-04-16 19:45:00+00:00,2012-04-16 19:45:00+00:00,157|674
4203,4d9328cf52ed224b0a4316ac,11020,0,2,2012-05-07 16:35:00+00:00,2012-05-07 16:35:00+00:00,157|674
4204,4d9328cf52ed224b0a4316ac,11020,0,2,2012-05-14 14:10:00+00:00,2012-05-14 14:10:00+00:00,157|674
4205,4d9617c197d06ea889c1fa0a,11039,0,2,2012-07-01 02:47:00+00:00,2012-07-01 02:47:00+00:00,2205|3593
4206,4d9885ae647d8cfa23ccf03d,11050,0,3,2012-05-06 18:36:00+00:00,2012-05-06 18:36:00+00:00,438|1327|3949
4207,4d9885ae647d8cfa23ccf03d,11050,0,2,2012-05-13 17:27:00+00:00,2012-05-13 17:27:00+00:00,2676|4045
4208,4d9885ae647d8cfa23ccf03d,11050,0,2,2012-06-03 16:51:00+00:00,2012-06-03 16:51:00+00:00,204|5068
4209,4d98ba360caaa143bdf3b3b3,11051,0,2,2012-05-28 13:57:00+00:00,2012-05-28 13:57:00+00:00,3965|5578
4210,4d9a489f3e1c530c1a4222a3,11057,0,2,2012-06-10 22:58:00+00:00,2012-06-10 22:58:00+00:00,66|524
4211,4d9a489f3e1c530c1a4222a3,11057,0,2,2013-03-10 18:45:00+00:00,2013-03-10 18:45:00+00:00,4044|6862
4212,4d9b5f6273df8cfa158ef5ec,11061,0,2,2012-04-28 14:12:00+00:00,2012-04-28 14:12:00+00:00,2598|4599
4213,4d9c92f4baae54815f2cde64,11063,0,3,2012-05-16 22:43:00+00:00,2012-05-16 22:43:00+00:00,1226|1598|3051
4214,4d9e8aa89b91a1cdc7c958c0,11076,0,2,2012-05-26 02:52:00+00:00,2012-05-26 02:52:00+00:00,947|5573
4215,4da0c5d62939b1f70366e656,11086,0,2,2012-06-06 20:16:00+00:00,2012-06-06 20:16:00+00:00,945|3698
4216,4da21581bf22a1438de2aaf8,11093,0,2,2013-01-31 01:49:00+00:00,2013-01-31 01:49:00+00:00,4878|6451
4217,4da21581bf22a1438de2aaf8,11093,0,2,2013-02-17 01:45:00+00:00,2013-02-17 01:45:00+00:00,4878|6451
4218,4da2ca2c0f578cfa0ecba918,11097,0,4,2012-12-12 03:32:00+00:00,2012-12-12 03:32:00+00:00,1246|3570|4040|6523
4219,4da307d5e7b8a09077802121,11098,0,2,2012-04-04 11:33:00+00:00,2012-04-04 11:33:00+00:00,123|4040
4220,4da307d5e7b8a09077802121,11098,0,2,2012-04-04 13:04:00+00:00,2012-04-04 13:04:00+00:00,472|2163
4221,4da4bb1d0f578cfaafdbd518,11109,0,2,2012-05-16 02:44:00+00:00,2012-05-16 02:44:00+00:00,478|1600
4222,4da8800143a12d0c26532ae7,11122,0,2,2012-05-14 22:24:00+00:00,2012-05-14 22:24:00+00:00,1211|5068
4223,4da9e6adfc607fc998b7d3d6,11134,0,2,2012-05-25 22:03:00+00:00,2012-05-25 22:03:00+00:00,779|2592
4224,4da9e90da86e771ea7178471,11135,0,2,2012-04-13 19:18:00+00:00,2012-04-13 19:18:00+00:00,475|1910
4225,4daf5c4593a037b7b06da425,11158,0,2,2012-05-28 20:06:00+00:00,2012-05-28 20:06:00+00:00,3255|3954
4226,4db1e4a05da32cf2df672d6a,11166,0,2,2012-07-08 23:13:00+00:00,2012-07-08 23:13:00+00:00,2606|6267
4227,4db36eb781543d71da314d74,11172,0,2,2012-10-11 22:52:00+00:00,2012-10-11 22:52:00+00:00,475|1910
4228,4db44994cda1c57c82583709,11174,0,5,2012-04-08 13:36:00+00:00,2012-04-08 13:36:00+00:00,2363|2612|3061|3836|4025
4229,4db44994cda1c57c82583709,11174,0,7,2012-04-08 19:31:00+00:00,2012-04-08 19:31:00+00:00,1125|1339|4606|6008|6083|6269|6867
4230,4db44994cda1c57c82583709,11174,0,2,2012-04-08 22:34:00+00:00,2012-04-08 22:34:00+00:00,17|3904
4231,4db44994cda1c57c82583709,11174,0,2,2012-04-08 22:34:00+00:00,2012-04-08 22:34:00+00:00,2356|2820
4232,4db5fbfe43a1369cb5dc2a1f,11186,0,3,2012-04-11 22:33:00+00:00,2012-04-11 22:33:00+00:00,1983|4016|6509
4233,4db5fbfe43a1369cb5dc2a1f,11186,0,2,2012-11-17 00:01:00+00:00,2012-11-17 00:01:00+00:00,4016|4608
4234,4dc307d6e4cd169dc610480a,11243,0,2,2012-05-19 08:00:00+00:00,2012-05-19 08:00:00+00:00,3509|5442
4235,4dc34fc7ae608779d1064ae9,11247,0,2,2012-07-08 01:01:00+00:00,2012-07-08 01:01:00+00:00,457|4443
4236,4dc417b47d8b14fb46078e03,11251,0,2,2012-11-30 14:33:00+00:00,2012-11-30 14:33:00+00:00,888|1977
4237,4dc8601b315101f2629439c4,11269,0,3,2012-05-13 01:31:00+00:00,2012-05-13 01:31:00+00:00,3737|4733|5329
4238,4dd10cf4b0fb25f6e3817b33,11296,0,2,2012-09-15 06:03:00+00:00,2012-09-15 06:03:00+00:00,6083|6714
4239,4dd10cf4b0fb25f6e3817b33,11296,0,2,2012-12-16 17:17:00+00:00,2012-12-16 17:17:00+00:00,2924|6083
4240,4dd17130d164679b8d47054b,11298,0,2,2012-04-29 02:46:00+00:00,2012-04-29 02:46:00+00:00,1224|1277
4241,4dd17130d164679b8d47054b,11298,0,2,2012-12-19 23:59:00+00:00,2012-12-19 23:59:00+00:00,2393|3208
4242,4dd2857fc65b9d071f9ddba9,11307,0,2,2012-04-09 16:52:00+00:00,2012-04-09 16:52:00+00:00,2667|4655
4243,4dd2857fc65b9d071f9ddba9,11307,0,2,2012-04-16 16:09:00+00:00,2012-04-16 16:09:00+00:00,2667|4655
4244,4dd2857fc65b9d071f9ddba9,11307,0,2,2012-04-18 16:46:00+00:00,2012-04-18 16:46:00+00:00,2667|4655
4245,4dd2857fc65b9d071f9ddba9,11307,0,2,2012-04-19 13:20:00+00:00,2012-04-19 13:20:00+00:00,2667|4655
4246,4dd2857fc65b9d071f9ddba9,11307,0,2,2012-04-20 18:21:00+00:00,2012-04-20 18:21:00+00:00,2667|4655
4247,4dd2857fc65b9d071f9ddba9,11307,0,2,2012-05-07 13:28:00+00:00,2012-05-07 13:28:00+00:00,2667|4655
4248,4dd45631636550f912c86eed,11317,0,2,2013-04-06 09:46:00+00:00,2013-04-06 09:46:00+00:00,5435|5741
4249,4dd5b29781dcd5bca59494d9,11323,0,2,2012-05-19 09:44:00+00:00,2012-05-19 09:44:00+00:00,1465|2367
4250,4dd5b29781dcd5bca59494d9,11323,0,5,2012-05-19 10:09:00+00:00,2012-05-19 10:09:00+00:00,53|195|776|1598|5639
4251,4dd5b29781dcd5bca59494d9,11323,0,2,2012-05-19 15:11:00+00:00,2012-05-19 15:11:00+00:00,5496|5559
4252,4dd710d0d4c05d5096e11591,11330,0,2,2012-07-29 20:46:00+00:00,2012-07-29 20:46:00+00:00,153|4567
4253,4dd710d0d4c05d5096e11591,11330,0,2,2012-08-16 21:15:00+00:00,2012-08-16 21:15:00+00:00,2439|3799
4254,4dd7c0afd1647fcf3e518ff3,11331,0,3,2012-04-07 16:14:00+00:00,2012-04-07 16:14:00+00:00,530|5166|5863
4255,4dd7c0afd1647fcf3e518ff3,11331,0,2,2012-04-14 16:49:00+00:00,2012-04-14 16:49:00+00:00,4797|5166
4256,4dd7c0afd1647fcf3e518ff3,11331,0,5,2012-04-21 16:49:00+00:00,2012-04-21 16:49:00+00:00,302|2223|3111|3364|5166
4257,4dd7c0afd1647fcf3e518ff3,11331,0,2,2012-05-12 14:59:00+00:00,2012-05-12 14:59:00+00:00,4733|5329
4258,4dd7c0afd1647fcf3e518ff3,11331,0,2,2012-05-19 15:15:00+00:00,2012-05-19 15:15:00+00:00,164|381
4259,4dd7c0afd1647fcf3e518ff3,11331,0,3,2012-05-19 19:00:00+00:00,2012-05-19 19:00:00+00:00,141|275|2354
4260,4dd7c0afd1647fcf3e518ff3,11331,0,3,2012-06-09 17:11:00+00:00,2012-06-09 17:11:00+00:00,2656|3001|5225
4261,4dd7dcebc65bee535abc62ad,11333,0,2,2012-07-02 14:50:00+00:00,2012-07-02 14:50:00+00:00,411|4056
4262,4dd80993e4cd37c893bb2abf,11334,0,3,2012-05-12 19:19:00+00:00,2012-05-12 19:19:00+00:00,2771|5367|5988
4263,4dd80993e4cd37c893bb2abf,11334,0,2,2012-08-19 20:01:00+00:00,2012-08-19 20:01:00+00:00,370|4668
4264,4dd80993e4cd37c893bb2abf,11334,0,2,2012-09-15 18:17:00+00:00,2012-09-15 18:17:00+00:00,1167|2676
4265,4dd80993e4cd37c893bb2abf,11334,0,2,2012-11-22 20:37:00+00:00,2012-11-22 20:37:00+00:00,1979|3504
4266,4dda977ad22d38ef4332c419,11341,0,2,2012-05-07 00:11:00+00:00,2012-05-07 00:11:00+00:00,3993|4537
4267,4dda977ad22d38ef4332c419,11341,0,2,2012-07-05 23:41:00+00:00,2012-07-05 23:41:00+00:00,594|1729
4268,4ddc9302887775ea9c44a155,11358,0,2,2012-05-19 03:12:00+00:00,2012-05-19 03:12:00+00:00,1469|2028
4269,4ddd332745ddaa53edba4230,11363,0,3,2012-04-09 23:16:00+00:00,2012-04-09 23:16:00+00:00,922|6183|6806
4270,4de0099652b1c1b3ce285695,11379,0,2,2012-04-26 02:10:00+00:00,2012-04-26 02:10:00+00:00,1599|3077
4271,4de0099652b1c1b3ce285695,11379,0,2,2012-06-17 03:07:00+00:00,2012-06-17 03:07:00+00:00,1599|3077
4272,4de0099652b1c1b3ce285695,11379,0,2,2012-11-02 03:16:00+00:00,2012-11-02 03:16:00+00:00,962|1599
4273,4de0099652b1c1b3ce285695,11379,0,2,2012-11-26 21:57:00+00:00,2012-11-26 21:57:00+00:00,962|1599
4274,4de1b34ec65b7a3e2109e46f,11386,0,2,2012-07-07 01:24:00+00:00,2012-07-07 01:24:00+00:00,2563|4025
4275,4de1b34ec65b7a3e2109e46f,11386,0,2,2012-07-12 23:06:00+00:00,2012-07-12 23:06:00+00:00,690|2267
4276,4de3e4effa7651589f21983d,11394,0,2,2012-05-12 19:10:00+00:00,2012-05-12 19:10:00+00:00,5084|6422
4277,4de3e4effa7651589f21983d,11394,0,2,2012-07-04 02:32:00+00:00,2012-07-04 02:32:00+00:00,626|2319
4278,4de54677e4cde71744a4fba8,11406,0,3,2012-10-11 22:54:00+00:00,2012-10-11 22:54:00+00:00,31|1409|2748
4279,4de78fdf1fc7fcfe04abdfd5,11417,0,2,2012-05-04 16:14:00+00:00,2012-05-04 16:14:00+00:00,578|1226
4280,4dea935852b11677f03fdfdb,11436,0,4,2012-06-02 21:17:00+00:00,2012-06-02 21:17:00+00:00,2696|3544|5660|6597
4281,4dea935852b11677f03fdfdb,11436,0,3,2012-06-02 23:30:00+00:00,2012-06-02 23:30:00+00:00,1242|2696|6439
4282,4dea935852b11677f03fdfdb,11436,0,2,2012-06-02 23:30:00+00:00,2012-06-02 23:30:00+00:00,3268|4427
4283,4dea935852b11677f03fdfdb,11436,0,2,2012-06-03 20:14:00+00:00,2012-06-03 20:14:00+00:00,404|1096
4284,4ded3246d164f9a5c6739f19,11445,0,2,2012-09-14 22:42:00+00:00,2012-09-14 22:42:00+00:00,2367|2653
4285,4dee714c1850195b829623e1,11449,0,2,2012-10-23 23:18:00+00:00,2012-10-23 23:18:00+00:00,2701|3544
4286,4defaf8b1fc7e81f6da697da,11459,0,2,2012-11-15 22:40:00+00:00,2012-11-15 22:40:00+00:00,1426|4535
4287,4df3b60518386ecb4e3175f9,11483,0,2,2013-03-24 03:29:00+00:00,2013-03-24 03:29:00+00:00,5435|5741
4288,4df5fac0d22d8c5470e5bbd4,11489,0,2,2013-02-08 04:19:00+00:00,2013-02-08 04:19:00+00:00,4208|5492
4289,4df7f3f118a801cd9f119204,11502,0,2,2012-05-06 23:15:00+00:00,2012-05-06 23:15:00+00:00,4971|6072
4290,4dfd03bd483b96a3aaa7fecb,11525,0,2,2012-05-28 19:38:00+00:00,2012-05-28 19:38:00+00:00,936|5604
4291,4dfd172ad4c001cca36ee4ac,11526,0,2,2012-06-30 21:43:00+00:00,2012-06-30 21:43:00+00:00,93|914
4292,4e00cb23c65b896d116b76e2,11538,0,2,2012-06-16 23:21:00+00:00,2012-06-16 23:21:00+00:00,711|3616
4293,4e00cb23c65b896d116b76e2,11538,0,2,2012-12-02 02:05:00+00:00,2012-12-02 02:05:00+00:00,3616|3661
4294,4e021394d1647696f12557a2,11540,0,2,2012-12-02 20:27:00+00:00,2012-12-02 20:27:00+00:00,4299|6035
4295,4e02857ae4cdbd9a5174c041,11543,0,2,2012-04-19 04:55:00+00:00,2012-04-19 04:55:00+00:00,5528|6239
4296,4e028dacb0fb88a1209ac864,11544,0,2,2012-05-25 22:18:00+00:00,2012-05-25 22:18:00+00:00,779|2497
4297,4e054e43483b98d4170307ea,11557,0,2,2012-07-28 19:47:00+00:00,2012-07-28 19:47:00+00:00,3113|5103
4298,4e06bb0d18a8382643b036e9,11560,0,2,2012-04-08 02:43:00+00:00,2012-04-08 02:43:00+00:00,618|973
4299,4e10e21be4cdef074b6f0300,11600,0,2,2012-05-07 03:14:00+00:00,2012-05-07 03:14:00+00:00,2909|3291
4300,4e12501c52b1655efa4de210,11608,0,2,2012-04-14 23:25:00+00:00,2012-04-14 23:25:00+00:00,1611|4980
4301,4e12501c52b1655efa4de210,11608,0,2,2012-04-28 23:08:00+00:00,2012-04-28 23:08:00+00:00,1611|6333
4302,4e12501c52b1655efa4de210,11608,0,2,2012-07-21 22:07:00+00:00,2012-07-21 22:07:00+00:00,4980|6333
4303,4e12501c52b1655efa4de210,11608,0,2,2012-10-28 21:34:00+00:00,2012-10-28 21:34:00+00:00,1611|6333
4304,4e12501c52b1655efa4de210,11608,0,2,2012-11-02 01:59:00+00:00,2012-11-02 01:59:00+00:00,1611|6333
4305,4e194313ae6092c2765a816a,11640,0,2,2012-12-02 06:57:00+00:00,2012-12-02 06:57:00+00:00,2976|4579
4306,4e194313ae6092c2765a816a,11640,0,2,2012-12-23 07:17:00+00:00,2012-12-23 07:17:00+00:00,2976|4579
4307,4e1b155f7d8bb17ec63a95de,11649,0,2,2012-05-03 18:48:00+00:00,2012-05-03 18:48:00+00:00,63|590
4308,4e1e03e752b189cfa61b2114,11668,0,2,2012-06-17 05:08:00+00:00,2012-06-17 05:08:00+00:00,1834|3959
4309,4e1e65aab0fbe764a4a50e61,11674,0,2,2012-09-06 00:12:00+00:00,2012-09-06 00:12:00+00:00,2701|4796
4310,4e1f587914959804e9ea9665,11682,0,2,2012-09-05 21:00:00+00:00,2012-09-05 21:00:00+00:00,4299|6035
4311,4e20589f483b041af1e0fa98,11688,0,2,2012-07-15 17:44:00+00:00,2012-07-15 17:44:00+00:00,1968|4413
4312,4e246833aeb70263954c23f0,11704,0,2,2012-08-10 11:08:00+00:00,2012-08-10 11:08:00+00:00,2114|5634
4313,4e25b190814d0c070b6b3f50,11714,0,2,2012-04-16 14:10:00+00:00,2012-04-16 14:10:00+00:00,2464|2578
4314,4e25b190814d0c070b6b3f50,11714,0,3,2012-04-19 13:13:00+00:00,2012-04-19 13:13:00+00:00,2464|2576|2578
4315,4e25b190814d0c070b6b3f50,11714,0,2,2012-04-24 14:32:00+00:00,2012-04-24 14:32:00+00:00,2464|2578
4316,4e25b190814d0c070b6b3f50,11714,0,2,2012-04-26 13:20:00+00:00,2012-04-26 13:20:00+00:00,2464|2576
4317,4e25b190814d0c070b6b3f50,11714,0,2,2012-05-03 14:22:00+00:00,2012-05-03 14:22:00+00:00,2464|2578
4318,4e25b190814d0c070b6b3f50,11714,0,2,2012-05-04 14:46:00+00:00,2012-05-04 14:46:00+00:00,2464|2578
4319,4e25b190814d0c070b6b3f50,11714,0,2,2012-05-22 13:49:00+00:00,2012-05-22 13:49:00+00:00,2464|2578
4320,4e25b190814d0c070b6b3f50,11714,0,2,2012-06-04 13:54:00+00:00,2012-06-04 13:54:00+00:00,2464|2578
4321,4e25b190814d0c070b6b3f50,11714,0,2,2012-06-18 14:07:00+00:00,2012-06-18 14:07:00+00:00,2464|2578
4322,4e25fd1f7d8bbc620ea01ca3,11716,0,2,2012-10-19 01:29:00+00:00,2012-10-19 01:29:00+00:00,5843|6646
4323,4e25fd1f7d8bbc620ea01ca3,11716,0,2,2013-01-05 00:13:00+00:00,2013-01-05 00:13:00+00:00,5843|6646
4324,4e25fd1f7d8bbc620ea01ca3,11716,0,2,2013-01-11 00:48:00+00:00,2013-01-11 00:48:00+00:00,5843|6646
4325,4e25fd1f7d8bbc620ea01ca3,11716,0,2,2013-02-08 01:19:00+00:00,2013-02-08 01:19:00+00:00,5843|6646
4326,4e27010062e14d5da1540a34,11721,0,2,2012-07-04 02:45:00+00:00,2012-07-04 02:45:00+00:00,1026|4151
4327,4e2aefd4aeb745b1fabd9ba8,11743,0,2,2012-04-08 17:45:00+00:00,2012-04-08 17:45:00+00:00,3998|5258
4328,4e2aefd4aeb745b1fabd9ba8,11743,0,2,2012-06-10 17:40:00+00:00,2012-06-10 17:40:00+00:00,690|925
4329,4e2eddad483b93c2f2d94c73,11762,0,2,2012-07-30 17:26:00+00:00,2012-07-30 17:26:00+00:00,2001|5133
4330,4e2f197eb61c88c3a794ac6c,11764,0,2,2012-07-03 12:19:00+00:00,2012-07-03 12:19:00+00:00,5700|5953
4331,4e2f197eb61c88c3a794ac6c,11764,0,2,2012-11-13 13:34:00+00:00,2012-11-13 13:34:00+00:00,5700|5953
4332,4e2fd522c65b80dfd8448edf,11770,0,2,2012-08-14 22:57:00+00:00,2012-08-14 22:57:00+00:00,653|2120
4333,4e2fd522c65b80dfd8448edf,11770,0,2,2012-09-14 23:12:00+00:00,2012-09-14 23:12:00+00:00,475|4956
4334,4e302cb1c65b80dfd84807cc,11772,0,2,2012-05-13 01:19:00+00:00,2012-05-13 01:19:00+00:00,143|2344
4335,4e319c02cc3fa4395baab366,11786,0,2,2012-05-13 03:03:00+00:00,2012-05-13 03:03:00+00:00,1825|3019
4336,4e31f52ac65b470acb160fc8,11790,0,4,2012-05-22 04:49:00+00:00,2012-05-22 04:49:00+00:00,341|1695|2764|5713
4337,4e334953fa76f00388bfed27,11798,0,2,2012-04-19 01:51:00+00:00,2012-04-19 01:51:00+00:00,4992|5788
4338,4e334953fa76f00388bfed27,11798,0,2,2012-04-21 05:00:00+00:00,2012-04-21 05:00:00+00:00,1709|2764
4339,4e34496fa8092599edf845bb,11803,0,2,2013-01-26 00:23:00+00:00,2013-01-26 00:23:00+00:00,2771|3027
4340,4e3695d5483bf3839a3a0c1b,11813,0,2,2012-04-09 12:35:00+00:00,2012-04-09 12:35:00+00:00,1149|2495
4341,4e3695d5483bf3839a3a0c1b,11813,0,2,2012-04-12 12:44:00+00:00,2012-04-12 12:44:00+00:00,1149|2495
4342,4e3695d5483bf3839a3a0c1b,11813,0,2,2012-04-19 12:49:00+00:00,2012-04-19 12:49:00+00:00,1149|2495
4343,4e3695d5483bf3839a3a0c1b,11813,0,2,2012-04-20 12:48:00+00:00,2012-04-20 12:48:00+00:00,1149|3342
4344,4e3695d5483bf3839a3a0c1b,11813,0,3,2012-04-24 11:42:00+00:00,2012-04-24 11:42:00+00:00,33|1149|2495
4345,4e3695d5483bf3839a3a0c1b,11813,0,2,2012-06-18 12:43:00+00:00,2012-06-18 12:43:00+00:00,1149|2495
4346,4e3695d5483bf3839a3a0c1b,11813,0,2,2012-06-27 12:41:00+00:00,2012-06-27 12:41:00+00:00,1149|2495
4347,4e396c382271aebfead4ae5f,11834,0,2,2012-05-15 22:19:00+00:00,2012-05-15 22:19:00+00:00,1752|4840
4348,4e3b3404b61cb577be59938c,11843,0,2,2012-04-17 22:32:00+00:00,2012-04-17 22:32:00+00:00,638|5415
4349,4e4190fafa762ad6d846f883,11864,0,2,2012-04-22 17:43:00+00:00,2012-04-22 17:43:00+00:00,302|5441
4350,4e46f1c0922ee4def2930efe,11895,0,2,2012-07-29 05:34:00+00:00,2012-07-29 05:34:00+00:00,2976|4579
4351,4e46f1c0922ee4def2930efe,11895,0,2,2012-08-12 19:08:00+00:00,2012-08-12 19:08:00+00:00,2976|4579
4352,4e46f1c0922ee4def2930efe,11895,0,2,2012-12-15 05:11:00+00:00,2012-12-15 05:11:00+00:00,2976|4579
4353,4e488cbba809fb2fa407a213,11905,0,2,2012-05-27 16:04:00+00:00,2012-05-27 16:04:00+00:00,4105|6482
4354,4e48bc37d164155c0e0369df,11907,0,2,2012-04-24 23:28:00+00:00,2012-04-24 23:28:00+00:00,1599|6363
4355,4e4df93dbd4101d0d79f676b,11936,0,2,2012-05-25 22:40:00+00:00,2012-05-25 22:40:00+00:00,3850|6245
4356,4e4e70306365e1419d0205e4,11940,0,2,2012-04-17 22:08:00+00:00,2012-04-17 22:08:00+00:00,186|2565
4357,4e4e70306365e1419d0205e4,11940,0,2,2012-05-03 22:20:00+00:00,2012-05-03 22:20:00+00:00,186|1211
4358,4e4e70306365e1419d0205e4,11940,0,2,2012-05-03 22:20:00+00:00,2012-05-03 22:20:00+00:00,1808|1962
4359,4e4e70306365e1419d0205e4,11940,0,2,2012-05-23 22:46:00+00:00,2012-05-23 22:46:00+00:00,779|2156
4360,4e4e70306365e1419d0205e4,11940,0,3,2012-10-13 01:22:00+00:00,2012-10-13 01:22:00+00:00,469|2579|5616
4361,4e57b22cfa76435f0bd2298f,11996,0,3,2012-05-12 06:12:00+00:00,2012-05-12 06:12:00+00:00,2389|2581|3167
4362,4e5b046a227188671508b714,12012,0,2,2012-06-02 23:22:00+00:00,2012-06-02 23:22:00+00:00,1537|5046
4363,4e5c2940cc3f78c8843f554a,12015,0,2,2012-05-01 22:21:00+00:00,2012-05-01 22:21:00+00:00,2578|6224
4364,4e5d6ecf1f6e330fd1b68420,12024,0,2,2012-11-17 23:32:00+00:00,2012-11-17 23:32:00+00:00,494|6784
4365,4e5e2fd5922ec2c0701c4218,12030,0,2,2012-07-02 23:20:00+00:00,2012-07-02 23:20:00+00:00,153|2868
4366,4e62c75a483bd9a9747d8cd8,12062,0,2,2012-07-08 19:51:00+00:00,2012-07-08 19:51:00+00:00,3718|4953
4367,4e6366cc18a8ce02fd428c6a,12064,0,2,2012-10-31 00:36:00+00:00,2012-10-31 00:36:00+00:00,6099|6219
4368,4e6789dd31513f0d3b1c2f79,12089,0,2,2012-04-09 21:53:00+00:00,2012-04-09 21:53:00+00:00,1304|6680
4369,4e691e82b9930387355c629d,12097,0,2,2012-05-31 22:04:00+00:00,2012-05-31 22:04:00+00:00,3654|3892
4370,4e691e82b9930387355c629d,12097,0,2,2012-06-03 03:17:00+00:00,2012-06-03 03:17:00+00:00,5084|6422
4371,4e691e82b9930387355c629d,12097,0,2,2012-11-16 23:49:00+00:00,2012-11-16 23:49:00+00:00,2465|6310
4372,4e6a4c3581306988e66b265a,12101,0,2,2012-04-12 02:18:00+00:00,2012-04-12 02:18:00+00:00,944|2205
4373,4e6b705388772457c4e2b42f,12105,0,2,2012-04-19 00:18:00+00:00,2012-04-19 00:18:00+00:00,2718|6448
4374,4e6dfab3b61cf2b03c254994,12115,0,2,2012-05-07 06:08:00+00:00,2012-05-07 06:08:00+00:00,5065|5902
4375,4e6dfab3b61cf2b03c254994,12115,0,2,2012-11-17 03:30:00+00:00,2012-11-17 03:30:00+00:00,2034|3168
4376,4e6dfab3b61cf2b03c254994,12115,0,2,2012-11-17 05:04:00+00:00,2012-11-17 05:04:00+00:00,98|4025
4377,4e6e89b5d22daab469b62696,12121,0,3,2012-05-09 22:28:00+00:00,2012-05-09 22:28:00+00:00,239|690|1211
4378,4e6fe48c1fc7d3fc71285ec2,12130,0,2,2012-04-14 21:36:00+00:00,2012-04-14 21:36:00+00:00,2853|2854
4379,4e7161f162e116e94546de73,12142,0,2,2012-05-12 05:24:00+00:00,2012-05-12 05:24:00+00:00,3109|5895
4380,4e72a6ffaeb74f9f48eb61fe,12151,0,2,2012-09-15 19:50:00+00:00,2012-09-15 19:50:00+00:00,912|2924
4381,4e73cf3a2271ffa4e63183bd,12158,0,2,2012-04-18 22:57:00+00:00,2012-04-18 22:57:00+00:00,666|2081
4382,4e760aa5b61c22c638709910,12166,0,2,2012-05-05 23:23:00+00:00,2012-05-05 23:23:00+00:00,454|621
4383,4e764574fa7605970161fd89,12168,0,2,2013-06-08 00:52:00+00:00,2013-06-08 00:52:00+00:00,3619|5937
4384,4e77a6baae60c3285217b6bd,12174,0,2,2012-04-29 05:41:00+00:00,2012-04-29 05:41:00+00:00,1304|6680
4385,4e7e241202d59de1bbf207c9,12208,0,2,2012-05-19 17:47:00+00:00,2012-05-19 17:47:00+00:00,379|778
4386,4e7e8f2f6da1103ad24563cf,12212,0,2,2012-09-15 07:28:00+00:00,2012-09-15 07:28:00+00:00,2976|4579
4387,4e8a2aa061aff1e909c59333,12262,0,2,2012-08-12 14:45:00+00:00,2012-08-12 14:45:00+00:00,6272|6584
4388,4e8cb88577c86de9487eda3c,12275,0,2,2013-01-18 11:35:00+00:00,2013-01-18 11:35:00+00:00,869|1114
4389,4e8e24c97ee6c06365762ab6,12285,0,2,2012-12-06 14:15:00+00:00,2012-12-06 14:15:00+00:00,5843|6646
4390,4e8e24c97ee6c06365762ab6,12285,0,2,2012-12-07 16:16:00+00:00,2012-12-07 16:16:00+00:00,5843|6646
4391,4e8f7219550342b5a3d38ae9,12291,0,2,2012-04-16 19:01:00+00:00,2012-04-16 19:01:00+00:00,4367|6544
4392,4e8fa8256c25abdcf463ce2f,12292,0,2,2012-07-16 04:53:00+00:00,2012-07-16 04:53:00+00:00,4306|4455
4393,4e90c658550342b5a4604eb3,12298,0,2,2012-04-09 18:21:00+00:00,2012-04-09 18:21:00+00:00,99|290
4394,4e90c658550342b5a4604eb3,12298,0,2,2012-04-27 19:30:00+00:00,2012-04-27 19:30:00+00:00,99|290
4395,4e90d790e5fa2c09eb8511c4,12299,0,2,2012-04-11 22:20:00+00:00,2012-04-11 22:20:00+00:00,1304|6680
4396,4e90d790e5fa2c09eb8511c4,12299,0,2,2012-05-19 06:42:00+00:00,2012-05-19 06:42:00+00:00,5241|6482
4397,4e90f1d7cc2127f5dac5935a,12300,0,2,2012-07-18 22:22:00+00:00,2012-07-18 22:22:00+00:00,252|2347
4398,4e91c7e1f79014e2cf0440b8,12303,0,2,2012-12-14 14:19:00+00:00,2012-12-14 14:19:00+00:00,4299|6035
4399,4e91f563550342b5a4c99baf,12305,0,2,2012-05-11 23:56:00+00:00,2012-05-11 23:56:00+00:00,2581|4433
4400,4e91f563550342b5a4c99baf,12305,0,3,2012-05-12 01:07:00+00:00,2012-05-12 01:07:00+00:00,3398|3737|3919
4401,4e91f563550342b5a4c99baf,12305,0,2,2012-05-12 04:09:00+00:00,2012-05-12 04:09:00+00:00,2389|3164
4402,4e977a92f790dd407e8fe7a6,12328,0,2,2012-10-27 01:19:00+00:00,2012-10-27 01:19:00+00:00,141|827
4403,4e98aefe1081f57b9dff926a,12334,0,2,2012-12-05 12:47:00+00:00,2012-12-05 12:47:00+00:00,5843|6646
4404,4e9a0f6b0aaf5f690e33f51c,12341,0,2,2013-01-03 02:31:00+00:00,2013-01-03 02:31:00+00:00,4299|6035
4405,4ea07c88754ae603f5652e63,12374,0,3,2012-04-27 23:27:00+00:00,2012-04-27 23:27:00+00:00,372|3469|4697
4406,4ea25241b6347b9967c0c2dd,12380,0,2,2012-12-01 05:40:00+00:00,2012-12-01 05:40:00+00:00,2751|3578
4407,4eb13d68e5e8c0f5bd2fd983,12435,0,2,2012-09-14 17:04:00+00:00,2012-09-14 17:04:00+00:00,1224|3998
4408,4eb1a19db8f7fd711df54f04,12439,0,3,2012-05-07 15:02:00+00:00,2012-05-07 15:02:00+00:00,1199|2429|5827
4409,4eb4b79be30006eb11d3fd14,12456,0,2,2012-04-17 10:03:00+00:00,2012-04-17 10:03:00+00:00,1544|2585
4410,4eb57086469073bbc62585a7,12459,0,2,2012-05-28 00:42:00+00:00,2012-05-28 00:42:00+00:00,597|5274
4411,4eb597a361af0dda906d9dce,12460,0,2,2012-06-03 01:03:00+00:00,2012-06-03 01:03:00+00:00,2443|4152
4412,4eb5d8250039f4f9ed9389a3,12462,0,2,2013-01-06 07:58:00+00:00,2013-01-06 07:58:00+00:00,5435|5741
4413,4eb811f629c212fb6d8158e5,12469,0,2,2012-04-19 13:32:00+00:00,2012-04-19 13:32:00+00:00,2043|5054
4414,4eba99d3be7b1e562036cb46,12475,0,2,2012-10-31 13:18:00+00:00,2012-10-31 13:18:00+00:00,33|827
4415,4ebca79ce300ba1043ce6d8a,12486,0,2,2012-11-01 04:14:00+00:00,2012-11-01 04:14:00+00:00,4517|4877
4416,4ebd43846c257f09adde2e36,12488,0,2,2012-07-03 00:23:00+00:00,2012-07-03 00:23:00+00:00,4839|4971
4417,4ec2947729c25ce5a3371338,12507,0,2,2012-05-18 23:58:00+00:00,2012-05-18 23:58:00+00:00,3172|6141
4418,4ec6b1f2f79041351bc5af82,12518,0,2,2012-06-17 06:19:00+00:00,2012-06-17 06:19:00+00:00,3509|5442
4419,4ec6b1f2f79041351bc5af82,12518,0,2,2012-12-08 05:34:00+00:00,2012-12-08 05:34:00+00:00,6070|6355
4420,4ec6d0b4be7ba4fc6da4febd,12519,0,2,2012-06-10 23:08:00+00:00,2012-06-10 23:08:00+00:00,1097|3453
4421,4ec6d0b4be7ba4fc6da4febd,12519,0,2,2012-08-14 23:41:00+00:00,2012-08-14 23:41:00+00:00,442|2185
4422,4ecafc777ee5319f9906672d,12535,0,2,2012-04-29 04:14:00+00:00,2012-04-29 04:14:00+00:00,3509|5442
4423,4ecbf57b003925982e410dfa,12541,0,2,2012-11-01 23:26:00+00:00,2012-11-01 23:26:00+00:00,2371|6387
4424,4ed13bb199114b48891b1670,12571,0,3,2012-04-28 23:10:00+00:00,2012-04-28 23:10:00+00:00,618|973|4992
4425,4ed13bb199114b48891b1670,12571,0,2,2012-05-04 01:45:00+00:00,2012-05-04 01:45:00+00:00,753|973
4426,4ed13bb199114b48891b1670,12571,0,2,2012-06-02 21:41:00+00:00,2012-06-02 21:41:00+00:00,753|973
4427,4ed13bb199114b48891b1670,12571,0,2,2012-06-04 22:44:00+00:00,2012-06-04 22:44:00+00:00,753|973
4428,4ed34551754ad8083f6fd853,12580,0,2,2012-04-13 04:30:00+00:00,2012-04-13 04:30:00+00:00,1948|3451
4429,4ed34551754ad8083f6fd853,12580,0,2,2012-04-20 04:56:00+00:00,2012-04-20 04:56:00+00:00,5065|5902
4430,4ed34551754ad8083f6fd853,12580,0,2,2012-04-23 22:22:00+00:00,2012-04-23 22:22:00+00:00,4405|5026
4431,4ed34551754ad8083f6fd853,12580,0,3,2012-05-11 02:04:00+00:00,2012-05-11 02:04:00+00:00,2653|2665|4443
4432,4ed34551754ad8083f6fd853,12580,0,2,2012-05-25 23:27:00+00:00,2012-05-25 23:27:00+00:00,6011|6714
4433,4ed34551754ad8083f6fd853,12580,0,3,2012-06-10 04:00:00+00:00,2012-06-10 04:00:00+00:00,481|4543|6873
4434,4ed34551754ad8083f6fd853,12580,0,2,2012-07-04 02:18:00+00:00,2012-07-04 02:18:00+00:00,1608|3026
4435,4ed34551754ad8083f6fd853,12580,0,2,2012-12-09 06:05:00+00:00,2012-12-09 06:05:00+00:00,2994|4153
4436,4ed41084be7b9eece43c0cb6,12586,0,2,2012-04-04 14:26:00+00:00,2012-04-04 14:26:00+00:00,325|4127
4437,4ed41084be7b9eece43c0cb6,12586,0,2,2012-05-09 11:23:00+00:00,2012-05-09 11:23:00+00:00,325|4127
4438,4ed6316a2c5b3d826e649dbf,12596,0,2,2012-04-12 18:03:00+00:00,2012-04-12 18:03:00+00:00,204|2340
4439,4ed6316a2c5b3d826e649dbf,12596,0,2,2012-06-09 16:20:00+00:00,2012-06-09 16:20:00+00:00,475|3663
4440,4ed6316a2c5b3d826e649dbf,12596,0,2,2012-06-18 16:18:00+00:00,2012-06-18 16:18:00+00:00,9|354
4441,4ed6316a2c5b3d826e649dbf,12596,0,2,2012-12-23 16:24:00+00:00,2012-12-23 16:24:00+00:00,2081|4184
4442,4ed674990cd6b3fd4c4e46cb,12599,0,2,2012-05-06 17:32:00+00:00,2012-05-06 17:32:00+00:00,1928|3137
4443,4eda64ced5fb8f213a5d740e,12618,0,2,2012-12-04 02:25:00+00:00,2012-12-04 02:25:00+00:00,822|4166
4444,4eda64ced5fb8f213a5d740e,12618,0,2,2013-02-13 23:23:00+00:00,2013-02-13 23:23:00+00:00,4181|4318
4445,4edbe26377c8274efeee1fcd,12632,0,2,2012-04-09 16:47:00+00:00,2012-04-09 16:47:00+00:00,1873|3392
4446,4edbe26377c8274efeee1fcd,12632,0,2,2012-04-10 22:42:00+00:00,2012-04-10 22:42:00+00:00,1873|3392
4447,4edbe26377c8274efeee1fcd,12632,0,2,2012-04-23 18:03:00+00:00,2012-04-23 18:03:00+00:00,1873|3392
4448,4edbe26377c8274efeee1fcd,12632,0,2,2012-05-09 16:44:00+00:00,2012-05-09 16:44:00+00:00,1873|3392
4449,4edbe26377c8274efeee1fcd,12632,0,2,2012-07-17 16:33:00+00:00,2012-07-17 16:33:00+00:00,1873|3392
4450,4edfd5865c5cced979ab7dd1,12651,0,2,2012-07-04 20:08:00+00:00,2012-07-04 20:08:00+00:00,982|2862
4451,4ee2d834e4b04d23df5796ee,12674,0,2,2012-11-20 06:20:00+00:00,2012-11-20 06:20:00+00:00,2597|6807
4452,4ee3d94d61aff5a3413d5c76,12678,0,2,2012-05-26 00:19:00+00:00,2012-05-26 00:19:00+00:00,947|5573
4453,4ee9172c8b81f7a73e9b4d8c,12700,0,2,2012-05-28 02:01:00+00:00,2012-05-28 02:01:00+00:00,468|4934
4454,4eea7677aa1f7c78113828fe,12707,0,3,2012-12-08 23:55:00+00:00,2012-12-08 23:55:00+00:00,1341|1535|1561
4455,4eea7677aa1f7c78113828fe,12707,0,2,2012-12-22 03:25:00+00:00,2012-12-22 03:25:00+00:00,899|2664
4456,4eeb4c51775b1d4812e0261c,12710,0,2,2012-05-28 01:23:00+00:00,2012-05-28 01:23:00+00:00,397|1263
4457,4eeb4c51775b1d4812e0261c,12710,0,2,2012-08-12 23:51:00+00:00,2012-08-12 23:51:00+00:00,3230|6486
4458,4eec0f6d722ea77616031adc,12718,0,2,2012-04-28 04:04:00+00:00,2012-04-28 04:04:00+00:00,2034|3026
4459,4eec0f6d722ea77616031adc,12718,0,2,2012-04-29 04:57:00+00:00,2012-04-29 04:57:00+00:00,2563|4025
4460,4eefac5cb8f76a24a7b12202,12731,0,2,2012-06-09 07:56:00+00:00,2012-06-09 07:56:00+00:00,3649|5366
4461,4ef0e7cf7beb5932d5bdeb4e,12742,0,2,2012-04-17 21:03:00+00:00,2012-04-17 21:03:00+00:00,30|532
4462,4ef0e7cf7beb5932d5bdeb4e,12742,0,2,2012-05-11 13:04:00+00:00,2012-05-11 13:04:00+00:00,598|1097
4463,4ef0e7cf7beb5932d5bdeb4e,12742,0,2,2012-05-21 13:55:00+00:00,2012-05-21 13:55:00+00:00,799|5588
4464,4ef0e7cf7beb5932d5bdeb4e,12742,0,4,2012-06-07 02:50:00+00:00,2012-06-07 02:50:00+00:00,0|30|1206|5588
4465,4ef0e7cf7beb5932d5bdeb4e,12742,0,2,2012-06-07 16:35:00+00:00,2012-06-07 16:35:00+00:00,30|1173
4466,4ef0e7cf7beb5932d5bdeb4e,12742,0,2,2012-06-08 22:27:00+00:00,2012-06-08 22:27:00+00:00,30|1206
4467,4ef0e7cf7beb5932d5bdeb4e,12742,0,2,2012-07-13 19:46:00+00:00,2012-07-13 19:46:00+00:00,0|170
4468,4ef0e7cf7beb5932d5bdeb4e,12742,0,2,2012-08-14 22:46:00+00:00,2012-08-14 22:46:00+00:00,1206|5588
4469,4ef0e7cf7beb5932d5bdeb4e,12742,0,2,2012-08-16 16:06:00+00:00,2012-08-16 16:06:00+00:00,5588|6693
4470,4ef0e7cf7beb5932d5bdeb4e,12742,0,3,2012-08-16 20:39:00+00:00,2012-08-16 20:39:00+00:00,0|1206|5588
4471,4ef0e7cf7beb5932d5bdeb4e,12742,0,2,2012-09-05 23:05:00+00:00,2012-09-05 23:05:00+00:00,30|141
4472,4efcafc202d5a2b50f134294,12769,0,2,2012-05-11 21:40:00+00:00,2012-05-11 21:40:00+00:00,430|1098
4473,4efcba2377161596a8040d45,12770,0,2,2012-07-29 02:02:00+00:00,2012-07-29 02:02:00+00:00,3230|6486
4474,4efe954661af974bcce3c040,12785,0,2,2012-07-30 12:33:00+00:00,2012-07-30 12:33:00+00:00,1304|6680
4475,4effb14c0e01089c55890291,12786,0,2,2012-05-27 19:38:00+00:00,2012-05-27 19:38:00+00:00,2904|3455
4476,4f0675777716c7a958e66b3b,12815,0,2,2012-06-09 22:52:00+00:00,2012-06-09 22:52:00+00:00,515|524
4477,4f0c6d76e5e82070201d143e,12830,0,2,2012-04-10 22:36:00+00:00,2012-04-10 22:36:00+00:00,5151|5179
4478,4f0c70be0cd60c5210060eac,12831,0,3,2012-04-25 22:13:00+00:00,2012-04-25 22:13:00+00:00,31|225|1124
4479,4f10c8cce4b0456266737b23,12857,0,2,2012-07-28 21:33:00+00:00,2012-07-28 21:33:00+00:00,3113|5103
4480,4f1322f3e4b0725fed919ce7,12864,0,2,2012-04-11 23:11:00+00:00,2012-04-11 23:11:00+00:00,5067|6239
4481,4f1322f3e4b0725fed919ce7,12864,0,2,2012-10-11 23:12:00+00:00,2012-10-11 23:12:00+00:00,4029|6239
4482,4f14a4cfe4b0380205e25399,12869,0,2,2013-01-25 15:34:00+00:00,2013-01-25 15:34:00+00:00,3075|3168
4483,4f18b855e4b0bb77e5b754c4,12889,0,2,2012-04-24 17:25:00+00:00,2012-04-24 17:25:00+00:00,2206|2366
4484,4f18b855e4b0bb77e5b754c4,12889,0,2,2012-05-26 23:53:00+00:00,2012-05-26 23:53:00+00:00,2206|2366
4485,4f18f769e4b040253fdf23fe,12892,0,2,2012-10-27 06:31:00+00:00,2012-10-27 06:31:00+00:00,2563|4025
4486,4f1f3a0ee4b089ad64cd2acd,12913,0,2,2012-07-06 15:26:00+00:00,2012-07-06 15:26:00+00:00,753|6058
4487,4f28171ee4b055df281b7e17,12951,0,2,2012-05-23 22:27:00+00:00,2012-05-23 22:27:00+00:00,501|6467
4488,4f28171ee4b055df281b7e17,12951,0,2,2012-05-27 19:01:00+00:00,2012-05-27 19:01:00+00:00,907|3289
4489,4f28171ee4b055df281b7e17,12951,0,2,2012-06-08 01:04:00+00:00,2012-06-08 01:04:00+00:00,3396|3919
4490,4f2ed748e4b062ad2c7ce2db,12986,0,6,2013-02-03 23:02:00+00:00,2013-02-03 23:02:00+00:00,390|1284|1616|3035|4531|4668
4491,4f34533f754a657ca23ac8d7,13015,0,2,2012-07-03 22:25:00+00:00,2012-07-03 22:25:00+00:00,5298|5863
4492,4f36418ee4b017ad79b8e8a2,13020,0,2,2013-03-13 23:25:00+00:00,2013-03-13 23:25:00+00:00,328|1243
4493,4f370a34e4b01139d561d30f,13023,0,3,2013-02-12 15:51:00+00:00,2013-02-12 15:51:00+00:00,883|2621|3359
4494,4f3beff67beb94fcfc7b776a,13046,0,2,2012-05-25 16:51:00+00:00,2012-05-25 16:51:00+00:00,1206|5588
4495,4f3d961be4b055e9689a0888,13056,0,2,2012-04-24 03:21:00+00:00,2012-04-24 03:21:00+00:00,1611|6333
4496,4f3feedbe4b0c473579f72ac,13065,0,2,2012-04-10 11:15:00+00:00,2012-04-10 11:15:00+00:00,4655|6842
4497,4f3feedbe4b0c473579f72ac,13065,0,2,2012-06-07 11:19:00+00:00,2012-06-07 11:19:00+00:00,4655|6842
4498,4f3feedbe4b0c473579f72ac,13065,0,2,2012-07-16 11:30:00+00:00,2012-07-16 11:30:00+00:00,4655|6842
4499,4f4292f6e4b0f4a9fc949666,13073,0,2,2012-12-07 23:21:00+00:00,2012-12-07 23:21:00+00:00,1519|6693
4500,4f4292f6e4b0f4a9fc949666,13073,0,2,2013-02-02 15:02:00+00:00,2013-02-02 15:02:00+00:00,498|3212
4501,4f44415ee4b01cb12bca20b2,13081,0,2,2012-04-29 03:21:00+00:00,2012-04-29 03:21:00+00:00,1304|6680
4502,4f4a9f00e4b002a2add6af8d,13111,0,2,2012-04-15 01:51:00+00:00,2012-04-15 01:51:00+00:00,3509|5442
4503,4f4e3d5a7beb270824bf8fcc,13124,0,2,2012-05-23 23:30:00+00:00,2012-05-23 23:30:00+00:00,1747|3531
4504,4f4e3d5a7beb270824bf8fcc,13124,0,2,2012-06-09 17:29:00+00:00,2012-06-09 17:29:00+00:00,3986|4034
4505,4f4eac8fe4b0b5f5b03417c6,13126,0,2,2012-05-17 00:25:00+00:00,2012-05-17 00:25:00+00:00,814|2679
4506,4f50044ae4b03fbe28b12990,13132,0,2,2012-04-15 03:46:00+00:00,2012-04-15 03:46:00+00:00,184|3949
4507,4f50044ae4b03fbe28b12990,13132,0,2,2012-07-28 18:04:00+00:00,2012-07-28 18:04:00+00:00,1046|3113
4508,4f524ab3e4b06025e8a3977c,13151,0,2,2012-05-26 03:09:00+00:00,2012-05-26 03:09:00+00:00,1053|1344
4509,4f524ab3e4b06025e8a3977c,13151,0,2,2012-12-16 05:03:00+00:00,2012-12-16 05:03:00+00:00,1053|1344
4510,4f5303dbe4b02cf6be81de21,13159,0,2,2012-08-10 00:40:00+00:00,2012-08-10 00:40:00+00:00,152|5068
4511,4f5303dbe4b02cf6be81de21,13159,0,2,2012-10-26 02:42:00+00:00,2012-10-26 02:42:00+00:00,2751|3578
4512,4f541276e4b0754d5973e7ff,13165,0,2,2012-06-11 00:57:00+00:00,2012-06-11 00:57:00+00:00,515|524
4513,4f541276e4b0754d5973e7ff,13165,0,2,2012-06-30 23:05:00+00:00,2012-06-30 23:05:00+00:00,515|524
4514,4f5829f3e4b0ff1158ed1d8e,13183,0,2,2013-01-22 05:07:00+00:00,2013-01-22 05:07:00+00:00,3816|6715
4515,4f592f347beb6eeac76ef0fd,13186,0,2,2012-04-18 22:53:00+00:00,2012-04-18 22:53:00+00:00,332|5044
4516,4f5bcf37e4b09a78bfc29e19,13201,0,2,2012-12-04 00:36:00+00:00,2012-12-04 00:36:00+00:00,498|5165
4517,4f5e82dae4b01989c438cbb6,13211,0,2,2012-05-15 12:11:00+00:00,2012-05-15 12:11:00+00:00,225|2048
4518,4f628d17e4b0ce431b69bafc,13236,0,2,2012-11-02 01:44:00+00:00,2012-11-02 01:44:00+00:00,822|1936
4519,4f63c8e3e4b09b9cd92afeae,13244,0,2,2013-01-13 02:22:00+00:00,2013-01-13 02:22:00+00:00,2048|3292
4520,4f64c9d7e4b0c65cc49a0711,13248,0,2,2012-11-29 00:37:00+00:00,2012-11-29 00:37:00+00:00,799|2704
4521,4f65a99ae4b0aa8f682fe2d9,13249,0,2,2013-03-17 10:58:00+00:00,2013-03-17 10:58:00+00:00,3721|5606
4522,4f678caae4b062549dee1e78,13258,0,2,2012-05-18 22:10:00+00:00,2012-05-18 22:10:00+00:00,4995|6522
4523,4f67a6807bebe5a4f5598f1a,13259,0,2,2012-04-22 19:38:00+00:00,2012-04-22 19:38:00+00:00,4934|5871
4524,4f6b96b7e4b082bd4bc80ca3,13285,0,2,2012-08-12 17:28:00+00:00,2012-08-12 17:28:00+00:00,806|2587
4525,4f6e7132e4b0f577d2e8f92a,13297,0,2,2012-04-28 20:57:00+00:00,2012-04-28 20:57:00+00:00,1692|3797
4526,4f74fe25e4b068bbad0cce7b,13320,0,2,2012-06-10 01:02:00+00:00,2012-06-10 01:02:00+00:00,524|3956
4527,4f74fe25e4b068bbad0cce7b,13320,0,3,2012-06-16 22:23:00+00:00,2012-06-16 22:23:00+00:00,282|394|3735
4528,4f74fe25e4b068bbad0cce7b,13320,0,2,2012-06-17 04:15:00+00:00,2012-06-17 04:15:00+00:00,341|394
4529,4f74fe25e4b068bbad0cce7b,13320,0,3,2012-07-01 03:11:00+00:00,2012-07-01 03:11:00+00:00,515|524|6267
4530,4f74fe25e4b068bbad0cce7b,13320,0,2,2012-07-07 21:52:00+00:00,2012-07-07 21:52:00+00:00,1611|6333
4531,4f74fe25e4b068bbad0cce7b,13320,0,2,2012-07-13 02:37:00+00:00,2012-07-13 02:37:00+00:00,2225|4324
4532,4f74fe25e4b068bbad0cce7b,13320,0,2,2012-12-08 03:15:00+00:00,2012-12-08 03:15:00+00:00,3956|4324
4533,4f78ea47e4b087957c12b2cb,13333,0,2,2012-04-28 15:03:00+00:00,2012-04-28 15:03:00+00:00,1037|1648
4534,4f78ea47e4b087957c12b2cb,13333,0,2,2012-05-10 23:32:00+00:00,2012-05-10 23:32:00+00:00,1037|1648
4535,4f78ea47e4b087957c12b2cb,13333,0,2,2012-05-16 00:33:00+00:00,2012-05-16 00:33:00+00:00,1037|1648
4536,4f78ea47e4b087957c12b2cb,13333,0,2,2012-06-03 20:47:00+00:00,2012-06-03 20:47:00+00:00,1037|1648
4537,4f7eff09e4b02164d9a1a52c,13355,0,2,2012-04-27 16:16:00+00:00,2012-04-27 16:16:00+00:00,5298|5863
4538,4f80a967e4b01e69d730a7c2,13364,0,2,2012-04-22 20:27:00+00:00,2012-04-22 20:27:00+00:00,5313|5813
4539,4f80a967e4b01e69d730a7c2,13364,0,2,2012-05-24 01:59:00+00:00,2012-05-24 01:59:00+00:00,5313|5813
4540,4f80a967e4b01e69d730a7c2,13364,0,2,2012-05-25 16:49:00+00:00,2012-05-25 16:49:00+00:00,5313|5813
4541,4f810bb0e4b0bf6cca148676,13368,0,2,2012-04-21 01:51:00+00:00,2012-04-21 01:51:00+00:00,2952|6153
4542,4f850ac4e4b0ab310a66bbf6,13380,0,2,2012-04-13 01:24:00+00:00,2012-04-13 01:24:00+00:00,2720|3227
4543,4f850ac4e4b0ab310a66bbf6,13380,0,2,2012-05-12 04:09:00+00:00,2012-05-12 04:09:00+00:00,2720|3755
4544,4f85d0efe4b0cd08a4f6590a,13381,0,2,2012-04-13 20:47:00+00:00,2012-04-13 20:47:00+00:00,1725|2701
4545,4f85d0efe4b0cd08a4f6590a,13381,0,2,2012-04-14 13:01:00+00:00,2012-04-14 13:01:00+00:00,1725|4426
4546,4f85d0efe4b0cd08a4f6590a,13381,0,4,2012-04-14 15:02:00+00:00,2012-04-14 15:02:00+00:00,48|90|301|1725
4547,4f85d0efe4b0cd08a4f6590a,13381,0,2,2012-04-14 18:47:00+00:00,2012-04-14 18:47:00+00:00,48|59
4548,4f85d0efe4b0cd08a4f6590a,13381,0,6,2012-04-15 14:45:00+00:00,2012-04-15 14:45:00+00:00,48|501|2324|3658|5110|6331
4549,4f872990e4b0ab0c1900349b,13391,0,2,2012-06-21 00:45:00+00:00,2012-06-21 00:45:00+00:00,594|1729
4550,4f885e12e4b03a0f246e1441,13397,0,2,2012-05-27 01:27:00+00:00,2012-05-27 01:27:00+00:00,5212|6805
4551,4f885e12e4b03a0f246e1441,13397,0,3,2012-07-15 17:14:00+00:00,2012-07-15 17:14:00+00:00,4029|4467|6099
4552,4f88a48be4b0e6f347cfe5b9,13403,0,2,2012-10-11 23:52:00+00:00,2012-10-11 23:52:00+00:00,1009|4839
4553,4f88a48be4b0e6f347cfe5b9,13403,0,2,2012-11-21 00:38:00+00:00,2012-11-21 00:38:00+00:00,3544|4839
4554,4f88a48be4b0e6f347cfe5b9,13403,0,2,2013-01-15 01:20:00+00:00,2013-01-15 01:20:00+00:00,3167|6099
4555,4f8b839be4b0202c082da42b,13412,0,2,2012-08-11 05:54:00+00:00,2012-08-11 05:54:00+00:00,515|524
4556,4f8bad82e4b05ae88ae6dc6a,13413,0,3,2012-04-16 13:19:00+00:00,2012-04-16 13:19:00+00:00,426|1809|2495
4557,4f8bad82e4b05ae88ae6dc6a,13413,0,2,2012-04-16 17:58:00+00:00,2012-04-16 17:58:00+00:00,2363|6500
4558,4f8c5995e4b00597a0fd48fe,13416,0,4,2012-06-21 13:19:00+00:00,2012-06-21 13:19:00+00:00,982|1389|3081|5967
4559,4f8c5995e4b00597a0fd48fe,13416,0,2,2012-07-07 13:45:00+00:00,2012-07-07 13:45:00+00:00,4656|6522
4560,4f906086e4b0c387d56ef2fa,13432,0,2,2012-06-09 18:31:00+00:00,2012-06-09 18:31:00+00:00,2731|6136
4561,4f906086e4b0c387d56ef2fa,13432,0,2,2012-12-10 19:14:00+00:00,2012-12-10 19:14:00+00:00,2731|6136
4562,4f90aedce4b01406eb3d4a91,13433,0,2,2012-05-04 02:32:00+00:00,2012-05-04 02:32:00+00:00,903|1493
4563,4f934f7ce4b0a20c2659728f,13441,0,2,2012-12-15 06:19:00+00:00,2012-12-15 06:19:00+00:00,3673|4706
4564,4f93baf21081cba0060643f0,13442,0,4,2012-04-22 16:19:00+00:00,2012-04-22 16:19:00+00:00,1762|4056|6415|6477
4565,4f93baf21081cba0060643f0,13442,0,5,2012-04-22 22:21:00+00:00,2012-04-22 22:21:00+00:00,2563|3119|4025|5237|6083
4566,4f946ba4e4b0eba9528b8d87,13444,0,2,2012-04-23 23:34:00+00:00,2012-04-23 23:34:00+00:00,429|945
4567,4f98c4b94fc6b6ae2b3920b3,13457,0,2,2012-11-24 06:23:00+00:00,2012-11-24 06:23:00+00:00,3936|5171
4568,4f9a0023e4b066b3d2dbe841,13460,0,2,2012-12-19 00:22:00+00:00,2012-12-19 00:22:00+00:00,1099|5515
4569,4f9c7bc9e4b0873b678dd0dd,13473,0,2,2012-05-09 23:12:00+00:00,2012-05-09 23:12:00+00:00,1224|4443
4570,4f9edec97b0c575dbad56237,13483,0,4,2012-05-07 14:01:00+00:00,2012-05-07 14:01:00+00:00,747|3280|6231|6819
4571,4f9edec97b0c575dbad56237,13483,0,2,2012-05-07 20:21:00+00:00,2012-05-07 20:21:00+00:00,1199|3000
4572,4f9f60fb6de4b6754251dc4b,13486,0,2,2012-08-18 22:15:00+00:00,2012-08-18 22:15:00+00:00,141|3924
4573,4fa07d7ae4b0e43340cbff57,13494,0,2,2012-05-25 19:08:00+00:00,2012-05-25 19:08:00+00:00,3045|6621
4574,4fa16401e4b0dae72e3925a3,13497,0,2,2012-08-16 23:16:00+00:00,2012-08-16 23:16:00+00:00,786|6224
4575,4fa16401e4b0dae72e3925a3,13497,0,2,2012-10-26 22:35:00+00:00,2012-10-26 22:35:00+00:00,1910|6310
4576,4fa3ca7fe4b0b487ccc604a3,13508,0,2,2012-05-04 16:00:00+00:00,2012-05-04 16:00:00+00:00,830|4552
4577,4fa3ca7fe4b0b487ccc604a3,13508,0,2,2012-05-04 22:11:00+00:00,2012-05-04 22:11:00+00:00,2009|5967
4578,4fa3ca7fe4b0b487ccc604a3,13508,0,2,2012-05-05 01:14:00+00:00,2012-05-05 01:14:00+00:00,3214|3859
4579,4fa4a231e4b09571de93b9a7,13510,0,6,2012-05-05 16:07:00+00:00,2012-05-05 16:07:00+00:00,1608|2495|3052|5757|6052|6867
4580,4fa4a231e4b09571de93b9a7,13510,0,2,2012-05-05 19:04:00+00:00,2012-05-05 19:04:00+00:00,6134|6745
4581,4fa4a231e4b09571de93b9a7,13510,0,5,2012-05-05 22:00:00+00:00,2012-05-05 22:00:00+00:00,1065|2763|2822|3164|4502
4582,4fa4a231e4b09571de93b9a7,13510,0,3,2012-05-05 22:00:00+00:00,2012-05-05 22:00:00+00:00,2356|2610|2820
4583,4fa5bc2de4b0244336f18693,13517,0,3,2012-06-17 04:06:00+00:00,2012-06-17 04:06:00+00:00,341|394|6645
4584,4fa7e983e4b01208fc71ebec,13520,0,2,2012-06-10 05:55:00+00:00,2012-06-10 05:55:00+00:00,515|524
4585,4fa7e983e4b01208fc71ebec,13520,0,2,2012-07-08 00:31:00+00:00,2012-07-08 00:31:00+00:00,1611|6333
4586,4fa89bb2e4b0bad89524b84a,13524,0,3,2012-05-25 22:05:00+00:00,2012-05-25 22:05:00+00:00,122|491|3998
4587,4fa89bb2e4b0bad89524b84a,13524,0,2,2012-07-29 03:14:00+00:00,2012-07-29 03:14:00+00:00,3230|6486
4588,4fab5090e4b0eeffb5c77119,13535,0,2,2012-10-30 19:47:00+00:00,2012-10-30 19:47:00+00:00,925|4368
4589,4fac44bae4b03525f2c3b3e0,13539,0,3,2012-05-19 04:18:00+00:00,2012-05-19 04:18:00+00:00,321|2528|4543
4590,4fae5867e4b091b462a96176,13544,0,5,2012-05-14 13:03:00+00:00,2012-05-14 13:03:00+00:00,410|556|679|2481|5333
4591,4fae5867e4b091b462a96176,13544,0,7,2012-05-14 16:04:00+00:00,2012-05-14 16:04:00+00:00,143|512|553|1224|1559|2524|2822
4592,4fae5867e4b091b462a96176,13544,0,2,2012-05-14 23:34:00+00:00,2012-05-14 23:34:00+00:00,122|530
4593,4fae5867e4b091b462a96176,13544,0,2,2012-05-15 13:19:00+00:00,2012-05-15 13:19:00+00:00,141|1559
4594,4fae5867e4b091b462a96176,13544,0,7,2012-05-15 16:26:00+00:00,2012-05-15 16:26:00+00:00,664|833|1559|4552|4884|4956|5641
4595,4fae5867e4b091b462a96176,13544,0,2,2012-05-16 12:43:00+00:00,2012-05-16 12:43:00+00:00,1369|1559
4596,4fae5867e4b091b462a96176,13544,0,3,2012-05-17 16:59:00+00:00,2012-05-17 16:59:00+00:00,160|4222|5258
4597,4fae5867e4b091b462a96176,13544,0,3,2012-05-17 19:37:00+00:00,2012-05-17 19:37:00+00:00,160|1277|1614
4598,4faef5e1e4b0e047b237877c,13548,0,2,2012-12-16 02:00:00+00:00,2012-12-16 02:00:00+00:00,114|2741
4599,4faf2643e4b0604808298cc7,13549,0,4,2012-05-13 16:05:00+00:00,2012-05-13 16:05:00+00:00,1608|3081|6415|6811
4600,4faf2643e4b0604808298cc7,13549,0,2,2012-05-13 16:05:00+00:00,2012-05-13 16:05:00+00:00,3619|6836
4601,4faf2643e4b0604808298cc7,13549,0,3,2012-05-13 19:00:00+00:00,2012-05-13 19:00:00+00:00,6052|6294|6811
4602,4fafe8c9e4b085f6b3264155,13552,0,2,2012-05-13 22:20:00+00:00,2012-05-13 22:20:00+00:00,2356|2820
4603,4fb31102e4b0791d4229688f,13567,0,2,2012-09-16 03:41:00+00:00,2012-09-16 03:41:00+00:00,1527|5217
4604,4fb31102e4b0791d4229688f,13567,0,2,2012-10-13 03:12:00+00:00,2012-10-13 03:12:00+00:00,4186|5217
4605,4fb31102e4b0791d4229688f,13567,0,2,2012-10-27 05:07:00+00:00,2012-10-27 05:07:00+00:00,2992|6518
4606,4fb5282c0cd6896958a4ea72,13574,0,3,2012-05-19 16:16:00+00:00,2012-05-19 16:16:00+00:00,3249|6509|6647
4607,4fb5282c0cd6896958a4ea72,13574,0,2,2012-05-19 19:16:00+00:00,2012-05-19 19:16:00+00:00,1697|5280
4608,4fb592dfe4b006bb8ad882a0,13579,0,2,2013-02-04 23:28:00+00:00,2013-02-04 23:28:00+00:00,2175|4713
4609,4fb62dcb4fc6cfd3cc2c1acc,13584,0,6,2012-05-19 16:18:00+00:00,2012-05-19 16:18:00+00:00,89|1192|2704|3113|4941|5623
4610,4fb62dcb4fc6cfd3cc2c1acc,13584,0,8,2012-05-19 19:08:00+00:00,2012-05-19 19:08:00+00:00,117|1263|1670|1734|2393|3513|4478|5940
4611,4fb62dcb4fc6cfd3cc2c1acc,13584,0,2,2012-05-19 22:09:00+00:00,2012-05-19 22:09:00+00:00,1225|1501
4612,4fb7a65ae4b093a90ed6345f,13586,0,3,2012-05-19 16:52:00+00:00,2012-05-19 16:52:00+00:00,30|4188|6693
4613,4fb7a65ae4b093a90ed6345f,13586,0,3,2012-05-21 16:09:00+00:00,2012-05-21 16:09:00+00:00,4188|4545|6065
4614,4fb81154e4b0e3fefad8028e,13590,0,2,2012-06-16 22:42:00+00:00,2012-06-16 22:42:00+00:00,3735|6482
4615,4fba9493e4b09d6c6ba35190,13599,0,2,2012-07-01 02:05:00+00:00,2012-07-01 02:05:00+00:00,515|524
4616,4fba9493e4b09d6c6ba35190,13599,0,2,2012-08-10 14:07:00+00:00,2012-08-10 14:07:00+00:00,515|524
4617,4fbef8bfe4b054971eee40ca,13620,0,2,2012-06-10 02:36:00+00:00,2012-06-10 02:36:00+00:00,524|3956
4618,4fbef8bfe4b054971eee40ca,13620,0,2,2012-06-16 22:25:00+00:00,2012-06-16 22:25:00+00:00,394|6482
4619,4fbef8bfe4b054971eee40ca,13620,0,2,2012-07-07 22:14:00+00:00,2012-07-07 22:14:00+00:00,1611|6333
4620,4fbef8bfe4b054971eee40ca,13620,0,2,2012-07-30 02:12:00+00:00,2012-07-30 02:12:00+00:00,3797|4683
4621,4fbef8bfe4b054971eee40ca,13620,0,2,2012-12-15 06:43:00+00:00,2012-12-15 06:43:00+00:00,939|1880
4622,4fbef8bfe4b054971eee40ca,13620,0,2,2013-01-01 03:07:00+00:00,2013-01-01 03:07:00+00:00,1839|3956
4623,4fbfe16ae4b05190680fe0b1,13626,0,3,2012-05-28 15:00:00+00:00,2012-05-28 15:00:00+00:00,980|1186|3478
4624,4fbfe16ae4b05190680fe0b1,13626,0,6,2012-05-28 16:07:00+00:00,2012-05-28 16:07:00+00:00,2011|2592|2806|3421|3904|6714
4625,4fbfe16ae4b05190680fe0b1,13626,0,3,2012-05-28 19:21:00+00:00,2012-05-28 19:21:00+00:00,123|782|4512
4626,4fbfef8ce4b07a4edce9aa58,13627,0,2,2012-05-25 23:03:00+00:00,2012-05-25 23:03:00+00:00,1197|3912
4627,4fc171efe4b0d3da590afe67,13634,0,2,2012-06-10 01:12:00+00:00,2012-06-10 01:12:00+00:00,515|3956
4628,4fc2c103c2eec100c22c7d32,13638,0,2,2012-05-28 00:10:00+00:00,2012-05-28 00:10:00+00:00,1599|3077
4629,4fc2c103c2eec100c22c7d32,13638,0,2,2012-06-03 02:14:00+00:00,2012-06-03 02:14:00+00:00,3077|6363
4630,4fc4dd3fe4b087a3e309f4be,13642,0,2,2012-10-08 17:21:00+00:00,2012-10-08 17:21:00+00:00,963|6467
4631,4fc87a31e4b053dd735a0869,13649,0,7,2012-06-06 16:03:00+00:00,2012-06-06 16:03:00+00:00,66|356|1506|1759|2846|3910|4228
4632,4fc87a31e4b053dd735a0869,13649,0,6,2012-06-07 16:01:00+00:00,2012-06-07 16:01:00+00:00,627|1759|2259|2846|3910|4545
4633,4fc87a31e4b053dd735a0869,13649,0,3,2012-06-07 19:03:00+00:00,2012-06-07 19:03:00+00:00,824|2846|4179
4634,4fc8cc3de4b053dd738552e5,13650,0,6,2012-06-02 21:32:00+00:00,2012-06-02 21:32:00+00:00,48|501|817|907|1833|4839
4635,4fc8cc3de4b053dd738552e5,13650,0,5,2012-06-02 23:02:00+00:00,2012-06-02 23:02:00+00:00,529|623|3509|3640|5442
4636,4fc8cc3de4b053dd738552e5,13650,0,2,2012-06-03 20:13:00+00:00,2012-06-03 20:13:00+00:00,194|2312
4637,4fc8cc3de4b053dd738552e5,13650,0,3,2012-06-03 23:43:00+00:00,2012-06-03 23:43:00+00:00,4023|4467|5714
4638,4fccf8d8e4b06c8db46f8cb2,13672,0,2,2012-06-05 12:20:00+00:00,2012-06-05 12:20:00+00:00,454|764
4639,4fccf8d8e4b06c8db46f8cb2,13672,0,2,2012-06-05 13:29:00+00:00,2012-06-05 13:29:00+00:00,414|561
4640,4fccf8d8e4b06c8db46f8cb2,13672,0,2,2012-06-06 14:16:00+00:00,2012-06-06 14:16:00+00:00,401|414
4641,4fccf8d8e4b06c8db46f8cb2,13672,0,2,2012-06-07 12:02:00+00:00,2012-06-07 12:02:00+00:00,454|1801
4642,4fccf8d8e4b06c8db46f8cb2,13672,0,4,2012-06-07 13:19:00+00:00,2012-06-07 13:19:00+00:00,561|664|4911|5537
4643,4fccf8d8e4b06c8db46f8cb2,13672,0,2,2012-06-07 18:09:00+00:00,2012-06-07 18:09:00+00:00,226|5641
4644,4fccfed41081ba9a64ce9613,13673,0,2,2013-07-14 14:54:00+00:00,2013-07-14 14:54:00+00:00,2874|5577
4645,4fcfbaa0e4b0e4dad0082ba9,13684,0,2,2012-06-09 22:45:00+00:00,2012-06-09 22:45:00+00:00,524|3956
4646,4fcfbaa0e4b0e4dad0082ba9,13684,0,2,2012-11-18 00:17:00+00:00,2012-11-18 00:17:00+00:00,515|3956
4647,4fd16cd7e4b00874270b18fc,13692,0,3,2012-06-09 00:07:00+00:00,2012-06-09 00:07:00+00:00,311|529|6806
4648,4fd16cd7e4b00874270b18fc,13692,0,2,2012-06-09 17:32:00+00:00,2012-06-09 17:32:00+00:00,311|864
4649,4fd16cd7e4b00874270b18fc,13692,0,3,2012-06-09 20:05:00+00:00,2012-06-09 20:05:00+00:00,404|3900|5036
4650,4fd16cd7e4b00874270b18fc,13692,0,2,2012-06-09 23:33:00+00:00,2012-06-09 23:33:00+00:00,1754|2999
4651,4fd16cd7e4b00874270b18fc,13692,0,2,2012-06-10 17:58:00+00:00,2012-06-10 17:58:00+00:00,299|6597
4652,4fd19a95e4b01f78fabe9732,13693,0,2,2012-06-10 01:31:00+00:00,2012-06-10 01:31:00+00:00,2786|4148
4653,4fd19a95e4b01f78fabe9732,13693,0,2,2012-06-10 17:40:00+00:00,2012-06-10 17:40:00+00:00,1120|4062
4654,4fd2253ae4b0e8273db97e1b,13694,0,2,2012-06-08 23:25:00+00:00,2012-06-08 23:25:00+00:00,856|4482
4655,4fd2253ae4b0e8273db97e1b,13694,0,2,2012-06-10 00:01:00+00:00,2012-06-10 00:01:00+00:00,1083|5036
4656,4fd2253ae4b0e8273db97e1b,13694,0,2,2012-06-10 20:21:00+00:00,2012-06-10 20:21:00+00:00,1083|3542
4657,4fd2931ee4b0052fbb25ca41,13698,0,4,2012-06-09 14:48:00+00:00,2012-06-09 14:48:00+00:00,528|553|1052|3903
4658,4fd2931ee4b0052fbb25ca41,13698,0,6,2012-06-09 19:15:00+00:00,2012-06-09 19:15:00+00:00,325|442|1929|2354|2822|4884
4659,4fd2931ee4b0052fbb25ca41,13698,0,5,2012-06-10 19:07:00+00:00,2012-06-10 19:07:00+00:00,1352|2354|4188|4507|4517
4660,4fd64b0d7beb9a35954f5412,13704,0,2,2012-06-12 21:09:00+00:00,2012-06-12 21:09:00+00:00,720|2701
4661,4fd757bd003937c44976c991,13705,0,2,2012-06-13 02:32:00+00:00,2012-06-13 02:32:00+00:00,1040|4605
4662,4fd9f676e4b0884c8e96f741,13711,0,2,2012-12-22 00:49:00+00:00,2012-12-22 00:49:00+00:00,758|6497
4663,4fe0a8dbe5e80efd0706f5df,13728,0,2,2012-12-06 02:34:00+00:00,2012-12-06 02:34:00+00:00,4029|6099
4664,4fe8ba0ae4b0117429d203c8,13746,0,2,2012-11-20 10:13:00+00:00,2012-11-20 10:13:00+00:00,3906|4551
4665,4fe9b1cce4b0f9672da71521,13748,0,5,2012-06-30 20:06:00+00:00,2012-06-30 20:06:00+00:00,1344|1671|1833|3509|4750
4666,4fe9eb38e4b0a53f6dca64dd,13751,0,3,2012-11-06 12:34:00+00:00,2012-11-06 12:34:00+00:00,195|1365|5103
4667,4fe9eb38e4b0a53f6dca64dd,13751,0,4,2012-11-06 14:07:00+00:00,2012-11-06 14:07:00+00:00,161|889|2581|4531
4668,4fe9eb38e4b0a53f6dca64dd,13751,0,2,2012-11-07 00:11:00+00:00,2012-11-07 00:11:00+00:00,2808|5068
4669,4feba8e329a6d5fb155068e9,13755,0,2,2012-07-11 18:34:00+00:00,2012-07-11 18:34:00+00:00,122|1124
4670,4fee0bb6e4b0d57e703e217d,13763,0,2,2012-11-18 05:24:00+00:00,2012-11-18 05:24:00+00:00,2568|4883
4671,4ff260e7e4b020c287b83193,13771,0,2,2012-07-20 22:45:00+00:00,2012-07-20 22:45:00+00:00,512|5183
4672,4ff4271ae4b0b8fda8c37cc8,13777,0,5,2012-07-04 13:12:00+00:00,2012-07-04 13:12:00+00:00,1186|2363|3478|5145|5486
4673,4ff4271ae4b0b8fda8c37cc8,13777,0,8,2012-07-04 16:09:00+00:00,2012-07-04 16:09:00+00:00,442|494|830|4478|4884|5863|6164|6825
4674,4ff4271ae4b0b8fda8c37cc8,13777,0,2,2012-07-04 22:53:00+00:00,2012-07-04 22:53:00+00:00,2892|6052
4675,4ff4c10ce4b01d081f52b0b8,13780,0,2,2012-07-04 23:16:00+00:00,2012-07-04 23:16:00+00:00,993|2866
4676,4ff630cfe4b0cc077d8c9306,13784,0,2,2012-12-13 02:01:00+00:00,2012-12-13 02:01:00+00:00,883|4142
4677,4ff6f28fe4b0734a7a86b14c,13786,0,2,2012-08-20 00:30:00+00:00,2012-08-20 00:30:00+00:00,2048|3292
4678,4ff831c1e4b0e8d00df01a37,13791,0,3,2012-07-07 21:56:00+00:00,2012-07-07 21:56:00+00:00,3939|4662|6085
4679,4ff831c1e4b0e8d00df01a37,13791,0,3,2012-07-07 23:45:00+00:00,2012-07-07 23:45:00+00:00,4023|5003|5442
4680,4ff831c1e4b0e8d00df01a37,13791,0,2,2012-07-08 17:39:00+00:00,2012-07-08 17:39:00+00:00,963|6099
4681,4ff831c1e4b0e8d00df01a37,13791,0,3,2012-07-08 21:48:00+00:00,2012-07-08 21:48:00+00:00,3280|3640|4839
4682,4ff831c1e4b0e8d00df01a37,13791,0,6,2012-07-08 23:10:00+00:00,2012-07-08 23:10:00+00:00,48|800|1439|3186|3509|5442
4683,4ff8b332e4b02089192b07d2,13795,0,2,2012-12-15 21:37:00+00:00,2012-12-15 21:37:00+00:00,5843|6646
4684,4ff9e53fe4b0734a7bd189e6,13796,0,2,2012-11-29 01:28:00+00:00,2012-11-29 01:28:00+00:00,6223|6644
4685,4fff0f8de4b00c7849c31f6c,13807,0,6,2012-07-13 21:13:00+00:00,2012-07-13 21:13:00+00:00,503|720|942|2383|5003|6208
4686,4fff0f8de4b00c7849c31f6c,13807,0,2,2012-07-14 00:27:00+00:00,2012-07-14 00:27:00+00:00,2027|6100
4687,4fff0f8de4b00c7849c31f6c,13807,0,4,2012-07-15 20:49:00+00:00,2012-07-15 20:49:00+00:00,503|2027|4308|6512
4688,4fff0f8de4b00c7849c31f6c,13807,0,2,2012-07-15 23:19:00+00:00,2012-07-15 23:19:00+00:00,4467|6208
4689,50002274e4b0deb8db4eea3b,13808,0,2,2012-08-16 22:18:00+00:00,2012-08-16 22:18:00+00:00,3134|5151
4690,5000a113e4b0a74a51fc270d,13809,0,2,2012-07-15 18:31:00+00:00,2012-07-15 18:31:00+00:00,1611|6333
4691,50039f42e4b04575feab6586,13810,0,2,2012-07-29 04:00:00+00:00,2012-07-29 04:00:00+00:00,1611|6333
4692,500470e68302e49d1a79f80a,13812,0,2,2012-11-25 00:36:00+00:00,2012-11-25 00:36:00+00:00,3986|4034
4693,50071752e4b0921582576f29,13819,0,6,2012-07-18 20:11:00+00:00,2012-07-18 20:11:00+00:00,512|797|1365|2822|3290|5863
4694,50071752e4b0921582576f29,13819,0,2,2012-07-18 23:31:00+00:00,2012-07-18 23:31:00+00:00,370|6237
4695,500b09ade4b067574e8d97e8,13827,0,2,2012-10-23 04:19:00+00:00,2012-10-23 04:19:00+00:00,1329|2541
4696,500b7b29e4b004b2331e517b,13829,0,2,2012-12-05 23:14:00+00:00,2012-12-05 23:14:00+00:00,963|6099
4697,500b7b29e4b004b2331e517b,13829,0,2,2012-12-13 01:54:00+00:00,2012-12-13 01:54:00+00:00,3544|6099
4698,500dfb33c6408977087b19a8,13837,0,3,2012-08-19 00:19:00+00:00,2012-08-19 00:19:00+00:00,1304|2408|6680
4699,500dfb33c6408977087b19a8,13837,0,2,2012-08-19 01:36:00+00:00,2012-08-19 01:36:00+00:00,580|1202
4700,50104222e4b0c0d1a930332c,13840,0,2,2013-02-02 14:20:00+00:00,2013-02-02 14:20:00+00:00,3654|3892
4701,5013d00ae4b0c7c30cf6f6ae,13845,0,2,2012-07-28 23:09:00+00:00,2012-07-28 23:09:00+00:00,720|5003
4702,5015470ee4b0b186e53c7d02,13847,0,4,2012-08-05 17:16:00+00:00,2012-08-05 17:16:00+00:00,311|856|2189|6099
4703,5015470ee4b0b186e53c7d02,13847,0,5,2012-08-05 20:18:00+00:00,2012-08-05 20:18:00+00:00,1325|2168|2687|3280|5063
4704,50248d0be4b0680fb4b2dcf2,13877,0,2,2012-08-10 04:26:00+00:00,2012-08-10 04:26:00+00:00,6078|6418
4705,50248d0be4b0680fb4b2dcf2,13877,0,2,2012-09-15 01:24:00+00:00,2012-09-15 01:24:00+00:00,6078|6744
4706,50248d0be4b0680fb4b2dcf2,13877,0,2,2012-12-08 03:47:00+00:00,2012-12-08 03:47:00+00:00,6078|6418
4707,50266cf5e4b05db3ae784926,13880,0,2,2012-08-11 20:30:00+00:00,2012-08-11 20:30:00+00:00,562|3685
4708,50266cf5e4b05db3ae784926,13880,0,2,2012-08-12 01:26:00+00:00,2012-08-12 01:26:00+00:00,4308|5892
4709,50266cf5e4b05db3ae784926,13880,0,2,2012-08-12 02:17:00+00:00,2012-08-12 02:17:00+00:00,2111|4738
4710,50266cf5e4b05db3ae784926,13880,0,3,2012-08-12 20:19:00+00:00,2012-08-12 20:19:00+00:00,1878|3460|3766
4711,50266cf5e4b05db3ae784926,13880,0,2,2012-08-13 00:13:00+00:00,2012-08-13 00:13:00+00:00,200|6439
4712,502b2480e4b057455a68c3c6,13893,0,2,2012-07-01 04:32:00+00:00,2012-07-01 04:32:00+00:00,515|524
4713,502ddf4ce4b06d3d074ac45a,13899,0,3,2012-08-18 15:15:00+00:00,2012-08-18 15:15:00+00:00,4796|5528|5961
4714,502ddf4ce4b06d3d074ac45a,13899,0,2,2012-08-19 18:42:00+00:00,2012-08-19 18:42:00+00:00,2598|4839
4715,5031780ae4b083621677a9a2,13902,0,2,2012-11-22 08:31:00+00:00,2012-11-22 08:31:00+00:00,4878|6451
4716,5031780ae4b083621677a9a2,13902,0,2,2012-12-04 05:06:00+00:00,2012-12-04 05:06:00+00:00,4878|6451
4717,5031780ae4b083621677a9a2,13902,0,2,2013-01-27 09:42:00+00:00,2013-01-27 09:42:00+00:00,4878|6451
4718,5031780ae4b083621677a9a2,13902,0,2,2013-03-06 05:51:00+00:00,2013-03-06 05:51:00+00:00,4878|6451
4719,5031780ae4b083621677a9a2,13902,0,2,2013-03-08 04:34:00+00:00,2013-03-08 04:34:00+00:00,4878|6451
4720,5031780ae4b083621677a9a2,13902,0,2,2013-03-29 15:22:00+00:00,2013-03-29 15:22:00+00:00,4878|6451
4721,5031c164e4b003c0edb22bf3,13904,0,2,2012-12-10 00:51:00+00:00,2012-12-10 00:51:00+00:00,4557|6552
4722,50326e05e4b0836216e3eb59,13907,0,2,2012-12-16 02:41:00+00:00,2012-12-16 02:41:00+00:00,2506|6327
4723,503657dfe4b0dc8dfb22edbd,13915,0,2,2012-11-23 21:08:00+00:00,2012-11-23 21:08:00+00:00,3986|4034
4724,50496dfde4b01872efe1307c,13950,0,2,2012-11-01 02:07:00+00:00,2012-11-01 02:07:00+00:00,592|824
4725,504eac86e4b0a47b11fbec4e,13961,0,2,2012-12-30 01:36:00+00:00,2012-12-30 01:36:00+00:00,6078|6744
4726,5052501fc84cc1530935958c,13967,0,2,2012-12-11 06:03:00+00:00,2012-12-11 06:03:00+00:00,3890|6170
4727,5052501fc84cc1530935958c,13967,0,2,2012-12-13 00:32:00+00:00,2012-12-13 00:32:00+00:00,3890|6170
4728,505268d4e4b0fea8dd0134bf,13969,0,4,2012-09-15 18:10:00+00:00,2012-09-15 18:10:00+00:00,1182|1439|2999|6439
4729,505b3f57e4b0c1e23aa7cd5e,13983,0,2,2012-12-01 05:39:00+00:00,2012-12-01 05:39:00+00:00,666|2797
4730,505b7dd364a4335f31352e8c,13985,0,2,2013-02-07 17:19:00+00:00,2013-02-07 17:19:00+00:00,1051|3874
4731,506358a1011c0080ac4290c6,14002,0,2,2012-11-20 00:03:00+00:00,2012-11-20 00:03:00+00:00,3712|4844
4732,5065e558011c9fb87575b212,14013,0,2,2013-02-06 23:10:00+00:00,2013-02-06 23:10:00+00:00,3224|5722
4733,5065e558011c9fb87575b212,14013,0,2,2013-04-18 11:11:00+00:00,2013-04-18 11:11:00+00:00,321|1738
4734,5068e183498ef43ce72bc50a,14022,0,3,2012-11-29 01:10:00+00:00,2012-11-29 01:10:00+00:00,1485|3544|6450
4735,5069b779e4b033d35919d26c,14025,0,2,2013-01-11 18:02:00+00:00,2013-01-11 18:02:00+00:00,200|2859
4736,506f10cfe4b0eefb57f889b3,14034,0,2,2012-10-13 02:43:00+00:00,2012-10-13 02:43:00+00:00,3544|6099
4737,506f10cfe4b0eefb57f889b3,14034,0,2,2012-11-25 18:30:00+00:00,2012-11-25 18:30:00+00:00,3544|6099
4738,506f10cfe4b0eefb57f889b3,14034,0,2,2012-11-29 00:17:00+00:00,2012-11-29 00:17:00+00:00,4029|6591
4739,5076ef5be4b0bc04b99b965f,14047,0,2,2012-10-11 23:16:00+00:00,2012-10-11 23:16:00+00:00,2808|3256
4740,5076ef5be4b0bc04b99b965f,14047,0,3,2012-10-12 13:19:00+00:00,2012-10-12 13:19:00+00:00,3141|4912|6331
4741,5076ef5be4b0bc04b99b965f,14047,0,2,2012-10-12 17:20:00+00:00,2012-10-12 17:20:00+00:00,63|651
4742,5076ef5be4b0bc04b99b965f,14047,0,3,2012-10-12 20:05:00+00:00,2012-10-12 20:05:00+00:00,2382|2606|5421
4743,5076ef5be4b0bc04b99b965f,14047,0,4,2012-10-13 13:06:00+00:00,2012-10-13 13:06:00+00:00,1007|2606|4606|6331
4744,507ffbf1e4b0e454e2973621,14068,0,2,2012-10-25 19:56:00+00:00,2012-10-25 19:56:00+00:00,302|1582
4745,508af9ccf13627e878935855,14081,0,2,2012-10-28 14:51:00+00:00,2012-10-28 14:51:00+00:00,225|5143
4746,508af9ccf13627e878935855,14081,0,6,2012-10-28 16:18:00+00:00,2012-10-28 16:18:00+00:00,225|1186|1286|5385|5994|6164
4747,508af9ccf13627e878935855,14081,0,7,2012-10-29 10:51:00+00:00,2012-10-29 10:51:00+00:00,657|1598|1685|2894|3270|3991|6743
4748,508af9ccf13627e878935855,14081,0,3,2012-10-30 16:10:00+00:00,2012-10-30 16:10:00+00:00,3478|5994|6714
4749,508af9ccf13627e878935855,14081,0,2,2012-10-31 05:00:00+00:00,2012-10-31 05:00:00+00:00,2495|4512
4750,508ee171e4b0857f7ec993f8,14091,0,2,2012-12-07 05:16:00+00:00,2012-12-07 05:16:00+00:00,1109|1110
4751,508f408be4b031cde122e232,14093,0,3,2012-11-01 01:43:00+00:00,2012-11-01 01:43:00+00:00,1202|1652|6680
4752,508f408be4b031cde122e232,14093,0,5,2012-11-01 04:12:00+00:00,2012-11-01 04:12:00+00:00,465|577|824|5801|6523
4753,5090bc9be4b063c640ba5333,14096,0,4,2012-10-31 23:08:00+00:00,2012-10-31 23:08:00+00:00,1192|1685|2808|6574
4754,5090bc9be4b063c640ba5333,14096,0,7,2012-11-01 01:06:00+00:00,2012-11-01 01:06:00+00:00,152|561|1762|2690|3141|3757|5405
4755,5090bc9be4b063c640ba5333,14096,0,3,2012-11-01 04:27:00+00:00,2012-11-01 04:27:00+00:00,2299|2704|6083
4756,509817afc84c2e276bc2cd1f,14108,0,8,2012-11-06 11:10:00+00:00,2012-11-06 11:10:00+00:00,889|1796|2611|3935|4025|4553|6269|6633
4757,509817afc84c2e276bc2cd1f,14108,0,4,2012-11-06 14:29:00+00:00,2012-11-06 14:29:00+00:00,673|2015|3836|5721
4758,509817afc84c2e276bc2cd1f,14108,0,2,2012-11-06 20:17:00+00:00,2012-11-06 20:17:00+00:00,982|4478
4759,50988e54e4b0fd23874c1700,14110,0,4,2012-11-07 06:36:00+00:00,2012-11-07 06:36:00+00:00,496|3836|4531|5090
4760,50988e54e4b0fd23874c1700,14110,0,2,2012-11-07 08:21:00+00:00,2012-11-07 08:21:00+00:00,666|797
4761,50988e54e4b0fd23874c1700,14110,0,3,2012-11-07 14:11:00+00:00,2012-11-07 14:11:00+00:00,3545|4832|4956
4762,509aaca2fe70fdaaea894fd3,14116,0,2,2012-12-01 21:45:00+00:00,2012-12-01 21:45:00+00:00,2382|3663
4763,509d636d5d2463e871548042,14125,0,2,2012-05-04 22:27:00+00:00,2012-05-04 22:27:00+00:00,2465|6310
4764,50a38eb1e4b0446626f77c82,14135,0,2,2013-04-17 02:39:00+00:00,2013-04-17 02:39:00+00:00,2915|3770
4765,50a406a9e4b0f1fe651c18e0,14137,0,2,2012-11-16 03:34:00+00:00,2012-11-16 03:34:00+00:00,2208|6180
4766,50a406a9e4b0f1fe651c18e0,14137,0,2,2012-11-16 18:00:00+00:00,2012-11-16 18:00:00+00:00,2986|6852
4767,50a406a9e4b0f1fe651c18e0,14137,0,2,2012-11-17 01:14:00+00:00,2012-11-17 01:14:00+00:00,2986|6852
4768,50a406a9e4b0f1fe651c18e0,14137,0,2,2012-11-17 06:41:00+00:00,2012-11-17 06:41:00+00:00,391|2986
4769,50a406a9e4b0f1fe651c18e0,14137,0,2,2012-11-17 18:28:00+00:00,2012-11-17 18:28:00+00:00,3329|6852
4770,50abeb91e4b04d7b173c0466,14150,0,7,2012-11-22 14:24:00+00:00,2012-11-22 14:24:00+00:00,225|2043|2808|2929|4969|6574|6691
4771,50abeb91e4b04d7b173c0466,14150,0,4,2012-11-22 20:39:00+00:00,2012-11-22 20:39:00+00:00,426|2382|3478|5385
4772,50abeb91e4b04d7b173c0466,14150,0,7,2012-11-22 23:08:00+00:00,2012-11-22 23:08:00+00:00,899|1224|2015|3411|4547|6083|6714
4773,50abeb91e4b04d7b173c0466,14150,0,3,2012-11-23 02:00:00+00:00,2012-11-23 02:00:00+00:00,2299|4668|6566
4774,50acf9eae4b0030b0840f380,14153,0,2,2012-12-02 02:22:00+00:00,2012-12-02 02:22:00+00:00,2320|5522
4775,50acf9eae4b0030b0840f380,14153,0,2,2012-12-02 18:25:00+00:00,2012-12-02 18:25:00+00:00,97|618
4776,50acf9eae4b0030b0840f380,14153,0,2,2012-12-03 22:13:00+00:00,2012-12-03 22:13:00+00:00,1007|2189
4777,50bd21b4e4b00ddbb4521e59,14192,0,2,2013-03-24 21:18:00+00:00,2013-03-24 21:18:00+00:00,2165|6596
4778,50c7104fe4b0860fb5620c72,14205,0,3,2012-12-13 02:23:00+00:00,2012-12-13 02:23:00+00:00,1338|2819|3710
4779,50c811dbe4b0d585092b704f,14208,0,3,2012-12-12 23:09:00+00:00,2012-12-12 23:09:00+00:00,467|4512|5165
4780,50c811dbe4b0d585092b704f,14208,0,2,2012-12-13 02:22:00+00:00,2012-12-13 02:22:00+00:00,4025|6566
4781,50c811dbe4b0d585092b704f,14208,0,2,2012-12-13 05:14:00+00:00,2012-12-13 05:14:00+00:00,1512|2914
4782,50c85b8de4b090305763bf7e,14210,0,2,2012-12-21 13:05:00+00:00,2012-12-21 13:05:00+00:00,1368|4368
4783,50c85b8de4b090305763bf7e,14210,0,4,2012-12-21 14:11:00+00:00,2012-12-21 14:11:00+00:00,1365|1892|2808|4496
4784,50c85b8de4b090305763bf7e,14210,0,2,2012-12-21 17:25:00+00:00,2012-12-21 17:25:00+00:00,3847|4518
4785,50c85b8de4b090305763bf7e,14210,0,2,2012-12-21 20:26:00+00:00,2012-12-21 20:26:00+00:00,0|3397
4786,50c85b8de4b090305763bf7e,14210,0,2,2012-12-22 05:00:00+00:00,2012-12-22 05:00:00+00:00,1307|6873
4787,50d0f028e4b05e5dd594c700,14220,0,2,2013-01-25 21:08:00+00:00,2013-01-25 21:08:00+00:00,931|1439
4788,50dff1a7e4b0a36649c8402e,14236,0,4,2012-12-31 20:20:00+00:00,2012-12-31 20:20:00+00:00,1145|1227|2299|3075
4789,50dff1a7e4b0a36649c8402e,14236,0,7,2013-01-01 02:19:00+00:00,2013-01-01 02:19:00+00:00,92|527|791|4531|5205|5463|5728
4790,50dff1a7e4b0a36649c8402e,14236,0,7,2013-01-01 05:15:00+00:00,2013-01-01 05:15:00+00:00,433|564|1040|2554|3134|4512|5237
4791,50e24527e4b0748c864c538b,14238,0,3,2013-01-01 05:39:00+00:00,2013-01-01 05:39:00+00:00,1286|5385|5463
4792,50e24527e4b0748c864c538b,14238,0,2,2013-01-01 15:01:00+00:00,2013-01-01 15:01:00+00:00,2815|6574
4793,50e24527e4b0748c864c538b,14238,0,2,2013-01-01 20:58:00+00:00,2013-01-01 20:58:00+00:00,1186|2983
4794,50e24527e4b0748c864c538b,14238,0,2,2013-01-01 20:58:00+00:00,2013-01-01 20:58:00+00:00,4381|5974
4795,510c9f9de4b0ec5cc005fc87,14279,0,5,2013-02-02 15:03:00+00:00,2013-02-02 15:03:00+00:00,494|1641|2808|3397|4512
4796,51140198e4b0874a568cde81,14291,0,2,2012-12-21 12:00:00+00:00,2012-12-21 12:00:00+00:00,196|4629
4797,51140198e4b0874a568cde81,14291,0,2,2012-12-29 23:59:00+00:00,2012-12-29 23:59:00+00:00,494|1186
4798,5130cfd2e4b0b7da5001c9ea,14315,0,2,2013-03-07 06:41:00+00:00,2013-03-07 06:41:00+00:00,241|3589
4799,5130cfd2e4b0b7da5001c9ea,14315,0,2,2013-04-06 02:25:00+00:00,2013-04-06 02:25:00+00:00,241|3589
4800,5130cfd2e4b0b7da5001c9ea,14315,0,2,2013-04-13 01:38:00+00:00,2013-04-13 01:38:00+00:00,241|3589
4801,51545244e4b0186b4222a28b,14336,0,2,2013-03-31 20:52:00+00:00,2013-03-31 20:52:00+00:00,855|5145
4802,51572606e4b094032285a33c,14337,0,2,2013-04-07 20:16:00+00:00,2013-04-07 20:16:00+00:00,4033|6373
4803,51ed6716498ed51c50978c4d,14392,0,2,2013-08-02 22:28:00+00:00,2013-08-02 22:28:00+00:00,921|1781
