u1,u2,n_groups,n_venues,weight_idf
1327,1453,36,16,23.49161
957,1391,12,1,10.922871
1226,1279,15,2,10.36995
1099,1610,17,9,9.613082
736,737,18,12,8.633175
1277,1570,22,20,8.179712
1446,1611,10,5,7.343426
65,257,13,2,7.016257
151,448,18,15,6.855538
227,492,17,1,6.000254
950,1340,16,11,5.534
566,608,8,7,5.464724
650,1043,14,13,4.943882
203,1335,22,1,4.727157
441,1321,8,6,4.666783
300,633,9,1,4.625085
627,655,7,1,4.349345
492,1338,12,1,4.235473
846,1585,10,9,3.881547
20,760,5,2,3.692514
701,1465,4,1,3.640957
241,1277,11,1,3.203273
1263,1317,8,8,3.184417
966,1081,5,1,3.106675
711,782,8,7,3.08051
1372,1386,7,5,2.928681
628,1547,9,7,2.91344
1251,1613,7,7,2.895732
689,1101,4,1,2.88539
1432,1520,9,9,2.826737
533,867,6,6,2.740749
745,887,11,1,2.67583
1074,1336,6,5,2.65221
1256,1656,9,7,2.617609
606,727,6,5,2.598629
789,843,5,2,2.555957
1336,1523,5,5,2.537018
492,1121,7,1,2.470693
227,1338,7,1,2.470693
66,186,5,1,2.404492
203,214,14,1,2.385294
470,509,6,5,2.357975
39,65,4,1,2.232443
97,1206,7,7,2.221894
1074,1523,4,4,2.20321
544,745,9,1,2.189316
492,627,6,1,2.117737
932,1317,5,5,2.11577
1223,1457,5,5,2.063214
636,1551,4,4,2.007385
382,395,5,4,1.975556
511,1136,5,5,1.916883
1391,1444,3,1,1.864005
216,1091,2,1,1.820478
230,382,2,1,1.820478
937,976,2,2,1.820478
464,496,2,1,1.820478
1363,1614,2,1,1.820478
312,1233,3,3,1.80817
805,1633,8,1,1.805536
685,1146,6,5,1.795589
1133,1479,4,4,1.782258
1038,1589,4,4,1.782047
714,733,4,3,1.767474
516,1589,4,4,1.739759
701,995,4,1,1.737178
1167,1251,4,4,1.735345
305,887,7,1,1.702801
544,887,7,1,1.702801
786,887,7,1,1.702801
1252,1336,5,4,1.671206
0,313,5,3,1.670674
169,198,4,4,1.641477
1341,1481,5,5,1.64096
804,1282,3,3,1.63012
807,847,4,4,1.615018
616,1088,4,4,1.580098
1353,1520,5,5,1.570986
1100,1546,4,4,1.569075
1183,1223,6,3,1.544177
1186,1562,5,4,1.542745
1202,1491,4,4,1.505688
123,1350,4,4,1.504711
113,285,3,3,1.485491
47,56,4,4,1.481203
1249,1487,4,4,1.470165
1099,1528,3,3,1.466309
305,786,6,1,1.459544
745,786,6,1,1.459544
887,972,6,1,1.459544
305,745,6,1,1.459544
942,1473,2,1,1.442695
516,1038,3,3,1.429091
942,1650,4,3,1.427976
932,1520,4,4,1.420037
492,1547,4,2,1.411824
184,1621,3,3,1.408278
1112,1252,4,2,1.401822
949,1161,4,4,1.391946
952,1008,4,3,1.390513
559,887,5,2,1.390062
1183,1353,4,4,1.368433
125,280,3,1,1.365359
231,1242,4,2,1.345824
354,383,4,2,1.325217
47,255,4,4,1.321304
354,418,3,1,1.302883
698,824,3,2,1.302883
1347,1493,3,3,1.289184
1183,1520,5,3,1.285279
183,1275,2,2,1.279458
1063,1250,3,3,1.278565
155,710,3,3,1.259508
1504,1520,5,3,1.255778
859,1171,6,1,1.248954
1171,1295,6,1,1.248954
859,1295,6,1,1.248954
313,1392,4,2,1.246229
125,777,2,1,1.24267
598,1413,2,1,1.24267
792,1413,2,1,1.24267
1088,1619,3,3,1.238798
1165,1242,3,3,1.229851
526,784,3,3,1.223726
893,1149,2,2,1.220907
305,544,5,1,1.216286
745,972,5,1,1.216286
419,558,3,1,1.207289
419,718,3,1,1.207289
558,718,3,1,1.207289
333,718,3,1,1.207289
333,558,3,1,1.207289
333,419,3,1,1.207289
1545,1562,3,3,1.203124
1353,1432,4,4,1.201717
129,788,4,1,1.187897
483,1134,2,2,1.179446
847,1242,3,3,1.143799
616,1626,3,3,1.140944
123,492,3,2,1.140207
1336,1520,4,4,1.13557
607,969,2,2,1.126002
1112,1123,3,1,1.107808
1123,1252,3,1,1.107808
1,1088,3,3,1.094929
1504,1534,3,3,1.094382
1252,1520,4,2,1.073205
1123,1336,3,2,1.072347
281,492,3,1,1.058868
544,559,3,2,1.044625
906,1295,5,1,1.040795
859,1242,5,1,1.040795
249,1242,5,1,1.040795
906,1171,5,1,1.040795
859,906,5,1,1.040795
1171,1242,5,1,1.040795
1242,1295,5,1,1.040795
286,665,4,1,1.038921
1112,1336,3,2,1.032553
119,141,2,1,1.027797
193,413,3,2,1.02708
1183,1504,4,3,1.025549
351,1608,4,2,1.023144
466,1179,3,1,1.01887
224,1179,3,1,1.01887
1317,1520,4,2,1.000342
87,1174,2,2,0.994797
1272,1461,3,2,0.979348
762,1255,3,2,0.973459
559,745,4,1,0.973029
544,972,4,1,0.973029
770,1588,4,3,0.972521
1012,1143,4,2,0.965864
1223,1520,4,2,0.961763
512,1547,3,3,0.95094
1186,1545,3,3,0.949372
1459,1545,3,3,0.93417
384,449,2,2,0.932002
613,1004,2,2,0.92738
1251,1336,3,3,0.924229
255,556,2,2,0.918875
986,1589,3,3,0.913485
762,1179,2,2,0.911067
812,1141,2,2,0.911067
903,923,3,1,0.910239
832,1471,1,1,0.910239
398,1273,3,1,0.910239
262,802,1,1,0.910239
919,1301,1,1,0.910239
398,923,3,1,0.910239
398,1159,3,1,0.910239
903,1159,3,1,0.910239
671,953,1,1,0.910239
318,321,1,1,0.910239
116,911,1,1,0.910239
1159,1273,3,1,0.910239
541,1402,1,1,0.910239
392,560,1,1,0.910239
903,1273,3,1,0.910239
1229,1232,1,1,0.910239
777,1177,1,1,0.910239
398,903,3,1,0.910239
606,1547,1,1,0.910239
209,1580,1,1,0.910239
923,1273,3,1,0.910239
38,1210,1,1,0.910239
923,1159,3,1,0.910239
1183,1534,3,2,0.905929
123,1121,2,2,0.90377
47,674,2,2,0.90377
1011,1601,4,2,0.896081
354,1209,3,1,0.890923
435,1209,3,1,0.890923
43,1209,3,1,0.890923
43,435,3,1,0.890923
43,354,3,1,0.890923
383,532,3,1,0.890923
354,435,3,1,0.890923
128,1159,2,2,0.883328
106,1234,3,1,0.882042
106,897,3,1,0.882042
186,1012,3,1,0.882042
186,660,3,1,0.882042
586,660,3,1,0.882042
897,1234,3,1,0.882042
257,1288,3,1,0.882042
1350,1547,3,2,0.877669
29,435,3,2,0.875215
56,1427,2,2,0.874572
344,1399,2,1,0.868589
1121,1350,2,2,0.866854
537,770,4,2,0.863728
794,1335,4,1,0.859483
1302,1608,3,1,0.857999
1242,1302,3,1,0.857999
1242,1608,3,1,0.857999
1223,1534,3,2,0.84996
10,1011,4,2,0.846541
77,1279,3,3,0.845867
0,1392,3,1,0.843799
1059,1502,3,1,0.843799
1223,1613,3,2,0.842144
1183,1613,3,2,0.842144
1520,1613,3,3,0.834204
1018,1528,2,1,0.834065
365,633,2,1,0.834065
726,962,2,1,0.834065
962,1018,2,1,0.834065
12,22,2,2,0.834065
233,992,2,1,0.834065
669,727,2,2,0.834043
1415,1523,3,2,0.83335
8,633,2,2,0.832827
231,906,4,1,0.832636
249,1295,4,1,0.832636
231,1171,4,1,0.832636
231,1295,4,1,0.832636
906,1242,4,1,0.832636
558,1494,4,1,0.832636
249,1171,4,1,0.832636
249,859,4,1,0.832636
844,1242,4,1,0.832636
304,1099,4,1,0.832636
1415,1580,4,1,0.832636
313,1580,4,1,0.832636
249,844,4,1,0.832636
231,859,4,1,0.832636
1121,1494,4,1,0.832636
747,1494,4,1,0.832636
558,747,4,1,0.832636
747,1121,4,1,0.832636
558,1121,4,1,0.832636
186,718,3,2,0.832579
1347,1656,2,2,0.824166
251,354,2,2,0.824166
663,669,2,2,0.820522
6,1392,3,2,0.819831
1252,1504,3,2,0.813475
1202,1520,3,2,0.810667
463,652,3,1,0.807848
501,1455,3,1,0.807848
186,978,3,1,0.807848
186,384,3,1,0.807848
417,633,3,1,0.807848
384,652,3,1,0.807848
56,501,3,1,0.807848
56,1455,3,1,0.807848
1336,1504,3,3,0.806372
669,1629,2,1,0.804859
857,1589,2,1,0.804859
857,1612,2,1,0.804859
857,1629,2,1,0.804859
1589,1629,2,1,0.804859
669,1589,2,1,0.804859
669,1612,2,1,0.804859
1612,1629,2,1,0.804859
669,857,2,1,0.804859
718,784,2,1,0.804859
558,784,2,1,0.804859
419,784,2,1,0.804859
333,784,2,1,0.804859
718,1200,2,1,0.804859
558,1200,2,1,0.804859
419,1200,2,1,0.804859
1589,1612,2,1,0.804859
333,1200,2,1,0.804859
286,1629,2,1,0.804859
338,1498,2,1,0.804859
286,1321,2,1,0.804859
1167,1613,2,2,0.804414
1183,1656,3,2,0.803565
1223,1656,3,2,0.803565
661,1024,3,2,0.796992
55,487,4,2,0.794855
227,488,2,2,0.791566
460,640,2,2,0.791566
1221,1415,2,2,0.787251
266,1245,3,1,0.783568
1245,1517,3,1,0.783568
266,1517,3,1,0.783568
998,1504,3,1,0.783568
116,1647,3,1,0.783568
1,616,2,2,0.780271
283,727,2,1,0.779742
283,765,2,1,0.779742
727,765,2,1,0.779742
490,1121,2,1,0.779742
13,413,2,1,0.779742
13,1403,2,1,0.779742
413,1403,2,1,0.779742
13,193,2,1,0.779742
53,193,2,1,0.779742
193,1403,2,1,0.779742
1252,1317,3,1,0.779191
1251,1504,3,2,0.776111
1483,1523,2,2,0.768794
1066,1650,2,1,0.757846
731,935,2,1,0.757846
578,731,2,1,0.757846
1008,1036,2,1,0.757846
537,1218,2,1,0.757846
942,1066,2,1,0.757846
353,1218,2,1,0.757846
553,1143,4,1,0.755672
656,1014,2,2,0.750841
663,727,2,2,0.750181
34,196,3,2,0.74984
1167,1202,3,3,0.748218
1256,1347,2,2,0.742827
1223,1317,3,2,0.740612
1183,1317,3,2,0.740612
1317,1504,3,2,0.740612
1395,1534,2,2,0.740548
932,1123,2,1,0.738539
932,1252,2,1,0.738539
932,1074,2,1,0.738539
609,622,2,1,0.738539
45,1461,2,1,0.738539
952,985,2,1,0.738539
162,1248,2,1,0.738539
932,1112,2,1,0.738539
7,361,2,2,0.736386
7,706,2,2,0.736386
361,706,2,2,0.736386
1336,1656,3,2,0.736317
1256,1336,3,2,0.736317
239,1389,2,2,0.734396
1253,1456,2,2,0.732058
972,1006,3,1,0.729772
559,972,3,1,0.729772
559,1006,3,1,0.729772
644,653,4,1,0.726033
717,789,1,1,0.721348
223,560,1,1,0.721348
20,1515,1,1,0.721348
81,410,1,1,0.721348
478,686,1,1,0.721348
378,1348,1,1,0.721348
732,891,2,1,0.721348
215,879,1,1,0.721348
875,1012,1,1,0.721348
1528,1610,1,1,0.721348
891,1164,2,1,0.721348
43,52,1,1,0.721348
424,891,2,1,0.721348
780,1051,1,1,0.721348
922,1331,1,1,0.721348
755,1133,1,1,0.721348
407,732,2,1,0.721348
223,512,1,1,0.721348
701,1164,1,1,0.721348
424,1164,2,1,0.721348
234,1664,1,1,0.721348
240,1468,1,1,0.721348
509,1062,1,1,0.721348
777,1602,1,1,0.721348
341,1311,1,1,0.721348
955,1236,1,1,0.721348
424,732,2,1,0.721348
960,1340,2,1,0.721348
732,1164,2,1,0.721348
219,803,1,1,0.721348
513,1181,1,1,0.721348
1174,1601,1,1,0.721348
161,1152,1,1,0.721348
130,560,2,2,0.717088
1252,1613,2,2,0.71485
0,1427,2,2,0.712731
1502,1623,2,2,0.711046
227,281,2,1,0.705912
281,1338,2,1,0.705912
227,490,2,1,0.705912
227,1121,2,1,0.705912
663,1022,2,1,0.705912
911,1206,2,2,0.704529
1123,1251,2,2,0.703078
125,913,3,2,0.702318
1223,1504,3,2,0.702033
316,1070,3,1,0.692723
316,331,3,1,0.692723
140,836,2,1,0.691953
836,838,2,1,0.691953
424,729,2,1,0.691953
160,909,3,1,0.690639
1520,1545,2,2,0.688198
1496,1636,3,2,0.685177
38,344,4,1,0.681513
553,646,4,1,0.681513
203,382,4,1,0.681513
203,955,4,1,0.681513
97,911,2,2,0.681078
240,685,2,2,0.679603
1020,1179,2,1,0.679247
224,466,2,1,0.679247
224,1020,2,1,0.679247
169,993,2,1,0.679247
993,1417,2,1,0.679247
1540,1609,2,1,0.679247
466,1609,2,1,0.679247
1179,1609,2,1,0.679247
1324,1633,3,1,0.677076
803,1093,2,2,0.676807
505,718,2,2,0.671712
133,1523,2,1,0.667616
1123,1523,2,1,0.667616
887,1378,2,2,0.66029
473,1647,2,1,0.656917
115,1647,2,1,0.656917
115,930,2,1,0.656917
115,473,2,1,0.656917
85,1647,2,1,0.656917
473,930,2,1,0.656917
85,115,2,1,0.656917
85,473,2,1,0.656917
930,1647,2,1,0.656917
85,930,2,1,0.656917
193,985,3,2,0.655414
523,660,2,2,0.654688
675,1031,2,2,0.649602
210,1088,2,1,0.647031
224,664,2,2,0.646551
615,1335,3,1,0.644612
726,903,2,2,0.644038
998,1166,2,2,0.643036
115,433,2,2,0.638173
141,689,2,1,0.637858
43,507,2,1,0.637858
972,999,2,1,0.637858
186,507,2,1,0.637858
43,186,2,1,0.637858
815,1350,2,1,0.637858
350,1371,2,1,0.637858
1031,1290,3,1,0.624477
186,761,3,1,0.624477
186,1006,3,1,0.624477
1523,1580,3,1,0.624477
761,1006,3,1,0.624477
249,318,3,1,0.624477
78,1031,3,1,0.624477
78,770,3,1,0.624477
770,1290,3,1,0.624477
1154,1547,3,1,0.624477
770,1608,3,1,0.624477
844,859,3,1,0.624477
1031,1608,3,1,0.624477
1006,1099,3,1,0.624477
1290,1608,3,1,0.624477
726,1494,3,1,0.624477
55,600,3,1,0.624477
741,1562,3,1,0.624477
55,1154,3,1,0.624477
726,1121,3,1,0.624477
844,1295,3,1,0.624477
55,1547,3,1,0.624477
313,1523,3,1,0.624477
600,1154,3,1,0.624477
600,1547,3,1,0.624477
726,747,3,1,0.624477
558,726,3,1,0.624477
287,1171,3,1,0.624477
318,1242,3,1,0.624477
304,1006,3,1,0.624477
249,906,3,1,0.624477
287,906,3,1,0.624477
287,1295,3,1,0.624477
287,859,3,1,0.624477
318,844,3,1,0.624477
943,1415,3,1,0.624477
943,1580,3,1,0.624477
270,558,3,1,0.624477
270,747,3,1,0.624477
231,287,3,1,0.624477
270,1121,3,1,0.624477
313,1415,3,1,0.624477
78,1290,3,1,0.624477
78,1608,3,1,0.624477
770,1031,3,1,0.624477
60,106,3,1,0.624477
60,1517,3,1,0.624477
106,1517,3,1,0.624477
844,1171,3,1,0.624477
270,1494,3,1,0.624477
125,587,3,1,0.624477
304,587,3,1,0.624477
587,1099,3,1,0.624477
601,965,2,2,0.623212
1000,1098,1,1,0.621335
701,1540,1,1,0.621335
211,1006,1,1,0.621335
611,1386,2,1,0.621335
243,1444,1,1,0.621335
58,804,2,1,0.621335
1055,1200,1,1,0.621335
1200,1204,1,1,0.621335
565,1296,1,1,0.621335
443,573,1,1,0.621335
1487,1494,1,1,0.621335
1334,1373,1,1,0.621335
50,408,1,1,0.621335
1283,1397,1,1,0.621335
183,271,1,1,0.621335
888,1631,1,1,0.621335
133,371,1,1,0.621335
0,1296,1,1,0.621335
488,490,1,1,0.621335
488,1002,1,1,0.621335
490,1002,1,1,0.621335
675,1082,1,1,0.621335
311,549,2,1,0.621335
454,627,1,1,0.621335
273,838,1,1,0.621335
1445,1617,1,1,0.621335
863,1178,1,1,0.621335
627,1292,1,1,0.621335
336,1136,1,1,0.621335
395,718,1,1,0.621335
449,920,2,1,0.621335
432,920,2,1,0.621335
432,449,2,1,0.621335
449,1154,2,1,0.621335
1154,1386,2,1,0.621335
1386,1474,2,1,0.621335
611,1474,2,1,0.621335
325,611,2,1,0.621335
438,1328,2,1,0.621335
20,568,1,1,0.621335
935,1228,1,1,0.621335
666,1559,1,1,0.621335
993,1043,2,2,0.618679
263,512,2,2,0.617623
119,293,2,2,0.61753
1011,1061,3,1,0.616328
359,730,2,2,0.611849
413,923,2,1,0.606826
351,1188,2,1,0.606826
727,1159,2,1,0.606826
413,903,2,1,0.606826
727,923,2,1,0.606826
727,903,2,1,0.606826
398,727,2,1,0.606826
915,1502,2,1,0.606826
727,915,2,1,0.606826
351,474,2,1,0.606826
351,1129,2,1,0.606826
474,1188,2,1,0.606826
474,1129,2,1,0.606826
474,1608,2,1,0.606826
1129,1188,2,1,0.606826
1129,1608,2,1,0.606826
1188,1608,2,1,0.606826
490,719,2,1,0.606826
490,873,2,1,0.606826
719,873,2,1,0.606826
350,490,2,1,0.606826
350,1159,2,1,0.606826
490,1159,2,1,0.606826
727,1273,2,1,0.606826
727,1502,2,1,0.606826
126,1260,2,1,0.606826
77,1230,2,1,0.606826
77,126,2,1,0.606826
1006,1166,2,1,0.606826
398,413,2,1,0.606826
413,1273,2,1,0.606826
77,1260,2,1,0.606826
126,1230,2,1,0.606826
169,605,2,1,0.606826
413,1159,2,1,0.606826
1230,1260,2,1,0.606826
169,413,2,1,0.606826
344,726,2,2,0.60595
1200,1629,2,2,0.605707
435,1088,2,2,0.604782
253,1164,2,2,0.600658
432,538,2,1,0.600203
1256,1472,2,2,0.600195
661,703,2,2,0.599206
1194,1613,2,2,0.598134
29,43,2,1,0.593948
43,383,2,1,0.593948
383,435,2,1,0.593948
29,1209,2,1,0.593948
354,532,2,1,0.593948
29,354,2,1,0.593948
787,1260,2,1,0.593948
383,1209,2,1,0.593948
532,1260,2,1,0.593948
383,1260,2,1,0.593948
1167,1353,3,1,0.591844
1167,1263,3,1,0.591844
1263,1353,3,1,0.591844
660,897,2,1,0.588028
896,923,2,1,0.588028
106,660,2,1,0.588028
57,404,2,1,0.588028
1143,1464,2,1,0.588028
718,1464,2,1,0.588028
896,1176,2,1,0.588028
586,897,2,1,0.588028
523,1234,2,1,0.588028
660,1234,2,1,0.588028
186,586,2,1,0.588028
923,1176,2,1,0.588028
186,1143,2,1,0.588028
196,1164,2,1,0.588028
660,1012,2,1,0.588028
718,1143,2,1,0.588028
106,586,2,1,0.588028
57,140,2,1,0.588028
60,763,2,1,0.588028
719,763,2,1,0.588028
319,347,2,1,0.588028
523,897,2,1,0.588028
106,523,2,1,0.588028
319,524,2,1,0.588028
586,1234,2,1,0.588028
60,719,2,1,0.588028
140,1288,2,1,0.588028
140,257,2,1,0.588028
34,1164,2,1,0.588028
630,1288,2,1,0.588028
347,524,2,1,0.588028
257,630,2,1,0.588028
705,1012,2,2,0.585983
241,839,2,1,0.582413
1534,1613,2,1,0.582413
1613,1656,2,1,0.582413
1534,1656,2,1,0.582413
553,1588,2,2,0.578789
134,329,2,2,0.575281
606,690,2,2,0.574539
198,1368,2,1,0.571999
1608,1642,2,1,0.571999
1093,1421,2,1,0.571999
998,1368,2,1,0.571999
114,268,2,1,0.571999
132,1242,2,1,0.571999
1093,1642,2,1,0.571999
1164,1308,2,1,0.571999
198,998,2,1,0.571999
1242,1642,2,1,0.571999
161,198,2,1,0.571999
1302,1642,2,1,0.571999
268,1308,2,1,0.571999
268,1164,2,1,0.571999
1368,1608,2,1,0.571999
1302,1368,2,1,0.571999
1242,1368,2,1,0.571999
132,1608,2,1,0.571999
132,1368,2,1,0.571999
1421,1642,2,1,0.571999
586,913,2,1,0.571999
132,1302,2,1,0.571999
27,822,2,2,0.571187
1024,1143,3,1,0.566754
1143,1481,3,1,0.566754
537,986,3,1,0.566754
986,1271,3,1,0.566754
553,1024,3,1,0.566754
770,1271,3,1,0.566754
770,986,3,1,0.566754
945,1271,3,1,0.566754
537,1271,3,1,0.566754
770,945,3,1,0.566754
537,945,3,1,0.566754
945,986,3,1,0.566754
290,1392,2,1,0.562533
0,290,2,1,0.562533
0,6,2,1,0.562533
284,319,2,1,0.562533
814,1068,2,2,0.561232
1219,1661,2,2,0.558271
56,255,2,2,0.558201
281,664,2,1,0.558111
199,319,2,1,0.558111
1220,1273,1,1,0.558111
39,957,1,1,0.558111
65,957,1,1,0.558111
39,1391,1,1,0.558111
763,860,1,1,0.558111
65,1391,1,1,0.558111
59,483,1,1,0.558111
890,1140,1,1,0.558111
417,1088,2,1,0.558111
945,1192,2,1,0.558111
902,1192,2,1,0.558111
902,945,2,1,0.558111
319,664,2,1,0.558111
486,1242,1,1,0.558111
1045,1446,1,1,0.558111
50,293,1,1,0.558111
281,319,2,1,0.558111
199,664,2,1,0.558111
50,316,1,1,0.558111
293,316,1,1,0.558111
199,281,2,1,0.558111
1129,1594,1,1,0.558111
178,599,1,1,0.558111
20,1630,1,1,0.558111
319,1619,1,1,0.558111
244,445,1,1,0.558111
206,348,1,1,0.558111
404,1243,1,1,0.558111
665,1043,2,1,0.558111
140,404,1,1,0.558111
60,1243,1,1,0.558111
60,404,1,1,0.558111
60,140,1,1,0.558111
865,1029,1,1,0.558111
309,601,1,1,0.558111
148,1469,1,1,0.558111
637,1022,1,1,0.558111
637,840,1,1,0.558111
1068,1340,1,1,0.558111
0,911,1,1,0.558111
625,847,1,1,0.558111
765,1169,1,1,0.558111
564,896,1,1,0.558111
847,1560,1,1,0.558111
183,405,1,1,0.558111
140,1243,1,1,0.558111
519,1178,1,1,0.558111
555,1531,1,1,0.558111
364,828,1,1,0.558111
310,913,2,2,0.555203
319,329,2,2,0.554225
1167,1520,2,2,0.550937
661,664,2,2,0.55014
293,1038,2,2,0.549207
545,788,2,2,0.547665
998,1608,2,2,0.547189
16,157,2,2,0.547139
653,1424,3,1,0.544525
653,1266,3,1,0.544525
240,628,3,1,0.544525
368,1238,2,1,0.538565
158,463,2,1,0.538565
154,417,2,1,0.538565
186,368,2,1,0.538565
633,1497,2,1,0.538565
417,1497,2,1,0.538565
1143,1392,2,1,0.538565
1497,1532,2,1,0.538565
186,1088,2,1,0.538565
1088,1238,2,1,0.538565
464,1532,2,1,0.538565
186,1238,2,1,0.538565
368,1088,2,1,0.538565
158,652,2,1,0.538565
501,505,2,1,0.538565
173,1392,2,1,0.538565
56,885,2,1,0.538565
186,652,2,1,0.538565
6,173,2,1,0.538565
133,273,2,1,0.538565
133,1011,2,1,0.538565
501,885,2,1,0.538565
505,885,2,1,0.538565
505,1455,2,1,0.538565
885,1455,2,1,0.538565
273,1011,2,1,0.538565
718,1455,2,1,0.538565
978,1455,2,1,0.538565
186,1455,2,1,0.538565
6,1143,2,1,0.538565
173,1143,2,1,0.538565
56,505,2,1,0.538565
718,978,2,1,0.538565
501,978,2,1,0.538565
501,718,2,1,0.538565
154,831,2,1,0.538565
728,1245,2,1,0.538565
154,633,2,1,0.538565
384,463,2,1,0.538565
186,501,2,1,0.538565
319,1453,2,1,0.538565
126,1464,2,1,0.538565
417,831,2,1,0.538565
56,186,2,1,0.538565
56,718,2,1,0.538565
56,978,2,1,0.538565
964,1623,2,1,0.538565
126,1623,2,1,0.538565
126,964,2,1,0.538565
384,978,2,1,0.538565
728,1464,2,1,0.538565
1427,1659,2,1,0.538565
234,319,2,1,0.538565
115,1427,2,1,0.538565
115,1659,2,1,0.538565
234,1453,2,1,0.538565
633,831,2,1,0.538565
1296,1422,2,1,0.535093
125,133,2,1,0.531745
804,1561,2,1,0.531745
730,804,2,1,0.531745
730,1561,2,1,0.531745
605,1245,2,2,0.530472
436,983,2,1,0.528515
125,266,2,1,0.522379
1154,1355,2,1,0.522379
1088,1355,2,1,0.522379
210,998,2,1,0.522379
581,1647,2,1,0.522379
605,1088,2,1,0.522379
125,1245,2,1,0.522379
1504,1647,2,1,0.522379
1608,1647,2,1,0.522379
581,998,2,1,0.522379
1088,1154,2,1,0.522379
116,581,2,1,0.522379
1245,1355,2,1,0.522379
998,1647,2,1,0.522379
116,1608,2,1,0.522379
675,1021,2,1,0.522379
913,1608,2,1,0.522379
210,1504,2,1,0.522379
210,1453,2,1,0.522379
116,1504,2,1,0.522379
998,1453,2,1,0.522379
116,998,2,1,0.522379
125,1250,2,1,0.522379
266,1355,2,1,0.522379
913,1291,2,1,0.522379
605,1355,2,1,0.522379
1355,1517,2,1,0.522379
125,1517,2,1,0.522379
581,1504,2,1,0.522379
1453,1504,2,1,0.522379
605,1154,2,1,0.522379
1223,1472,2,1,0.519461
1252,1472,2,1,0.519461
1317,1472,2,1,0.519461
1202,1317,2,1,0.519461
1223,1252,2,1,0.519461
1183,1472,2,1,0.519461
1183,1252,2,1,0.519461
1472,1520,2,1,0.519461
119,665,2,1,0.519461
1202,1252,2,1,0.519461
1202,1504,2,1,0.519461
1504,1656,2,2,0.515166
1256,1504,2,2,0.515166
1263,1656,2,2,0.515166
1256,1263,2,2,0.515166
1520,1656,2,2,0.515166
1256,1520,2,2,0.515166
409,1320,1,1,0.513898
200,883,1,1,0.513898
1194,1251,1,1,0.513898
390,983,1,1,0.513898
67,316,1,1,0.513898
186,318,1,1,0.513898
60,533,1,1,0.513898
108,1054,1,1,0.513898
521,590,1,1,0.513898
286,1616,1,1,0.513898
63,864,1,1,0.513898
1020,1054,1,1,0.513898
938,1230,1,1,0.513898
71,163,1,1,0.513898
1038,1193,1,1,0.513898
71,335,1,1,0.513898
163,335,1,1,0.513898
257,359,1,1,0.513898
189,1020,1,1,0.513898
300,878,1,1,0.513898
1135,1519,1,1,0.513898
1074,1094,1,1,0.513898
771,866,1,1,0.513898
239,1143,1,1,0.513898
649,1005,1,1,0.513898
935,1478,1,1,0.513898
141,166,1,1,0.513898
56,674,1,1,0.513898
309,1364,1,1,0.513898
674,1427,1,1,0.513898
100,108,1,1,0.513898
463,1272,1,1,0.513898
17,163,1,1,0.513898
100,1002,1,1,0.513898
47,1427,1,1,0.513898
112,1232,1,1,0.513898
932,1223,1,1,0.513898
393,892,1,1,0.513898
413,891,1,1,0.513898
71,1369,1,1,0.513898
413,610,1,1,0.513898
1183,1256,2,2,0.512358
1223,1256,2,2,0.512358
1263,1336,2,2,0.512358
214,955,3,1,0.511134
852,927,3,1,0.511134
246,1327,3,1,0.511134
1223,1263,2,2,0.504209
210,694,2,1,0.503741
179,1431,2,2,0.496166
783,1200,2,2,0.495908
1263,1504,2,2,0.488488
127,887,2,1,0.486515
544,852,2,1,0.486515
305,553,2,1,0.486515
544,786,2,1,0.486515
745,852,2,1,0.486515
887,1006,2,1,0.486515
127,745,2,1,0.486515
305,972,2,1,0.486515
745,1006,2,1,0.486515
127,972,2,1,0.486515
559,786,2,1,0.486515
544,1006,2,1,0.486515
1336,1472,2,2,0.48423
133,1143,2,2,0.484153
1233,1642,2,2,0.481618
210,1403,1,1,0.480898
1153,1568,1,1,0.480898
359,1149,1,1,0.480898
711,1305,1,1,0.480898
921,1272,1,1,0.480898
801,866,1,1,0.480898
84,775,1,1,0.480898
1248,1603,1,1,0.480898
664,1000,1,1,0.480898
186,671,1,1,0.480898
526,926,1,1,0.480898
611,663,1,1,0.480898
316,329,1,1,0.480898
762,1431,1,1,0.480898
531,1431,1,1,0.480898
625,760,1,1,0.480898
292,449,1,1,0.480898
531,762,1,1,0.480898
394,488,1,1,0.480898
18,24,1,1,0.480898
331,1288,1,1,0.480898
134,221,1,1,0.480898
864,1519,1,1,0.480898
39,331,1,1,0.480898
783,1146,1,1,0.480898
1134,1143,1,1,0.480898
810,846,1,1,0.480898
750,1387,1,1,0.480898
1179,1255,1,1,0.480898
91,203,1,1,0.480898
648,1200,1,1,0.480898
37,1461,1,1,0.480898
351,697,1,1,0.480898
537,988,1,1,0.480898
1031,1122,1,1,0.480898
537,861,1,1,0.480898
120,213,1,1,0.480898
351,1653,1,1,0.480898
1194,1395,1,1,0.480898
145,955,1,1,0.480898
301,1146,1,1,0.480898
1337,1379,1,1,0.480898
87,642,1,1,0.480898
695,1021,1,1,0.480898
120,460,1,1,0.480898
986,1038,1,1,0.480898
642,1174,1,1,0.480898
516,986,1,1,0.480898
1183,1336,2,2,0.480882
1223,1336,2,2,0.480882
1094,1636,2,2,0.479435
251,490,2,1,0.479112
126,927,2,2,0.473791
252,1093,2,1,0.472355
252,957,2,1,0.472355
957,1093,2,1,0.472355
1063,1571,2,1,0.472355
289,571,2,1,0.464677
302,1476,2,1,0.461816
316,1117,2,1,0.461816
313,1587,2,1,0.461816
1070,1117,2,1,0.461816
302,891,2,1,0.461816
891,1476,2,1,0.461816
316,615,2,1,0.461816
331,615,2,1,0.461816
331,1070,2,1,0.461816
615,1070,2,1,0.461816
594,1423,2,1,0.461816
803,1361,2,2,0.457865
1472,1504,2,2,0.457012
1202,1223,2,2,0.457012
1167,1504,2,2,0.457012
513,1603,1,1,0.45512
794,1422,1,1,0.45512
491,1046,1,1,0.45512
1423,1471,1,1,0.45512
720,1063,1,1,0.45512
562,1279,1,1,0.45512
1464,1516,1,1,0.45512
388,738,1,1,0.45512
186,351,1,1,0.45512
371,780,1,1,0.45512
1183,1457,1,1,0.45512
243,806,1,1,0.45512
239,869,1,1,0.45512
1311,1435,1,1,0.45512
470,605,1,1,0.45512
156,806,1,1,0.45512
156,243,1,1,0.45512
581,1166,1,1,0.45512
699,1008,1,1,0.45512
49,1023,1,1,0.45512
271,804,1,1,0.45512
160,533,1,1,0.45512
1190,1460,1,1,0.45512
844,1157,1,1,0.45512
285,1464,1,1,0.45512
594,1303,1,1,0.45512
280,298,1,1,0.45512
125,1177,1,1,0.45512
186,725,1,1,0.45512
725,816,1,1,0.45512
190,837,1,1,0.45512
493,515,1,1,0.45512
764,1081,1,1,0.45512
789,1520,1,1,0.45512
297,531,1,1,0.45512
876,1574,1,1,0.45512
488,1277,1,1,0.45512
703,1648,1,1,0.45512
146,320,1,1,0.45512
1494,1598,1,1,0.45512
286,753,1,1,0.45512
407,805,2,1,0.451384
407,1633,2,1,0.451384
805,1324,2,1,0.451384
321,794,2,2,0.45104
56,1336,2,1,0.449
56,575,2,1,0.449
1077,1415,2,1,0.449
1183,1251,2,1,0.442303
1223,1251,2,1,0.442303
1251,1520,2,1,0.442303
1074,1472,2,2,0.440262
875,1248,2,2,0.435656
359,1537,1,1,0.434294
354,520,1,1,0.434294
556,995,1,1,0.434294
140,354,1,1,0.434294
200,1039,1,1,0.434294
251,383,1,1,0.434294
1328,1402,1,1,0.434294
219,1427,1,1,0.434294
383,418,1,1,0.434294
643,1430,1,1,0.434294
227,1453,1,1,0.434294
965,1258,1,1,0.434294
126,1245,1,1,0.434294
118,1519,1,1,0.434294
558,794,1,1,0.434294
460,579,1,1,0.434294
690,727,1,1,0.434294
271,511,1,1,0.434294
58,806,1,1,0.434294
81,1361,1,1,0.434294
846,1582,1,1,0.434294
510,960,1,1,0.434294
1252,1325,1,1,0.434294
932,1325,1,1,0.434294
932,1536,1,1,0.434294
452,925,1,1,0.434294
1233,1415,1,1,0.434294
49,1431,1,1,0.434294
962,1399,1,1,0.434294
510,1341,1,1,0.434294
1291,1558,1,1,0.434294
382,939,1,1,0.434294
178,690,1,1,0.434294
721,1185,1,1,0.434294
615,686,1,1,0.434294
484,1381,1,1,0.434294
627,770,1,1,0.434294
528,1231,1,1,0.434294
318,1146,1,1,0.434294
318,319,1,1,0.434294
770,1341,1,1,0.434294
576,1149,1,1,0.434294
576,1499,1,1,0.434294
858,1238,1,1,0.434294
394,672,1,1,0.434294
1236,1400,1,1,0.434294
93,862,1,1,0.434294
1455,1586,1,1,0.434294
271,862,1,1,0.434294
212,424,1,1,0.434294
332,1113,1,1,0.434294
816,1075,1,1,0.434294
499,870,1,1,0.434294
1246,1584,1,1,0.434294
613,1238,1,1,0.434294
1149,1499,1,1,0.434294
206,412,1,1,0.434294
33,292,1,1,0.434294
1215,1479,1,1,0.434294
7,60,1,1,0.434294
7,292,1,1,0.434294
60,292,1,1,0.434294
169,836,1,1,0.434294
77,810,1,1,0.434294
558,1172,1,1,0.434294
573,1024,1,1,0.434294
850,1012,2,2,0.432175
249,889,2,1,0.431525
1544,1614,2,1,0.431525
558,1614,2,1,0.431525
558,1544,2,1,0.431525
868,1335,2,1,0.429742
1136,1335,2,2,0.42097
178,997,1,1,0.417032
866,1468,1,1,0.417032
761,1502,1,1,0.417032
199,728,1,1,0.417032
158,574,1,1,0.417032
638,1125,1,1,0.417032
199,866,1,1,0.417032
199,1453,1,1,0.417032
728,866,1,1,0.417032
728,1453,1,1,0.417032
728,1468,1,1,0.417032
866,1453,1,1,0.417032
966,1441,1,1,0.417032
1453,1468,1,1,0.417032
915,1368,1,1,0.417032
281,1255,1,1,0.417032
843,1264,1,1,0.417032
990,1065,1,1,0.417032
538,1315,1,1,0.417032
806,1638,1,1,0.417032
319,950,1,1,0.417032
1273,1340,1,1,0.417032
158,1423,1,1,0.417032
950,1273,1,1,0.417032
95,878,1,1,0.417032
579,925,1,1,0.417032
130,1468,1,1,0.417032
199,228,1,1,0.417032
376,883,1,1,0.417032
607,905,1,1,0.417032
727,1422,1,1,0.417032
350,1381,1,1,0.417032
350,1468,1,1,0.417032
1381,1468,1,1,0.417032
130,199,1,1,0.417032
130,728,1,1,0.417032
1106,1327,1,1,0.417032
993,1588,1,1,0.417032
905,1588,1,1,0.417032
1206,1481,1,1,0.417032
607,1588,1,1,0.417032
627,884,1,1,0.417032
310,770,1,1,0.417032
471,1143,1,1,0.417032
655,832,1,1,0.417032
633,1143,1,1,0.417032
365,1143,1,1,0.417032
310,633,1,1,0.417032
310,365,1,1,0.417032
184,281,1,1,0.417032
61,76,1,1,0.417032
130,866,1,1,0.417032
130,1453,1,1,0.417032
770,1479,1,1,0.417032
952,1039,1,1,0.417032
319,1340,1,1,0.417032
261,729,1,1,0.417032
1187,1224,1,1,0.417032
34,99,1,1,0.417032
90,1149,1,1,0.417032
1226,1471,1,1,0.417032
1469,1625,1,1,0.417032
783,1471,1,1,0.417032
783,1226,1,1,0.417032
985,1312,1,1,0.417032
1339,1625,1,1,0.417032
47,1312,1,1,0.417032
47,985,1,1,0.417032
559,1378,1,1,0.417032
176,985,1,1,0.417032
15,22,1,1,0.417032
44,788,1,1,0.417032
12,15,1,1,0.417032
94,650,1,1,0.417032
992,1455,1,1,0.417032
50,279,1,1,0.417032
344,962,1,1,0.417032
726,1018,1,1,0.417032
548,1427,1,1,0.417032
962,1528,1,1,0.417032
161,1528,1,1,0.417032
161,1018,1,1,0.417032
161,474,1,1,0.417032
474,747,1,1,0.417032
34,998,1,1,0.417032
216,545,1,1,0.417032
34,1233,1,1,0.417032
99,998,1,1,0.417032
177,1028,1,1,0.417032
199,1468,1,1,0.417032
99,1233,1,1,0.417032
998,1233,1,1,0.417032
493,943,2,1,0.416318
838,1562,2,1,0.416318
558,1608,2,1,0.416318
500,927,2,1,0.416318
500,1216,2,1,0.416318
558,1290,2,1,0.416318
19,1562,2,1,0.416318
19,1248,2,1,0.416318
558,1031,2,1,0.416318
500,1562,2,1,0.416318
927,1216,2,1,0.416318
694,1608,2,1,0.416318
78,351,2,1,0.416318
558,770,2,1,0.416318
19,741,2,1,0.416318
313,943,2,1,0.416318
859,867,2,1,0.416318
19,1580,2,1,0.416318
19,1523,2,1,0.416318
927,1562,2,1,0.416318
694,1290,2,1,0.416318
1216,1562,2,1,0.416318
78,558,2,1,0.416318
1087,1580,2,1,0.416318
351,694,2,1,0.416318
741,1216,2,1,0.416318
351,770,2,1,0.416318
493,1087,2,1,0.416318
493,1415,2,1,0.416318
741,838,2,1,0.416318
741,927,2,1,0.416318
867,1171,2,1,0.416318
1248,1562,2,1,0.416318
19,313,2,1,0.416318
500,741,2,1,0.416318
741,1248,2,1,0.416318
694,770,2,1,0.416318
500,838,2,1,0.416318
838,927,2,1,0.416318
78,694,2,1,0.416318
867,1295,2,1,0.416318
493,1580,2,1,0.416318
943,1087,2,1,0.416318
867,906,2,1,0.416318
867,1216,2,1,0.416318
838,1216,2,1,0.416318
351,1290,2,1,0.416318
351,1031,2,1,0.416318
1087,1415,2,1,0.416318
694,1031,2,1,0.416318
913,1196,2,1,0.416318
144,628,2,1,0.416318
487,1006,2,1,0.416318
487,600,2,1,0.416318
487,1154,2,1,0.416318
487,1547,2,1,0.416318
55,144,2,1,0.416318
55,628,2,1,0.416318
55,729,2,1,0.416318
144,600,2,1,0.416318
144,729,2,1,0.416318
186,487,2,1,0.416318
144,1154,2,1,0.416318
144,1547,2,1,0.416318
600,729,2,1,0.416318
628,729,2,1,0.416318
628,1154,2,1,0.416318
729,1154,2,1,0.416318
729,1547,2,1,0.416318
270,999,2,1,0.416318
487,761,2,1,0.416318
55,1006,2,1,0.416318
747,999,2,1,0.416318
587,1196,2,1,0.416318
60,589,2,1,0.416318
106,589,2,1,0.416318
589,1517,2,1,0.416318
60,310,2,1,0.416318
106,310,2,1,0.416318
310,1517,2,1,0.416318
125,1196,2,1,0.416318
587,913,2,1,0.416318
125,304,2,1,0.416318
55,761,2,1,0.416318
125,1099,2,1,0.416318
587,1006,2,1,0.416318
186,304,2,1,0.416318
186,1099,2,1,0.416318
304,761,2,1,0.416318
761,1099,2,1,0.416318
55,186,2,1,0.416318
55,304,2,1,0.416318
558,999,2,1,0.416318
600,628,2,1,0.416318
999,1121,2,1,0.416318
143,249,2,1,0.416318
287,867,2,1,0.416318
231,867,2,1,0.416318
287,1242,2,1,0.416318
231,249,2,1,0.416318
844,906,2,1,0.416318
318,1295,2,1,0.416318
318,1171,2,1,0.416318
999,1494,2,1,0.416318
143,1242,2,1,0.416318
143,844,2,1,0.416318
143,318,2,1,0.416318
318,859,2,1,0.416318
1368,1494,2,1,0.416318
1121,1368,2,1,0.416318
270,726,2,1,0.416318
558,1368,2,1,0.416318
726,1368,2,1,0.416318
747,1368,2,1,0.416318
302,334,2,1,0.415612
171,944,2,1,0.412199
1011,1266,2,1,0.410886
6,235,1,1,0.40243
545,1057,1,1,0.40243
1004,1071,1,1,0.40243
518,693,1,1,0.40243
558,1242,1,1,0.40243
105,157,1,1,0.40243
269,690,1,1,0.40243
100,784,1,1,0.40243
279,1629,1,1,0.40243
586,1115,1,1,0.40243
100,718,1,1,0.40243
100,558,1,1,0.40243
100,419,1,1,0.40243
100,333,1,1,0.40243
562,718,1,1,0.40243
784,1200,1,1,0.40243
255,473,1,1,0.40243
321,924,1,1,0.40243
625,1097,1,1,0.40243
1271,1316,1,1,0.40243
279,1612,1,1,0.40243
249,639,1,1,0.40243
648,727,1,1,0.40243
347,537,1,1,0.40243
136,316,1,1,0.40243
1547,1646,1,1,0.40243
77,992,1,1,0.40243
1277,1299,1,1,0.40243
569,592,1,1,0.40243
832,1041,1,1,0.40243
685,1068,1,1,0.40243
279,669,1,1,0.40243
718,1171,1,1,0.40243
279,857,1,1,0.40243
25,31,1,1,0.40243
522,994,1,1,0.40243
908,1296,1,1,0.40243
279,1589,1,1,0.40243
1171,1200,1,1,0.40243
316,318,1,1,0.40243
558,1171,1,1,0.40243
286,441,1,1,0.40243
661,850,1,1,0.40243
850,1024,1,1,0.40243
470,1137,1,1,0.40243
419,1171,1,1,0.40243
286,1589,1,1,0.40243
286,857,1,1,0.40243
1504,1536,1,1,0.40243
664,1205,1,1,0.40243
286,669,1,1,0.40243
1084,1519,1,1,0.40243
917,1396,1,1,0.40243
703,1264,1,1,0.40243
619,952,1,1,0.40243
196,411,1,1,0.40243
587,1302,1,1,0.40243
548,1220,1,1,0.40243
318,1220,1,1,0.40243
318,548,1,1,0.40243
316,1220,1,1,0.40243
1321,1629,1,1,0.40243
286,1612,1,1,0.40243
71,486,1,1,0.40243
836,1034,1,1,0.40243
333,1171,1,1,0.40243
243,1200,1,1,0.40243
243,1171,1,1,0.40243
865,934,1,1,0.40243
243,558,1,1,0.40243
243,419,1,1,0.40243
243,333,1,1,0.40243
815,968,1,1,0.40243
243,718,1,1,0.40243
271,599,1,1,0.40243
1288,1428,1,1,0.40243
865,1288,1,1,0.40243
1110,1619,1,1,0.40243
865,1428,1,1,0.40243
766,811,1,1,0.40243
316,548,1,1,0.40243
981,1250,1,1,0.40243
334,1232,1,1,0.40243
33,99,2,1,0.395054
127,553,2,1,0.394563
127,1024,2,1,0.394563
1167,1595,2,1,0.394563
1263,1472,2,1,0.394563
1263,1595,2,1,0.394563
1353,1472,2,1,0.394563
1353,1595,2,1,0.394563
1353,1412,2,1,0.394563
1263,1412,2,1,0.394563
1167,1412,2,1,0.394563
1167,1472,2,1,0.394563
1472,1595,2,1,0.394563
609,1403,1,1,0.389871
316,1273,1,1,0.389871
127,839,1,1,0.389871
424,1282,1,1,0.389871
932,1457,1,1,0.389871
1491,1536,1,1,0.389871
1202,1536,1,1,0.389871
765,1137,1,1,0.389871
705,1137,1,1,0.389871
705,765,1,1,0.389871
203,1137,1,1,0.389871
13,53,1,1,0.389871
45,1553,1,1,0.389871
272,802,1,1,0.389871
1004,1553,1,1,0.389871
272,1004,1,1,0.389871
273,328,1,1,0.389871
461,490,1,1,0.389871
144,1121,1,1,0.389871
144,490,1,1,0.389871
123,490,1,1,0.389871
684,711,1,1,0.389871
345,463,1,1,0.389871
354,628,1,1,0.389871
251,628,1,1,0.389871
301,1624,1,1,0.389871
964,1051,1,1,0.389871
1036,1358,1,1,0.389871
99,455,1,1,0.389871
831,1376,1,1,0.389871
283,1154,1,1,0.389871
686,1441,1,1,0.389871
395,1079,1,1,0.389871
139,1308,1,1,0.389871
545,1234,1,1,0.389871
589,1588,1,1,0.389871
606,1413,1,1,0.389871
606,765,1,1,0.389871
283,606,1,1,0.389871
319,335,1,1,0.389871
765,1154,1,1,0.389871
727,1154,1,1,0.389871
275,1532,1,1,0.389871
1347,1496,1,1,0.389871
1415,1496,1,1,0.389871
1483,1595,1,1,0.389871
1483,1656,1,1,0.389871
1347,1483,1,1,0.389871
1256,1483,1,1,0.389871
1165,1498,1,1,0.389871
719,1565,1,1,0.389871
38,1305,1,1,0.389871
60,1305,1,1,0.389871
249,880,1,1,0.389871
690,1539,1,1,0.389871
703,834,1,1,0.389871
686,1468,1,1,0.389871
13,609,1,1,0.389871
503,609,1,1,0.389871
53,58,1,1,0.389871
193,376,1,1,0.389871
376,413,1,1,0.389871
193,503,1,1,0.389871
235,1386,1,1,0.389871
376,503,1,1,0.389871
376,609,1,1,0.389871
376,1403,1,1,0.389871
413,609,1,1,0.389871
413,503,1,1,0.389871
53,1403,1,1,0.389871
53,413,1,1,0.389871
58,193,1,1,0.389871
503,1403,1,1,0.389871
13,503,1,1,0.389871
235,1372,1,1,0.389871
123,1260,1,1,0.389871
13,376,1,1,0.389871
851,1097,1,1,0.389871
193,609,1,1,0.389871
173,511,1,1,0.378923
144,1036,1,1,0.378923
311,1136,1,1,0.378923
311,511,1,1,0.378923
173,1136,1,1,0.378923
1608,1650,1,1,0.378923
1145,1218,1,1,0.378923
173,311,1,1,0.378923
1066,1608,1,1,0.378923
942,1608,1,1,0.378923
1568,1650,1,1,0.378923
803,1535,1,1,0.378923
1066,1568,1,1,0.378923
942,1568,1,1,0.378923
417,1245,1,1,0.378923
311,335,1,1,0.378923
268,761,1,1,0.378923
580,761,1,1,0.378923
1497,1542,1,1,0.378923
232,278,1,1,0.378923
672,1333,1,1,0.378923
588,935,1,1,0.378923
23,1553,1,1,0.378923
789,1387,1,1,0.378923
551,696,1,1,0.378923
800,806,1,1,0.378923
580,731,1,1,0.378923
21,362,1,1,0.378923
77,550,1,1,0.378923
63,249,1,1,0.378923
588,731,1,1,0.378923
1147,1535,1,1,0.378923
578,935,1,1,0.378923
368,1122,1,1,0.378923
578,580,1,1,0.378923
113,1112,1,1,0.378923
1256,1496,1,1,0.378923
401,1230,1,1,0.378923
67,486,1,1,0.378923
223,348,1,1,0.378923
1112,1202,1,1,0.378923
345,624,1,1,0.378923
134,1108,1,1,0.378923
123,762,1,1,0.378923
685,1623,1,1,0.378923
476,599,1,1,0.378923
288,448,1,1,0.378923
329,590,2,1,0.377836
844,1464,2,1,0.377836
661,1422,2,1,0.377836
601,1378,2,1,0.377836
140,661,2,1,0.377836
770,1303,2,1,0.377836
1271,1588,2,1,0.377836
727,1027,2,1,0.377836
1271,1303,2,1,0.377836
56,1422,2,1,0.377836
800,856,2,1,0.377836
533,1525,2,1,0.377836
986,1588,2,1,0.377836
945,1588,2,1,0.377836
537,844,2,1,0.377836
278,698,2,1,0.377836
661,1143,2,1,0.377836
945,1303,2,1,0.377836
625,1616,2,1,0.377836
252,770,2,1,0.377836
658,844,2,1,0.377836
44,294,2,1,0.377836
537,1588,2,1,0.377836
132,289,2,1,0.377836
823,1255,2,1,0.377836
553,1192,2,1,0.377836
252,537,2,1,0.377836
44,435,2,1,0.377836
856,1616,2,1,0.377836
140,1143,2,1,0.377836
590,1143,2,1,0.377836
658,1464,2,1,0.377836
533,1603,2,1,0.377836
1143,1422,2,1,0.377836
1033,1175,2,1,0.377836
294,435,2,1,0.377836
252,1271,2,1,0.377836
332,698,2,1,0.377836
289,478,2,1,0.377836
894,1071,2,1,0.377836
636,1544,2,1,0.377836
56,661,2,1,0.377836
252,986,2,1,0.377836
252,945,2,1,0.377836
636,1481,2,1,0.377836
636,1143,2,1,0.377836
1012,1192,2,1,0.377836
56,140,2,1,0.377836
56,1143,2,1,0.377836
1143,1544,2,1,0.377836
625,856,2,1,0.377836
294,553,2,1,0.377836
1481,1544,2,1,0.377836
252,1588,2,1,0.377836
278,332,2,1,0.377836
1143,1192,2,1,0.377836
132,478,2,1,0.377836
90,1143,2,1,0.377836
553,1012,2,1,0.377836
90,1481,2,1,0.377836
986,1303,2,1,0.377836
521,1027,2,1,0.377836
537,1303,2,1,0.377836
329,1143,2,1,0.377836
140,1422,2,1,0.377836
649,754,2,2,0.377574
38,969,2,2,0.375821
370,1302,1,1,0.369269
186,729,1,1,0.369269
370,765,1,1,0.369269
120,1164,1,1,0.369269
1295,1302,1,1,0.369269
370,1295,1,1,0.369269
345,405,1,1,0.369269
670,1283,1,1,0.369269
1085,1121,1,1,0.369269
36,1255,1,1,0.369269
85,669,1,1,0.369269
345,988,1,1,0.369269
45,1502,1,1,0.369269
367,1245,1,1,0.369269
868,1037,1,1,0.369269
1461,1502,1,1,0.369269
804,1551,1,1,0.369269
719,1463,1,1,0.369269
1043,1216,1,1,0.369269
656,1461,1,1,0.369269
402,1461,1,1,0.369269
669,1216,1,1,0.369269
719,1273,1,1,0.369269
669,1043,1,1,0.369269
85,1216,1,1,0.369269
85,1043,1,1,0.369269
1186,1459,1,1,0.369269
579,687,1,1,0.369269
221,1384,1,1,0.369269
228,684,1,1,0.369269
405,988,1,1,0.369269
116,560,1,1,0.369269
765,1295,1,1,0.369269
610,1357,1,1,0.369269
16,162,1,1,0.369269
298,307,1,1,0.369269
556,1624,1,1,0.369269
1136,1553,1,1,0.369269
622,676,1,1,0.369269
455,609,1,1,0.369269
85,505,1,1,0.369269
609,711,1,1,0.369269
1074,1595,1,1,0.369269
116,609,1,1,0.369269
609,676,1,1,0.369269
53,350,1,1,0.369269
53,1282,1,1,0.369269
350,1282,1,1,0.369269
350,1171,1,1,0.369269
1183,1595,1,1,0.369269
932,1595,1,1,0.369269
45,402,1,1,0.369269
493,1619,1,1,0.369269
438,1422,1,1,0.369269
952,1277,1,1,0.369269
78,656,1,1,0.369269
689,1320,1,1,0.369269
376,1474,1,1,0.369269
967,1361,1,1,0.369269
323,821,1,1,0.369269
1074,1252,1,1,0.369269
864,1225,1,1,0.369269
123,1229,1,1,0.369269
9,1525,1,1,0.369269
211,262,1,1,0.369269
1074,1112,1,1,0.369269
1074,1123,1,1,0.369269
45,224,1,1,0.369269
932,1336,1,1,0.369269
815,1248,1,1,0.369269
1520,1534,1,1,0.369269
38,554,1,1,0.369269
162,1421,1,1,0.369269
8,209,1,1,0.369269
162,1301,1,1,0.369269
29,571,1,1,0.369269
1248,1301,1,1,0.369269
134,318,1,1,0.369269
473,534,1,1,0.369269
473,719,1,1,0.369269
534,719,1,1,0.369269
765,1302,1,1,0.369269
1112,1251,1,1,0.369269
1336,1432,1,1,0.369269
1248,1421,1,1,0.369269
224,656,1,1,0.369269
1459,1562,1,1,0.369269
1251,1252,1,1,0.369269
45,656,1,1,0.369269
402,656,1,1,0.369269
224,1461,1,1,0.369269
224,402,1,1,0.369269
253,1521,1,1,0.369269
644,816,2,1,0.363017
653,816,2,1,0.363017
240,1038,2,1,0.363017
9,331,2,1,0.363017
628,1038,2,1,0.363017
644,1424,2,1,0.363017
240,1547,2,1,0.363017
790,1088,2,1,0.363017
384,628,2,1,0.363017
384,1547,2,1,0.363017
240,384,2,1,0.363017
1481,1517,1,1,0.360674
986,1438,1,1,0.360674
479,1277,1,1,0.360674
479,1570,1,1,0.360674
476,986,1,1,0.360674
39,1431,1,1,0.360674
776,1206,1,1,0.360674
730,1327,1,1,0.360674
431,837,1,1,0.360674
33,640,1,1,0.360674
609,1384,1,1,0.360674
221,975,1,1,0.360674
44,483,1,1,0.360674
508,993,1,1,0.360674
1291,1623,1,1,0.360674
20,1222,1,1,0.360674
121,277,1,1,0.360674
1395,1491,1,1,0.360674
277,999,1,1,0.360674
1136,1528,1,1,0.360674
768,1561,1,1,0.360674
60,120,1,1,0.360674
32,379,1,1,0.360674
761,783,1,1,0.360674
597,1022,1,1,0.360674
966,1396,1,1,0.360674
483,1022,1,1,0.360674
77,597,1,1,0.360674
207,501,1,1,0.360674
492,1589,1,1,0.360674
483,597,1,1,0.360674
605,741,1,1,0.360674
365,719,1,1,0.360674
575,1494,1,1,0.360674
106,1494,1,1,0.360674
125,891,1,1,0.360674
255,1427,1,1,0.360674
125,1164,1,1,0.360674
407,424,1,1,0.360674
407,891,1,1,0.360674
236,316,1,1,0.360674
98,960,1,1,0.360674
407,1164,1,1,0.360674
186,407,1,1,0.360674
950,960,1,1,0.360674
106,575,1,1,0.360674
186,732,1,1,0.360674
123,488,1,1,0.360674
125,732,1,1,0.360674
125,424,1,1,0.360674
17,1580,1,1,0.360674
98,1340,1,1,0.360674
371,1522,1,1,0.360674
335,701,1,1,0.360674
1422,1498,1,1,0.360674
84,1305,1,1,0.360674
913,1164,1,1,0.360674
375,1608,1,1,0.360674
766,1532,1,1,0.360674
496,1027,1,1,0.360674
745,856,1,1,0.360674
50,856,1,1,0.360674
50,1574,1,1,0.360674
50,1012,1,1,0.360674
228,1171,1,1,0.360674
553,850,2,2,0.359296
768,886,1,1,0.352956
531,549,1,1,0.352956
186,770,1,1,0.352956
200,694,1,1,0.352956
1252,1353,1,1,0.352956
1114,1620,1,1,0.352956
809,1346,1,1,0.352956
495,1155,1,1,0.352956
488,1338,1,1,0.352956
223,1101,1,1,0.352956
39,1453,1,1,0.352956
39,1327,1,1,0.352956
31,411,1,1,0.352956
197,1529,1,1,0.352956
197,1619,1,1,0.352956
11,1619,1,1,0.352956
316,1393,1,1,0.352956
100,186,1,1,0.352956
1168,1277,1,1,0.352956
957,1140,1,1,0.352956
203,1288,1,1,0.352956
385,1038,1,1,0.352956
11,197,1,1,0.352956
768,975,1,1,0.352956
123,1547,1,1,0.352956
948,1022,1,1,0.352956
1387,1516,1,1,0.352956
338,1539,1,1,0.352956
318,1580,1,1,0.352956
886,975,1,1,0.352956
461,1121,1,1,0.352956
663,1036,1,1,0.352956
627,1121,1,1,0.352956
15,1022,1,1,0.352956
686,1553,1,1,0.352956
156,1267,1,1,0.352956
123,227,1,1,0.352956
30,922,1,1,0.352956
492,1350,1,1,0.352956
490,492,1,1,0.352956
809,1524,1,1,0.352956
231,460,1,1,0.352956
950,1278,1,1,0.345976
1347,1636,1,1,0.345976
376,611,1,1,0.345976
1191,1278,1,1,0.345976
950,1191,1,1,0.345976
194,634,1,1,0.345976
134,1127,1,1,0.345976
750,1273,1,1,0.345976
134,186,1,1,0.345976
186,838,1,1,0.345976
1491,1562,1,1,0.345976
836,1617,1,1,0.345976
704,1397,1,1,0.345976
221,670,1,1,0.345976
1342,1481,1,1,0.345976
664,729,1,1,0.345976
424,664,1,1,0.345976
729,1302,1,1,0.345976
424,1302,1,1,0.345976
140,838,1,1,0.345976
1142,1481,1,1,0.345976
807,1481,1,1,0.345976
1186,1491,1,1,0.345976
47,98,1,1,0.345976
729,1434,1,1,0.345976
704,1191,1,1,0.345976
221,704,1,1,0.345976
670,880,1,1,0.345976
221,880,1,1,0.345976
186,836,1,1,0.345976
1154,1617,1,1,0.345976
46,98,1,1,0.345976
1395,1562,1,1,0.345976
721,843,1,1,0.345976
413,900,1,1,0.345976
46,47,1,1,0.345976
97,1288,1,1,0.345976
545,1338,1,1,0.345976
1163,1353,1,1,0.345976
273,311,1,1,0.345976
273,1282,1,1,0.345976
379,1340,1,1,0.345976
728,1349,1,1,0.345976
228,390,1,1,0.345976
701,993,1,1,0.345976
253,461,1,1,0.345976
311,1282,1,1,0.345976
1395,1504,1,1,0.345976
616,1619,1,1,0.345976
1186,1395,1,1,0.345976
1370,1617,1,1,0.345976
435,823,1,1,0.345976
903,1555,1,1,0.345976
160,634,1,1,0.345976
670,1094,1,1,0.345976
744,1288,1,1,0.345976
1,1619,1,1,0.345976
836,1370,1,1,0.345976
140,1617,1,1,0.345976
140,1370,1,1,0.345976
1206,1288,1,1,0.345976
1144,1327,2,1,0.340756
601,646,2,1,0.340756
82,1130,2,1,0.340756
582,601,2,1,0.340756
411,1151,2,1,0.340756
344,783,2,1,0.340756
1043,1591,2,1,0.340756
1130,1647,2,1,0.340756
38,82,2,1,0.340756
38,1151,2,1,0.340756
927,1220,2,1,0.340756
313,852,2,1,0.340756
1277,1494,2,1,0.340756
82,553,2,1,0.340756
259,985,2,1,0.340756
769,820,2,1,0.340756
382,955,2,1,0.340756
214,382,2,1,0.340756
193,259,2,1,0.340756
852,1220,2,1,0.340756
313,927,2,1,0.340756
452,1327,2,1,0.340756
510,1647,2,1,0.340756
430,553,2,1,0.340756
136,1647,2,1,0.340756
113,952,2,1,0.340756
38,246,2,1,0.340756
1043,1540,1,1,0.339623
39,334,1,1,0.339623
169,1417,1,1,0.339623
1043,1417,1,1,0.339623
1451,1489,1,1,0.339623
169,293,1,1,0.339623
1043,1609,1,1,0.339623
397,1170,1,1,0.339623
476,821,1,1,0.339623
435,476,1,1,0.339623
1320,1461,1,1,0.339623
438,1396,1,1,0.339623
483,989,1,1,0.339623
196,402,1,1,0.339623
664,1020,1,1,0.339623
664,1179,1,1,0.339623
466,1020,1,1,0.339623
224,1609,1,1,0.339623
1142,1620,1,1,0.339623
466,1540,1,1,0.339623
1179,1540,1,1,0.339623
200,601,1,1,0.339623
779,1142,1,1,0.339623
701,1031,1,1,0.339623
359,883,1,1,0.339623
435,1499,1,1,0.339623
158,1499,1,1,0.339623
158,435,1,1,0.339623
435,616,1,1,0.339623
169,524,1,1,0.339623
431,1558,1,1,0.339623
602,1108,1,1,0.339623
1075,1095,1,1,0.339623
393,1323,1,1,0.339623
950,1361,1,1,0.339623
366,912,1,1,0.339623
347,1282,1,1,0.339623
1127,1324,1,1,0.339623
113,119,1,1,0.339623
25,302,1,1,0.339623
25,470,1,1,0.339623
302,470,1,1,0.339623
603,1295,1,1,0.339623
989,1295,1,1,0.339623
249,1248,1,1,0.339623
524,993,1,1,0.339623
293,993,1,1,0.339623
293,524,1,1,0.339623
294,413,1,1,0.339623
319,758,1,1,0.339623
399,835,1,1,0.339623
34,1213,1,1,0.333808
0,18,1,1,0.333808
252,394,1,1,0.333808
1233,1496,1,1,0.333808
662,1455,1,1,0.333808
1064,1136,1,1,0.333808
846,1527,1,1,0.333808
384,876,1,1,0.333808
85,711,1,1,0.333808
0,3,1,1,0.333808
55,1116,1,1,0.333808
318,354,1,1,0.333808
892,1014,1,1,0.333808
1233,1493,1,1,0.333808
394,399,1,1,0.333808
1213,1523,1,1,0.333808
161,556,1,1,0.333808
133,1123,1,1,0.333808
487,1114,1,1,0.333808
1251,1523,1,1,0.333808
73,394,1,1,0.333808
1523,1636,1,1,0.333808
67,680,1,1,0.333808
850,1471,1,1,0.333808
1,51,1,1,0.333808
1493,1523,1,1,0.333808
932,1636,1,1,0.333808
73,399,1,1,0.333808
0,158,1,1,0.333808
932,1523,1,1,0.333808
158,1427,1,1,0.333808
394,1374,1,1,0.333808
149,1555,1,1,0.333808
656,892,1,1,0.333808
824,1511,1,1,0.333808
143,837,1,1,0.333808
594,656,1,1,0.333808
594,1014,1,1,0.333808
133,1493,1,1,0.333808
739,1309,1,1,0.333808
1234,1249,1,1,0.333808
449,989,1,1,0.333808
119,157,1,1,0.333808
931,1014,1,1,0.333808
331,1107,1,1,0.333808
37,840,1,1,0.333808
537,600,1,1,0.333808
681,822,1,1,0.333808
594,892,1,1,0.333808
1045,1442,1,1,0.333808
601,1043,2,2,0.33219
1097,1521,2,1,0.330081
601,1127,2,1,0.330081
535,1312,2,1,0.330081
343,430,2,1,0.330081
72,876,1,1,0.328459
132,511,1,1,0.328459
18,511,1,1,0.328459
905,1330,1,1,0.328459
18,132,1,1,0.328459
307,1449,1,1,0.328459
18,1449,1,1,0.328459
18,307,1,1,0.328459
804,1287,1,1,0.328459
1137,1661,1,1,0.328459
798,868,1,1,0.328459
145,385,1,1,0.328459
235,912,1,1,0.328459
72,233,1,1,0.328459
970,1029,1,1,0.328459
353,1023,1,1,0.328459
650,776,1,1,0.328459
865,930,1,1,0.328459
633,1154,1,1,0.328459
865,1647,1,1,0.328459
85,329,1,1,0.328459
473,865,1,1,0.328459
115,865,1,1,0.328459
457,741,1,1,0.328459
277,741,1,1,0.328459
277,457,1,1,0.328459
252,741,1,1,0.328459
85,1249,1,1,0.328459
85,1658,1,1,0.328459
1150,1303,1,1,0.328459
115,329,1,1,0.328459
822,1106,1,1,0.328459
722,1231,1,1,0.328459
686,1288,1,1,0.328459
115,1249,1,1,0.328459
115,1658,1,1,0.328459
329,473,1,1,0.328459
329,930,1,1,0.328459
329,1249,1,1,0.328459
329,1647,1,1,0.328459
329,1658,1,1,0.328459
473,1249,1,1,0.328459
254,471,1,1,0.328459
473,1658,1,1,0.328459
930,1249,1,1,0.328459
636,1088,1,1,0.328459
98,1173,1,1,0.328459
930,1658,1,1,0.328459
1249,1647,1,1,0.328459
1249,1658,1,1,0.328459
244,944,1,1,0.328459
85,865,1,1,0.328459
1647,1658,1,1,0.328459
28,1633,2,1,0.323624
46,1539,2,1,0.323624
1133,1633,2,1,0.323624
280,390,2,1,0.323624
390,754,2,1,0.323624
73,793,2,1,0.323624
25,293,1,1,0.323515
350,579,1,1,0.323515
316,1580,1,1,0.323515
682,891,1,1,0.323515
1038,1200,1,1,0.323515
331,1547,1,1,0.323515
531,663,1,1,0.323515
531,579,1,1,0.323515
72,891,1,1,0.323515
579,663,1,1,0.323515
1194,1252,1,1,0.323515
932,1329,1,1,0.323515
351,532,1,1,0.323515
890,1455,1,1,0.323515
354,1340,1,1,0.323515
302,718,1,1,0.323515
42,323,1,1,0.323515
45,117,1,1,0.323515
652,1279,1,1,0.323515
119,449,1,1,0.323515
119,843,1,1,0.323515
323,347,1,1,0.323515
1531,1606,1,1,0.323515
25,331,1,1,0.323515
449,843,1,1,0.323515
915,1146,1,1,0.323515
25,1038,1,1,0.323515
293,331,1,1,0.323515
331,1038,1,1,0.323515
682,983,1,1,0.323515
636,1282,1,1,0.323515
1088,1326,1,1,0.323515
72,682,1,1,0.323515
323,1170,1,1,0.323515
313,750,1,1,0.323515
532,1271,1,1,0.323515
119,1632,1,1,0.323515
266,269,1,1,0.323515
186,602,1,1,0.323515
45,579,1,1,0.323515
182,602,1,1,0.323515
444,668,1,1,0.323515
1301,1357,1,1,0.323515
440,582,1,1,0.323515
433,461,1,1,0.323515
169,676,1,1,0.323515
169,1031,1,1,0.323515
266,809,1,1,0.323515
269,809,1,1,0.323515
932,1183,1,1,0.323515
186,815,1,1,0.318929
597,793,1,1,0.318929
43,1350,1,1,0.318929
976,1066,1,1,0.318929
707,1066,1,1,0.318929
43,815,1,1,0.318929
186,1350,1,1,0.318929
507,999,1,1,0.318929
507,815,1,1,0.318929
507,972,1,1,0.318929
186,999,1,1,0.318929
707,976,1,1,0.318929
1066,1599,1,1,0.318929
43,999,1,1,0.318929
524,793,1,1,0.318929
509,597,1,1,0.318929
1044,1502,1,1,0.318929
587,694,1,1,0.318929
43,972,1,1,0.318929
141,311,1,1,0.318929
457,694,1,1,0.318929
689,999,1,1,0.318929
457,587,1,1,0.318929
509,524,1,1,0.318929
689,972,1,1,0.318929
509,793,1,1,0.318929
323,487,1,1,0.318929
141,999,1,1,0.318929
141,972,1,1,0.318929
457,1350,1,1,0.318929
311,689,1,1,0.318929
770,807,1,1,0.318929
524,597,1,1,0.318929
457,815,1,1,0.318929
807,1165,1,1,0.318929
627,1547,1,1,0.318929
507,1350,1,1,0.318929
358,999,1,1,0.318929
437,719,1,1,0.318929
662,1393,1,1,0.318929
399,1230,1,1,0.318929
347,917,1,1,0.318929
662,1105,1,1,0.318929
33,1034,1,1,0.318929
449,1360,1,1,0.318929
679,1154,1,1,0.318929
376,1122,1,1,0.318929
1608,1639,1,1,0.318929
1099,1367,1,1,0.318929
1434,1468,1,1,0.318929
27,1608,1,1,0.318929
186,972,1,1,0.318929
345,1268,1,1,0.318929
921,944,1,1,0.318929
284,560,1,1,0.314658
457,1616,1,1,0.314658
1143,1608,1,1,0.314658
1413,1608,1,1,0.314658
1054,1608,1,1,0.314658
206,457,1,1,0.314658
966,1062,1,1,0.314658
252,560,1,1,0.314658
206,1054,1,1,0.314658
206,1568,1,1,0.314658
206,1616,1,1,0.314658
457,1054,1,1,0.314658
457,1568,1,1,0.314658
1054,1568,1,1,0.314658
67,174,1,1,0.314658
1054,1616,1,1,0.314658
1568,1616,1,1,0.314658
806,1308,1,1,0.314658
1112,1308,1,1,0.314658
1112,1502,1,1,0.314658
1308,1502,1,1,0.314658
650,1112,1,1,0.314658
660,1043,1,1,0.314658
787,1097,1,1,0.314658
1002,1609,1,1,0.314658
47,1524,1,1,0.314658
130,284,1,1,0.314658
383,1578,1,1,0.314658
802,1460,1,1,0.314658
807,1242,1,1,0.314658
625,1435,1,1,0.314658
710,922,1,1,0.314658
155,922,1,1,0.314658
24,105,1,1,0.314658
24,966,1,1,0.314658
105,966,1,1,0.314658
178,1499,1,1,0.314658
6,72,1,1,0.314658
727,1469,1,1,0.314658
417,1608,1,1,0.314658
999,1253,1,1,0.314658
252,781,1,1,0.314658
1143,1413,1,1,0.314658
293,652,1,1,0.314658
417,1143,1,1,0.314658
393,579,1,1,0.314658
417,1413,1,1,0.314658
32,449,1,1,0.310667
32,432,1,1,0.310667
173,1283,1,1,0.310667
311,1405,1,1,0.310667
223,793,1,1,0.310667
591,792,1,1,0.310667
1080,1350,1,1,0.310667
792,995,1,1,0.310667
373,995,1,1,0.310667
373,792,1,1,0.310667
32,920,1,1,0.310667
432,1154,1,1,0.310667
920,1154,1,1,0.310667
32,384,1,1,0.310667
1080,1238,1,1,0.310667
384,920,1,1,0.310667
384,432,1,1,0.310667
591,1460,1,1,0.310667
307,804,1,1,0.310667
804,1372,1,1,0.310667
531,611,1,1,0.310667
549,1372,1,1,0.310667
17,985,1,1,0.310667
1255,1372,1,1,0.310667
549,1255,1,1,0.310667
960,1403,1,1,0.310667
794,852,1,1,0.310667
38,1304,1,1,0.310667
311,438,1,1,0.310667
804,1255,1,1,0.310667
311,1328,1,1,0.310667
438,549,1,1,0.310667
325,1474,1,1,0.310667
549,804,1,1,0.310667
325,1386,1,1,0.310667
58,311,1,1,0.310667
611,1154,1,1,0.310667
58,549,1,1,0.310667
325,531,1,1,0.310667
58,1255,1,1,0.310667
58,1372,1,1,0.310667
549,1328,1,1,0.310667
438,479,1,1,0.310667
311,1372,1,1,0.310667
479,531,1,1,0.310667
694,1328,1,1,0.310667
479,1328,1,1,0.310667
479,694,1,1,0.310667
311,804,1,1,0.310667
311,1255,1,1,0.310667
331,1077,1,1,0.310667
58,307,1,1,0.310667
120,975,1,1,0.310667
24,58,1,1,0.310667
27,183,1,1,0.310667
903,1200,1,1,0.310667
903,1381,1,1,0.310667
1200,1381,1,1,0.310667
449,1386,1,1,0.310667
1102,1623,1,1,0.310667
24,804,1,1,0.310667
24,549,1,1,0.310667
24,1372,1,1,0.310667
350,1107,1,1,0.310667
350,1372,1,1,0.310667
1107,1372,1,1,0.310667
115,717,1,1,0.310667
438,694,1,1,0.310667
24,311,1,1,0.310667
24,1255,1,1,0.310667
1154,1474,1,1,0.310667
1223,1536,1,1,0.306928
1536,1545,1,1,0.306928
1074,1459,1,1,0.306928
1074,1520,1,1,0.306928
475,1079,1,1,0.306928
1459,1520,1,1,0.306928
313,1481,1,1,0.306928
1457,1534,1,1,0.306928
999,1442,1,1,0.306928
351,1499,1,1,0.306928
558,1478,1,1,0.306928
395,1252,1,1,0.306928
359,1478,1,1,0.306928
249,359,1,1,0.306928
149,1453,1,1,0.306928
756,1633,1,1,0.306928
781,843,1,1,0.306928
438,896,1,1,0.306928
68,149,1,1,0.306928
764,964,1,1,0.306928
225,1031,1,1,0.306928
26,75,1,1,0.306928
783,979,1,1,0.306928
783,1013,1,1,0.306928
305,1658,1,1,0.306928
1157,1450,1,1,0.306928
661,977,1,1,0.306928
277,1544,1,1,0.306928
68,1453,1,1,0.306928
169,903,1,1,0.303413
413,605,1,1,0.303413
169,1159,1,1,0.303413
169,1273,1,1,0.303413
169,923,1,1,0.303413
167,169,1,1,0.303413
244,1066,1,1,0.303413
169,398,1,1,0.303413
413,727,1,1,0.303413
15,1016,1,1,0.303413
147,529,1,1,0.303413
679,950,1,1,0.303413
424,1351,1,1,0.303413
125,524,1,1,0.303413
125,727,1,1,0.303413
125,1502,1,1,0.303413
398,915,1,1,0.303413
398,1502,1,1,0.303413
903,915,1,1,0.303413
903,1502,1,1,0.303413
915,923,1,1,0.303413
915,1159,1,1,0.303413
915,1273,1,1,0.303413
923,1502,1,1,0.303413
1159,1502,1,1,0.303413
1273,1502,1,1,0.303413
125,915,1,1,0.303413
998,1260,1,1,0.303413
167,605,1,1,0.303413
719,1216,1,1,0.303413
350,719,1,1,0.303413
350,873,1,1,0.303413
719,1159,1,1,0.303413
873,1159,1,1,0.303413
350,1187,1,1,0.303413
490,1187,1,1,0.303413
1159,1187,1,1,0.303413
85,725,1,1,0.303413
351,742,1,1,0.303413
351,998,1,1,0.303413
351,1006,1,1,0.303413
351,1166,1,1,0.303413
0,333,1,1,0.303413
742,998,1,1,0.303413
742,1006,1,1,0.303413
742,1166,1,1,0.303413
998,1006,1,1,0.303413
1006,1093,1,1,0.303413
1093,1166,1,1,0.303413
0,1093,1,1,0.303413
0,891,1,1,0.303413
475,913,1,1,0.303413
26,98,1,1,0.303413
359,920,1,1,0.303413
293,1422,1,1,0.303413
873,1216,1,1,0.303413
490,1216,1,1,0.303413
993,1279,1,1,0.303413
1216,1608,1,1,0.303413
126,1279,1,1,0.303413
1230,1279,1,1,0.303413
1260,1279,1,1,0.303413
77,927,1,1,0.303413
77,998,1,1,0.303413
126,998,1,1,0.303413
927,998,1,1,0.303413
109,1130,1,1,0.303413
1219,1339,1,1,0.303413
927,1230,1,1,0.303413
927,1260,1,1,0.303413
998,1230,1,1,0.303413
1145,1178,1,1,0.303413
610,956,1,1,0.303413
890,1154,1,1,0.303413
698,716,1,1,0.303413
351,485,1,1,0.303413
474,485,1,1,0.303413
485,1129,1,1,0.303413
485,1188,1,1,0.303413
485,1608,1,1,0.303413
351,1216,1,1,0.303413
474,1216,1,1,0.303413
1129,1216,1,1,0.303413
1188,1216,1,1,0.303413
520,1081,1,1,0.303413
1034,1312,1,1,0.303413
210,823,1,1,0.303413
329,1499,1,1,0.303413
362,1288,1,1,0.303413
931,1635,1,1,0.303413
1127,1273,1,1,0.303413
74,641,1,1,0.303413
750,1593,1,1,0.303413
84,547,1,1,0.300102
1180,1389,1,1,0.300102
239,1180,1,1,0.300102
782,1143,1,1,0.300102
505,1369,1,1,0.300102
649,1464,1,1,0.300102
254,1238,1,1,0.300102
200,235,1,1,0.300102
370,731,1,1,0.300102
807,883,1,1,0.300102
8,210,1,1,0.300102
351,725,1,1,0.300102
163,254,1,1,0.300102
849,1122,1,1,0.300102
432,463,1,1,0.300102
989,1430,1,1,0.300102
38,666,1,1,0.300102
370,878,1,1,0.300102
731,878,1,1,0.300102
286,1200,1,1,0.300102
1521,1568,1,1,0.300102
1245,1579,1,1,0.300102
1392,1629,1,1,0.300102
1467,1521,1,1,0.300102
568,949,1,1,0.300102
758,949,1,1,0.300102
449,1387,1,1,0.300102
565,1034,1,1,0.300102
385,1603,1,1,0.300102
249,294,1,1,0.300102
129,705,1,1,0.296974
771,1514,1,1,0.296974
773,788,1,1,0.296974
773,951,1,1,0.296974
129,545,1,1,0.296974
129,1052,1,1,0.296974
50,509,1,1,0.296974
50,470,1,1,0.296974
50,652,1,1,0.296974
634,1533,1,1,0.296974
634,1168,1,1,0.296974
460,1230,1,1,0.296974
200,1530,1,1,0.296974
601,920,1,1,0.296974
428,483,1,1,0.296974
148,751,1,1,0.296974
316,1450,1,1,0.296974
833,1541,1,1,0.296974
129,773,1,1,0.296974
545,771,1,1,0.296974
788,1052,1,1,0.296974
476,1517,1,1,0.296974
293,1162,1,1,0.296974
435,532,1,1,0.296974
43,532,1,1,0.296974
391,1209,1,1,0.296974
391,435,1,1,0.296974
354,391,1,1,0.296974
43,391,1,1,0.296974
29,391,1,1,0.296974
29,383,1,1,0.296974
532,1209,1,1,0.296974
319,391,1,1,0.296974
674,1403,1,1,0.296974
354,1260,1,1,0.296974
532,787,1,1,0.296974
383,787,1,1,0.296974
1168,1533,1,1,0.296974
134,1260,1,1,0.296974
134,787,1,1,0.296974
1043,1444,1,1,0.296974
814,944,1,1,0.296974
347,610,1,1,0.294014
319,1623,1,1,0.294014
319,1502,1,1,0.294014
319,913,1,1,0.294014
319,610,1,1,0.294014
106,1200,1,1,0.294014
106,228,1,1,0.294014
532,763,1,1,0.294014
532,719,1,1,0.294014
60,532,1,1,0.294014
228,1176,1,1,0.294014
347,1502,1,1,0.294014
106,411,1,1,0.294014
763,1618,1,1,0.294014
719,1618,1,1,0.294014
347,913,1,1,0.294014
524,896,1,1,0.294014
347,1623,1,1,0.294014
347,923,1,1,0.294014
913,1623,1,1,0.294014
319,896,1,1,0.294014
319,923,1,1,0.294014
610,913,1,1,0.294014
319,1176,1,1,0.294014
524,1623,1,1,0.294014
347,896,1,1,0.294014
347,1176,1,1,0.294014
524,610,1,1,0.294014
610,1623,1,1,0.294014
524,923,1,1,0.294014
524,1176,1,1,0.294014
524,1502,1,1,0.294014
524,913,1,1,0.294014
228,896,1,1,0.294014
228,923,1,1,0.294014
610,1502,1,1,0.294014
913,1502,1,1,0.294014
411,1200,1,1,0.294014
404,1260,1,1,0.294014
404,1178,1,1,0.294014
166,1260,1,1,0.294014
166,1245,1,1,0.294014
166,1178,1,1,0.294014
166,404,1,1,0.294014
319,639,1,1,0.294014
130,639,1,1,0.294014
130,319,1,1,0.294014
257,1333,1,1,0.294014
630,1333,1,1,0.294014
1288,1333,1,1,0.294014
140,630,1,1,0.294014
40,639,1,1,0.294014
57,257,1,1,0.294014
57,1288,1,1,0.294014
57,107,1,1,0.294014
107,140,1,1,0.294014
40,319,1,1,0.294014
107,139,1,1,0.294014
107,404,1,1,0.294014
107,728,1,1,0.294014
139,404,1,1,0.294014
139,728,1,1,0.294014
404,1245,1,1,0.294014
753,1026,1,1,0.294014
587,1571,1,1,0.294014
1178,1245,1,1,0.294014
587,1599,1,1,0.294014
1571,1599,1,1,0.294014
138,1599,1,1,0.294014
1296,1313,1,1,0.294014
492,523,1,1,0.294014
523,798,1,1,0.294014
329,418,1,1,0.294014
1097,1312,1,1,0.294014
352,404,1,1,0.294014
78,1166,1,1,0.294014
52,404,1,1,0.294014
52,352,1,1,0.294014
1112,1256,1,1,0.294014
1112,1504,1,1,0.294014
1245,1260,1,1,0.294014
1178,1260,1,1,0.294014
967,1053,1,1,0.294014
1112,1520,1,1,0.294014
1112,1656,1,1,0.294014
1252,1256,1,1,0.294014
1252,1656,1,1,0.294014
492,1080,1,1,0.294014
1080,1547,1,1,0.294014
60,1618,1,1,0.294014
404,728,1,1,0.294014
1166,1339,1,1,0.294014
1143,1296,1,1,0.294014
1296,1584,1,1,0.294014
275,1164,1,1,0.294014
999,1164,1,1,0.294014
34,705,1,1,0.294014
196,705,1,1,0.294014
705,1164,1,1,0.294014
705,965,1,1,0.294014
115,965,1,1,0.294014
115,1216,1,1,0.294014
965,1216,1,1,0.294014
115,342,1,1,0.294014
362,1584,1,1,0.294014
115,1023,1,1,0.294014
1188,1339,1,1,0.294014
879,1023,1,1,0.294014
531,687,1,1,0.294014
56,1273,1,1,0.294014
1273,1578,1,1,0.294014
1284,1587,1,1,0.294014
597,611,1,1,0.294014
883,1303,1,1,0.294014
339,1303,1,1,0.294014
47,1050,1,1,0.294014
362,1296,1,1,0.294014
156,1303,1,1,0.294014
1143,1228,1,1,0.294014
186,897,1,1,0.294014
186,1234,1,1,0.294014
586,1012,1,1,0.294014
660,1143,1,1,0.294014
106,186,1,1,0.294014
186,1464,1,1,0.294014
718,1012,1,1,0.294014
1012,1464,1,1,0.294014
718,1228,1,1,0.294014
523,586,1,1,0.294014
1228,1464,1,1,0.294014
281,1584,1,1,0.294014
34,275,1,1,0.294014
34,999,1,1,0.294014
1234,1623,1,1,0.294014
196,275,1,1,0.294014
196,999,1,1,0.294014
897,1623,1,1,0.294014
275,999,1,1,0.294014
523,1623,1,1,0.294014
281,362,1,1,0.294014
281,1296,1,1,0.294014
339,883,1,1,0.294014
342,1023,1,1,0.294014
579,691,1,1,0.294014
587,1140,1,1,0.294014
663,691,1,1,0.294014
40,130,1,1,0.294014
106,1623,1,1,0.294014
293,655,1,1,0.294014
119,655,1,1,0.294014
564,982,1,1,0.294014
380,982,1,1,0.294014
380,564,1,1,0.294014
310,1623,1,1,0.294014
297,1154,1,1,0.294014
487,1270,1,1,0.294014
156,883,1,1,0.294014
156,339,1,1,0.294014
392,418,1,1,0.294014
509,607,1,1,0.291207
241,643,1,1,0.291207
466,787,1,1,0.291207
898,1633,1,1,0.291207
1032,1173,1,1,0.291207
1183,1194,1,1,0.291207
392,1277,1,1,0.291207
775,931,1,1,0.291207
1194,1223,1,1,0.291207
1194,1534,1,1,0.291207
1256,1613,1,1,0.291207
1256,1534,1,1,0.291207
458,1589,1,1,0.291207
1589,1633,1,1,0.291207
153,869,1,1,0.291207
184,1185,1,1,0.291207
607,1232,1,1,0.291207
751,1131,1,1,0.291207
1337,1445,1,1,0.291207
1476,1572,1,1,0.291207
77,1088,1,1,0.291207
1464,1633,1,1,0.291207
882,1162,1,1,0.291207
1572,1633,1,1,0.291207
1194,1656,1,1,0.291207
1312,1589,1,1,0.291207
320,1238,1,1,0.291207
263,859,1,1,0.291207
509,1232,1,1,0.291207
1312,1633,1,1,0.291207
709,839,1,1,0.291207
892,1073,1,1,0.291207
279,1460,1,1,0.291207
1043,1468,1,1,0.291207
650,1574,1,1,0.291207
217,1633,1,1,0.291207
792,1617,1,1,0.291207
440,1000,1,1,0.291207
545,1542,1,1,0.291207
1012,1100,1,1,0.291207
866,1376,1,1,0.291207
792,799,1,1,0.291207
943,1525,1,1,0.291207
1572,1593,1,1,0.291207
943,1079,1,1,0.291207
1476,1593,1,1,0.291207
1079,1525,1,1,0.291207
1127,1423,1,1,0.288539
591,1423,1,1,0.288539
591,1127,1,1,0.288539
277,858,1,1,0.288539
1023,1121,1,1,0.288539
625,1660,1,1,0.288539
381,1591,1,1,0.288539
1082,1313,1,1,0.288539
25,703,1,1,0.288539
25,661,1,1,0.288539
841,1267,1,1,0.288539
819,1450,1,1,0.288539
711,1128,1,1,0.288539
402,1080,1,1,0.288539
1478,1628,1,1,0.288539
512,663,1,1,0.288539
1093,1302,1,1,0.286
143,268,1,1,0.286
60,249,1,1,0.286
143,812,1,1,0.286
119,876,1,1,0.286
1242,1421,1,1,0.286
143,1658,1,1,0.286
253,812,1,1,0.286
60,410,1,1,0.286
38,60,1,1,0.286
253,268,1,1,0.286
273,1220,1,1,0.286
1233,1308,1,1,0.286
998,1242,1,1,0.286
198,1642,1,1,0.286
1093,1242,1,1,0.286
27,1106,1,1,0.286
143,253,1,1,0.286
354,1023,1,1,0.286
198,1233,1,1,0.286
1093,1608,1,1,0.286
1171,1421,1,1,0.286
1171,1642,1,1,0.286
71,1209,1,1,0.286
143,1308,1,1,0.286
354,1327,1,1,0.286
214,1554,1,1,0.286
725,1485,1,1,0.286
1093,1171,1,1,0.286
1302,1421,1,1,0.286
1043,1099,1,1,0.286
586,794,1,1,0.286
321,1463,1,1,0.286
298,1463,1,1,0.286
298,321,1,1,0.286
268,647,1,1,0.286
114,647,1,1,0.286
320,413,1,1,0.286
320,640,1,1,0.286
320,788,1,1,0.286
413,640,1,1,0.286
132,1642,1,1,0.286
1368,1642,1,1,0.286
132,198,1,1,0.286
132,998,1,1,0.286
198,1242,1,1,0.286
198,1302,1,1,0.286
198,1608,1,1,0.286
413,788,1,1,0.286
640,788,1,1,0.286
114,1308,1,1,0.286
114,1164,1,1,0.286
998,1302,1,1,0.286
1308,1658,1,1,0.286
1277,1550,1,1,0.286
1233,1658,1,1,0.286
794,913,1,1,0.286
253,1658,1,1,0.286
268,812,1,1,0.286
253,1233,1,1,0.286
668,1623,1,1,0.286
1421,1608,1,1,0.286
161,1642,1,1,0.286
384,895,1,1,0.286
789,1030,1,1,0.286
764,1498,1,1,0.286
1023,1327,1,1,0.286
441,1023,1,1,0.286
11,1609,1,1,0.286
1164,1658,1,1,0.286
1164,1233,1,1,0.286
253,1308,1,1,0.286
268,1233,1,1,0.286
161,1233,1,1,0.286
161,1368,1,1,0.286
161,998,1,1,0.286
125,586,1,1,0.286
143,1233,1,1,0.286
199,1021,1,1,0.286
812,1658,1,1,0.286
812,1308,1,1,0.286
812,1233,1,1,0.286
812,1164,1,1,0.286
268,1658,1,1,0.286
143,1164,1,1,0.286
995,1052,1,1,0.283578
486,1150,1,1,0.283578
362,519,1,1,0.283578
990,1020,1,1,0.283578
515,1410,1,1,0.283578
442,486,1,1,0.283578
466,1114,1,1,0.283578
3,1114,1,1,0.283578
3,466,1,1,0.283578
140,1468,1,1,0.283578
791,1043,1,1,0.283578
1468,1561,1,1,0.283578
987,1608,1,1,0.283578
720,1606,1,1,0.283578
146,979,1,1,0.283578
423,1342,1,1,0.283578
43,1273,1,1,0.283578
1014,1318,1,1,0.283578
675,720,1,1,0.283578
478,1050,1,1,0.283578
194,660,1,1,0.283578
1129,1619,1,1,0.283578
149,1118,1,1,0.283578
1118,1279,1,1,0.283578
319,487,1,1,0.281266
16,284,1,1,0.281266
16,319,1,1,0.281266
47,284,1,1,0.281266
153,284,1,1,0.281266
1047,1502,1,1,0.281266
47,153,1,1,0.281266
6,135,1,1,0.281266
284,487,1,1,0.281266
134,1499,1,1,0.281266
134,487,1,1,0.281266
723,1377,1,1,0.281266
166,435,1,1,0.281266
1047,1059,1,1,0.281266
160,1502,1,1,0.281266
244,640,1,1,0.281266
3,787,1,1,0.281266
231,244,1,1,0.281266
355,655,1,1,0.281266
355,1424,1,1,0.281266
319,1248,1,1,0.281266
60,130,1,1,0.281266
60,134,1,1,0.281266
60,329,1,1,0.281266
130,134,1,1,0.281266
1256,1459,1,1,0.281266
1459,1472,1,1,0.281266
130,329,1,1,0.281266
681,1418,1,1,0.281266
1043,1358,1,1,0.281266
200,1392,1,1,0.281266
897,1502,1,1,0.281266
545,897,1,1,0.281266
160,1290,1,1,0.281266
279,590,1,1,0.281266
1256,1415,1,1,0.281266
290,313,1,1,0.281266
130,547,1,1,0.281266
6,1031,1,1,0.281266
1088,1170,1,1,0.281266
748,1170,1,1,0.281266
29,1170,1,1,0.281266
748,1088,1,1,0.281266
547,1170,1,1,0.281266
547,1088,1,1,0.281266
130,166,1,1,0.281266
130,435,1,1,0.281266
130,748,1,1,0.281266
176,778,1,1,0.281266
130,1088,1,1,0.281266
547,748,1,1,0.281266
130,1170,1,1,0.281266
435,1170,1,1,0.281266
435,748,1,1,0.281266
435,547,1,1,0.281266
166,1170,1,1,0.281266
166,1088,1,1,0.281266
166,748,1,1,0.281266
44,955,1,1,0.281266
176,903,1,1,0.281266
6,290,1,1,0.281266
29,130,1,1,0.281266
6,313,1,1,0.281266
6,39,1,1,0.281266
166,547,1,1,0.281266
1256,1557,1,1,0.281266
1256,1595,1,1,0.281266
1415,1557,1,1,0.281266
1415,1595,1,1,0.281266
1557,1595,1,1,0.281266
224,706,1,1,0.281266
29,166,1,1,0.281266
778,903,1,1,0.281266
29,547,1,1,0.281266
29,748,1,1,0.281266
224,361,1,1,0.281266
7,224,1,1,0.281266
17,235,1,1,0.281266
7,903,1,1,0.281266
73,119,1,1,0.281266
157,590,1,1,0.281266
16,590,1,1,0.281266
29,1088,1,1,0.281266
284,1624,1,1,0.281266
217,764,1,1,0.281266
1443,1633,1,1,0.281266
487,1499,1,1,0.281266
417,1037,1,1,0.281266
581,1429,1,1,0.281266
521,1429,1,1,0.281266
625,764,1,1,0.281266
521,581,1,1,0.281266
1297,1328,1,1,0.279055
1192,1328,1,1,0.279055
417,1502,1,1,0.279055
1088,1502,1,1,0.279055
1487,1540,1,1,0.279055
1192,1297,1,1,0.279055
1164,1328,1,1,0.279055
1487,1659,1,1,0.279055
1540,1659,1,1,0.279055
1164,1297,1,1,0.279055
1164,1192,1,1,0.279055
1088,1328,1,1,0.279055
1088,1297,1,1,0.279055
665,993,1,1,0.279055
1088,1192,1,1,0.279055
2,705,1,1,0.279055
902,1088,1,1,0.279055
417,902,1,1,0.279055
417,945,1,1,0.279055
417,1164,1,1,0.279055
417,1192,1,1,0.279055
417,1297,1,1,0.279055
417,1328,1,1,0.279055
902,1164,1,1,0.279055
1088,1164,1,1,0.279055
902,1297,1,1,0.279055
902,1328,1,1,0.279055
945,1088,1,1,0.279055
945,1164,1,1,0.279055
945,1297,1,1,0.279055
945,1328,1,1,0.279055
2,606,1,1,0.279055
2,795,1,1,0.279055
2,727,1,1,0.279055
580,1282,1,1,0.279055
607,793,1,1,0.279055
261,1461,1,1,0.279055
613,1165,1,1,0.279055
665,793,1,1,0.279055
318,335,1,1,0.279055
1131,1591,1,1,0.279055
371,750,1,1,0.279055
607,1043,1,1,0.279055
607,665,1,1,0.279055
102,325,1,1,0.279055
707,927,1,1,0.279055
133,1060,1,1,0.279055
441,611,1,1,0.279055
528,1093,1,1,0.279055
607,993,1,1,0.279055
607,1608,1,1,0.279055
999,1413,1,1,0.279055
705,727,1,1,0.279055
2,945,1,1,0.279055
2,1012,1,1,0.279055
606,705,1,1,0.279055
606,795,1,1,0.279055
606,945,1,1,0.279055
606,1012,1,1,0.279055
705,795,1,1,0.279055
945,1012,1,1,0.279055
705,945,1,1,0.279055
727,795,1,1,0.279055
727,945,1,1,0.279055
727,1012,1,1,0.279055
795,945,1,1,0.279055
795,1012,1,1,0.279055
1192,1413,1,1,0.279055
892,1461,1,1,0.279055
999,1192,1,1,0.279055
664,1043,1,1,0.279055
319,1068,1,1,0.279055
319,1043,1,1,0.279055
945,1413,1,1,0.279055
665,1608,1,1,0.279055
319,805,1,1,0.279055
319,665,1,1,0.279055
281,1068,1,1,0.279055
281,1043,1,1,0.279055
281,805,1,1,0.279055
281,665,1,1,0.279055
199,1068,1,1,0.279055
199,1043,1,1,0.279055
199,805,1,1,0.279055
199,665,1,1,0.279055
1043,1608,1,1,0.279055
993,1608,1,1,0.279055
793,1608,1,1,0.279055
664,805,1,1,0.279055
664,665,1,1,0.279055
664,1068,1,1,0.279055
281,661,1,1,0.279055
945,999,1,1,0.279055
902,1413,1,1,0.279055
902,999,1,1,0.279055
661,1413,1,1,0.279055
661,1192,1,1,0.279055
661,999,1,1,0.279055
661,945,1,1,0.279055
661,902,1,1,0.279055
319,661,1,1,0.279055
199,661,1,1,0.279055
1043,1068,1,1,0.279055
805,1068,1,1,0.279055
793,993,1,1,0.279055
805,1043,1,1,0.279055
665,1068,1,1,0.279055
665,805,1,1,0.279055
793,1043,1,1,0.279055
407,1456,1,1,0.276938
307,1117,1,1,0.276938
407,754,1,1,0.276938
269,1533,1,1,0.276938
407,1253,1,1,0.276938
1395,1545,1,1,0.276938
960,1547,1,1,0.274908
174,579,1,1,0.274908
113,764,1,1,0.274908
407,1561,1,1,0.274908
1041,1279,1,1,0.274908
1296,1455,1,1,0.272958
611,838,1,1,0.272958
872,891,1,1,0.272958
1003,1274,1,1,0.272958
167,537,1,1,0.272958
816,952,1,1,0.272958
639,1340,1,1,0.272958
395,957,1,1,0.272958
17,144,1,1,0.272958
850,1222,1,1,0.272958
429,1131,1,1,0.271085
732,1418,1,1,0.271085
1320,1424,1,1,0.271085
244,1608,1,1,0.271085
960,997,1,1,0.271085
124,582,1,1,0.271085
791,988,1,1,0.271085
173,1318,1,1,0.271085
464,729,1,1,0.271085
794,797,1,1,0.271085
56,89,1,1,0.269283
605,728,1,1,0.269283
89,605,1,1,0.269283
89,1455,1,1,0.269283
89,885,1,1,0.269283
89,505,1,1,0.269283
89,501,1,1,0.269283
115,417,1,1,0.269283
831,1497,1,1,0.269283
885,978,1,1,0.269283
718,885,1,1,0.269283
154,1497,1,1,0.269283
505,978,1,1,0.269283
633,1532,1,1,0.269283
417,1532,1,1,0.269283
464,1497,1,1,0.269283
115,154,1,1,0.269283
417,1427,1,1,0.269283
116,728,1,1,0.269283
116,1245,1,1,0.269283
368,1277,1,1,0.269283
186,505,1,1,0.269283
154,1659,1,1,0.269283
290,1277,1,1,0.269283
290,1238,1,1,0.269283
290,1088,1,1,0.269283
290,368,1,1,0.269283
277,1277,1,1,0.269283
277,1238,1,1,0.269283
277,1088,1,1,0.269283
277,368,1,1,0.269283
277,290,1,1,0.269283
186,1277,1,1,0.269283
154,1427,1,1,0.269283
115,831,1,1,0.269283
115,633,1,1,0.269283
186,290,1,1,0.269283
186,277,1,1,0.269283
269,1592,1,1,0.269283
332,1592,1,1,0.269283
332,1644,1,1,0.269283
186,885,1,1,0.269283
1011,1143,1,1,0.269283
1328,1532,1,1,0.269283
6,463,1,1,0.269283
528,1529,1,1,0.269283
1011,1392,1,1,0.269283
1088,1277,1,1,0.269283
273,1392,1,1,0.269283
273,1143,1,1,0.269283
663,820,1,1,0.269283
173,1011,1,1,0.269283
173,273,1,1,0.269283
133,1392,1,1,0.269283
133,173,1,1,0.269283
6,1011,1,1,0.269283
6,273,1,1,0.269283
6,133,1,1,0.269283
139,1011,1,1,0.269283
139,273,1,1,0.269283
133,139,1,1,0.269283
727,820,1,1,0.269283
276,555,1,1,0.269283
787,1397,1,1,0.269283
6,158,1,1,0.269283
6,652,1,1,0.269283
464,1328,1,1,0.269283
158,173,1,1,0.269283
727,1464,1,1,0.269283
384,1455,1,1,0.269283
384,718,1,1,0.269283
384,501,1,1,0.269283
606,663,1,1,0.269283
56,384,1,1,0.269283
606,820,1,1,0.269283
652,978,1,1,0.269283
186,463,1,1,0.269283
158,384,1,1,0.269283
652,1392,1,1,0.269283
652,1143,1,1,0.269283
463,1392,1,1,0.269283
463,1143,1,1,0.269283
173,652,1,1,0.269283
173,463,1,1,0.269283
158,1392,1,1,0.269283
158,1143,1,1,0.269283
727,868,1,1,0.269283
417,1659,1,1,0.269283
633,1427,1,1,0.269283
1238,1277,1,1,0.269283
665,1075,1,1,0.269283
665,902,1,1,0.269283
126,1111,1,1,0.269283
126,1075,1,1,0.269283
126,902,1,1,0.269283
126,665,1,1,0.269283
15,1623,1,1,0.269283
15,1111,1,1,0.269283
15,1075,1,1,0.269283
15,964,1,1,0.269283
727,728,1,1,0.269283
15,665,1,1,0.269283
15,126,1,1,0.269283
411,1453,1,1,0.269283
319,411,1,1,0.269283
234,411,1,1,0.269283
665,964,1,1,0.269283
665,1111,1,1,0.269283
703,1608,1,1,0.269283
665,1623,1,1,0.269283
902,1075,1,1,0.269283
902,1111,1,1,0.269283
902,1623,1,1,0.269283
964,1075,1,1,0.269283
964,1111,1,1,0.269283
1075,1111,1,1,0.269283
1075,1623,1,1,0.269283
1111,1623,1,1,0.269283
964,1464,1,1,0.269283
1464,1623,1,1,0.269283
126,728,1,1,0.269283
606,728,1,1,0.269283
902,964,1,1,0.269283
606,1464,1,1,0.269283
184,186,1,1,0.269283
1453,1608,1,1,0.269283
15,902,1,1,0.269283
703,1453,1,1,0.269283
184,605,1,1,0.269283
510,789,1,1,0.269283
789,1659,1,1,0.269283
789,1427,1,1,0.269283
184,1238,1,1,0.269283
115,789,1,1,0.269283
831,1427,1,1,0.269283
633,1659,1,1,0.269283
1162,1165,1,1,0.269283
184,1077,1,1,0.269283
184,368,1,1,0.269283
184,1162,1,1,0.269283
1077,1165,1,1,0.269283
1077,1162,1,1,0.269283
184,1165,1,1,0.269283
605,1165,1,1,0.269283
510,1608,1,1,0.269283
605,1162,1,1,0.269283
605,1077,1,1,0.269283
184,1088,1,1,0.269283
831,1659,1,1,0.269283
234,1608,1,1,0.269283
2,510,1,1,0.269283
319,510,1,1,0.269283
2,234,1,1,0.269283
234,703,1,1,0.269283
234,510,1,1,0.269283
2,1608,1,1,0.269283
2,1453,1,1,0.269283
319,703,1,1,0.269283
2,703,1,1,0.269283
319,1608,1,1,0.269283
510,703,1,1,0.269283
2,319,1,1,0.269283
510,1453,1,1,0.269283
81,570,1,1,0.267546
640,1326,1,1,0.267546
343,1326,1,1,0.267546
803,883,1,1,0.267546
803,1296,1,1,0.267546
803,1422,1,1,0.267546
343,640,1,1,0.267546
549,640,1,1,0.267546
565,1226,1,1,0.267546
576,892,1,1,0.267546
134,1296,1,1,0.267546
103,115,1,1,0.267546
794,1032,1,1,0.267546
638,837,1,1,0.267546
430,1034,1,1,0.267546
199,430,1,1,0.267546
199,446,1,1,0.267546
883,1422,1,1,0.267546
638,1264,1,1,0.267546
292,394,1,1,0.267546
837,1264,1,1,0.267546
239,1336,1,1,0.267546
883,1296,1,1,0.267546
469,1143,1,1,0.267546
115,1296,1,1,0.267546
300,605,1,1,0.267546
46,99,1,1,0.267546
72,605,1,1,0.267546
8,674,1,1,0.267546
1317,1459,1,1,0.267546
640,1218,1,1,0.267546
115,1422,1,1,0.267546
239,876,1,1,0.267546
1570,1659,1,1,0.267546
951,1271,1,1,0.267546
762,1256,1,1,0.267546
1255,1256,1,1,0.267546
307,505,1,1,0.265873
12,115,1,1,0.265873
463,1547,1,1,0.265873
1031,1335,1,1,0.265873
115,615,1,1,0.265873
615,1200,1,1,0.265873
156,227,1,1,0.265873
156,615,1,1,0.265873
227,615,1,1,0.265873
1214,1326,1,1,0.265873
622,804,1,1,0.265873
359,803,1,1,0.265873
115,1561,1,1,0.265873
803,804,1,1,0.265873
138,349,1,1,0.265873
335,1550,1,1,0.265873
96,1200,1,1,0.265873
307,687,1,1,0.265873
622,730,1,1,0.265873
803,1561,1,1,0.265873
501,1014,1,1,0.265873
235,988,1,1,0.265873
126,252,1,1,0.265873
611,691,1,1,0.265873
730,803,1,1,0.265873
359,1561,1,1,0.265873
359,804,1,1,0.265873
72,313,1,1,0.265873
622,1561,1,1,0.265873
115,1200,1,1,0.265873
240,639,1,1,0.265873
659,1060,1,1,0.265873
133,356,1,1,0.265873
296,411,1,1,0.265873
675,1430,1,1,0.265873
615,1430,1,1,0.265873
771,1501,1,1,0.265873
261,783,1,1,0.264257
601,983,1,1,0.264257
875,1461,1,1,0.264257
240,261,1,1,0.264257
1288,1529,1,1,0.264257
1467,1563,1,1,0.264257
318,664,1,1,0.264257
814,983,1,1,0.264257
436,814,1,1,0.264257
685,1550,1,1,0.264257
436,601,1,1,0.264257
119,269,1,1,0.264257
700,1146,1,1,0.264257
681,685,1,1,0.264257
685,783,1,1,0.264257
1318,1563,1,1,0.264257
783,814,1,1,0.264257
783,1461,1,1,0.264257
1488,1623,1,1,0.264257
681,1146,1,1,0.264257
171,1140,1,1,0.264257
519,1067,1,1,0.264257
519,1429,1,1,0.264257
1067,1429,1,1,0.264257
317,763,1,1,0.264257
336,1186,1,1,0.264257
1068,1146,1,1,0.264257
480,1284,1,1,0.264257
546,1288,1,1,0.264257
269,763,1,1,0.264257
417,781,1,1,0.264257
317,781,1,1,0.264257
317,417,1,1,0.264257
240,1449,1,1,0.264257
783,1449,1,1,0.264257
814,1146,1,1,0.264257
523,1658,1,1,0.261189
610,665,1,1,0.261189
610,891,1,1,0.261189
204,523,1,1,0.261189
523,1477,1,1,0.261189
210,1647,1,1,0.261189
581,1453,1,1,0.261189
523,891,1,1,0.261189
523,665,1,1,0.261189
523,610,1,1,0.261189
607,999,1,1,0.261189
204,1658,1,1,0.261189
204,1477,1,1,0.261189
204,891,1,1,0.261189
204,665,1,1,0.261189
204,610,1,1,0.261189
281,1355,1,1,0.261189
607,728,1,1,0.261189
891,1658,1,1,0.261189
607,1592,1,1,0.261189
555,751,1,1,0.261189
913,1647,1,1,0.261189
116,913,1,1,0.261189
1291,1608,1,1,0.261189
1256,1291,1,1,0.261189
581,1608,1,1,0.261189
1504,1608,1,1,0.261189
1413,1599,1,1,0.261189
1021,1219,1,1,0.261189
675,1219,1,1,0.261189
1021,1497,1,1,0.261189
675,1497,1,1,0.261189
116,210,1,1,0.261189
751,1497,1,1,0.261189
555,1497,1,1,0.261189
1477,1658,1,1,0.261189
728,999,1,1,0.261189
116,1453,1,1,0.261189
125,210,1,1,0.261189
891,1477,1,1,0.261189
210,581,1,1,0.261189
665,1658,1,1,0.261189
665,1477,1,1,0.261189
665,891,1,1,0.261189
610,1658,1,1,0.261189
610,1477,1,1,0.261189
913,1256,1,1,0.261189
310,1291,1,1,0.261189
310,1256,1,1,0.261189
999,1592,1,1,0.261189
728,1592,1,1,0.261189
1453,1647,1,1,0.261189
252,869,1,1,0.261189
1088,1517,1,1,0.261189
605,1517,1,1,0.261189
1250,1504,1,1,0.261189
471,1352,1,1,0.261189
1245,1250,1,1,0.261189
1250,1453,1,1,0.261189
266,1154,1,1,0.261189
998,1250,1,1,0.261189
1088,1245,1,1,0.261189
266,1088,1,1,0.261189
290,1200,1,1,0.261189
290,951,1,1,0.261189
266,605,1,1,0.261189
210,1250,1,1,0.261189
146,951,1,1,0.261189
125,1504,1,1,0.261189
1154,1245,1,1,0.261189
1154,1517,1,1,0.261189
125,1453,1,1,0.261189
281,605,1,1,0.261189
125,998,1,1,0.261189
125,1355,1,1,0.261189
1250,1517,1,1,0.261189
146,290,1,1,0.261189
266,1250,1,1,0.261189
281,1088,1,1,0.261189
281,1154,1,1,0.261189
665,1405,1,1,0.261189
119,1511,1,1,0.25973
286,1511,1,1,0.25973
305,1466,1,1,0.25973
119,286,1,1,0.25973
1411,1603,1,1,0.25973
119,1172,1,1,0.25973
269,375,1,1,0.25973
1112,1459,1,1,0.25973
932,1656,1,1,0.25973
444,567,1,1,0.25973
932,1256,1,1,0.25973
665,1511,1,1,0.25973
279,905,1,1,0.25973
119,856,1,1,0.25973
286,560,1,1,0.25973
560,665,1,1,0.25973
286,1074,1,1,0.25973
544,1301,1,1,0.25973
6,1619,1,1,0.25973
1251,1534,1,1,0.25973
254,905,1,1,0.25973
458,484,1,1,0.25973
254,279,1,1,0.25973
663,1498,1,1,0.25973
186,990,1,1,0.25973
274,492,1,1,0.25973
567,843,1,1,0.25973
444,843,1,1,0.25973
1396,1562,1,1,0.25973
1317,1613,1,1,0.25973
1167,1317,1,1,0.25973
1186,1396,1,1,0.25973
1167,1252,1,1,0.25973
1202,1472,1,1,0.25973
1183,1202,1,1,0.25973
1472,1613,1,1,0.25973
1336,1613,1,1,0.25973
1317,1336,1,1,0.25973
119,745,1,1,0.25973
214,1368,1,1,0.25973
373,665,1,1,0.25973
286,373,1,1,0.25973
665,1603,1,1,0.25973
286,1603,1,1,0.25973
1466,1603,1,1,0.25973
305,1603,1,1,0.25973
119,190,1,1,0.25973
77,412,1,1,0.25973
119,1186,1,1,0.25973
190,1562,1,1,0.25973
151,380,1,1,0.25973
745,1562,1,1,0.25973
745,1396,1,1,0.25973
783,1629,1,1,0.25973
896,1200,1,1,0.25973
745,1186,1,1,0.25973
665,1562,1,1,0.25973
665,1396,1,1,0.25973
119,1396,1,1,0.25973
665,745,1,1,0.25973
665,1186,1,1,0.25973
190,1396,1,1,0.25973
190,745,1,1,0.25973
190,1186,1,1,0.25973
190,665,1,1,0.25973
119,1562,1,1,0.25973
794,920,1,1,0.256949
781,921,1,1,0.256949
685,1655,1,1,0.256949
469,1346,1,1,0.256949
469,484,1,1,0.256949
31,1594,1,1,0.256949
0,97,1,1,0.256949
385,781,1,1,0.256949
1266,1655,1,1,0.256949
979,1488,1,1,0.256949
183,1618,1,1,0.256949
240,897,1,1,0.255622
269,1331,1,1,0.254335
35,237,1,1,0.254335
927,1148,1,1,0.254335
210,805,1,1,0.251871
694,805,1,1,0.251871
334,694,1,1,0.251871
621,1606,1,1,0.251871
210,1154,1,1,0.251871
210,334,1,1,0.251871
1355,1563,1,1,0.251871
1315,1461,1,1,0.251871
545,854,1,1,0.25069
553,1275,1,1,0.249543
478,1144,1,1,0.249543
710,1144,1,1,0.249543
1208,1442,1,1,0.249543
553,1144,1,1,0.249543
192,1315,1,1,0.249543
921,1638,1,1,0.249543
174,515,1,1,0.249543
326,540,1,1,0.249543
56,599,1,1,0.249543
879,1187,1,1,0.249543
193,739,1,1,0.247338
455,1245,1,1,0.247338
1050,1206,1,1,0.247338
650,739,1,1,0.247338
925,1213,1,1,0.247338
193,650,1,1,0.247338
1292,1340,1,1,0.246279
345,853,1,1,0.246279
186,1340,1,1,0.246279
186,1292,1,1,0.246279
132,1578,1,1,0.245246
212,1004,1,1,0.245246
212,1292,1,1,0.245246
84,235,1,1,0.245246
624,1245,1,1,0.245246
1004,1292,1,1,0.245246
51,1561,1,1,0.245246
408,1245,1,1,0.245246
786,1453,1,1,0.243257
718,1637,1,1,0.243257
1339,1637,1,1,0.243257
305,559,1,1,0.243257
305,1453,1,1,0.243257
745,1453,1,1,0.243257
553,745,1,1,0.243257
553,786,1,1,0.243257
553,887,1,1,0.243257
887,1453,1,1,0.243257
559,1453,1,1,0.243257
553,559,1,1,0.243257
745,1425,1,1,0.243257
718,1339,1,1,0.243257
311,745,1,1,0.243257
299,559,1,1,0.243257
786,972,1,1,0.243257
596,887,1,1,0.243257
596,745,1,1,0.243257
299,745,1,1,0.243257
299,887,1,1,0.243257
299,972,1,1,0.243257
299,1006,1,1,0.243257
406,544,1,1,0.243257
406,745,1,1,0.243257
406,887,1,1,0.243257
406,1425,1,1,0.243257
544,1425,1,1,0.243257
625,1502,1,1,0.243257
887,1425,1,1,0.243257
625,1012,1,1,0.243257
553,1453,1,1,0.243257
305,1378,1,1,0.243257
663,745,1,1,0.243257
305,967,1,1,0.243257
786,967,1,1,0.243257
474,544,1,1,0.243257
474,745,1,1,0.243257
474,786,1,1,0.243257
474,887,1,1,0.243257
237,559,1,1,0.243257
237,1006,1,1,0.243257
305,500,1,1,0.243257
305,1321,1,1,0.243257
500,1321,1,1,0.243257
559,1523,1,1,0.243257
406,1482,1,1,0.243257
540,1063,1,1,0.243257
902,1250,1,1,0.243257
38,1386,1,1,0.243257
341,1021,1,1,0.243257
963,1182,1,1,0.243257
909,963,1,1,0.243257
663,887,1,1,0.243257
406,1006,1,1,0.243257
127,1006,1,1,0.243257
559,852,1,1,0.243257
786,1378,1,1,0.243257
127,544,1,1,0.243257
786,852,1,1,0.243257
852,887,1,1,0.243257
745,1378,1,1,0.243257
335,1507,1,1,0.243257
1184,1503,1,1,0.243257
127,305,1,1,0.243257
1339,1503,1,1,0.243257
1184,1339,1,1,0.243257
803,876,1,1,0.240449
670,1427,1,1,0.240449
1022,1282,1,1,0.240449
602,1255,1,1,0.239556
619,1140,1,1,0.239556
519,1274,1,1,0.239556
52,1584,1,1,0.239556
584,1023,1,1,0.239556
444,1570,1,1,0.239556
444,1277,1,1,0.239556
251,762,1,1,0.239556
490,602,1,1,0.239556
490,1255,1,1,0.239556
490,762,1,1,0.239556
343,1651,1,1,0.239556
251,602,1,1,0.239556
251,1255,1,1,0.239556
343,1174,1,1,0.239556
1036,1079,1,1,0.239556
118,1063,1,1,0.236177
118,430,1,1,0.236177
1093,1571,1,1,0.236177
1063,1093,1,1,0.236177
252,1571,1,1,0.236177
957,1571,1,1,0.236177
957,1063,1,1,0.236177
118,1571,1,1,0.236177
430,1571,1,1,0.236177
252,1063,1,1,0.236177
1093,1168,1,1,0.236177
957,1168,1,1,0.236177
252,1168,1,1,0.236177
567,1172,1,1,0.236177
243,1172,1,1,0.236177
243,567,1,1,0.236177
537,649,1,1,0.236177
129,919,1,1,0.236177
945,1200,1,1,0.236177
430,1063,1,1,0.236177
190,216,1,1,0.236177
803,1630,1,1,0.236177
1572,1636,1,1,0.236177
596,1572,1,1,0.236177
135,862,1,1,0.236177
862,965,1,1,0.236177
632,965,1,1,0.236177
478,869,1,1,0.236177
965,1188,1,1,0.236177
1189,1615,1,1,0.236177
144,1189,1,1,0.236177
1636,1657,1,1,0.236177
1572,1657,1,1,0.236177
1496,1657,1,1,0.236177
1496,1572,1,1,0.236177
190,1264,1,1,0.236177
422,965,1,1,0.236177
633,1168,1,1,0.236177
190,1657,1,1,0.236177
633,1657,1,1,0.236177
190,633,1,1,0.236177
190,1496,1,1,0.236177
216,1264,1,1,0.236177
216,1496,1,1,0.236177
1264,1496,1,1,0.236177
368,1268,1,1,0.234594
472,1247,1,1,0.234594
472,1489,1,1,0.234594
1247,1489,1,1,0.234594
300,852,1,1,0.234594
15,1351,1,1,0.234594
1424,1576,1,1,0.234594
748,1141,1,1,0.234594
569,1305,1,1,0.234594
428,1141,1,1,0.234594
655,1514,1,1,0.234594
412,1214,1,1,0.234594
576,595,1,1,0.234594
413,1083,1,1,0.234594
160,969,1,1,0.233827
474,1352,1,1,0.233827
474,1012,1,1,0.233827
439,1222,1,1,0.233827
1189,1397,1,1,0.233827
646,650,1,1,0.233075
832,1279,1,1,0.233075
210,469,1,1,0.233075
77,694,1,1,0.233075
210,1232,1,1,0.233075
469,1232,1,1,0.233075
232,1382,1,1,0.233075
722,863,1,1,0.233075
832,1316,1,1,0.233075
863,1266,1,1,0.233075
1302,1623,1,1,0.233075
646,1043,1,1,0.233075
124,294,1,1,0.232338
338,489,1,1,0.232338
396,1114,1,1,0.232338
1287,1578,1,1,0.232338
262,785,1,1,0.232338
159,289,1,1,0.232338
289,294,1,1,0.232338
843,1226,1,1,0.230908
687,1587,1,1,0.230908
591,1377,1,1,0.230908
960,1549,1,1,0.230908
27,1587,1,1,0.230908
27,313,1,1,0.230908
591,1549,1,1,0.230908
372,533,1,1,0.230908
313,814,1,1,0.230908
814,1587,1,1,0.230908
543,1226,1,1,0.230908
543,1337,1,1,0.230908
1226,1337,1,1,0.230908
480,517,1,1,0.230908
126,664,1,1,0.230908
591,664,1,1,0.230908
556,676,1,1,0.230908
126,591,1,1,0.230908
775,1050,1,1,0.230908
502,1031,1,1,0.230908
331,1031,1,1,0.230908
331,502,1,1,0.230908
316,1031,1,1,0.230908
316,502,1,1,0.230908
673,750,1,1,0.230908
200,1476,1,1,0.230908
200,891,1,1,0.230908
200,302,1,1,0.230908
39,1476,1,1,0.230908
39,891,1,1,0.230908
39,302,1,1,0.230908
39,200,1,1,0.230908
691,1476,1,1,0.230908
691,891,1,1,0.230908
302,691,1,1,0.230908
592,1136,1,1,0.230908
15,1136,1,1,0.230908
15,592,1,1,0.230908
316,452,1,1,0.230908
452,1070,1,1,0.230908
452,1117,1,1,0.230908
772,876,1,1,0.230908
711,1050,1,1,0.230908
76,1050,1,1,0.230908
76,711,1,1,0.230908
1369,1589,1,1,0.230908
293,1423,1,1,0.230908
293,594,1,1,0.230908
372,1423,1,1,0.230908
372,594,1,1,0.230908
946,1174,1,1,0.230908
331,1117,1,1,0.230908
857,1627,1,1,0.230908
50,676,1,1,0.230908
50,556,1,1,0.230908
1070,1226,1,1,0.230908
615,1226,1,1,0.230908
331,1226,1,1,0.230908
316,1226,1,1,0.230908
615,1117,1,1,0.230908
909,930,1,1,0.230213
527,909,1,1,0.230213
330,1011,1,1,0.230213
853,909,1,1,0.230213
330,1574,1,1,0.230213
330,1601,1,1,0.230213
1011,1574,1,1,0.230213
1574,1601,1,1,0.230213
877,1133,1,1,0.230213
349,875,1,1,0.230213
241,1352,1,1,0.230213
349,1568,1,1,0.230213
16,457,1,1,0.230213
457,875,1,1,0.230213
1153,1181,1,1,0.230213
241,370,1,1,0.230213
16,875,1,1,0.230213
909,999,1,1,0.230213
370,1013,1,1,0.230213
241,531,1,1,0.230213
875,1065,1,1,0.230213
875,1011,1,1,0.230213
370,875,1,1,0.230213
370,1068,1,1,0.230213
875,1068,1,1,0.230213
370,1620,1,1,0.230213
160,1011,1,1,0.230213
241,1011,1,1,0.230213
375,875,1,1,0.230213
624,1324,1,1,0.225692
805,1067,1,1,0.225692
407,1067,1,1,0.225692
407,501,1,1,0.225692
624,1633,1,1,0.225692
869,1633,1,1,0.225692
805,869,1,1,0.225692
141,1578,1,1,0.225692
805,1288,1,1,0.225692
407,562,1,1,0.225692
1200,1633,1,1,0.225692
1288,1324,1,1,0.225692
1288,1633,1,1,0.225692
686,1589,1,1,0.225692
30,1422,1,1,0.225692
219,444,1,1,0.225692
622,1121,1,1,0.225692
31,1633,1,1,0.225692
1212,1313,1,1,0.225692
1114,1629,1,1,0.225692
407,1501,1,1,0.225692
1501,1633,1,1,0.225692
1335,1372,1,1,0.225692
115,1124,1,1,0.225692
597,846,1,1,0.225692
415,1372,1,1,0.225692
415,1335,1,1,0.225692
536,838,1,1,0.225692
116,1230,1,1,0.225692
384,1179,1,1,0.225692
559,999,1,1,0.225692
1107,1578,1,1,0.225692
47,1402,1,1,0.225692
802,1346,1,1,0.225692
247,550,1,1,0.225692
72,1081,1,1,0.225692
597,625,1,1,0.225692
597,696,1,1,0.225692
597,1141,1,1,0.225692
625,696,1,1,0.225692
625,1141,1,1,0.225692
696,1141,1,1,0.225692
923,988,1,1,0.225692
269,525,1,1,0.225692
1245,1519,1,1,0.225692
67,1238,1,1,0.225692
624,805,1,1,0.225692
624,869,1,1,0.225692
524,1245,1,1,0.225692
813,823,1,1,0.225692
899,908,1,1,0.225692
905,1186,1,1,0.225692
681,1633,1,1,0.225692
219,1313,1,1,0.225692
575,1336,1,1,0.2245
1496,1562,1,1,0.2245
91,119,1,1,0.2245
91,1594,1,1,0.2245
119,1005,1,1,0.2245
1005,1121,1,1,0.2245
91,1121,1,1,0.2245
912,1074,1,1,0.2245
1062,1623,1,1,0.2245
912,1623,1,1,0.2245
912,1062,1,1,0.2245
50,1161,1,1,0.2245
394,912,1,1,0.2245
923,1562,1,1,0.2245
1562,1636,1,1,0.2245
1252,1636,1,1,0.2245
373,613,1,1,0.2245
1252,1496,1,1,0.2245
121,1415,1,1,0.2245
912,1336,1,1,0.2245
912,1472,1,1,0.2245
56,1074,1,1,0.2245
121,1077,1,1,0.2245
833,1415,1,1,0.2245
833,1077,1,1,0.2245
1105,1595,1,1,0.2245
575,1595,1,1,0.2245
575,1105,1,1,0.2245
56,1595,1,1,0.2245
56,1105,1,1,0.2245
451,1084,1,1,0.2245
119,1594,1,1,0.2245
43,1020,1,1,0.222785
71,677,1,1,0.222785
331,1273,1,1,0.222785
225,1157,1,1,0.222785
221,358,1,1,0.222785
993,1297,1,1,0.222785
250,1297,1,1,0.222785
1189,1293,1,1,0.222785
347,1351,1,1,0.222785
1093,1361,1,1,0.221687
687,803,1,1,0.221687
1188,1549,1,1,0.221687
1264,1361,1,1,0.221687
687,1093,1,1,0.221687
687,1264,1,1,0.221687
366,490,1,1,0.221687
1093,1264,1,1,0.221687
803,1264,1,1,0.221687
687,1361,1,1,0.221687
381,1099,1,1,0.221687
366,722,1,1,0.221687
547,739,1,1,0.221687
67,722,1,1,0.221687
193,271,1,1,0.221687
547,960,1,1,0.221687
739,1162,1,1,0.221687
621,796,1,1,0.221687
739,960,1,1,0.221687
67,193,1,1,0.221687
547,1162,1,1,0.221687
193,833,1,1,0.221687
747,925,1,1,0.221687
1200,1547,1,1,0.221687
847,1592,1,1,0.221687
270,500,1,1,0.221687
500,783,1,1,0.221687
1350,1446,1,1,0.221687
1446,1547,1,1,0.221687
960,1162,1,1,0.221687
1200,1350,1,1,0.221687
1004,1099,1,1,0.221687
601,917,1,1,0.221687
1397,1523,1,1,0.221687
142,601,1,1,0.221687
142,917,1,1,0.221687
293,380,1,1,0.221687
762,900,1,1,0.221687
592,1033,1,1,0.221687
343,592,1,1,0.221687
302,839,1,1,0.221687
293,762,1,1,0.221687
442,1033,1,1,0.221687
381,1004,1,1,0.221687
293,1264,1,1,0.221687
490,722,1,1,0.221687
380,762,1,1,0.221687
380,1264,1,1,0.221687
762,1264,1,1,0.221687
380,725,1,1,0.221687
1014,1033,1,1,0.221687
1251,1256,1,1,0.221151
1251,1656,1,1,0.221151
316,838,1,1,0.221151
538,1140,1,1,0.221151
245,1347,1,1,0.221151
579,1297,1,1,0.221151
579,1452,1,1,0.221151
1251,1317,1,1,0.221151
745,1355,1,1,0.221151
162,1296,1,1,0.221151
1359,1424,1,1,0.219089
806,1326,1,1,0.219089
661,806,1,1,0.219089
661,1326,1,1,0.219089
806,927,1,1,0.219089
661,927,1,1,0.219089
185,347,1,1,0.219089
159,1633,1,1,0.219089
3,623,1,1,0.219089
835,1230,1,1,0.219089
248,1588,1,1,0.219089
101,1054,1,1,0.219089
615,1633,1,1,0.219089
1159,1600,1,1,0.219089
380,1633,1,1,0.219089
9,74,1,1,0.219089
159,380,1,1,0.219089
500,1633,1,1,0.219089
101,1081,1,1,0.219089
1054,1081,1,1,0.219089
166,484,1,1,0.219089
927,1326,1,1,0.219089
590,1633,1,1,0.219089
347,1633,1,1,0.219089
112,1421,1,1,0.218104
727,1369,1,1,0.218104
913,1532,1,1,0.218104
1047,1282,1,1,0.218104
182,521,1,1,0.218104
950,1043,1,1,0.218104
1369,1564,1,1,0.218104
370,1432,1,1,0.218104
705,902,1,1,0.215762
705,830,1,1,0.215762
117,889,1,1,0.215762
117,249,1,1,0.215762
889,1261,1,1,0.215762
558,807,1,1,0.215762
830,902,1,1,0.215762
511,918,1,1,0.215762
391,1162,1,1,0.215762
391,1231,1,1,0.215762
391,1279,1,1,0.215762
1162,1231,1,1,0.215762
705,1372,1,1,0.215762
1162,1279,1,1,0.215762
1231,1279,1,1,0.215762
786,869,1,1,0.215762
889,989,1,1,0.215762
511,1431,1,1,0.215762
52,652,1,1,0.215762
918,1431,1,1,0.215762
96,388,1,1,0.215762
388,786,1,1,0.215762
96,705,1,1,0.215762
605,836,1,1,0.215762
61,1386,1,1,0.215762
61,1372,1,1,0.215762
652,1050,1,1,0.215762
52,1050,1,1,0.215762
249,1261,1,1,0.215762
754,1192,1,1,0.215762
558,1041,1,1,0.215762
68,126,1,1,0.215762
99,606,1,1,0.215762
99,623,1,1,0.215762
606,623,1,1,0.215762
153,705,1,1,0.215762
153,1361,1,1,0.215762
705,1361,1,1,0.215762
68,464,1,1,0.215762
87,606,1,1,0.215762
68,770,1,1,0.215762
68,1588,1,1,0.215762
649,666,1,1,0.215762
126,464,1,1,0.215762
87,663,1,1,0.215762
140,756,1,1,0.215762
87,623,1,1,0.215762
87,99,1,1,0.215762
126,1588,1,1,0.215762
807,918,1,1,0.215762
266,1470,1,1,0.215762
807,1638,1,1,0.215762
190,1638,1,1,0.215762
190,807,1,1,0.215762
918,1361,1,1,0.215762
807,1361,1,1,0.215762
478,807,1,1,0.215762
412,969,1,1,0.215762
1470,1544,1,1,0.215762
1470,1614,1,1,0.215762
359,558,1,1,0.215762
359,1544,1,1,0.215762
359,1614,1,1,0.215762
412,607,1,1,0.215762
126,770,1,1,0.215762
464,770,1,1,0.215762
703,1226,1,1,0.215762
703,1372,1,1,0.215762
1003,1648,1,1,0.215762
1003,1143,1,1,0.215762
222,703,1,1,0.215762
222,1372,1,1,0.215762
222,1451,1,1,0.215762
222,1476,1,1,0.215762
703,1451,1,1,0.215762
728,1010,1,1,0.215762
703,1476,1,1,0.215762
1372,1451,1,1,0.215762
1372,1476,1,1,0.215762
1451,1476,1,1,0.215762
702,1372,1,1,0.215762
702,739,1,1,0.215762
1143,1648,1,1,0.215762
335,794,1,1,0.215762
464,1588,1,1,0.215762
418,538,1,1,0.215762
721,1238,1,1,0.215762
558,1470,1,1,0.215762
270,1384,1,1,0.215762
549,1154,1,1,0.215762
538,730,1,1,0.215762
34,1326,1,1,0.215762
148,418,1,1,0.215762
649,1192,1,1,0.215762
820,1038,1,1,0.215762
704,1298,1,1,0.215762
473,1594,1,1,0.215762
479,918,1,1,0.215762
1282,1326,1,1,0.215762
105,410,1,1,0.215762
537,1154,1,1,0.215762
770,1192,1,1,0.215762
100,1031,1,1,0.214871
556,816,1,1,0.214871
57,1245,1,1,0.214871
57,186,1,1,0.214871
479,868,1,1,0.214871
794,1311,1,1,0.214871
1178,1335,1,1,0.214871
1031,1499,1,1,0.214871
1149,1335,1,1,0.214871
794,1034,1,1,0.214871
1034,1273,1,1,0.214871
794,1031,1,1,0.214871
1279,1335,1,1,0.214871
959,1335,1,1,0.214871
269,868,1,1,0.214871
615,810,1,1,0.214871
615,1659,1,1,0.214871
615,1326,1,1,0.214871
594,800,1,1,0.214871
840,1335,1,1,0.214871
476,1659,1,1,0.214871
186,1245,1,1,0.214871
1268,1335,1,1,0.214871
991,1335,1,1,0.214871
333,918,1,1,0.214871
801,1335,1,1,0.214871
280,1335,1,1,0.214871
141,1335,1,1,0.214871
141,203,1,1,0.214871
1008,1335,1,1,0.214871
1130,1335,1,1,0.214871
918,1455,1,1,0.214871
333,1455,1,1,0.214871
615,1178,1,1,0.214871
461,615,1,1,0.214871
55,1335,1,1,0.214871
100,1499,1,1,0.214871
1160,1335,1,1,0.214871
662,663,1,1,0.214434
330,461,1,1,0.214434
951,980,1,1,0.214434
7,93,1,1,0.214434
36,1155,1,1,0.214434
374,1031,1,1,0.214434
476,642,1,1,0.214434
727,1450,1,1,0.214434
394,1067,1,1,0.214003
132,394,1,1,0.214003
635,1067,1,1,0.214003
637,763,1,1,0.214003
609,730,1,1,0.214003
273,612,1,1,0.214003
433,1561,1,1,0.214003
273,872,1,1,0.214003
123,872,1,1,0.214003
332,398,1,1,0.214003
244,903,1,1,0.214003
123,273,1,1,0.214003
570,753,1,1,0.214003
252,927,1,1,0.214003
67,1658,1,1,0.209988
556,1187,1,1,0.209988
273,864,1,1,0.209988
993,1124,1,1,0.209988
691,1368,1,1,0.209988
1411,1658,1,1,0.209988
864,1261,1,1,0.209988
67,1411,1,1,0.209988
864,879,1,1,0.209988
864,1428,1,1,0.209988
613,864,1,1,0.209988
864,1195,1,1,0.209988
857,864,1,1,0.209988
1248,1428,1,1,0.209988
156,1603,1,1,0.209988
156,1519,1,1,0.208516
296,638,1,1,0.208516
184,765,1,1,0.208516
436,1576,1,1,0.208516
1249,1563,1,1,0.208516
699,1368,1,1,0.208516
1234,1519,1,1,0.208516
156,1234,1,1,0.208516
461,1209,1,1,0.208516
1041,1320,1,1,0.208516
283,824,1,1,0.208516
85,824,1,1,0.208516
85,283,1,1,0.208516
501,1102,1,1,0.208516
436,1054,1,1,0.208516
293,780,1,1,0.208516
1330,1368,1,1,0.208516
589,1482,1,1,0.208159
909,1283,1,1,0.208159
448,1608,1,1,0.208159
125,1006,1,1,0.208159
186,587,1,1,0.208159
587,761,1,1,0.208159
896,913,1,1,0.208159
1283,1482,1,1,0.208159
1283,1623,1,1,0.208159
1482,1623,1,1,0.208159
55,1099,1,1,0.208159
647,909,1,1,0.208159
270,1368,1,1,0.208159
106,1172,1,1,0.208159
106,1523,1,1,0.208159
304,487,1,1,0.208159
1172,1523,1,1,0.208159
633,1164,1,1,0.208159
1005,1408,1,1,0.208159
487,1099,1,1,0.208159
558,1408,1,1,0.208159
664,1472,1,1,0.208159
448,1290,1,1,0.208159
448,1031,1,1,0.208159
448,770,1,1,0.208159
448,694,1,1,0.208159
224,587,1,1,0.208159
224,913,1,1,0.208159
224,1005,1,1,0.208159
224,1196,1,1,0.208159
868,1608,1,1,0.208159
587,1005,1,1,0.208159
913,1005,1,1,0.208159
1005,1196,1,1,0.208159
304,913,1,1,0.208159
351,558,1,1,0.208159
558,694,1,1,0.208159
304,1196,1,1,0.208159
726,802,1,1,0.208159
558,815,1,1,0.208159
558,802,1,1,0.208159
913,1099,1,1,0.208159
1099,1196,1,1,0.208159
78,448,1,1,0.208159
351,448,1,1,0.208159
1138,1517,1,1,0.208159
310,1138,1,1,0.208159
503,1517,1,1,0.208159
304,600,1,1,0.208159
304,558,1,1,0.208159
270,727,1,1,0.208159
270,304,1,1,0.208159
1006,1547,1,1,0.208159
60,1290,1,1,0.208159
304,1547,1,1,0.208159
304,1154,1,1,0.208159
304,729,1,1,0.208159
304,628,1,1,0.208159
144,304,1,1,0.208159
106,1138,1,1,0.208159
487,729,1,1,0.208159
487,628,1,1,0.208159
60,503,1,1,0.208159
144,487,1,1,0.208159
60,1482,1,1,0.208159
106,503,1,1,0.208159
106,1482,1,1,0.208159
503,589,1,1,0.208159
503,1482,1,1,0.208159
304,727,1,1,0.208159
304,747,1,1,0.208159
1482,1517,1,1,0.208159
1006,1154,1,1,0.208159
186,600,1,1,0.208159
186,1154,1,1,0.208159
726,999,1,1,0.208159
727,1494,1,1,0.208159
60,1138,1,1,0.208159
727,1121,1,1,0.208159
727,999,1,1,0.208159
727,747,1,1,0.208159
186,1547,1,1,0.208159
600,761,1,1,0.208159
600,1006,1,1,0.208159
558,727,1,1,0.208159
304,1494,1,1,0.208159
761,1154,1,1,0.208159
304,1121,1,1,0.208159
125,224,1,1,0.208159
310,589,1,1,0.208159
761,1547,1,1,0.208159
304,999,1,1,0.208159
125,1005,1,1,0.208159
273,943,1,1,0.208159
726,815,1,1,0.208159
16,117,1,1,0.208159
943,1523,1,1,0.208159
19,1415,1,1,0.208159
313,741,1,1,0.208159
117,311,1,1,0.208159
16,1216,1,1,0.208159
16,867,1,1,0.208159
313,1248,1,1,0.208159
313,1562,1,1,0.208159
16,552,1,1,0.208159
16,460,1,1,0.208159
16,311,1,1,0.208159
741,1523,1,1,0.208159
741,1580,1,1,0.208159
1248,1523,1,1,0.208159
231,1216,1,1,0.208159
2,1216,1,1,0.208159
2,867,1,1,0.208159
1248,1580,1,1,0.208159
2,552,1,1,0.208159
2,460,1,1,0.208159
868,1290,1,1,0.208159
2,117,1,1,0.208159
2,16,1,1,0.208159
1523,1562,1,1,0.208159
1216,1295,1,1,0.208159
1171,1216,1,1,0.208159
906,1216,1,1,0.208159
859,1216,1,1,0.208159
117,460,1,1,0.208159
117,552,1,1,0.208159
117,867,1,1,0.208159
117,1216,1,1,0.208159
273,1383,1,1,0.208159
273,1415,1,1,0.208159
273,1580,1,1,0.208159
474,493,1,1,0.208159
474,943,1,1,0.208159
273,493,1,1,0.208159
474,1087,1,1,0.208159
474,1383,1,1,0.208159
474,1415,1,1,0.208159
474,1580,1,1,0.208159
493,1383,1,1,0.208159
943,1383,1,1,0.208159
273,474,1,1,0.208159
1087,1383,1,1,0.208159
1383,1415,1,1,0.208159
1383,1580,1,1,0.208159
552,1216,1,1,0.208159
313,493,1,1,0.208159
552,867,1,1,0.208159
460,1216,1,1,0.208159
460,867,1,1,0.208159
460,552,1,1,0.208159
311,1216,1,1,0.208159
311,867,1,1,0.208159
311,552,1,1,0.208159
313,1087,1,1,0.208159
311,460,1,1,0.208159
287,1216,1,1,0.208159
2,311,1,1,0.208159
867,1242,1,1,0.208159
78,868,1,1,0.208159
143,1576,1,1,0.208159
881,1496,1,1,0.208159
862,1562,1,1,0.208159
862,1216,1,1,0.208159
862,927,1,1,0.208159
838,862,1,1,0.208159
741,862,1,1,0.208159
500,862,1,1,0.208159
1216,1248,1,1,0.208159
927,1248,1,1,0.208159
838,1248,1,1,0.208159
500,1248,1,1,0.208159
19,1216,1,1,0.208159
19,927,1,1,0.208159
143,1581,1,1,0.208159
19,838,1,1,0.208159
19,500,1,1,0.208159
78,413,1,1,0.208159
413,558,1,1,0.208159
249,287,1,1,0.208159
413,770,1,1,0.208159
747,802,1,1,0.208159
747,815,1,1,0.208159
802,815,1,1,0.208159
802,1121,1,1,0.208159
802,1368,1,1,0.208159
802,1494,1,1,0.208159
815,1121,1,1,0.208159
815,1368,1,1,0.208159
815,1494,1,1,0.208159
143,379,1,1,0.208159
868,1031,1,1,0.208159
273,1087,1,1,0.208159
558,868,1,1,0.208159
413,1608,1,1,0.208159
413,1290,1,1,0.208159
413,1031,1,1,0.208159
413,868,1,1,0.208159
249,379,1,1,0.208159
249,1576,1,1,0.208159
249,1581,1,1,0.208159
1562,1580,1,1,0.208159
318,1581,1,1,0.208159
379,844,1,1,0.208159
379,1242,1,1,0.208159
379,1576,1,1,0.208159
379,1581,1,1,0.208159
844,1576,1,1,0.208159
844,1581,1,1,0.208159
1242,1576,1,1,0.208159
1242,1581,1,1,0.208159
1576,1581,1,1,0.208159
143,859,1,1,0.208159
143,1171,1,1,0.208159
143,1295,1,1,0.208159
318,906,1,1,0.208159
231,844,1,1,0.208159
318,1576,1,1,0.208159
770,868,1,1,0.208159
318,379,1,1,0.208159
334,431,1,1,0.207806
789,833,1,1,0.207806
774,1165,1,1,0.207806
680,847,1,1,0.207806
876,1242,1,1,0.207806
161,1242,1,1,0.207806
161,876,1,1,0.207806
403,542,1,1,0.207806
97,1139,1,1,0.207806
96,833,1,1,0.207806
30,765,1,1,0.207806
96,789,1,1,0.207806
1460,1463,1,1,0.207806
989,999,1,1,0.207806
302,1411,1,1,0.207806
293,957,1,1,0.207806
340,1328,1,1,0.207806
156,765,1,1,0.207806
156,302,1,1,0.207806
454,483,1,1,0.207806
680,1242,1,1,0.207806
298,1010,1,1,0.206099
884,944,1,1,0.206099
158,1525,1,1,0.206099
186,1525,1,1,0.206099
560,944,1,1,0.206099
171,560,1,1,0.206099
944,1257,1,1,0.206099
884,1257,1,1,0.206099
171,1257,1,1,0.206099
1016,1392,1,1,0.206099
171,884,1,1,0.206099
789,1315,1,1,0.206099
802,1512,1,1,0.206099
338,997,1,1,0.206099
844,1481,1,1,0.206099
60,1088,1,1,0.206099
384,1298,1,1,0.206099
612,1335,1,1,0.206099
1248,1555,1,1,0.206099
780,1481,1,1,0.206099
464,1080,1,1,0.206099
123,485,1,1,0.206099
111,955,1,1,0.206099
201,1090,1,1,0.205443
274,941,1,1,0.205443
274,1101,1,1,0.205443
993,1282,1,1,0.205443
38,241,1,1,0.205443
344,1657,1,1,0.205443
38,1657,1,1,0.205443
10,1090,1,1,0.205443
909,941,1,1,0.205443
527,1622,1,1,0.205443
909,1101,1,1,0.205443
51,909,1,1,0.205443
1370,1479,1,1,0.205443
279,600,1,1,0.205443
1068,1311,1,1,0.205443
1011,1424,1,1,0.205443
637,1011,1,1,0.205443
1219,1288,1,1,0.205443
875,1507,1,1,0.205443
1288,1330,1,1,0.205443
875,1478,1,1,0.205443
140,875,1,1,0.205443
395,893,1,1,0.205443
492,893,1,1,0.205443
10,993,1,1,0.205443
993,1011,1,1,0.205443
875,1028,1,1,0.205443
10,274,1,1,0.205443
993,1152,1,1,0.205443
606,699,1,1,0.205443
606,925,1,1,0.205443
699,925,1,1,0.205443
924,1298,1,1,0.205443
10,1101,1,1,0.205443
1011,1101,1,1,0.205443
404,1011,1,1,0.205443
1011,1181,1,1,0.205443
600,1282,1,1,0.205443
336,706,1,1,0.203862
835,1424,1,1,0.203862
671,1011,1,1,0.203862
1215,1377,1,1,0.203862
538,1639,1,1,0.203862
338,505,1,1,0.203862
1266,1530,1,1,0.203862
841,1455,1,1,0.203862
521,1626,1,1,0.203862
1145,1564,1,1,0.203862
531,999,1,1,0.203862
23,671,1,1,0.203862
611,1308,1,1,0.203862
283,1632,1,1,0.203862
611,1572,1,1,0.203862
1308,1572,1,1,0.203862
611,671,1,1,0.203862
208,676,1,1,0.203862
305,1035,1,1,0.203862
208,889,1,1,0.203862
753,773,1,1,0.203862
128,1643,1,1,0.203862
86,549,1,1,0.203862
86,1287,1,1,0.203862
193,338,1,1,0.203862
549,1287,1,1,0.203862
193,505,1,1,0.203862
980,1623,1,1,0.197527
894,1367,1,1,0.197527
807,1367,1,1,0.197527
807,894,1,1,0.197527
328,1059,1,1,0.197527
0,1573,1,1,0.197527
946,1140,1,1,0.197527
40,621,1,1,0.197527
40,86,1,1,0.197527
56,556,1,1,0.197527
366,1126,1,1,0.197527
603,1212,1,1,0.197527
691,699,1,1,0.197527
569,1033,1,1,0.197527
351,1285,1,1,0.197527
460,1547,1,1,0.197527
889,1081,1,1,0.197527
47,556,1,1,0.197527
37,1059,1,1,0.197527
267,964,1,1,0.197527
33,989,1,1,0.197527
804,1031,1,1,0.197527
99,366,1,1,0.197527
33,366,1,1,0.197527
989,1484,1,1,0.197527
340,1484,1,1,0.197527
340,989,1,1,0.197527
219,1213,1,1,0.197527
99,989,1,1,0.197527
99,340,1,1,0.197527
33,1484,1,1,0.197527
99,1484,1,1,0.197527
33,340,1,1,0.197527
391,889,1,1,0.197527
128,192,1,1,0.197527
99,192,1,1,0.197527
77,1140,1,1,0.197527
452,1335,1,1,0.197527
39,754,1,1,0.197527
86,621,1,1,0.197527
1140,1623,1,1,0.197527
292,889,1,1,0.197527
1181,1411,1,1,0.197281
427,1591,1,1,0.197281
380,1591,1,1,0.197281
380,427,1,1,0.197281
480,670,1,1,0.197281
295,1205,1,1,0.197281
251,1591,1,1,0.197281
666,911,1,1,0.197281
1223,1412,1,1,0.197281
127,1517,1,1,0.197281
1517,1596,1,1,0.197281
127,1596,1,1,0.197281
553,1596,1,1,0.197281
553,1517,1,1,0.197281
1072,1411,1,1,0.197281
1079,1509,1,1,0.197281
473,1205,1,1,0.197281
844,1304,1,1,0.197281
1202,1412,1,1,0.197281
455,1254,1,1,0.197281
377,917,1,1,0.197281
994,1605,1,1,0.197281
537,812,1,1,0.197281
727,751,1,1,0.197281
1230,1509,1,1,0.197281
567,1196,1,1,0.197281
42,1196,1,1,0.197281
42,567,1,1,0.197281
567,1230,1,1,0.197281
1377,1509,1,1,0.197281
577,1396,1,1,0.197281
203,830,1,1,0.197281
433,567,1,1,0.197281
567,639,1,1,0.197281
32,1073,1,1,0.197281
60,1599,1,1,0.197281
512,830,1,1,0.197281
1304,1602,1,1,0.197281
844,1602,1,1,0.197281
1223,1353,1,1,0.197281
560,1072,1,1,0.197281
1202,1353,1,1,0.197281
42,1257,1,1,0.197281
567,816,1,1,0.197281
1333,1476,1,1,0.197281
1225,1476,1,1,0.197281
1225,1333,1,1,0.197281
1147,1476,1,1,0.197281
1147,1333,1,1,0.197281
1147,1225,1,1,0.197281
547,1476,1,1,0.197281
547,1333,1,1,0.197281
547,1225,1,1,0.197281
547,1147,1,1,0.197281
294,1471,1,1,0.197281
294,1519,1,1,0.197281
373,1024,1,1,0.197281
373,661,1,1,0.197281
18,1024,1,1,0.197281
18,661,1,1,0.197281
18,373,1,1,0.197281
964,1363,1,1,0.197281
582,1363,1,1,0.197281
582,964,1,1,0.197281
567,1363,1,1,0.197281
567,964,1,1,0.197281
567,582,1,1,0.197281
1202,1263,1,1,0.197281
418,1124,1,1,0.197281
1011,1024,1,1,0.197281
661,1011,1,1,0.197281
1167,1393,1,1,0.197281
830,1394,1,1,0.197281
347,418,1,1,0.197281
60,294,1,1,0.197281
127,728,1,1,0.197281
60,567,1,1,0.197281
1167,1223,1,1,0.197281
1412,1595,1,1,0.197281
1412,1472,1,1,0.197281
1504,1595,1,1,0.197281
1353,1504,1,1,0.197281
1024,1108,1,1,0.197281
728,1024,1,1,0.197281
127,1108,1,1,0.197281
728,1108,1,1,0.197281
1024,1429,1,1,0.197281
567,591,1,1,0.197281
127,313,1,1,0.197281
591,1561,1,1,0.197281
567,1561,1,1,0.197281
60,591,1,1,0.197281
60,1561,1,1,0.197281
294,567,1,1,0.197281
294,591,1,1,0.197281
294,1561,1,1,0.197281
500,1135,1,1,0.196796
411,1282,1,1,0.196796
1025,1248,1,1,0.196796
274,806,1,1,0.196796
277,1143,1,1,0.196796
578,1212,1,1,0.196796
578,1446,1,1,0.196796
1288,1298,1,1,0.196796
343,1282,1,1,0.196796
1231,1248,1,1,0.196796
578,780,1,1,0.196796
1154,1220,1,1,0.196796
585,1140,1,1,0.196796
311,794,1,1,0.196796
906,1501,1,1,0.196796
816,1611,1,1,0.196796
1070,1245,1,1,0.196796
371,789,1,1,0.196796
771,1298,1,1,0.196796
788,1659,1,1,0.196796
980,1326,1,1,0.196796
927,1004,1,1,0.196796
927,1315,1,1,0.196796
771,1288,1,1,0.196796
788,1160,1,1,0.196796
294,794,1,1,0.196796
1160,1659,1,1,0.196796
139,371,1,1,0.196796
139,789,1,1,0.196796
116,1475,1,1,0.196796
771,789,1,1,0.196796
1009,1160,1,1,0.196796
395,630,1,1,0.195619
395,556,1,1,0.195619
1248,1532,1,1,0.195619
755,999,1,1,0.195619
1315,1624,1,1,0.195619
556,630,1,1,0.195619
1304,1366,1,1,0.195619
1304,1642,1,1,0.195619
1366,1642,1,1,0.195619
159,1611,1,1,0.195619
159,1439,1,1,0.195619
1233,1439,1,1,0.195619
709,1642,1,1,0.195619
1233,1495,1,1,0.195619
1439,1495,1,1,0.195619
1439,1642,1,1,0.195619
1495,1642,1,1,0.195619
1415,1583,1,1,0.195619
709,1366,1,1,0.195619
709,1304,1,1,0.195619
1210,1370,1,1,0.195619
1077,1284,1,1,0.195619
1129,1574,1,1,0.195619
667,689,1,1,0.195619
1293,1624,1,1,0.195619
854,1287,1,1,0.195619
556,1245,1,1,0.195619
580,1402,1,1,0.195619
905,1259,1,1,0.195619
702,1249,1,1,0.195619
534,1133,1,1,0.195619
630,766,1,1,0.195619
331,556,1,1,0.195619
331,534,1,1,0.195619
370,1136,1,1,0.195619
332,1143,1,1,0.188918
590,601,1,1,0.188918
1233,1397,1,1,0.188918
474,894,1,1,0.188918
44,81,1,1,0.188918
44,856,1,1,0.188918
836,1024,1,1,0.188918
836,1143,1,1,0.188918
836,1192,1,1,0.188918
1012,1024,1,1,0.188918
1024,1192,1,1,0.188918
406,553,1,1,0.188918
406,850,1,1,0.188918
406,1012,1,1,0.188918
406,1143,1,1,0.188918
406,1192,1,1,0.188918
850,1143,1,1,0.188918
850,1192,1,1,0.188918
474,1071,1,1,0.188918
836,1012,1,1,0.188918
553,836,1,1,0.188918
132,1024,1,1,0.188918
289,1151,1,1,0.188918
132,1151,1,1,0.188918
478,1024,1,1,0.188918
478,553,1,1,0.188918
289,1024,1,1,0.188918
289,553,1,1,0.188918
132,553,1,1,0.188918
590,965,1,1,0.188918
39,1024,1,1,0.188918
431,857,1,1,0.188918
1071,1588,1,1,0.188918
894,1588,1,1,0.188918
1259,1437,1,1,0.188918
521,1245,1,1,0.188918
152,533,1,1,0.188918
152,1603,1,1,0.188918
1525,1603,1,1,0.188918
943,1033,1,1,0.188918
272,278,1,1,0.188918
272,332,1,1,0.188918
272,698,1,1,0.188918
272,1143,1,1,0.188918
278,1143,1,1,0.188918
346,1033,1,1,0.188918
1033,1415,1,1,0.188918
823,1121,1,1,0.188918
1254,1415,1,1,0.188918
346,1099,1,1,0.188918
873,943,1,1,0.188918
1033,1371,1,1,0.188918
1004,1175,1,1,0.188918
940,1175,1,1,0.188918
1121,1255,1,1,0.188918
1255,1609,1,1,0.188918
44,533,1,1,0.188918
844,1306,1,1,0.188918
44,1525,1,1,0.188918
119,1352,1,1,0.188918
943,1648,1,1,0.188918
537,658,1,1,0.188918
431,1259,1,1,0.188918
658,1306,1,1,0.188918
1306,1464,1,1,0.188918
823,1609,1,1,0.188918
52,588,1,1,0.188918
52,1306,1,1,0.188918
588,1306,1,1,0.188918
493,1303,1,1,0.188918
493,1411,1,1,0.188918
1303,1411,1,1,0.188918
478,1151,1,1,0.188918
223,249,1,1,0.188918
223,330,1,1,0.188918
90,1544,1,1,0.188918
553,770,1,1,0.188918
537,553,1,1,0.188918
252,553,1,1,0.188918
29,1481,1,1,0.188918
29,1143,1,1,0.188918
29,90,1,1,0.188918
90,636,1,1,0.188918
553,986,1,1,0.188918
1024,1544,1,1,0.188918
1024,1481,1,1,0.188918
636,1024,1,1,0.188918
1225,1420,1,1,0.188918
1143,1420,1,1,0.188918
590,1420,1,1,0.188918
553,945,1,1,0.188918
553,1271,1,1,0.188918
957,1143,1,1,0.188918
390,856,1,1,0.188918
857,1259,1,1,0.188918
857,1437,1,1,0.188918
44,800,1,1,0.188918
856,1024,1,1,0.188918
800,1024,1,1,0.188918
390,1024,1,1,0.188918
390,800,1,1,0.188918
252,1303,1,1,0.188918
844,1303,1,1,0.188918
844,1271,1,1,0.188918
844,986,1,1,0.188918
844,945,1,1,0.188918
770,844,1,1,0.188918
1303,1588,1,1,0.188918
329,1420,1,1,0.188918
590,957,1,1,0.188918
223,957,1,1,0.188918
330,965,1,1,0.188918
1168,1190,1,1,0.188918
249,1565,1,1,0.188918
965,1019,1,1,0.188918
957,1019,1,1,0.188918
957,965,1,1,0.188918
330,1019,1,1,0.188918
330,957,1,1,0.188918
1168,1376,1,1,0.188918
249,1019,1,1,0.188918
249,965,1,1,0.188918
249,957,1,1,0.188918
249,330,1,1,0.188918
223,1019,1,1,0.188918
223,965,1,1,0.188918
1168,1192,1,1,0.188918
1190,1192,1,1,0.188918
479,1143,1,1,0.188918
329,957,1,1,0.188918
479,957,1,1,0.188918
479,590,1,1,0.188918
385,1143,1,1,0.188918
385,957,1,1,0.188918
385,590,1,1,0.188918
385,479,1,1,0.188918
329,479,1,1,0.188918
1190,1376,1,1,0.188918
329,385,1,1,0.188918
366,1143,1,1,0.188918
605,1404,1,1,0.188918
239,1404,1,1,0.188918
239,605,1,1,0.188918
1192,1376,1,1,0.188918
940,1033,1,1,0.188918
537,1464,1,1,0.188918
553,1397,1,1,0.188918
39,132,1,1,0.188918
9,553,1,1,0.188918
9,478,1,1,0.188918
9,289,1,1,0.188918
9,132,1,1,0.188918
9,39,1,1,0.188918
739,1104,1,1,0.188918
739,1128,1,1,0.188918
1027,1128,1,1,0.188918
727,1128,1,1,0.188918
521,727,1,1,0.188918
1027,1104,1,1,0.188918
521,1104,1,1,0.188918
1333,1378,1,1,0.188918
722,1378,1,1,0.188918
722,1333,1,1,0.188918
703,1378,1,1,0.188918
703,1333,1,1,0.188918
703,722,1,1,0.188918
669,1378,1,1,0.188918
9,1024,1,1,0.188918
39,289,1,1,0.188918
669,722,1,1,0.188918
39,478,1,1,0.188918
625,1538,1,1,0.188918
577,1616,1,1,0.188918
577,1538,1,1,0.188918
577,856,1,1,0.188918
577,625,1,1,0.188918
254,1616,1,1,0.188918
254,1538,1,1,0.188918
254,856,1,1,0.188918
254,625,1,1,0.188918
254,577,1,1,0.188918
807,1616,1,1,0.188918
807,856,1,1,0.188918
625,807,1,1,0.188918
121,807,1,1,0.188918
290,294,1,1,0.188918
290,698,1,1,0.188918
290,332,1,1,0.188918
278,290,1,1,0.188918
39,553,1,1,0.188918
669,1333,1,1,0.188918
669,703,1,1,0.188918
553,1233,1,1,0.188918
140,1470,1,1,0.188918
56,1470,1,1,0.188918
56,310,1,1,0.188918
1476,1588,1,1,0.188918
1453,1588,1,1,0.188918
1453,1476,1,1,0.188918
1240,1588,1,1,0.188918
1240,1476,1,1,0.188918
1240,1453,1,1,0.188918
1121,1588,1,1,0.188918
1121,1476,1,1,0.188918
1121,1453,1,1,0.188918
1121,1240,1,1,0.188918
756,1588,1,1,0.188918
756,1476,1,1,0.188918
756,1453,1,1,0.188918
756,1240,1,1,0.188918
756,1121,1,1,0.188918
965,1378,1,1,0.188918
590,1378,1,1,0.188918
140,310,1,1,0.188918
310,661,1,1,0.188918
553,1378,1,1,0.188918
310,1143,1,1,0.188918
553,1333,1,1,0.188918
553,722,1,1,0.188918
553,703,1,1,0.188918
553,669,1,1,0.188918
294,1378,1,1,0.188918
294,1333,1,1,0.188918
294,722,1,1,0.188918
294,703,1,1,0.188918
294,669,1,1,0.188918
1111,1422,1,1,0.188918
1111,1143,1,1,0.188918
661,1111,1,1,0.188918
140,1111,1,1,0.188918
56,1111,1,1,0.188918
1422,1470,1,1,0.188918
1143,1470,1,1,0.188918
661,1470,1,1,0.188918
310,1470,1,1,0.188918
310,1422,1,1,0.188918
856,1538,1,1,0.188918
431,1437,1,1,0.188918
537,577,1,1,0.188918
1538,1616,1,1,0.188918
457,577,1,1,0.188918
457,730,1,1,0.188918
869,1240,1,1,0.188918
64,1240,1,1,0.188918
64,869,1,1,0.188918
64,304,1,1,0.188918
553,1249,1,1,0.188918
121,1258,1,1,0.188918
266,1024,1,1,0.188918
590,952,1,1,0.188918
259,952,1,1,0.188918
53,1431,1,1,0.188918
423,752,1,1,0.188918
423,1352,1,1,0.188918
1024,1352,1,1,0.188918
344,903,1,1,0.188918
318,903,1,1,0.188918
318,726,1,1,0.188918
318,344,1,1,0.188918
272,1617,1,1,0.188918
692,1079,1,1,0.188918
1079,1593,1,1,0.188918
222,1593,1,1,0.188918
537,1260,1,1,0.188918
577,1260,1,1,0.188918
64,624,1,1,0.188918
553,1248,1,1,0.188918
435,1318,1,1,0.188918
698,1143,1,1,0.188918
294,1318,1,1,0.188918
44,1318,1,1,0.188918
435,553,1,1,0.188918
44,553,1,1,0.188918
1189,1378,1,1,0.188918
601,1189,1,1,0.188918
304,1215,1,1,0.188918
1143,1248,1,1,0.188918
820,1378,1,1,0.188918
558,1378,1,1,0.188918
558,820,1,1,0.188918
353,652,1,1,0.188918
786,1033,1,1,0.188918
294,1071,1,1,0.188918
1143,1189,1,1,0.188918
416,1070,1,1,0.188918
433,479,1,1,0.188918
222,479,1,1,0.188918
624,1002,1,1,0.188918
64,1002,1,1,0.188918
254,290,1,1,0.188918
139,1266,1,1,0.181508
384,1038,1,1,0.181508
1038,1547,1,1,0.181508
606,644,1,1,0.181508
606,816,1,1,0.181508
503,1305,1,1,0.181508
528,1424,1,1,0.181508
558,1424,1,1,0.181508
240,649,1,1,0.181508
384,649,1,1,0.181508
628,649,1,1,0.181508
413,785,1,1,0.181508
860,1237,1,1,0.181508
534,718,1,1,0.181508
531,1368,1,1,0.181508
1074,1424,1,1,0.181508
1106,1439,1,1,0.181508
170,1371,1,1,0.181508
249,1424,1,1,0.181508
1424,1594,1,1,0.181508
503,1109,1,1,0.181508
60,853,1,1,0.181508
649,1547,1,1,0.181508
21,925,1,1,0.181508
388,402,1,1,0.181508
1460,1608,1,1,0.181508
306,326,1,1,0.181508
326,1648,1,1,0.181508
1038,1648,1,1,0.181508
628,1648,1,1,0.181508
240,1648,1,1,0.181508
306,1215,1,1,0.181508
794,884,1,1,0.181508
644,673,1,1,0.181508
653,1363,1,1,0.181508
528,1481,1,1,0.181508
1443,1538,1,1,0.181508
653,849,1,1,0.181508
382,653,1,1,0.181508
382,644,1,1,0.181508
724,908,1,1,0.181508
849,1424,1,1,0.181508
317,503,1,1,0.181508
222,653,1,1,0.181508
653,1200,1,1,0.181508
891,1075,1,1,0.181508
187,653,1,1,0.181508
581,734,1,1,0.181508
503,1075,1,1,0.181508
249,748,1,1,0.181508
249,794,1,1,0.181508
748,794,1,1,0.181508
1099,1431,1,1,0.181508
653,977,1,1,0.181508
802,1348,1,1,0.181508
802,1529,1,1,0.181508
1348,1529,1,1,0.181508
327,503,1,1,0.181508
301,872,1,1,0.181508
1365,1424,1,1,0.181508
665,1424,1,1,0.181508
139,653,1,1,0.181508
16,644,1,1,0.181508
540,1424,1,1,0.181508
535,644,1,1,0.181508
644,1363,1,1,0.181508
653,820,1,1,0.181508
1170,1363,1,1,0.181508
332,1484,1,1,0.181508
509,1119,1,1,0.181508
74,1484,1,1,0.181508
644,693,1,1,0.181508
255,644,1,1,0.181508
503,581,1,1,0.181508
644,996,1,1,0.181508
240,665,1,1,0.181508
240,1151,1,1,0.181508
665,1151,1,1,0.181508
504,1313,1,1,0.181508
1343,1424,1,1,0.181508
1343,1363,1,1,0.181508
331,477,1,1,0.181508
644,790,1,1,0.181508
644,1088,1,1,0.181508
790,1224,1,1,0.181508
1088,1224,1,1,0.181508
503,1423,1,1,0.181508
9,477,1,1,0.181508
331,1224,1,1,0.181508
644,1313,1,1,0.181508
331,1529,1,1,0.181508
1224,1529,1,1,0.181508
1149,1525,1,1,0.181508
1032,1525,1,1,0.181508
642,644,1,1,0.181508
642,1424,1,1,0.181508
534,1424,1,1,0.181508
644,1075,1,1,0.181508
16,1429,1,1,0.181508
644,1429,1,1,0.181508
1363,1424,1,1,0.181508
644,955,1,1,0.181508
644,1615,1,1,0.181508
955,1615,1,1,0.181508
1266,1526,1,1,0.181508
644,1016,1,1,0.181508
74,644,1,1,0.181508
816,1424,1,1,0.181508
503,1215,1,1,0.181508
702,805,1,1,0.181508
702,1424,1,1,0.181508
805,1424,1,1,0.181508
187,816,1,1,0.181508
644,925,1,1,0.181508
503,1137,1,1,0.181508
509,1580,1,1,0.181508
702,809,1,1,0.181508
644,1170,1,1,0.181508
455,540,1,1,0.181508
455,503,1,1,0.181508
331,644,1,1,0.181508
9,644,1,1,0.181508
311,331,1,1,0.181508
9,311,1,1,0.181508
311,1424,1,1,0.181508
503,540,1,1,0.181508
945,1363,1,1,0.181508
1075,1262,1,1,0.181508
665,925,1,1,0.181508
503,748,1,1,0.181508
331,464,1,1,0.181508
503,605,1,1,0.181508
151,1048,1,1,0.179464
330,529,1,1,0.179464
448,1048,1,1,0.179464
303,1556,1,1,0.179464
562,696,1,1,0.179464
883,1208,1,1,0.179464
360,691,1,1,0.179464
422,1019,1,1,0.179464
330,1208,1,1,0.179464
594,1182,1,1,0.179464
308,1425,1,1,0.179464
1208,1352,1,1,0.179464
883,1352,1,1,0.179464
713,934,1,1,0.179464
151,559,1,1,0.179464
237,1208,1,1,0.179464
330,1492,1,1,0.179464
1101,1331,1,1,0.179464
255,670,1,1,0.179464
325,870,1,1,0.179464
1208,1556,1,1,0.179464
400,1556,1,1,0.179464
38,600,1,1,0.179464
448,559,1,1,0.179464
670,1458,1,1,0.179464
64,1556,1,1,0.179464
910,1575,1,1,0.179464
952,1625,1,1,0.179464
1208,1517,1,1,0.179464
1101,1625,1,1,0.179464
94,1208,1,1,0.179464
38,518,1,1,0.179464
742,1100,1,1,0.179464
489,1100,1,1,0.179464
540,1471,1,1,0.179464
370,617,1,1,0.179464
241,726,1,1,0.179464
64,1215,1,1,0.179464
1046,1222,1,1,0.179464
547,1556,1,1,0.179464
556,589,1,1,0.179464
1005,1444,1,1,0.179464
400,1208,1,1,0.179464
79,574,1,1,0.179464
1458,1614,1,1,0.179464
1100,1517,1,1,0.179464
540,729,1,1,0.179464
265,729,1,1,0.179464
404,594,1,1,0.179464
112,1208,1,1,0.179464
706,952,1,1,0.179464
489,1517,1,1,0.179464
92,1208,1,1,0.179464
360,548,1,1,0.179464
1054,1164,1,1,0.179464
726,1444,1,1,0.179464
540,1048,1,1,0.179464
348,548,1,1,0.179464
952,1444,1,1,0.179464
706,1614,1,1,0.179464
348,360,1,1,0.179464
122,996,1,1,0.179464
483,556,1,1,0.179464
265,540,1,1,0.179464
360,1021,1,1,0.179464
923,1208,1,1,0.179464
706,1492,1,1,0.179464
155,1492,1,1,0.179464
155,706,1,1,0.179464
56,589,1,1,0.179464
1208,1331,1,1,0.179464
260,1048,1,1,0.179464
866,1331,1,1,0.179464
260,1331,1,1,0.179464
13,1208,1,1,0.179464
260,866,1,1,0.179464
329,1489,1,1,0.179464
422,1100,1,1,0.179464
589,1597,1,1,0.179464
109,272,1,1,0.179464
706,1208,1,1,0.179464
688,1130,1,1,0.170378
119,1130,1,1,0.170378
119,688,1,1,0.170378
82,344,1,1,0.170378
246,344,1,1,0.170378
82,504,1,1,0.170378
1249,1318,1,1,0.170378
395,587,1,1,0.170378
195,688,1,1,0.170378
381,1092,1,1,0.170378
287,1283,1,1,0.170378
955,1092,1,1,0.170378
955,1237,1,1,0.170378
812,1610,1,1,0.170378
48,203,1,1,0.170378
203,344,1,1,0.170378
214,344,1,1,0.170378
367,537,1,1,0.170378
452,730,1,1,0.170378
608,1544,1,1,0.170378
485,955,1,1,0.170378
203,1544,1,1,0.170378
214,1544,1,1,0.170378
194,203,1,1,0.170378
287,1168,1,1,0.170378
203,1230,1,1,0.170378
214,485,1,1,0.170378
423,966,1,1,0.170378
1335,1647,1,1,0.170378
525,956,1,1,0.170378
82,336,1,1,0.170378
546,688,1,1,0.170378
344,546,1,1,0.170378
38,546,1,1,0.170378
344,769,1,1,0.170378
108,344,1,1,0.170378
82,108,1,1,0.170378
9,38,1,1,0.170378
464,1647,1,1,0.170378
464,1130,1,1,0.170378
553,1093,1,1,0.170378
568,978,1,1,0.170378
568,1054,1,1,0.170378
359,540,1,1,0.170378
280,540,1,1,0.170378
280,359,1,1,0.170378
1020,1589,1,1,0.170378
688,967,1,1,0.170378
136,1556,1,1,0.170378
38,1070,1,1,0.170378
789,1518,1,1,0.170378
126,1518,1,1,0.170378
126,789,1,1,0.170378
1070,1419,1,1,0.170378
699,1419,1,1,0.170378
699,1070,1,1,0.170378
1245,1484,1,1,0.170378
136,1264,1,1,0.170378
76,820,1,1,0.170378
608,1335,1,1,0.170378
136,1335,1,1,0.170378
136,510,1,1,0.170378
510,1130,1,1,0.170378
336,712,1,1,0.170378
38,925,1,1,0.170378
82,1657,1,1,0.170378
724,1591,1,1,0.170378
558,1327,1,1,0.170378
703,1277,1,1,0.170378
703,1494,1,1,0.170378
82,1249,1,1,0.170378
240,1141,1,1,0.170378
240,1318,1,1,0.170378
1141,1318,1,1,0.170378
587,908,1,1,0.170378
38,553,1,1,0.170378
289,1442,1,1,0.170378
1292,1651,1,1,0.170378
553,1152,1,1,0.170378
553,568,1,1,0.170378
568,579,1,1,0.170378
280,553,1,1,0.170378
587,1144,1,1,0.170378
1020,1502,1,1,0.170378
730,1494,1,1,0.170378
730,1277,1,1,0.170378
730,889,1,1,0.170378
663,1099,1,1,0.170378
195,927,1,1,0.170378
113,587,1,1,0.170378
274,663,1,1,0.170378
274,1298,1,1,0.170378
34,274,1,1,0.170378
816,1532,1,1,0.170378
587,786,1,1,0.170378
587,1054,1,1,0.170378
786,1054,1,1,0.170378
663,786,1,1,0.170378
344,568,1,1,0.170378
183,587,1,1,0.170378
558,1022,1,1,0.170378
109,113,1,1,0.170378
537,567,1,1,0.170378
38,1442,1,1,0.170378
558,1155,1,1,0.170378
1092,1591,1,1,0.170378
380,1073,1,1,0.170378
132,426,1,1,0.170378
403,1556,1,1,0.170378
908,944,1,1,0.170378
908,1529,1,1,0.170378
138,344,1,1,0.170378
138,380,1,1,0.170378
344,380,1,1,0.170378
344,980,1,1,0.170378
480,571,1,1,0.170378
411,927,1,1,0.170378
19,1146,1,1,0.170378
480,1043,1,1,0.170378
480,1591,1,1,0.170378
601,1591,1,1,0.170378
195,916,1,1,0.170378
1092,1129,1,1,0.170378
1327,1657,1,1,0.170378
896,1657,1,1,0.170378
896,1327,1,1,0.170378
452,1657,1,1,0.170378
480,1279,1,1,0.170378
571,1279,1,1,0.170378
480,1442,1,1,0.170378
1116,1442,1,1,0.170378
306,804,1,1,0.170378
540,908,1,1,0.170378
608,688,1,1,0.170378
762,1129,1,1,0.170378
865,1020,1,1,0.170378
344,452,1,1,0.170378
344,1031,1,1,0.170378
344,1327,1,1,0.170378
452,1031,1,1,0.170378
1031,1327,1,1,0.170378
452,896,1,1,0.170378
359,1327,1,1,0.170378
119,372,1,1,0.170378
908,1222,1,1,0.170378
1262,1270,1,1,0.170378
0,553,1,1,0.170378
773,1151,1,1,0.170378
1130,1510,1,1,0.170378
897,1144,1,1,0.170378
50,1144,1,1,0.170378
50,897,1,1,0.170378
358,646,1,1,0.170378
850,852,1,1,0.170378
646,1154,1,1,0.170378
82,1154,1,1,0.170378
82,646,1,1,0.170378
1327,1510,1,1,0.170378
246,1510,1,1,0.170378
747,1327,1,1,0.170378
246,747,1,1,0.170378
553,650,1,1,0.170378
646,1130,1,1,0.170378
367,545,1,1,0.170378
419,1257,1,1,0.170378
553,656,1,1,0.170378
382,769,1,1,0.170378
38,769,1,1,0.170378
38,382,1,1,0.170378
845,1137,1,1,0.170378
501,1137,1,1,0.170378
501,845,1,1,0.170378
558,769,1,1,0.170378
558,1510,1,1,0.170378
852,1351,1,1,0.170378
1024,1428,1,1,0.170378
1428,1626,1,1,0.170378
897,1327,1,1,0.170378
769,1327,1,1,0.170378
769,1510,1,1,0.170378
545,776,1,1,0.170378
688,1151,1,1,0.170378
582,646,1,1,0.170378
246,1144,1,1,0.170378
646,739,1,1,0.170378
739,1510,1,1,0.170378
411,1073,1,1,0.170378
16,897,1,1,0.170378
608,1137,1,1,0.170378
619,1020,1,1,0.170378
33,115,1,1,0.170378
916,1327,1,1,0.170378
138,1587,1,1,0.170378
38,1587,1,1,0.170378
38,138,1,1,0.170378
336,1546,1,1,0.170378
897,1468,1,1,0.170378
646,916,1,1,0.170378
1245,1561,1,1,0.170378
38,1144,1,1,0.170378
246,1151,1,1,0.170378
18,76,1,1,0.170378
1144,1151,1,1,0.170378
967,1137,1,1,0.170378
646,1137,1,1,0.170378
646,967,1,1,0.170378
1327,1584,1,1,0.170378
1510,1547,1,1,0.170378
510,1054,1,1,0.170378
385,1317,1,1,0.170378
540,831,1,1,0.170378
525,831,1,1,0.170378
525,540,1,1,0.170378
553,897,1,1,0.170378
336,1537,1,1,0.170378
897,1151,1,1,0.170378
411,897,1,1,0.170378
38,411,1,1,0.170378
553,601,1,1,0.170378
582,670,1,1,0.170378
178,1222,1,1,0.170378
246,688,1,1,0.170378
136,246,1,1,0.170378
336,688,1,1,0.170378
9,969,1,1,0.170378
1381,1614,1,1,0.170378
619,692,1,1,0.170378
730,950,1,1,0.170378
618,730,1,1,0.170378
775,1532,1,1,0.170378
25,1465,1,1,0.170378
545,1465,1,1,0.170378
537,927,1,1,0.170378
537,852,1,1,0.170378
313,537,1,1,0.170378
313,1220,1,1,0.170378
126,1220,1,1,0.170378
136,688,1,1,0.170378
246,897,1,1,0.170378
663,1422,1,1,0.170378
38,897,1,1,0.170378
178,1648,1,1,0.170378
1471,1647,1,1,0.170378
553,1647,1,1,0.170378
553,1471,1,1,0.170378
32,487,1,1,0.170378
32,55,1,1,0.170378
802,1239,1,1,0.170378
1144,1239,1,1,0.170378
23,337,1,1,0.170378
32,1168,1,1,0.170378
32,1130,1,1,0.170378
390,613,1,1,0.170378
382,613,1,1,0.170378
382,390,1,1,0.170378
38,545,1,1,0.170378
126,852,1,1,0.170378
411,1546,1,1,0.170378
601,670,1,1,0.170378
430,850,1,1,0.170378
646,769,1,1,0.170378
553,769,1,1,0.170378
9,76,1,1,0.170378
480,1137,1,1,0.170378
178,1137,1,1,0.170378
178,480,1,1,0.170378
850,1257,1,1,0.170378
688,1075,1,1,0.170378
464,842,1,1,0.170378
359,1037,1,1,0.170378
178,464,1,1,0.170378
820,1052,1,1,0.170378
390,1052,1,1,0.170378
390,820,1,1,0.170378
113,359,1,1,0.170378
430,646,1,1,0.170378
113,850,1,1,0.170378
553,985,1,1,0.170378
113,978,1,1,0.170378
259,553,1,1,0.170378
193,553,1,1,0.170378
411,985,1,1,0.170378
259,411,1,1,0.170378
193,411,1,1,0.170378
82,558,1,1,0.170378
391,663,1,1,0.170378
952,960,1,1,0.170378
702,960,1,1,0.170378
702,952,1,1,0.170378
113,960,1,1,0.170378
113,702,1,1,0.170378
952,978,1,1,0.170378
850,978,1,1,0.170378
850,952,1,1,0.170378
246,480,1,1,0.170378
1614,1632,1,1,0.16504
1527,1632,1,1,0.16504
440,691,1,1,0.16504
459,1619,1,1,0.16504
423,1619,1,1,0.16504
423,459,1,1,0.16504
1431,1619,1,1,0.16504
92,186,1,1,0.16504
923,1285,1,1,0.16504
151,320,1,1,0.16504
151,459,1,1,0.16504
92,459,1,1,0.16504
92,151,1,1,0.16504
538,933,1,1,0.16504
320,1589,1,1,0.16504
320,986,1,1,0.16504
475,738,1,1,0.16504
198,1297,1,1,0.16504
34,52,1,1,0.16504
459,832,1,1,0.16504
380,1638,1,1,0.16504
196,565,1,1,0.16504
911,1285,1,1,0.16504
889,1253,1,1,0.16504
295,333,1,1,0.16504
295,1039,1,1,0.16504
333,1039,1,1,0.16504
28,1157,1,1,0.16504
993,1104,1,1,0.16504
34,1481,1,1,0.16504
1057,1277,1,1,0.16504
56,333,1,1,0.16504
440,1647,1,1,0.16504
5,440,1,1,0.16504
295,659,1,1,0.16504
257,610,1,1,0.16504
423,1157,1,1,0.16504
28,423,1,1,0.16504
111,179,1,1,0.16504
582,794,1,1,0.16504
321,582,1,1,0.16504
226,486,1,1,0.16504
650,1294,1,1,0.16504
274,1141,1,1,0.16504
226,560,1,1,0.16504
67,323,1,1,0.16504
179,1072,1,1,0.16504
111,1072,1,1,0.16504
332,1429,1,1,0.16504
440,1285,1,1,0.16504
1104,1453,1,1,0.16504
276,1285,1,1,0.16504
1048,1341,1,1,0.16504
284,944,1,1,0.16504
478,1312,1,1,0.16504
478,535,1,1,0.16504
459,1294,1,1,0.16504
630,1299,1,1,0.16504
837,1129,1,1,0.16504
352,627,1,1,0.16504
198,627,1,1,0.16504
198,352,1,1,0.16504
911,1127,1,1,0.16504
905,1127,1,1,0.16504
905,911,1,1,0.16504
601,911,1,1,0.16504
601,905,1,1,0.16504
44,1499,1,1,0.16504
354,944,1,1,0.16504
641,1481,1,1,0.16504
123,1008,1,1,0.16504
46,1008,1,1,0.16504
46,123,1,1,0.16504
295,449,1,1,0.16504
187,564,1,1,0.16504
259,449,1,1,0.16504
459,908,1,1,0.16504
276,1206,1,1,0.16504
702,1206,1,1,0.16504
1346,1402,1,1,0.16504
650,1285,1,1,0.16504
47,738,1,1,0.16504
606,1544,1,1,0.16504
153,303,1,1,0.16504
92,1461,1,1,0.16504
153,981,1,1,0.16504
728,1104,1,1,0.16504
259,606,1,1,0.16504
1232,1253,1,1,0.16504
1104,1253,1,1,0.16504
1104,1232,1,1,0.16504
134,1285,1,1,0.16504
794,1117,1,1,0.16504
794,1461,1,1,0.16504
729,1461,1,1,0.16504
729,794,1,1,0.16504
449,606,1,1,0.16504
993,1453,1,1,0.16504
5,1647,1,1,0.16504
582,993,1,1,0.16504
123,167,1,1,0.16504
609,962,1,1,0.16504
75,746,1,1,0.16504
794,1309,1,1,0.16504
459,1309,1,1,0.16504
459,794,1,1,0.16504
548,1119,1,1,0.16504
321,1162,1,1,0.16504
1399,1547,1,1,0.16504
220,449,1,1,0.16504
430,602,1,1,0.16504
40,430,1,1,0.16504
40,343,1,1,0.16504
430,610,1,1,0.16504
343,610,1,1,0.16504
697,802,1,1,0.16504
92,1022,1,1,0.16504
32,590,1,1,0.16504
839,952,1,1,0.16504
768,987,1,1,0.16504
869,987,1,1,0.16504
833,1292,1,1,0.16504
28,218,1,1,0.16504
687,790,1,1,0.16504
74,833,1,1,0.16504
837,1283,1,1,0.16504
312,1396,1,1,0.16504
981,1396,1,1,0.16504
165,882,1,1,0.16504
685,939,1,1,0.16504
190,939,1,1,0.16504
190,685,1,1,0.16504
377,870,1,1,0.16504
64,1324,1,1,0.16504
42,1324,1,1,0.16504
546,610,1,1,0.16504
116,1361,1,1,0.16504
167,1521,1,1,0.16504
167,1097,1,1,0.16504
165,1521,1,1,0.16504
165,1097,1,1,0.16504
165,167,1,1,0.16504
537,1521,1,1,0.16504
537,1097,1,1,0.16504
28,376,1,1,0.16504
167,1455,1,1,0.16504
5,1408,1,1,0.16504
74,1292,1,1,0.16504
1079,1297,1,1,0.16504
28,34,1,1,0.16504
430,1516,1,1,0.16504
71,563,1,1,0.16504
510,825,1,1,0.16504
87,1294,1,1,0.16504
5,192,1,1,0.16504
297,1104,1,1,0.16504
34,67,1,1,0.16504
67,610,1,1,0.16504
610,1586,1,1,0.16504
1306,1516,1,1,0.16504
430,1306,1,1,0.16504
563,944,1,1,0.16504
235,459,1,1,0.16504
24,259,1,1,0.16504
430,1050,1,1,0.16504
714,1521,1,1,0.16504
249,1521,1,1,0.16504
249,714,1,1,0.16504
40,794,1,1,0.16504
40,1152,1,1,0.16504
32,794,1,1,0.16504
71,944,1,1,0.16504
499,1104,1,1,0.16504
510,1442,1,1,0.16504
218,289,1,1,0.16504
198,1168,1,1,0.16504
459,1152,1,1,0.16504
76,459,1,1,0.16504
430,589,1,1,0.16504
280,1614,1,1,0.16504
4,1129,1,1,0.16504
4,956,1,1,0.16504
377,1043,1,1,0.16504
112,312,1,1,0.16504
103,430,1,1,0.16504
956,1129,1,1,0.16504
1586,1620,1,1,0.16504
926,1586,1,1,0.16504
679,1620,1,1,0.16504
679,1586,1,1,0.16504
679,926,1,1,0.16504
459,1038,1,1,0.16504
1136,1532,1,1,0.16504
280,1632,1,1,0.16504
926,1620,1,1,0.16504
189,874,1,1,0.161812
196,1444,1,1,0.161812
92,1444,1,1,0.161812
92,196,1,1,0.161812
561,952,1,1,0.161812
54,1444,1,1,0.161812
1036,1168,1,1,0.161812
321,1001,1,1,0.161812
561,754,1,1,0.161812
142,1488,1,1,0.161812
321,424,1,1,0.161812
638,1630,1,1,0.161812
587,1105,1,1,0.161812
347,1036,1,1,0.161812
107,1105,1,1,0.161812
40,249,1,1,0.161812
790,1131,1,1,0.161812
117,1488,1,1,0.161812
209,687,1,1,0.161812
88,223,1,1,0.161812
107,1480,1,1,0.161812
1165,1480,1,1,0.161812
455,608,1,1,0.161812
293,1633,1,1,0.161812
512,687,1,1,0.161812
209,512,1,1,0.161812
117,670,1,1,0.161812
140,312,1,1,0.161812
312,1110,1,1,0.161812
287,1633,1,1,0.161812
5,1633,1,1,0.161812
117,176,1,1,0.161812
274,539,1,1,0.161812
107,587,1,1,0.161812
240,796,1,1,0.161812
144,883,1,1,0.161812
1393,1414,1,1,0.161812
967,1393,1,1,0.161812
952,1393,1,1,0.161812
952,1617,1,1,0.161812
327,1141,1,1,0.161812
430,828,1,1,0.161812
445,510,1,1,0.161812
788,847,1,1,0.161812
642,1497,1,1,0.161812
608,1497,1,1,0.161812
608,642,1,1,0.161812
190,390,1,1,0.161812
190,1485,1,1,0.161812
473,923,1,1,0.161812
502,883,1,1,0.161812
502,1617,1,1,0.161812
1206,1506,1,1,0.161812
97,1506,1,1,0.161812
1499,1633,1,1,0.161812
284,1247,1,1,0.161812
284,408,1,1,0.161812
250,1633,1,1,0.161812
380,1268,1,1,0.161812
95,1268,1,1,0.161812
95,380,1,1,0.161812
34,849,1,1,0.161812
967,1414,1,1,0.161812
239,1612,1,1,0.161812
987,1292,1,1,0.161812
276,927,1,1,0.161812
1524,1633,1,1,0.161812
839,1357,1,1,0.161812
800,1172,1,1,0.161812
309,1346,1,1,0.161812
116,1346,1,1,0.161812
116,309,1,1,0.161812
216,1564,1,1,0.161812
1564,1633,1,1,0.161812
216,1633,1,1,0.161812
800,990,1,1,0.161812
879,1570,1,1,0.161812
879,1277,1,1,0.161812
249,1442,1,1,0.161812
152,793,1,1,0.161812
73,152,1,1,0.161812
793,990,1,1,0.161812
73,990,1,1,0.161812
247,990,1,1,0.161812
253,300,1,1,0.161812
496,608,1,1,0.161812
116,608,1,1,0.161812
116,496,1,1,0.161812
250,475,1,1,0.161812
330,445,1,1,0.161812
151,152,1,1,0.161812
53,1128,1,1,0.161812
507,633,1,1,0.161812
34,295,1,1,0.161812
967,1633,1,1,0.161812
182,390,1,1,0.161812
182,280,1,1,0.161812
107,182,1,1,0.161812
34,325,1,1,0.161812
385,1104,1,1,0.161812
654,1178,1,1,0.161812
258,1178,1,1,0.161812
258,654,1,1,0.161812
883,1424,1,1,0.161812
773,1104,1,1,0.161812
330,630,1,1,0.161812
303,630,1,1,0.161812
303,330,1,1,0.161812
40,303,1,1,0.161812
193,1084,1,1,0.161812
1081,1532,1,1,0.161812
925,1532,1,1,0.161812
925,1572,1,1,0.161812
1547,1572,1,1,0.161812
330,685,1,1,0.161812
259,1054,1,1,0.161812
976,1633,1,1,0.161812
740,960,1,1,0.161812
134,654,1,1,0.161812
276,399,1,1,0.161812
280,649,1,1,0.161812
280,754,1,1,0.161812
280,967,1,1,0.161812
265,1633,1,1,0.161812
445,1633,1,1,0.161812
445,967,1,1,0.161812
601,649,1,1,0.161812
347,649,1,1,0.161812
347,601,1,1,0.161812
123,649,1,1,0.161812
123,601,1,1,0.161812
123,347,1,1,0.161812
1226,1285,1,1,0.161812
276,1620,1,1,0.161812
111,276,1,1,0.161812
265,1088,1,1,0.161812
390,649,1,1,0.161812
583,1633,1,1,0.161812
196,642,1,1,0.161812
547,1114,1,1,0.161812
261,1076,1,1,0.161812
925,1255,1,1,0.161812
107,550,1,1,0.161812
49,550,1,1,0.161812
49,107,1,1,0.161812
754,967,1,1,0.161812
649,967,1,1,0.161812
390,967,1,1,0.161812
1075,1279,1,1,0.161812
186,1075,1,1,0.161812
520,530,1,1,0.161812
445,903,1,1,0.161812
510,844,1,1,0.161812
689,911,1,1,0.161812
196,911,1,1,0.161812
196,689,1,1,0.161812
828,1633,1,1,0.161812
48,323,1,1,0.161812
459,1488,1,1,0.161812
128,459,1,1,0.161812
49,1480,1,1,0.161812
916,1633,1,1,0.161812
151,682,1,1,0.161812
650,682,1,1,0.161812
649,1424,1,1,0.161812
4,445,1,1,0.161812
21,447,1,1,0.161812
4,1104,1,1,0.161812
369,734,1,1,0.161812
530,650,1,1,0.161812
649,1546,1,1,0.161812
254,765,1,1,0.161812
182,1633,1,1,0.161812
182,1133,1,1,0.161812
1633,1644,1,1,0.161812
1133,1644,1,1,0.161812
1147,1591,1,1,0.161812
117,883,1,1,0.161812
510,1110,1,1,0.161812
5,67,1,1,0.161812
41,1533,1,1,0.161812
198,390,1,1,0.161812
186,711,1,1,0.161812
198,723,1,1,0.161812
293,1002,1,1,0.161812
872,1633,1,1,0.161812
1434,1602,1,1,0.161812
181,849,1,1,0.161812
67,1544,1,1,0.161812
0,98,1,1,0.161812
197,294,1,1,0.161812
312,739,1,1,0.161812
430,1222,1,1,0.161812
5,602,1,1,0.161812
479,589,1,1,0.161812
0,245,1,1,0.161812
76,1633,1,1,0.161812
161,704,1,1,0.161812
134,294,1,1,0.161812
186,564,1,1,0.161812
44,1209,1,1,0.161812
300,1155,1,1,0.161812
4,1165,1,1,0.161812
67,1633,1,1,0.161812
67,602,1,1,0.161812
674,903,1,1,0.161812
445,674,1,1,0.161812
301,1279,1,1,0.161812
1602,1633,1,1,0.161812
17,649,1,1,0.161812
195,1633,1,1,0.161812
6,595,1,1,0.161812
445,1338,1,1,0.161812
1539,1617,1,1,0.161812
46,1617,1,1,0.161812
632,1539,1,1,0.161812
46,632,1,1,0.161812
104,1538,1,1,0.161812
100,1538,1,1,0.161812
100,104,1,1,0.161812
301,806,1,1,0.161812
259,1488,1,1,0.161812
186,1159,1,1,0.161812
226,1159,1,1,0.161812
567,1619,1,1,0.161812
595,942,1,1,0.161812
678,1196,1,1,0.161812
116,1081,1,1,0.161812
259,1004,1,1,0.161812
116,1004,1,1,0.161812
116,259,1,1,0.161812
276,1635,1,1,0.161812
1279,1620,1,1,0.161812
301,1620,1,1,0.161812
17,1524,1,1,0.161812
649,1524,1,1,0.161812
97,308,1,1,0.161812
430,624,1,1,0.161812
697,1249,1,1,0.161812
44,991,1,1,0.161812
291,1031,1,1,0.161812
1200,1424,1,1,0.161812
209,369,1,1,0.161812
933,1647,1,1,0.161812
209,1143,1,1,0.161812
34,239,1,1,0.161812
15,239,1,1,0.161812
15,34,1,1,0.161812
239,280,1,1,0.161812
364,1488,1,1,0.161812
627,1620,1,1,0.161812
872,999,1,1,0.161812
951,1633,1,1,0.161812
156,465,1,1,0.161812
642,652,1,1,0.161812
1348,1556,1,1,0.161812
279,1088,1,1,0.161812
729,1556,1,1,0.161812
313,362,1,1,0.161812
135,362,1,1,0.161812
135,313,1,1,0.161812
47,1016,1,1,0.161812
408,1247,1,1,0.161812
