group_id,venue_id,poi_idx,span_min,size,start_time,end_time,members
0,3fd66200f964a52000e71ee3,0,44,2,2012-05-04 22:46:00+00:00,2012-05-04 23:30:00+00:00,663|669
1,3fd66200f964a52000e71ee3,0,60,2,2012-12-02 04:17:00+00:00,2012-12-02 05:17:00+00:00,196|402
2,3fd66200f964a52000e71ee3,0,23,2,2013-01-13 00:49:00+00:00,2013-01-13 01:12:00+00:00,998|1166
3,3fd66200f964a52003e71ee3,3,0,2,2012-05-04 02:34:00+00:00,2012-05-04 02:34:00+00:00,633|1154
4,3fd66200f964a52004e41ee3,5,59,3,2012-05-09 00:15:00+00:00,2012-05-09 01:14:00+00:00,0|158|1427
5,3fd66200f964a52004e41ee3,5,1,2,2012-07-04 02:42:00+00:00,2012-07-04 02:43:00+00:00,149|1555
6,3fd66200f964a52005eb1ee3,11,59,3,2012-04-19 00:35:00+00:00,2012-04-19 01:34:00+00:00,407|1253|1456
7,3fd66200f964a52005eb1ee3,11,17,2,2012-05-14 22:47:00+00:00,2012-05-14 23:04:00+00:00,307|1117
8,3fd66200f964a52005eb1ee3,11,41,2,2012-12-09 00:33:00+00:00,2012-12-09 01:14:00+00:00,407|754
9,3fd66200f964a52005eb1ee3,11,6,2,2013-01-12 23:46:00+00:00,2013-01-12 23:52:00+00:00,269|1533
10,3fd66200f964a52008f11ee3,18,6,2,2012-05-05 20:58:00+00:00,2012-05-05 21:04:00+00:00,606|690
11,3fd66200f964a52008f11ee3,18,33,2,2012-05-12 21:14:00+00:00,2012-05-12 21:47:00+00:00,1023|1121
12,3fd66200f964a52008f11ee3,18,4,3,2012-05-19 00:37:00+00:00,2012-05-19 00:41:00+00:00,25|661|703
13,3fd66200f964a52008f11ee3,18,24,2,2012-06-16 19:50:00+00:00,2012-06-16 20:14:00+00:00,1082|1313
14,3fd66200f964a5200ae51ee3,20,8,3,2012-05-02 04:50:00+00:00,2012-05-02 04:58:00+00:00,56|255|1427
15,3fd66200f964a5200ae51ee3,20,4,2,2012-06-11 04:42:00+00:00,2012-06-11 04:46:00+00:00,47|255
16,3fd66200f964a5200ae61ee3,21,44,2,2012-06-18 00:19:00+00:00,2012-06-18 01:03:00+00:00,661|703
17,3fd66200f964a5200ae71ee3,22,18,2,2012-10-28 01:43:00+00:00,2012-10-28 02:01:00+00:00,1277|1570
18,3fd66200f964a5200ce41ee3,25,44,2,2012-06-27 02:47:00+00:00,2012-06-27 03:31:00+00:00,1031|1122
19,3fd66200f964a5200ce61ee3,26,5,2,2012-05-05 23:24:00+00:00,2012-05-05 23:29:00+00:00,0|911
20,3fd66200f964a5200de71ee3,28,52,2,2012-07-28 23:50:00+00:00,2012-07-29 00:42:00+00:00,703|834
21,3fd66200f964a5200fe41ee3,32,19,2,2012-04-10 01:50:00+00:00,2012-04-10 02:09:00+00:00,371|750
22,3fd66200f964a5200fe41ee3,32,20,2,2012-07-03 23:53:00+00:00,2012-07-04 00:13:00+00:00,318|335
23,3fd66200f964a5200fe41ee3,32,18,2,2012-10-27 18:58:00+00:00,2012-10-27 19:16:00+00:00,613|1165
24,3fd66200f964a5200fe41ee3,32,48,2,2013-01-25 05:39:00+00:00,2013-01-25 06:27:00+00:00,512|1547
25,3fd66200f964a52012e41ee3,38,1,2,2012-04-14 04:07:00+00:00,2012-04-14 04:08:00+00:00,441|1321
26,3fd66200f964a52012e41ee3,38,3,2,2012-04-28 06:21:00+00:00,2012-04-28 06:24:00+00:00,441|1321
27,3fd66200f964a52014eb1ee3,41,59,2,2012-05-14 23:08:00+00:00,2012-05-15 00:07:00+00:00,1411|1603
28,3fd66200f964a52014eb1ee3,41,0,2,2012-06-18 01:10:00+00:00,2012-06-18 01:10:00+00:00,269|375
29,3fd66200f964a52014eb1ee3,41,37,3,2012-10-18 23:51:00+00:00,2012-10-19 00:28:00+00:00,444|567|843
30,3fd66200f964a52014eb1ee3,41,25,2,2012-11-13 00:41:00+00:00,2012-11-13 01:06:00+00:00,151|380
31,3fd66200f964a52014eb1ee3,41,49,3,2012-11-22 03:51:00+00:00,2012-11-22 04:40:00+00:00,783|1200|1629
32,3fd66200f964a52014eb1ee3,41,10,2,2013-02-17 04:20:00+00:00,2013-02-17 04:30:00+00:00,896|1200
33,3fd66200f964a52016e51ee3,44,15,2,2012-06-10 00:09:00+00:00,2012-06-10 00:24:00+00:00,512|1547
34,3fd66200f964a52018e51ee3,48,3,2,2012-05-02 06:23:00+00:00,2012-05-02 06:26:00+00:00,47|255
35,3fd66200f964a52019eb1ee3,51,10,2,2012-06-12 23:23:00+00:00,2012-06-12 23:33:00+00:00,0|313
36,3fd66200f964a52020e71ee3,62,12,2,2012-04-03 22:59:00+00:00,2012-04-03 23:11:00+00:00,1327|1453
37,3fd66200f964a52020e71ee3,62,5,2,2012-04-12 01:43:00+00:00,2012-04-12 01:48:00+00:00,1038|1589
38,3fd66200f964a52020e71ee3,62,55,3,2012-04-13 22:00:00+00:00,2012-04-13 22:55:00+00:00,39|1327|1453
39,3fd66200f964a52020e71ee3,62,53,2,2012-05-17 00:52:00+00:00,2012-05-17 01:45:00+00:00,1327|1453
40,3fd66200f964a52020e71ee3,62,2,2,2012-05-18 23:45:00+00:00,2012-05-18 23:47:00+00:00,1327|1453
41,3fd66200f964a52020e81ee3,63,18,3,2012-04-09 23:11:00+00:00,2012-04-09 23:29:00+00:00,380|564|982
42,3fd66200f964a52020e81ee3,63,43,3,2012-04-28 23:59:00+00:00,2012-04-29 00:42:00+00:00,119|293|655
43,3fd66200f964a52020e81ee3,63,45,2,2012-05-05 00:09:00+00:00,2012-05-05 00:54:00+00:00,579|691
44,3fd66200f964a52020e81ee3,63,37,2,2012-05-05 00:54:00+00:00,2012-05-05 01:31:00+00:00,663|691
45,3fd66200f964a52020e81ee3,63,43,2,2012-05-23 23:51:00+00:00,2012-05-24 00:34:00+00:00,392|418
46,3fd66200f964a52020e81ee3,63,40,4,2012-06-16 22:50:00+00:00,2012-06-16 23:30:00+00:00,156|339|883|1303
47,3fd66200f964a52020e81ee3,63,5,2,2012-06-17 02:50:00+00:00,2012-06-17 02:55:00+00:00,597|611
48,3fd66200f964a52020e81ee3,63,15,2,2012-07-02 23:36:00+00:00,2012-07-02 23:51:00+00:00,1284|1587
49,3fd66200f964a52021e41ee3,64,58,2,2012-04-08 01:56:00+00:00,2012-04-08 02:54:00+00:00,858|1238
50,3fd66200f964a52022e41ee3,66,3,2,2012-04-14 01:56:00+00:00,2012-04-14 01:59:00+00:00,1246|1584
51,3fd66200f964a52022e51ee3,67,5,3,2012-04-29 03:30:00+00:00,2012-04-29 03:35:00+00:00,97|1206|1288
52,3fd66200f964a52023e41ee3,68,43,2,2012-05-11 22:22:00+00:00,2012-05-11 23:05:00+00:00,663|1498
53,3fd66200f964a52023e41ee3,68,19,2,2012-05-12 18:19:00+00:00,2012-05-12 18:38:00+00:00,458|484
54,3fd66200f964a52023e41ee3,68,11,2,2012-05-28 17:57:00+00:00,2012-05-28 18:08:00+00:00,186|990
55,3fd66200f964a52023e41ee3,68,27,3,2012-05-28 21:59:00+00:00,2012-05-28 22:26:00+00:00,254|279|905
56,3fd66200f964a52023e41ee3,68,40,2,2012-06-16 23:37:00+00:00,2012-06-17 00:17:00+00:00,675|1031
57,3fd66200f964a52023e41ee3,68,33,2,2012-08-05 23:15:00+00:00,2012-08-05 23:48:00+00:00,6|1619
58,3fd66200f964a52023e81ee3,69,43,2,2012-07-09 14:42:00+00:00,2012-07-09 15:25:00+00:00,277|858
59,3fd66200f964a52023e81ee3,69,47,2,2013-02-07 16:12:00+00:00,2013-02-07 16:59:00+00:00,381|1591
60,3fd66200f964a52029e61ee3,74,17,2,2012-12-01 04:52:00+00:00,2012-12-01 05:09:00+00:00,1127|1324
61,3fd66200f964a5202be41ee3,76,29,2,2012-04-15 02:44:00+00:00,2012-04-15 03:13:00+00:00,764|1498
62,3fd66200f964a5202be41ee3,76,8,2,2012-04-22 04:38:00+00:00,2012-04-22 04:46:00+00:00,789|1030
63,3fd66200f964a5202be41ee3,76,0,2,2012-06-09 03:16:00+00:00,2012-06-09 03:16:00+00:00,384|895
64,3fd66200f964a5202be41ee3,76,8,2,2012-06-10 05:29:00+00:00,2012-06-10 05:37:00+00:00,950|1340
65,3fd66200f964a5202be41ee3,76,24,2,2012-07-07 01:46:00+00:00,2012-07-07 02:10:00+00:00,668|1623
66,3fd66200f964a5202be41ee3,76,37,2,2012-09-15 04:59:00+00:00,2012-09-15 05:36:00+00:00,1043|1099
67,3fd66200f964a5202be41ee3,76,8,2,2012-10-28 04:33:00+00:00,2012-10-28 04:41:00+00:00,27|1106
68,3fd66200f964a5202fe41ee3,82,21,2,2012-04-22 01:37:00+00:00,2012-04-22 01:58:00+00:00,1422|1498
69,3fd66200f964a52032e91ee3,84,57,3,2012-04-19 23:48:00+00:00,2012-04-20 00:45:00+00:00,251|354|628
70,3fd66200f964a52033eb1ee3,85,60,2,2012-05-13 18:11:00+00:00,2012-05-13 19:11:00+00:00,638|1125
71,3fd66200f964a52034eb1ee3,89,13,2,2012-04-24 17:08:00+00:00,2012-04-24 17:21:00+00:00,43|52
72,3fd66200f964a52035e41ee3,90,4,2,2012-04-04 01:41:00+00:00,2012-04-04 01:45:00+00:00,72|1081
73,3fd66200f964a52035e41ee3,90,42,4,2012-04-10 23:29:00+00:00,2012-04-11 00:11:00+00:00,597|625|696|1141
74,3fd66200f964a52035e41ee3,90,48,2,2012-04-11 00:11:00+00:00,2012-04-11 00:59:00+00:00,597|846
75,3fd66200f964a52035e41ee3,90,14,2,2012-04-12 00:49:00+00:00,2012-04-12 01:03:00+00:00,269|525
76,3fd66200f964a52035e41ee3,90,10,2,2012-04-13 00:02:00+00:00,2012-04-13 00:12:00+00:00,293|1038
77,3fd66200f964a52035e41ee3,90,2,2,2012-04-13 04:15:00+00:00,2012-04-13 04:17:00+00:00,407|1633
78,3fd66200f964a52035e41ee3,90,34,2,2012-04-14 02:20:00+00:00,2012-04-14 02:54:00+00:00,407|805
79,3fd66200f964a52035e41ee3,90,25,2,2012-04-14 22:20:00+00:00,2012-04-14 22:45:00+00:00,1245|1519
80,3fd66200f964a52035e41ee3,90,4,2,2012-04-15 04:15:00+00:00,2012-04-15 04:19:00+00:00,1324|1633
81,3fd66200f964a52035e41ee3,90,32,2,2012-04-18 23:01:00+00:00,2012-04-18 23:33:00+00:00,67|1238
82,3fd66200f964a52035e41ee3,90,22,2,2012-04-19 03:53:00+00:00,2012-04-19 04:15:00+00:00,407|1633
83,3fd66200f964a52035e41ee3,90,56,4,2012-04-21 03:54:00+00:00,2012-04-21 04:50:00+00:00,624|805|869|1633
84,3fd66200f964a52035e41ee3,90,29,2,2012-04-21 04:50:00+00:00,2012-04-21 05:19:00+00:00,624|1324
85,3fd66200f964a52035e41ee3,90,60,2,2012-04-22 00:19:00+00:00,2012-04-22 01:19:00+00:00,407|501
86,3fd66200f964a52035e41ee3,90,17,3,2012-04-28 04:15:00+00:00,2012-04-28 04:32:00+00:00,805|1324|1633
87,3fd66200f964a52035e41ee3,90,27,3,2012-04-29 05:18:00+00:00,2012-04-29 05:45:00+00:00,407|805|1067
88,3fd66200f964a52035e41ee3,90,23,2,2012-05-03 23:39:00+00:00,2012-05-04 00:02:00+00:00,407|562
89,3fd66200f964a52035e41ee3,90,38,4,2012-05-05 04:09:00+00:00,2012-05-05 04:47:00+00:00,805|1288|1324|1633
90,3fd66200f964a52035e41ee3,90,9,2,2012-05-09 01:29:00+00:00,2012-05-09 01:38:00+00:00,686|1589
91,3fd66200f964a52035e41ee3,90,51,2,2012-05-12 04:15:00+00:00,2012-05-12 05:06:00+00:00,805|1633
92,3fd66200f964a52035e41ee3,90,10,2,2012-05-16 00:19:00+00:00,2012-05-16 00:29:00+00:00,30|1422
93,3fd66200f964a52035e41ee3,90,37,2,2012-05-19 03:38:00+00:00,2012-05-19 04:15:00+00:00,805|1633
94,3fd66200f964a52035e41ee3,90,26,2,2012-05-26 05:43:00+00:00,2012-05-26 06:09:00+00:00,219|444
95,3fd66200f964a52035e41ee3,90,27,2,2012-06-09 03:48:00+00:00,2012-06-09 04:15:00+00:00,805|1633
96,3fd66200f964a52035e41ee3,90,34,2,2012-06-10 00:04:00+00:00,2012-06-10 00:38:00+00:00,622|1121
97,3fd66200f964a52035e41ee3,90,43,2,2012-06-17 03:32:00+00:00,2012-06-17 04:15:00+00:00,31|1633
98,3fd66200f964a52035e41ee3,90,51,2,2012-07-05 22:30:00+00:00,2012-07-05 23:21:00+00:00,219|1313
99,3fd66200f964a52035e41ee3,90,33,2,2012-07-05 23:21:00+00:00,2012-07-05 23:54:00+00:00,1212|1313
100,3fd66200f964a52035e41ee3,90,34,2,2012-08-11 04:04:00+00:00,2012-08-11 04:38:00+00:00,1114|1629
101,3fd66200f964a52035e41ee3,90,11,2,2012-09-15 04:15:00+00:00,2012-09-15 04:26:00+00:00,805|1633
102,3fd66200f964a52035e41ee3,90,26,2,2012-11-18 04:13:00+00:00,2012-11-18 04:39:00+00:00,407|1501
103,3fd66200f964a52035e41ee3,90,36,2,2012-11-18 04:39:00+00:00,2012-11-18 05:15:00+00:00,1501|1633
104,3fd66200f964a52035e41ee3,90,18,2,2012-12-23 04:57:00+00:00,2012-12-23 05:15:00+00:00,1200|1633
105,3fd66200f964a52035e41ee3,90,10,2,2013-01-12 05:15:00+00:00,2013-01-12 05:25:00+00:00,805|1633
106,3fd66200f964a52035e41ee3,90,4,2,2013-01-18 05:15:00+00:00,2013-01-18 05:19:00+00:00,681|1633
107,3fd66200f964a52035e41ee3,90,36,2,2013-02-14 02:26:00+00:00,2013-02-14 03:02:00+00:00,923|988
108,3fd66200f964a52036e31ee3,92,1,2,2012-06-17 22:53:00+00:00,2012-06-17 22:54:00+00:00,1249|1487
109,3fd66200f964a52036e41ee3,93,54,2,2012-06-10 00:37:00+00:00,2012-06-10 01:31:00+00:00,613|1238
110,3fd66200f964a52037e31ee3,97,1,2,2012-07-29 07:16:00+00:00,2012-07-29 07:17:00+00:00,155|710
111,3fd66200f964a52037e31ee3,97,14,2,2012-12-09 08:59:00+00:00,2012-12-09 09:13:00+00:00,1531|1606
112,3fd66200f964a52038eb1ee3,100,54,2,2012-11-07 01:17:00+00:00,2012-11-07 02:11:00+00:00,0|3
113,3fd66200f964a52039eb1ee3,102,6,2,2012-06-10 19:27:00+00:00,2012-06-10 19:33:00+00:00,394|672
114,3fd66200f964a5203ee41ee3,109,39,2,2012-06-03 03:48:00+00:00,2012-06-03 04:27:00+00:00,153|869
115,3fd66200f964a5203ee41ee3,109,31,2,2012-08-12 17:09:00+00:00,2012-08-12 17:40:00+00:00,775|931
116,3fd66200f964a5203ee91ee3,111,14,2,2012-10-12 23:49:00+00:00,2012-10-13 00:03:00+00:00,1165|1242
117,3fd66200f964a5203fe41ee3,114,39,2,2012-07-04 05:32:00+00:00,2012-07-04 06:11:00+00:00,744|1288
118,3fd66200f964a5203fe41ee3,114,39,2,2013-02-01 02:56:00+00:00,2013-02-01 03:35:00+00:00,903|1555
119,3fd66200f964a52042e81ee3,121,3,2,2012-07-01 05:54:00+00:00,2012-07-01 05:57:00+00:00,184|1621
120,3fd66200f964a52044e81ee3,126,3,2,2013-01-26 23:44:00+00:00,2013-01-26 23:47:00+00:00,1168|1277
121,3fd66200f964a52049e31ee3,135,6,2,2012-07-28 05:36:00+00:00,2012-07-28 05:42:00+00:00,846|1585
122,3fd66200f964a5204ee41ee3,142,60,2,2012-05-19 16:20:00+00:00,2012-05-19 17:20:00+00:00,794|920
123,3fd66200f964a52051e41ee3,145,31,2,2012-09-14 21:28:00+00:00,2012-09-14 21:59:00+00:00,424|1282
124,3fd66200f964a52052e61ee3,147,48,2,2012-04-22 16:59:00+00:00,2012-04-22 17:47:00+00:00,488|1277
125,3fd66200f964a52053e61ee3,149,39,2,2012-04-21 03:50:00+00:00,2012-04-21 04:29:00+00:00,1263|1317
126,3fd66200f964a52053e61ee3,149,36,2,2012-04-21 09:11:00+00:00,2012-04-21 09:47:00+00:00,1504|1534
127,3fd66200f964a52053e71ee3,150,6,2,2012-09-15 04:34:00+00:00,2012-09-15 04:40:00+00:00,1100|1546
128,3fd66200f964a52053eb1ee3,151,9,2,2012-09-15 02:47:00+00:00,2012-09-15 02:56:00+00:00,650|1043
129,3fd66200f964a52058e41ee3,160,23,2,2012-08-11 02:45:00+00:00,2012-08-11 03:08:00+00:00,636|1088
130,3fd66200f964a5205ae31ee3,162,1,2,2012-05-13 03:18:00+00:00,2012-05-13 03:19:00+00:00,650|1043
131,3fd66200f964a5205ae91ee3,163,47,2,2012-04-20 03:44:00+00:00,2012-04-20 04:31:00+00:00,625|764
132,3fd66200f964a5205ae91ee3,163,7,2,2012-06-07 06:06:00+00:00,2012-06-07 06:13:00+00:00,217|764
133,3fd66200f964a5205ae91ee3,163,4,2,2012-06-21 08:11:00+00:00,2012-06-21 08:15:00+00:00,417|1037
134,3fd66200f964a5205deb1ee3,170,10,2,2012-05-22 00:08:00+00:00,2012-05-22 00:18:00+00:00,8|633
135,3fd66200f964a52061e51ee3,174,1,2,2013-01-12 04:00:00+00:00,2013-01-12 04:01:00+00:00,1099|1610
136,3fd66200f964a52062e61ee3,176,2,2,2012-08-20 00:33:00+00:00,2012-08-20 00:35:00+00:00,822|1106
137,3fd66200f964a52067e61ee3,185,9,2,2012-12-10 22:49:00+00:00,2012-12-10 22:58:00+00:00,616|1088
138,3fd66200f964a52069e71ee3,189,58,2,2012-05-15 22:57:00+00:00,2012-05-15 23:55:00+00:00,359|883
139,3fd66200f964a52069e71ee3,189,8,2,2012-11-11 03:08:00+00:00,2012-11-11 03:16:00+00:00,701|1031
140,3fd66200f964a5206ae51ee3,191,13,2,2012-12-08 06:07:00+00:00,2012-12-08 06:20:00+00:00,1099|1528
141,3fd66200f964a5206deb1ee3,197,10,3,2013-02-17 22:09:00+00:00,2013-02-17 22:19:00+00:00,123|1121|1350
142,3fd66200f964a52071e61ee3,202,35,2,2012-04-13 22:33:00+00:00,2012-04-13 23:08:00+00:00,615|686
143,3fd66200f964a52071e61ee3,202,3,2,2012-04-15 04:45:00+00:00,2012-04-15 04:48:00+00:00,97|1206
144,3fd66200f964a52073e81ee3,205,2,2,2012-04-10 22:38:00+00:00,2012-04-10 22:40:00+00:00,470|509
145,3fd66200f964a5207ee51ee3,219,47,2,2012-05-17 02:08:00+00:00,2012-05-17 02:55:00+00:00,663|669
146,3fd66200f964a5207eea1ee3,221,15,2,2012-05-15 21:46:00+00:00,2012-05-15 22:01:00+00:00,484|1381
147,3fd66200f964a5207eea1ee3,221,10,2,2012-10-24 01:09:00+00:00,2012-10-24 01:19:00+00:00,698|824
148,3fd66200f964a5207eea1ee3,221,31,2,2012-12-12 00:18:00+00:00,2012-12-12 00:49:00+00:00,627|770
149,3fd66200f964a5207feb1ee3,223,10,2,2012-05-27 17:44:00+00:00,2012-05-27 17:54:00+00:00,239|1143
150,3fd66200f964a52088e51ee3,234,25,2,2012-04-10 17:36:00+00:00,2012-04-10 18:01:00+00:00,74|641
151,3fd66200f964a5208be41ee3,238,36,2,2012-09-09 23:17:00+00:00,2012-09-09 23:53:00+00:00,628|1547
152,3fd66200f964a52092e71ee3,246,0,2,2012-05-23 19:30:00+00:00,2012-05-23 19:30:00+00:00,664|1205
153,3fd66200f964a52093e71ee3,249,8,2,2012-07-18 22:51:00+00:00,2012-07-18 22:59:00+00:00,1133|1479
154,3fd66200f964a52095e71ee3,255,3,2,2012-04-29 02:38:00+00:00,2012-04-29 02:41:00+00:00,636|1551
155,3fd66200f964a52096e91ee3,256,0,2,2012-05-04 02:29:00+00:00,2012-05-04 02:29:00+00:00,97|1206
156,3fd66200f964a52096e91ee3,256,54,2,2012-10-27 00:51:00+00:00,2012-10-27 01:45:00+00:00,345|624
157,3fd66200f964a52096eb1ee3,257,3,2,2012-08-11 22:32:00+00:00,2012-08-11 22:35:00+00:00,487|1114
158,3fd66200f964a52096eb1ee3,257,55,2,2012-08-18 19:36:00+00:00,2012-08-18 20:31:00+00:00,931|1014
159,3fd66200f964a52099e41ee3,261,47,2,2012-06-09 04:13:00+00:00,2012-06-09 05:00:00+00:00,528|1231
160,3fd66200f964a5209beb1ee3,264,43,2,2012-12-07 17:57:00+00:00,2012-12-07 18:40:00+00:00,562|718
161,3fd66200f964a5209deb1ee3,267,45,2,2013-02-18 04:08:00+00:00,2013-02-18 04:53:00+00:00,312|1233
162,3fd66200f964a5209fe51ee3,270,23,2,2012-04-14 04:18:00+00:00,2012-04-14 04:41:00+00:00,685|1146
163,3fd66200f964a5209fe51ee3,270,3,2,2012-05-26 04:18:00+00:00,2012-05-26 04:21:00+00:00,685|1068
164,3fd66200f964a520a4e31ee3,276,40,2,2012-05-29 16:53:00+00:00,2012-05-29 17:33:00+00:00,1136|1553
165,3fd66200f964a520a4e31ee3,276,50,2,2012-05-29 17:33:00+00:00,2012-05-29 18:23:00+00:00,511|1136
166,3fd66200f964a520a5e41ee3,277,16,2,2012-04-29 06:54:00+00:00,2012-04-29 07:10:00+00:00,591|1460
167,3fd66200f964a520a9f11ee3,282,22,2,2012-04-14 00:05:00+00:00,2012-04-14 00:27:00+00:00,376|1474
168,3fd66200f964a520aae31ee3,283,37,2,2012-04-28 22:19:00+00:00,2012-04-28 22:56:00+00:00,252|560
169,3fd66200f964a520aae31ee3,283,30,2,2012-05-04 00:45:00+00:00,2012-05-04 01:15:00+00:00,966|1062
170,3fd66200f964a520aae31ee3,283,43,3,2012-05-21 20:57:00+00:00,2012-05-21 21:40:00+00:00,130|284|560
171,3fd66200f964a520aae31ee3,283,44,2,2012-10-24 00:58:00+00:00,2012-10-24 01:42:00+00:00,6|72
172,3fd66200f964a520aae31ee3,283,44,2,2012-12-12 03:00:00+00:00,2012-12-12 03:44:00+00:00,293|652
173,3fd66200f964a520b6e71ee3,297,7,3,2012-04-13 23:55:00+00:00,2012-04-14 00:02:00+00:00,370|731|878
174,3fd66200f964a520b6e71ee3,297,15,2,2012-05-23 23:40:00+00:00,2012-05-23 23:55:00+00:00,989|1430
175,3fd66200f964a520b6e71ee3,297,27,2,2012-11-12 23:39:00+00:00,2012-11-13 00:06:00+00:00,351|725
176,3fd66200f964a520b6e71ee3,297,32,2,2012-11-27 00:16:00+00:00,2012-11-27 00:48:00+00:00,649|1464
177,3fd66200f964a520b7e41ee3,299,1,2,2012-05-16 04:22:00+00:00,2012-05-16 04:23:00+00:00,1106|1327
178,3fd66200f964a520b8ea1ee3,301,37,2,2012-04-28 15:36:00+00:00,2012-04-28 16:13:00+00:00,292|394
179,3fd66200f964a520bbe61ee3,305,45,2,2012-05-02 02:19:00+00:00,2012-05-02 03:04:00+00:00,319|329
180,3fd66200f964a520bbe61ee3,305,46,2,2012-05-09 00:04:00+00:00,2012-05-09 00:50:00+00:00,319|1248
181,3fd66200f964a520bbe61ee3,305,56,4,2012-05-15 02:21:00+00:00,2012-05-15 03:17:00+00:00,60|130|134|329
182,3fd66200f964a520bbe61ee3,305,55,3,2012-05-16 00:13:00+00:00,2012-05-16 01:08:00+00:00,16|284|319
183,3fd66200f964a520bbe61ee3,305,53,3,2012-05-16 00:58:00+00:00,2012-05-16 01:51:00+00:00,284|319|487
184,3fd66200f964a520bbe61ee3,305,39,3,2012-05-16 01:51:00+00:00,2012-05-16 02:30:00+00:00,134|487|1499
185,3fd66200f964a520bbe61ee3,305,8,2,2012-05-27 00:22:00+00:00,2012-05-27 00:30:00+00:00,284|1624
186,3fd66200f964a520bbe61ee3,305,35,2,2012-10-23 22:13:00+00:00,2012-10-23 22:48:00+00:00,244|640
187,3fd66200f964a520bbe61ee3,305,50,2,2012-12-04 23:56:00+00:00,2012-12-05 00:46:00+00:00,3|787
188,3fd66200f964a520bbe61ee3,305,37,2,2013-02-12 23:24:00+00:00,2013-02-13 00:01:00+00:00,231|244
189,3fd66200f964a520bce31ee3,306,5,2,2012-04-15 20:06:00+00:00,2012-04-15 20:11:00+00:00,736|737
190,3fd66200f964a520bce81ee3,308,27,2,2012-06-03 19:59:00+00:00,2012-06-03 20:26:00+00:00,832|1041
191,3fd66200f964a520bce81ee3,308,2,2,2012-11-10 21:34:00+00:00,2012-11-10 21:36:00+00:00,569|592
192,3fd66200f964a520bde41ee3,310,29,2,2012-08-18 03:03:00+00:00,2012-08-18 03:32:00+00:00,1277|1299
193,3fd66200f964a520c2e51ee3,323,24,2,2012-12-11 04:53:00+00:00,2012-12-11 05:17:00+00:00,0|333
194,3fd66200f964a520c5e41ee3,326,12,2,2012-04-28 21:07:00+00:00,2012-04-28 21:19:00+00:00,298|307
195,3fd66200f964a520c5f01ee3,327,9,2,2012-05-06 00:07:00+00:00,2012-05-06 00:16:00+00:00,606|690
196,3fd66200f964a520c5f01ee3,327,37,3,2012-06-17 05:07:00+00:00,2012-06-17 05:44:00+00:00,354|1023|1327
197,3fd66200f964a520c5f01ee3,327,11,2,2012-07-08 06:05:00+00:00,2012-07-08 06:16:00+00:00,441|1023
198,3fd66200f964a520c7e71ee3,329,49,2,2012-04-17 22:28:00+00:00,2012-04-17 23:17:00+00:00,1423|1471
199,3fd66200f964a520c7f11ee3,330,0,2,2012-05-11 17:00:00+00:00,2012-05-11 17:00:00+00:00,115|433
200,3fd66200f964a520cce71ee3,338,29,2,2012-04-13 23:30:00+00:00,2012-04-13 23:59:00+00:00,1277|1570
201,3fd66200f964a520ccf11ee3,339,6,2,2012-06-04 11:52:00+00:00,2012-06-04 11:58:00+00:00,227|488
202,3fd66200f964a520cee51ee3,340,27,2,2012-06-09 23:35:00+00:00,2012-06-10 00:02:00+00:00,967|1053
203,3fd66200f964a520d1e31ee3,343,1,2,2012-04-17 23:17:00+00:00,2012-04-17 23:18:00+00:00,1327|1453
204,3fd66200f964a520d1e31ee3,343,16,2,2012-12-07 23:22:00+00:00,2012-12-07 23:38:00+00:00,730|1327
205,3fd66200f964a520d5e31ee3,345,35,2,2012-04-22 15:32:00+00:00,2012-04-22 16:07:00+00:00,85|711
206,3fd66200f964a520d7e41ee3,349,3,2,2012-04-14 21:32:00+00:00,2012-04-14 21:35:00+00:00,1253|1456
207,3fd66200f964a520d7e61ee3,350,21,2,2012-05-05 21:31:00+00:00,2012-05-05 21:52:00+00:00,255|556
208,3fd66200f964a520d7e81ee3,351,2,2,2013-03-08 01:23:00+00:00,2013-03-08 01:25:00+00:00,1099|1610
209,3fd66200f964a520d7f11ee3,352,15,3,2012-04-16 16:54:00+00:00,2012-04-16 17:09:00+00:00,611|1308|1572
210,3fd66200f964a520d7f11ee3,352,57,2,2012-04-17 15:40:00+00:00,2012-04-17 16:37:00+00:00,208|676
211,3fd66200f964a520d7f11ee3,352,54,2,2012-04-17 16:37:00+00:00,2012-04-17 17:31:00+00:00,208|889
212,3fd66200f964a520d7f11ee3,352,39,2,2012-04-20 16:43:00+00:00,2012-04-20 17:22:00+00:00,531|999
213,3fd66200f964a520d7f11ee3,352,20,2,2012-04-28 22:05:00+00:00,2012-04-28 22:25:00+00:00,521|1626
214,3fd66200f964a520d7f11ee3,352,45,2,2012-05-01 20:42:00+00:00,2012-05-01 21:27:00+00:00,841|1455
215,3fd66200f964a520d7f11ee3,352,52,2,2012-05-11 18:23:00+00:00,2012-05-11 19:15:00+00:00,128|1643
216,3fd66200f964a520d7f11ee3,352,3,2,2012-05-27 19:12:00+00:00,2012-05-27 19:15:00+00:00,336|706
217,3fd66200f964a520d7f11ee3,352,27,2,2012-05-31 17:08:00+00:00,2012-05-31 17:35:00+00:00,671|1011
218,3fd66200f964a520d7f11ee3,352,59,2,2012-06-01 12:14:00+00:00,2012-06-01 13:13:00+00:00,1266|1530
219,3fd66200f964a520d7f11ee3,352,45,2,2012-06-06 18:38:00+00:00,2012-06-06 19:23:00+00:00,1145|1564
220,3fd66200f964a520d7f11ee3,352,9,2,2012-06-16 23:11:00+00:00,2012-06-16 23:20:00+00:00,305|1035
221,3fd66200f964a520d7f11ee3,352,35,2,2012-06-18 16:22:00+00:00,2012-06-18 16:57:00+00:00,611|671
222,3fd66200f964a520d7f11ee3,352,43,2,2012-06-18 16:57:00+00:00,2012-06-18 17:40:00+00:00,23|671
223,3fd66200f964a520d7f11ee3,352,14,2,2012-07-02 16:32:00+00:00,2012-07-02 16:46:00+00:00,753|773
224,3fd66200f964a520d7f11ee3,352,26,2,2012-07-02 23:23:00+00:00,2012-07-02 23:49:00+00:00,283|1632
225,3fd66200f964a520d7f11ee3,352,36,3,2012-07-03 17:29:00+00:00,2012-07-03 18:05:00+00:00,86|549|1287
226,3fd66200f964a520d7f11ee3,352,21,3,2012-07-16 23:32:00+00:00,2012-07-16 23:53:00+00:00,193|338|505
227,3fd66200f964a520d7f11ee3,352,18,2,2012-08-17 00:39:00+00:00,2012-08-17 00:57:00+00:00,538|1639
228,3fd66200f964a520d7f11ee3,352,4,2,2012-11-09 13:47:00+00:00,2012-11-09 13:51:00+00:00,835|1424
229,3fd66200f964a520d7f11ee3,352,34,2,2012-11-12 19:59:00+00:00,2012-11-12 20:33:00+00:00,1215|1377
230,3fd66200f964a520daf11ee3,358,47,2,2012-05-05 18:03:00+00:00,2012-05-05 18:50:00+00:00,103|115
231,3fd66200f964a520daf11ee3,358,40,2,2012-05-13 14:28:00+00:00,2012-05-13 15:08:00+00:00,794|1032
232,3fd66200f964a520daf11ee3,358,9,2,2012-05-18 22:49:00+00:00,2012-05-18 22:58:00+00:00,77|1279
233,3fd66200f964a520dbe31ee3,359,57,2,2012-04-29 00:33:00+00:00,2012-04-29 01:30:00+00:00,501|1014
234,3fd66200f964a520dbe31ee3,359,28,2,2012-05-06 23:15:00+00:00,2012-05-06 23:43:00+00:00,126|252
235,3fd66200f964a520dbe31ee3,359,8,2,2012-09-06 01:19:00+00:00,2012-09-06 01:27:00+00:00,611|691
236,3fd66200f964a520dbe31ee3,359,6,2,2012-10-19 00:10:00+00:00,2012-10-19 00:16:00+00:00,72|313
237,3fd66200f964a520dbe31ee3,359,9,2,2012-12-11 01:13:00+00:00,2012-12-11 01:22:00+00:00,235|988
238,3fd66200f964a520dbe31ee3,359,46,2,2012-12-16 01:57:00+00:00,2012-12-16 02:43:00+00:00,296|411
239,3fd66200f964a520dbe81ee3,362,1,2,2013-01-26 22:58:00+00:00,2013-01-26 22:59:00+00:00,533|867
240,3fd66200f964a520dbea1ee3,364,50,2,2013-04-17 23:43:00+00:00,2013-04-18 00:33:00+00:00,1064|1136
241,3fd66200f964a520ddf01ee3,369,46,4,2012-04-13 16:21:00+00:00,2012-04-13 17:07:00+00:00,590|601|965|1378
242,3fd66200f964a520ddf01ee3,369,55,6,2012-04-14 16:51:00+00:00,2012-04-14 17:46:00+00:00,756|1121|1240|1453|1476|1588
243,3fd66200f964a520ddf01ee3,369,59,7,2012-04-17 22:08:00+00:00,2012-04-17 23:07:00+00:00,56|140|310|661|1143|1422|1470
244,3fd66200f964a520ddf01ee3,369,32,6,2012-04-17 22:47:00+00:00,2012-04-17 23:19:00+00:00,56|140|661|1111|1143|1422
245,3fd66200f964a520ddf01ee3,369,54,7,2012-04-18 22:47:00+00:00,2012-04-18 23:41:00+00:00,294|553|669|703|722|1333|1378
246,3fd66200f964a520ddf01ee3,369,41,3,2012-04-19 22:22:00+00:00,2012-04-19 23:03:00+00:00,521|1027|1104
247,3fd66200f964a520ddf01ee3,369,58,3,2012-04-19 22:25:00+00:00,2012-04-19 23:23:00+00:00,521|727|1027
248,3fd66200f964a520ddf01ee3,369,47,3,2012-04-19 23:03:00+00:00,2012-04-19 23:50:00+00:00,727|1027|1128
249,3fd66200f964a520ddf01ee3,369,54,2,2012-04-19 23:50:00+00:00,2012-04-20 00:44:00+00:00,739|1128
250,3fd66200f964a520ddf01ee3,369,44,2,2012-04-20 00:44:00+00:00,2012-04-20 01:28:00+00:00,739|1104
251,3fd66200f964a520ddf01ee3,369,55,7,2012-04-27 22:34:00+00:00,2012-04-27 23:29:00+00:00,9|39|132|289|478|553|1024
252,3fd66200f964a520ddf01ee3,369,58,4,2012-04-27 22:44:00+00:00,2012-04-27 23:42:00+00:00,132|289|478|1151
253,3fd66200f964a520ddf01ee3,369,51,6,2012-04-28 19:57:00+00:00,2012-04-28 20:48:00+00:00,223|249|330|957|965|1019
254,3fd66200f964a520ddf01ee3,369,41,2,2012-04-28 20:48:00+00:00,2012-04-28 21:29:00+00:00,249|1565
255,3fd66200f964a520ddf01ee3,369,38,4,2012-04-29 16:15:00+00:00,2012-04-29 16:53:00+00:00,1168|1190|1192|1376
256,3fd66200f964a520ddf01ee3,369,39,3,2012-04-29 17:54:00+00:00,2012-04-29 18:33:00+00:00,239|605|1404
257,3fd66200f964a520ddf01ee3,369,26,2,2012-05-01 22:29:00+00:00,2012-05-01 22:55:00+00:00,366|1143
258,3fd66200f964a520ddf01ee3,369,43,6,2012-05-08 22:38:00+00:00,2012-05-08 23:21:00+00:00,329|385|479|590|957|1143
259,3fd66200f964a520ddf01ee3,369,57,4,2012-05-08 23:13:00+00:00,2012-05-09 00:10:00+00:00,329|590|1143|1420
260,3fd66200f964a520ddf01ee3,369,14,2,2012-05-09 00:10:00+00:00,2012-05-09 00:24:00+00:00,1225|1420
261,3fd66200f964a520ddf01ee3,369,43,5,2012-05-10 22:10:00+00:00,2012-05-10 22:53:00+00:00,636|1024|1143|1481|1544
262,3fd66200f964a520ddf01ee3,369,58,5,2012-05-10 22:29:00+00:00,2012-05-10 23:27:00+00:00,90|636|1143|1481|1544
263,3fd66200f964a520ddf01ee3,369,48,4,2012-05-10 22:51:00+00:00,2012-05-10 23:39:00+00:00,29|90|1143|1481
264,3fd66200f964a520ddf01ee3,369,59,8,2012-05-11 22:22:00+00:00,2012-05-11 23:21:00+00:00,252|537|553|770|945|986|1271|1588
265,3fd66200f964a520ddf01ee3,369,51,8,2012-05-11 22:47:00+00:00,2012-05-11 23:38:00+00:00,252|537|770|945|986|1271|1303|1588
266,3fd66200f964a520ddf01ee3,369,59,7,2012-05-11 23:02:00+00:00,2012-05-12 00:01:00+00:00,537|770|844|945|986|1271|1303
267,3fd66200f964a520ddf01ee3,369,55,4,2012-05-12 18:59:00+00:00,2012-05-12 19:54:00+00:00,390|800|856|1024
268,3fd66200f964a520ddf01ee3,369,52,3,2012-05-12 19:44:00+00:00,2012-05-12 20:36:00+00:00,44|800|856
269,3fd66200f964a520ddf01ee3,369,46,2,2012-05-12 20:36:00+00:00,2012-05-12 21:22:00+00:00,44|81
270,3fd66200f964a520ddf01ee3,369,57,3,2012-05-13 15:45:00+00:00,2012-05-13 16:42:00+00:00,474|894|1071
271,3fd66200f964a520ddf01ee3,369,45,3,2012-05-13 16:23:00+00:00,2012-05-13 17:08:00+00:00,894|1071|1588
272,3fd66200f964a520ddf01ee3,369,28,4,2012-05-16 13:30:00+00:00,2012-05-16 13:58:00+00:00,431|857|1259|1437
273,3fd66200f964a520ddf01ee3,369,38,2,2012-05-16 18:44:00+00:00,2012-05-16 19:22:00+00:00,521|1245
274,3fd66200f964a520ddf01ee3,369,52,6,2012-05-18 22:17:00+00:00,2012-05-18 23:09:00+00:00,553|836|1012|1024|1143|1192
275,3fd66200f964a520ddf01ee3,369,55,6,2012-05-18 22:43:00+00:00,2012-05-18 23:38:00+00:00,406|553|850|1012|1143|1192
276,3fd66200f964a520ddf01ee3,369,46,3,2012-05-19 16:18:00+00:00,2012-05-19 17:04:00+00:00,152|533|1603
277,3fd66200f964a520ddf01ee3,369,46,3,2012-05-19 16:36:00+00:00,2012-05-19 17:22:00+00:00,533|1525|1603
278,3fd66200f964a520ddf01ee3,369,50,3,2012-05-19 17:04:00+00:00,2012-05-19 17:54:00+00:00,44|533|1525
279,3fd66200f964a520ddf01ee3,369,12,2,2012-05-21 20:57:00+00:00,2012-05-21 21:09:00+00:00,119|1352
280,3fd66200f964a520ddf01ee3,369,5,2,2012-05-21 23:19:00+00:00,2012-05-21 23:24:00+00:00,943|1648
281,3fd66200f964a520ddf01ee3,369,36,4,2012-05-23 22:34:00+00:00,2012-05-23 23:10:00+00:00,537|658|844|1464
282,3fd66200f964a520ddf01ee3,369,59,4,2012-05-23 22:51:00+00:00,2012-05-23 23:50:00+00:00,658|844|1306|1464
283,3fd66200f964a520ddf01ee3,369,47,3,2012-05-23 23:50:00+00:00,2012-05-24 00:37:00+00:00,52|588|1306
284,3fd66200f964a520ddf01ee3,369,58,3,2012-06-06 23:10:00+00:00,2012-06-07 00:08:00+00:00,493|1303|1411
285,3fd66200f964a520ddf01ee3,369,42,3,2012-06-07 22:03:00+00:00,2012-06-07 22:45:00+00:00,823|1255|1609
286,3fd66200f964a520ddf01ee3,369,57,3,2012-06-07 22:30:00+00:00,2012-06-07 23:27:00+00:00,823|1121|1255
287,3fd66200f964a520ddf01ee3,369,43,5,2012-06-08 22:46:00+00:00,2012-06-08 23:29:00+00:00,272|278|332|698|1143
288,3fd66200f964a520ddf01ee3,369,51,4,2012-06-08 23:17:00+00:00,2012-06-09 00:08:00+00:00,278|290|332|698
289,3fd66200f964a520ddf01ee3,369,29,2,2012-06-09 00:08:00+00:00,2012-06-09 00:37:00+00:00,290|294
290,3fd66200f964a520ddf01ee3,369,45,2,2012-06-09 21:31:00+00:00,2012-06-09 22:16:00+00:00,121|807
291,3fd66200f964a520ddf01ee3,369,52,4,2012-06-09 22:16:00+00:00,2012-06-09 23:08:00+00:00,625|807|856|1616
292,3fd66200f964a520ddf01ee3,369,58,6,2012-06-09 22:40:00+00:00,2012-06-09 23:38:00+00:00,254|577|625|856|1538|1616
293,3fd66200f964a520ddf01ee3,369,56,2,2012-06-09 23:38:00+00:00,2012-06-10 00:34:00+00:00,254|290
294,3fd66200f964a520ddf01ee3,369,44,2,2012-06-10 16:12:00+00:00,2012-06-10 16:56:00+00:00,222|1593
295,3fd66200f964a520ddf01ee3,369,32,2,2012-06-10 16:56:00+00:00,2012-06-10 17:28:00+00:00,1079|1593
296,3fd66200f964a520ddf01ee3,369,55,2,2012-06-10 17:28:00+00:00,2012-06-10 18:23:00+00:00,692|1079
297,3fd66200f964a520ddf01ee3,369,21,2,2012-06-27 17:17:00+00:00,2012-06-27 17:38:00+00:00,272|1617
298,3fd66200f964a520ddf01ee3,369,54,4,2012-07-07 00:01:00+00:00,2012-07-07 00:55:00+00:00,318|344|726|903
299,3fd66200f964a520ddf01ee3,369,18,2,2012-07-07 23:27:00+00:00,2012-07-07 23:45:00+00:00,1024|1352
300,3fd66200f964a520ddf01ee3,369,55,2,2012-07-07 23:45:00+00:00,2012-07-08 00:40:00+00:00,423|1352
301,3fd66200f964a520ddf01ee3,369,10,2,2012-07-08 00:40:00+00:00,2012-07-08 00:50:00+00:00,423|752
302,3fd66200f964a520ddf01ee3,369,8,2,2012-07-15 16:26:00+00:00,2012-07-15 16:34:00+00:00,53|1431
303,3fd66200f964a520ddf01ee3,369,38,2,2012-07-17 22:22:00+00:00,2012-07-17 23:00:00+00:00,259|952
304,3fd66200f964a520ddf01ee3,369,35,2,2012-07-17 23:00:00+00:00,2012-07-17 23:35:00+00:00,590|952
305,3fd66200f964a520ddf01ee3,369,28,2,2012-07-18 16:20:00+00:00,2012-07-18 16:48:00+00:00,266|1024
306,3fd66200f964a520ddf01ee3,369,20,2,2012-07-27 21:01:00+00:00,2012-07-27 21:21:00+00:00,121|1258
307,3fd66200f964a520ddf01ee3,369,34,2,2012-07-27 22:45:00+00:00,2012-07-27 23:19:00+00:00,553|1249
308,3fd66200f964a520ddf01ee3,369,55,2,2012-07-28 19:24:00+00:00,2012-07-28 20:19:00+00:00,64|304
309,3fd66200f964a520ddf01ee3,369,32,3,2012-07-28 20:19:00+00:00,2012-07-28 20:51:00+00:00,64|869|1240
310,3fd66200f964a520ddf01ee3,369,45,2,2012-07-29 22:47:00+00:00,2012-07-29 23:32:00+00:00,457|730
311,3fd66200f964a520ddf01ee3,369,47,2,2012-07-29 23:32:00+00:00,2012-07-30 00:19:00+00:00,457|577
312,3fd66200f964a520ddf01ee3,369,33,3,2012-07-30 00:19:00+00:00,2012-07-30 00:52:00+00:00,537|577|1260
313,3fd66200f964a520ddf01ee3,369,36,3,2012-08-13 22:43:00+00:00,2012-08-13 23:19:00+00:00,64|624|1002
314,3fd66200f964a520ddf01ee3,369,21,2,2012-08-14 23:05:00+00:00,2012-08-14 23:26:00+00:00,222|479
315,3fd66200f964a520ddf01ee3,369,50,2,2012-08-14 23:26:00+00:00,2012-08-15 00:16:00+00:00,433|479
316,3fd66200f964a520ddf01ee3,369,41,2,2012-08-16 18:05:00+00:00,2012-08-16 18:46:00+00:00,416|1070
317,3fd66200f964a520ddf01ee3,369,0,2,2012-08-17 22:43:00+00:00,2012-08-17 22:43:00+00:00,1143|1189
318,3fd66200f964a520ddf01ee3,369,34,2,2012-08-18 00:08:00+00:00,2012-08-18 00:42:00+00:00,294|1071
319,3fd66200f964a520ddf01ee3,369,27,2,2012-08-18 17:06:00+00:00,2012-08-18 17:33:00+00:00,786|1033
320,3fd66200f964a520ddf01ee3,369,58,2,2012-08-18 20:00:00+00:00,2012-08-18 20:58:00+00:00,353|652
321,3fd66200f964a520ddf01ee3,369,60,3,2012-08-20 00:00:00+00:00,2012-08-20 01:00:00+00:00,558|820|1378
322,3fd66200f964a520ddf01ee3,369,51,3,2012-09-14 21:54:00+00:00,2012-09-14 22:45:00+00:00,553|1024|1143
323,3fd66200f964a520ddf01ee3,369,59,3,2012-09-14 22:25:00+00:00,2012-09-14 23:24:00+00:00,553|1143|1248
324,3fd66200f964a520ddf01ee3,369,9,2,2012-09-15 19:40:00+00:00,2012-09-15 19:49:00+00:00,304|1215
325,3fd66200f964a520ddf01ee3,369,48,3,2012-10-11 23:03:00+00:00,2012-10-11 23:51:00+00:00,601|1189|1378
326,3fd66200f964a520ddf01ee3,369,28,4,2012-10-12 20:55:00+00:00,2012-10-12 21:23:00+00:00,44|294|435|553
327,3fd66200f964a520ddf01ee3,369,58,4,2012-10-12 21:17:00+00:00,2012-10-12 22:15:00+00:00,44|294|435|1318
328,3fd66200f964a520ddf01ee3,369,34,3,2013-04-01 16:09:00+00:00,2013-04-01 16:43:00+00:00,553|1233|1397
329,3fd66200f964a520ddf01ee3,369,53,3,2013-04-03 22:41:00+00:00,2013-04-03 23:34:00+00:00,940|1033|1175
330,3fd66200f964a520ddf01ee3,369,8,2,2013-04-04 23:15:00+00:00,2013-04-04 23:23:00+00:00,1004|1175
331,3fd66200f964a520ddf01ee3,369,23,2,2013-04-16 23:58:00+00:00,2013-04-17 00:21:00+00:00,1033|1371
332,3fd66200f964a520ddf01ee3,369,9,2,2013-04-18 22:30:00+00:00,2013-04-18 22:39:00+00:00,873|943
333,3fd66200f964a520ddf01ee3,369,32,2,2013-04-25 23:17:00+00:00,2013-04-25 23:49:00+00:00,346|1099
334,3fd66200f964a520ddf01ee3,369,55,2,2013-04-29 17:42:00+00:00,2013-04-29 18:37:00+00:00,1254|1415
335,3fd66200f964a520ddf01ee3,369,48,2,2013-05-04 17:21:00+00:00,2013-05-04 18:09:00+00:00,1033|1175
336,3fd66200f964a520ddf01ee3,369,30,2,2013-05-04 18:09:00+00:00,2013-05-04 18:39:00+00:00,1033|1415
337,3fd66200f964a520ddf01ee3,369,52,2,2013-05-14 22:14:00+00:00,2013-05-14 23:06:00+00:00,943|1033
338,3fd66200f964a520ddf01ee3,369,55,2,2013-05-16 23:12:00+00:00,2013-05-17 00:07:00+00:00,346|1033
339,3fd66200f964a520dee51ee3,370,54,2,2012-05-04 01:18:00+00:00,2012-05-04 02:12:00+00:00,0|313
340,3fd66200f964a520def11ee3,373,48,2,2012-04-03 22:45:00+00:00,2012-04-03 23:33:00+00:00,980|1326
341,3fd66200f964a520def11ee3,373,52,2,2012-04-10 21:42:00+00:00,2012-04-10 22:34:00+00:00,927|1004
342,3fd66200f964a520def11ee3,373,54,2,2012-04-11 23:29:00+00:00,2012-04-12 00:23:00+00:00,927|1315
343,3fd66200f964a520def11ee3,373,41,2,2012-04-23 22:51:00+00:00,2012-04-23 23:32:00+00:00,294|794
344,3fd66200f964a520def11ee3,373,1,3,2012-04-25 23:46:00+00:00,2012-04-25 23:47:00+00:00,788|1160|1659
345,3fd66200f964a520def11ee3,373,58,3,2012-05-01 20:01:00+00:00,2012-05-01 20:59:00+00:00,139|371|789
346,3fd66200f964a520def11ee3,373,60,2,2012-05-01 20:59:00+00:00,2012-05-01 21:59:00+00:00,771|789
347,3fd66200f964a520def11ee3,373,55,3,2012-05-01 21:59:00+00:00,2012-05-01 22:54:00+00:00,771|1288|1298
348,3fd66200f964a520def11ee3,373,25,2,2012-05-13 17:35:00+00:00,2012-05-13 18:00:00+00:00,1070|1245
349,3fd66200f964a520def11ee3,373,4,2,2012-05-17 23:16:00+00:00,2012-05-17 23:20:00+00:00,500|1135
350,3fd66200f964a520def11ee3,373,39,2,2012-05-23 21:42:00+00:00,2012-05-23 22:21:00+00:00,411|1282
351,3fd66200f964a520def11ee3,373,56,2,2012-05-27 16:43:00+00:00,2012-05-27 17:39:00+00:00,1025|1248
352,3fd66200f964a520def11ee3,373,5,2,2012-06-05 12:49:00+00:00,2012-06-05 12:54:00+00:00,274|806
353,3fd66200f964a520def11ee3,373,23,2,2012-07-01 02:29:00+00:00,2012-07-01 02:52:00+00:00,277|1143
354,3fd66200f964a520def11ee3,373,59,2,2012-07-03 21:20:00+00:00,2012-07-03 22:19:00+00:00,578|1446
355,3fd66200f964a520def11ee3,373,4,2,2012-07-05 22:41:00+00:00,2012-07-05 22:45:00+00:00,578|1212
356,3fd66200f964a520def11ee3,373,39,2,2012-07-08 21:20:00+00:00,2012-07-08 21:59:00+00:00,343|1282
357,3fd66200f964a520def11ee3,373,1,2,2012-07-16 17:34:00+00:00,2012-07-16 17:35:00+00:00,1231|1248
358,3fd66200f964a520def11ee3,373,45,2,2012-08-13 17:58:00+00:00,2012-08-13 18:43:00+00:00,578|780
359,3fd66200f964a520def11ee3,373,57,2,2012-09-13 15:49:00+00:00,2012-09-13 16:46:00+00:00,116|1475
360,3fd66200f964a520def11ee3,373,46,2,2012-09-15 01:21:00+00:00,2012-09-15 02:07:00+00:00,1009|1160
361,3fd66200f964a520def11ee3,373,14,2,2012-10-28 02:13:00+00:00,2012-10-28 02:27:00+00:00,816|1611
362,3fd66200f964a520def11ee3,373,41,2,2012-11-09 20:10:00+00:00,2012-11-09 20:51:00+00:00,906|1501
363,3fd66200f964a520def11ee3,373,41,2,2012-11-16 23:16:00+00:00,2012-11-16 23:57:00+00:00,311|794
364,3fd66200f964a520def11ee3,373,60,2,2012-11-17 22:32:00+00:00,2012-11-17 23:32:00+00:00,585|1140
365,3fd66200f964a520def11ee3,373,39,2,2013-04-21 18:03:00+00:00,2013-04-21 18:42:00+00:00,1154|1220
366,3fd66200f964a520dff01ee3,376,45,2,2012-05-21 22:24:00+00:00,2012-05-21 23:09:00+00:00,703|1648
367,3fd66200f964a520e0e51ee3,377,28,2,2012-04-19 23:42:00+00:00,2012-04-20 00:10:00+00:00,179|1431
368,3fd66200f964a520e0e51ee3,377,2,2,2012-05-17 23:20:00+00:00,2012-05-17 23:22:00+00:00,787|1097
369,3fd66200f964a520e0e51ee3,377,49,2,2012-07-11 02:22:00+00:00,2012-07-11 03:11:00+00:00,47|56
370,3fd66200f964a520e0e51ee3,377,30,2,2012-07-12 03:05:00+00:00,2012-07-12 03:35:00+00:00,47|1524
371,3fd66200f964a520e1f01ee3,379,52,2,2012-04-13 20:08:00+00:00,2012-04-13 21:00:00+00:00,601|965
372,3fd66200f964a520e7e61ee3,389,26,2,2012-11-10 23:38:00+00:00,2012-11-11 00:04:00+00:00,183|1275
373,3fd66200f964a520e9e61ee3,392,37,2,2012-04-20 01:12:00+00:00,2012-04-20 01:49:00+00:00,1328|1402
374,3fd66200f964a520ece31ee3,396,30,2,2012-05-13 16:35:00+00:00,2012-05-13 17:05:00+00:00,460|579
375,3fd66200f964a520efe61ee3,400,1,2,2012-07-07 16:53:00+00:00,2012-07-07 16:54:00+00:00,183|1275
376,3fd66200f964a520f1e61ee3,402,0,2,2012-06-02 21:43:00+00:00,2012-06-02 21:43:00+00:00,1277|1570
377,3fd66200f964a520f2e61ee3,403,17,2,2013-02-16 04:40:00+00:00,2013-02-16 04:57:00+00:00,231|460
378,3fd66200f964a520f3e71ee3,404,12,2,2012-04-03 22:38:00+00:00,2012-04-03 22:50:00+00:00,470|509
379,3fd66200f964a520f4e61ee3,406,1,2,2012-04-29 04:18:00+00:00,2012-04-29 04:19:00+00:00,950|1340
380,3fd66200f964a520f4e61ee3,406,30,2,2012-05-05 04:48:00+00:00,2012-05-05 05:18:00+00:00,950|1340
381,3fd66200f964a520f4e61ee3,406,2,2,2012-05-05 19:59:00+00:00,2012-05-05 20:01:00+00:00,950|1340
382,3fd66200f964a520f4e61ee3,406,11,2,2012-05-09 01:13:00+00:00,2012-05-09 01:24:00+00:00,950|1340
383,3fd66200f964a520f4e61ee3,406,0,2,2012-05-16 00:59:00+00:00,2012-05-16 00:59:00+00:00,950|1340
384,3fd66200f964a520f4e61ee3,406,6,2,2012-11-16 23:30:00+00:00,2012-11-16 23:36:00+00:00,27|183
385,3fd66200f964a520f7e41ee3,412,29,2,2012-04-14 15:38:00+00:00,2012-04-14 16:07:00+00:00,47|56
386,3fd66200f964a520f8e41ee3,414,26,2,2012-04-21 02:25:00+00:00,2012-04-21 02:51:00+00:00,97|1206
387,3fd66200f964a520ffe81ee3,416,1,2,2012-05-28 15:59:00+00:00,2012-05-28 16:00:00+00:00,134|1108
388,40749600f964a52051f21ee3,420,58,2,2012-05-08 22:10:00+00:00,2012-05-08 23:08:00+00:00,476|986
389,40749600f964a52051f21ee3,420,11,2,2012-05-08 23:08:00+00:00,2012-05-08 23:19:00+00:00,986|1438
390,4075e780f964a52055f21ee3,421,48,2,2012-10-12 06:30:00+00:00,2012-10-12 07:18:00+00:00,211|1006
391,40773900f964a52064f21ee3,424,6,2,2012-09-09 16:23:00+00:00,2012-09-09 16:29:00+00:00,18|24
392,4079dc00f964a52070f21ee3,426,44,2,2012-05-29 16:12:00+00:00,2012-05-29 16:56:00+00:00,345|1268
393,4079dc00f964a52070f21ee3,426,15,2,2012-07-16 12:28:00+00:00,2012-07-16 12:43:00+00:00,65|257
394,4079dc00f964a52070f21ee3,426,9,2,2013-02-01 18:53:00+00:00,2013-02-01 19:02:00+00:00,399|1230
395,4081c500f964a52081f21ee3,428,33,2,2012-06-30 19:26:00+00:00,2012-06-30 19:59:00+00:00,353|1023
396,4081c500f964a52081f21ee3,428,21,2,2012-07-11 23:11:00+00:00,2012-07-11 23:32:00+00:00,72|233
397,40870b00f964a520b7f21ee3,430,1,2,2012-04-28 19:48:00+00:00,2012-04-28 19:49:00+00:00,511|1136
398,40870b00f964a520b7f21ee3,430,6,2,2012-05-05 00:29:00+00:00,2012-05-05 00:35:00+00:00,200|235
399,40870b00f964a520b7f21ee3,430,13,2,2012-08-19 01:58:00+00:00,2012-08-19 02:11:00+00:00,807|883
400,408c5100f964a520c6f21ee3,431,15,2,2012-06-30 21:54:00+00:00,2012-06-30 22:09:00+00:00,26|98
401,408da280f964a520d8f21ee3,432,27,2,2012-05-15 22:13:00+00:00,2012-05-15 22:40:00+00:00,292|449
402,40958b80f964a520e6f21ee3,433,17,2,2013-01-30 23:40:00+00:00,2013-01-30 23:57:00+00:00,787|1397
403,409ad180f964a520eff21ee3,434,26,2,2012-10-27 01:19:00+00:00,2012-10-27 01:45:00+00:00,39|1431
404,40a16900f964a520f9f21ee3,435,15,2,2012-05-14 23:08:00+00:00,2012-05-14 23:23:00+00:00,16|157
405,40a16900f964a520f9f21ee3,435,4,2,2013-02-16 02:44:00+00:00,2013-02-16 02:48:00+00:00,240|639
406,40a2ba80f964a520fef21ee3,436,43,3,2012-05-16 23:14:00+00:00,2012-05-16 23:57:00+00:00,134|787|1260
407,40a2ba80f964a520fef21ee3,436,46,4,2012-05-16 23:56:00+00:00,2012-05-17 00:42:00+00:00,383|532|787|1260
408,40a2ba80f964a520fef21ee3,436,60,4,2012-05-16 23:57:00+00:00,2012-05-17 00:57:00+00:00,354|383|532|1260
409,40a2ba80f964a520fef21ee3,436,59,6,2012-05-17 00:23:00+00:00,2012-05-17 01:22:00+00:00,43|354|383|435|532|1209
410,40a2ba80f964a520fef21ee3,436,48,6,2012-05-17 00:42:00+00:00,2012-05-17 01:30:00+00:00,29|43|354|383|435|1209
411,40a2ba80f964a520fef21ee3,436,55,6,2012-05-17 00:57:00+00:00,2012-05-17 01:52:00+00:00,29|43|354|391|435|1209
412,40a2ba80f964a520fef21ee3,436,40,2,2012-05-17 01:52:00+00:00,2012-05-17 02:32:00+00:00,319|391
413,40a2ba80f964a520fef21ee3,436,45,2,2013-04-04 00:37:00+00:00,2013-04-04 01:22:00+00:00,674|1403
414,40a95200f964a5202cf31ee3,438,33,2,2012-04-08 01:44:00+00:00,2012-04-08 02:17:00+00:00,562|1279
415,40abf500f964a52035f31ee3,439,17,4,2012-04-07 19:03:00+00:00,2012-04-07 19:20:00+00:00,661|806|927|1326
416,40abf500f964a52035f31ee3,439,17,2,2012-04-16 19:49:00+00:00,2012-04-16 20:06:00+00:00,1159|1600
417,40abf500f964a52035f31ee3,439,16,2,2012-04-19 22:11:00+00:00,2012-04-19 22:27:00+00:00,9|74
418,40abf500f964a52035f31ee3,439,8,2,2012-05-12 21:19:00+00:00,2012-05-12 21:27:00+00:00,248|1588
419,40abf500f964a52035f31ee3,439,1,2,2012-06-18 00:06:00+00:00,2012-06-18 00:07:00+00:00,1249|1487
420,40abf500f964a52035f31ee3,439,2,2,2012-07-03 17:21:00+00:00,2012-07-03 17:23:00+00:00,3|623
421,40abf500f964a52035f31ee3,439,12,2,2012-10-26 21:39:00+00:00,2012-10-26 21:51:00+00:00,1359|1424
422,40abf500f964a52035f31ee3,439,21,2,2013-04-06 19:06:00+00:00,2013-04-06 19:27:00+00:00,835|1230
423,40ad4680f964a52038f31ee3,440,4,2,2012-05-05 02:28:00+00:00,2012-05-05 02:32:00+00:00,690|1539
424,40afe980f964a5203bf31ee3,441,25,2,2012-04-13 23:44:00+00:00,2012-04-14 00:09:00+00:00,461|1209
425,40afe980f964a5203bf31ee3,441,20,2,2012-04-15 20:49:00+00:00,2012-04-15 21:09:00+00:00,293|780
426,40afe980f964a5203bf31ee3,441,5,2,2012-04-19 01:53:00+00:00,2012-04-19 01:58:00+00:00,1327|1453
427,40afe980f964a5203bf31ee3,441,1,2,2012-04-21 02:17:00+00:00,2012-04-21 02:18:00+00:00,436|1054
428,40afe980f964a5203bf31ee3,441,25,2,2012-04-27 22:18:00+00:00,2012-04-27 22:43:00+00:00,501|1102
429,40afe980f964a5203bf31ee3,441,34,3,2012-05-04 03:33:00+00:00,2012-05-04 04:07:00+00:00,85|283|824
430,40afe980f964a5203bf31ee3,441,16,2,2012-05-05 16:57:00+00:00,2012-05-05 17:13:00+00:00,949|1161
431,40afe980f964a5203bf31ee3,441,15,2,2012-05-12 03:36:00+00:00,2012-05-12 03:51:00+00:00,1041|1320
432,40afe980f964a5203bf31ee3,441,30,3,2012-05-25 22:47:00+00:00,2012-05-25 23:17:00+00:00,156|1234|1519
433,40afe980f964a5203bf31ee3,441,0,2,2012-07-07 04:33:00+00:00,2012-07-07 04:33:00+00:00,699|1368
434,40afe980f964a5203bf31ee3,441,18,2,2012-07-21 23:57:00+00:00,2012-07-22 00:15:00+00:00,1330|1368
435,40afe980f964a5203bf31ee3,441,43,2,2012-08-06 00:40:00+00:00,2012-08-06 01:23:00+00:00,1249|1563
436,40afe980f964a5203bf31ee3,441,20,2,2012-11-12 00:49:00+00:00,2012-11-12 01:09:00+00:00,436|1576
437,40afe980f964a5203bf31ee3,441,28,2,2013-01-05 03:19:00+00:00,2013-01-05 03:47:00+00:00,184|765
438,40afe980f964a5203bf31ee3,441,27,2,2013-02-06 22:57:00+00:00,2013-02-06 23:24:00+00:00,296|638
439,40b68100f964a5207d001fe3,442,34,2,2012-04-04 19:15:00+00:00,2012-04-04 19:49:00+00:00,1268|1335
440,40b68100f964a5207d001fe3,442,39,2,2012-04-07 20:18:00+00:00,2012-04-07 20:57:00+00:00,1149|1335
441,40b68100f964a5207d001fe3,442,59,2,2012-04-12 22:04:00+00:00,2012-04-12 23:03:00+00:00,794|1034
442,40b68100f964a5207d001fe3,442,48,2,2012-04-12 23:03:00+00:00,2012-04-12 23:51:00+00:00,1034|1273
443,40b68100f964a5207d001fe3,442,56,2,2012-04-14 21:44:00+00:00,2012-04-14 22:40:00+00:00,794|1335
444,40b68100f964a5207d001fe3,442,33,2,2012-04-14 22:40:00+00:00,2012-04-14 23:13:00+00:00,1279|1335
445,40b68100f964a5207d001fe3,442,56,2,2012-04-16 11:56:00+00:00,2012-04-16 12:52:00+00:00,959|1335
446,40b68100f964a5207d001fe3,442,17,3,2012-04-16 20:30:00+00:00,2012-04-16 20:47:00+00:00,100|1031|1499
447,40b68100f964a5207d001fe3,442,56,2,2012-04-16 20:47:00+00:00,2012-04-16 21:43:00+00:00,794|1031
448,40b68100f964a5207d001fe3,442,24,2,2012-04-17 17:46:00+00:00,2012-04-17 18:10:00+00:00,615|1659
449,40b68100f964a5207d001fe3,442,31,2,2012-04-19 11:36:00+00:00,2012-04-19 12:07:00+00:00,203|1335
450,40b68100f964a5207d001fe3,442,24,3,2012-04-19 18:32:00+00:00,2012-04-19 18:56:00+00:00,615|1178|1335
451,40b68100f964a5207d001fe3,442,18,2,2012-04-19 23:45:00+00:00,2012-04-20 00:03:00+00:00,794|1335
452,40b68100f964a5207d001fe3,442,34,2,2012-04-20 16:17:00+00:00,2012-04-20 16:51:00+00:00,476|1659
453,40b68100f964a5207d001fe3,442,43,2,2012-04-24 10:54:00+00:00,2012-04-24 11:37:00+00:00,203|1335
454,40b68100f964a5207d001fe3,442,1,2,2012-04-25 11:55:00+00:00,2012-04-25 11:56:00+00:00,203|1335
455,40b68100f964a5207d001fe3,442,12,2,2012-04-25 19:52:00+00:00,2012-04-25 20:04:00+00:00,840|1335
456,40b68100f964a5207d001fe3,442,49,2,2012-04-28 17:43:00+00:00,2012-04-28 18:32:00+00:00,594|800
457,40b68100f964a5207d001fe3,442,50,2,2012-05-01 17:44:00+00:00,2012-05-01 18:34:00+00:00,615|1326
458,40b68100f964a5207d001fe3,442,19,2,2012-05-01 18:34:00+00:00,2012-05-01 18:53:00+00:00,615|1335
459,40b68100f964a5207d001fe3,442,24,2,2012-05-03 11:17:00+00:00,2012-05-03 11:41:00+00:00,203|1335
460,40b68100f964a5207d001fe3,442,6,2,2012-05-03 19:07:00+00:00,2012-05-03 19:13:00+00:00,615|810
461,40b68100f964a5207d001fe3,442,23,2,2012-05-04 11:23:00+00:00,2012-05-04 11:46:00+00:00,203|1335
462,40b68100f964a5207d001fe3,442,5,2,2012-05-06 19:03:00+00:00,2012-05-06 19:08:00+00:00,269|868
463,40b68100f964a5207d001fe3,442,19,2,2012-05-07 11:26:00+00:00,2012-05-07 11:45:00+00:00,203|1335
464,40b68100f964a5207d001fe3,442,10,2,2012-05-10 21:36:00+00:00,2012-05-10 21:46:00+00:00,794|1311
465,40b68100f964a5207d001fe3,442,44,2,2012-05-10 23:24:00+00:00,2012-05-11 00:08:00+00:00,868|1335
466,40b68100f964a5207d001fe3,442,11,2,2012-05-11 11:41:00+00:00,2012-05-11 11:52:00+00:00,203|1335
467,40b68100f964a5207d001fe3,442,33,2,2012-05-12 19:27:00+00:00,2012-05-12 20:00:00+00:00,479|868
468,40b68100f964a5207d001fe3,442,13,2,2012-05-12 21:45:00+00:00,2012-05-12 21:58:00+00:00,1136|1335
469,40b68100f964a5207d001fe3,442,60,3,2012-05-13 20:24:00+00:00,2012-05-13 21:24:00+00:00,57|186|1245
470,40b68100f964a5207d001fe3,442,49,2,2012-05-16 10:48:00+00:00,2012-05-16 11:37:00+00:00,203|1335
471,40b68100f964a5207d001fe3,442,10,2,2012-05-23 21:35:00+00:00,2012-05-23 21:45:00+00:00,794|1335
472,40b68100f964a5207d001fe3,442,9,2,2012-05-25 11:26:00+00:00,2012-05-25 11:35:00+00:00,203|1335
473,40b68100f964a5207d001fe3,442,53,2,2012-05-29 11:37:00+00:00,2012-05-29 12:30:00+00:00,203|1335
474,40b68100f964a5207d001fe3,442,27,2,2012-06-03 16:59:00+00:00,2012-06-03 17:26:00+00:00,556|816
475,40b68100f964a5207d001fe3,442,27,2,2012-06-04 11:37:00+00:00,2012-06-04 12:04:00+00:00,203|1335
476,40b68100f964a5207d001fe3,442,13,2,2012-06-05 11:39:00+00:00,2012-06-05 11:52:00+00:00,203|1335
477,40b68100f964a5207d001fe3,442,32,2,2012-06-06 17:51:00+00:00,2012-06-06 18:23:00+00:00,1160|1335
478,40b68100f964a5207d001fe3,442,35,2,2012-06-06 18:23:00+00:00,2012-06-06 18:58:00+00:00,615|1335
479,40b68100f964a5207d001fe3,442,36,2,2012-06-08 15:05:00+00:00,2012-06-08 15:41:00+00:00,55|1335
480,40b68100f964a5207d001fe3,442,8,2,2012-06-08 18:22:00+00:00,2012-06-08 18:30:00+00:00,461|615
481,40b68100f964a5207d001fe3,442,31,2,2012-06-09 15:33:00+00:00,2012-06-09 16:04:00+00:00,133|1143
482,40b68100f964a5207d001fe3,442,51,3,2012-06-09 17:41:00+00:00,2012-06-09 18:32:00+00:00,333|918|1455
483,40b68100f964a5207d001fe3,442,14,2,2012-06-10 15:09:00+00:00,2012-06-10 15:23:00+00:00,1130|1335
484,40b68100f964a5207d001fe3,442,1,2,2012-06-11 11:40:00+00:00,2012-06-11 11:41:00+00:00,203|1335
485,40b68100f964a5207d001fe3,442,55,2,2012-06-12 11:36:00+00:00,2012-06-12 12:31:00+00:00,203|1335
486,40b68100f964a5207d001fe3,442,55,2,2012-06-16 19:46:00+00:00,2012-06-16 20:41:00+00:00,991|1335
487,40b68100f964a5207d001fe3,442,0,2,2012-06-18 09:35:00+00:00,2012-06-18 09:35:00+00:00,1008|1335
488,40b68100f964a5207d001fe3,442,39,2,2012-07-03 11:38:00+00:00,2012-07-03 12:17:00+00:00,203|1335
489,40b68100f964a5207d001fe3,442,21,2,2012-07-05 11:31:00+00:00,2012-07-05 11:52:00+00:00,203|1335
490,40b68100f964a5207d001fe3,442,1,2,2012-07-06 12:39:00+00:00,2012-07-06 12:40:00+00:00,141|203
491,40b68100f964a5207d001fe3,442,49,2,2012-07-09 11:36:00+00:00,2012-07-09 12:25:00+00:00,203|1335
492,40b68100f964a5207d001fe3,442,17,2,2012-07-09 12:25:00+00:00,2012-07-09 12:42:00+00:00,141|1335
493,40b68100f964a5207d001fe3,442,11,2,2012-07-15 14:47:00+00:00,2012-07-15 14:58:00+00:00,868|1335
494,40b68100f964a5207d001fe3,442,60,2,2012-07-17 10:39:00+00:00,2012-07-17 11:39:00+00:00,203|1335
495,40b68100f964a5207d001fe3,442,21,2,2012-07-26 21:05:00+00:00,2012-07-26 21:26:00+00:00,794|1335
496,40b68100f964a5207d001fe3,442,45,2,2012-07-30 10:50:00+00:00,2012-07-30 11:35:00+00:00,203|1335
497,40b68100f964a5207d001fe3,442,32,2,2012-08-06 11:42:00+00:00,2012-08-06 12:14:00+00:00,203|1335
498,40b68100f964a5207d001fe3,442,36,2,2012-08-10 10:59:00+00:00,2012-08-10 11:35:00+00:00,203|1335
499,40b68100f964a5207d001fe3,442,8,2,2012-08-12 20:11:00+00:00,2012-08-12 20:19:00+00:00,280|1335
500,40b68100f964a5207d001fe3,442,15,2,2012-08-14 11:20:00+00:00,2012-08-14 11:35:00+00:00,203|1335
501,40b68100f964a5207d001fe3,442,22,2,2012-08-14 19:23:00+00:00,2012-08-14 19:45:00+00:00,801|1335
502,40bbc700f964a520a2001fe3,446,15,2,2012-04-08 00:14:00+00:00,2012-04-08 00:29:00+00:00,449|1360
503,40c10d00f964a520da001fe3,448,3,2,2012-05-27 23:42:00+00:00,2012-05-27 23:45:00+00:00,25|31
504,40c3b000f964a520e8001fe3,451,44,2,2012-04-27 23:49:00+00:00,2012-04-28 00:33:00+00:00,727|1422
505,40d23080f964a5203e011fe3,456,0,2,2012-05-03 21:45:00+00:00,2012-05-03 21:45:00+00:00,950|1340
506,40d38200f964a52041011fe3,457,20,2,2012-05-25 21:14:00+00:00,2012-05-25 21:34:00+00:00,1102|1623
507,40d77680f964a52056011fe3,460,2,2,2012-04-19 01:51:00+00:00,2012-04-19 01:53:00+00:00,789|843
508,40d77680f964a52056011fe3,460,15,2,2012-04-19 05:07:00+00:00,2012-04-19 05:22:00+00:00,789|843
509,40e35400f964a520e6091fe3,466,48,2,2012-05-03 22:23:00+00:00,2012-05-03 23:11:00+00:00,516|1589
510,40e35400f964a520e6091fe3,466,49,2,2012-09-15 04:06:00+00:00,2012-09-15 04:55:00+00:00,460|640
511,40e74880f964a520150a1fe3,468,27,2,2012-04-09 21:46:00+00:00,2012-04-09 22:13:00+00:00,524|1245
512,40e74880f964a520150a1fe3,468,50,2,2012-04-20 16:01:00+00:00,2012-04-20 16:51:00+00:00,813|823
513,40e74880f964a520150a1fe3,468,43,2,2012-04-21 01:23:00+00:00,2012-04-21 02:06:00+00:00,899|908
514,40e74880f964a520150a1fe3,468,50,2,2012-04-22 18:21:00+00:00,2012-04-22 19:11:00+00:00,905|1186
515,40e74880f964a520150a1fe3,468,58,3,2012-04-29 16:05:00+00:00,2012-04-29 17:03:00+00:00,415|1335|1372
516,40e74880f964a520150a1fe3,468,60,2,2012-05-21 16:53:00+00:00,2012-05-21 17:53:00+00:00,115|1124
517,40e74880f964a520150a1fe3,468,3,2,2012-07-05 21:50:00+00:00,2012-07-05 21:53:00+00:00,141|1578
518,40e9eb80f964a5201c0a1fe3,469,8,2,2012-04-15 02:51:00+00:00,2012-04-15 02:59:00+00:00,293|1422
519,40e9eb80f964a5201c0a1fe3,469,18,2,2012-04-21 00:13:00+00:00,2012-04-21 00:31:00+00:00,359|920
520,40ede000f964a5203c0a1fe3,471,23,2,2012-04-29 19:22:00+00:00,2012-04-29 19:45:00+00:00,97|911
521,40ede000f964a5203c0a1fe3,471,59,3,2012-06-16 21:51:00+00:00,2012-06-16 22:50:00+00:00,509|607|1232
522,40ede000f964a5203c0a1fe3,471,11,2,2012-08-11 18:04:00+00:00,2012-08-11 18:15:00+00:00,751|1131
523,40f1d480f964a5205b0a1fe3,473,1,2,2012-05-09 11:58:00+00:00,2012-05-09 11:59:00+00:00,8|210
524,40f1d480f964a5205b0a1fe3,473,37,2,2013-02-18 18:19:00+00:00,2013-02-18 18:56:00+00:00,84|547
525,40f1d480f964a5206a0a1fe3,475,8,2,2012-04-07 16:44:00+00:00,2012-04-07 16:52:00+00:00,802|1512
526,40f1d480f964a5206a0a1fe3,475,53,2,2012-04-14 13:09:00+00:00,2012-04-14 14:02:00+00:00,338|997
527,40f1d480f964a5206a0a1fe3,475,19,2,2012-04-14 19:55:00+00:00,2012-04-14 20:14:00+00:00,844|1481
528,40f1d480f964a5206a0a1fe3,475,54,2,2012-04-15 20:10:00+00:00,2012-04-15 21:04:00+00:00,298|1010
529,40f1d480f964a5206a0a1fe3,475,58,2,2012-04-21 19:12:00+00:00,2012-04-21 20:10:00+00:00,111|955
530,40f1d480f964a5206a0a1fe3,475,47,2,2012-04-28 20:47:00+00:00,2012-04-28 21:34:00+00:00,1016|1392
531,40f1d480f964a5206a0a1fe3,475,18,2,2012-04-29 18:29:00+00:00,2012-04-29 18:47:00+00:00,60|1088
532,40f1d480f964a5206a0a1fe3,475,12,2,2012-05-04 18:07:00+00:00,2012-05-04 18:19:00+00:00,789|1315
533,40f1d480f964a5206a0a1fe3,475,46,4,2012-05-12 19:27:00+00:00,2012-05-12 20:13:00+00:00,171|884|944|1257
534,40f1d480f964a5206a0a1fe3,475,55,3,2012-05-12 20:05:00+00:00,2012-05-12 21:00:00+00:00,171|560|944
535,40f1d480f964a5206a0a1fe3,475,51,2,2012-05-13 17:49:00+00:00,2012-05-13 18:40:00+00:00,186|1525
536,40f1d480f964a5206a0a1fe3,475,48,2,2012-05-13 18:40:00+00:00,2012-05-13 19:28:00+00:00,158|1525
537,40f1d480f964a5206a0a1fe3,475,50,2,2012-05-25 20:14:00+00:00,2012-05-25 21:04:00+00:00,384|1298
538,40f1d480f964a5206a0a1fe3,475,51,2,2012-05-27 17:46:00+00:00,2012-05-27 18:37:00+00:00,1136|1335
539,40f1d480f964a5206a0a1fe3,475,51,2,2012-05-27 18:37:00+00:00,2012-05-27 19:28:00+00:00,612|1335
540,40f1d480f964a5206a0a1fe3,475,39,2,2012-05-28 20:20:00+00:00,2012-05-28 20:59:00+00:00,1248|1555
541,40f1d480f964a5206a0a1fe3,475,31,2,2012-05-29 19:53:00+00:00,2012-05-29 20:24:00+00:00,780|1481
542,40f1d480f964a5206a0a1fe3,475,18,2,2012-06-09 18:50:00+00:00,2012-06-09 19:08:00+00:00,464|1080
543,40f1d480f964a5206a0a1fe3,475,12,2,2013-03-30 18:24:00+00:00,2013-03-30 18:36:00+00:00,123|485
544,40f32600f964a520730a1fe3,476,5,2,2012-04-19 01:19:00+00:00,2012-04-19 01:24:00+00:00,354|1340
545,40f32600f964a520730a1fe3,476,1,2,2013-01-30 23:42:00+00:00,2013-01-30 23:43:00+00:00,351|532
546,40f47780f964a520890a1fe3,477,12,2,2012-05-09 23:20:00+00:00,2012-05-09 23:32:00+00:00,950|1340
547,40fb0f00f964a520ea0a1fe3,481,20,2,2012-04-15 18:45:00+00:00,2012-04-15 19:05:00+00:00,1277|1570
548,40fc6080f964a520130b1fe3,485,3,2,2012-04-14 01:04:00+00:00,2012-04-14 01:07:00+00:00,145|955
549,41005500f964a5204e0b1fe3,494,44,2,2012-10-13 01:37:00+00:00,2012-10-13 02:21:00+00:00,1000|1098
550,4101a680f964a5205a0b1fe3,495,25,2,2012-04-04 22:51:00+00:00,2012-04-04 23:16:00+00:00,1226|1279
551,4101a680f964a5205a0b1fe3,495,1,2,2012-05-19 03:32:00+00:00,2012-05-19 03:33:00+00:00,794|797
552,4101a680f964a5205a0b1fe3,495,20,2,2012-06-09 20:13:00+00:00,2012-06-09 20:33:00+00:00,464|729
553,41102700f964a520d60b1fe3,503,32,2,2012-04-14 16:47:00+00:00,2012-04-14 17:19:00+00:00,864|1195
554,41102700f964a520d60b1fe3,503,41,2,2012-04-20 16:53:00+00:00,2012-04-20 17:34:00+00:00,613|864
555,41102700f964a520d60b1fe3,503,36,2,2012-04-21 16:03:00+00:00,2012-04-21 16:39:00+00:00,857|864
556,41102700f964a520d60b1fe3,503,54,2,2012-04-21 16:39:00+00:00,2012-04-21 17:33:00+00:00,864|1261
557,41102700f964a520d60b1fe3,503,42,2,2012-05-10 22:02:00+00:00,2012-05-10 22:44:00+00:00,273|864
558,41102700f964a520d60b1fe3,503,11,2,2012-05-12 18:01:00+00:00,2012-05-12 18:12:00+00:00,864|879
559,41102700f964a520d60b1fe3,503,52,2,2012-05-16 17:45:00+00:00,2012-05-16 18:37:00+00:00,1248|1428
560,41102700f964a520d60b1fe3,503,58,2,2012-05-19 21:01:00+00:00,2012-05-19 21:59:00+00:00,156|1603
561,41102700f964a520d60b1fe3,503,55,2,2012-05-23 17:03:00+00:00,2012-05-23 17:58:00+00:00,864|1428
562,41102700f964a520d60b1fe3,503,34,3,2012-10-11 21:05:00+00:00,2012-10-11 21:39:00+00:00,67|1411|1658
563,41102700f964a520d60b1fe3,503,42,2,2012-12-15 01:34:00+00:00,2012-12-15 02:16:00+00:00,691|1368
564,41102700f964a520d60b1fe3,503,28,2,2012-12-20 22:40:00+00:00,2012-12-20 23:08:00+00:00,993|1124
565,41102700f964a520d60b1fe3,503,40,2,2012-12-30 20:21:00+00:00,2012-12-30 21:01:00+00:00,556|1187
566,4116be80f964a520f90b1fe3,505,23,2,2012-06-26 23:27:00+00:00,2012-06-26 23:50:00+00:00,809|1524
567,4116be80f964a520f90b1fe3,505,7,2,2012-09-16 00:58:00+00:00,2012-09-16 01:05:00+00:00,812|1141
568,4116be80f964a520f90b1fe3,505,13,2,2012-12-06 02:17:00+00:00,2012-12-06 02:30:00+00:00,1256|1347
569,4116be80f964a520fc0b1fe3,506,1,2,2012-05-28 02:55:00+00:00,2012-05-28 02:56:00+00:00,1341|1481
570,41196180f964a5200b0c1fe3,507,5,2,2012-05-13 19:28:00+00:00,2012-05-13 19:33:00+00:00,115|717
571,41196180f964a5200b0c1fe3,507,48,3,2012-07-08 20:52:00+00:00,2012-07-08 21:40:00+00:00,350|1107|1372
572,41229c00f964a520350c1fe3,512,2,2,2012-05-17 00:17:00+00:00,2012-05-17 00:19:00+00:00,650|1043
573,4127e200f964a520600c1fe3,514,57,2,2012-05-18 23:46:00+00:00,2012-05-19 00:43:00+00:00,321|924
574,4127e200f964a520600c1fe3,514,9,2,2012-12-09 05:36:00+00:00,2012-12-09 05:45:00+00:00,505|718
575,412d2800f964a520df0c1fe3,516,13,3,2012-04-04 22:45:00+00:00,2012-04-04 22:58:00+00:00,1003|1143|1648
576,412d2800f964a520df0c1fe3,516,16,2,2012-04-08 21:47:00+00:00,2012-04-08 22:03:00+00:00,728|1010
577,412d2800f964a520df0c1fe3,516,46,2,2012-04-14 18:40:00+00:00,2012-04-14 19:26:00+00:00,335|794
578,412d2800f964a520df0c1fe3,516,44,2,2012-04-17 22:18:00+00:00,2012-04-17 23:02:00+00:00,537|1154
579,412d2800f964a520df0c1fe3,516,27,2,2012-04-22 12:45:00+00:00,2012-04-22 13:12:00+00:00,105|410
580,412d2800f964a520df0c1fe3,516,55,2,2012-05-06 19:13:00+00:00,2012-05-06 20:08:00+00:00,1282|1326
581,412d2800f964a520df0c1fe3,516,4,2,2012-05-12 17:15:00+00:00,2012-05-12 17:19:00+00:00,479|918
582,412d2800f964a520df0c1fe3,516,55,2,2012-05-13 17:10:00+00:00,2012-05-13 18:05:00+00:00,473|1594
583,412d2800f964a520df0c1fe3,516,38,2,2012-05-13 19:11:00+00:00,2012-05-13 19:49:00+00:00,704|1298
584,412d2800f964a520df0c1fe3,516,44,2,2012-05-16 23:24:00+00:00,2012-05-17 00:08:00+00:00,820|1038
585,412d2800f964a520df0c1fe3,516,5,2,2012-06-08 19:58:00+00:00,2012-06-08 20:03:00+00:00,148|418
586,412d2800f964a520df0c1fe3,516,46,2,2012-06-15 10:38:00+00:00,2012-06-15 11:24:00+00:00,418|538
587,412d2800f964a520df0c1fe3,516,1,2,2012-07-04 18:35:00+00:00,2012-07-04 18:36:00+00:00,34|1326
588,412d2800f964a520df0c1fe3,516,5,2,2012-07-29 17:04:00+00:00,2012-07-29 17:09:00+00:00,538|730
589,412d2800f964a520df0c1fe3,516,59,2,2012-09-15 17:32:00+00:00,2012-09-15 18:31:00+00:00,549|1154
590,412d2800f964a520df0c1fe3,516,58,2,2013-01-05 17:32:00+00:00,2013-01-05 18:30:00+00:00,270|1384
591,412d2800f964a520df0c1fe3,516,13,2,2013-01-10 03:45:00+00:00,2013-01-10 03:58:00+00:00,1074|1472
592,412d2800f964a520df0c1fe3,516,51,2,2013-03-10 19:16:00+00:00,2013-03-10 20:07:00+00:00,721|1238
593,4133bf80f964a520b31a1fe3,520,4,2,2012-05-24 03:25:00+00:00,2012-05-24 03:29:00+00:00,1277|1570
594,4133bf80f964a520b31a1fe3,520,7,2,2012-06-10 06:26:00+00:00,2012-06-10 06:33:00+00:00,1277|1570
595,41390580f964a520dc1a1fe3,525,60,2,2012-04-28 14:36:00+00:00,2012-04-28 15:36:00+00:00,338|489
596,41390580f964a520dc1a1fe3,525,1,2,2012-05-01 18:02:00+00:00,2012-05-01 18:03:00+00:00,396|1114
597,41390580f964a520dc1a1fe3,525,48,2,2012-06-09 15:40:00+00:00,2012-06-09 16:28:00+00:00,1287|1578
598,41390580f964a520dc1a1fe3,525,15,2,2012-10-08 21:32:00+00:00,2012-10-08 21:47:00+00:00,124|294
599,41390580f964a520dc1a1fe3,525,2,2,2012-11-28 17:30:00+00:00,2012-11-28 17:32:00+00:00,159|289
600,41390580f964a520dc1a1fe3,525,48,2,2013-01-07 16:54:00+00:00,2013-01-07 17:42:00+00:00,289|294
601,41390580f964a520dc1a1fe3,525,26,2,2013-01-08 17:35:00+00:00,2013-01-08 18:01:00+00:00,289|571
602,41390580f964a520dc1a1fe3,525,56,2,2013-01-11 19:13:00+00:00,2013-01-11 20:09:00+00:00,289|571
603,41390580f964a520dc1a1fe3,525,60,2,2013-03-16 18:08:00+00:00,2013-03-16 19:08:00+00:00,262|785
604,41521200f964a520101d1fe3,528,21,2,2012-06-13 01:01:00+00:00,2012-06-13 01:22:00+00:00,518|693
605,4158a980f964a5203c1d1fe3,533,52,2,2012-05-24 02:33:00+00:00,2012-05-24 03:25:00+00:00,362|519
606,4161e400f964a520721d1fe3,535,56,3,2012-04-10 23:37:00+00:00,2012-04-11 00:33:00+00:00,15|592|1136
607,4161e400f964a520721d1fe3,535,49,4,2012-04-12 00:07:00+00:00,2012-04-12 00:56:00+00:00,302|691|891|1476
608,4161e400f964a520721d1fe3,535,47,5,2012-04-12 00:40:00+00:00,2012-04-12 01:27:00+00:00,39|200|302|891|1476
609,4161e400f964a520721d1fe3,535,44,2,2012-04-26 02:08:00+00:00,2012-04-26 02:52:00+00:00,673|750
610,4161e400f964a520721d1fe3,535,24,4,2012-05-05 23:58:00+00:00,2012-05-06 00:22:00+00:00,316|331|502|1031
611,4161e400f964a520721d1fe3,535,56,4,2012-05-08 23:43:00+00:00,2012-05-09 00:39:00+00:00,316|452|1070|1117
612,4161e400f964a520721d1fe3,535,50,5,2012-05-09 00:08:00+00:00,2012-05-09 00:58:00+00:00,316|331|615|1070|1117
613,4161e400f964a520721d1fe3,535,35,5,2012-05-09 00:34:00+00:00,2012-05-09 01:09:00+00:00,316|331|615|1070|1226
614,4161e400f964a520721d1fe3,535,23,3,2012-05-14 14:27:00+00:00,2012-05-14 14:50:00+00:00,50|556|676
615,4161e400f964a520721d1fe3,535,20,2,2012-05-17 13:54:00+00:00,2012-05-17 14:14:00+00:00,857|1627
616,4161e400f964a520721d1fe3,535,5,2,2012-06-07 23:58:00+00:00,2012-06-08 00:03:00+00:00,946|1174
617,4161e400f964a520721d1fe3,535,24,2,2012-10-11 23:09:00+00:00,2012-10-11 23:33:00+00:00,480|517
618,4161e400f964a520721d1fe3,535,1,2,2012-12-01 02:18:00+00:00,2012-12-01 02:19:00+00:00,533|867
619,4165d880f964a5207e1d1fe3,536,36,2,2012-06-03 17:14:00+00:00,2012-06-03 17:50:00+00:00,274|492
620,4165d880f964a5207e1d1fe3,536,35,2,2012-07-04 21:35:00+00:00,2012-07-04 22:10:00+00:00,77|412
621,4165d880f964a5207e1d1fe3,536,7,2,2013-04-06 23:05:00+00:00,2013-04-06 23:12:00+00:00,214|1368
622,4169cd00f964a5208c1d1fe3,537,4,2,2013-01-13 18:06:00+00:00,2013-01-13 18:10:00+00:00,950|1361
623,41a12c00f964a5203a1e1fe3,548,11,2,2012-04-14 16:51:00+00:00,2012-04-14 17:02:00+00:00,186|729
624,41e46880f964a520d81e1fe3,561,56,2,2012-10-28 00:56:00+00:00,2012-10-28 01:52:00+00:00,1133|1479
625,41e5ba00f964a520e31e1fe3,563,38,2,2012-04-14 18:03:00+00:00,2012-04-14 18:41:00+00:00,776|1206
626,41f98080f964a5203a1f1fe3,566,13,2,2012-05-04 23:45:00+00:00,2012-05-04 23:58:00+00:00,95|878
627,41f98080f964a5203a1f1fe3,566,19,2,2012-06-21 00:17:00+00:00,2012-06-21 00:36:00+00:00,579|925
628,41fad200f964a5203f1f1fe3,567,1,2,2012-05-30 00:55:00+00:00,2012-05-30 00:56:00+00:00,492|1589
629,41fd7500f964a5204d1f1fe3,568,28,2,2012-07-07 03:08:00+00:00,2012-07-07 03:36:00+00:00,47|674
630,42001800f964a520591f1fe3,569,14,2,2012-05-11 03:23:00+00:00,2012-05-11 03:37:00+00:00,685|1146
631,42055e00f964a520681f1fe3,570,56,2,2012-04-21 05:31:00+00:00,2012-04-21 06:27:00+00:00,261|1461
632,42055e00f964a520681f1fe3,570,38,2,2012-06-09 02:51:00+00:00,2012-06-09 03:29:00+00:00,892|1461
633,421a7600f964a5209d1f1fe3,573,7,2,2012-08-18 15:54:00+00:00,2012-08-18 16:01:00+00:00,316|1450
634,42225f00f964a520ae1f1fe3,575,16,2,2012-09-16 04:30:00+00:00,2012-09-16 04:46:00+00:00,915|1146
635,422b9980f964a520cf1f1fe3,579,1,2,2012-08-10 01:07:00+00:00,2012-08-10 01:08:00+00:00,1|1088
636,422f8e00f964a520f81f1fe3,581,32,2,2012-05-07 17:08:00+00:00,2012-05-07 17:40:00+00:00,347|1282
637,423e0e80f964a52047201fe3,588,29,2,2012-07-28 23:40:00+00:00,2012-07-29 00:09:00+00:00,31|411
638,42474900f964a52080201fe3,595,20,2,2012-12-23 02:27:00+00:00,2012-12-23 02:47:00+00:00,1110|1619
639,42474900f964a52080201fe3,595,33,2,2013-03-15 23:46:00+00:00,2013-03-16 00:19:00+00:00,334|1232
640,4249ec00f964a52093201fe3,597,49,2,2012-04-24 17:18:00+00:00,2012-04-24 18:07:00+00:00,45|1553
641,4249ec00f964a52093201fe3,597,22,2,2012-05-16 16:38:00+00:00,2012-05-16 17:00:00+00:00,272|802
642,4249ec00f964a52093201fe3,597,5,2,2012-10-23 16:43:00+00:00,2012-10-23 16:48:00+00:00,1004|1553
643,4249ec00f964a52093201fe3,597,2,2,2013-03-14 16:51:00+00:00,2013-03-14 16:53:00+00:00,272|1004
644,424de080f964a520aa201fe3,599,57,2,2012-06-14 00:08:00+00:00,2012-06-14 01:05:00+00:00,379|1340
645,4259be00f964a520ef201fe3,605,2,2,2012-04-26 01:12:00+00:00,2012-04-26 01:14:00+00:00,1220|1273
646,425c6100f964a520fc201fe3,606,25,2,2012-04-10 01:06:00+00:00,2012-04-10 01:31:00+00:00,764|1081
647,42717900f964a5206f211fe3,615,32,3,2012-04-15 18:23:00+00:00,2012-04-15 18:55:00+00:00,119|449|843
648,42717900f964a5206f211fe3,615,33,2,2012-05-12 19:16:00+00:00,2012-05-12 19:49:00+00:00,652|1279
649,42756d80f964a5207d211fe3,616,12,2,2012-05-23 22:14:00+00:00,2012-05-23 22:26:00+00:00,773|951
650,42756d80f964a5207d211fe3,616,26,2,2012-05-23 23:31:00+00:00,2012-05-23 23:57:00+00:00,476|1517
651,42756d80f964a5207d211fe3,616,39,2,2012-12-22 15:49:00+00:00,2012-12-22 16:28:00+00:00,148|751
652,4276bf00f964a5208b211fe3,619,23,2,2013-03-15 21:57:00+00:00,2013-03-15 22:20:00+00:00,244|944
653,427c0500f964a52097211fe3,621,23,6,2012-04-26 13:20:00+00:00,2012-04-26 13:43:00+00:00,1183|1223|1251|1317|1504|1520
654,427c0500f964a52097211fe3,621,59,8,2012-04-26 13:31:00+00:00,2012-04-26 14:30:00+00:00,1183|1223|1251|1256|1336|1504|1520|1656
655,427c0500f964a52097211fe3,621,39,4,2012-04-26 14:26:00+00:00,2012-04-26 15:05:00+00:00,1256|1263|1336|1656
656,427c0500f964a52097211fe3,621,20,2,2012-05-19 18:31:00+00:00,2012-05-19 18:51:00+00:00,316|838
657,427c0500f964a52097211fe3,621,45,2,2012-06-30 20:05:00+00:00,2012-06-30 20:50:00+00:00,538|1140
658,427c0500f964a52097211fe3,621,47,2,2012-07-08 18:58:00+00:00,2012-07-08 19:45:00+00:00,579|1297
659,427c0500f964a52097211fe3,621,56,2,2012-07-08 19:45:00+00:00,2012-07-08 20:41:00+00:00,579|1452
660,427c0500f964a52097211fe3,621,49,2,2012-08-17 20:34:00+00:00,2012-08-17 21:23:00+00:00,162|1296
661,427c0500f964a52097211fe3,621,3,2,2012-10-08 14:21:00+00:00,2012-10-08 14:24:00+00:00,245|1347
662,427c0500f964a52097211fe3,621,56,2,2012-11-17 20:56:00+00:00,2012-11-17 21:52:00+00:00,745|1355
663,427d5680f964a520a8211fe3,624,21,3,2012-04-07 23:05:00+00:00,2012-04-07 23:26:00+00:00,638|837|1264
664,427d5680f964a520a8211fe3,624,42,2,2012-04-19 02:06:00+00:00,2012-04-19 02:48:00+00:00,239|1336
665,427d5680f964a520a8211fe3,624,27,2,2012-05-27 18:18:00+00:00,2012-05-27 18:45:00+00:00,576|892
666,427d5680f964a520a8211fe3,624,8,2,2012-06-02 23:51:00+00:00,2012-06-02 23:59:00+00:00,199|446
667,427d5680f964a520a8211fe3,624,57,2,2012-06-02 23:59:00+00:00,2012-06-03 00:56:00+00:00,199|430
668,427d5680f964a520a8211fe3,624,8,2,2012-06-03 00:56:00+00:00,2012-06-03 01:04:00+00:00,430|1034
669,42829c80f964a5205f221fe3,631,40,2,2012-09-05 13:56:00+00:00,2012-09-05 14:36:00+00:00,686|1553
670,42829c80f964a5206a221fe3,632,4,2,2012-04-03 22:25:00+00:00,2012-04-03 22:29:00+00:00,644|653
671,42829c80f964a5206a221fe3,632,43,3,2012-04-06 14:02:00+00:00,2012-04-06 14:45:00+00:00,644|790|1088
672,42829c80f964a5206a221fe3,632,39,3,2012-04-06 14:37:00+00:00,2012-04-06 15:16:00+00:00,790|1088|1224
673,42829c80f964a5206a221fe3,632,26,2,2012-04-07 13:46:00+00:00,2012-04-07 14:12:00+00:00,503|1423
674,42829c80f964a5206a221fe3,632,1,2,2012-04-07 15:31:00+00:00,2012-04-07 15:32:00+00:00,9|477
675,42829c80f964a5206a221fe3,632,60,2,2012-04-07 15:32:00+00:00,2012-04-07 16:32:00+00:00,331|477
676,42829c80f964a5206a221fe3,632,15,3,2012-04-07 16:32:00+00:00,2012-04-07 16:47:00+00:00,331|1224|1529
677,42829c80f964a5206a221fe3,632,23,2,2012-04-08 13:28:00+00:00,2012-04-08 13:51:00+00:00,1149|1525
678,42829c80f964a5206a221fe3,632,42,2,2012-04-08 13:51:00+00:00,2012-04-08 14:33:00+00:00,1032|1525
679,42829c80f964a5206a221fe3,632,48,3,2012-04-09 11:34:00+00:00,2012-04-09 12:22:00+00:00,642|644|1424
680,42829c80f964a5206a221fe3,632,28,2,2012-04-09 21:43:00+00:00,2012-04-09 22:11:00+00:00,644|1313
681,42829c80f964a5206a221fe3,632,36,2,2012-04-12 11:47:00+00:00,2012-04-12 12:23:00+00:00,1343|1363
682,42829c80f964a5206a221fe3,632,26,2,2012-04-12 12:23:00+00:00,2012-04-12 12:49:00+00:00,1343|1424
683,42829c80f964a5206a221fe3,632,58,2,2012-04-12 12:49:00+00:00,2012-04-12 13:47:00+00:00,644|1424
684,42829c80f964a5206a221fe3,632,39,2,2012-04-13 11:54:00+00:00,2012-04-13 12:33:00+00:00,665|1424
685,42829c80f964a5206a221fe3,632,14,2,2012-04-14 05:36:00+00:00,2012-04-14 05:50:00+00:00,504|1313
686,42829c80f964a5206a221fe3,632,7,2,2012-04-14 15:33:00+00:00,2012-04-14 15:40:00+00:00,540|1424
687,42829c80f964a5206a221fe3,632,41,2,2012-04-14 19:40:00+00:00,2012-04-14 20:21:00+00:00,179|1431
688,42829c80f964a5206a221fe3,632,27,2,2012-04-17 22:20:00+00:00,2012-04-17 22:47:00+00:00,535|644
689,42829c80f964a5206a221fe3,632,48,2,2012-04-18 23:18:00+00:00,2012-04-19 00:06:00+00:00,644|816
690,42829c80f964a5206a221fe3,632,13,2,2012-04-19 00:06:00+00:00,2012-04-19 00:19:00+00:00,644|1363
691,42829c80f964a5206a221fe3,632,56,2,2012-04-19 21:22:00+00:00,2012-04-19 22:18:00+00:00,653|820
692,42829c80f964a5206a221fe3,632,33,2,2012-04-20 12:26:00+00:00,2012-04-20 12:59:00+00:00,1170|1363
693,42829c80f964a5206a221fe3,632,30,2,2012-04-20 15:44:00+00:00,2012-04-20 16:14:00+00:00,332|1484
694,42829c80f964a5206a221fe3,632,32,2,2012-04-20 18:15:00+00:00,2012-04-20 18:47:00+00:00,509|1119
695,42829c80f964a5206a221fe3,632,8,2,2012-04-21 14:30:00+00:00,2012-04-21 14:38:00+00:00,74|1484
696,42829c80f964a5206a221fe3,632,56,2,2012-04-23 13:27:00+00:00,2012-04-23 14:23:00+00:00,644|693
697,42829c80f964a5206a221fe3,632,47,2,2012-04-24 13:16:00+00:00,2012-04-24 14:03:00+00:00,255|644
698,42829c80f964a5206a221fe3,632,36,2,2012-04-24 19:57:00+00:00,2012-04-24 20:33:00+00:00,503|581
699,42829c80f964a5206a221fe3,632,8,2,2012-04-25 13:46:00+00:00,2012-04-25 13:54:00+00:00,644|996
700,42829c80f964a5206a221fe3,632,28,2,2012-04-26 13:01:00+00:00,2012-04-26 13:29:00+00:00,644|653
701,42829c80f964a5206a221fe3,632,54,3,2012-04-27 21:58:00+00:00,2012-04-27 22:52:00+00:00,240|665|1151
702,42829c80f964a5206a221fe3,632,11,2,2012-04-28 14:28:00+00:00,2012-04-28 14:39:00+00:00,644|1075
703,42829c80f964a5206a221fe3,632,48,3,2012-04-28 20:47:00+00:00,2012-04-28 21:35:00+00:00,16|644|1429
704,42829c80f964a5206a221fe3,632,28,2,2012-04-29 15:54:00+00:00,2012-04-29 16:22:00+00:00,503|605
705,42829c80f964a5206a221fe3,632,21,2,2012-04-29 17:43:00+00:00,2012-04-29 18:04:00+00:00,331|464
706,42829c80f964a5206a221fe3,632,34,2,2012-05-03 12:36:00+00:00,2012-05-03 13:10:00+00:00,644|653
707,42829c80f964a5206a221fe3,632,55,2,2012-05-03 19:00:00+00:00,2012-05-03 19:55:00+00:00,503|748
708,42829c80f964a5206a221fe3,632,22,2,2012-05-04 21:08:00+00:00,2012-05-04 21:30:00+00:00,665|925
709,42829c80f964a5206a221fe3,632,33,2,2012-05-05 19:17:00+00:00,2012-05-05 19:50:00+00:00,1075|1262
710,42829c80f964a5206a221fe3,632,19,2,2012-05-07 11:43:00+00:00,2012-05-07 12:02:00+00:00,945|1363
711,42829c80f964a5206a221fe3,632,8,2,2012-05-09 12:20:00+00:00,2012-05-09 12:28:00+00:00,644|1170
712,42829c80f964a5206a221fe3,632,57,2,2012-05-11 12:01:00+00:00,2012-05-11 12:58:00+00:00,311|1424
713,42829c80f964a5206a221fe3,632,40,3,2012-05-11 12:58:00+00:00,2012-05-11 13:38:00+00:00,9|311|331
714,42829c80f964a5206a221fe3,632,28,3,2012-05-11 13:35:00+00:00,2012-05-11 14:03:00+00:00,9|331|644
715,42829c80f964a5206a221fe3,632,23,3,2012-05-12 14:29:00+00:00,2012-05-12 14:52:00+00:00,455|503|540
716,42829c80f964a5206a221fe3,632,3,2,2012-05-13 00:37:00+00:00,2012-05-13 00:40:00+00:00,702|809
717,42829c80f964a5206a221fe3,632,5,2,2012-05-13 15:36:00+00:00,2012-05-13 15:41:00+00:00,509|1580
718,42829c80f964a5206a221fe3,632,4,2,2012-05-14 12:01:00+00:00,2012-05-14 12:05:00+00:00,1363|1424
719,42829c80f964a5206a221fe3,632,55,3,2012-05-14 13:10:00+00:00,2012-05-14 14:05:00+00:00,644|955|1615
720,42829c80f964a5206a221fe3,632,3,2,2012-05-14 17:58:00+00:00,2012-05-14 18:01:00+00:00,1266|1526
721,42829c80f964a5206a221fe3,632,16,2,2012-05-15 13:50:00+00:00,2012-05-15 14:06:00+00:00,644|1016
722,42829c80f964a5206a221fe3,632,30,2,2012-05-15 23:04:00+00:00,2012-05-15 23:34:00+00:00,74|644
723,42829c80f964a5206a221fe3,632,31,2,2012-05-16 12:52:00+00:00,2012-05-16 13:23:00+00:00,653|1266
724,42829c80f964a5206a221fe3,632,16,2,2012-05-17 12:33:00+00:00,2012-05-17 12:49:00+00:00,653|1424
725,42829c80f964a5206a221fe3,632,28,3,2012-05-18 12:36:00+00:00,2012-05-18 13:04:00+00:00,653|816|1424
726,42829c80f964a5206a221fe3,632,51,2,2012-05-19 15:11:00+00:00,2012-05-19 16:02:00+00:00,503|1215
727,42829c80f964a5206a221fe3,632,28,3,2012-05-19 21:52:00+00:00,2012-05-19 22:20:00+00:00,702|805|1424
728,42829c80f964a5206a221fe3,632,25,2,2012-05-21 12:24:00+00:00,2012-05-21 12:49:00+00:00,644|653
729,42829c80f964a5206a221fe3,632,21,2,2012-05-22 11:58:00+00:00,2012-05-22 12:19:00+00:00,187|816
730,42829c80f964a5206a221fe3,632,48,2,2012-05-22 12:19:00+00:00,2012-05-22 13:07:00+00:00,653|816
731,42829c80f964a5206a221fe3,632,9,2,2012-05-25 13:54:00+00:00,2012-05-25 14:03:00+00:00,644|925
732,42829c80f964a5206a221fe3,632,48,2,2012-05-25 18:18:00+00:00,2012-05-25 19:06:00+00:00,503|1137
733,42829c80f964a5206a221fe3,632,39,2,2012-05-25 23:21:00+00:00,2012-05-26 00:00:00+00:00,534|1424
734,42829c80f964a5206a221fe3,632,1,2,2012-06-01 13:21:00+00:00,2012-06-01 13:22:00+00:00,653|1266
735,42829c80f964a5206a221fe3,632,31,2,2012-06-04 12:18:00+00:00,2012-06-04 12:49:00+00:00,653|1424
736,42829c80f964a5206a221fe3,632,44,3,2012-06-05 12:48:00+00:00,2012-06-05 13:32:00+00:00,139|653|1266
737,42829c80f964a5206a221fe3,632,7,3,2012-06-06 22:30:00+00:00,2012-06-06 22:37:00+00:00,606|644|816
738,42829c80f964a5206a221fe3,632,8,2,2012-06-07 19:58:00+00:00,2012-06-07 20:06:00+00:00,503|1305
739,42829c80f964a5206a221fe3,632,14,2,2012-06-08 14:02:00+00:00,2012-06-08 14:16:00+00:00,644|673
740,42829c80f964a5206a221fe3,632,8,2,2012-06-08 23:41:00+00:00,2012-06-08 23:49:00+00:00,528|1481
741,42829c80f964a5206a221fe3,632,34,2,2012-06-09 21:14:00+00:00,2012-06-09 21:48:00+00:00,1443|1538
742,42829c80f964a5206a221fe3,632,28,2,2012-06-12 12:28:00+00:00,2012-06-12 12:56:00+00:00,653|849
743,42829c80f964a5206a221fe3,632,45,2,2012-06-12 12:56:00+00:00,2012-06-12 13:41:00+00:00,382|653
744,42829c80f964a5206a221fe3,632,24,2,2012-06-12 13:41:00+00:00,2012-06-12 14:05:00+00:00,382|644
745,42829c80f964a5206a221fe3,632,56,2,2012-06-18 16:46:00+00:00,2012-06-18 17:42:00+00:00,724|908
746,42829c80f964a5206a221fe3,632,10,2,2012-07-02 12:19:00+00:00,2012-07-02 12:29:00+00:00,849|1424
747,42829c80f964a5206a221fe3,632,32,2,2012-07-03 17:51:00+00:00,2012-07-03 18:23:00+00:00,317|503
748,42829c80f964a5206a221fe3,632,5,2,2012-07-05 12:44:00+00:00,2012-07-05 12:49:00+00:00,222|653
749,42829c80f964a5206a221fe3,632,45,2,2012-07-05 21:54:00+00:00,2012-07-05 22:39:00+00:00,653|1200
750,42829c80f964a5206a221fe3,632,47,2,2012-07-07 17:56:00+00:00,2012-07-07 18:43:00+00:00,891|1075
751,42829c80f964a5206a221fe3,632,44,2,2012-07-11 12:08:00+00:00,2012-07-11 12:52:00+00:00,653|1363
752,42829c80f964a5206a221fe3,632,33,2,2012-07-24 12:16:00+00:00,2012-07-24 12:49:00+00:00,187|653
753,42829c80f964a5206a221fe3,632,49,2,2012-07-24 20:00:00+00:00,2012-07-24 20:49:00+00:00,503|1075
754,42829c80f964a5206a221fe3,632,57,3,2012-08-11 16:56:00+00:00,2012-08-11 17:53:00+00:00,249|748|794
755,42829c80f964a5206a221fe3,632,58,2,2012-08-18 14:44:00+00:00,2012-08-18 15:42:00+00:00,1099|1431
756,42829c80f964a5206a221fe3,632,58,2,2012-09-13 12:48:00+00:00,2012-09-13 13:46:00+00:00,653|977
757,42829c80f964a5206a221fe3,632,58,3,2012-09-14 21:37:00+00:00,2012-09-14 22:35:00+00:00,802|1348|1529
758,42829c80f964a5206a221fe3,632,28,2,2012-10-11 19:40:00+00:00,2012-10-11 20:08:00+00:00,327|503
759,42829c80f964a5206a221fe3,632,35,2,2012-10-12 20:52:00+00:00,2012-10-12 21:27:00+00:00,301|872
760,42829c80f964a5206a221fe3,632,40,2,2012-10-18 17:25:00+00:00,2012-10-18 18:05:00+00:00,581|734
761,42829c80f964a5206a221fe3,632,11,2,2012-10-23 19:23:00+00:00,2012-10-23 19:34:00+00:00,794|884
762,42829c80f964a5206a221fe3,632,49,2,2012-11-06 13:46:00+00:00,2012-11-06 14:35:00+00:00,1424|1594
763,42829c80f964a5206a221fe3,632,36,2,2012-11-12 20:42:00+00:00,2012-11-12 21:18:00+00:00,306|1215
764,42829c80f964a5206a221fe3,632,57,2,2012-11-16 23:30:00+00:00,2012-11-17 00:27:00+00:00,558|1424
765,42829c80f964a5206a221fe3,632,57,5,2012-11-21 22:25:00+00:00,2012-11-21 23:22:00+00:00,240|384|628|649|1547
766,42829c80f964a5206a221fe3,632,49,5,2012-11-21 22:37:00+00:00,2012-11-21 23:26:00+00:00,240|384|628|1038|1547
767,42829c80f964a5206a221fe3,632,55,4,2012-11-21 23:10:00+00:00,2012-11-22 00:05:00+00:00,240|628|1038|1648
768,42829c80f964a5206a221fe3,632,49,2,2012-11-22 00:05:00+00:00,2012-11-22 00:54:00+00:00,326|1648
769,42829c80f964a5206a221fe3,632,54,2,2012-11-22 00:54:00+00:00,2012-11-22 01:48:00+00:00,306|326
770,42829c80f964a5206a221fe3,632,32,2,2012-11-22 18:27:00+00:00,2012-11-22 18:59:00+00:00,1460|1608
771,42829c80f964a5206a221fe3,632,14,2,2012-11-23 15:48:00+00:00,2012-11-23 16:02:00+00:00,388|402
772,42829c80f964a5206a221fe3,632,30,2,2012-11-23 22:10:00+00:00,2012-11-23 22:40:00+00:00,21|925
773,42829c80f964a5206a221fe3,632,53,2,2012-11-24 23:57:00+00:00,2012-11-25 00:50:00+00:00,1365|1424
774,42829c80f964a5206a221fe3,632,13,2,2012-12-06 18:55:00+00:00,2012-12-06 19:08:00+00:00,60|853
775,42829c80f964a5206a221fe3,632,53,2,2012-12-10 20:05:00+00:00,2012-12-10 20:58:00+00:00,503|1109
776,42829c80f964a5206a221fe3,632,57,2,2012-12-21 13:53:00+00:00,2012-12-21 14:50:00+00:00,249|1424
777,42829c80f964a5206a221fe3,632,17,2,2012-12-29 01:34:00+00:00,2012-12-29 01:51:00+00:00,528|1424
778,42829c80f964a5206a221fe3,632,26,2,2012-12-30 00:16:00+00:00,2012-12-30 00:42:00+00:00,170|1371
779,42829c80f964a5206a221fe3,632,1,2,2013-01-04 23:54:00+00:00,2013-01-04 23:55:00+00:00,1106|1439
780,42829c80f964a5206a221fe3,632,30,2,2013-01-10 03:26:00+00:00,2013-01-10 03:56:00+00:00,1074|1424
781,42829c80f964a5206a221fe3,632,31,2,2013-02-01 17:48:00+00:00,2013-02-01 18:19:00+00:00,531|1368
782,42829c80f964a5206a221fe3,632,43,2,2013-02-02 00:31:00+00:00,2013-02-02 01:14:00+00:00,534|718
783,42829c80f964a5206a221fe3,632,5,2,2013-03-09 20:22:00+00:00,2013-03-09 20:27:00+00:00,860|1237
784,42829c80f964a5206a221fe3,632,27,2,2013-03-19 13:50:00+00:00,2013-03-19 14:17:00+00:00,413|785
785,4283ee00f964a5209d221fe3,634,30,2,2012-04-04 17:23:00+00:00,2012-04-04 17:53:00+00:00,373|613
786,4283ee00f964a5209d221fe3,634,17,2,2012-04-22 15:53:00+00:00,2012-04-22 16:10:00+00:00,451|1084
787,4283ee00f964a5209d221fe3,634,58,3,2012-06-05 11:37:00+00:00,2012-06-05 12:35:00+00:00,91|119|1594
788,4283ee00f964a5209d221fe3,634,57,2,2012-06-05 12:35:00+00:00,2012-06-05 13:32:00+00:00,119|1005
789,4283ee00f964a5209d221fe3,634,40,2,2012-06-05 13:32:00+00:00,2012-06-05 14:12:00+00:00,1005|1121
790,4283ee00f964a5209d221fe3,634,43,2,2012-06-06 12:37:00+00:00,2012-06-06 13:20:00+00:00,91|1121
791,4283ee00f964a5209d221fe3,634,34,4,2012-10-11 17:03:00+00:00,2012-10-11 17:37:00+00:00,912|1074|1336|1472
792,4283ee00f964a5209d221fe3,634,47,3,2012-10-11 17:24:00+00:00,2012-10-11 18:11:00+00:00,56|1074|1336
793,4283ee00f964a5209d221fe3,634,56,3,2012-10-11 17:37:00+00:00,2012-10-11 18:33:00+00:00,56|575|1336
794,4283ee00f964a5209d221fe3,634,49,4,2012-10-11 18:11:00+00:00,2012-10-11 19:00:00+00:00,56|575|1105|1595
795,4283ee00f964a5209d221fe3,634,35,3,2012-10-11 22:07:00+00:00,2012-10-11 22:42:00+00:00,833|1077|1415
796,4283ee00f964a5209d221fe3,634,60,3,2012-10-11 22:09:00+00:00,2012-10-11 23:09:00+00:00,121|1077|1415
797,4283ee00f964a5209d221fe3,634,20,3,2012-10-12 01:27:00+00:00,2012-10-12 01:47:00+00:00,1252|1496|1636
798,4283ee00f964a5209d221fe3,634,54,3,2012-10-12 01:45:00+00:00,2012-10-12 02:39:00+00:00,1496|1562|1636
799,4283ee00f964a5209d221fe3,634,49,2,2012-10-12 02:39:00+00:00,2012-10-12 03:28:00+00:00,923|1562
800,4283ee00f964a5209d221fe3,634,12,2,2012-10-12 14:32:00+00:00,2012-10-12 14:44:00+00:00,394|912
801,4283ee00f964a5209d221fe3,634,58,2,2012-10-12 21:35:00+00:00,2012-10-12 22:33:00+00:00,50|1161
802,4283ee00f964a5209d221fe3,634,36,3,2012-10-13 14:01:00+00:00,2012-10-13 14:37:00+00:00,912|1062|1623
803,42893400f964a52052231fe3,637,16,2,2012-05-27 18:33:00+00:00,2012-05-27 18:49:00+00:00,449|1387
804,42893400f964a52052231fe3,637,26,2,2012-07-12 02:24:00+00:00,2012-07-12 02:50:00+00:00,565|1034
805,42893400f964a52052231fe3,637,10,2,2012-07-30 12:00:00+00:00,2012-07-30 12:10:00+00:00,432|463
806,42893400f964a52052231fe3,637,50,2,2012-11-05 13:20:00+00:00,2012-11-05 14:10:00+00:00,432|538
807,42893400f964a52052231fe3,637,7,2,2012-12-10 13:47:00+00:00,2012-12-10 13:54:00+00:00,432|538
808,428d2880f964a520b5231fe3,643,30,2,2013-02-26 15:55:00+00:00,2013-02-26 16:25:00+00:00,397|1170
809,42911d00f964a520f5231fe3,645,17,2,2012-04-03 21:45:00+00:00,2012-04-03 22:02:00+00:00,646|916
810,42911d00f964a520f5231fe3,645,1,2,2012-04-03 23:03:00+00:00,2012-04-03 23:04:00+00:00,897|1468
811,42911d00f964a520f5231fe3,645,51,2,2012-04-04 17:44:00+00:00,2012-04-04 18:35:00+00:00,336|1546
812,42911d00f964a520f5231fe3,645,22,3,2012-04-05 11:47:00+00:00,2012-04-05 12:09:00+00:00,38|138|1587
813,42911d00f964a520f5231fe3,645,30,2,2012-04-06 13:55:00+00:00,2012-04-06 14:25:00+00:00,916|1327
814,42911d00f964a520f5231fe3,645,32,2,2012-04-07 19:15:00+00:00,2012-04-07 19:47:00+00:00,33|115
815,42911d00f964a520f5231fe3,645,38,2,2012-04-08 22:06:00+00:00,2012-04-08 22:44:00+00:00,619|1020
816,42911d00f964a520f5231fe3,645,45,2,2012-04-09 12:33:00+00:00,2012-04-09 13:18:00+00:00,246|1327
817,42911d00f964a520f5231fe3,645,0,2,2012-04-09 21:48:00+00:00,2012-04-09 21:48:00+00:00,608|1137
818,42911d00f964a520f5231fe3,645,25,2,2012-04-10 22:45:00+00:00,2012-04-10 23:10:00+00:00,16|897
819,42911d00f964a520f5231fe3,645,7,2,2012-04-11 02:02:00+00:00,2012-04-11 02:09:00+00:00,411|1073
820,42911d00f964a520f5231fe3,645,29,2,2012-04-12 21:42:00+00:00,2012-04-12 22:11:00+00:00,739|1510
821,42911d00f964a520f5231fe3,645,46,2,2012-04-12 22:11:00+00:00,2012-04-12 22:57:00+00:00,646|739
822,42911d00f964a520f5231fe3,645,33,4,2012-04-13 21:45:00+00:00,2012-04-13 22:18:00+00:00,38|246|1144|1151
823,42911d00f964a520f5231fe3,645,51,3,2012-04-13 22:03:00+00:00,2012-04-13 22:54:00+00:00,38|411|1151
824,42911d00f964a520f5231fe3,645,54,3,2012-04-13 22:18:00+00:00,2012-04-13 23:12:00+00:00,411|897|1151
825,42911d00f964a520f5231fe3,645,45,2,2012-04-14 18:00:00+00:00,2012-04-14 18:45:00+00:00,336|1537
826,42911d00f964a520f5231fe3,645,50,2,2012-04-14 21:01:00+00:00,2012-04-14 21:51:00+00:00,553|897
827,42911d00f964a520f5231fe3,645,11,3,2012-04-15 00:04:00+00:00,2012-04-15 00:15:00+00:00,525|540|831
828,42911d00f964a520f5231fe3,645,49,2,2012-04-15 10:42:00+00:00,2012-04-15 11:31:00+00:00,385|1317
829,42911d00f964a520f5231fe3,645,45,2,2012-04-17 13:18:00+00:00,2012-04-17 14:03:00+00:00,1144|1327
830,42911d00f964a520f5231fe3,645,46,2,2012-04-18 00:30:00+00:00,2012-04-18 01:16:00+00:00,510|1054
831,42911d00f964a520f5231fe3,645,48,2,2012-04-18 21:14:00+00:00,2012-04-18 22:02:00+00:00,553|646
832,42911d00f964a520f5231fe3,645,1,2,2012-04-19 12:40:00+00:00,2012-04-19 12:41:00+00:00,1510|1547
833,42911d00f964a520f5231fe3,645,28,2,2012-04-19 14:07:00+00:00,2012-04-19 14:35:00+00:00,1327|1584
834,42911d00f964a520f5231fe3,645,46,3,2012-04-19 21:32:00+00:00,2012-04-19 22:18:00+00:00,646|967|1137
835,42911d00f964a520f5231fe3,645,48,2,2012-04-20 11:21:00+00:00,2012-04-20 12:09:00+00:00,18|76
836,42911d00f964a520f5231fe3,645,40,2,2012-04-20 17:50:00+00:00,2012-04-20 18:30:00+00:00,688|1151
837,42911d00f964a520f5231fe3,645,41,2,2012-04-22 14:01:00+00:00,2012-04-22 14:42:00+00:00,367|545
838,42911d00f964a520f5231fe3,645,51,2,2012-04-22 14:42:00+00:00,2012-04-22 15:33:00+00:00,545|776
839,42911d00f964a520f5231fe3,645,44,3,2012-04-23 12:19:00+00:00,2012-04-23 13:03:00+00:00,246|747|1327
840,42911d00f964a520f5231fe3,645,48,3,2012-04-23 12:38:00+00:00,2012-04-23 13:26:00+00:00,246|1327|1510
841,42911d00f964a520f5231fe3,645,45,3,2012-04-23 21:25:00+00:00,2012-04-23 22:10:00+00:00,82|646|1154
842,42911d00f964a520f5231fe3,645,1,2,2012-04-24 22:18:00+00:00,2012-04-24 22:19:00+00:00,850|852
843,42911d00f964a520f5231fe3,645,6,2,2012-04-24 23:38:00+00:00,2012-04-24 23:44:00+00:00,358|646
844,42911d00f964a520f5231fe3,645,12,2,2012-04-25 13:15:00+00:00,2012-04-25 13:27:00+00:00,1144|1327
845,42911d00f964a520f5231fe3,645,48,3,2012-04-26 13:06:00+00:00,2012-04-26 13:54:00+00:00,50|897|1144
846,42911d00f964a520f5231fe3,645,43,2,2012-04-27 13:11:00+00:00,2012-04-27 13:54:00+00:00,1130|1510
847,42911d00f964a520f5231fe3,645,32,2,2012-04-27 20:52:00+00:00,2012-04-27 21:24:00+00:00,773|1151
848,42911d00f964a520f5231fe3,645,9,2,2012-04-27 22:35:00+00:00,2012-04-27 22:44:00+00:00,0|553
849,42911d00f964a520f5231fe3,645,19,2,2012-04-29 00:21:00+00:00,2012-04-29 00:40:00+00:00,553|650
850,42911d00f964a520f5231fe3,645,59,2,2012-04-29 20:06:00+00:00,2012-04-29 21:05:00+00:00,1262|1270
851,42911d00f964a520f5231fe3,645,22,2,2012-05-01 20:23:00+00:00,2012-05-01 20:45:00+00:00,646|1130
852,42911d00f964a520f5231fe3,645,46,2,2012-05-01 23:11:00+00:00,2012-05-01 23:57:00+00:00,419|1257
853,42911d00f964a520f5231fe3,645,39,2,2012-05-04 12:34:00+00:00,2012-05-04 13:13:00+00:00,769|1510
854,42911d00f964a520f5231fe3,645,50,2,2012-05-04 13:13:00+00:00,2012-05-04 14:03:00+00:00,769|1327
855,42911d00f964a520f5231fe3,645,28,2,2012-05-04 14:03:00+00:00,2012-05-04 14:31:00+00:00,897|1327
856,42911d00f964a520f5231fe3,645,14,2,2012-05-05 14:57:00+00:00,2012-05-05 15:11:00+00:00,1428|1626
857,42911d00f964a520f5231fe3,645,57,2,2012-05-05 15:11:00+00:00,2012-05-05 16:08:00+00:00,1024|1428
858,42911d00f964a520f5231fe3,645,51,2,2012-05-06 22:52:00+00:00,2012-05-06 23:43:00+00:00,852|1351
859,42911d00f964a520f5231fe3,645,38,2,2012-05-07 11:40:00+00:00,2012-05-07 12:18:00+00:00,558|1510
860,42911d00f964a520f5231fe3,645,29,2,2012-05-07 12:18:00+00:00,2012-05-07 12:47:00+00:00,558|769
861,42911d00f964a520f5231fe3,645,6,3,2012-05-09 22:00:00+00:00,2012-05-09 22:06:00+00:00,501|845|1137
862,42911d00f964a520f5231fe3,645,30,3,2012-05-11 12:17:00+00:00,2012-05-11 12:47:00+00:00,38|382|769
863,42911d00f964a520f5231fe3,645,43,2,2012-05-11 20:18:00+00:00,2012-05-11 21:01:00+00:00,553|656
864,42911d00f964a520f5231fe3,645,54,3,2012-05-11 21:01:00+00:00,2012-05-11 21:55:00+00:00,553|601|646
865,42911d00f964a520f5231fe3,645,44,3,2012-05-11 21:23:00+00:00,2012-05-11 22:07:00+00:00,582|601|646
866,42911d00f964a520f5231fe3,645,37,3,2012-05-11 21:55:00+00:00,2012-05-11 22:32:00+00:00,582|601|670
867,42911d00f964a520f5231fe3,645,35,2,2012-05-12 13:44:00+00:00,2012-05-12 14:19:00+00:00,113|359
868,42911d00f964a520f5231fe3,645,34,3,2012-05-12 23:11:00+00:00,2012-05-12 23:45:00+00:00,390|820|1052
869,42911d00f964a520f5231fe3,645,42,2,2012-05-13 16:08:00+00:00,2012-05-13 16:50:00+00:00,178|464
870,42911d00f964a520f5231fe3,645,2,2,2012-05-13 23:53:00+00:00,2012-05-13 23:55:00+00:00,359|1037
871,42911d00f964a520f5231fe3,645,4,2,2012-05-14 01:41:00+00:00,2012-05-14 01:45:00+00:00,464|842
872,42911d00f964a520f5231fe3,645,32,2,2012-05-14 12:46:00+00:00,2012-05-14 13:18:00+00:00,769|820
873,42911d00f964a520f5231fe3,645,14,2,2012-05-14 14:24:00+00:00,2012-05-14 14:38:00+00:00,688|1075
874,42911d00f964a520f5231fe3,645,31,2,2012-05-14 22:26:00+00:00,2012-05-14 22:57:00+00:00,850|1257
875,42911d00f964a520f5231fe3,645,28,3,2012-05-16 22:23:00+00:00,2012-05-16 22:51:00+00:00,178|480|1137
876,42911d00f964a520f5231fe3,645,4,2,2012-05-17 11:07:00+00:00,2012-05-17 11:11:00+00:00,9|76
877,42911d00f964a520f5231fe3,645,49,2,2012-05-18 20:23:00+00:00,2012-05-18 21:12:00+00:00,769|820
878,42911d00f964a520f5231fe3,645,51,3,2012-05-18 21:12:00+00:00,2012-05-18 22:03:00+00:00,553|646|769
879,42911d00f964a520f5231fe3,645,52,3,2012-05-18 21:29:00+00:00,2012-05-18 22:21:00+00:00,430|553|646
880,42911d00f964a520f5231fe3,645,34,3,2012-05-18 22:03:00+00:00,2012-05-18 22:37:00+00:00,430|553|850
881,42911d00f964a520f5231fe3,645,41,4,2012-05-19 16:29:00+00:00,2012-05-19 17:10:00+00:00,113|850|952|978
882,42911d00f964a520f5231fe3,645,52,4,2012-05-19 17:08:00+00:00,2012-05-19 18:00:00+00:00,113|702|952|960
883,42911d00f964a520f5231fe3,645,39,2,2012-05-21 20:56:00+00:00,2012-05-21 21:35:00+00:00,82|1130
884,42911d00f964a520f5231fe3,645,22,2,2012-05-21 22:38:00+00:00,2012-05-21 23:00:00+00:00,391|663
885,42911d00f964a520f5231fe3,645,43,2,2012-05-23 20:16:00+00:00,2012-05-23 20:59:00+00:00,82|558
886,42911d00f964a520f5231fe3,645,40,4,2012-05-23 22:06:00+00:00,2012-05-23 22:46:00+00:00,193|259|411|985
887,42911d00f964a520f5231fe3,645,46,4,2012-05-23 22:28:00+00:00,2012-05-23 23:14:00+00:00,193|259|553|985
888,42911d00f964a520f5231fe3,645,4,2,2012-05-24 03:42:00+00:00,2012-05-24 03:46:00+00:00,411|1546
889,42911d00f964a520f5231fe3,645,55,2,2012-05-25 16:51:00+00:00,2012-05-25 17:46:00+00:00,663|1422
890,42911d00f964a520f5231fe3,645,49,4,2012-05-25 18:54:00+00:00,2012-05-25 19:43:00+00:00,126|852|927|1220
891,42911d00f964a520f5231fe3,645,53,4,2012-05-25 19:25:00+00:00,2012-05-25 20:18:00+00:00,313|852|927|1220
892,42911d00f964a520f5231fe3,645,49,4,2012-05-25 19:37:00+00:00,2012-05-25 20:26:00+00:00,313|537|852|927
893,42911d00f964a520f5231fe3,645,33,2,2012-05-25 21:46:00+00:00,2012-05-25 22:19:00+00:00,119|372
894,42911d00f964a520f5231fe3,645,36,2,2012-05-27 13:51:00+00:00,2012-05-27 14:27:00+00:00,545|1465
895,42911d00f964a520f5231fe3,645,49,2,2012-05-27 14:27:00+00:00,2012-05-27 15:16:00+00:00,25|1465
896,42911d00f964a520f5231fe3,645,15,2,2012-05-27 16:43:00+00:00,2012-05-27 16:58:00+00:00,775|1532
897,42911d00f964a520f5231fe3,645,57,2,2012-05-28 14:46:00+00:00,2012-05-28 15:43:00+00:00,618|730
898,42911d00f964a520f5231fe3,645,5,2,2012-05-28 15:43:00+00:00,2012-05-28 15:48:00+00:00,730|950
899,42911d00f964a520f5231fe3,645,12,2,2012-05-28 20:01:00+00:00,2012-05-28 20:13:00+00:00,619|692
900,42911d00f964a520f5231fe3,645,2,2,2012-05-29 12:51:00+00:00,2012-05-29 12:53:00+00:00,1381|1614
901,42911d00f964a520f5231fe3,645,30,2,2012-05-31 20:31:00+00:00,2012-05-31 21:01:00+00:00,82|1130
902,42911d00f964a520f5231fe3,645,53,2,2012-06-04 11:02:00+00:00,2012-06-04 11:55:00+00:00,9|969
903,42911d00f964a520f5231fe3,645,40,2,2012-06-04 11:55:00+00:00,2012-06-04 12:35:00+00:00,38|969
904,42911d00f964a520f5231fe3,645,19,2,2012-06-06 17:32:00+00:00,2012-06-06 17:51:00+00:00,336|688
905,42911d00f964a520f5231fe3,645,55,3,2012-06-06 22:10:00+00:00,2012-06-06 23:05:00+00:00,136|246|688
906,42911d00f964a520f5231fe3,645,37,2,2012-06-06 23:05:00+00:00,2012-06-06 23:42:00+00:00,246|897
907,42911d00f964a520f5231fe3,645,32,2,2012-06-06 23:42:00+00:00,2012-06-07 00:14:00+00:00,38|897
908,42911d00f964a520f5231fe3,645,35,2,2012-06-07 00:14:00+00:00,2012-06-07 00:49:00+00:00,38|545
909,42911d00f964a520f5231fe3,645,45,3,2012-06-07 12:03:00+00:00,2012-06-07 12:48:00+00:00,382|390|613
910,42911d00f964a520f5231fe3,645,31,2,2012-06-07 20:30:00+00:00,2012-06-07 21:01:00+00:00,32|1130
911,42911d00f964a520f5231fe3,645,44,2,2012-06-07 21:01:00+00:00,2012-06-07 21:45:00+00:00,32|1168
912,42911d00f964a520f5231fe3,645,30,2,2012-06-08 11:26:00+00:00,2012-06-08 11:56:00+00:00,23|337
913,42911d00f964a520f5231fe3,645,57,2,2012-06-08 13:02:00+00:00,2012-06-08 13:59:00+00:00,1144|1239
914,42911d00f964a520f5231fe3,645,47,2,2012-06-08 13:59:00+00:00,2012-06-08 14:46:00+00:00,802|1239
915,42911d00f964a520f5231fe3,645,46,3,2012-06-08 18:19:00+00:00,2012-06-08 19:05:00+00:00,32|55|487
916,42911d00f964a520f5231fe3,645,50,3,2012-06-08 21:37:00+00:00,2012-06-08 22:27:00+00:00,553|1471|1647
917,42911d00f964a520f5231fe3,645,58,2,2012-06-09 10:38:00+00:00,2012-06-09 11:36:00+00:00,178|1648
918,42911d00f964a520f5231fe3,645,53,2,2012-06-09 11:36:00+00:00,2012-06-09 12:29:00+00:00,178|1222
919,42911d00f964a520f5231fe3,645,22,2,2012-06-09 12:29:00+00:00,2012-06-09 12:51:00+00:00,908|1222
920,42911d00f964a520f5231fe3,645,55,2,2012-06-09 12:51:00+00:00,2012-06-09 13:46:00+00:00,540|908
921,42911d00f964a520f5231fe3,645,57,2,2012-06-09 15:16:00+00:00,2012-06-09 16:13:00+00:00,359|1327
922,42911d00f964a520f5231fe3,645,17,3,2012-06-09 16:13:00+00:00,2012-06-09 16:30:00+00:00,280|359|540
923,42911d00f964a520f5231fe3,645,60,2,2012-06-09 18:35:00+00:00,2012-06-09 19:35:00+00:00,568|1054
924,42911d00f964a520f5231fe3,645,51,2,2012-06-10 02:01:00+00:00,2012-06-10 02:52:00+00:00,568|978
925,42911d00f964a520f5231fe3,645,20,3,2012-06-10 14:40:00+00:00,2012-06-10 15:00:00+00:00,464|1130|1647
926,42911d00f964a520f5231fe3,645,55,2,2012-06-11 11:00:00+00:00,2012-06-11 11:55:00+00:00,9|38
927,42911d00f964a520f5231fe3,645,58,2,2012-06-12 21:33:00+00:00,2012-06-12 22:31:00+00:00,82|108
928,42911d00f964a520f5231fe3,645,48,2,2012-06-12 22:31:00+00:00,2012-06-12 23:19:00+00:00,108|344
929,42911d00f964a520f5231fe3,645,3,2,2012-06-13 13:05:00+00:00,2012-06-13 13:08:00+00:00,344|769
930,42911d00f964a520f5231fe3,645,47,3,2012-06-13 22:27:00+00:00,2012-06-13 23:14:00+00:00,38|344|546
931,42911d00f964a520f5231fe3,645,35,2,2012-06-13 23:14:00+00:00,2012-06-13 23:49:00+00:00,546|688
932,42911d00f964a520f5231fe3,645,55,2,2012-06-15 11:08:00+00:00,2012-06-15 12:03:00+00:00,1020|1589
933,42911d00f964a520f5231fe3,645,25,2,2012-06-17 12:25:00+00:00,2012-06-17 12:50:00+00:00,688|967
934,42911d00f964a520f5231fe3,645,49,2,2012-06-17 20:34:00+00:00,2012-06-17 21:23:00+00:00,136|1556
935,42911d00f964a520f5231fe3,645,26,2,2012-06-17 21:23:00+00:00,2012-06-17 21:49:00+00:00,136|1264
936,42911d00f964a520f5231fe3,645,27,2,2012-06-18 18:34:00+00:00,2012-06-18 19:01:00+00:00,336|712
937,42911d00f964a520f5231fe3,645,59,3,2012-06-20 21:33:00+00:00,2012-06-20 22:32:00+00:00,510|1130|1647
938,42911d00f964a520f5231fe3,645,40,3,2012-06-20 22:18:00+00:00,2012-06-20 22:58:00+00:00,136|510|1647
939,42911d00f964a520f5231fe3,645,53,3,2012-06-20 22:32:00+00:00,2012-06-20 23:25:00+00:00,136|1335|1647
940,42911d00f964a520f5231fe3,645,52,2,2012-06-20 23:25:00+00:00,2012-06-21 00:17:00+00:00,608|1335
941,42911d00f964a520f5231fe3,645,47,2,2012-06-25 11:20:00+00:00,2012-06-25 12:07:00+00:00,76|820
942,42911d00f964a520f5231fe3,645,47,2,2012-06-26 23:50:00+00:00,2012-06-27 00:37:00+00:00,1245|1484
943,42911d00f964a520f5231fe3,645,6,2,2012-06-27 12:50:00+00:00,2012-06-27 12:56:00+00:00,38|1070
944,42911d00f964a520f5231fe3,645,27,3,2012-07-02 14:04:00+00:00,2012-07-02 14:31:00+00:00,699|1070|1419
945,42911d00f964a520f5231fe3,645,9,2,2012-07-03 21:27:00+00:00,2012-07-03 21:36:00+00:00,344|783
946,42911d00f964a520f5231fe3,645,60,3,2012-07-04 10:57:00+00:00,2012-07-04 11:57:00+00:00,126|789|1518
947,42911d00f964a520f5231fe3,645,30,2,2012-07-05 21:01:00+00:00,2012-07-05 21:31:00+00:00,82|336
948,42911d00f964a520f5231fe3,645,52,2,2012-07-06 23:27:00+00:00,2012-07-07 00:19:00+00:00,525|956
949,42911d00f964a520f5231fe3,645,1,2,2012-07-07 14:16:00+00:00,2012-07-07 14:17:00+00:00,452|730
950,42911d00f964a520f5231fe3,645,57,2,2012-07-07 21:07:00+00:00,2012-07-07 22:04:00+00:00,423|966
951,42911d00f964a520f5231fe3,645,23,2,2012-07-08 11:54:00+00:00,2012-07-08 12:17:00+00:00,195|688
952,42911d00f964a520f5231fe3,645,37,2,2012-07-08 18:21:00+00:00,2012-07-08 18:58:00+00:00,1249|1318
953,42911d00f964a520f5231fe3,645,29,3,2012-07-08 20:56:00+00:00,2012-07-08 21:25:00+00:00,119|688|1130
954,42911d00f964a520f5231fe3,645,27,2,2012-07-09 21:37:00+00:00,2012-07-09 22:04:00+00:00,82|344
955,42911d00f964a520f5231fe3,645,59,3,2012-07-10 22:08:00+00:00,2012-07-10 23:07:00+00:00,38|246|344
956,42911d00f964a520f5231fe3,645,38,2,2012-07-11 21:21:00+00:00,2012-07-11 21:59:00+00:00,82|504
957,42911d00f964a520f5231fe3,645,8,2,2012-07-12 12:59:00+00:00,2012-07-12 13:07:00+00:00,395|587
958,42911d00f964a520f5231fe3,645,31,2,2012-07-13 09:16:00+00:00,2012-07-13 09:47:00+00:00,1245|1561
959,42911d00f964a520f5231fe3,645,23,2,2012-07-13 12:18:00+00:00,2012-07-13 12:41:00+00:00,246|480
960,42911d00f964a520f5231fe3,645,5,2,2012-07-13 23:14:00+00:00,2012-07-13 23:19:00+00:00,195|927
961,42911d00f964a520f5231fe3,645,44,2,2012-07-15 19:14:00+00:00,2012-07-15 19:58:00+00:00,113|587
962,42911d00f964a520f5231fe3,645,7,2,2012-07-15 23:06:00+00:00,2012-07-15 23:13:00+00:00,274|663
963,42911d00f964a520f5231fe3,645,53,2,2012-07-16 20:22:00+00:00,2012-07-16 21:15:00+00:00,274|1298
964,42911d00f964a520f5231fe3,645,44,2,2012-07-17 11:52:00+00:00,2012-07-17 12:36:00+00:00,34|274
965,42911d00f964a520f5231fe3,645,20,2,2012-07-17 18:52:00+00:00,2012-07-17 19:12:00+00:00,816|1532
966,42911d00f964a520f5231fe3,645,36,3,2012-07-21 22:05:00+00:00,2012-07-21 22:41:00+00:00,587|786|1054
967,42911d00f964a520f5231fe3,645,13,2,2012-07-22 14:35:00+00:00,2012-07-22 14:48:00+00:00,663|786
968,42911d00f964a520f5231fe3,645,50,2,2012-07-24 13:09:00+00:00,2012-07-24 13:59:00+00:00,344|568
969,42911d00f964a520f5231fe3,645,39,2,2012-08-09 13:25:00+00:00,2012-08-09 14:04:00+00:00,183|587
970,42911d00f964a520f5231fe3,645,5,2,2012-08-10 01:03:00+00:00,2012-08-10 01:08:00+00:00,558|1022
971,42911d00f964a520f5231fe3,645,32,2,2012-08-10 18:29:00+00:00,2012-08-10 19:01:00+00:00,109|113
972,42911d00f964a520f5231fe3,645,40,2,2012-08-10 21:19:00+00:00,2012-08-10 21:59:00+00:00,344|783
973,42911d00f964a520f5231fe3,645,49,2,2012-08-11 16:41:00+00:00,2012-08-11 17:30:00+00:00,537|567
974,42911d00f964a520f5231fe3,645,49,2,2012-08-11 20:08:00+00:00,2012-08-11 20:57:00+00:00,663|1099
975,42911d00f964a520f5231fe3,645,13,2,2012-08-12 14:03:00+00:00,2012-08-12 14:16:00+00:00,730|889
976,42911d00f964a520f5231fe3,645,59,3,2012-08-12 14:16:00+00:00,2012-08-12 15:15:00+00:00,730|1277|1494
977,42911d00f964a520f5231fe3,645,35,3,2012-08-12 15:12:00+00:00,2012-08-12 15:47:00+00:00,703|1277|1494
978,42911d00f964a520f5231fe3,645,32,2,2012-08-17 20:58:00+00:00,2012-08-17 21:30:00+00:00,82|1249
979,42911d00f964a520f5231fe3,645,32,2,2012-08-17 21:30:00+00:00,2012-08-17 22:02:00+00:00,82|553
980,42911d00f964a520f5231fe3,645,27,3,2012-08-18 14:04:00+00:00,2012-08-18 14:31:00+00:00,240|1141|1318
981,42911d00f964a520f5231fe3,645,11,2,2012-08-18 18:59:00+00:00,2012-08-18 19:10:00+00:00,587|908
982,42911d00f964a520f5231fe3,645,41,2,2012-09-05 21:17:00+00:00,2012-09-05 21:58:00+00:00,558|1327
983,42911d00f964a520f5231fe3,645,36,3,2012-09-14 21:03:00+00:00,2012-09-14 21:39:00+00:00,38|82|553
984,42911d00f964a520f5231fe3,645,59,2,2012-09-15 00:07:00+00:00,2012-09-15 01:06:00+00:00,1292|1651
985,42911d00f964a520f5231fe3,645,54,2,2012-10-08 21:05:00+00:00,2012-10-08 21:59:00+00:00,38|82
986,42911d00f964a520f5231fe3,645,16,2,2012-10-12 19:58:00+00:00,2012-10-12 20:14:00+00:00,553|1152
987,42911d00f964a520f5231fe3,645,56,2,2012-10-12 20:14:00+00:00,2012-10-12 21:10:00+00:00,553|568
988,42911d00f964a520f5231fe3,645,24,2,2012-10-12 21:10:00+00:00,2012-10-12 21:34:00+00:00,568|579
989,42911d00f964a520f5231fe3,645,7,2,2012-10-13 04:36:00+00:00,2012-10-13 04:43:00+00:00,280|553
990,42911d00f964a520f5231fe3,645,3,2,2012-10-17 13:20:00+00:00,2012-10-17 13:23:00+00:00,587|1144
991,42911d00f964a520f5231fe3,645,18,2,2012-10-23 00:03:00+00:00,2012-10-23 00:21:00+00:00,1020|1502
992,42911d00f964a520f5231fe3,645,36,2,2012-10-24 00:32:00+00:00,2012-10-24 01:08:00+00:00,38|1442
993,42911d00f964a520f5231fe3,645,10,2,2012-10-25 00:50:00+00:00,2012-10-25 01:00:00+00:00,289|1442
994,42911d00f964a520f5231fe3,645,14,2,2012-10-25 11:29:00+00:00,2012-10-25 11:43:00+00:00,558|1155
995,42911d00f964a520f5231fe3,645,56,3,2012-10-26 21:23:00+00:00,2012-10-26 22:19:00+00:00,480|571|1279
996,42911d00f964a520f5231fe3,645,60,2,2012-10-26 22:19:00+00:00,2012-10-26 23:19:00+00:00,480|1442
997,42911d00f964a520f5231fe3,645,10,2,2012-10-26 23:19:00+00:00,2012-10-26 23:29:00+00:00,1116|1442
998,42911d00f964a520f5231fe3,645,21,2,2012-10-27 20:36:00+00:00,2012-10-27 20:57:00+00:00,306|804
999,42911d00f964a520f5231fe3,645,15,2,2012-11-05 22:40:00+00:00,2012-11-05 22:55:00+00:00,82|1657
1000,42911d00f964a520f5231fe3,645,19,2,2012-11-06 17:22:00+00:00,2012-11-06 17:41:00+00:00,608|688
1001,42911d00f964a520f5231fe3,645,13,2,2012-11-17 14:42:00+00:00,2012-11-17 14:55:00+00:00,762|1129
1002,42911d00f964a520f5231fe3,645,43,2,2012-11-20 20:09:00+00:00,2012-11-20 20:52:00+00:00,865|1020
1003,42911d00f964a520f5231fe3,645,40,4,2012-11-21 20:18:00+00:00,2012-11-21 20:58:00+00:00,344|452|1031|1327
1004,42911d00f964a520f5231fe3,645,49,4,2012-11-21 20:36:00+00:00,2012-11-21 21:25:00+00:00,452|896|1327|1657
1005,42911d00f964a520f5231fe3,645,23,2,2012-11-21 22:40:00+00:00,2012-11-21 23:03:00+00:00,132|426
1006,42911d00f964a520f5231fe3,645,45,2,2012-11-22 10:50:00+00:00,2012-11-22 11:35:00+00:00,403|1556
1007,42911d00f964a520f5231fe3,645,25,2,2012-11-22 17:57:00+00:00,2012-11-22 18:22:00+00:00,908|944
1008,42911d00f964a520f5231fe3,645,60,2,2012-11-22 18:22:00+00:00,2012-11-22 19:22:00+00:00,908|1529
1009,42911d00f964a520f5231fe3,645,45,3,2012-12-05 23:46:00+00:00,2012-12-06 00:31:00+00:00,138|344|380
1010,42911d00f964a520f5231fe3,645,45,2,2012-12-10 23:28:00+00:00,2012-12-11 00:13:00+00:00,38|344
1011,42911d00f964a520f5231fe3,645,4,2,2012-12-13 00:11:00+00:00,2012-12-13 00:15:00+00:00,38|344
1012,42911d00f964a520f5231fe3,645,52,2,2012-12-15 23:12:00+00:00,2012-12-16 00:04:00+00:00,380|1073
1013,42911d00f964a520f5231fe3,645,21,2,2012-12-21 22:02:00+00:00,2012-12-21 22:23:00+00:00,344|980
1014,42911d00f964a520f5231fe3,645,38,2,2012-12-22 15:33:00+00:00,2012-12-22 16:11:00+00:00,411|927
1015,42911d00f964a520f5231fe3,645,54,2,2012-12-22 22:41:00+00:00,2012-12-22 23:35:00+00:00,19|1146
1016,42911d00f964a520f5231fe3,645,22,3,2012-12-28 18:21:00+00:00,2012-12-28 18:43:00+00:00,480|1043|1591
1017,42911d00f964a520f5231fe3,645,58,3,2012-12-28 18:27:00+00:00,2012-12-28 19:25:00+00:00,601|1043|1591
1018,42911d00f964a520f5231fe3,645,16,2,2012-12-29 15:37:00+00:00,2012-12-29 15:53:00+00:00,195|916
1019,42911d00f964a520f5231fe3,645,60,2,2013-01-16 22:32:00+00:00,2013-01-16 23:32:00+00:00,1092|1129
1020,42911d00f964a520f5231fe3,645,60,2,2013-01-18 11:59:00+00:00,2013-01-18 12:59:00+00:00,1092|1591
1021,42911d00f964a520f5231fe3,645,46,2,2013-01-21 21:58:00+00:00,2013-01-21 22:44:00+00:00,724|1591
1022,42911d00f964a520f5231fe3,645,51,2,2013-01-22 01:50:00+00:00,2013-01-22 02:41:00+00:00,553|1093
1023,42911d00f964a520f5231fe3,645,28,2,2013-01-30 22:38:00+00:00,2013-01-30 23:06:00+00:00,38|925
1024,42911d00f964a520f5231fe3,645,52,2,2013-02-01 23:11:00+00:00,2013-02-02 00:03:00+00:00,812|1610
1025,42911d00f964a520f5231fe3,645,54,2,2013-02-26 12:16:00+00:00,2013-02-26 13:10:00+00:00,48|203
1026,42911d00f964a520f5231fe3,645,60,3,2013-02-28 13:02:00+00:00,2013-02-28 14:02:00+00:00,203|214|344
1027,42911d00f964a520f5231fe3,645,53,2,2013-03-05 22:53:00+00:00,2013-03-05 23:46:00+00:00,367|537
1028,42911d00f964a520f5231fe3,645,53,2,2013-03-16 20:07:00+00:00,2013-03-16 21:00:00+00:00,287|1283
1029,42911d00f964a520f5231fe3,645,38,2,2013-03-18 12:10:00+00:00,2013-03-18 12:48:00+00:00,203|955
1030,42911d00f964a520f5231fe3,645,28,2,2013-03-19 12:10:00+00:00,2013-03-19 12:38:00+00:00,203|214
1031,42911d00f964a520f5231fe3,645,29,3,2013-03-22 12:10:00+00:00,2013-03-22 12:39:00+00:00,203|214|955
1032,42911d00f964a520f5231fe3,645,55,2,2013-03-28 22:24:00+00:00,2013-03-28 23:19:00+00:00,955|1237
1033,42911d00f964a520f5231fe3,645,43,2,2013-03-31 22:08:00+00:00,2013-03-31 22:51:00+00:00,608|1544
1034,42911d00f964a520f5231fe3,645,14,2,2013-04-02 12:11:00+00:00,2013-04-02 12:25:00+00:00,203|214
1035,42911d00f964a520f5231fe3,645,57,3,2013-04-03 12:10:00+00:00,2013-04-03 13:07:00+00:00,203|214|1544
1036,42911d00f964a520f5231fe3,645,50,4,2013-04-05 11:49:00+00:00,2013-04-05 12:39:00+00:00,203|214|382|955
1037,42911d00f964a520f5231fe3,645,10,2,2013-04-08 12:10:00+00:00,2013-04-08 12:20:00+00:00,203|214
1038,42911d00f964a520f5231fe3,645,30,2,2013-04-09 11:40:00+00:00,2013-04-09 12:10:00+00:00,194|203
1039,42911d00f964a520f5231fe3,645,22,2,2013-04-15 12:10:00+00:00,2013-04-15 12:32:00+00:00,203|214
1040,42911d00f964a520f5231fe3,645,19,2,2013-04-16 12:10:00+00:00,2013-04-16 12:29:00+00:00,203|214
1041,42911d00f964a520f5231fe3,645,18,3,2013-04-17 12:10:00+00:00,2013-04-17 12:28:00+00:00,203|214|382
1042,42911d00f964a520f5231fe3,645,18,2,2013-04-18 12:10:00+00:00,2013-04-18 12:28:00+00:00,203|214
1043,42911d00f964a520f5231fe3,645,47,2,2013-04-20 21:58:00+00:00,2013-04-20 22:45:00+00:00,287|1168
1044,42911d00f964a520f5231fe3,645,19,2,2013-04-22 12:10:00+00:00,2013-04-22 12:29:00+00:00,203|214
1045,42911d00f964a520f5231fe3,645,54,2,2013-04-23 11:16:00+00:00,2013-04-23 12:10:00+00:00,203|1230
1046,42911d00f964a520f5231fe3,645,16,2,2013-04-24 12:10:00+00:00,2013-04-24 12:26:00+00:00,203|214
1047,42911d00f964a520f5231fe3,645,23,2,2013-04-25 12:10:00+00:00,2013-04-25 12:33:00+00:00,203|214
1048,42911d00f964a520f5231fe3,645,5,2,2013-04-26 12:05:00+00:00,2013-04-26 12:10:00+00:00,203|382
1049,42911d00f964a520f5231fe3,645,32,3,2013-05-01 12:10:00+00:00,2013-05-01 12:42:00+00:00,203|382|955
1050,42911d00f964a520f5231fe3,645,36,3,2013-05-10 11:57:00+00:00,2013-05-10 12:33:00+00:00,214|485|955
1051,42911d00f964a520f5231fe3,645,60,2,2013-05-21 11:04:00+00:00,2013-05-21 12:04:00+00:00,955|1092
1052,42911d00f964a520f5231fe3,645,5,2,2013-05-22 19:40:00+00:00,2013-05-22 19:45:00+00:00,381|1092
1053,4297b480f964a52062241fe3,646,59,3,2012-05-15 22:18:00+00:00,2012-05-15 23:17:00+00:00,251|490|762
1054,4297b480f964a52062241fe3,646,30,4,2012-05-15 23:09:00+00:00,2012-05-15 23:39:00+00:00,251|490|602|1255
1055,4297b480f964a52062241fe3,646,26,3,2012-05-19 01:27:00+00:00,2012-05-19 01:53:00+00:00,444|1277|1570
1056,4297b480f964a52062241fe3,646,12,2,2012-05-19 17:51:00+00:00,2012-05-19 18:03:00+00:00,619|1140
1057,4297b480f964a52062241fe3,646,41,2,2012-06-17 01:49:00+00:00,2012-06-17 02:30:00+00:00,1063|1250
1058,4297b480f964a52062241fe3,646,50,2,2013-03-29 19:05:00+00:00,2013-03-29 19:55:00+00:00,343|1651
1059,42a63500f964a52002251fe3,650,53,4,2012-04-11 22:30:00+00:00,2012-04-11 23:23:00+00:00,316|318|548|1220
1060,42a78680f964a52015251fe3,651,40,2,2012-08-12 16:48:00+00:00,2012-08-12 17:28:00+00:00,1277|1570
1061,42af6f80f964a5205a251fe3,654,4,2,2013-03-28 22:19:00+00:00,2013-03-28 22:23:00+00:00,186|725
1062,42d1b680f964a5200b261fe3,657,47,2,2012-06-10 20:26:00+00:00,2012-06-10 21:13:00+00:00,235|912
1063,42d1b680f964a5200b261fe3,657,59,2,2012-09-15 22:53:00+00:00,2012-09-15 23:52:00+00:00,804|1287
1064,42e82000f964a52089261fe3,662,57,2,2012-05-09 22:22:00+00:00,2012-05-09 23:19:00+00:00,800|806
1065,42ec1480f964a5209e261fe3,663,27,2,2012-08-12 16:14:00+00:00,2012-08-12 16:41:00+00:00,1134|1143
1066,42f00900f964a520b9261fe3,664,38,2,2012-04-14 01:26:00+00:00,2012-04-14 02:04:00+00:00,11|1609
1067,42f15a80f964a520bc261fe3,666,53,2,2013-02-02 15:45:00+00:00,2013-02-02 16:38:00+00:00,721|1185
1068,42f15a80f964a520bc261fe3,666,20,2,2013-02-08 03:10:00+00:00,2013-02-08 03:30:00+00:00,1221|1415
1069,42f15a80f964a520bf261fe3,667,18,2,2012-04-27 21:50:00+00:00,2012-04-27 22:08:00+00:00,203|1288
1070,430d0a00f964a5203d271fe3,674,3,2,2013-05-05 23:47:00+00:00,2013-05-05 23:50:00+00:00,1291|1558
1071,430d0a00f964a5203e271fe3,675,8,2,2012-05-28 18:32:00+00:00,2012-05-28 18:40:00+00:00,323|487
1072,4320d080f964a52090271fe3,679,12,2,2012-08-10 04:23:00+00:00,2012-08-10 04:35:00+00:00,1200|1629
1073,43237380f964a520a6271fe3,683,14,2,2012-07-20 23:54:00+00:00,2012-07-21 00:08:00+00:00,449|989
1074,43237380f964a520a6271fe3,683,7,2,2013-03-10 00:41:00+00:00,2013-03-10 00:48:00+00:00,739|1309
1075,43276800f964a520bc271fe3,685,3,2,2012-04-19 02:42:00+00:00,2012-04-19 02:45:00+00:00,49|1431
1076,43582f80f964a520de281fe3,696,5,2,2012-04-14 04:38:00+00:00,2012-04-14 04:43:00+00:00,84|1305
1077,43582f80f964a520de281fe3,696,8,2,2012-05-28 00:09:00+00:00,2012-05-28 00:17:00+00:00,371|1522
1078,43695300f964a5208c291fe3,701,34,2,2012-04-26 13:41:00+00:00,2012-04-26 14:15:00+00:00,240|897
1079,436bf600f964a520ab291fe3,702,4,2,2012-05-08 23:13:00+00:00,2012-05-08 23:17:00+00:00,1327|1453
1080,436bf600f964a520ab291fe3,702,6,2,2012-05-25 23:11:00+00:00,2012-05-25 23:17:00+00:00,1206|1481
1081,436bf600f964a520b2291fe3,703,8,2,2012-12-19 19:33:00+00:00,2012-12-19 19:41:00+00:00,297|531
1082,436d4780f964a520bd291fe3,704,48,2,2013-02-19 14:51:00+00:00,2013-02-19 15:39:00+00:00,17|985
1083,436d4780f964a520bd291fe3,704,9,2,2013-05-23 13:45:00+00:00,2013-05-23 13:54:00+00:00,120|975
1084,436e9900f964a520dd291fe3,706,30,2,2012-05-18 22:20:00+00:00,2012-05-18 22:50:00+00:00,627|884
1085,43810e00f964a520e32a1fe3,711,14,2,2012-07-07 01:20:00+00:00,2012-07-07 01:34:00+00:00,1311|1435
1086,43850280f964a520fd2a1fe3,712,37,2,2012-04-14 00:00:00+00:00,2012-04-14 00:37:00+00:00,393|579
1087,438f7b59f964a520412b1fe3,715,58,2,2012-06-04 00:18:00+00:00,2012-06-04 01:16:00+00:00,809|1346
1088,438f7b59f964a520412b1fe3,715,2,2,2012-07-18 22:52:00+00:00,2012-07-18 22:54:00+00:00,762|1255
1089,438f7b59f964a520412b1fe3,715,44,2,2012-12-05 00:02:00+00:00,2012-12-05 00:46:00+00:00,762|1255
1090,438f7b59f964a520412b1fe3,715,3,2,2013-02-01 01:56:00+00:00,2013-02-01 01:59:00+00:00,762|1179
1091,43920486f964a520662b1fe3,717,18,2,2012-04-13 03:50:00+00:00,2012-04-13 04:08:00+00:00,286|1200
1092,43920486f964a520662b1fe3,717,36,2,2012-05-13 03:18:00+00:00,2012-05-13 03:54:00+00:00,1521|1568
1093,43920486f964a520662b1fe3,717,40,2,2012-05-26 04:43:00+00:00,2012-05-26 05:23:00+00:00,1245|1579
1094,43920486f964a520662b1fe3,717,14,2,2012-05-27 04:15:00+00:00,2012-05-27 04:29:00+00:00,1392|1629
1095,43920486f964a520662b1fe3,717,46,2,2012-08-12 03:47:00+00:00,2012-08-12 04:33:00+00:00,1467|1521
1096,439c437bf964a520f02b1fe3,726,18,2,2012-06-08 12:30:00+00:00,2012-06-08 12:48:00+00:00,580|1282
1097,439c437bf964a520f02b1fe3,726,11,2,2012-08-19 22:12:00+00:00,2012-08-19 22:23:00+00:00,1131|1591
1098,43a46529f964a520492c1fe3,732,12,2,2012-08-06 03:55:00+00:00,2012-08-06 04:07:00+00:00,0|1427
1099,43a48db8f964a5204d2c1fe3,733,7,2,2012-12-27 23:51:00+00:00,2012-12-27 23:58:00+00:00,156|1267
1100,43a52546f964a520532c1fe3,735,44,2,2012-04-03 23:07:00+00:00,2012-04-03 23:51:00+00:00,790|1131
1101,43a52546f964a520532c1fe3,735,17,2,2012-04-04 09:13:00+00:00,2012-04-04 09:30:00+00:00,144|883
1102,43a52546f964a520532c1fe3,735,5,2,2012-04-04 12:55:00+00:00,2012-04-04 13:00:00+00:00,276|399
1103,43a52546f964a520532c1fe3,735,44,2,2012-04-05 08:50:00+00:00,2012-04-05 09:34:00+00:00,134|654
1104,43a52546f964a520532c1fe3,735,40,2,2012-04-08 20:27:00+00:00,2012-04-08 21:07:00+00:00,740|960
1105,43a52546f964a520532c1fe3,735,50,2,2012-04-09 14:40:00+00:00,2012-04-09 15:30:00+00:00,976|1633
1106,43a52546f964a520532c1fe3,735,15,2,2012-04-09 16:46:00+00:00,2012-04-09 17:01:00+00:00,259|1054
1107,43a52546f964a520532c1fe3,735,1,2,2012-04-10 22:52:00+00:00,2012-04-10 22:53:00+00:00,330|685
1108,43a52546f964a520532c1fe3,735,31,2,2012-04-12 08:38:00+00:00,2012-04-12 09:09:00+00:00,1547|1572
1109,43a52546f964a520532c1fe3,735,47,2,2012-04-12 09:09:00+00:00,2012-04-12 09:56:00+00:00,925|1572
1110,43a52546f964a520532c1fe3,735,52,2,2012-04-12 09:56:00+00:00,2012-04-12 10:48:00+00:00,925|1532
1111,43a52546f964a520532c1fe3,735,50,2,2012-04-12 10:48:00+00:00,2012-04-12 11:38:00+00:00,1081|1532
1112,43a52546f964a520532c1fe3,735,38,2,2012-04-12 23:16:00+00:00,2012-04-12 23:54:00+00:00,193|1084
1113,43a52546f964a520532c1fe3,735,29,2,2012-04-13 09:29:00+00:00,2012-04-13 09:58:00+00:00,40|303
1114,43a52546f964a520532c1fe3,735,57,3,2012-04-13 09:58:00+00:00,2012-04-13 10:55:00+00:00,303|330|630
1115,43a52546f964a520532c1fe3,735,12,2,2012-04-13 20:08:00+00:00,2012-04-13 20:20:00+00:00,773|1104
1116,43a52546f964a520532c1fe3,735,17,2,2012-04-14 18:33:00+00:00,2012-04-14 18:50:00+00:00,883|1424
1117,43a52546f964a520532c1fe3,735,20,3,2012-04-14 23:36:00+00:00,2012-04-14 23:56:00+00:00,258|654|1178
1118,43a52546f964a520532c1fe3,735,21,2,2012-04-15 11:18:00+00:00,2012-04-15 11:39:00+00:00,385|1104
1119,43a52546f964a520532c1fe3,735,18,2,2012-04-16 21:47:00+00:00,2012-04-16 22:05:00+00:00,34|325
1120,43a52546f964a520532c1fe3,735,25,2,2012-04-17 08:59:00+00:00,2012-04-17 09:24:00+00:00,107|182
1121,43a52546f964a520532c1fe3,735,56,3,2012-04-17 09:24:00+00:00,2012-04-17 10:20:00+00:00,182|280|390
1122,43a52546f964a520532c1fe3,735,34,5,2012-04-17 10:17:00+00:00,2012-04-17 10:51:00+00:00,280|390|649|754|967
1123,43a52546f964a520532c1fe3,735,43,3,2012-04-19 09:06:00+00:00,2012-04-19 09:49:00+00:00,49|107|550
1124,43a52546f964a520532c1fe3,735,11,2,2012-04-19 11:57:00+00:00,2012-04-19 12:08:00+00:00,925|1255
1125,43a52546f964a520532c1fe3,735,59,2,2012-04-20 00:25:00+00:00,2012-04-20 01:24:00+00:00,390|754
1126,43a52546f964a520532c1fe3,735,40,2,2012-04-20 03:27:00+00:00,2012-04-20 04:07:00+00:00,261|1076
1127,43a52546f964a520532c1fe3,735,55,2,2012-04-20 08:55:00+00:00,2012-04-20 09:50:00+00:00,547|1114
1128,43a52546f964a520532c1fe3,735,57,2,2012-04-20 18:21:00+00:00,2012-04-20 19:18:00+00:00,196|642
1129,43a52546f964a520532c1fe3,735,53,2,2012-04-21 15:30:00+00:00,2012-04-21 16:23:00+00:00,583|1633
1130,43a52546f964a520532c1fe3,735,42,2,2012-04-22 14:18:00+00:00,2012-04-22 15:00:00+00:00,265|1088
1131,43a52546f964a520532c1fe3,735,30,2,2012-04-22 15:00:00+00:00,2012-04-22 15:30:00+00:00,265|1633
1132,43a52546f964a520532c1fe3,735,38,2,2012-04-22 19:14:00+00:00,2012-04-22 19:52:00+00:00,111|276
1133,43a52546f964a520532c1fe3,735,31,2,2012-04-22 19:52:00+00:00,2012-04-22 20:23:00+00:00,276|1620
1134,43a52546f964a520532c1fe3,735,56,2,2012-04-23 12:44:00+00:00,2012-04-23 13:40:00+00:00,1226|1285
1135,43a52546f964a520532c1fe3,735,54,4,2012-04-23 18:24:00+00:00,2012-04-23 19:18:00+00:00,123|347|601|649
1136,43a52546f964a520532c1fe3,735,43,2,2012-04-23 19:18:00+00:00,2012-04-23 20:01:00+00:00,601|1043
1137,43a52546f964a520532c1fe3,735,51,3,2012-04-24 15:07:00+00:00,2012-04-24 15:58:00+00:00,445|967|1633
1138,43a52546f964a520532c1fe3,735,35,2,2012-04-25 16:00:00+00:00,2012-04-25 16:35:00+00:00,34|295
1139,43a52546f964a520532c1fe3,735,34,2,2012-04-27 11:49:00+00:00,2012-04-27 12:23:00+00:00,507|633
1140,43a52546f964a520532c1fe3,735,12,2,2012-04-28 20:20:00+00:00,2012-04-28 20:32:00+00:00,53|1128
1141,43a52546f964a520532c1fe3,735,53,2,2012-04-29 18:59:00+00:00,2012-04-29 19:52:00+00:00,34|849
1142,43a52546f964a520532c1fe3,735,39,3,2012-05-03 09:03:00+00:00,2012-05-03 09:42:00+00:00,95|380|1268
1143,43a52546f964a520532c1fe3,735,4,2,2012-05-03 15:26:00+00:00,2012-05-03 15:30:00+00:00,250|1633
1144,43a52546f964a520532c1fe3,735,59,3,2012-05-03 21:14:00+00:00,2012-05-03 22:13:00+00:00,284|408|1247
1145,43a52546f964a520532c1fe3,735,60,2,2012-05-04 15:30:00+00:00,2012-05-04 16:30:00+00:00,1499|1633
1146,43a52546f964a520532c1fe3,735,9,3,2012-05-04 20:36:00+00:00,2012-05-04 20:45:00+00:00,97|1206|1506
1147,43a52546f964a520532c1fe3,735,25,2,2012-05-04 22:33:00+00:00,2012-05-04 22:58:00+00:00,502|1617
1148,43a52546f964a520532c1fe3,735,58,2,2012-05-04 22:58:00+00:00,2012-05-04 23:56:00+00:00,502|883
1149,43a52546f964a520532c1fe3,735,41,2,2012-05-05 09:01:00+00:00,2012-05-05 09:42:00+00:00,473|923
1150,43a52546f964a520532c1fe3,735,16,2,2012-05-07 09:29:00+00:00,2012-05-07 09:45:00+00:00,190|1485
1151,43a52546f964a520532c1fe3,735,53,2,2012-05-07 09:45:00+00:00,2012-05-07 10:38:00+00:00,190|390
1152,43a52546f964a520532c1fe3,735,22,3,2012-05-07 11:51:00+00:00,2012-05-07 12:13:00+00:00,608|642|1497
1153,43a52546f964a520532c1fe3,735,36,2,2012-05-07 18:12:00+00:00,2012-05-07 18:48:00+00:00,788|847
1154,43a52546f964a520532c1fe3,735,0,2,2012-05-08 23:52:00+00:00,2012-05-08 23:52:00+00:00,445|510
1155,43a52546f964a520532c1fe3,735,19,2,2012-05-09 02:35:00+00:00,2012-05-09 02:54:00+00:00,430|828
1156,43a52546f964a520532c1fe3,735,36,2,2012-05-11 20:13:00+00:00,2012-05-11 20:49:00+00:00,327|1141
1157,43a52546f964a520532c1fe3,735,43,2,2012-05-13 10:07:00+00:00,2012-05-13 10:50:00+00:00,952|1617
1158,43a52546f964a520532c1fe3,735,42,2,2012-05-13 10:50:00+00:00,2012-05-13 11:32:00+00:00,952|1393
1159,43a52546f964a520532c1fe3,735,54,3,2012-05-13 11:32:00+00:00,2012-05-13 12:26:00+00:00,967|1393|1414
1160,43a52546f964a520532c1fe3,735,13,2,2012-05-13 21:11:00+00:00,2012-05-13 21:24:00+00:00,239|1612
1161,43a52546f964a520532c1fe3,735,8,2,2012-05-14 11:02:00+00:00,2012-05-14 11:10:00+00:00,276|927
1162,43a52546f964a520532c1fe3,735,40,2,2012-05-17 21:04:00+00:00,2012-05-17 21:44:00+00:00,151|152
1163,43a52546f964a520532c1fe3,735,49,2,2012-05-18 11:11:00+00:00,2012-05-18 12:00:00+00:00,330|445
1164,43a52546f964a520532c1fe3,735,57,2,2012-05-19 09:40:00+00:00,2012-05-19 10:37:00+00:00,250|475
1165,43a52546f964a520532c1fe3,735,39,3,2012-05-21 09:57:00+00:00,2012-05-21 10:36:00+00:00,116|496|608
1166,43a52546f964a520532c1fe3,735,22,2,2012-05-21 21:15:00+00:00,2012-05-21 21:37:00+00:00,253|300
1167,43a52546f964a520532c1fe3,735,33,2,2012-05-22 10:20:00+00:00,2012-05-22 10:53:00+00:00,247|990
1168,43a52546f964a520532c1fe3,735,58,3,2012-05-22 10:53:00+00:00,2012-05-22 11:51:00+00:00,73|793|990
1169,43a52546f964a520532c1fe3,735,30,3,2012-05-22 11:42:00+00:00,2012-05-22 12:12:00+00:00,73|152|793
1170,43a52546f964a520532c1fe3,735,49,2,2012-05-24 00:20:00+00:00,2012-05-24 01:09:00+00:00,249|1442
1171,43a52546f964a520532c1fe3,735,42,3,2012-05-25 09:30:00+00:00,2012-05-25 10:12:00+00:00,879|1277|1570
1172,43a52546f964a520532c1fe3,735,51,2,2012-05-25 22:55:00+00:00,2012-05-25 23:46:00+00:00,800|990
1173,43a52546f964a520532c1fe3,735,10,2,2012-05-27 15:20:00+00:00,2012-05-27 15:30:00+00:00,216|1633
1174,43a52546f964a520532c1fe3,735,34,2,2012-05-28 15:30:00+00:00,2012-05-28 16:04:00+00:00,1564|1633
1175,43a52546f964a520532c1fe3,735,41,2,2012-05-28 16:04:00+00:00,2012-05-28 16:45:00+00:00,216|1564
1176,43a52546f964a520532c1fe3,735,28,3,2012-05-29 20:51:00+00:00,2012-05-29 21:19:00+00:00,116|309|1346
1177,43a52546f964a520532c1fe3,735,7,2,2012-05-29 23:20:00+00:00,2012-05-29 23:27:00+00:00,1277|1570
1178,43a52546f964a520532c1fe3,735,3,2,2012-05-30 03:25:00+00:00,2012-05-30 03:28:00+00:00,800|1172
1179,43a52546f964a520532c1fe3,735,34,2,2012-05-30 05:05:00+00:00,2012-05-30 05:39:00+00:00,839|1357
1180,43a52546f964a520532c1fe3,735,42,2,2012-05-31 14:48:00+00:00,2012-05-31 15:30:00+00:00,1524|1633
1181,43a52546f964a520532c1fe3,735,59,2,2012-05-31 16:57:00+00:00,2012-05-31 17:56:00+00:00,1075|1279
1182,43a52546f964a520532c1fe3,735,51,2,2012-05-31 20:08:00+00:00,2012-05-31 20:59:00+00:00,186|1075
1183,43a52546f964a520532c1fe3,735,39,2,2012-06-01 10:35:00+00:00,2012-06-01 11:14:00+00:00,520|530
1184,43a52546f964a520532c1fe3,735,30,3,2012-06-03 09:58:00+00:00,2012-06-03 10:28:00+00:00,301|1279|1620
1185,43a52546f964a520532c1fe3,735,59,2,2012-06-03 20:26:00+00:00,2012-06-03 21:25:00+00:00,276|1635
1186,43a52546f964a520532c1fe3,735,47,3,2012-06-04 10:58:00+00:00,2012-06-04 11:45:00+00:00,116|259|1004
1187,43a52546f964a520532c1fe3,735,28,2,2012-06-04 11:45:00+00:00,2012-06-04 12:13:00+00:00,116|1081
1188,43a52546f964a520532c1fe3,735,33,2,2012-06-04 21:54:00+00:00,2012-06-04 22:27:00+00:00,678|1196
1189,43a52546f964a520532c1fe3,735,43,2,2012-06-06 09:30:00+00:00,2012-06-06 10:13:00+00:00,595|942
1190,43a52546f964a520532c1fe3,735,15,2,2012-06-07 08:30:00+00:00,2012-06-07 08:45:00+00:00,567|1619
1191,43a52546f964a520532c1fe3,735,11,2,2012-06-07 11:17:00+00:00,2012-06-07 11:28:00+00:00,226|1159
1192,43a52546f964a520532c1fe3,735,57,2,2012-06-07 11:28:00+00:00,2012-06-07 12:25:00+00:00,186|1159
1193,43a52546f964a520532c1fe3,735,19,2,2012-06-07 17:26:00+00:00,2012-06-07 17:45:00+00:00,259|1488
1194,43a52546f964a520532c1fe3,735,29,2,2012-06-08 00:23:00+00:00,2012-06-08 00:52:00+00:00,301|806
1195,43a52546f964a520532c1fe3,735,51,3,2012-06-08 15:54:00+00:00,2012-06-08 16:45:00+00:00,100|104|1538
1196,43a52546f964a520532c1fe3,735,56,3,2012-06-08 18:41:00+00:00,2012-06-08 19:37:00+00:00,46|632|1539
1197,43a52546f964a520532c1fe3,735,38,3,2012-06-08 19:20:00+00:00,2012-06-08 19:58:00+00:00,46|1539|1617
1198,43a52546f964a520532c1fe3,735,51,2,2012-06-09 23:31:00+00:00,2012-06-10 00:22:00+00:00,445|1338
1199,43a52546f964a520532c1fe3,735,17,2,2012-06-11 09:44:00+00:00,2012-06-11 10:01:00+00:00,6|595
1200,43a52546f964a520532c1fe3,735,30,2,2012-06-13 15:30:00+00:00,2012-06-13 16:00:00+00:00,195|1633
1201,43a52546f964a520532c1fe3,735,35,3,2012-06-13 21:39:00+00:00,2012-06-13 22:14:00+00:00,17|649|1524
1202,43a52546f964a520532c1fe3,735,6,2,2012-06-14 00:54:00+00:00,2012-06-14 01:00:00+00:00,97|308
1203,43a52546f964a520532c1fe3,735,8,2,2012-06-16 23:31:00+00:00,2012-06-16 23:39:00+00:00,627|1620
1204,43a52546f964a520532c1fe3,735,35,2,2012-06-17 17:35:00+00:00,2012-06-17 18:10:00+00:00,47|1016
1205,43a52546f964a520532c1fe3,735,47,3,2012-06-25 10:17:00+00:00,2012-06-25 11:04:00+00:00,135|313|362
1206,43a52546f964a520532c1fe3,735,56,2,2012-06-27 09:14:00+00:00,2012-06-27 10:10:00+00:00,729|1556
1207,43a52546f964a520532c1fe3,735,16,2,2012-06-30 21:55:00+00:00,2012-06-30 22:11:00+00:00,279|1088
1208,43a52546f964a520532c1fe3,735,32,2,2012-07-02 10:25:00+00:00,2012-07-02 10:57:00+00:00,1348|1556
1209,43a52546f964a520532c1fe3,735,51,2,2012-07-06 13:06:00+00:00,2012-07-06 13:57:00+00:00,642|652
1210,43a52546f964a520532c1fe3,735,47,2,2012-07-08 18:43:00+00:00,2012-07-08 19:30:00+00:00,156|465
1211,43a52546f964a520532c1fe3,735,20,2,2012-07-09 15:10:00+00:00,2012-07-09 15:30:00+00:00,951|1633
1212,43a52546f964a520532c1fe3,735,25,2,2012-07-09 18:57:00+00:00,2012-07-09 19:22:00+00:00,872|999
1213,43a52546f964a520532c1fe3,735,55,2,2012-07-13 22:53:00+00:00,2012-07-13 23:48:00+00:00,364|1488
1214,43a52546f964a520532c1fe3,735,13,2,2012-07-15 09:36:00+00:00,2012-07-15 09:49:00+00:00,430|624
1215,43a52546f964a520532c1fe3,735,47,2,2012-07-15 23:50:00+00:00,2012-07-16 00:37:00+00:00,239|280
1216,43a52546f964a520532c1fe3,735,56,3,2012-07-16 00:37:00+00:00,2012-07-16 01:33:00+00:00,15|34|239
1217,43a52546f964a520532c1fe3,735,16,2,2012-07-22 12:04:00+00:00,2012-07-22 12:20:00+00:00,209|1143
1218,43a52546f964a520532c1fe3,735,28,2,2012-07-30 02:21:00+00:00,2012-07-30 02:49:00+00:00,34|196
1219,43a52546f964a520532c1fe3,735,27,2,2012-07-30 08:48:00+00:00,2012-07-30 09:15:00+00:00,933|1647
1220,43a52546f964a520532c1fe3,735,6,2,2012-07-30 11:44:00+00:00,2012-07-30 11:50:00+00:00,209|369
1221,43a52546f964a520532c1fe3,735,13,2,2012-08-05 18:17:00+00:00,2012-08-05 18:30:00+00:00,1200|1424
1222,43a52546f964a520532c1fe3,735,16,2,2012-08-09 10:47:00+00:00,2012-08-09 11:03:00+00:00,291|1031
1223,43a52546f964a520532c1fe3,735,33,2,2012-08-11 19:54:00+00:00,2012-08-11 20:27:00+00:00,44|991
1224,43a52546f964a520532c1fe3,735,51,2,2012-08-14 03:59:00+00:00,2012-08-14 04:50:00+00:00,697|1249
1225,43a52546f964a520532c1fe3,735,23,2,2012-08-14 15:07:00+00:00,2012-08-14 15:30:00+00:00,1602|1633
1226,43a52546f964a520532c1fe3,735,32,3,2012-08-16 18:49:00+00:00,2012-08-16 19:21:00+00:00,445|674|903
1227,43a52546f964a520532c1fe3,735,21,2,2012-08-18 18:11:00+00:00,2012-08-18 18:32:00+00:00,1147|1591
1228,43a52546f964a520532c1fe3,735,39,3,2012-09-13 14:51:00+00:00,2012-09-13 15:30:00+00:00,1133|1633|1644
1229,43a52546f964a520532c1fe3,735,49,3,2012-09-13 15:13:00+00:00,2012-09-13 16:02:00+00:00,182|1133|1633
1230,43a52546f964a520532c1fe3,735,45,2,2012-09-15 07:45:00+00:00,2012-09-15 08:30:00+00:00,254|765
1231,43a52546f964a520532c1fe3,735,33,2,2012-10-08 08:51:00+00:00,2012-10-08 09:24:00+00:00,649|1546
1232,43a52546f964a520532c1fe3,735,15,2,2012-10-12 08:35:00+00:00,2012-10-12 08:50:00+00:00,530|650
1233,43a52546f964a520532c1fe3,735,45,2,2012-10-12 11:16:00+00:00,2012-10-12 12:01:00+00:00,369|734
1234,43a52546f964a520532c1fe3,735,2,2,2012-10-13 11:08:00+00:00,2012-10-13 11:10:00+00:00,4|1104
1235,43a52546f964a520532c1fe3,735,8,2,2012-10-16 10:13:00+00:00,2012-10-16 10:21:00+00:00,21|447
1236,43a52546f964a520532c1fe3,735,10,2,2012-10-18 19:34:00+00:00,2012-10-18 19:44:00+00:00,4|445
1237,43a52546f964a520532c1fe3,735,50,2,2012-10-22 09:59:00+00:00,2012-10-22 10:49:00+00:00,649|1424
1238,43a52546f964a520532c1fe3,735,49,2,2012-10-23 09:39:00+00:00,2012-10-23 10:28:00+00:00,650|682
1239,43a52546f964a520532c1fe3,735,48,2,2012-10-23 10:28:00+00:00,2012-10-23 11:16:00+00:00,151|682
1240,43a52546f964a520532c1fe3,735,8,2,2012-10-26 18:31:00+00:00,2012-10-26 18:39:00+00:00,916|1633
1241,43a52546f964a520532c1fe3,735,38,2,2012-10-27 19:23:00+00:00,2012-10-27 20:01:00+00:00,49|1480
1242,43a52546f964a520532c1fe3,735,44,2,2012-10-28 09:49:00+00:00,2012-10-28 10:33:00+00:00,128|459
1243,43a52546f964a520532c1fe3,735,31,2,2012-10-28 10:33:00+00:00,2012-10-28 11:04:00+00:00,459|1488
1244,43a52546f964a520532c1fe3,735,21,2,2012-11-01 11:06:00+00:00,2012-11-01 11:27:00+00:00,48|323
1245,43a52546f964a520532c1fe3,735,18,2,2012-11-06 16:30:00+00:00,2012-11-06 16:48:00+00:00,828|1633
1246,43a52546f964a520532c1fe3,735,56,3,2012-11-06 22:52:00+00:00,2012-11-06 23:48:00+00:00,196|689|911
1247,43a52546f964a520532c1fe3,735,46,2,2012-11-09 10:31:00+00:00,2012-11-09 11:17:00+00:00,510|844
1248,43a52546f964a520532c1fe3,735,53,2,2012-11-12 11:07:00+00:00,2012-11-12 12:00:00+00:00,117|883
1249,43a52546f964a520532c1fe3,735,46,2,2012-11-12 14:32:00+00:00,2012-11-12 15:18:00+00:00,510|1110
1250,43a52546f964a520532c1fe3,735,53,3,2012-11-13 12:01:00+00:00,2012-11-13 12:54:00+00:00,5|67|602
1251,43a52546f964a520532c1fe3,735,8,2,2012-11-14 16:30:00+00:00,2012-11-14 16:38:00+00:00,67|1633
1252,43a52546f964a520532c1fe3,735,60,2,2012-11-15 23:03:00+00:00,2012-11-16 00:03:00+00:00,4|1165
1253,43a52546f964a520532c1fe3,735,57,2,2012-11-17 03:56:00+00:00,2012-11-17 04:53:00+00:00,300|1155
1254,43a52546f964a520532c1fe3,735,8,2,2012-11-17 20:29:00+00:00,2012-11-17 20:37:00+00:00,44|1209
1255,43a52546f964a520532c1fe3,735,40,2,2012-11-19 21:52:00+00:00,2012-11-19 22:32:00+00:00,186|564
1256,43a52546f964a520532c1fe3,735,7,2,2012-11-21 21:25:00+00:00,2012-11-21 21:32:00+00:00,134|294
1257,43a52546f964a520532c1fe3,735,2,2,2012-11-22 12:03:00+00:00,2012-11-22 12:05:00+00:00,161|704
1258,43a52546f964a520532c1fe3,735,47,2,2012-11-25 16:30:00+00:00,2012-11-25 17:17:00+00:00,76|1633
1259,43a52546f964a520532c1fe3,735,12,2,2012-11-30 23:09:00+00:00,2012-11-30 23:21:00+00:00,0|245
1260,43a52546f964a520532c1fe3,735,10,2,2012-12-03 10:41:00+00:00,2012-12-03 10:51:00+00:00,479|589
1261,43a52546f964a520532c1fe3,735,39,2,2012-12-04 12:01:00+00:00,2012-12-04 12:40:00+00:00,430|1222
1262,43a52546f964a520532c1fe3,735,10,2,2012-12-04 21:18:00+00:00,2012-12-04 21:28:00+00:00,41|1533
1263,43a52546f964a520532c1fe3,735,17,2,2012-12-05 10:38:00+00:00,2012-12-05 10:55:00+00:00,312|739
1264,43a52546f964a520532c1fe3,735,34,2,2012-12-06 10:24:00+00:00,2012-12-06 10:58:00+00:00,197|294
1265,43a52546f964a520532c1fe3,735,13,2,2012-12-11 14:02:00+00:00,2012-12-11 14:15:00+00:00,0|98
1266,43a52546f964a520532c1fe3,735,29,2,2012-12-16 20:25:00+00:00,2012-12-16 20:54:00+00:00,67|1544
1267,43a52546f964a520532c1fe3,735,30,2,2012-12-18 10:42:00+00:00,2012-12-18 11:12:00+00:00,181|849
1268,43a52546f964a520532c1fe3,735,46,2,2012-12-19 10:55:00+00:00,2012-12-19 11:41:00+00:00,1434|1602
1269,43a52546f964a520532c1fe3,735,56,2,2012-12-19 16:30:00+00:00,2012-12-19 17:26:00+00:00,872|1633
1270,43a52546f964a520532c1fe3,735,28,2,2012-12-22 20:08:00+00:00,2012-12-22 20:36:00+00:00,293|1002
1271,43a52546f964a520532c1fe3,735,53,2,2012-12-23 14:46:00+00:00,2012-12-23 15:39:00+00:00,198|723
1272,43a52546f964a520532c1fe3,735,14,2,2012-12-27 13:28:00+00:00,2012-12-27 13:42:00+00:00,186|711
1273,43a52546f964a520532c1fe3,735,12,2,2012-12-29 00:41:00+00:00,2012-12-29 00:53:00+00:00,198|390
1274,43a52546f964a520532c1fe3,735,42,2,2013-01-02 20:45:00+00:00,2013-01-02 21:27:00+00:00,987|1292
1275,43a52546f964a520532c1fe3,735,27,2,2013-01-10 02:42:00+00:00,2013-01-10 03:09:00+00:00,240|796
1276,43a52546f964a520532c1fe3,735,15,2,2013-01-12 03:52:00+00:00,2013-01-12 04:07:00+00:00,88|223
1277,43a52546f964a520532c1fe3,735,59,3,2013-01-17 12:47:00+00:00,2013-01-17 13:46:00+00:00,107|587|1105
1278,43a52546f964a520532c1fe3,735,11,2,2013-01-17 21:44:00+00:00,2013-01-17 21:55:00+00:00,321|1001
1279,43a52546f964a520532c1fe3,735,42,2,2013-01-18 18:06:00+00:00,2013-01-18 18:48:00+00:00,638|1630
1280,43a52546f964a520532c1fe3,735,54,2,2013-01-22 10:04:00+00:00,2013-01-22 10:58:00+00:00,321|424
1281,43a52546f964a520532c1fe3,735,49,2,2013-01-25 19:05:00+00:00,2013-01-25 19:54:00+00:00,142|1488
1282,43a52546f964a520532c1fe3,735,29,2,2013-01-25 22:02:00+00:00,2013-01-25 22:31:00+00:00,561|754
1283,43a52546f964a520532c1fe3,735,4,2,2013-02-03 16:26:00+00:00,2013-02-03 16:30:00+00:00,28|1633
1284,43a52546f964a520532c1fe3,735,49,2,2013-02-07 11:59:00+00:00,2013-02-07 12:48:00+00:00,189|874
1285,43a52546f964a520532c1fe3,735,27,2,2013-02-07 22:49:00+00:00,2013-02-07 23:16:00+00:00,1036|1168
1286,43a52546f964a520532c1fe3,735,22,2,2013-02-08 12:39:00+00:00,2013-02-08 13:01:00+00:00,54|1444
1287,43a52546f964a520532c1fe3,735,17,2,2013-02-11 12:33:00+00:00,2013-02-11 12:50:00+00:00,561|952
1288,43a52546f964a520532c1fe3,735,48,3,2013-02-11 22:55:00+00:00,2013-02-11 23:43:00+00:00,92|196|1444
1289,43a52546f964a520532c1fe3,735,37,2,2013-02-12 16:30:00+00:00,2013-02-12 17:07:00+00:00,28|1633
1290,43a52546f964a520532c1fe3,735,19,2,2013-02-13 12:16:00+00:00,2013-02-13 12:35:00+00:00,40|249
1291,43a52546f964a520532c1fe3,735,16,2,2013-02-14 02:30:00+00:00,2013-02-14 02:46:00+00:00,347|1036
1292,43a52546f964a520532c1fe3,735,51,2,2013-02-16 11:51:00+00:00,2013-02-16 12:42:00+00:00,117|1488
1293,43a52546f964a520532c1fe3,735,34,2,2013-02-16 12:42:00+00:00,2013-02-16 13:16:00+00:00,117|670
1294,43a52546f964a520532c1fe3,735,24,2,2013-02-19 00:55:00+00:00,2013-02-19 01:19:00+00:00,274|539
1295,43a52546f964a520532c1fe3,735,4,2,2013-02-25 11:05:00+00:00,2013-02-25 11:09:00+00:00,117|176
1296,43a52546f964a520532c1fe3,735,12,2,2013-02-25 16:18:00+00:00,2013-02-25 16:30:00+00:00,5|1633
1297,43a52546f964a520532c1fe3,735,17,2,2013-03-05 16:13:00+00:00,2013-03-05 16:30:00+00:00,287|1633
1298,43a52546f964a520532c1fe3,735,40,2,2013-03-07 19:49:00+00:00,2013-03-07 20:29:00+00:00,312|1110
1299,43a52546f964a520532c1fe3,735,52,2,2013-03-07 20:29:00+00:00,2013-03-07 21:21:00+00:00,140|312
1300,43a52546f964a520532c1fe3,735,28,3,2013-03-14 04:31:00+00:00,2013-03-14 04:59:00+00:00,209|512|687
1301,43a52546f964a520532c1fe3,735,46,2,2013-03-14 14:44:00+00:00,2013-03-14 15:30:00+00:00,293|1633
1302,43a52546f964a520532c1fe3,735,25,2,2013-03-26 09:30:00+00:00,2013-03-26 09:55:00+00:00,455|608
1303,43a52546f964a520532c1fe3,735,49,2,2013-04-12 08:31:00+00:00,2013-04-12 09:20:00+00:00,1165|1480
1304,43a52546f964a520532c1fe3,735,55,2,2013-04-12 09:20:00+00:00,2013-04-12 10:15:00+00:00,107|1480
1305,43a72ba0f964a520672c1fe3,736,3,2,2012-04-22 19:38:00+00:00,2012-04-22 19:41:00+00:00,0|1573
1306,43a72ba0f964a520672c1fe3,736,32,2,2012-05-04 02:22:00+00:00,2012-05-04 02:54:00+00:00,37|1059
1307,43a72ba0f964a520672c1fe3,736,54,2,2012-05-04 02:54:00+00:00,2012-05-04 03:48:00+00:00,328|1059
1308,43a72ba0f964a520672c1fe3,736,52,3,2012-05-04 22:37:00+00:00,2012-05-04 23:29:00+00:00,807|894|1367
1309,43a72ba0f964a520672c1fe3,736,57,2,2012-05-05 01:19:00+00:00,2012-05-05 02:16:00+00:00,980|1623
1310,43a72ba0f964a520672c1fe3,736,15,4,2012-05-07 00:53:00+00:00,2012-05-07 01:08:00+00:00,47|56|255|556
1311,43a72ba0f964a520672c1fe3,736,6,2,2012-05-11 22:13:00+00:00,2012-05-11 22:19:00+00:00,267|964
1312,43a72ba0f964a520672c1fe3,736,50,2,2012-05-17 22:28:00+00:00,2012-05-17 23:18:00+00:00,219|1213
1313,43a72ba0f964a520672c1fe3,736,57,2,2012-05-27 00:03:00+00:00,2012-05-27 01:00:00+00:00,128|192
1314,43a72ba0f964a520672c1fe3,736,21,2,2012-05-27 01:00:00+00:00,2012-05-27 01:21:00+00:00,99|192
1315,43a72ba0f964a520672c1fe3,736,45,2,2012-06-03 01:18:00+00:00,2012-06-03 02:03:00+00:00,39|754
1316,43a72ba0f964a520672c1fe3,736,50,2,2012-07-04 17:11:00+00:00,2012-07-04 18:01:00+00:00,452|1335
1317,43a72ba0f964a520672c1fe3,736,13,2,2012-07-05 19:40:00+00:00,2012-07-05 19:53:00+00:00,391|889
1318,43a72ba0f964a520672c1fe3,736,44,2,2012-07-15 20:58:00+00:00,2012-07-15 21:42:00+00:00,292|889
1319,43a72ba0f964a520672c1fe3,736,45,2,2012-07-21 22:03:00+00:00,2012-07-21 22:48:00+00:00,1140|1623
1320,43a72ba0f964a520672c1fe3,736,19,2,2012-07-21 22:48:00+00:00,2012-07-21 23:07:00+00:00,77|1140
1321,43a72ba0f964a520672c1fe3,736,31,5,2012-08-16 23:28:00+00:00,2012-08-16 23:59:00+00:00,33|99|340|989|1484
1322,43a72ba0f964a520672c1fe3,736,29,3,2012-10-25 23:24:00+00:00,2012-10-25 23:53:00+00:00,33|99|366
1323,43a72ba0f964a520672c1fe3,736,25,2,2012-11-09 23:52:00+00:00,2012-11-10 00:17:00+00:00,804|1031
1324,43a72ba0f964a520672c1fe3,736,53,2,2012-11-17 21:52:00+00:00,2012-11-17 22:45:00+00:00,603|1212
1325,43a72ba0f964a520672c1fe3,736,46,2,2012-11-18 00:10:00+00:00,2012-11-18 00:56:00+00:00,946|1140
1326,43a72ba0f964a520672c1fe3,736,39,3,2012-11-24 22:23:00+00:00,2012-11-24 23:02:00+00:00,40|86|621
1327,43a72ba0f964a520672c1fe3,736,60,2,2012-12-01 19:48:00+00:00,2012-12-01 20:48:00+00:00,889|1081
1328,43a72ba0f964a520672c1fe3,736,19,2,2012-12-01 22:26:00+00:00,2012-12-01 22:45:00+00:00,460|1547
1329,43a72ba0f964a520672c1fe3,736,42,2,2012-12-28 21:02:00+00:00,2012-12-28 21:44:00+00:00,351|1285
1330,43a72ba0f964a520672c1fe3,736,14,2,2013-01-02 03:13:00+00:00,2013-01-02 03:27:00+00:00,569|1033
1331,43a72ba0f964a520672c1fe3,736,41,2,2013-01-12 00:03:00+00:00,2013-01-12 00:44:00+00:00,691|699
1332,43a72ba0f964a520672c1fe3,736,4,2,2013-02-01 00:06:00+00:00,2013-02-01 00:10:00+00:00,366|1126
1333,43b28929f964a520a42c1fe3,739,7,2,2012-05-15 23:59:00+00:00,2012-05-16 00:06:00+00:00,1327|1453
1334,43bba61df964a520eb2c1fe3,741,11,2,2012-04-08 20:55:00+00:00,2012-04-08 21:06:00+00:00,519|1274
1335,43bba61df964a520eb2c1fe3,741,40,2,2012-04-15 21:19:00+00:00,2012-04-15 21:59:00+00:00,52|1584
1336,43bba61df964a520eb2c1fe3,741,3,2,2012-04-22 17:19:00+00:00,2012-04-22 17:22:00+00:00,584|1023
1337,43bba61df964a520eb2c1fe3,741,5,2,2012-07-03 22:02:00+00:00,2012-07-03 22:07:00+00:00,1036|1079
1338,43bba61df964a520eb2c1fe3,741,16,2,2012-08-05 19:56:00+00:00,2012-08-05 20:12:00+00:00,343|1174
1339,43c350eaf964a520502d1fe3,748,35,2,2012-12-29 19:46:00+00:00,2012-12-29 20:21:00+00:00,318|321
1340,43c922c9f964a520972d1fe3,753,42,3,2012-04-20 00:21:00+00:00,2012-04-20 01:03:00+00:00,521|581|1429
1341,43cb5586f964a520b92d1fe3,754,30,2,2012-05-12 17:59:00+00:00,2012-05-12 18:29:00+00:00,650|776
1342,43cb5586f964a520b92d1fe3,754,18,2,2012-05-27 18:04:00+00:00,2012-05-27 18:22:00+00:00,1341|1481
1343,43cb5586f964a520b92d1fe3,754,29,2,2012-07-29 18:03:00+00:00,2012-07-29 18:32:00+00:00,145|385
1344,43cb5586f964a520b92d1fe3,754,17,2,2013-01-01 19:10:00+00:00,2013-01-01 19:27:00+00:00,1099|1610
1345,43d3a659f964a520212e1fe3,756,7,2,2012-10-24 00:12:00+00:00,2012-10-24 00:19:00+00:00,99|455
1346,43d9af53f964a520702e1fe3,761,52,2,2012-05-26 01:57:00+00:00,2012-05-26 02:49:00+00:00,1291|1623
1347,43df8ad6f964a520b92e1fe3,764,14,3,2012-04-28 15:12:00+00:00,2012-04-28 15:26:00+00:00,210|334|694
1348,43df8ad6f964a520b92e1fe3,764,19,3,2012-04-29 02:46:00+00:00,2012-04-29 03:05:00+00:00,210|694|805
1349,43df8ad6f964a520b92e1fe3,764,22,2,2012-04-29 16:32:00+00:00,2012-04-29 16:54:00+00:00,210|1154
1350,43df8ad6f964a520b92e1fe3,764,5,2,2012-08-11 00:34:00+00:00,2012-08-11 00:39:00+00:00,621|1606
1351,43ed7e9ef964a5204e2f1fe3,772,13,2,2012-06-20 21:55:00+00:00,2012-06-20 22:08:00+00:00,115|433
1352,43ed7e9ef964a5204e2f1fe3,772,56,2,2012-06-20 22:08:00+00:00,2012-06-20 23:04:00+00:00,433|461
1353,43f5aaebf964a520a22f1fe3,774,15,2,2012-05-07 03:29:00+00:00,2012-05-07 03:44:00+00:00,846|1585
1354,43fe1ba4f964a520f82f1fe3,778,40,3,2012-04-08 19:28:00+00:00,2012-04-08 20:08:00+00:00,519|1067|1429
1355,43fe1ba4f964a520f82f1fe3,778,47,2,2012-04-22 17:35:00+00:00,2012-04-22 18:22:00+00:00,336|1186
1356,43fe1ba4f964a520f82f1fe3,778,34,2,2012-11-06 17:18:00+00:00,2012-11-06 17:52:00+00:00,480|1284
1357,43fe1ba4f964a520f82f1fe3,778,40,2,2012-12-10 22:21:00+00:00,2012-12-10 23:01:00+00:00,171|1140
1358,440754f8f964a5204d301fe3,780,20,2,2012-05-24 00:13:00+00:00,2012-05-24 00:33:00+00:00,253|461
1359,440bdf9cf964a52079301fe3,781,8,2,2012-04-14 00:06:00+00:00,2012-04-14 00:14:00+00:00,113|285
1360,440d6b93f964a5208b301fe3,782,0,2,2012-05-24 00:48:00+00:00,2012-05-24 00:48:00+00:00,1327|1453
1361,441a8599f964a52036311fe3,791,3,2,2012-04-28 22:13:00+00:00,2012-04-28 22:16:00+00:00,1296|1455
1362,441a8599f964a52036311fe3,791,13,2,2012-07-10 21:59:00+00:00,2012-07-10 22:12:00+00:00,872|891
1363,4427bd00f964a520b6311fe3,793,0,2,2012-06-08 21:59:00+00:00,2012-06-08 21:59:00+00:00,950|1340
1364,44327819f964a520f2311fe3,796,24,2,2012-07-29 02:13:00+00:00,2012-07-29 02:37:00+00:00,807|847
1365,44510be3f964a520a0321fe3,799,9,2,2012-04-20 01:05:00+00:00,2012-04-20 01:14:00+00:00,37|840
1366,44510be3f964a520a0321fe3,799,36,2,2012-05-25 22:58:00+00:00,2012-05-25 23:34:00+00:00,1234|1249
1367,4459d2f1f964a520d7321fe3,801,50,3,2012-04-12 20:13:00+00:00,2012-04-12 21:03:00+00:00,151|448|1048
1368,4459d2f1f964a520d7321fe3,801,18,2,2012-04-13 20:25:00+00:00,2012-04-13 20:43:00+00:00,330|529
1369,4459d2f1f964a520d7321fe3,801,38,2,2012-04-14 19:02:00+00:00,2012-04-14 19:40:00+00:00,562|696
1370,4459d2f1f964a520d7321fe3,801,5,2,2012-04-16 17:14:00+00:00,2012-04-16 17:19:00+00:00,151|448
1371,4459d2f1f964a520d7321fe3,801,41,3,2012-04-22 21:25:00+00:00,2012-04-22 22:06:00+00:00,489|1100|1517
1372,4459d2f1f964a520d7321fe3,801,48,2,2012-04-23 12:50:00+00:00,2012-04-23 13:38:00+00:00,540|1048
1373,4459d2f1f964a520d7321fe3,801,35,2,2012-04-23 23:14:00+00:00,2012-04-23 23:49:00+00:00,706|1208
1374,4459d2f1f964a520d7321fe3,801,47,2,2012-04-24 03:14:00+00:00,2012-04-24 04:01:00+00:00,122|996
1375,4459d2f1f964a520d7321fe3,801,28,3,2012-04-24 10:46:00+00:00,2012-04-24 11:14:00+00:00,348|360|548
1376,4459d2f1f964a520d7321fe3,801,23,2,2012-04-25 22:38:00+00:00,2012-04-25 23:01:00+00:00,92|1208
1377,4459d2f1f964a520d7321fe3,801,36,2,2012-04-28 09:51:00+00:00,2012-04-28 10:27:00+00:00,952|1444
1378,4459d2f1f964a520d7321fe3,801,54,2,2012-04-28 10:27:00+00:00,2012-04-28 11:21:00+00:00,726|1444
1379,4459d2f1f964a520d7321fe3,801,26,2,2012-05-01 18:23:00+00:00,2012-05-01 18:49:00+00:00,706|952
1380,4459d2f1f964a520d7321fe3,801,15,2,2012-05-01 20:15:00+00:00,2012-05-01 20:30:00+00:00,112|1208
1381,4459d2f1f964a520d7321fe3,801,5,2,2012-05-03 11:31:00+00:00,2012-05-03 11:36:00+00:00,404|594
1382,4459d2f1f964a520d7321fe3,801,30,3,2012-05-03 20:41:00+00:00,2012-05-03 21:11:00+00:00,265|540|729
1383,4459d2f1f964a520d7321fe3,801,26,2,2012-05-04 00:21:00+00:00,2012-05-04 00:47:00+00:00,483|556
1384,4459d2f1f964a520d7321fe3,801,41,2,2012-05-06 20:13:00+00:00,2012-05-06 20:54:00+00:00,1054|1164
1385,4459d2f1f964a520d7321fe3,801,38,2,2012-05-09 11:24:00+00:00,2012-05-09 12:02:00+00:00,360|1021
1386,4459d2f1f964a520d7321fe3,801,44,2,2012-05-10 16:58:00+00:00,2012-05-10 17:42:00+00:00,13|1208
1387,4459d2f1f964a520d7321fe3,801,20,2,2012-05-13 22:43:00+00:00,2012-05-13 23:03:00+00:00,109|272
1388,4459d2f1f964a520d7321fe3,801,8,2,2012-05-14 08:49:00+00:00,2012-05-14 08:57:00+00:00,589|1597
1389,4459d2f1f964a520d7321fe3,801,46,2,2012-05-25 10:39:00+00:00,2012-05-25 11:25:00+00:00,303|1556
1390,4459d2f1f964a520d7321fe3,801,45,2,2012-05-25 13:30:00+00:00,2012-05-25 14:15:00+00:00,422|1100
1391,4459d2f1f964a520d7321fe3,801,7,2,2012-05-27 10:56:00+00:00,2012-05-27 11:03:00+00:00,329|1489
1392,4459d2f1f964a520d7321fe3,801,56,2,2012-05-27 16:05:00+00:00,2012-05-27 17:01:00+00:00,923|1208
1393,4459d2f1f964a520d7321fe3,801,51,3,2012-05-31 16:27:00+00:00,2012-05-31 17:18:00+00:00,260|866|1331
1394,4459d2f1f964a520d7321fe3,801,47,2,2012-05-31 20:56:00+00:00,2012-05-31 21:43:00+00:00,260|1048
1395,4459d2f1f964a520d7321fe3,801,17,2,2012-06-01 10:42:00+00:00,2012-06-01 10:59:00+00:00,1208|1331
1396,4459d2f1f964a520d7321fe3,801,2,2,2012-06-04 09:04:00+00:00,2012-06-04 09:06:00+00:00,56|589
1397,4459d2f1f964a520d7321fe3,801,43,3,2012-06-08 12:38:00+00:00,2012-06-08 13:21:00+00:00,155|706|1492
1398,4459d2f1f964a520d7321fe3,801,48,2,2012-06-08 13:21:00+00:00,2012-06-08 14:09:00+00:00,706|1614
1399,4459d2f1f964a520d7321fe3,801,39,2,2012-06-08 14:09:00+00:00,2012-06-08 14:48:00+00:00,1458|1614
1400,4459d2f1f964a520d7321fe3,801,33,2,2012-06-08 14:48:00+00:00,2012-06-08 15:21:00+00:00,670|1458
1401,4459d2f1f964a520d7321fe3,801,57,3,2012-06-08 20:48:00+00:00,2012-06-08 21:45:00+00:00,400|1208|1556
1402,4459d2f1f964a520d7321fe3,801,27,2,2012-06-09 19:23:00+00:00,2012-06-09 19:50:00+00:00,325|870
1403,4459d2f1f964a520d7321fe3,801,59,2,2012-06-10 23:48:00+00:00,2012-06-11 00:47:00+00:00,255|670
1404,4459d2f1f964a520d7321fe3,801,52,2,2012-06-11 11:27:00+00:00,2012-06-11 12:19:00+00:00,1101|1331
1405,4459d2f1f964a520d7321fe3,801,44,2,2012-06-21 10:41:00+00:00,2012-06-21 11:25:00+00:00,330|1492
1406,4459d2f1f964a520d7321fe3,801,56,2,2012-06-21 12:33:00+00:00,2012-06-21 13:29:00+00:00,237|1208
1407,4459d2f1f964a520d7321fe3,801,16,2,2012-07-03 04:07:00+00:00,2012-07-03 04:23:00+00:00,713|934
1408,4459d2f1f964a520d7321fe3,801,51,3,2012-07-03 17:31:00+00:00,2012-07-03 18:22:00+00:00,883|1208|1352
1409,4459d2f1f964a520d7321fe3,801,10,2,2012-07-09 09:33:00+00:00,2012-07-09 09:43:00+00:00,308|1425
1410,4459d2f1f964a520d7321fe3,801,11,2,2012-07-15 10:09:00+00:00,2012-07-15 10:20:00+00:00,594|1182
1411,4459d2f1f964a520d7321fe3,801,46,2,2012-07-15 19:02:00+00:00,2012-07-15 19:48:00+00:00,330|1208
1412,4459d2f1f964a520d7321fe3,801,44,2,2012-07-30 01:48:00+00:00,2012-07-30 02:32:00+00:00,422|1019
1413,4459d2f1f964a520d7321fe3,801,32,2,2012-08-14 02:58:00+00:00,2012-08-14 03:30:00+00:00,360|691
1414,4459d2f1f964a520d7321fe3,801,11,2,2012-08-20 11:26:00+00:00,2012-08-20 11:37:00+00:00,38|600
1415,4459d2f1f964a520d7321fe3,801,2,3,2012-09-15 17:10:00+00:00,2012-09-15 17:12:00+00:00,151|448|559
1416,4459d2f1f964a520d7321fe3,801,18,2,2012-10-27 10:56:00+00:00,2012-10-27 11:14:00+00:00,540|1471
1417,4459d2f1f964a520d7321fe3,801,20,2,2012-11-16 09:19:00+00:00,2012-11-16 09:39:00+00:00,1005|1444
1418,4459d2f1f964a520d7321fe3,801,0,2,2012-11-22 05:01:00+00:00,2012-11-22 05:01:00+00:00,556|589
1419,4459d2f1f964a520d7321fe3,801,34,2,2012-11-22 11:17:00+00:00,2012-11-22 11:51:00+00:00,547|1556
1420,4459d2f1f964a520d7321fe3,801,1,2,2012-11-25 23:03:00+00:00,2012-11-25 23:04:00+00:00,1046|1222
1421,4459d2f1f964a520d7321fe3,801,46,2,2012-12-08 11:43:00+00:00,2012-12-08 12:29:00+00:00,64|1215
1422,4459d2f1f964a520d7321fe3,801,28,2,2012-12-10 17:58:00+00:00,2012-12-10 18:26:00+00:00,64|1556
1423,4459d2f1f964a520d7321fe3,801,43,2,2012-12-23 00:59:00+00:00,2012-12-23 01:42:00+00:00,370|617
1424,4459d2f1f964a520d7321fe3,801,46,2,2013-01-03 22:53:00+00:00,2013-01-03 23:39:00+00:00,79|574
1425,4459d2f1f964a520d7321fe3,801,9,2,2013-01-11 18:24:00+00:00,2013-01-11 18:33:00+00:00,241|726
1426,4459d2f1f964a520d7321fe3,801,6,2,2013-01-25 02:16:00+00:00,2013-01-25 02:22:00+00:00,742|1100
1427,4459d2f1f964a520d7321fe3,801,7,2,2013-01-28 10:28:00+00:00,2013-01-28 10:35:00+00:00,38|518
1428,4459d2f1f964a520d7321fe3,801,20,2,2013-02-02 10:41:00+00:00,2013-02-02 11:01:00+00:00,94|1208
1429,4459d2f1f964a520d7321fe3,801,50,2,2013-02-04 16:31:00+00:00,2013-02-04 17:21:00+00:00,1101|1625
1430,4459d2f1f964a520d7321fe3,801,42,2,2013-02-14 11:48:00+00:00,2013-02-14 12:30:00+00:00,1208|1517
1431,4459d2f1f964a520d7321fe3,801,24,2,2013-03-21 16:30:00+00:00,2013-03-21 16:54:00+00:00,952|1625
1432,4459d2f1f964a520d7321fe3,801,40,2,2013-05-13 12:38:00+00:00,2013-05-13 13:18:00+00:00,910|1575
1433,4459f9bff964a520e1321fe3,802,19,2,2012-05-10 22:00:00+00:00,2012-05-10 22:19:00+00:00,471|1352
1434,4459f9bff964a520e1321fe3,802,39,3,2012-05-24 02:08:00+00:00,2012-05-24 02:47:00+00:00,146|290|951
1435,4459f9bff964a520e1321fe3,802,15,2,2012-05-27 04:28:00+00:00,2012-05-27 04:43:00+00:00,290|1200
1436,4459f9bff964a520e1321fe3,802,27,2,2012-06-20 22:26:00+00:00,2012-06-20 22:53:00+00:00,665|1405
1437,4459f9bff964a520e1321fe3,802,19,2,2012-12-16 00:51:00+00:00,2012-12-16 01:10:00+00:00,252|869
1438,447bf8f1f964a520ec331fe3,805,58,2,2012-04-11 23:39:00+00:00,2012-04-12 00:37:00+00:00,182|521
1439,447bf8f1f964a520ec331fe3,805,46,2,2012-04-21 17:21:00+00:00,2012-04-21 18:07:00+00:00,370|1432
1440,447bf8f1f964a520ec331fe3,805,20,2,2012-05-15 18:16:00+00:00,2012-05-15 18:36:00+00:00,913|1532
1441,447bf8f1f964a520ec331fe3,805,32,2,2012-05-16 00:20:00+00:00,2012-05-16 00:52:00+00:00,727|1369
1442,447bf8f1f964a520ec331fe3,805,47,2,2012-05-27 16:56:00+00:00,2012-05-27 17:43:00+00:00,112|1421
1443,447bf8f1f964a520ec331fe3,805,18,2,2012-05-29 00:37:00+00:00,2012-05-29 00:55:00+00:00,1369|1564
1444,447bf8f1f964a520ec331fe3,805,50,2,2012-10-08 19:37:00+00:00,2012-10-08 20:27:00+00:00,1047|1282
1445,447bf8f1f964a520ec331fe3,805,34,2,2013-01-03 02:18:00+00:00,2013-01-03 02:52:00+00:00,950|1043
1446,44802b64f964a5200a341fe3,807,16,2,2013-02-19 16:46:00+00:00,2013-02-19 17:02:00+00:00,431|837
1447,4491cb46f964a52072341fe3,810,26,2,2012-04-08 17:12:00+00:00,2012-04-08 17:38:00+00:00,810|846
1448,44a14d7df964a520d0341fe3,815,27,2,2012-10-27 21:35:00+00:00,2012-10-27 22:02:00+00:00,1277|1570
1449,44abe943f964a52008351fe3,816,34,2,2012-05-19 18:44:00+00:00,2012-05-19 19:18:00+00:00,650|1043
1450,44b7acf4f964a52073351fe3,823,6,2,2012-05-27 19:17:00+00:00,2012-05-27 19:23:00+00:00,545|1338
1451,44b7acf4f964a52073351fe3,823,29,3,2012-05-28 18:10:00+00:00,2012-05-28 18:39:00+00:00,273|311|1282
1452,44d8c155f964a52079361fe3,834,7,2,2012-06-20 21:42:00+00:00,2012-06-20 21:49:00+00:00,931|1635
1453,44dc96e4f964a520b0361fe3,838,41,2,2012-07-15 19:45:00+00:00,2012-07-15 20:26:00+00:00,970|1029
1454,44e454a3f964a52053371fe3,845,7,2,2012-04-23 02:53:00+00:00,2012-04-23 03:00:00+00:00,1272|1461
1455,44e454a3f964a52053371fe3,845,12,2,2012-05-14 03:11:00+00:00,2012-05-14 03:23:00+00:00,1320|1461
1456,44e454a3f964a52053371fe3,845,54,2,2012-06-04 02:26:00+00:00,2012-06-04 03:20:00+00:00,1272|1461
1457,44e454a3f964a52053371fe3,845,36,2,2013-02-12 23:35:00+00:00,2013-02-13 00:11:00+00:00,431|1558
1458,451287ebf964a520a1391fe3,863,31,2,2012-05-07 12:57:00+00:00,2012-05-07 13:28:00+00:00,241|1277
1459,451287ebf964a520a1391fe3,863,15,2,2012-05-14 13:14:00+00:00,2012-05-14 13:29:00+00:00,241|1277
1460,451287ebf964a520a1391fe3,863,13,2,2012-05-15 12:52:00+00:00,2012-05-15 13:05:00+00:00,241|1277
1461,451287ebf964a520a1391fe3,863,42,2,2012-06-04 13:14:00+00:00,2012-06-04 13:56:00+00:00,241|839
1462,451287ebf964a520a1391fe3,863,34,2,2012-06-07 14:52:00+00:00,2012-06-07 15:26:00+00:00,241|1277
1463,451287ebf964a520a1391fe3,863,27,2,2012-06-08 12:51:00+00:00,2012-06-08 13:18:00+00:00,241|1277
1464,451287ebf964a520a1391fe3,863,45,2,2012-06-08 13:18:00+00:00,2012-06-08 14:03:00+00:00,241|643
1465,451287ebf964a520a1391fe3,863,30,2,2012-06-18 12:51:00+00:00,2012-06-18 13:21:00+00:00,241|1277
1466,451287ebf964a520a1391fe3,863,10,2,2012-06-21 13:19:00+00:00,2012-06-21 13:29:00+00:00,241|1277
1467,451287ebf964a520a1391fe3,863,4,2,2012-06-27 13:19:00+00:00,2012-06-27 13:23:00+00:00,241|1277
1468,451287ebf964a520a1391fe3,863,46,2,2012-07-02 14:14:00+00:00,2012-07-02 15:00:00+00:00,241|1277
1469,451287ebf964a520a1391fe3,863,14,2,2012-07-11 13:13:00+00:00,2012-07-11 13:27:00+00:00,241|1277
1470,451287ebf964a520a1391fe3,863,46,2,2012-07-17 12:48:00+00:00,2012-07-17 13:34:00+00:00,241|1277
1471,451287ebf964a520a1391fe3,863,16,2,2012-10-23 19:48:00+00:00,2012-10-23 20:04:00+00:00,392|1277
1472,451287ebf964a520a1391fe3,863,46,2,2013-01-09 20:40:00+00:00,2013-01-09 21:26:00+00:00,709|839
1473,451287ebf964a520a1391fe3,863,42,2,2013-03-11 12:38:00+00:00,2013-03-11 13:20:00+00:00,241|839
1474,4514efe0f964a520e7391fe3,865,32,3,2012-04-13 21:34:00+00:00,2012-04-13 22:06:00+00:00,559|887|1378
1475,451aa7d8f964a520653a1fe3,869,27,2,2013-02-02 19:19:00+00:00,2013-02-02 19:46:00+00:00,186|318
1476,451d2920f964a5208d3a1fe3,872,11,2,2012-05-29 22:42:00+00:00,2012-05-29 22:53:00+00:00,925|1213
1477,4528a216f964a520173b1fe3,875,38,2,2012-04-04 16:49:00+00:00,2012-04-04 17:27:00+00:00,125|133
1478,4528a216f964a520173b1fe3,875,26,2,2012-04-23 23:07:00+00:00,2012-04-23 23:33:00+00:00,659|1060
1479,4528a216f964a520173b1fe3,875,35,2,2012-06-11 17:50:00+00:00,2012-06-11 18:25:00+00:00,125|133
1480,4528a216f964a520173b1fe3,875,31,2,2012-06-11 18:25:00+00:00,2012-06-11 18:56:00+00:00,133|356
1481,4528a216f964a520173b1fe3,875,45,2,2013-02-17 20:13:00+00:00,2013-02-17 20:58:00+00:00,771|1501
1482,452d6886f964a5204a3b1fe3,877,8,2,2012-08-10 03:52:00+00:00,2012-08-10 04:00:00+00:00,512|663
1483,4530db29f964a520613b1fe3,878,50,2,2012-07-08 15:31:00+00:00,2012-07-08 16:21:00+00:00,1318|1563
1484,4531059cf964a520683b1fe3,880,60,3,2012-04-13 22:12:00+00:00,2012-04-13 23:12:00+00:00,186|1292|1340
1485,4531059cf964a520683b1fe3,880,2,2,2012-11-24 20:01:00+00:00,2012-11-24 20:03:00+00:00,345|853
1486,45312508f964a520703b1fe3,882,36,2,2012-05-10 21:29:00+00:00,2012-05-10 22:05:00+00:00,288|448
1487,45312508f964a520703b1fe3,882,52,2,2012-08-16 20:45:00+00:00,2012-08-16 21:37:00+00:00,67|486
1488,45396895f964a520d73b1fe3,885,38,2,2012-11-11 19:31:00+00:00,2012-11-11 20:09:00+00:00,537|770
1489,453cacc7f964a520153c1fe3,886,41,2,2012-04-21 00:43:00+00:00,2012-04-21 01:24:00+00:00,252|927
1490,453cacc7f964a520153c1fe3,886,55,2,2012-05-06 23:28:00+00:00,2012-05-07 00:23:00+00:00,570|753
1491,453cacc7f964a520153c1fe3,886,21,3,2012-07-22 12:59:00+00:00,2012-07-22 13:20:00+00:00,123|273|872
1492,453cacc7f964a520153c1fe3,886,4,2,2012-07-30 01:02:00+00:00,2012-07-30 01:06:00+00:00,433|1561
1493,453cacc7f964a520153c1fe3,886,57,2,2012-11-10 00:50:00+00:00,2012-11-10 01:47:00+00:00,273|612
1494,453cacc7f964a520153c1fe3,886,30,2,2012-11-10 22:18:00+00:00,2012-11-10 22:48:00+00:00,244|903
1495,453cacc7f964a520153c1fe3,886,14,2,2012-11-11 00:19:00+00:00,2012-11-11 00:33:00+00:00,132|394
1496,453cacc7f964a520153c1fe3,886,57,2,2012-11-11 00:33:00+00:00,2012-11-11 01:30:00+00:00,394|1067
1497,453cacc7f964a520153c1fe3,886,13,2,2012-11-11 01:30:00+00:00,2012-11-11 01:43:00+00:00,635|1067
1498,453cacc7f964a520153c1fe3,886,6,2,2012-12-02 18:06:00+00:00,2012-12-02 18:12:00+00:00,332|398
1499,453cacc7f964a520153c1fe3,886,12,2,2012-12-29 20:51:00+00:00,2012-12-29 21:03:00+00:00,637|763
1500,453cacc7f964a520153c1fe3,886,27,2,2013-01-27 20:43:00+00:00,2013-01-27 21:10:00+00:00,609|730
1501,4555bea7f964a520253d1fe3,893,10,2,2012-05-25 18:35:00+00:00,2012-05-25 18:45:00+00:00,1219|1661
1502,4558b83bf964a5204b3d1fe3,894,11,2,2012-08-14 22:57:00+00:00,2012-08-14 23:08:00+00:00,622|676
1503,4558b83bf964a5204b3d1fe3,894,53,2,2012-11-12 22:46:00+00:00,2012-11-12 23:39:00+00:00,455|609
1504,4558b83bf964a5204b3d1fe3,894,9,2,2012-11-16 23:08:00+00:00,2012-11-16 23:17:00+00:00,609|622
1505,4558b83bf964a5204b3d1fe3,894,31,2,2012-12-04 23:58:00+00:00,2012-12-05 00:29:00+00:00,609|622
1506,4558b83bf964a5204b3d1fe3,894,48,2,2013-02-07 23:00:00+00:00,2013-02-07 23:48:00+00:00,609|711
1507,4558b83bf964a5204b3d1fe3,894,29,2,2013-03-20 12:09:00+00:00,2013-03-20 12:38:00+00:00,116|609
1508,4558b83bf964a5204b3d1fe3,894,48,2,2013-04-02 12:27:00+00:00,2013-04-02 13:15:00+00:00,609|676
1509,45633154f964a520a53d1fe3,895,24,4,2012-12-07 16:12:00+00:00,2012-12-07 16:36:00+00:00,1256|1347|1483|1656
1510,45633154f964a520a53d1fe3,895,52,2,2012-12-07 16:36:00+00:00,2012-12-07 17:28:00+00:00,1483|1595
1511,45633154f964a520a53d1fe3,895,54,2,2012-12-08 05:24:00+00:00,2012-12-08 06:18:00+00:00,1415|1496
1512,456ebbbff964a520163e1fe3,902,1,2,2012-04-25 12:10:00+00:00,2012-04-25 12:11:00+00:00,1186|1562
1513,456ebbbff964a520163e1fe3,902,9,2,2012-10-23 22:50:00+00:00,2012-10-23 22:59:00+00:00,890|1455
1514,4573c09bf964a520893e1fe3,906,45,2,2012-06-06 23:21:00+00:00,2012-06-07 00:06:00+00:00,136|316
1515,4573c09bf964a520893e1fe3,906,8,2,2012-08-16 23:09:00+00:00,2012-08-16 23:17:00+00:00,77|992
1516,4576ddcaf964a520ac3e1fe3,909,45,2,2012-06-03 19:31:00+00:00,2012-06-03 20:16:00+00:00,711|1128
1517,4576ddcaf964a520ac3e1fe3,909,20,2,2012-10-30 19:57:00+00:00,2012-10-30 20:17:00+00:00,819|1450
1518,4577fb0bf964a520b03e1fe3,910,14,2,2012-04-14 16:37:00+00:00,2012-04-14 16:51:00+00:00,1157|1450
1519,457be73df964a520f73e1fe3,912,3,2,2012-06-17 02:01:00+00:00,2012-06-17 02:04:00+00:00,151|448
1520,457be73df964a520f73e1fe3,912,3,2,2012-07-10 21:56:00+00:00,2012-07-10 21:59:00+00:00,151|448
1521,4593be73f964a5204e401fe3,929,21,2,2012-06-06 23:59:00+00:00,2012-06-07 00:20:00+00:00,319|335
1522,45b893e3f964a520cf411fe3,944,2,2,2012-05-13 00:55:00+00:00,2012-05-13 00:57:00+00:00,247|550
1523,45b893e3f964a520cf411fe3,944,49,2,2012-05-23 23:35:00+00:00,2012-05-24 00:24:00+00:00,802|1346
1524,45b893e3f964a520cf411fe3,944,59,2,2012-06-08 20:50:00+00:00,2012-06-08 21:49:00+00:00,47|1402
1525,45b893e3f964a520cf411fe3,944,18,2,2012-06-13 23:13:00+00:00,2012-06-13 23:31:00+00:00,1107|1578
1526,45b893e3f964a520cf411fe3,944,13,2,2012-07-02 22:58:00+00:00,2012-07-02 23:11:00+00:00,559|999
1527,45b893e3f964a520cf411fe3,944,3,2,2012-11-09 21:00:00+00:00,2012-11-09 21:03:00+00:00,384|1179
1528,45b893e3f964a520cf411fe3,944,49,2,2012-12-28 23:30:00+00:00,2012-12-29 00:19:00+00:00,116|1230
1529,45b893e3f964a520cf411fe3,944,37,2,2013-01-13 17:48:00+00:00,2013-01-13 18:25:00+00:00,536|838
1530,45b9eeecf964a520db411fe3,946,10,2,2012-04-28 01:56:00+00:00,2012-04-28 02:06:00+00:00,636|1551
1531,45bca695f964a520ff411fe3,947,5,2,2012-05-28 22:37:00+00:00,2012-05-28 22:42:00+00:00,573|1024
1532,45d1a484f964a520af421fe3,955,34,2,2012-10-25 19:02:00+00:00,2012-10-25 19:36:00+00:00,178|997
1533,45d78933f964a520e1421fe3,956,59,2,2012-04-20 19:49:00+00:00,2012-04-20 20:48:00+00:00,1114|1620
1534,45e5c256f964a52046431fe3,961,19,3,2012-04-18 23:43:00+00:00,2012-04-19 00:02:00+00:00,516|1038|1589
1535,45e94762f964a52071431fe3,963,3,2,2012-06-03 02:50:00+00:00,2012-06-03 02:53:00+00:00,50|279
1536,45e94f91f964a52079431fe3,967,42,2,2012-12-02 01:53:00+00:00,2012-12-02 02:35:00+00:00,243|1444
1537,45f6af33f964a5202c441fe3,974,0,2,2012-11-11 23:38:00+00:00,2012-11-11 23:38:00+00:00,711|782
1538,460d4b66f964a52005451fe3,985,9,2,2012-07-08 23:46:00+00:00,2012-07-08 23:55:00+00:00,892|1073
1539,463f4aa8f964a5204e461fe3,995,41,2,2012-06-13 23:08:00+00:00,2012-06-13 23:49:00+00:00,176|985
1540,463f4aa8f964a5204e461fe3,995,57,3,2012-06-13 23:49:00+00:00,2012-06-14 00:46:00+00:00,47|985|1312
1541,4649c694f964a520ab461fe3,996,11,2,2012-05-06 23:45:00+00:00,2012-05-06 23:56:00+00:00,151|448
1542,465c180df964a5202a471fe3,1000,53,2,2012-06-10 00:22:00+00:00,2012-06-10 01:15:00+00:00,844|1157
1543,466ec638f964a520b7471fe3,1009,39,2,2012-04-27 23:32:00+00:00,2012-04-28 00:11:00+00:00,1296|1313
1544,467bcc72f964a52001481fe3,1011,20,2,2012-04-25 21:44:00+00:00,2012-04-25 22:04:00+00:00,454|627
1545,467e1d72f964a5200f481fe3,1012,0,2,2012-05-10 22:04:00+00:00,2012-05-10 22:04:00+00:00,699|1008
1546,4691e9b3f964a520c2481fe3,1016,41,2,2013-03-16 22:52:00+00:00,2013-03-16 23:33:00+00:00,225|1031
1547,46b16b46f964a52098491fe3,1020,31,2,2012-05-25 23:50:00+00:00,2012-05-26 00:21:00+00:00,469|1346
1548,46b16b46f964a52098491fe3,1020,52,2,2012-07-04 18:57:00+00:00,2012-07-04 19:49:00+00:00,469|484
1549,46b16b46f964a52098491fe3,1020,10,2,2012-09-16 01:19:00+00:00,2012-09-16 01:29:00+00:00,31|1594
1550,46b16b46f964a52098491fe3,1020,21,2,2012-10-24 01:29:00+00:00,2012-10-24 01:50:00+00:00,0|97
1551,46b16b46f964a52098491fe3,1020,16,2,2012-11-12 23:29:00+00:00,2012-11-12 23:45:00+00:00,263|512
1552,46b8f568f964a520c8491fe3,1022,2,2,2012-04-29 03:41:00+00:00,2012-04-29 03:43:00+00:00,1277|1570
1553,46c981bcf964a520224a1fe3,1025,14,2,2012-04-22 05:14:00+00:00,2012-04-22 05:28:00+00:00,794|852
1554,46c981bcf964a520224a1fe3,1025,15,2,2012-05-14 01:35:00+00:00,2012-05-14 01:50:00+00:00,960|1403
1555,46cc7756f964a5203b4a1fe3,1028,4,2,2012-05-06 20:18:00+00:00,2012-05-06 20:22:00+00:00,950|1340
1556,46cf4548f964a520474a1fe3,1030,29,2,2012-04-20 20:22:00+00:00,2012-04-20 20:51:00+00:00,671|953
1557,46d41aa8f964a520604a1fe3,1033,25,2,2012-05-24 01:18:00+00:00,2012-05-24 01:43:00+00:00,177|1028
1558,46dda121f964a520924a1fe3,1037,26,2,2012-05-04 00:17:00+00:00,2012-05-04 00:43:00+00:00,663|727
1559,46e64370f964a520be4a1fe3,1038,5,2,2013-02-17 18:44:00+00:00,2013-02-17 18:49:00+00:00,123|1350
1560,46e6d800f964a520c84a1fe3,1040,29,2,2012-05-03 23:37:00+00:00,2012-05-04 00:06:00+00:00,628|1547
1561,46fd176ef964a520124b1fe3,1045,7,2,2012-12-16 05:43:00+00:00,2012-12-16 05:50:00+00:00,847|1242
1562,46ff98a7f964a520234b1fe3,1047,29,2,2012-04-24 01:05:00+00:00,2012-04-24 01:34:00+00:00,0|18
1563,47048266f964a5204f4b1fe3,1049,35,3,2012-04-26 00:17:00+00:00,2012-04-26 00:52:00+00:00,591|1127|1423
1564,47048266f964a5204f4b1fe3,1049,35,2,2013-01-26 02:07:00+00:00,2013-01-26 02:42:00+00:00,402|1080
1565,470f3ff0f964a5208e4b1fe3,1050,36,2,2012-04-29 00:17:00+00:00,2012-04-29 00:53:00+00:00,772|876
1566,470f3ff0f964a5208e4b1fe3,1050,46,2,2012-05-09 22:50:00+00:00,2012-05-09 23:36:00+00:00,372|533
1567,470f3ff0f964a5208e4b1fe3,1050,38,3,2012-05-09 23:36:00+00:00,2012-05-10 00:14:00+00:00,372|594|1423
1568,470f3ff0f964a5208e4b1fe3,1050,42,3,2012-05-10 00:03:00+00:00,2012-05-10 00:45:00+00:00,293|594|1423
1569,470f3ff0f964a5208e4b1fe3,1050,3,2,2012-05-11 01:06:00+00:00,2012-05-11 01:09:00+00:00,1369|1589
1570,470f3ff0f964a5208e4b1fe3,1050,32,3,2012-05-11 22:39:00+00:00,2012-05-11 23:11:00+00:00,76|711|1050
1571,470f3ff0f964a5208e4b1fe3,1050,53,2,2012-05-11 23:11:00+00:00,2012-05-12 00:04:00+00:00,775|1050
1572,470f3ff0f964a5208e4b1fe3,1050,37,3,2012-06-20 23:03:00+00:00,2012-06-20 23:40:00+00:00,126|591|664
1573,470f3ff0f964a5208e4b1fe3,1050,40,2,2012-06-20 23:40:00+00:00,2012-06-21 00:20:00+00:00,591|1549
1574,470f3ff0f964a5208e4b1fe3,1050,44,2,2012-06-21 00:20:00+00:00,2012-06-21 01:04:00+00:00,960|1549
1575,470f3ff0f964a5208e4b1fe3,1050,39,2,2012-07-08 00:59:00+00:00,2012-07-08 01:38:00+00:00,843|1226
1576,470f3ff0f964a5208e4b1fe3,1050,28,2,2012-07-18 00:26:00+00:00,2012-07-18 00:54:00+00:00,687|1587
1577,470f3ff0f964a5208e4b1fe3,1050,11,2,2012-10-27 01:27:00+00:00,2012-10-27 01:38:00+00:00,591|1377
1578,470f3ff0f964a5208e4b1fe3,1050,60,3,2012-12-07 00:29:00+00:00,2012-12-07 01:29:00+00:00,27|313|1587
1579,470f3ff0f964a5208e4b1fe3,1050,46,3,2012-12-07 01:28:00+00:00,2012-12-07 02:14:00+00:00,313|814|1587
1580,470f3ff0f964a5208e4b1fe3,1050,36,3,2013-01-22 00:37:00+00:00,2013-01-22 01:13:00+00:00,543|1226|1337
1581,472ba436f964a520ff4b1fe3,1057,41,7,2012-05-13 04:32:00+00:00,2012-05-13 05:13:00+00:00,1112|1252|1256|1336|1504|1520|1656
1582,472ba436f964a520ff4b1fe3,1057,51,3,2012-05-13 05:07:00+00:00,2012-05-13 05:58:00+00:00,1256|1263|1656
1583,472ba436f964a520ff4b1fe3,1057,6,2,2012-05-19 02:43:00+00:00,2012-05-19 02:49:00+00:00,492|1080
1584,472ba436f964a520ff4b1fe3,1057,57,2,2012-05-19 02:49:00+00:00,2012-05-19 03:46:00+00:00,1080|1547
1585,472ba436f964a520ff4b1fe3,1057,0,2,2012-05-26 01:07:00+00:00,2012-05-26 01:07:00+00:00,123|1350
1586,4750accef964a520b24c1fe3,1061,58,3,2012-05-01 23:24:00+00:00,2012-05-02 00:22:00+00:00,950|960|1340
1587,4750accef964a520b24c1fe3,1061,34,3,2012-05-02 00:03:00+00:00,2012-05-02 00:37:00+00:00,98|960|1340
1588,475847d3f964a520cb4c1fe3,1063,60,2,2012-04-10 22:59:00+00:00,2012-04-10 23:59:00+00:00,750|1593
1589,475847d3f964a520cb4c1fe3,1063,25,2,2012-05-16 00:53:00+00:00,2012-05-16 01:18:00+00:00,329|1499
1590,475847d3f964a520cb4c1fe3,1063,22,2,2012-05-27 03:02:00+00:00,2012-05-27 03:24:00+00:00,362|1288
1591,477a3514f964a520214d1fe3,1069,5,2,2012-05-05 16:59:00+00:00,2012-05-05 17:04:00+00:00,1312|1589
1592,477a3514f964a520214d1fe3,1069,23,2,2012-05-12 03:31:00+00:00,2012-05-12 03:54:00+00:00,320|1238
1593,477a3514f964a520214d1fe3,1069,47,2,2012-05-23 23:15:00+00:00,2012-05-24 00:02:00+00:00,1589|1633
1594,477a3514f964a520214d1fe3,1069,32,2,2012-07-11 23:15:00+00:00,2012-07-11 23:47:00+00:00,1572|1633
1595,477a3514f964a520214d1fe3,1069,4,2,2012-11-06 00:11:00+00:00,2012-11-06 00:15:00+00:00,1464|1633
1596,47a30a96f964a5207b4d1fe3,1072,54,2,2012-05-26 23:05:00+00:00,2012-05-26 23:59:00+00:00,685|1623
1597,47b3e18ff964a520a94d1fe3,1074,46,2,2012-04-23 21:50:00+00:00,2012-04-23 22:36:00+00:00,255|473
1598,47ba56ddf964a520c94d1fe3,1079,0,2,2012-07-06 22:54:00+00:00,2012-07-06 22:54:00+00:00,151|448
1599,47f39422f964a5209b4e1fe3,1083,46,2,2012-06-08 23:08:00+00:00,2012-06-08 23:54:00+00:00,1277|1570
1600,47f66726f964a520ad4e1fe3,1084,51,2,2012-05-25 23:48:00+00:00,2012-05-26 00:39:00+00:00,393|892
1601,4800619cf964a520ec4e1fe3,1087,41,2,2012-04-22 07:49:00+00:00,2012-04-22 08:30:00+00:00,133|1060
1602,4800619cf964a520ec4e1fe3,1087,22,2,2012-05-19 03:09:00+00:00,2012-05-19 03:31:00+00:00,441|611
1603,4800619cf964a520ec4e1fe3,1087,15,2,2013-03-16 07:57:00+00:00,2013-03-16 08:12:00+00:00,528|1093
1604,48208c8cf964a520894f1fe3,1091,1,2,2012-04-11 23:09:00+00:00,2012-04-11 23:10:00+00:00,669|727
1605,482af93cf964a520cd4f1fe3,1092,36,2,2012-05-05 02:13:00+00:00,2012-05-05 02:49:00+00:00,615|1430
1606,482af93cf964a520cd4f1fe3,1092,7,2,2012-07-03 23:20:00+00:00,2012-07-03 23:27:00+00:00,675|1430
1607,4839a8ddf964a5200e501fe3,1094,16,2,2012-04-07 17:49:00+00:00,2012-04-07 18:05:00+00:00,186|602
1608,4839a8ddf964a5200e501fe3,1094,51,2,2012-04-14 18:34:00+00:00,2012-04-14 19:25:00+00:00,45|579
1609,4839a8ddf964a5200e501fe3,1094,5,2,2012-05-12 17:55:00+00:00,2012-05-12 18:00:00+00:00,182|602
1610,4839a8ddf964a5200e501fe3,1094,1,2,2012-05-19 20:22:00+00:00,2012-05-19 20:23:00+00:00,1277|1570
1611,4840fe6bf964a52030501fe3,1096,51,2,2012-04-07 16:13:00+00:00,2012-04-07 17:04:00+00:00,1068|1311
1612,4840fe6bf964a52030501fe3,1096,5,2,2012-04-07 18:38:00+00:00,2012-04-07 18:43:00+00:00,1011|1424
1613,4840fe6bf964a52030501fe3,1096,56,2,2012-04-12 12:39:00+00:00,2012-04-12 13:35:00+00:00,637|1011
1614,4840fe6bf964a52030501fe3,1096,30,2,2012-04-17 12:12:00+00:00,2012-04-17 12:42:00+00:00,1011|1061
1615,4840fe6bf964a52030501fe3,1096,22,2,2012-04-19 20:03:00+00:00,2012-04-19 20:25:00+00:00,1219|1288
1616,4840fe6bf964a52030501fe3,1096,1,2,2012-04-26 00:37:00+00:00,2012-04-26 00:38:00+00:00,875|1507
1617,4840fe6bf964a52030501fe3,1096,26,2,2012-04-27 12:09:00+00:00,2012-04-27 12:35:00+00:00,1011|1061
1618,4840fe6bf964a52030501fe3,1096,39,2,2012-04-29 15:15:00+00:00,2012-04-29 15:54:00+00:00,1288|1330
1619,4840fe6bf964a52030501fe3,1096,28,2,2012-05-04 01:57:00+00:00,2012-05-04 02:25:00+00:00,875|1478
1620,4840fe6bf964a52030501fe3,1096,52,2,2012-05-07 00:32:00+00:00,2012-05-07 01:24:00+00:00,140|875
1621,4840fe6bf964a52030501fe3,1096,56,2,2012-05-09 12:04:00+00:00,2012-05-09 13:00:00+00:00,1011|1061
1622,4840fe6bf964a52030501fe3,1096,38,2,2012-05-11 23:25:00+00:00,2012-05-12 00:03:00+00:00,395|893
1623,4840fe6bf964a52030501fe3,1096,28,2,2012-05-12 00:03:00+00:00,2012-05-12 00:31:00+00:00,492|893
1624,4840fe6bf964a52030501fe3,1096,45,3,2012-05-15 12:38:00+00:00,2012-05-15 13:23:00+00:00,10|993|1011
1625,4840fe6bf964a52030501fe3,1096,55,2,2012-05-16 12:37:00+00:00,2012-05-16 13:32:00+00:00,1011|1601
1626,4840fe6bf964a52030501fe3,1096,19,2,2012-05-18 22:31:00+00:00,2012-05-18 22:50:00+00:00,279|600
1627,4840fe6bf964a52030501fe3,1096,28,2,2012-05-19 00:55:00+00:00,2012-05-19 01:23:00+00:00,875|1028
1628,4840fe6bf964a52030501fe3,1096,12,2,2012-05-19 21:40:00+00:00,2012-05-19 21:52:00+00:00,993|1152
1629,4840fe6bf964a52030501fe3,1096,36,3,2012-05-27 14:21:00+00:00,2012-05-27 14:57:00+00:00,606|699|925
1630,4840fe6bf964a52030501fe3,1096,32,2,2012-05-28 20:25:00+00:00,2012-05-28 20:57:00+00:00,924|1298
1631,4840fe6bf964a52030501fe3,1096,51,2,2012-05-29 12:39:00+00:00,2012-05-29 13:30:00+00:00,10|1011
1632,4840fe6bf964a52030501fe3,1096,45,3,2012-05-29 21:48:00+00:00,2012-05-29 22:33:00+00:00,10|1011|1101
1633,4840fe6bf964a52030501fe3,1096,45,2,2012-06-04 09:17:00+00:00,2012-06-04 10:02:00+00:00,875|1248
1634,4840fe6bf964a52030501fe3,1096,15,2,2012-06-05 12:37:00+00:00,2012-06-05 12:52:00+00:00,1011|1266
1635,4840fe6bf964a52030501fe3,1096,6,2,2012-06-06 12:40:00+00:00,2012-06-06 12:46:00+00:00,1011|1266
1636,4840fe6bf964a52030501fe3,1096,32,2,2012-06-08 21:24:00+00:00,2012-06-08 21:56:00+00:00,404|1011
1637,4840fe6bf964a52030501fe3,1096,51,2,2012-06-21 12:03:00+00:00,2012-06-21 12:54:00+00:00,1011|1181
1638,4840fe6bf964a52030501fe3,1096,23,2,2012-07-03 21:48:00+00:00,2012-07-03 22:11:00+00:00,600|1282
1639,4840fe6bf964a52030501fe3,1096,53,2,2012-07-09 11:45:00+00:00,2012-07-09 12:38:00+00:00,10|274
1640,4840fe6bf964a52030501fe3,1096,22,2,2012-07-15 12:41:00+00:00,2012-07-15 13:03:00+00:00,201|1090
1641,4840fe6bf964a52030501fe3,1096,13,2,2012-07-26 23:08:00+00:00,2012-07-26 23:21:00+00:00,274|941
1642,4840fe6bf964a52030501fe3,1096,23,2,2012-07-30 11:18:00+00:00,2012-07-30 11:41:00+00:00,274|1101
1643,4840fe6bf964a52030501fe3,1096,2,2,2012-08-12 18:44:00+00:00,2012-08-12 18:46:00+00:00,993|1282
1644,4840fe6bf964a52030501fe3,1096,11,2,2012-11-05 13:52:00+00:00,2012-11-05 14:03:00+00:00,38|241
1645,4840fe6bf964a52030501fe3,1096,13,2,2012-11-09 12:52:00+00:00,2012-11-09 13:05:00+00:00,38|969
1646,4840fe6bf964a52030501fe3,1096,45,2,2012-11-12 22:44:00+00:00,2012-11-12 23:29:00+00:00,344|1657
1647,4840fe6bf964a52030501fe3,1096,6,2,2012-11-13 13:13:00+00:00,2012-11-13 13:19:00+00:00,38|1657
1648,4840fe6bf964a52030501fe3,1096,11,2,2012-11-30 14:31:00+00:00,2012-11-30 14:42:00+00:00,10|1090
1649,4840fe6bf964a52030501fe3,1096,9,2,2012-12-08 19:26:00+00:00,2012-12-08 19:35:00+00:00,1370|1479
1650,4840fe6bf964a52030501fe3,1096,36,2,2012-12-11 23:32:00+00:00,2012-12-12 00:08:00+00:00,51|909
1651,4840fe6bf964a52030501fe3,1096,56,2,2013-02-13 12:33:00+00:00,2013-02-13 13:29:00+00:00,909|1101
1652,4840fe6bf964a52030501fe3,1096,51,2,2013-02-24 20:10:00+00:00,2013-02-24 21:01:00+00:00,527|1622
1653,4840fe6bf964a52030501fe3,1096,7,2,2013-03-28 23:39:00+00:00,2013-03-28 23:46:00+00:00,909|941
1654,4840fef8f964a52031501fe3,1097,18,3,2012-04-04 23:50:00+00:00,2012-04-05 00:08:00+00:00,1476|1572|1593
1655,4840fef8f964a52031501fe3,1097,45,2,2012-04-13 22:03:00+00:00,2012-04-13 22:48:00+00:00,942|1650
1656,4840fef8f964a52031501fe3,1097,55,3,2012-05-05 20:02:00+00:00,2012-05-05 20:57:00+00:00,943|1079|1525
1657,4840fef8f964a52031501fe3,1097,7,2,2012-05-18 12:39:00+00:00,2012-05-18 12:46:00+00:00,1012|1100
1658,4840fef8f964a52031501fe3,1097,14,2,2012-05-21 14:29:00+00:00,2012-05-21 14:43:00+00:00,792|1617
1659,4840fef8f964a52031501fe3,1097,49,2,2012-05-21 14:43:00+00:00,2012-05-21 15:32:00+00:00,792|799
1660,4846c5acf964a5206f501fe3,1099,28,2,2012-12-05 01:46:00+00:00,2012-12-05 02:14:00+00:00,523|798
1661,4846c5acf964a5206f501fe3,1099,53,2,2012-12-05 02:14:00+00:00,2012-12-05 03:07:00+00:00,492|523
1662,4858e403f964a520bf501fe3,1101,5,2,2012-04-07 22:17:00+00:00,2012-04-07 22:22:00+00:00,192|1315
1663,4858e403f964a520bf501fe3,1101,58,2,2012-04-21 17:00:00+00:00,2012-04-21 17:58:00+00:00,174|515
1664,4858e403f964a520bf501fe3,1101,27,2,2012-04-28 18:49:00+00:00,2012-04-28 19:16:00+00:00,921|1638
1665,4858e403f964a520bf501fe3,1101,57,2,2012-12-08 23:42:00+00:00,2012-12-09 00:39:00+00:00,879|1187
1666,485e640df964a520d7501fe3,1104,16,2,2012-06-17 00:08:00+00:00,2012-06-17 00:24:00+00:00,119|1632
1667,485e640df964a520d7501fe3,1104,52,4,2012-07-10 22:50:00+00:00,2012-07-10 23:42:00+00:00,25|293|331|1038
1668,485e640df964a520d7501fe3,1104,54,2,2012-07-10 23:42:00+00:00,2012-07-11 00:36:00+00:00,119|293
1669,485e640df964a520d7501fe3,1104,30,2,2012-07-13 23:29:00+00:00,2012-07-13 23:59:00+00:00,682|983
1670,485e640df964a520d7501fe3,1104,25,3,2012-07-19 00:01:00+00:00,2012-07-19 00:26:00+00:00,72|682|891
1671,485e640df964a520d7501fe3,1104,37,2,2012-08-10 23:26:00+00:00,2012-08-11 00:03:00+00:00,350|579
1672,485e640df964a520d7501fe3,1104,60,3,2012-08-11 00:03:00+00:00,2012-08-11 01:03:00+00:00,531|579|663
1673,48821a51f964a52033511fe3,1111,14,2,2012-07-20 22:47:00+00:00,2012-07-20 23:01:00+00:00,613|1004
1674,488deef8f964a52058511fe3,1112,12,2,2012-05-17 02:29:00+00:00,2012-05-17 02:41:00+00:00,685|1550
1675,488deef8f964a52058511fe3,1112,60,2,2012-05-17 02:41:00+00:00,2012-05-17 03:41:00+00:00,685|783
1676,488deef8f964a52058511fe3,1112,20,2,2012-05-24 03:41:00+00:00,2012-05-24 04:01:00+00:00,783|814
1677,488deef8f964a52058511fe3,1112,37,3,2012-06-07 01:20:00+00:00,2012-06-07 01:57:00+00:00,814|1068|1146
1678,488deef8f964a52058511fe3,1112,51,2,2012-06-07 01:57:00+00:00,2012-06-07 02:48:00+00:00,685|1146
1679,488deef8f964a52058511fe3,1112,1,2,2012-06-14 03:29:00+00:00,2012-06-14 03:30:00+00:00,700|1146
1680,488deef8f964a52058511fe3,1112,34,3,2012-06-20 23:58:00+00:00,2012-06-21 00:32:00+00:00,436|601|983
1681,488deef8f964a52058511fe3,1112,43,3,2012-06-21 00:30:00+00:00,2012-06-21 01:13:00+00:00,436|814|983
1682,488deef8f964a52058511fe3,1112,13,2,2012-07-01 03:24:00+00:00,2012-07-01 03:37:00+00:00,318|664
1683,488deef8f964a52058511fe3,1112,11,2,2012-07-28 05:32:00+00:00,2012-07-28 05:43:00+00:00,1467|1563
1684,488deef8f964a52058511fe3,1112,36,2,2012-08-10 03:14:00+00:00,2012-08-10 03:50:00+00:00,1288|1529
1685,488deef8f964a52058511fe3,1112,37,2,2012-08-10 03:50:00+00:00,2012-08-10 04:27:00+00:00,546|1288
1686,488deef8f964a52058511fe3,1112,8,2,2012-09-06 04:10:00+00:00,2012-09-06 04:18:00+00:00,685|1146
1687,488deef8f964a52058511fe3,1112,50,2,2013-05-06 00:51:00+00:00,2013-05-06 01:41:00+00:00,317|763
1688,48970b66f964a52075511fe3,1113,14,2,2012-05-03 12:54:00+00:00,2012-05-03 13:08:00+00:00,98|1173
1689,48a410c0f964a52092511fe3,1116,21,2,2012-08-11 04:16:00+00:00,2012-08-11 04:37:00+00:00,33|640
1690,48c91543f964a520e4511fe3,1119,56,3,2012-05-12 23:38:00+00:00,2012-05-13 00:34:00+00:00,479|1277|1570
1691,48dab7f4f964a52009521fe3,1121,41,2,2012-05-09 03:56:00+00:00,2012-05-09 04:37:00+00:00,1190|1460
1692,48dbd425f964a5200a521fe3,1122,46,2,2012-05-09 16:07:00+00:00,2012-05-09 16:53:00+00:00,38|1305
1693,48dbd425f964a5200a521fe3,1122,25,2,2012-05-09 16:53:00+00:00,2012-05-09 17:18:00+00:00,60|1305
1694,48e0bd97f964a5201a521fe3,1123,0,2,2012-09-15 02:47:00+00:00,2012-09-15 02:47:00+00:00,1100|1546
1695,48e0bd97f964a5201a521fe3,1123,16,2,2012-11-09 23:12:00+00:00,2012-11-09 23:28:00+00:00,438|1396
1696,48e480eef964a52022521fe3,1124,6,2,2012-05-12 00:18:00+00:00,2012-05-12 00:24:00+00:00,483|989
1697,48f0fcdcf964a52041521fe3,1125,16,2,2012-05-04 04:54:00+00:00,2012-05-04 05:10:00+00:00,458|1589
1698,48f0fcdcf964a52041521fe3,1125,24,2,2012-11-24 05:13:00+00:00,2012-11-24 05:37:00+00:00,184|1185
1699,48f0fcdcf964a52041521fe3,1125,57,2,2013-02-01 03:02:00+00:00,2013-02-01 03:59:00+00:00,1337|1445
1700,4901ef67f964a5205b521fe3,1129,18,2,2012-07-08 18:09:00+00:00,2012-07-08 18:27:00+00:00,77|1088
1701,4901ef67f964a5205b521fe3,1129,42,2,2012-08-12 03:45:00+00:00,2012-08-12 04:27:00+00:00,882|1162
1702,491301a9f964a52066521fe3,1131,8,2,2012-05-22 00:11:00+00:00,2012-05-22 00:19:00+00:00,130|560
1703,491301a9f964a52066521fe3,1131,32,2,2012-12-06 22:54:00+00:00,2012-12-06 23:26:00+00:00,648|727
1704,499dea48f964a5208c521fe3,1138,57,6,2012-04-27 23:27:00+00:00,2012-04-28 00:24:00+00:00,1183|1223|1256|1534|1613|1656
1705,499dea48f964a5208c521fe3,1138,60,6,2012-04-27 23:28:00+00:00,2012-04-28 00:28:00+00:00,1183|1194|1223|1534|1613|1656
1706,499dea48f964a5208c521fe3,1138,55,3,2012-04-28 03:01:00+00:00,2012-04-28 03:56:00+00:00,1263|1336|1504
1707,499dea48f964a5208c521fe3,1138,43,3,2012-04-28 06:16:00+00:00,2012-04-28 06:59:00+00:00,1167|1202|1520
1708,49a2ef6cf964a52096521fe3,1140,27,2,2012-06-17 02:43:00+00:00,2012-06-17 03:10:00+00:00,807|847
1709,49a5746cf964a5209c521fe3,1142,49,2,2012-04-11 17:22:00+00:00,2012-04-11 18:11:00+00:00,9|1525
1710,49a5746cf964a5209c521fe3,1142,27,2,2013-01-09 19:20:00+00:00,2013-01-09 19:47:00+00:00,211|262
1711,49b15042f964a520d4521fe3,1148,28,2,2012-06-07 12:45:00+00:00,2012-06-07 13:13:00+00:00,223|348
1712,49b1f97af964a520dd521fe3,1149,6,2,2012-12-18 23:36:00+00:00,2012-12-18 23:42:00+00:00,60|120
1713,49b5889bf964a520fa521fe3,1152,6,2,2012-06-15 13:49:00+00:00,2012-06-15 13:55:00+00:00,210|823
1714,49b6a827f964a5200e531fe3,1154,12,2,2012-06-17 18:24:00+00:00,2012-06-17 18:36:00+00:00,394|488
1715,49b6d0b4f964a52012531fe3,1155,33,2,2012-04-04 11:56:00+00:00,2012-04-04 12:29:00+00:00,65|257
1716,49b6d0b4f964a52012531fe3,1155,47,3,2012-04-04 12:29:00+00:00,2012-04-04 13:16:00+00:00,39|65|957
1717,49b6d0b4f964a52012531fe3,1155,39,2,2012-04-09 12:23:00+00:00,2012-04-09 13:02:00+00:00,39|65
1718,49b6d0b4f964a52012531fe3,1155,57,2,2012-04-12 11:14:00+00:00,2012-04-12 12:11:00+00:00,65|257
1719,49b6d0b4f964a52012531fe3,1155,32,2,2012-04-20 12:36:00+00:00,2012-04-20 13:08:00+00:00,39|65
1720,49b6d0b4f964a52012531fe3,1155,25,2,2012-04-25 13:00:00+00:00,2012-04-25 13:25:00+00:00,39|1391
1721,49b6d0b4f964a52012531fe3,1155,43,2,2012-05-09 11:50:00+00:00,2012-05-09 12:33:00+00:00,65|257
1722,49b6d0b4f964a52012531fe3,1155,49,2,2012-05-09 12:33:00+00:00,2012-05-09 13:22:00+00:00,39|65
1723,49b6d0b4f964a52012531fe3,1155,46,2,2012-05-11 11:26:00+00:00,2012-05-11 12:12:00+00:00,65|257
1724,49b6d0b4f964a52012531fe3,1155,58,2,2012-05-14 11:35:00+00:00,2012-05-14 12:33:00+00:00,65|257
1725,49b6d0b4f964a52012531fe3,1155,60,2,2012-05-15 11:39:00+00:00,2012-05-15 12:39:00+00:00,65|257
1726,49b6d0b4f964a52012531fe3,1155,48,2,2012-06-04 12:02:00+00:00,2012-06-04 12:50:00+00:00,65|257
1727,49b6d0b4f964a52012531fe3,1155,29,2,2012-06-07 13:01:00+00:00,2012-06-07 13:30:00+00:00,65|1391
1728,49b6d0b4f964a52012531fe3,1155,48,2,2012-06-08 11:37:00+00:00,2012-06-08 12:25:00+00:00,65|257
1729,49b6d0b4f964a52012531fe3,1155,14,2,2012-06-12 11:34:00+00:00,2012-06-12 11:48:00+00:00,65|257
1730,49b6d0b4f964a52012531fe3,1155,22,2,2012-06-27 11:37:00+00:00,2012-06-27 11:59:00+00:00,65|257
1731,49b6d0b4f964a52012531fe3,1155,45,2,2012-07-02 11:26:00+00:00,2012-07-02 12:11:00+00:00,65|257
1732,49b6d0b4f964a52012531fe3,1155,3,2,2012-07-03 11:31:00+00:00,2012-07-03 11:34:00+00:00,65|257
1733,49b79f54f964a5202c531fe3,1158,16,2,2012-05-06 23:24:00+00:00,2012-05-06 23:40:00+00:00,347|1351
1734,49b79f54f964a5202c531fe3,1158,48,2,2012-07-04 23:07:00+00:00,2012-07-04 23:55:00+00:00,1189|1293
1735,49b79f54f964a5202c531fe3,1158,13,2,2012-11-06 23:42:00+00:00,2012-11-06 23:55:00+00:00,250|1297
1736,49b79f54f964a5202c531fe3,1158,15,2,2012-11-29 01:15:00+00:00,2012-11-29 01:30:00+00:00,993|1297
1737,49b7ed6df964a52030531fe3,1160,55,2,2012-04-15 01:09:00+00:00,2012-04-15 02:04:00+00:00,755|999
1738,49b7ed6df964a52030531fe3,1160,28,2,2012-04-18 19:31:00+00:00,2012-04-18 19:59:00+00:00,1248|1532
1739,49b7ed6df964a52030531fe3,1160,54,3,2012-04-18 23:18:00+00:00,2012-04-19 00:12:00+00:00,395|556|630
1740,49b7ed6df964a52030531fe3,1160,10,2,2012-04-20 01:10:00+00:00,2012-04-20 01:20:00+00:00,1315|1624
1741,49b7ed6df964a52030531fe3,1160,15,2,2012-04-21 03:43:00+00:00,2012-04-21 03:58:00+00:00,331|534
1742,49b7ed6df964a52030531fe3,1160,19,2,2012-04-25 23:12:00+00:00,2012-04-25 23:31:00+00:00,331|556
1743,49b7ed6df964a52030531fe3,1160,10,2,2012-04-29 02:02:00+00:00,2012-04-29 02:12:00+00:00,630|766
1744,49b7ed6df964a52030531fe3,1160,18,2,2012-05-11 21:17:00+00:00,2012-05-11 21:35:00+00:00,534|1133
1745,49b7ed6df964a52030531fe3,1160,22,2,2012-05-13 00:53:00+00:00,2012-05-13 01:15:00+00:00,702|1249
1746,49b7ed6df964a52030531fe3,1160,34,2,2012-05-29 22:09:00+00:00,2012-05-29 22:43:00+00:00,370|1136
1747,49b7ed6df964a52030531fe3,1160,45,2,2012-06-04 00:17:00+00:00,2012-06-04 01:02:00+00:00,905|1259
1748,49b7ed6df964a52030531fe3,1160,0,2,2012-06-08 20:10:00+00:00,2012-06-08 20:10:00+00:00,580|1402
1749,49b7ed6df964a52030531fe3,1160,57,2,2012-06-17 04:04:00+00:00,2012-06-17 05:01:00+00:00,556|1245
1750,49b7ed6df964a52030531fe3,1160,14,2,2012-07-03 18:25:00+00:00,2012-07-03 18:39:00+00:00,854|1287
1751,49b7ed6df964a52030531fe3,1160,15,2,2012-07-04 04:43:00+00:00,2012-07-04 04:58:00+00:00,1293|1624
1752,49b7ed6df964a52030531fe3,1160,50,2,2012-08-06 03:49:00+00:00,2012-08-06 04:39:00+00:00,667|689
1753,49b7ed6df964a52030531fe3,1160,23,2,2012-08-11 02:04:00+00:00,2012-08-11 02:27:00+00:00,1129|1574
1754,49b7ed6df964a52030531fe3,1160,23,2,2012-08-14 21:56:00+00:00,2012-08-14 22:19:00+00:00,1077|1284
1755,49b7ed6df964a52030531fe3,1160,33,2,2012-12-08 19:08:00+00:00,2012-12-08 19:41:00+00:00,1210|1370
1756,49b7ed6df964a52030531fe3,1160,57,4,2012-12-31 22:47:00+00:00,2012-12-31 23:44:00+00:00,709|1304|1366|1642
1757,49b7ed6df964a52030531fe3,1160,15,2,2013-01-01 03:30:00+00:00,2013-01-01 03:45:00+00:00,159|1611
1758,49b7ed6df964a52030531fe3,1160,53,2,2013-01-01 03:45:00+00:00,2013-01-01 04:38:00+00:00,159|1439
1759,49b7ed6df964a52030531fe3,1160,39,4,2013-01-01 04:38:00+00:00,2013-01-01 05:17:00+00:00,1233|1439|1495|1642
1760,49b7ed6df964a52030531fe3,1160,33,2,2013-04-16 04:54:00+00:00,2013-04-16 05:27:00+00:00,1415|1583
1761,49b87b8cf964a52044531fe3,1162,12,2,2012-04-11 00:20:00+00:00,2012-04-11 00:32:00+00:00,71|1209
1762,49b87b8cf964a52044531fe3,1162,4,2,2012-05-07 14:13:00+00:00,2012-05-07 14:17:00+00:00,60|410
1763,49b87b8cf964a52044531fe3,1162,31,2,2012-05-07 20:14:00+00:00,2012-05-07 20:45:00+00:00,38|60
1764,49b87b8cf964a52044531fe3,1162,37,2,2012-10-24 12:29:00+00:00,2012-10-24 13:06:00+00:00,60|249
1765,49ba9f0af964a52087531fe3,1166,20,2,2012-05-09 12:41:00+00:00,2012-05-09 13:01:00+00:00,364|828
1766,49bad9acf964a520b8531fe3,1170,19,2,2013-01-04 22:15:00+00:00,2013-01-04 22:34:00+00:00,721|843
1767,49bd4e25f964a52067541fe3,1179,37,2,2012-04-08 14:33:00+00:00,2012-04-08 15:10:00+00:00,1145|1178
1768,49bd4e25f964a52067541fe3,1179,23,2,2012-06-13 10:44:00+00:00,2012-06-13 11:07:00+00:00,520|1081
1769,49be9addf964a520c4541fe3,1182,8,2,2012-04-25 16:13:00+00:00,2012-04-25 16:21:00+00:00,273|328
1770,49bee48bf964a520ed541fe3,1188,13,2,2012-11-15 23:52:00+00:00,2012-11-16 00:05:00+00:00,1|51
1771,49bee48bf964a520ed541fe3,1188,12,2,2013-02-19 19:08:00+00:00,2013-02-19 19:20:00+00:00,143|837
1772,49c046f1f964a5205b551fe3,1193,14,2,2012-04-22 01:28:00+00:00,2012-04-22 01:42:00+00:00,476|642
1773,49c046f1f964a5205b551fe3,1193,10,2,2012-05-07 11:14:00+00:00,2012-05-07 11:24:00+00:00,727|1450
1774,49c046f1f964a5205b551fe3,1193,5,2,2012-05-21 21:38:00+00:00,2012-05-21 21:43:00+00:00,7|93
1775,49c046f1f964a5205b551fe3,1193,0,2,2012-05-25 22:50:00+00:00,2012-05-25 22:50:00+00:00,374|1031
1776,49c046f1f964a5205b551fe3,1193,49,2,2012-07-04 09:20:00+00:00,2012-07-04 10:09:00+00:00,662|663
1777,49c046f1f964a5205b551fe3,1193,41,2,2012-07-08 12:08:00+00:00,2012-07-08 12:49:00+00:00,330|461
1778,49c046f1f964a5205b551fe3,1193,52,2,2012-07-09 14:10:00+00:00,2012-07-09 15:02:00+00:00,951|980
1779,49c046f1f964a5205b551fe3,1193,56,2,2012-08-17 17:36:00+00:00,2012-08-17 18:32:00+00:00,36|1155
1780,49c16439f964a520a4551fe3,1196,1,2,2012-05-03 23:52:00+00:00,2012-05-03 23:53:00+00:00,1372|1386
1781,49c16439f964a520a4551fe3,1196,1,2,2012-05-09 22:38:00+00:00,2012-05-09 22:39:00+00:00,1372|1386
1782,49c16439f964a520a4551fe3,1196,2,2,2012-07-13 00:20:00+00:00,2012-07-13 00:22:00+00:00,1372|1386
1783,49c170abf964a520a7551fe3,1197,42,2,2012-05-05 16:01:00+00:00,2012-05-05 16:43:00+00:00,990|1020
1784,49c170abf964a520a7551fe3,1197,45,2,2012-06-11 17:17:00+00:00,2012-06-11 18:02:00+00:00,515|1410
1785,49c180edf964a520af551fe3,1198,47,2,2012-05-28 03:52:00+00:00,2012-05-28 04:39:00+00:00,783|1013
1786,49c180edf964a520af551fe3,1198,17,2,2012-05-28 06:54:00+00:00,2012-05-28 07:11:00+00:00,764|964
1787,49c180edf964a520af551fe3,1198,59,2,2012-08-20 05:00:00+00:00,2012-08-20 05:59:00+00:00,781|843
1788,49c180edf964a520af551fe3,1198,21,2,2012-12-03 05:10:00+00:00,2012-12-03 05:31:00+00:00,783|979
1789,49c18298f964a520b0551fe3,1199,9,2,2012-05-09 22:56:00+00:00,2012-05-09 23:05:00+00:00,123|762
1790,49c27575f964a520f1551fe3,1200,12,2,2012-04-07 21:07:00+00:00,2012-04-07 21:19:00+00:00,368|1268
1791,49c27575f964a520f1551fe3,1200,36,3,2012-04-13 20:34:00+00:00,2012-04-13 21:10:00+00:00,472|1247|1489
1792,49c27575f964a520f1551fe3,1200,8,2,2012-05-12 17:54:00+00:00,2012-05-12 18:02:00+00:00,300|852
1793,49c27575f964a520f1551fe3,1200,53,2,2012-05-19 19:16:00+00:00,2012-05-19 20:09:00+00:00,428|1141
1794,49c27575f964a520f1551fe3,1200,60,2,2012-05-19 20:09:00+00:00,2012-05-19 21:09:00+00:00,748|1141
1795,49c27575f964a520f1551fe3,1200,16,2,2012-05-25 21:04:00+00:00,2012-05-25 21:20:00+00:00,655|1514
1796,49c27575f964a520f1551fe3,1200,28,2,2012-07-07 14:20:00+00:00,2012-07-07 14:48:00+00:00,413|1083
1797,49c27575f964a520f1551fe3,1200,10,2,2012-07-07 18:23:00+00:00,2012-07-07 18:33:00+00:00,576|595
1798,49c27575f964a520f1551fe3,1200,60,2,2013-04-06 13:10:00+00:00,2013-04-06 14:10:00+00:00,412|1214
1799,49c2df9cf964a5203b561fe3,1201,33,2,2012-06-08 00:43:00+00:00,2012-06-08 01:16:00+00:00,803|876
1800,49c2df9cf964a5203b561fe3,1201,1,2,2012-07-16 13:03:00+00:00,2012-07-16 13:04:00+00:00,670|1427
1801,49c2df9cf964a5203b561fe3,1201,57,2,2012-08-13 16:50:00+00:00,2012-08-13 17:47:00+00:00,1022|1282
1802,49c39ed6f964a52066561fe3,1203,19,2,2012-07-04 16:53:00+00:00,2012-07-04 17:12:00+00:00,957|1140
1803,49c3a162f964a52067561fe3,1204,16,2,2012-12-07 16:08:00+00:00,2012-12-07 16:24:00+00:00,1347|1493
1804,49c406a8f964a5208d561fe3,1206,49,2,2012-12-20 04:04:00+00:00,2012-12-20 04:53:00+00:00,1233|1415
1805,49c56e4ff964a52003571fe3,1215,44,2,2012-04-29 05:05:00+00:00,2012-04-29 05:49:00+00:00,301|1624
1806,49c56e4ff964a52003571fe3,1215,0,2,2012-05-13 04:41:00+00:00,2012-05-13 04:41:00+00:00,964|1051
1807,49c64842f964a5202e571fe3,1217,37,2,2012-04-22 00:40:00+00:00,2012-04-22 01:17:00+00:00,1315|1461
1808,49c64842f964a5202e571fe3,1217,28,2,2012-07-12 15:37:00+00:00,2012-07-12 16:05:00+00:00,1355|1563
1809,49c64842f964a5202e571fe3,1217,1,2,2012-10-24 12:08:00+00:00,2012-10-24 12:09:00+00:00,1446|1611
1810,49c65e83f964a5203b571fe3,1220,51,2,2012-05-08 23:18:00+00:00,2012-05-09 00:09:00+00:00,318|354
1811,49c6a96af964a5206d571fe3,1223,56,2,2013-02-14 01:36:00+00:00,2013-02-14 02:32:00+00:00,915|1368
1812,49c853f7f964a52015581fe3,1229,34,2,2012-04-15 00:00:00+00:00,2012-04-15 00:34:00+00:00,128|1159
1813,49c9439bf964a5204e581fe3,1231,46,2,2012-05-15 22:36:00+00:00,2012-05-15 23:22:00+00:00,252|781
1814,49c9439bf964a5204e581fe3,1231,25,2,2012-11-11 22:30:00+00:00,2012-11-11 22:55:00+00:00,193|985
1815,49c943d2f964a5204f581fe3,1232,6,2,2012-05-11 09:55:00+00:00,2012-05-11 10:01:00+00:00,353|1218
1816,49c943d2f964a5204f581fe3,1232,29,2,2012-05-19 14:04:00+00:00,2012-05-19 14:33:00+00:00,1145|1218
1817,49c943d2f964a5204f581fe3,1232,42,2,2012-06-13 09:51:00+00:00,2012-06-13 10:33:00+00:00,353|1218
1818,49c943d2f964a5204f581fe3,1232,44,2,2013-01-14 21:49:00+00:00,2013-01-14 22:33:00+00:00,537|1218
1819,49c943d2f964a5204f581fe3,1232,51,2,2013-02-13 11:29:00+00:00,2013-02-13 12:20:00+00:00,537|1218
1820,49c964baf964a5205c581fe3,1233,44,2,2012-05-12 20:56:00+00:00,2012-05-12 21:40:00+00:00,71|1369
1821,49c9660bf964a5205d581fe3,1234,24,2,2012-06-04 12:13:00+00:00,2012-06-04 12:37:00+00:00,1464|1516
1822,49ca9f91f964a520cc581fe3,1239,7,2,2012-04-16 15:57:00+00:00,2012-04-16 16:04:00+00:00,227|488
1823,49caa5a0f964a520d0581fe3,1240,7,2,2012-07-13 22:56:00+00:00,2012-07-13 23:03:00+00:00,123|488
1824,49caa5a0f964a520d0581fe3,1240,6,2,2012-12-12 01:16:00+00:00,2012-12-12 01:22:00+00:00,17|1580
1825,49cacfb5f964a520e6581fe3,1242,3,2,2012-06-03 13:07:00+00:00,2012-06-03 13:10:00+00:00,566|608
1826,49cbb6f9f964a5200f591fe3,1244,36,2,2012-04-24 23:41:00+00:00,2012-04-25 00:17:00+00:00,639|1340
1827,49cbb6f9f964a5200f591fe3,1244,21,2,2012-10-11 20:34:00+00:00,2012-10-11 20:55:00+00:00,816|952
1828,49cbcc5cf964a5201d591fe3,1245,57,2,2012-04-09 16:05:00+00:00,2012-04-09 17:02:00+00:00,236|316
1829,49ccb999f964a5208d591fe3,1253,1,2,2012-12-01 02:24:00+00:00,2012-12-01 02:25:00+00:00,669|727
1830,49cd1aeef964a520bb591fe3,1256,7,2,2012-10-22 23:01:00+00:00,2012-10-22 23:08:00+00:00,762|1179
1831,49ce4f5bf964a520315a1fe3,1261,27,2,2012-04-21 00:50:00+00:00,2012-04-21 01:17:00+00:00,1445|1617
1832,49ce7cb3f964a520495a1fe3,1262,52,2,2013-02-06 23:49:00+00:00,2013-02-07 00:41:00+00:00,917|1396
1833,49ce965bf964a520605a1fe3,1264,13,2,2013-01-31 02:24:00+00:00,2013-01-31 02:37:00+00:00,650|1043
1834,49cebdeaf964a520815a1fe3,1266,49,2,2012-11-13 01:59:00+00:00,2012-11-13 02:48:00+00:00,173|1283
1835,49cf90f2f964a520ae5a1fe3,1267,53,2,2013-01-13 04:54:00+00:00,2013-01-13 05:47:00+00:00,20|1630
1836,49cf9efbf964a520b05a1fe3,1269,2,2,2012-04-09 23:08:00+00:00,2012-04-09 23:10:00+00:00,863|1178
1837,49cfef8cf964a520e65a1fe3,1270,55,2,2012-04-14 14:32:00+00:00,2012-04-14 15:27:00+00:00,1020|1054
1838,49cfef8cf964a520e65a1fe3,1270,53,2,2012-10-30 15:20:00+00:00,2012-10-30 16:13:00+00:00,189|1020
1839,49d012ecf964a520fc5a1fe3,1272,0,2,2012-05-05 05:34:00+00:00,2012-05-05 05:34:00+00:00,1080|1238
1840,49d012ecf964a520fc5a1fe3,1272,2,2,2012-05-19 19:53:00+00:00,2012-05-19 19:55:00+00:00,1341|1481
1841,49d012ecf964a520fc5a1fe3,1272,31,2,2012-09-09 21:15:00+00:00,2012-09-09 21:46:00+00:00,1099|1528
1842,49d0cb5ff964a520315b1fe3,1273,26,2,2012-04-29 03:48:00+00:00,2012-04-29 04:14:00+00:00,779|1142
1843,49d295c5f964a520ba5b1fe3,1278,12,2,2012-05-07 22:05:00+00:00,2012-05-07 22:17:00+00:00,627|1292
1844,49d3d4a7f964a5201a5c1fe3,1283,2,2,2012-06-14 02:19:00+00:00,2012-06-14 02:21:00+00:00,47|1050
1845,49d4ce02f964a5204e5c1fe3,1284,7,2,2012-05-28 03:14:00+00:00,2012-05-28 03:21:00+00:00,701|1164
1846,49d60947f964a520a85c1fe3,1287,54,2,2012-04-07 15:46:00+00:00,2012-04-07 16:40:00+00:00,478|807
1847,49d60947f964a520a85c1fe3,1287,46,3,2012-04-07 16:40:00+00:00,2012-04-07 17:26:00+00:00,807|918|1361
1848,49d60947f964a520a85c1fe3,1287,26,3,2012-04-08 16:38:00+00:00,2012-04-08 17:04:00+00:00,190|807|1638
1849,49d60947f964a520a85c1fe3,1287,34,2,2012-04-10 22:00:00+00:00,2012-04-10 22:34:00+00:00,266|1470
1850,49d60947f964a520a85c1fe3,1287,58,3,2012-04-11 16:24:00+00:00,2012-04-11 17:22:00+00:00,649|754|1192
1851,49d60947f964a520a85c1fe3,1287,38,2,2012-04-11 17:22:00+00:00,2012-04-11 18:00:00+00:00,649|666
1852,49d60947f964a520a85c1fe3,1287,8,2,2012-04-20 23:58:00+00:00,2012-04-21 00:06:00+00:00,87|663
1853,49d60947f964a520a85c1fe3,1287,10,2,2012-04-23 22:53:00+00:00,2012-04-23 23:03:00+00:00,140|756
1854,49d60947f964a520a85c1fe3,1287,36,2,2012-04-24 22:17:00+00:00,2012-04-24 22:53:00+00:00,770|1192
1855,49d60947f964a520a85c1fe3,1287,48,4,2012-04-25 21:57:00+00:00,2012-04-25 22:45:00+00:00,558|1470|1544|1614
1856,49d60947f964a520a85c1fe3,1287,36,4,2012-04-25 22:33:00+00:00,2012-04-25 23:09:00+00:00,359|558|1544|1614
1857,49d60947f964a520a85c1fe3,1287,33,3,2012-05-04 21:47:00+00:00,2012-05-04 22:20:00+00:00,412|607|969
1858,49d60947f964a520a85c1fe3,1287,37,4,2012-05-05 19:49:00+00:00,2012-05-05 20:26:00+00:00,87|99|606|623
1859,49d60947f964a520a85c1fe3,1287,48,3,2012-05-06 16:33:00+00:00,2012-05-06 17:21:00+00:00,153|705|1361
1860,49d60947f964a520a85c1fe3,1287,54,5,2012-05-14 22:11:00+00:00,2012-05-14 23:05:00+00:00,68|126|464|770|1588
1861,49d60947f964a520a85c1fe3,1287,54,5,2012-05-15 22:35:00+00:00,2012-05-15 23:29:00+00:00,222|703|1372|1451|1476
1862,49d60947f964a520a85c1fe3,1287,37,2,2012-05-15 23:29:00+00:00,2012-05-16 00:06:00+00:00,702|1372
1863,49d60947f964a520a85c1fe3,1287,25,2,2012-05-16 00:06:00+00:00,2012-05-16 00:31:00+00:00,702|739
1864,49d60947f964a520a85c1fe3,1287,33,2,2012-05-16 23:55:00+00:00,2012-05-17 00:28:00+00:00,703|1226
1865,49d60947f964a520a85c1fe3,1287,50,2,2012-05-17 16:59:00+00:00,2012-05-17 17:49:00+00:00,558|1041
1866,49d60947f964a520a85c1fe3,1287,10,2,2012-05-27 15:29:00+00:00,2012-05-27 15:39:00+00:00,705|1372
1867,49d60947f964a520a85c1fe3,1287,51,3,2012-05-27 16:49:00+00:00,2012-05-27 17:40:00+00:00,249|889|1261
1868,49d60947f964a520a85c1fe3,1287,52,3,2012-05-27 17:18:00+00:00,2012-05-27 18:10:00+00:00,117|249|889
1869,49d60947f964a520a85c1fe3,1287,32,3,2012-05-28 15:11:00+00:00,2012-05-28 15:43:00+00:00,705|830|902
1870,49d60947f964a520a85c1fe3,1287,46,3,2012-05-28 17:13:00+00:00,2012-05-28 17:59:00+00:00,52|652|1050
1871,49d60947f964a520a85c1fe3,1287,40,3,2012-05-29 22:50:00+00:00,2012-05-29 23:30:00+00:00,61|1372|1386
1872,49d60947f964a520a85c1fe3,1287,54,2,2012-06-20 23:12:00+00:00,2012-06-21 00:06:00+00:00,605|836
1873,49d60947f964a520a85c1fe3,1287,29,2,2012-07-03 22:46:00+00:00,2012-07-03 23:15:00+00:00,558|807
1874,49d60947f964a520a85c1fe3,1287,29,4,2012-07-06 22:39:00+00:00,2012-07-06 23:08:00+00:00,391|1162|1231|1279
1875,49d60947f964a520a85c1fe3,1287,9,2,2012-07-07 19:36:00+00:00,2012-07-07 19:45:00+00:00,786|869
1876,49d60947f964a520a85c1fe3,1287,17,2,2012-08-10 22:56:00+00:00,2012-08-10 23:13:00+00:00,889|989
1877,49d60947f964a520a85c1fe3,1287,51,3,2012-08-11 22:24:00+00:00,2012-08-11 23:15:00+00:00,511|918|1431
1878,49d60947f964a520a85c1fe3,1287,30,2,2012-08-12 22:58:00+00:00,2012-08-12 23:28:00+00:00,96|388
1879,49d60947f964a520a85c1fe3,1287,54,2,2012-08-12 23:28:00+00:00,2012-08-13 00:22:00+00:00,388|786
1880,49d60947f964a520a85c1fe3,1287,10,2,2012-08-13 02:13:00+00:00,2012-08-13 02:23:00+00:00,96|705
1881,49d675c5f964a520d15c1fe3,1288,15,2,2013-01-05 18:55:00+00:00,2013-01-05 19:10:00+00:00,221|1384
1882,49d77c3af964a520285d1fe3,1293,2,2,2012-07-08 18:02:00+00:00,2012-07-08 18:04:00+00:00,169|198
1883,49d840d8f964a520b45d1fe3,1300,12,4,2012-05-17 23:11:00+00:00,2012-05-17 23:23:00+00:00,60|140|404|1243
1884,49d91905f964a520005e1fe3,1302,17,2,2012-05-23 22:48:00+00:00,2012-05-23 23:05:00+00:00,717|789
1885,49d964c4f964a520305e1fe3,1308,58,3,2013-02-01 23:08:00+00:00,2013-02-02 00:06:00+00:00,123|490|1121
1886,49d964c4f964a520305e1fe3,1308,32,3,2013-02-01 23:49:00+00:00,2013-02-02 00:21:00+00:00,144|490|1121
1887,49d964c4f964a520305e1fe3,1308,29,2,2013-03-08 23:38:00+00:00,2013-03-09 00:07:00+00:00,461|490
1888,49da5ee0f964a5207c5e1fe3,1313,8,2,2012-04-10 10:50:00+00:00,2012-04-10 10:58:00+00:00,966|1081
1889,49da5ee0f964a5207c5e1fe3,1313,13,2,2012-04-19 10:48:00+00:00,2012-04-19 11:01:00+00:00,966|1081
1890,49da5ee0f964a5207c5e1fe3,1313,0,2,2012-05-08 10:52:00+00:00,2012-05-08 10:52:00+00:00,966|1081
1891,49da5ee0f964a5207c5e1fe3,1313,12,2,2012-05-17 10:49:00+00:00,2012-05-17 11:01:00+00:00,966|1081
1892,49da5ee0f964a5207c5e1fe3,1313,5,2,2012-05-22 10:49:00+00:00,2012-05-22 10:54:00+00:00,966|1081
1893,49db721df964a520d35e1fe3,1319,10,3,2012-05-05 03:04:00+00:00,2012-05-05 03:14:00+00:00,155|710|922
1894,49db721df964a520d35e1fe3,1319,2,2,2012-07-01 00:50:00+00:00,2012-07-01 00:52:00+00:00,625|1435
1895,49dcb7e4f964a5209c5f1fe3,1325,13,2,2012-05-13 17:46:00+00:00,2012-05-13 17:59:00+00:00,711|782
1896,49de0156f964a52021601fe3,1330,30,2,2012-04-08 17:59:00+00:00,2012-04-08 18:29:00+00:00,331|1547
1897,49de0156f964a52021601fe3,1330,22,2,2012-06-17 16:46:00+00:00,2012-06-17 17:08:00+00:00,1038|1200
1898,49de328df964a52031601fe3,1332,32,2,2012-06-17 05:13:00+00:00,2012-06-17 05:45:00+00:00,921|1272
1899,49e12847f964a5209f611fe3,1342,8,2,2012-07-17 22:53:00+00:00,2012-07-17 23:01:00+00:00,151|448
1900,49e12847f964a5209f611fe3,1342,1,2,2013-03-06 00:45:00+00:00,2013-03-06 00:46:00+00:00,399|835
1901,49e17f24f964a520d1611fe3,1344,49,2,2012-05-05 18:19:00+00:00,2012-05-05 19:08:00+00:00,156|765
1902,49e17f24f964a520d1611fe3,1344,17,2,2012-05-05 19:08:00+00:00,2012-05-05 19:25:00+00:00,156|302
1903,49e17f24f964a520d1611fe3,1344,14,2,2012-05-09 00:23:00+00:00,2012-05-09 00:37:00+00:00,454|483
1904,49e17f24f964a520d1611fe3,1344,18,2,2012-05-14 21:45:00+00:00,2012-05-14 22:03:00+00:00,334|431
1905,49e17f24f964a520d1611fe3,1344,36,2,2012-07-02 21:52:00+00:00,2012-07-02 22:28:00+00:00,302|334
1906,49e17f24f964a520d1611fe3,1344,38,2,2012-07-04 14:47:00+00:00,2012-07-04 15:25:00+00:00,30|765
1907,49e17f24f964a520d1611fe3,1344,0,2,2012-07-04 19:47:00+00:00,2012-07-04 19:47:00+00:00,340|1328
1908,49e17f24f964a520d1611fe3,1344,60,2,2012-07-05 20:17:00+00:00,2012-07-05 21:17:00+00:00,293|957
1909,49e17f24f964a520d1611fe3,1344,48,2,2012-07-17 22:23:00+00:00,2012-07-17 23:11:00+00:00,302|334
1910,49e17f24f964a520d1611fe3,1344,54,2,2012-07-17 23:11:00+00:00,2012-07-18 00:05:00+00:00,302|1411
1911,49e17f24f964a520d1611fe3,1344,25,2,2012-07-20 14:03:00+00:00,2012-07-20 14:28:00+00:00,989|999
1912,49e17f24f964a520d1611fe3,1344,5,2,2012-07-28 00:42:00+00:00,2012-07-28 00:47:00+00:00,1460|1463
1913,49e17f24f964a520d1611fe3,1344,54,3,2012-09-15 01:29:00+00:00,2012-09-15 02:23:00+00:00,96|789|833
1914,49e17f24f964a520d1611fe3,1344,4,2,2012-11-11 00:20:00+00:00,2012-11-11 00:24:00+00:00,97|1139
1915,49e17f24f964a520d1611fe3,1344,19,2,2012-12-29 23:16:00+00:00,2012-12-29 23:35:00+00:00,403|542
1916,49e17f24f964a520d1611fe3,1344,23,3,2013-01-09 23:49:00+00:00,2013-01-10 00:12:00+00:00,161|876|1242
1917,49e17f24f964a520d1611fe3,1344,49,3,2013-01-29 22:33:00+00:00,2013-01-29 23:22:00+00:00,680|847|1242
1918,49e17f24f964a520d1611fe3,1344,4,2,2013-04-27 22:55:00+00:00,2013-04-27 22:59:00+00:00,774|1165
1919,49e330a9f964a52069621fe3,1349,56,2,2012-04-19 21:32:00+00:00,2012-04-19 22:28:00+00:00,161|556
1920,49e330a9f964a52069621fe3,1349,16,2,2012-04-21 19:20:00+00:00,2012-04-21 19:36:00+00:00,850|1471
1921,49e330a9f964a52069621fe3,1349,36,2,2012-10-22 22:27:00+00:00,2012-10-22 23:03:00+00:00,67|680
1922,49e3a2b3f964a520a6621fe3,1356,17,2,2012-04-19 18:55:00+00:00,2012-04-19 19:12:00+00:00,336|1136
1923,49e4a677f964a52014631fe3,1359,28,2,2012-04-04 13:28:00+00:00,2012-04-04 13:56:00+00:00,36|1255
1924,49e4a769f964a52015631fe3,1360,53,2,2012-05-19 13:23:00+00:00,2012-05-19 14:16:00+00:00,193|413
1925,49e4a769f964a52015631fe3,1360,58,3,2012-05-19 14:16:00+00:00,2012-05-19 15:14:00+00:00,193|650|739
1926,49e4a769f964a52015631fe3,1360,6,2,2012-05-27 20:16:00+00:00,2012-05-27 20:22:00+00:00,1050|1206
1927,49e4a769f964a52015631fe3,1360,10,2,2012-05-28 16:44:00+00:00,2012-05-28 16:54:00+00:00,455|1245
1928,49e4ec34f964a5206e631fe3,1365,1,2,2012-12-11 01:40:00+00:00,2012-12-11 01:41:00+00:00,253|1164
1929,49e4f405f964a52078631fe3,1366,3,2,2012-09-12 17:54:00+00:00,2012-09-12 17:57:00+00:00,169|198
1930,49ecd458f964a52099671fe3,1392,1,2,2012-07-07 02:19:00+00:00,2012-07-07 02:20:00+00:00,151|448
1931,49eeaf08f964a52078681fe3,1405,28,2,2012-05-19 21:15:00+00:00,2012-05-19 21:43:00+00:00,616|1626
1932,49eeaf08f964a52078681fe3,1405,10,4,2012-10-26 00:00:00+00:00,2012-10-26 00:10:00+00:00,1|616|1088|1619
1933,49ef216ef964a52080681fe3,1406,28,2,2012-05-15 22:10:00+00:00,2012-05-15 22:38:00+00:00,316|1393
1934,49ef216ef964a52080681fe3,1406,29,2,2012-07-13 14:27:00+00:00,2012-07-13 14:56:00+00:00,223|1101
1935,49ef67bbf964a520af681fe3,1412,1,2,2012-04-29 20:51:00+00:00,2012-04-29 20:52:00+00:00,780|1051
1936,49efce26f964a52007691fe3,1417,28,2,2012-05-07 21:06:00+00:00,2012-05-07 21:34:00+00:00,493|515
1937,49f1c450f964a520b6691fe3,1424,48,2,2012-05-16 16:29:00+00:00,2012-05-16 17:17:00+00:00,216|545
1938,49f201def964a520cc691fe3,1425,16,2,2012-05-25 22:57:00+00:00,2012-05-25 23:13:00+00:00,161|1152
1939,49f20287f964a520ce691fe3,1426,60,2,2012-04-14 01:12:00+00:00,2012-04-14 02:12:00+00:00,794|1422
1940,49f220a3f964a520ee691fe3,1427,4,2,2012-05-19 19:39:00+00:00,2012-05-19 19:43:00+00:00,616|1626
1941,49f33ef2f964a520766a1fe3,1430,54,2,2013-03-07 01:45:00+00:00,2013-03-07 02:39:00+00:00,526|926
1942,49f33ef2f964a520766a1fe3,1430,46,2,2013-05-05 23:56:00+00:00,2013-05-06 00:42:00+00:00,526|784
1943,49f3417bf964a5207a6a1fe3,1431,54,3,2012-06-04 23:32:00+00:00,2012-06-05 00:26:00+00:00,783|1226|1471
1944,49f34c8ff964a520866a1fe3,1432,24,2,2012-04-15 14:46:00+00:00,2012-04-15 15:10:00+00:00,90|1149
1945,49f5cd90f964a520b96b1fe3,1449,53,2,2012-06-07 00:06:00+00:00,2012-06-07 00:59:00+00:00,611|663
1946,49f6644af964a520396c1fe3,1453,6,2,2012-10-18 20:49:00+00:00,2012-10-18 20:55:00+00:00,510|1341
1947,49f7097ff964a520656c1fe3,1457,9,2,2012-07-20 23:57:00+00:00,2012-07-21 00:06:00+00:00,714|733
1948,49f7456af964a5207b6c1fe3,1458,41,2,2012-04-21 23:51:00+00:00,2012-04-22 00:32:00+00:00,77|597
1949,49f7456af964a5207b6c1fe3,1458,57,3,2012-04-22 00:32:00+00:00,2012-04-22 01:29:00+00:00,483|597|1022
1950,49f7456af964a5207b6c1fe3,1458,41,2,2012-04-22 20:57:00+00:00,2012-04-22 21:38:00+00:00,44|483
1951,49f7456af964a5207b6c1fe3,1458,30,2,2012-05-17 15:38:00+00:00,2012-05-17 16:08:00+00:00,277|999
1952,49f754c1f964a520896c1fe3,1459,35,3,2012-04-03 22:30:00+00:00,2012-04-03 23:05:00+00:00,596|745|887
1953,49f754c1f964a520896c1fe3,1459,59,5,2012-04-07 18:03:00+00:00,2012-04-07 19:02:00+00:00,559|745|786|887|972
1954,49f754c1f964a520896c1fe3,1459,37,6,2012-04-07 18:41:00+00:00,2012-04-07 19:18:00+00:00,299|559|745|887|972|1006
1955,49f754c1f964a520896c1fe3,1459,47,5,2012-04-17 22:31:00+00:00,2012-04-17 23:18:00+00:00,406|544|745|887|1425
1956,49f754c1f964a520896c1fe3,1459,27,2,2012-04-17 23:18:00+00:00,2012-04-17 23:45:00+00:00,311|745
1957,49f754c1f964a520896c1fe3,1459,35,3,2012-04-18 22:25:00+00:00,2012-04-18 23:00:00+00:00,718|1339|1637
1958,49f754c1f964a520896c1fe3,1459,59,7,2012-04-19 22:13:00+00:00,2012-04-19 23:12:00+00:00,305|553|559|745|786|887|1453
1959,49f754c1f964a520896c1fe3,1459,56,2,2012-04-23 22:03:00+00:00,2012-04-23 22:59:00+00:00,850|1012
1960,49f754c1f964a520896c1fe3,1459,34,2,2012-04-23 22:59:00+00:00,2012-04-23 23:33:00+00:00,625|1012
1961,49f754c1f964a520896c1fe3,1459,52,2,2012-04-23 23:33:00+00:00,2012-04-24 00:25:00+00:00,625|1502
1962,49f754c1f964a520896c1fe3,1459,57,5,2012-04-24 22:19:00+00:00,2012-04-24 23:16:00+00:00,305|745|786|887|1378
1963,49f754c1f964a520896c1fe3,1459,56,5,2012-04-24 22:35:00+00:00,2012-04-24 23:31:00+00:00,544|745|786|852|887
1964,49f754c1f964a520896c1fe3,1459,60,4,2012-04-24 23:16:00+00:00,2012-04-25 00:16:00+00:00,544|559|745|852
1965,49f754c1f964a520896c1fe3,1459,42,3,2012-05-03 22:25:00+00:00,2012-05-03 23:07:00+00:00,305|544|887
1966,49f754c1f964a520896c1fe3,1459,47,3,2012-05-03 22:41:00+00:00,2012-05-03 23:28:00+00:00,305|544|745
1967,49f754c1f964a520896c1fe3,1459,11,2,2012-05-06 00:39:00+00:00,2012-05-06 00:50:00+00:00,335|1507
1968,49f754c1f964a520896c1fe3,1459,56,3,2012-05-06 22:01:00+00:00,2012-05-06 22:57:00+00:00,305|786|887
1969,49f754c1f964a520896c1fe3,1459,51,5,2012-05-06 22:51:00+00:00,2012-05-06 23:42:00+00:00,305|544|745|887|972
1970,49f754c1f964a520896c1fe3,1459,18,3,2012-05-08 23:33:00+00:00,2012-05-08 23:51:00+00:00,544|887|972
1971,49f754c1f964a520896c1fe3,1459,26,2,2012-05-16 23:47:00+00:00,2012-05-17 00:13:00+00:00,559|887
1972,49f754c1f964a520896c1fe3,1459,42,3,2012-05-17 11:46:00+00:00,2012-05-17 12:28:00+00:00,1184|1339|1503
1973,49f754c1f964a520896c1fe3,1459,26,5,2012-05-19 16:21:00+00:00,2012-05-19 16:47:00+00:00,127|305|745|887|972
1974,49f754c1f964a520896c1fe3,1459,50,6,2012-05-19 16:35:00+00:00,2012-05-19 17:25:00+00:00,127|544|745|887|972|1006
1975,49f754c1f964a520896c1fe3,1459,46,3,2012-05-21 23:12:00+00:00,2012-05-21 23:58:00+00:00,305|544|745
1976,49f754c1f964a520896c1fe3,1459,29,2,2012-05-21 23:58:00+00:00,2012-05-22 00:27:00+00:00,663|745
1977,49f754c1f964a520896c1fe3,1459,43,2,2012-05-22 00:27:00+00:00,2012-05-22 01:10:00+00:00,663|887
1978,49f754c1f964a520896c1fe3,1459,52,3,2012-05-25 22:00:00+00:00,2012-05-25 22:52:00+00:00,305|786|967
1979,49f754c1f964a520896c1fe3,1459,58,2,2012-05-25 22:52:00+00:00,2012-05-25 23:50:00+00:00,745|786
1980,49f754c1f964a520896c1fe3,1459,17,2,2012-05-25 23:50:00+00:00,2012-05-26 00:07:00+00:00,544|745
1981,49f754c1f964a520896c1fe3,1459,45,3,2012-06-02 22:32:00+00:00,2012-06-02 23:17:00+00:00,305|786|887
1982,49f754c1f964a520896c1fe3,1459,51,5,2012-06-02 23:04:00+00:00,2012-06-02 23:55:00+00:00,474|544|745|786|887
1983,49f754c1f964a520896c1fe3,1459,13,2,2012-06-09 22:07:00+00:00,2012-06-09 22:20:00+00:00,305|786
1984,49f754c1f964a520896c1fe3,1459,59,2,2012-06-09 22:20:00+00:00,2012-06-09 23:19:00+00:00,305|544
1985,49f754c1f964a520896c1fe3,1459,36,4,2012-06-09 23:19:00+00:00,2012-06-09 23:55:00+00:00,544|559|972|1006
1986,49f754c1f964a520896c1fe3,1459,49,3,2012-06-09 23:54:00+00:00,2012-06-10 00:43:00+00:00,237|559|1006
1987,49f754c1f964a520896c1fe3,1459,52,3,2012-07-02 22:07:00+00:00,2012-07-02 22:59:00+00:00,305|500|1321
1988,49f754c1f964a520896c1fe3,1459,51,2,2013-01-25 23:49:00+00:00,2013-01-26 00:40:00+00:00,559|1523
1989,49f754c1f964a520896c1fe3,1459,6,2,2013-02-01 07:15:00+00:00,2013-02-01 07:21:00+00:00,1094|1636
1990,49f754c1f964a520896c1fe3,1459,21,2,2013-02-05 23:32:00+00:00,2013-02-05 23:53:00+00:00,305|553
1991,49f754c1f964a520896c1fe3,1459,45,2,2013-02-07 23:36:00+00:00,2013-02-08 00:21:00+00:00,406|1006
1992,49f754c1f964a520896c1fe3,1459,60,2,2013-03-07 23:55:00+00:00,2013-03-08 00:55:00+00:00,406|1482
1993,49f76cc2f964a5209d6c1fe3,1462,40,2,2012-04-13 21:30:00+00:00,2012-04-13 22:10:00+00:00,478|1144
1994,49f76cc2f964a5209d6c1fe3,1462,19,2,2012-06-05 12:28:00+00:00,2012-06-05 12:47:00+00:00,710|1144
1995,49f76cc2f964a5209d6c1fe3,1462,57,2,2012-08-19 19:25:00+00:00,2012-08-19 20:22:00+00:00,1208|1442
1996,49f76cc2f964a5209d6c1fe3,1462,33,2,2012-09-06 00:27:00+00:00,2012-09-06 01:00:00+00:00,553|1144
1997,49f76cc2f964a5209d6c1fe3,1462,45,2,2012-11-10 22:31:00+00:00,2012-11-10 23:16:00+00:00,553|1275
1998,49f85cbbf964a520f26c1fe3,1466,43,2,2012-08-18 16:58:00+00:00,2012-08-18 17:41:00+00:00,1301|1357
1999,49f8f8a2f964a520446d1fe3,1467,57,2,2012-04-08 03:07:00+00:00,2012-04-08 04:04:00+00:00,1136|1528
2000,49ff53e6f964a5200c701fe3,1485,22,2,2012-04-04 10:14:00+00:00,2012-04-04 10:36:00+00:00,1342|1481
2001,49ff53e6f964a5200c701fe3,1485,25,2,2012-04-24 23:33:00+00:00,2012-04-24 23:58:00+00:00,1142|1481
2002,49ff53e6f964a5200c701fe3,1485,26,2,2012-07-17 22:34:00+00:00,2012-07-17 23:00:00+00:00,807|1481
2003,49ff62f9f964a52013701fe3,1486,59,2,2012-04-27 14:25:00+00:00,2012-04-27 15:24:00+00:00,753|1026
2004,4a01ee7bf964a52010711fe3,1494,8,2,2012-06-09 02:38:00+00:00,2012-06-09 02:46:00+00:00,200|601
2005,4a02038bf964a52023711fe3,1497,18,2,2012-06-07 11:37:00+00:00,2012-06-07 11:55:00+00:00,91|203
2006,4a021207f964a52029711fe3,1499,26,2,2012-06-16 23:30:00+00:00,2012-06-16 23:56:00+00:00,1443|1633
2007,4a03248cf964a52091711fe3,1505,39,2,2012-10-17 12:51:00+00:00,2012-10-17 13:30:00+00:00,413|610
2008,4a047a18f964a520ff711fe3,1507,9,2,2012-06-13 16:43:00+00:00,2012-06-13 16:52:00+00:00,186|351
2009,4a05d2abf964a52081721fe3,1510,56,2,2012-05-08 10:34:00+00:00,2012-05-08 11:30:00+00:00,338|1498
2010,4a05d2abf964a52081721fe3,1510,0,2,2012-05-09 13:03:00+00:00,2012-05-09 13:03:00+00:00,338|1498
2011,4a06ff94f964a52017731fe3,1518,58,2,2012-04-22 11:31:00+00:00,2012-04-22 12:29:00+00:00,728|1349
2012,4a070b6ef964a5201d731fe3,1519,1,2,2012-12-22 02:51:00+00:00,2012-12-22 02:52:00+00:00,533|867
2013,4a07ac6af964a5208f731fe3,1525,40,2,2012-04-21 17:23:00+00:00,2012-04-21 18:03:00+00:00,540|1063
2014,4a07ac6af964a5208f731fe3,1525,20,2,2012-05-05 15:59:00+00:00,2012-05-05 16:19:00+00:00,902|1250
2015,4a07ac6af964a5208f731fe3,1525,14,2,2012-06-09 19:16:00+00:00,2012-06-09 19:30:00+00:00,382|395
2016,4a07ac6af964a5208f731fe3,1525,5,2,2012-07-28 19:32:00+00:00,2012-07-28 19:37:00+00:00,382|395
2017,4a07ac6af964a5208f731fe3,1525,6,2,2012-08-11 22:51:00+00:00,2012-08-11 22:57:00+00:00,38|1386
2018,4a07ac6af964a5208f731fe3,1525,43,2,2012-11-17 17:53:00+00:00,2012-11-17 18:36:00+00:00,341|1021
2019,4a07ac6af964a5208f731fe3,1525,36,2,2012-11-24 18:44:00+00:00,2012-11-24 19:20:00+00:00,963|1182
2020,4a07ac6af964a5208f731fe3,1525,27,2,2013-02-16 22:13:00+00:00,2013-02-16 22:40:00+00:00,909|963
2021,4a083214f964a520a3731fe3,1526,59,2,2012-04-14 21:10:00+00:00,2012-04-14 22:09:00+00:00,1014|1318
2022,4a083214f964a520a3731fe3,1526,43,2,2012-04-29 03:55:00+00:00,2012-04-29 04:38:00+00:00,1118|1279
2023,4a083214f964a520a3731fe3,1526,27,2,2012-04-29 04:38:00+00:00,2012-04-29 05:05:00+00:00,149|1118
2024,4a083214f964a520a3731fe3,1526,43,2,2012-06-17 00:34:00+00:00,2012-06-17 01:17:00+00:00,478|1050
2025,4a083214f964a520a3731fe3,1526,30,2,2012-07-08 02:54:00+00:00,2012-07-08 03:24:00+00:00,675|720
2026,4a08da93f964a5201f741fe3,1530,18,2,2012-04-15 12:59:00+00:00,2012-04-15 13:17:00+00:00,281|1255
2027,4a08da93f964a5201f741fe3,1530,11,2,2013-01-10 23:37:00+00:00,2013-01-10 23:48:00+00:00,843|1264
2028,4a0c2e7bf964a52014751fe3,1542,28,2,2012-05-03 13:02:00+00:00,2012-05-03 13:30:00+00:00,898|1633
2029,4a0c2e7bf964a52014751fe3,1542,38,2,2012-05-09 12:52:00+00:00,2012-05-09 13:30:00+00:00,1312|1633
2030,4a0c2e7bf964a52014751fe3,1542,41,2,2012-06-07 06:30:00+00:00,2012-06-07 07:11:00+00:00,217|1633
2031,4a0e0f85f964a520bf751fe3,1548,22,2,2012-04-25 23:31:00+00:00,2012-04-25 23:53:00+00:00,273|1220
2032,4a0e0f85f964a520bf751fe3,1548,56,2,2012-04-29 04:04:00+00:00,2012-04-29 05:00:00+00:00,119|876
2033,4a0e0f85f964a520bf751fe3,1548,15,2,2012-11-16 03:01:00+00:00,2012-11-16 03:16:00+00:00,725|1485
2034,4a0e0f85f964a520bf751fe3,1548,36,2,2012-11-20 00:54:00+00:00,2012-11-20 01:30:00+00:00,950|1340
2035,4a0f1baef964a52026761fe3,1550,6,2,2012-05-09 22:02:00+00:00,2012-05-09 22:08:00+00:00,864|1225
2036,4a11fe2cf964a52068771fe3,1559,26,2,2012-11-12 01:55:00+00:00,2012-11-12 02:21:00+00:00,6|235
2037,4a12eb1ff964a52099771fe3,1561,54,2,2012-12-06 05:56:00+00:00,2012-12-06 06:50:00+00:00,1336|1520
2038,4a14b2acf964a52066781fe3,1564,60,2,2012-07-29 02:31:00+00:00,2012-07-29 03:31:00+00:00,20|568
2039,4a17665af964a52056791fe3,1569,5,2,2012-04-16 22:03:00+00:00,2012-04-16 22:08:00+00:00,323|821
2040,4a17665af964a52056791fe3,1569,8,2,2012-06-13 22:42:00+00:00,2012-06-13 22:50:00+00:00,493|1619
2041,4a19d1edf964a5205a7a1fe3,1579,27,2,2012-04-08 05:24:00+00:00,2012-04-08 05:51:00+00:00,661|664
2042,4a1a4d4df964a520917a1fe3,1580,54,2,2012-05-01 23:09:00+00:00,2012-05-02 00:03:00+00:00,789|1520
2043,4a1afeb7f964a520b77a1fe3,1583,43,2,2012-12-07 01:24:00+00:00,2012-12-07 02:07:00+00:00,119|269
2044,4a1c2d96f964a520197b1fe3,1586,15,2,2012-12-21 14:01:00+00:00,2012-12-21 14:16:00+00:00,273|838
2045,4a1df969f964a520b37b1fe3,1589,46,2,2012-06-10 15:54:00+00:00,2012-06-10 16:40:00+00:00,12|22
2046,4a1f0bf5f964a520fb7b1fe3,1591,57,2,2013-02-24 15:26:00+00:00,2013-02-24 16:23:00+00:00,190|837
2047,4a20bdddf964a520be7c1fe3,1596,0,2,2012-07-09 00:24:00+00:00,2012-07-09 00:24:00+00:00,169|198
2048,4a229fa8f964a520797d1fe3,1598,2,2,2012-04-15 17:22:00+00:00,2012-04-15 17:24:00+00:00,1481|1517
2049,4a242d0ff964a520fd7d1fe3,1603,53,2,2012-05-01 16:13:00+00:00,2012-05-01 17:06:00+00:00,537|861
2050,4a242e1ef964a520ff7d1fe3,1604,21,2,2012-05-19 20:53:00+00:00,2012-05-19 21:14:00+00:00,616|1626
2051,4a242e1ef964a520ff7d1fe3,1604,2,3,2012-10-25 23:35:00+00:00,2012-10-25 23:37:00+00:00,1|616|1088
2052,4a26b3d7f964a520c57e1fe3,1611,1,2,2012-06-09 15:13:00+00:00,2012-06-09 15:14:00+00:00,271|511
2053,4a26b3d7f964a520c57e1fe3,1611,33,3,2012-06-09 17:46:00+00:00,2012-06-09 18:19:00+00:00,576|1149|1499
2054,4a26b3d7f964a520c57e1fe3,1611,38,2,2012-06-09 19:46:00+00:00,2012-06-09 20:24:00+00:00,558|1172
2055,4a26b3d7f964a520c57e1fe3,1611,34,2,2012-06-09 20:24:00+00:00,2012-06-09 20:58:00+00:00,558|794
2056,4a2c39b3f964a52036971fe3,1621,4,2,2012-07-17 21:34:00+00:00,2012-07-17 21:38:00+00:00,151|448
2057,4a2c639bf964a52059971fe3,1622,46,2,2012-06-16 21:59:00+00:00,2012-06-16 22:45:00+00:00,967|1361
2058,4a3001a5f964a52004991fe3,1626,10,2,2012-05-29 22:34:00+00:00,2012-05-29 22:44:00+00:00,908|1296
2059,4a306c32f964a52066991fe3,1631,5,2,2012-04-11 23:27:00+00:00,2012-04-11 23:32:00+00:00,158|1423
2060,4a315675f964a520b2991fe3,1633,20,2,2013-02-08 04:14:00+00:00,2013-02-08 04:34:00+00:00,1221|1415
2061,4a318fe7f964a520f2991fe3,1639,32,2,2012-04-15 21:24:00+00:00,2012-04-15 21:56:00+00:00,440|582
2062,4a318fe7f964a520f2991fe3,1639,52,2,2012-05-28 15:57:00+00:00,2012-05-28 16:49:00+00:00,169|1031
2063,4a318fe7f964a520f2991fe3,1639,38,2,2012-05-28 16:49:00+00:00,2012-05-28 17:27:00+00:00,169|676
2064,4a318fe7f964a520f2991fe3,1639,10,3,2012-07-13 23:58:00+00:00,2012-07-14 00:08:00+00:00,266|269|809
2065,4a32c3f9f964a5208c9a1fe3,1643,32,2,2012-05-04 13:40:00+00:00,2012-05-04 14:12:00+00:00,545|788
2066,4a32c3f9f964a5208c9a1fe3,1643,59,2,2012-05-15 18:34:00+00:00,2012-05-15 19:33:00+00:00,545|854
2067,4a3304bcf964a520f29a1fe3,1645,18,2,2012-06-07 16:55:00+00:00,2012-06-07 17:13:00+00:00,689|1320
2068,4a33eb53f964a5206a9b1fe3,1646,47,2,2012-04-15 04:17:00+00:00,2012-04-15 05:04:00+00:00,160|969
2069,4a33eb53f964a5206a9b1fe3,1646,27,2,2012-05-13 15:26:00+00:00,2012-05-13 15:53:00+00:00,474|1352
2070,4a33eb53f964a5206a9b1fe3,1646,38,2,2012-05-18 20:00:00+00:00,2012-05-18 20:38:00+00:00,474|1012
2071,4a33eb53f964a5206a9b1fe3,1646,46,2,2012-12-04 13:20:00+00:00,2012-12-04 14:06:00+00:00,439|1222
2072,4a33eb53f964a5206a9b1fe3,1646,11,2,2013-04-29 00:07:00+00:00,2013-04-29 00:18:00+00:00,1189|1397
2073,4a3449eaf964a5200a9c1fe3,1649,17,2,2012-04-12 21:50:00+00:00,2012-04-12 22:07:00+00:00,664|1000
2074,4a345963f964a5201a9c1fe3,1650,30,2,2012-06-17 03:41:00+00:00,2012-06-17 04:11:00+00:00,1327|1453
2075,4a3545aaf964a520b29c1fe3,1651,5,2,2012-05-28 17:58:00+00:00,2012-05-28 18:03:00+00:00,249|880
2076,4a3545adf964a520b39c1fe3,1652,26,3,2012-04-21 00:08:00+00:00,2012-04-21 00:34:00+00:00,1167|1251|1613
2077,4a3545adf964a520b39c1fe3,1652,28,2,2012-04-21 04:10:00+00:00,2012-04-21 04:38:00+00:00,1263|1317
2078,4a3545adf964a520b39c1fe3,1652,60,2,2012-04-21 08:20:00+00:00,2012-04-21 09:20:00+00:00,1395|1534
2079,4a3545adf964a520b39c1fe3,1652,42,2,2012-04-21 13:34:00+00:00,2012-04-21 14:16:00+00:00,1183|1504
2080,4a3545adf964a520b39c1fe3,1652,48,3,2012-04-21 14:16:00+00:00,2012-04-21 15:04:00+00:00,932|1183|1520
2081,4a3545adf964a520b39c1fe3,1652,5,2,2012-04-21 17:43:00+00:00,2012-04-21 17:48:00+00:00,1186|1545
2082,4a38f168f964a5200c9f1fe3,1667,0,2,2012-04-22 00:55:00+00:00,2012-04-22 00:55:00+00:00,606|727
2083,4a3c02bdf964a52000a11fe3,1676,50,2,2012-05-17 15:46:00+00:00,2012-05-17 16:36:00+00:00,750|1387
2084,4a3d735cf964a5204ba21fe3,1685,43,2,2012-07-06 23:58:00+00:00,2012-07-07 00:41:00+00:00,905|1330
2085,4a3df25ff964a520c2a21fe3,1686,12,2,2012-06-14 01:26:00+00:00,2012-06-14 01:38:00+00:00,1387|1516
2086,4a3e6aaef964a520e7a21fe3,1688,11,2,2012-07-13 14:23:00+00:00,2012-07-13 14:34:00+00:00,384|449
2087,4a3ee14ef964a52085a31fe3,1693,11,2,2012-06-03 23:36:00+00:00,2012-06-03 23:47:00+00:00,332|1113
2088,4a3ffdc5f964a5202da41fe3,1696,22,2,2012-06-01 13:46:00+00:00,2012-06-01 14:08:00+00:00,311|1405
2089,4a4108e6f964a520b6a41fe3,1699,8,2,2012-04-18 16:16:00+00:00,2012-04-18 16:24:00+00:00,257|359
2090,4a411ea5f964a520cba41fe3,1701,41,2,2012-06-08 00:22:00+00:00,2012-06-08 01:03:00+00:00,78|656
2091,4a4138ebf964a520f9a41fe3,1705,31,2,2012-04-03 22:35:00+00:00,2012-04-03 23:06:00+00:00,832|1279
2092,4a4138ebf964a520f9a41fe3,1705,40,3,2012-04-12 00:24:00+00:00,2012-04-12 01:04:00+00:00,646|650|1043
2093,4a4138ebf964a520f9a41fe3,1705,8,2,2012-04-21 18:58:00+00:00,2012-04-21 19:06:00+00:00,77|694
2094,4a4138ebf964a520f9a41fe3,1705,26,3,2012-04-26 01:23:00+00:00,2012-04-26 01:49:00+00:00,210|469|1232
2095,4a4138ebf964a520f9a41fe3,1705,47,2,2012-05-05 21:05:00+00:00,2012-05-05 21:52:00+00:00,232|1382
2096,4a4138ebf964a520f9a41fe3,1705,5,2,2012-05-08 21:32:00+00:00,2012-05-08 21:37:00+00:00,722|863
2097,4a4138ebf964a520f9a41fe3,1705,7,2,2012-05-08 22:51:00+00:00,2012-05-08 22:58:00+00:00,832|1316
2098,4a4138ebf964a520f9a41fe3,1705,32,2,2012-05-15 22:01:00+00:00,2012-05-15 22:33:00+00:00,863|1266
2099,4a4138ebf964a520f9a41fe3,1705,33,2,2012-06-03 01:21:00+00:00,2012-06-03 01:54:00+00:00,1302|1623
2100,4a4138ebf964a520f9a41fe3,1705,33,2,2012-06-11 01:32:00+00:00,2012-06-11 02:05:00+00:00,711|782
2101,4a4138ebf964a520f9a41fe3,1705,0,2,2012-11-12 01:13:00+00:00,2012-11-12 01:13:00+00:00,711|782
2102,4a4138ebf964a520f9a41fe3,1705,7,2,2013-02-02 04:59:00+00:00,2013-02-02 05:06:00+00:00,650|1043
2103,4a414e48f964a52010a51fe3,1708,34,2,2012-05-29 00:21:00+00:00,2012-05-29 00:55:00+00:00,476|599
2104,4a414e48f964a52010a51fe3,1708,1,2,2012-06-17 21:08:00+00:00,2012-06-17 21:09:00+00:00,1249|1487
2105,4a417310f964a52052a51fe3,1712,27,2,2012-06-13 02:08:00+00:00,2012-06-13 02:35:00+00:00,200|1039
2106,4a4183a0f964a5205ba51fe3,1713,32,2,2013-02-10 18:54:00+00:00,2013-02-10 19:26:00+00:00,55|1116
2107,4a428cd0f964a520f5a51fe3,1720,45,2,2012-12-06 02:28:00+00:00,2012-12-06 03:13:00+00:00,1256|1496
2108,4a428cd0f964a520f5a51fe3,1720,14,2,2012-12-06 06:38:00+00:00,2012-12-06 06:52:00+00:00,1252|1336
2109,4a428cd0f964a520f5a51fe3,1720,1,2,2012-12-07 01:21:00+00:00,2012-12-07 01:22:00+00:00,1483|1523
2110,4a43b04ff964a520afa61fe3,1726,0,2,2012-05-21 23:40:00+00:00,2012-05-21 23:40:00+00:00,1249|1487
2111,4a43baaaf964a520b9a61fe3,1727,23,2,2012-05-11 14:55:00+00:00,2012-05-11 15:18:00+00:00,63|864
2112,4a43bcb7f964a520bba61fe3,1728,11,2,2012-05-06 22:59:00+00:00,2012-05-06 23:10:00+00:00,15|1351
2113,4a43bcb7f964a520bba61fe3,1728,27,2,2012-05-13 16:08:00+00:00,2012-05-13 16:35:00+00:00,1424|1576
2114,4a43bcb7f964a520bba61fe3,1728,2,2,2012-06-02 23:12:00+00:00,2012-06-02 23:14:00+00:00,569|1305
2115,4a43c0aef964a520c6a61fe3,1730,9,2,2012-04-15 16:03:00+00:00,2012-04-15 16:12:00+00:00,866|1376
2116,4a43c0aef964a520c6a61fe3,1730,29,2,2012-05-28 01:14:00+00:00,2012-05-28 01:43:00+00:00,545|1542
2117,4a452221f964a520d8a71fe3,1733,3,2,2012-04-14 03:24:00+00:00,2012-04-14 03:27:00+00:00,1100|1546
2118,4a452221f964a520d8a71fe3,1733,44,2,2012-04-28 00:58:00+00:00,2012-04-28 01:42:00+00:00,591|792
2119,4a452221f964a520d8a71fe3,1733,47,3,2012-04-28 01:42:00+00:00,2012-04-28 02:29:00+00:00,373|792|995
2120,4a452221f964a520d8a71fe3,1733,7,2,2012-05-28 22:38:00+00:00,2012-05-28 22:45:00+00:00,1080|1350
2121,4a452221f964a520d8a71fe3,1733,34,2,2012-08-05 19:58:00+00:00,2012-08-05 20:32:00+00:00,223|793
2122,4a452bd2f964a520e6a71fe3,1734,35,2,2013-01-30 00:05:00+00:00,2013-01-30 00:40:00+00:00,586|1115
2123,4a454410f964a520faa71fe3,1736,49,2,2012-05-08 22:02:00+00:00,2012-05-08 22:51:00+00:00,67|316
2124,4a4560a7f964a5201aa81fe3,1738,13,2,2012-06-17 17:32:00+00:00,2012-06-17 17:45:00+00:00,319|1619
2125,4a4590fcf964a52057a81fe3,1741,38,2,2012-11-11 16:56:00+00:00,2012-11-11 17:34:00+00:00,244|445
2126,4a46542ff964a520afa81fe3,1743,6,2,2012-04-17 21:43:00+00:00,2012-04-17 21:49:00+00:00,1363|1614
2127,4a46542ff964a520afa81fe3,1743,7,2,2012-05-21 23:10:00+00:00,2012-05-21 23:17:00+00:00,1363|1614
2128,4a478d19f964a520d2a91fe3,1748,34,2,2013-05-06 11:06:00+00:00,2013-05-06 11:40:00+00:00,214|1554
2129,4a4821f5f964a52095aa1fe3,1755,54,2,2012-04-07 16:33:00+00:00,2012-04-07 17:27:00+00:00,877|1133
2130,4a4821f5f964a52095aa1fe3,1755,34,2,2012-04-14 23:22:00+00:00,2012-04-14 23:56:00+00:00,349|875
2131,4a4821f5f964a52095aa1fe3,1755,26,2,2012-05-10 21:40:00+00:00,2012-05-10 22:06:00+00:00,241|1352
2132,4a4821f5f964a52095aa1fe3,1755,9,2,2012-05-13 02:57:00+00:00,2012-05-13 03:06:00+00:00,349|1568
2133,4a4821f5f964a52095aa1fe3,1755,57,3,2012-05-13 23:39:00+00:00,2012-05-14 00:36:00+00:00,16|457|875
2134,4a4821f5f964a52095aa1fe3,1755,37,2,2012-05-15 21:56:00+00:00,2012-05-15 22:33:00+00:00,241|370
2135,4a4821f5f964a52095aa1fe3,1755,58,2,2012-05-15 22:33:00+00:00,2012-05-15 23:31:00+00:00,370|1620
2136,4a4821f5f964a52095aa1fe3,1755,16,2,2012-05-16 01:40:00+00:00,2012-05-16 01:56:00+00:00,370|1013
2137,4a4821f5f964a52095aa1fe3,1755,4,2,2012-05-21 12:54:00+00:00,2012-05-21 12:58:00+00:00,241|531
2138,4a4821f5f964a52095aa1fe3,1755,8,2,2012-05-25 09:00:00+00:00,2012-05-25 09:08:00+00:00,875|1065
2139,4a4821f5f964a52095aa1fe3,1755,41,2,2012-05-31 21:44:00+00:00,2012-05-31 22:25:00+00:00,875|1011
2140,4a4821f5f964a52095aa1fe3,1755,33,3,2012-06-03 22:58:00+00:00,2012-06-03 23:31:00+00:00,370|875|1068
2141,4a4821f5f964a52095aa1fe3,1755,59,2,2012-06-05 12:27:00+00:00,2012-06-05 13:26:00+00:00,160|1011
2142,4a4821f5f964a52095aa1fe3,1755,25,2,2012-06-06 12:30:00+00:00,2012-06-06 12:55:00+00:00,241|1011
2143,4a4821f5f964a52095aa1fe3,1755,42,2,2012-06-07 12:09:00+00:00,2012-06-07 12:51:00+00:00,1011|1601
2144,4a4821f5f964a52095aa1fe3,1755,22,2,2012-06-11 12:19:00+00:00,2012-06-11 12:41:00+00:00,1011|1601
2145,4a4821f5f964a52095aa1fe3,1755,47,2,2012-06-12 21:27:00+00:00,2012-06-12 22:14:00+00:00,10|1011
2146,4a4821f5f964a52095aa1fe3,1755,35,2,2012-06-17 20:26:00+00:00,2012-06-17 21:01:00+00:00,375|875
2147,4a4821f5f964a52095aa1fe3,1755,40,4,2012-06-21 12:06:00+00:00,2012-06-21 12:46:00+00:00,330|1011|1574|1601
2148,4a4821f5f964a52095aa1fe3,1755,51,2,2012-07-10 23:37:00+00:00,2012-07-11 00:28:00+00:00,875|1248
2149,4a4821f5f964a52095aa1fe3,1755,31,2,2012-07-13 08:04:00+00:00,2012-07-13 08:35:00+00:00,1153|1181
2150,4a4821f5f964a52095aa1fe3,1755,34,2,2012-11-17 02:50:00+00:00,2012-11-17 03:24:00+00:00,853|909
2151,4a4821f5f964a52095aa1fe3,1755,24,2,2012-12-13 13:02:00+00:00,2012-12-13 13:26:00+00:00,909|999
2152,4a4821f5f964a52095aa1fe3,1755,60,2,2013-03-15 12:50:00+00:00,2013-03-15 13:50:00+00:00,909|930
2153,4a4821f5f964a52095aa1fe3,1755,12,2,2013-03-19 13:01:00+00:00,2013-03-19 13:13:00+00:00,160|909
2154,4a4821f5f964a52095aa1fe3,1755,26,2,2013-03-20 12:37:00+00:00,2013-03-20 13:03:00+00:00,160|909
2155,4a4821f5f964a52095aa1fe3,1755,16,2,2013-04-01 11:34:00+00:00,2013-04-01 11:50:00+00:00,527|909
2156,4a4821f5f964a52095aa1fe3,1755,49,2,2013-04-02 12:16:00+00:00,2013-04-02 13:05:00+00:00,160|909
2157,4a4925b7f964a52008ab1fe3,1757,13,2,2012-04-16 17:21:00+00:00,2012-04-16 17:34:00+00:00,395|1079
2158,4a4925b7f964a52008ab1fe3,1757,25,2,2012-05-04 00:48:00+00:00,2012-05-04 01:13:00+00:00,686|1441
2159,4a4925b7f964a52008ab1fe3,1757,0,2,2012-07-09 17:09:00+00:00,2012-07-09 17:09:00+00:00,686|1468
2160,4a494ce4f964a5202cab1fe3,1758,4,2,2012-04-19 21:51:00+00:00,2012-04-19 21:55:00+00:00,367|1245
2161,4a498225f964a52064ab1fe3,1761,3,2,2012-05-10 22:28:00+00:00,2012-05-10 22:31:00+00:00,655|832
2162,4a498225f964a52064ab1fe3,1761,9,2,2013-03-12 00:18:00+00:00,2013-03-12 00:27:00+00:00,158|574
2163,4a4ab03cf964a5201bac1fe3,1763,52,2,2013-02-16 22:07:00+00:00,2013-02-16 22:59:00+00:00,526|784
2164,4a4c5c64f964a52030ad1fe3,1767,51,3,2012-05-16 14:33:00+00:00,2012-05-16 15:24:00+00:00,46|47|98
2165,4a4c5c64f964a52030ad1fe3,1767,40,2,2013-02-07 11:30:00+00:00,2013-02-07 12:10:00+00:00,1347|1636
2166,4a4c5c64f964a52030ad1fe3,1767,37,2,2013-02-07 17:24:00+00:00,2013-02-07 18:01:00+00:00,670|1094
2167,4a4fdd40f964a520c8af1fe3,1777,6,2,2013-04-06 21:42:00+00:00,2013-04-06 21:48:00+00:00,533|867
2168,4a50f449f964a5204fb01fe3,1781,29,3,2012-10-22 23:12:00+00:00,2012-10-22 23:41:00+00:00,11|197|1619
2169,4a53d9a7f964a520c7b21fe3,1793,12,2,2012-04-04 13:41:00+00:00,2012-04-04 13:53:00+00:00,1327|1453
2170,4a53d9a7f964a520c7b21fe3,1793,2,2,2012-04-09 13:33:00+00:00,2012-04-09 13:35:00+00:00,1327|1453
2171,4a53d9a7f964a520c7b21fe3,1793,16,2,2012-04-11 13:29:00+00:00,2012-04-11 13:45:00+00:00,1327|1453
2172,4a53d9a7f964a520c7b21fe3,1793,57,2,2012-04-16 13:10:00+00:00,2012-04-16 14:07:00+00:00,1327|1453
2173,4a53d9a7f964a520c7b21fe3,1793,37,2,2012-04-17 13:28:00+00:00,2012-04-17 14:05:00+00:00,1327|1453
2174,4a53d9a7f964a520c7b21fe3,1793,6,2,2012-04-19 14:11:00+00:00,2012-04-19 14:17:00+00:00,1327|1453
2175,4a53d9a7f964a520c7b21fe3,1793,48,2,2012-04-26 13:28:00+00:00,2012-04-26 14:16:00+00:00,1327|1453
2176,4a53d9a7f964a520c7b21fe3,1793,1,2,2012-05-03 13:47:00+00:00,2012-05-03 13:48:00+00:00,1327|1453
2177,4a53d9a7f964a520c7b21fe3,1793,17,2,2012-05-04 14:13:00+00:00,2012-05-04 14:30:00+00:00,1327|1453
2178,4a53d9a7f964a520c7b21fe3,1793,8,2,2012-05-08 13:53:00+00:00,2012-05-08 14:01:00+00:00,1327|1453
2179,4a53d9a7f964a520c7b21fe3,1793,9,2,2012-05-15 14:25:00+00:00,2012-05-15 14:34:00+00:00,1327|1453
2180,4a53d9a7f964a520c7b21fe3,1793,59,2,2012-05-17 14:08:00+00:00,2012-05-17 15:07:00+00:00,1327|1453
2181,4a53d9a7f964a520c7b21fe3,1793,16,2,2012-05-18 14:12:00+00:00,2012-05-18 14:28:00+00:00,1327|1453
2182,4a53d9a7f964a520c7b21fe3,1793,16,2,2012-06-18 13:24:00+00:00,2012-06-18 13:40:00+00:00,1327|1453
2183,4a53d9a7f964a520c7b21fe3,1793,22,2,2012-07-09 13:15:00+00:00,2012-07-09 13:37:00+00:00,1327|1453
2184,4a53d9a7f964a520c7b21fe3,1793,30,2,2012-07-16 13:36:00+00:00,2012-07-16 14:06:00+00:00,1327|1453
2185,4a53d9a7f964a520c7b21fe3,1793,0,2,2012-08-20 13:34:00+00:00,2012-08-20 13:34:00+00:00,1327|1453
2186,4a5403b8f964a520f3b21fe3,1794,32,2,2012-04-07 17:58:00+00:00,2012-04-07 18:30:00+00:00,756|1633
2187,4a553eadf964a520ebb31fe3,1797,32,2,2012-05-11 23:39:00+00:00,2012-05-12 00:11:00+00:00,58|806
2188,4a5778a6f964a5202cb61fe3,1802,11,2,2013-01-08 20:19:00+00:00,2013-01-08 20:30:00+00:00,148|1469
2189,4a57cf98f964a520ddb61fe3,1805,34,2,2012-10-27 01:12:00+00:00,2012-10-27 01:46:00+00:00,1251|1504
2190,4a57cf98f964a520ddb61fe3,1805,27,2,2012-10-27 03:50:00+00:00,2012-10-27 04:17:00+00:00,34|1213
2191,4a57cf98f964a520ddb61fe3,1805,47,2,2012-10-27 04:17:00+00:00,2012-10-27 05:04:00+00:00,1213|1523
2192,4a57cf98f964a520ddb61fe3,1805,50,3,2012-10-27 05:04:00+00:00,2012-10-27 05:54:00+00:00,932|1523|1636
2193,4a57cf98f964a520ddb61fe3,1805,57,4,2012-10-31 22:08:00+00:00,2012-10-31 23:05:00+00:00,1123|1251|1336|1523
2194,4a57cf98f964a520ddb61fe3,1805,41,3,2012-10-31 22:58:00+00:00,2012-10-31 23:39:00+00:00,133|1123|1523
2195,4a57cf98f964a520ddb61fe3,1805,60,3,2012-10-31 23:05:00+00:00,2012-11-01 00:05:00+00:00,133|1493|1523
2196,4a57cf98f964a520ddb61fe3,1805,60,2,2012-11-01 00:05:00+00:00,2012-11-01 01:05:00+00:00,1233|1493
2197,4a57cf98f964a520ddb61fe3,1805,16,2,2012-11-01 01:05:00+00:00,2012-11-01 01:21:00+00:00,1233|1496
2198,4a58f57ef964a5204db81fe3,1812,37,2,2012-04-21 03:55:00+00:00,2012-04-21 04:32:00+00:00,1263|1317
2199,4a58f57ef964a5204db81fe3,1812,57,2,2012-04-21 09:11:00+00:00,2012-04-21 10:08:00+00:00,1504|1534
2200,4a58f57ef964a5204db81fe3,1812,57,2,2012-05-08 23:15:00+00:00,2012-05-09 00:12:00+00:00,105|157
2201,4a5a62dff964a52041ba1fe3,1822,42,2,2012-10-26 12:31:00+00:00,2012-10-26 13:13:00+00:00,183|405
2202,4a5aaff5f964a520c3ba1fe3,1823,33,2,2012-11-10 19:32:00+00:00,2012-11-10 20:05:00+00:00,233|992
2203,4a5aaff5f964a520c3ba1fe3,1823,57,2,2012-12-22 19:41:00+00:00,2012-12-22 20:38:00+00:00,233|992
2204,4a5aaff5f964a520c3ba1fe3,1823,45,2,2013-02-04 23:28:00+00:00,2013-02-05 00:13:00+00:00,992|1455
2205,4a60a6fef964a520f6c01fe3,1849,2,2,2012-06-04 23:29:00+00:00,2012-06-04 23:31:00+00:00,215|879
2206,4a60eb5ef964a52078c11fe3,1857,56,2,2012-05-13 18:26:00+00:00,2012-05-13 19:22:00+00:00,662|1393
2207,4a60eb5ef964a52078c11fe3,1857,26,2,2012-07-02 21:46:00+00:00,2012-07-02 22:12:00+00:00,662|1105
2208,4a60eb5ef964a52078c11fe3,1857,13,2,2012-11-10 00:13:00+00:00,2012-11-10 00:26:00+00:00,358|999
2209,4a62c4b4f964a52080c41fe3,1866,5,2,2012-06-04 03:35:00+00:00,2012-06-04 03:40:00+00:00,20|760
2210,4a62c4b4f964a52080c41fe3,1866,33,2,2012-11-18 02:58:00+00:00,2012-11-18 03:31:00+00:00,625|760
2211,4a62c4b4f964a52080c41fe3,1866,35,2,2013-02-02 03:29:00+00:00,2013-02-02 04:04:00+00:00,20|760
2212,4a63d085f964a520dac51fe3,1872,36,2,2012-04-11 22:18:00+00:00,2012-04-11 22:54:00+00:00,701|993
2213,4a64ad7cf964a5207bc61fe3,1874,17,2,2012-04-16 13:33:00+00:00,2012-04-16 13:50:00+00:00,832|1471
2214,4a652404f964a5205ec71fe3,1879,45,2,2012-06-07 14:52:00+00:00,2012-06-07 15:37:00+00:00,280|298
2215,4a652404f964a5205ec71fe3,1879,38,2,2012-07-16 14:24:00+00:00,2012-07-16 15:02:00+00:00,125|280
2216,4a652404f964a5205ec71fe3,1879,33,2,2012-10-03 14:53:00+00:00,2012-10-03 15:26:00+00:00,125|280
2217,4a652404f964a5205ec71fe3,1879,36,2,2012-10-26 14:23:00+00:00,2012-10-26 14:59:00+00:00,125|280
2218,4a652404f964a5205ec71fe3,1879,58,2,2012-12-17 18:44:00+00:00,2012-12-17 19:42:00+00:00,125|1177
2219,4a65a823f964a5208cc71fe3,1880,59,2,2012-05-13 21:16:00+00:00,2012-05-13 22:15:00+00:00,1003|1274
2220,4a65a823f964a5208cc71fe3,1880,48,2,2012-06-09 17:22:00+00:00,2012-06-09 18:10:00+00:00,850|1222
2221,4a65a823f964a5208cc71fe3,1880,46,2,2012-07-12 12:27:00+00:00,2012-07-12 13:13:00+00:00,395|957
2222,4a65bd5cf964a52095c71fe3,1882,49,8,2012-05-09 22:24:00+00:00,2012-05-09 23:13:00+00:00,29|130|166|435|547|748|1088|1170
2223,4a65bd5cf964a52095c71fe3,1882,58,2,2012-05-10 22:05:00+00:00,2012-05-10 23:03:00+00:00,6|1031
2224,4a65bd5cf964a52095c71fe3,1882,32,2,2012-06-02 23:09:00+00:00,2012-06-02 23:41:00+00:00,44|955
2225,4a65bd5cf964a52095c71fe3,1882,33,3,2012-06-11 12:52:00+00:00,2012-06-11 13:25:00+00:00,176|778|903
2226,4a65bd5cf964a52095c71fe3,1882,55,3,2012-06-12 13:07:00+00:00,2012-06-12 14:02:00+00:00,16|157|590
2227,4a65bd5cf964a52095c71fe3,1882,1,2,2012-11-11 00:23:00+00:00,2012-11-11 00:24:00+00:00,73|119
2228,4a65bd5cf964a52095c71fe3,1882,6,2,2012-12-04 23:45:00+00:00,2012-12-04 23:51:00+00:00,7|903
2229,4a65bd5cf964a52095c71fe3,1882,54,2,2012-12-08 14:22:00+00:00,2012-12-08 15:16:00+00:00,17|235
2230,4a65bd5cf964a52095c71fe3,1882,20,4,2013-01-08 23:41:00+00:00,2013-01-09 00:01:00+00:00,7|224|361|706
2231,4a663f7cf964a52046c81fe3,1887,5,2,2012-06-17 22:12:00+00:00,2012-06-17 22:17:00+00:00,556|1624
2232,4a676435f964a52054c91fe3,1895,16,2,2012-04-22 00:44:00+00:00,2012-04-22 01:00:00+00:00,1183|1353
2233,4a676435f964a52054c91fe3,1895,43,2,2012-04-23 16:13:00+00:00,2012-04-23 16:56:00+00:00,1395|1545
2234,4a676435f964a52054c91fe3,1895,14,2,2012-04-24 14:43:00+00:00,2012-04-24 14:57:00+00:00,1432|1520
2235,4a67b65ff964a520f2c91fe3,1897,2,2,2012-04-15 00:12:00+00:00,2012-04-15 00:14:00+00:00,113|285
2236,4a68a1c6f964a520b5ca1fe3,1902,31,2,2012-12-20 01:26:00+00:00,2012-12-20 01:57:00+00:00,1347|1656
2237,4a6a032bf964a52060cc1fe3,1911,13,2,2013-02-12 17:51:00+00:00,2013-02-12 18:04:00+00:00,763|860
2238,4a6a09fcf964a52072cc1fe3,1912,30,2,2012-07-29 03:24:00+00:00,2012-07-29 03:54:00+00:00,100|186
2239,4a6a09fcf964a52072cc1fe3,1912,43,2,2012-07-29 03:54:00+00:00,2012-07-29 04:37:00+00:00,186|770
2240,4a6a2deef964a520c3cc1fe3,1915,36,3,2012-11-01 06:37:00+00:00,2012-11-01 07:13:00+00:00,1074|1336|1523
2241,4a6b59fbf964a5208ace1fe3,1928,58,2,2012-04-04 00:03:00+00:00,2012-04-04 01:01:00+00:00,413|891
2242,4a6dbb61f964a520e5d21fe3,1945,37,2,2012-10-24 12:47:00+00:00,2012-10-24 13:24:00+00:00,962|1399
2243,4a6dbb61f964a520e5d21fe3,1945,44,2,2012-11-21 14:13:00+00:00,2012-11-21 14:57:00+00:00,344|1399
2244,4a6dbb61f964a520e5d21fe3,1945,47,2,2013-01-09 14:01:00+00:00,2013-01-09 14:48:00+00:00,344|1399
2245,4a6dff78f964a5208dd31fe3,1948,49,2,2012-04-20 13:25:00+00:00,2012-04-20 14:14:00+00:00,701|1465
2246,4a6dff78f964a5208dd31fe3,1948,57,2,2012-05-22 12:43:00+00:00,2012-05-22 13:40:00+00:00,701|1465
2247,4a6dff78f964a5208dd31fe3,1948,31,2,2012-06-06 12:39:00+00:00,2012-06-06 13:10:00+00:00,701|1465
2248,4a6dff78f964a5208dd31fe3,1948,37,2,2012-06-07 12:38:00+00:00,2012-06-07 13:15:00+00:00,701|1465
2249,4a6e331af964a52031d41fe3,1950,18,2,2012-11-27 00:28:00+00:00,2012-11-27 00:46:00+00:00,351|697
2250,4a6e331af964a52031d41fe3,1950,42,2,2013-01-26 16:46:00+00:00,2013-01-26 17:28:00+00:00,351|1653
2251,4a705a19f964a5204ed71fe3,1961,34,2,2012-07-11 21:25:00+00:00,2012-07-11 21:59:00+00:00,1036|1358
2252,4a70a76cf964a52017d81fe3,1965,28,2,2012-04-22 21:33:00+00:00,2012-04-22 22:01:00+00:00,87|1174
2253,4a718a5af964a52041d91fe3,1967,51,2,2012-04-24 21:47:00+00:00,2012-04-24 22:38:00+00:00,59|483
2254,4a723060f964a5208cda1fe3,1973,45,2,2012-12-15 02:54:00+00:00,2012-12-15 03:39:00+00:00,134|318
2255,4a72e5fef964a52050db1fe3,1976,52,2,2012-10-26 15:01:00+00:00,2012-10-26 15:53:00+00:00,29|571
2256,4a737bf8f964a52091dc1fe3,1983,1,2,2012-04-13 12:15:00+00:00,2012-04-13 12:16:00+00:00,736|737
2257,4a737bf8f964a52091dc1fe3,1983,1,2,2012-04-14 03:21:00+00:00,2012-04-14 03:22:00+00:00,736|737
2258,4a737bf8f964a52091dc1fe3,1983,1,2,2012-04-14 17:24:00+00:00,2012-04-14 17:25:00+00:00,736|737
2259,4a737bf8f964a52091dc1fe3,1983,0,2,2012-04-15 01:11:00+00:00,2012-04-15 01:11:00+00:00,736|737
2260,4a737bf8f964a52091dc1fe3,1983,9,2,2012-04-24 13:49:00+00:00,2012-04-24 13:58:00+00:00,129|788
2261,4a737bf8f964a52091dc1fe3,1983,32,2,2012-04-25 13:10:00+00:00,2012-04-25 13:42:00+00:00,129|788
2262,4a737bf8f964a52091dc1fe3,1983,31,2,2012-05-01 21:15:00+00:00,2012-05-01 21:46:00+00:00,771|1514
2263,4a737bf8f964a52091dc1fe3,1983,0,2,2012-05-03 13:10:00+00:00,2012-05-03 13:10:00+00:00,773|788
2264,4a737bf8f964a52091dc1fe3,1983,7,2,2012-05-03 22:41:00+00:00,2012-05-03 22:48:00+00:00,129|705
2265,4a737bf8f964a52091dc1fe3,1983,33,3,2012-05-04 13:40:00+00:00,2012-05-04 14:13:00+00:00,129|545|788
2266,4a737bf8f964a52091dc1fe3,1983,28,3,2012-05-15 13:17:00+00:00,2012-05-15 13:45:00+00:00,129|788|1052
2267,4a737bf8f964a52091dc1fe3,1983,38,2,2012-06-13 16:09:00+00:00,2012-06-13 16:47:00+00:00,545|771
2268,4a737bf8f964a52091dc1fe3,1983,52,2,2012-06-21 12:56:00+00:00,2012-06-21 13:48:00+00:00,129|773
2269,4a737bf8f964a52091dc1fe3,1983,44,2,2012-08-17 22:57:00+00:00,2012-08-17 23:41:00+00:00,833|1541
2270,4a75f517f964a520cbe11fe3,1993,52,2,2012-04-17 13:07:00+00:00,2012-04-17 13:59:00+00:00,1004|1071
2271,4a75fc17f964a520dfe11fe3,1994,16,2,2012-04-21 00:10:00+00:00,2012-04-21 00:26:00+00:00,1251|1613
2272,4a75fc17f964a520dfe11fe3,1994,41,2,2012-04-21 03:47:00+00:00,2012-04-21 04:28:00+00:00,1263|1317
2273,4a75fc17f964a520dfe11fe3,1994,17,3,2012-04-21 06:45:00+00:00,2012-04-21 07:02:00+00:00,1186|1491|1562
2274,4a75fc17f964a520dfe11fe3,1994,49,3,2012-04-21 07:00:00+00:00,2012-04-21 07:49:00+00:00,1186|1395|1562
2275,4a75fc17f964a520dfe11fe3,1994,54,2,2012-04-21 07:49:00+00:00,2012-04-21 08:43:00+00:00,1395|1504
2276,4a75fc17f964a520dfe11fe3,1994,28,2,2012-04-21 08:43:00+00:00,2012-04-21 09:11:00+00:00,1504|1534
2277,4a75fc17f964a520dfe11fe3,1994,57,2,2012-04-21 14:04:00+00:00,2012-04-21 15:01:00+00:00,932|1520
2278,4a785251f964a52063e51fe3,2005,36,2,2012-07-15 21:05:00+00:00,2012-07-15 21:41:00+00:00,1215|1479
2279,4a78c5fff964a52063e61fe3,2008,23,2,2012-06-01 12:59:00+00:00,2012-06-01 13:22:00+00:00,219|803
2280,4a7a145df964a52071e81fe3,2017,30,2,2012-04-21 15:00:00+00:00,2012-04-21 15:30:00+00:00,932|1317
2281,4a7af3e6f964a520afe91fe3,2023,21,2,2012-07-12 23:15:00+00:00,2012-07-12 23:36:00+00:00,316|329
2282,4a7c61fef964a52072ec1fe3,2031,11,2,2012-05-06 19:01:00+00:00,2012-05-06 19:12:00+00:00,766|811
2283,4a7c6d9bf964a52091ec1fe3,2032,30,2,2012-07-27 22:18:00+00:00,2012-07-27 22:48:00+00:00,876|1574
2284,4a7dff4df964a52091f01fe3,2044,53,2,2012-05-05 00:48:00+00:00,2012-05-05 01:41:00+00:00,84|235
2285,4a7dff4df964a52091f01fe3,2044,47,2,2012-05-19 02:29:00+00:00,2012-05-19 03:16:00+00:00,408|1245
2286,4a7dff4df964a52091f01fe3,2044,17,2,2012-06-08 23:21:00+00:00,2012-06-08 23:38:00+00:00,624|1245
2287,4a7dff4df964a52091f01fe3,2044,52,2,2012-06-09 17:23:00+00:00,2012-06-09 18:15:00+00:00,132|1578
2288,4a7dff4df964a52091f01fe3,2044,23,3,2012-07-12 00:23:00+00:00,2012-07-12 00:46:00+00:00,212|1004|1292
2289,4a7dff4df964a52091f01fe3,2044,49,2,2012-08-14 22:54:00+00:00,2012-08-14 23:43:00+00:00,51|1561
2290,4a7efe5cf964a5206cf21fe3,2048,6,2,2012-04-27 23:50:00+00:00,2012-04-27 23:56:00+00:00,499|870
2291,4a7f68e6f964a520eff31fe3,2052,7,2,2012-04-15 21:22:00+00:00,2012-04-15 21:29:00+00:00,736|737
2292,4a808da6f964a52097f51fe3,2055,42,2,2012-05-18 20:38:00+00:00,2012-05-18 21:20:00+00:00,816|1075
2293,4a80e191f964a52065f61fe3,2061,1,2,2012-07-18 23:58:00+00:00,2012-07-18 23:59:00+00:00,1133|1479
2294,4a83505ef964a520bffa1fe3,2079,1,2,2012-06-14 00:11:00+00:00,2012-06-14 00:12:00+00:00,460|640
2295,4a84a143f964a52028fd1fe3,2087,1,2,2012-04-22 19:35:00+00:00,2012-04-22 19:36:00+00:00,261|729
2296,4a862810f964a5209a0020e3,2098,57,2,2012-06-03 16:35:00+00:00,2012-06-03 17:32:00+00:00,178|599
2297,4a87563bf964a520f80320e3,2102,8,2,2012-04-19 13:19:00+00:00,2012-04-19 13:27:00+00:00,286|753
2298,4a888403f964a520bb0620e3,2110,29,2,2012-05-19 12:27:00+00:00,2012-05-19 12:56:00+00:00,663|1022
2299,4a888403f964a520bb0620e3,2110,17,2,2012-05-22 12:46:00+00:00,2012-05-22 13:03:00+00:00,663|1022
2300,4a888403f964a520bb0620e3,2110,56,2,2012-05-22 13:03:00+00:00,2012-05-22 13:59:00+00:00,15|1022
2301,4a888403f964a520bb0620e3,2110,43,2,2012-06-27 10:17:00+00:00,2012-06-27 11:00:00+00:00,663|1036
2302,4a888403f964a520bb0620e3,2110,25,2,2012-08-17 00:09:00+00:00,2012-08-17 00:34:00+00:00,338|1539
2303,4a888403f964a520bb0620e3,2110,21,2,2012-10-12 13:49:00+00:00,2012-10-12 14:10:00+00:00,948|1022
2304,4a8c017df964a520dc0c20e3,2128,22,2,2012-07-02 13:28:00+00:00,2012-07-02 13:50:00+00:00,613|1004
2305,4a8cc1d4f964a520130f20e3,2132,33,2,2012-04-07 18:18:00+00:00,2012-04-07 18:51:00+00:00,113|764
2306,4a8e031cf964a520be1120e3,2136,15,2,2012-06-09 04:09:00+00:00,2012-06-09 04:24:00+00:00,505|1369
2307,4a8e031cf964a520be1120e3,2136,53,2,2012-06-30 20:03:00+00:00,2012-06-30 20:56:00+00:00,782|1143
2308,4a90a5caf964a520f01820e3,2147,26,2,2012-11-17 05:11:00+00:00,2012-11-17 05:37:00+00:00,1100|1546
2309,4a90a5caf964a520f01820e3,2147,28,2,2012-11-25 04:47:00+00:00,2012-11-25 05:15:00+00:00,20|1222
2310,4a914773f964a520dd1920e3,2149,54,3,2012-07-26 22:43:00+00:00,2012-07-26 23:37:00+00:00,531|762|1431
2311,4a914773f964a520dd1920e3,2149,0,2,2012-10-25 23:10:00+00:00,2012-10-25 23:10:00+00:00,1179|1255
2312,4a922718f964a520e61c20e3,2154,1,2,2012-11-16 20:52:00+00:00,2012-11-16 20:53:00+00:00,566|608
2313,4a9320d2f964a520e31e20e3,2159,38,2,2012-05-18 12:40:00+00:00,2012-05-18 13:18:00+00:00,475|1079
2314,4a9320d2f964a520e31e20e3,2159,9,3,2012-06-01 08:44:00+00:00,2012-06-01 08:53:00+00:00,1074|1459|1520
2315,4a9320d2f964a520e31e20e3,2159,10,2,2012-06-01 10:09:00+00:00,2012-06-01 10:19:00+00:00,1223|1263
2316,4a9320d2f964a520e31e20e3,2159,39,2,2012-06-01 17:52:00+00:00,2012-06-01 18:31:00+00:00,395|1252
2317,4a97fe69f964a520082a20e3,2192,14,2,2012-04-12 12:57:00+00:00,2012-04-12 13:11:00+00:00,957|1391
2318,4a97fe69f964a520082a20e3,2192,47,2,2012-04-24 13:00:00+00:00,2012-04-24 13:47:00+00:00,957|1391
2319,4a97fe69f964a520082a20e3,2192,43,2,2012-05-07 12:57:00+00:00,2012-05-07 13:40:00+00:00,957|1391
2320,4a97fe69f964a520082a20e3,2192,7,2,2012-05-14 13:02:00+00:00,2012-05-14 13:09:00+00:00,957|1391
2321,4a97fe69f964a520082a20e3,2192,4,2,2012-05-15 12:56:00+00:00,2012-05-15 13:00:00+00:00,957|1391
2322,4a97fe69f964a520082a20e3,2192,41,2,2012-05-16 12:56:00+00:00,2012-05-16 13:37:00+00:00,957|1391
2323,4a97fe69f964a520082a20e3,2192,1,2,2012-05-21 13:03:00+00:00,2012-05-21 13:04:00+00:00,957|1391
2324,4a97fe69f964a520082a20e3,2192,11,2,2012-05-22 12:58:00+00:00,2012-05-22 13:09:00+00:00,957|1391
2325,4a97fe69f964a520082a20e3,2192,55,2,2012-05-25 13:04:00+00:00,2012-05-25 13:59:00+00:00,957|1391
2326,4a97fe69f964a520082a20e3,2192,4,2,2012-06-01 13:07:00+00:00,2012-06-01 13:11:00+00:00,957|1391
2327,4a97fe69f964a520082a20e3,2192,14,2,2012-06-18 13:03:00+00:00,2012-06-18 13:17:00+00:00,957|1391
2328,4a97fe69f964a520082a20e3,2192,55,2,2012-07-12 13:05:00+00:00,2012-07-12 14:00:00+00:00,957|1391
2329,4a996bb4f964a520342e20e3,2199,14,2,2012-12-05 23:42:00+00:00,2012-12-05 23:56:00+00:00,169|836
2330,4a99898ff964a520f22e20e3,2203,0,2,2012-04-29 20:21:00+00:00,2012-04-29 20:21:00+00:00,911|1206
2331,4a9ad452f964a520013320e3,2209,17,2,2012-04-21 00:11:00+00:00,2012-04-21 00:28:00+00:00,1251|1613
2332,4a9ad452f964a520013320e3,2209,60,2,2012-04-21 14:02:00+00:00,2012-04-21 15:02:00+00:00,932|1520
2333,4a9c58faf964a520e13620e3,2222,54,2,2013-02-13 12:59:00+00:00,2013-02-13 13:53:00+00:00,401|1230
2334,4a9d8a2df964a520703820e3,2227,46,2,2012-09-09 18:58:00+00:00,2012-09-09 19:44:00+00:00,726|903
2335,4a9ed2b6f964a5204e3b20e3,2238,5,2,2012-05-21 23:39:00+00:00,2012-05-21 23:44:00+00:00,219|1427
2336,4a9fe58bf964a5207e3d20e3,2248,38,2,2012-10-22 23:51:00+00:00,2012-10-23 00:29:00+00:00,725|816
2337,4aa2d477f964a520484220e3,2258,4,2,2012-05-17 03:50:00+00:00,2012-05-17 03:54:00+00:00,1327|1453
2338,4aa2d477f964a520484220e3,2258,16,2,2012-07-28 00:38:00+00:00,2012-07-28 00:54:00+00:00,351|1499
2339,4aa52d50f964a520834720e3,2264,53,2,2012-04-24 14:34:00+00:00,2012-04-24 15:27:00+00:00,640|1218
2340,4aa52d50f964a520834720e3,2264,36,2,2012-04-24 21:40:00+00:00,2012-04-24 22:16:00+00:00,239|876
2341,4aa52d50f964a520834720e3,2264,24,2,2012-05-15 13:40:00+00:00,2012-05-15 14:04:00+00:00,951|1271
2342,4aa5571ef964a520094820e3,2267,3,2,2012-05-06 22:41:00+00:00,2012-05-06 22:44:00+00:00,368|1122
2343,4aa56c81f964a5204e4820e3,2270,27,2,2012-07-08 00:52:00+00:00,2012-07-08 01:19:00+00:00,675|1082
2344,4aa5c657f964a5206d4920e3,2272,3,2,2012-04-27 23:59:00+00:00,2012-04-28 00:02:00+00:00,393|1323
2345,4aa88b91f964a520915120e3,2282,18,2,2012-11-25 21:19:00+00:00,2012-11-25 21:37:00+00:00,868|1037
2346,4aaa9905f964a520865620e3,2289,6,2,2012-05-11 04:01:00+00:00,2012-05-11 04:07:00+00:00,441|1321
2347,4aabdcddf964a520805a20e3,2298,0,2,2012-05-12 06:30:00+00:00,2012-05-12 06:30:00+00:00,1277|1570
2348,4ab04eb9f964a520fe6620e3,2318,13,2,2012-04-28 00:20:00+00:00,2012-04-28 00:33:00+00:00,72|876
2349,4ab04eb9f964a520fe6620e3,2318,1,2,2012-05-01 22:58:00+00:00,2012-05-01 22:59:00+00:00,952|1008
2350,4ab04eb9f964a520fe6620e3,2318,35,3,2012-11-11 22:57:00+00:00,2012-11-11 23:32:00+00:00,18|307|1449
2351,4ab04eb9f964a520fe6620e3,2318,7,3,2012-11-13 00:06:00+00:00,2012-11-13 00:13:00+00:00,18|132|511
2352,4ab172a4f964a520816920e3,2323,2,2,2012-05-11 16:18:00+00:00,2012-05-11 16:20:00+00:00,470|509
2353,4ab172a4f964a520816920e3,2323,1,2,2012-05-18 16:10:00+00:00,2012-05-18 16:11:00+00:00,470|509
2354,4ab2a782f964a520c86b20e3,2329,1,2,2012-04-13 16:58:00+00:00,2012-04-13 16:59:00+00:00,736|737
2355,4ab5320cf964a5202b7320e3,2339,36,2,2013-02-24 15:53:00+00:00,2013-02-24 16:29:00+00:00,63|249
2356,4ab64569f964a520637620e3,2343,29,2,2012-04-21 00:19:00+00:00,2012-04-21 00:48:00+00:00,1251|1613
2357,4ab64569f964a520637620e3,2343,60,2,2012-04-21 06:55:00+00:00,2012-04-21 07:55:00+00:00,1194|1251
2358,4ab64ad9f964a5207e7620e3,2344,15,2,2012-05-06 22:39:00+00:00,2012-05-06 22:54:00+00:00,919|1301
2359,4ab659aff964a520b17620e3,2345,2,2,2012-06-10 13:57:00+00:00,2012-06-10 13:59:00+00:00,698|824
2360,4ab659aff964a520b17620e3,2345,17,2,2012-07-18 14:31:00+00:00,2012-07-18 14:48:00+00:00,698|824
2361,4ab690abf964a520e07720e3,2346,58,2,2013-01-01 02:13:00+00:00,2013-01-01 03:11:00+00:00,1055|1200
2362,4ab690abf964a520e07720e3,2346,23,2,2013-01-01 03:11:00+00:00,2013-01-01 03:34:00+00:00,1200|1204
2363,4ab7e0d7f964a520417b20e3,2357,23,2,2012-04-14 19:54:00+00:00,2012-04-14 20:17:00+00:00,359|1537
2364,4ab8ed0ef964a520587d20e3,2362,32,2,2012-05-06 21:59:00+00:00,2012-05-06 22:31:00+00:00,37|1461
2365,4ab92bc4f964a520557e20e3,2365,52,3,2012-04-21 00:15:00+00:00,2012-04-21 01:07:00+00:00,1167|1251|1613
2366,4abadd53f964a520338320e3,2381,43,2,2012-05-26 03:52:00+00:00,2012-05-26 04:35:00+00:00,814|944
2367,4abadd53f964a520338320e3,2381,24,2,2012-05-26 04:35:00+00:00,2012-05-26 04:59:00+00:00,814|1068
2368,4abadd53f964a520338320e3,2381,48,2,2012-11-17 05:50:00+00:00,2012-11-17 06:38:00+00:00,1043|1444
2369,4abb7c09f964a520d18320e3,2383,11,2,2012-04-28 16:51:00+00:00,2012-04-28 17:02:00+00:00,521|590
2370,4abb7c09f964a520d18320e3,2383,25,2,2013-01-13 19:59:00+00:00,2013-01-13 20:24:00+00:00,938|1230
2371,4abb899bf964a520f18320e3,2384,2,2,2012-06-03 16:30:00+00:00,2012-06-03 16:32:00+00:00,566|608
2372,4abbe19ef964a520548520e3,2389,1,2,2012-04-14 23:12:00+00:00,2012-04-14 23:13:00+00:00,1219|1339
2373,4abbe19ef964a520548520e3,2389,31,2,2012-06-04 13:05:00+00:00,2012-06-04 13:36:00+00:00,109|1130
2374,4abbf86af964a520bb8520e3,2390,2,2,2012-08-06 12:08:00+00:00,2012-08-06 12:10:00+00:00,382|395
2375,4abce679f964a5209d8720e3,2394,0,2,2012-06-17 17:23:00+00:00,2012-06-17 17:23:00+00:00,151|448
2376,4abe363df964a520fa8b20e3,2400,4,2,2012-04-22 14:07:00+00:00,2012-04-22 14:11:00+00:00,483|1134
2377,4abe8ee6f964a5207a8e20e3,2406,5,2,2012-06-11 23:29:00+00:00,2012-06-11 23:34:00+00:00,1084|1519
2378,4abe8ee6f964a5207a8e20e3,2406,45,2,2012-09-14 21:35:00+00:00,2012-09-14 22:20:00+00:00,196|411
2379,4ac4efbff964a520a79f20e3,2419,18,2,2012-06-04 23:07:00+00:00,2012-06-04 23:25:00+00:00,313|750
2380,4ac67d85f964a5209fb420e3,2427,17,2,2012-05-01 22:52:00+00:00,2012-05-01 23:09:00+00:00,1327|1453
2381,4ac67d85f964a5209fb420e3,2427,23,2,2012-05-18 21:41:00+00:00,2012-05-18 22:04:00+00:00,1327|1453
2382,4ac6bb7ff964a52014b620e3,2429,38,2,2012-07-14 05:33:00+00:00,2012-07-14 06:11:00+00:00,313|1481
2383,4ac6bb7ff964a52014b620e3,2429,38,2,2012-07-28 03:28:00+00:00,2012-07-28 04:06:00+00:00,661|977
2384,4ac6bb7ff964a52014b620e3,2429,12,2,2012-11-18 07:39:00+00:00,2012-11-18 07:51:00+00:00,123|1350
2385,4ac7d78cf964a52011ba20e3,2434,37,2,2012-11-12 10:38:00+00:00,2012-11-12 11:15:00+00:00,587|1302
2386,4ac7e4a7f964a52065ba20e3,2435,19,2,2013-02-07 00:03:00+00:00,2013-02-07 00:22:00+00:00,45|117
2387,4ace64bef964a52053d020e3,2461,39,2,2012-05-16 12:01:00+00:00,2012-05-16 12:40:00+00:00,986|1589
2388,4ace6c89f964a52078d020e3,2463,33,3,2012-04-10 01:40:00+00:00,2012-04-10 02:13:00+00:00,46|123|1008
2389,4ace6c89f964a52078d020e3,2463,22,2,2012-04-10 03:48:00+00:00,2012-04-10 04:10:00+00:00,641|1481
2390,4ace6c89f964a52078d020e3,2463,36,2,2012-04-10 22:04:00+00:00,2012-04-10 22:40:00+00:00,601|1127
2391,4ace6c89f964a52078d020e3,2463,4,2,2012-04-12 10:34:00+00:00,2012-04-12 10:38:00+00:00,354|944
2392,4ace6c89f964a52078d020e3,2463,22,2,2012-04-12 21:15:00+00:00,2012-04-12 21:37:00+00:00,44|1499
2393,4ace6c89f964a52078d020e3,2463,41,4,2012-04-13 01:45:00+00:00,2012-04-13 02:26:00+00:00,601|905|911|1127
2394,4ace6c89f964a52078d020e3,2463,24,3,2012-04-15 17:57:00+00:00,2012-04-15 18:21:00+00:00,198|352|627
2395,4ace6c89f964a52078d020e3,2463,20,2,2012-04-15 21:04:00+00:00,2012-04-15 21:24:00+00:00,837|1129
2396,4ace6c89f964a52078d020e3,2463,49,2,2012-04-16 10:10:00+00:00,2012-04-16 10:59:00+00:00,630|1299
2397,4ace6c89f964a52078d020e3,2463,19,2,2012-04-16 12:10:00+00:00,2012-04-16 12:29:00+00:00,459|1294
2398,4ace6c89f964a52078d020e3,2463,40,3,2012-04-16 14:04:00+00:00,2012-04-16 14:44:00+00:00,478|535|1312
2399,4ace6c89f964a52078d020e3,2463,5,2,2012-04-17 13:56:00+00:00,2012-04-17 14:01:00+00:00,284|944
2400,4ace6c89f964a52078d020e3,2463,6,2,2012-04-19 20:40:00+00:00,2012-04-19 20:46:00+00:00,1048|1341
2401,4ace6c89f964a52078d020e3,2463,49,2,2012-04-20 20:29:00+00:00,2012-04-20 21:18:00+00:00,535|1312
2402,4ace6c89f964a52078d020e3,2463,58,2,2012-04-21 10:55:00+00:00,2012-04-21 11:53:00+00:00,295|449
2403,4ace6c89f964a52078d020e3,2463,52,2,2012-04-24 12:36:00+00:00,2012-04-24 13:28:00+00:00,187|564
2404,4ace6c89f964a52078d020e3,2463,24,3,2012-04-25 17:17:00+00:00,2012-04-25 17:41:00+00:00,259|449|606
2405,4ace6c89f964a52078d020e3,2463,40,3,2012-04-25 20:58:00+00:00,2012-04-25 21:38:00+00:00,729|794|1461
2406,4ace6c89f964a52078d020e3,2463,47,2,2012-04-25 21:38:00+00:00,2012-04-25 22:25:00+00:00,794|1117
2407,4ace6c89f964a52078d020e3,2463,4,2,2012-04-26 14:48:00+00:00,2012-04-26 14:52:00+00:00,134|1285
2408,4ace6c89f964a52078d020e3,2463,40,3,2012-04-27 12:41:00+00:00,2012-04-27 13:21:00+00:00,1104|1232|1253
2409,4ace6c89f964a52078d020e3,2463,50,2,2012-04-27 13:21:00+00:00,2012-04-27 14:11:00+00:00,728|1104
2410,4ace6c89f964a52078d020e3,2463,10,2,2012-04-27 19:43:00+00:00,2012-04-27 19:53:00+00:00,459|908
2411,4ace6c89f964a52078d020e3,2463,58,2,2012-04-27 20:57:00+00:00,2012-04-27 21:55:00+00:00,153|981
2412,4ace6c89f964a52078d020e3,2463,25,2,2012-04-28 22:32:00+00:00,2012-04-28 22:57:00+00:00,92|1461
2413,4ace6c89f964a52078d020e3,2463,47,2,2012-04-29 20:23:00+00:00,2012-04-29 21:10:00+00:00,153|303
2414,4ace6c89f964a52078d020e3,2463,23,2,2012-05-02 02:02:00+00:00,2012-05-02 02:25:00+00:00,606|1544
2415,4ace6c89f964a52078d020e3,2463,25,2,2012-05-03 18:05:00+00:00,2012-05-03 18:30:00+00:00,47|738
2416,4ace6c89f964a52078d020e3,2463,42,2,2012-05-04 11:10:00+00:00,2012-05-04 11:52:00+00:00,650|1285
2417,4ace6c89f964a52078d020e3,2463,1,2,2012-05-04 21:55:00+00:00,2012-05-04 21:56:00+00:00,97|1206
2418,4ace6c89f964a52078d020e3,2463,28,2,2012-05-07 12:57:00+00:00,2012-05-07 13:25:00+00:00,1346|1402
2419,4ace6c89f964a52078d020e3,2463,33,2,2012-05-07 14:45:00+00:00,2012-05-07 15:18:00+00:00,702|1206
2420,4ace6c89f964a52078d020e3,2463,31,2,2012-05-07 15:18:00+00:00,2012-05-07 15:49:00+00:00,276|1206
2421,4ace6c89f964a52078d020e3,2463,58,2,2012-05-07 15:49:00+00:00,2012-05-07 16:47:00+00:00,276|1285
2422,4ace6c89f964a52078d020e3,2463,37,2,2012-05-07 16:47:00+00:00,2012-05-07 17:24:00+00:00,440|1285
2423,4ace6c89f964a52078d020e3,2463,31,2,2012-05-07 17:24:00+00:00,2012-05-07 17:55:00+00:00,440|691
2424,4ace6c89f964a52078d020e3,2463,2,2,2012-05-08 16:15:00+00:00,2012-05-08 16:17:00+00:00,332|1429
2425,4ace6c89f964a52078d020e3,2463,7,2,2012-05-10 19:55:00+00:00,2012-05-10 20:02:00+00:00,889|1253
2426,4ace6c89f964a52078d020e3,2463,48,2,2012-05-11 11:16:00+00:00,2012-05-11 12:04:00+00:00,911|1285
2427,4ace6c89f964a52078d020e3,2463,27,2,2012-05-11 22:03:00+00:00,2012-05-11 22:30:00+00:00,196|565
2428,4ace6c89f964a52078d020e3,2463,38,2,2012-05-14 09:59:00+00:00,2012-05-14 10:37:00+00:00,380|1638
2429,4ace6c89f964a52078d020e3,2463,15,2,2012-05-14 12:11:00+00:00,2012-05-14 12:26:00+00:00,459|832
2430,4ace6c89f964a52078d020e3,2463,3,2,2012-05-14 17:34:00+00:00,2012-05-14 17:37:00+00:00,34|52
2431,4ace6c89f964a52078d020e3,2463,10,2,2012-05-15 02:25:00+00:00,2012-05-15 02:35:00+00:00,198|1297
2432,4ace6c89f964a52078d020e3,2463,12,2,2012-05-15 16:55:00+00:00,2012-05-15 17:07:00+00:00,475|738
2433,4ace6c89f964a52078d020e3,2463,38,3,2012-05-18 20:23:00+00:00,2012-05-18 21:01:00+00:00,320|986|1589
2434,4ace6c89f964a52078d020e3,2463,15,2,2012-05-19 10:22:00+00:00,2012-05-19 10:37:00+00:00,538|933
2435,4ace6c89f964a52078d020e3,2463,47,3,2012-05-21 11:01:00+00:00,2012-05-21 11:48:00+00:00,92|151|459
2436,4ace6c89f964a52078d020e3,2463,38,2,2012-05-21 11:48:00+00:00,2012-05-21 12:26:00+00:00,151|320
2437,4ace6c89f964a52078d020e3,2463,31,2,2012-05-21 18:12:00+00:00,2012-05-21 18:43:00+00:00,923|1285
2438,4ace6c89f964a52078d020e3,2463,15,2,2012-05-22 03:14:00+00:00,2012-05-22 03:29:00+00:00,92|186
2439,4ace6c89f964a52078d020e3,2463,50,2,2012-05-29 08:13:00+00:00,2012-05-29 09:03:00+00:00,1431|1619
2440,4ace6c89f964a52078d020e3,2463,19,3,2012-05-29 09:03:00+00:00,2012-05-29 09:22:00+00:00,423|459|1619
2441,4ace6c89f964a52078d020e3,2463,16,3,2012-06-01 11:05:00+00:00,2012-06-01 11:21:00+00:00,295|333|1039
2442,4ace6c89f964a52078d020e3,2463,9,3,2012-06-06 09:07:00+00:00,2012-06-06 09:16:00+00:00,111|179|1072
2443,4ace6c89f964a52078d020e3,2463,10,2,2012-06-06 21:48:00+00:00,2012-06-06 21:58:00+00:00,67|323
2444,4ace6c89f964a52078d020e3,2463,52,2,2012-06-07 10:09:00+00:00,2012-06-07 11:01:00+00:00,226|560
2445,4ace6c89f964a52078d020e3,2463,58,2,2012-06-07 13:16:00+00:00,2012-06-07 14:14:00+00:00,274|1141
2446,4ace6c89f964a52078d020e3,2463,16,2,2012-06-07 17:54:00+00:00,2012-06-07 18:10:00+00:00,650|1294
2447,4ace6c89f964a52078d020e3,2463,26,2,2012-06-08 12:01:00+00:00,2012-06-08 12:27:00+00:00,226|486
2448,4ace6c89f964a52078d020e3,2463,29,2,2012-06-10 15:29:00+00:00,2012-06-10 15:58:00+00:00,1527|1632
2449,4ace6c89f964a52078d020e3,2463,59,3,2012-06-10 21:07:00+00:00,2012-06-10 22:06:00+00:00,321|582|794
2450,4ace6c89f964a52078d020e3,2463,44,3,2012-06-11 09:18:00+00:00,2012-06-11 10:02:00+00:00,28|423|1157
2451,4ace6c89f964a52078d020e3,2463,18,2,2012-06-11 19:08:00+00:00,2012-06-11 19:26:00+00:00,257|610
2452,4ace6c89f964a52078d020e3,2463,4,2,2012-06-13 09:49:00+00:00,2012-06-13 09:53:00+00:00,295|659
2453,4ace6c89f964a52078d020e3,2463,33,3,2012-06-17 22:04:00+00:00,2012-06-17 22:37:00+00:00,5|440|1647
2454,4ace6c89f964a52078d020e3,2463,49,2,2012-06-17 23:52:00+00:00,2012-06-18 00:41:00+00:00,56|333
2455,4ace6c89f964a52078d020e3,2463,9,2,2012-07-05 08:39:00+00:00,2012-07-05 08:48:00+00:00,1057|1277
2456,4ace6c89f964a52078d020e3,2463,38,2,2012-07-05 11:59:00+00:00,2012-07-05 12:37:00+00:00,34|1481
2457,4ace6c89f964a52078d020e3,2463,27,3,2012-07-05 21:20:00+00:00,2012-07-05 21:47:00+00:00,993|1104|1453
2458,4ace6c89f964a52078d020e3,2463,17,2,2012-07-08 14:10:00+00:00,2012-07-08 14:27:00+00:00,582|993
2459,4ace6c89f964a52078d020e3,2463,36,2,2012-07-11 21:10:00+00:00,2012-07-11 21:46:00+00:00,32|590
2460,4ace6c89f964a52078d020e3,2463,43,2,2012-07-11 21:46:00+00:00,2012-07-11 22:29:00+00:00,32|794
2461,4ace6c89f964a52078d020e3,2463,60,2,2012-07-16 11:48:00+00:00,2012-07-16 12:48:00+00:00,40|1152
2462,4ace6c89f964a52078d020e3,2463,1,2,2012-07-16 12:48:00+00:00,2012-07-16 12:49:00+00:00,40|794
2463,4ace6c89f964a52078d020e3,2463,55,3,2012-07-18 14:22:00+00:00,2012-07-18 15:17:00+00:00,249|714|1521
2464,4ace6c89f964a52078d020e3,2463,59,2,2012-07-30 02:03:00+00:00,2012-07-30 03:02:00+00:00,430|1050
2465,4ace6c89f964a52078d020e3,2463,19,2,2012-07-30 13:57:00+00:00,2012-07-30 14:16:00+00:00,24|259
2466,4ace6c89f964a52078d020e3,2463,20,2,2012-07-30 20:28:00+00:00,2012-07-30 20:48:00+00:00,235|459
2467,4ace6c89f964a52078d020e3,2463,36,3,2012-08-09 10:54:00+00:00,2012-08-09 11:30:00+00:00,430|1306|1516
2468,4ace6c89f964a52078d020e3,2463,60,2,2012-08-10 09:16:00+00:00,2012-08-10 10:16:00+00:00,610|1586
2469,4ace6c89f964a52078d020e3,2463,25,2,2012-08-10 10:16:00+00:00,2012-08-10 10:41:00+00:00,67|610
2470,4ace6c89f964a52078d020e3,2463,27,2,2012-08-11 19:44:00+00:00,2012-08-11 20:11:00+00:00,499|1104
2471,4ace6c89f964a52078d020e3,2463,52,2,2012-08-11 20:11:00+00:00,2012-08-11 21:03:00+00:00,297|1104
2472,4ace6c89f964a52078d020e3,2463,15,2,2012-08-13 01:34:00+00:00,2012-08-13 01:49:00+00:00,5|192
2473,4ace6c89f964a52078d020e3,2463,49,2,2012-08-13 16:31:00+00:00,2012-08-13 17:20:00+00:00,87|1294
2474,4ace6c89f964a52078d020e3,2463,44,2,2012-08-18 02:33:00+00:00,2012-08-18 03:17:00+00:00,510|825
2475,4ace6c89f964a52078d020e3,2463,37,3,2012-08-19 20:56:00+00:00,2012-08-19 21:33:00+00:00,71|563|944
2476,4ace6c89f964a52078d020e3,2463,58,2,2012-08-20 11:56:00+00:00,2012-08-20 12:54:00+00:00,510|1442
2477,4ace6c89f964a52078d020e3,2463,54,3,2012-09-13 10:23:00+00:00,2012-09-13 11:17:00+00:00,280|1614|1632
2478,4ace6c89f964a52078d020e3,2463,23,2,2012-10-08 09:57:00+00:00,2012-10-08 10:20:00+00:00,1136|1532
2479,4ace6c89f964a52078d020e3,2463,34,2,2012-10-12 21:11:00+00:00,2012-10-12 21:45:00+00:00,459|1038
2480,4ace6c89f964a52078d020e3,2463,30,4,2012-10-12 22:52:00+00:00,2012-10-12 23:22:00+00:00,679|926|1586|1620
2481,4ace6c89f964a52078d020e3,2463,47,2,2012-10-18 23:17:00+00:00,2012-10-19 00:04:00+00:00,218|289
2482,4ace6c89f964a52078d020e3,2463,21,2,2012-10-23 08:41:00+00:00,2012-10-23 09:02:00+00:00,103|430
2483,4ace6c89f964a52078d020e3,2463,45,2,2012-10-24 23:49:00+00:00,2012-10-25 00:34:00+00:00,112|312
2484,4ace6c89f964a52078d020e3,2463,18,2,2012-10-25 23:44:00+00:00,2012-10-26 00:02:00+00:00,377|1043
2485,4ace6c89f964a52078d020e3,2463,21,3,2012-10-26 09:54:00+00:00,2012-10-26 10:15:00+00:00,4|956|1129
2486,4ace6c89f964a52078d020e3,2463,28,2,2012-10-27 00:37:00+00:00,2012-10-27 01:05:00+00:00,430|589
2487,4ace6c89f964a52078d020e3,2463,34,2,2012-11-05 11:32:00+00:00,2012-11-05 12:06:00+00:00,76|459
2488,4ace6c89f964a52078d020e3,2463,37,2,2012-11-05 12:06:00+00:00,2012-11-05 12:43:00+00:00,459|1152
2489,4ace6c89f964a52078d020e3,2463,6,2,2012-11-13 01:39:00+00:00,2012-11-13 01:45:00+00:00,198|1168
2490,4ace6c89f964a52078d020e3,2463,8,2,2012-11-19 22:20:00+00:00,2012-11-19 22:28:00+00:00,34|67
2491,4ace6c89f964a52078d020e3,2463,55,2,2012-11-19 22:28:00+00:00,2012-11-19 23:23:00+00:00,28|34
2492,4ace6c89f964a52078d020e3,2463,20,3,2012-11-20 01:53:00+00:00,2012-11-20 02:13:00+00:00,74|833|1292
2493,4ace6c89f964a52078d020e3,2463,46,2,2012-11-21 09:19:00+00:00,2012-11-21 10:05:00+00:00,869|987
2494,4ace6c89f964a52078d020e3,2463,24,2,2012-11-21 10:05:00+00:00,2012-11-21 10:29:00+00:00,768|987
2495,4ace6c89f964a52078d020e3,2463,44,2,2012-12-07 10:41:00+00:00,2012-12-07 11:25:00+00:00,839|952
2496,4ace6c89f964a52078d020e3,2463,42,2,2012-12-07 15:09:00+00:00,2012-12-07 15:51:00+00:00,1079|1297
2497,4ace6c89f964a52078d020e3,2463,6,2,2012-12-12 01:13:00+00:00,2012-12-12 01:19:00+00:00,92|1022
2498,4ace6c89f964a52078d020e3,2463,10,2,2012-12-14 10:40:00+00:00,2012-12-14 10:50:00+00:00,697|802
2499,4ace6c89f964a52078d020e3,2463,57,3,2012-12-18 09:42:00+00:00,2012-12-18 10:39:00+00:00,343|430|610
2500,4ace6c89f964a52078d020e3,2463,31,3,2012-12-18 10:14:00+00:00,2012-12-18 10:45:00+00:00,40|343|430
2501,4ace6c89f964a52078d020e3,2463,43,2,2012-12-21 19:46:00+00:00,2012-12-21 20:29:00+00:00,430|602
2502,4ace6c89f964a52078d020e3,2463,2,2,2012-12-22 13:39:00+00:00,2012-12-22 13:41:00+00:00,220|449
2503,4ace6c89f964a52078d020e3,2463,52,2,2012-12-28 08:58:00+00:00,2012-12-28 09:50:00+00:00,1399|1547
2504,4ace6c89f964a52078d020e3,2463,3,2,2012-12-29 04:43:00+00:00,2012-12-29 04:46:00+00:00,321|1162
2505,4ace6c89f964a52078d020e3,2463,18,2,2012-12-30 03:04:00+00:00,2012-12-30 03:22:00+00:00,548|1119
2506,4ace6c89f964a52078d020e3,2463,52,3,2013-01-08 11:21:00+00:00,2013-01-08 12:13:00+00:00,459|794|1309
2507,4ace6c89f964a52078d020e3,2463,37,2,2013-01-10 02:35:00+00:00,2013-01-10 03:12:00+00:00,75|746
2508,4ace6c89f964a52078d020e3,2463,4,2,2013-01-10 10:01:00+00:00,2013-01-10 10:05:00+00:00,609|962
2509,4ace6c89f964a52078d020e3,2463,43,2,2013-01-13 22:18:00+00:00,2013-01-13 23:01:00+00:00,28|218
2510,4ace6c89f964a52078d020e3,2463,2,2,2013-01-18 14:27:00+00:00,2013-01-18 14:29:00+00:00,123|167
2511,4ace6c89f964a52078d020e3,2463,37,2,2013-01-21 14:03:00+00:00,2013-01-21 14:40:00+00:00,687|790
2512,4ace6c89f964a52078d020e3,2463,10,2,2013-01-27 10:22:00+00:00,2013-01-27 10:32:00+00:00,837|1283
2513,4ace6c89f964a52078d020e3,2463,9,2,2013-02-01 12:25:00+00:00,2013-02-01 12:34:00+00:00,5|1408
2514,4ace6c89f964a52078d020e3,2463,48,2,2013-02-08 11:52:00+00:00,2013-02-08 12:40:00+00:00,167|1455
2515,4ace6c89f964a52078d020e3,2463,21,2,2013-02-19 16:57:00+00:00,2013-02-19 17:18:00+00:00,28|376
2516,4ace6c89f964a52078d020e3,2463,46,3,2013-02-25 15:30:00+00:00,2013-02-25 16:16:00+00:00,537|1097|1521
2517,4ace6c89f964a52078d020e3,2463,57,4,2013-02-25 15:46:00+00:00,2013-02-25 16:43:00+00:00,165|167|1097|1521
2518,4ace6c89f964a52078d020e3,2463,47,2,2013-03-07 08:28:00+00:00,2013-03-07 09:15:00+00:00,116|1361
2519,4ace6c89f964a52078d020e3,2463,33,2,2013-03-08 12:49:00+00:00,2013-03-08 13:22:00+00:00,546|610
2520,4ace6c89f964a52078d020e3,2463,13,2,2013-03-12 01:19:00+00:00,2013-03-12 01:32:00+00:00,42|1324
2521,4ace6c89f964a52078d020e3,2463,58,2,2013-03-12 01:32:00+00:00,2013-03-12 02:30:00+00:00,64|1324
2522,4ace6c89f964a52078d020e3,2463,38,2,2013-03-22 18:57:00+00:00,2013-03-22 19:35:00+00:00,377|870
2523,4ace6c89f964a52078d020e3,2463,45,3,2013-03-28 08:36:00+00:00,2013-03-28 09:21:00+00:00,190|685|939
2524,4ace6c89f964a52078d020e3,2463,28,2,2013-04-02 17:21:00+00:00,2013-04-02 17:49:00+00:00,165|882
2525,4ace6c89f964a52078d020e3,2463,59,2,2013-04-05 10:11:00+00:00,2013-04-05 11:10:00+00:00,981|1396
2526,4ace6c89f964a52078d020e3,2463,14,2,2013-04-05 11:10:00+00:00,2013-04-05 11:24:00+00:00,312|1396
2527,4acf7cadf964a52003d420e3,2467,7,2,2012-05-04 16:35:00+00:00,2012-05-04 16:42:00+00:00,115|1561
2528,4acf7cadf964a52003d420e3,2467,56,5,2012-05-11 16:27:00+00:00,2012-05-11 17:23:00+00:00,359|730|803|804|1561
2529,4acf7cadf964a52003d420e3,2467,54,4,2012-05-11 16:47:00+00:00,2012-05-11 17:41:00+00:00,622|730|804|1561
2530,4acf7cadf964a52003d420e3,2467,29,2,2012-05-14 16:24:00+00:00,2012-05-14 16:53:00+00:00,12|115
2531,4acf7cadf964a52003d420e3,2467,15,2,2012-05-16 17:29:00+00:00,2012-05-16 17:44:00+00:00,463|1547
2532,4acf7cadf964a52003d420e3,2467,5,2,2012-05-17 17:06:00+00:00,2012-05-17 17:11:00+00:00,307|505
2533,4acf7cadf964a52003d420e3,2467,29,3,2012-05-25 17:01:00+00:00,2012-05-25 17:30:00+00:00,115|615|1200
2534,4acf7cadf964a52003d420e3,2467,37,2,2012-05-29 22:46:00+00:00,2012-05-29 23:23:00+00:00,1031|1335
2535,4acf7cadf964a52003d420e3,2467,37,3,2012-06-01 16:34:00+00:00,2012-06-01 17:11:00+00:00,156|227|615
2536,4acf7cadf964a52003d420e3,2467,11,2,2012-10-18 22:04:00+00:00,2012-10-18 22:15:00+00:00,1214|1326
2537,4acfd8bef964a52069d620e3,2471,19,2,2012-04-20 03:09:00+00:00,2012-04-20 03:28:00+00:00,1271|1316
2538,4ad04456f964a520c7d720e3,2472,13,2,2012-07-04 06:06:00+00:00,2012-07-04 06:19:00+00:00,1043|1358
2539,4ad04456f964a520c7d720e3,2472,27,2,2013-02-16 04:39:00+00:00,2013-02-16 05:06:00+00:00,681|1418
2540,4ad103f8f964a520f4db20e3,2478,55,2,2012-05-09 22:02:00+00:00,2012-05-09 22:57:00+00:00,61|76
2541,4ad5056cf964a520520121e3,2497,56,5,2012-09-05 22:29:00+00:00,2012-09-05 23:25:00+00:00,1112|1123|1251|1252|1336
2542,4ad5056cf964a520520121e3,2497,54,5,2012-09-05 22:38:00+00:00,2012-09-05 23:32:00+00:00,932|1112|1123|1252|1336
2543,4ad5056cf964a520520121e3,2497,51,5,2012-09-05 22:49:00+00:00,2012-09-05 23:40:00+00:00,932|1074|1112|1123|1252
2544,4ad5056cf964a520520121e3,2497,55,3,2012-09-05 23:32:00+00:00,2012-09-06 00:27:00+00:00,932|1074|1595
2545,4ad5056cf964a520520121e3,2497,26,2,2012-09-06 00:27:00+00:00,2012-09-06 00:53:00+00:00,1183|1595
2546,4ad50856f964a5206a0121e3,2499,0,2,2012-04-15 18:34:00+00:00,2012-04-15 18:34:00+00:00,625|1660
2547,4ad50856f964a5206a0121e3,2499,52,2,2012-04-19 18:12:00+00:00,2012-04-19 19:04:00+00:00,1478|1628
2548,4ad5d824f964a520b70321e3,2502,31,2,2012-04-10 00:41:00+00:00,2012-04-10 01:12:00+00:00,1187|1224
2549,4ad64afcf964a5205b0621e3,2505,49,2,2012-05-08 16:06:00+00:00,2012-05-08 16:55:00+00:00,519|1178
2550,4ad68321f964a5208e0721e3,2510,46,2,2012-07-18 15:34:00+00:00,2012-07-18 16:20:00+00:00,1075|1095
2551,4ad778a8f964a520030b21e3,2519,10,2,2012-05-04 22:34:00+00:00,2012-05-04 22:44:00+00:00,1277|1550
2552,4ad77a2bf964a520280b21e3,2520,56,2,2012-04-18 00:37:00+00:00,2012-04-18 01:33:00+00:00,556|995
2553,4ad77a2bf964a520280b21e3,2520,51,2,2012-04-24 22:27:00+00:00,2012-04-24 23:18:00+00:00,118|1519
2554,4ad77a2bf964a520280b21e3,2520,50,2,2012-05-14 22:29:00+00:00,2012-05-14 23:19:00+00:00,701|995
2555,4ad77a2bf964a520280b21e3,2520,47,2,2012-06-12 21:17:00+00:00,2012-06-12 22:04:00+00:00,701|995
2556,4ad77a2bf964a520280b21e3,2520,32,2,2012-06-21 00:06:00+00:00,2012-06-21 00:38:00+00:00,701|995
2557,4ad77a2bf964a520280b21e3,2520,22,2,2012-06-26 22:59:00+00:00,2012-06-26 23:21:00+00:00,701|995
2558,4ad7a8d9f964a520640d21e3,2522,37,2,2012-06-13 21:20:00+00:00,2012-06-13 21:57:00+00:00,508|993
2559,4ad7cb6af964a520ce0e21e3,2523,13,2,2012-04-14 00:23:00+00:00,2012-04-14 00:36:00+00:00,206|348
2560,4ad8795ff964a520a21121e3,2525,6,2,2012-10-28 02:42:00+00:00,2012-10-28 02:48:00+00:00,1494|1598
2561,4ad90280f964a520161721e3,2530,9,2,2012-04-07 17:39:00+00:00,2012-04-07 17:48:00+00:00,394|1374
2562,4ad90280f964a520161721e3,2530,34,3,2012-04-07 23:31:00+00:00,2012-04-08 00:05:00+00:00,73|394|399
2563,4ad90280f964a520161721e3,2530,59,2,2012-04-09 22:51:00+00:00,2012-04-09 23:50:00+00:00,662|1455
2564,4ad90280f964a520161721e3,2530,14,2,2012-05-01 22:44:00+00:00,2012-05-01 22:58:00+00:00,252|394
2565,4ad9f641f964a5206e1c21e3,2538,5,2,2012-05-13 04:36:00+00:00,2012-05-13 04:41:00+00:00,1150|1303
2566,4ada0b96f964a520b61d21e3,2539,3,2,2012-09-09 21:08:00+00:00,2012-09-09 21:11:00+00:00,169|198
2567,4ada106af964a520ed1d21e3,2540,9,2,2012-05-29 13:14:00+00:00,2012-05-29 13:23:00+00:00,966|1441
2568,4ada2427f964a520031f21e3,2541,36,2,2012-04-14 17:57:00+00:00,2012-04-14 18:33:00+00:00,565|1296
2569,4ada7675f964a520c92221e3,2542,1,2,2012-05-12 19:26:00+00:00,2012-05-12 19:27:00+00:00,1341|1481
2570,4adc900ef964a520422d21e3,2547,59,2,2012-07-09 13:11:00+00:00,2012-07-09 14:10:00+00:00,223|560
2571,4adc960bf964a520932d21e3,2548,20,2,2012-10-28 05:24:00+00:00,2012-10-28 05:44:00+00:00,254|471
2572,4adc960bf964a520932d21e3,2548,56,2,2012-12-09 17:39:00+00:00,2012-12-09 18:35:00+00:00,798|868
2573,4ae12770f964a520858521e3,2589,27,2,2012-05-05 15:39:00+00:00,2012-05-05 16:06:00+00:00,443|573
2574,4ae1f681f964a520318921e3,2591,32,3,2012-11-01 06:41:00+00:00,2012-11-01 07:13:00+00:00,1074|1336|1523
2575,4ae20b16f964a5201b8a21e3,2592,13,2,2013-02-10 20:48:00+00:00,2013-02-10 21:01:00+00:00,1337|1379
2576,4ae4fcfff964a520eb9f21e3,2613,13,2,2012-07-21 23:22:00+00:00,2012-07-21 23:35:00+00:00,1063|1250
2577,4ae6363ef964a520aba521e3,2619,34,2,2012-04-04 03:32:00+00:00,2012-04-04 04:06:00+00:00,1167|1393
2578,4ae6363ef964a520aba521e3,2619,44,3,2012-04-07 21:57:00+00:00,2012-04-07 22:41:00+00:00,661|1011|1024
2579,4ae6363ef964a520aba521e3,2619,30,2,2012-04-09 23:14:00+00:00,2012-04-09 23:44:00+00:00,418|1124
2580,4ae6363ef964a520aba521e3,2619,43,2,2012-04-09 23:44:00+00:00,2012-04-10 00:27:00+00:00,347|418
2581,4ae6363ef964a520aba521e3,2619,35,4,2012-04-10 23:07:00+00:00,2012-04-10 23:42:00+00:00,567|582|964|1363
2582,4ae6363ef964a520aba521e3,2619,16,4,2012-04-12 22:48:00+00:00,2012-04-12 23:04:00+00:00,18|373|661|1024
2583,4ae6363ef964a520aba521e3,2619,59,2,2012-04-13 23:00:00+00:00,2012-04-13 23:59:00+00:00,294|1519
2584,4ae6363ef964a520aba521e3,2619,20,2,2012-04-13 23:59:00+00:00,2012-04-14 00:19:00+00:00,294|1471
2585,4ae6363ef964a520aba521e3,2619,0,2,2012-04-14 22:37:00+00:00,2012-04-14 22:37:00+00:00,127|553
2586,4ae6363ef964a520aba521e3,2619,53,5,2012-04-15 16:39:00+00:00,2012-04-15 17:32:00+00:00,547|1147|1225|1333|1476
2587,4ae6363ef964a520aba521e3,2619,21,2,2012-04-17 23:32:00+00:00,2012-04-17 23:53:00+00:00,567|816
2588,4ae6363ef964a520aba521e3,2619,26,2,2012-04-19 22:13:00+00:00,2012-04-19 22:39:00+00:00,830|1394
2589,4ae6363ef964a520aba521e3,2619,2,2,2012-04-25 23:51:00+00:00,2012-04-25 23:53:00+00:00,42|1257
2590,4ae6363ef964a520aba521e3,2619,33,5,2012-05-03 22:43:00+00:00,2012-05-03 23:16:00+00:00,60|294|567|591|1561
2591,4ae6363ef964a520aba521e3,2619,26,2,2012-05-12 23:11:00+00:00,2012-05-12 23:37:00+00:00,127|313
2592,4ae6363ef964a520aba521e3,2619,59,2,2012-05-16 22:27:00+00:00,2012-05-16 23:26:00+00:00,1024|1429
2593,4ae6363ef964a520aba521e3,2619,27,4,2012-05-16 23:26:00+00:00,2012-05-16 23:53:00+00:00,127|728|1024|1108
2594,4ae6363ef964a520aba521e3,2619,55,6,2012-05-22 13:11:00+00:00,2012-05-22 14:06:00+00:00,1167|1263|1353|1472|1504|1595
2595,4ae6363ef964a520aba521e3,2619,57,6,2012-05-22 13:15:00+00:00,2012-05-22 14:12:00+00:00,1167|1263|1353|1412|1472|1595
2596,4ae6363ef964a520aba521e3,2619,50,6,2012-05-22 13:36:00+00:00,2012-05-22 14:26:00+00:00,1167|1202|1223|1263|1353|1412
2597,4ae6363ef964a520aba521e3,2619,50,4,2012-05-23 23:14:00+00:00,2012-05-24 00:04:00+00:00,127|553|1517|1596
2598,4ae6363ef964a520aba521e3,2619,23,2,2012-11-11 02:09:00+00:00,2012-11-11 02:32:00+00:00,560|1072
2599,4ae6363ef964a520aba521e3,2619,47,2,2012-11-11 02:32:00+00:00,2012-11-11 03:19:00+00:00,1072|1411
2600,4ae6363ef964a520aba521e3,2619,34,2,2012-11-11 03:19:00+00:00,2012-11-11 03:53:00+00:00,1181|1411
2601,4ae6363ef964a520aba521e3,2619,14,2,2012-11-13 03:03:00+00:00,2012-11-13 03:17:00+00:00,251|1591
2602,4ae6363ef964a520aba521e3,2619,56,2,2012-11-29 00:48:00+00:00,2012-11-29 01:44:00+00:00,295|1205
2603,4ae6363ef964a520aba521e3,2619,35,2,2012-12-03 23:37:00+00:00,2012-12-04 00:12:00+00:00,480|670
2604,4ae6363ef964a520aba521e3,2619,60,3,2012-12-06 00:11:00+00:00,2012-12-06 01:11:00+00:00,380|427|1591
2605,4ae6363ef964a520aba521e3,2619,26,2,2012-12-06 21:45:00+00:00,2012-12-06 22:11:00+00:00,666|911
2606,4ae6363ef964a520aba521e3,2619,9,2,2012-12-08 01:01:00+00:00,2012-12-08 01:10:00+00:00,473|1205
2607,4ae6363ef964a520aba521e3,2619,59,3,2012-12-08 23:43:00+00:00,2012-12-09 00:42:00+00:00,844|1304|1602
2608,4ae6363ef964a520aba521e3,2619,26,2,2012-12-12 22:55:00+00:00,2012-12-12 23:21:00+00:00,512|830
2609,4ae6363ef964a520aba521e3,2619,6,2,2012-12-13 02:23:00+00:00,2012-12-13 02:29:00+00:00,60|1599
2610,4ae6363ef964a520aba521e3,2619,27,2,2012-12-16 00:01:00+00:00,2012-12-16 00:28:00+00:00,32|1073
2611,4ae6363ef964a520aba521e3,2619,26,2,2012-12-18 00:01:00+00:00,2012-12-18 00:27:00+00:00,567|639
2612,4ae6363ef964a520aba521e3,2619,3,2,2012-12-22 00:09:00+00:00,2012-12-22 00:12:00+00:00,433|567
2613,4ae6363ef964a520aba521e3,2619,36,2,2012-12-22 23:25:00+00:00,2012-12-23 00:01:00+00:00,203|830
2614,4ae6363ef964a520aba521e3,2619,30,2,2013-01-01 01:26:00+00:00,2013-01-01 01:56:00+00:00,577|1396
2615,4ae6363ef964a520aba521e3,2619,8,2,2013-01-08 00:33:00+00:00,2013-01-08 00:41:00+00:00,1377|1509
2616,4ae6363ef964a520aba521e3,2619,9,2,2013-01-21 20:35:00+00:00,2013-01-21 20:44:00+00:00,567|1230
2617,4ae6363ef964a520aba521e3,2619,27,2,2013-01-26 23:24:00+00:00,2013-01-26 23:51:00+00:00,127|1024
2618,4ae6363ef964a520aba521e3,2619,50,3,2013-02-03 00:17:00+00:00,2013-02-03 01:07:00+00:00,42|567|1196
2619,4ae6363ef964a520aba521e3,2619,14,2,2013-02-04 23:54:00+00:00,2013-02-05 00:08:00+00:00,1230|1509
2620,4ae6363ef964a520aba521e3,2619,6,2,2013-02-07 00:02:00+00:00,2013-02-07 00:08:00+00:00,727|751
2621,4ae6363ef964a520aba521e3,2619,34,2,2013-02-17 22:33:00+00:00,2013-02-17 23:07:00+00:00,1079|1509
2622,4ae6363ef964a520aba521e3,2619,37,2,2013-03-13 22:59:00+00:00,2013-03-13 23:36:00+00:00,537|812
2623,4ae6363ef964a520aba521e3,2619,24,2,2013-03-31 00:40:00+00:00,2013-03-31 01:04:00+00:00,994|1605
2624,4ae6363ef964a520aba521e3,2619,58,2,2013-04-17 22:57:00+00:00,2013-04-17 23:55:00+00:00,377|917
2625,4ae6363ef964a520aba521e3,2619,22,2,2013-05-07 22:39:00+00:00,2013-05-07 23:01:00+00:00,455|1254
2626,4ae6f117f964a520a6a721e3,2621,18,2,2012-10-24 23:07:00+00:00,2012-10-24 23:25:00+00:00,1002|1609
2627,4ae8906ef964a52071b021e3,2625,26,2,2012-05-09 23:31:00+00:00,2012-05-09 23:57:00+00:00,995|1052
2628,4ae8906ef964a52071b021e3,2625,29,2,2013-02-05 12:50:00+00:00,2013-02-05 13:19:00+00:00,1129|1619
2629,4aea1121f964a52008b921e3,2633,44,3,2013-02-19 14:03:00+00:00,2013-02-19 14:47:00+00:00,903|1200|1381
2630,4aeb0e5df964a520aabd21e3,2641,6,2,2012-07-04 03:48:00+00:00,2012-07-04 03:54:00+00:00,803|1093
2631,4aeb7ef7f964a520abc221e3,2646,59,2,2012-06-12 22:22:00+00:00,2012-06-12 23:21:00+00:00,922|1331
2632,4aed0b8cf964a520ebcc21e3,2655,7,2,2012-08-17 21:23:00+00:00,2012-08-17 21:30:00+00:00,1256|1656
2633,4aed0b8cf964a520ebcc21e3,2655,17,2,2012-08-18 01:05:00+00:00,2012-08-18 01:22:00+00:00,1112|1202
2634,4aed0b8cf964a520ebcc21e3,2655,53,2,2012-08-18 01:22:00+00:00,2012-08-18 02:15:00+00:00,113|1112
2635,4aedfe24f964a520fbd021e3,2659,14,2,2012-06-09 00:17:00+00:00,2012-06-09 00:31:00+00:00,184|1621
2636,4aee747df964a520dcd321e3,2662,53,2,2013-02-11 13:31:00+00:00,2013-02-11 14:24:00+00:00,1487|1494
2637,4aeedbe6f964a5206cd421e3,2663,14,2,2012-12-17 13:25:00+00:00,2012-12-17 13:39:00+00:00,627|1547
2638,4af18817f964a5203fe121e3,2676,24,2,2012-07-09 12:07:00+00:00,2012-07-09 12:31:00+00:00,38|554
2639,4af1fd6ff964a520fbe421e3,2678,44,2,2012-11-27 13:24:00+00:00,2012-11-27 14:08:00+00:00,200|883
2640,4af21f0bf964a52002e621e3,2680,59,2,2012-04-17 22:01:00+00:00,2012-04-17 23:00:00+00:00,441|1321
2641,4af21f0bf964a52002e621e3,2680,19,2,2012-05-06 22:47:00+00:00,2012-05-06 23:06:00+00:00,441|1321
2642,4af23a4af964a520c2e621e3,2682,56,2,2012-10-12 20:06:00+00:00,2012-10-12 21:02:00+00:00,26|75
2643,4af4448cf964a520fbf021e3,2689,5,2,2012-04-17 13:05:00+00:00,2012-04-17 13:10:00+00:00,990|1065
2644,4af5a46af964a520b5fa21e3,2695,59,2,2012-04-08 16:16:00+00:00,2012-04-08 17:15:00+00:00,225|1157
2645,4af5a46af964a520b5fa21e3,2695,23,2,2012-04-15 16:32:00+00:00,2012-04-15 16:55:00+00:00,43|1020
2646,4af5a46af964a520b5fa21e3,2695,45,2,2012-05-05 18:29:00+00:00,2012-05-05 19:14:00+00:00,1277|1570
2647,4af5a46af964a520b5fa21e3,2695,49,2,2012-07-04 16:37:00+00:00,2012-07-04 17:26:00+00:00,71|677
2648,4af5a46af964a520b5fa21e3,2695,13,2,2012-09-05 23:48:00+00:00,2012-09-06 00:01:00+00:00,331|1273
2649,4af5a46af964a520b5fa21e3,2695,9,2,2013-01-12 18:37:00+00:00,2013-01-12 18:46:00+00:00,221|358
2650,4af63834f964a520600222e3,2700,50,2,2012-05-10 21:22:00+00:00,2012-05-10 22:12:00+00:00,637|840
2651,4af63834f964a520600222e3,2700,27,2,2012-11-05 14:03:00+00:00,2012-11-05 14:30:00+00:00,637|1022
2652,4af6ea9ff964a5201c0422e3,2702,17,2,2012-04-21 00:10:00+00:00,2012-04-21 00:27:00+00:00,1251|1613
2653,4af6ea9ff964a5201c0422e3,2702,19,2,2012-04-21 07:41:00+00:00,2012-04-21 08:00:00+00:00,1194|1395
2654,4af6ea9ff964a5201c0422e3,2702,16,2,2012-04-21 17:30:00+00:00,2012-04-21 17:46:00+00:00,1545|1562
2655,4afc15ebf964a520cf1f22e3,2723,43,2,2012-09-15 17:48:00+00:00,2012-09-15 18:31:00+00:00,355|655
2656,4afc15ebf964a520cf1f22e3,2723,48,2,2012-09-15 18:31:00+00:00,2012-09-15 19:19:00+00:00,355|1424
2657,4afc9f33f964a5207a2422e3,2727,34,2,2012-10-26 04:47:00+00:00,2012-10-26 05:21:00+00:00,695|1021
2658,4afcad9ff964a520052522e3,2729,28,2,2012-04-22 17:31:00+00:00,2012-04-22 17:59:00+00:00,139|1308
2659,4afd6918f964a520a82722e3,2732,31,2,2012-06-04 14:02:00+00:00,2012-06-04 14:33:00+00:00,865|1029
2660,4afd738bf964a520e92722e3,2735,58,2,2013-04-03 21:40:00+00:00,2013-04-03 22:38:00+00:00,466|787
2661,4afd738bf964a520e92722e3,2735,17,2,2013-04-24 13:29:00+00:00,2013-04-24 13:46:00+00:00,263|859
2662,4aff5980f964a5209c3722e3,2744,54,2,2012-07-04 18:15:00+00:00,2012-07-04 19:09:00+00:00,268|761
2663,4b004faff964a520aa3c22e3,2745,43,2,2012-05-28 01:58:00+00:00,2012-05-28 02:41:00+00:00,545|1057
2664,4b009b43f964a520ea3f22e3,2748,32,2,2012-04-19 14:37:00+00:00,2012-04-19 15:09:00+00:00,210|1403
2665,4b032755f964a5200f4d22e3,2754,4,2,2012-12-12 00:37:00+00:00,2012-12-12 00:41:00+00:00,116|911
2666,4b045af4f964a5208c5322e3,2757,2,2,2012-05-29 12:18:00+00:00,2012-05-29 12:20:00+00:00,689|1101
2667,4b045af4f964a5208c5322e3,2757,22,2,2012-06-01 12:23:00+00:00,2012-06-01 12:45:00+00:00,689|1101
2668,4b045af4f964a5208c5322e3,2757,29,2,2012-06-04 12:32:00+00:00,2012-06-04 13:01:00+00:00,689|1101
2669,4b045af4f964a5208c5322e3,2757,14,2,2012-06-06 12:11:00+00:00,2012-06-06 12:25:00+00:00,689|1101
2670,4b0487c7f964a520e95422e3,2760,7,2,2012-04-07 19:38:00+00:00,2012-04-07 19:45:00+00:00,382|395
2671,4b04cc30f964a520a65622e3,2762,6,2,2012-10-11 22:17:00+00:00,2012-10-11 22:23:00+00:00,649|1005
2672,4b0739bff964a52019fa22e3,2778,21,2,2012-11-24 00:43:00+00:00,2012-11-24 01:04:00+00:00,491|1046
2673,4b085910f964a520b90923e3,2784,29,2,2012-04-22 19:17:00+00:00,2012-04-22 19:46:00+00:00,1334|1373
2674,4b0c24fef964a520be3723e3,2810,8,2,2012-05-25 18:00:00+00:00,2012-05-25 18:08:00+00:00,846|1585
2675,4b102790f964a520266a23e3,2822,6,2,2012-11-29 00:07:00+00:00,2012-11-29 00:13:00+00:00,478|686
2676,4b140f46f964a5209e9c23e3,2847,36,2,2012-04-16 17:07:00+00:00,2012-04-16 17:43:00+00:00,77|550
2677,4b140f46f964a5209e9c23e3,2847,28,2,2012-05-23 17:09:00+00:00,2012-05-23 17:37:00+00:00,23|1553
2678,4b15922ef964a52009af23e3,2850,21,2,2012-05-16 13:27:00+00:00,2012-05-16 13:48:00+00:00,893|1149
2679,4b1801b8f964a52051cb23e3,2860,32,2,2012-05-17 16:02:00+00:00,2012-05-17 16:34:00+00:00,228|390
2680,4b191885f964a520efd723e3,2868,3,2,2012-04-16 20:42:00+00:00,2012-04-16 20:45:00+00:00,1327|1453
2681,4b19bf81f964a52050e323e3,2872,2,2,2012-07-12 22:50:00+00:00,2012-07-12 22:52:00+00:00,121|277
2682,4b1ae831f964a5206cf423e3,2875,57,2,2013-02-24 20:36:00+00:00,2013-02-24 21:33:00+00:00,38|1210
2683,4b1b13ddf964a520bbf723e3,2876,2,2,2012-04-15 00:13:00+00:00,2012-04-15 00:15:00+00:00,1277|1570
2684,4b1bf775f964a520d0ff23e3,2879,42,2,2012-09-09 17:18:00+00:00,2012-09-09 18:00:00+00:00,1127|1273
2685,4b1eabd1f964a520911d24e3,2890,13,2,2012-06-17 15:55:00+00:00,2012-06-17 16:08:00+00:00,382|395
2686,4b1fbe85f964a5209d2824e3,2893,28,2,2012-04-16 13:33:00+00:00,2012-04-16 14:01:00+00:00,50|408
2687,4b23edfcf964a5201e5d24e3,2916,24,2,2012-05-11 22:40:00+00:00,2012-05-11 23:04:00+00:00,949|1161
2688,4b23edfcf964a5201e5d24e3,2916,16,2,2012-05-17 22:15:00+00:00,2012-05-17 22:31:00+00:00,758|949
2689,4b23edfcf964a5201e5d24e3,2916,45,2,2012-07-04 14:18:00+00:00,2012-07-04 15:03:00+00:00,568|949
2690,4b23edfcf964a5201e5d24e3,2916,14,2,2012-07-04 21:26:00+00:00,2012-07-04 21:40:00+00:00,38|666
2691,4b24227df964a520ea6124e3,2920,3,2,2012-04-12 14:11:00+00:00,2012-04-12 14:14:00+00:00,736|737
2692,4b29234cf964a520779924e3,2939,1,2,2012-07-08 13:57:00+00:00,2012-07-08 13:58:00+00:00,949|1161
2693,4b3672c7f964a520ab3525e3,2979,1,2,2012-06-09 01:31:00+00:00,2012-06-09 01:32:00+00:00,184|1621
2694,4b36a128f964a520823925e3,2980,4,2,2012-04-13 22:32:00+00:00,2012-04-13 22:36:00+00:00,736|737
2695,4b376f0bf964a5200a4125e3,2982,36,2,2012-12-19 17:50:00+00:00,2012-12-19 18:26:00+00:00,955|1236
2696,4b39446cf964a520655925e3,2993,50,2,2012-04-11 04:14:00+00:00,2012-04-11 05:04:00+00:00,20|760
2697,4b39446cf964a520655925e3,2993,7,2,2012-06-03 23:20:00+00:00,2012-06-03 23:27:00+00:00,20|760
2698,4b39446cf964a520655925e3,2993,23,2,2012-07-04 02:39:00+00:00,2012-07-04 03:02:00+00:00,20|760
2699,4b395c58f964a5204e5b25e3,2996,9,2,2012-07-16 16:24:00+00:00,2012-07-16 16:33:00+00:00,227|1453
2700,4b3cd805f964a520218825e3,3007,31,2,2012-05-25 10:32:00+00:00,2012-05-25 11:03:00+00:00,269|1331
2701,4b3cd805f964a520218825e3,3007,25,2,2012-05-30 03:37:00+00:00,2012-05-30 04:02:00+00:00,35|237
2702,4b3cd805f964a520218825e3,3007,57,2,2012-06-09 18:22:00+00:00,2012-06-09 19:19:00+00:00,927|1148
2703,4b40cf3df964a5206bbb25e3,3018,38,2,2012-04-07 19:31:00+00:00,2012-04-07 20:09:00+00:00,841|1267
2704,4b437919f964a52034e125e3,3031,56,2,2012-05-10 20:47:00+00:00,2012-05-10 21:43:00+00:00,126|1245
2705,4b437919f964a52034e125e3,3031,51,2,2013-03-06 13:49:00+00:00,2013-03-06 14:40:00+00:00,1350|1547
2706,4b46092bf964a520a31426e3,3038,39,2,2012-04-24 18:23:00+00:00,2012-04-24 19:02:00+00:00,341|1311
2707,4b46a4b3f964a520252626e3,3042,43,2,2012-10-18 21:57:00+00:00,2012-10-18 22:40:00+00:00,628|1547
2708,4b46cdc4f964a520732826e3,3045,34,2,2012-05-27 15:51:00+00:00,2012-05-27 16:25:00+00:00,607|969
2709,4b4b7d50f964a520c29d26e3,3066,12,2,2013-02-27 21:09:00+00:00,2013-02-27 21:21:00+00:00,94|650
2710,4b4c888df964a52062b526e3,3076,28,2,2012-06-13 15:15:00+00:00,2012-06-13 15:43:00+00:00,209|1580
2711,4b4f4015f964a520b5fe26e3,3096,29,3,2012-06-12 22:49:00+00:00,2012-06-12 23:18:00+00:00,12|15|22
2712,4b50a898f964a520dd2b27e3,3103,31,2,2012-05-18 23:21:00+00:00,2012-05-18 23:52:00+00:00,20|1515
2713,4b513073f964a5209b4627e3,3107,28,2,2012-05-17 02:24:00+00:00,2012-05-17 02:52:00+00:00,513|1603
2714,4b526983f964a5200c7c27e3,3117,53,2,2012-06-08 21:27:00+00:00,2012-06-08 22:20:00+00:00,1165|1498
2715,4b526983f964a5200c7c27e3,3117,8,2,2012-06-08 23:31:00+00:00,2012-06-08 23:39:00+00:00,1327|1453
2716,4b53367af964a5208e9227e3,3121,19,2,2012-05-12 23:40:00+00:00,2012-05-12 23:59:00+00:00,428|483
2717,4b53367af964a5208e9227e3,3121,2,2,2012-05-17 14:47:00+00:00,2012-05-17 14:49:00+00:00,601|920
2718,4b53367af964a5208e9227e3,3121,23,2,2012-10-25 01:36:00+00:00,2012-10-25 01:59:00+00:00,200|1530
2719,4b53367af964a5208e9227e3,3121,41,2,2012-10-26 22:15:00+00:00,2012-10-26 22:56:00+00:00,460|1230
2720,4b53367af964a5208e9227e3,3121,27,3,2012-10-27 22:07:00+00:00,2012-10-27 22:34:00+00:00,634|1168|1533
2721,4b538c3cf964a520a4a127e3,3126,20,2,2012-05-14 16:57:00+00:00,2012-05-14 17:17:00+00:00,483|1134
2722,4b538ce9f964a520c5a127e3,3127,52,2,2012-05-16 02:47:00+00:00,2012-05-16 03:39:00+00:00,1153|1568
2723,4b561591f964a52093ff27e3,3147,56,2,2012-04-04 00:28:00+00:00,2012-04-04 01:24:00+00:00,606|1547
2724,4b562677f964a520a80228e3,3152,27,2,2012-11-05 12:35:00+00:00,2012-11-05 13:02:00+00:00,1129|1594
2725,4b5668d6f964a520370f28e3,3154,6,2,2012-06-20 23:16:00+00:00,2012-06-20 23:22:00+00:00,950|1340
2726,4b5668d6f964a520370f28e3,3154,3,2,2012-07-05 22:59:00+00:00,2012-07-05 23:02:00+00:00,384|876
2727,4b58c03df964a5201d6928e3,3172,59,2,2012-06-12 13:53:00+00:00,2012-06-12 14:52:00+00:00,846|1527
2728,4b5910a5f964a520e27a28e3,3179,19,2,2012-07-07 05:14:00+00:00,2012-07-07 05:33:00+00:00,555|1531
2729,4b5b0144f964a5205fde28e3,3187,37,2,2012-04-21 18:02:00+00:00,2012-04-21 18:39:00+00:00,1459|1545
2730,4b5b0144f964a5205fde28e3,3187,47,2,2012-04-22 00:47:00+00:00,2012-04-22 01:34:00+00:00,1163|1353
2731,4b5b0144f964a5205fde28e3,3187,17,3,2012-04-22 09:15:00+00:00,2012-04-22 09:32:00+00:00,1353|1432|1520
2732,4b5b08c9f964a520f9df28e3,3188,45,2,2012-05-11 20:58:00+00:00,2012-05-11 21:43:00+00:00,553|1588
2733,4b5c8c80f964a520ea3529e3,3200,27,2,2012-08-19 01:19:00+00:00,2012-08-19 01:46:00+00:00,719|1565
2734,4b5e4c9df964a520648829e3,3210,59,2,2012-05-06 16:54:00+00:00,2012-05-06 17:53:00+00:00,44|788
2735,4b5e5125f964a520488929e3,3211,10,2,2012-06-01 14:18:00+00:00,2012-06-01 14:28:00+00:00,650|1043
2736,4b5e70a7f964a520c98e29e3,3212,2,2,2012-08-05 15:36:00+00:00,2012-08-05 15:38:00+00:00,949|1161
2737,4b61c5adf964a520c1212ae3,3238,37,2,2012-12-21 23:33:00+00:00,2012-12-22 00:10:00+00:00,1236|1400
2738,4b6489b0f964a520d7bb2ae3,3250,7,2,2012-11-02 06:02:00+00:00,2012-11-02 06:09:00+00:00,1455|1586
2739,4b649708f964a52024c02ae3,3252,48,2,2013-01-12 22:53:00+00:00,2013-01-12 23:41:00+00:00,755|1133
2740,4b6500fdf964a520e3de2ae3,3257,26,2,2012-04-15 13:57:00+00:00,2012-04-15 14:23:00+00:00,183|271
2741,4b696ecdf964a5201fa22be3,3280,54,2,2012-04-03 23:22:00+00:00,2012-04-04 00:16:00+00:00,438|1422
2742,4b696ecdf964a5201fa22be3,3280,1,2,2012-05-27 14:35:00+00:00,2012-05-27 14:36:00+00:00,952|985
2743,4b696ecdf964a5201fa22be3,3280,5,2,2012-06-03 13:14:00+00:00,2012-06-03 13:19:00+00:00,952|985
2744,4b696ecdf964a5201fa22be3,3280,1,2,2012-06-17 14:31:00+00:00,2012-06-17 14:32:00+00:00,952|1008
2745,4b696ecdf964a5201fa22be3,3280,14,2,2012-06-19 09:40:00+00:00,2012-06-19 09:54:00+00:00,952|1008
2746,4b696ecdf964a5201fa22be3,3280,60,2,2013-01-27 17:23:00+00:00,2013-01-27 18:23:00+00:00,952|1277
2747,4b69aef2f964a52058ad2be3,3282,2,2,2012-12-18 23:16:00+00:00,2012-12-18 23:18:00+00:00,212|424
2748,4b6b5abff964a520fb022ce3,3288,25,2,2012-04-14 21:05:00+00:00,2012-04-14 21:30:00+00:00,385|1603
2749,4b6b5abff964a520fb022ce3,3288,37,2,2012-05-25 22:00:00+00:00,2012-05-25 22:37:00+00:00,249|294
2750,4b6cdd03f964a520f1592ce3,3300,8,2,2012-07-12 00:39:00+00:00,2012-07-12 00:47:00+00:00,151|448
2751,4b705ff7f964a52054162de3,3314,37,3,2012-11-01 06:35:00+00:00,2012-11-01 07:12:00+00:00,1074|1336|1523
2752,4b7173ebf964a52068472de3,3319,17,2,2012-05-10 16:26:00+00:00,2012-05-10 16:43:00+00:00,1327|1453
2753,4b71c0f8f964a520765a2de3,3322,13,2,2013-03-25 12:44:00+00:00,2013-03-25 12:57:00+00:00,1229|1232
2754,4b73ab13f964a520dbb72de3,3331,53,3,2013-02-14 01:48:00+00:00,2013-02-14 02:41:00+00:00,768|886|975
2755,4b76ed15f964a520366b2ee3,3346,3,2,2012-04-21 06:59:00+00:00,2012-04-21 07:02:00+00:00,1186|1562
2756,4b76ed15f964a520366b2ee3,3346,42,2,2012-04-21 14:55:00+00:00,2012-04-21 15:37:00+00:00,1317|1459
2757,4b76ed15f964a520366b2ee3,3346,17,2,2012-04-22 07:11:00+00:00,2012-04-22 07:28:00+00:00,1223|1534
2758,4b76ed15f964a520366b2ee3,3346,20,3,2012-04-22 09:12:00+00:00,2012-04-22 09:32:00+00:00,1353|1432|1520
2759,4b76ed15f964a520366b2ee3,3346,33,2,2012-04-23 07:50:00+00:00,2012-04-23 08:23:00+00:00,1520|1613
2760,4b76ed15f964a520366b2ee3,3346,22,3,2012-04-29 11:29:00+00:00,2012-04-29 11:51:00+00:00,762|1255|1256
2761,4b76ed15f964a520366b2ee3,3346,39,2,2012-05-05 15:30:00+00:00,2012-05-05 16:09:00+00:00,1570|1659
2762,4b76ed15f964a520366b2ee3,3346,2,2,2012-05-08 22:50:00+00:00,2012-05-08 22:52:00+00:00,1256|1656
2763,4b7b6f54f964a5207a632fe3,3356,2,2,2012-04-29 00:52:00+00:00,2012-04-29 00:54:00+00:00,711|782
2764,4b81ea40f964a520e0c330e3,3380,44,2,2012-08-16 22:55:00+00:00,2012-08-16 23:39:00+00:00,376|883
2765,4b8359e0f964a520830331e3,3387,7,2,2012-04-21 00:05:00+00:00,2012-04-21 00:12:00+00:00,1167|1251
2766,4b868537f964a520bc8d31e3,3399,40,2,2012-04-10 03:17:00+00:00,2012-04-10 03:57:00+00:00,771|866
2767,4b93d4e3f964a520fb5334e3,3455,45,2,2012-04-15 17:29:00+00:00,2012-04-15 18:14:00+00:00,206|412
2768,4b96b432f964a52018df34e3,3465,15,2,2012-04-11 22:20:00+00:00,2012-04-11 22:35:00+00:00,711|1305
2769,4b96b432f964a52018df34e3,3465,9,2,2012-06-08 23:17:00+00:00,2012-06-08 23:26:00+00:00,84|775
2770,4b983f1bf964a520003735e3,3474,34,3,2012-11-01 06:39:00+00:00,2012-11-01 07:13:00+00:00,1074|1336|1523
2771,4b992b04f964a520726635e3,3477,30,2,2012-10-11 22:35:00+00:00,2012-10-11 23:05:00+00:00,747|925
2772,4b992b04f964a520726635e3,3477,2,2,2012-10-18 22:34:00+00:00,2012-10-18 22:36:00+00:00,847|1592
2773,4b992b04f964a520726635e3,3477,36,2,2012-10-26 22:35:00+00:00,2012-10-26 23:11:00+00:00,270|500
2774,4b992b04f964a520726635e3,3477,38,2,2012-10-26 23:11:00+00:00,2012-10-26 23:49:00+00:00,500|783
2775,4b992b04f964a520726635e3,3477,51,3,2012-10-27 22:56:00+00:00,2012-10-27 23:47:00+00:00,1350|1446|1547
2776,4b992b04f964a520726635e3,3477,25,3,2012-10-27 23:40:00+00:00,2012-10-28 00:05:00+00:00,1200|1350|1547
2777,4b992b04f964a520726635e3,3477,2,2,2012-11-10 01:21:00+00:00,2012-11-10 01:23:00+00:00,193|271
2778,4b992b04f964a520726635e3,3477,55,5,2012-11-11 19:24:00+00:00,2012-11-11 20:19:00+00:00,687|803|1093|1264|1361
2779,4b992b04f964a520726635e3,3477,48,4,2012-11-16 00:46:00+00:00,2012-11-16 01:34:00+00:00,547|739|960|1162
2780,4b992b04f964a520726635e3,3477,16,2,2012-11-27 23:31:00+00:00,2012-11-27 23:47:00+00:00,67|722
2781,4b992b04f964a520726635e3,3477,35,2,2012-12-09 00:25:00+00:00,2012-12-09 01:00:00+00:00,621|796
2782,4b992b04f964a520726635e3,3477,53,2,2012-12-11 00:10:00+00:00,2012-12-11 01:03:00+00:00,67|193
2783,4b992b04f964a520726635e3,3477,12,2,2012-12-11 01:03:00+00:00,2012-12-11 01:15:00+00:00,193|833
2784,4b992b04f964a520726635e3,3477,52,2,2012-12-11 23:54:00+00:00,2012-12-12 00:46:00+00:00,1188|1549
2785,4b992b04f964a520726635e3,3477,51,3,2012-12-16 23:31:00+00:00,2012-12-17 00:22:00+00:00,366|490|722
2786,4b992b04f964a520726635e3,3477,26,4,2012-12-21 23:59:00+00:00,2012-12-22 00:25:00+00:00,293|380|762|1264
2787,4b992b04f964a520726635e3,3477,40,2,2012-12-22 00:25:00+00:00,2012-12-22 01:05:00+00:00,380|725
2788,4b992b04f964a520726635e3,3477,28,2,2012-12-23 18:11:00+00:00,2012-12-23 18:39:00+00:00,1014|1033
2789,4b992b04f964a520726635e3,3477,10,2,2013-01-01 01:44:00+00:00,2013-01-01 01:54:00+00:00,302|839
2790,4b992b04f964a520726635e3,3477,9,2,2013-01-31 02:18:00+00:00,2013-01-31 02:27:00+00:00,1397|1523
2791,4b992b04f964a520726635e3,3477,12,3,2013-02-07 01:14:00+00:00,2013-02-07 01:26:00+00:00,142|601|917
2792,4b992b04f964a520726635e3,3477,24,2,2013-02-13 01:00:00+00:00,2013-02-13 01:24:00+00:00,762|900
2793,4b992b04f964a520726635e3,3477,50,2,2013-04-07 22:53:00+00:00,2013-04-07 23:43:00+00:00,592|1033
2794,4b992b04f964a520726635e3,3477,25,2,2013-04-07 23:43:00+00:00,2013-04-08 00:08:00+00:00,343|592
2795,4b992b04f964a520726635e3,3477,1,2,2013-05-05 23:42:00+00:00,2013-05-05 23:43:00+00:00,442|1033
2796,4b992b04f964a520726635e3,3477,50,3,2013-05-08 00:57:00+00:00,2013-05-08 01:47:00+00:00,381|1004|1099
2797,4b998a8ff964a520098235e3,3482,6,2,2013-01-21 23:25:00+00:00,2013-01-21 23:31:00+00:00,347|917
2798,4b9a58e0f964a520e0ad35e3,3485,34,3,2012-04-14 21:35:00+00:00,2012-04-14 22:09:00+00:00,305|1466|1603
2799,4b9a58e0f964a520e0ad35e3,3485,56,3,2012-04-14 22:09:00+00:00,2012-04-14 23:05:00+00:00,286|665|1603
2800,4b9a58e0f964a520e0ad35e3,3485,30,3,2012-04-14 22:48:00+00:00,2012-04-14 23:18:00+00:00,286|373|665
2801,4b9a58e0f964a520e0ad35e3,3485,49,8,2012-04-28 13:47:00+00:00,2012-04-28 14:36:00+00:00,1183|1223|1252|1317|1336|1472|1520|1613
2802,4b9a58e0f964a520e0ad35e3,3485,58,8,2012-04-28 14:10:00+00:00,2012-04-28 15:08:00+00:00,1183|1202|1223|1252|1317|1472|1504|1520
2803,4b9a58e0f964a520e0ad35e3,3485,47,6,2012-04-28 14:31:00+00:00,2012-04-28 15:18:00+00:00,1167|1202|1252|1317|1504|1520
2804,4b9a58e0f964a520e0ad35e3,3485,36,7,2012-04-28 19:28:00+00:00,2012-04-28 20:04:00+00:00,119|190|665|745|1186|1396|1562
2805,4b9a58e0f964a520e0ad35e3,3485,6,2,2012-04-28 22:16:00+00:00,2012-04-28 22:22:00+00:00,1251|1534
2806,4b9a58e0f964a520e0ad35e3,3485,59,3,2012-04-28 23:39:00+00:00,2012-04-29 00:38:00+00:00,932|1256|1656
2807,4b9a58e0f964a520e0ad35e3,3485,47,2,2012-04-29 05:03:00+00:00,2012-04-29 05:50:00+00:00,1112|1459
2808,4b9a58e0f964a520e0ad35e3,3485,35,4,2012-05-09 22:35:00+00:00,2012-05-09 23:10:00+00:00,119|286|665|1511
2809,4b9a58e0f964a520e0ad35e3,3485,60,2,2012-05-23 23:01:00+00:00,2012-05-24 00:01:00+00:00,119|1172
2810,4b9a58e0f964a520e0ad35e3,3485,18,2,2012-05-24 00:01:00+00:00,2012-05-24 00:19:00+00:00,119|856
2811,4b9a58e0f964a520e0ad35e3,3485,34,3,2012-07-15 19:26:00+00:00,2012-07-15 20:00:00+00:00,286|560|665
2812,4b9a58e0f964a520e0ad35e3,3485,17,2,2012-07-18 16:27:00+00:00,2012-07-18 16:44:00+00:00,286|1074
2813,4b9a58e0f964a520e0ad35e3,3485,42,2,2012-08-10 23:30:00+00:00,2012-08-11 00:12:00+00:00,544|1301
2814,4b9e71d0f964a52065e436e3,3501,33,2,2012-07-24 12:55:00+00:00,2012-07-24 13:28:00+00:00,509|1062
2815,4b9fc0fff964a520873b37e3,3508,4,2,2012-07-11 16:02:00+00:00,2012-07-11 16:06:00+00:00,240|1468
2816,4ba19cb0f964a520c2c337e3,3522,16,2,2012-07-28 20:39:00+00:00,2012-07-28 20:55:00+00:00,804|1282
2817,4ba29cfdf964a520490938e3,3528,5,2,2012-08-18 22:09:00+00:00,2012-08-18 22:14:00+00:00,1277|1570
2818,4ba5040cf964a520c6d038e3,3538,16,2,2012-05-28 06:37:00+00:00,2012-05-28 06:53:00+00:00,846|1585
2819,4ba5040cf964a520c6d038e3,3538,6,2,2012-06-11 04:35:00+00:00,2012-06-11 04:41:00+00:00,650|1043
2820,4ba5040cf964a520c6d038e3,3538,1,2,2013-03-30 03:28:00+00:00,2013-03-30 03:29:00+00:00,221|975
2821,4ba54a9df964a520f3f638e3,3544,30,2,2012-12-31 02:52:00+00:00,2012-12-31 03:22:00+00:00,123|1229
2822,4ba69344f964a5209e5f39e3,3554,20,2,2012-04-28 17:41:00+00:00,2012-04-28 18:01:00+00:00,392|560
2823,4ba77b40f964a5202b9739e3,3557,0,2,2013-02-01 14:11:00+00:00,2013-02-01 14:11:00+00:00,125|777
2824,4ba77b40f964a5202b9739e3,3557,6,2,2013-02-12 13:57:00+00:00,2013-02-12 14:03:00+00:00,125|777
2825,4ba82484f964a52051ce39e3,3561,35,2,2012-11-24 23:09:00+00:00,2012-11-24 23:44:00+00:00,38|1304
2826,4ba8fa3df964a520ecff39e3,3566,44,2,2012-04-04 12:29:00+00:00,2012-04-04 13:13:00+00:00,1226|1279
2827,4ba8fa3df964a520ecff39e3,3566,4,2,2012-04-09 13:05:00+00:00,2012-04-09 13:09:00+00:00,1226|1279
2828,4ba8fa3df964a520ecff39e3,3566,41,2,2012-04-16 13:32:00+00:00,2012-04-16 14:13:00+00:00,1226|1279
2829,4ba8fa3df964a520ecff39e3,3566,28,2,2012-04-24 12:52:00+00:00,2012-04-24 13:20:00+00:00,1226|1279
2830,4ba8fa3df964a520ecff39e3,3566,36,2,2012-05-04 12:42:00+00:00,2012-05-04 13:18:00+00:00,1226|1279
2831,4ba8fa3df964a520ecff39e3,3566,16,2,2012-05-08 13:11:00+00:00,2012-05-08 13:27:00+00:00,1226|1279
2832,4ba8fa3df964a520ecff39e3,3566,32,2,2012-05-09 12:54:00+00:00,2012-05-09 13:26:00+00:00,1226|1279
2833,4ba8fa3df964a520ecff39e3,3566,46,2,2012-05-16 12:54:00+00:00,2012-05-16 13:40:00+00:00,1226|1279
2834,4ba8fa3df964a520ecff39e3,3566,32,2,2012-05-21 13:06:00+00:00,2012-05-21 13:38:00+00:00,1226|1279
2835,4ba8fa3df964a520ecff39e3,3566,34,2,2012-05-29 12:39:00+00:00,2012-05-29 13:13:00+00:00,1226|1279
2836,4ba8fa3df964a520ecff39e3,3566,19,2,2012-06-05 13:08:00+00:00,2012-06-05 13:27:00+00:00,1226|1279
2837,4ba8fa3df964a520ecff39e3,3566,24,2,2012-07-05 13:03:00+00:00,2012-07-05 13:27:00+00:00,1226|1279
2838,4ba8fa3df964a520ecff39e3,3566,19,2,2012-07-09 13:03:00+00:00,2012-07-09 13:22:00+00:00,1226|1279
2839,4ba8fa3df964a520ecff39e3,3566,27,2,2012-08-10 12:51:00+00:00,2012-08-10 13:18:00+00:00,1226|1279
2840,4ba93c43f964a520e5163ae3,3568,41,2,2012-04-21 18:00:00+00:00,2012-04-21 18:41:00+00:00,1459|1545
2841,4ba93c43f964a520e5163ae3,3568,18,3,2012-04-22 09:14:00+00:00,2012-04-22 09:32:00+00:00,1353|1432|1520
2842,4ba93c43f964a520e5163ae3,3568,52,3,2012-04-29 11:00:00+00:00,2012-04-29 11:52:00+00:00,1256|1459|1472
2843,4baa1906f964a520714a3ae3,3570,0,2,2012-05-09 13:55:00+00:00,2012-05-09 13:55:00+00:00,464|496
2844,4baa1906f964a520714a3ae3,3570,18,2,2012-05-21 12:09:00+00:00,2012-05-21 12:27:00+00:00,464|496
2845,4baaa5dbf964a520957c3ae3,3575,38,2,2012-04-17 22:52:00+00:00,2012-04-17 23:30:00+00:00,935|1228
2846,4bafaa5df964a52066153ce3,3598,56,2,2012-07-07 19:19:00+00:00,2012-07-07 20:15:00+00:00,487|1270
2847,4bafaa5df964a52066153ce3,3598,21,2,2012-07-20 23:52:00+00:00,2012-07-21 00:13:00+00:00,714|733
2848,4bafaa5df964a52066153ce3,3598,47,2,2012-09-16 00:48:00+00:00,2012-09-16 01:35:00+00:00,714|733
2849,4bafaa5df964a52066153ce3,3598,7,2,2012-10-28 01:21:00+00:00,2012-10-28 01:28:00+00:00,587|1140
2850,4bafaa5df964a52066153ce3,3598,12,2,2013-07-04 15:12:00+00:00,2013-07-04 15:24:00+00:00,297|1154
2851,4bb0d04cf964a520605f3ce3,3602,33,2,2012-07-28 02:30:00+00:00,2012-07-28 03:03:00+00:00,1063|1250
2852,4bb10203f964a52056723ce3,3605,58,2,2012-08-18 01:36:00+00:00,2012-08-18 02:34:00+00:00,100|108
2853,4bb3e1fd87aa9521fb9aacd1,3610,35,2,2012-04-15 18:56:00+00:00,2012-04-15 19:31:00+00:00,463|1272
2854,4bb3e1fd87aa9521fb9aacd1,3610,0,2,2012-06-16 23:12:00+00:00,2012-06-16 23:12:00+00:00,151|448
2855,4bb7cb2d3db7b7133f92209a,3628,5,2,2012-12-06 02:11:00+00:00,2012-12-06 02:16:00+00:00,1347|1496
2856,4bb7cb2d3db7b7133f92209a,3628,36,2,2012-12-07 00:16:00+00:00,2012-12-07 00:52:00+00:00,1483|1523
2857,4bb9ff6e935e952118962790,3640,1,2,2012-05-15 02:20:00+00:00,2012-05-15 02:21:00+00:00,770|1588
2858,4bb9ff6e935e952118962790,3640,9,2,2012-05-29 22:34:00+00:00,2012-05-29 22:43:00+00:00,1372|1386
2859,4bbc92b02d9ea593e9bca0ce,3653,0,2,2012-05-25 18:38:00+00:00,2012-05-25 18:38:00+00:00,1327|1453
2860,4bbcc82aa8cf76b0f6f1b0fd,3654,3,2,2012-12-07 00:46:00+00:00,2012-12-07 00:49:00+00:00,263|512
2861,4bbd05d34e069c74813f9ee3,3656,16,2,2012-04-11 19:08:00+00:00,2012-04-11 19:24:00+00:00,444|668
2862,4bbe1ecf9474c9b66a1bd9b6,3667,35,2,2012-09-05 19:33:00+00:00,2012-09-05 20:08:00+00:00,100|1002
2863,4bbe20f6eeca95214e0b4df1,3668,3,2,2012-05-04 00:30:00+00:00,2012-05-04 00:33:00+00:00,625|1097
2864,4bbe20f6eeca95214e0b4df1,3668,1,2,2012-05-04 22:39:00+00:00,2012-05-04 22:40:00+00:00,269|690
2865,4bbe20f6eeca95214e0b4df1,3668,52,2,2012-06-21 00:35:00+00:00,2012-06-21 01:27:00+00:00,1547|1646
2866,4bc0cc22920eb713b995192c,3681,40,2,2012-06-13 12:36:00+00:00,2012-06-13 13:16:00+00:00,831|1376
2867,4bc0ef3bf8219c748085b210,3685,17,2,2012-04-21 00:12:00+00:00,2012-04-21 00:29:00+00:00,1251|1613
2868,4bc0ef3bf8219c748085b210,3685,55,2,2012-04-21 07:19:00+00:00,2012-04-21 08:14:00+00:00,1395|1491
2869,4bc0ef3bf8219c748085b210,3685,11,2,2012-04-21 14:52:00+00:00,2012-04-21 15:03:00+00:00,932|1520
2870,4bc4d8e24cdfc9b637409921,3710,32,2,2012-04-21 15:03:00+00:00,2012-04-21 15:35:00+00:00,932|1317
2871,4bc4d8e24cdfc9b637409921,3710,4,2,2012-04-22 07:06:00+00:00,2012-04-22 07:10:00+00:00,932|1223
2872,4bc53e2b6c26b7139a26ebf3,3715,24,2,2012-06-18 19:22:00+00:00,2012-06-18 19:46:00+00:00,331|1077
2873,4bc779d992b376b07cca4f3a,3725,3,2,2012-04-14 03:53:00+00:00,2012-04-14 03:56:00+00:00,441|1321
2874,4bc779d992b376b07cca4f3a,3725,13,2,2012-07-06 01:04:00+00:00,2012-07-06 01:17:00+00:00,39|334
2875,4bca32ff0687ef3be789dbcc,3739,21,2,2012-04-27 22:59:00+00:00,2012-04-27 23:20:00+00:00,178|690
2876,4bcb82a90687ef3b75e9ddcc,3744,49,2,2012-08-22 15:43:00+00:00,2012-08-22 16:32:00+00:00,382|939
2877,4bcc90d00687ef3b3c76dfcc,3746,37,4,2012-04-28 17:44:00+00:00,2012-04-28 18:21:00+00:00,173|311|511|1136
2878,4bcc90d00687ef3b3c76dfcc,3746,42,2,2012-04-28 18:21:00+00:00,2012-04-28 19:03:00+00:00,311|335
2879,4bcc90d00687ef3b3c76dfcc,3746,33,2,2012-05-05 19:15:00+00:00,2012-05-05 19:48:00+00:00,803|1535
2880,4bcc90d00687ef3b3c76dfcc,3746,39,2,2012-05-05 19:48:00+00:00,2012-05-05 20:27:00+00:00,1147|1535
2881,4bcdc6bd937ca593fa40ad92,3752,36,2,2012-05-12 19:01:00+00:00,2012-05-12 19:37:00+00:00,656|1014
2882,4bcf9774a8b3a5939497625f,3759,1,2,2012-12-11 00:17:00+00:00,2012-12-11 00:18:00+00:00,616|1088
2883,4bd2374bcaff9521f662d2f0,3765,9,2,2012-05-13 03:10:00+00:00,2012-05-13 03:19:00+00:00,531|549
2884,4bd44b84a8b3a5937e7f6b5f,3771,41,2,2012-05-18 20:33:00+00:00,2012-05-18 21:14:00+00:00,945|1200
2885,4bd44b84a8b3a5937e7f6b5f,3771,35,2,2012-05-19 18:10:00+00:00,2012-05-19 18:45:00+00:00,783|1200
2886,4bd44b84a8b3a5937e7f6b5f,3771,39,2,2012-06-16 22:19:00+00:00,2012-06-16 22:58:00+00:00,129|919
2887,4bd44b84a8b3a5937e7f6b5f,3771,37,2,2012-08-11 18:33:00+00:00,2012-08-11 19:10:00+00:00,537|649
2888,4bd44b84a8b3a5937e7f6b5f,3771,40,3,2012-08-11 20:32:00+00:00,2012-08-11 21:12:00+00:00,243|567|1172
2889,4bd44b84a8b3a5937e7f6b5f,3771,48,4,2012-08-18 21:55:00+00:00,2012-08-18 22:43:00+00:00,252|957|1093|1168
2890,4bd44b84a8b3a5937e7f6b5f,3771,49,5,2012-08-18 22:32:00+00:00,2012-08-18 23:21:00+00:00,252|957|1063|1093|1571
2891,4bd44b84a8b3a5937e7f6b5f,3771,41,4,2012-08-18 23:20:00+00:00,2012-08-19 00:01:00+00:00,118|430|1063|1571
2892,4bd44b84a8b3a5937e7f6b5f,3771,34,2,2012-09-05 22:52:00+00:00,2012-09-05 23:26:00+00:00,803|1630
2893,4bd44b84a8b3a5937e7f6b5f,3771,44,2,2012-09-05 23:26:00+00:00,2012-09-06 00:10:00+00:00,803|1361
2894,4bd44b84a8b3a5937e7f6b5f,3771,26,2,2012-09-09 15:33:00+00:00,2012-09-09 15:59:00+00:00,596|1572
2895,4bd44b84a8b3a5937e7f6b5f,3771,35,2,2012-10-28 13:03:00+00:00,2012-10-28 13:38:00+00:00,422|965
2896,4bd44b84a8b3a5937e7f6b5f,3771,57,2,2012-10-28 15:38:00+00:00,2012-10-28 16:35:00+00:00,633|1168
2897,4bd44b84a8b3a5937e7f6b5f,3771,30,3,2012-10-28 16:35:00+00:00,2012-10-28 17:05:00+00:00,190|633|1657
2898,4bd44b84a8b3a5937e7f6b5f,3771,42,4,2012-11-23 00:17:00+00:00,2012-11-23 00:59:00+00:00,190|216|1264|1496
2899,4bd44b84a8b3a5937e7f6b5f,3771,54,4,2012-11-23 00:59:00+00:00,2012-11-23 01:53:00+00:00,1496|1572|1636|1657
2900,4bd44b84a8b3a5937e7f6b5f,3771,54,2,2012-11-23 04:12:00+00:00,2012-11-23 05:06:00+00:00,1094|1636
2901,4bd44b84a8b3a5937e7f6b5f,3771,34,2,2012-11-25 22:28:00+00:00,2012-11-25 23:02:00+00:00,144|1189
2902,4bd44b84a8b3a5937e7f6b5f,3771,38,2,2012-11-25 23:02:00+00:00,2012-11-25 23:40:00+00:00,1189|1615
2903,4bd44b84a8b3a5937e7f6b5f,3771,3,2,2012-12-02 16:45:00+00:00,2012-12-02 16:48:00+00:00,965|1188
2904,4bd44b84a8b3a5937e7f6b5f,3771,47,2,2012-12-09 20:10:00+00:00,2012-12-09 20:57:00+00:00,478|869
2905,4bd44b84a8b3a5937e7f6b5f,3771,31,2,2012-12-23 17:04:00+00:00,2012-12-23 17:35:00+00:00,632|965
2906,4bd44b84a8b3a5937e7f6b5f,3771,36,2,2012-12-23 17:35:00+00:00,2012-12-23 18:11:00+00:00,862|965
2907,4bd44b84a8b3a5937e7f6b5f,3771,50,2,2012-12-23 18:11:00+00:00,2012-12-23 19:01:00+00:00,135|862
2908,4bd47db329eb9c74c3ac91e1,3772,0,2,2012-07-22 14:10:00+00:00,2012-07-22 14:10:00+00:00,714|733
2909,4bd5e59f6f649521b7e86fec,3777,55,2,2012-05-11 23:14:00+00:00,2012-05-12 00:09:00+00:00,1248|1603
2910,4bd5f646cfa7b713c2c326da,3778,14,2,2012-05-02 03:07:00+00:00,2012-05-02 03:21:00+00:00,47|255
2911,4bd62c5b5631c9b65383a530,3779,59,2,2012-04-14 12:55:00+00:00,2012-04-14 13:54:00+00:00,1391|1444
2912,4bd62c5b5631c9b65383a530,3779,15,2,2012-04-20 09:32:00+00:00,2012-04-20 09:47:00+00:00,1391|1444
2913,4bd62c5b5631c9b65383a530,3779,37,2,2012-04-21 13:40:00+00:00,2012-04-21 14:17:00+00:00,1391|1444
2914,4bd730f609ecb7131855467c,3785,40,2,2012-08-11 19:50:00+00:00,2012-08-11 20:30:00+00:00,801|866
2915,4bd8b8512e6f0f474b480808,3793,56,2,2012-06-30 22:17:00+00:00,2012-06-30 23:13:00+00:00,371|780
2916,4bd8df990115c9b618ba7580,3794,27,2,2012-04-15 21:02:00+00:00,2012-04-15 21:29:00+00:00,685|1655
2917,4bd8df990115c9b618ba7580,3794,52,2,2012-04-15 21:29:00+00:00,2012-04-15 22:21:00+00:00,1266|1655
2918,4bd8df990115c9b618ba7580,3794,58,2,2012-05-08 22:38:00+00:00,2012-05-08 23:36:00+00:00,979|1488
2919,4bd8df990115c9b618ba7580,3794,5,2,2012-06-16 21:13:00+00:00,2012-06-16 21:18:00+00:00,183|1618
2920,4bd8df990115c9b618ba7580,3794,58,2,2012-07-16 21:36:00+00:00,2012-07-16 22:34:00+00:00,781|921
2921,4bd8df990115c9b618ba7580,3794,40,2,2012-11-27 01:08:00+00:00,2012-11-27 01:48:00+00:00,385|781
2922,4bd8df990115c9b618ba7580,3794,1,2,2013-04-21 21:05:00+00:00,2013-04-21 21:06:00+00:00,1099|1610
2923,4bd9259267b49c7480832214,3796,51,2,2013-06-30 17:12:00+00:00,2013-06-30 18:03:00+00:00,378|1348
2924,4bdbb6563904a593cfe04b9e,3805,3,2,2012-04-08 02:23:00+00:00,2012-04-08 02:26:00+00:00,690|727
2925,4bdf2151ea279c74727de22b,3818,15,2,2012-04-08 00:47:00+00:00,2012-04-08 01:02:00+00:00,249|639
2926,4bdf2151ea279c74727de22b,3818,37,2,2012-04-21 03:26:00+00:00,2012-04-21 04:03:00+00:00,846|1585
2927,4bdf2151ea279c74727de22b,3818,0,2,2012-07-29 06:25:00+00:00,2012-07-29 06:25:00+00:00,846|1585
2928,4be078b398f2a5935a5dc25a,3822,37,2,2012-06-17 03:54:00+00:00,2012-06-17 04:31:00+00:00,199|1021
2929,4be1e2ab87e42d7fac33880b,3836,6,2,2012-08-18 01:16:00+00:00,2012-08-18 01:22:00+00:00,120|213
2930,4be2017dae55a593185f5c62,3837,50,2,2012-04-21 00:15:00+00:00,2012-04-21 01:05:00+00:00,1167|1251
2931,4be63bdd910020a1452cd414,3857,14,2,2012-05-27 01:49:00+00:00,2012-05-27 02:03:00+00:00,253|1521
2932,4be874a488ed2d7fa3e4cb1d,3861,29,2,2012-04-15 03:01:00+00:00,2012-04-15 03:30:00+00:00,163|254
2933,4be874a488ed2d7fa3e4cb1d,3861,44,2,2013-01-27 04:03:00+00:00,2013-01-27 04:47:00+00:00,254|1238
2934,4be9872661aca59346a28200,3862,19,2,2012-04-09 17:20:00+00:00,2012-04-09 17:39:00+00:00,309|1364
2935,4bea96e76295c9b6908b8608,3865,9,2,2012-04-17 12:49:00+00:00,2012-04-17 12:58:00+00:00,888|1631
2936,4bed50be91380f47b4af9f18,3876,40,2,2012-05-06 17:54:00+00:00,2012-05-06 18:34:00+00:00,1320|1424
2937,4bf1a8aba09076b0b8e729d4,3888,54,2,2013-01-12 14:39:00+00:00,2013-01-12 15:33:00+00:00,155|710
2938,4bf3063e98ac0f47066962a8,3892,2,2,2012-06-02 21:42:00+00:00,2012-06-02 21:44:00+00:00,566|608
2939,4bf6ef8b5efe2d7fd10d6834,3908,20,2,2012-09-09 21:37:00+00:00,2012-09-09 21:57:00+00:00,727|868
2940,4bf6ef8b5efe2d7fd10d6834,3908,30,2,2012-11-22 06:15:00+00:00,2012-11-22 06:45:00+00:00,528|1529
2941,4bf9e8e85ec320a10d0d8bd3,3925,21,2,2012-05-14 00:16:00+00:00,2012-05-14 00:37:00+00:00,875|1012
2942,4bfb0ac865fbc9b660e8906c,3931,14,2,2012-04-22 17:21:00+00:00,2012-04-22 17:35:00+00:00,1520|1545
2943,4bfb0ac865fbc9b660e8906c,3931,4,2,2012-04-23 18:08:00+00:00,2012-04-23 18:12:00+00:00,1186|1545
2944,4bfb0ac865fbc9b660e8906c,3931,15,2,2012-04-24 14:44:00+00:00,2012-04-24 14:59:00+00:00,1432|1520
2945,4bfb0ac865fbc9b660e8906c,3931,5,2,2012-04-29 11:55:00+00:00,2012-04-29 12:00:00+00:00,1256|1472
2946,4bff2f9b369476b0ba8a8d1f,3944,2,2,2012-04-21 14:28:00+00:00,2012-04-21 14:30:00+00:00,112|1232
2947,4bff9551369476b029fc8d1f,3945,13,2,2012-05-25 17:49:00+00:00,2012-05-25 18:02:00+00:00,1137|1661
2948,4c01d706f99620a1b2452504,3954,47,2,2012-04-21 17:45:00+00:00,2012-04-21 18:32:00+00:00,1459|1562
2949,4c01d706f99620a1b2452504,3954,32,2,2012-04-22 00:21:00+00:00,2012-04-22 00:53:00+00:00,1183|1353
2950,4c01d706f99620a1b2452504,3954,15,2,2012-04-22 09:18:00+00:00,2012-04-22 09:33:00+00:00,1353|1520
2951,4c01d706f99620a1b2452504,3954,24,2,2012-04-23 07:52:00+00:00,2012-04-23 08:16:00+00:00,1520|1534
2952,4c01d706f99620a1b2452504,3954,56,2,2012-04-24 14:56:00+00:00,2012-04-24 15:52:00+00:00,1336|1432
2953,4c06329f5753c928817e3af1,3962,1,2,2012-05-30 00:25:00+00:00,2012-05-30 00:26:00+00:00,606|727
2954,4c063ac9d3842d7f1c3fbf41,3963,1,2,2012-04-11 23:40:00+00:00,2012-04-11 23:41:00+00:00,736|737
2955,4c08065b7c9ad13ab19e2c1e,3967,10,2,2012-04-15 22:15:00+00:00,2012-04-15 22:25:00+00:00,849|1122
2956,4c082c5a340720a116b98293,3968,1,2,2012-04-04 03:27:00+00:00,2012-04-04 03:28:00+00:00,470|509
2957,4c082c5a340720a116b98293,3968,31,3,2012-11-24 01:57:00+00:00,2012-11-24 02:28:00+00:00,807|847|1242
2958,4c082c5a340720a116b98293,3968,16,2,2012-12-22 02:10:00+00:00,2012-12-22 02:26:00+00:00,1165|1242
2959,4c082c5a340720a116b98293,3968,14,2,2013-03-07 00:15:00+00:00,2013-03-07 00:29:00+00:00,727|1469
2960,4c08494c7e3fc928ea22f082,3969,30,2,2012-04-22 00:34:00+00:00,2012-04-22 01:04:00+00:00,807|847
2961,4c08494c7e3fc928ea22f082,3969,19,2,2012-04-26 02:47:00+00:00,2012-04-26 03:06:00+00:00,522|994
2962,4c0c5587340720a166978993,3985,57,2,2012-05-10 23:01:00+00:00,2012-05-10 23:58:00+00:00,768|1561
2963,4c0c5587340720a166978993,3985,54,2,2012-08-16 23:40:00+00:00,2012-08-17 00:34:00+00:00,32|379
2964,4c0ced69c700c9b6988ea1dd,3986,3,2,2012-05-19 18:48:00+00:00,2012-05-19 18:51:00+00:00,511|1136
2965,4c1131d0f1b6a593ea1f7d27,3993,30,2,2012-06-09 03:15:00+00:00,2012-06-09 03:45:00+00:00,636|1551
2966,4c11a4806e5dc9b66490b02d,3996,58,2,2012-06-04 01:02:00+00:00,2012-06-04 02:00:00+00:00,937|976
2967,4c138eb6f1e0b7136cab34bc,4001,43,2,2012-04-21 06:53:00+00:00,2012-04-21 07:36:00+00:00,1202|1491
2968,4c138eb6f1e0b7136cab34bc,4001,10,2,2012-04-21 10:32:00+00:00,2012-04-21 10:42:00+00:00,1183|1534
2969,4c138eb6f1e0b7136cab34bc,4001,35,2,2012-04-21 13:30:00+00:00,2012-04-21 14:05:00+00:00,932|1329
2970,4c138eb6f1e0b7136cab34bc,4001,23,2,2012-04-23 17:06:00+00:00,2012-04-23 17:29:00+00:00,1194|1252
2971,4c17d49650389c749264b3cf,4011,26,2,2012-05-11 02:10:00+00:00,2012-05-11 02:36:00+00:00,376|1122
2972,4c17d49650389c749264b3cf,4011,22,2,2012-06-03 22:23:00+00:00,2012-06-03 22:45:00+00:00,240|685
2973,4c17d49650389c749264b3cf,4011,0,2,2012-07-08 21:44:00+00:00,2012-07-08 21:44:00+00:00,1608|1639
2974,4c17d49650389c749264b3cf,4011,2,2,2012-09-09 20:17:00+00:00,2012-09-09 20:19:00+00:00,650|1043
2975,4c17d49650389c749264b3cf,4011,26,2,2013-05-05 21:22:00+00:00,2013-05-05 21:48:00+00:00,1099|1367
2976,4c182ab46a21c9b68cb5c897,4012,2,2,2012-06-05 01:27:00+00:00,2012-06-05 01:29:00+00:00,234|1664
2977,4c1fb303bd9d95211254983f,4034,0,2,2012-04-12 11:31:00+00:00,2012-04-12 11:31:00+00:00,736|737
2978,4c1fb303bd9d95211254983f,4034,1,2,2012-04-12 23:19:00+00:00,2012-04-12 23:20:00+00:00,736|737
2979,4c22beee99282d7f17b667b0,4042,52,2,2012-05-04 04:17:00+00:00,2012-05-04 05:09:00+00:00,987|1608
2980,4c22beee99282d7f17b667b0,4042,36,2,2012-05-19 05:20:00+00:00,2012-05-19 05:56:00+00:00,1468|1561
2981,4c22beee99282d7f17b667b0,4042,54,2,2012-05-26 03:56:00+00:00,2012-05-26 04:50:00+00:00,791|1043
2982,4c22beee99282d7f17b667b0,4042,40,2,2012-07-01 05:22:00+00:00,2012-07-01 06:02:00+00:00,140|1468
2983,4c22beee99282d7f17b667b0,4042,44,3,2012-08-10 16:37:00+00:00,2012-08-10 17:21:00+00:00,3|466|1114
2984,4c266ab9a852c9281f9fe66c,4050,26,2,2012-04-21 04:22:00+00:00,2012-04-21 04:48:00+00:00,1263|1317
2985,4c266ab9a852c9281f9fe66c,4050,5,2,2012-04-21 09:26:00+00:00,2012-04-21 09:31:00+00:00,1395|1534
2986,4c2a81398abca59393c8fe1f,4058,3,2,2012-08-18 22:19:00+00:00,2012-08-18 22:22:00+00:00,1088|1619
2987,4c2bccc7d1a10f475a88f864,4063,1,2,2012-05-25 17:08:00+00:00,2012-05-25 17:09:00+00:00,1219|1661
2988,4c3232dc7cc0c9b63de8ef9a,4081,1,2,2012-08-13 14:09:00+00:00,2012-08-13 14:10:00+00:00,566|608
2989,4c374bf80a71c9b6f2893ec9,4103,8,2,2012-05-11 23:44:00+00:00,2012-05-11 23:52:00+00:00,486|1150
2990,4c374bf80a71c9b6f2893ec9,4103,5,2,2012-05-12 21:11:00+00:00,2012-05-12 21:16:00+00:00,442|486
2991,4c438488f799e21edc9aaca2,4135,38,2,2013-02-08 08:07:00+00:00,2013-02-08 08:45:00+00:00,1415|1523
2992,4c4757dd972c0f47a77a2321,4144,18,2,2012-04-11 01:40:00+00:00,2012-04-11 01:58:00+00:00,722|1231
2993,4c4757dd972c0f47a77a2321,4144,17,2,2012-04-27 23:25:00+00:00,2012-04-27 23:42:00+00:00,686|1288
2994,4c4ce59bb301b71315571289,4154,60,3,2012-05-14 02:02:00+00:00,2012-05-14 03:02:00+00:00,50|293|316
2995,4c4e37dcea24c9b6aa5f4915,4157,35,2,2012-04-19 23:44:00+00:00,2012-04-20 00:19:00+00:00,232|278
2996,4c52fdd7048b1b8debbf4f31,4169,2,2,2012-08-18 03:56:00+00:00,2012-08-18 03:58:00+00:00,942|1650
2997,4c576a2bb7a31b8d475450da,4180,7,2,2012-04-28 03:50:00+00:00,2012-04-28 03:57:00+00:00,441|1321
2998,4c5c076c7735c9b6af0e8b72,4192,28,2,2012-04-19 22:42:00+00:00,2012-04-19 23:10:00+00:00,323|1170
2999,4c5c076c7735c9b6af0e8b72,4192,15,2,2012-05-01 17:10:00+00:00,2012-05-01 17:25:00+00:00,1088|1326
3000,4c5c076c7735c9b6af0e8b72,4192,43,2,2012-05-18 13:51:00+00:00,2012-05-18 14:34:00+00:00,435|1088
3001,4c5c076c7735c9b6af0e8b72,4192,8,2,2012-06-11 13:24:00+00:00,2012-06-11 13:32:00+00:00,636|1282
3002,4c5c076c7735c9b6af0e8b72,4192,49,2,2012-06-12 14:25:00+00:00,2012-06-12 15:14:00+00:00,210|1088
3003,4c5c076c7735c9b6af0e8b72,4192,25,2,2012-08-13 14:22:00+00:00,2012-08-13 14:47:00+00:00,210|1088
3004,4c5c076c7735c9b6af0e8b72,4192,24,2,2012-09-14 21:16:00+00:00,2012-09-14 21:40:00+00:00,323|347
3005,4c5ef77bfff99c74eda954d3,4198,6,2,2012-04-27 21:04:00+00:00,2012-04-27 21:10:00+00:00,185|347
3006,4c5ef77bfff99c74eda954d3,4198,36,3,2012-04-27 23:04:00+00:00,2012-04-27 23:40:00+00:00,101|1054|1081
3007,4c5ef77bfff99c74eda954d3,4198,55,2,2012-05-31 21:13:00+00:00,2012-05-31 22:08:00+00:00,166|484
3008,4c5ef77bfff99c74eda954d3,4198,59,2,2012-06-26 17:16:00+00:00,2012-06-26 18:15:00+00:00,500|1633
3009,4c5ef77bfff99c74eda954d3,4198,39,2,2012-07-04 17:36:00+00:00,2012-07-04 18:15:00+00:00,590|1633
3010,4c5ef77bfff99c74eda954d3,4198,46,2,2012-07-05 18:15:00+00:00,2012-07-05 19:01:00+00:00,347|1633
3011,4c5ef77bfff99c74eda954d3,4198,46,3,2012-12-19 18:29:00+00:00,2012-12-19 19:15:00+00:00,159|380|1633
3012,4c5ef77bfff99c74eda954d3,4198,20,2,2012-12-21 18:55:00+00:00,2012-12-21 19:15:00+00:00,615|1633
3013,4c5f7bddde6920a1a1169464,4200,19,2,2012-04-15 17:35:00+00:00,2012-04-15 17:54:00+00:00,836|1034
3014,4c5f7bddde6920a1a1169464,4200,29,2,2012-07-28 15:39:00+00:00,2012-07-28 16:08:00+00:00,271|599
3015,4c604627891bef3b0564284b,4202,28,2,2012-05-09 22:10:00+00:00,2012-05-09 22:38:00+00:00,952|1039
3016,4c6bf59399b9236af82ce1c9,4225,13,2,2012-04-03 23:07:00+00:00,2012-04-03 23:20:00+00:00,981|1250
3017,4c6c3b1323c1a1cd5efc18cf,4227,17,2,2012-06-07 23:47:00+00:00,2012-06-08 00:04:00+00:00,319|758
3018,4c84779cd34ca143d8573f80,4289,46,2,2012-07-13 01:12:00+00:00,2012-07-13 01:58:00+00:00,133|371
3019,4c8509cfd4e2370470c67e88,4290,37,2,2012-04-21 17:48:00+00:00,2012-04-21 18:25:00+00:00,1186|1459
3020,4c8509cfd4e2370470c67e88,4290,26,2,2012-04-22 00:31:00+00:00,2012-04-22 00:57:00+00:00,1183|1353
3021,4c8509cfd4e2370470c67e88,4290,11,2,2012-04-22 17:22:00+00:00,2012-04-22 17:33:00+00:00,1520|1545
3022,4c8509cfd4e2370470c67e88,4290,33,2,2012-04-23 17:34:00+00:00,2012-04-23 18:07:00+00:00,1545|1562
3023,4c8509cfd4e2370470c67e88,4290,11,2,2012-04-24 14:46:00+00:00,2012-04-24 14:57:00+00:00,1432|1520
3024,4c8bd22b5e38b1f7c0872bf9,4307,34,2,2012-05-26 04:27:00+00:00,2012-05-26 05:01:00+00:00,513|1181
3025,4c8bf1cbed3ab60c95236321,4308,34,2,2012-06-10 14:53:00+00:00,2012-06-10 15:27:00+00:00,789|1387
3026,4c8e1ffb58668cfa6d0ecfec,4313,13,2,2012-04-06 14:01:00+00:00,2012-04-06 14:14:00+00:00,937|976
3027,4c8ff873de3d236acadc6718,4320,0,2,2012-04-11 15:26:00+00:00,2012-04-11 15:26:00+00:00,598|1413
3028,4c8ff873de3d236acadc6718,4320,5,2,2012-04-16 16:00:00+00:00,2012-04-16 16:05:00+00:00,792|1413
3029,4c8ff873de3d236acadc6718,4320,4,2,2012-04-23 16:01:00+00:00,2012-04-23 16:05:00+00:00,598|1413
3030,4c8ff873de3d236acadc6718,4320,13,2,2012-04-24 17:01:00+00:00,2012-04-24 17:14:00+00:00,792|1413
3031,4c90333a6fbf224b93fa518f,4322,11,2,2012-04-13 19:28:00+00:00,2012-04-13 19:39:00+00:00,736|737
3032,4c94be6cefecb713958ae09d,4332,24,2,2012-04-14 03:57:00+00:00,2012-04-14 04:21:00+00:00,648|1200
3033,4c94be6cefecb713958ae09d,4332,42,2,2012-04-29 04:34:00+00:00,2012-04-29 05:16:00+00:00,783|1146
3034,4c94be6cefecb713958ae09d,4332,1,2,2012-05-26 02:49:00+00:00,2012-05-26 02:50:00+00:00,864|1519
3035,4c97edbdf419a09395806b88,4338,4,2,2012-04-22 22:44:00+00:00,2012-04-22 22:48:00+00:00,897|1502
3036,4c97edbdf419a09395806b88,4338,0,2,2012-04-28 09:41:00+00:00,2012-04-28 09:41:00+00:00,1059|1502
3037,4c97edbdf419a09395806b88,4338,17,2,2012-05-13 21:18:00+00:00,2012-05-13 21:35:00+00:00,545|897
3038,4c97edbdf419a09395806b88,4338,25,2,2012-05-18 23:01:00+00:00,2012-05-18 23:26:00+00:00,160|1290
3039,4c97edbdf419a09395806b88,4338,58,2,2012-05-18 23:26:00+00:00,2012-05-19 00:24:00+00:00,160|1502
3040,4c97edbdf419a09395806b88,4338,3,2,2012-05-30 00:15:00+00:00,2012-05-30 00:18:00+00:00,1059|1502
3041,4c97edbdf419a09395806b88,4338,30,3,2012-06-07 23:51:00+00:00,2012-06-08 00:21:00+00:00,1047|1059|1502
3042,4c97edbdf419a09395806b88,4338,60,2,2012-07-28 02:55:00+00:00,2012-07-28 03:55:00+00:00,723|1377
3043,4c9a7efb971676b04a9755e2,4346,30,2,2013-01-26 04:59:00+00:00,2013-01-26 05:29:00+00:00,761|783
3044,4c9a7efb971676b04a9755e2,4346,1,2,2013-02-16 06:34:00+00:00,2013-02-16 06:35:00+00:00,240|685
3045,4c9bb662e9a7ef3bd0ed2e16,4350,7,2,2012-05-27 06:15:00+00:00,2012-05-27 06:22:00+00:00,429|1131
3046,4c9bb662e9a7ef3bd0ed2e16,4350,1,2,2012-11-06 01:38:00+00:00,2012-11-06 01:39:00+00:00,27|822
3047,4c9bb662e9a7ef3bd0ed2e16,4350,12,2,2013-01-31 05:00:00+00:00,2013-01-31 05:12:00+00:00,732|1418
3048,4c9bb662e9a7ef3bd0ed2e16,4350,22,2,2013-03-07 01:38:00+00:00,2013-03-07 02:00:00+00:00,244|1608
3049,4c9bdd54542b224b8271db9f,4352,43,2,2012-04-12 00:06:00+00:00,2012-04-12 00:49:00+00:00,736|737
3050,4c9bdd54542b224b8271db9f,4352,3,2,2012-04-13 03:55:00+00:00,2012-04-13 03:58:00+00:00,736|737
3051,4c9bdd54542b224b8271db9f,4352,1,2,2012-04-15 02:03:00+00:00,2012-04-15 02:04:00+00:00,736|737
3052,4c9d6ae32fb1a143c5ade040,4357,53,2,2012-07-29 02:09:00+00:00,2012-07-29 03:02:00+00:00,789|843
3053,4c9d6ae32fb1a143c5ade040,4357,12,2,2012-08-12 02:11:00+00:00,2012-08-12 02:23:00+00:00,789|843
3054,4c9d6ae32fb1a143c5ade040,4357,53,2,2012-12-02 03:01:00+00:00,2012-12-02 03:54:00+00:00,789|843
3055,4c9ed76d031337046e4c6dd5,4359,10,2,2012-05-29 01:39:00+00:00,2012-05-29 01:49:00+00:00,21|362
3056,4ca0ce5e54c8a1cda1e0a24b,4361,59,2,2012-07-24 12:35:00+00:00,2012-07-24 13:34:00+00:00,390|983
3057,4ca0d958e9a7ef3be3085416,4362,3,2,2012-12-07 16:25:00+00:00,2012-12-07 16:28:00+00:00,1347|1493
3058,4ca6208aae1eef3bccd43047,4374,3,2,2012-05-26 00:31:00+00:00,2012-05-26 00:34:00+00:00,650|1043
3059,4cab5ef1ae1eef3bfe223447,4384,39,2,2012-05-04 16:18:00+00:00,2012-05-04 16:57:00+00:00,93|862
3060,4cad378a97c8a1cd9befa7a5,4388,2,2,2012-05-19 21:57:00+00:00,2012-05-19 21:59:00+00:00,151|448
3061,4cae5172cbab236a20768f73,4389,42,2,2012-04-12 23:30:00+00:00,2012-04-13 00:12:00+00:00,602|1108
3062,4cae5172cbab236a20768f73,4389,0,2,2012-04-19 23:49:00+00:00,2012-04-19 23:49:00+00:00,113|119
3063,4cae5172cbab236a20768f73,4389,10,3,2012-06-20 23:11:00+00:00,2012-06-20 23:21:00+00:00,25|302|470
3064,4cae5172cbab236a20768f73,4389,12,2,2012-10-24 23:13:00+00:00,2012-10-24 23:25:00+00:00,603|1295
3065,4cae5172cbab236a20768f73,4389,7,2,2012-11-17 19:49:00+00:00,2012-11-17 19:56:00+00:00,989|1295
3066,4cb7728d4352a1cd5c357ef5,4403,20,2,2012-10-12 12:53:00+00:00,2012-10-12 13:13:00+00:00,216|1091
3067,4cb7728d4352a1cd5c357ef5,4403,50,2,2012-11-05 13:35:00+00:00,2012-11-05 14:25:00+00:00,216|1091
3068,4cbcafab035d236aebebe64e,4414,14,2,2012-04-03 23:25:00+00:00,2012-04-03 23:39:00+00:00,124|582
3069,4cbcafab035d236aebebe64e,4414,9,2,2012-05-05 05:33:00+00:00,2012-05-05 05:42:00+00:00,960|997
3070,4cbcafab035d236aebebe64e,4414,10,2,2012-05-19 06:16:00+00:00,2012-05-19 06:26:00+00:00,791|988
3071,4cbcafab035d236aebebe64e,4414,22,2,2012-06-10 04:31:00+00:00,2012-06-10 04:53:00+00:00,173|1318
3072,4cbe5493611abfb717f5a405,4415,47,2,2012-04-26 01:18:00+00:00,2012-04-26 02:05:00+00:00,1288|1428
3073,4cbe5493611abfb717f5a405,4415,7,2,2012-05-02 00:25:00+00:00,2012-05-02 00:32:00+00:00,865|1428
3074,4cbe5493611abfb717f5a405,4415,11,2,2012-05-16 01:29:00+00:00,2012-05-16 01:40:00+00:00,865|1288
3075,4cbe5493611abfb717f5a405,4415,3,2,2012-07-15 21:38:00+00:00,2012-07-15 21:41:00+00:00,865|934
3076,4cc35db6d43ba14387a35ff8,4424,50,2,2012-05-26 00:52:00+00:00,2012-05-26 01:42:00+00:00,279|1460
3077,4cc35db6d43ba14387a35ff8,4424,43,2,2012-05-27 03:39:00+00:00,2012-05-27 04:22:00+00:00,1043|1468
3078,4cc35db6d43ba14387a35ff8,4424,54,2,2012-06-11 00:40:00+00:00,2012-06-11 01:34:00+00:00,650|1574
3079,4cc35db6d43ba14387a35ff8,4424,26,2,2012-12-07 22:51:00+00:00,2012-12-07 23:17:00+00:00,440|1000
3080,4cc59facb2beb1f7d1c6234c,4426,53,2,2012-04-04 00:57:00+00:00,2012-04-04 01:50:00+00:00,50|1012
3081,4cc59facb2beb1f7d1c6234c,4426,1,2,2012-06-12 02:10:00+00:00,2012-06-12 02:11:00+00:00,50|1574
3082,4cc59facb2beb1f7d1c6234c,4426,6,2,2012-06-21 01:59:00+00:00,2012-06-21 02:05:00+00:00,50|856
3083,4cc59facb2beb1f7d1c6234c,4426,5,2,2012-09-06 00:10:00+00:00,2012-09-06 00:15:00+00:00,745|856
3084,4cc5fbdd306e224bd829a66c,4427,7,2,2012-05-10 22:29:00+00:00,2012-05-10 22:36:00+00:00,496|1027
3085,4cc60b7a82388cfad0727935,4429,5,2,2012-06-17 02:49:00+00:00,2012-06-17 02:54:00+00:00,548|1427
3086,4cc6e7d2f49676b0ba4674d5,4431,59,2,2012-07-24 17:56:00+00:00,2012-07-24 18:55:00+00:00,643|1430
3087,4cc701aa01fb236ab070baba,4433,1,2,2012-05-29 17:40:00+00:00,2012-05-29 17:41:00+00:00,71|486
3088,4ccac1aeb8c8224be7cf17ba,4441,0,2,2012-04-24 18:46:00+00:00,2012-04-24 18:46:00+00:00,566|608
3089,4cd024919d87224b684e533b,4454,10,2,2012-04-14 23:02:00+00:00,2012-04-14 23:12:00+00:00,128|1159
3090,4cd1e55f6200b1f7e97edc28,4459,8,2,2012-04-20 17:05:00+00:00,2012-04-20 17:13:00+00:00,42|323
3091,4cd1e55f6200b1f7e97edc28,4459,7,2,2012-04-27 22:43:00+00:00,2012-04-27 22:50:00+00:00,302|718
3092,4cd1e55f6200b1f7e97edc28,4459,22,2,2012-09-05 12:18:00+00:00,2012-09-05 12:40:00+00:00,316|1580
3093,4cd7f12a7bb06dcb988d9fb2,4475,22,2,2012-04-04 12:09:00+00:00,2012-04-04 12:31:00+00:00,227|492
3094,4cd7f12a7bb06dcb988d9fb2,4475,11,2,2012-04-09 13:19:00+00:00,2012-04-09 13:30:00+00:00,488|1338
3095,4cd7f12a7bb06dcb988d9fb2,4475,23,2,2012-04-12 12:22:00+00:00,2012-04-12 12:45:00+00:00,227|1338
3096,4cd7f12a7bb06dcb988d9fb2,4475,25,2,2012-04-13 11:57:00+00:00,2012-04-13 12:22:00+00:00,227|492
3097,4cd7f12a7bb06dcb988d9fb2,4475,7,2,2012-04-17 12:06:00+00:00,2012-04-17 12:13:00+00:00,227|492
3098,4cd7f12a7bb06dcb988d9fb2,4475,57,2,2012-04-17 12:13:00+00:00,2012-04-17 13:10:00+00:00,227|1338
3099,4cd7f12a7bb06dcb988d9fb2,4475,8,2,2012-04-19 12:12:00+00:00,2012-04-19 12:20:00+00:00,227|492
3100,4cd7f12a7bb06dcb988d9fb2,4475,8,2,2012-04-20 12:23:00+00:00,2012-04-20 12:31:00+00:00,227|1338
3101,4cd7f12a7bb06dcb988d9fb2,4475,24,2,2012-04-23 12:58:00+00:00,2012-04-23 13:22:00+00:00,492|1338
3102,4cd7f12a7bb06dcb988d9fb2,4475,35,2,2012-04-25 12:42:00+00:00,2012-04-25 13:17:00+00:00,492|1338
3103,4cd7f12a7bb06dcb988d9fb2,4475,1,2,2012-04-26 12:31:00+00:00,2012-04-26 12:32:00+00:00,492|1547
3104,4cd7f12a7bb06dcb988d9fb2,4475,16,2,2012-05-03 12:16:00+00:00,2012-05-03 12:32:00+00:00,492|1547
3105,4cd7f12a7bb06dcb988d9fb2,4475,25,2,2012-05-04 13:29:00+00:00,2012-05-04 13:54:00+00:00,492|1338
3106,4cd7f12a7bb06dcb988d9fb2,4475,29,2,2012-05-08 12:29:00+00:00,2012-05-08 12:58:00+00:00,492|1338
3107,4cd7f12a7bb06dcb988d9fb2,4475,19,2,2012-05-09 13:32:00+00:00,2012-05-09 13:51:00+00:00,492|1338
3108,4cd7f12a7bb06dcb988d9fb2,4475,1,2,2012-05-11 12:26:00+00:00,2012-05-11 12:27:00+00:00,227|492
3109,4cd7f12a7bb06dcb988d9fb2,4475,44,3,2012-05-14 12:11:00+00:00,2012-05-14 12:55:00+00:00,227|492|1338
3110,4cd7f12a7bb06dcb988d9fb2,4475,35,3,2012-05-15 12:36:00+00:00,2012-05-15 13:11:00+00:00,227|492|1338
3111,4cd7f12a7bb06dcb988d9fb2,4475,56,2,2012-05-16 12:12:00+00:00,2012-05-16 13:08:00+00:00,492|1338
3112,4cd7f12a7bb06dcb988d9fb2,4475,30,3,2012-05-21 12:39:00+00:00,2012-05-21 13:09:00+00:00,227|492|1338
3113,4cd7f12a7bb06dcb988d9fb2,4475,36,3,2012-05-22 12:12:00+00:00,2012-05-22 12:48:00+00:00,123|492|1547
3114,4cd7f12a7bb06dcb988d9fb2,4475,1,2,2012-05-22 14:11:00+00:00,2012-05-22 14:12:00+00:00,227|490
3115,4cd7f12a7bb06dcb988d9fb2,4475,51,3,2012-05-25 12:33:00+00:00,2012-05-25 13:24:00+00:00,227|492|1338
3116,4cd7f12a7bb06dcb988d9fb2,4475,5,2,2012-05-31 14:45:00+00:00,2012-05-31 14:50:00+00:00,492|1338
3117,4cd7f12a7bb06dcb988d9fb2,4475,29,3,2012-06-04 12:31:00+00:00,2012-06-04 13:00:00+00:00,227|490|492
3118,4cd7f12a7bb06dcb988d9fb2,4475,42,2,2012-06-05 12:10:00+00:00,2012-06-05 12:52:00+00:00,227|492
3119,4cd7f12a7bb06dcb988d9fb2,4475,27,2,2012-06-05 12:52:00+00:00,2012-06-05 13:19:00+00:00,492|1350
3120,4cd7f12a7bb06dcb988d9fb2,4475,47,3,2012-06-07 12:05:00+00:00,2012-06-07 12:52:00+00:00,123|227|492
3121,4cd7f12a7bb06dcb988d9fb2,4475,59,2,2012-06-11 14:20:00+00:00,2012-06-11 15:19:00+00:00,281|1338
3122,4cd7f12a7bb06dcb988d9fb2,4475,1,2,2012-06-21 12:27:00+00:00,2012-06-21 12:28:00+00:00,227|281
3123,4cd7f12a7bb06dcb988d9fb2,4475,30,2,2012-07-02 12:40:00+00:00,2012-07-02 13:10:00+00:00,227|492
3124,4cd7f12a7bb06dcb988d9fb2,4475,25,3,2012-07-05 12:26:00+00:00,2012-07-05 12:51:00+00:00,227|281|492
3125,4cd7f12a7bb06dcb988d9fb2,4475,56,3,2012-07-09 12:31:00+00:00,2012-07-09 13:27:00+00:00,281|492|1338
3126,4cd7f12a7bb06dcb988d9fb2,4475,15,2,2012-07-11 12:21:00+00:00,2012-07-11 12:36:00+00:00,227|492
3127,4cd7f12a7bb06dcb988d9fb2,4475,19,2,2012-07-12 12:16:00+00:00,2012-07-12 12:35:00+00:00,227|492
3128,4cd7f12a7bb06dcb988d9fb2,4475,31,2,2012-07-13 12:16:00+00:00,2012-07-13 12:47:00+00:00,281|492
3129,4cd7f12a7bb06dcb988d9fb2,4475,37,2,2012-07-30 12:32:00+00:00,2012-07-30 13:09:00+00:00,227|1121
3130,4cd7f12a7bb06dcb988d9fb2,4475,56,2,2012-07-30 13:09:00+00:00,2012-07-30 14:05:00+00:00,492|1121
3131,4cd7f12a7bb06dcb988d9fb2,4475,44,2,2012-08-06 12:19:00+00:00,2012-08-06 13:03:00+00:00,227|1121
3132,4cd7f12a7bb06dcb988d9fb2,4475,38,2,2012-08-09 12:20:00+00:00,2012-08-09 12:58:00+00:00,492|1121
3133,4cd7f12a7bb06dcb988d9fb2,4475,34,2,2012-08-20 11:52:00+00:00,2012-08-20 12:26:00+00:00,492|1121
3134,4cd7f12a7bb06dcb988d9fb2,4475,18,2,2012-09-05 12:22:00+00:00,2012-09-05 12:40:00+00:00,492|1121
3135,4cd7f12a7bb06dcb988d9fb2,4475,17,2,2012-09-13 12:20:00+00:00,2012-09-13 12:37:00+00:00,227|492
3136,4cd7f12a7bb06dcb988d9fb2,4475,23,2,2012-10-12 11:52:00+00:00,2012-10-12 12:15:00+00:00,492|1121
3137,4cd7f12a7bb06dcb988d9fb2,4475,5,2,2012-11-05 13:44:00+00:00,2012-11-05 13:49:00+00:00,1121|1350
3138,4cd7f12a7bb06dcb988d9fb2,4475,56,3,2012-11-27 13:25:00+00:00,2012-11-27 14:21:00+00:00,492|627|1121
3139,4cd7f12a7bb06dcb988d9fb2,4475,13,2,2012-11-28 13:27:00+00:00,2012-11-28 13:40:00+00:00,492|1121
3140,4cd7f12a7bb06dcb988d9fb2,4475,8,2,2012-12-10 13:46:00+00:00,2012-12-10 13:54:00+00:00,492|627
3141,4cd7f12a7bb06dcb988d9fb2,4475,14,2,2012-12-11 13:35:00+00:00,2012-12-11 13:49:00+00:00,492|627
3142,4cd7f12a7bb06dcb988d9fb2,4475,5,2,2012-12-17 13:14:00+00:00,2012-12-17 13:19:00+00:00,492|627
3143,4cd7f12a7bb06dcb988d9fb2,4475,4,2,2012-12-19 12:58:00+00:00,2012-12-19 13:02:00+00:00,492|627
3144,4cd7f12a7bb06dcb988d9fb2,4475,14,2,2013-01-04 13:41:00+00:00,2013-01-04 13:55:00+00:00,492|627
3145,4cd7f12a7bb06dcb988d9fb2,4475,24,2,2013-03-04 14:06:00+00:00,2013-03-04 14:30:00+00:00,461|1121
3146,4cdac798d6656a315f36fc3e,4481,20,2,2012-04-27 22:39:00+00:00,2012-04-27 22:59:00+00:00,1135|1519
3147,4cdeb1d2c4f6a35de46bcb6c,4488,41,2,2012-04-03 22:59:00+00:00,2012-04-03 23:40:00+00:00,15|1016
3148,4ce46872d678a1cd6fc5a90c,4503,23,3,2012-05-05 16:28:00+00:00,2012-05-05 16:51:00+00:00,661|850|1024
3149,4ce46d654eb46a31c9425ba3,4504,12,2,2012-11-22 11:41:00+00:00,2012-11-22 11:53:00+00:00,1339|1625
3150,4ce46d654eb46a31c9425ba3,4504,60,2,2012-11-22 11:53:00+00:00,2012-11-22 12:53:00+00:00,1469|1625
3151,4ce46d654eb46a31c9425ba3,4504,36,4,2012-11-22 13:56:00+00:00,2012-11-22 14:32:00+00:00,34|99|998|1233
3152,4ce6d20af08f8eece5b40130,4508,17,2,2012-05-07 16:58:00+00:00,2012-05-07 17:15:00+00:00,470|1137
3153,4ce7418ab9975481d968f544,4513,44,2,2012-10-18 22:47:00+00:00,2012-10-18 23:31:00+00:00,350|1371
3154,4ce7418ab9975481d968f544,4513,5,2,2012-11-24 00:35:00+00:00,2012-11-24 00:40:00+00:00,807|1165
3155,4ce7418ab9975481d968f544,4513,17,2,2013-01-13 03:48:00+00:00,2013-01-13 04:05:00+00:00,512|1547
3156,4ce7418ab9975481d968f544,4513,52,2,2013-01-24 23:21:00+00:00,2013-01-25 00:13:00+00:00,350|1371
3157,4ce7418ab9975481d968f544,4513,47,2,2013-03-15 22:16:00+00:00,2013-03-15 23:03:00+00:00,770|807
3158,4ce76063b99754817537f644,4514,18,2,2012-05-05 21:56:00+00:00,2012-05-05 22:14:00+00:00,286|1616
3159,4cec13060f196dcb7b8e5bae,4520,33,3,2012-04-23 22:59:00+00:00,2012-04-23 23:32:00+00:00,24|105|966
3160,4cec13060f196dcb7b8e5bae,4520,2,2,2012-09-06 00:02:00+00:00,2012-09-06 00:04:00+00:00,178|1499
3161,4cf31e3d88de370466657d2b,4530,18,2,2012-05-05 00:48:00+00:00,2012-05-05 01:06:00+00:00,0|1296
3162,4cf5cb53c020b60c9bd81c75,4535,34,2,2012-05-13 06:28:00+00:00,2012-05-13 07:02:00+00:00,579|687
3163,4cf605832f0159418f8559a2,4536,39,2,2012-12-27 17:39:00+00:00,2012-12-27 18:18:00+00:00,1074|1094
3164,4cf6d311eb096ea8db79c748,4539,0,2,2013-01-01 03:51:00+00:00,2013-01-01 03:51:00+00:00,1099|1610
3165,4cf907ea3875b1f79311973c,4543,42,3,2012-05-10 22:16:00+00:00,2012-05-10 22:58:00+00:00,950|1273|1340
3166,4cf907ea3875b1f79311973c,4543,36,3,2012-05-10 22:52:00+00:00,2012-05-10 23:28:00+00:00,319|950|1340
3167,4cfac128feec6dcb44254236,4546,44,2,2012-04-21 06:53:00+00:00,2012-04-21 07:37:00+00:00,1202|1491
3168,4cfac128feec6dcb44254236,4546,25,2,2012-04-22 05:00:00+00:00,2012-04-22 05:25:00+00:00,1223|1457
3169,4cfac128feec6dcb44254236,4546,19,2,2012-04-24 07:00:00+00:00,2012-04-24 07:19:00+00:00,1504|1536
3170,4cfb90ee2d80a143302e4cd8,4548,32,2,2012-04-21 18:05:00+00:00,2012-04-21 18:37:00+00:00,1459|1545
3171,4cfb90ee2d80a143302e4cd8,4548,6,2,2012-04-22 07:23:00+00:00,2012-04-22 07:29:00+00:00,1457|1534
3172,4cfb90ee2d80a143302e4cd8,4548,16,3,2012-04-22 09:17:00+00:00,2012-04-22 09:33:00+00:00,1353|1432|1520
3173,4cfb90ee2d80a143302e4cd8,4548,32,2,2012-04-23 07:51:00+00:00,2012-04-23 08:23:00+00:00,1520|1613
3174,4cfb90ee2d80a143302e4cd8,4548,16,2,2012-04-23 11:36:00+00:00,2012-04-23 11:52:00+00:00,1223|1536
3175,4cfb90ee2d80a143302e4cd8,4548,57,2,2012-04-24 09:54:00+00:00,2012-04-24 10:51:00+00:00,1194|1613
3176,4cfb90ee2d80a143302e4cd8,4548,0,2,2012-04-26 03:42:00+00:00,2012-04-26 03:42:00+00:00,1536|1545
3177,4cfbed25d8468cfacd6df76b,4549,53,2,2012-04-08 22:14:00+00:00,2012-04-08 23:07:00+00:00,684|711
3178,4d0382fa30a58cfa181399e7,4564,49,2,2012-12-15 15:19:00+00:00,2012-12-15 16:08:00+00:00,1154|1617
3179,4d0382fa30a58cfa181399e7,4564,56,4,2012-12-15 16:08:00+00:00,2012-12-15 17:04:00+00:00,140|836|1370|1617
3180,4d0382fa30a58cfa181399e7,4564,40,3,2012-12-15 16:59:00+00:00,2012-12-15 17:39:00+00:00,140|836|838
3181,4d0382fa30a58cfa181399e7,4564,59,3,2012-12-15 17:04:00+00:00,2012-12-15 18:03:00+00:00,186|836|838
3182,4d0382fa30a58cfa181399e7,4564,47,2,2012-12-15 18:03:00+00:00,2012-12-15 18:50:00+00:00,134|186
3183,4d0382fa30a58cfa181399e7,4564,48,2,2012-12-15 18:50:00+00:00,2012-12-15 19:38:00+00:00,134|1127
3184,4d0382fa30a58cfa181399e7,4564,2,2,2012-12-15 21:21:00+00:00,2012-12-15 21:23:00+00:00,376|611
3185,4d0382fa30a58cfa181399e7,4564,59,3,2012-12-15 23:41:00+00:00,2012-12-16 00:40:00+00:00,424|729|1302
3186,4d0382fa30a58cfa181399e7,4564,21,3,2012-12-16 00:23:00+00:00,2012-12-16 00:44:00+00:00,424|664|729
3187,4d042c5b28926ea811226ac2,4566,3,2,2012-08-10 00:54:00+00:00,2012-08-10 00:57:00+00:00,1277|1570
3188,4d046fa67d9ba35d012c6623,4568,27,2,2012-12-09 05:18:00+00:00,2012-12-09 05:45:00+00:00,537|600
3189,4d0df928903d3704e85fc755,4583,48,2,2012-04-22 07:28:00+00:00,2012-04-22 08:16:00+00:00,1223|1457
3190,4d291bbe6e27a1435d752124,4613,21,2,2012-06-27 02:11:00+00:00,2012-06-27 02:32:00+00:00,720|1063
3191,4d2cc14bb47d2c0fd1608594,4616,19,2,2013-02-04 10:42:00+00:00,2013-02-04 11:01:00+00:00,1008|1036
3192,4d2cc14bb47d2c0fd1608594,4616,45,2,2013-02-05 09:55:00+00:00,2013-02-05 10:40:00+00:00,1008|1036
3193,4d32037f5c2db60c8ddebd6c,4622,4,2,2012-05-13 19:24:00+00:00,2012-05-13 19:28:00+00:00,711|782
3194,4d329bc7d585a090a8a5a4cd,4623,33,4,2012-07-08 02:24:00+00:00,2012-07-08 02:57:00+00:00,47|56|674|1427
3195,4d33d64b6c7c721ea10fbd56,4624,24,2,2012-04-15 04:41:00+00:00,2012-04-15 05:05:00+00:00,685|1146
3196,4d33d64b6c7c721ea10fbd56,4624,28,2,2012-09-15 00:51:00+00:00,2012-09-15 01:19:00+00:00,147|529
3197,4d33d64b6c7c721ea10fbd56,4624,36,2,2012-11-18 04:49:00+00:00,2012-11-18 05:25:00+00:00,679|950
3198,4d3490bf2c76a143392c86c7,4625,51,2,2012-12-11 16:21:00+00:00,2012-12-11 17:12:00+00:00,1045|1442
3199,4d38f531a558a1cde4c1cd43,4631,30,2,2012-12-20 02:02:00+00:00,2012-12-20 02:32:00+00:00,1347|1493
3200,4d3acccd34ee37041a9a7b9b,4634,40,2,2012-04-22 09:55:00+00:00,2012-04-22 10:35:00+00:00,1252|1613
3201,4d3acccd34ee37041a9a7b9b,4634,24,2,2012-04-22 11:58:00+00:00,2012-04-22 12:22:00+00:00,1183|1457
3202,4d4f4dc207b1a09016acf83b,4652,3,2,2012-11-25 19:43:00+00:00,2012-11-25 19:46:00+00:00,438|896
3203,4d501a9a7ee1a35d06428234,4654,28,3,2012-07-09 14:02:00+00:00,2012-07-09 14:30:00+00:00,488|490|1002
3204,4d51438c9b27721ecbe1b546,4656,42,2,2012-04-15 14:56:00+00:00,2012-04-15 15:38:00+00:00,160|533
3205,4d531ddd7e0f8eec112b8ae4,4659,36,2,2012-07-09 21:31:00+00:00,2012-07-09 22:07:00+00:00,151|448
3206,4d53a2c5a9378eec634eb2c4,4662,5,2,2012-10-26 02:02:00+00:00,2012-10-26 02:07:00+00:00,85|505
3207,4d593807f8ff236a03d5c84a,4669,55,2,2012-06-03 01:23:00+00:00,2012-06-03 02:18:00+00:00,359|1149
3208,4d59e7bc1d6cf04dd68f3cfe,4671,4,2,2012-05-05 03:04:00+00:00,2012-05-05 03:08:00+00:00,1372|1386
3209,4d5b3dd522ad2d430a63e695,4674,8,2,2012-04-13 23:47:00+00:00,2012-04-13 23:55:00+00:00,893|1149
3210,4d5b409222ad2d43527ce695,4675,24,2,2013-02-02 03:29:00+00:00,2013-02-02 03:53:00+00:00,144|1036
3211,4d66eb81cba6a35d7300c7c1,4690,1,2,2012-05-25 20:08:00+00:00,2012-05-25 20:09:00+00:00,846|1585
3212,4d69f050de28224b66164abe,4695,37,2,2012-05-28 04:59:00+00:00,2012-05-28 05:36:00+00:00,294|413
3213,4d69f050de28224b66164abe,4695,48,2,2013-01-13 06:47:00+00:00,2013-01-13 07:35:00+00:00,1142|1620
3214,4d6d3bce125eb60c985e324e,4702,48,2,2012-04-18 13:15:00+00:00,2012-04-18 14:03:00+00:00,354|418
3215,4d6d3bce125eb60c985e324e,4702,0,2,2012-04-20 13:41:00+00:00,2012-04-20 13:41:00+00:00,251|354
3216,4d6d3bce125eb60c985e324e,4702,37,3,2012-04-25 13:18:00+00:00,2012-04-25 13:55:00+00:00,354|383|418
3217,4d6d3bce125eb60c985e324e,4702,22,2,2012-05-04 12:37:00+00:00,2012-05-04 12:59:00+00:00,251|383
3218,4d6d3bce125eb60c985e324e,4702,48,2,2012-05-31 14:52:00+00:00,2012-05-31 15:40:00+00:00,354|418
3219,4d6d3bce125eb60c985e324e,4702,2,2,2012-06-12 22:19:00+00:00,2012-06-12 22:21:00+00:00,140|354
3220,4d6d3bce125eb60c985e324e,4702,2,2,2012-06-20 22:14:00+00:00,2012-06-20 22:16:00+00:00,354|520
3221,4d6d3e88da06a1cdaad8a75b,4703,1,2,2012-05-17 00:59:00+00:00,2012-05-17 01:00:00+00:00,650|1043
3222,4d7511de170ab1f70edcfc94,4712,1,2,2012-11-01 18:23:00+00:00,2012-11-01 18:24:00+00:00,812|1141
3223,4d7d34577498a1cdb4bc8bfc,4722,35,2,2012-05-05 01:18:00+00:00,2012-05-05 01:53:00+00:00,1451|1489
3224,4d80b23370d18cfa6e96a194,4728,0,2,2012-11-06 14:02:00+00:00,2012-11-06 14:02:00+00:00,151|448
3225,4d81f19cbaf9a35de08a9f21,4730,25,2,2012-04-21 04:20:00+00:00,2012-04-21 04:45:00+00:00,1263|1317
3226,4d83d942d5fab60c3b42d59b,4736,37,2,2012-05-04 13:28:00+00:00,2012-05-04 14:05:00+00:00,309|601
3227,4d863becf1e56ea852a5998a,4740,4,4,2012-05-04 03:25:00+00:00,2012-05-04 03:29:00+00:00,516|986|1038|1589
3228,4d8fb0e1b46488bf0e3adda2,4755,2,2,2012-04-07 22:17:00+00:00,2012-04-07 22:19:00+00:00,711|782
3229,4d8fb0e1b46488bf0e3adda2,4755,43,2,2012-07-16 00:28:00+00:00,2012-07-16 01:11:00+00:00,331|1107
3230,4d9105f96174a09392ecffe3,4762,27,2,2012-04-21 18:40:00+00:00,2012-04-21 19:07:00+00:00,476|821
3231,4d9105f96174a09392ecffe3,4762,35,2,2012-05-03 14:21:00+00:00,2012-05-03 14:56:00+00:00,435|476
3232,4d9105f96174a09392ecffe3,4762,18,2,2012-05-16 21:57:00+00:00,2012-05-16 22:15:00+00:00,435|616
3233,4d9105f96174a09392ecffe3,4762,34,3,2012-06-08 22:19:00+00:00,2012-06-08 22:53:00+00:00,158|435|1499
3234,4d9885ae647d8cfa23ccf03d,4776,49,4,2012-04-15 18:55:00+00:00,2012-04-15 19:44:00+00:00,281|362|1296|1584
3235,4d9885ae647d8cfa23ccf03d,4776,48,2,2012-04-29 17:55:00+00:00,2012-04-29 18:43:00+00:00,1143|1296
3236,4d9885ae647d8cfa23ccf03d,4776,22,3,2012-05-06 18:36:00+00:00,2012-05-06 18:58:00+00:00,115|342|1023
3237,4d9885ae647d8cfa23ccf03d,4776,53,2,2012-05-06 18:58:00+00:00,2012-05-06 19:51:00+00:00,879|1023
3238,4d9885ae647d8cfa23ccf03d,4776,53,2,2012-05-13 18:50:00+00:00,2012-05-13 19:43:00+00:00,531|687
3239,4d9885ae647d8cfa23ccf03d,4776,21,2,2012-06-03 16:51:00+00:00,2012-06-03 17:12:00+00:00,56|1273
3240,4d9885ae647d8cfa23ccf03d,4776,47,2,2012-06-03 17:12:00+00:00,2012-06-03 17:59:00+00:00,1273|1578
3241,4d9c92f4baae54815f2cde64,4783,57,4,2012-05-16 22:43:00+00:00,2012-05-16 23:40:00+00:00,320|413|640|788
3242,4d9e8aa89b91a1cdc7c958c0,4788,26,3,2012-05-26 02:52:00+00:00,2012-05-26 03:18:00+00:00,239|1180|1389
3243,4da307d5e7b8a09077802121,4796,55,4,2012-04-15 17:47:00+00:00,2012-04-15 18:42:00+00:00,509|524|597|793
3244,4da307d5e7b8a09077802121,4796,54,2,2012-04-15 20:32:00+00:00,2012-04-15 21:26:00+00:00,1066|1599
3245,4da307d5e7b8a09077802121,4796,58,3,2012-04-15 21:26:00+00:00,2012-04-15 22:24:00+00:00,707|976|1066
3246,4da8800143a12d0c26532ae7,4806,41,2,2012-05-14 22:24:00+00:00,2012-05-14 23:05:00+00:00,316|1273
3247,4da9e6adfc607fc998b7d3d6,4809,44,2,2012-05-25 22:03:00+00:00,2012-05-25 22:47:00+00:00,194|660
3248,4db36eb781543d71da314d74,4823,0,2,2012-10-11 22:52:00+00:00,2012-10-11 22:52:00+00:00,123|492
3249,4db44994cda1c57c82583709,4824,53,6,2012-04-08 15:04:00+00:00,2012-04-08 15:57:00+00:00,607|665|793|993|1043|1608
3250,4db44994cda1c57c82583709,4824,46,8,2012-04-08 15:44:00+00:00,2012-04-08 16:30:00+00:00,199|281|319|664|665|805|1043|1068
3251,4db44994cda1c57c82583709,4824,60,5,2012-04-08 16:17:00+00:00,2012-04-08 17:17:00+00:00,199|281|319|661|664
3252,4db44994cda1c57c82583709,4824,59,6,2012-04-08 17:17:00+00:00,2012-04-08 18:16:00+00:00,661|902|945|999|1192|1413
3253,4db44994cda1c57c82583709,4824,54,8,2012-04-08 17:54:00+00:00,2012-04-08 18:48:00+00:00,417|902|945|1088|1164|1192|1297|1328
3254,4db44994cda1c57c82583709,4824,57,3,2012-04-08 18:34:00+00:00,2012-04-08 19:31:00+00:00,417|1088|1502
3255,4db44994cda1c57c82583709,4824,19,3,2012-04-08 21:10:00+00:00,2012-04-08 21:29:00+00:00,1487|1540|1659
3256,4db44994cda1c57c82583709,4824,27,7,2012-04-08 22:34:00+00:00,2012-04-08 23:01:00+00:00,2|606|705|727|795|945|1012
3257,4db5fbfe43a1369cb5dc2a1f,4829,7,3,2012-04-11 22:33:00+00:00,2012-04-11 22:40:00+00:00,516|1038|1589
3258,4db5fbfe43a1369cb5dc2a1f,4829,0,2,2012-11-17 00:01:00+00:00,2012-11-17 00:01:00+00:00,1038|1193
3259,4dba10405da389d2c2339d2a,4837,19,2,2012-12-14 12:53:00+00:00,2012-12-14 13:12:00+00:00,231|1242
3260,4dc34fc7ae608779d1064ae9,4849,34,2,2012-11-12 01:24:00+00:00,2012-11-12 01:58:00+00:00,366|912
3261,4dc417b47d8b14fb46078e03,4851,10,2,2012-11-30 14:33:00+00:00,2012-11-30 14:43:00+00:00,223|512
3262,4dd10cf4b0fb25f6e3817b33,4873,11,2,2012-09-15 06:03:00+00:00,2012-09-15 06:14:00+00:00,1502|1623
3263,4dd10cf4b0fb25f6e3817b33,4873,18,2,2012-12-16 17:17:00+00:00,2012-12-16 17:35:00+00:00,761|1502
3264,4dd17130d164679b8d47054b,4874,22,2,2012-04-29 02:46:00+00:00,2012-04-29 03:08:00+00:00,319|329
3265,4dd17130d164679b8d47054b,4874,5,2,2012-12-19 23:59:00+00:00,2012-12-20 00:04:00+00:00,611|838
3266,4dd5b29781dcd5bca59494d9,4885,50,7,2012-05-19 09:44:00+00:00,2012-05-19 10:34:00+00:00,13|193|376|413|503|609|1403
3267,4dd5b29781dcd5bca59494d9,4885,45,5,2012-05-19 10:09:00+00:00,2012-05-19 10:54:00+00:00,13|53|193|413|1403
3268,4dd5b29781dcd5bca59494d9,4885,53,3,2012-05-19 10:34:00+00:00,2012-05-19 11:27:00+00:00,53|58|193
3269,4dd5b29781dcd5bca59494d9,4885,15,3,2012-05-19 15:11:00+00:00,2012-05-19 15:26:00+00:00,235|1372|1386
3270,4dd6b3bd81dcd5bca59a8276,4888,45,2,2012-05-02 02:34:00+00:00,2012-05-02 03:19:00+00:00,470|605
3271,4dd7c0afd1647fcf3e518ff3,4889,52,2,2012-04-07 17:50:00+00:00,2012-04-07 18:42:00+00:00,134|1296
3272,4dd7c0afd1647fcf3e518ff3,4889,42,2,2012-04-14 16:49:00+00:00,2012-04-14 17:31:00+00:00,565|1226
3273,4dd7c0afd1647fcf3e518ff3,4889,21,2,2012-04-14 19:51:00+00:00,2012-04-14 20:12:00+00:00,549|640
3274,4dd7c0afd1647fcf3e518ff3,4889,52,3,2012-04-14 20:12:00+00:00,2012-04-14 21:04:00+00:00,343|640|1326
3275,4dd7c0afd1647fcf3e518ff3,4889,10,2,2012-04-21 16:49:00+00:00,2012-04-21 16:59:00+00:00,81|570
3276,4dd7c0afd1647fcf3e518ff3,4889,54,4,2012-04-21 18:13:00+00:00,2012-04-21 19:07:00+00:00,803|883|1296|1422
3277,4dd7c0afd1647fcf3e518ff3,4889,56,3,2012-04-21 18:42:00+00:00,2012-04-21 19:38:00+00:00,115|1296|1422
3278,4dd7c0afd1647fcf3e518ff3,4889,19,2,2012-05-12 19:16:00+00:00,2012-05-12 19:35:00+00:00,300|605
3279,4dd7c0afd1647fcf3e518ff3,4889,42,2,2012-05-19 15:15:00+00:00,2012-05-19 15:57:00+00:00,46|99
3280,4dd7c0afd1647fcf3e518ff3,4889,26,2,2012-05-19 20:17:00+00:00,2012-05-19 20:43:00+00:00,72|605
3281,4dd7c0afd1647fcf3e518ff3,4889,10,2,2012-08-11 18:58:00+00:00,2012-08-11 19:08:00+00:00,469|1143
3282,4dd7c0afd1647fcf3e518ff3,4889,32,2,2013-04-06 15:56:00+00:00,2013-04-06 16:28:00+00:00,8|674
3283,4dd7dcebc65bee535abc62ad,4891,31,2,2012-07-02 14:50:00+00:00,2012-07-02 15:21:00+00:00,108|1054
3284,4dd80993e4cd37c893bb2abf,4892,30,2,2012-05-11 20:20:00+00:00,2012-05-11 20:50:00+00:00,138|349
3285,4dd80993e4cd37c893bb2abf,4892,3,2,2012-05-12 21:26:00+00:00,2012-05-12 21:29:00+00:00,1341|1481
3286,4dd80993e4cd37c893bb2abf,4892,6,2,2012-05-13 18:18:00+00:00,2012-05-13 18:24:00+00:00,335|1550
3287,4dd80993e4cd37c893bb2abf,4892,23,2,2012-08-19 20:01:00+00:00,2012-08-19 20:24:00+00:00,96|1200
3288,4dd80993e4cd37c893bb2abf,4892,42,2,2012-09-15 18:17:00+00:00,2012-09-15 18:59:00+00:00,307|687
3289,4dd91263ae60680f152e754a,4893,3,2,2012-10-28 02:38:00+00:00,2012-10-28 02:41:00+00:00,312|1233
3290,4dda977ad22d38ef4332c419,4896,12,2,2012-05-07 00:11:00+00:00,2012-05-07 00:23:00+00:00,1032|1173
3291,4dda977ad22d38ef4332c419,4896,6,2,2012-07-05 23:41:00+00:00,2012-07-05 23:47:00+00:00,151|448
3292,4ddc9302887775ea9c44a155,4903,54,2,2013-01-06 04:32:00+00:00,2013-01-06 05:26:00+00:00,681|822
3293,4ddc9302887775ea9c44a155,4903,0,2,2013-01-06 07:41:00+00:00,2013-01-06 07:41:00+00:00,1099|1610
3294,4de1b34ec65b7a3e2109e46f,4912,17,2,2012-05-18 22:49:00+00:00,2012-05-18 23:06:00+00:00,77|1279
3295,4de1b34ec65b7a3e2109e46f,4912,51,2,2012-05-18 23:06:00+00:00,2012-05-18 23:57:00+00:00,1041|1279
3296,4de1b34ec65b7a3e2109e46f,4912,2,2,2012-06-03 23:11:00+00:00,2012-06-03 23:13:00+00:00,960|1547
3297,4de1b34ec65b7a3e2109e46f,4912,10,2,2012-06-04 02:31:00+00:00,2012-06-04 02:41:00+00:00,407|1561
3298,4de1b34ec65b7a3e2109e46f,4912,3,2,2012-07-07 01:24:00+00:00,2012-07-07 01:27:00+00:00,650|1043
3299,4de1b34ec65b7a3e2109e46f,4912,27,2,2012-07-12 23:06:00+00:00,2012-07-12 23:33:00+00:00,174|579
3300,4de3e4effa7651589f21983d,4917,10,2,2012-05-12 19:10:00+00:00,2012-05-12 19:20:00+00:00,1277|1570
3301,4de54677e4cde71744a4fba8,4924,37,3,2012-10-11 22:54:00+00:00,2012-10-11 23:31:00+00:00,7|361|706
3302,4de78fdf1fc7fcfe04abdfd5,4929,44,2,2012-05-04 16:14:00+00:00,2012-05-04 16:58:00+00:00,146|320
3303,4df4b37b18a88611c6c0e609,4955,32,2,2012-04-21 15:01:00+00:00,2012-04-21 15:33:00+00:00,932|1317
3304,4df6cab0aeb7da11e1a72c4c,4962,29,2,2012-07-13 02:20:00+00:00,2012-07-13 02:49:00+00:00,1434|1468
3305,4dff60bf52b1d747f679690a,4973,25,2,2012-05-03 21:40:00+00:00,2012-05-03 22:05:00+00:00,544|559
3306,4e028dacb0fb88a1209ac864,4976,27,2,2012-05-25 22:18:00+00:00,2012-05-25 22:45:00+00:00,194|634
3307,4e028dacb0fb88a1209ac864,4976,46,2,2012-08-09 12:38:00+00:00,2012-08-09 13:24:00+00:00,435|823
3308,4e028dacb0fb88a1209ac864,4976,22,2,2013-03-07 18:02:00+00:00,2013-03-07 18:24:00+00:00,160|634
3309,4e054e43483b98d4170307ea,4984,8,2,2012-07-28 19:47:00+00:00,2012-07-28 19:55:00+00:00,804|1282
3310,4e093bd38130709eafbd7030,4990,47,2,2012-04-27 22:13:00+00:00,2012-04-27 23:00:00+00:00,347|537
3311,4e1e30fc1838bed7eb6b323f,5025,60,2,2012-04-13 19:28:00+00:00,2012-04-13 20:28:00+00:00,239|869
3312,4e20589f483b041af1e0fa98,5031,38,2,2012-07-15 17:44:00+00:00,2012-07-15 18:22:00+00:00,511|1136
3313,4e246833aeb70263954c23f0,5037,2,2,2012-08-10 11:08:00+00:00,2012-08-10 11:10:00+00:00,541|1402
3314,4e25b190814d0c070b6b3f50,5041,41,2,2012-04-16 14:10:00+00:00,2012-04-16 14:51:00+00:00,627|655
3315,4e25b190814d0c070b6b3f50,5041,22,2,2012-04-19 14:44:00+00:00,2012-04-19 15:06:00+00:00,627|655
3316,4e25b190814d0c070b6b3f50,5041,24,2,2012-04-24 14:32:00+00:00,2012-04-24 14:56:00+00:00,627|655
3317,4e25b190814d0c070b6b3f50,5041,17,2,2012-05-03 14:22:00+00:00,2012-05-03 14:39:00+00:00,627|655
3318,4e25b190814d0c070b6b3f50,5041,16,2,2012-05-04 14:46:00+00:00,2012-05-04 15:02:00+00:00,627|655
3319,4e25b190814d0c070b6b3f50,5041,7,2,2012-05-22 13:49:00+00:00,2012-05-22 13:56:00+00:00,627|655
3320,4e25b190814d0c070b6b3f50,5041,39,2,2012-06-04 13:54:00+00:00,2012-06-04 14:33:00+00:00,627|655
3321,4e25fd1f7d8bbc620ea01ca3,5042,0,2,2012-10-19 01:29:00+00:00,2012-10-19 01:29:00+00:00,1446|1611
3322,4e25fd1f7d8bbc620ea01ca3,5042,11,2,2013-01-05 00:13:00+00:00,2013-01-05 00:24:00+00:00,1446|1611
3323,4e25fd1f7d8bbc620ea01ca3,5042,25,2,2013-01-11 00:48:00+00:00,2013-01-11 01:13:00+00:00,1446|1611
3324,4e25fd1f7d8bbc620ea01ca3,5042,3,2,2013-02-08 01:19:00+00:00,2013-02-08 01:22:00+00:00,1446|1611
3325,4e2aefd4aeb745b1fabd9ba8,5052,6,2,2012-04-08 17:45:00+00:00,2012-04-08 17:51:00+00:00,1034|1312
3326,4e2fd522c65b80dfd8448edf,5056,46,2,2012-04-28 03:33:00+00:00,2012-04-28 04:19:00+00:00,851|1097
3327,4e2fd522c65b80dfd8448edf,5056,43,2,2012-09-14 23:12:00+00:00,2012-09-14 23:55:00+00:00,123|1260
3328,4e300d723151250387b61125,5057,51,2,2012-05-06 23:45:00+00:00,2012-05-07 00:36:00+00:00,424|1351
3329,4e34496fa8092599edf845bb,5071,7,2,2013-01-26 00:23:00+00:00,2013-01-26 00:30:00+00:00,711|782
3330,4e3695d5483bf3839a3a0c1b,5077,20,2,2012-04-09 12:35:00+00:00,2012-04-09 12:55:00+00:00,300|633
3331,4e3695d5483bf3839a3a0c1b,5077,2,2,2012-04-12 12:44:00+00:00,2012-04-12 12:46:00+00:00,300|633
3332,4e3695d5483bf3839a3a0c1b,5077,5,2,2012-04-19 12:49:00+00:00,2012-04-19 12:54:00+00:00,300|633
3333,4e3695d5483bf3839a3a0c1b,5077,7,2,2012-04-20 12:48:00+00:00,2012-04-20 12:55:00+00:00,300|878
3334,4e3695d5483bf3839a3a0c1b,5077,40,2,2012-04-24 11:42:00+00:00,2012-04-24 12:22:00+00:00,8|633
3335,4e3695d5483bf3839a3a0c1b,5077,32,2,2012-04-24 12:22:00+00:00,2012-04-24 12:54:00+00:00,300|633
3336,4e3695d5483bf3839a3a0c1b,5077,57,2,2012-05-15 21:45:00+00:00,2012-05-15 22:42:00+00:00,300|633
3337,4e3695d5483bf3839a3a0c1b,5077,3,2,2012-06-18 12:43:00+00:00,2012-06-18 12:46:00+00:00,300|633
3338,4e3695d5483bf3839a3a0c1b,5077,2,2,2012-06-27 12:41:00+00:00,2012-06-27 12:43:00+00:00,300|633
3339,4e3695d5483bf3839a3a0c1b,5077,15,2,2012-09-13 12:56:00+00:00,2012-09-13 13:11:00+00:00,300|633
3340,4e3695d5483bf3839a3a0c1b,5077,6,2,2012-11-13 13:58:00+00:00,2012-11-13 14:04:00+00:00,300|633
3341,4e4190fafa762ad6d846f883,5096,21,2,2012-04-22 17:43:00+00:00,2012-04-22 18:04:00+00:00,81|1361
3342,4e4b34e3814d52398af27a92,5115,21,2,2012-05-15 23:48:00+00:00,2012-05-16 00:09:00+00:00,538|1315
3343,4e4e70306365e1419d0205e4,5125,52,2,2012-04-17 22:08:00+00:00,2012-04-17 23:00:00+00:00,50|652
3344,4e4e70306365e1419d0205e4,5125,17,3,2012-05-03 22:20:00+00:00,2012-05-03 22:37:00+00:00,50|470|509
3345,4e4e70306365e1419d0205e4,5125,40,2,2012-06-07 01:40:00+00:00,2012-06-07 02:20:00+00:00,293|1162
3346,4e52c389cc3f2c320b5b3700,5133,1,2,2012-04-13 12:41:00+00:00,2012-04-13 12:42:00+00:00,736|737
3347,4e58670eb0fb4c4d61ffce05,5148,22,2,2012-04-29 18:43:00+00:00,2012-04-29 19:05:00+00:00,301|1146
3348,4e5d6ecf1f6e330fd1b68420,5155,52,2,2012-04-09 23:17:00+00:00,2012-04-10 00:09:00+00:00,806|1638
3349,4e5fbb62d164df36c401d705,5159,45,2,2012-06-01 13:23:00+00:00,2012-06-01 14:08:00+00:00,409|1320
3350,4e62c75a483bd9a9747d8cd8,5166,11,2,2012-07-08 19:51:00+00:00,2012-07-08 20:02:00+00:00,965|1258
3351,4e666cc9a809de01ca03a8f5,5174,27,2,2012-05-03 21:51:00+00:00,2012-05-03 22:18:00+00:00,383|1578
3352,4e691e82b9930387355c629d,5181,32,2,2012-05-31 22:04:00+00:00,2012-05-31 22:36:00+00:00,952|1008
3353,4e691e82b9930387355c629d,5181,1,2,2012-06-03 03:17:00+00:00,2012-06-03 03:18:00+00:00,1277|1570
3354,4e691e82b9930387355c629d,5181,43,2,2012-11-16 23:49:00+00:00,2012-11-17 00:32:00+00:00,628|1547
3355,4e6dfab3b61cf2b03c254994,5190,24,2,2012-05-07 06:08:00+00:00,2012-05-07 06:32:00+00:00,1272|1461
3356,4e6dfab3b61cf2b03c254994,5190,14,2,2012-11-17 04:50:00+00:00,2012-11-17 05:04:00+00:00,27|822
3357,4e6e89b5d22daab469b62696,5193,1,2,2012-05-09 22:28:00+00:00,2012-05-09 22:29:00+00:00,67|174
3358,4e6fe48c1fc7d3fc71285ec2,5199,11,2,2012-04-09 13:21:00+00:00,2012-04-09 13:32:00+00:00,66|186
3359,4e6fe48c1fc7d3fc71285ec2,5199,4,2,2012-04-11 13:37:00+00:00,2012-04-11 13:41:00+00:00,66|186
3360,4e6fe48c1fc7d3fc71285ec2,5199,1,2,2012-04-14 21:36:00+00:00,2012-04-14 21:37:00+00:00,736|737
3361,4e6fe48c1fc7d3fc71285ec2,5199,17,2,2012-04-24 13:06:00+00:00,2012-04-24 13:23:00+00:00,66|186
3362,4e6fe48c1fc7d3fc71285ec2,5199,29,2,2012-05-03 13:11:00+00:00,2012-05-03 13:40:00+00:00,66|186
3363,4e6fe48c1fc7d3fc71285ec2,5199,51,2,2012-05-14 13:06:00+00:00,2012-05-14 13:57:00+00:00,66|186
3364,4e6fe48c1fc7d3fc71285ec2,5199,22,2,2012-05-29 12:58:00+00:00,2012-05-29 13:20:00+00:00,186|671
3365,4e7161f162e116e94546de73,5205,6,2,2012-05-12 05:24:00+00:00,2012-05-12 05:30:00+00:00,802|1460
3366,4e72a6ffaeb74f9f48eb61fe,5207,33,2,2012-09-15 21:12:00+00:00,2012-09-15 21:45:00+00:00,580|761
3367,4e72a6ffaeb74f9f48eb61fe,5207,50,3,2012-09-15 21:45:00+00:00,2012-09-15 22:35:00+00:00,578|580|731
3368,4e72a6ffaeb74f9f48eb61fe,5207,44,3,2012-09-15 22:14:00+00:00,2012-09-15 22:58:00+00:00,578|731|935
3369,4e72a6ffaeb74f9f48eb61fe,5207,56,3,2012-09-15 22:35:00+00:00,2012-09-15 23:31:00+00:00,588|731|935
3370,4e73cf3a2271ffa4e63183bd,5210,38,2,2012-04-18 22:57:00+00:00,2012-04-18 23:35:00+00:00,167|537
3371,4e760aa5b61c22c638709910,5214,25,2,2012-05-05 23:23:00+00:00,2012-05-05 23:48:00+00:00,119|157
3372,4e764574fa7605970161fd89,5215,1,2,2013-06-08 00:52:00+00:00,2013-06-08 00:53:00+00:00,942|1473
3373,4e764574fa7605970161fd89,5215,60,2,2013-06-23 15:08:00+00:00,2013-06-23 16:08:00+00:00,942|1473
3374,4e838c3ae5e877f1e16ed150,5237,9,2,2012-06-17 22:16:00+00:00,2012-06-17 22:25:00+00:00,184|281
3375,4e87e08d93ad69fee81d7c9d,5244,32,2,2012-07-02 22:23:00+00:00,2012-07-02 22:55:00+00:00,765|1169
3376,4e8e24c97ee6c06365762ab6,5256,22,2,2012-12-06 14:15:00+00:00,2012-12-06 14:37:00+00:00,1446|1611
3377,4e8e24c97ee6c06365762ab6,5256,31,2,2012-12-07 16:16:00+00:00,2012-12-07 16:47:00+00:00,1446|1611
3378,4e8e24c97ee6c06365762ab6,5256,24,2,2012-12-13 01:18:00+00:00,2012-12-13 01:42:00+00:00,625|847
3379,4e90f1d7cc2127f5dac5935a,5261,49,2,2012-05-03 23:12:00+00:00,2012-05-04 00:01:00+00:00,619|952
3380,4e90f1d7cc2127f5dac5935a,5261,34,2,2012-05-09 22:55:00+00:00,2012-05-09 23:29:00+00:00,703|1264
3381,4e91f563550342b5a4c99baf,5263,42,4,2012-05-12 00:55:00+00:00,2012-05-12 01:37:00+00:00,594|656|892|1014
3382,4e98aefe1081f57b9dff926a,5272,0,2,2012-12-05 12:47:00+00:00,2012-12-05 12:47:00+00:00,1446|1611
3383,4ea07c88754ae603f5652e63,5281,23,3,2012-04-27 23:27:00+00:00,2012-04-27 23:50:00+00:00,97|911|1206
3384,4ea719179a526de96a2be22f,5291,35,2,2013-02-25 17:27:00+00:00,2013-02-25 18:02:00+00:00,777|1602
3385,4eb2ec5077c846fcfeb2d366,5315,22,2,2012-05-15 02:32:00+00:00,2012-05-15 02:54:00+00:00,672|1333
3386,4eb811f629c212fb6d8158e5,5322,16,2,2012-04-19 13:32:00+00:00,2012-04-19 13:48:00+00:00,532|1271
3387,4eba99d3be7b1e562036cb46,5324,40,2,2012-10-31 13:18:00+00:00,2012-10-31 13:58:00+00:00,8|209
3388,4ebb0ce97ee5cb25a551869f,5325,23,2,2012-11-11 04:58:00+00:00,2012-11-11 05:21:00+00:00,345|463
3389,4ebca79ce300ba1043ce6d8a,5328,3,2,2012-11-01 04:14:00+00:00,2012-11-01 04:17:00+00:00,1165|1242
3390,4ebcc74193ad3578f05fcf55,5329,31,2,2012-04-21 04:05:00+00:00,2012-04-21 04:36:00+00:00,1263|1317
3391,4ebf704fd3e3700a5b639f67,5331,28,2,2012-04-19 02:22:00+00:00,2012-04-19 02:50:00+00:00,1068|1340
3392,4ec2947729c25ce5a3371338,5335,5,2,2012-05-18 23:58:00+00:00,2012-05-19 00:03:00+00:00,824|1511
3393,4ec6d0b4be7ba4fc6da4febd,5340,37,2,2012-06-04 22:50:00+00:00,2012-06-04 23:27:00+00:00,804|1551
3394,4ec6d0b4be7ba4fc6da4febd,5340,8,2,2012-08-14 23:41:00+00:00,2012-08-14 23:49:00+00:00,116|560
3395,4ecbe60393adb4bd1b70cd38,5347,58,2,2012-05-10 17:16:00+00:00,2012-05-10 18:14:00+00:00,1174|1601
3396,4ed34551754ad8083f6fd853,5361,31,2,2012-04-22 05:23:00+00:00,2012-04-22 05:54:00+00:00,261|783
3397,4ed34551754ad8083f6fd853,5361,48,2,2012-04-28 04:37:00+00:00,2012-04-28 05:25:00+00:00,240|261
3398,4ed34551754ad8083f6fd853,5361,60,2,2012-05-04 04:01:00+00:00,2012-05-04 05:01:00+00:00,875|1461
3399,4ed34551754ad8083f6fd853,5361,6,2,2012-05-04 05:01:00+00:00,2012-05-04 05:07:00+00:00,783|1461
3400,4ed34551754ad8083f6fd853,5361,32,3,2012-05-11 02:04:00+00:00,2012-05-11 02:36:00+00:00,681|685|1146
3401,4ed34551754ad8083f6fd853,5361,7,2,2012-05-25 23:27:00+00:00,2012-05-25 23:34:00+00:00,1488|1623
3402,4ed34551754ad8083f6fd853,5361,16,2,2012-05-26 04:36:00+00:00,2012-05-26 04:52:00+00:00,783|1449
3403,4ed34551754ad8083f6fd853,5361,58,2,2012-05-26 04:52:00+00:00,2012-05-26 05:50:00+00:00,240|1449
3404,4ed34551754ad8083f6fd853,5361,14,3,2012-07-04 02:18:00+00:00,2012-07-04 02:32:00+00:00,317|417|781
3405,4ed34551754ad8083f6fd853,5361,32,2,2013-03-17 04:08:00+00:00,2013-03-17 04:40:00+00:00,269|763
3406,4ed6316a2c5b3d826e649dbf,5366,55,2,2012-04-12 18:03:00+00:00,2012-04-12 18:58:00+00:00,56|599
3407,4ed6316a2c5b3d826e649dbf,5366,48,2,2012-05-12 18:15:00+00:00,2012-05-12 19:03:00+00:00,326|540
3408,4ed6adfce5fabbd89f617d4f,5368,8,2,2012-04-24 14:48:00+00:00,2012-04-24 14:56:00+00:00,1432|1520
3409,4ed6adfce5fabbd89f617d4f,5368,3,2,2012-04-24 18:35:00+00:00,2012-04-24 18:38:00+00:00,1186|1545
3410,4eda64ced5fb8f213a5d740e,5375,6,2,2013-02-13 23:23:00+00:00,2013-02-13 23:29:00+00:00,1085|1121
3411,4edb68989911a3e78e5cd6b1,5379,44,2,2012-04-21 06:53:00+00:00,2012-04-21 07:37:00+00:00,1202|1491
3412,4edb68989911a3e78e5cd6b1,5379,14,2,2012-04-21 15:04:00+00:00,2012-04-21 15:18:00+00:00,932|1317
3413,4edb68989911a3e78e5cd6b1,5379,25,2,2012-04-22 05:01:00+00:00,2012-04-22 05:26:00+00:00,1223|1457
3414,4edd03c9722e1da3055ce6e7,5385,28,2,2012-04-09 17:03:00+00:00,2012-04-09 17:31:00+00:00,510|960
3415,4edd16c9b8f7fcd0437db3a1,5386,41,2,2013-01-12 05:01:00+00:00,2013-01-12 05:42:00+00:00,537|988
3416,4ee03cc6d3e38ddb2a91672f,5395,34,2,2012-04-23 01:58:00+00:00,2012-04-23 02:32:00+00:00,523|660
3417,4ee03cc6d3e38ddb2a91672f,5395,19,2,2012-04-23 03:37:00+00:00,2012-04-23 03:56:00+00:00,335|701
3418,4ee03cc6d3e38ddb2a91672f,5395,59,2,2012-04-23 06:10:00+00:00,2012-04-23 07:09:00+00:00,605|741
3419,4ee03cc6d3e38ddb2a91672f,5395,20,2,2012-04-23 11:37:00+00:00,2012-04-23 11:57:00+00:00,766|1532
3420,4ee03cc6d3e38ddb2a91672f,5395,25,2,2012-05-21 13:22:00+00:00,2012-05-21 13:47:00+00:00,375|1608
3421,4ee03cc6d3e38ddb2a91672f,5395,7,2,2012-05-21 18:05:00+00:00,2012-05-21 18:12:00+00:00,913|1164
3422,4ee3d94d61aff5a3413d5c76,5403,5,2,2012-05-26 00:19:00+00:00,2012-05-26 00:24:00+00:00,239|1389
3423,4ee535472c5b5fc6cd1fd9d9,5405,41,2,2012-10-26 22:34:00+00:00,2012-10-26 23:15:00+00:00,17|144
3424,4eea7677aa1f7c78113828fe,5412,36,3,2012-12-08 23:55:00+00:00,2012-12-09 00:31:00+00:00,345|405|988
3425,4eea7677aa1f7c78113828fe,5412,36,2,2012-12-22 03:25:00+00:00,2012-12-22 04:01:00+00:00,228|684
3426,4eeb4c51775b1d4812e0261c,5415,50,2,2012-05-28 01:23:00+00:00,2012-05-28 02:13:00+00:00,102|325
3427,4eeb4c51775b1d4812e0261c,5415,18,2,2012-07-03 16:20:00+00:00,2012-07-03 16:38:00+00:00,707|927
3428,4eeb4c51775b1d4812e0261c,5415,0,2,2012-08-12 23:51:00+00:00,2012-08-12 23:51:00+00:00,846|1585
3429,4eebcf2e8231688f1c73053f,5417,8,2,2012-07-29 23:47:00+00:00,2012-07-29 23:55:00+00:00,271|862
3430,4eec0f6d722ea77616031adc,5419,0,2,2012-04-29 04:57:00+00:00,2012-04-29 04:57:00+00:00,650|1043
3431,4eefac5cb8f76a24a7b12202,5427,6,2,2012-06-09 07:56:00+00:00,2012-06-09 08:02:00+00:00,950|1340
3432,4eefd4506d86d722df8fd52e,5430,39,2,2013-03-30 01:11:00+00:00,2013-03-30 01:50:00+00:00,413|900
3433,4ef0e7cf7beb5932d5bdeb4e,5434,18,2,2012-04-17 21:03:00+00:00,2012-04-17 21:21:00+00:00,6|135
3434,4ef0e7cf7beb5932d5bdeb4e,5434,39,3,2012-05-11 12:32:00+00:00,2012-05-11 13:11:00+00:00,47|153|284
3435,4ef0e7cf7beb5932d5bdeb4e,5434,4,2,2012-05-16 23:34:00+00:00,2012-05-16 23:38:00+00:00,279|590
3436,4ef0e7cf7beb5932d5bdeb4e,5434,3,2,2012-05-21 14:09:00+00:00,2012-05-21 14:12:00+00:00,200|1392
3437,4ef0e7cf7beb5932d5bdeb4e,5434,55,4,2012-06-07 02:50:00+00:00,2012-06-07 03:45:00+00:00,0|290|313|1392
3438,4ef0e7cf7beb5932d5bdeb4e,5434,53,4,2012-06-07 03:20:00+00:00,2012-06-07 04:13:00+00:00,0|6|290|1392
3439,4ef0e7cf7beb5932d5bdeb4e,5434,52,3,2012-06-08 21:35:00+00:00,2012-06-08 22:27:00+00:00,0|6|313
3440,4ef0e7cf7beb5932d5bdeb4e,5434,30,2,2012-08-14 22:46:00+00:00,2012-08-14 23:16:00+00:00,313|1392
3441,4ef0e7cf7beb5932d5bdeb4e,5434,16,3,2012-08-16 20:39:00+00:00,2012-08-16 20:55:00+00:00,0|313|1392
3442,4ef0e7cf7beb5932d5bdeb4e,5434,15,2,2012-09-05 23:05:00+00:00,2012-09-05 23:20:00+00:00,6|39
3443,4ef0e7cf7beb5932d5bdeb4e,5434,14,4,2013-01-05 14:17:00+00:00,2013-01-05 14:31:00+00:00,1256|1415|1557|1595
3444,4efcafc202d5a2b50f134294,5446,4,2,2012-05-11 21:40:00+00:00,2012-05-11 21:44:00+00:00,113|285
3445,4efcba2377161596a8040d45,5447,7,2,2012-07-29 02:02:00+00:00,2012-07-29 02:09:00+00:00,846|1585
3446,4f0a4ea7e4b033211b9d7660,5469,23,2,2012-12-18 01:30:00+00:00,2012-12-18 01:53:00+00:00,1045|1446
3447,4f0c70be0cd60c5210060eac,5471,51,3,2012-04-25 22:13:00+00:00,2012-04-25 23:04:00+00:00,7|60|292
3448,4f1022a5e4b047204346ad31,5478,60,2,2012-04-13 22:13:00+00:00,2012-04-13 23:13:00+00:00,203|1137
3449,4f1022a5e4b047204346ad31,5478,34,3,2012-04-13 23:13:00+00:00,2012-04-13 23:47:00+00:00,705|765|1137
3450,4f10c8cce4b0456266737b23,5483,10,2,2012-07-28 21:33:00+00:00,2012-07-28 21:43:00+00:00,804|1282
3451,4f14a4cfe4b0380205e25399,5486,12,2,2013-01-26 00:33:00+00:00,2013-01-26 00:45:00+00:00,77|810
3452,4f18b855e4b0bb77e5b754c4,5493,3,2,2012-04-24 17:25:00+00:00,2012-04-24 17:28:00+00:00,566|608
3453,4f18b855e4b0bb77e5b754c4,5493,0,2,2012-05-26 23:53:00+00:00,2012-05-26 23:53:00+00:00,566|608
3454,4f18c2bae4b01afe9b095a02,5494,59,2,2013-03-14 21:39:00+00:00,2013-03-14 22:38:00+00:00,670|1283
3455,4f2ad1fa6b74bfbf8bb98162,5532,17,2,2012-12-02 16:13:00+00:00,2012-12-02 16:30:00+00:00,815|968
3456,4f2ed748e4b062ad2c7ce2db,5542,48,7,2013-02-03 22:54:00+00:00,2013-02-03 23:42:00+00:00,243|333|419|558|718|1171|1200
3457,4f2ed748e4b062ad2c7ce2db,5542,60,6,2013-02-03 23:08:00+00:00,2013-02-04 00:08:00+00:00,333|419|558|718|784|1200
3458,4f2ed748e4b062ad2c7ce2db,5542,55,6,2013-02-03 23:17:00+00:00,2013-02-04 00:12:00+00:00,100|333|419|558|718|784
3459,4f331385e4b0a3e721d4334e,5548,43,3,2012-04-21 06:53:00+00:00,2012-04-21 07:36:00+00:00,1202|1491|1536
3460,4f331385e4b0a3e721d4334e,5548,43,2,2012-04-21 14:03:00+00:00,2012-04-21 14:46:00+00:00,932|1457
3461,4f34533f754a657ca23ac8d7,5552,0,2,2012-07-03 22:25:00+00:00,2012-07-03 22:25:00+00:00,1327|1453
3462,4f356964e4b051869fea488c,5553,60,2,2012-05-13 23:28:00+00:00,2012-05-14 00:28:00+00:00,285|1464
3463,4f36418ee4b017ad79b8e8a2,5555,28,2,2012-12-14 18:10:00+00:00,2012-12-14 18:38:00+00:00,495|1155
3464,4f370a34e4b01139d561d30f,5557,26,2,2012-09-09 22:38:00+00:00,2012-09-09 23:04:00+00:00,750|1273
3465,4f370a34e4b01139d561d30f,5557,19,3,2013-02-07 19:30:00+00:00,2013-02-07 19:49:00+00:00,950|1191|1278
3466,4f370a34e4b01139d561d30f,5557,29,2,2013-02-10 18:24:00+00:00,2013-02-10 18:53:00+00:00,704|1397
3467,4f370a34e4b01139d561d30f,5557,44,3,2013-02-12 15:51:00+00:00,2013-02-12 16:35:00+00:00,221|670|880
3468,4f370a34e4b01139d561d30f,5557,36,2,2013-02-12 16:35:00+00:00,2013-02-12 17:11:00+00:00,221|704
3469,4f370a34e4b01139d561d30f,5557,54,2,2013-02-12 17:11:00+00:00,2013-02-12 18:05:00+00:00,704|1191
3470,4f3beff67beb94fcfc7b776a,5565,55,2,2012-05-25 16:51:00+00:00,2012-05-25 17:46:00+00:00,313|1392
3471,4f3e4c26754ab16082bb607f,5570,27,2,2012-06-06 22:29:00+00:00,2012-06-06 22:56:00+00:00,359|730
3472,4f3e4c26754ab16082bb607f,5570,56,2,2012-07-30 17:28:00+00:00,2012-07-30 18:24:00+00:00,729|1434
3473,4f4292f6e4b0f4a9fc949666,5577,4,2,2013-02-02 15:02:00+00:00,2013-02-02 15:06:00+00:00,127|839
3474,4f46d636e4b07d6fb11bd7b4,5588,50,2,2012-04-22 00:40:00+00:00,2012-04-22 01:30:00+00:00,1252|1325
3475,4f46d636e4b07d6fb11bd7b4,5588,52,2,2012-04-22 01:30:00+00:00,2012-04-22 02:22:00+00:00,932|1325
3476,4f46d636e4b07d6fb11bd7b4,5588,50,2,2012-04-24 02:47:00+00:00,2012-04-24 03:37:00+00:00,932|1536
3477,4f47c6c6e4b07d0ddce8bd32,5590,26,2,2012-04-22 05:00:00+00:00,2012-04-22 05:26:00+00:00,1223|1457
3478,4f4e3d5a7beb270824bf8fcc,5597,25,2,2012-05-23 23:30:00+00:00,2012-05-23 23:55:00+00:00,452|925
3479,4f50044ae4b03fbe28b12990,5602,2,2,2012-04-15 03:46:00+00:00,2012-04-15 03:48:00+00:00,49|1023
3480,4f50044ae4b03fbe28b12990,5602,4,2,2012-07-28 18:04:00+00:00,2012-07-28 18:08:00+00:00,271|804
3481,4f5303dbe4b02cf6be81de21,5612,15,2,2012-08-10 00:40:00+00:00,2012-08-10 00:55:00+00:00,43|1273
3482,4f5303dbe4b02cf6be81de21,5612,37,2,2012-09-15 05:57:00+00:00,2012-09-15 06:34:00+00:00,423|1342
3483,4f5303dbe4b02cf6be81de21,5612,43,2,2012-12-20 01:15:00+00:00,2012-12-20 01:58:00+00:00,146|979
3484,4f5303dbe4b02cf6be81de21,5612,23,2,2013-01-06 03:49:00+00:00,2013-01-06 04:12:00+00:00,720|1606
3485,4f5e82dae4b01989c438cbb6,5628,16,2,2012-05-15 12:11:00+00:00,2012-05-15 12:27:00+00:00,60|533
3486,4f628d17e4b0ce431b69bafc,5635,28,2,2012-11-02 01:44:00+00:00,2012-11-02 02:12:00+00:00,207|501
3487,4f6320a7e4b0b3b496002a34,5637,32,2,2012-06-26 17:43:00+00:00,2012-06-26 18:15:00+00:00,935|1478
3488,4f63c8e3e4b09b9cd92afeae,5638,1,2,2013-01-13 02:22:00+00:00,2013-01-13 02:23:00+00:00,533|867
3489,4f648731e4b0c65cc45356a6,5640,58,2,2013-03-16 19:57:00+00:00,2013-03-16 20:55:00+00:00,1283|1397
3490,4f64c9d7e4b0c65cc49a0711,5642,21,2,2012-11-29 00:37:00+00:00,2012-11-29 00:58:00+00:00,200|694
3491,4f64c9d7e4b0c65cc49a0711,5642,44,2,2013-01-15 00:35:00+00:00,2013-01-15 01:19:00+00:00,318|1580
3492,4f65a99ae4b0aa8f682fe2d9,5643,35,2,2012-04-21 14:47:00+00:00,2012-04-21 15:22:00+00:00,932|1317
3493,4f65a99ae4b0aa8f682fe2d9,5643,26,2,2012-04-22 05:01:00+00:00,2012-04-22 05:27:00+00:00,1223|1457
3494,4f65a99ae4b0aa8f682fe2d9,5643,17,2,2013-01-27 12:37:00+00:00,2013-01-27 12:54:00+00:00,609|1384
3495,4f65a99ae4b0aa8f682fe2d9,5643,32,2,2013-03-17 10:58:00+00:00,2013-03-17 11:30:00+00:00,966|1396
3496,4f7af17ee4b07aaa5ce3bf0b,5677,32,2,2012-04-21 04:02:00+00:00,2012-04-21 04:34:00+00:00,1263|1317
3497,4f7de7250cd6833371eac5c2,5682,38,2,2012-11-16 04:12:00+00:00,2012-11-16 04:50:00+00:00,120|460
3498,4f7eff09e4b02164d9a1a52c,5685,4,2,2012-04-27 16:16:00+00:00,2012-04-27 16:20:00+00:00,1327|1453
3499,4f8213e6e4b042dc225bf065,5690,48,2,2012-06-16 23:20:00+00:00,2012-06-17 00:08:00+00:00,675|1031
3500,4f86fbade4b0dc6fc5096bcb,5696,27,2,2012-04-15 11:18:00+00:00,2012-04-15 11:45:00+00:00,30|922
3501,4f86fbade4b0dc6fc5096bcb,5696,24,2,2012-04-22 00:35:00+00:00,2012-04-22 00:59:00+00:00,1183|1353
3502,4f86fbade4b0dc6fc5096bcb,5696,28,2,2012-04-22 09:34:00+00:00,2012-04-22 10:02:00+00:00,1252|1353
3503,4f86fbade4b0dc6fc5096bcb,5696,11,2,2012-04-24 14:46:00+00:00,2012-04-24 14:57:00+00:00,1432|1520
3504,4f86fbade4b0dc6fc5096bcb,5696,2,2,2012-04-24 18:37:00+00:00,2012-04-24 18:39:00+00:00,1545|1562
3505,4f872990e4b0ab0c1900349b,5697,3,2,2012-06-21 00:45:00+00:00,2012-06-21 00:48:00+00:00,151|448
3506,4f8bad82e4b05ae88ae6dc6a,5704,57,3,2012-04-16 12:24:00+00:00,2012-04-16 13:21:00+00:00,310|365|633
3507,4f8bad82e4b05ae88ae6dc6a,5704,39,3,2012-04-16 13:19:00+00:00,2012-04-16 13:58:00+00:00,365|633|1143
3508,4f8bad82e4b05ae88ae6dc6a,5704,25,2,2012-04-16 13:58:00+00:00,2012-04-16 14:23:00+00:00,471|1143
3509,4f8bad82e4b05ae88ae6dc6a,5704,56,3,2012-04-16 17:58:00+00:00,2012-04-16 18:54:00+00:00,607|905|1588
3510,4f8bad82e4b05ae88ae6dc6a,5704,52,2,2012-04-16 18:54:00+00:00,2012-04-16 19:46:00+00:00,993|1588
3511,4f8c5995e4b00597a0fd48fe,5707,46,2,2012-06-20 19:38:00+00:00,2012-06-20 20:24:00+00:00,305|1658
3512,4f8c5995e4b00597a0fd48fe,5707,3,2,2012-06-20 21:58:00+00:00,2012-06-20 22:01:00+00:00,277|1544
3513,4f8c5995e4b00597a0fd48fe,5707,59,3,2012-06-21 01:30:00+00:00,2012-06-21 02:29:00+00:00,68|149|1453
3514,4f8c5995e4b00597a0fd48fe,5707,36,2,2012-06-21 04:13:00+00:00,2012-06-21 04:49:00+00:00,705|1012
3515,4f8c5995e4b00597a0fd48fe,5707,10,2,2012-06-21 13:26:00+00:00,2012-06-21 13:36:00+00:00,249|359
3516,4f8c5995e4b00597a0fd48fe,5707,60,2,2012-06-21 13:36:00+00:00,2012-06-21 14:36:00+00:00,359|1478
3517,4f8c5995e4b00597a0fd48fe,5707,9,2,2012-06-21 14:36:00+00:00,2012-06-21 14:45:00+00:00,558|1478
3518,4f8c5995e4b00597a0fd48fe,5707,42,2,2012-07-07 17:25:00+00:00,2012-07-07 18:07:00+00:00,999|1442
3519,4f8c5995e4b00597a0fd48fe,5707,6,2,2012-07-18 20:59:00+00:00,2012-07-18 21:05:00+00:00,224|664
3520,4f90aedce4b01406eb3d4a91,5713,15,2,2012-04-20 03:51:00+00:00,2012-04-20 04:06:00+00:00,230|382
3521,4f90aedce4b01406eb3d4a91,5713,43,2,2012-05-04 02:32:00+00:00,2012-05-04 03:15:00+00:00,230|382
3522,4f93baf21081cba0060643f0,5718,5,2,2012-04-22 13:56:00+00:00,2012-04-22 14:01:00+00:00,999|1253
3523,4f93baf21081cba0060643f0,5718,40,4,2012-04-22 16:19:00+00:00,2012-04-22 16:59:00+00:00,417|1143|1413|1608
3524,4f93baf21081cba0060643f0,5718,53,2,2012-04-22 16:59:00+00:00,2012-04-22 17:52:00+00:00,1054|1608
3525,4f93baf21081cba0060643f0,5718,53,5,2012-04-22 17:52:00+00:00,2012-04-22 18:45:00+00:00,206|457|1054|1568|1616
3526,4f93baf21081cba0060643f0,5718,52,2,2012-04-22 22:21:00+00:00,2012-04-22 23:13:00+00:00,806|1308
3527,4f93baf21081cba0060643f0,5718,30,3,2012-04-22 23:13:00+00:00,2012-04-22 23:43:00+00:00,1112|1308|1502
3528,4f93baf21081cba0060643f0,5718,57,2,2012-04-22 23:43:00+00:00,2012-04-23 00:40:00+00:00,650|1112
3529,4f93baf21081cba0060643f0,5718,29,2,2012-04-23 01:58:00+00:00,2012-04-23 02:27:00+00:00,660|1043
3530,4f9c7bc9e4b0873b678dd0dd,5729,44,2,2012-05-09 23:12:00+00:00,2012-05-09 23:56:00+00:00,318|1146
3531,4f9c7bc9e4b0873b678dd0dd,5729,48,2,2012-05-09 23:56:00+00:00,2012-05-10 00:44:00+00:00,318|319
3532,4f9c7bc9e4b0873b678dd0dd,5729,19,2,2012-09-09 19:21:00+00:00,2012-09-09 19:40:00+00:00,770|1341
3533,4f9f60fb6de4b6754251dc4b,5731,33,2,2012-08-05 16:16:00+00:00,2012-08-05 16:49:00+00:00,331|1288
3534,4f9f60fb6de4b6754251dc4b,5731,60,2,2012-08-18 21:15:00+00:00,2012-08-18 22:15:00+00:00,39|331
3535,4fa16401e4b0dae72e3925a3,5738,20,2,2012-07-16 23:51:00+00:00,2012-07-17 00:11:00+00:00,385|1038
3536,4fa16401e4b0dae72e3925a3,5738,49,2,2012-08-16 23:16:00+00:00,2012-08-17 00:05:00+00:00,197|1529
3537,4fa16401e4b0dae72e3925a3,5738,27,2,2012-10-26 22:35:00+00:00,2012-10-26 23:02:00+00:00,492|1547
3538,4fa4a231e4b09571de93b9a7,5741,56,3,2012-05-05 14:59:00+00:00,2012-05-05 15:55:00+00:00,464|1328|1532
3539,4fa4a231e4b09571de93b9a7,5741,55,3,2012-05-05 15:12:00+00:00,2012-05-05 16:07:00+00:00,464|1497|1532
3540,4fa4a231e4b09571de93b9a7,5741,56,4,2012-05-05 15:55:00+00:00,2012-05-05 16:51:00+00:00,417|633|1497|1532
3541,4fa4a231e4b09571de93b9a7,5741,60,5,2012-05-05 16:07:00+00:00,2012-05-05 17:07:00+00:00,154|417|633|831|1497
3542,4fa4a231e4b09571de93b9a7,5741,43,7,2012-05-05 16:48:00+00:00,2012-05-05 17:31:00+00:00,115|154|417|633|831|1427|1659
3543,4fa4a231e4b09571de93b9a7,5741,56,4,2012-05-05 17:13:00+00:00,2012-05-05 18:09:00+00:00,115|789|1427|1659
3544,4fa4a231e4b09571de93b9a7,5741,55,2,2012-05-05 18:09:00+00:00,2012-05-05 19:04:00+00:00,510|789
3545,4fa4a231e4b09571de93b9a7,5741,59,7,2012-05-05 19:04:00+00:00,2012-05-05 20:03:00+00:00,2|234|319|510|703|1453|1608
3546,4fa4a231e4b09571de93b9a7,5741,60,4,2012-05-05 19:25:00+00:00,2012-05-05 20:25:00+00:00,234|319|411|1453
3547,4fa4a231e4b09571de93b9a7,5741,41,8,2012-05-05 20:48:00+00:00,2012-05-05 21:29:00+00:00,15|126|665|902|964|1075|1111|1623
3548,4fa4a231e4b09571de93b9a7,5741,60,4,2012-05-05 21:07:00+00:00,2012-05-05 22:07:00+00:00,126|964|1464|1623
3549,4fa4a231e4b09571de93b9a7,5741,46,3,2012-05-05 21:29:00+00:00,2012-05-05 22:15:00+00:00,126|728|1464
3550,4fa4a231e4b09571de93b9a7,5741,41,4,2012-05-05 22:07:00+00:00,2012-05-05 22:48:00+00:00,606|727|728|1464
3551,4fa4a231e4b09571de93b9a7,5741,54,4,2012-05-05 22:44:00+00:00,2012-05-05 23:38:00+00:00,606|663|727|820
3552,4fa4a231e4b09571de93b9a7,5741,0,2,2012-05-06 00:40:00+00:00,2012-05-06 00:40:00+00:00,276|555
3553,4fa89bb2e4b0bad89524b84a,5746,6,2,2012-05-25 23:37:00+00:00,2012-05-25 23:43:00+00:00,33|1034
3554,4fa89bb2e4b0bad89524b84a,5746,0,2,2012-07-29 03:14:00+00:00,2012-07-29 03:14:00+00:00,846|1585
3555,4fac44bae4b03525f2c3b3e0,5755,20,3,2012-05-19 04:18:00+00:00,2012-05-19 04:38:00+00:00,87|642|1174
3556,4fae5867e4b091b462a96176,5758,52,4,2012-05-14 13:03:00+00:00,2012-05-14 13:55:00+00:00,257|630|1288|1333
3557,4fae5867e4b091b462a96176,5758,59,4,2012-05-14 13:32:00+00:00,2012-05-14 14:31:00+00:00,140|257|630|1288
3558,4fae5867e4b091b462a96176,5758,58,4,2012-05-14 13:46:00+00:00,2012-05-14 14:44:00+00:00,57|140|257|1288
3559,4fae5867e4b091b462a96176,5758,47,3,2012-05-14 14:31:00+00:00,2012-05-14 15:18:00+00:00,57|107|140
3560,4fae5867e4b091b462a96176,5758,56,4,2012-05-14 15:18:00+00:00,2012-05-14 16:14:00+00:00,107|139|404|728
3561,4fae5867e4b091b462a96176,5758,36,4,2012-05-14 17:31:00+00:00,2012-05-14 18:07:00+00:00,40|130|319|639
3562,4fae5867e4b091b462a96176,5758,24,2,2012-05-15 00:36:00+00:00,2012-05-15 01:00:00+00:00,134|329
3563,4fae5867e4b091b462a96176,5758,4,2,2012-05-15 13:19:00+00:00,2012-05-15 13:23:00+00:00,57|404
3564,4fae5867e4b091b462a96176,5758,58,5,2012-05-15 16:48:00+00:00,2012-05-15 17:46:00+00:00,166|404|1178|1245|1260
3565,4fae5867e4b091b462a96176,5758,38,3,2012-05-16 12:43:00+00:00,2012-05-16 13:21:00+00:00,52|352|404
3566,4fae5867e4b091b462a96176,5758,27,2,2012-05-16 15:34:00+00:00,2012-05-16 16:01:00+00:00,57|404
3567,4fae5867e4b091b462a96176,5758,23,2,2012-05-17 16:59:00+00:00,2012-05-17 17:22:00+00:00,1097|1312
3568,4fae5867e4b091b462a96176,5758,10,2,2012-05-17 19:37:00+00:00,2012-05-17 19:47:00+00:00,329|418
3569,4faf2643e4b0604808298cc7,5760,10,2,2012-05-13 16:05:00+00:00,2012-05-13 16:15:00+00:00,417|1245
3570,4faf2643e4b0604808298cc7,5760,57,4,2012-05-13 17:24:00+00:00,2012-05-13 18:21:00+00:00,942|1066|1568|1650
3571,4faf2643e4b0604808298cc7,5760,58,4,2012-05-13 17:27:00+00:00,2012-05-13 18:25:00+00:00,942|1066|1608|1650
3572,4faf2643e4b0604808298cc7,5760,15,2,2012-05-13 20:01:00+00:00,2012-05-13 20:16:00+00:00,1497|1542
3573,4faf2643e4b0604808298cc7,5760,22,2,2012-05-14 00:33:00+00:00,2012-05-14 00:55:00+00:00,551|696
3574,4fafe8c9e4b085f6b3264155,5762,10,2,2012-05-13 18:59:00+00:00,2012-05-13 19:09:00+00:00,275|1532
3575,4fafe8c9e4b085f6b3264155,5762,44,4,2012-05-13 21:52:00+00:00,2012-05-13 22:36:00+00:00,283|727|765|1154
3576,4fafe8c9e4b085f6b3264155,5762,52,4,2012-05-13 22:20:00+00:00,2012-05-13 23:12:00+00:00,283|606|727|765
3577,4fafe8c9e4b085f6b3264155,5762,53,2,2012-05-13 23:12:00+00:00,2012-05-14 00:05:00+00:00,606|1413
3578,4fafe8c9e4b085f6b3264155,5762,24,2,2012-05-14 01:20:00+00:00,2012-05-14 01:44:00+00:00,589|1588
3579,4fafe8c9e4b085f6b3264155,5762,6,2,2012-05-14 04:08:00+00:00,2012-05-14 04:14:00+00:00,545|1234
3580,4fb5282c0cd6896958a4ea72,5770,39,6,2012-05-19 17:37:00+00:00,2012-05-19 18:16:00+00:00,279|669|857|1589|1612|1629
3581,4fb5282c0cd6896958a4ea72,5770,60,6,2012-05-19 17:40:00+00:00,2012-05-19 18:40:00+00:00,286|669|857|1589|1612|1629
3582,4fb5282c0cd6896958a4ea72,5770,60,3,2012-05-19 18:16:00+00:00,2012-05-19 19:16:00+00:00,286|1321|1629
3583,4fb5282c0cd6896958a4ea72,5770,45,3,2012-05-19 18:40:00+00:00,2012-05-19 19:25:00+00:00,286|441|1321
3584,4fb62dcb4fc6cfd3cc2c1acc,5773,51,3,2012-05-19 15:33:00+00:00,2012-05-19 16:24:00+00:00,58|307|804
3585,4fb62dcb4fc6cfd3cc2c1acc,5773,39,7,2012-05-19 16:18:00+00:00,2012-05-19 16:57:00+00:00,24|58|311|549|804|1255|1372
3586,4fb62dcb4fc6cfd3cc2c1acc,5773,58,4,2012-05-19 16:56:00+00:00,2012-05-19 17:54:00+00:00,311|438|549|1328
3587,4fb62dcb4fc6cfd3cc2c1acc,5773,24,4,2012-05-19 17:54:00+00:00,2012-05-19 18:18:00+00:00,438|479|694|1328
3588,4fb62dcb4fc6cfd3cc2c1acc,5773,50,2,2012-05-19 18:18:00+00:00,2012-05-19 19:08:00+00:00,479|531
3589,4fb62dcb4fc6cfd3cc2c1acc,5773,60,3,2012-05-19 19:08:00+00:00,2012-05-19 20:08:00+00:00,325|531|611
3590,4fb62dcb4fc6cfd3cc2c1acc,5773,50,4,2012-05-19 19:38:00+00:00,2012-05-19 20:28:00+00:00,325|611|1386|1474
3591,4fb62dcb4fc6cfd3cc2c1acc,5773,43,4,2012-05-19 20:08:00+00:00,2012-05-19 20:51:00+00:00,611|1154|1386|1474
3592,4fb62dcb4fc6cfd3cc2c1acc,5773,50,3,2012-05-19 20:28:00+00:00,2012-05-19 21:18:00+00:00,449|1154|1386
3593,4fb62dcb4fc6cfd3cc2c1acc,5773,57,4,2012-05-19 20:51:00+00:00,2012-05-19 21:48:00+00:00,432|449|920|1154
3594,4fb62dcb4fc6cfd3cc2c1acc,5773,51,5,2012-05-19 21:18:00+00:00,2012-05-19 22:09:00+00:00,32|384|432|449|920
3595,4fb7a65ae4b093a90ed6345f,5774,30,2,2012-05-19 16:52:00+00:00,2012-05-19 17:22:00+00:00,1088|1619
3596,4fb7a65ae4b093a90ed6345f,5774,31,2,2012-05-21 14:02:00+00:00,2012-05-21 14:33:00+00:00,17|163
3597,4fbd19426d8695f656bd2a55,5784,19,2,2012-07-07 04:33:00+00:00,2012-07-07 04:52:00+00:00,846|1582
3598,4fbfe16ae4b05190680fe0b1,5791,23,2,2012-05-28 15:00:00+00:00,2012-05-28 15:23:00+00:00,310|913
3599,4fbfe16ae4b05190680fe0b1,5791,44,2,2012-05-28 15:23:00+00:00,2012-05-28 16:07:00+00:00,310|1623
3600,4fbfe16ae4b05190680fe0b1,5791,58,5,2012-05-28 16:07:00+00:00,2012-05-28 17:05:00+00:00,106|523|897|1234|1623
3601,4fbfe16ae4b05190680fe0b1,5791,59,6,2012-05-28 16:46:00+00:00,2012-05-28 17:45:00+00:00,106|523|586|660|897|1234
3602,4fbfe16ae4b05190680fe0b1,5791,55,6,2012-05-28 17:01:00+00:00,2012-05-28 17:56:00+00:00,106|186|586|660|897|1234
3603,4fbfe16ae4b05190680fe0b1,5791,59,4,2012-05-28 17:11:00+00:00,2012-05-28 18:10:00+00:00,186|586|660|1012
3604,4fbfe16ae4b05190680fe0b1,5791,59,4,2012-05-28 17:45:00+00:00,2012-05-28 18:44:00+00:00,186|660|1012|1143
3605,4fbfe16ae4b05190680fe0b1,5791,55,5,2012-05-28 17:56:00+00:00,2012-05-28 18:51:00+00:00,186|718|1012|1143|1464
3606,4fbfe16ae4b05190680fe0b1,5791,37,4,2012-05-28 18:44:00+00:00,2012-05-28 19:21:00+00:00,718|1143|1228|1464
3607,4fbfe16ae4b05190680fe0b1,5791,58,5,2012-05-28 20:23:00+00:00,2012-05-28 21:21:00+00:00,34|196|275|999|1164
3608,4fbfe16ae4b05190680fe0b1,5791,39,4,2012-05-28 21:09:00+00:00,2012-05-28 21:48:00+00:00,34|196|705|1164
3609,4fbfe16ae4b05190680fe0b1,5791,40,2,2012-05-28 21:48:00+00:00,2012-05-28 22:28:00+00:00,705|965
3610,4fbfe16ae4b05190680fe0b1,5791,55,3,2012-05-28 22:28:00+00:00,2012-05-28 23:23:00+00:00,115|965|1216
3611,4fccf8d8e4b06c8db46f8cb2,5806,30,2,2012-06-05 12:59:00+00:00,2012-06-05 13:29:00+00:00,119|141
3612,4fccf8d8e4b06c8db46f8cb2,5806,25,2,2012-06-07 12:54:00+00:00,2012-06-07 13:19:00+00:00,119|141
3613,4fccf8d8e4b06c8db46f8cb2,5806,44,2,2012-06-07 13:19:00+00:00,2012-06-07 14:03:00+00:00,141|166
3614,4fd2931ee4b0052fbb25ca41,5814,53,4,2012-06-09 14:48:00+00:00,2012-06-09 15:41:00+00:00,133|139|273|1011
3615,4fd2931ee4b0052fbb25ca41,5814,54,7,2012-06-09 15:30:00+00:00,2012-06-09 16:24:00+00:00,6|133|173|273|1011|1143|1392
3616,4fd2931ee4b0052fbb25ca41,5814,55,7,2012-06-09 16:05:00+00:00,2012-06-09 17:00:00+00:00,6|158|173|463|652|1143|1392
3617,4fd2931ee4b0052fbb25ca41,5814,40,4,2012-06-09 16:47:00+00:00,2012-06-09 17:27:00+00:00,158|384|463|652
3618,4fd2931ee4b0052fbb25ca41,5814,59,4,2012-06-09 16:53:00+00:00,2012-06-09 17:52:00+00:00,186|384|463|652
3619,4fd2931ee4b0052fbb25ca41,5814,55,4,2012-06-09 17:00:00+00:00,2012-06-09 17:55:00+00:00,186|384|652|978
3620,4fd2931ee4b0052fbb25ca41,5814,56,7,2012-06-09 17:27:00+00:00,2012-06-09 18:23:00+00:00,56|186|384|501|718|978|1455
3621,4fd2931ee4b0052fbb25ca41,5814,51,8,2012-06-09 17:52:00+00:00,2012-06-09 18:43:00+00:00,56|186|501|505|718|885|978|1455
3622,4fd2931ee4b0052fbb25ca41,5814,60,6,2012-06-09 18:20:00+00:00,2012-06-09 19:20:00+00:00,56|89|501|505|885|1455
3623,4fd2931ee4b0052fbb25ca41,5814,60,2,2012-06-09 19:20:00+00:00,2012-06-09 20:20:00+00:00,89|605
3624,4fd2931ee4b0052fbb25ca41,5814,53,3,2012-06-09 20:20:00+00:00,2012-06-09 21:13:00+00:00,605|728|1245
3625,4fd2931ee4b0052fbb25ca41,5814,31,3,2012-06-09 20:56:00+00:00,2012-06-09 21:27:00+00:00,116|728|1245
3626,4fd2931ee4b0052fbb25ca41,5814,21,2,2012-06-10 14:57:00+00:00,2012-06-10 15:18:00+00:00,332|1644
3627,4fd2931ee4b0052fbb25ca41,5814,44,2,2012-06-10 15:18:00+00:00,2012-06-10 16:02:00+00:00,332|1592
3628,4fd2931ee4b0052fbb25ca41,5814,39,2,2012-06-10 16:02:00+00:00,2012-06-10 16:41:00+00:00,269|1592
3629,4fd2931ee4b0052fbb25ca41,5814,54,7,2012-06-10 18:25:00+00:00,2012-06-10 19:19:00+00:00,186|277|290|368|1088|1238|1277
3630,4fd2931ee4b0052fbb25ca41,5814,58,5,2012-06-10 18:46:00+00:00,2012-06-10 19:44:00+00:00,184|186|368|1088|1238
3631,4fd2931ee4b0052fbb25ca41,5814,59,5,2012-06-10 19:44:00+00:00,2012-06-10 20:43:00+00:00,184|605|1077|1162|1165
3632,4fda0cd2e4b0318de7d3c85d,5821,6,2,2012-07-11 17:16:00+00:00,2012-07-11 17:22:00+00:00,395|718
3633,4fe9eb38e4b0a53f6dca64dd,5839,56,3,2012-11-06 12:34:00+00:00,2012-11-06 13:30:00+00:00,53|350|1282
3634,4fe9eb38e4b0a53f6dca64dd,5839,37,2,2012-11-06 13:30:00+00:00,2012-11-06 14:07:00+00:00,350|1171
3635,4fe9eb38e4b0a53f6dca64dd,5839,60,5,2012-11-06 15:53:00+00:00,2012-11-06 16:53:00+00:00,45|224|402|656|1461
3636,4fe9eb38e4b0a53f6dca64dd,5839,30,3,2012-11-06 16:46:00+00:00,2012-11-06 17:16:00+00:00,45|1461|1502
3637,4fe9eb38e4b0a53f6dca64dd,5839,33,2,2012-11-07 00:11:00+00:00,2012-11-07 00:44:00+00:00,719|1463
3638,4fe9eb38e4b0a53f6dca64dd,5839,30,2,2012-11-07 00:44:00+00:00,2012-11-07 01:14:00+00:00,719|1273
3639,4feba8e329a6d5fb155068e9,5840,16,2,2012-07-11 18:34:00+00:00,2012-07-11 18:50:00+00:00,33|292
3640,4ff260e7e4b020c287b83193,5846,2,2,2012-09-10 00:04:00+00:00,2012-09-10 00:06:00+00:00,594|1303
3641,4ff4271ae4b0b8fda8c37cc8,5847,48,4,2012-07-04 12:33:00+00:00,2012-07-04 13:21:00+00:00,607|728|999|1592
3642,4ff4271ae4b0b8fda8c37cc8,5847,41,4,2012-07-04 14:49:00+00:00,2012-07-04 15:30:00+00:00,310|913|1256|1291
3643,4ff4271ae4b0b8fda8c37cc8,5847,56,3,2012-07-04 15:13:00+00:00,2012-07-04 16:09:00+00:00,913|1291|1608
3644,4ff4271ae4b0b8fda8c37cc8,5847,60,4,2012-07-04 15:29:00+00:00,2012-07-04 16:29:00+00:00,116|913|1608|1647
3645,4ff4271ae4b0b8fda8c37cc8,5847,44,6,2012-07-04 16:09:00+00:00,2012-07-04 16:53:00+00:00,116|581|998|1504|1608|1647
3646,4ff4271ae4b0b8fda8c37cc8,5847,51,7,2012-07-04 16:25:00+00:00,2012-07-04 17:16:00+00:00,116|210|581|998|1453|1504|1647
3647,4ff4271ae4b0b8fda8c37cc8,5847,58,6,2012-07-04 16:52:00+00:00,2012-07-04 17:50:00+00:00,125|210|998|1250|1453|1504
3648,4ff4271ae4b0b8fda8c37cc8,5847,49,5,2012-07-04 17:46:00+00:00,2012-07-04 18:35:00+00:00,125|266|1245|1250|1517
3649,4ff4271ae4b0b8fda8c37cc8,5847,59,5,2012-07-04 17:50:00+00:00,2012-07-04 18:49:00+00:00,125|266|1245|1355|1517
3650,4ff4271ae4b0b8fda8c37cc8,5847,43,7,2012-07-04 18:21:00+00:00,2012-07-04 19:04:00+00:00,266|605|1088|1154|1245|1355|1517
3651,4ff4271ae4b0b8fda8c37cc8,5847,58,5,2012-07-04 18:49:00+00:00,2012-07-04 19:47:00+00:00,281|605|1088|1154|1355
3652,4ff4271ae4b0b8fda8c37cc8,5847,38,7,2012-07-04 21:02:00+00:00,2012-07-04 21:40:00+00:00,204|523|610|665|891|1477|1658
3653,4ff4271ae4b0b8fda8c37cc8,5847,33,3,2012-07-04 22:53:00+00:00,2012-07-04 23:26:00+00:00,555|751|1497
3654,4ff4271ae4b0b8fda8c37cc8,5847,59,3,2012-07-04 23:26:00+00:00,2012-07-05 00:25:00+00:00,675|1021|1497
3655,4ff4271ae4b0b8fda8c37cc8,5847,44,3,2012-07-05 00:24:00+00:00,2012-07-05 01:08:00+00:00,675|1021|1219
3656,4ff4271ae4b0b8fda8c37cc8,5847,11,2,2012-07-05 03:49:00+00:00,2012-07-05 04:00:00+00:00,1413|1599
3657,4ff4c10ce4b01d081f52b0b8,5848,59,2,2012-07-04 23:16:00+00:00,2012-07-05 00:15:00+00:00,252|741
3658,4ff4c10ce4b01d081f52b0b8,5848,52,3,2012-07-05 00:15:00+00:00,2012-07-05 01:07:00+00:00,277|457|741
3659,4ff4c10ce4b01d081f52b0b8,5848,47,8,2012-07-05 01:54:00+00:00,2012-07-05 02:41:00+00:00,85|115|329|473|930|1249|1647|1658
3660,4ff4c10ce4b01d081f52b0b8,5848,56,6,2012-07-05 02:07:00+00:00,2012-07-05 03:03:00+00:00,85|115|473|865|930|1647
3661,4ff630cfe4b0cc077d8c9306,5849,56,2,2012-12-13 01:22:00+00:00,2012-12-13 02:18:00+00:00,134|221
3662,4ff6f28fe4b0734a7a86b14c,5851,18,2,2012-08-20 00:30:00+00:00,2012-08-20 00:48:00+00:00,533|867
3663,4ff8b332e4b02089192b07d2,5854,12,2,2012-12-08 01:59:00+00:00,2012-12-08 02:11:00+00:00,1446|1611
3664,4ff8b332e4b02089192b07d2,5854,10,2,2012-12-15 21:37:00+00:00,2012-12-15 21:47:00+00:00,1446|1611
3665,4ff9e53fe4b0734a7bd189e6,5855,14,2,2012-11-06 01:54:00+00:00,2012-11-06 02:08:00+00:00,1099|1610
3666,4ff9e53fe4b0734a7bd189e6,5855,3,3,2012-11-29 01:28:00+00:00,2012-11-29 01:31:00+00:00,1099|1528|1610
3667,4ff9e53fe4b0734a7bd189e6,5855,2,2,2012-12-03 01:40:00+00:00,2012-12-03 01:42:00+00:00,1099|1610
3668,4ff9e53fe4b0734a7bd189e6,5855,23,2,2012-12-13 00:48:00+00:00,2012-12-13 01:11:00+00:00,1099|1610
3669,4ff9e53fe4b0734a7bd189e6,5855,0,2,2012-12-31 15:29:00+00:00,2012-12-31 15:29:00+00:00,1099|1610
3670,4ff9e53fe4b0734a7bd189e6,5855,33,2,2013-01-25 00:14:00+00:00,2013-01-25 00:47:00+00:00,1099|1610
3671,4ff9e53fe4b0734a7bd189e6,5855,7,2,2013-01-28 00:59:00+00:00,2013-01-28 01:06:00+00:00,1099|1610
3672,4ff9e53fe4b0734a7bd189e6,5855,25,2,2013-02-26 02:23:00+00:00,2013-02-26 02:48:00+00:00,1099|1610
3673,4ff9e53fe4b0734a7bd189e6,5855,2,2,2013-04-17 23:55:00+00:00,2013-04-17 23:57:00+00:00,1099|1610
3674,50071752e4b0921582576f29,5862,41,3,2012-07-18 20:11:00+00:00,2012-07-18 20:52:00+00:00,350|1381|1468
3675,50071752e4b0921582576f29,5862,50,6,2012-07-18 20:52:00+00:00,2012-07-18 21:42:00+00:00,130|199|728|866|1453|1468
3676,50326e05e4b0836216e3eb59,5894,23,2,2012-12-16 02:41:00+00:00,2012-12-16 03:04:00+00:00,636|1551
3677,50415ea8e4b0f300417d4e68,5909,2,2,2012-11-22 17:13:00+00:00,2012-11-22 17:15:00+00:00,890|1140
3678,50440fefe4b003e2b4525b88,5912,6,2,2012-12-28 03:37:00+00:00,2012-12-28 03:43:00+00:00,312|1233
3679,50451c40e4b074fa44ebca7a,5913,58,2,2012-10-31 18:56:00+00:00,2012-10-31 19:54:00+00:00,262|802
3680,5048111ee4b0e2624de35466,5918,5,2,2012-11-11 19:23:00+00:00,2012-11-11 19:28:00+00:00,1099|1610
3681,504cade5e4b09a4432023844,5922,26,3,2012-09-09 16:17:00+00:00,2012-09-09 16:43:00+00:00,71|163|335
3682,5058b0f1e4b04bd69f54c1ba,5931,13,2,2012-10-26 17:25:00+00:00,2012-10-26 17:38:00+00:00,558|1242
3683,505b3f57e4b0c1e23aa7cd5e,5933,47,2,2012-11-01 04:45:00+00:00,2012-11-01 05:32:00+00:00,27|1608
3684,505b3f57e4b0c1e23aa7cd5e,5933,60,2,2012-11-17 04:17:00+00:00,2012-11-17 05:17:00+00:00,921|944
3685,5076ef5be4b0bc04b99b965f,5951,51,3,2012-10-11 19:19:00+00:00,2012-10-11 20:10:00+00:00,162|1248|1421
3686,5076ef5be4b0bc04b99b965f,5951,22,3,2012-10-11 20:02:00+00:00,2012-10-11 20:24:00+00:00,162|1248|1301
3687,5076ef5be4b0bc04b99b965f,5951,21,3,2012-10-11 23:16:00+00:00,2012-10-11 23:37:00+00:00,473|534|719
3688,5076ef5be4b0bc04b99b965f,5951,53,2,2012-10-12 13:19:00+00:00,2012-10-12 14:12:00+00:00,815|1248
3689,5076ef5be4b0bc04b99b965f,5951,34,2,2012-10-12 17:20:00+00:00,2012-10-12 17:54:00+00:00,16|162
3690,5076ef5be4b0bc04b99b965f,5951,21,2,2012-10-12 20:05:00+00:00,2012-10-12 20:26:00+00:00,610|1357
3691,5078c4f1e4b0dad821e1f6bd,5955,19,2,2013-05-02 22:39:00+00:00,2013-05-02 22:58:00+00:00,526|784
3692,507ffbf1e4b0e454e2973621,5961,26,2,2012-10-25 19:56:00+00:00,2012-10-25 20:22:00+00:00,81|410
3693,508af9ccf13627e878935855,5966,8,2,2012-10-28 14:51:00+00:00,2012-10-28 14:59:00+00:00,60|1290
3694,508af9ccf13627e878935855,5966,56,6,2012-10-28 16:40:00+00:00,2012-10-28 17:36:00+00:00,60|106|503|589|1482|1517
3695,508af9ccf13627e878935855,5966,49,5,2012-10-28 17:09:00+00:00,2012-10-28 17:58:00+00:00,60|106|310|589|1517
3696,508af9ccf13627e878935855,5966,56,5,2012-10-28 17:15:00+00:00,2012-10-28 18:11:00+00:00,60|106|310|1138|1517
3697,508af9ccf13627e878935855,5966,43,6,2012-10-28 19:40:00+00:00,2012-10-28 20:23:00+00:00,125|224|587|913|1005|1196
3698,508af9ccf13627e878935855,5966,55,6,2012-10-28 20:00:00+00:00,2012-10-28 20:55:00+00:00,125|304|587|913|1099|1196
3699,508af9ccf13627e878935855,5966,59,5,2012-10-28 20:14:00+00:00,2012-10-28 21:13:00+00:00,125|304|587|1006|1099
3700,508af9ccf13627e878935855,5966,60,6,2012-10-28 20:23:00+00:00,2012-10-28 21:23:00+00:00,186|304|587|761|1006|1099
3701,508af9ccf13627e878935855,5966,31,7,2012-10-28 20:55:00+00:00,2012-10-28 21:26:00+00:00,55|186|304|487|761|1006|1099
3702,508af9ccf13627e878935855,5966,53,8,2012-10-28 21:13:00+00:00,2012-10-28 22:06:00+00:00,55|186|487|600|761|1006|1154|1547
3703,508af9ccf13627e878935855,5966,56,8,2012-10-28 21:24:00+00:00,2012-10-28 22:20:00+00:00,55|144|487|600|628|729|1154|1547
3704,508af9ccf13627e878935855,5966,59,8,2012-10-28 21:26:00+00:00,2012-10-28 22:25:00+00:00,55|144|304|600|628|729|1154|1547
3705,508af9ccf13627e878935855,5966,52,8,2012-10-28 22:25:00+00:00,2012-10-28 23:17:00+00:00,270|304|558|727|747|999|1121|1494
3706,508af9ccf13627e878935855,5966,51,7,2012-10-28 22:37:00+00:00,2012-10-28 23:28:00+00:00,270|558|726|747|999|1121|1494
3707,508af9ccf13627e878935855,5966,57,7,2012-10-28 22:43:00+00:00,2012-10-28 23:40:00+00:00,270|558|726|747|1121|1368|1494
3708,508af9ccf13627e878935855,5966,53,8,2012-10-28 22:56:00+00:00,2012-10-28 23:49:00+00:00,558|726|747|802|815|1121|1368|1494
3709,508af9ccf13627e878935855,5966,46,8,2012-10-29 00:19:00+00:00,2012-10-29 01:05:00+00:00,143|249|318|379|844|1242|1576|1581
3710,508af9ccf13627e878935855,5966,46,8,2012-10-29 00:48:00+00:00,2012-10-29 01:34:00+00:00,143|249|318|844|859|1171|1242|1295
3711,508af9ccf13627e878935855,5966,60,8,2012-10-29 00:49:00+00:00,2012-10-29 01:49:00+00:00,249|318|844|859|906|1171|1242|1295
3712,508af9ccf13627e878935855,5966,60,8,2012-10-29 00:52:00+00:00,2012-10-29 01:52:00+00:00,231|249|844|859|906|1171|1242|1295
3713,508af9ccf13627e878935855,5966,60,8,2012-10-29 00:54:00+00:00,2012-10-29 01:54:00+00:00,231|249|287|859|906|1171|1242|1295
3714,508af9ccf13627e878935855,5966,51,8,2012-10-29 01:05:00+00:00,2012-10-29 01:56:00+00:00,231|287|859|867|906|1171|1242|1295
3715,508af9ccf13627e878935855,5966,55,8,2012-10-29 01:26:00+00:00,2012-10-29 02:21:00+00:00,231|287|859|867|906|1171|1216|1295
3716,508af9ccf13627e878935855,5966,54,8,2012-10-29 01:56:00+00:00,2012-10-29 02:50:00+00:00,2|16|117|311|460|552|867|1216
3717,508af9ccf13627e878935855,5966,41,8,2012-10-29 03:01:00+00:00,2012-10-29 03:42:00+00:00,273|474|493|943|1087|1383|1415|1580
3718,508af9ccf13627e878935855,5966,49,6,2012-10-29 03:16:00+00:00,2012-10-29 04:05:00+00:00,313|493|943|1087|1415|1580
3719,508af9ccf13627e878935855,5966,59,5,2012-10-29 03:25:00+00:00,2012-10-29 04:24:00+00:00,313|943|1415|1523|1580
3720,508af9ccf13627e878935855,5966,60,5,2012-10-29 03:26:00+00:00,2012-10-29 04:26:00+00:00,19|313|1415|1523|1580
3721,508af9ccf13627e878935855,5966,52,7,2012-10-29 03:42:00+00:00,2012-10-29 04:34:00+00:00,19|313|741|1248|1523|1562|1580
3722,508af9ccf13627e878935855,5966,38,8,2012-10-29 04:26:00+00:00,2012-10-29 05:04:00+00:00,19|500|741|838|927|1216|1248|1562
3723,508af9ccf13627e878935855,5966,55,7,2012-10-29 04:34:00+00:00,2012-10-29 05:29:00+00:00,500|741|838|862|927|1216|1562
3724,508af9ccf13627e878935855,5966,23,2,2012-10-29 06:40:00+00:00,2012-10-29 07:03:00+00:00,881|1496
3725,508af9ccf13627e878935855,5966,48,8,2012-10-29 12:27:00+00:00,2012-10-29 13:15:00+00:00,78|413|558|770|868|1031|1290|1608
3726,508af9ccf13627e878935855,5966,55,8,2012-10-29 12:41:00+00:00,2012-10-29 13:36:00+00:00,78|351|558|694|770|1031|1290|1608
3727,508af9ccf13627e878935855,5966,57,8,2012-10-29 12:45:00+00:00,2012-10-29 13:42:00+00:00,78|351|448|694|770|1031|1290|1608
3728,508af9ccf13627e878935855,5966,55,2,2012-10-30 16:10:00+00:00,2012-10-30 17:05:00+00:00,896|913
3729,508af9ccf13627e878935855,5966,54,3,2012-10-30 18:32:00+00:00,2012-10-30 19:26:00+00:00,1283|1482|1623
3730,508af9ccf13627e878935855,5966,56,2,2012-10-30 19:26:00+00:00,2012-10-30 20:22:00+00:00,909|1283
3731,508af9ccf13627e878935855,5966,7,2,2012-10-30 20:22:00+00:00,2012-10-30 20:29:00+00:00,647|909
3732,508af9ccf13627e878935855,5966,47,3,2012-10-31 00:37:00+00:00,2012-10-31 01:24:00+00:00,106|1172|1523
3733,508af9ccf13627e878935855,5966,56,2,2012-10-31 05:00:00+00:00,2012-10-31 05:56:00+00:00,633|1164
3734,508af9ccf13627e878935855,5966,26,2,2012-10-31 13:12:00+00:00,2012-10-31 13:38:00+00:00,1005|1408
3735,508af9ccf13627e878935855,5966,60,2,2012-10-31 13:38:00+00:00,2012-10-31 14:38:00+00:00,558|1408
3736,508af9ccf13627e878935855,5966,44,2,2012-10-31 18:28:00+00:00,2012-10-31 19:12:00+00:00,664|1472
3737,5090bc9be4b063c640ba5333,5970,55,2,2012-10-31 15:34:00+00:00,2012-10-31 16:29:00+00:00,679|1154
3738,5090bc9be4b063c640ba5333,5970,3,2,2012-10-31 23:22:00+00:00,2012-10-31 23:25:00+00:00,437|719
3739,5090bc9be4b063c640ba5333,5970,41,3,2012-11-01 00:26:00+00:00,2012-11-01 01:07:00+00:00,141|311|689
3740,5090bc9be4b063c640ba5333,5970,52,4,2012-11-01 01:06:00+00:00,2012-11-01 01:58:00+00:00,141|689|972|999
3741,5090bc9be4b063c640ba5333,5970,50,5,2012-11-01 01:55:00+00:00,2012-11-01 02:45:00+00:00,43|186|507|972|999
3742,5090bc9be4b063c640ba5333,5970,49,5,2012-11-01 02:19:00+00:00,2012-11-01 03:08:00+00:00,43|186|507|815|1350
3743,5090bc9be4b063c640ba5333,5970,48,3,2012-11-01 03:08:00+00:00,2012-11-01 03:56:00+00:00,457|815|1350
3744,5090bc9be4b063c640ba5333,5970,38,3,2012-11-01 03:56:00+00:00,2012-11-01 04:34:00+00:00,457|587|694
3745,5090bc9be4b063c640ba5333,5970,13,2,2012-11-01 06:16:00+00:00,2012-11-01 06:29:00+00:00,1044|1502
3746,509817afc84c2e276bc2cd1f,5975,45,4,2012-11-06 11:47:00+00:00,2012-11-06 12:32:00+00:00,224|664|1020|1179
3747,509817afc84c2e276bc2cd1f,5975,58,4,2012-11-06 11:50:00+00:00,2012-11-06 12:48:00+00:00,224|466|1020|1179
3748,509817afc84c2e276bc2cd1f,5975,55,4,2012-11-06 11:57:00+00:00,2012-11-06 12:52:00+00:00,224|466|1179|1609
3749,509817afc84c2e276bc2cd1f,5975,37,4,2012-11-06 12:32:00+00:00,2012-11-06 13:09:00+00:00,466|1179|1540|1609
3750,509817afc84c2e276bc2cd1f,5975,59,3,2012-11-06 12:52:00+00:00,2012-11-06 13:51:00+00:00,1043|1540|1609
3751,509817afc84c2e276bc2cd1f,5975,60,3,2012-11-06 13:51:00+00:00,2012-11-06 14:51:00+00:00,993|1043|1417
3752,509817afc84c2e276bc2cd1f,5975,37,3,2012-11-06 14:29:00+00:00,2012-11-06 15:06:00+00:00,169|993|1417
3753,509817afc84c2e276bc2cd1f,5975,41,4,2012-11-06 14:51:00+00:00,2012-11-06 15:32:00+00:00,169|293|524|993
3754,509817afc84c2e276bc2cd1f,5975,32,2,2012-11-06 22:59:00+00:00,2012-11-06 23:31:00+00:00,249|1248
3755,50988e54e4b0fd23874c1700,5976,43,2,2012-11-07 04:40:00+00:00,2012-11-07 05:23:00+00:00,125|524
3756,50988e54e4b0fd23874c1700,5976,57,4,2012-11-07 05:23:00+00:00,2012-11-07 06:20:00+00:00,125|727|915|1502
3757,50988e54e4b0fd23874c1700,5976,34,8,2012-11-07 06:03:00+00:00,2012-11-07 06:37:00+00:00,398|727|903|915|923|1159|1273|1502
3758,50988e54e4b0fd23874c1700,5976,57,7,2012-11-07 06:20:00+00:00,2012-11-07 07:17:00+00:00,398|413|727|903|923|1159|1273
3759,50988e54e4b0fd23874c1700,5976,54,7,2012-11-07 06:31:00+00:00,2012-11-07 07:25:00+00:00,169|398|413|903|923|1159|1273
3760,50988e54e4b0fd23874c1700,5976,23,3,2012-11-07 07:17:00+00:00,2012-11-07 07:40:00+00:00,169|413|605
3761,50988e54e4b0fd23874c1700,5976,56,3,2012-11-07 07:25:00+00:00,2012-11-07 08:21:00+00:00,167|169|605
3762,50988e54e4b0fd23874c1700,5976,52,2,2012-11-07 12:29:00+00:00,2012-11-07 13:21:00+00:00,993|1279
3763,50988e54e4b0fd23874c1700,5976,57,5,2012-11-07 13:21:00+00:00,2012-11-07 14:18:00+00:00,77|126|1230|1260|1279
3764,50988e54e4b0fd23874c1700,5976,48,6,2012-11-07 13:49:00+00:00,2012-11-07 14:37:00+00:00,77|126|927|998|1230|1260
3765,509aaca2fe70fdaaea894fd3,5978,25,2,2012-12-01 21:45:00+00:00,2012-12-01 22:10:00+00:00,610|956
3766,509aaca2fe70fdaaea894fd3,5978,29,2,2012-12-02 00:47:00+00:00,2012-12-02 01:16:00+00:00,244|1066
3767,509aaca2fe70fdaaea894fd3,5978,51,2,2012-12-06 20:27:00+00:00,2012-12-06 21:18:00+00:00,890|1154
3768,509aaca2fe70fdaaea894fd3,5978,50,2,2012-12-21 19:24:00+00:00,2012-12-21 20:14:00+00:00,698|716
3769,509d636d5d2463e871548042,5981,35,2,2012-05-04 22:27:00+00:00,2012-05-04 23:02:00+00:00,628|1547
3770,50aa5fe4e4b0d042f9dc13f0,5992,21,2,2013-01-25 18:46:00+00:00,2013-01-25 19:07:00+00:00,777|1177
3771,50abeb91e4b04d7b173c0466,5994,19,2,2012-11-22 11:21:00+00:00,2012-11-22 11:40:00+00:00,1188|1339
3772,50abeb91e4b04d7b173c0466,5994,59,2,2012-11-22 11:40:00+00:00,2012-11-22 12:39:00+00:00,1166|1339
3773,50abeb91e4b04d7b173c0466,5994,23,2,2012-11-22 12:39:00+00:00,2012-11-22 13:02:00+00:00,78|1166
3774,50abeb91e4b04d7b173c0466,5994,44,4,2012-11-22 14:27:00+00:00,2012-11-22 15:11:00+00:00,60|719|763|1618
3775,50abeb91e4b04d7b173c0466,5994,46,4,2012-11-22 15:02:00+00:00,2012-11-22 15:48:00+00:00,60|532|719|763
3776,50abeb91e4b04d7b173c0466,5994,58,7,2012-11-22 22:46:00+00:00,2012-11-22 23:44:00+00:00,319|347|524|610|913|1502|1623
3777,50abeb91e4b04d7b173c0466,5994,60,6,2012-11-22 23:30:00+00:00,2012-11-23 00:30:00+00:00,319|347|524|896|923|1176
3778,50abeb91e4b04d7b173c0466,5994,36,4,2012-11-23 00:30:00+00:00,2012-11-23 01:06:00+00:00,228|896|923|1176
3779,50abeb91e4b04d7b173c0466,5994,54,2,2012-11-23 01:06:00+00:00,2012-11-23 02:00:00+00:00,106|228
3780,50abeb91e4b04d7b173c0466,5994,59,3,2012-11-23 02:00:00+00:00,2012-11-23 02:59:00+00:00,106|411|1200
3781,50abeb91e4b04d7b173c0466,5994,30,3,2012-11-23 04:22:00+00:00,2012-11-23 04:52:00+00:00,587|1571|1599
3782,50abeb91e4b04d7b173c0466,5994,46,2,2012-11-23 04:52:00+00:00,2012-11-23 05:38:00+00:00,138|1599
3783,50aeda7b7ab4aecf17b12bd6,5995,41,2,2012-11-23 14:04:00+00:00,2012-11-23 14:45:00+00:00,581|1166
3784,50aeda7b7ab4aecf17b12bd6,5995,27,3,2012-11-23 19:09:00+00:00,2012-11-23 19:36:00+00:00,156|243|806
3785,50aeda7b7ab4aecf17b12bd6,5995,22,2,2012-11-23 21:21:00+00:00,2012-11-23 21:43:00+00:00,388|738
3786,50b9a34ce4b0c22ba965f7ff,6006,1,2,2013-04-13 02:43:00+00:00,2013-04-13 02:44:00+00:00,1099|1610
3787,50c7104fe4b0860fb5620c72,6016,45,2,2012-12-13 00:35:00+00:00,2012-12-13 01:20:00+00:00,474|747
3788,50c7104fe4b0860fb5620c72,6016,32,2,2012-12-13 01:20:00+00:00,2012-12-13 01:52:00+00:00,161|474
3789,50c7104fe4b0860fb5620c72,6016,56,3,2012-12-13 01:52:00+00:00,2012-12-13 02:48:00+00:00,161|1018|1528
3790,50c7104fe4b0860fb5620c72,6016,55,3,2012-12-13 02:23:00+00:00,2012-12-13 03:18:00+00:00,962|1018|1528
3791,50c7104fe4b0860fb5620c72,6016,47,3,2012-12-13 02:48:00+00:00,2012-12-13 03:35:00+00:00,726|962|1018
3792,50c7104fe4b0860fb5620c72,6016,59,3,2012-12-13 03:18:00+00:00,2012-12-13 04:17:00+00:00,344|726|962
3793,50c811dbe4b0d585092b704f,6018,45,4,2012-12-12 22:40:00+00:00,2012-12-12 23:25:00+00:00,370|765|1295|1302
3794,50c811dbe4b0d585092b704f,6018,4,2,2012-12-13 00:42:00+00:00,2012-12-13 00:46:00+00:00,120|1164
3795,50c811dbe4b0d585092b704f,6018,55,4,2012-12-13 03:27:00+00:00,2012-12-13 04:22:00+00:00,85|669|1043|1216
3796,50c85b8de4b090305763bf7e,6020,40,6,2012-12-21 13:05:00+00:00,2012-12-21 13:45:00+00:00,351|474|485|1129|1188|1608
3797,50c85b8de4b090305763bf7e,6020,60,6,2012-12-21 13:11:00+00:00,2012-12-21 14:11:00+00:00,351|474|1129|1188|1216|1608
3798,50c85b8de4b090305763bf7e,6020,45,4,2012-12-21 14:11:00+00:00,2012-12-21 14:56:00+00:00,490|719|873|1216
3799,50c85b8de4b090305763bf7e,6020,59,5,2012-12-21 14:49:00+00:00,2012-12-21 15:48:00+00:00,350|490|719|873|1159
3800,50c85b8de4b090305763bf7e,6020,56,4,2012-12-21 14:56:00+00:00,2012-12-21 15:52:00+00:00,350|490|1159|1187
3801,50c85b8de4b090305763bf7e,6020,32,2,2012-12-21 16:53:00+00:00,2012-12-21 17:25:00+00:00,85|725
3802,50c85b8de4b090305763bf7e,6020,57,5,2012-12-21 18:42:00+00:00,2012-12-21 19:39:00+00:00,351|742|998|1006|1166
3803,50c85b8de4b090305763bf7e,6020,60,3,2012-12-21 19:26:00+00:00,2012-12-21 20:26:00+00:00,1006|1093|1166
3804,50c85b8de4b090305763bf7e,6020,59,2,2012-12-21 20:26:00+00:00,2012-12-21 21:25:00+00:00,0|1093
3805,50c85b8de4b090305763bf7e,6020,39,2,2012-12-21 21:25:00+00:00,2012-12-21 22:04:00+00:00,0|891
3806,50c85b8de4b090305763bf7e,6020,41,2,2012-12-22 04:19:00+00:00,2012-12-22 05:00:00+00:00,475|913
3807,50d4d50ee4b0260dfc1efe72,6025,49,2,2013-05-06 00:37:00+00:00,2013-05-06 01:26:00+00:00,486|1242
3808,50dff1a7e4b0a36649c8402e,6030,33,3,2012-12-31 21:29:00+00:00,2012-12-31 22:02:00+00:00,298|321|1463
3809,50dff1a7e4b0a36649c8402e,6030,49,2,2012-12-31 22:02:00+00:00,2012-12-31 22:51:00+00:00,321|794
3810,50dff1a7e4b0a36649c8402e,6030,48,3,2012-12-31 22:51:00+00:00,2012-12-31 23:39:00+00:00,586|794|913
3811,50dff1a7e4b0a36649c8402e,6030,56,3,2012-12-31 23:39:00+00:00,2013-01-01 00:35:00+00:00,125|586|913
3812,50dff1a7e4b0a36649c8402e,6030,49,4,2013-01-01 02:19:00+00:00,2013-01-01 03:08:00+00:00,1093|1171|1421|1642
3813,50dff1a7e4b0a36649c8402e,6030,56,6,2013-01-01 02:39:00+00:00,2013-01-01 03:35:00+00:00,1093|1242|1302|1421|1608|1642
3814,50dff1a7e4b0a36649c8402e,6030,49,6,2013-01-01 03:08:00+00:00,2013-01-01 03:57:00+00:00,132|1242|1302|1368|1608|1642
3815,50dff1a7e4b0a36649c8402e,6030,55,7,2013-01-01 03:26:00+00:00,2013-01-01 04:21:00+00:00,132|198|998|1242|1302|1368|1608
3816,50dff1a7e4b0a36649c8402e,6030,58,4,2013-01-01 03:57:00+00:00,2013-01-01 04:55:00+00:00,161|198|998|1368
3817,50dff1a7e4b0a36649c8402e,6030,56,4,2013-01-01 04:21:00+00:00,2013-01-01 05:17:00+00:00,161|198|1233|1642
3818,50dff1a7e4b0a36649c8402e,6030,50,8,2013-01-01 05:17:00+00:00,2013-01-01 06:07:00+00:00,143|253|268|812|1164|1233|1308|1658
3819,50dff1a7e4b0a36649c8402e,6030,59,4,2013-01-01 05:45:00+00:00,2013-01-01 06:44:00+00:00,114|268|1164|1308
3820,50dff1a7e4b0a36649c8402e,6030,44,3,2013-01-01 06:07:00+00:00,2013-01-01 06:51:00+00:00,114|268|647
3821,50e24527e4b0748c864c538b,6031,54,2,2013-01-01 18:40:00+00:00,2013-01-01 19:34:00+00:00,199|228
3822,50e24527e4b0748c864c538b,6031,19,2,2013-01-01 20:58:00+00:00,2013-01-01 21:17:00+00:00,310|770
3823,50e24527e4b0748c864c538b,6031,56,2,2013-01-01 21:17:00+00:00,2013-01-01 22:13:00+00:00,770|1479
3824,50e24527e4b0748c864c538b,6031,32,2,2013-01-01 22:13:00+00:00,2013-01-01 22:45:00+00:00,1133|1479
3825,510c9f9de4b0ec5cc005fc87,6047,8,2,2013-02-02 15:03:00+00:00,2013-02-02 15:11:00+00:00,365|719
3826,510c9f9de4b0ec5cc005fc87,6047,56,5,2013-02-02 16:18:00+00:00,2013-02-02 17:14:00+00:00,125|424|732|891|1164
3827,510c9f9de4b0ec5cc005fc87,6047,55,5,2013-02-02 16:33:00+00:00,2013-02-02 17:28:00+00:00,407|424|732|891|1164
3828,510c9f9de4b0ec5cc005fc87,6047,38,3,2013-02-02 17:14:00+00:00,2013-02-02 17:52:00+00:00,186|407|732
3829,510c9f9de4b0ec5cc005fc87,6047,1,2,2013-02-02 20:27:00+00:00,2013-02-02 20:28:00+00:00,228|1171
3830,510c9f9de4b0ec5cc005fc87,6047,58,3,2013-02-02 21:53:00+00:00,2013-02-02 22:51:00+00:00,106|575|1494
3831,51140198e4b0874a568cde81,6050,2,2,2013-01-25 23:50:00+00:00,2013-01-25 23:52:00+00:00,564|896
3832,5141c9ede4b05feaa8a7b393,6064,54,2,2013-03-14 20:28:00+00:00,2013-03-14 21:22:00+00:00,701|1540
3833,514b5d2de4b09567420c176d,6067,35,2,2013-04-01 21:12:00+00:00,2013-04-01 21:47:00+00:00,847|1560
3834,51572606e4b094032285a33c,6071,39,2,2013-04-07 21:55:00+00:00,2013-04-07 22:34:00+00:00,666|1559
