u1,u2,n_groups,n_venues,weight_idf
3954,7200,556,497,188.273964
11234,22274,440,192,156.955207
14809,18963,171,98,88.265863
8191,9763,205,125,87.691593
24642,27003,143,143,64.651196
20800,21495,203,177,61.297512
364,2852,149,42,59.568132
7208,7302,145,73,49.723833
25622,26200,102,46,47.668343
994,3795,180,180,47.636289
14829,15469,127,123,47.453795
11336,13117,122,88,47.193946
1055,1056,147,85,46.112989
23765,24455,118,102,44.649869
1585,1608,131,118,41.59031
227,20044,111,57,40.244738
1871,2282,116,80,39.120475
11424,12355,76,42,38.319226
2314,3566,106,90,36.898089
992,1435,93,71,36.35349
26914,27562,121,92,34.723885
1028,1241,86,35,34.3252
6412,20777,97,67,34.202537
5123,5159,98,89,33.76059
989,7732,125,124,31.326009
18628,18856,60,46,31.258355
14991,22873,97,84,31.066642
2827,2889,115,115,31.029643
8040,13003,124,124,30.228715
16481,19813,78,74,29.390643
154,331,101,96,28.9124
16807,17964,83,79,27.722958
14209,15860,76,76,27.682116
3869,25093,81,71,26.967245
19845,24085,85,69,26.891672
7045,19861,67,53,26.163532
4389,4391,78,77,25.928173
5797,7025,78,76,25.828158
2402,2667,63,35,24.212024
20601,22423,65,62,23.444131
579,4193,65,44,23.088679
867,11361,53,31,22.4743
308,315,73,73,22.450315
3954,4837,57,51,20.761028
5395,5782,68,60,20.725917
43,11891,75,73,20.278874
23907,24567,65,54,20.161286
1591,1592,67,66,19.848678
1531,3586,72,68,19.558112
3375,3376,62,49,19.493252
5123,11879,73,72,18.636894
1379,1940,72,72,18.624733
6458,6460,53,47,18.4688
17989,17990,55,46,18.451586
9497,9501,54,40,18.388232
2876,3007,46,21,18.299793
75,8593,52,46,18.289628
6095,9038,82,82,18.164553
29012,29016,65,64,17.465128
4048,10149,51,51,17.175224
1379,1799,65,65,17.092147
1799,1940,68,68,16.909972
4837,7200,45,41,16.667788
5977,6339,58,56,16.551783
694,699,43,33,16.42342
284,288,39,39,16.266151
24756,27863,42,31,16.135485
15481,16315,57,52,15.97945
13078,13079,41,41,15.846151
14397,15327,58,55,15.823714
5123,13386,46,41,15.731726
11083,11161,34,34,15.473126
1634,2134,35,26,15.072638
2511,3551,46,10,14.76041
359,2740,47,33,14.752491
4392,5329,41,34,14.627733
13273,14802,49,37,14.585638
8705,23728,46,33,14.443323
2456,16085,34,34,14.439899
11836,13448,32,3,14.26999
8837,19494,53,52,14.224626
10869,10918,40,36,14.128511
13046,29130,36,34,14.061712
11739,11741,37,35,13.914851
3190,3238,41,41,13.755784
43,6607,56,54,13.655497
5766,7563,44,39,13.537096
14795,16260,26,2,13.468793
64,294,60,60,13.427764
4844,6794,35,28,13.42394
1944,16817,39,34,13.01616
3971,6125,35,35,12.985119
7960,8261,33,32,12.923375
1085,1771,21,15,12.805522
8911,15713,30,24,12.268505
1195,1196,33,29,12.255448
8312,8585,36,36,12.13631
4142,6775,33,32,11.595568
5972,6798,37,34,11.162599
6007,8764,30,25,10.916783
4159,5282,37,36,10.811776
19574,19585,45,43,10.736281
9474,10536,31,30,10.645254
12673,14313,36,36,10.424395
8574,8764,26,21,10.358914
8769,10570,49,49,10.336401
1758,14489,47,47,10.333617
7766,8593,31,22,10.33294
3795,3798,39,39,10.298806
17844,23231,38,37,10.234222
15290,16874,24,12,10.191874
2681,3551,25,16,9.822982
24173,24243,34,30,9.680563
301,7561,24,19,9.660744
8191,16677,38,9,9.565582
14397,15319,40,40,9.481466
14430,28814,38,38,9.424905
478,6011,40,40,9.360893
3640,6719,30,26,9.320687
11752,13214,30,30,9.310353
1173,10888,34,32,9.273462
50,53,41,41,9.270118
27003,31048,35,35,9.248454
22,2314,29,29,9.120586
11174,11302,21,17,9.043464
14397,28814,39,38,8.98286
12693,13055,23,19,8.966557
15319,15327,37,37,8.962432
1095,21535,33,24,8.922101
955,1487,27,24,8.86609
292,295,31,29,8.85202
2876,3145,18,6,8.810949
743,7376,40,38,8.706111
3303,3304,32,31,8.704439
8537,21590,22,22,8.692637
1491,4504,27,23,8.605851
10224,18018,32,21,8.587514
2379,20044,34,6,8.575038
11644,15713,45,3,8.512939
227,3375,28,25,8.398507
15804,15828,31,30,8.379933
9005,17258,27,23,8.32414
626,2336,25,19,8.317966
11310,29906,23,7,8.230606
25042,25587,28,22,8.224198
4045,15481,24,24,8.194557
12841,16875,22,21,8.181813
15619,22578,19,17,8.152115
3145,3317,25,14,7.998108
12849,16637,25,19,7.973849
17910,18046,25,24,7.933187
21961,21976,13,7,7.916407
16374,18895,22,21,7.859997
4507,4520,24,22,7.853149
22519,28072,28,28,7.841283
29241,29673,24,18,7.832794
19,20,24,23,7.773945
30355,30399,29,29,7.772981
12094,12162,25,25,7.680089
13769,14029,30,30,7.66514
15040,17350,33,33,7.620988
5303,5304,32,31,7.62073
9687,27933,21,20,7.617132
22715,22725,19,19,7.526097
18274,29591,12,10,7.521072
7471,8312,22,22,7.51843
2933,2948,31,31,7.516148
2363,2369,18,17,7.502483
12394,14361,20,18,7.476125
459,1386,19,18,7.424037
16807,18414,20,20,7.411254
2197,30581,16,14,7.365784
2794,22941,15,15,7.362645
7200,17085,23,22,7.330617
2788,13734,26,23,7.329516
7535,27403,17,17,7.325966
9595,9638,19,15,7.313172
7400,7447,27,20,7.259746
21782,22353,25,19,7.259145
15470,16025,20,16,7.222327
2778,9689,22,22,7.215577
17994,24500,26,25,7.210451
4511,18059,14,2,7.161577
6508,10108,21,18,7.060095
24756,28937,18,10,7.04919
10793,14446,20,11,7.018137
3007,3145,13,2,6.948018
20044,22443,24,22,6.909499
395,435,20,20,6.902555
19530,19545,26,25,6.895428
16374,17187,19,19,6.894983
5443,9389,19,19,6.887302
6036,6322,19,18,6.850318
17637,17971,29,27,6.805206
1991,11809,21,21,6.80195
12867,12898,23,22,6.778675
15470,16026,17,13,6.729486
10423,24690,34,34,6.72619
5037,10084,27,26,6.723785
6762,6764,33,33,6.6928
5920,12507,35,35,6.687193
11677,11972,19,15,6.68096
21823,21824,14,13,6.66412
13659,21819,22,22,6.659007
643,9419,19,16,6.65217
12505,17350,30,30,6.627047
81,402,22,22,6.564766
29688,29692,15,15,6.543067
5677,27277,21,20,6.524409
18698,21767,24,20,6.508351
3015,10068,14,10,6.485227
2314,5370,19,18,6.479006
19625,19768,11,9,6.476629
9497,16078,21,15,6.474572
2569,7110,26,23,6.446248
13576,14608,21,12,6.425421
181,9130,32,27,6.425364
9411,10405,17,15,6.413465
1808,1810,30,30,6.385239
145,189,22,22,6.373775
31086,31428,7,4,6.371675
12505,15040,28,28,6.339909
26625,26633,17,17,6.329185
14397,14430,28,28,6.305643
6842,6904,25,20,6.268479
1599,6789,24,21,6.251347
627,1931,15,15,6.235795
1688,5541,16,14,6.182847
5888,27977,18,16,6.173041
17964,18414,15,15,6.170347
10494,10569,15,13,6.164499
1760,3505,26,26,6.163975
10538,12292,17,17,6.153029
9024,16259,27,26,6.127726
4347,6883,19,19,6.116141
59,12629,22,16,6.086768
8837,20027,23,22,6.085168
11333,11455,16,16,6.060894
3073,4861,20,18,6.034309
16374,23357,17,17,6.015925
913,11471,22,20,6.013281
7711,22621,16,14,5.989125
7739,8511,34,27,5.982936
17277,22796,25,24,5.952838
13270,19134,17,16,5.944416
1105,1890,15,15,5.92887
14608,14850,15,10,5.928441
21767,23124,21,21,5.857985
12209,19014,23,23,5.85477
16262,17624,15,15,5.83221
26975,28132,17,15,5.825831
8561,24907,26,22,5.788146
4520,5487,11,11,5.783929
4371,7567,25,25,5.741763
5123,6575,19,18,5.732392
12398,12419,13,11,5.724722
554,1463,19,19,5.710602
4601,18338,21,21,5.656167
10880,14393,10,9,5.651488
1597,1915,29,27,5.641815
10805,11249,14,14,5.61726
12393,17351,17,14,5.59994
15327,25119,25,25,5.591698
6607,11891,22,22,5.574971
22,3566,16,16,5.571095
1417,2707,19,18,5.549924
5677,22259,19,17,5.524114
497,8644,13,3,5.52383
1207,1229,18,14,5.521183
2147,2149,22,22,5.492624
4588,16982,15,15,5.484592
26191,27374,16,16,5.446703
4067,14072,24,24,5.443679
10918,14393,12,11,5.434097
3954,17085,13,13,5.426748
15303,15886,15,15,5.426472
11812,22438,25,25,5.421414
10880,10918,13,13,5.38062
988,1080,20,17,5.369488
250,1728,16,16,5.367947
5147,12564,20,12,5.34965
8667,26516,14,14,5.327783
6575,11879,18,17,5.279844
17892,20951,24,24,5.265371
2346,16328,15,15,5.259313
16061,19450,17,17,5.245796
6294,10238,12,9,5.245531
14546,16644,27,27,5.224231
987,1585,15,15,5.220855
16025,16026,14,12,5.178074
2667,3685,14,11,5.160541
1167,16432,16,13,5.136596
10869,14393,11,10,5.130684
7535,7932,15,13,5.129227
17561,17623,11,10,5.122513
227,2379,19,12,5.116102
10869,10880,13,13,5.099187
4177,4355,14,13,5.070806
6974,10103,22,21,5.058443
10171,13623,14,5,5.056697
18452,18459,19,16,5.054602
59,12564,18,11,5.052687
26975,27035,17,2,5.046443
683,6637,16,12,5.032703
955,4138,15,13,5.015048
7471,8585,15,15,5.009069
1048,1337,20,18,4.987453
22259,27277,16,15,4.965254
581,5755,14,4,4.93963
1107,2033,14,14,4.928178
15319,25119,21,21,4.923492
6457,17412,15,10,4.905783
28434,28443,19,19,4.892215
7025,10625,21,21,4.882973
11990,13641,15,14,4.878616
3222,3428,17,16,4.870908
2369,6214,13,13,4.843535
13576,14850,14,9,4.826588
17277,21143,14,12,4.825911
907,1469,17,16,4.821237
17793,17817,10,9,4.813219
14397,25119,21,21,4.801303
8824,21815,15,15,4.798831
1005,9693,18,16,4.795892
20646,22649,10,9,4.792074
909,910,29,29,4.788769
10144,10147,16,9,4.763246
483,4217,12,11,4.742102
867,6604,14,3,4.739743
2771,2803,20,20,4.72433
344,534,19,19,4.712903
27512,27859,12,12,4.710059
8590,12343,11,11,4.689298
5656,10477,11,11,4.677795
18488,21278,8,7,4.667669
9636,19818,22,19,4.66079
12398,12433,15,10,4.655158
11310,12130,12,8,4.620298
20780,24949,12,12,4.617975
23765,27799,8,8,4.567101
3488,7405,13,10,4.552945
3566,16687,14,13,4.549017
7184,10303,19,19,4.548342
18880,19891,20,17,4.533087
5969,27023,10,9,4.514789
7208,7696,12,11,4.511876
18895,18896,17,15,4.467848
59,5147,16,13,4.466421
9727,10659,15,12,4.462184
15541,15597,23,19,4.453706
3798,8142,13,13,4.441575
16403,16464,13,13,4.44128
23280,29111,10,6,4.42478
13286,13538,11,11,4.407785
1374,9421,15,15,4.405334
11836,13077,10,2,4.39949
15646,28431,9,6,4.398877
7302,7696,11,11,4.385627
7318,8273,17,17,4.359046
10464,20239,6,2,4.328085
3491,3645,14,13,4.324569
22778,22902,14,14,4.322937
2709,5744,11,11,4.321063
14000,20622,10,10,4.314621
9501,9687,14,9,4.301361
16687,17256,13,11,4.300785
9497,9779,13,9,4.288085
17077,17328,16,16,4.280104
1107,1920,14,14,4.272062
10386,10387,13,13,4.266449
14850,15046,14,12,4.264844
8566,8570,8,3,4.249889
2036,2037,15,15,4.240062
28748,31153,18,18,4.239728
4152,7366,16,16,4.236136
3145,14808,13,9,4.234852
25270,30862,26,26,4.211948
2412,16670,19,18,4.209598
11445,12109,20,20,4.191768
17187,18895,13,13,4.187723
2379,3375,15,15,4.145541
26884,27051,21,21,4.120625
17146,17260,13,13,4.107868
23023,23669,18,16,4.104741
24788,27192,16,16,4.104141
1435,20918,9,9,4.103942
9832,18527,18,18,4.086913
8974,8976,14,14,4.074451
29280,29296,10,10,4.066305
20882,23919,10,10,4.062804
10662,11441,10,10,4.060752
14409,14589,11,10,4.046347
4837,6059,12,12,4.045277
20174,20202,22,22,4.042737
9139,27053,8,7,4.039043
13533,17176,12,12,4.013879
12398,19136,13,12,4.006587
3401,6412,15,15,3.99301
4461,8255,14,13,3.982846
26414,26425,13,10,3.979294
5209,8301,11,11,3.977149
15018,15020,13,7,3.976536
21714,22272,15,15,3.968698
27379,28829,11,10,3.950106
385,386,10,10,3.945998
5244,5515,12,11,3.937672
10310,26002,14,14,3.923731
16199,16206,10,10,3.912255
11879,11957,13,13,3.908138
14103,14176,14,14,3.899022
10839,11022,24,24,3.884348
11336,17421,12,1,3.882185
7535,10333,18,17,3.857677
1254,1260,11,11,3.853221
3375,20044,12,11,3.848568
10740,11022,24,24,3.837739
24651,24786,11,8,3.837163
22346,29275,14,14,3.833211
7766,8595,10,9,3.826708
11049,16602,16,16,3.81495
9223,10356,12,11,3.813049
8836,8861,14,14,3.798401
2761,4876,19,19,3.796407
1560,1573,17,16,3.785039
17361,20476,18,18,3.780556
27077,27078,8,8,3.776087
17692,18498,11,11,3.753955
1337,1391,14,13,3.753245
15041,17350,17,17,3.752559
21495,23899,11,11,3.741644
7475,9137,12,12,3.733769
994,3798,17,17,3.731684
21518,22511,6,1,3.72801
23613,23688,9,8,3.716788
19641,19899,10,1,3.692694
9323,9348,10,10,3.684417
4066,4568,18,18,3.68418
10740,10839,23,23,3.671451
14991,21499,9,3,3.667175
16555,19603,17,15,3.662093
7089,9790,11,6,3.661975
15632,21222,20,20,3.653916
12317,12343,9,8,3.648799
5054,16508,17,17,3.647058
11644,19899,21,1,3.646529
10971,11032,12,7,3.645562
22362,23633,8,8,3.64442
26794,28957,15,15,3.642023
4774,7517,9,9,3.641205
21742,27573,4,3,3.640957
27768,28103,23,22,3.624513
197,331,16,16,3.612877
22750,27908,9,8,3.60147
4072,6771,12,10,3.589045
227,3376,13,12,3.586947
5037,10929,17,17,3.578005
6575,11957,12,12,3.57433
15730,15916,11,11,3.562116
297,25923,12,11,3.556329
11882,12938,13,12,3.551219
18194,18863,8,8,3.534361
23765,26437,5,3,3.529401
5797,10625,15,15,3.51845
13446,17427,17,17,3.517219
17187,18896,14,13,3.50948
5275,13112,14,7,3.506115
10890,12997,15,15,3.493438
4094,8332,14,11,3.489566
2981,3004,16,16,3.488794
5226,8683,10,9,3.486096
479,2622,12,12,3.469451
24988,25026,11,7,3.468988
24230,28115,13,13,3.468613
1173,21156,10,10,3.457709
2425,9556,8,8,3.454038
14546,16648,19,19,3.447129
236,4280,11,11,3.434186
3320,21347,11,11,3.431058
165,22664,11,7,3.430024
1212,4656,12,12,3.426109
480,953,8,8,3.420172
9815,9820,10,9,3.419513
16262,19080,9,6,3.416192
27863,28937,7,6,3.412146
6457,9331,8,8,3.412049
7766,11940,9,8,3.411945
2780,12554,13,4,3.401286
15040,15041,15,15,3.399153
3145,7302,10,9,3.398962
3566,5370,11,11,3.395503
22944,30280,16,16,3.392083
2288,7733,10,5,3.390676
2788,24721,13,13,3.37939
8590,12317,9,9,3.369547
7366,18929,13,13,3.369392
9348,11336,10,2,3.363291
28044,28045,9,8,3.362088
12130,29906,9,6,3.346431
18279,20248,9,9,3.343531
3898,19252,14,14,3.3425
3145,15059,10,9,3.341128
22714,22717,12,12,3.339404
15363,15668,10,10,3.337139
5123,11957,11,11,3.31875
6059,7200,9,9,3.305338
6635,6727,17,11,3.304029
13821,14383,14,11,3.302432
21069,21086,13,13,3.299065
22112,23758,12,12,3.297186
17085,24956,7,7,3.29265
29913,30623,11,11,3.280846
196,409,11,11,3.278229
24950,25908,12,11,3.261526
1972,3713,12,12,3.253026
10720,10737,15,15,3.249475
95,1061,9,8,3.248976
12281,22941,10,8,3.239736
11256,11362,8,8,3.238331
9672,12968,12,9,3.23519
10146,10180,9,9,3.230127
9497,10047,11,8,3.224514
27388,27887,11,10,3.221087
10019,10020,9,9,3.22042
1048,1391,12,11,3.217056
2529,20527,12,12,3.209627
10662,18693,11,10,3.207232
4320,4452,7,7,3.202364
606,1187,14,14,3.192501
7020,7137,9,7,3.187589
24831,24832,15,15,3.179737
8705,23784,5,3,3.177273
30376,30662,14,14,3.174411
5843,15713,15,2,3.169497
2788,23590,13,11,3.169448
6575,15924,10,10,3.157531
227,16889,13,13,3.146276
81,643,8,8,3.145733
4977,8776,8,8,3.141742
18553,24413,14,14,3.13828
12505,15041,14,14,3.137299
8510,8774,11,11,3.134219
23789,24351,6,4,3.128824
13576,14747,11,6,3.126345
9895,23214,10,10,3.126197
4754,27420,9,9,3.117654
12741,15409,11,11,3.112619
24385,25246,9,7,3.107202
10156,13351,12,12,3.106907
21263,21325,13,13,3.100468
29781,30401,13,13,3.09716
2546,6079,8,5,3.089281
4837,9065,11,11,3.079088
3375,18463,8,8,3.073335
230,245,15,13,3.054745
301,7576,8,8,3.053817
471,472,12,9,3.052712
22461,22635,10,9,3.050864
1091,2628,8,8,3.04031
3954,6059,7,7,3.037084
28439,30110,6,6,3.034456
15067,15427,10,10,3.023906
2892,3484,5,5,3.020766
14607,17303,8,7,3.012407
7110,8229,11,11,3.006328
2569,8229,11,11,3.006328
24956,29126,5,5,3.001899
9347,24692,12,12,3.001734
7200,24956,8,8,3.000739
16374,18896,10,9,2.997926
17910,19397,11,11,2.996575
108,11174,10,8,2.995618
154,197,14,14,2.992039
17623,18417,7,7,2.990836
22,5370,9,9,2.980377
4674,4719,11,10,2.973606
2780,3091,11,2,2.969459
2130,22710,11,11,2.964223
8167,9040,8,8,2.960627
13734,23590,12,10,2.960205
20895,21580,11,11,2.958917
9895,12084,10,10,2.953259
25356,29629,10,5,2.950152
8593,11940,8,7,2.943914
21047,21237,10,10,2.940942
4943,5382,6,6,2.919676
1430,17762,11,11,2.917644
27598,28199,11,10,2.915866
15424,25330,6,6,2.910561
18367,22739,8,8,2.910106
9874,10021,9,9,2.90501
108,11677,8,5,2.90449
10971,15805,12,9,2.901976
16644,16648,16,16,2.888922
2288,3566,8,8,2.884315
11064,13584,10,10,2.883952
9779,10047,9,9,2.874058
1438,7255,8,8,2.871148
19007,19011,14,14,2.86807
8475,16925,13,13,2.866882
20193,20207,9,9,2.865112
2535,19469,8,8,2.858519
9023,21778,13,12,2.858481
24327,26070,9,7,2.854963
11879,13386,9,9,2.85441
7838,12393,9,9,2.852095
10740,22990,18,18,2.851006
11022,22990,18,18,2.851006
9497,11250,11,7,2.846401
13138,20964,10,10,2.844888
8862,12630,10,10,2.842296
23630,23726,10,8,2.837561
1394,1456,11,11,2.836632
157,2033,10,10,2.836319
3364,27683,14,14,2.835475
9455,10542,11,10,2.835152
2424,10042,14,14,2.834784
9672,14701,10,10,2.833483
11032,15805,11,8,2.830926
2197,29890,7,7,2.830195
1154,4655,14,13,2.827856
10047,11337,8,6,2.826883
1585,19973,9,9,2.825543
14939,14952,8,8,2.824611
8590,24691,7,7,2.824483
11879,15924,9,9,2.823723
29492,31381,8,8,2.818669
6007,8574,7,7,2.817403
11957,16952,10,10,2.812127
11879,16952,10,10,2.812127
22990,25545,18,18,2.80907
10151,10152,9,9,2.80899
2421,2465,8,3,2.80843
23831,23856,7,7,2.807145
9136,10400,7,6,2.793997
16755,16757,8,8,2.787526
21837,21864,7,7,2.783828
1014,1291,11,11,2.782403
26273,27174,9,8,2.779357
7386,7446,8,8,2.778545
15713,19899,16,1,2.778308
1207,12315,9,9,2.778124
3227,3386,11,11,2.775102
1055,1416,10,10,2.774134
1022,17395,10,9,2.764707
11907,17207,6,6,2.764271
5835,6857,5,4,2.763787
24956,29137,7,7,2.76356
23264,23265,12,11,2.753594
24018,24967,7,7,2.751682
2616,3100,8,8,2.749291
4876,23907,12,12,2.748132
3160,8905,7,7,2.735998
683,2497,8,5,2.734875
549,18169,6,6,2.732214
6972,9928,12,11,2.729855
4902,5296,7,1,2.729099
8595,11940,7,7,2.728598
75,7766,9,9,2.728199
20418,21415,9,9,2.715929
21597,27150,9,9,2.712876
14055,25092,10,10,2.712323
1883,14927,6,2,2.709893
1979,10341,9,9,2.702183
17333,29056,11,11,2.700475
6835,6879,6,6,2.694214
1056,1596,9,9,2.692126
5159,13386,8,8,2.69052
14000,14002,6,6,2.687338
29255,29373,11,11,2.685048
2576,7604,8,8,2.68106
16178,16182,6,6,2.67967
8396,10827,10,8,2.677804
324,683,8,5,2.674705
29449,30935,12,12,2.673736
28642,29324,10,10,2.669632
19294,21335,13,12,2.666485
12094,18089,10,10,2.658893
24642,31048,11,11,2.658245
1135,2780,10,4,2.654337
26425,31021,7,7,2.653694
14261,14309,8,7,2.652436
7535,27431,4,4,2.644817
9556,23952,5,3,2.644276
3693,13819,7,7,2.640874
13734,24721,10,10,2.63881
694,23747,6,6,2.63612
6842,7420,10,9,2.633852
13763,30774,6,6,2.632551
4045,11299,11,11,2.632198
25551,25552,8,8,2.617956
25935,25950,8,6,2.609229
8641,8685,7,7,2.607573
9452,11398,14,14,2.603127
4152,18929,12,12,2.602926
30083,30320,7,7,2.601995
5123,16952,9,9,2.601662
24622,25014,7,7,2.598621
787,1431,9,9,2.583901
3971,17729,9,9,2.583483
3780,3800,8,7,2.579704
575,1590,8,8,2.577875
11320,15002,6,6,2.573099
8929,14795,5,1,2.569492
14247,16681,5,1,2.569492
685,13907,11,10,2.568605
1126,17052,6,4,2.553792
15275,16054,8,7,2.552969
7208,12483,9,8,2.551962
12636,12746,8,8,2.547465
11957,13386,8,8,2.539752
3535,5275,18,1,2.53876
13386,15924,8,8,2.538056
9435,10711,10,8,2.536493
1768,1966,8,7,2.531094
21316,21956,12,11,2.531009
2033,11949,8,8,2.52705
225,226,13,13,2.523734
5123,15924,8,8,2.522874
6575,13386,8,8,2.520602
28721,29083,7,7,2.51964
10405,11820,9,9,2.512803
10839,22990,16,16,2.511822
4970,5486,5,5,2.510887
14995,14996,12,12,2.510018
11957,15924,8,8,2.509065
8673,21332,9,8,2.509009
12841,17845,4,4,2.504315
13246,14779,10,10,2.502628
22362,28414,7,7,2.501588
15646,17339,4,1,2.48534
26189,26229,11,11,2.484843
11022,25545,16,16,2.481961
10740,25545,16,16,2.481961
23475,23541,7,5,2.481779
11077,25978,7,7,2.481689
8626,28985,9,9,2.48149
6575,16952,9,9,2.478319
6616,6821,8,8,2.476362
25773,27659,7,7,2.47589
0,1,11,10,2.475859
23477,25184,11,11,2.475438
27562,27715,8,7,2.47404
24161,24302,6,6,2.473471
8911,22006,8,8,2.469206
2142,2173,9,9,2.46382
7302,12483,7,7,2.461581
18031,30283,12,12,2.457597
21596,21604,10,10,2.456982
8593,8595,7,7,2.454139
6739,16628,12,12,2.451942
20794,23584,9,9,2.451751
8929,16260,5,3,2.439429
14720,16434,13,12,2.438374
7012,8147,7,7,2.432045
2569,16288,8,8,2.431168
4837,24956,7,7,2.429287
11424,12293,5,3,2.428264
21165,24050,9,9,2.422013
16687,19810,8,8,2.416884
3640,8043,6,6,2.414145
2024,27390,13,13,2.413927
2835,11883,12,12,2.409945
1107,1359,10,7,2.405179
2847,2848,8,8,2.400029
3564,4903,8,8,2.397372
9037,15643,9,9,2.390629
9897,13685,11,10,2.388692
5944,6001,8,8,2.38826
6379,9363,6,6,2.381373
1024,9270,12,12,2.379396
13646,14607,6,6,2.378887
11860,11912,11,11,2.375563
1463,1467,4,2,2.372559
10053,11435,8,8,2.369716
3130,21197,7,7,2.366477
1256,1454,11,11,2.366201
8292,8573,8,8,2.361253
4272,4541,9,9,2.359954
2846,9705,7,7,2.356922
14808,22631,8,8,2.35517
4417,6207,9,9,2.354027
9041,9042,12,12,2.351892
19170,19324,9,9,2.350285
236,4196,9,9,2.347099
25909,25936,11,10,2.34257
2019,16262,9,8,2.341995
22204,22305,9,9,2.332287
10171,11055,6,5,2.329234
1135,3091,8,3,2.326624
200,3186,7,6,2.326246
36,68,11,11,2.325202
17561,18417,6,6,2.323733
26914,27715,7,6,2.317551
29982,31425,5,5,2.314801
15036,15055,7,7,2.314586
9410,9528,13,13,2.313406
227,22443,7,6,2.313358
2412,3704,6,6,2.310755
23741,23994,9,7,2.303138
1229,12315,8,8,2.297225
4308,4439,7,6,2.295748
9496,20636,8,8,2.294034
7184,9924,8,8,2.291295
324,2497,7,6,2.287243
18421,20951,11,11,2.28355
1564,16863,12,12,2.282896
7668,8147,9,9,2.279866
14701,20488,7,4,2.276487
14390,30756,5,5,2.273446
3145,7208,7,7,2.273048
18018,20241,7,6,2.268473
7561,7576,6,6,2.267515
6720,18736,10,6,2.260491
11207,15008,6,6,2.254008
11174,11765,7,4,2.242406
1591,7836,11,11,2.240052
64,17277,8,8,2.238707
8229,16288,8,8,2.235566
8519,8520,8,7,2.233365
22464,23143,7,7,2.233358
7110,16288,8,8,2.230942
9924,10056,6,6,2.224005
10386,10421,7,7,2.220852
11224,16425,8,8,2.22046
1056,1416,8,8,2.219198
3117,11285,7,7,2.218276
326,10642,8,8,2.215472
4045,24282,4,4,2.213841
26229,27057,9,9,2.212718
26189,27057,11,11,2.210348
20690,21020,11,11,2.209999
1920,20387,6,6,2.209107
21415,22749,5,4,2.207582
6137,6138,7,7,2.203759
1052,15713,7,7,2.202701
31020,31021,6,6,2.20142
7810,28724,6,6,2.198228
258,3847,10,10,2.191633
13187,17340,3,3,2.189697
13918,13964,7,7,2.186061
1940,3541,9,9,2.176893
10662,11677,8,5,2.174727
17692,21921,6,5,2.171474
9528,11860,12,12,2.170634
22717,22726,8,8,2.167332
22714,22726,8,8,2.167332
20113,20256,3,1,2.164043
26582,26619,3,1,2.164043
31,2714,9,9,2.15906
25573,30713,10,10,2.157275
677,683,6,4,2.149813
5783,16560,6,6,2.148557
12564,12629,8,7,2.14668
5844,6654,7,7,2.145163
10839,25545,14,14,2.142777
19815,22582,12,12,2.141962
27304,28550,8,8,2.128544
6166,6181,10,10,2.124865
1218,1222,8,8,2.124471
3491,3508,8,4,2.119307
10662,11174,8,7,2.119155
19494,20027,9,9,2.117879
10084,10356,8,8,2.116617
344,21127,7,7,2.113387
22983,22986,12,12,2.113141
25213,25322,6,6,2.108492
6091,13249,8,6,2.107945
2946,3142,7,3,2.107618
459,5443,8,6,2.107428
10171,23468,8,2,2.10738
677,2497,6,5,2.106154
12507,17908,9,9,2.099694
2145,4036,10,10,2.098596
459,10238,6,6,2.097783
842,12716,8,8,2.094767
10171,13013,7,6,2.093109
3102,9405,9,8,2.088436
59,1135,7,6,2.087413
1516,1954,6,6,2.086428
598,869,9,6,2.086062
9593,9598,5,5,2.084956
9410,11860,10,10,2.083918
12647,12651,5,2,2.083154
2033,2270,6,6,2.080203
23150,24200,5,4,2.079621
7540,13970,7,7,2.076972
29696,29965,11,11,2.073294
1069,1079,6,6,2.073095
23157,30590,3,3,2.065881
955,2012,6,5,2.057851
6351,22196,5,5,2.05456
27397,27403,7,7,2.051731
27888,28016,9,9,2.051113
6125,7235,6,6,2.044976
3569,9454,7,5,2.044941
26282,26284,11,11,2.04335
3488,3658,6,6,2.04331
679,3244,9,9,2.041539
10464,10518,6,6,2.041408
27462,28960,8,8,2.040087
1666,17356,6,5,2.03778
6718,7173,7,6,2.036174
9497,20606,6,5,2.033008
7305,20910,5,5,2.031758
18601,20258,9,9,2.025962
14685,18703,10,9,2.02231
10233,10471,6,5,2.021247
350,426,7,7,2.018211
2811,5103,5,5,2.017639
5019,5656,7,6,2.015713
4816,27532,4,4,2.015107
17892,18421,10,10,2.014268
19256,24996,5,5,2.010346
10662,11820,5,4,2.009561
8177,8322,9,9,2.00781
230,249,10,9,2.005358
11011,12163,6,6,2.002593
8501,13426,7,7,1.997207
402,7154,7,6,1.991311
2,221,10,10,1.990461
26111,26192,11,11,1.987181
23096,23503,8,7,1.986958
6402,31132,7,7,1.984219
7206,16589,4,4,1.982248
27908,30330,5,5,1.982204
22636,23642,7,6,1.977533
18031,19448,10,10,1.976565
8791,14762,11,11,1.975182
14230,18303,7,7,1.969877
15247,15315,5,5,1.967435
3596,3645,6,2,1.964443
8316,9687,8,2,1.964186
6859,7243,9,9,1.960979
4456,6416,7,7,1.959318
7180,8774,6,6,1.955743
4159,6000,6,6,1.950514
497,16297,5,1,1.949356
19994,20008,6,6,1.948535
14434,17203,5,5,1.940725
12879,13172,8,8,1.940525
9674,15693,7,7,1.935722
20148,21104,5,5,1.93331
1207,13181,7,7,1.932337
59,2780,7,3,1.930116
14462,16262,7,7,1.929022
10586,12772,8,6,1.92778
17727,17728,5,5,1.9265
8344,9421,8,8,1.924805
26425,31020,5,5,1.924482
28862,28863,4,3,1.924155
869,1154,7,6,1.922075
1109,13592,5,5,1.921437
6061,6116,10,10,1.920533
19640,21863,8,8,1.917929
4502,13176,6,5,1.917792
11336,13247,5,5,1.915477
12300,18998,7,7,1.915476
5541,5664,6,5,1.913698
13117,16784,5,5,1.912294
3376,18463,5,5,1.907711
23341,23444,5,5,1.905974
837,10412,6,4,1.90433
6817,12673,12,12,1.904172
3584,4850,8,8,1.903312
23789,23796,5,5,1.901596
27047,27323,3,3,1.900793
6369,8334,10,10,1.898257
10303,10506,8,8,1.896062
3365,8990,6,6,1.894908
4816,6874,6,4,1.89415
16439,16568,4,3,1.894094
26204,26221,6,6,1.893062
1028,1326,4,4,1.89149
8012,8731,6,3,1.890415
22286,22313,4,4,1.888246
253,11325,8,5,1.879451
0,14462,6,6,1.876392
20525,20745,4,4,1.876078
11627,11639,6,6,1.874757
4008,4998,5,5,1.874341
3776,29392,4,4,1.871821
2134,3750,5,5,1.871525
9859,31056,7,7,1.869201
12788,29365,4,4,1.868824
11803,19527,5,5,1.868284
6726,25950,5,5,1.865025
17339,28431,3,1,1.864005
987,1608,7,7,1.860179
662,1960,5,5,1.859448
13700,13825,7,7,1.856882
59,12554,7,4,1.854236
2834,25119,7,7,1.852911
5275,8734,11,3,1.851843
16677,20027,9,1,1.848985
23318,24676,6,6,1.846535
8136,23468,7,3,1.844511
4483,8422,8,8,1.843931
9273,24675,8,8,1.843499
75,11940,5,5,1.842766
10929,10930,6,6,1.838837
9501,11337,5,4,1.836273
8952,10624,5,4,1.832159
25782,25974,6,5,1.829179
12171,21195,4,4,1.821531
13077,13448,4,1,1.820478
14977,28722,2,1,1.820478
29348,29594,2,1,1.820478
12237,27652,2,2,1.820478
16633,18752,7,7,1.816037
7180,8510,6,6,1.814665
970,7158,5,5,1.81232
1378,17363,6,6,1.806662
6007,7087,4,4,1.806541
9854,12304,6,6,1.805323
15713,24142,6,6,1.804542
23590,24721,7,7,1.802825
27834,28422,9,9,1.800871
18443,26975,5,4,1.799703
16828,29199,5,5,1.799315
18609,19541,4,3,1.798644
15599,16907,7,7,1.798367
23124,26672,5,5,1.796956
25013,25024,11,10,1.795313
2755,16860,5,5,1.792089
5719,15215,6,6,1.790422
6719,9142,6,6,1.790307
29388,29389,6,6,1.79021
6164,6170,8,8,1.783726
59,4884,4,3,1.781235
23597,27050,3,3,1.78
9897,20418,3,2,1.778828
9410,11912,8,8,1.77655
28297,31276,3,3,1.776503
16807,23891,5,5,1.773648
11320,11677,7,4,1.772506
8499,9440,5,5,1.770213
1208,3957,6,6,1.766398
22259,24492,5,5,1.763981
22583,22584,7,7,1.760585
5968,7165,5,5,1.757542
5304,5352,9,9,1.749444
20586,21014,5,5,1.748556
1186,16321,6,6,1.748267
22563,22684,4,4,1.745605
11774,18378,4,4,1.743937
3722,27907,6,6,1.73715
14747,14850,6,4,1.737122
5032,18008,3,3,1.737114
27033,29532,7,7,1.733508
10288,16240,7,7,1.732577
12912,13494,6,1,1.731234
13494,16178,6,1,1.731234
3491,3624,7,5,1.729855
3491,3596,5,5,1.729763
15067,22719,6,6,1.728765
15427,22719,6,6,1.728765
28456,29128,6,6,1.728543
6595,9433,4,4,1.725519
5159,15924,5,5,1.725327
5159,6575,5,5,1.725327
5159,11879,5,5,1.725327
14541,21325,9,9,1.722961
7693,9480,7,7,1.720664
14823,16726,6,5,1.720556
24908,25078,4,4,1.719357
993,3830,6,6,1.718997
10171,16400,6,4,1.718083
27403,27431,4,4,1.716972
5123,22849,5,5,1.715961
11874,15108,6,6,1.715148
10387,10421,5,5,1.712159
17606,21489,6,6,1.711547
24243,25106,4,4,1.708852
24173,25106,4,4,1.708852
3665,3909,8,6,1.707834
136,869,7,7,1.704647
1662,7328,7,7,1.704336
19340,19487,5,5,1.702506
10888,24950,4,4,1.700013
2695,11966,5,5,1.694381
1261,15363,8,5,1.694352
3145,22631,5,5,1.69258
11308,11314,9,9,1.689524
9500,11644,5,2,1.689337
10171,13249,5,4,1.687815
4284,10171,5,4,1.687518
19167,19804,5,5,1.68579
13546,15798,5,5,1.681457
19448,30283,9,9,1.681147
10296,10938,6,5,1.68058
7563,9348,9,1,1.680175
7696,8915,4,4,1.678624
16000,21518,4,4,1.676197
9497,11234,5,3,1.676026
18538,26840,7,7,1.675242
2729,10727,3,1,1.674332
6718,6719,6,5,1.673997
15619,20934,5,5,1.672168
4422,4564,6,6,1.670948
25080,27239,6,6,1.670113
13829,22910,3,3,1.669384
6458,8990,5,5,1.667935
9331,10059,4,4,1.667709
29757,29758,5,5,1.666222
469,28733,5,5,1.660816
5422,6460,3,2,1.659702
5422,6458,3,2,1.659702
19785,31286,8,8,1.658858
8566,13160,3,3,1.65734
26131,26354,6,6,1.655484
5945,17579,5,5,1.652732
4491,4726,6,6,1.651735
22664,29656,4,4,1.649795
6631,15497,7,7,1.648864
19675,19677,5,5,1.648693
23589,23612,6,6,1.646846
28862,29200,3,2,1.645099
28011,31051,6,6,1.643594
8191,20027,8,1,1.643543
295,3798,6,6,1.643376
9146,9335,5,5,1.642259
12849,13922,6,6,1.642241
19961,20888,4,4,1.640535
20194,20888,4,4,1.640535
19961,20194,4,4,1.640535
25158,25908,5,5,1.639345
23124,24477,5,5,1.638652
14913,15563,5,5,1.637371
4458,20020,3,3,1.636697
3729,7766,4,4,1.634909
11644,12346,9,2,1.6344
1599,9438,6,6,1.633513
8990,11041,6,6,1.633513
4011,18060,4,4,1.632696
7838,17351,5,5,1.632465
4215,4436,3,3,1.632465
491,514,6,6,1.631907
8619,17317,2,2,1.631587
11450,19964,2,2,1.631587
31481,31482,4,4,1.630175
5352,6102,10,10,1.629782
7191,23919,6,6,1.625969
6817,14313,10,10,1.625962
1371,8390,5,5,1.625628
3456,5766,7,7,1.62546
7191,20882,6,6,1.624922
24239,24589,5,5,1.62354
10171,13157,4,4,1.621755
6545,6679,5,4,1.621732
3091,4884,6,2,1.62132
13718,17083,4,4,1.620155
19593,24821,4,4,1.620048
24121,24388,4,4,1.618962
853,26906,5,5,1.61829
13312,22556,4,4,1.618285
22750,30330,4,4,1.612935
11838,22008,5,5,1.612318
459,3635,5,5,1.61137
6420,28082,3,3,1.611115
108,11320,6,2,1.610715
240,1167,4,1,1.609718
8363,11130,4,4,1.608386
2511,2681,5,5,1.607275
14360,14788,7,7,1.605616
25553,25930,4,3,1.604024
12346,15713,8,2,1.603959
5093,12161,5,5,1.599336
2336,2755,6,6,1.598088
1591,2511,3,3,1.59712
9099,10376,4,4,1.596027
459,2282,4,4,1.594239
77,6457,4,4,1.593322
6763,10171,4,3,1.59252
20125,20126,8,8,1.59107
19861,19874,3,2,1.589936
1229,13181,6,6,1.58636
5129,12298,6,5,1.585439
2365,2511,5,5,1.58484
5259,17052,4,3,1.584774
5688,14769,6,6,1.583213
8073,9040,4,4,1.582565
10945,22599,5,5,1.581426
2033,9226,4,4,1.575077
987,1920,5,5,1.574848
3317,7302,5,5,1.574779
1592,27011,6,6,1.571909
1207,1208,6,6,1.56999
1208,1229,6,6,1.56999
13664,13698,4,4,1.569732
11000,23154,3,3,1.567887
24869,24871,7,6,1.566689
16546,22700,3,3,1.566608
6181,6341,7,7,1.564434
213,299,4,4,1.563877
10133,10147,5,3,1.562572
7161,16087,4,4,1.561945
11174,11677,6,3,1.560513
6007,8615,4,4,1.560247
10092,10678,5,5,1.559166
11473,28651,3,3,1.557927
3624,3645,6,4,1.556774
20800,23899,4,4,1.556508
27768,28385,10,10,1.556133
2560,19432,4,4,1.555286
10171,13015,4,2,1.550175
8868,12155,5,5,1.549051
31271,31272,3,3,1.548222
13012,13922,5,5,1.547057
17262,20918,4,4,1.546368
1688,5664,5,4,1.545952
16262,23705,3,3,1.545513
26328,26538,5,5,1.544819
3566,17256,4,4,1.54415
5071,6073,5,5,1.544035
9778,10476,4,2,1.543398
3640,12445,7,7,1.542782
7681,9107,6,5,1.542186
16681,16682,3,1,1.541695
9556,22573,3,3,1.536528
16677,20576,10,1,1.534987
12262,14468,7,7,1.534633
13660,14293,6,6,1.534223
10171,17930,2,2,1.531574
22076,22077,2,2,1.531574
3346,9501,6,5,1.528057
14674,14734,7,7,1.526217
11686,21976,3,3,1.525422
29834,29908,6,6,1.524335
6457,8990,3,3,1.523936
1374,8344,6,6,1.522986
2288,2314,5,5,1.522274
2108,17265,6,5,1.520292
11761,23413,6,6,1.519508
628,1531,5,5,1.51949
628,3586,5,5,1.51949
3798,5511,8,8,1.518038
2495,2505,5,5,1.515992
26147,26388,5,5,1.515971
6166,6341,7,7,1.515344
1591,9331,7,7,1.514093
6628,13445,6,6,1.512337
89,5541,6,5,1.508672
23806,23842,4,4,1.506186
4177,4296,6,6,1.506028
22346,27302,7,7,1.505574
28857,28872,3,2,1.504188
13652,22939,6,6,1.503163
3306,27878,4,4,1.502288
15227,17503,6,6,1.50095
10133,10144,5,1,1.500508
14577,14672,3,2,1.499619
19756,29368,5,5,1.498755
7133,8476,5,5,1.498633
3280,13012,5,5,1.496661
19743,24611,6,6,1.495906
8570,13160,3,3,1.494104
19193,22603,4,4,1.494019
9348,17421,8,1,1.493488
5400,6627,6,6,1.492792
4458,5384,5,5,1.489031
1173,10171,5,3,1.488273
3729,5370,4,4,1.487786
10662,14991,4,3,1.484796
3971,20492,3,3,1.483671
1386,1393,5,5,1.479564
7184,10506,7,7,1.47903
24492,27277,4,4,1.478984
4816,8039,5,5,1.477581
5261,7093,5,5,1.476511
9501,9779,5,5,1.476071
891,18183,3,3,1.474439
26575,26645,7,6,1.472472
2442,5064,4,3,1.471676
6993,7672,9,9,1.471431
1916,2472,4,4,1.469768
10406,10407,4,4,1.468769
4452,6558,2,2,1.46835
619,28904,2,2,1.46835
5252,5289,5,5,1.467212
3322,5968,4,4,1.467097
18450,19524,7,6,1.464703
17153,17177,5,3,1.46267
19507,19577,3,3,1.462467
3508,3645,6,6,1.45939
5524,5827,7,6,1.457956
108,11765,5,4,1.456988
30807,31450,3,3,1.456041
993,13324,3,3,1.453253
22781,29623,5,5,1.452995
14543,29559,5,5,1.451293
9528,11912,8,8,1.450781
12554,12629,5,3,1.450658
8626,29145,5,5,1.449923
1126,5259,4,2,1.449799
3346,9497,6,6,1.447085
5894,23891,5,5,1.446916
13386,16952,5,5,1.443742
6904,7420,6,6,1.443428
6625,28848,2,2,1.442695
1419,6653,2,2,1.442695
12912,16178,5,1,1.442695
1093,1460,7,7,1.44145
9467,23080,4,4,1.440133
3672,13860,4,4,1.439797
1920,2033,4,4,1.439689
22346,30062,8,8,1.439233
13789,14265,3,3,1.438435
23386,24846,4,3,1.437579
13446,27419,9,9,1.43711
11280,13552,6,6,1.43631
1818,12419,5,5,1.436112
27243,27449,4,3,1.435855
3954,24956,3,3,1.434734
3531,3623,8,7,1.433139
6402,8115,4,4,1.431964
1376,26502,5,5,1.431899
10586,12456,5,5,1.431549
5781,7705,3,3,1.43055
28151,31309,6,6,1.428567
2282,2847,4,4,1.428
7732,28892,7,7,1.427706
2852,5783,4,4,1.427078
7514,7540,5,5,1.423973
7007,15724,7,7,1.420413
24860,27954,5,5,1.417026
13249,13623,3,3,1.415456
15924,16952,5,5,1.413054
9689,18722,5,5,1.412318
1871,3346,4,3,1.412247
3070,8094,7,7,1.412225
5159,11957,4,4,1.410669
11730,11786,4,4,1.405797
25296,25297,5,4,1.40573
26088,26173,8,3,1.405057
14521,17515,5,5,1.404455
16647,16862,3,3,1.401209
7329,7555,4,4,1.40012
15086,17441,3,3,1.399569
15059,22631,4,4,1.396056
10497,11929,7,7,1.395431
13576,23307,4,4,1.389575
21433,24494,4,4,1.388223
8073,8167,4,4,1.386684
16044,16378,5,5,1.386418
6789,9438,5,5,1.386175
4392,5963,4,4,1.384466
9508,17719,3,2,1.384228
22217,23454,5,5,1.38183
4241,4603,3,2,1.379181
9961,18212,6,6,1.379005
23324,23383,5,5,1.378715
534,21127,5,5,1.374689
459,5602,6,5,1.373696
1799,3541,6,6,1.373276
11874,13718,3,3,1.372817
2927,3737,6,6,1.372812
11748,13144,6,6,1.368223
5970,9217,3,1,1.365359
12841,17819,4,3,1.364162
324,677,4,4,1.364102
3015,13039,3,3,1.360551
10068,13039,3,3,1.360551
15059,21291,3,3,1.358889
26799,27131,6,6,1.358486
10224,20241,5,5,1.358233
7766,9454,3,3,1.357938
4177,4451,5,5,1.357036
2398,3889,5,4,1.356647
30025,30026,5,5,1.356469
23161,28475,5,5,1.355411
19853,20442,5,5,1.35465
22318,28881,8,8,1.352275
9299,15720,5,5,1.349628
3957,13181,5,5,1.349366
1207,3957,5,5,1.349366
1208,13181,5,5,1.349366
1229,3957,5,5,1.349366
13003,15481,8,8,1.346651
2939,3788,4,4,1.346523
5504,7808,5,5,1.34642
22006,22107,5,5,1.343708
8896,9063,5,4,1.343107
10084,10929,6,6,1.342857
26250,29184,2,2,1.342682
1920,4769,5,5,1.339772
7113,8406,3,3,1.338381
8396,10273,4,4,1.337585
27078,31264,5,5,1.333948
9887,11234,4,4,1.332108
15666,23724,3,3,1.330789
9124,19507,4,3,1.329496
643,3146,4,3,1.329052
32,17579,4,4,1.3287
11094,11696,5,5,1.328033
24882,25011,6,6,1.327403
4343,20861,2,2,1.327272
4296,6540,4,4,1.327219
59,3091,5,4,1.326967
921,1814,5,5,1.326145
7214,20169,6,6,1.326112
2462,26748,5,5,1.325508
2396,7237,4,4,1.322507
16486,18602,5,3,1.321361
1634,3750,3,3,1.320267
16882,27060,3,3,1.319063
3535,17064,3,3,1.317272
6457,9037,5,5,1.316732
3338,26906,4,4,1.313757
140,143,5,5,1.313557
1514,1559,5,4,1.31326
8715,9099,4,3,1.312824
3535,8990,5,5,1.309591
26523,29835,3,3,1.30912
2598,30007,5,5,1.308931
22624,22644,4,4,1.307991
8843,20032,5,5,1.307819
13652,22446,5,4,1.306114
0,58,8,8,1.305906
15110,15741,6,6,1.303384
57,1075,4,4,1.303286
20418,22749,3,1,1.302883
1,14462,5,5,1.302499
12,1051,7,7,1.301137
20549,20643,4,4,1.300684
18414,24866,3,3,1.300164
1107,2270,5,5,1.299647
1190,3320,5,5,1.297199
5708,14551,6,6,1.296091
11000,11256,4,4,1.294611
20811,21569,5,5,1.294386
18045,29368,4,4,1.293292
14543,27338,5,5,1.289662
5853,7838,3,3,1.289417
18036,18540,2,2,1.289162
6931,7233,4,4,1.288274
306,4142,4,4,1.282876
8862,17761,5,5,1.281569
3285,8990,4,4,1.280242
1589,4674,4,4,1.278874
3535,6457,4,4,1.27735
7151,16424,5,5,1.277058
18516,18721,3,3,1.276907
2878,2902,7,7,1.276591
5888,12651,4,1,1.275716
3317,7208,4,4,1.274678
17756,18432,3,3,1.274582
20124,31389,3,3,1.27219
7121,13570,5,5,1.271826
5888,8535,4,4,1.271162
24750,30049,6,6,1.270153
8107,8734,9,1,1.26938
2134,8734,9,1,1.26938
9497,16418,5,4,1.26889
14497,14537,4,4,1.268619
2268,2304,4,4,1.268552
6690,17289,4,4,1.266346
7154,9618,4,4,1.26471
14852,25402,5,5,1.26409
11151,28177,2,2,1.263195
2526,11696,4,4,1.260488
22643,22644,4,4,1.26007
402,869,4,4,1.259347
6862,22664,4,1,1.258632
3401,3475,4,3,1.256539
4228,20688,3,3,1.255121
21245,21322,4,4,1.254874
27247,27315,4,4,1.254373
9030,9672,4,4,1.254084
9030,12968,4,4,1.254084
21269,26054,4,4,1.253787
19756,28524,3,3,1.253207
11381,20969,5,5,1.251872
25294,25296,3,1,1.251097
22005,22366,6,6,1.249647
2526,29968,3,3,1.24934
12433,12613,4,4,1.247624
2144,5864,3,3,1.24666
21083,21084,3,2,1.24639
18518,25219,4,4,1.244771
18084,25325,2,2,1.244047
5129,12443,5,3,1.243698
28863,29200,2,1,1.24267
11310,25302,2,1,1.24267
22511,22771,2,1,1.24267
6557,14314,2,1,1.24267
2519,3704,2,1,1.24267
22190,22192,2,2,1.24267
14791,22388,5,5,1.242387
2971,17975,3,3,1.239843
3295,11834,4,4,1.239462
12179,22330,4,3,1.238459
11705,11708,4,4,1.237761
12456,13434,5,5,1.237586
7535,27397,3,3,1.237319
18318,20448,4,4,1.23648
20253,29359,7,7,1.23626
769,8990,2,2,1.235246
11820,20802,2,2,1.235246
10662,20802,2,2,1.235246
5970,6393,3,2,1.234862
17215,17767,4,4,1.23468
23222,24593,5,5,1.233247
27302,28196,4,4,1.232904
5888,7555,4,4,1.232616
988,1381,4,4,1.230339
6946,10163,3,2,1.229263
8590,16435,2,2,1.229168
22136,24752,4,4,1.228551
2009,2841,6,6,1.228071
19920,19957,5,4,1.227263
579,13269,3,3,1.226819
579,13372,3,3,1.226819
13269,13372,3,3,1.226819
4193,13269,3,3,1.226819
4193,13372,3,3,1.226819
3566,7045,4,4,1.225844
3110,3343,5,5,1.224214
17879,19584,3,3,1.223936
3208,4284,3,3,1.223256
2811,15674,3,3,1.222699
8715,10376,4,4,1.221805
22287,23897,4,4,1.217625
12315,13181,5,5,1.217091
1516,8330,3,3,1.216459
4539,20467,3,3,1.215919
8636,8637,3,3,1.215434
555,13959,4,3,1.215284
2717,10099,3,3,1.215064
2494,7132,5,5,1.21245
26516,29371,4,4,1.210895
19370,19422,4,4,1.208584
10084,10930,5,5,1.207295
17166,23921,2,2,1.207213
7514,13970,4,4,1.20438
8375,13778,3,2,1.204253
5380,5807,2,2,1.204253
7312,7812,5,5,1.204039
2288,2511,3,3,1.203089
31271,31273,2,2,1.202246
9937,18898,2,2,1.202246
31272,31273,2,2,1.202246
6007,24494,2,2,1.201446
14340,17622,5,5,1.201186
1225,2533,4,4,1.200042
9629,9639,3,3,1.199498
245,2033,4,4,1.199415
1585,6855,4,4,1.199162
8040,15481,7,7,1.197441
6545,8103,2,2,1.196239
3640,9142,4,4,1.195947
23941,25961,5,5,1.194608
23454,27354,4,4,1.192604
2078,6455,6,6,1.190393
1208,12315,5,4,1.18934
6726,25935,4,4,1.188974
96,1107,4,4,1.187525
10238,13955,3,2,1.187427
22345,22348,4,4,1.187173
1608,6855,5,5,1.186517
2677,9674,5,5,1.183389
944,10356,7,7,1.183149
3640,6718,4,3,1.181705
11416,28223,2,2,1.181324
6604,16637,4,2,1.180037
8837,17654,5,5,1.177707
989,28892,6,6,1.177122
31426,31450,3,3,1.17664
30807,31427,3,3,1.17664
24455,26437,2,2,1.176467
1229,3807,2,2,1.176467
15625,23984,5,5,1.176245
948,1283,4,4,1.174567
12806,15179,3,3,1.174374
10662,21499,3,2,1.174129
2958,13095,4,4,1.172949
15845,16968,3,2,1.172851
7722,11949,5,5,1.172785
25282,27806,5,5,1.172713
20446,21042,4,4,1.170066
3083,3145,3,1,1.169614
497,15332,3,1,1.169614
26293,26384,6,3,1.169067
12630,17761,5,5,1.168313
18542,23986,2,2,1.165861
3586,6667,6,6,1.164138
1531,6667,6,6,1.164138
3665,3762,5,5,1.163891
21369,25975,2,2,1.163324
25746,28711,3,3,1.163111
25,38,4,4,1.162574
18250,18480,5,5,1.161861
869,3495,4,4,1.161662
1366,4844,2,2,1.16093
10695,25164,2,2,1.159782
11066,15538,5,5,1.156481
27338,29559,4,4,1.155784
17326,17331,4,4,1.153144
2379,3376,6,6,1.152086
3449,8001,6,6,1.151352
3713,7211,4,4,1.151254
20659,26491,2,2,1.150688
15084,21144,3,3,1.150269
459,581,4,3,1.150022
110,1620,4,4,1.149578
13718,15108,3,3,1.148515
11900,19556,3,3,1.146527
4629,4889,5,4,1.146083
8115,31132,3,3,1.145965
22675,23520,4,3,1.144797
27878,30513,2,2,1.144066
5329,7426,4,4,1.143709
17820,18019,2,2,1.141855
1184,14463,2,2,1.140452
69,16770,4,4,1.139978
3280,20356,4,3,1.139314
15711,15958,2,2,1.13838
11644,12101,2,2,1.13838
10754,16947,3,3,1.138316
31117,31389,5,5,1.138038
10695,27270,3,1,1.13677
600,631,5,5,1.135761
5194,5195,5,5,1.135373
7745,17870,5,5,1.131808
25998,26000,4,3,1.130663
2786,8868,3,3,1.130451
24698,24705,3,3,1.130043
20471,22470,3,3,1.128694
5275,8107,8,1,1.128338
3429,6812,4,4,1.127891
31256,31291,2,2,1.127861
13923,14020,4,4,1.12779
23010,24865,5,5,1.127643
10107,10263,3,3,1.125685
28415,29085,2,2,1.125553
13336,22338,3,3,1.125297
3566,19810,4,4,1.123353
9348,13328,6,1,1.120116
16178,18898,4,2,1.119952
26303,29390,3,3,1.119894
1173,1335,2,2,1.118045
5166,5278,5,5,1.117861
14607,16677,6,3,1.117346
4659,8727,4,3,1.116979
5729,22828,3,3,1.116909
6672,14766,4,4,1.116141
21291,21292,3,2,1.113551
22945,30280,3,3,1.113255
2328,11949,4,4,1.11315
9442,11086,5,5,1.112854
11250,11770,3,3,1.112097
11000,21651,3,3,1.112097
4069,22567,3,3,1.112037
921,4142,2,2,1.112022
27977,28277,4,4,1.11051
25982,25983,3,3,1.109797
21143,22796,5,5,1.109709
24380,26535,4,4,1.108359
4991,9446,4,4,1.107172
1378,1789,4,4,1.106941
21292,22631,4,4,1.106801
1107,2365,4,4,1.10644
15113,23988,5,5,1.105399
3987,9195,5,5,1.105083
2576,7133,3,3,1.104887
6675,12213,4,4,1.104805
28196,30030,4,4,1.104539
772,11017,4,4,1.101251
5945,19522,2,2,1.100271
2511,17838,2,2,1.100271
3535,10171,3,3,1.098567
3640,11951,3,3,1.097461
9501,10047,4,3,1.096362
8615,19615,6,6,1.095837
18731,22535,3,3,1.095266
6696,18809,6,6,1.095192
6000,6186,3,3,1.095044
3342,22923,7,6,1.09488
25295,25296,4,4,1.093517
16699,18476,3,3,1.093203
6457,19911,4,1,1.091834
12343,24691,2,2,1.090617
7353,20652,5,4,1.088101
4816,8660,3,2,1.086305
18589,18619,3,3,1.086269
6114,20591,4,4,1.086101
4448,29030,4,4,1.085683
24623,24624,4,4,1.084968
47,23087,3,3,1.084766
5483,7200,4,4,1.084511
8837,20990,5,4,1.082317
18345,19371,3,3,1.081493
27302,30062,5,5,1.080843
9910,9958,4,4,1.08023
13874,14857,3,3,1.079004
9887,29281,3,3,1.077565
4253,9408,3,3,1.077173
10215,11400,5,5,1.07648
3285,6457,2,2,1.076455
271,1010,5,5,1.075868
687,16262,4,4,1.075859
11634,15702,4,4,1.075563
992,20918,2,2,1.074304
21865,21951,5,4,1.073976
20509,20611,4,4,1.073528
9934,18032,3,3,1.073247
4614,13633,6,6,1.072514
5888,6063,2,2,1.072009
7153,8030,2,2,1.072009
3060,3136,4,4,1.070794
17876,18874,3,2,1.068514
29314,29316,2,2,1.067324
29890,30581,2,2,1.067324
386,13813,3,3,1.067324
243,3024,4,4,1.06698
2314,7766,3,3,1.064085
22624,22643,3,3,1.063751
11320,11820,3,2,1.063713
11677,11820,3,2,1.063713
108,11820,3,2,1.063713
915,4723,2,2,1.063668
19905,22429,5,4,1.063343
1374,21845,4,4,1.062955
11874,17083,3,3,1.062044
15108,17083,3,3,1.062044
4023,14830,4,4,1.061682
18602,19350,4,2,1.061631
9314,16486,4,3,1.061631
15362,30473,3,3,1.061508
4632,7400,7,1,1.059755
388,14209,7,7,1.059386
388,15860,7,7,1.059386
60,118,5,4,1.058954
3180,9864,5,5,1.058788
4699,9102,3,3,1.057333
23395,23543,2,2,1.055629
15619,22544,3,3,1.055279
4534,19843,3,3,1.05512
12248,24300,3,3,1.05467
1184,1463,4,4,1.053873
11905,19784,3,2,1.051138
4184,21975,6,6,1.049996
7605,7656,5,4,1.04933
3675,8497,4,4,1.04782
2365,2971,5,5,1.047409
10662,11320,3,3,1.046596
8149,14996,6,6,1.043991
8149,14995,6,6,1.043991
9672,20488,3,3,1.043532
96,2033,4,4,1.043518
21472,29939,4,4,1.043517
9497,9687,4,3,1.043392
2755,6406,4,4,1.041307
108,10662,3,3,1.040695
14762,27852,6,5,1.03979
8990,11917,3,3,1.039395
29143,29151,2,2,1.039009
31344,31351,3,3,1.038807
1845,10892,2,2,1.038367
2018,8070,5,5,1.038316
10888,25908,4,4,1.038302
579,2862,4,4,1.038286
867,20498,3,1,1.037929
19166,27016,3,3,1.035241
13757,20350,4,4,1.033499
14747,17883,4,1,1.033271
13576,17883,4,1,1.033271
6437,8718,3,3,1.032324
16588,20527,3,3,1.032316
11256,24743,2,2,1.032015
25633,31036,3,3,1.031858
28196,30032,4,4,1.03132
6499,7143,3,3,1.029577
2033,8084,3,3,1.029428
4502,22994,3,2,1.028275
10312,23981,2,1,1.027797
21083,22160,2,1,1.027797
14247,16682,2,1,1.027797
18202,20044,3,3,1.027011
28938,28977,4,4,1.024344
1585,3503,3,3,1.024202
2425,2540,6,6,1.021809
306,890,3,3,1.021368
13095,22285,4,3,1.019725
1067,1070,4,4,1.019002
4640,17673,4,4,1.018897
13759,14091,5,5,1.018893
2024,4196,7,6,1.018826
8939,23685,5,5,1.014991
10174,10552,4,4,1.013595
16477,27435,3,3,1.013378
22956,23177,2,2,1.01323
26814,27080,3,3,1.012867
11008,17277,7,7,1.012239
13389,15057,4,4,1.011816
13922,16637,3,3,1.011508
17964,23891,3,3,1.01064
25975,25982,3,3,1.01002
4012,5775,3,3,1.009329
8001,18073,4,4,1.00911
4374,4468,4,3,1.00829
29056,30891,4,4,1.005238
23559,25833,7,7,1.005163
3013,3783,3,3,1.005016
81,7030,2,2,1.004926
29936,30183,6,6,1.00426
28223,28246,4,4,1.004245
8378,8617,7,7,1.003808
1818,12398,3,3,1.003434
3459,22521,7,7,1.003365
5574,5581,4,4,1.002659
10586,13434,4,4,1.001727
1435,17262,3,3,1.000949
19512,19522,2,2,1.000258
17579,19522,2,2,1.000258
17579,19512,2,2,1.000258
6604,11654,4,3,0.999792
10178,10182,3,3,0.999083
13640,14962,4,4,0.998848
1576,18698,5,5,0.997758
4560,10460,3,3,0.99734
10355,11746,3,3,0.995907
4406,4478,6,6,0.995177
11320,11972,3,3,0.994809
24649,26559,2,2,0.994797
386,5623,3,3,0.994625
3508,3624,4,4,0.994241
27077,31264,3,3,0.991308
27986,28054,4,4,0.989865
22127,22800,4,4,0.988511
9528,13932,4,4,0.986946
2314,22049,3,3,0.985102
2616,10276,4,4,0.984388
15389,27172,4,4,0.983105
15086,30279,2,2,0.982537
17441,30279,2,2,0.982537
2162,6339,4,4,0.981516
1908,3393,4,4,0.980519
3957,12315,4,4,0.980097
3607,11520,3,3,0.97906
31426,31427,2,2,0.975143
30807,31426,2,2,0.975143
31427,31450,2,2,0.975143
3693,20490,2,2,0.974432
13819,20490,2,2,0.974432
4837,17085,3,3,0.973537
6065,9061,3,3,0.973283
4195,4246,4,4,0.973237
2667,7405,3,1,0.970546
26130,28741,4,4,0.970295
20053,20054,4,4,0.970292
1,2019,3,3,0.968937
26061,26062,4,4,0.96856
6499,7089,4,4,0.967691
3019,8668,3,3,0.967117
8791,27852,6,6,0.965676
1358,2000,3,3,0.965323
13440,16361,4,4,0.965176
519,2891,4,4,0.964448
11178,15307,3,3,0.96423
12879,15747,3,3,0.963077
8758,9066,3,3,0.962786
27302,30030,3,3,0.961819
4511,18095,2,2,0.961797
3053,3190,2,2,0.961797
6636,9229,2,1,0.961797
1158,1466,4,4,0.961413
2078,5812,5,5,0.96127
8216,12638,4,4,0.961149
7200,23157,2,2,0.960958
17561,17584,2,2,0.96054
3376,20044,3,3,0.958779
9013,17380,3,3,0.958675
10662,16340,3,3,0.955976
9037,12336,6,2,0.955746
6131,10827,4,2,0.955421
1760,2892,3,3,0.954387
22914,23139,5,5,0.954075
11644,16693,3,2,0.953387
9323,9941,4,4,0.953137
24455,27799,2,2,0.952255
4769,5187,4,4,0.951486
60,23438,5,5,0.950689
22816,22841,3,3,0.950381
12419,12433,2,2,0.949794
5853,14608,2,2,0.949794
13337,17000,3,3,0.94913
1261,2336,3,3,0.948933
6931,20623,3,3,0.94865
7233,20623,3,3,0.94865
11591,17506,4,4,0.948548
19340,22941,2,2,0.948274
20617,24256,2,2,0.947982
10379,10848,3,3,0.947968
9501,11234,3,2,0.947677
11,13332,5,5,0.947438
4392,7426,3,3,0.946672
326,9549,3,3,0.94648
165,6862,3,1,0.943974
24459,24714,2,2,0.943035
18233,29699,5,5,0.941745
21245,21341,3,3,0.940829
20790,21699,6,6,0.939104
22945,23164,3,3,0.939067
17371,28140,6,6,0.938458
1514,1517,4,4,0.938158
2379,4196,4,3,0.937061
27372,27373,2,2,0.937034
27024,27263,2,2,0.937034
24870,24901,4,4,0.936947
2341,2777,2,2,0.936018
30194,31014,2,2,0.936018
2308,13395,3,3,0.934324
20678,21016,3,3,0.933569
967,6457,3,3,0.933147
91,10607,3,3,0.932949
7252,8613,2,2,0.930931
11204,24996,4,4,0.930047
11041,11336,3,3,0.929479
11879,16934,3,3,0.928621
5123,16934,3,3,0.928621
11217,14704,5,5,0.928503
22153,22350,4,4,0.927503
1217,2551,4,4,0.927477
6585,6586,3,3,0.927284
11045,16684,4,4,0.926819
8607,17317,2,2,0.925832
29026,29534,2,2,0.924903
10711,11452,2,2,0.924748
18308,21001,3,3,0.924473
12794,21439,3,3,0.924425
4323,6551,2,2,0.92313
5632,15333,6,6,0.922594
497,4253,3,3,0.921957
10662,15971,3,3,0.921398
11331,16062,4,4,0.920266
2270,4533,3,3,0.920082
6211,13563,3,3,0.919213
9474,10430,3,3,0.918986
2680,14890,5,5,0.918131
22217,27354,3,3,0.917697
29297,29542,4,3,0.91744
1291,9939,3,2,0.917284
13095,24046,3,3,0.916918
236,15596,2,2,0.916328
5384,20020,2,2,0.915349
4682,8990,2,2,0.915193
9530,10386,4,4,0.914457
1648,23483,4,4,0.913969
24391,24617,3,3,0.912969
14390,29369,3,2,0.912877
1468,5301,4,4,0.912682
8590,8661,3,3,0.912044
3091,5870,4,4,0.911166
14043,21273,2,2,0.911067
2249,11820,3,3,0.910823
17457,17663,1,1,0.910239
11949,15713,1,1,0.910239
4218,17854,1,1,0.910239
2719,2838,1,1,0.910239
16151,16292,1,1,0.910239
121,8990,1,1,0.910239
298,826,1,1,0.910239
20929,31061,1,1,0.910239
11996,17697,1,1,0.910239
3588,13963,1,1,0.910239
18411,20534,1,1,0.910239
11696,21336,1,1,0.910239
1371,5729,1,1,0.910239
29424,30361,1,1,0.910239
2892,17144,1,1,0.910239
1097,7867,1,1,0.910239
3470,11556,1,1,0.910239
26151,29532,1,1,0.910239
7535,11644,1,1,0.910239
18531,22121,1,1,0.910239
30854,30882,1,1,0.910239
16245,16447,1,1,0.910239
1910,2448,1,1,0.910239
6067,6937,1,1,0.910239
16112,24705,1,1,0.910239
6816,21154,1,1,0.910239
18836,25023,1,1,0.910239
9497,26971,1,1,0.910239
25399,31326,1,1,0.910239
1173,23138,1,1,0.910239
25900,28008,1,1,0.910239
3954,12240,1,1,0.910239
24129,24130,1,1,0.910239
18274,26449,1,1,0.910239
26648,27083,1,1,0.910239
3322,12276,1,1,0.910239
5661,10171,1,1,0.910239
28044,30453,1,1,0.910239
27294,29021,1,1,0.910239
3757,18573,1,1,0.910239
2488,5506,1,1,0.910239
16230,24745,1,1,0.910239
14125,22600,1,1,0.910239
10238,13200,1,1,0.910239
1788,1831,1,1,0.910239
11265,15666,1,1,0.910239
20617,23146,1,1,0.910239
1828,21609,1,1,0.910239
15756,24047,1,1,0.910239
19562,29587,1,1,0.910239
8191,20387,1,1,0.910239
26667,30791,1,1,0.910239
7600,10547,1,1,0.910239
8871,9449,1,1,0.910239
29074,29788,1,1,0.910239
1920,5111,1,1,0.910239
7110,14939,1,1,0.910239
7778,9365,1,1,0.910239
1943,30146,1,1,0.910239
1247,5872,1,1,0.910239
253,5952,1,1,0.910239
13343,27236,1,1,0.910239
26148,27702,1,1,0.910239
24505,24826,1,1,0.910239
29398,29399,1,1,0.910239
30442,30445,1,1,0.910239
26704,30385,1,1,0.910239
11234,11275,1,1,0.910239
7857,7999,1,1,0.910239
6154,6882,1,1,0.910239
13950,13962,3,3,0.910125
22105,22143,3,3,0.909782
6679,11451,3,3,0.909542
27332,30507,5,5,0.908856
2876,5917,4,4,0.908761
4010,12093,2,2,0.9087
75,3783,3,3,0.908345
8232,12081,3,3,0.90775
23538,24279,3,3,0.907462
9435,10885,2,2,0.904913
10642,13982,2,2,0.903947
3145,21291,2,2,0.90377
2278,10523,3,3,0.903594
3551,14196,3,3,0.903094
6091,10171,3,2,0.902992
27471,28242,3,3,0.902809
12898,13172,4,4,0.902059
9885,9893,4,4,0.901856
3317,14808,3,1,0.900305
4958,6366,5,5,0.899883
7787,10934,3,3,0.899201
13362,13729,3,3,0.898605
4422,7400,4,4,0.898579
18536,18961,6,6,0.898541
75,465,3,3,0.897713
768,3288,5,5,0.897351
412,538,4,4,0.896843
12550,29820,3,3,0.896548
1430,13963,3,3,0.896513
7087,8764,3,3,0.896302
1517,1559,3,3,0.895837
2154,6965,6,6,0.894948
4733,6602,4,4,0.894334
3645,6127,3,3,0.894229
3491,6127,3,3,0.894229
5688,8191,5,5,0.893908
9063,11089,4,3,0.892969
4286,10355,3,3,0.892654
3685,17235,2,2,0.891919
10171,11145,2,2,0.891919
23330,25066,3,3,0.890108
459,955,2,2,0.889414
295,6457,5,5,0.889395
14762,23922,5,5,0.889379
7224,9539,2,2,0.888252
12162,18089,3,3,0.887311
90,10796,3,3,0.887262
6457,12622,2,2,0.886569
3535,4790,3,3,0.885692
17656,18360,5,5,0.884489
9812,20189,6,6,0.884369
1,8990,2,2,0.884032
23416,24928,2,2,0.883328
8086,9778,2,2,0.883328
7184,10056,2,2,0.883168
16807,28718,2,2,0.883168
10136,24587,2,2,0.883168
11595,30021,3,3,0.883094
7722,9916,2,2,0.88195
25,9130,5,5,0.881944
22852,22853,3,3,0.881439
13963,17762,3,3,0.880797
5123,18150,3,3,0.880663
9497,10362,3,2,0.880608
27680,28582,4,4,0.880078
5422,11041,3,3,0.87891
16731,27332,6,6,0.877999
25013,31198,6,6,0.877962
25024,31198,6,6,0.877962
27231,28603,3,3,0.877656
3640,7173,3,3,0.87739
2379,7200,4,4,0.876847
1925,1936,3,3,0.874805
21767,24477,2,2,0.874572
22346,29376,2,2,0.874572
21369,25982,2,2,0.87442
21369,25983,2,2,0.87442
25022,25142,2,2,0.87442
13447,14887,3,3,0.873577
1815,3563,2,2,0.872741
4196,8142,2,2,0.872152
6457,17064,3,3,0.872052
28731,29120,3,2,0.871371
0,16262,3,3,0.871304
12409,20448,3,3,0.870914
11336,16784,2,2,0.87077
13117,13247,2,2,0.87077
13247,16784,2,2,0.87077
1871,2847,3,3,0.869889
772,7645,3,3,0.869419
4803,7474,3,3,0.868974
7045,19874,2,1,0.868589
9897,22749,2,1,0.868589
21086,23353,3,3,0.868289
5037,10930,4,4,0.867672
9687,12419,2,2,0.867613
1463,3990,2,2,0.866854
2451,9384,3,3,0.866517
27416,29699,6,6,0.866396
12136,12912,3,1,0.865617
22664,30392,2,2,0.865038
1107,3798,4,4,0.864214
3047,13716,3,3,0.8635
18311,22989,3,3,0.863395
15668,15983,3,3,0.862396
1091,2481,3,3,0.862342
6410,22928,5,3,0.862038
10796,12145,2,2,0.861524
6214,7722,3,3,0.861328
10145,23508,3,3,0.860185
1907,26748,3,3,0.859911
3729,8593,2,2,0.859822
493,3706,3,3,0.85952
10880,17318,3,3,0.858935
26131,27646,4,4,0.858007
6610,22374,3,1,0.857999
8502,14690,4,4,0.857965
29341,29354,3,3,0.856538
9411,11746,2,2,0.855085
1801,4506,5,5,0.854752
6402,21698,4,4,0.854664
8293,8944,3,3,0.854191
15546,15931,3,3,0.854113
353,7790,2,2,0.853522
20148,22012,2,2,0.853522
21104,22012,2,2,0.853522
1972,7211,4,4,0.853064
25350,25703,3,3,0.852555
4889,4918,4,4,0.852069
4629,4918,4,4,0.852069
7135,15603,4,2,0.851281
7233,23542,3,3,0.850547
1234,1920,2,2,0.850197
10094,10297,2,2,0.850168
10743,12131,2,2,0.850168
16252,17276,2,2,0.850168
6813,17964,2,2,0.849317
6813,16807,2,2,0.849317
2918,25702,4,4,0.848612
25020,27144,3,3,0.847897
11256,19074,2,2,0.847707
18633,21865,5,5,0.847484
21300,25445,4,4,0.847381
7288,16807,2,2,0.84665
13120,23590,2,2,0.84665
2033,4204,3,3,0.84663
2134,5275,6,1,0.846253
29450,29699,5,5,0.846217
1021,17110,4,4,0.845934
1412,27427,3,3,0.845621
459,6294,2,2,0.844991
26707,27708,3,3,0.844759
20020,21155,2,2,0.84412
3729,7690,2,2,0.84411
179,6610,3,2,0.843084
64,11008,5,5,0.842736
3684,11987,2,2,0.842357
10888,23107,2,2,0.841572
22407,22408,3,3,0.841197
22389,22396,3,3,0.841197
8975,24482,4,4,0.841075
30220,30346,3,3,0.84021
540,1107,3,3,0.839673
15474,15539,4,4,0.838864
6458,13687,3,3,0.838351
27680,28813,4,4,0.838246
13580,14766,3,3,0.837794
14808,21292,3,3,0.837519
21965,24258,2,2,0.837414
554,1184,3,3,0.836726
166,3808,2,2,0.836724
11845,13740,3,3,0.836667
10202,10573,2,2,0.836648
3572,9817,3,3,0.836033
459,3312,5,1,0.83557
17899,28561,3,3,0.835536
25295,25297,3,3,0.835199
890,984,3,3,0.834711
5754,6567,2,2,0.834065
25294,25297,2,1,0.834065
7115,8173,3,3,0.83388
22338,23802,2,2,0.833854
4011,10171,2,2,0.832868
5089,11987,2,2,0.832827
3640,10695,2,2,0.830948
25097,25871,2,2,0.829494
5703,9512,3,3,0.829468
4126,4357,2,2,0.829196
25215,25244,3,3,0.829164
7787,10774,3,3,0.828732
14330,15318,3,2,0.828484
5822,14732,2,2,0.827393
9199,9475,4,4,0.827334
14221,15528,4,4,0.827091
157,7722,2,2,0.826875
17319,17321,2,2,0.826875
11894,16723,2,2,0.826875
15713,16693,2,2,0.824389
4272,5729,2,2,0.824166
3306,4329,2,2,0.824166
18194,19000,2,2,0.823983
15978,16003,3,3,0.823479
4106,5452,3,3,0.822349
3954,4252,3,3,0.820692
7658,7791,4,4,0.819965
2853,29094,3,3,0.817444
25080,25227,3,3,0.81739
27270,27661,2,2,0.817311
28158,29965,5,5,0.816571
3119,3120,3,3,0.815264
136,597,4,4,0.814787
9030,14701,2,2,0.814707
8412,12281,2,2,0.814707
4196,24275,4,4,0.813575
1871,11157,2,2,0.813218
28027,28273,3,3,0.810803
23691,25209,3,3,0.810038
112,5142,3,3,0.809654
1107,2511,2,2,0.809357
13355,22636,3,3,0.808444
14850,15694,2,2,0.808076
7133,7604,2,2,0.807912
3091,12554,3,1,0.807848
12554,17156,3,1,0.807848
23558,28720,2,2,0.806904
2206,25919,3,3,0.806812
240,22279,2,1,0.804859
4011,18898,2,1,0.804859
1167,22279,2,1,0.804859
11207,12860,2,1,0.804859
4691,12860,2,1,0.804859
4691,11207,2,1,0.804859
15558,19340,2,2,0.804074
30352,30363,4,4,0.803828
459,7612,2,2,0.803564
23517,29017,3,3,0.802335
2808,4444,3,3,0.802102
4481,9170,3,3,0.802081
435,1608,3,3,0.801931
2511,3623,2,2,0.801096
2336,14610,3,3,0.798609
12456,12772,3,2,0.797902
27553,31201,2,2,0.795956
19494,20990,2,2,0.795956
26104,30543,2,2,0.795956
17052,17054,2,2,0.795956
6607,21924,3,3,0.79573
6607,23023,3,3,0.79573
43,21924,3,3,0.79573
6607,23669,3,3,0.79573
43,23023,3,3,0.79573
11891,21924,3,3,0.79573
11891,23023,3,3,0.79573
11891,23669,3,3,0.79573
21924,23023,3,3,0.79573
21924,23669,3,3,0.79573
43,23669,3,3,0.79573
4142,4454,3,3,0.79471
108,2249,2,2,0.794288
22478,23348,5,5,0.794267
19521,22861,4,4,0.793252
10404,10407,2,2,0.791566
10822,17174,4,4,0.790836
20705,21051,4,2,0.790661
16486,19350,3,2,0.790546
9314,18602,3,3,0.790546
10171,11936,3,3,0.79025
6778,7651,5,5,0.790165
3083,3190,4,4,0.790022
3083,3238,4,4,0.790022
18345,27876,2,2,0.788928
10828,26100,4,3,0.788603
2846,16573,2,2,0.787826
27969,27971,3,3,0.787359
1554,1856,2,2,0.787251
6457,17381,2,2,0.786857
6457,17382,2,2,0.786857
17381,17382,2,2,0.786857
19466,26862,4,4,0.786316
12675,16937,3,3,0.785233
10321,10769,4,4,0.784929
11381,20923,4,4,0.78431
11022,19343,5,5,0.784155
19343,25545,5,5,0.784155
10740,19343,5,5,0.784155
19343,22990,5,5,0.784155
9615,11030,3,3,0.784006
13623,23468,3,1,0.783568
28389,30314,5,5,0.782903
598,9948,3,3,0.782341
1154,3495,4,4,0.782003
3495,4655,4,4,0.782003
5639,10715,4,4,0.78183
17898,18131,3,3,0.781681
2600,14796,4,1,0.781556
5834,22279,4,1,0.781556
443,15844,2,2,0.781353
4625,29778,2,2,0.781237
2126,7480,2,2,0.779742
23017,26911,2,1,0.779742
8644,15332,2,1,0.779742
6209,18630,2,2,0.778635
5420,15559,3,3,0.778479
25208,28176,5,5,0.778387
245,249,5,4,0.777717
20055,22553,3,3,0.777365
1491,5764,2,2,0.776596
2546,16353,2,2,0.776215
9444,16299,3,3,0.776038
32,5945,3,3,0.776027
3148,12021,3,3,0.7759
18472,20051,3,3,0.775407
19929,22906,3,3,0.775386
9364,9429,3,3,0.774434
8001,12395,2,2,0.774049
114,15215,2,2,0.773918
20797,30913,5,5,0.773844
24161,24255,2,2,0.773424
2126,18966,2,2,0.772729
3563,7535,2,2,0.772729
7696,11730,3,3,0.772502
11295,11697,2,2,0.772105
10405,10662,2,2,0.771689
10405,15971,2,2,0.771689
10405,11320,2,2,0.771689
11320,15971,2,2,0.771689
23101,24611,3,3,0.771154
24624,24648,3,3,0.770978
54,6125,2,2,0.770855
26743,26761,3,3,0.770579
12447,30913,5,5,0.77038
21050,21322,3,3,0.769951
4126,10780,2,2,0.769644
11888,13697,2,2,0.769588
15934,16092,2,2,0.769437
989,21063,5,5,0.769425
3729,8595,2,2,0.768794
3729,11940,2,2,0.768794
17542,17633,2,2,0.767724
5138,7335,3,3,0.767548
29545,29590,4,3,0.767148
13295,21191,2,2,0.766983
3954,5853,4,4,0.766873
5853,7200,4,4,0.766873
16000,19349,3,2,0.766303
8191,11174,3,2,0.764078
10662,11972,2,2,0.76388
4491,5155,3,3,0.763303
423,1107,2,2,0.763103
1386,3945,2,2,0.763009
2614,11774,2,2,0.763009
5853,9385,2,2,0.763009
136,359,2,2,0.763009
9385,14110,2,2,0.763009
5853,14110,2,2,0.763009
5729,21196,2,2,0.763009
6,48,2,2,0.762753
24421,31100,3,3,0.762637
2379,3720,2,2,0.762377
24190,24272,3,3,0.762303
4504,6719,2,2,0.762165
465,3783,2,2,0.762047
847,10238,2,2,0.762047
8191,14607,4,3,0.761082
4498,4548,2,2,0.761063
3428,21782,3,3,0.76075
1563,24052,3,3,0.759564
11204,19256,3,3,0.759204
2525,5794,2,2,0.759141
1591,11174,3,3,0.758888
108,1591,3,3,0.758888
423,4787,3,3,0.757996
22634,27236,2,1,0.757846
22634,26813,2,1,0.757846
5661,11949,2,1,0.757846
18861,24332,2,2,0.757846
3637,17563,2,2,0.757836
5677,24492,3,3,0.757637
2755,14610,3,3,0.757057
7400,16510,5,1,0.756968
4719,5784,2,2,0.756656
7326,7766,2,2,0.756389
5394,15963,3,3,0.756172
2442,3414,3,3,0.755624
1954,6393,3,3,0.75562
14494,14495,2,2,0.755392
3416,11520,2,2,0.755261
21767,23357,2,2,0.753857
8695,10356,4,4,0.75245
13915,14150,3,3,0.752159
2446,2507,2,2,0.752094
22221,22599,3,3,0.751868
16978,29236,3,3,0.751661
8946,26500,3,3,0.750905
12811,13088,2,2,0.750841
125,998,4,4,0.750796
19,2005,4,4,0.750333
20,2005,4,4,0.750333
1430,11030,3,3,0.750112
353,1463,2,2,0.749134
5380,8375,2,2,0.749134
9779,9899,2,2,0.749134
5380,13778,2,2,0.749134
4146,5369,2,2,0.748406
423,3685,3,3,0.748208
9556,16153,3,3,0.747833
18663,18781,4,4,0.74781
59,1463,3,2,0.747081
1135,4884,3,2,0.747081
2780,4884,3,2,0.747081
2079,9084,4,4,0.746771
3640,6457,2,2,0.746326
3640,9901,2,2,0.746326
6457,9901,2,2,0.746326
8145,9882,4,4,0.746004
5119,9998,3,3,0.744415
11336,13494,2,2,0.743659
1049,12609,3,3,0.743046
2138,27313,3,3,0.742431
1078,2506,3,3,0.74237
7838,10144,2,2,0.742053
967,17064,2,2,0.740548
21531,21636,2,2,0.739597
29428,29709,2,2,0.73959
20253,26398,4,4,0.739307
13097,16176,2,2,0.738698
13999,28904,2,1,0.738539
7208,10202,2,1,0.738539
13977,14431,2,1,0.738539
7302,10202,2,1,0.738539
15483,31405,2,2,0.738448
7143,9790,2,2,0.736386
28714,29359,5,5,0.736329
9917,10427,2,2,0.736238
24162,25256,2,2,0.736238
3640,9487,5,5,0.735242
4196,6925,5,5,0.735242
17427,27419,5,5,0.735242
6915,11987,5,5,0.735242
6915,20027,5,5,0.735242
11987,20027,5,5,0.735242
1993,15546,5,5,0.735242
3316,15376,5,5,0.735242
6363,7556,3,3,0.735154
2359,6792,3,3,0.733964
24852,25696,4,4,0.733753
347,415,3,3,0.733547
13540,13889,4,4,0.733336
1379,3541,3,3,0.733206
108,1798,3,3,0.73293
43,58,5,5,0.732599
17876,18530,2,2,0.731879
18045,29396,2,2,0.73169
5377,6351,2,2,0.73169
12315,14107,3,3,0.731671
19,6303,3,3,0.731671
13969,14169,3,3,0.731548
12609,15057,2,2,0.731378
1056,5452,3,3,0.731238
20959,21009,2,2,0.729943
8660,9484,2,2,0.729495
5147,26523,2,2,0.728769
626,14610,3,3,0.72855
11874,17437,2,2,0.728236
15108,17437,2,2,0.728236
21332,28175,2,2,0.7277
43,6764,5,5,0.727281
4129,14035,4,4,0.725906
22573,23952,2,2,0.725501
3365,12277,2,2,0.724899
8990,12277,2,2,0.724899
5970,11005,2,2,0.724402
1107,1634,2,2,0.724402
6458,11041,2,2,0.72396
15466,16421,3,3,0.722674
1105,5159,2,2,0.722225
2472,7485,2,2,0.721359
14166,14310,2,2,0.721359
1916,7485,2,2,0.721359
2618,4228,1,1,0.721348
6489,10173,1,1,0.721348
8607,8619,1,1,0.721348
6643,6878,1,1,0.721348
13963,16295,1,1,0.721348
9935,10369,1,1,0.721348
29604,29868,1,1,0.721348
31282,31289,1,1,0.721348
7459,9875,1,1,0.721348
20219,24312,1,1,0.721348
5656,5865,1,1,0.721348
417,26829,1,1,0.721348
9470,11424,2,1,0.721348
23075,23252,1,1,0.721348
1105,5985,1,1,0.721348
417,20287,1,1,0.721348
13098,17899,1,1,0.721348
2488,5324,1,1,0.721348
20287,26829,1,1,0.721348
19489,21865,2,1,0.721348
13873,30129,1,1,0.721348
25,20044,1,1,0.721348
7766,17508,1,1,0.721348
1398,5398,1,1,0.721348
7224,15226,1,1,0.721348
20636,20708,2,1,0.721348
9496,20708,2,1,0.721348
7437,13261,1,1,0.721348
5109,15534,1,1,0.721348
9668,20256,1,1,0.721348
16262,17584,1,1,0.721348
16262,18417,1,1,0.721348
17584,18417,1,1,0.721348
10171,17064,1,1,0.721348
2564,3566,1,1,0.721348
11362,24743,1,1,0.721348
4220,12172,1,1,0.721348
1193,17463,1,1,0.721348
1151,17918,1,1,0.721348
12790,14952,1,1,0.721348
5089,17860,1,1,0.721348
12790,14939,1,1,0.721348
9539,15226,1,1,0.721348
23728,25301,1,1,0.721348
11920,20885,1,1,0.721348
2871,16787,1,1,0.721348
23728,23784,1,1,0.721348
21514,22683,1,1,0.721348
23075,23122,1,1,0.721348
22779,22981,1,1,0.721348
126,10999,1,1,0.721348
19843,22423,1,1,0.721348
19843,20601,1,1,0.721348
9972,22423,1,1,0.721348
7812,8140,1,1,0.721348
18414,22855,1,1,0.721348
2066,2085,1,1,0.721348
13325,21590,1,1,0.721348
5781,21590,1,1,0.721348
6007,21433,1,1,0.721348
21518,22771,1,1,0.721348
5729,11696,1,1,0.721348
5729,23017,1,1,0.721348
11696,23017,1,1,0.721348
14939,14947,1,1,0.721348
10140,10412,1,1,0.721348
2345,3535,1,1,0.721348
30819,31086,1,1,0.721348
7397,21392,1,1,0.721348
13055,18052,1,1,0.721348
236,13995,1,1,0.721348
9497,21014,1,1,0.721348
16713,16714,1,1,0.721348
9779,21014,1,1,0.721348
459,11161,1,1,0.721348
2363,15861,1,1,0.721348
1043,5729,1,1,0.721348
108,3535,1,1,0.721348
8397,9972,1,1,0.721348
740,9937,1,1,0.721348
8355,15702,1,1,0.721348
8088,9037,1,1,0.721348
2359,10518,1,1,0.721348
26904,28361,1,1,0.721348
13210,27203,1,1,0.721348
7696,11786,1,1,0.721348
10243,17563,1,1,0.721348
11739,18553,1,1,0.721348
3890,10662,1,1,0.721348
19928,22671,1,1,0.721348
108,2345,1,1,0.721348
8819,9176,1,1,0.721348
6457,9176,1,1,0.721348
6457,8819,1,1,0.721348
6089,8149,1,1,0.721348
9763,11046,1,1,0.721348
16196,18943,1,1,0.721348
6007,18943,1,1,0.721348
6007,16196,1,1,0.721348
8621,17117,1,1,0.721348
6653,9763,1,1,0.721348
5853,12577,1,1,0.721348
326,13982,1,1,0.721348
6540,10263,1,1,0.721348
81,1041,1,1,0.721348
3890,11441,1,1,0.721348
1041,7030,1,1,0.721348
740,18898,1,1,0.721348
16304,28612,1,1,0.721348
4011,20393,3,3,0.720843
5523,7583,3,3,0.719889
11234,18414,3,3,0.719453
2379,18202,2,2,0.719377
3022,8306,3,3,0.719169
7927,7929,4,4,0.718837
787,1839,3,3,0.718822
27386,27464,2,2,0.718546
8396,10055,3,3,0.718105
22861,22892,2,2,0.71807
1851,13544,2,2,0.717817
7540,14833,2,2,0.717817
6112,6526,4,4,0.717658
1991,8483,5,5,0.717113
6575,16934,2,2,0.717088
13386,16934,2,2,0.717088
15924,16934,2,2,0.717088
5159,16934,2,2,0.717088
2780,5735,3,3,0.716482
9509,10711,3,3,0.715821
14251,14296,2,2,0.715246
5147,12629,3,3,0.714172
13342,15534,2,2,0.71401
2431,6493,2,2,0.714007
2529,16588,2,2,0.713387
2019,12956,2,2,0.713387
25080,29016,2,2,0.713237
25080,29012,2,2,0.713237
459,3803,3,2,0.713151
1067,1748,2,2,0.712731
11749,19029,4,4,0.712432
5282,7492,3,3,0.711902
1055,1596,3,3,0.711786
29617,30230,3,3,0.71144
20585,22449,2,2,0.711232
22326,26019,2,2,0.711046
2473,2523,3,2,0.710271
17964,26134,2,2,0.709504
16807,26134,2,2,0.709504
2511,2546,2,2,0.708893
9194,9254,2,2,0.7088
23143,24263,2,2,0.7088
4382,18545,2,2,0.708204
7557,18155,3,3,0.707531
8660,15675,2,2,0.707382
5920,11917,3,3,0.707309
26996,27220,2,2,0.707253
6182,20714,3,3,0.707023
21201,21614,2,2,0.70665
12629,29772,2,2,0.70665
459,1291,2,2,0.70665
1435,1568,2,2,0.70665
8791,23922,4,4,0.70664
6457,10059,2,2,0.705912
11286,13050,2,1,0.705912
2033,2946,2,2,0.705571
18667,23390,2,2,0.705571
5275,12651,5,1,0.705211
5275,11197,5,1,0.705211
5275,10171,5,1,0.705211
4296,4355,2,2,0.704817
8425,17710,3,3,0.704752
8454,8580,4,4,0.703516
1004,8874,3,3,0.702867
18802,19186,3,3,0.702762
7776,9501,2,2,0.701398
6883,8191,3,3,0.701013
12702,21732,2,2,0.700167
1447,1459,3,3,0.699804
1107,3945,2,2,0.699491
18538,26521,2,2,0.699303
26521,26840,2,2,0.699303
7200,10171,2,2,0.699153
867,11654,2,2,0.698932
9497,9899,2,2,0.698377
4193,11041,2,2,0.697728
6604,19078,2,2,0.697728
16413,16467,2,2,0.696799
1609,15713,4,1,0.694577
11917,24024,2,2,0.694482
2314,3729,2,2,0.694482
1668,21767,2,2,0.694482
3528,3987,3,3,0.693859
9929,12357,2,2,0.692579
540,2280,2,1,0.691953
1870,2257,2,1,0.691953
1870,2653,2,1,0.691953
2257,2653,2,1,0.691953
10946,11177,3,3,0.691592
13919,23716,3,3,0.691523
3808,4777,2,2,0.690969
8064,10001,2,2,0.690497
24028,24176,2,2,0.689991
7302,15059,2,2,0.689973
25,181,4,4,0.689581
850,10405,2,2,0.688629
16683,16774,3,3,0.688472
7140,23765,3,3,0.688395
474,21330,3,3,0.687726
13641,24742,2,2,0.685851
4816,26813,2,2,0.685851
18624,18958,3,2,0.684859
13041,17031,3,3,0.684673
27005,29763,2,2,0.684579
10595,11478,2,2,0.683885
10235,22124,2,2,0.683696
10888,23634,3,3,0.68274
14541,21263,4,4,0.681729
25876,28031,3,3,0.681571
6499,15300,2,2,0.681485
11055,13013,2,2,0.679937
21915,21922,2,2,0.679784
6457,9130,2,2,0.679784
21236,29467,2,2,0.679784
3365,6457,2,2,0.679784
568,6804,2,2,0.679784
2016,11602,4,4,0.679676
2843,14347,4,4,0.679572
4193,8149,2,1,0.679247
14098,19940,2,1,0.679247
18007,23520,2,1,0.679247
22374,26041,2,1,0.679247
4293,6608,4,4,0.678563
665,932,3,3,0.678476
14029,18601,4,4,0.678303
13769,18601,4,4,0.678303
24453,25017,2,2,0.678222
1789,17363,2,2,0.677945
465,1845,2,2,0.677904
6499,20589,3,3,0.677751
30875,31189,2,2,0.677337
12115,13188,2,2,0.676271
13013,16400,2,2,0.676197
3785,11690,2,2,0.676197
27592,27595,3,3,0.675678
14823,18322,2,2,0.675281
29542,30721,3,3,0.674821
7862,7864,3,3,0.674467
2380,15466,2,2,0.673605
19452,29440,2,2,0.673515
180,8606,2,2,0.672124
17333,30891,3,3,0.67143
4844,5781,2,2,0.669492
5812,6455,3,3,0.668885
5802,11252,3,3,0.668757
5282,5459,3,3,0.66824
13179,15717,2,2,0.667864
15686,17337,3,3,0.667486
2442,7261,3,3,0.666664
459,1608,2,2,0.665458
4456,30038,2,2,0.665127
9763,11174,2,2,0.665127
3346,4146,2,2,0.665127
3145,21292,2,2,0.664923
3954,9763,2,2,0.664905
1871,10238,3,3,0.664669
4809,6807,3,3,0.66446
16054,16055,2,2,0.664087
7312,9800,3,3,0.663746
7812,9800,3,3,0.663746
12598,31270,2,2,0.663624
8528,11481,2,2,0.663624
7652,8857,2,2,0.663624
75,2033,2,2,0.663283
8697,10731,3,3,0.663282
7932,10333,4,4,0.662548
4422,7447,3,3,0.662401
113,862,2,2,0.66189
597,869,3,3,0.661358
13362,13733,2,2,0.660775
13729,13733,2,2,0.660775
14209,24455,2,2,0.66024
3604,8156,2,2,0.659884
7277,7279,3,3,0.659258
2958,22285,3,3,0.659051
14804,14841,3,3,0.658781
18031,23630,3,2,0.658748
18744,29103,3,2,0.658748
540,987,3,3,0.658726
29053,29169,2,2,0.657648
459,5699,2,2,0.657324
2314,8347,2,2,0.656917
12849,17160,2,2,0.656917
3566,8347,2,2,0.656917
21322,21732,2,2,0.656917
16637,17160,2,2,0.656917
8896,11089,3,2,0.656792
13979,14043,2,2,0.656369
14261,16342,2,2,0.655861
23576,31197,3,3,0.655425
18868,26466,3,3,0.65521
3954,10171,2,2,0.654941
11926,16374,3,3,0.654216
3632,24093,3,3,0.654191
2380,17910,2,2,0.654165
2380,18046,2,2,0.654165
4334,21983,2,2,0.653794
7540,18031,2,2,0.653145
629,750,2,2,0.652904
18268,21450,3,3,0.652778
2827,3622,2,2,0.652737
6,52,2,2,0.651917
6,915,2,2,0.651917
6,604,2,2,0.651917
52,915,2,2,0.651917
581,14967,2,2,0.65188
14018,15679,2,2,0.65097
14833,18031,2,2,0.650738
20974,21300,3,3,0.6501
20974,25445,3,3,0.6501
5781,15334,2,2,0.650008
83,1330,3,3,0.649915
2033,3387,3,3,0.649907
16878,18360,3,3,0.649489
8721,16153,3,2,0.648568
375,10943,2,2,0.648466
8537,14747,2,1,0.647031
37,599,2,1,0.647031
23567,24200,2,1,0.647031
1920,6830,2,2,0.646673
14309,18244,2,2,0.646551
14261,18244,2,2,0.646551
3285,10178,3,3,0.64617
2365,4674,2,2,0.646078
11889,28384,3,3,0.645608
13012,16637,2,2,0.644476
1052,8911,3,3,0.643189
26554,26609,2,2,0.643117
7028,16000,2,2,0.642956
23124,25126,2,2,0.64295
987,1107,2,2,0.64295
5420,5619,2,2,0.642879
5619,15559,2,2,0.642879
2912,10673,2,2,0.642811
2328,9916,3,3,0.642361
22987,28036,2,2,0.642281
2365,2379,2,2,0.640736
30190,30765,2,2,0.640259
30190,30725,2,2,0.640259
30725,30765,2,2,0.640259
16199,16226,2,2,0.63999
16206,16226,2,2,0.63999
9382,17449,2,2,0.639414
8771,27003,3,3,0.639376
17351,23728,2,2,0.639126
28786,29442,2,2,0.639126
11234,15713,3,3,0.639119
4477,11522,2,1,0.637858
9501,10202,2,1,0.637858
4477,7477,2,1,0.637858
22004,22601,2,1,0.637858
1091,12651,2,1,0.637858
7477,11522,2,1,0.637858
81,623,2,2,0.637221
2681,14196,2,2,0.637221
22121,22621,2,2,0.637221
236,1107,2,2,0.637183
3179,3725,3,3,0.636833
4743,9763,2,2,0.636597
16867,20289,2,2,0.635926
887,7142,3,3,0.635877
955,6125,2,2,0.635386
28238,28239,2,2,0.634406
786,11098,2,2,0.634111
9454,9461,2,2,0.634046
27516,30432,2,2,0.633637
21132,22621,2,2,0.633258
7792,16043,2,2,0.631976
1225,6804,2,2,0.631976
1225,7792,2,2,0.631976
1225,16043,2,2,0.631976
2936,22657,2,2,0.631976
24815,27992,2,2,0.631967
1055,5079,2,2,0.631872
4559,8769,4,4,0.631284
5324,8644,2,2,0.631234
11820,15090,2,2,0.63083
459,8537,2,2,0.630443
14208,17622,2,2,0.630443
14208,14340,2,2,0.630443
13158,17974,3,3,0.628988
22485,22978,3,3,0.628987
29034,31298,2,2,0.628733
29034,31525,2,2,0.628733
31298,31525,2,2,0.628733
12609,16428,3,3,0.628569
6874,8039,2,2,0.62856
10695,17906,2,2,0.628466
6318,6759,3,3,0.628063
22326,24445,2,2,0.6274
4008,5249,2,2,0.627349
7959,22898,2,2,0.626866
7538,13341,2,2,0.626261
29858,29859,2,2,0.626045
29010,30819,2,2,0.62591
13400,20672,4,4,0.625698
24365,24367,2,2,0.625325
8649,9011,2,2,0.625325
9011,24367,2,2,0.625325
8649,24365,2,2,0.625325
9011,24365,2,2,0.625325
8649,24367,2,2,0.625325
25937,28720,3,3,0.62502
3103,5908,3,3,0.62414
1365,6575,4,4,0.623759
1576,7066,4,4,0.623707
2,28385,4,4,0.622521
10346,11041,2,2,0.621941
8723,11263,2,2,0.621941
27417,28071,1,1,0.621335
11325,13873,1,1,0.621335
3640,7288,1,1,0.621335
633,3990,1,1,0.621335
28116,28174,1,1,0.621335
19930,28174,1,1,0.621335
19930,28116,1,1,0.621335
1118,13012,1,1,0.621335
3285,17412,1,1,0.621335
608,24071,1,1,0.621335
11310,25252,1,1,0.621335
11325,15374,1,1,0.621335
28524,29368,1,1,0.621335
8595,10519,1,1,0.621335
16758,28174,1,1,0.621335
16758,28116,1,1,0.621335
16758,19930,1,1,0.621335
9497,12165,1,1,0.621335
6973,22832,1,1,0.621335
27632,28822,1,1,0.621335
5041,28712,1,1,0.621335
23417,28822,1,1,0.621335
17187,17999,1,1,0.621335
23417,27632,1,1,0.621335
46,22832,1,1,0.621335
13873,15374,1,1,0.621335
46,6973,1,1,0.621335
3990,4859,1,1,0.621335
21533,22274,1,1,0.621335
21713,25010,1,1,0.621335
3375,3720,1,1,0.621335
23342,24995,1,1,0.621335
26859,27035,1,1,0.621335
8769,17999,1,1,0.621335
7838,9389,1,1,0.621335
17987,21048,1,1,0.621335
16374,17999,1,1,0.621335
24756,25739,1,1,0.621335
1,98,1,1,0.621335
25739,27863,1,1,0.621335
3285,23107,1,1,0.621335
12870,23327,1,1,0.621335
3186,23107,1,1,0.621335
14463,15666,1,1,0.621335
9066,12136,1,1,0.621335
3186,3285,1,1,0.621335
8346,10640,1,1,0.621335
12870,27690,1,1,0.621335
7397,10640,1,1,0.621335
28076,29126,1,1,0.621335
7397,8346,1,1,0.621335
8990,17412,1,1,0.621335
5230,13991,1,1,0.621335
12870,28122,1,1,0.621335
14075,22200,1,1,0.621335
200,23107,1,1,0.621335
200,3285,1,1,0.621335
633,1463,1,1,0.621335
19044,24480,1,1,0.621335
5910,10202,1,1,0.621335
23327,27690,1,1,0.621335
23327,28122,1,1,0.621335
27690,28122,1,1,0.621335
22128,22129,1,1,0.621335
3640,7480,1,1,0.621335
6681,13097,1,1,0.621335
887,2363,1,1,0.621335
3503,10238,1,1,0.621335
4385,21407,1,1,0.621335
18194,20020,1,1,0.621335
497,16761,1,1,0.621335
10145,23395,1,1,0.621335
8590,21768,1,1,0.621335
1,6457,1,1,0.621335
10145,10171,1,1,0.621335
8769,16374,1,1,0.621335
13224,25021,1,1,0.621335
579,23642,2,1,0.621335
8769,17187,1,1,0.621335
579,23721,2,1,0.621335
12497,12498,1,1,0.621335
9497,10202,1,1,0.621335
6457,10256,1,1,0.621335
10145,23543,1,1,0.621335
10171,23395,1,1,0.621335
5781,19512,1,1,0.621335
1,7480,1,1,0.621335
3338,7405,1,1,0.621335
13075,13984,1,1,0.621335
5781,19522,1,1,0.621335
6604,8783,1,1,0.621335
4563,12398,1,1,0.621335
6604,15302,1,1,0.621335
8783,15302,1,1,0.621335
4539,17554,1,1,0.621335
77,10256,1,1,0.621335
2412,2519,1,1,0.621335
2668,14270,1,1,0.621335
1,3502,1,1,0.621335
10171,23543,1,1,0.621335
3606,11741,1,1,0.621335
3606,11739,1,1,0.621335
2798,6817,1,1,0.621335
2126,2451,1,1,0.621335
27047,27166,1,1,0.621335
2451,18966,1,1,0.621335
10092,13851,1,1,0.621335
10695,11686,1,1,0.621335
1173,4011,1,1,0.621335
581,7089,1,1,0.621335
2363,5159,1,1,0.621335
253,18943,1,1,0.621335
23593,27463,1,1,0.621335
4365,7326,1,1,0.621335
5166,12008,1,1,0.621335
12486,15230,1,1,0.621335
10695,11951,1,1,0.621335
7480,11951,1,1,0.621335
7480,10695,1,1,0.621335
5853,23696,1,1,0.621335
19748,20424,1,1,0.621335
10678,13851,1,1,0.621335
12370,22199,1,1,0.621335
284,459,1,1,0.621335
27166,27323,1,1,0.621335
98,7480,1,1,0.621335
6975,8430,1,1,0.621335
11721,26931,1,1,0.621335
23642,23721,2,1,0.621335
3502,8990,1,1,0.621335
5781,17579,1,1,0.621335
23837,26951,1,1,0.621335
17899,29656,1,1,0.621335
227,3720,1,1,0.621335
3502,6457,1,1,0.621335
27966,27968,3,3,0.621186
27964,27966,3,3,0.621186
27964,27968,3,3,0.621186
16972,27011,3,3,0.621039
265,7563,2,2,0.62089
18258,25908,2,2,0.620779
22346,28196,3,3,0.620239
3338,3875,2,2,0.619808
1871,2047,2,2,0.619665
24679,24717,2,2,0.619388
3844,22142,3,3,0.619094
1429,7618,3,3,0.618444
4284,13013,3,3,0.618292
19329,25767,3,3,0.617842
10679,23157,2,2,0.617743
22217,30466,2,2,0.617595
23454,30466,2,2,0.617595
27354,30466,2,2,0.617595
6779,25213,4,4,0.617198
3817,25563,2,2,0.617061
5822,7963,2,2,0.616753
3013,3396,3,3,0.616067
3807,28655,2,2,0.615918
19469,25213,4,4,0.615836
18861,20810,2,2,0.615803
386,2012,2,2,0.615259
2729,19035,2,2,0.615009
13910,15713,3,2,0.614835
12629,24622,3,3,0.614629
20132,31198,4,4,0.614629
3470,11514,2,2,0.614379
1920,7722,2,2,0.614145
4284,13249,2,2,0.613855
402,9618,2,2,0.613855
2942,2951,2,2,0.61379
2149,3931,2,2,0.613758
2147,3931,2,2,0.613758
20652,25648,3,3,0.613381
14050,15644,3,3,0.613231
1726,9098,3,3,0.612524
19029,23851,3,3,0.612176
2238,18001,2,2,0.611998
2238,18564,2,2,0.611998
18001,18564,2,2,0.611998
7318,20148,3,3,0.611859
708,4109,3,3,0.611074
2379,14766,3,3,0.610995
15466,16080,3,3,0.610772
2033,2363,2,2,0.610746
7020,7548,3,3,0.61057
459,4111,2,2,0.610341
24722,26909,2,2,0.609976
867,14432,3,2,0.609475
9668,12050,3,1,0.608858
850,11765,2,2,0.608716
11037,11636,2,2,0.608464
17362,17802,2,2,0.607642
2569,22882,2,2,0.607493
16288,22882,2,2,0.607493
2314,7045,2,2,0.607029
59,7162,2,1,0.606826
11234,16078,2,1,0.606826
1907,2462,2,2,0.606826
1366,1378,3,3,0.606691
2612,3361,2,2,0.605849
7016,27082,4,1,0.605575
3376,3819,3,3,0.605279
4585,18530,4,4,0.605278
28582,28813,3,3,0.60517
6764,22194,2,2,0.604294
4253,10004,2,2,0.603881
6792,9130,2,2,0.603864
10144,11107,2,2,0.603515
9529,9667,2,2,0.603366
11809,23100,2,2,0.603197
2005,11327,3,3,0.603191
27336,28675,3,3,0.602936
28043,28473,2,2,0.602541
519,3024,2,2,0.602321
2558,28731,2,2,0.602321
708,14432,3,1,0.601974
10839,19343,4,4,0.601833
1591,2270,3,3,0.601831
5843,11644,3,2,0.601623
26557,28389,4,4,0.600757
24245,29236,3,3,0.600718
18954,18958,3,3,0.60055
7535,10013,2,2,0.600387
2442,7300,3,3,0.600281
10133,11107,2,1,0.600203
23386,26348,2,1,0.600203
21578,24298,2,2,0.599711
15275,16055,2,2,0.599357
7,8,2,2,0.599235
3613,20576,3,3,0.598178
16900,19408,2,2,0.598131
20446,23314,4,4,0.597897
25049,25296,2,2,0.597369
25049,25295,2,2,0.597369
25049,25297,2,2,0.597369
708,867,3,2,0.597166
2709,4011,2,2,0.596667
1170,1369,2,2,0.596162
8139,10298,4,4,0.596129
2005,6688,3,3,0.595931
15770,29449,3,3,0.595181
11479,19942,2,2,0.594246
21733,27820,3,2,0.593994
20132,20659,4,4,0.593608
1227,2423,4,4,0.593608
6732,8242,4,4,0.593608
1415,9451,4,4,0.593608
1051,9169,4,4,0.593608
3675,16411,4,4,0.593608
8697,13288,4,4,0.593608
3801,28993,4,4,0.593608
4863,16508,4,4,0.593608
28844,31317,3,3,0.593545
12237,16356,2,2,0.592716
13965,14415,3,3,0.5926
26354,27646,3,3,0.592134
26822,27230,4,4,0.591695
236,4370,2,2,0.591501
7739,18834,4,4,0.591329
8106,8515,2,2,0.591062
12415,13156,2,2,0.590988
5970,6221,2,2,0.590757
10888,23361,3,3,0.590627
955,10238,2,2,0.590506
2033,10477,3,3,0.589867
8682,8769,3,3,0.589464
11262,14313,3,3,0.58915
2526,30129,2,2,0.588211
5888,14278,2,2,0.588211
2514,6509,2,1,0.588028
1030,2369,2,1,0.588028
2681,17085,2,2,0.587793
2681,20810,2,2,0.587793
17085,20810,2,2,0.587793
1173,14380,2,2,0.587793
4626,6339,2,2,0.587773
25,2033,2,2,0.587773
27768,30507,4,4,0.587092
9435,11452,2,2,0.586992
9955,15592,2,2,0.586992
4196,25836,4,4,0.586462
4636,19779,2,2,0.586366
4903,17469,2,2,0.586318
20132,31543,4,4,0.586031
6317,9882,4,4,0.586031
29864,30620,4,4,0.586031
25390,28211,4,4,0.586031
2584,7200,2,2,0.585983
15059,19647,3,3,0.585735
26754,27039,2,2,0.585721
10662,11765,2,2,0.585575
2369,6457,2,2,0.585077
530,5985,2,2,0.584081
1376,22796,2,2,0.583866
5343,6706,3,3,0.583509
18834,27626,4,4,0.583333
8405,8609,3,3,0.58323
3566,7766,2,2,0.583186
15206,15416,3,3,0.583176
21162,21261,4,4,0.58244
9138,10445,3,3,0.582117
23691,27648,3,3,0.582095
4142,4553,2,2,0.581835
14608,14747,2,2,0.581833
5328,25010,2,2,0.581825
1589,29807,2,2,0.581146
568,2513,4,4,0.580936
16744,23865,3,3,0.58043
2221,5309,3,3,0.579989
2729,8868,2,2,0.579746
7953,18158,4,4,0.579701
20923,20969,3,3,0.57919
10243,18869,2,2,0.579052
9556,14463,2,2,0.578883
14458,14490,2,2,0.578296
1173,25908,2,2,0.578257
19517,23649,4,2,0.578099
483,12729,3,3,0.577824
904,6458,2,2,0.577548
11451,15816,2,2,0.577453
11174,19340,2,2,0.577453
12912,18898,2,1,0.577078
19144,19455,2,1,0.577078
13494,18898,2,1,0.577078
12136,13494,2,1,0.577078
6457,17081,2,2,0.576371
77,15222,2,2,0.576371
6457,15222,2,2,0.576371
4968,9869,3,3,0.576228
6672,10356,3,2,0.576062
17853,17872,2,2,0.575386
11749,23851,3,3,0.574595
787,1582,2,2,0.574498
5834,6864,2,2,0.574312
1017,4777,2,2,0.573912
3124,16698,4,4,0.573505
5473,9194,2,2,0.5728
4335,14844,2,2,0.5728
23383,28936,4,4,0.572193
179,1974,2,1,0.571999
1974,6610,2,1,0.571999
532,18118,3,3,0.571933
9779,10011,2,2,0.571716
9435,17024,2,2,0.571648
29368,29396,2,2,0.571607
507,5334,3,3,0.571366
2546,11949,2,2,0.571247
18736,19503,2,2,0.571187
14223,21357,2,2,0.571187
4884,19633,2,2,0.571185
7894,26725,2,2,0.571041
5188,5402,2,2,0.569986
4110,17268,2,2,0.569895
3528,9195,2,2,0.569895
11127,14180,2,2,0.569794
4772,16652,3,3,0.569726
3425,3431,2,2,0.569458
3124,5275,2,2,0.568514
20659,31543,4,4,0.568362
4284,16400,2,2,0.568117
21819,21820,3,3,0.568005
13659,21820,3,3,0.568005
13607,16012,2,2,0.567617
13112,26088,3,2,0.567393
8190,8846,2,2,0.567295
6460,13687,2,2,0.567266
25399,26733,2,2,0.567266
7214,20261,2,2,0.567183
8705,12393,2,2,0.567142
2364,15643,2,2,0.567133
1502,16155,2,2,0.567107
236,3613,2,2,0.566787
18721,18722,2,2,0.5666
9689,18721,2,2,0.5666
26558,26639,2,2,0.566288
3954,11739,2,2,0.566116
17207,22013,2,2,0.566114
15770,30298,3,2,0.566106
28550,30262,2,2,0.565348
15059,21292,2,2,0.564888
459,3981,2,2,0.564658
14336,14943,3,3,0.564625
16407,20605,2,2,0.564521
2709,5275,4,1,0.564169
5275,10494,4,1,0.564169
12346,18414,2,2,0.563515
907,2498,2,2,0.56333
12330,23099,2,2,0.563323
2511,3913,2,2,0.563123
4135,5304,2,2,0.563083
4135,5303,2,2,0.563083
6304,24227,2,2,0.563033
7786,18399,3,3,0.56298
9435,9509,2,2,0.562634
3392,12155,2,1,0.562533
17256,17561,2,1,0.562533
867,3019,2,2,0.561739
14083,28589,2,2,0.561369
26074,26429,3,3,0.561347
25064,25189,2,2,0.560432
1055,5452,2,2,0.560362
2328,7722,3,3,0.560292
9348,11041,3,1,0.560058
23947,24098,2,2,0.559728
10355,10405,2,2,0.559672
19804,21677,2,2,0.558899
16155,23583,2,2,0.558517
544,554,2,2,0.558163
20372,21975,1,1,0.558111
6351,11686,1,1,0.558111
19517,25718,1,1,0.558111
10171,12015,1,1,0.558111
89,2477,1,1,0.558111
11151,11686,1,1,0.558111
240,3005,1,1,0.558111
13013,13623,1,1,0.558111
13748,19634,1,1,0.558111
11972,15971,1,1,0.558111
9348,9763,1,1,0.558111
2379,14318,1,1,0.558111
3375,14318,1,1,0.558111
16896,19302,1,1,0.558111
11008,27814,1,1,0.558111
10670,10727,1,1,0.558111
14000,16403,1,1,0.558111
4284,6091,1,1,0.558111
6901,13636,1,1,0.558111
8868,17104,1,1,0.558111
10562,20372,1,1,0.558111
2729,10670,1,1,0.558111
3954,27011,1,1,0.558111
1675,12790,1,1,0.558111
10562,21975,1,1,0.558111
8948,18619,1,1,0.558111
10060,21975,1,1,0.558111
16972,19765,1,1,0.558111
992,17262,1,1,0.558111
75,8595,1,1,0.558111
741,13422,1,1,0.558111
13210,16107,1,1,0.558111
10405,11972,1,1,0.558111
15668,16807,1,1,0.558111
85,8868,1,1,0.558111
4359,5347,1,1,0.558111
4567,9668,1,1,0.558111
1366,9668,1,1,0.558111
1366,4567,1,1,0.558111
459,8283,1,1,0.558111
955,10133,1,1,0.558111
8637,8640,1,1,0.558111
8636,8640,1,1,0.558111
2363,8616,1,1,0.558111
20353,23856,1,1,0.558111
28757,29441,1,1,0.558111
8612,10171,1,1,0.558111
7200,8612,1,1,0.558111
5115,7636,1,1,0.558111
6672,17085,1,1,0.558111
4567,16230,1,1,0.558111
13325,21433,1,1,0.558111
1585,12343,1,1,0.558111
2919,3473,1,1,0.558111
1585,12317,1,1,0.558111
12941,19330,1,1,0.558111
29952,30378,1,1,0.558111
3728,10161,1,1,0.558111
3728,20378,1,1,0.558111
3728,20429,1,1,0.558111
10161,20378,1,1,0.558111
10161,20429,1,1,0.558111
20378,20429,1,1,0.558111
21278,21685,1,1,0.558111
955,1371,1,1,0.558111
2060,9861,1,1,0.558111
5506,11234,1,1,0.558111
402,8943,1,1,0.558111
10214,16677,1,1,0.558111
1585,8590,1,1,0.558111
3459,16677,1,1,0.558111
5570,9417,1,1,0.558111
22802,24646,1,1,0.558111
24320,24358,1,1,0.558111
14977,18909,1,1,0.558111
5376,6742,1,1,0.558111
7838,12819,1,1,0.558111
9781,14038,1,1,0.558111
9781,17691,1,1,0.558111
9781,29220,1,1,0.558111
9781,31295,1,1,0.558111
14038,17691,1,1,0.558111
14038,29220,1,1,0.558111
14038,31295,1,1,0.558111
17691,29220,1,1,0.558111
17691,31295,1,1,0.558111
29220,31295,1,1,0.558111
7288,15668,1,1,0.558111
15668,17964,1,1,0.558111
18744,25467,1,1,0.558111
1117,28904,1,1,0.558111
619,1117,1,1,0.558111
22448,29656,1,1,0.558111
4126,6676,1,1,0.558111
8946,22448,1,1,0.558111
8946,29649,1,1,0.558111
8946,29656,1,1,0.558111
8946,30392,1,1,0.558111
22448,29649,1,1,0.558111
22448,30392,1,1,0.558111
6676,10780,1,1,0.558111
29649,29656,1,1,0.558111
29649,30392,1,1,0.558111
29656,30392,1,1,0.558111
4357,6676,1,1,0.558111
4357,10780,1,1,0.558111
1920,5548,1,1,0.558111
20181,24213,1,1,0.558111
4869,7558,1,1,0.558111
12172,15711,1,1,0.558111
14798,19254,1,1,0.558111
18283,18996,1,1,0.558111
4859,5675,1,1,0.558111
8943,11596,1,1,0.558111
23891,26134,1,1,0.558111
24377,26705,1,1,0.558111
7288,17964,1,1,0.558111
10108,12219,1,1,0.558111
6508,12219,1,1,0.558111
242,12806,1,1,0.558111
10380,21669,1,1,0.558111
3629,12436,1,1,0.558111
2379,19080,1,1,0.558111
16170,31361,1,1,0.558111
7707,20918,1,1,0.558111
5403,9431,1,1,0.558111
31599,31600,1,1,0.558111
8142,9473,1,1,0.558111
5755,20918,1,1,0.558111
13436,19254,1,1,0.558111
1291,5807,1,1,0.558111
313,449,1,1,0.558111
1291,9735,1,1,0.558111
5807,9735,1,1,0.558111
5807,9939,1,1,0.558111
9735,9939,1,1,0.558111
5930,10168,1,1,0.558111
4987,10168,1,1,0.558111
4987,5930,1,1,0.558111
18863,19000,1,1,0.558111
77,8765,1,1,0.558111
9989,13436,1,1,0.558111
9989,14798,1,1,0.558111
9989,19254,1,1,0.558111
13436,14798,1,1,0.558111
7707,17262,1,1,0.558111
29606,30938,1,1,0.558111
5755,17262,1,1,0.558111
2943,12000,1,1,0.558111
26908,27047,1,1,0.558111
26908,27323,1,1,0.558111
428,5545,1,1,0.558111
24844,26928,2,1,0.558111
284,11161,1,1,0.558111
23316,28276,1,1,0.558111
5159,5329,1,1,0.558111
11477,16252,1,1,0.558111
10060,10562,1,1,0.558111
9803,10162,1,1,0.558111
364,1157,1,1,0.558111
10918,17621,1,1,0.558111
2892,9217,2,1,0.558111
2892,13374,2,1,0.558111
6063,7236,1,1,0.558111
9638,12000,1,1,0.558111
9595,12000,1,1,0.558111
10060,20372,1,1,0.558111
3607,8673,1,1,0.558111
2943,9638,1,1,0.558111
5755,7707,1,1,0.558111
2943,9595,1,1,0.558111
14441,27562,1,1,0.558111
14441,26914,1,1,0.558111
8673,11520,1,1,0.558111
1435,7707,1,1,0.558111
9411,11820,1,1,0.558111
1435,5755,1,1,0.558111
554,3640,3,3,0.557142
17992,21663,2,2,0.557079
2306,22235,3,3,0.556566
2998,10010,2,2,0.555859
17000,19794,2,2,0.555385
10405,11746,2,2,0.555292
26171,28450,2,2,0.555292
11250,11258,2,2,0.555282
4149,19450,4,4,0.555214
3018,7954,2,2,0.555203
6059,17085,2,2,0.554412
185,466,2,2,0.554103
193,2402,2,2,0.553925
10011,10047,2,2,0.553925
292,8347,3,3,0.553141
944,8695,3,3,0.552874
6817,11917,3,3,0.55276
6457,9226,2,2,0.552487
15860,24444,3,3,0.552416
1609,8307,2,2,0.552351
2511,13176,2,2,0.552034
687,2019,2,2,0.551309
8064,9379,2,2,0.551254
5199,8316,2,2,0.551157
17762,20683,2,2,0.550982
13778,15075,2,2,0.550963
2154,8479,3,3,0.550585
2314,16687,2,2,0.550487
16735,29933,2,2,0.550257
22610,29040,3,3,0.549967
11174,11320,2,1,0.549815
11765,11820,2,1,0.549815
108,850,2,1,0.549815
10047,12419,2,2,0.549692
9501,12419,2,2,0.549692
27078,27930,2,2,0.549632
8443,10593,2,2,0.54961
10938,11408,2,2,0.549451
500,2901,2,2,0.549229
904,9654,2,2,0.548845
50,2379,2,2,0.548485
30399,30935,3,3,0.548372
30355,30935,3,3,0.548372
29449,30399,3,3,0.548372
29449,30355,3,3,0.548372
4392,5012,2,2,0.548338
359,6756,2,2,0.548186
1314,1892,2,2,0.547759
9887,19010,2,2,0.547662
9895,22824,2,2,0.547576
26506,26523,2,2,0.54744
7971,23696,2,2,0.546362
21468,21469,2,2,0.5463
5446,6162,3,3,0.546111
6457,16318,2,1,0.545917
19080,22750,2,2,0.545541
20027,20990,2,2,0.545157
17594,21100,3,3,0.5451
9073,24090,3,3,0.544727
643,5621,3,3,0.544594
13,1755,2,2,0.544494
26296,26380,2,2,0.543359
12912,22267,2,2,0.542874
12409,18318,2,2,0.542456
2336,23204,2,2,0.542456
2971,3798,3,3,0.542029
2971,3795,3,3,0.542029
21280,23525,2,2,0.541897
27429,31095,2,2,0.541584
13695,14806,2,2,0.541203
987,1014,2,2,0.54078
7184,31238,2,2,0.540749
14848,14945,3,3,0.540611
2008,8382,2,2,0.540528
8009,9183,2,2,0.540368
3854,11500,2,2,0.540293
9501,10011,2,2,0.540231
10685,12413,2,2,0.539273
402,623,2,2,0.539251
4884,12554,2,1,0.538565
13370,15923,3,3,0.538193
13179,13362,2,2,0.537931
13179,13729,2,2,0.537931
4045,16315,2,2,0.537835
955,7838,2,2,0.537522
2075,4253,2,2,0.537477
25166,28377,3,3,0.536902
21742,26129,2,2,0.53669
11250,16418,2,2,0.536097
7671,7683,2,2,0.535377
16693,18274,2,2,0.535133
5800,5805,2,2,0.534804
3178,16670,2,2,0.534741
967,1150,2,2,0.534242
24564,24593,2,2,0.533782
519,12542,2,2,0.533782
2891,12542,2,2,0.533782
1463,12629,2,2,0.533626
10869,11725,2,2,0.533316
10918,11725,2,2,0.533316
2402,3685,2,2,0.533259
10557,14858,3,3,0.532868
2819,2822,2,2,0.532689
20,21734,2,2,0.53263
4275,21767,2,2,0.532231
6762,11917,2,2,0.532231
6764,11917,2,2,0.532231
4275,18698,2,2,0.532231
4275,11917,2,2,0.532231
11917,18698,2,2,0.532231
11917,21767,2,2,0.532231
6381,12804,2,2,0.531844
742,9839,2,1,0.531745
6931,23542,2,2,0.531618
20623,23542,2,2,0.531618
13084,22897,2,2,0.531009
9314,19350,2,2,0.530815
3535,6938,2,2,0.530809
4861,16637,2,2,0.530049
2876,3317,2,2,0.529908
24623,24648,2,2,0.529615
4608,4684,2,2,0.529403
12629,16128,2,2,0.529013
1070,12392,3,3,0.528991
10696,11443,3,3,0.528822
8338,17777,3,2,0.528639
125,918,2,2,0.528608
6779,25833,3,3,0.528539
320,11088,3,3,0.528362
1591,4516,2,2,0.528301
10557,21816,3,3,0.527538
3600,8938,2,2,0.527427
17062,17204,2,2,0.527402
9217,9448,2,2,0.527028
4196,7722,2,2,0.526836
4087,11267,2,2,0.526449
6609,7045,3,3,0.526282
8868,9130,2,2,0.526145
3535,11041,2,2,0.525864
1487,4138,2,2,0.525521
21129,23315,2,2,0.525397
4100,21129,2,2,0.525397
19679,20304,2,2,0.525397
4100,23315,2,2,0.525397
3024,14097,2,1,0.525395
21316,22553,2,2,0.524563
6667,12867,3,3,0.524445
6667,12898,3,3,0.524445
2544,22658,2,2,0.52263
4284,13616,2,1,0.522379
11030,13963,2,2,0.521907
23329,26211,2,2,0.521907
17762,26211,2,2,0.521907
17762,23329,2,2,0.521907
1943,13916,2,2,0.521186
30062,30080,2,2,0.521091
27302,30080,2,2,0.521091
4427,4541,2,2,0.521035
4309,6076,2,2,0.520797
12861,12884,2,2,0.519973
8673,9279,3,3,0.519678
18464,18547,2,1,0.519461
17064,17412,2,2,0.519096
6457,6458,2,2,0.519096
28239,28256,2,2,0.519041
28239,28241,2,2,0.519041
11522,20557,2,2,0.519041
28241,28256,2,2,0.519041
771,6862,2,2,0.518592
10004,15199,2,2,0.518261
11686,21739,2,2,0.517847
540,838,2,2,0.517534
838,987,2,2,0.517534
2369,6575,3,3,0.517256
14430,19222,2,2,0.516781
4863,4865,2,2,0.516636
2497,6637,2,2,0.516441
14035,22783,3,3,0.516293
4129,22783,3,3,0.516293
17594,18769,3,3,0.516192
6287,7565,2,2,0.515324
934,1105,2,2,0.514843
10662,11721,2,2,0.51477
2336,15363,2,2,0.514638
2303,2508,2,2,0.514464
13845,15034,2,2,0.514318
680,30598,2,2,0.514065
23315,25064,1,1,0.513898
12307,21904,1,1,0.513898
6063,27977,1,1,0.513898
1969,4936,1,1,0.513898
3535,19071,1,1,0.513898
3473,8043,1,1,0.513898
1487,1675,1,1,0.513898
1487,3877,1,1,0.513898
1675,3877,1,1,0.513898
4199,4407,1,1,0.513898
27033,28338,1,1,0.513898
18782,22984,1,1,0.513898
13061,13953,1,1,0.513898
27794,31595,1,1,0.513898
497,6976,1,1,0.513898
6653,15607,1,1,0.513898
10892,15220,1,1,0.513898
1932,6339,1,1,0.513898
6653,6898,1,1,0.513898
8416,31537,1,1,0.513898
11508,14254,1,1,0.513898
4859,10022,1,1,0.513898
4859,5348,1,1,0.513898
2033,5717,1,1,0.513898
12010,20081,1,1,0.513898
6457,20081,1,1,0.513898
6457,12010,1,1,0.513898
13623,20077,1,1,0.513898
26088,26457,1,1,0.513898
8758,9226,1,1,0.513898
3488,7978,1,1,0.513898
17506,28555,1,1,0.513898
14796,15391,1,1,0.513898
17987,24997,1,1,0.513898
13984,23014,1,1,0.513898
17023,23524,1,1,0.513898
743,5483,1,1,0.513898
743,13249,1,1,0.513898
743,13623,1,1,0.513898
743,20077,1,1,0.513898
5483,7376,1,1,0.513898
5483,13249,1,1,0.513898
5483,13623,1,1,0.513898
5483,20077,1,1,0.513898
7376,13249,1,1,0.513898
7376,20077,1,1,0.513898
13249,20077,1,1,0.513898
7376,13623,1,1,0.513898
20819,24649,1,1,0.513898
21084,22160,1,1,0.513898
8217,11424,1,1,0.513898
19249,23784,1,1,0.513898
608,24173,1,1,0.513898
1771,1835,1,1,0.513898
608,24243,1,1,0.513898
23150,24974,1,1,0.513898
17062,19351,1,1,0.513898
6832,13922,1,1,0.513898
21452,26818,1,1,0.513898
11652,26818,1,1,0.513898
11652,21452,1,1,0.513898
1585,16867,1,1,0.513898
3717,15756,1,1,0.513898
9575,14162,1,1,0.513898
1138,5843,1,1,0.513898
19783,19934,1,1,0.513898
20027,20191,1,1,0.513898
3563,6131,1,1,0.513898
19000,20816,1,1,0.513898
4837,15008,1,1,0.513898
22648,23805,1,1,0.513898
4837,11207,1,1,0.513898
9763,12089,1,1,0.513898
7227,12719,1,1,0.513898
18173,20285,1,1,0.513898
9763,14919,1,1,0.513898
5163,9192,2,1,0.513898
8191,14153,1,1,0.513898
7172,10481,1,1,0.513898
0,5161,1,1,0.513898
0,6457,1,1,0.513898
13448,14396,1,1,0.513898
5089,5755,1,1,0.513898
3726,11987,1,1,0.513898
3726,5755,1,1,0.513898
3726,5089,1,1,0.513898
581,11987,1,1,0.513898
1943,10663,1,1,0.513898
15534,21074,1,1,0.513898
13342,21074,1,1,0.513898
2600,9530,1,1,0.513898
581,5089,1,1,0.513898
581,3726,1,1,0.513898
652,12850,1,1,0.513898
17053,17363,1,1,0.513898
0,17381,1,1,0.513898
1789,17053,1,1,0.513898
1378,17053,1,1,0.513898
14462,17382,1,1,0.513898
14462,17381,1,1,0.513898
6457,14462,1,1,0.513898
5161,17382,1,1,0.513898
5161,17381,1,1,0.513898
5161,14462,1,1,0.513898
5161,6457,1,1,0.513898
3348,6722,1,1,0.513898
18428,18614,1,1,0.513898
0,17382,1,1,0.513898
23164,30280,1,1,0.513898
8217,12293,1,1,0.513898
23063,25155,1,1,0.513898
8990,24649,1,1,0.513898
769,11917,1,1,0.513898
8531,8990,1,1,0.513898
8531,11917,1,1,0.513898
5755,8673,1,1,0.513898
5109,11520,1,1,0.513898
5109,19912,1,1,0.513898
11520,19912,1,1,0.513898
8220,8990,1,1,0.513898
8220,20819,1,1,0.513898
8220,24649,1,1,0.513898
8220,26559,1,1,0.513898
8990,20819,1,1,0.513898
8990,26559,1,1,0.513898
4531,11041,1,1,0.513898
5755,11987,1,1,0.513898
20819,26559,1,1,0.513898
10770,23077,1,1,0.513898
1028,1463,1,1,0.513898
13819,14110,1,1,0.513898
1348,13539,1,1,0.513898
12593,22941,1,1,0.513898
10243,14881,1,1,0.513898
1371,3731,1,1,0.513898
85,9037,1,1,0.513898
22944,22945,1,1,0.513898
22944,23164,1,1,0.513898
10695,25155,1,1,0.513898
769,8531,1,1,0.513898
16236,17320,1,1,0.513898
22927,24566,1,1,0.513898
11912,19018,1,1,0.513898
4253,7255,1,1,0.513898
8182,14802,1,1,0.513898
8182,16765,1,1,0.513898
8182,18609,1,1,0.513898
8182,19541,1,1,0.513898
14802,16765,1,1,0.513898
14802,18609,1,1,0.513898
14802,19541,1,1,0.513898
16765,18609,1,1,0.513898
16765,19541,1,1,0.513898
992,14802,1,1,0.513898
26584,26619,1,1,0.513898
31100,31154,1,1,0.513898
5910,10273,1,1,0.513898
1864,3416,1,1,0.513898
1864,11520,1,1,0.513898
1596,3087,1,1,0.513898
2249,11174,1,1,0.513898
11936,23468,1,1,0.513898
2814,9528,1,1,0.513898
23362,26124,1,1,0.513898
28864,29878,1,1,0.513898
4321,28864,1,1,0.513898
10412,14696,1,1,0.513898
23074,25570,2,2,0.513836
6587,13163,3,3,0.513814
9834,16617,2,2,0.513398
9790,19813,2,2,0.513395
14883,14916,2,2,0.512942
1530,1767,2,2,0.512936
10296,13024,2,2,0.512458
1173,7563,3,3,0.511818
17488,19101,2,2,0.511394
669,19101,2,2,0.511394
669,17488,2,2,0.511394
270,15302,2,1,0.511244
270,4011,2,1,0.511244
13172,15747,3,3,0.510769
13172,15590,3,3,0.510769
24861,27816,3,3,0.510769
15590,15747,3,3,0.510769
2709,11662,2,2,0.510312
1634,14607,2,2,0.510128
517,9496,2,2,0.508979
8528,12964,2,2,0.508906
21683,29490,2,2,0.50888
136,623,2,2,0.508856
9124,11731,2,1,0.50867
3220,3394,2,2,0.508609
26937,26968,3,3,0.507787
14094,17113,2,2,0.50764
24797,30785,3,3,0.507532
26176,27574,3,3,0.50753
7776,9497,2,2,0.507468
29340,30230,2,2,0.507433
9037,9358,3,3,0.50706
3375,3819,3,3,0.50657
18198,18854,3,3,0.506258
22217,23862,3,3,0.50591
717,7200,2,2,0.50582
7140,24455,2,2,0.505656
3118,3170,3,3,0.50544
1430,7689,2,2,0.505366
1430,1668,2,2,0.505366
17762,23716,2,2,0.505366
1668,7689,2,2,0.505366
1668,17762,2,2,0.505366
21965,22521,2,2,0.505366
1668,23716,2,2,0.505366
1430,23716,2,2,0.505366
7689,17762,2,2,0.505366
1430,10732,2,2,0.505366
7689,23716,2,2,0.505366
6224,10708,2,2,0.505297
8149,15487,3,1,0.50526
349,2872,2,2,0.505185
8147,11590,3,3,0.504875
7351,7797,2,2,0.504596
11250,20586,2,2,0.504447
14858,21816,3,3,0.503721
14800,15801,2,2,0.503628
376,17323,2,2,0.503147
5123,10897,2,2,0.502973
489,869,2,2,0.50253
136,402,2,2,0.502417
1399,2172,2,2,0.502141
743,17277,2,2,0.501866
7376,17277,2,2,0.501866
13957,14958,2,2,0.501529
1349,9727,2,1,0.501381
12968,13201,2,1,0.501381
1236,2802,2,1,0.501381
459,16782,3,1,0.501342
459,5755,3,1,0.501342
25294,25320,2,2,0.50118
200,3292,2,2,0.500622
9797,10974,2,2,0.500566
1460,1693,3,3,0.500392
6316,6759,2,2,0.499679
2412,3178,3,3,0.499467
8294,17591,2,2,0.499427
51,7477,2,2,0.499266
301,11731,2,2,0.499151
7561,11731,2,2,0.499151
3798,6732,3,3,0.499121
14077,14193,3,3,0.498744
4673,4676,3,2,0.498637
16902,26078,3,3,0.498559
28196,30062,3,3,0.498529
15165,20248,2,2,0.498184
14787,15702,2,2,0.497001
4196,17085,2,2,0.496411
72,112,2,2,0.496344
6227,17547,2,2,0.496286
3535,8411,2,2,0.495821
4790,8411,2,2,0.495821
2511,3765,2,2,0.495821
8411,8990,2,2,0.495821
4790,8990,2,2,0.495821
6007,12790,2,2,0.495742
4196,16902,3,3,0.495247
3491,4345,2,2,0.495138
11315,31512,3,3,0.494576
16232,16361,2,2,0.494313
3535,16677,2,2,0.493944
931,11696,2,2,0.493788
4567,5167,2,2,0.493618
353,12346,2,2,0.493605
21322,21341,2,2,0.493507
11336,13012,2,2,0.493234
2033,2767,2,2,0.493111
13550,14916,3,3,0.492826
1,16262,2,2,0.49238
18311,22420,2,2,0.492054
2826,6851,3,3,0.492047
842,22945,2,2,0.491828
6437,7745,3,3,0.491163
8771,24642,2,2,0.491123
29991,29992,2,2,0.490963
6851,15858,3,3,0.490248
6617,6919,2,2,0.490144
8191,12089,2,2,0.490024
26192,26260,2,2,0.489556
13355,15327,3,3,0.489547
8667,29371,3,3,0.489547
13355,15319,3,3,0.489547
13355,14397,3,3,0.489547
9497,12419,2,2,0.489536
9497,12398,2,2,0.489536
1818,9497,2,2,0.489536
3346,10047,2,2,0.489536
9687,12398,2,2,0.489536
3346,9687,2,2,0.489536
4422,11250,2,2,0.489536
4422,10047,2,2,0.489536
9687,10047,2,2,0.489536
17265,21031,2,2,0.488651
27054,27290,2,2,0.488479
5853,12393,2,2,0.488263
29943,30163,3,3,0.487866
4220,5972,2,2,0.487788
4220,6798,2,2,0.487788
7804,23763,2,2,0.48761
14991,19340,2,2,0.487243
6305,18242,2,2,0.486789
17542,17634,2,2,0.486551
4787,10356,2,2,0.486377
19007,20576,3,3,0.486102
19011,20576,3,3,0.486102
1630,3909,2,2,0.486044
1630,3665,2,2,0.486044
2511,4196,2,2,0.485869
26965,30226,2,2,0.48582
292,1024,3,3,0.485531
11917,19163,2,2,0.484638
20425,21687,2,2,0.48419
3322,7137,3,1,0.484149
18198,22346,3,3,0.483504
6873,10491,2,2,0.483253
2790,15744,2,2,0.482913
5969,30157,2,2,0.482241
12543,14282,2,2,0.482084
5422,11336,2,2,0.481159
1173,14761,1,1,0.480898
23107,26061,1,1,0.480898
18898,26061,1,1,0.480898
1871,9501,1,1,0.480898
18898,23107,1,1,0.480898
24210,24226,1,1,0.480898
10934,19148,1,1,0.480898
22275,24136,1,1,0.480898
497,3286,1,1,0.480898
14430,26807,1,1,0.480898
17910,20289,1,1,0.480898
13336,23802,1,1,0.480898
18046,20289,1,1,0.480898
16867,17910,1,1,0.480898
15491,16807,1,1,0.480898
21742,22975,1,1,0.480898
13436,22975,1,1,0.480898
13436,21742,1,1,0.480898
3938,3971,1,1,0.480898
16867,18046,1,1,0.480898
2104,22975,1,1,0.480898
2104,21742,1,1,0.480898
5126,6794,1,1,0.480898
2104,13436,1,1,0.480898
2804,11263,1,1,0.480898
19592,21708,1,1,0.480898
10888,26061,1,1,0.480898
4196,26559,1,1,0.480898
26648,29899,1,1,0.480898
1371,13700,1,1,0.480898
17478,23765,1,1,0.480898
22788,23061,1,1,0.480898
2295,3484,1,1,0.480898
15713,17276,1,1,0.480898
4196,24649,1,1,0.480898
4196,27233,1,1,0.480898
9669,10805,1,1,0.480898
24649,27233,1,1,0.480898
26559,27233,1,1,0.480898
4334,8412,1,1,0.480898
8412,21983,1,1,0.480898
11450,15635,1,1,0.480898
11450,20401,1,1,0.480898
26860,27645,1,1,0.480898
14003,16548,1,1,0.480898
9840,23503,1,1,0.480898
10888,18898,1,1,0.480898
6154,26061,1,1,0.480898
9937,26061,1,1,0.480898
5144,6775,1,1,0.480898
9937,23107,1,1,0.480898
19592,22620,1,1,0.480898
9937,10888,1,1,0.480898
21708,22620,1,1,0.480898
22786,22788,1,1,0.480898
6154,23107,1,1,0.480898
2511,2804,1,1,0.480898
6154,18898,1,1,0.480898
6154,10888,1,1,0.480898
6154,9937,1,1,0.480898
2804,8723,1,1,0.480898
2511,11263,1,1,0.480898
11286,12398,1,1,0.480898
2511,8723,1,1,0.480898
4147,10288,1,1,0.480898
6590,8856,1,1,0.480898
1761,11337,1,1,0.480898
12136,16718,1,1,0.480898
5123,20819,1,1,0.480898
3878,9217,1,1,0.480898
3864,9217,1,1,0.480898
3864,3878,1,1,0.480898
6937,11696,1,1,0.480898
14351,15467,1,1,0.480898
9130,10864,1,1,0.480898
4507,6619,1,1,0.480898
453,20629,1,1,0.480898
4567,27379,1,1,0.480898
11513,12166,1,1,0.480898
9779,11337,1,1,0.480898
401,6503,1,1,0.480898
11874,17134,1,1,0.480898
4520,6619,1,1,0.480898
7913,15756,1,1,0.480898
10668,17930,1,1,0.480898
3640,8856,1,1,0.480898
4726,5155,1,1,0.480898
10404,10406,1,1,0.480898
6590,6719,1,1,0.480898
4504,8856,1,1,0.480898
4504,6590,1,1,0.480898
203,1186,1,1,0.480898
3640,6590,1,1,0.480898
15635,20401,1,1,0.480898
3640,4504,1,1,0.480898
18059,18095,1,1,0.480898
1491,8856,1,1,0.480898
1491,6719,1,1,0.480898
1491,6590,1,1,0.480898
1491,3640,1,1,0.480898
13718,17134,1,1,0.480898
10774,10934,1,1,0.480898
21191,26975,1,1,0.480898
15934,22174,1,1,0.480898
1091,17643,1,1,0.480898
11827,22631,1,1,0.480898
13718,17437,1,1,0.480898
17134,17437,1,1,0.480898
11827,14808,1,1,0.480898
17083,17437,1,1,0.480898
16092,22174,1,1,0.480898
4220,24451,1,1,0.480898
386,9950,1,1,0.480898
17083,17134,1,1,0.480898
15108,17134,1,1,0.480898
8824,18963,1,1,0.480898
7787,19148,1,1,0.480898
81,869,1,1,0.480898
29443,29457,1,1,0.480898
2667,13117,1,1,0.480898
5370,7766,1,1,0.480898
4320,4604,1,1,0.480898
6719,8856,1,1,0.480898
10774,19148,1,1,0.480898
16713,16892,1,1,0.480898
14171,14592,1,1,0.480898
10424,14592,1,1,0.480898
1349,26154,1,1,0.480898
1107,7426,2,2,0.480572
3089,3292,2,2,0.480413
11720,11898,2,2,0.480042
8537,13576,2,2,0.480005
14809,17940,3,1,0.479706
8763,14809,3,1,0.479706
13013,13249,2,2,0.479368
2632,3990,2,2,0.479128
18184,29501,3,3,0.478981
14197,24622,2,2,0.47843
4884,5220,2,2,0.477799
4884,5735,2,2,0.477799
3091,12629,2,2,0.477799
1135,5220,2,2,0.477799
14058,15982,2,2,0.477782
11730,11863,2,2,0.477636
22346,30080,2,2,0.477518
11739,20076,2,2,0.477311
9066,9223,2,2,0.477022
626,11029,2,2,0.476774
7340,11398,3,3,0.476747
7140,8812,3,3,0.476613
3240,5126,2,2,0.476528
5973,9763,3,2,0.476426
1371,10238,2,2,0.475843
3222,21782,2,2,0.47475
904,8990,3,3,0.474673
1560,7479,3,3,0.474034
1693,7296,2,1,0.473989
8769,12123,3,3,0.473868
22,2288,2,2,0.473516
7962,24211,2,2,0.473426
11315,31636,3,3,0.473243
2962,8822,2,2,0.47244
138,20248,3,3,0.472367
2288,3645,2,1,0.472355
2365,2448,3,3,0.472059
20,6303,2,2,0.471941
2121,6708,2,2,0.471941
8084,12609,2,2,0.47156
2412,10494,2,2,0.471314
7679,14785,2,2,0.470984
9556,14059,2,2,0.470984
11041,11917,2,2,0.469785
4701,22342,2,2,0.469344
12804,14371,2,2,0.469234
1399,1441,2,1,0.469188
982,10918,2,2,0.469063
982,10869,2,2,0.469063
1871,2848,2,2,0.46746
2282,2848,2,2,0.46746
16687,17315,2,2,0.467369
18086,19568,2,2,0.467332
26130,27560,2,2,0.466935
21956,22553,2,2,0.466698
20055,21316,2,2,0.466698
20055,21956,2,2,0.466698
9834,10222,2,2,0.466477
853,3338,2,2,0.466253
17064,19071,2,1,0.466151
1159,1223,2,2,0.465964
21069,23353,2,2,0.46586
5006,5318,3,3,0.465194
2380,9790,2,2,0.464424
13120,13734,2,2,0.464335
4632,4918,3,2,0.46417
24950,25158,2,2,0.464017
2,4740,2,1,0.463232
14324,15108,2,2,0.462923
7107,7460,2,2,0.46292
11599,19462,2,2,0.462901
4172,9566,2,2,0.462859
6491,15874,2,2,0.46285
9497,15874,2,2,0.46285
11938,15874,2,2,0.46285
6902,7126,2,2,0.462809
13646,26088,3,3,0.462475
2511,7028,2,2,0.461956
8365,22636,2,2,0.46175
18063,18064,2,2,0.460995
4747,21397,2,2,0.460723
16232,21397,2,2,0.460723
4747,16232,2,2,0.460723
14991,20576,3,1,0.460496
16625,24210,2,1,0.460426
6719,7173,2,2,0.460357
3544,11240,2,2,0.460142
29845,30866,2,2,0.460107
28255,28256,2,2,0.459842
27949,31588,2,2,0.459627
257,14547,2,2,0.459524
15490,16967,3,3,0.459369
4305,25438,2,2,0.459138
1366,5853,2,2,0.459115
9497,14421,2,2,0.459023
9066,9924,2,2,0.45892
4042,4447,2,2,0.458786
22330,24520,2,2,0.458716
12179,24520,2,2,0.458716
14267,14455,2,2,0.458416
7078,8014,2,2,0.457669
6575,13972,2,2,0.457146
43,20576,3,3,0.456998
1376,17277,2,2,0.456912
154,2511,2,2,0.455882
8132,18398,2,2,0.455739
14455,25851,2,2,0.455533
9030,12832,1,1,0.45512
3266,4116,1,1,0.45512
27989,28067,1,1,0.45512
27989,28066,1,1,0.45512
2309,23891,1,1,0.45512
15555,21614,1,1,0.45512
13341,14547,1,1,0.45512
2309,26353,1,1,0.45512
11861,14547,1,1,0.45512
11861,13341,1,1,0.45512
2309,26382,1,1,0.45512
459,847,1,1,0.45512
10047,16078,1,1,0.45512
9899,16078,1,1,0.45512
2282,4089,1,1,0.45512
1794,7389,1,1,0.45512
236,967,1,1,0.45512
9899,10047,1,1,0.45512
12395,18073,1,1,0.45512
5894,22769,1,1,0.45512
9779,16078,1,1,0.45512
27740,28003,1,1,0.45512
28685,28686,1,1,0.45512
28066,28067,1,1,0.45512
17579,22146,1,1,0.45512
13117,13494,1,1,0.45512
22941,26814,1,1,0.45512
7097,14151,1,1,0.45512
7142,17565,1,1,0.45512
95,923,1,1,0.45512
227,24786,1,1,0.45512
955,4089,1,1,0.45512
2309,5894,1,1,0.45512
7832,11686,1,1,0.45512
2309,22769,1,1,0.45512
1871,4089,1,1,0.45512
3898,8084,1,1,0.45512
3729,11895,1,1,0.45512
1167,17883,1,1,0.45512
1043,5936,1,1,0.45512
3566,12119,1,1,0.45512
2314,12119,1,1,0.45512
22,12119,1,1,0.45512
9348,9419,1,1,0.45512
5570,8756,1,1,0.45512
241,1366,1,1,0.45512
11987,17883,1,1,0.45512
10356,16877,1,1,0.45512
14766,18202,1,1,0.45512
8764,18563,1,1,0.45512
1184,16240,1,1,0.45512
5894,26382,1,1,0.45512
786,17421,1,1,0.45512
22769,23891,1,1,0.45512
2369,3640,1,1,0.45512
2369,9901,1,1,0.45512
3285,3640,1,1,0.45512
22769,26353,1,1,0.45512
3285,9901,1,1,0.45512
5715,7540,1,1,0.45512
1602,2058,1,1,0.45512
6007,18563,1,1,0.45512
23891,26382,1,1,0.45512
23891,26353,1,1,0.45512
1831,10178,1,1,0.45512
22769,26382,1,1,0.45512
12439,26577,1,1,0.45512
5715,14833,1,1,0.45512
676,4100,1,1,0.45512
5894,26353,1,1,0.45512
14708,14729,1,1,0.45512
108,19494,1,1,0.45512
7792,15260,2,1,0.45512
5725,6214,1,1,0.45512
29555,29982,1,1,0.45512
8856,16323,1,1,0.45512
324,7005,1,1,0.45512
15046,15694,1,1,0.45512
1207,3807,1,1,0.45512
25712,25766,1,1,0.45512
2330,4602,1,1,0.45512
26353,26382,1,1,0.45512
3355,9895,1,1,0.45512
5715,18031,1,1,0.45512
2369,3285,1,1,0.45512
1831,10182,1,1,0.45512
3100,10276,2,2,0.45467
7563,9037,3,2,0.454576
15081,15092,2,2,0.454489
4918,7400,3,1,0.454181
4632,16510,3,1,0.454181
3842,13489,2,2,0.453268
29297,30721,2,2,0.45259
8551,26113,3,3,0.452413
8867,10509,2,2,0.452002
7353,25648,2,2,0.451999
3153,4452,3,3,0.451945
7538,8708,2,2,0.45181
19900,21586,2,2,0.451496
16374,19900,2,2,0.451496
16374,21586,2,2,0.451496
20446,25718,3,2,0.451025
21713,25718,3,2,0.451025
20991,23376,3,3,0.450756
2077,18970,2,2,0.449925
702,4196,2,2,0.449619
45,395,2,2,0.449591
1993,5141,3,3,0.449441
4014,4064,2,2,0.449028
1422,1521,2,2,0.448908
27721,27884,2,2,0.4488
540,2511,2,2,0.448438
8987,9441,2,2,0.448245
2154,16902,3,3,0.447989
1184,2233,2,2,0.44755
3089,3186,2,2,0.44745
1134,23124,3,3,0.447335
7962,19721,2,2,0.447201
4884,17156,2,2,0.447199
3375,4539,2,1,0.446694
1972,5303,3,3,0.445561
8031,27768,3,3,0.445561
2145,8242,3,3,0.445407
4559,10570,3,3,0.445407
4036,8242,3,3,0.445407
4036,6732,3,3,0.445407
2145,6732,3,3,0.445407
16228,17139,3,3,0.445407
4374,19007,3,3,0.445407
2826,15858,3,3,0.445407
4374,19011,3,3,0.445407
16105,20248,3,3,0.445407
9411,10355,2,2,0.445175
4196,23719,3,3,0.445113
23216,26088,3,3,0.445113
4469,7183,2,2,0.444615
10446,14209,3,3,0.444507
10446,15860,3,3,0.444507
253,20446,3,3,0.444398
9451,14995,3,3,0.444398
1415,14995,3,3,0.444398
12,9169,3,3,0.444398
253,23314,3,3,0.444398
21767,22621,2,2,0.444263
26100,26126,2,2,0.444005
10828,26126,2,2,0.444005
10171,10888,2,2,0.443872
3346,7302,2,2,0.4438
13120,16677,2,2,0.442437
2834,14397,2,2,0.441918
21381,22955,3,3,0.441803
3604,3665,2,2,0.441732
21988,25747,2,2,0.441507
2033,5656,2,2,0.441214
5126,10706,2,2,0.440973
12772,13434,2,2,0.440917
25209,27648,2,2,0.440768
5362,14463,2,2,0.439826
12629,25014,2,2,0.439612
9571,9864,2,2,0.439371
13734,24760,2,2,0.439161
3401,20777,2,2,0.438605
7063,7288,2,2,0.438422
4184,21222,3,3,0.438187
212,8959,2,2,0.438049
8511,18834,3,3,0.43783
2379,16262,3,2,0.437759
25718,28936,2,2,0.437742
14808,15059,2,2,0.437714
15377,17892,2,2,0.437524
5498,13436,2,2,0.437405
201,208,3,3,0.437255
8166,11684,2,2,0.436885
13300,24622,2,2,0.436879
11677,15002,2,2,0.436698
11972,15002,2,2,0.436698
6177,9198,2,2,0.435975
12478,13390,2,2,0.434518
2912,20890,1,1,0.434294
6458,14380,1,1,0.434294
1417,15619,1,1,0.434294
2798,15001,1,1,0.434294
1079,1105,1,1,0.434294
2709,10362,1,1,0.434294
1417,1608,1,1,0.434294
1069,1105,1,1,0.434294
1585,15619,1,1,0.434294
265,554,1,1,0.434294
5766,18696,1,1,0.434294
1361,10695,1,1,0.434294
1417,1585,1,1,0.434294
15795,17085,1,1,0.434294
29126,29137,1,1,0.434294
1608,10866,1,1,0.434294
2852,4296,1,1,0.434294
1291,15619,1,1,0.434294
7722,9037,1,1,0.434294
12036,16534,1,1,0.434294
4271,14814,1,1,0.434294
8968,14814,1,1,0.434294
2442,14814,1,1,0.434294
2033,3979,1,1,0.434294
1173,6458,1,1,0.434294
15795,20810,1,1,0.434294
731,7238,1,1,0.434294
850,2249,1,1,0.434294
18317,20463,1,1,0.434294
19080,23705,1,1,0.434294
546,7513,1,1,0.434294
2879,31270,1,1,0.434294
19217,20429,1,1,0.434294
1173,9572,1,1,0.434294
4902,9313,1,1,0.434294
4859,11396,1,1,0.434294
2564,5977,1,1,0.434294
4417,5534,1,1,0.434294
7137,14828,1,1,0.434294
9572,14380,1,1,0.434294
423,1866,1,1,0.434294
1326,1423,1,1,0.434294
22230,27928,1,1,0.434294
9897,27439,1,1,0.434294
2521,13634,1,1,0.434294
5504,8349,1,1,0.434294
4995,7077,1,1,0.434294
7808,8349,1,1,0.434294
10999,19435,1,1,0.434294
1608,15619,1,1,0.434294
1920,7405,1,1,0.434294
2442,8968,1,1,0.434294
11242,17484,1,1,0.434294
26961,28667,1,1,0.434294
2521,13112,1,1,0.434294
3254,8783,1,1,0.434294
955,2282,1,1,0.434294
108,13262,1,1,0.434294
1028,1423,1,1,0.434294
18414,20931,1,1,0.434294
3208,3663,1,1,0.434294
331,4787,1,1,0.434294
10356,14132,1,1,0.434294
9886,17885,1,1,0.434294
7722,8990,1,1,0.434294
2681,15795,1,1,0.434294
6305,29833,1,1,0.434294
2249,10405,1,1,0.434294
2767,9763,1,1,0.434294
2767,8191,1,1,0.434294
1419,4077,1,1,0.434294
20000,20555,1,1,0.434294
8606,10805,1,1,0.434294
3861,4320,1,1,0.434294
25173,29317,1,1,0.434294
19488,19596,1,1,0.434294
6458,9572,1,1,0.434294
955,3129,1,1,0.434294
1487,3129,1,1,0.434294
2912,21660,1,1,0.434294
10673,20890,1,1,0.434294
1291,1417,1,1,0.434294
4636,11987,1,1,0.434294
5421,7278,1,1,0.434294
8818,10018,1,1,0.434294
2537,7749,1,1,0.434294
1291,1608,1,1,0.434294
4386,11336,1,1,0.434294
4541,5729,1,1,0.434294
10242,11937,1,1,0.434294
4196,7191,1,1,0.434294
13494,16280,1,1,0.434294
1503,6138,1,1,0.434294
1503,6137,1,1,0.434294
867,4502,1,1,0.434294
10673,21660,1,1,0.434294
4502,11361,1,1,0.434294
26135,26226,1,1,0.434294
1336,2033,1,1,0.434294
1291,1585,1,1,0.434294
1249,9040,1,1,0.434294
11393,22693,1,1,0.434294
11234,11279,1,1,0.434294
20890,21660,1,1,0.434294
19435,19446,1,1,0.434294
3322,17203,1,1,0.434294
850,11820,1,1,0.434294
6124,9133,2,2,0.433944
25772,28564,2,2,0.43337
7030,9621,2,2,0.432399
16661,18031,2,2,0.431648
15341,16381,2,2,0.431581
43,6762,3,3,0.431249
28224,29089,3,3,0.43111
26822,28103,3,3,0.430789
1986,6559,3,3,0.430555
1188,8874,2,2,0.430037
10872,15882,2,2,0.42995
8534,8920,2,2,0.429387
2560,5213,3,3,0.429159
1366,1789,2,2,0.428996
1633,6822,2,2,0.42896
28922,29677,2,2,0.428929
20894,24128,2,2,0.42809
4072,12346,2,2,0.427979
6771,12346,2,2,0.427979
21839,22174,2,2,0.42766
1592,11739,3,3,0.427585
1592,11741,3,3,0.427585
2511,10171,2,2,0.427544
1991,20672,3,3,0.427533
8483,20672,3,3,0.427533
81,136,2,2,0.427377
14874,14875,2,2,0.427377
17932,27767,2,2,0.427308
2270,2369,2,2,0.427253
29036,29764,2,2,0.427245
13436,15199,2,2,0.426895
25,8427,2,2,0.426621
478,8995,2,2,0.426594
6763,8726,2,2,0.426457
3879,16234,2,2,0.426414
1402,29365,2,2,0.426129
1402,12788,2,2,0.426129
2904,25612,2,2,0.426016
3322,7817,2,2,0.42564
6817,20248,3,3,0.425089
4558,6792,2,2,0.42508
1592,11174,2,2,0.42508
108,1592,2,2,0.42508
13520,13547,2,2,0.425012
11750,16632,2,2,0.424597
2249,11320,2,2,0.424041
5275,21046,3,1,0.423127
2511,5275,3,1,0.423127
2134,12651,3,1,0.423127
4719,5275,3,1,0.423127
2668,9398,3,1,0.423127
758,2134,3,1,0.423127
2077,16792,2,2,0.422724
12879,12898,2,2,0.422364
79,7306,3,3,0.422207
3375,18150,3,3,0.422053
9829,17077,2,2,0.422037
24705,26906,2,2,0.422004
2033,2295,2,2,0.421855
9063,12065,2,2,0.421414
11089,12065,2,2,0.421414
8896,12065,2,2,0.421414
6688,11327,2,2,0.421414
23590,24760,2,2,0.421211
7687,11739,2,2,0.420939
9897,22473,3,3,0.420827
3535,17443,2,2,0.420757
11792,15018,2,2,0.4205
1303,11897,2,2,0.420291
1376,13183,3,3,0.419829
5362,9556,2,1,0.419227
5303,5352,3,3,0.419225
5303,6102,3,3,0.419225
5304,6102,3,3,0.419225
2341,2933,2,2,0.418924
1157,15713,2,2,0.41889
12346,16693,2,2,0.41889
544,9501,2,2,0.41889
25557,25681,2,2,0.41857
13963,15770,2,2,0.418493
7024,11388,2,2,0.418166
10532,29553,2,2,0.418075
2526,16029,2,1,0.417755
9556,18378,2,2,0.417419
6457,15669,2,2,0.417154
253,5853,1,1,0.417032
10231,18667,1,1,0.417032
5301,14174,1,1,0.417032
5037,10695,1,1,0.417032
7089,18210,1,1,0.417032
8716,16400,1,1,0.417032
11706,23390,1,1,0.417032
6091,6457,1,1,0.417032
15795,26521,1,1,0.417032
11987,11991,1,1,0.417032
23765,28766,1,1,0.417032
10104,23765,1,1,0.417032
10999,11987,1,1,0.417032
11738,23390,1,1,0.417032
10231,23390,1,1,0.417032
3535,13651,1,1,0.417032
5983,15983,1,1,0.417032
14693,23765,1,1,0.417032
11738,18667,1,1,0.417032
7814,10171,1,1,0.417032
5973,15460,1,1,0.417032
6636,7722,1,1,0.417032
6480,27011,1,1,0.417032
253,7388,1,1,0.417032
1345,1375,1,1,0.417032
31265,31549,1,1,0.417032
1311,11738,1,1,0.417032
1311,10231,1,1,0.417032
4714,8236,1,1,0.417032
2976,8990,1,1,0.417032
20378,20380,1,1,0.417032
1463,15514,1,1,0.417032
654,3278,1,1,0.417032
6458,11150,1,1,0.417032
25,8084,1,1,0.417032
769,29825,1,1,0.417032
5282,11361,1,1,0.417032
4159,11361,1,1,0.417032
14255,16444,1,1,0.417032
5853,7388,1,1,0.417032
24445,26019,1,1,0.417032
2976,11150,1,1,0.417032
5853,18257,1,1,0.417032
7020,10263,1,1,0.417032
12353,23705,1,1,0.417032
10231,11738,1,1,0.417032
2976,6460,1,1,0.417032
253,9385,1,1,0.417032
1311,23390,1,1,0.417032
13117,14458,1,1,0.417032
1311,18667,1,1,0.417032
342,423,1,1,0.417032
3535,10168,1,1,0.417032
5422,11150,1,1,0.417032
5838,12012,1,1,0.417032
3703,7920,1,1,0.417032
3535,6091,1,1,0.417032
5422,8990,1,1,0.417032
9363,19810,1,1,0.417032
29656,30377,1,1,0.417032
17085,22473,1,1,0.417032
6457,13651,1,1,0.417032
2033,2919,1,1,0.417032
459,3945,1,1,0.417032
7405,8191,1,1,0.417032
2134,5301,1,1,0.417032
8273,13273,1,1,0.417032
4844,5089,1,1,0.417032
4671,11378,1,1,0.417032
4844,7318,1,1,0.417032
6460,11150,1,1,0.417032
4844,14802,1,1,0.417032
5089,7318,1,1,0.417032
6165,16859,1,1,0.417032
5416,8166,1,1,0.417032
5089,14802,1,1,0.417032
25049,25294,1,1,0.417032
7388,18257,1,1,0.417032
2681,22121,1,1,0.417032
717,15302,1,1,0.417032
15711,22177,1,1,0.417032
15711,17272,1,1,0.417032
2976,6458,1,1,0.417032
2442,3225,1,1,0.417032
3414,8968,1,1,0.417032
8990,11150,1,1,0.417032
16275,22560,1,1,0.417032
7388,9385,1,1,0.417032
253,18257,1,1,0.417032
7388,14110,1,1,0.417032
236,17256,1,1,0.417032
9668,14850,1,1,0.417032
2780,5717,2,1,0.417032
6091,10168,1,1,0.417032
8594,14701,1,1,0.417032
14110,18257,1,1,0.417032
11120,26852,1,1,0.417032
6460,8990,1,1,0.417032
18257,22566,1,1,0.417032
25880,27665,1,1,0.417032
17899,25595,1,1,0.417032
1311,6988,1,1,0.417032
6937,10238,1,1,0.417032
100,6988,1,1,0.417032
10168,13651,1,1,0.417032
253,14110,1,1,0.417032
1,967,1,1,0.417032
6457,10168,1,1,0.417032
12399,23017,1,1,0.417032
14380,26535,1,1,0.417032
9385,18257,1,1,0.417032
1097,20634,1,1,0.417032
9610,11634,1,1,0.417032
7200,7722,1,1,0.417032
6091,13651,1,1,0.417032
100,1311,1,1,0.417032
1753,11378,1,1,0.417032
1749,2033,1,1,0.417032
2165,30498,1,1,0.417032
212,9226,1,1,0.417032
21339,26541,1,1,0.417032
7318,14802,1,1,0.417032
6874,11325,1,1,0.417032
6874,12128,1,1,0.417032
2291,2729,1,1,0.417032
11325,12128,1,1,0.417032
4567,14850,1,1,0.417032
11566,21113,1,1,0.417032
2976,5422,1,1,0.417032
7882,12062,1,1,0.417032
6351,16082,1,1,0.417032
11905,17359,1,1,0.417032
1,17064,1,1,0.417032
25294,25295,1,1,0.417032
10642,14387,2,2,0.416945
6457,13957,2,2,0.416921
1000,25477,2,2,0.416874
4494,18897,2,2,0.416775
5103,6125,2,2,0.416136
11492,19024,3,2,0.416124
8769,10999,2,2,0.416079
19620,21851,2,2,0.415957
9037,15499,3,1,0.415829
9037,14607,3,1,0.415829
12336,14607,3,1,0.415829
12835,21983,3,3,0.415307
2231,5551,2,2,0.415171
9739,16778,2,2,0.414982
15257,16095,2,2,0.414888
331,2511,2,2,0.41478
11022,16279,3,3,0.414666
10740,16279,3,3,0.414666
10839,16279,3,3,0.414666
16279,22990,3,3,0.414666
17684,17990,2,2,0.41463
17684,17989,2,2,0.41463
3565,17793,2,2,0.41463
9924,14766,2,2,0.414125
3798,4449,2,2,0.41411
3449,18073,2,2,0.414098
1608,19973,2,2,0.414023
14633,22475,2,2,0.413666
16705,27493,3,3,0.413544
7007,9270,2,2,0.413517
7137,16407,2,2,0.411794
4094,6702,2,2,0.411124
2827,4449,2,2,0.411112
43,3459,2,2,0.410448
25166,30079,2,2,0.410371
16804,16836,2,2,0.409583
14093,16403,2,2,0.409342
7045,13813,2,2,0.409188
867,23040,2,2,0.408817
14432,23040,2,2,0.408817
11361,14432,2,2,0.408817
11361,23040,2,2,0.408817
4184,9480,2,2,0.408671
1591,11739,3,2,0.408167
1591,11741,3,2,0.408167
10569,10570,2,2,0.407844
10494,10570,2,2,0.407844
3241,9556,2,2,0.407639
8817,30000,2,2,0.407567
9037,13634,2,2,0.407457
12366,21956,3,3,0.40742
396,397,2,2,0.407329
9037,15127,3,2,0.407176
4045,18698,2,1,0.407112
1944,4045,2,1,0.407112
9687,11250,2,2,0.407053
12858,14084,2,2,0.407016
212,9359,2,2,0.406984
14766,26588,2,2,0.406915
6545,11451,2,2,0.40678
1291,13393,2,2,0.406715
26349,26351,2,2,0.406525
423,6339,2,2,0.40651
24685,26397,2,2,0.406347
1959,5273,2,2,0.40625
1024,11418,3,3,0.406199
22499,22840,2,2,0.405765
5378,11802,2,2,0.405425
15159,26692,3,3,0.405183
8088,8191,2,2,0.405018
10302,11016,2,2,0.404889
7269,29988,2,2,0.404494
2033,10084,2,2,0.404482
4289,8868,2,2,0.404482
1107,5511,2,2,0.40447
5755,17081,2,2,0.404113
20406,27265,2,2,0.40391
11090,11208,3,3,0.403296
5730,7259,2,2,0.402777
18184,18293,2,2,0.402704
3222,22353,2,2,0.402497
154,2971,1,1,0.40243
7349,23917,1,1,0.40243
12794,13273,1,1,0.40243
10333,19254,1,1,0.40243
8946,16449,1,1,0.40243
2795,19254,1,1,0.40243
2795,10333,1,1,0.40243
2821,10168,1,1,0.40243
4691,12861,1,1,0.40243
2369,10168,1,1,0.40243
1063,11652,1,1,0.40243
11336,12394,1,1,0.40243
2369,2821,1,1,0.40243
579,8120,1,1,0.40243
12794,14802,1,1,0.40243
16444,18892,1,1,0.40243
9598,15603,1,1,0.40243
9598,16449,1,1,0.40243
3657,7628,1,1,0.40243
4788,6792,1,1,0.40243
10238,14067,1,1,0.40243
8946,15603,1,1,0.40243
7535,27434,1,1,0.40243
2497,9524,1,1,0.40243
1173,11878,1,1,0.40243
1596,15560,1,1,0.40243
4884,8946,1,1,0.40243
2497,2549,1,1,0.40243
4884,9598,1,1,0.40243
4884,15603,1,1,0.40243
3564,17469,1,1,0.40243
11207,12861,1,1,0.40243
677,1331,1,1,0.40243
8207,27011,1,1,0.40243
22174,22398,1,1,0.40243
4884,16449,1,1,0.40243
8946,9598,1,1,0.40243
9037,11800,1,1,0.40243
12394,13117,1,1,0.40243
25356,28375,1,1,0.40243
21561,28494,1,1,0.40243
1585,3822,1,1,0.40243
9847,10852,1,1,0.40243
28058,29189,1,1,0.40243
4787,10362,1,1,0.40243
10662,19340,1,1,0.40243
2456,17728,1,1,0.40243
17584,17623,1,1,0.40243
31106,31645,1,1,0.40243
497,14186,1,1,0.40243
3346,5369,1,1,0.40243
1716,9164,1,1,0.40243
4253,7820,1,1,0.40243
7820,9408,1,1,0.40243
212,8121,1,1,0.40243
11800,12693,1,1,0.40243
11999,20052,1,1,0.40243
16340,19340,1,1,0.40243
15603,16449,1,1,0.40243
3471,3798,1,1,0.40243
25050,28113,1,1,0.40243
7357,14991,1,1,0.40243
7357,21499,1,1,0.40243
3346,9803,1,1,0.40243
5989,19080,1,1,0.40243
5383,11197,1,1,0.40243
2546,11654,1,1,0.40243
241,265,1,1,0.40243
19930,30202,1,1,0.40243
9687,16444,1,1,0.40243
10538,12005,1,1,0.40243
16001,31336,1,1,0.40243
2959,7756,1,1,0.40243
3869,17078,1,1,0.40243
11234,13391,1,1,0.40243
5445,11001,1,1,0.40243
98,24587,1,1,0.40243
3288,14640,1,1,0.40243
30111,30725,1,1,0.40243
25302,29906,1,1,0.40243
245,9838,1,1,0.40243
15300,26911,1,1,0.40243
5582,11353,1,1,0.40243
27302,30032,1,1,0.40243
6499,26911,1,1,0.40243
1798,2033,1,1,0.40243
30111,30765,1,1,0.40243
6414,30780,1,1,0.40243
23080,28673,1,1,0.40243
227,18050,1,1,0.40243
633,24513,1,1,0.40243
11768,20528,1,1,0.40243
6414,29767,1,1,0.40243
7089,7294,1,1,0.40243
12181,13199,1,1,0.40243
8999,9074,1,1,0.40243
24998,25586,1,1,0.40243
30111,30190,1,1,0.40243
2525,10613,1,1,0.40243
11013,30765,1,1,0.40243
4344,4756,1,1,0.40243
11957,16934,1,1,0.40243
8621,15619,1,1,0.40243
19784,20203,1,1,0.40243
11013,30111,1,1,0.40243
324,4142,1,1,0.40243
15164,16035,1,1,0.40243
11766,13479,1,1,0.40243
30030,30032,1,1,0.40243
1167,15515,1,1,0.40243
20012,20951,1,1,0.40243
6393,6870,1,1,0.40243
11652,12041,1,1,0.40243
17892,20012,1,1,0.40243
11013,30190,1,1,0.40243
166,4777,1,1,0.40243
11013,30725,1,1,0.40243
3142,11124,1,1,0.40243
8079,14284,1,1,0.40243
2549,9524,1,1,0.40243
1063,12041,1,1,0.40243
15711,17452,1,1,0.40243
22824,23214,1,1,0.40243
12860,12861,1,1,0.40243
26095,28052,1,1,0.40243
7722,13157,1,1,0.40243
11441,23416,1,1,0.40243
1552,7155,1,1,0.40243
7722,9398,2,2,0.402231
16638,20044,2,2,0.401456
12281,14472,2,1,0.401316
7715,14432,2,1,0.401316
708,7715,2,1,0.401316
8666,26460,2,2,0.401042
9270,12109,2,2,0.400437
1732,1896,2,1,0.400223
2798,13144,2,2,0.400135
19958,19967,2,2,0.400066
2249,11677,2,2,0.399804
12835,24275,2,2,0.399469
661,4595,2,2,0.399267
1376,18030,2,2,0.399243
26134,26266,2,2,0.399163
7945,20976,2,2,0.399103
20645,24526,2,2,0.39891
11217,22168,2,2,0.398483
59,540,2,2,0.398322
271,2442,2,2,0.398159
1010,2442,2,2,0.398159
3217,3523,2,2,0.397633
2827,3645,2,2,0.397311
2889,3645,2,2,0.397311
5206,9108,2,2,0.397237
8066,9009,2,2,0.397209
11030,20083,2,2,0.397155
6405,30399,2,2,0.397155
29449,30298,2,2,0.397155
1622,14315,2,2,0.397104
11987,18239,2,1,0.397065
4720,17602,3,3,0.396642
28011,30966,3,3,0.396642
17276,18275,2,1,0.396556
708,11361,2,2,0.396508
3798,14521,2,2,0.396429
17594,21325,2,2,0.396096
16775,23831,2,1,0.396051
5924,11164,2,2,0.396042
10430,10536,2,2,0.395767
5006,5159,2,2,0.395591
12716,27768,3,3,0.395248
5147,7650,2,2,0.394876
7650,12564,2,2,0.394876
24996,25080,2,2,0.394832
4559,11905,2,2,0.394641
984,2365,2,2,0.394583
14977,15810,2,2,0.394565
12382,25702,2,2,0.394214
8310,18861,2,2,0.39411
17594,30375,2,2,0.393467
1920,21459,3,1,0.393462
43,23547,2,2,0.393331
4903,6310,2,2,0.39294
16112,17277,3,3,0.392531
8164,9418,2,2,0.391985
7664,8403,2,2,0.391838
19372,20286,2,2,0.391487
5473,20116,2,2,0.391395
21264,21281,2,2,0.391168
4220,7140,2,2,0.391116
292,2512,2,2,0.390786
5834,16778,2,1,0.390778
10238,14796,2,1,0.390778
2709,3535,2,2,0.390585
5208,7722,2,2,0.39048
6405,12609,2,2,0.389946
14760,15272,1,1,0.389871
2798,3551,1,1,0.389871
1806,3535,1,1,0.389871
77,243,1,1,0.389871
2798,23296,1,1,0.389871
1602,16018,1,1,0.389871
9382,12812,1,1,0.389871
4790,11486,1,1,0.389871
2670,9254,1,1,0.389871
5718,6938,1,1,0.389871
1806,4790,1,1,0.389871
2363,9382,1,1,0.389871
1806,11486,1,1,0.389871
12812,17449,1,1,0.389871
993,2197,1,1,0.389871
2511,8830,1,1,0.389871
3535,11486,1,1,0.389871
8593,18463,1,1,0.389871
4011,8990,1,1,0.389871
27974,27975,1,1,0.389871
19192,20061,1,1,0.389871
5301,7354,1,1,0.389871
5570,7375,1,1,0.389871
212,8499,1,1,0.389871
3551,23296,1,1,0.389871
16178,21278,1,1,0.389871
16178,18488,1,1,0.389871
1603,2618,1,1,0.389871
23814,24147,1,1,0.389871
23017,27379,1,1,0.389871
2363,12812,1,1,0.389871
2363,17449,1,1,0.389871
1849,2371,1,1,0.389871
544,4146,1,1,0.389871
15297,25472,1,1,0.389871
1596,8332,1,1,0.389871
7535,8651,1,1,0.389871
342,343,1,1,0.389871
4198,10240,1,1,0.389871
2897,3234,1,1,0.389871
2897,4041,1,1,0.389871
3234,4041,1,1,0.389871
7302,21292,1,1,0.389871
7302,21291,1,1,0.389871
14808,21291,1,1,0.389871
3076,13813,1,1,0.389871
792,3093,1,1,0.389871
7208,21292,1,1,0.389871
5506,11708,1,1,0.389871
5506,11705,1,1,0.389871
3473,5506,1,1,0.389871
7208,21291,1,1,0.389871
8354,17359,1,1,0.389871
4145,4209,1,1,0.389871
7208,15059,1,1,0.389871
4787,20576,1,1,0.389871
24684,25905,1,1,0.389871
9940,27645,1,1,0.389871
17783,18052,1,1,0.389871
19804,22692,1,1,0.389871
1596,4094,1,1,0.389871
467,4171,1,1,0.389871
1463,8332,1,1,0.389871
2511,11197,1,1,0.389871
717,10922,1,1,0.389871
426,3018,1,1,0.389871
2033,9518,1,1,0.389871
2600,13354,1,1,0.389871
2033,10847,1,1,0.389871
5970,13348,1,1,0.389871
3861,3971,1,1,0.389871
852,10797,1,1,0.389871
10706,10789,1,1,0.389871
8644,16297,1,1,0.389871
22286,24365,1,1,0.389871
1056,1463,1,1,0.389871
1463,4094,1,1,0.389871
4206,23154,1,1,0.389871
157,3898,1,1,0.389871
2033,3898,1,1,0.389871
2526,26851,1,1,0.389871
6457,6575,1,1,0.389871
1056,4094,1,1,0.389871
8990,22446,1,1,0.389871
6458,22446,1,1,0.389871
1056,8332,1,1,0.389871
13429,13478,1,1,0.389871
1463,1596,1,1,0.389871
2767,7722,1,1,0.389871
5973,9786,1,1,0.389871
10156,18530,1,1,0.389871
14393,17318,1,1,0.389871
10918,17318,1,1,0.389871
6125,24243,1,1,0.389871
1056,3633,1,1,0.389871
6125,24173,1,1,0.389871
198,18414,1,1,0.389871
1055,3633,1,1,0.389871
14270,15711,1,1,0.389871
7200,17421,1,1,0.389871
6744,19633,1,1,0.389871
12790,24398,1,1,0.389871
10869,17318,1,1,0.389871
3954,17421,1,1,0.389871
5126,11161,1,1,0.389871
21280,22708,1,1,0.389871
2794,25457,1,1,0.389871
4837,9710,1,1,0.389871
24360,24463,1,1,0.389871
3192,9482,1,1,0.389871
11676,14194,1,1,0.389871
15877,19351,1,1,0.389871
2681,6901,1,1,0.389871
3640,10016,1,1,0.389871
3890,16677,1,1,0.389871
27983,28010,1,1,0.389871
1034,2295,2,2,0.38985
6534,8912,2,2,0.38985
2826,7140,2,2,0.389687
21174,23352,3,2,0.389255
20576,21402,2,2,0.389247
4374,23909,2,2,0.388599
43,23313,2,2,0.388277
538,565,2,2,0.387176
11741,11749,3,2,0.386989
2546,5301,2,2,0.38667
25833,31002,2,2,0.385226
19252,19332,2,2,0.385087
3954,25851,2,2,0.385087
5986,6133,2,2,0.384827
22605,22792,2,2,0.384048
2297,5764,2,2,0.383795
20659,25213,2,2,0.383538
1376,8492,2,2,0.382178
3383,3750,2,1,0.381168
22370,24158,2,2,0.380914
145,3724,2,2,0.380647
7570,15774,2,2,0.380352
26690,27445,2,2,0.379952
21375,27762,2,2,0.37983
6672,20819,2,2,0.379587
3879,25255,2,2,0.379587
9452,16322,2,2,0.379196
11398,16322,2,2,0.379196
22473,24956,1,1,0.378923
22965,30801,1,1,0.378923
2220,2222,1,1,0.378923
5613,10695,1,1,0.378923
25164,27503,1,1,0.378923
787,3604,1,1,0.378923
5022,17054,1,1,0.378923
2314,8088,1,1,0.378923
22539,22574,1,1,0.378923
1390,25110,1,1,0.378923
6672,24042,1,1,0.378923
11021,16099,1,1,0.378923
14328,15290,1,1,0.378923
14821,15546,1,1,0.378923
386,14328,1,1,0.378923
14309,18378,1,1,0.378923
6672,9611,1,1,0.378923
5853,24385,1,1,0.378923
459,14850,1,1,0.378923
14821,15931,1,1,0.378923
13919,17492,1,1,0.378923
459,14608,1,1,0.378923
14067,14850,1,1,0.378923
7367,20631,1,1,0.378923
1870,5973,1,1,0.378923
14067,14747,1,1,0.378923
2564,17045,1,1,0.378923
2336,4471,1,1,0.378923
11634,14795,1,1,0.378923
459,2151,1,1,0.378923
19222,19810,1,1,0.378923
11644,16871,1,1,0.378923
438,1593,1,1,0.378923
8398,9431,1,1,0.378923
6412,7535,1,1,0.378923
20393,20505,1,1,0.378923
5022,17052,1,1,0.378923
20986,20989,1,1,0.378923
10408,26767,1,1,0.378923
5781,17549,1,1,0.378923
8537,10641,1,1,0.378923
2033,9037,1,1,0.378923
5781,10098,1,1,0.378923
19512,19587,1,1,0.378923
26813,27236,1,1,0.378923
4816,27236,1,1,0.378923
4816,22634,1,1,0.378923
17579,19587,1,1,0.378923
8039,8660,1,1,0.378923
2238,2939,1,1,0.378923
2238,6062,1,1,0.378923
2939,6062,1,1,0.378923
2939,18001,1,1,0.378923
2939,18564,1,1,0.378923
5945,19587,1,1,0.378923
6062,18001,1,1,0.378923
6062,18564,1,1,0.378923
5781,13518,1,1,0.378923
5781,19659,1,1,0.378923
2904,16755,1,1,0.378923
10098,13518,1,1,0.378923
1180,18861,1,1,0.378923
7711,9348,1,1,0.378923
2525,25624,1,1,0.378923
17549,19659,1,1,0.378923
15334,19659,1,1,0.378923
15334,17549,1,1,0.378923
5713,9497,1,1,0.378923
5713,14434,1,1,0.378923
9497,14434,1,1,0.378923
13518,19659,1,1,0.378923
7797,11585,1,1,0.378923
10999,16432,1,1,0.378923
13518,17549,1,1,0.378923
13518,15334,1,1,0.378923
10098,19659,1,1,0.378923
10098,17549,1,1,0.378923
10098,15334,1,1,0.378923
1366,5834,1,1,0.378923
1366,6816,1,1,0.378923
1366,6864,1,1,0.378923
1366,8644,1,1,0.378923
13873,23589,1,1,0.378923
13873,27532,1,1,0.378923
23589,27532,1,1,0.378923
30899,30935,1,1,0.378923
2526,4752,1,1,0.378923
28885,28886,1,1,0.378923
28369,28886,1,1,0.378923
28369,28885,1,1,0.378923
2526,23612,1,1,0.378923
4752,23612,1,1,0.378923
694,3875,1,1,0.378923
16845,25302,1,1,0.378923
699,3875,1,1,0.378923
21578,23244,1,1,0.378923
12172,22446,1,1,0.378923
11094,11157,1,1,0.378923
24207,24210,1,1,0.378923
13584,27532,1,1,0.378923
13584,23589,1,1,0.378923
13584,13873,1,1,0.378923
32,19512,1,1,0.378923
1366,12790,1,1,0.378923
5834,6816,1,1,0.378923
5834,8644,1,1,0.378923
5945,19512,1,1,0.378923
32,19587,1,1,0.378923
5834,12790,1,1,0.378923
32,19522,1,1,0.378923
6816,6864,1,1,0.378923
11064,27532,1,1,0.378923
6816,8644,1,1,0.378923
6816,12790,1,1,0.378923
6864,8644,1,1,0.378923
6864,12790,1,1,0.378923
8644,12790,1,1,0.378923
11064,13873,1,1,0.378923
11064,23589,1,1,0.378923
4998,5249,1,1,0.378923
19522,19587,1,1,0.378923
2937,7167,1,1,0.378923
3975,11836,1,1,0.378923
1591,5274,1,1,0.378923
1105,4705,1,1,0.378923
22018,22019,1,1,0.378923
644,3142,1,1,0.378923
725,18469,1,1,0.378923
1386,3491,1,1,0.378923
1167,6062,1,1,0.378923
8680,15901,1,1,0.378923
1201,7300,1,1,0.378923
108,3713,1,1,0.378923
955,1903,1,1,0.378923
18530,18874,1,1,0.378923
2075,6393,1,1,0.378923
12953,13892,1,1,0.378923
25944,26656,1,1,0.378923
7137,15060,1,1,0.378923
9763,10171,1,1,0.378923
3503,11094,1,1,0.378923
2313,26921,1,1,0.378923
25071,25123,1,1,0.378923
48,19965,1,1,0.378923
1359,2668,1,1,0.378923
14907,16617,1,1,0.378923
20785,26656,1,1,0.378923
9079,11163,1,1,0.378923
24220,28344,1,1,0.378923
2568,7722,1,1,0.378923
9556,17542,2,2,0.378564
1520,9556,2,2,0.378564
25093,27011,2,2,0.377957
3869,27011,2,2,0.377957
9763,13813,2,2,0.377945
10521,12431,2,2,0.377086
9179,11051,2,1,0.376771
4757,11780,2,2,0.376756
15206,15890,2,2,0.376659
13682,22873,2,2,0.376452
13682,14991,2,2,0.376452
6946,9763,2,2,0.375844
4806,9763,2,2,0.374826
944,1647,2,2,0.374826
43,21943,2,2,0.374826
11739,19494,2,2,0.374826
8837,11739,2,2,0.374826
3811,11321,2,2,0.37407
6803,7186,2,2,0.373625
7563,10922,2,1,0.373372
5766,9348,2,1,0.373372
7563,17421,2,1,0.373372
11336,21622,2,1,0.373372
23107,23138,2,1,0.373372
7563,9763,2,1,0.373372
7563,13328,2,1,0.373372
5973,7563,2,1,0.373372
108,4761,2,2,0.373371
3491,3923,2,2,0.373351
3645,3923,2,2,0.373351
3624,3923,2,2,0.373351
3508,3923,2,2,0.373351
3376,9358,2,2,0.373214
4861,7140,2,2,0.373214
2369,4861,2,2,0.373214
3073,7140,2,2,0.373214
2369,7140,2,2,0.373214
2369,3073,2,2,0.373214
6457,7722,2,2,0.372955
22305,23557,2,2,0.372551
4158,23557,2,2,0.372551
4158,22305,2,2,0.372551
5301,13003,2,2,0.372437
12635,30216,2,2,0.37243
5109,27925,2,2,0.372073
2379,24921,3,1,0.371893
15201,15417,2,2,0.371603
1591,9882,2,2,0.37122
5362,7259,2,2,0.371021
12790,14608,2,2,0.370917
20336,20935,2,2,0.37071
8682,10570,2,2,0.369871
3400,4627,2,2,0.369733
3586,12867,2,2,0.369417
3586,12898,2,2,0.369417
1531,12898,2,2,0.369417
1531,12867,2,2,0.369417
13163,23143,2,2,0.369417
2346,13117,1,1,0.369269
2346,13012,1,1,0.369269
18359,19748,1,1,0.369269
702,12090,1,1,0.369269
203,1326,1,1,0.369269
19479,20263,1,1,0.369269
20457,20459,1,1,0.369269
605,5281,1,1,0.369269
605,7221,1,1,0.369269
20424,20459,1,1,0.369269
20424,20457,1,1,0.369269
5281,7221,1,1,0.369269
85,6359,1,1,0.369269
85,8464,1,1,0.369269
85,8819,1,1,0.369269
6359,8464,1,1,0.369269
6359,8819,1,1,0.369269
8464,8819,1,1,0.369269
13012,13117,1,1,0.369269
18698,19007,1,1,0.369269
20263,20441,1,1,0.369269
18698,19011,1,1,0.369269
2346,11336,1,1,0.369269
11336,16328,1,1,0.369269
459,3859,1,1,0.369269
13012,16328,1,1,0.369269
1173,26060,1,1,0.369269
19438,19479,1,1,0.369269
3168,19479,1,1,0.369269
18359,19438,1,1,0.369269
19479,20441,1,1,0.369269
3168,19748,1,1,0.369269
18359,19479,1,1,0.369269
19748,20263,1,1,0.369269
1546,12355,1,1,0.369269
3168,20263,1,1,0.369269
19748,20441,1,1,0.369269
13117,16328,1,1,0.369269
4253,4693,1,1,0.369269
17085,26860,1,1,0.369269
3954,26860,1,1,0.369269
18359,20441,1,1,0.369269
3168,20441,1,1,0.369269
3436,17398,1,1,0.369269
5167,8027,1,1,0.369269
18359,20263,1,1,0.369269
3811,6460,1,1,0.369269
9363,28220,1,1,0.369269
3181,6125,1,1,0.369269
726,19434,1,1,0.369269
5325,25484,1,1,0.369269
19479,19748,1,1,0.369269
19438,20441,1,1,0.369269
4567,26911,1,1,0.369269
17961,22982,1,1,0.369269
75,5985,1,1,0.369269
9556,15931,1,1,0.369269
14463,15931,1,1,0.369269
2681,13117,1,1,0.369269
14463,16153,1,1,0.369269
15931,16153,1,1,0.369269
2681,11336,1,1,0.369269
3168,18359,1,1,0.369269
3285,5907,1,1,0.369269
967,3285,1,1,0.369269
19438,20263,1,1,0.369269
3168,19438,1,1,0.369269
19438,19748,1,1,0.369269
4462,4611,1,1,0.369269
2667,2681,1,1,0.369269
967,5907,1,1,0.369269
3399,8990,1,1,0.369269
6887,13999,1,1,0.369269
10273,10827,1,1,0.369269
3861,8574,1,1,0.369269
7882,15568,1,1,0.369269
799,15796,1,1,0.369269
8740,13281,1,1,0.369269
17940,31242,1,1,0.369269
992,4147,1,1,0.369269
7288,14002,1,1,0.369269
1308,14758,1,1,0.369269
7696,10202,1,1,0.369269
6887,20725,1,1,0.369269
6887,27430,1,1,0.369269
6887,28904,1,1,0.369269
13999,20725,1,1,0.369269
13999,27430,1,1,0.369269
20725,27430,1,1,0.369269
20725,28904,1,1,0.369269
27430,28904,1,1,0.369269
8944,15728,1,1,0.369269
29248,29397,1,1,0.369269
2763,2903,1,1,0.369269
6590,7351,1,1,0.369269
2614,2681,1,1,0.369269
31148,31517,1,1,0.369269
9897,28111,1,1,0.369269
3861,8764,1,1,0.369269
497,7640,1,1,0.369269
11055,16400,1,1,0.369269
7073,10722,1,1,0.369269
14431,16479,1,1,0.369269
2681,14409,1,1,0.369269
24847,26137,1,1,0.369269
2197,16805,1,1,0.369269
12790,18092,1,1,0.369269
19625,26075,1,1,0.369269
11936,16400,1,1,0.369269
11936,13013,1,1,0.369269
14524,16834,1,1,0.369269
14991,22662,1,1,0.369269
10147,10671,1,1,0.369269
11055,11936,1,1,0.369269
6653,7257,1,1,0.369269
1463,11752,1,1,0.369269
10772,27379,1,1,0.369269
29623,29750,1,1,0.369269
11041,13372,1,1,0.369269
11041,13269,1,1,0.369269
579,11041,1,1,0.369269
25542,30022,1,1,0.369269
497,8999,1,1,0.369269
12159,12160,1,1,0.369269
3005,7838,1,1,0.369269
2614,4654,1,1,0.369269
22578,24047,1,1,0.369269
3145,10202,1,1,0.369269
3399,13616,1,1,0.369269
7302,9124,1,1,0.369269
11041,13117,1,1,0.369269
8990,13616,1,1,0.369269
918,13476,1,1,0.369269
11662,16763,1,1,0.369269
2709,16763,1,1,0.369269
12542,13117,1,1,0.369269
16195,18319,1,1,0.369269
1107,3060,1,1,0.369269
6855,16230,1,1,0.369269
5888,7426,1,1,0.369269
11336,12542,1,1,0.369269
9124,12483,1,1,0.369269
9950,10168,1,1,0.369269
3640,15713,1,1,0.369269
15619,24047,1,1,0.369269
2495,6567,1,1,0.369269
30841,30860,1,1,0.369269
15238,18319,1,1,0.369269
15238,16195,1,1,0.369269
1415,5208,1,1,0.369269
3640,19151,1,1,0.369269
5652,18319,1,1,0.369269
359,19151,1,1,0.369269
5506,20543,1,1,0.369269
5652,16195,1,1,0.369269
5652,15238,1,1,0.369269
10243,10902,2,2,0.369198
509,510,2,2,0.368395
331,1972,2,2,0.368204
9066,14766,2,2,0.367846
100,31389,2,2,0.367562
1508,16361,2,2,0.366976
1365,4345,2,2,0.366649
20628,21965,2,2,0.366263
1127,1128,2,2,0.365404
10875,15643,2,2,0.365327
6844,16902,2,2,0.364985
9901,17443,2,2,0.364821
5973,6457,2,2,0.364551
43,11917,2,2,0.363692
10662,18596,2,2,0.363288
15971,18596,2,2,0.363288
6114,15666,2,2,0.363175
5365,6114,2,2,0.363175
2369,9130,2,2,0.363032
1972,5782,2,2,0.362938
12636,12749,2,2,0.362927
12746,12749,2,2,0.362927
29181,29878,2,2,0.362922
26295,27328,2,2,0.362868
8758,15596,2,2,0.361914
8810,9199,2,2,0.36158
8810,9475,2,2,0.36158
887,9556,2,2,0.361007
1028,2381,1,1,0.360674
16338,20708,1,1,0.360674
15847,20637,1,1,0.360674
2033,10356,1,1,0.360674
2379,20636,1,1,0.360674
11739,20627,1,1,0.360674
16338,20636,1,1,0.360674
12661,16155,1,1,0.360674
842,30280,1,1,0.360674
28659,28915,1,1,0.360674
2584,6165,1,1,0.360674
353,8448,1,1,0.360674
3726,11792,1,1,0.360674
5037,8390,1,1,0.360674
8390,10084,1,1,0.360674
2971,4196,1,1,0.360674
5159,5973,1,1,0.360674
1208,28655,1,1,0.360674
17899,25219,1,1,0.360674
1502,12661,1,1,0.360674
6125,24540,1,1,0.360674
9496,15847,1,1,0.360674
9496,16338,1,1,0.360674
16338,20637,1,1,0.360674
9496,20637,1,1,0.360674
15847,16338,1,1,0.360674
15847,20636,1,1,0.360674
15847,20708,1,1,0.360674
20637,20708,1,1,0.360674
13176,18142,1,1,0.360674
2709,2767,1,1,0.360674
5920,19163,1,1,0.360674
6762,9880,1,1,0.360674
6762,19163,1,1,0.360674
6764,9880,1,1,0.360674
683,1964,1,1,0.360674
6764,19163,1,1,0.360674
683,2565,1,1,0.360674
1964,2565,1,1,0.360674
6604,11336,1,1,0.360674
6604,13117,1,1,0.360674
6604,17930,1,1,0.360674
2709,17930,1,1,0.360674
6808,10461,1,1,0.360674
2767,17930,1,1,0.360674
581,10999,1,1,0.360674
9880,11917,1,1,0.360674
7722,7972,1,1,0.360674
581,11970,1,1,0.360674
189,581,1,1,0.360674
9470,12355,1,1,0.360674
19489,21951,1,1,0.360674
9880,19163,1,1,0.360674
23317,23798,1,1,0.360674
395,16807,1,1,0.360674
20636,20637,1,1,0.360674
4248,25185,1,1,0.360674
1998,5920,1,1,0.360674
2511,4502,1,1,0.360674
20763,24833,1,1,0.360674
6530,9553,1,1,0.360674
825,5187,1,1,0.360674
7464,20658,1,1,0.360674
9797,24742,1,1,0.360674
16931,16957,1,1,0.360674
10974,24742,1,1,0.360674
4386,5920,1,1,0.360674
4386,6762,1,1,0.360674
4502,18142,1,1,0.360674
6165,8191,1,1,0.360674
6732,13176,1,1,0.360674
2288,3729,1,1,0.360674
4386,6764,1,1,0.360674
1372,4210,1,1,0.360674
6359,10922,1,1,0.360674
4386,9880,1,1,0.360674
4386,11917,1,1,0.360674
5296,7162,1,1,0.360674
4386,19163,1,1,0.360674
5920,6762,1,1,0.360674
5920,6764,1,1,0.360674
7369,10356,1,1,0.360674
5920,9880,1,1,0.360674
20448,20763,1,1,0.360674
867,5973,1,1,0.360674
1998,17762,1,1,0.360674
6654,11227,1,1,0.360674
18651,18744,1,1,0.360674
18698,24024,1,1,0.360674
645,24985,1,1,0.360674
21620,27135,1,1,0.360674
18698,24669,1,1,0.360674
21767,21965,1,1,0.360674
21767,24024,1,1,0.360674
21767,24669,1,1,0.360674
21965,24024,1,1,0.360674
5822,20674,1,1,0.360674
20674,20728,1,1,0.360674
459,1585,1,1,0.360674
21965,24669,1,1,0.360674
23878,30656,1,1,0.360674
24024,24669,1,1,0.360674
16829,21965,1,1,0.360674
108,11972,1,1,0.360674
1593,1716,2,1,0.360674
5274,9037,1,1,0.360674
6457,6637,1,1,0.360674
30375,30504,1,1,0.360674
1870,2369,1,1,0.360674
18214,19043,1,1,0.360674
5920,17762,1,1,0.360674
18698,21965,1,1,0.360674
1386,4970,1,1,0.360674
26156,26455,1,1,0.360674
581,8503,1,1,0.360674
1668,4275,1,1,0.360674
1668,11917,1,1,0.360674
1668,18698,1,1,0.360674
13099,15302,1,1,0.360674
12520,22410,1,1,0.360674
1668,21965,1,1,0.360674
1668,24024,1,1,0.360674
5968,10592,1,1,0.360674
1668,24669,1,1,0.360674
4275,21965,1,1,0.360674
4275,24024,1,1,0.360674
4275,24669,1,1,0.360674
4563,21421,1,1,0.360674
6131,8396,1,1,0.360674
11917,21965,1,1,0.360674
11917,24669,1,1,0.360674
358,8971,1,1,0.360674
8122,17107,1,1,0.360674
4138,5915,1,1,0.360674
24215,27424,1,1,0.360674
955,5915,1,1,0.360674
9164,14254,2,1,0.360674
20448,24833,1,1,0.360674
346,2524,2,2,0.360622
6457,8613,2,2,0.359436
2311,12835,2,2,0.358587
17277,25923,2,2,0.358299
27894,27909,2,2,0.357851
8084,19707,2,2,0.357458
8207,27051,2,2,0.357378
5054,9832,2,2,0.35704
5054,18527,2,2,0.35704
10159,25565,2,2,0.356883
7650,18489,2,2,0.356514
2202,14607,2,2,0.356064
1386,3861,2,2,0.355763
1024,14686,2,2,0.355715
10731,16254,2,2,0.35533
3954,11949,2,2,0.355135
7053,7579,2,2,0.354763
82,26352,2,2,0.354465
203,3703,2,1,0.353607
18198,27302,2,2,0.353547
412,978,2,2,0.353464
5123,14958,2,2,0.353305
14467,17138,2,2,0.353222
786,3798,2,2,0.353051
1004,24365,1,1,0.352956
11041,17757,1,1,0.352956
2788,24760,1,1,0.352956
6590,11481,1,1,0.352956
4116,4853,1,1,0.352956
7255,11111,1,1,0.352956
6590,8528,1,1,0.352956
6468,8166,1,1,0.352956
19487,20115,1,1,0.352956
5271,8166,1,1,0.352956
11917,20722,1,1,0.352956
7110,21819,1,1,0.352956
11486,14180,1,1,0.352956
8172,13050,1,1,0.352956
8172,11286,1,1,0.352956
19758,27532,1,1,0.352956
9610,11286,1,1,0.352956
8156,11286,1,1,0.352956
8156,9610,1,1,0.352956
3604,11286,1,1,0.352956
3604,9610,1,1,0.352956
9479,9610,1,1,0.352956
9138,9610,1,1,0.352956
9138,9479,1,1,0.352956
8350,9610,1,1,0.352956
16877,20849,1,1,0.352956
13324,17160,1,1,0.352956
3640,6114,1,1,0.352956
5515,17913,1,1,0.352956
89,28415,1,1,0.352956
89,6596,1,1,0.352956
1714,27182,1,1,0.352956
1107,4761,1,1,0.352956
13300,15603,1,1,0.352956
7122,7722,1,1,0.352956
5541,19479,1,1,0.352956
12693,15796,1,1,0.352956
9739,14850,1,1,0.352956
9739,15694,1,1,0.352956
265,3146,1,1,0.352956
265,1775,1,1,0.352956
821,2511,1,1,0.352956
1544,11736,1,1,0.352956
25622,26130,1,1,0.352956
6596,28415,1,1,0.352956
9689,19479,1,1,0.352956
10263,17123,1,1,0.352956
4290,14521,1,1,0.352956
9763,15226,1,1,0.352956
6014,30134,1,1,0.352956
6499,17064,1,1,0.352956
26130,26200,1,1,0.352956
1871,17817,1,1,0.352956
6457,6499,1,1,0.352956
1871,17793,1,1,0.352956
10107,17123,1,1,0.352956
9176,9456,1,1,0.352956
769,5615,1,1,0.352956
769,2734,1,1,0.352956
15715,19885,1,1,0.352956
13979,21273,1,1,0.352956
3713,7140,1,1,0.352956
8350,9479,1,1,0.352956
13050,13597,1,1,0.352956
8350,9138,1,1,0.352956
26454,26496,1,1,0.352956
11030,20683,1,1,0.352956
11030,17762,1,1,0.352956
6514,26211,1,1,0.352956
6514,23329,1,1,0.352956
23573,28837,1,1,0.352956
1775,5464,1,1,0.352956
7340,14652,1,1,0.352956
3250,4116,1,1,0.352956
6514,20683,1,1,0.352956
6514,17762,1,1,0.352956
6514,13963,1,1,0.352956
6514,11030,1,1,0.352956
4193,5456,1,1,0.352956
1430,26211,1,1,0.352956
1487,2012,1,1,0.352956
1430,23329,1,1,0.352956
1430,20683,1,1,0.352956
1430,6514,1,1,0.352956
3329,15931,1,1,0.352956
17125,20324,1,1,0.352956
4496,15569,1,1,0.352956
3392,10171,1,1,0.352956
6519,11396,1,1,0.352956
2876,3805,1,1,0.352956
1157,10312,1,1,0.352956
27197,28932,1,1,0.352956
25158,27749,1,1,0.352956
5545,7405,1,1,0.352956
20683,26211,1,1,0.352956
20683,23329,1,1,0.352956
12114,21590,1,1,0.352956
13963,26211,1,1,0.352956
11030,23329,1,1,0.352956
13963,23329,1,1,0.352956
6471,26647,1,1,0.352956
13963,20683,1,1,0.352956
7679,12689,1,1,0.352956
21005,21254,1,1,0.352956
24774,24777,1,1,0.352956
11030,26211,1,1,0.352956
10171,11039,1,1,0.352956
2564,6555,1,1,0.352956
2122,13201,1,1,0.352956
4791,27956,1,1,0.352956
2034,16238,1,1,0.352956
17396,23151,1,1,0.352956
9547,9765,1,1,0.352956
2034,19402,1,1,0.352956
16238,19402,1,1,0.352956
13034,18935,1,1,0.352956
3175,9901,2,2,0.352933
14038,24046,2,2,0.352572
5473,5853,2,2,0.352545
4837,18769,2,2,0.352545
3929,4280,2,2,0.352462
9916,10720,2,2,0.352189
9916,10737,2,2,0.352189
18993,28637,2,2,0.352115
23042,24961,2,2,0.352052
182,1173,2,2,0.351777
2511,12303,2,2,0.351001
29454,30868,2,2,0.35094
3614,5577,2,2,0.350914
3782,12233,2,2,0.350727
4719,11963,2,2,0.350433
11084,11234,2,1,0.350034
7278,17277,2,2,0.350009
1693,17976,2,2,0.350009
3971,17262,2,2,0.350009
6125,17262,2,2,0.350009
2939,17262,2,2,0.350009
2939,6125,2,2,0.350009
2939,3971,2,2,0.350009
5621,14766,2,2,0.349637
13749,25251,2,2,0.349532
13963,30399,2,2,0.349419
13963,30355,2,2,0.349419
13816,20446,2,2,0.349349
22346,30030,2,2,0.349154
30030,30062,2,2,0.349154
2600,10238,2,2,0.348818
16775,17294,2,2,0.348776
643,4850,2,2,0.348776
2529,3875,2,2,0.348649
3875,20527,2,2,0.348649
1531,3203,2,2,0.348344
416,7919,2,2,0.348344
6587,6607,2,2,0.347983
17684,17761,2,2,0.347983
10546,10696,2,2,0.347579
10546,11443,2,2,0.347579
3844,5213,2,2,0.347391
4691,8256,2,1,0.347288
12346,19899,2,1,0.347288
11644,17728,2,1,0.347288
11644,21625,2,1,0.347288
13910,19899,2,1,0.347288
10449,11644,2,1,0.347288
15713,21625,2,1,0.347288
8107,10245,2,1,0.347288
7140,7354,2,1,0.347288
8256,10356,2,1,0.347288
13112,14003,2,1,0.347288
11644,20751,2,1,0.347288
19899,20751,2,1,0.347288
11644,13910,2,1,0.347288
7354,7426,2,1,0.347288
8673,13389,2,1,0.346534
15057,16428,2,1,0.346534
17862,27417,2,2,0.346404
7140,16638,2,2,0.346366
8168,23080,2,2,0.345998
2506,7003,1,1,0.345976
500,1425,1,1,0.345976
1006,23257,1,1,0.345976
1425,2653,1,1,0.345976
17276,18505,1,1,0.345976
1425,2901,1,1,0.345976
6719,8880,1,1,0.345976
3640,8880,1,1,0.345976
1425,3115,1,1,0.345976
10356,12383,1,1,0.345976
8660,15756,1,1,0.345976
17576,23233,1,1,0.345976
11654,12849,1,1,0.345976
12629,20543,1,1,0.345976
3693,14850,1,1,0.345976
1704,5621,1,1,0.345976
581,23952,1,1,0.345976
2063,14850,1,1,0.345976
5032,18007,1,1,0.345976
14791,16670,1,1,0.345976
8089,9217,1,1,0.345976
1425,2257,1,1,0.345976
1371,13576,1,1,0.345976
4606,4844,1,1,0.345976
4787,22469,1,1,0.345976
23671,25033,1,1,0.345976
1523,2511,1,1,0.345976
1425,1870,1,1,0.345976
1870,2901,1,1,0.345976
7252,9229,1,1,0.345976
19370,27352,1,1,0.345976
500,3115,1,1,0.345976
9389,10238,1,1,0.345976
500,1870,1,1,0.345976
20817,21552,1,1,0.345976
4606,5781,1,1,0.345976
29563,30914,1,1,0.345976
4606,8807,1,1,0.345976
4844,8807,1,1,0.345976
500,2653,1,1,0.345976
5781,8807,1,1,0.345976
500,2257,1,1,0.345976
295,2584,1,1,0.345976
9325,21614,1,1,0.345976
18007,18008,1,1,0.345976
13350,15872,1,1,0.345976
29440,30943,1,1,0.345976
20897,22713,1,1,0.345976
8385,14110,1,1,0.345976
8385,10892,1,1,0.345976
5188,10902,1,1,0.345976
14582,16178,1,1,0.345976
5977,6457,1,1,0.345976
8385,9385,1,1,0.345976
8385,21614,1,1,0.345976
8981,17582,1,1,0.345976
987,1866,1,1,0.345976
786,23251,1,1,0.345976
12856,22362,1,1,0.345976
9385,10892,1,1,0.345976
9385,21201,1,1,0.345976
2901,3115,1,1,0.345976
8385,21201,1,1,0.345976
987,2653,1,1,0.345976
2063,3693,1,1,0.345976
540,1870,1,1,0.345976
28456,30943,1,1,0.345976
28456,29440,1,1,0.345976
9325,21201,1,1,0.345976
9325,14110,1,1,0.345976
9325,10892,1,1,0.345976
1608,3803,1,1,0.345976
1585,3803,1,1,0.345976
540,2653,1,1,0.345976
987,2257,1,1,0.345976
838,1870,1,1,0.345976
838,2257,1,1,0.345976
9325,9385,1,1,0.345976
838,2653,1,1,0.345976
987,1870,1,1,0.345976
5505,7693,1,1,0.345976
5505,9480,1,1,0.345976
9385,21614,1,1,0.345976
353,1157,1,1,0.345976
21303,28691,1,1,0.345976
16196,21484,1,1,0.345976
5853,9325,1,1,0.345976
9478,9510,1,1,0.345976
14110,21201,1,1,0.345976
5853,8385,1,1,0.345976
1591,6901,1,1,0.345976
867,2614,1,1,0.345976
21196,21484,1,1,0.345976
16196,21196,1,1,0.345976
10892,14110,1,1,0.345976
5729,21484,1,1,0.345976
2257,2901,1,1,0.345976
5729,16196,1,1,0.345976
9367,9687,1,1,0.345976
353,9367,1,1,0.345976
133,14787,1,1,0.345976
1870,3115,1,1,0.345976
2257,3115,1,1,0.345976
5853,10892,1,1,0.345976
2653,2901,1,1,0.345976
5853,21201,1,1,0.345976
12177,24904,1,1,0.345976
43,24904,1,1,0.345976
43,12177,1,1,0.345976
1328,1329,1,1,0.345976
16063,17942,1,1,0.345976
282,3685,1,1,0.345976
1920,3685,1,1,0.345976
517,3001,1,1,0.345976
2653,3115,1,1,0.345976
581,9556,1,1,0.345976
8385,9325,1,1,0.345976
10892,21201,1,1,0.345976
5853,21614,1,1,0.345976
955,7707,1,1,0.345976
10892,21614,1,1,0.345976
14110,21614,1,1,0.345976
540,2257,1,1,0.345976
3954,8191,1,1,0.345976
568,24814,1,1,0.345976
7715,16996,1,1,0.345976
14357,16996,1,1,0.345976
9689,18516,1,1,0.345976
18516,18722,1,1,0.345976
4638,24912,1,1,0.345976
21767,25126,1,1,0.345976
4562,18222,1,1,0.345976
136,3848,1,1,0.345976
136,3875,1,1,0.345976
359,3848,1,1,0.345976
359,3875,1,1,0.345976
3848,3875,1,1,0.345976
4386,22560,1,1,0.345976
568,1225,1,1,0.345976
568,2533,1,1,0.345976
10642,12155,1,1,0.345976
568,7987,1,1,0.345976
7715,14357,1,1,0.345976
22653,25067,1,1,0.345976
2452,21580,1,1,0.345976
3776,23263,1,1,0.345976
13120,26341,1,1,0.345976
2085,8736,1,1,0.345976
5259,17054,1,1,0.345976
2852,17563,1,1,0.345976
364,17563,1,1,0.345976
212,8919,1,1,0.345976
6356,6808,1,1,0.345976
5888,8191,1,1,0.345976
2379,16182,1,1,0.345976
5888,9763,1,1,0.345976
9924,20840,1,1,0.345976
14076,25526,1,1,0.345976
9363,27309,1,1,0.345976
9350,15377,1,1,0.345976
6165,13176,1,1,0.345976
7825,8613,1,1,0.345976
568,16043,1,1,0.345976
568,7792,1,1,0.345976
1225,7987,1,1,0.345976
6804,7987,1,1,0.345976
2798,21767,1,1,0.345976
2852,16560,1,1,0.345976
1223,1608,1,1,0.345976
16043,24814,1,1,0.345976
7987,24814,1,1,0.345976
7987,16043,1,1,0.345976
7792,24814,1,1,0.345976
11987,24985,1,1,0.345976
7792,7987,1,1,0.345976
6804,24814,1,1,0.345976
6804,16043,1,1,0.345976
3365,3535,1,1,0.345976
5781,13200,1,1,0.345976
2533,7792,1,1,0.345976
6804,7792,1,1,0.345976
2533,24814,1,1,0.345976
4715,11987,1,1,0.345976
2533,16043,1,1,0.345976
1225,24814,1,1,0.345976
2533,6804,1,1,0.345976
2533,7987,1,1,0.345976
26130,26282,2,2,0.345902
263,20584,2,2,0.345232
3989,8791,2,2,0.344146
1024,8347,2,2,0.343897
14541,18769,2,2,0.343856
1768,3346,2,2,0.343468
4432,25939,2,2,0.343361
10356,15298,2,2,0.342983
5256,5285,2,2,0.342951
7578,24582,2,2,0.342937
10275,16359,2,2,0.342925
4125,14991,2,2,0.342594
22941,26437,2,2,0.342594
7139,31495,2,2,0.342494
21747,27011,2,2,0.341923
7288,17907,2,1,0.341752
8615,12188,2,2,0.341742
6964,26199,2,2,0.341742
18255,18753,2,2,0.341742
8822,11784,2,2,0.341742
11725,18753,2,2,0.341742
241,2282,2,2,0.341742
11725,18255,2,2,0.341742
10839,11696,2,2,0.341742
3586,14967,2,2,0.341742
26199,27861,2,2,0.341742
12879,15590,2,2,0.341742
3835,12867,2,2,0.341694
10936,10937,2,2,0.341676
11492,11721,2,2,0.341154
13557,19092,1,1,0.339623
13594,19497,1,1,0.339623
11450,20256,1,1,0.339623
3602,10387,1,1,0.339623
3954,23157,1,1,0.339623
4837,23157,1,1,0.339623
2511,2564,1,1,0.339623
13345,14597,1,1,0.339623
6862,7131,1,1,0.339623
22560,23416,1,1,0.339623
1920,2584,1,1,0.339623
2511,19241,1,1,0.339623
20872,24440,1,1,0.339623
77,2033,1,1,0.339623
915,21974,1,1,0.339623
19347,20055,1,1,0.339623
19347,21956,1,1,0.339623
2729,4011,1,1,0.339623
1329,4011,1,1,0.339623
3053,3238,1,1,0.339623
6562,14127,1,1,0.339623
19347,22553,1,1,0.339623
7523,27100,1,1,0.339623
1236,1845,1,1,0.339623
1811,16579,1,1,0.339623
13854,14091,1,1,0.339623
7825,14091,1,1,0.339623
7112,11195,1,1,0.339623
3602,10386,1,1,0.339623
4618,6339,1,1,0.339623
4420,5243,1,1,0.339623
4147,5040,1,1,0.339623
4601,12120,1,1,0.339623
3795,5973,1,1,0.339623
4159,8149,1,1,0.339623
5282,8149,1,1,0.339623
19580,22073,1,1,0.339623
1895,7469,1,1,0.339623
16694,24809,1,1,0.339623
236,2363,1,1,0.339623
28723,30439,1,1,0.339623
2372,13557,1,1,0.339623
2372,19092,1,1,0.339623
2546,8944,1,1,0.339623
435,1060,1,1,0.339623
16158,16190,1,1,0.339623
6393,10263,1,1,0.339623
114,5719,1,1,0.339623
4910,14098,1,1,0.339623
1173,10769,1,1,0.339623
12969,13105,1,1,0.339623
59,8528,1,1,0.339623
7369,9037,1,1,0.339623
3798,11098,1,1,0.339623
59,15686,1,1,0.339623
8528,15686,1,1,0.339623
1359,3019,1,1,0.339623
27832,28069,1,1,0.339623
6,13310,1,1,0.339623
4147,4150,1,1,0.339623
19347,21316,1,1,0.339623
1056,5554,1,1,0.339623
1750,10481,1,1,0.339623
4150,10144,1,1,0.339623
915,8537,1,1,0.339623
10705,11743,1,1,0.339623
127,11820,1,1,0.339623
4150,7838,1,1,0.339623
4147,10144,1,1,0.339623
2699,2966,1,1,0.339623
14127,22806,1,1,0.339623
4150,5040,1,1,0.339623
4150,5853,1,1,0.339623
8593,8868,1,1,0.339623
579,3987,1,1,0.339623
519,2126,1,1,0.339623
6720,19503,1,1,0.339623
1039,11097,1,1,0.339623
519,4622,1,1,0.339623
2126,3024,1,1,0.339623
2126,4622,1,1,0.339623
1944,15725,1,1,0.339623
1901,2630,1,1,0.339623
6062,7054,1,1,0.339623
3024,4622,1,1,0.339623
6165,26832,1,1,0.339623
5040,5853,1,1,0.339623
108,14686,1,1,0.339623
10642,14003,1,1,0.339623
598,1154,1,1,0.339623
5853,10144,1,1,0.339623
5040,10144,1,1,0.339623
5040,7838,1,1,0.339623
16340,20044,1,1,0.339623
12596,30179,1,1,0.339623
1941,21221,1,1,0.339623
4147,7838,1,1,0.339623
25356,27863,1,1,0.339623
3629,6629,1,1,0.339623
6943,7769,1,1,0.339623
4147,5853,1,1,0.339623
3758,13149,1,1,0.339623
3640,4738,1,1,0.339623
203,2919,1,1,0.339623
2145,16340,1,1,0.339623
227,16340,1,1,0.339623
3488,19092,1,1,0.339623
3142,4626,1,1,0.339623
13390,17450,2,2,0.339354
21046,25119,2,2,0.339354
15327,21046,2,2,0.339354
581,3327,2,2,0.339354
14397,21046,2,2,0.339354
22794,27574,2,2,0.339354
11208,22411,2,2,0.338804
6570,13376,2,2,0.338656
2513,2571,2,2,0.338611
3459,14991,2,2,0.338592
1871,3976,2,1,0.338055
1871,10992,2,1,0.338055
4539,13813,2,2,0.337189
177,2786,2,2,0.336923
5275,23077,2,1,0.33684
8615,26213,2,2,0.336732
265,700,2,2,0.336702
359,8868,2,2,0.336274
8868,17065,2,2,0.336274
359,17065,2,2,0.336274
4430,19294,2,2,0.336238
25596,26062,2,2,0.336238
28923,30629,2,2,0.33499
6607,21819,2,2,0.33452
13355,25119,2,2,0.33452
459,2376,2,1,0.334228
459,3128,2,1,0.334228
5230,17883,2,1,0.334228
5443,9578,2,1,0.334228
8084,19585,2,2,0.334078
8084,19574,2,2,0.334078
8471,23376,2,2,0.333819
10732,21767,1,1,0.333808
31240,31314,1,1,0.333808
7689,21767,1,1,0.333808
7689,22607,1,1,0.333808
10732,17762,1,1,0.333808
6324,9307,1,1,0.333808
3428,6007,1,1,0.333808
10732,22607,1,1,0.333808
1668,22607,1,1,0.333808
10732,23716,1,1,0.333808
13919,24275,1,1,0.333808
2775,7039,1,1,0.333808
6221,9951,1,1,0.333808
5316,9951,1,1,0.333808
7689,10732,1,1,0.333808
16900,25087,1,1,0.333808
1668,10732,1,1,0.333808
14977,22314,1,1,0.333808
1091,24705,1,1,0.333808
3990,4477,1,1,0.333808
25542,31443,1,1,0.333808
1105,13813,1,1,0.333808
132,4392,1,1,0.333808
132,5329,1,1,0.333808
1971,12120,1,1,0.333808
5831,10171,1,1,0.333808
1591,11765,1,1,0.333808
3047,4757,1,1,0.333808
9280,17697,1,1,0.333808
412,565,1,1,0.333808
8149,23077,1,1,0.333808
10133,19528,1,1,0.333808
3566,22049,1,1,0.333808
4757,13716,1,1,0.333808
3428,8574,1,1,0.333808
17762,21767,1,1,0.333808
1430,21767,1,1,0.333808
1430,22607,1,1,0.333808
43,22521,1,1,0.333808
5316,6221,1,1,0.333808
1067,15713,1,1,0.333808
145,1415,1,1,0.333808
11917,24920,1,1,0.333808
13919,15154,1,1,0.333808
13919,22124,1,1,0.333808
13919,24024,1,1,0.333808
13919,24920,1,1,0.333808
16262,16821,1,1,0.333808
15154,22124,1,1,0.333808
15154,24024,1,1,0.333808
4674,15318,1,1,0.333808
186,6851,1,1,0.333808
11917,22124,1,1,0.333808
15154,24920,1,1,0.333808
22124,24024,1,1,0.333808
1176,1550,1,1,0.333808
1589,13766,1,1,0.333808
13766,29807,1,1,0.333808
22124,24920,1,1,0.333808
8018,29959,1,1,0.333808
13046,18619,1,1,0.333808
24024,24920,1,1,0.333808
4674,14330,1,1,0.333808
11917,15154,1,1,0.333808
786,3535,1,1,0.333808
1386,3803,1,1,0.333808
2033,3142,1,1,0.333808
3338,18600,1,1,0.333808
13046,16972,1,1,0.333808
26344,27067,1,1,0.333808
4374,5970,1,1,0.333808
12000,26185,1,1,0.333808
850,11174,1,1,0.333808
3875,18600,1,1,0.333808
17762,22607,1,1,0.333808
21767,22607,1,1,0.333808
5853,9030,1,1,0.333808
3566,3729,1,1,0.333808
4147,5247,1,1,0.333808
1589,14330,1,1,0.333808
1589,15318,1,1,0.333808
21767,23716,1,1,0.333808
22607,23716,1,1,0.333808
11917,13919,1,1,0.333808
5853,14701,1,1,0.333808
1371,13905,1,1,0.333808
2019,16821,1,1,0.333808
16972,18619,1,1,0.333808
11336,14328,1,1,0.333808
26843,31261,1,1,0.333808
4295,12410,1,1,0.333808
2526,13034,1,1,0.333808
11234,24710,1,1,0.333808
9918,15009,1,1,0.333808
2379,6633,1,1,0.333808
6264,10446,1,1,0.333808
581,24392,1,1,0.333808
19680,19681,1,1,0.333808
915,19965,1,1,0.333808
4710,5085,1,1,0.333808
3640,6201,1,1,0.333808
20287,27507,1,1,0.333808
17039,20027,1,1,0.333808
5577,6405,1,1,0.333808
4987,6457,1,1,0.333808
3365,4987,1,1,0.333808
1870,6457,1,1,0.333808
1870,4987,1,1,0.333808
1870,3365,1,1,0.333808
14169,17549,1,1,0.333808
1558,2019,1,1,0.333808
14607,17039,1,1,0.333808
694,17023,1,1,0.333808
26065,26301,1,1,0.333808
2120,13376,2,2,0.333208
12867,15590,2,2,0.333074
12898,15747,2,2,0.333074
12898,15590,2,2,0.333074
12867,15747,2,2,0.333074
12867,13172,2,2,0.333074
5853,21191,2,2,0.333071
8973,20550,2,2,0.333015
7962,17701,2,2,0.333015
17277,21540,2,2,0.332937
9184,26607,2,2,0.332814
8094,8145,2,2,0.332736
3551,13813,2,1,0.332709
2512,13059,2,1,0.332709
2511,13813,2,1,0.332709
1376,4863,2,2,0.332633
19340,21736,2,2,0.332603
478,12005,2,2,0.332434
9645,17892,2,2,0.332304
9645,20951,2,2,0.332304
100,31117,2,2,0.331726
1769,23107,2,2,0.331556
743,11882,2,2,0.33092
7376,11882,2,2,0.33092
2379,11197,2,2,0.330873
2513,16588,2,2,0.330615
22990,23074,2,2,0.330397
10839,23074,2,2,0.330397
10740,23074,2,2,0.330397
11022,23074,2,2,0.330397
23074,25545,2,2,0.330397
7891,17357,2,2,0.329743
5159,14809,1,1,0.328459
13813,19183,1,1,0.328459
2775,15275,1,1,0.328459
6814,15713,1,1,0.328459
6457,10018,1,1,0.328459
2110,25851,1,1,0.328459
10362,24351,1,1,0.328459
8911,10263,1,1,0.328459
1020,17164,1,1,0.328459
2110,24770,1,1,0.328459
1020,12551,1,1,0.328459
2110,23996,1,1,0.328459
6814,12774,1,1,0.328459
1020,11987,1,1,0.328459
2110,14455,1,1,0.328459
4787,5159,1,1,0.328459
6814,10263,1,1,0.328459
10321,14267,1,1,0.328459
2934,4358,1,1,0.328459
4248,10321,1,1,0.328459
4248,14267,1,1,0.328459
1020,20987,1,1,0.328459
11991,16003,1,1,0.328459
3346,7574,1,1,0.328459
7610,22105,1,1,0.328459
6198,20951,1,1,0.328459
10773,15238,1,1,0.328459
5652,7200,1,1,0.328459
3954,5652,1,1,0.328459
2369,11132,1,1,0.328459
19,21734,1,1,0.328459
12774,15713,1,1,0.328459
12798,13170,1,1,0.328459
10263,15713,1,1,0.328459
10263,12774,1,1,0.328459
25854,29111,1,1,0.328459
4248,14455,1,1,0.328459
8911,12774,1,1,0.328459
1020,8764,1,1,0.328459
5734,21732,1,1,0.328459
10811,17593,1,1,0.328459
14855,14857,1,1,0.328459
353,4121,1,1,0.328459
8705,17351,1,1,0.328459
7838,23728,1,1,0.328459
7838,21732,1,1,0.328459
7838,21322,1,1,0.328459
21961,22728,1,1,0.328459
1589,8018,1,1,0.328459
7278,12383,1,1,0.328459
7838,8705,1,1,0.328459
5853,23728,1,1,0.328459
1591,4719,1,1,0.328459
1020,3684,1,1,0.328459
13874,14855,1,1,0.328459
4248,25851,1,1,0.328459
5853,21732,1,1,0.328459
10695,12654,1,1,0.328459
8990,12010,1,1,0.328459
5853,21322,1,1,0.328459
12622,14686,1,1,0.328459
5853,17351,1,1,0.328459
15240,15362,1,1,0.328459
5853,8705,1,1,0.328459
9063,13073,1,1,0.328459
8705,21322,1,1,0.328459
8705,21732,1,1,0.328459
12393,21322,1,1,0.328459
21732,23728,1,1,0.328459
2110,14267,1,1,0.328459
6814,8911,1,1,0.328459
6457,14686,1,1,0.328459
5734,21322,1,1,0.328459
21861,21862,1,1,0.328459
13324,13761,1,1,0.328459
13073,21862,1,1,0.328459
21322,23728,1,1,0.328459
23280,25854,1,1,0.328459
17351,21732,1,1,0.328459
13073,21861,1,1,0.328459
17351,21322,1,1,0.328459
9063,21862,1,1,0.328459
12393,23728,1,1,0.328459
12393,21732,1,1,0.328459
9063,21861,1,1,0.328459
2110,10321,1,1,0.328459
2110,4248,1,1,0.328459
6198,17892,1,1,0.328459
497,11272,1,1,0.328459
10238,10873,1,1,0.328459
915,13341,1,1,0.328459
2404,4754,1,1,0.328459
4816,15675,1,1,0.328459
14267,25851,1,1,0.328459
15789,23353,1,1,0.328459
12433,23527,1,1,0.328459
14432,26050,1,1,0.328459
8990,13705,1,1,0.328459
25794,26050,1,1,0.328459
14267,24770,1,1,0.328459
14267,23996,1,1,0.328459
313,11800,1,1,0.328459
3222,6062,1,1,0.328459
20987,21050,1,1,0.328459
10321,25851,1,1,0.328459
1020,21050,1,1,0.328459
17164,21050,1,1,0.328459
17164,20987,1,1,0.328459
12551,21050,1,1,0.328459
10321,23996,1,1,0.328459
12551,20987,1,1,0.328459
12551,17164,1,1,0.328459
11987,21050,1,1,0.328459
27623,29028,1,1,0.328459
14455,23996,1,1,0.328459
2995,15669,1,1,0.328459
5853,24398,1,1,0.328459
16061,21430,1,1,0.328459
10859,16670,1,1,0.328459
4193,8990,1,1,0.328459
5199,5970,1,1,0.328459
12398,18578,1,1,0.328459
1262,25794,1,1,0.328459
19450,21430,1,1,0.328459
3028,8503,1,1,0.328459
1262,14432,1,1,0.328459
24770,25851,1,1,0.328459
4248,23996,1,1,0.328459
16089,29524,1,1,0.328459
579,2288,1,1,0.328459
5208,6579,1,1,0.328459
23996,25851,1,1,0.328459
23996,24770,1,1,0.328459
5816,7471,1,1,0.328459
627,1043,1,1,0.328459
1262,26050,1,1,0.328459
14432,25794,1,1,0.328459
14455,24770,1,1,0.328459
11987,20987,1,1,0.328459
10321,24770,1,1,0.328459
2546,14003,1,1,0.328459
8764,11987,1,1,0.328459
3684,21050,1,1,0.328459
3684,17164,1,1,0.328459
8587,9819,1,1,0.328459
48,915,1,1,0.328459
9929,21061,1,1,0.328459
48,13310,1,1,0.328459
5144,14582,1,1,0.328459
17907,21061,1,1,0.328459
2827,7368,1,1,0.328459
77,3383,1,1,0.328459
915,13310,1,1,0.328459
5882,5905,1,1,0.328459
4193,11917,1,1,0.328459
3091,11937,1,1,0.328459
9687,18007,1,1,0.328459
6813,9497,1,1,0.328459
637,2314,1,1,0.328459
3684,12551,1,1,0.328459
3684,8764,1,1,0.328459
5188,7163,1,1,0.328459
3684,20987,1,1,0.328459
2363,13887,1,1,0.328459
6191,6458,1,1,0.328459
11987,17164,1,1,0.328459
11987,12551,1,1,0.328459
8764,21050,1,1,0.328459
5130,6831,1,1,0.328459
8764,20987,1,1,0.328459
2954,19715,1,1,0.328459
10321,14455,1,1,0.328459
8764,17164,1,1,0.328459
9929,17907,1,1,0.328459
15784,29952,1,1,0.328459
8764,12551,1,1,0.328459
4248,24770,1,1,0.328459
23765,24538,2,2,0.328285
2380,2811,2,2,0.327923
2326,3227,2,2,0.327834
1007,8566,2,2,0.327704
1007,3593,2,2,0.327704
6412,6557,2,2,0.327704
2846,16727,2,2,0.327704
373,965,2,2,0.327704
5667,12346,2,2,0.327704
6677,9501,2,2,0.327704
7208,16109,2,2,0.327704
6557,20777,2,2,0.327704
12137,15894,2,2,0.327704
17837,22873,2,2,0.32752
1993,26100,2,2,0.32752
26094,26231,2,2,0.32752
18590,20044,2,1,0.327254
10662,11492,2,2,0.327186
3954,25093,2,2,0.326395
10688,16559,2,2,0.326386
376,4339,2,2,0.326325
1154,1531,2,2,0.326325
6437,7619,2,2,0.326325
2512,5966,2,2,0.326061
8458,16770,2,2,0.325807
2668,5966,2,2,0.325663
1419,13328,2,2,0.325296
7200,7563,2,2,0.325132
2692,6598,2,2,0.325043
4289,8508,2,2,0.325043
3675,10477,2,2,0.325043
2270,7252,2,2,0.324893
18198,19401,2,2,0.324893
1979,10356,2,2,0.324893
6575,11314,2,2,0.324893
2369,11314,2,2,0.324893
15860,20576,2,2,0.324893
6457,10454,2,2,0.324893
8875,16925,2,2,0.324622
533,7927,2,2,0.324622
533,7929,2,2,0.324622
955,4627,2,2,0.324389
20132,24290,2,2,0.324162
19126,19341,2,2,0.323985
6177,17259,2,2,0.32361
240,14397,2,2,0.32361
3317,7696,1,1,0.323515
11367,12383,1,1,0.323515
145,9030,1,1,0.323515
8705,14608,1,1,0.323515
384,5977,1,1,0.323515
8837,14587,1,1,0.323515
11174,17002,1,1,0.323515
6270,9533,1,1,0.323515
459,1871,1,1,0.323515
18045,19756,1,1,0.323515
3749,20332,1,1,0.323515
28282,28528,1,1,0.323515
915,8752,1,1,0.323515
145,9672,1,1,0.323515
3693,6007,1,1,0.323515
12281,26502,1,1,0.323515
5781,6794,1,1,0.323515
395,6648,1,1,0.323515
543,10415,1,1,0.323515
4714,12393,1,1,0.323515
2380,14747,1,1,0.323515
497,6412,1,1,0.323515
11686,21961,1,1,0.323515
2945,24705,1,1,0.323515
13968,19105,1,1,0.323515
1596,5092,1,1,0.323515
11944,14602,1,1,0.323515
1596,4004,1,1,0.323515
1596,5713,1,1,0.323515
1596,8476,1,1,0.323515
5713,8476,1,1,0.323515
24514,24924,1,1,0.323515
20300,22737,1,1,0.323515
25616,27702,1,1,0.323515
12144,17315,1,1,0.323515
1004,5212,1,1,0.323515
2365,3254,1,1,0.323515
145,12968,1,1,0.323515
295,14174,1,1,0.323515
10051,22126,1,1,0.323515
6653,7978,1,1,0.323515
5238,5873,1,1,0.323515
8537,17594,1,1,0.323515
14747,17093,1,1,0.323515
4374,8476,1,1,0.323515
6063,6235,1,1,0.323515
23150,23567,1,1,0.323515
6091,14180,1,1,0.323515
967,14180,1,1,0.323515
6091,11905,1,1,0.323515
967,11905,1,1,0.323515
967,11127,1,1,0.323515
1126,11905,1,1,0.323515
13907,29858,1,1,0.323515
2363,2465,1,1,0.323515
967,6091,1,1,0.323515
6091,17064,1,1,0.323515
2249,12408,1,1,0.323515
13386,19035,1,1,0.323515
11127,11905,1,1,0.323515
8537,11987,1,1,0.323515
11127,17064,1,1,0.323515
11905,14180,1,1,0.323515
967,1126,1,1,0.323515
685,29858,1,1,0.323515
11905,17064,1,1,0.323515
14180,17064,1,1,0.323515
10330,16444,1,1,0.323515
1126,14180,1,1,0.323515
5123,19035,1,1,0.323515
1126,17064,1,1,0.323515
10342,12310,1,1,0.323515
6091,11127,1,1,0.323515
20476,26213,1,1,0.323515
1126,11127,1,1,0.323515
3306,9897,1,1,0.323515
85,2474,1,1,0.323515
1126,6091,1,1,0.323515
6762,20648,2,2,0.323328
1173,1413,2,2,0.323328
43,487,2,2,0.323328
6764,20648,2,2,0.323328
1413,10888,2,2,0.323328
20672,23257,2,2,0.323328
2511,11882,2,2,0.323216
3669,9401,2,2,0.323216
20168,24593,2,2,0.322842
11234,19254,2,1,0.322766
9693,15466,2,1,0.322766
353,14679,2,1,0.322766
407,12736,2,1,0.322766
10312,18164,2,1,0.322766
15458,19254,2,1,0.322766
15927,19254,2,1,0.322766
15603,15986,2,1,0.322766
1920,5737,2,2,0.322693
15426,18168,2,2,0.322227
13682,13987,2,2,0.32211
2917,5123,2,2,0.321564
30032,30062,2,2,0.321458
14473,15480,2,2,0.321379
478,3006,2,2,0.321342
22457,23013,2,2,0.32131
25142,27309,2,2,0.32131
1277,7739,2,2,0.32131
2381,21788,2,2,0.32131
3429,18822,2,2,0.32131
2379,21238,2,2,0.321246
13646,23216,2,2,0.321149
24413,26088,2,2,0.321149
18553,26088,2,2,0.321149
13646,18553,2,2,0.321149
18553,23216,2,2,0.321149
14991,22443,2,2,0.321149
4196,5474,2,2,0.321149
22443,22873,2,2,0.321149
23216,24413,2,2,0.321149
13646,24413,2,2,0.321149
554,5968,2,2,0.320344
1463,5968,2,2,0.320344
3322,15695,2,2,0.320344
15659,15662,2,1,0.319804
4430,23296,2,2,0.31912
108,3365,1,1,0.318929
7200,9763,1,1,0.318929
2316,4477,1,1,0.318929
11356,27035,1,1,0.318929
3875,11361,1,1,0.318929
23014,23979,1,1,0.318929
4100,6947,1,1,0.318929
5529,11696,1,1,0.318929
7369,13614,1,1,0.318929
1105,7766,1,1,0.318929
24521,24522,1,1,0.318929
18518,27198,1,1,0.318929
16112,26786,1,1,0.318929
28548,31034,1,1,0.318929
10362,25773,1,1,0.318929
7919,10805,1,1,0.318929
7722,13896,1,1,0.318929
1105,9454,1,1,0.318929
7919,11249,1,1,0.318929
51,18530,1,1,0.318929
871,2794,1,1,0.318929
2316,20636,1,1,0.318929
4157,7477,1,1,0.318929
21220,25249,1,1,0.318929
2033,3391,1,1,0.318929
2033,6728,1,1,0.318929
4157,18530,1,1,0.318929
7302,14084,1,1,0.318929
4196,7477,1,1,0.318929
5416,13887,1,1,0.318929
9037,10727,1,1,0.318929
51,4196,1,1,0.318929
3391,6728,1,1,0.318929
4196,18530,1,1,0.318929
7477,18530,1,1,0.318929
1091,5888,1,1,0.318929
51,4157,1,1,0.318929
7255,26425,1,1,0.318929
2564,6457,1,1,0.318929
994,2033,1,1,0.318929
869,4655,1,1,0.318929
4157,4196,1,1,0.318929
7208,14084,1,1,0.318929
7208,15693,1,1,0.318929
2019,14462,1,1,0.318929
8012,16085,1,1,0.318929
9496,9554,1,1,0.318929
198,16807,1,1,0.318929
1427,3488,1,1,0.318929
7477,21793,1,1,0.318929
8008,13319,1,1,0.318929
3145,22274,1,1,0.318929
15585,19076,1,1,0.318929
3504,4106,1,1,0.318929
3550,13117,1,1,0.318929
967,1916,1,1,0.318929
967,3115,1,1,0.318929
19222,21767,1,1,0.318929
3550,20557,1,1,0.318929
17125,19329,1,1,0.318929
3550,21807,1,1,0.318929
4477,13117,1,1,0.318929
890,4142,1,1,0.318929
7477,18802,1,1,0.318929
4477,20557,1,1,0.318929
4477,21807,1,1,0.318929
7477,13117,1,1,0.318929
3415,5376,1,1,0.318929
8008,13735,1,1,0.318929
28047,28051,1,1,0.318929
289,8283,1,1,0.318929
4876,10769,1,1,0.318929
4157,14740,1,1,0.318929
13117,18530,1,1,0.318929
3550,4477,1,1,0.318929
11336,18530,1,1,0.318929
390,2621,1,1,0.318929
3550,7477,1,1,0.318929
18802,21793,1,1,0.318929
13319,13735,1,1,0.318929
59,16755,1,1,0.318929
59,16757,1,1,0.318929
3550,11522,1,1,0.318929
8716,13157,1,1,0.318929
12437,12740,1,1,0.318929
19680,19752,1,1,0.318929
11522,21793,1,1,0.318929
8716,10171,1,1,0.318929
21504,23296,1,1,0.318929
1979,19433,1,1,0.318929
11522,18802,1,1,0.318929
4047,11465,1,1,0.318929
17104,18302,1,1,0.318929
1291,5781,1,1,0.318929
2862,22636,1,1,0.318929
4477,18802,1,1,0.318929
13518,17579,1,1,0.318929
687,5383,1,1,0.318929
10610,11891,1,1,0.318929
20835,21280,1,1,0.318929
7143,20636,1,1,0.318929
683,1944,1,1,0.318929
1944,6637,1,1,0.318929
2501,20636,1,1,0.318929
11522,21807,1,1,0.318929
13117,21807,1,1,0.318929
2501,7143,1,1,0.318929
4477,20636,1,1,0.318929
5230,10999,1,1,0.318929
77,8616,1,1,0.318929
20557,21807,1,1,0.318929
1916,3115,1,1,0.318929
2153,7248,1,1,0.318929
13117,20557,1,1,0.318929
43,10610,1,1,0.318929
16235,20620,1,1,0.318929
7477,20557,1,1,0.318929
4477,21793,1,1,0.318929
11522,13117,1,1,0.318929
2248,5258,1,1,0.318929
1366,5567,1,1,0.318929
7477,21807,1,1,0.318929
10769,15683,2,2,0.318479
679,22629,2,2,0.317659
1376,12835,2,2,0.317357
2954,8974,2,2,0.31723
20353,20885,2,1,0.317144
4539,20353,2,1,0.317144
17277,26062,2,2,0.317126
24705,26062,2,2,0.317126
11077,23332,2,2,0.31674
4125,18570,2,2,0.316568
30062,30099,2,2,0.316328
7563,10356,2,2,0.315966
11208,17277,2,2,0.315801
11398,16382,2,2,0.31505
8487,13815,2,2,0.314831
8667,16795,2,2,0.314831
12123,18421,2,2,0.314831
12123,17892,2,2,0.314831
1093,1693,2,2,0.314831
6587,22464,2,2,0.314831
12123,20951,2,2,0.314831
6061,7370,2,2,0.314831
8769,20951,2,2,0.314831
6116,7370,2,2,0.314831
6125,13647,2,2,0.314831
8769,17892,2,2,0.314831
16795,26516,2,2,0.314831
6078,8397,2,2,0.314831
8769,18421,2,2,0.314831
7278,13298,2,2,0.314831
14776,16602,2,2,0.314831
16795,29371,2,2,0.314831
11049,14776,2,2,0.314831
6587,23143,2,2,0.314831
2943,24365,1,1,0.314658
2943,24367,1,1,0.314658
12965,13380,1,1,0.314658
3057,4980,1,1,0.314658
3057,24365,1,1,0.314658
2943,9011,1,1,0.314658
3057,8649,1,1,0.314658
14187,14641,1,1,0.314658
3057,9011,1,1,0.314658
292,7140,1,1,0.314658
7681,8121,1,1,0.314658
1596,3640,1,1,0.314658
8104,15018,1,1,0.314658
236,768,1,1,0.314658
8104,10077,1,1,0.314658
3145,10047,1,1,0.314658
15798,23170,1,1,0.314658
5672,15018,1,1,0.314658
5672,10077,1,1,0.314658
9497,12852,1,1,0.314658
5672,8104,1,1,0.314658
8414,12852,1,1,0.314658
8043,8210,1,1,0.314658
13,6435,1,1,0.314658
7920,8210,1,1,0.314658
7920,8043,1,1,0.314658
10171,21927,1,1,0.314658
2948,11696,1,1,0.314658
2933,11696,1,1,0.314658
1007,13445,1,1,0.314658
6458,18619,1,1,0.314658
2943,4980,1,1,0.314658
364,11644,1,1,0.314658
3145,12852,1,1,0.314658
10077,15018,1,1,0.314658
10047,12852,1,1,0.314658
6863,13217,1,1,0.314658
3057,24367,1,1,0.314658
4980,8649,1,1,0.314658
4980,9011,1,1,0.314658
4980,24365,1,1,0.314658
4980,24367,1,1,0.314658
59,8048,1,1,0.314658
59,22435,1,1,0.314658
8048,12629,1,1,0.314658
8048,22435,1,1,0.314658
683,9967,1,1,0.314658
18659,25356,1,1,0.314658
12629,22435,1,1,0.314658
2313,4837,1,1,0.314658
6084,19167,1,1,0.314658
295,7140,1,1,0.314658
6637,9967,1,1,0.314658
12852,14808,1,1,0.314658
10047,14808,1,1,0.314658
3428,18659,1,1,0.314658
3428,25356,1,1,0.314658
2943,8649,1,1,0.314658
5803,8004,1,1,0.314658
5271,6169,1,1,0.314658
581,13955,1,1,0.314658
24051,28410,1,1,0.314658
575,3146,1,1,0.314658
5159,16952,1,1,0.314658
8826,8906,1,1,0.314658
8781,8906,1,1,0.314658
4374,8877,1,1,0.314658
8781,8826,1,1,0.314658
353,8192,1,1,0.314658
353,10150,1,1,0.314658
287,8906,1,1,0.314658
8192,10150,1,1,0.314658
9674,10150,1,1,0.314658
6496,13546,1,1,0.314658
287,8826,1,1,0.314658
287,8781,1,1,0.314658
7561,16911,1,1,0.314658
1944,10362,1,1,0.314658
7158,8178,1,1,0.314658
8763,26049,1,1,0.314658
4837,7722,1,1,0.314658
1247,12383,1,1,0.314658
11999,28415,1,1,0.314658
497,5910,1,1,0.314658
3604,17679,1,1,0.314658
3488,7543,1,1,0.314658
3658,7543,1,1,0.314658
3488,19071,1,1,0.314658
4001,27953,1,1,0.314658
11234,15514,1,1,0.314658
11851,12536,1,1,0.314658
3563,12298,1,1,0.314658
5970,18578,1,1,0.314658
8990,15963,1,1,0.314658
8763,18698,1,1,0.314658
3145,8877,1,1,0.314658
6496,16868,1,1,0.314658
5973,10642,1,1,0.314658
3788,4452,1,1,0.314658
3145,4374,1,1,0.314658
1815,7919,1,1,0.314658
9549,10642,1,1,0.314658
2197,13324,1,1,0.314658
1595,20884,1,1,0.314658
13324,29890,1,1,0.314658
3637,9811,1,1,0.314658
5973,9549,1,1,0.314658
1843,3503,1,1,0.314658
17913,28253,1,1,0.314658
24492,28170,1,1,0.314658
426,497,1,1,0.314658
30950,31372,1,1,0.314658
2943,3057,1,1,0.314658
1546,12346,1,1,0.314658
970,8178,1,1,0.314658
326,5973,1,1,0.314658
16868,24841,1,1,0.314658
6496,24841,1,1,0.314658
4193,17064,1,1,0.314658
4193,9895,1,1,0.314658
4415,18658,1,1,0.314658
4732,7902,1,1,0.314658
1105,3170,1,1,0.314658
13546,16868,1,1,0.314658
9895,17064,1,1,0.314658
1002,6927,1,1,0.314658
165,5579,1,1,0.314658
13546,24841,1,1,0.314658
23654,27003,2,2,0.314407
4720,31141,2,2,0.314273
13120,26075,2,2,0.314223
607,2655,2,2,0.314223
4462,4761,2,2,0.314223
3623,4761,2,2,0.314223
3531,4761,2,2,0.314223
3951,4761,2,2,0.314223
21222,23758,2,2,0.314223
4184,23758,2,2,0.314223
11961,18834,2,2,0.314223
6608,25401,2,2,0.314223
3361,12878,2,2,0.314223
16967,20045,2,2,0.314223
21983,26197,2,2,0.314223
15490,20045,2,2,0.314223
11961,27626,2,2,0.314223
12786,19517,2,2,0.314088
4184,12835,2,2,0.314088
2714,7206,2,2,0.314064
8734,12255,2,2,0.313795
0,43,2,2,0.313537
8378,30144,2,2,0.312837
9693,11234,2,2,0.312777
19393,19654,2,2,0.312649
3153,3565,2,2,0.312279
533,4530,2,2,0.312175
18861,23765,2,2,0.311828
1920,2270,2,2,0.311364
4869,18896,2,2,0.311364
28936,29699,2,2,0.311076
5108,18355,1,1,0.310667
27174,27303,1,1,0.310667
1024,2402,1,1,0.310667
2402,6457,1,1,0.310667
10917,16067,1,1,0.310667
4386,8464,1,1,0.310667
1105,5209,1,1,0.310667
11697,16980,1,1,0.310667
9924,16067,1,1,0.310667
9924,10917,1,1,0.310667
9223,16067,1,1,0.310667
3713,7354,1,1,0.310667
2471,16597,1,1,0.310667
27174,29374,1,1,0.310667
6714,8934,1,1,0.310667
27303,29374,1,1,0.310667
5129,16807,1,1,0.310667
5129,17964,1,1,0.310667
9223,10917,1,1,0.310667
5910,10704,1,1,0.310667
27088,29374,1,1,0.310667
2862,9993,1,1,0.310667
27088,27303,1,1,0.310667
9621,14696,1,1,0.310667
763,30147,1,1,0.310667
590,610,1,1,0.310667
6499,18874,1,1,0.310667
11336,14261,1,1,0.310667
8990,19222,1,1,0.310667
6499,17876,1,1,0.310667
14524,14587,1,1,0.310667
9621,19222,1,1,0.310667
212,2862,1,1,0.310667
4787,9223,1,1,0.310667
15558,27088,1,1,0.310667
15558,27174,1,1,0.310667
1592,4381,1,1,0.310667
14696,19222,1,1,0.310667
9621,13225,1,1,0.310667
1105,8301,1,1,0.310667
8990,14696,1,1,0.310667
3427,5764,1,1,0.310667
18031,24622,1,1,0.310667
544,19675,1,1,0.310667
576,7920,1,1,0.310667
2862,18299,1,1,0.310667
18299,23642,1,1,0.310667
2862,23642,1,1,0.310667
579,22636,1,1,0.310667
27088,27174,1,1,0.310667
15558,26273,1,1,0.310667
7555,8535,1,1,0.310667
1890,8301,1,1,0.310667
26273,29374,1,1,0.310667
26273,27303,1,1,0.310667
8874,18355,1,1,0.310667
26273,27088,1,1,0.310667
15558,29374,1,1,0.310667
15558,27303,1,1,0.310667
5129,18414,1,1,0.310667
4787,9924,1,1,0.310667
13117,14261,1,1,0.310667
7838,7839,1,1,0.310667
11174,11441,1,1,0.310667
11441,11765,1,1,0.310667
17891,22805,1,1,0.310667
5108,8874,1,1,0.310667
8786,9363,1,1,0.310667
9621,14521,1,1,0.310667
9066,10917,1,1,0.310667
5661,16067,1,1,0.310667
5661,10917,1,1,0.310667
13225,14521,1,1,0.310667
551,1524,1,1,0.310667
8464,10356,1,1,0.310667
18861,23214,1,1,0.310667
4838,7324,1,1,0.310667
5661,9924,1,1,0.310667
108,6165,1,1,0.310667
5661,9223,1,1,0.310667
4787,10917,1,1,0.310667
5661,9066,1,1,0.310667
4386,10356,1,1,0.310667
18988,21372,1,1,0.310667
4787,9066,1,1,0.310667
4787,16067,1,1,0.310667
2258,4386,1,1,0.310667
2258,8464,1,1,0.310667
2258,10356,1,1,0.310667
9790,15018,1,1,0.310667
7255,23103,1,1,0.310667
11234,19650,1,1,0.310667
17160,17438,1,1,0.310667
7197,13634,1,1,0.310667
1943,18355,1,1,0.310667
9223,9924,1,1,0.310667
9066,16067,1,1,0.310667
1943,8874,1,1,0.310667
1943,5108,1,1,0.310667
265,5200,1,1,0.310667
8990,9621,1,1,0.310667
1890,5209,1,1,0.310667
8316,11234,1,1,0.310667
7131,10407,1,1,0.310667
4787,5661,1,1,0.310667
7603,16515,1,1,0.310667
108,11441,1,1,0.310667
11662,16274,1,1,0.310667
2724,11932,1,1,0.310667
994,7140,1,1,0.310667
3795,7140,1,1,0.310667
221,8551,2,2,0.310415
17759,19443,2,2,0.310354
17085,19625,2,2,0.310256
13800,20531,2,2,0.30957
25604,25632,2,2,0.309421
10888,16112,2,2,0.309402
12042,18549,2,2,0.309223
12573,25021,2,2,0.308448
1591,3835,2,2,0.308096
4196,16262,2,2,0.307706
2288,9037,2,2,0.30703
15048,22560,1,1,0.306928
9673,10448,1,1,0.306928
108,2889,1,1,0.306928
7196,7235,1,1,0.306928
10163,14844,1,1,0.306928
6819,23047,1,1,0.306928
13321,24834,1,1,0.306928
22525,22554,1,1,0.306928
2511,8811,1,1,0.306928
28849,28884,1,1,0.306928
12554,14751,1,1,0.306928
14393,19813,1,1,0.306928
1268,9901,1,1,0.306928
77,1972,1,1,0.306928
8045,13896,1,1,0.306928
9422,13680,1,1,0.306928
23014,24507,1,1,0.306928
634,24507,1,1,0.306928
634,23014,1,1,0.306928
3971,11696,1,1,0.306928
14333,14442,1,1,0.306928
992,14850,1,1,0.306928
8775,9571,1,1,0.306928
25158,28691,1,1,0.306928
3488,7792,1,1,0.306928
85,3488,1,1,0.306928
3488,12213,1,1,0.306928
12798,13927,1,1,0.306928
11268,24885,1,1,0.306928
7200,13974,1,1,0.306928
2584,13974,1,1,0.306928
4454,4553,1,1,0.306928
2659,11696,1,1,0.306928
786,11949,1,1,0.306928
3254,16178,1,1,0.306928
25404,25407,1,1,0.306928
1173,9037,1,1,0.306928
13176,22994,1,1,0.306928
5853,12661,1,1,0.306928
9739,19064,1,1,0.306928
6057,15658,1,1,0.306928
7137,12012,1,1,0.306928
13302,13368,1,1,0.306928
4510,28561,1,1,0.306928
4510,17899,1,1,0.306928
3285,5921,1,1,0.306928
2890,8990,1,1,0.306928
10279,31112,1,1,0.306928
16643,24624,1,1,0.306928
16643,24623,1,1,0.306928
1223,1953,1,1,0.306928
1159,1953,1,1,0.306928
10280,10376,1,1,0.306928
296,9348,1,1,0.306928
11836,13699,1,1,0.306928
158,1107,1,1,0.306928
4284,16763,1,1,0.306928
13249,16400,1,1,0.306928
17820,28911,1,1,0.306928
28136,28137,1,1,0.306928
869,3126,1,1,0.306928
2346,13426,1,1,0.306928
2346,8501,1,1,0.306928
869,3138,1,1,0.306928
7447,23075,1,1,0.306928
1263,13922,1,1,0.306928
19118,19143,1,1,0.306928
10330,23103,1,1,0.306928
158,1976,1,1,0.306928
158,2197,1,1,0.306928
158,2448,1,1,0.306928
5320,11837,1,1,0.306928
1107,1976,1,1,0.306928
1107,2197,1,1,0.306928
1107,2448,1,1,0.306928
1976,2197,1,1,0.306928
1976,2448,1,1,0.306928
12360,17400,1,1,0.306928
6458,8101,1,1,0.306928
2197,2448,1,1,0.306928
11786,11863,1,1,0.306928
13249,16763,1,1,0.306928
8312,8503,1,1,0.306928
14000,18495,1,1,0.306928
3126,3138,1,1,0.306928
2019,23705,1,1,0.306928
15018,19779,1,1,0.306928
11234,16720,1,1,0.306928
8101,11041,1,1,0.306928
8101,8990,1,1,0.306928
12483,18315,1,1,0.306928
3971,6035,1,1,0.306928
4343,13932,2,2,0.306287
1324,1920,2,2,0.305195
2402,14072,2,2,0.304953
3989,30743,2,2,0.3035
21983,25545,2,2,0.3035
1614,4674,2,2,0.303428
9497,22274,1,1,0.303413
59,11937,1,1,0.303413
12719,16435,1,1,0.303413
5662,14521,1,1,0.303413
15596,20505,1,1,0.303413
695,9481,1,1,0.303413
1160,28151,1,1,0.303413
11234,25000,1,1,0.303413
8931,12997,1,1,0.303413
12276,14377,1,1,0.303413
9037,10356,1,1,0.303413
1738,5627,1,1,0.303413
1438,20283,1,1,0.303413
12451,24622,1,1,0.303413
14377,17356,1,1,0.303413
6689,7137,1,1,0.303413
1160,31309,1,1,0.303413
12276,17356,1,1,0.303413
1738,9246,1,1,0.303413
3559,23000,1,1,0.303413
89,4502,1,1,0.303413
12451,14197,1,1,0.303413
402,643,1,1,0.303413
1056,5079,1,1,0.303413
1416,5079,1,1,0.303413
575,643,1,1,0.303413
17277,26502,1,1,0.303413
2249,4196,1,1,0.303413
13612,28792,1,1,0.303413
2248,7173,1,1,0.303413
14766,22478,1,1,0.303413
7747,10175,1,1,0.303413
11042,24622,1,1,0.303413
17896,19314,1,1,0.303413
1839,3271,1,1,0.303413
10414,25830,1,1,0.303413
265,540,1,1,0.303413
867,2600,1,1,0.303413
11042,14197,1,1,0.303413
11042,12451,1,1,0.303413
7255,20283,1,1,0.303413
9501,12094,1,1,0.303413
23596,25311,1,1,0.303413
3079,9318,1,1,0.303413
2365,4210,1,1,0.303413
17547,17552,1,1,0.303413
20543,25616,1,1,0.303413
1725,7146,1,1,0.303413
459,3222,1,1,0.303413
5627,9246,1,1,0.303413
11686,13214,1,1,0.303413
2526,24756,1,1,0.303413
5630,21533,1,1,0.303413
7278,16196,1,1,0.303413
8816,12746,1,1,0.303413
10162,14084,1,1,0.303413
13214,21739,1,1,0.303413
5468,16258,1,1,0.303413
1944,18410,1,1,0.303413
1359,2033,1,1,0.303413
3797,6022,1,1,0.303413
4859,15931,1,1,0.303413
6189,8019,1,1,0.303413
1521,5123,1,1,0.303413
6570,9897,1,1,0.303413
1371,11341,1,1,0.303413
4567,12062,1,1,0.303413
15222,17081,1,1,0.303413
13088,16361,1,1,0.303413
13088,13440,1,1,0.303413
21679,23695,1,1,0.303413
2379,4787,1,1,0.303413
15995,25020,1,1,0.303413
15995,27144,1,1,0.303413
3472,15758,1,1,0.303413
1386,7278,1,1,0.303413
5167,12062,1,1,0.303413
1359,6830,1,1,0.303413
906,14640,1,1,0.303413
7137,12554,1,1,0.303413
7162,12554,1,1,0.303413
5147,7162,1,1,0.303413
2388,21241,1,1,0.303413
1028,8396,1,1,0.303413
10675,27060,1,1,0.303413
8594,13636,1,1,0.303413
1609,10240,1,1,0.303413
1419,2767,1,1,0.303413
19810,22941,1,1,0.303413
10147,11107,1,1,0.303413
7145,29883,1,1,0.303413
59,7137,1,1,0.303413
1521,5159,1,1,0.303413
786,18986,1,1,0.303413
10446,24444,2,2,0.302874
14209,24444,2,2,0.302874
1412,10826,2,2,0.302853
277,4196,2,2,0.302853
11217,20628,2,2,0.302824
1157,7400,2,1,0.302787
7400,25675,2,1,0.302787
5124,7400,2,1,0.302787
7400,7832,2,1,0.302787
7400,8332,2,1,0.302787
4632,27082,2,1,0.302787
4094,7400,2,1,0.302787
4632,20543,2,1,0.302787
4632,9693,2,1,0.302787
5256,7016,2,1,0.302787
5256,27082,2,1,0.302787
26157,27082,2,1,0.302787
26488,26702,2,1,0.302787
4632,4772,2,1,0.302787
4772,7400,2,1,0.302787
4772,16510,2,1,0.302787
6817,9299,2,2,0.301795
20446,20672,2,2,0.301648
20672,23314,2,2,0.301648
19294,23296,2,2,0.301546
21335,23296,2,2,0.301546
16588,25048,2,2,0.301546
16588,25552,2,2,0.301546
25048,25552,2,2,0.301546
1265,22796,2,2,0.301546
4876,25112,2,2,0.301546
1265,17277,2,2,0.301546
1331,6621,1,1,0.300102
12256,14396,1,1,0.300102
1842,11949,1,1,0.300102
18802,19044,1,1,0.300102
9097,10106,1,1,0.300102
3411,21430,1,1,0.300102
4305,10224,1,1,0.300102
6095,19375,1,1,0.300102
3392,5973,1,1,0.300102
10106,24371,1,1,0.300102
1366,1585,1,1,0.300102
14766,20081,1,1,0.300102
1593,16637,1,1,0.300102
24846,26348,1,1,0.300102
10147,20493,1,1,0.300102
29494,29588,1,1,0.300102
1845,21322,1,1,0.300102
10133,20493,1,1,0.300102
1593,12849,1,1,0.300102
4305,20951,1,1,0.300102
10224,20951,1,1,0.300102
9097,24371,1,1,0.300102
20951,25438,1,1,0.300102
2852,6114,1,1,0.300102
10023,10144,1,1,0.300102
18338,20951,1,1,0.300102
1603,8015,1,1,0.300102
10892,20709,1,1,0.300102
1467,9253,1,1,0.300102
13179,13733,1,1,0.300102
10133,18257,1,1,0.300102
23157,27031,1,1,0.300102
7581,15713,1,1,0.300102
1366,1608,1,1,0.300102
2391,2643,1,1,0.300102
3056,3612,1,1,0.300102
10224,25438,1,1,0.300102
27031,28566,1,1,0.300102
1591,8590,1,1,0.300102
10023,19528,1,1,0.300102
31378,31399,1,1,0.300102
14675,27545,1,1,0.300102
1236,10147,1,1,0.300102
26296,26667,1,1,0.300102
11410,14328,1,1,0.300102
11336,20576,1,1,0.300102
2104,26296,1,1,0.300102
2104,26667,1,1,0.300102
12443,17907,1,1,0.300102
9264,13386,1,1,0.300102
2104,26380,1,1,0.300102
26380,26667,1,1,0.300102
4045,13012,1,1,0.300102
1056,12483,1,1,0.300102
7264,17728,1,1,0.300102
15212,15215,1,1,0.300102
16445,16764,1,1,0.300102
5719,15212,1,1,0.300102
5251,11008,2,2,0.299599
2120,17759,2,2,0.298984
3989,6217,2,2,0.29892
3898,5305,2,2,0.29885
12382,16611,2,2,0.298755
6672,20576,2,2,0.298645
4220,17987,2,2,0.298645
1374,13646,2,2,0.298512
1074,24149,2,2,0.298058
865,15889,2,2,0.297757
26078,26831,2,2,0.2977
236,2511,2,2,0.2977
2767,9130,2,2,0.297628
8031,30507,2,2,0.297411
8269,14155,2,2,0.297411
1576,15523,2,2,0.297411
1523,4787,2,2,0.29736
18698,23314,2,2,0.29736
19785,30478,2,2,0.29736
13177,15302,2,2,0.29736
30478,31286,2,2,0.29736
25619,27011,2,2,0.297257
1993,26550,2,2,0.297257
15546,26550,2,2,0.297257
4381,17082,2,2,0.297257
25151,27768,2,2,0.297257
1684,17493,2,2,0.297257
2683,15201,2,2,0.297039
1943,6887,1,1,0.296974
3376,6849,1,1,0.296974
11739,20080,1,1,0.296974
11739,20077,1,1,0.296974
7932,10013,1,1,0.296974
27397,27702,1,1,0.296974
227,6849,1,1,0.296974
27403,27702,1,1,0.296974
13250,26984,1,1,0.296974
3375,6849,1,1,0.296974
7687,20080,1,1,0.296974
4196,27011,1,1,0.296974
10697,17940,1,1,0.296974
8874,12964,1,1,0.296974
14766,15002,1,1,0.296974
24212,24704,1,1,0.296974
11987,16647,1,1,0.296974
5533,12432,1,1,0.296974
9431,10671,1,1,0.296974
4371,4380,1,1,0.296974
17830,24312,1,1,0.296974
5167,9727,1,1,0.296974
868,1491,1,1,0.296974
6916,10788,1,1,0.296974
2526,5167,1,1,0.296974
14977,21295,1,1,0.296974
6356,25923,1,1,0.296974
11234,26706,1,1,0.296974
5526,6003,1,1,0.296974
6178,6183,1,1,0.296974
24339,30875,1,1,0.296974
7838,8537,1,1,0.296974
16378,24706,1,1,0.296974
9497,10011,1,1,0.296974
17940,17948,1,1,0.296974
20077,20080,1,1,0.296974
12415,12423,1,1,0.296974
5089,25603,1,1,0.296974
3456,7137,1,1,0.296974
1135,3145,1,1,0.296974
18963,23765,1,1,0.296974
4985,8930,1,1,0.296974
11990,30389,1,1,0.296974
20076,20080,1,1,0.296974
12392,14447,1,1,0.296974
26395,27671,1,1,0.296974
20076,20077,1,1,0.296974
5167,10659,1,1,0.296974
8943,12609,1,1,0.296974
3553,15963,1,1,0.296974
727,20076,1,1,0.296974
5103,13156,1,1,0.296974
3563,7254,1,1,0.296974
2514,16603,1,1,0.296974
413,24477,1,1,0.296974
23157,24956,1,1,0.296974
23724,28058,1,1,0.296974
1429,10923,1,1,0.296974
3551,12798,1,1,0.296974
727,11739,1,1,0.296974
727,7687,1,1,0.296974
727,6457,1,1,0.296974
17901,19775,1,1,0.296974
7687,20076,1,1,0.296974
5103,12415,1,1,0.296974
6457,20080,1,1,0.296974
6457,20077,1,1,0.296974
19742,25080,1,1,0.296974
727,20080,1,1,0.296974
5541,12878,1,1,0.296974
87,10097,1,1,0.296974
89,12878,1,1,0.296974
10778,17064,1,1,0.296974
11242,24282,1,1,0.296974
6457,7687,1,1,0.296974
6457,20076,1,1,0.296974
727,20077,1,1,0.296974
8595,12155,1,1,0.296974
9223,15733,1,1,0.296974
5488,11234,1,1,0.296974
6457,11739,1,1,0.296974
2576,8476,1,1,0.296974
7687,20077,1,1,0.296974
4117,6199,1,1,0.296974
832,4702,1,1,0.296974
13166,15356,1,1,0.296974
3981,5719,1,1,0.296974
1624,10243,1,1,0.296974
25126,26672,1,1,0.296974
24477,26672,1,1,0.296974
3484,10243,1,1,0.296974
24477,25126,1,1,0.296974
1587,15762,1,1,0.296974
1624,3484,1,1,0.296974
9887,26706,1,1,0.296974
8310,21747,2,2,0.29686
3016,13824,2,2,0.29686
4184,15632,2,2,0.29686
13586,19517,2,2,0.29686
4196,27179,2,2,0.29686
464,9897,2,2,0.29686
20044,25383,2,2,0.29686
681,12364,2,2,0.296755
4452,6778,2,2,0.296351
4452,7651,2,2,0.296351
19603,21382,2,2,0.296351
253,23376,2,2,0.296351
23314,23376,2,2,0.296351
20446,23376,2,2,0.296351
16555,21382,2,2,0.296351
3898,17923,2,2,0.296351
14069,19294,2,2,0.296248
14069,21335,2,2,0.296248
5147,25851,2,2,0.296248
12487,18647,2,2,0.296248
2778,18929,2,2,0.296197
9689,18929,2,2,0.296197
4152,9689,2,2,0.296197
292,14995,2,2,0.296197
6214,15355,2,2,0.296197
292,1415,2,2,0.296197
7366,9689,2,2,0.296197
20690,22914,2,2,0.296197
292,9451,2,2,0.296197
2778,4152,2,2,0.296197
21020,22914,2,2,0.296197
6575,8695,2,2,0.296197
2778,7366,2,2,0.296197
27084,28936,2,2,0.296197
19401,29897,2,2,0.296197
11864,18698,2,2,0.296197
15596,19252,2,2,0.296197
19887,27768,2,2,0.296048
643,9130,2,2,0.295616
17427,28876,2,2,0.295616
505,3844,2,2,0.295578
505,22142,2,2,0.295578
16990,22485,2,2,0.295178
16990,22978,2,2,0.295178
6095,24500,2,2,0.295132
19678,23314,2,2,0.295132
18834,24332,2,2,0.295132
9038,24500,2,2,0.295132
487,21271,2,2,0.295132
20672,21335,2,2,0.295132
19294,20672,2,2,0.295132
79,19340,2,2,0.295132
7306,19340,2,2,0.295132
7739,24332,2,2,0.295132
1173,3954,2,2,0.295132
9288,18031,2,2,0.29458
18834,19872,2,2,0.294541
7650,10558,1,1,0.294014
7300,25142,1,1,0.294014
4629,4989,1,1,0.294014
4889,4989,1,1,0.294014
4918,4989,1,1,0.294014
10238,12790,1,1,0.294014
7663,31474,1,1,0.294014
6164,7137,1,1,0.294014
26414,26817,1,1,0.294014
8909,29440,1,1,0.294014
26889,30943,1,1,0.294014
26889,29089,1,1,0.294014
5380,15075,1,1,0.294014
5253,31474,1,1,0.294014
10805,16687,1,1,0.294014
136,1076,1,1,0.294014
7469,11154,1,1,0.294014
489,1076,1,1,0.294014
2369,6509,1,1,0.294014
4320,6558,1,1,0.294014
12325,17629,1,1,0.294014
12325,24101,1,1,0.294014
7732,22630,1,1,0.294014
17629,24101,1,1,0.294014
2534,8948,1,1,0.294014
1600,29440,1,1,0.294014
1600,6305,1,1,0.294014
6566,15934,1,1,0.294014
18242,24101,1,1,0.294014
16839,16924,1,1,0.294014
1600,18242,1,1,0.294014
28187,29263,1,1,0.294014
1600,24101,1,1,0.294014
6305,24101,1,1,0.294014
136,489,1,1,0.294014
2534,11602,1,1,0.294014
7469,8859,1,1,0.294014
209,402,1,1,0.294014
5301,8796,1,1,0.294014
16234,26889,1,1,0.294014
869,1076,1,1,0.294014
5253,7663,1,1,0.294014
6943,12490,1,1,0.294014
6943,11903,1,1,0.294014
11602,18146,1,1,0.294014
8948,18146,1,1,0.294014
8859,11154,1,1,0.294014
6476,8871,1,1,0.294014
3053,21151,1,1,0.294014
6791,17213,1,1,0.294014
17256,17509,1,1,0.294014
8948,11602,1,1,0.294014
16687,17509,1,1,0.294014
1815,2525,1,1,0.294014
16687,17089,1,1,0.294014
10805,17256,1,1,0.294014
2534,18146,1,1,0.294014
12728,20622,1,1,0.294014
3128,7509,1,1,0.294014
29089,30943,1,1,0.294014
2667,20353,1,1,0.294014
7316,20721,1,1,0.294014
2369,15548,1,1,0.294014
5968,17762,1,1,0.294014
5968,26795,1,1,0.294014
13963,26795,1,1,0.294014
17762,26795,1,1,0.294014
452,7665,1,1,0.294014
13324,27014,1,1,0.294014
1189,2876,1,1,0.294014
3110,7469,1,1,0.294014
8191,14098,1,1,0.294014
16577,27014,1,1,0.294014
17256,19810,1,1,0.294014
5921,27014,1,1,0.294014
9763,14098,1,1,0.294014
579,3535,1,1,0.294014
3535,4193,1,1,0.294014
14809,20505,1,1,0.294014
8375,15075,1,1,0.294014
35,6047,1,1,0.294014
11768,13641,1,1,0.294014
157,6959,1,1,0.294014
5968,13963,1,1,0.294014
7480,12827,1,1,0.294014
7400,13300,1,1,0.294014
897,8013,1,1,0.294014
20920,21190,1,1,0.294014
1430,26795,1,1,0.294014
7336,9883,1,1,0.294014
1030,3731,1,1,0.294014
2775,9883,1,1,0.294014
2402,20353,1,1,0.294014
11686,14963,1,1,0.294014
2667,13813,1,1,0.294014
11310,30418,1,1,0.294014
5062,5129,1,1,0.294014
5062,12298,1,1,0.294014
2314,2402,1,1,0.294014
11768,11990,1,1,0.294014
5167,18378,1,1,0.294014
2402,13813,1,1,0.294014
5921,16577,1,1,0.294014
1261,23150,1,1,0.294014
1720,8664,1,1,0.294014
13084,23785,1,1,0.294014
2402,17631,1,1,0.294014
9687,26135,1,1,0.294014
29102,30266,1,1,0.294014
5807,8375,1,1,0.294014
581,23696,1,1,0.294014
10536,17262,1,1,0.294014
3110,8859,1,1,0.294014
581,10238,1,1,0.294014
17478,21499,1,1,0.294014
3110,11154,1,1,0.294014
10708,14991,1,1,0.294014
11732,16938,1,1,0.294014
22706,30107,1,1,0.294014
11234,24430,1,1,0.294014
3751,8278,1,1,0.294014
9887,22274,1,1,0.294014
12728,14000,1,1,0.294014
9501,9899,1,1,0.294014
19924,31472,1,1,0.294014
5807,13778,1,1,0.294014
1430,5968,1,1,0.294014
7922,10424,1,1,0.294014
26425,31039,1,1,0.294014
15220,16435,1,1,0.294014
22897,23785,1,1,0.294014
12968,14701,1,1,0.294014
19919,22179,1,1,0.294014
5807,15075,1,1,0.294014
6707,10238,1,1,0.294014
1944,4787,2,2,0.29349
12417,21596,2,2,0.292838
1424,1529,2,2,0.292838
1202,2547,2,2,0.292838
11044,18158,2,2,0.292838
2120,2511,2,2,0.292838
7252,14875,2,2,0.292838
3257,7722,2,2,0.292838
7953,11044,2,2,0.292838
11889,14227,2,2,0.292639
19887,30354,2,2,0.29243
8149,16428,2,2,0.292384
10268,28500,2,2,0.292096
1305,5789,2,2,0.292096
21120,22645,1,1,0.291207
13258,14444,1,1,0.291207
10999,13009,1,1,0.291207
5755,14967,1,1,0.291207
1246,27240,1,1,0.291207
16420,20082,1,1,0.291207
967,3640,1,1,0.291207
2571,16355,1,1,0.291207
9901,10164,1,1,0.291207
967,9901,1,1,0.291207
6503,12012,1,1,0.291207
13988,14459,1,1,0.291207
12486,13012,1,1,0.291207
20449,27656,1,1,0.291207
65,6165,1,1,0.291207
7832,10695,1,1,0.291207
6705,28260,1,1,0.291207
110,1249,1,1,0.291207
1249,1620,1,1,0.291207
11233,11792,1,1,0.291207
967,10164,1,1,0.291207
3640,10164,1,1,0.291207
6457,10164,1,1,0.291207
993,4386,1,1,0.291207
1074,17150,1,1,0.291207
12870,29739,1,1,0.291207
25412,30083,1,1,0.291207
1776,2033,1,1,0.291207
1349,10451,1,1,0.291207
830,6181,1,1,0.291207
386,2583,1,1,0.291207
2020,8613,1,1,0.291207
9174,24893,1,1,0.291207
1845,3954,1,1,0.291207
3640,9685,1,1,0.291207
9739,17125,1,1,0.291207
10238,14044,1,1,0.291207
5853,14044,1,1,0.291207
5853,10238,1,1,0.291207
9502,18941,1,1,0.291207
1776,14766,1,1,0.291207
2558,10671,1,1,0.291207
1546,3145,1,1,0.291207
10133,14094,1,1,0.291207
497,7133,1,1,0.291207
85,2729,1,1,0.291207
20964,22214,1,1,0.291207
11482,29844,1,1,0.291207
1845,7200,1,1,0.291207
6007,13905,1,1,0.291207
4031,11295,1,1,0.291207
6007,15186,1,1,0.291207
13905,15186,1,1,0.291207
868,9348,1,1,0.291207
5702,29161,1,1,0.291207
23247,30996,1,1,0.291207
30756,31090,1,1,0.291207
6999,11957,1,1,0.291207
2740,14270,1,1,0.291207
4220,14270,1,1,0.291207
2033,14766,1,1,0.291207
2943,8466,1,1,0.291207
1705,14541,1,1,0.291207
6999,13621,1,1,0.291207
8612,10583,1,1,0.291207
13432,13905,1,1,0.291207
11957,13621,1,1,0.291207
359,12850,1,1,0.291207
3222,5853,1,1,0.291207
21533,21617,1,1,0.291207
830,6166,1,1,0.291207
1261,21617,1,1,0.291207
1261,21533,1,1,0.291207
2511,21316,2,2,0.291058
6704,7140,2,2,0.290922
18520,18647,2,2,0.290922
921,1640,2,2,0.290922
16638,30224,2,2,0.290922
713,11987,2,2,0.290844
713,20027,2,2,0.290844
713,6915,2,2,0.290844
21572,26062,2,2,0.290768
19448,19845,2,2,0.290702
19448,24085,2,2,0.290702
6457,9380,2,2,0.29056
5766,7184,2,2,0.289835
7563,9924,2,2,0.289835
7184,7563,2,2,0.289835
5766,9924,2,2,0.289835
13288,15523,2,2,0.289783
5414,9672,2,2,0.289783
19011,23909,2,2,0.289783
10454,12041,2,2,0.289783
5414,14701,2,2,0.289783
19007,23909,2,2,0.289783
8191,20505,2,1,0.28974
18983,25281,2,2,0.289579
18031,24085,2,2,0.289579
24113,27201,2,2,0.289579
18031,19845,2,2,0.289579
4196,11445,2,2,0.289579
5123,7140,2,2,0.289579
5966,8347,2,2,0.289579
4199,4381,2,2,0.28905
19517,20446,2,2,0.28905
3175,15054,2,2,0.28905
5777,23649,2,2,0.28905
2564,20446,2,2,0.28905
23649,23860,2,2,0.28905
643,10168,2,2,0.28905
1183,1419,2,2,0.28905
10811,19024,2,2,0.28905
17576,20446,2,2,0.28905
20446,24972,2,2,0.28905
4968,5405,2,2,0.28905
14686,19517,2,2,0.28905
10811,11492,2,2,0.28905
2681,12912,1,1,0.288539
16178,22267,1,1,0.288539
12942,22720,1,1,0.288539
2681,18898,1,1,0.288539
2681,16178,1,1,0.288539
9005,13725,1,1,0.288539
2946,3122,1,1,0.288539
6604,9005,1,1,0.288539
7978,8990,1,1,0.288539
77,665,1,1,0.288539
717,8951,1,1,0.288539
665,1105,1,1,0.288539
665,934,1,1,0.288539
13494,22267,1,1,0.288539
6604,13725,1,1,0.288539
12136,16178,1,1,0.288539
11046,18898,1,1,0.288539
11336,16178,1,1,0.288539
11046,13494,1,1,0.288539
7558,13170,1,1,0.288539
20872,27977,1,1,0.288539
5888,20872,1,1,0.288539
11046,16178,1,1,0.288539
26625,27600,1,1,0.288539
26633,27600,1,1,0.288539
16092,16178,1,1,0.288539
644,1105,1,1,0.288539
5394,12912,1,1,0.288539
5394,13494,1,1,0.288539
5394,16178,1,1,0.288539
7711,12136,1,1,0.288539
483,564,1,1,0.288539
7711,12912,1,1,0.288539
10938,13024,1,1,0.288539
7711,13494,1,1,0.288539
7711,16178,1,1,0.288539
644,665,1,1,0.288539
3094,26749,1,1,0.288539
4627,6152,1,1,0.288539
1366,8537,1,1,0.288539
1366,11696,1,1,0.288539
1366,13325,1,1,0.288539
8537,11696,1,1,0.288539
8537,13325,1,1,0.288539
11696,13325,1,1,0.288539
2108,21031,1,1,0.288539
21489,23386,1,1,0.288539
16566,16770,1,1,0.288539
5468,15046,1,1,0.288539
5468,14850,1,1,0.288539
85,9161,1,1,0.288539
3954,7160,1,1,0.288539
4837,7160,1,1,0.288539
7160,7200,1,1,0.288539
19765,25080,1,1,0.288539
7793,10431,1,1,0.288539
5494,14607,1,1,0.288539
6401,7839,1,1,0.288539
4221,9839,1,1,0.288539
69,16566,1,1,0.288539
644,934,1,1,0.288539
353,1954,1,1,0.288539
2282,8010,1,1,0.288539
675,932,1,1,0.288539
930,17622,1,1,0.288539
17273,17574,1,1,0.288539
9897,21415,1,1,0.288539
1882,7870,1,1,0.288539
2976,11041,1,1,0.288539
14095,17740,1,1,0.288539
5781,15220,1,1,0.288539
21472,21773,1,1,0.288539
7225,8537,1,1,0.288539
3169,6089,1,1,0.288539
1037,6127,1,1,0.288539
4145,4253,1,1,0.288539
16817,16952,1,1,0.288539
5144,8247,1,1,0.288539
8273,13298,1,1,0.288539
8045,19827,1,1,0.288539
313,5123,1,1,0.288539
313,6575,1,1,0.288539
313,11879,1,1,0.288539
5123,5271,1,1,0.288539
23751,30232,1,1,0.288539
1922,7645,1,1,0.288539
12878,18785,1,1,0.288539
11949,15591,1,1,0.288539
5123,16817,1,1,0.288539
6575,16817,1,1,0.288539
11879,16817,1,1,0.288539
937,7369,1,1,0.288539
10162,24038,1,1,0.288539
8962,11949,1,1,0.288539
8347,8962,1,1,0.288539
18798,24846,1,1,0.288539
11957,16817,1,1,0.288539
2560,20044,2,2,0.287591
8031,27332,2,2,0.286862
15931,23719,2,2,0.286862
2509,27230,2,2,0.286819
9759,14862,2,2,0.28678
1511,23371,2,2,0.286144
5502,6610,1,1,0.286
3861,6125,1,1,0.286
1406,20700,1,1,0.286
2542,16230,1,1,0.286
2542,11204,1,1,0.286
9272,19726,1,1,0.286
11425,16735,1,1,0.286
6125,7781,1,1,0.286
581,16435,1,1,0.286
11425,29933,1,1,0.286
26725,27577,1,1,0.286
9542,22374,1,1,0.286
4791,23171,1,1,0.286
11084,22216,1,1,0.286
5074,6610,1,1,0.286
11120,14791,1,1,0.286
14791,22374,1,1,0.286
5074,7490,1,1,0.286
5074,9013,1,1,0.286
3799,9323,1,1,0.286
20655,23214,1,1,0.286
11120,18943,1,1,0.286
3566,7733,1,1,0.286
1974,5502,1,1,0.286
10314,22374,1,1,0.286
22374,27203,1,1,0.286
16230,17945,1,1,0.286
649,19256,1,1,0.286
351,1091,1,1,0.286
21734,22274,1,1,0.286
22458,27398,1,1,0.286
18943,22374,1,1,0.286
2846,9687,1,1,0.286
6610,8865,1,1,0.286
2542,25773,1,1,0.286
19256,22374,1,1,0.286
9054,9458,1,1,0.286
9763,19340,1,1,0.286
568,3875,1,1,0.286
568,3338,1,1,0.286
6610,19256,1,1,0.286
2288,16043,1,1,0.286
8865,26852,1,1,0.286
14791,27203,1,1,0.286
8865,19256,1,1,0.286
8865,22374,1,1,0.286
1974,10314,1,1,0.286
9887,14970,1,1,0.286
5502,18943,1,1,0.286
24996,26852,1,1,0.286
2846,22087,1,1,0.286
2846,14977,1,1,0.286
11204,16230,1,1,0.286
11204,17945,1,1,0.286
649,22374,1,1,0.286
11204,25773,1,1,0.286
5074,22374,1,1,0.286
2542,17945,1,1,0.286
4108,21402,1,1,0.286
11234,21734,1,1,0.286
6610,7490,1,1,0.286
6610,9013,1,1,0.286
7490,9013,1,1,0.286
2288,7792,1,1,0.286
18943,27203,1,1,0.286
7490,22374,1,1,0.286
630,27203,1,1,0.286
1225,2288,1,1,0.286
2114,2463,1,1,0.286
8946,19135,1,1,0.286
9763,19487,1,1,0.286
6412,21548,1,1,0.286
23492,23580,1,1,0.286
13141,16479,1,1,0.286
9013,22374,1,1,0.286
26111,26260,1,1,0.286
630,18943,1,1,0.286
11250,14909,1,1,0.286
2933,8166,1,1,0.286
9497,21061,1,1,0.286
8156,18915,1,1,0.286
12346,18915,1,1,0.286
831,22374,1,1,0.286
179,22374,1,1,0.286
2542,19256,1,1,0.286
9497,14909,1,1,0.286
10047,14421,1,1,0.286
1661,22146,1,1,0.286
630,11120,1,1,0.286
9223,19872,1,1,0.286
9779,14421,1,1,0.286
179,10314,1,1,0.286
10004,15702,1,1,0.286
2728,11249,1,1,0.286
696,4504,1,1,0.286
2033,3271,1,1,0.286
14791,18943,1,1,0.286
22374,24756,1,1,0.286
14909,21061,1,1,0.286
6007,11792,1,1,0.286
11250,21061,1,1,0.286
8080,8379,1,1,0.286
1974,22374,1,1,0.286
18943,26852,1,1,0.286
11120,27203,1,1,0.286
1974,9542,1,1,0.286
630,14791,1,1,0.286
6610,9542,1,1,0.286
8933,8944,1,1,0.286
11120,22374,1,1,0.286
11408,17124,1,1,0.286
8178,8685,1,1,0.286
18676,18841,1,1,0.286
8178,8641,1,1,0.286
17945,19256,1,1,0.286
649,8865,1,1,0.286
6610,10314,1,1,0.286
14814,14979,1,1,0.286
179,5502,1,1,0.286
20777,21548,1,1,0.286
179,9542,1,1,0.286
16230,25773,1,1,0.286
19256,25773,1,1,0.286
1105,8593,1,1,0.286
9542,10314,1,1,0.286
75,1105,1,1,0.286
16230,19256,1,1,0.286
1385,8593,1,1,0.286
1385,7766,1,1,0.286
649,6610,1,1,0.286
17945,25773,1,1,0.286
630,22374,1,1,0.286
831,5074,1,1,0.286
8865,24996,1,1,0.286
253,1693,1,1,0.286
831,6610,1,1,0.286
11700,12360,1,1,0.286
831,9013,1,1,0.286
14002,20622,1,1,0.286
831,7490,1,1,0.286
7200,15596,2,2,0.285681
9132,16351,2,2,0.285366
22346,22481,2,2,0.285039
182,2776,2,2,0.284653
7732,25114,2,2,0.284354
989,25114,2,2,0.284354
4052,26475,2,2,0.283866
25597,26117,2,2,0.283866
5526,5528,1,1,0.283578
10296,11408,1,1,0.283578
1704,6457,1,1,0.283578
10885,11452,1,1,0.283578
8265,10073,1,1,0.283578
3945,5935,1,1,0.283578
8265,20827,1,1,0.283578
1755,10243,1,1,0.283578
15589,24455,1,1,0.283578
769,24451,1,1,0.283578
11891,23718,1,1,0.283578
4106,7698,1,1,0.283578
26200,26459,1,1,0.283578
25622,26459,1,1,0.283578
10073,20827,1,1,0.283578
11250,15560,1,1,0.283578
1324,3541,1,1,0.283578
5526,5862,1,1,0.283578
5528,5862,1,1,0.283578
81,2953,1,1,0.283578
643,2953,1,1,0.283578
10238,10538,1,1,0.283578
14521,17085,1,1,0.283578
3026,4719,1,1,0.283578
81,9060,1,1,0.283578
5329,11171,1,1,0.283578
24205,24207,1,1,0.283578
7030,9060,1,1,0.283578
3488,7663,1,1,0.283578
3488,18378,1,1,0.283578
3488,27562,1,1,0.283578
8254,9946,1,1,0.283578
7663,18378,1,1,0.283578
21179,22374,1,1,0.283578
7663,27562,1,1,0.283578
18378,27562,1,1,0.283578
850,9897,1,1,0.283578
3799,8466,1,1,0.283578
1138,3145,1,1,0.283578
423,1379,1,1,0.283578
17929,28220,1,1,0.283578
2407,7312,1,1,0.283578
6719,8990,1,1,0.283578
3026,4674,1,1,0.283578
79,21996,1,1,0.283578
1920,5117,1,1,0.283578
8516,15597,2,2,0.283456
51,5688,2,2,0.283456
3459,23921,2,2,0.283456
2861,12042,2,2,0.283456
13232,15938,2,2,0.282613
26822,28892,2,2,0.282537
28103,28892,2,2,0.282537
7732,21381,2,2,0.282537
2,27768,2,2,0.282537
20648,27768,2,2,0.282537
989,21381,2,2,0.282537
15683,19014,2,2,0.282537
2511,5780,2,2,0.282234
10346,18084,2,2,0.282234
16382,21965,2,2,0.282234
3306,8107,2,1,0.282084
3535,13594,2,1,0.282084
758,3685,2,1,0.282084
5275,15934,2,1,0.282084
5275,26481,2,1,0.282084
758,12651,2,1,0.282084
5275,21143,2,1,0.282084
2379,5275,2,1,0.282084
3073,11197,2,1,0.282084
3685,5275,2,1,0.282084
3383,5275,2,1,0.282084
5275,13120,2,1,0.282084
5275,22511,2,1,0.282084
3073,5275,2,1,0.282084
5275,7563,2,1,0.282084
837,5275,2,1,0.282084
7563,8107,2,1,0.282084
5275,23789,2,1,0.282084
3535,21046,2,1,0.282084
10171,10356,2,1,0.282084
200,5275,2,1,0.282084
5275,22629,2,1,0.282084
2709,3073,2,1,0.282084
681,8734,2,1,0.282084
758,5275,2,1,0.282084
3685,10171,2,1,0.282084
2379,12651,2,1,0.282084
5275,8412,2,1,0.282084
2709,4861,2,1,0.282084
11197,12651,2,1,0.282084
5275,11882,2,1,0.282084
1203,1560,2,2,0.281772
17277,20714,2,2,0.28133
6457,6460,1,1,0.281266
6457,10771,1,1,0.281266
10771,13687,1,1,0.281266
13071,15179,1,1,0.281266
6457,13687,1,1,0.281266
3285,7473,1,1,0.281266
6458,10771,1,1,0.281266
6460,10771,1,1,0.281266
9929,10240,1,1,0.281266
9916,12394,1,1,0.281266
497,3640,1,1,0.281266
7785,27749,1,1,0.281266
13117,16842,1,1,0.281266
5945,19204,1,1,0.281266
3488,7200,1,1,0.281266
1117,30481,1,1,0.281266
14763,15157,1,1,0.281266
7473,10176,1,1,0.281266
934,1315,1,1,0.281266
1414,3880,1,1,0.281266
15958,23683,1,1,0.281266
5938,6110,1,1,0.281266
8724,11263,1,1,0.281266
3764,4844,1,1,0.281266
3047,16949,1,1,0.281266
8752,17318,1,1,0.281266
4345,6457,1,1,0.281266
405,21173,1,1,0.281266
6095,13857,1,1,0.281266
11336,16842,1,1,0.281266
3355,20488,1,1,0.281266
5110,5218,1,1,0.281266
2270,8812,1,1,0.281266
13716,16949,1,1,0.281266
3596,3624,1,1,0.281266
3508,3596,1,1,0.281266
967,8990,1,1,0.281266
2547,2898,1,1,0.281266
3285,4170,1,1,0.281266
5766,20301,1,1,0.281266
4170,7473,1,1,0.281266
3285,10176,1,1,0.281266
7473,10182,1,1,0.281266
3535,17412,1,1,0.281266
4170,10176,1,1,0.281266
8531,9067,1,1,0.281266
9033,9427,1,1,0.281266
7473,10178,1,1,0.281266
6457,6938,1,1,0.281266
6938,17064,1,1,0.281266
482,2198,1,1,0.281266
4170,10178,1,1,0.281266
2798,13948,1,1,0.281266
4170,10182,1,1,0.281266
428,14458,1,1,0.281266
3285,10182,1,1,0.281266
1105,7919,1,1,0.281266
6938,17412,1,1,0.281266
1475,1676,1,1,0.281266
10176,10182,1,1,0.281266
1609,7083,1,1,0.281266
10176,10178,1,1,0.281266
27051,30966,2,2,0.281085
2511,7376,2,2,0.281085
743,2511,2,2,0.281085
18530,18904,2,2,0.281085
26884,30966,2,2,0.281085
29201,30626,2,2,0.280453
22346,30099,2,2,0.280453
9917,10356,2,2,0.280243
6185,24273,2,2,0.279936
23926,28384,2,2,0.279821
2424,6571,2,2,0.279667
685,4199,2,2,0.279667
9003,13120,2,2,0.279522
21306,25597,2,2,0.279332
994,2971,2,2,0.279332
3835,4199,2,2,0.279332
3409,12569,2,2,0.279332
504,7188,2,2,0.279332
9130,9928,2,2,0.279332
6972,9130,2,2,0.279332
7722,8479,2,2,0.279332
26078,27011,2,2,0.279332
2808,5977,2,2,0.279332
178,657,2,2,0.279332
3544,6778,2,2,0.279332
2363,3153,2,2,0.279332
2424,21374,2,2,0.279332
292,6457,2,2,0.279332
904,6778,2,2,0.279332
1037,5800,2,2,0.279332
7370,11716,2,2,0.279332
2820,22418,2,2,0.279332
145,8837,2,2,0.279332
18854,22346,2,2,0.279332
8483,13400,2,2,0.279332
2154,5621,2,2,0.279332
727,13869,2,2,0.279332
17576,21955,2,2,0.279332
1991,13400,2,2,0.279332
904,3544,2,2,0.279332
15546,22473,2,2,0.279332
1474,18876,2,2,0.279332
12068,12724,2,2,0.279201
7317,10224,1,1,0.279055
59,9638,1,1,0.279055
17542,17601,1,1,0.279055
8595,10857,1,1,0.279055
6393,13374,1,1,0.279055
4284,6165,1,1,0.279055
5090,5112,1,1,0.279055
6575,7753,1,1,0.279055
353,10573,1,1,0.279055
12000,13374,1,1,0.279055
4392,5144,1,1,0.279055
9446,13213,1,1,0.279055
5217,6873,1,1,0.279055
19212,20947,1,1,0.279055
7581,25713,1,1,0.279055
4142,4392,1,1,0.279055
4142,5012,1,1,0.279055
5506,6320,1,1,0.279055
2584,3954,1,1,0.279055
11159,28664,1,1,0.279055
2182,24844,1,1,0.279055
9438,24844,1,1,0.279055
16092,16099,1,1,0.279055
9820,10232,1,1,0.279055
7317,18018,1,1,0.279055
8762,10224,1,1,0.279055
8762,18018,1,1,0.279055
21265,31086,1,1,0.279055
7317,8762,1,1,0.279055
6125,7278,1,1,0.279055
24391,28338,1,1,0.279055
9348,10355,1,1,0.279055
3306,14991,1,1,0.279055
23907,30749,1,1,0.279055
8766,18773,1,1,0.279055
13012,17104,1,1,0.279055
5704,16178,1,1,0.279055
18012,19101,1,1,0.279055
17758,19101,1,1,0.279055
17758,18012,1,1,0.279055
17488,18012,1,1,0.279055
17488,17758,1,1,0.279055
11635,19101,1,1,0.279055
11635,18012,1,1,0.279055
11635,17758,1,1,0.279055
11635,17488,1,1,0.279055
669,18012,1,1,0.279055
669,17758,1,1,0.279055
669,11635,1,1,0.279055
9467,23907,1,1,0.279055
3455,10287,1,1,0.279055
12856,18463,1,1,0.279055
1213,12856,1,1,0.279055
6214,9331,1,1,0.279055
12632,13448,1,1,0.279055
4220,22155,1,1,0.279055
13012,20582,1,1,0.279055
17104,20582,1,1,0.279055
4986,9620,1,1,0.279055
9895,12172,1,1,0.279055
4220,4837,1,1,0.279055
4220,6059,1,1,0.279055
18787,24689,1,1,0.279055
4837,22155,1,1,0.279055
6059,22155,1,1,0.279055
24379,24419,1,1,0.279055
27032,29199,1,1,0.279055
16828,27032,1,1,0.279055
13580,16670,1,1,0.279055
1213,18463,1,1,0.279055
12716,28113,2,2,0.278954
58,6762,2,2,0.278502
58,6764,2,2,0.278502
10888,17277,2,2,0.278502
21020,23719,2,2,0.278158
20690,23719,2,2,0.278158
21758,23314,2,2,0.277463
3042,15860,2,2,0.277463
3042,14209,2,2,0.277463
22796,25923,2,2,0.277463
5621,9037,2,1,0.277219
108,9037,2,1,0.277219
9037,18052,2,1,0.277219
6509,20714,2,1,0.277219
5163,5621,2,1,0.277219
14693,23357,2,1,0.277219
7221,29201,1,1,0.276938
8166,9763,1,1,0.276938
25031,26236,1,1,0.276938
7112,11567,1,1,0.276938
26414,30686,1,1,0.276938
3414,5064,1,1,0.276938
921,2482,1,1,0.276938
50,837,1,1,0.276938
17356,18086,1,1,0.276938
17356,19568,1,1,0.276938
17356,19882,1,1,0.276938
18086,19882,1,1,0.276938
19568,19882,1,1,0.276938
23759,29772,1,1,0.276938
5123,9740,1,1,0.276938
6915,19124,1,1,0.276938
27174,30037,1,1,0.276938
551,30902,1,1,0.276938
551,31376,1,1,0.276938
30902,31376,1,1,0.276938
5494,21556,1,1,0.276938
29347,30037,1,1,0.276938
29143,30037,1,1,0.276938
29143,29347,1,1,0.276938
6816,7200,1,1,0.276938
23759,30527,1,1,0.276938
27174,29347,1,1,0.276938
7823,8359,1,1,0.276938
27174,29143,1,1,0.276938
29772,30527,1,1,0.276938
2402,8067,1,1,0.276938
6604,14254,1,1,0.276938
27721,30784,1,1,0.276938
643,8090,1,1,0.276938
12222,24705,1,1,0.276938
3666,5452,1,1,0.276938
353,12244,1,1,0.276938
1596,16938,1,1,0.276938
14758,20735,1,1,0.276938
3013,5826,1,1,0.276938
3013,6211,1,1,0.276938
3396,3783,1,1,0.276938
3396,5826,1,1,0.276938
3396,6211,1,1,0.276938
3783,5826,1,1,0.276938
3783,6211,1,1,0.276938
5826,6211,1,1,0.276938
16158,18614,1,1,0.276938
382,8191,1,1,0.276938
29522,30368,1,1,0.276938
484,1690,1,1,0.276938
11836,12193,1,1,0.276938
4539,18614,1,1,0.276938
4539,16158,1,1,0.276938
4567,8724,1,1,0.276938
717,5826,1,1,0.276938
28408,28478,1,1,0.276938
22735,26414,1,1,0.276938
21480,21768,1,1,0.276938
4850,11718,1,1,0.276938
3731,11878,1,1,0.276938
4559,14458,1,1,0.276938
2053,11197,1,1,0.276938
17085,19637,1,1,0.276938
1105,8121,1,1,0.276938
1056,11272,1,1,0.276938
13381,16677,1,1,0.276938
10097,14270,1,1,0.276938
3241,15866,1,1,0.276938
6999,16934,1,1,0.276938
1920,14607,2,2,0.276711
2511,22534,2,2,0.276711
1374,18581,2,2,0.276412
3798,10356,2,2,0.276412
13300,17023,1,1,0.274908
5498,23320,1,1,0.274908
6629,14771,1,1,0.274908
5853,16734,1,1,0.274908
3798,8998,1,1,0.274908
1043,16734,1,1,0.274908
15643,16178,1,1,0.274908
908,3920,1,1,0.274908
9236,10240,1,1,0.274908
11751,13381,1,1,0.274908
1177,7535,1,1,0.274908
1107,2363,1,1,0.274908
1423,25742,1,1,0.274908
1815,11752,1,1,0.274908
3091,6689,1,1,0.274908
4884,6689,1,1,0.274908
59,16128,1,1,0.274908
11719,16485,1,1,0.274908
3488,14521,1,1,0.274908
2667,5973,1,1,0.274908
7255,14151,1,1,0.274908
3378,4769,1,1,0.274908
9099,10280,1,1,0.274908
8715,10280,1,1,0.274908
1871,4452,1,1,0.274908
5225,7239,1,1,0.274908
18605,20785,1,1,0.274908
15619,16981,1,1,0.274908
16981,22544,1,1,0.274908
2033,2755,1,1,0.274908
27354,27382,1,1,0.274908
3365,5027,1,1,0.274908
5144,11441,1,1,0.274908
19186,20387,1,1,0.274908
11150,19954,1,1,0.274908
2798,3285,1,1,0.274908
2798,24449,1,1,0.274908
3285,24449,1,1,0.274908
12000,27749,1,1,0.274908
11250,24592,1,1,0.274908
9497,24592,1,1,0.274908
1510,2275,1,1,0.274908
4374,7288,1,1,0.274908
7776,16418,1,1,0.274908
7776,10202,1,1,0.274908
14587,17359,1,1,0.274908
10202,16418,1,1,0.274908
23454,27382,1,1,0.274908
850,15090,1,1,0.274908
11765,15090,1,1,0.274908
11320,11765,1,1,0.274908
1591,11677,1,1,0.274908
108,15090,1,1,0.274908
11677,11765,1,1,0.274908
1267,17565,1,1,0.274908
1117,1943,1,1,0.274908
1117,13916,1,1,0.274908
12074,12629,1,1,0.274908
11174,11820,1,1,0.274908
2240,6007,1,1,0.274908
6007,13255,1,1,0.274908
770,17053,1,1,0.274908
581,6007,1,1,0.274908
282,1591,1,1,0.274908
649,25286,1,1,0.274908
2077,16499,1,1,0.274908
16499,18970,1,1,0.274908
2789,13381,1,1,0.274908
581,2240,1,1,0.274908
108,11751,1,1,0.274908
992,6374,1,1,0.274908
23719,26231,2,2,0.273174
296,9746,1,1,0.272958
5743,13996,1,1,0.272958
2650,18156,1,1,0.272958
2650,22941,1,1,0.272958
18156,22941,1,1,0.272958
3115,3136,1,1,0.272958
12281,22446,1,1,0.272958
22446,22941,1,1,0.272958
402,967,1,1,0.272958
6808,24280,1,1,0.272958
4732,13046,1,1,0.272958
402,2968,1,1,0.272958
3222,4596,1,1,0.272958
3875,4109,1,1,0.272958
5532,10999,1,1,0.272958
869,967,1,1,0.272958
869,2968,1,1,0.272958
967,2968,1,1,0.272958
489,3060,1,1,0.272958
489,3115,1,1,0.272958
5532,16632,1,1,0.272958
8944,10171,1,1,0.272958
236,2209,1,1,0.272958
4732,7140,1,1,0.272958
1107,4286,1,1,0.272958
5392,5755,1,1,0.272958
5392,6457,1,1,0.272958
14660,15363,1,1,0.272958
6165,21012,1,1,0.272958
6165,13324,1,1,0.272958
5392,16318,1,1,0.272958
9781,18513,1,1,0.272958
22443,26457,1,1,0.272958
20044,26457,1,1,0.272958
2995,10727,1,1,0.272958
1577,2172,1,1,0.272958
5392,17081,1,1,0.272958
2104,25908,1,1,0.272958
5755,6457,1,1,0.272958
9897,17561,1,1,0.272958
5755,16318,1,1,0.272958
16318,17081,1,1,0.272958
77,1696,1,1,0.272958
1696,15222,1,1,0.272958
11336,16739,1,1,0.272958
21094,23342,1,1,0.272958
15222,16318,1,1,0.272958
5392,5545,1,1,0.272958
2369,10925,1,1,0.272958
2033,13136,1,1,0.272958
8763,15190,1,1,0.272958
2822,3815,1,1,0.272958
2819,3815,1,1,0.272958
3060,3115,1,1,0.272958
489,3136,1,1,0.272958
6183,9579,1,1,0.272958
10999,16632,1,1,0.272958
75,10708,1,1,0.272958
3783,10708,1,1,0.272958
992,14599,1,1,0.272958
3783,8593,1,1,0.272958
3783,6224,1,1,0.272958
3013,10708,1,1,0.272958
3013,8593,1,1,0.272958
3013,6224,1,1,0.272958
1118,10708,1,1,0.272958
1118,8593,1,1,0.272958
1118,6224,1,1,0.272958
1118,3783,1,1,0.272958
1118,3013,1,1,0.272958
75,6224,1,1,0.272958
8593,10708,1,1,0.272958
14039,22286,1,1,0.272958
4252,7200,1,1,0.272958
5853,6874,1,1,0.272958
75,3013,1,1,0.272958
75,1118,1,1,0.272958
4567,13167,1,1,0.272958
5853,24980,1,1,0.272958
15669,17412,1,1,0.272958
5381,11388,1,1,0.272958
15669,20420,1,1,0.272958
637,6637,1,1,0.272958
22941,23719,1,1,0.272958
6224,8593,1,1,0.272958
708,3875,1,1,0.272958
7766,13927,1,1,0.272958
3145,4592,1,1,0.272958
3317,4592,1,1,0.272958
26094,26126,1,1,0.272958
26079,26268,1,1,0.272958
12596,28282,1,1,0.272958
2363,8166,1,1,0.272958
7679,17085,1,1,0.272958
6412,9410,1,1,0.272958
1439,23138,1,1,0.272958
12000,24949,1,1,0.272958
2780,16393,1,1,0.272958
10171,21435,1,1,0.272958
4275,5920,1,1,0.272958
1105,1415,1,1,0.272958
13096,29277,1,1,0.272958
1160,8824,1,1,0.272958
967,2280,1,1,0.272958
1150,6214,1,1,0.272958
2876,4592,1,1,0.272958
6437,10799,2,2,0.272678
19401,22346,2,2,0.272678
1246,24164,2,2,0.272678
17277,22411,2,2,0.272678
3871,23517,2,2,0.272678
1692,8783,2,2,0.272481
568,11077,2,2,0.272217
531,11077,2,2,0.272217
531,568,2,2,0.272217
2379,11917,2,2,0.272217
4761,4787,2,2,0.272114
20672,23376,2,2,0.272114
9130,13891,2,2,0.271284
3976,4196,2,2,0.271284
2600,2781,2,1,0.2712
26673,29688,2,1,0.2712
20666,27768,2,2,0.271149
20666,28103,2,2,0.271149
23014,24700,1,1,0.271085
16305,17139,1,1,0.271085
519,3530,1,1,0.271085
5126,14608,1,1,0.271085
519,1916,1,1,0.271085
9176,24795,1,1,0.271085
9727,12060,1,1,0.271085
1082,1916,1,1,0.271085
22951,24698,1,1,0.271085
10168,11410,1,1,0.271085
519,1082,1,1,0.271085
9348,11074,1,1,0.271085
81,9419,1,1,0.271085
9323,11074,1,1,0.271085
519,10150,1,1,0.271085
3530,10150,1,1,0.271085
11197,12689,1,1,0.271085
1082,2891,1,1,0.271085
2891,10150,1,1,0.271085
2891,3530,1,1,0.271085
1082,3530,1,1,0.271085
1082,10150,1,1,0.271085
1082,12542,1,1,0.271085
1916,3530,1,1,0.271085
20446,24053,1,1,0.271085
23222,24564,1,1,0.271085
2744,6792,1,1,0.271085
1916,10150,1,1,0.271085
1916,12542,1,1,0.271085
1916,2891,1,1,0.271085
658,4029,1,1,0.271085
3530,12542,1,1,0.271085
10602,14521,1,1,0.271085
950,967,1,1,0.271085
950,2197,1,1,0.271085
950,2712,1,1,0.271085
950,2862,1,1,0.271085
967,2197,1,1,0.271085
967,2712,1,1,0.271085
26149,26750,1,1,0.271085
2197,2712,1,1,0.271085
2197,2862,1,1,0.271085
2712,2862,1,1,0.271085
10494,25425,1,1,0.271085
7264,22274,1,1,0.271085
7264,11234,1,1,0.271085
10505,14808,1,1,0.271085
2512,9033,1,1,0.271085
77,4385,1,1,0.271085
3725,17484,1,1,0.271085
2729,20061,1,1,0.271085
12673,25357,1,1,0.271085
13719,13781,1,1,0.271085
3179,13781,1,1,0.271085
13719,17484,1,1,0.271085
4836,11234,1,1,0.271085
13781,17484,1,1,0.271085
4836,16909,1,1,0.271085
11234,16909,1,1,0.271085
11654,14686,1,1,0.271085
3179,17484,1,1,0.271085
27210,29601,1,1,0.271085
19794,21474,1,1,0.271085
967,2862,1,1,0.271085
1602,2075,1,1,0.271085
20141,25910,1,1,0.271085
3172,10732,1,1,0.271085
3179,13719,1,1,0.271085
11416,28246,1,1,0.271085
868,8084,1,1,0.271085
3085,9016,1,1,0.271085
8893,15236,1,1,0.271085
5123,6457,1,1,0.271085
4787,14587,1,1,0.271085
1647,9586,1,1,0.271085
3954,11425,1,1,0.271085
10150,12542,1,1,0.271085
4961,24053,1,1,0.271085
7122,14003,1,1,0.271085
12070,14003,1,1,0.271085
3725,13781,1,1,0.271085
3725,13719,1,1,0.271085
0,2019,1,1,0.271085
8045,15777,1,1,0.271085
3503,4627,1,1,0.271085
7200,11425,1,1,0.271085
14820,15990,2,2,0.271047
2460,9312,2,2,0.26985
14313,26004,2,2,0.26985
6396,7395,1,1,0.269283
4884,5444,1,1,0.269283
5735,6523,1,1,0.269283
2677,5588,1,1,0.269283
1052,9666,1,1,0.269283
1052,14197,1,1,0.269283
2934,4482,1,1,0.269283
2934,9666,1,1,0.269283
2934,14197,1,1,0.269283
4482,9666,1,1,0.269283
6999,11879,1,1,0.269283
5123,6999,1,1,0.269283
2780,17156,1,1,0.269283
6719,23392,1,1,0.269283
3091,5444,1,1,0.269283
4884,12629,1,1,0.269283
6575,6999,1,1,0.269283
2780,8008,1,1,0.269283
4482,14197,1,1,0.269283
9666,14197,1,1,0.269283
5360,14952,1,1,0.269283
2780,5147,1,1,0.269283
29347,29464,1,1,0.269283
5948,9575,1,1,0.269283
887,9575,1,1,0.269283
1898,15606,1,1,0.269283
405,1850,1,1,0.269283
59,5017,1,1,0.269283
12554,16757,1,1,0.269283
4884,14751,1,1,0.269283
59,23000,1,1,0.269283
175,12295,1,1,0.269283
8350,11941,1,1,0.269283
681,2977,1,1,0.269283
9972,27524,1,1,0.269283
22464,28282,1,1,0.269283
1261,11909,1,1,0.269283
2780,14751,1,1,0.269283
29464,30298,1,1,0.269283
29347,30298,1,1,0.269283
2780,12629,1,1,0.269283
12094,17171,1,1,0.269283
5147,22448,1,1,0.269283
3811,16739,1,1,0.269283
3551,23257,1,1,0.269283
3559,12629,1,1,0.269283
59,5444,1,1,0.269283
4884,6744,1,1,0.269283
254,6412,1,1,0.269283
9367,22180,1,1,0.269283
1052,2934,1,1,0.269283
9217,10243,1,1,0.269283
1052,4482,1,1,0.269283
887,5948,1,1,0.269283
5914,16407,1,1,0.269283
2780,12564,1,1,0.269283
1043,14588,1,1,0.269283
20831,22595,1,1,0.269283
3392,6457,1,1,0.269283
8837,9763,1,1,0.269283
8191,8837,1,1,0.269283
14829,22675,1,1,0.269283
5528,10402,1,1,0.269283
3346,7208,1,1,0.269283
7005,7011,1,1,0.269283
13324,13476,1,1,0.269283
265,1720,1,1,0.269283
6575,6989,1,1,0.269283
6989,13972,1,1,0.269283
75,212,1,1,0.269283
4273,10163,1,1,0.269283
4135,4303,1,1,0.269283
581,1971,1,1,0.269283
1869,17826,1,1,0.269283
2525,5147,1,1,0.269283
13014,19186,1,1,0.269283
13014,18802,1,1,0.269283
15392,25514,1,1,0.269283
558,20138,1,1,0.269283
4876,25235,1,1,0.269283
2761,25235,1,1,0.269283
1014,17892,1,1,0.269283
19392,20543,1,1,0.269283
11256,20831,1,1,0.269283
11256,22595,1,1,0.269283
21405,29023,2,2,0.269111
182,12822,2,2,0.269111
7200,17561,2,2,0.269111
3495,12673,2,2,0.268834
17594,29083,2,2,0.268834
8031,29083,2,2,0.268834
3495,14313,2,2,0.268834
1769,6764,2,2,0.268834
8031,28721,2,2,0.268834
6593,16967,2,2,0.268567
11008,16112,2,2,0.268567
21693,24275,2,2,0.268567
4422,7696,1,1,0.267546
26855,28829,1,1,0.267546
4441,8312,1,1,0.267546
4253,7785,1,1,0.267546
26855,27379,1,1,0.267546
5079,7698,1,1,0.267546
1173,4386,1,1,0.267546
1261,1463,1,1,0.267546
5632,9323,1,1,0.267546
1818,6720,1,1,0.267546
3645,4012,1,1,0.267546
11041,21965,1,1,0.267546
11174,16340,1,1,0.267546
11820,13071,1,1,0.267546
8875,11336,1,1,0.267546
3086,14942,1,1,0.267546
14700,19981,1,1,0.267546
4940,5159,1,1,0.267546
27607,29241,1,1,0.267546
10975,10976,1,1,0.267546
1291,20454,1,1,0.267546
8476,8593,1,1,0.267546
15039,15045,1,1,0.267546
3153,14766,1,1,0.267546
1602,17982,1,1,0.267546
9236,13307,1,1,0.267546
94,6497,1,1,0.267546
8856,13307,1,1,0.267546
8774,11098,1,1,0.267546
8758,11098,1,1,0.267546
8758,8774,1,1,0.267546
8510,11098,1,1,0.267546
5123,5570,1,1,0.267546
8510,8758,1,1,0.267546
4422,11730,1,1,0.267546
15059,19687,1,1,0.267546
7302,7326,1,1,0.267546
24348,28570,1,1,0.267546
7208,7326,1,1,0.267546
5632,9348,1,1,0.267546
10348,12766,1,1,0.267546
459,3726,1,1,0.267546
12433,22286,1,1,0.267546
5079,8292,1,1,0.267546
7698,8292,1,1,0.267546
6719,9236,1,1,0.267546
7785,9271,1,1,0.267546
3535,21965,1,1,0.267546
4253,9271,1,1,0.267546
8856,9236,1,1,0.267546
1002,7172,1,1,0.267546
6809,14826,2,2,0.266967
1291,4138,2,2,0.266754
30031,30062,2,2,0.266685
3801,22106,2,2,0.266685
22346,30031,2,2,0.266685
19450,22955,2,2,0.266685
4149,21381,2,2,0.266685
19450,21381,2,2,0.266685
4149,22955,2,2,0.266685
12086,19818,2,2,0.266685
10296,11657,1,1,0.265873
24907,26142,1,1,0.265873
3666,6320,1,1,0.265873
18282,23852,1,1,0.265873
1004,19985,1,1,0.265873
8561,26142,1,1,0.265873
8561,22796,1,1,0.265873
7872,7955,1,1,0.265873
216,3174,1,1,0.265873
3322,13207,1,1,0.265873
22056,23771,1,1,0.265873
22056,23852,1,1,0.265873
12398,17341,1,1,0.265873
23189,25142,1,1,0.265873
23771,23852,1,1,0.265873
26131,26356,1,1,0.265873
9924,18963,1,1,0.265873
9924,21143,1,1,0.265873
2564,12622,1,1,0.265873
18414,18971,1,1,0.265873
1004,11634,1,1,0.265873
1004,5675,1,1,0.265873
7696,9779,1,1,0.265873
4106,7302,1,1,0.265873
18282,22056,1,1,0.265873
8561,13625,1,1,0.265873
7003,9981,1,1,0.265873
18282,23771,1,1,0.265873
1004,23438,1,1,0.265873
8612,24907,1,1,0.265873
9779,11634,1,1,0.265873
26354,26356,1,1,0.265873
8612,22796,1,1,0.265873
8612,26142,1,1,0.265873
8612,13625,1,1,0.265873
2732,8365,1,1,0.265873
3449,25042,1,1,0.265873
8612,12993,1,1,0.265873
1004,23189,1,1,0.265873
1525,28282,1,1,0.265873
12993,13625,1,1,0.265873
14766,18963,1,1,0.265873
13003,17493,1,1,0.265873
1173,2803,1,1,0.265873
17207,18611,1,1,0.265873
6457,11719,1,1,0.265873
21767,22816,1,1,0.265873
8561,8612,1,1,0.265873
13625,22796,1,1,0.265873
7722,9422,1,1,0.265873
14587,21457,1,1,0.265873
1313,16670,1,1,0.265873
13625,24907,1,1,0.265873
23216,26588,1,1,0.265873
1173,2771,1,1,0.265873
13448,15643,1,1,0.265873
21143,26588,1,1,0.265873
21143,23216,1,1,0.265873
18963,26588,1,1,0.265873
9924,23216,1,1,0.265873
13625,26142,1,1,0.265873
9924,26588,1,1,0.265873
18963,23216,1,1,0.265873
18963,21143,1,1,0.265873
14766,23216,1,1,0.265873
16001,31475,1,1,0.265873
253,7838,1,1,0.265873
964,13386,1,1,0.265873
6007,16734,1,1,0.265873
1004,6356,1,1,0.265873
12993,22796,1,1,0.265873
25284,31081,1,1,0.265873
7793,10959,1,1,0.265873
619,13008,1,1,0.265873
8561,12993,1,1,0.265873
1105,13117,1,1,0.265873
28282,30857,1,1,0.265873
10431,10999,1,1,0.265873
1525,30857,1,1,0.265873
22796,24907,1,1,0.265873
915,12661,1,1,0.265873
7838,16734,1,1,0.265873
742,4221,1,1,0.265873
22355,22505,1,1,0.265873
11041,27784,1,1,0.265873
742,6407,1,1,0.265873
12993,24907,1,1,0.265873
22796,26142,1,1,0.265873
2033,9142,1,1,0.265873
12993,26142,1,1,0.265873
11907,18611,1,1,0.265873
2767,13953,1,1,0.265873
14766,21143,1,1,0.265873
16990,20233,2,2,0.265598
768,1372,2,2,0.265291
2412,8769,2,2,0.265291
18045,26100,2,2,0.265291
25733,29830,2,2,0.265291
11809,12777,2,2,0.265291
16279,25545,2,2,0.265291
2022,7001,2,2,0.265156
1120,5800,2,2,0.265156
2379,9398,2,2,0.265007
10983,23170,1,1,0.264257
5145,7581,1,1,0.264257
6439,25597,1,1,0.264257
240,16778,1,1,0.264257
3712,5343,1,1,0.264257
16858,16876,1,1,0.264257
6744,17156,1,1,0.264257
1007,14481,1,1,0.264257
11827,24575,1,1,0.264257
10171,13948,1,1,0.264257
22,7766,1,1,0.264257
24744,25142,1,1,0.264257
150,1113,1,1,0.264257
11805,24711,1,1,0.264257
3529,5853,1,1,0.264257
5159,11677,1,1,0.264257
5123,11677,1,1,0.264257
7838,15289,1,1,0.264257
15184,15289,1,1,0.264257
5123,11972,1,1,0.264257
5123,15002,1,1,0.264257
5159,11320,1,1,0.264257
9367,14782,1,1,0.264257
1173,1399,1,1,0.264257
138,4837,1,1,0.264257
5159,11972,1,1,0.264257
5159,15002,1,1,0.264257
423,15036,1,1,0.264257
423,15055,1,1,0.264257
5921,27799,1,1,0.264257
5123,11320,1,1,0.264257
4196,16290,1,1,0.264257
3971,6007,1,1,0.264257
7838,15184,1,1,0.264257
24855,26911,1,1,0.264257
3798,13353,1,1,0.264257
81,1376,1,1,0.264257
81,20138,1,1,0.264257
1376,20138,1,1,0.264257
25438,28892,1,1,0.264257
253,9065,1,1,0.264257
253,4837,1,1,0.264257
29260,29416,1,1,0.264257
10356,25123,1,1,0.264257
955,13203,1,1,0.264257
2971,6339,1,1,0.264257
549,26856,1,1,0.264257
11990,13324,1,1,0.264257
10240,11637,1,1,0.264257
27645,28233,1,1,0.264257
9330,9660,1,1,0.264257
4160,27397,1,1,0.264257
11585,22286,1,1,0.264257
28233,29120,1,1,0.264257
12237,16640,1,1,0.264257
30192,30193,1,1,0.264257
13050,13300,1,1,0.264257
3322,15191,1,1,0.264257
9660,19057,1,1,0.264257
16356,16640,1,1,0.264257
13905,15289,1,1,0.264257
955,7110,1,1,0.264257
27645,29120,1,1,0.264257
13570,15702,1,1,0.264257
9330,19057,1,1,0.264257
21767,22174,2,2,0.263857
17470,28224,2,2,0.263857
19448,24750,2,2,0.263857
24750,30283,2,2,0.263857
18031,24750,2,2,0.263857
265,897,1,1,0.262697
12516,16309,1,1,0.262697
7540,21397,1,1,0.262697
7694,16644,1,1,0.262697
17401,23726,1,1,0.262697
18031,23726,1,1,0.262697
4747,7540,1,1,0.262697
1250,10749,1,1,0.262697
4286,10405,1,1,0.262697
2899,17597,1,1,0.262697
14833,16232,1,1,0.262697
265,1260,1,1,0.262697
11041,25042,1,1,0.262697
16661,23726,1,1,0.262697
14833,21397,1,1,0.262697
16661,23630,1,1,0.262697
14833,16361,1,1,0.262697
16661,17401,1,1,0.262697
12542,14097,1,1,0.262697
27897,28094,1,1,0.262697
12542,16613,1,1,0.262697
21642,23459,1,1,0.262697
14097,16613,1,1,0.262697
7694,14546,1,1,0.262697
13,429,1,1,0.262697
15843,17816,1,1,0.262697
1387,1916,1,1,0.262697
265,1254,1,1,0.262697
3987,8990,1,1,0.262697
265,2511,1,1,0.262697
11254,16927,1,1,0.262697
10150,14372,1,1,0.262697
4747,14833,1,1,0.262697
3024,10545,1,1,0.262697
10834,23630,1,1,0.262697
1135,7295,1,1,0.262697
59,1361,1,1,0.262697
19288,19309,1,1,0.262697
519,10545,1,1,0.262697
8875,9895,1,1,0.262697
2590,16823,1,1,0.262697
10545,14097,1,1,0.262697
579,10150,1,1,0.262697
579,14372,1,1,0.262697
1943,14572,1,1,0.262697
519,14097,1,1,0.262697
4286,9411,1,1,0.262697
6356,23272,1,1,0.262697
4114,8990,1,1,0.262697
3987,4114,1,1,0.262697
7540,16361,1,1,0.262697
16461,19620,1,1,0.262697
3987,4622,1,1,0.262697
579,19180,1,1,0.262697
4114,4622,1,1,0.262697
2586,5275,1,1,0.262697
10150,19180,1,1,0.262697
7540,16232,1,1,0.262697
5275,8990,1,1,0.262697
8990,13112,1,1,0.262697
4747,16361,1,1,0.262697
4622,8990,1,1,0.262697
14372,19180,1,1,0.262697
10834,23726,1,1,0.262697
17401,23630,1,1,0.262697
13003,17139,1,1,0.262697
1823,9779,1,1,0.262697
13544,18246,1,1,0.262697
12336,15643,1,1,0.262697
12516,13318,1,1,0.262697
2931,3958,1,1,0.262697
2931,3024,1,1,0.262697
1790,1916,1,1,0.262697
10834,16661,1,1,0.262697
5166,18031,1,1,0.262697
4198,6049,1,1,0.262697
1798,8990,1,1,0.262697
4797,6049,1,1,0.262697
4198,9497,1,1,0.262697
4198,8934,1,1,0.262697
1609,8934,1,1,0.262697
12878,17085,1,1,0.262697
11634,14596,1,1,0.262697
10834,18031,1,1,0.262697
11634,14721,1,1,0.262697
5781,8943,1,1,0.262697
13440,14140,1,1,0.262697
12516,13440,1,1,0.262697
13318,13440,1,1,0.262697
1823,15877,1,1,0.262697
2628,16309,1,1,0.262697
14140,16309,1,1,0.262697
12609,13022,1,1,0.262697
13318,14140,1,1,0.262697
13318,16309,1,1,0.262697
2628,12516,1,1,0.262697
2558,29120,1,1,0.262697
5275,6079,1,1,0.262697
3385,13816,1,1,0.262697
8172,8194,1,1,0.262697
3731,4823,1,1,0.262697
1790,1798,1,1,0.262697
1060,11722,1,1,0.262697
1060,6128,1,1,0.262697
13440,16309,1,1,0.262697
2628,14140,1,1,0.262697
1,1916,1,1,0.262697
1060,1767,1,1,0.262697
3346,6104,1,1,0.262697
13088,18246,1,1,0.262697
1,1798,1,1,0.262697
2628,13318,1,1,0.262697
5089,7838,1,1,0.262697
10834,17401,1,1,0.262697
1,1790,1,1,0.262697
2628,13440,1,1,0.262697
2891,16613,1,1,0.262697
2862,13355,1,1,0.262697
2891,14097,1,1,0.262697
16361,21397,1,1,0.262697
2891,3958,1,1,0.262697
2891,3024,1,1,0.262697
9497,14215,1,1,0.262697
2891,2931,1,1,0.262697
3024,16613,1,1,0.262697
8753,12542,1,1,0.262697
3958,8213,1,1,0.262697
3958,12542,1,1,0.262697
3958,14097,1,1,0.262697
1823,15771,1,1,0.262697
3958,16613,1,1,0.262697
5970,7135,1,1,0.262697
519,8753,1,1,0.262697
530,1105,1,1,0.262697
1105,9541,1,1,0.262697
1916,8990,1,1,0.262697
12084,23214,1,1,0.262697
8213,12542,1,1,0.262697
8213,14097,1,1,0.262697
8213,16613,1,1,0.262697
29251,29347,1,1,0.262697
17401,18031,1,1,0.262697
18378,22146,1,1,0.262697
14596,14721,1,1,0.262697
2891,8213,1,1,0.262697
3024,12542,1,1,0.262697
3024,8213,1,1,0.262697
7581,20543,1,1,0.262697
6309,15877,1,1,0.262697
9779,15877,1,1,0.262697
1790,8990,1,1,0.262697
2931,8213,1,1,0.262697
12516,14140,1,1,0.262697
11634,17015,1,1,0.262697
1798,1916,1,1,0.262697
2931,12542,1,1,0.262697
7135,9074,1,1,0.262697
1688,7292,1,1,0.262697
11634,14215,1,1,0.262697
75,1107,1,1,0.262697
900,1920,1,1,0.262697
5541,7292,1,1,0.262697
5664,7292,1,1,0.262697
20972,26001,1,1,0.262697
13088,13544,1,1,0.262697
1236,24552,1,1,0.262697
2931,14097,1,1,0.262697
2931,16613,1,1,0.262697
3024,3958,1,1,0.262697
1670,22806,1,1,0.262697
8612,11008,2,2,0.262574
8612,17277,2,2,0.262574
20659,26260,2,2,0.262574
234,18233,2,2,0.262574
18031,29897,2,2,0.262574
1074,5123,2,1,0.262308
5970,10727,2,1,0.262308
1521,3945,2,1,0.262308
359,21826,2,1,0.262308
1920,4528,2,1,0.262308
2402,22121,1,1,0.261189
16418,20586,1,1,0.261189
3685,4569,1,1,0.261189
581,9790,1,1,0.261189
581,18319,1,1,0.261189
1346,8990,1,1,0.261189
18698,21312,1,1,0.261189
581,1058,1,1,0.261189
11805,23971,1,1,0.261189
4615,9497,1,1,0.261189
11250,16078,1,1,0.261189
4615,16078,1,1,0.261189
2402,10922,1,1,0.261189
11250,12244,1,1,0.261189
1488,4452,1,1,0.261189
20972,21965,1,1,0.261189
1291,2775,1,1,0.261189
4422,12121,1,1,0.261189
1291,16230,1,1,0.261189
2775,16230,1,1,0.261189
7200,11500,1,1,0.261189
8705,23017,1,1,0.261189
687,1684,1,1,0.261189
3783,9037,1,1,0.261189
11591,18884,1,1,0.261189
19397,19541,1,1,0.261189
10943,12389,1,1,0.261189
5781,5853,1,1,0.261189
11591,17862,1,1,0.261189
11936,13250,1,1,0.261189
13250,23468,1,1,0.261189
598,3495,1,1,0.261189
8136,13250,1,1,0.261189
6165,14848,1,1,0.261189
7394,9929,1,1,0.261189
7394,15560,1,1,0.261189
9929,15560,1,1,0.261189
4520,5630,1,1,0.261189
6763,13623,1,1,0.261189
6457,8590,1,1,0.261189
6457,8661,1,1,0.261189
11055,17579,1,1,0.261189
11055,13015,1,1,0.261189
4507,5630,1,1,0.261189
5781,12292,1,1,0.261189
576,4324,1,1,0.261189
10938,12629,1,1,0.261189
10938,12911,1,1,0.261189
4284,13623,1,1,0.261189
12629,12911,1,1,0.261189
7045,14521,1,1,0.261189
14521,19861,1,1,0.261189
10087,17246,1,1,0.261189
9687,23204,1,1,0.261189
2336,9687,1,1,0.261189
4831,23841,1,1,0.261189
4831,29532,1,1,0.261189
8191,12155,1,1,0.261189
17862,18884,1,1,0.261189
17506,18884,1,1,0.261189
2995,3898,1,1,0.261189
554,14169,1,1,0.261189
17506,17862,1,1,0.261189
1588,2033,1,1,0.261189
23841,29532,1,1,0.261189
3875,19332,1,1,0.261189
2584,15036,1,1,0.261189
5755,10356,1,1,0.261189
8012,16938,1,1,0.261189
5598,6252,2,2,0.261111
6457,7140,2,1,0.259914
25809,31117,2,1,0.259914
6120,27768,2,1,0.259914
6120,28103,2,1,0.259914
17085,23705,1,1,0.25973
3640,15199,1,1,0.25973
13949,14823,1,1,0.25973
12398,13570,1,1,0.25973
7121,12398,1,1,0.25973
14747,15130,1,1,0.25973
27702,27749,1,1,0.25973
7722,17421,1,1,0.25973
5567,14608,1,1,0.25973
10888,22184,1,1,0.25973
1241,5794,1,1,0.25973
1028,5794,1,1,0.25973
13576,15130,1,1,0.25973
6874,27035,1,1,0.25973
14850,15130,1,1,0.25973
6870,15801,1,1,0.25973
822,26927,1,1,0.25973
1971,8255,1,1,0.25973
1173,10430,1,1,0.25973
8012,9751,1,1,0.25973
4938,24567,1,1,0.25973
8990,14531,1,1,0.25973
20061,23671,1,1,0.25973
8900,15596,1,1,0.25973
2369,9411,1,1,0.25973
11217,11333,1,1,0.25973
14956,28169,1,1,0.25973
23458,27493,1,1,0.25973
15159,27493,1,1,0.25973
15159,23458,1,1,0.25973
9454,15711,1,1,0.25973
3356,5873,1,1,0.25973
16274,19187,1,1,0.25973
18443,27035,1,1,0.25973
23705,24956,1,1,0.25973
1173,17593,1,1,0.25973
4284,5149,1,1,0.25973
1971,4461,1,1,0.25973
1005,2701,1,1,0.25973
4193,11884,1,1,0.25973
579,11884,1,1,0.25973
2288,15979,1,1,0.25973
10171,17328,1,1,0.25973
8670,18031,1,1,0.25973
4385,5845,1,1,0.25973
4385,11041,1,1,0.25973
2701,9693,1,1,0.25973
5845,11041,1,1,0.25973
2681,11450,1,1,0.258318
14407,26368,1,1,0.258318
10922,14254,1,1,0.258318
2095,26934,1,1,0.258318
19920,30556,1,1,0.258318
12748,13996,1,1,0.258318
10405,13381,1,1,0.258318
4982,26906,1,1,0.258318
22,2667,1,1,0.258318
4982,24705,1,1,0.258318
14655,27721,1,1,0.258318
1392,3535,1,1,0.258318
1104,8101,1,1,0.258318
11256,12256,1,1,0.258318
2033,4046,1,1,0.258318
2033,4559,1,1,0.258318
10494,10941,1,1,0.258318
1392,11041,1,1,0.258318
2798,22873,1,1,0.258318
165,29656,1,1,0.258318
4045,13386,1,1,0.258318
411,3640,1,1,0.258318
411,7351,1,1,0.258318
411,7797,1,1,0.258318
411,8528,1,1,0.258318
1757,6359,1,1,0.258318
3640,7351,1,1,0.258318
4884,7137,1,1,0.258318
1463,2037,1,1,0.258318
3640,7797,1,1,0.258318
3640,8528,1,1,0.258318
7351,8528,1,1,0.258318
11299,13386,1,1,0.258318
1463,2036,1,1,0.258318
1516,1727,1,1,0.258318
8528,8874,1,1,0.258318
7797,8528,1,1,0.258318
11634,14787,1,1,0.258318
626,1609,1,1,0.258318
1609,14610,1,1,0.258318
297,13300,1,1,0.258318
5567,17357,1,1,0.258318
27197,27198,1,1,0.258318
21555,22609,1,1,0.258318
5301,19590,1,1,0.258318
10486,11536,1,1,0.258318
5570,8944,1,1,0.258318
11749,19674,1,1,0.258318
236,4014,1,1,0.258318
13672,13968,1,1,0.258318
9066,10642,1,1,0.258318
1056,8292,1,1,0.258318
24980,28282,1,1,0.258318
700,8312,1,1,0.258318
5188,10243,1,1,0.258318
2295,21617,1,1,0.258318
4601,15999,1,1,0.258318
7503,14407,1,1,0.258318
7503,26368,1,1,0.258318
29952,30159,1,1,0.258318
3282,16638,1,1,0.258318
627,1871,1,1,0.258318
5864,8505,1,1,0.258318
18955,18956,1,1,0.258318
10536,11923,1,1,0.258318
1944,18900,1,1,0.258318
23907,24400,1,1,0.258318
13968,15514,1,1,0.258318
733,8537,1,1,0.258318
8537,14608,1,1,0.258318
14608,17883,1,1,0.258318
6830,7784,1,1,0.258318
10642,17595,1,1,0.258318
17220,20208,1,1,0.258318
3566,6756,2,2,0.258229
2513,14455,2,2,0.257032
7067,11471,2,2,0.257032
11739,11749,2,2,0.257032
1028,7106,1,1,0.256949
4243,24997,1,1,0.256949
10805,10857,1,1,0.256949
7696,17767,1,1,0.256949
10823,10857,1,1,0.256949
32,5163,1,1,0.256949
5163,10153,1,1,0.256949
3566,6457,1,1,0.256949
1251,1254,1,1,0.256949
10805,10823,1,1,0.256949
5163,10857,1,1,0.256949
5163,10823,1,1,0.256949
5163,10805,1,1,0.256949
24926,25137,1,1,0.256949
3566,10153,1,1,0.256949
10151,10153,1,1,0.256949
3566,14346,1,1,0.256949
3566,4683,1,1,0.256949
1107,3437,1,1,0.256949
14094,16473,1,1,0.256949
3233,4168,1,1,0.256949
12433,19136,1,1,0.256949
14206,14346,1,1,0.256949
2185,2385,1,1,0.256949
992,16765,1,1,0.256949
992,18136,1,1,0.256949
3549,18608,1,1,0.256949
918,13051,1,1,0.256949
16765,18136,1,1,0.256949
1390,21742,1,1,0.256949
364,1190,1,1,0.256949
7278,13955,1,1,0.256949
26296,28042,1,1,0.256949
364,3320,1,1,0.256949
364,21347,1,1,0.256949
1190,21347,1,1,0.256949
13188,22927,1,1,0.256949
12629,17156,1,1,0.256949
5147,12346,1,1,0.256949
20181,23017,1,1,0.256949
6744,12554,1,1,0.256949
6857,7312,1,1,0.256949
2780,6744,1,1,0.256949
779,2029,1,1,0.256949
3637,11585,1,1,0.256949
12164,18205,1,1,0.256949
3674,15528,1,1,0.256949
182,18378,1,1,0.256949
3674,14221,1,1,0.256949
176,2712,1,1,0.256949
18515,22002,1,1,0.256949
3280,9895,1,1,0.256949
4507,11536,1,1,0.256949
4520,11536,1,1,0.256949
15363,15983,1,1,0.256949
2345,3285,1,1,0.256949
16677,21056,1,1,0.256949
302,16765,1,1,0.256949
1634,5159,1,1,0.256949
16178,22636,1,1,0.256949
4045,13077,1,1,0.256949
8365,16178,1,1,0.256949
3145,5917,1,1,0.256949
3317,5917,1,1,0.256949
353,4106,1,1,0.256949
11459,11659,1,1,0.256949
1634,5123,1,1,0.256949
302,992,1,1,0.256949
5973,16092,1,1,0.256949
9689,15348,1,1,0.256949
57,18552,1,1,0.256949
75,2358,1,1,0.256949
16112,19845,1,1,0.256949
1748,6422,1,1,0.256949
302,18136,1,1,0.256949
16112,24085,1,1,0.256949
3535,24705,1,1,0.256949
3535,21056,1,1,0.256949
1060,12858,1,1,0.255622
5079,8934,1,1,0.255622
1060,14084,1,1,0.255622
4011,19101,1,1,0.255622
4011,17930,1,1,0.255622
4011,11949,1,1,0.255622
1775,3645,1,1,0.255622
4011,14686,1,1,0.255622
11949,14686,1,1,0.255622
270,19101,1,1,0.255622
270,17930,1,1,0.255622
270,14686,1,1,0.255622
270,11949,1,1,0.255622
14521,15302,1,1,0.255622
4011,15302,1,1,0.255622
4011,14521,1,1,0.255622
1775,6127,1,1,0.255622
18276,21107,1,1,0.255622
1405,16196,1,1,0.255622
2995,10068,1,1,0.255622
59,1195,1,1,0.255622
14686,22699,1,1,0.255622
59,1196,1,1,0.255622
20659,24618,1,1,0.255622
6007,7568,1,1,0.255622
11041,19810,1,1,0.255622
676,1173,1,1,0.255622
14261,15211,1,1,0.255622
3147,27278,1,1,0.255622
25255,31028,1,1,0.255622
16234,31028,1,1,0.255622
18698,24760,1,1,0.255622
16234,25255,1,1,0.255622
3879,31028,1,1,0.255622
24618,27135,1,1,0.255622
20985,27135,1,1,0.255622
20985,24618,1,1,0.255622
20659,27135,1,1,0.255622
20659,20985,1,1,0.255622
26629,29772,1,1,0.255622
8593,13296,1,1,0.255622
21620,27404,1,1,0.255622
11041,17549,1,1,0.255622
2767,17549,1,1,0.255622
2767,11041,1,1,0.255622
2558,21782,1,1,0.255622
17930,19101,1,1,0.255622
14686,19101,1,1,0.255622
14686,17930,1,1,0.255622
1775,3491,1,1,0.255622
21767,24760,1,1,0.255622
742,1386,1,1,0.255622
11949,19101,1,1,0.255622
11949,17930,1,1,0.255622
2558,22353,1,1,0.255622
77,13708,1,1,0.255622
1173,9710,1,1,0.255622
270,14521,1,1,0.255622
6765,20650,1,1,0.255622
1728,11999,1,1,0.255622
967,7766,1,1,0.255622
2012,5226,1,1,0.255622
8594,11987,1,1,0.255622
250,11999,1,1,0.255622
108,2493,1,1,0.255622
8613,10149,1,1,0.255622
955,5226,1,1,0.255622
4048,8613,1,1,0.255622
5915,6125,1,1,0.255622
3971,5915,1,1,0.255622
1477,27182,1,1,0.255622
7200,13071,1,1,0.255622
1186,14590,1,1,0.255622
967,8593,1,1,0.255622
695,1608,1,1,0.255622
7766,13296,1,1,0.255622
24398,28360,1,1,0.255622
967,13296,1,1,0.255622
2288,2648,1,1,0.255622
12835,26672,2,2,0.255118
43,22983,2,2,0.255118
43,22986,2,2,0.255118
5945,16178,1,1,0.254335
2019,19080,1,1,0.254335
5888,7329,1,1,0.254335
2681,5370,1,1,0.254335
16262,22750,1,1,0.254335
8574,17883,1,1,0.254335
1105,2511,1,1,0.254335
6142,16182,1,1,0.254335
687,22750,1,1,0.254335
5945,18898,1,1,0.254335
6269,7978,1,1,0.254335
2019,22750,1,1,0.254335
23508,23543,1,1,0.254335
1007,24200,1,1,0.254335
89,18345,1,1,0.254335
1691,16232,1,1,0.254335
435,3087,1,1,0.254335
2767,5973,1,1,0.254335
14930,31586,1,1,0.254335
11361,20498,1,1,0.254335
6690,23872,1,1,0.254335
7838,9246,1,1,0.254335
9097,23107,1,1,0.254335
3365,17575,1,1,0.254335
1195,5630,1,1,0.254335
2314,2667,1,1,0.254335
21040,21132,1,1,0.254335
21040,22621,1,1,0.254335
145,2767,1,1,0.254335
1118,6947,1,1,0.254335
25908,27195,1,1,0.254335
3654,16233,1,1,0.254335
9294,10890,1,1,0.254335
11731,19507,1,1,0.254335
5888,25668,1,1,0.254335
23154,26906,1,1,0.254335
7405,11739,1,1,0.254335
7838,23212,1,1,0.254335
27799,28786,1,1,0.254335
3954,6604,1,1,0.254335
687,19080,1,1,0.254335
26541,27011,1,1,0.254335
2359,9398,2,1,0.254149
1,9398,2,1,0.254149
16353,19517,2,1,0.254149
1477,22314,2,1,0.254149
3665,6292,2,1,0.254149
2359,4199,2,1,0.254149
19517,20896,2,1,0.254149
20446,23221,2,1,0.254149
1477,20446,2,1,0.254149
7221,8159,2,1,0.254149
1045,19517,2,1,0.254149
20218,20446,2,1,0.254149
4199,9398,2,1,0.254149
3762,6292,2,1,0.254149
947,29079,2,2,0.253921
4196,4530,2,2,0.253921
8315,14546,2,2,0.253921
20666,30053,2,2,0.253921
2379,22672,2,2,0.253921
26988,27003,2,2,0.253921
8002,15257,2,2,0.253921
2078,25213,2,2,0.253921
5812,25213,2,2,0.253921
5097,20733,1,1,0.253085
1530,1609,1,1,0.253085
6458,12849,1,1,0.253085
23438,24549,1,1,0.253085
25975,25983,1,1,0.253085
2369,11242,1,1,0.253085
937,1585,1,1,0.253085
12894,17795,1,1,0.253085
2976,3392,1,1,0.253085
2798,8365,1,1,0.253085
758,11041,1,1,0.253085
9363,17064,1,1,0.253085
13813,17421,1,1,0.253085
8947,13358,1,1,0.253085
7838,9831,1,1,0.253085
581,23386,1,1,0.253085
3440,11949,1,1,0.253085
11123,18535,1,1,0.253085
11094,18247,1,1,0.253085
8705,11987,1,1,0.253085
11094,15635,1,1,0.253085
35,3503,1,1,0.253085
1032,24652,1,1,0.253085
313,478,1,1,0.253085
1842,26921,1,1,0.253085
16112,23107,1,1,0.253085
26457,28044,1,1,0.253085
7143,7294,1,1,0.251871
17105,26813,1,1,0.251871
5969,10748,1,1,0.251871
1920,3446,1,1,0.251871
9003,23994,1,1,0.251871
7597,7688,1,1,0.251871
11320,14857,1,1,0.251871
12449,16761,1,1,0.251871
77,9845,1,1,0.251871
1074,11758,1,1,0.251871
13937,16749,1,1,0.251871
10171,12835,1,1,0.251871
674,11739,1,1,0.251871
1368,2174,1,1,0.251871
1210,29688,1,1,0.251871
9159,30795,1,1,0.251871
9159,29631,1,1,0.251871
21672,25080,1,1,0.251871
4588,29913,1,1,0.251871
1173,1720,1,1,0.251871
4588,30097,1,1,0.251871
16982,29913,1,1,0.251871
16982,30097,1,1,0.251871
29913,30097,1,1,0.251871
23080,28528,1,1,0.251871
7600,26491,1,1,0.251871
1281,12573,1,1,0.251871
16842,18311,1,1,0.251871
3160,6214,1,1,0.251871
2511,5474,1,1,0.251871
28282,29223,1,1,0.251871
14857,15002,1,1,0.251871
2558,5853,1,1,0.251871
16734,22715,1,1,0.251871
7936,31296,1,1,0.251871
2798,19517,2,2,0.251039
5568,8191,1,1,0.25069
16196,16230,1,1,0.25069
4489,9738,1,1,0.25069
1349,6457,1,1,0.25069
189,6457,1,1,0.25069
3459,8149,1,1,0.25069
3280,17160,1,1,0.25069
822,8840,1,1,0.25069
733,1487,1,1,0.25069
23868,23870,1,1,0.25069
2775,14939,1,1,0.25069
8365,25569,1,1,0.25069
4844,16230,1,1,0.25069
4844,16196,1,1,0.25069
1366,16230,1,1,0.25069
5998,22146,1,1,0.25069
14208,17876,1,1,0.25069
8518,9689,1,1,0.25069
13813,22788,1,1,0.25069
5161,17783,1,1,0.25069
1366,16196,1,1,0.25069
6007,15730,1,1,0.25069
5167,15730,1,1,0.25069
5167,6007,1,1,0.25069
7479,18378,1,1,0.25069
4611,8149,1,1,0.25069
85,4494,1,1,0.25069
187,3427,1,1,0.25069
85,18897,1,1,0.25069
77,11041,1,1,0.25069
8705,24629,1,1,0.25069
1349,15515,1,1,0.25069
85,13922,1,1,0.25069
6457,15515,1,1,0.25069
19461,24332,1,1,0.25069
5568,11174,1,1,0.25069
9497,16807,1,1,0.25069
5568,11302,1,1,0.25069
6379,14099,1,1,0.25069
16345,17289,1,1,0.25069
401,3604,1,1,0.25069
6393,12094,1,1,0.25069
4114,12133,1,1,0.25069
11384,16807,1,1,0.25069
8191,11302,1,1,0.25069
23841,28282,1,1,0.25069
18445,28282,1,1,0.25069
7971,16196,1,1,0.25069
4159,7784,1,1,0.25069
5766,15840,1,1,0.25069
12128,14850,1,1,0.25069
12546,14817,1,1,0.25069
17095,31542,1,1,0.25069
5853,15046,1,1,0.25069
8191,16687,1,1,0.25069
15046,18413,1,1,0.25069
14850,18413,1,1,0.25069
9411,13381,1,1,0.25069
8593,16035,1,1,0.25069
75,16035,1,1,0.25069
6154,22285,1,1,0.25069
3949,5258,1,1,0.25069
25310,29035,1,1,0.25069
7054,23268,1,1,0.25069
14766,20391,1,1,0.25069
15302,16300,1,1,0.25069
4562,17757,1,1,0.25069
14718,16096,1,1,0.25069
8390,11201,1,1,0.25069
5437,6457,1,1,0.25069
5437,12968,1,1,0.25069
315,7312,1,1,0.25069
5437,13201,1,1,0.25069
308,7312,1,1,0.25069
6457,12968,1,1,0.25069
3356,5832,1,1,0.25069
11728,11792,1,1,0.25069
5832,5888,1,1,0.25069
20248,20446,1,1,0.25069
6457,13201,1,1,0.25069
17274,25042,1,1,0.25069
20248,21042,1,1,0.25069
12968,14568,1,1,0.25069
9672,14568,1,1,0.25069
12968,14027,1,1,0.25069
1873,17114,1,1,0.249543
2511,6938,1,1,0.249543
8783,10168,1,1,0.249543
6519,17475,1,1,0.249543
5718,13185,1,1,0.249543
8783,12812,1,1,0.249543
2511,14098,1,1,0.249543
8783,13185,1,1,0.249543
3765,6938,1,1,0.249543
1873,9230,1,1,0.249543
5718,10168,1,1,0.249543
3765,14098,1,1,0.249543
10168,12812,1,1,0.249543
5718,12812,1,1,0.249543
6803,7015,1,1,0.249543
9230,17114,1,1,0.249543
9363,11487,1,1,0.249543
6938,14098,1,1,0.249543
4790,17443,1,1,0.249543
897,11905,1,1,0.249543
8045,8347,1,1,0.249543
17906,25164,1,1,0.249543
2450,8783,1,1,0.249543
2450,5718,1,1,0.249543
16857,17443,1,1,0.249543
8990,17443,1,1,0.249543
8990,16857,1,1,0.249543
2402,16178,1,1,0.249543
7200,14361,1,1,0.249543
23391,23456,1,1,0.249543
8411,17443,1,1,0.249543
8411,16857,1,1,0.249543
4790,16857,1,1,0.249543
9382,9973,1,1,0.249543
3535,16857,1,1,0.249543
2450,12812,1,1,0.249543
2450,13185,1,1,0.249543
13974,17449,1,1,0.249543
5718,8783,1,1,0.249543
11359,17449,1,1,0.249543
11359,13974,1,1,0.249543
9973,17449,1,1,0.249543
9973,13974,1,1,0.249543
9973,11359,1,1,0.249543
9382,13974,1,1,0.249543
12812,13185,1,1,0.249543
9382,11359,1,1,0.249543
10168,13185,1,1,0.249543
1004,11396,1,1,0.249543
2450,10168,1,1,0.249543
4755,21590,1,1,0.249543
6954,7414,1,1,0.249543
1291,15916,1,1,0.249543
6589,26062,1,1,0.249543
2160,18436,1,1,0.249543
1546,4422,1,1,0.249543
3511,17862,1,1,0.249543
1336,5497,1,1,0.249543
517,1871,1,1,0.249543
25,4787,1,1,0.249543
1052,16739,1,1,0.249543
16778,23976,1,1,0.249543
1004,12368,1,1,0.249543
9668,16632,1,1,0.249543
1920,2184,1,1,0.249543
11999,26481,1,1,0.249543
7344,10319,1,1,0.249543
17237,17247,1,1,0.249543
4196,14704,1,1,0.249543
5843,18642,1,1,0.249543
6672,17439,1,1,0.249543
8874,11396,1,1,0.249543
8874,12368,1,1,0.249543
11396,12368,1,1,0.249543
10475,18566,1,1,0.249543
17609,24845,1,1,0.249543
1430,15770,1,1,0.249543
8933,27656,1,1,0.249543
2693,6050,1,1,0.249543
4783,8585,1,1,0.249543
800,18581,1,1,0.249543
8939,14766,1,1,0.249543
14766,23685,1,1,0.249543
385,459,1,1,0.248425
17398,19432,1,1,0.248425
22171,23124,1,1,0.248425
9895,17289,1,1,0.248425
20189,28151,1,1,0.248425
21767,23418,1,1,0.248425
26131,28091,1,1,0.248425
7177,8424,1,1,0.248425
21767,22171,1,1,0.248425
517,1138,1,1,0.248425
28902,28942,1,1,0.248425
20189,31309,1,1,0.248425
11158,14650,1,1,0.248425
2560,17398,1,1,0.248425
3821,28960,1,1,0.248425
26329,26674,1,1,0.248425
11617,15548,1,1,0.248425
3551,15944,1,1,0.248425
6690,10805,1,1,0.248425
5160,11617,1,1,0.248425
5160,14270,1,1,0.248425
5160,15548,1,1,0.248425
5160,17064,1,1,0.248425
8540,25379,1,1,0.248425
11617,14270,1,1,0.248425
2560,20393,1,1,0.248425
2560,13716,1,1,0.248425
9363,14261,1,1,0.248425
11617,17064,1,1,0.248425
14270,15548,1,1,0.248425
23124,23418,1,1,0.248425
22171,23418,1,1,0.248425
14270,17064,1,1,0.248425
15548,17064,1,1,0.248425
486,3920,1,1,0.248425
11672,24294,1,1,0.248425
10805,17289,1,1,0.248425
2560,3047,1,1,0.248425
2560,23649,1,1,0.248425
8590,11471,1,1,0.248425
203,7326,1,1,0.248425
1313,22646,1,1,0.248425
13716,20393,1,1,0.248425
4362,17780,1,1,0.248425
2381,7360,1,1,0.248425
265,912,1,1,0.248425
913,8661,1,1,0.248425
6123,21822,1,1,0.248425
8784,10029,1,1,0.248425
3612,23282,1,1,0.248425
8661,11471,1,1,0.248425
13716,23649,1,1,0.248425
4559,15836,1,1,0.248425
20393,23649,1,1,0.248425
13034,20875,1,1,0.248425
19331,22646,1,1,0.248425
2544,23124,1,1,0.248425
5005,8089,1,1,0.248425
10137,11147,1,1,0.248425
14650,23124,1,1,0.248425
28220,29882,1,1,0.248425
837,23124,1,1,0.248425
3026,3713,1,1,0.248425
13352,23679,1,1,0.248425
3047,20393,1,1,0.248425
2291,11768,1,1,0.248425
422,2544,1,1,0.248425
913,8590,1,1,0.248425
3047,23649,1,1,0.248425
1313,19331,1,1,0.248425
227,7140,2,1,0.247929
1608,20044,2,1,0.247929
6672,19845,2,1,0.247929
227,8612,2,1,0.247929
4522,12109,2,1,0.247929
20387,21174,2,1,0.247929
20387,23352,2,1,0.247929
7140,20044,2,1,0.247929
2379,10811,2,1,0.247929
8612,20044,2,1,0.247929
9444,22388,1,1,0.247338
3346,9196,1,1,0.247338
2249,13177,1,1,0.247338
2345,11346,1,1,0.247338
2755,11911,1,1,0.247338
6165,28001,1,1,0.247338
7507,7767,1,1,0.247338
478,16178,1,1,0.247338
11418,13386,1,1,0.247338
4774,6959,1,1,0.247338
108,4774,1,1,0.247338
18400,19449,1,1,0.247338
26506,28943,1,1,0.247338
29275,29376,1,1,0.247338
26523,28943,1,1,0.247338
1920,6165,1,1,0.247338
6165,8868,1,1,0.247338
108,3142,1,1,0.247338
3346,14758,1,1,0.247338
1681,5974,1,1,0.247338
1349,23138,1,1,0.247338
1496,15318,1,1,0.247338
1589,16740,1,1,0.247338
6457,8013,1,1,0.247338
13718,14334,1,1,0.247338
3640,4422,1,1,0.247338
14679,14814,1,1,0.247338
13766,13999,1,1,0.247338
644,3024,1,1,0.247338
1496,14330,1,1,0.247338
7473,8990,1,1,0.247338
1477,13387,1,1,0.247338
14679,14828,1,1,0.247338
14334,17083,1,1,0.247338
9497,25908,1,1,0.247338
14635,14814,1,1,0.247338
8866,14766,1,1,0.247338
27392,29471,1,1,0.247338
14814,14828,1,1,0.247338
7278,15837,1,1,0.247338
1870,8990,1,1,0.247338
11634,17881,1,1,0.247338
1870,7473,1,1,0.247338
4777,7136,1,1,0.247338
21713,23784,1,1,0.247338
2363,17065,1,1,0.247338
1186,10401,1,1,0.247338
28094,31393,1,1,0.247338
14766,19924,1,1,0.247338
1589,8320,1,1,0.247338
10662,12056,1,1,0.246279
9496,20077,1,1,0.246279
5379,6244,1,1,0.246279
11441,12056,1,1,0.246279
5283,5781,1,1,0.246279
5781,9972,1,1,0.246279
9496,13594,1,1,0.246279
5630,16418,1,1,0.246279
5781,8147,1,1,0.246279
7230,20949,1,1,0.246279
2679,10419,1,1,0.246279
18885,22064,1,1,0.246279
5265,14180,1,1,0.246279
3764,15756,1,1,0.246279
253,567,1,1,0.246279
4240,9265,1,1,0.246279
23682,24266,1,1,0.246279
7230,9496,1,1,0.246279
18802,24266,1,1,0.246279
575,9689,1,1,0.246279
18802,23682,1,1,0.246279
521,897,1,1,0.246279
7230,20077,1,1,0.246279
5265,11127,1,1,0.246279
14802,15777,1,1,0.246279
27403,28057,1,1,0.246279
365,14180,1,1,0.246279
365,11127,1,1,0.246279
365,5265,1,1,0.246279
3387,3854,1,1,0.246279
7230,13594,1,1,0.246279
12393,15756,1,1,0.246279
13925,14449,1,1,0.246279
4422,11337,1,1,0.246279
7302,9687,1,1,0.246279
13594,20949,1,1,0.246279
7302,9974,1,1,0.246279
6356,14127,1,1,0.246279
20077,20949,1,1,0.246279
9003,17902,1,1,0.246279
9003,24449,1,1,0.246279
1117,13343,1,1,0.246279
17553,25472,1,1,0.246279
17902,24449,1,1,0.246279
17742,30628,1,1,0.246279
11400,21315,1,1,0.246279
4422,10202,1,1,0.246279
10047,10202,1,1,0.246279
6356,11250,1,1,0.246279
10202,11337,1,1,0.246279
1374,12849,1,1,0.246279
9687,11234,1,1,0.246279
9501,16078,1,1,0.246279
5630,9687,1,1,0.246279
15874,17311,1,1,0.246279
6356,9497,1,1,0.246279
7208,9501,1,1,0.246279
7208,9687,1,1,0.246279
20794,21078,1,1,0.246279
21078,23584,1,1,0.246279
8396,15788,1,1,0.246279
3346,6168,1,1,0.246279
9687,16418,1,1,0.246279
7302,9501,1,1,0.246279
13594,20077,1,1,0.246279
10084,16914,1,1,0.246279
9501,12398,1,1,0.246279
1818,3346,1,1,0.246279
581,8590,1,1,0.246279
15018,16185,1,1,0.246279
7776,10047,1,1,0.246279
9687,15785,1,1,0.246279
9497,11337,1,1,0.246279
8316,15785,1,1,0.246279
11250,20262,1,1,0.246279
10311,20262,1,1,0.246279
8837,17575,1,1,0.246279
10311,11250,1,1,0.246279
1818,9687,1,1,0.246279
3346,12398,1,1,0.246279
4787,9130,1,1,0.246279
1043,2033,1,1,0.246279
10047,12398,1,1,0.246279
9496,20949,1,1,0.246279
3346,12419,1,1,0.246279
8316,9501,1,1,0.246279
11250,14127,1,1,0.246279
1818,10047,1,1,0.246279
381,2511,1,1,0.245246
6634,8990,1,1,0.245246
8868,14521,1,1,0.245246
20591,21622,1,1,0.245246
7314,8990,1,1,0.245246
11644,16414,1,1,0.245246
15713,22179,1,1,0.245246
6634,7314,1,1,0.245246
14091,14261,1,1,0.245246
1608,9790,1,1,0.245246
1014,23014,1,1,0.245246
13494,18378,1,1,0.245246
3657,7722,1,1,0.245246
5167,11336,1,1,0.245246
95,6747,1,1,0.245246
2955,6755,1,1,0.245246
11286,21561,1,1,0.245246
4422,13597,1,1,0.245246
3954,23831,1,1,0.245246
9541,19035,1,1,0.245246
3170,11388,1,1,0.245246
7142,18504,1,1,0.245246
25908,26273,1,1,0.245246
25908,27174,1,1,0.245246
3285,11999,1,1,0.245246
9335,26026,1,1,0.245246
9146,26026,1,1,0.245246
1299,8147,1,1,0.244239
1299,8204,1,1,0.244239
3312,23390,1,1,0.244239
16925,18016,1,1,0.244239
459,3976,1,1,0.244239
11827,18414,1,1,0.244239
1546,8593,1,1,0.244239
8147,8204,1,1,0.244239
8690,11817,1,1,0.244239
7668,8204,1,1,0.244239
8233,12748,1,1,0.244239
17767,23752,1,1,0.244239
1299,7668,1,1,0.244239
1013,5623,1,1,0.244239
3949,5159,1,1,0.244239
402,8499,1,1,0.244239
3703,14828,1,1,0.244239
3465,5524,1,1,0.244239
7130,8817,1,1,0.244239
10171,19128,1,1,0.244239
694,13046,1,1,0.244239
2288,3551,1,1,0.244239
14983,24834,1,1,0.244239
2767,7140,1,1,0.244239
4975,5355,1,1,0.244239
8084,19128,1,1,0.244239
2033,10442,1,1,0.244239
10263,14723,1,1,0.244239
8084,10171,1,1,0.244239
2767,14270,1,1,0.244239
3147,8817,1,1,0.244239
3842,5478,1,1,0.244239
2380,15635,1,1,0.244239
3147,7130,1,1,0.244239
699,13046,1,1,0.244239
2511,7682,1,1,0.244239
1693,8537,1,1,0.244239
9343,9487,1,1,0.243257
11234,16418,1,1,0.243257
16374,17626,1,1,0.243257
9687,11805,1,1,0.243257
20517,25646,1,1,0.243257
11234,22563,1,1,0.243257
16418,22563,1,1,0.243257
11234,22684,1,1,0.243257
9687,23971,1,1,0.243257
685,2369,1,1,0.243257
1818,9899,1,1,0.243257
3346,10011,1,1,0.243257
7372,19049,1,1,0.243257
6356,9501,1,1,0.243257
9501,11805,1,1,0.243257
5402,9687,1,1,0.243257
5483,10356,1,1,0.243257
4422,9497,1,1,0.243257
15874,16418,1,1,0.243257
4422,9687,1,1,0.243257
108,2511,1,1,0.243257
3346,9779,1,1,0.243257
10047,11250,1,1,0.243257
1046,1173,1,1,0.243257
9899,12398,1,1,0.243257
9501,11938,1,1,0.243257
1761,10047,1,1,0.243257
1761,15874,1,1,0.243257
11805,12398,1,1,0.243257
10047,15874,1,1,0.243257
685,4861,1,1,0.243257
685,3073,1,1,0.243257
25998,25999,1,1,0.243257
2369,13907,1,1,0.243257
16464,22621,1,1,0.243257
9895,16670,1,1,0.243257
3073,13907,1,1,0.243257
4861,13907,1,1,0.243257
7140,13907,1,1,0.243257
25999,26000,1,1,0.243257
9687,9779,1,1,0.243257
7302,8476,1,1,0.243257
9687,10011,1,1,0.243257
17812,26971,1,1,0.243257
6351,16418,1,1,0.243257
4471,6356,1,1,0.243257
4471,27537,1,1,0.243257
6356,27537,1,1,0.243257
9899,12419,1,1,0.243257
14061,22215,1,1,0.243257
6356,11805,1,1,0.243257
9621,14380,1,1,0.243257
2402,17421,1,1,0.243257
18698,25042,1,1,0.243257
7208,8476,1,1,0.243257
8644,10754,1,1,0.243257
685,7140,1,1,0.243257
8012,10449,1,1,0.243257
2314,11336,1,1,0.243257
16418,22684,1,1,0.243257
18861,27383,1,1,0.242299
18861,24033,1,1,0.242299
15859,21416,1,1,0.242299
7326,7794,1,1,0.242299
13376,18861,1,1,0.242299
3459,6457,1,1,0.242299
15549,17689,1,1,0.242299
3024,5277,1,1,0.242299
8471,20576,1,1,0.242299
5213,18770,1,1,0.242299
4768,15990,1,1,0.242299
13034,17738,1,1,0.241363
17738,18018,1,1,0.241363
12615,18018,1,1,0.241363
12615,17738,1,1,0.241363
13034,18018,1,1,0.241363
7089,19724,1,1,0.241363
17990,20531,1,1,0.241363
1246,27884,1,1,0.241363
16467,20510,1,1,0.241363
1246,28338,1,1,0.241363
8713,20531,1,1,0.241363
7089,16467,1,1,0.241363
12794,17761,1,1,0.241363
15459,18703,1,1,0.241363
2061,18703,1,1,0.241363
2061,15459,1,1,0.241363
1332,17761,1,1,0.241363
15275,18018,1,1,0.241363
10570,10999,1,1,0.241363
1672,13003,1,1,0.241363
10224,12615,1,1,0.241363
4787,9331,1,1,0.241363
1704,9331,1,1,0.241363
10263,10333,1,1,0.241363
10224,13034,1,1,0.241363
17684,20531,1,1,0.241363
1332,12794,1,1,0.241363
8644,9399,1,1,0.241363
5324,9399,1,1,0.241363
1160,15875,1,1,0.241363
2714,9812,1,1,0.241363
5305,7296,1,1,0.241363
451,4228,1,1,0.241363
10224,17738,1,1,0.241363
19724,20510,1,1,0.241363
5242,18935,1,1,0.241363
16467,19724,1,1,0.241363
643,6457,1,1,0.241363
17989,20531,1,1,0.241363
7089,20510,1,1,0.241363
12615,13034,1,1,0.241363
9929,10162,1,1,0.241363
2772,14521,1,1,0.241363
11234,19348,1,1,0.241363
27778,28426,1,1,0.241363
9929,14673,1,1,0.241363
4833,6214,1,1,0.241363
8713,17684,1,1,0.241363
8713,17989,1,1,0.241363
8713,17990,1,1,0.241363
2729,16902,1,1,0.241363
27884,28338,1,1,0.241363
1509,1525,1,1,0.240449
1173,24950,1,1,0.240449
388,16919,1,1,0.240449
2914,5755,1,1,0.240449
21002,22286,1,1,0.240449
10034,29591,1,1,0.240449
3035,7186,1,1,0.240449
581,5781,1,1,0.240449
2104,14151,1,1,0.240449
25593,29772,1,1,0.240449
8705,11917,1,1,0.240449
6676,8287,1,1,0.240449
2756,2823,1,1,0.240449
2801,10727,1,1,0.240449
17604,29287,1,1,0.240449
22,7200,1,1,0.240449
1435,7336,1,1,0.240449
17892,19462,1,1,0.240449
1043,2012,1,1,0.240449
7066,14070,1,1,0.240449
16979,27174,1,1,0.240449
4854,11349,1,1,0.240449
4783,8312,1,1,0.240449
17563,25616,1,1,0.240449
4876,7534,1,1,0.240449
1376,2988,1,1,0.240449
26126,26952,1,1,0.240449
879,21409,1,1,0.240449
10828,26952,1,1,0.240449
27524,27525,1,1,0.240449
1249,3706,1,1,0.240449
6091,14270,1,1,0.240449
26100,26952,1,1,0.240449
2761,7534,1,1,0.240449
8147,8452,1,1,0.239556
3557,18234,1,1,0.239556
13170,15560,1,1,0.239556
12186,24934,1,1,0.239556
7468,11917,1,1,0.239556
7109,12142,1,1,0.239556
6157,7516,1,1,0.239556
27551,28888,1,1,0.239556
1735,7722,1,1,0.239556
2122,5103,1,1,0.239556
18802,20313,1,1,0.239556
22274,22855,1,1,0.239556
4091,12660,1,1,0.238683
13362,15702,1,1,0.238683
13362,14787,1,1,0.238683
8820,14787,1,1,0.238683
8820,13362,1,1,0.238683
54,21104,1,1,0.238683
2033,2343,1,1,0.238683
23893,24587,1,1,0.238683
1589,20725,1,1,0.238683
28781,29273,1,1,0.238683
18507,19170,1,1,0.238683
18507,19324,1,1,0.238683
4938,14776,1,1,0.238683
2840,22163,1,1,0.238683
13738,19191,1,1,0.238683
9934,18120,1,1,0.238683
4627,6261,1,1,0.238683
18119,18120,1,1,0.238683
12878,22274,1,1,0.238683
11234,12878,1,1,0.238683
2140,4770,1,1,0.238683
8705,14393,1,1,0.238683
1693,6125,1,1,0.238683
7162,17156,1,1,0.238683
668,16587,1,1,0.238683
2381,7162,1,1,0.238683
10163,11567,1,1,0.238683
2834,15327,1,1,0.238683
3400,3783,1,1,0.238683
2381,4884,1,1,0.238683
9934,18119,1,1,0.238683
5241,8705,1,1,0.238683
8820,15702,1,1,0.238683
12298,18205,1,1,0.238683
2359,10156,1,1,0.238683
7986,19653,1,1,0.238683
23570,29688,1,1,0.238683
1463,3563,1,1,0.238683
2979,17575,1,1,0.238683
6124,23017,1,1,0.238683
14766,15596,1,1,0.238683
353,1467,1,1,0.238683
992,7109,1,1,0.238683
4752,8705,1,1,0.238683
353,3091,1,1,0.238683
3417,5316,1,1,0.238683
25080,29688,1,1,0.238683
10850,21114,1,1,0.23783
3957,21920,1,1,0.23783
3957,24622,1,1,0.23783
3957,25014,1,1,0.23783
5667,9074,1,1,0.23783
7488,8316,1,1,0.23783
13813,17412,1,1,0.23783
5667,12629,1,1,0.23783
11055,17412,1,1,0.23783
11055,17064,1,1,0.23783
3957,12629,1,1,0.23783
11055,13813,1,1,0.23783
6604,17412,1,1,0.23783
6604,17064,1,1,0.23783
6604,13813,1,1,0.23783
6604,11055,1,1,0.23783
6458,17412,1,1,0.23783
6458,17064,1,1,0.23783
6458,13813,1,1,0.23783
3957,9074,1,1,0.23783
13813,17064,1,1,0.23783
2075,3874,1,1,0.23783
5667,21920,1,1,0.23783
9074,25014,1,1,0.23783
10678,14002,1,1,0.23783
10678,14000,1,1,0.23783
14766,20044,1,1,0.23783
21920,25014,1,1,0.23783
2379,19186,1,1,0.23783
11174,19487,1,1,0.23783
1004,6579,1,1,0.23783
21920,24622,1,1,0.23783
1591,11570,1,1,0.23783
12629,21920,1,1,0.23783
11336,20044,1,1,0.23783
3375,13117,1,1,0.23783
6458,11055,1,1,0.23783
11672,12092,1,1,0.23783
9074,24622,1,1,0.23783
5188,5212,1,1,0.23783
3375,11336,1,1,0.23783
227,13117,1,1,0.23783
227,11336,1,1,0.23783
2874,6958,1,1,0.23783
9074,21920,1,1,0.23783
9074,12629,1,1,0.23783
5667,25014,1,1,0.23783
5667,24622,1,1,0.23783
3957,5667,1,1,0.23783
6457,6604,1,1,0.23783
6458,6604,1,1,0.23783
1374,13652,1,1,0.23783
13652,22491,1,1,0.23783
1374,22491,1,1,0.23783
1148,1959,1,1,0.23783
1148,5273,1,1,0.23783
8594,18573,1,1,0.23783
8583,16539,1,1,0.23783
1148,11250,1,1,0.23783
1959,11250,1,1,0.23783
5273,11250,1,1,0.23783
14197,15810,1,1,0.23783
8027,13472,1,1,0.23783
23726,24122,1,1,0.23783
5145,22806,1,1,0.23783
23630,24122,1,1,0.23783
5145,7447,1,1,0.23783
5145,7400,1,1,0.23783
12125,13472,1,1,0.23783
1056,4650,1,1,0.23783
2558,10659,1,1,0.23783
8775,13401,1,1,0.23783
1056,13401,1,1,0.23783
3465,5296,1,1,0.23783
1055,8775,1,1,0.23783
1056,8775,1,1,0.23783
8027,12125,1,1,0.23783
2889,8121,1,1,0.23783
6457,13813,1,1,0.23783
29822,30180,1,1,0.23783
6457,11055,1,1,0.23783
1055,13401,1,1,0.23783
2165,21471,1,1,0.23783
1105,3535,1,1,0.23783
967,3535,1,1,0.23783
12152,13170,1,1,0.23783
650,5541,1,1,0.23783
23512,23513,1,1,0.23783
6719,18909,1,1,0.23783
30968,31063,1,1,0.23783
1602,18909,1,1,0.23783
22215,29241,1,1,0.23783
7400,22806,1,1,0.23783
16082,17074,1,1,0.23783
15810,19124,1,1,0.23783
1602,6719,1,1,0.23783
5755,8027,1,1,0.23783
13374,19124,1,1,0.23783
13374,15810,1,1,0.23783
779,4106,1,1,0.23783
5755,12125,1,1,0.23783
13627,19650,1,1,0.23783
5755,13472,1,1,0.23783
7447,22806,1,1,0.23783
1650,7539,1,1,0.23783
13117,20044,1,1,0.23783
11693,16931,1,1,0.23783
5187,5275,1,1,0.23783
9790,11857,1,1,0.23783
18412,26633,1,1,0.23783
18412,26625,1,1,0.23783
7681,9916,1,1,0.23783
3954,15046,1,1,0.23783
33,180,1,1,0.23783
33,8606,1,1,0.23783
3783,5985,1,1,0.23783
1173,23445,1,1,0.23783
694,30145,1,1,0.23783
26953,26973,1,1,0.23783
12710,13051,1,1,0.23783
7200,15046,1,1,0.23783
1186,3456,1,1,0.23783
1028,3776,1,1,0.23783
1241,3776,1,1,0.23783
9350,13927,1,1,0.236994
5734,9508,1,1,0.236994
6458,19819,1,1,0.236994
3825,9331,1,1,0.236994
4244,10565,1,1,0.236994
16670,23644,1,1,0.236994
6458,9895,1,1,0.236994
8990,13813,1,1,0.236994
733,1386,1,1,0.236994
220,1223,1,1,0.236994
17845,24878,1,1,0.236994
13494,17085,1,1,0.236994
9431,13472,1,1,0.236994
15046,16511,1,1,0.236994
3817,5734,1,1,0.236994
9066,14650,1,1,0.236994
5734,17719,1,1,0.236994
2755,16444,1,1,0.236994
11286,23282,1,1,0.236994
75,18989,1,1,0.236994
6604,9895,1,1,0.236994
13813,17104,1,1,0.236994
6898,18989,1,1,0.236994
15481,19494,1,1,0.236994
5123,14607,1,1,0.236994
6270,10386,1,1,0.236994
301,10240,1,1,0.236994
6898,8593,1,1,0.236994
5708,18989,1,1,0.236994
7561,10240,1,1,0.236994
7576,10240,1,1,0.236994
5708,8593,1,1,0.236994
5708,6898,1,1,0.236994
10004,14963,1,1,0.236994
20785,23438,1,1,0.236994
837,3535,1,1,0.236994
20617,22274,1,1,0.236994
75,6898,1,1,0.236994
8593,8612,1,1,0.236994
11234,20617,1,1,0.236994
1546,11234,1,1,0.236994
13813,22816,1,1,0.236994
13813,22841,1,1,0.236994
17104,22816,1,1,0.236994
75,5708,1,1,0.236994
17104,22841,1,1,0.236994
2085,9668,1,1,0.236994
7959,29337,1,1,0.236994
9895,19819,1,1,0.236994
14963,15199,1,1,0.236994
6844,23107,1,1,0.236994
9223,20576,1,1,0.236994
8593,18989,1,1,0.236994
5794,8734,1,1,0.236994
619,12120,1,1,0.236994
619,14330,1,1,0.236994
12120,14330,1,1,0.236994
21265,24664,1,1,0.236994
15426,15509,1,1,0.236994
10233,20116,1,1,0.236994
10471,20116,1,1,0.236994
2560,8734,1,1,0.236994
3600,9037,1,1,0.236994
12551,16230,1,1,0.236994
8734,16677,1,1,0.236994
2709,13494,1,1,0.236994
16677,19000,1,1,0.236994
16677,19252,1,1,0.236994
3535,13381,1,1,0.236994
601,3063,1,1,0.236994
11250,21961,1,1,0.236177
611,12108,1,1,0.236177
611,2767,1,1,0.236177
611,1299,1,1,0.236177
14061,24934,1,1,0.236177
26621,30604,1,1,0.236177
21767,22699,1,1,0.236177
361,3285,1,1,0.236177
2431,8178,1,1,0.236177
3645,4142,1,1,0.236177
7563,8450,1,1,0.236177
361,8990,1,1,0.236177
1091,24950,1,1,0.236177
1299,2767,1,1,0.236177
1677,8178,1,1,0.236177
3645,11774,1,1,0.236177
3645,3954,1,1,0.236177
3491,6775,1,1,0.236177
6865,7778,1,1,0.236177
3280,3645,1,1,0.236177
3491,4142,1,1,0.236177
108,11907,1,1,0.236177
2288,3280,1,1,0.236177
7405,10793,1,1,0.236177
2288,7266,1,1,0.236177
3491,7266,1,1,0.236177
7405,12693,1,1,0.236177
8619,26211,1,1,0.236177
11827,12244,1,1,0.236177
4386,5438,1,1,0.236177
2767,12108,1,1,0.236177
1299,12108,1,1,0.236177
10242,21961,1,1,0.236177
10242,11250,1,1,0.236177
3954,11774,1,1,0.236177
2249,11907,1,1,0.236177
1677,2431,1,1,0.236177
6127,7266,1,1,0.236177
6127,6775,1,1,0.236177
4142,7266,1,1,0.236177
11320,11907,1,1,0.236177
8990,10171,1,1,0.236177
867,10793,1,1,0.236177
4142,6127,1,1,0.236177
5147,22264,1,1,0.236177
18378,26906,1,1,0.236177
3645,6775,1,1,0.236177
2798,3652,1,1,0.236177
12690,25434,1,1,0.236177
11677,11907,1,1,0.236177
257,14667,1,1,0.236177
3645,7266,1,1,0.236177
14547,14667,1,1,0.236177
2288,4502,1,1,0.236177
2288,2565,1,1,0.236177
17948,23846,1,1,0.236177
2288,3491,1,1,0.236177
9687,21961,1,1,0.236177
9687,10242,1,1,0.236177
9497,21961,1,1,0.236177
9497,10242,1,1,0.236177
10263,22168,1,1,0.236177
10263,11217,1,1,0.236177
10793,12693,1,1,0.236177
2288,6775,1,1,0.236177
2288,6127,1,1,0.236177
2288,4142,1,1,0.236177
6775,7266,1,1,0.236177
9037,13651,1,1,0.236177
2565,4502,1,1,0.236177
3527,3535,1,1,0.236177
14002,25142,1,1,0.236177
31590,31591,1,1,0.235377
6756,13734,1,1,0.235377
15478,23017,1,1,0.235377
108,6792,1,1,0.235377
11325,15635,1,1,0.235377
10671,12953,1,1,0.235377
5245,9487,1,1,0.235377
3553,14858,1,1,0.235377
11174,15861,1,1,0.235377
5637,9453,1,1,0.235377
9198,25975,1,1,0.235377
2788,6756,1,1,0.235377
4159,7369,1,1,0.235377
852,14247,1,1,0.235377
4601,9198,1,1,0.235377
4410,27535,1,1,0.235377
25522,26233,1,1,0.235377
2033,3753,1,1,0.235377
5137,14820,1,1,0.235377
2019,11720,1,1,0.235377
6339,6637,1,1,0.235377
27973,29242,1,1,0.235377
2019,3674,1,1,0.235377
4601,25975,1,1,0.235377
18342,23831,1,1,0.235377
8769,20531,1,1,0.235377
353,10804,1,1,0.235377
13112,18516,1,1,0.235377
852,6850,1,1,0.235377
16778,22715,1,1,0.235377
16778,23696,1,1,0.235377
10429,20019,1,1,0.235377
3459,23719,1,1,0.235377
6850,14247,1,1,0.235377
6514,6984,1,1,0.234594
2214,6787,1,1,0.234594
8537,17277,1,1,0.234594
18698,23124,1,1,0.234594
3346,19823,1,1,0.234594
459,5781,1,1,0.234594
26176,27680,1,1,0.234594
3725,11142,1,1,0.234594
2960,6647,1,1,0.234594
652,8351,1,1,0.234594
8206,12257,1,1,0.234594
26176,28813,1,1,0.234594
19746,20714,1,1,0.234594
26176,28582,1,1,0.234594
12823,12829,1,1,0.234594
3179,11142,1,1,0.234594
7110,11754,1,1,0.233827
3563,5509,1,1,0.233827
1273,5509,1,1,0.233827
1273,15686,1,1,0.233827
1273,10150,1,1,0.233827
1273,3563,1,1,0.233827
11041,12884,1,1,0.233827
1004,15686,1,1,0.233827
1366,7110,1,1,0.233827
1004,10150,1,1,0.233827
1004,1273,1,1,0.233827
2439,4936,1,1,0.233827
8488,14403,1,1,0.233827
1004,5509,1,1,0.233827
1004,3563,1,1,0.233827
4374,9264,1,1,0.233827
28172,31296,1,1,0.233827
12632,17242,1,1,0.233827
5509,15686,1,1,0.233827
19260,25350,1,1,0.233827
10150,15686,1,1,0.233827
15022,20823,1,1,0.233827
614,9693,1,1,0.233827
13963,28141,1,1,0.233827
17762,28141,1,1,0.233827
3563,15686,1,1,0.233827
3563,10150,1,1,0.233827
6771,16339,1,1,0.233827
1366,11754,1,1,0.233827
423,1372,1,1,0.233827
8771,27051,1,1,0.233827
25833,27708,1,1,0.233827
11234,12346,1,1,0.233827
11234,15785,1,1,0.233827
504,11905,1,1,0.233827
5509,10150,1,1,0.233827
270,3535,1,1,0.233075
579,5275,1,1,0.233075
3535,4502,1,1,0.233075
27669,28282,1,1,0.233075
5159,9033,1,1,0.233075
270,6457,1,1,0.233075
8191,11046,1,1,0.233075
1105,8868,1,1,0.233075
200,9895,1,1,0.233075
12010,17064,1,1,0.233075
11336,13813,1,1,0.233075
13117,13813,1,1,0.233075
8191,15290,1,1,0.233075
8191,16874,1,1,0.233075
21328,24507,1,1,0.233075
12010,19071,1,1,0.233075
12155,13813,1,1,0.233075
4252,13813,1,1,0.233075
1173,4252,1,1,0.233075
15293,16778,1,1,0.233075
2596,27060,1,1,0.233075
555,10097,1,1,0.233075
9845,10999,1,1,0.233075
14430,27390,1,1,0.233075
3365,17930,1,1,0.233075
12423,15570,1,1,0.233075
11630,13159,1,1,0.233075
4861,12849,1,1,0.233075
459,742,1,1,0.233075
993,8593,1,1,0.233075
3365,17104,1,1,0.233075
2024,13824,1,1,0.233075
13824,27390,1,1,0.233075
236,4614,1,1,0.233075
13824,14430,1,1,0.233075
2024,14430,1,1,0.233075
3830,8593,1,1,0.233075
3073,12849,1,1,0.233075
17104,17930,1,1,0.233075
3073,16637,1,1,0.233075
5097,9161,1,1,0.233075
18117,20968,1,1,0.233075
555,22507,1,1,0.233075
555,23741,1,1,0.233075
9066,11996,1,1,0.233075
555,2773,1,1,0.233075
3214,18658,1,1,0.233075
10097,13959,1,1,0.233075
1592,14829,1,1,0.232338
7110,7348,1,1,0.232338
1366,19462,1,1,0.232338
2355,7290,1,1,0.232338
1366,21698,1,1,0.232338
7140,18345,1,1,0.232338
19462,21698,1,1,0.232338
13015,16407,1,1,0.232338
13591,18030,1,1,0.232338
2834,5535,1,1,0.232338
7140,17930,1,1,0.232338
1376,13591,1,1,0.232338
16196,17125,1,1,0.232338
7681,16637,1,1,0.231616
7681,12849,1,1,0.231616
2134,6697,1,1,0.231616
4392,18082,1,1,0.231616
14847,14907,1,1,0.231616
7038,11920,1,1,0.231616
13922,13925,1,1,0.231616
786,17085,1,1,0.231616
1069,5995,1,1,0.231616
1688,3954,1,1,0.231616
2345,11336,1,1,0.231616
5422,13117,1,1,0.231616
16361,17401,1,1,0.231616
7722,12816,1,1,0.231616
75,2584,1,1,0.231616
6349,6672,1,1,0.231616
96,987,1,1,0.231616
14578,16816,1,1,0.231616
1740,14463,1,1,0.231616
10432,17646,1,1,0.231616
1920,5282,1,1,0.231616
12042,28807,1,1,0.231616
992,5781,1,1,0.231616
992,13034,1,1,0.231616
3900,14582,1,1,0.231616
716,983,1,1,0.231616
85,7058,1,1,0.231616
5781,13034,1,1,0.231616
16232,17401,1,1,0.231616
10748,17697,1,1,0.231616
20201,20778,1,1,0.231616
16576,16581,1,1,0.231616
4986,17085,1,1,0.231616
2134,4386,1,1,0.231616
4386,5969,1,1,0.231616
2033,3097,1,1,0.231616
2584,8593,1,1,0.231616
5445,10642,1,1,0.230908
5445,14387,1,1,0.230908
6275,12756,1,1,0.230908
3320,7535,1,1,0.230908
7184,9223,1,1,0.230908
18378,20387,1,1,0.230908
4837,18378,1,1,0.230908
2813,6901,1,1,0.230908
7535,21347,1,1,0.230908
5766,13494,1,1,0.230908
568,11441,1,1,0.230908
29627,31425,1,1,0.230908
9506,19947,1,1,0.230908
5400,11920,1,1,0.230908
2077,18551,1,1,0.230908
4870,14337,1,1,0.230908
11684,11996,1,1,0.230908
2369,15576,1,1,0.230908
9591,11591,1,1,0.230908
26136,26504,1,1,0.230908
5320,7797,1,1,0.230908
891,11339,1,1,0.230908
26266,26678,1,1,0.230908
3864,6131,1,1,0.230908
8600,25908,1,1,0.230908
6965,19255,1,1,0.230908
29491,29877,1,1,0.230908
720,1956,1,1,0.230908
2288,15378,1,1,0.230213
2511,14809,1,1,0.230213
3811,21897,1,1,0.230213
4535,8756,1,1,0.230213
27977,29130,1,1,0.230213
4291,12840,1,1,0.230213
24956,25126,1,1,0.230213
16262,24705,1,1,0.230213
2511,18963,1,1,0.230213
2511,11949,1,1,0.230213
5144,13494,1,1,0.230213
27802,30587,1,1,0.230213
16919,23891,1,1,0.230213
1657,7400,1,1,0.230213
17317,20886,1,1,0.230213
5118,5302,1,1,0.230213
1184,10249,1,1,0.230213
5754,15895,1,1,0.230213
1184,12629,1,1,0.230213
11393,21904,1,1,0.230213
3435,6604,1,1,0.230213
918,8906,1,1,0.230213
1463,5362,1,1,0.230213
1463,10249,1,1,0.230213
1184,5362,1,1,0.230213
554,14463,1,1,0.230213
554,12629,1,1,0.230213
1463,14463,1,1,0.230213
5362,10249,1,1,0.230213
554,10249,1,1,0.230213
554,5362,1,1,0.230213
10249,12629,1,1,0.230213
1195,20116,1,1,0.230213
5968,15514,1,1,0.230213
12629,14463,1,1,0.230213
10249,14463,1,1,0.230213
5362,12629,1,1,0.230213
22374,25080,1,1,0.229531
2033,3798,1,1,0.229531
3726,25080,1,1,0.229531
8705,12125,1,1,0.229531
11792,23728,1,1,0.229531
15018,23728,1,1,0.229531
5894,24754,1,1,0.228862
1461,20672,1,1,0.228862
612,1173,1,1,0.228862
26420,26934,1,1,0.228862
3306,5625,1,1,0.228862
23082,23672,1,1,0.228862
23891,24754,1,1,0.228862
5772,18388,1,1,0.228862
10494,19801,1,1,0.228862
1177,5064,1,1,0.228862
825,2889,1,1,0.228862
2894,9602,1,1,0.228862
1005,4504,1,1,0.228862
1491,9693,1,1,0.228862
20253,30057,1,1,0.228862
1005,1491,1,1,0.228862
1634,2511,1,1,0.228862
5064,5630,1,1,0.228862
8962,14473,1,1,0.228862
9398,14766,1,1,0.228862
6422,8773,1,1,0.228862
108,14607,1,1,0.228862
4502,7681,1,1,0.228862
1177,5630,1,1,0.228862
26398,30057,1,1,0.228862
1463,4797,1,1,0.228862
5630,12162,1,1,0.228862
2332,23741,1,1,0.228862
402,11523,1,1,0.228862
1261,12346,1,1,0.228862
1261,4797,1,1,0.228862
203,1177,1,1,0.228862
4504,9693,1,1,0.228862
4253,11863,1,1,0.228205
4253,11473,1,1,0.228205
5899,24797,1,1,0.228205
17317,25850,1,1,0.228205
1430,20083,1,1,0.228205
16295,25850,1,1,0.228205
4567,7838,1,1,0.228205
7545,25850,1,1,0.228205
5899,15770,1,1,0.228205
2369,5977,1,1,0.228205
16295,17317,1,1,0.228205
4253,18274,1,1,0.228205
4253,16693,1,1,0.228205
5899,29449,1,1,0.228205
5899,30298,1,1,0.228205
240,7707,1,1,0.228205
7545,17317,1,1,0.228205
955,4567,1,1,0.228205
3183,22560,1,1,0.228205
955,8574,1,1,0.228205
4567,6794,1,1,0.228205
14593,24797,1,1,0.228205
14593,15770,1,1,0.228205
24797,30298,1,1,0.228205
942,11792,1,1,0.228205
878,7545,1,1,0.228205
878,16295,1,1,0.228205
24797,29449,1,1,0.228205
15770,24797,1,1,0.228205
878,17317,1,1,0.228205
878,25850,1,1,0.228205
7545,16295,1,1,0.228205
1430,20562,1,1,0.228205
4567,9770,1,1,0.228205
14593,30298,1,1,0.228205
5968,28751,1,1,0.228205
4345,5621,1,1,0.228205
19,20446,1,1,0.228205
27023,28581,1,1,0.228205
5969,28581,1,1,0.228205
7097,25257,1,1,0.228205
11030,20562,1,1,0.228205
5899,14593,1,1,0.228205
19,20946,1,1,0.228205
11863,16693,1,1,0.228205
28751,31457,1,1,0.228205
5968,31457,1,1,0.228205
14593,29449,1,1,0.228205
11473,18274,1,1,0.228205
11863,18274,1,1,0.228205
5362,6514,1,1,0.228205
13963,31439,1,1,0.228205
6638,13963,1,1,0.228205
11234,23091,1,1,0.228205
6638,31439,1,1,0.228205
20446,20946,1,1,0.228205
11473,11863,1,1,0.228205
3831,6405,1,1,0.228205
3831,30399,1,1,0.228205
11473,16693,1,1,0.228205
20083,20562,1,1,0.228205
16232,16661,1,1,0.22756
1592,21980,1,1,0.22756
10419,13440,1,1,0.22756
1073,17814,1,1,0.22756
5715,16232,1,1,0.22756
200,4196,1,1,0.22756
5715,16661,1,1,0.22756
14766,16464,1,1,0.22756
13963,25439,1,1,0.22756
10419,16361,1,1,0.22756
1073,15260,1,1,0.22756
1073,7792,1,1,0.22756
8380,13984,1,1,0.22756
13963,14299,1,1,0.22756
1073,6395,1,1,0.22756
28550,31484,1,1,0.22756
6395,7792,1,1,0.22756
24513,27320,1,1,0.22756
1291,9474,1,1,0.22756
200,236,1,1,0.22756
6395,15260,1,1,0.22756
6,888,1,1,0.22756
2558,10224,1,1,0.22756
6395,17814,1,1,0.22756
11895,12096,1,1,0.22756
8806,8913,1,1,0.22756
2349,25219,1,1,0.22756
48,788,1,1,0.22756
48,877,1,1,0.22756
788,877,1,1,0.22756
229,3566,1,1,0.22756
604,789,1,1,0.22756
1439,23994,1,1,0.22756
28282,29629,1,1,0.22756
9211,16140,1,1,0.22756
10238,11325,1,1,0.22756
253,10238,1,1,0.22756
7792,17814,1,1,0.22756
1376,5662,1,1,0.22756
22425,28945,1,1,0.22756
15260,17814,1,1,0.22756
6713,15982,1,1,0.22756
2767,5123,1,1,0.226926
4365,23347,1,1,0.226926
2767,5159,1,1,0.226926
13494,20505,1,1,0.226926
15551,20176,1,1,0.226926
891,6881,1,1,0.226926
24047,24137,1,1,0.226926
26100,29026,1,1,0.226926
891,5666,1,1,0.226926
28488,31203,1,1,0.226926
1078,11037,1,1,0.226926
3706,3760,1,1,0.226926
2233,4884,1,1,0.226926
5087,18202,1,1,0.226926
13400,20220,1,1,0.226926
26756,28488,1,1,0.226926
26756,31203,1,1,0.226926
7137,14679,1,1,0.226926
7200,20044,1,1,0.226926
227,18202,1,1,0.226926
28140,28365,1,1,0.226926
7162,7696,1,1,0.226926
2301,6803,1,1,0.226926
59,2904,1,1,0.226926
59,16218,1,1,0.226926
2904,12554,1,1,0.226926
12554,16218,1,1,0.226926
2655,27768,1,1,0.226926
947,27011,1,1,0.226926
2904,16218,1,1,0.226926
8310,21165,1,1,0.226926
8310,24050,1,1,0.226926
227,5087,1,1,0.226926
7162,14307,1,1,0.226926
6720,7696,1,1,0.226304
5630,9886,1,1,0.226304
1167,20298,1,1,0.226304
20,12654,1,1,0.226304
4838,7696,1,1,0.226304
16432,20298,1,1,0.226304
5630,12409,1,1,0.226304
5630,11234,1,1,0.226304
5145,13050,1,1,0.226304
5630,18578,1,1,0.226304
28208,30749,1,1,0.226304
19,9508,1,1,0.226304
7696,8593,1,1,0.226304
4838,8593,1,1,0.226304
6720,8593,1,1,0.226304
18317,19518,1,1,0.226304
4838,6720,1,1,0.226304
30217,30527,1,1,0.226304
5630,25006,1,1,0.226304
166,934,1,1,0.226304
9886,25006,1,1,0.226304
359,2753,1,1,0.226304
5921,18345,1,1,0.226304
359,934,1,1,0.226304
166,4644,1,1,0.226304
166,4142,1,1,0.226304
166,2753,1,1,0.226304
9343,9654,1,1,0.226304
11950,19455,1,1,0.226304
2547,23214,1,1,0.226304
166,1105,1,1,0.226304
166,359,1,1,0.226304
5853,12690,1,1,0.226304
11234,12409,1,1,0.226304
11234,25006,1,1,0.226304
12409,25006,1,1,0.226304
713,8837,1,1,0.226304
22796,26062,1,1,0.226304
331,3669,1,1,0.226304
5704,13539,1,1,0.226304
1074,1849,1,1,0.226304
5247,8204,1,1,0.226304
1753,14090,1,1,0.226304
19925,20723,1,1,0.226304
9668,19662,1,1,0.226304
359,1105,1,1,0.226304
359,4644,1,1,0.226304
1105,4142,1,1,0.226304
20677,25596,1,1,0.226304
4220,23214,1,1,0.226304
11547,17261,1,1,0.226304
6063,15373,1,1,0.226304
934,2753,1,1,0.226304
4142,4644,1,1,0.226304
9886,11234,1,1,0.226304
2753,4644,1,1,0.226304
2753,4142,1,1,0.226304
1105,4644,1,1,0.226304
359,4142,1,1,0.226304
1105,2753,1,1,0.226304
27354,30458,1,1,0.226304
934,4142,1,1,0.226304
12026,15340,1,1,0.226304
1529,17861,1,1,0.226304
9886,12409,1,1,0.226304
8101,15658,1,1,0.226304
679,23984,1,1,0.226304
679,15625,1,1,0.226304
934,4644,1,1,0.226304
9972,24985,1,1,0.225692
8305,10218,1,1,0.225692
10886,12997,1,1,0.225692
17976,18168,1,1,0.225692
12383,20598,1,1,0.225692
2921,16078,1,1,0.225692
578,1585,1,1,0.225692
1585,7731,1,1,0.225692
9497,19301,1,1,0.225692
15237,15908,1,1,0.225692
1608,5178,1,1,0.225692
1291,3764,1,1,0.225692
1014,3764,1,1,0.225692
1585,8660,1,1,0.225692
21828,27900,1,1,0.225692
10727,19035,1,1,0.225692
1477,28613,1,1,0.225692
2525,8687,1,1,0.225692
467,4893,1,1,0.225692
15661,17359,1,1,0.225692
3989,8685,1,1,0.225692
154,6339,1,1,0.225692
331,6339,1,1,0.225692
5129,8377,1,1,0.225091
20073,27370,1,1,0.225091
22809,24828,1,1,0.225091
7488,27301,1,1,0.225091
1376,10157,1,1,0.225091
5570,5704,1,1,0.225091
1390,26159,1,1,0.225091
12849,13012,1,1,0.225091
9864,9874,1,1,0.2245
9571,10055,1,1,0.2245
9864,10055,1,1,0.2245
2681,9226,1,1,0.2245
9571,9874,1,1,0.2245
9874,10055,1,1,0.2245
3374,6131,1,1,0.2245
1591,2249,1,1,0.2245
8396,9874,1,1,0.2245
5502,19256,1,1,0.2245
2889,2995,1,1,0.2245
11312,14922,1,1,0.2245
3681,5005,1,1,0.2245
7555,7919,1,1,0.2245
2011,8865,1,1,0.2245
12790,13034,1,1,0.2245
20399,20582,1,1,0.2245
11820,13381,1,1,0.2245
11926,14332,1,1,0.2245
10662,13381,1,1,0.2245
17226,17228,1,1,0.2245
16754,17696,1,1,0.2245
15214,15878,1,1,0.2245
23759,27721,1,1,0.2245
5502,8865,1,1,0.2245
13510,14312,1,1,0.2245
1666,5713,1,1,0.2245
9751,15931,1,1,0.2245
9751,15546,1,1,0.2245
4350,15877,1,1,0.2245
8396,9571,1,1,0.2245
8396,9864,1,1,0.2245
6756,20444,1,1,0.2245
28343,30955,1,1,0.2245
14361,20307,1,1,0.2245
4723,19883,1,1,0.2245
852,12271,1,1,0.2245
12346,12409,1,1,0.223919
22661,22869,1,1,0.223919
20,11089,1,1,0.223919
5656,7140,1,1,0.223919
12856,22599,1,1,0.223919
2033,3640,1,1,0.223919
2033,5995,1,1,0.223919
3640,5995,1,1,0.223919
2365,9264,1,1,0.223919
9895,11800,1,1,0.223919
17849,28874,1,1,0.223919
22661,28874,1,1,0.223919
85,1688,1,1,0.223919
19340,23765,1,1,0.223919
22869,28874,1,1,0.223919
25395,27198,1,1,0.223919
166,236,1,1,0.223919
81,1591,1,1,0.223919
3525,3589,1,1,0.223919
3508,6127,1,1,0.223919
20,13044,1,1,0.223919
4159,9331,1,1,0.223919
17849,22869,1,1,0.223919
17849,22661,1,1,0.223919
4560,7581,1,1,0.223919
11089,13044,1,1,0.223919
17232,23107,1,1,0.223919
6744,16860,1,1,0.223919
3657,9955,1,1,0.223919
4787,5621,1,1,0.223919
257,15211,1,1,0.223347
3566,3665,1,1,0.223347
7338,11739,1,1,0.223347
10642,14063,1,1,0.223347
23295,24075,1,1,0.223347
227,12798,1,1,0.223347
7563,18463,1,1,0.223347
6457,18802,1,1,0.223347
6887,16441,1,1,0.223347
7563,10494,1,1,0.223347
402,9331,1,1,0.223347
77,6887,1,1,0.223347
6457,16790,1,1,0.223347
1630,3762,1,1,0.223347
3762,3909,1,1,0.223347
4539,18464,1,1,0.223347
14547,15211,1,1,0.223347
3376,18464,1,1,0.223347
2314,8990,1,1,0.223347
402,11596,1,1,0.223347
19479,22600,1,1,0.223347
3376,4539,1,1,0.223347
8990,23138,1,1,0.223347
3375,18464,1,1,0.223347
9940,24936,1,1,0.223347
20648,23682,1,1,0.223347
11041,23138,1,1,0.223347
8518,15618,1,1,0.223347
2379,4539,1,1,0.223347
7252,12056,1,1,0.223347
77,16441,1,1,0.223347
4199,6214,1,1,0.223347
16790,18802,1,1,0.223347
236,1583,1,1,0.223347
3798,7679,1,1,0.223347
7722,9847,1,1,0.223347
1775,3306,1,1,0.223347
25745,26745,1,1,0.223347
1361,1920,1,1,0.223347
2363,12956,1,1,0.223347
982,12128,1,1,0.222785
12172,20020,1,1,0.222785
11999,25549,1,1,0.222785
7469,27958,1,1,0.222785
2786,17085,1,1,0.222785
1842,4220,1,1,0.222785
13314,16732,1,1,0.222785
12172,17757,1,1,0.222785
11606,19376,1,1,0.222785
11987,26001,1,1,0.222785
16381,27317,1,1,0.222785
6059,6672,1,1,0.222785
25164,26364,1,1,0.222785
25925,26749,1,1,0.222785
77,12632,1,1,0.222785
9985,23850,1,1,0.222785
2798,25189,1,1,0.222785
8273,15756,1,1,0.222785
786,19915,1,1,0.222785
31478,31485,1,1,0.222785
2564,8623,1,1,0.222785
7902,8464,1,1,0.222785
12022,19376,1,1,0.222785
11606,12022,1,1,0.222785
10869,12128,1,1,0.222785
1811,9895,1,1,0.222785
1509,2065,1,1,0.222785
10918,12128,1,1,0.222785
24828,26502,1,1,0.222232
7351,8874,1,1,0.222232
1004,8950,1,1,0.222232
23361,25908,1,1,0.222232
1153,3640,1,1,0.222232
1376,24828,1,1,0.222232
17678,24834,1,1,0.222232
28086,29915,1,1,0.222232
12915,22313,1,1,0.222232
2662,15626,1,1,0.222232
4758,14280,1,1,0.222232
14963,18205,1,1,0.222232
26789,27440,1,1,0.222232
1236,16293,1,1,0.222232
3317,5527,1,1,0.222232
2653,30581,1,1,0.222232
8476,14166,1,1,0.222232
2197,2653,1,1,0.222232
4758,8874,1,1,0.222232
5390,9763,1,1,0.222232
1188,4758,1,1,0.222232
1491,10704,1,1,0.222232
5003,6694,1,1,0.222232
4758,7351,1,1,0.222232
5090,5336,1,1,0.222232
9033,9541,1,1,0.222232
1188,7351,1,1,0.222232
1693,13724,1,1,0.221687
12551,12735,1,1,0.221687
12363,13203,1,1,0.221687
12661,13801,1,1,0.221687
12551,12928,1,1,0.221687
12735,12928,1,1,0.221687
83,8945,1,1,0.221687
29450,29664,1,1,0.221687
6154,29789,1,1,0.221687
24842,25726,1,1,0.221687
1591,1920,1,1,0.221687
7552,14675,1,1,0.221687
3222,8682,1,1,0.221687
20476,21713,1,1,0.221687
1330,8945,1,1,0.221687
2336,5244,1,1,0.221151
2755,10923,1,1,0.221151
2336,11029,1,1,0.221151
830,11714,1,1,0.221151
1920,2511,1,1,0.221151
2336,5515,1,1,0.221151
1697,2336,1,1,0.221151
15156,21548,1,1,0.221151
4752,14393,1,1,0.221151
20476,30058,1,1,0.221151
5003,7131,1,1,0.221151
265,4787,1,1,0.221151
8466,9124,1,1,0.221151
459,5167,1,1,0.221151
10892,17761,1,1,0.221151
1871,12790,1,1,0.221151
18927,25349,1,1,0.221151
10522,12515,1,1,0.221151
9124,20777,1,1,0.221151
12690,19397,1,1,0.221151
8466,20777,1,1,0.221151
6412,9124,1,1,0.221151
11450,13503,1,1,0.221151
6412,8466,1,1,0.221151
2943,18822,1,1,0.221151
12098,13396,1,1,0.221151
13166,14421,1,1,0.221151
3484,14421,1,1,0.221151
3484,13166,1,1,0.221151
1871,14608,1,1,0.221151
3456,13849,1,1,0.221151
568,10362,1,1,0.221151
7028,18520,1,1,0.221151
8257,11092,1,1,0.221151
13112,22698,1,1,0.221151
10218,13046,1,1,0.221151
24316,24317,1,1,0.221151
13813,19861,1,1,0.221151
6672,11957,1,1,0.221151
9604,9738,1,1,0.221151
2365,2550,1,1,0.221151
24327,26856,1,1,0.221151
26070,26856,1,1,0.221151
9895,13112,1,1,0.221151
6604,8347,1,1,0.221151
7745,14205,1,1,0.221151
24094,26062,1,1,0.220624
15108,21627,1,1,0.220624
9901,17508,1,1,0.220624
2412,7200,1,1,0.220624
359,2017,1,1,0.220624
3375,15754,1,1,0.220624
643,12632,1,1,0.220624
5621,6214,1,1,0.220624
1034,5129,1,1,0.220624
15979,23077,1,1,0.220624
18597,18620,1,1,0.220624
9358,14766,1,1,0.220624
1195,13187,1,1,0.220624
21627,23596,1,1,0.220624
181,643,1,1,0.220624
7200,10494,1,1,0.220624
2995,3518,1,1,0.220624
11884,11949,1,1,0.220624
1804,5822,1,1,0.220624
1815,14814,1,1,0.220624
451,3655,1,1,0.220624
6316,6318,1,1,0.220624
16571,17370,1,1,0.220624
14324,21627,1,1,0.220624
14324,23596,1,1,0.220624
15108,23596,1,1,0.220624
1056,5944,1,1,0.220624
5216,17240,1,1,0.220624
4603,5306,1,1,0.220624
4751,4765,1,1,0.220624
3957,15174,1,1,0.220624
11234,16807,1,1,0.220624
24276,28365,1,1,0.220624
11234,17964,1,1,0.220624
993,3908,1,1,0.220624
1230,10577,1,1,0.220624
1022,10727,1,1,0.220624
1208,19906,1,1,0.220624
1230,25937,1,1,0.220624
10577,25937,1,1,0.220624
7369,15870,1,1,0.220624
5755,17105,1,1,0.220105
1971,6462,1,1,0.220105
8764,15292,1,1,0.220105
7087,15292,1,1,0.220105
5853,21280,1,1,0.220105
4427,12661,1,1,0.220105
4377,4427,1,1,0.220105
4377,12661,1,1,0.220105
6007,15292,1,1,0.220105
469,19187,1,1,0.220105
16196,21489,1,1,0.220105
8705,27114,1,1,0.220105
23728,27114,1,1,0.220105
25018,29785,1,1,0.220105
18376,29785,1,1,0.220105
18376,25018,1,1,0.220105
11792,23143,1,1,0.220105
16367,26909,1,1,0.220105
240,20895,1,1,0.220105
16367,24722,1,1,0.220105
2405,2481,1,1,0.220105
15639,15795,1,1,0.220105
26500,28806,1,1,0.220105
227,17637,1,1,0.220105
1920,6535,1,1,0.220105
3350,20528,1,1,0.220105
7523,12798,1,1,0.219593
9497,20262,1,1,0.219593
8850,9497,1,1,0.219593
6491,20262,1,1,0.219593
6491,16078,1,1,0.219593
6491,11938,1,1,0.219593
6491,9497,1,1,0.219593
11938,16078,1,1,0.219593
8850,20262,1,1,0.219593
9497,11938,1,1,0.219593
8850,16078,1,1,0.219593
6491,8850,1,1,0.219593
1793,11199,1,1,0.219593
8850,15874,1,1,0.219593
1404,7696,1,1,0.219593
11938,20262,1,1,0.219593
2732,9253,1,1,0.219593
9684,10047,1,1,0.219593
15874,16078,1,1,0.219593
8228,8324,1,1,0.219593
3373,20116,1,1,0.219593
11450,15020,1,1,0.219593
12987,20873,1,1,0.219593
5126,6125,1,1,0.219593
21000,22927,1,1,0.219593
3861,7838,1,1,0.219593
16418,27138,1,1,0.219593
15874,20262,1,1,0.219593
377,13274,1,1,0.219593
17736,26801,1,1,0.219593
8850,11938,1,1,0.219593
321,1291,1,1,0.219593
21053,25782,1,1,0.219593
1376,7422,1,1,0.219593
16078,20262,1,1,0.219593
59,5377,1,1,0.219593
5708,16182,1,1,0.219593
15481,15713,1,1,0.219593
22826,23590,1,1,0.219593
21053,25974,1,1,0.219593
13734,22826,1,1,0.219593
2788,22826,1,1,0.219593
16161,16795,1,1,0.219089
942,22514,1,1,0.219089
1130,7696,1,1,0.219089
9270,10356,1,1,0.219089
7288,10217,1,1,0.219089
9497,24393,1,1,0.219089
10356,14766,1,1,0.219089
5121,6301,1,1,0.219089
22217,27160,1,1,0.219089
5159,15754,1,1,0.218593
5123,15754,1,1,0.218593
31,9166,1,1,0.218593
8755,13364,1,1,0.218593
158,26902,1,1,0.218593
5089,11111,1,1,0.218593
20784,29767,1,1,0.218593
2971,3809,1,1,0.218593
2363,4381,1,1,0.218593
236,6499,1,1,0.218593
4567,12551,1,1,0.218593
4498,4901,1,1,0.218593
579,1227,1,1,0.218593
5089,5167,1,1,0.218593
3645,15302,1,1,0.218104
10171,13761,1,1,0.218104
16288,22881,1,1,0.217622
22881,22882,1,1,0.217622
8229,22882,1,1,0.217622
8229,22881,1,1,0.217622
7110,22882,1,1,0.217622
7110,22881,1,1,0.217622
4894,18902,1,1,0.217622
6816,12847,1,1,0.217622
17897,22266,1,1,0.217622
5688,10853,1,1,0.217622
6799,7184,1,1,0.217622
8065,9009,1,1,0.217622
8065,8066,1,1,0.217622
604,915,1,1,0.217622
4272,4427,1,1,0.217622
52,604,1,1,0.217622
20653,20970,1,1,0.217622
8510,8595,1,1,0.217622
17277,26059,1,1,0.217622
8595,8774,1,1,0.217622
8589,12963,1,1,0.217622
5275,6863,1,1,0.217622
2569,22881,1,1,0.217622
595,3567,1,1,0.217622
687,8900,1,1,0.217622
483,29359,1,1,0.217622
8900,16262,1,1,0.217622
5099,8874,1,1,0.217147
5353,10238,1,1,0.217147
5755,10247,1,1,0.217147
2737,10247,1,1,0.217147
2737,5755,1,1,0.217147
6011,6928,1,1,0.217147
1564,2468,1,1,0.217147
5230,6348,1,1,0.217147
459,1693,1,1,0.217147
11346,28504,1,1,0.217147
1898,2033,1,1,0.217147
1725,1898,1,1,0.217147
2067,6261,1,1,0.217147
1411,16459,1,1,0.217147
2995,17382,1,1,0.216679
18,19813,1,1,0.216679
4125,5853,1,1,0.216679
20746,21280,1,1,0.216679
13290,21280,1,1,0.216679
5621,16638,1,1,0.216679
6036,7706,1,1,0.216679
26094,26232,1,1,0.216679
21518,23795,1,1,0.216679
29171,30744,1,1,0.216679
23522,28932,1,1,0.216679
9666,28932,1,1,0.216679
1748,3306,1,1,0.216679
4125,12560,1,1,0.216679
6165,11055,1,1,0.216679
6165,10171,1,1,0.216679
5853,12560,1,1,0.216679
8385,20746,1,1,0.216679
8385,13290,1,1,0.216679
3306,9689,1,1,0.216679
8385,9474,1,1,0.216679
13628,16377,1,1,0.216679
7722,16882,1,1,0.216679
3553,21280,1,1,0.216679
54,16432,1,1,0.216679
8178,13447,1,1,0.216679
10263,15230,1,1,0.216679
12077,19429,1,1,0.216679
12690,16146,1,1,0.216679
5577,12077,1,1,0.216679
627,19429,1,1,0.216679
627,16432,1,1,0.216679
627,14029,1,1,0.216679
7280,15925,1,1,0.216679
12609,13290,1,1,0.216679
1585,5541,1,1,0.216679
1585,13877,1,1,0.216679
5541,13877,1,1,0.216679
15477,22448,1,1,0.216679
627,12077,1,1,0.216679
627,5577,1,1,0.216679
54,627,1,1,0.216679
54,5577,1,1,0.216679
54,12077,1,1,0.216679
54,19429,1,1,0.216679
13290,20746,1,1,0.216679
9474,21280,1,1,0.216679
3566,17315,1,1,0.216679
7706,13300,1,1,0.216679
11250,23527,1,1,0.216679
7400,23282,1,1,0.216679
12077,16432,1,1,0.216679
17277,20093,1,1,0.216679
8138,10739,1,1,0.216679
4738,5505,1,1,0.216679
6036,13300,1,1,0.216679
12077,14029,1,1,0.216679
5577,19429,1,1,0.216679
8385,21280,1,1,0.216679
5577,16432,1,1,0.216679
9474,13290,1,1,0.216679
5577,14029,1,1,0.216679
8397,13290,1,1,0.216679
9474,20746,1,1,0.216679
2314,17315,1,1,0.216679
54,14029,1,1,0.216679
14099,17940,1,1,0.216679
3393,6554,1,1,0.216679
6405,7529,1,1,0.216679
25020,25554,1,1,0.216679
14029,16432,1,1,0.216679
14029,19429,1,1,0.216679
1206,2208,1,1,0.216679
5533,11559,1,1,0.216679
1908,6554,1,1,0.216679
8257,16266,1,1,0.216679
16432,19429,1,1,0.216679
5676,10890,1,1,0.216679
15560,17297,1,1,0.216679
9961,22017,1,1,0.216679
830,26856,1,1,0.216679
18464,19044,1,1,0.216679
3019,7836,1,1,0.216679
717,12798,1,1,0.216679
3553,13290,1,1,0.216679
18,16481,1,1,0.216679
7529,8397,1,1,0.216679
6405,8397,1,1,0.216679
16481,19184,1,1,0.216679
8397,12609,1,1,0.216679
3807,4847,1,1,0.216679
3553,9474,1,1,0.216679
7529,13290,1,1,0.216679
7529,12609,1,1,0.216679
3553,20746,1,1,0.216679
18,19184,1,1,0.216679
3553,8385,1,1,0.216679
7142,11065,1,1,0.216679
19184,19813,1,1,0.216679
6405,13290,1,1,0.216679
21852,31309,1,1,0.215762
277,9499,1,1,0.215762
3282,8090,1,1,0.215762
7053,8919,1,1,0.215762
611,637,1,1,0.215762
5209,5450,1,1,0.215762
12836,23994,1,1,0.215762
21852,28151,1,1,0.215762
578,23048,1,1,0.215762
27029,28633,1,1,0.215762
915,8660,1,1,0.215762
4236,11970,1,1,0.215762
5167,10671,1,1,0.215762
8487,19843,1,1,0.215762
4320,16143,1,1,0.215762
4816,13472,1,1,0.215762
3848,5167,1,1,0.215762
3713,7473,1,1,0.215313
1261,3941,1,1,0.215313
2033,2511,1,1,0.215313
2744,3713,1,1,0.215313
489,967,1,1,0.215313
6792,7555,1,1,0.215313
1368,4787,1,1,0.215313
2744,5183,1,1,0.215313
24255,24302,1,1,0.215313
17979,28587,1,1,0.215313
2744,7473,1,1,0.215313
3713,5183,1,1,0.215313
21904,24706,1,1,0.215313
1055,5129,1,1,0.215313
3989,29085,1,1,0.215313
904,6457,1,1,0.215313
3989,28415,1,1,0.215313
1509,22873,1,1,0.215313
14740,17593,1,1,0.215313
14221,16471,1,1,0.215313
8624,14587,1,1,0.215313
1825,4558,1,1,0.215313
1509,14991,1,1,0.215313
227,7722,1,1,0.215313
2773,4787,1,1,0.215313
10184,21767,1,1,0.215313
2786,7445,1,1,0.215313
5183,7473,1,1,0.215313
618,5123,1,1,0.215313
967,2653,1,1,0.215313
11731,20471,1,1,0.215313
5577,12511,1,1,0.215313
6348,9129,1,1,0.215313
14858,16074,1,1,0.215313
14858,19493,1,1,0.215313
16074,19493,1,1,0.215313
3614,12511,1,1,0.215313
13224,30986,1,1,0.215313
3346,11337,1,1,0.215313
1056,5129,1,1,0.215313
18518,27197,1,1,0.214871
4884,6527,1,1,0.214871
4984,23094,1,1,0.214871
3180,9571,1,1,0.214871
14193,14587,1,1,0.214434
1173,11996,1,1,0.214434
3610,14795,1,1,0.214434
11297,11587,1,1,0.214434
13546,18707,1,1,0.214434
6689,8731,1,1,0.214434
6744,14679,1,1,0.214434
3484,3990,1,1,0.214434
8775,16393,1,1,0.214434
4884,16128,1,1,0.214434
4563,20572,1,1,0.214003
6974,20044,1,1,0.214003
15746,17069,1,1,0.214003
17029,20044,1,1,0.214003
5123,13061,1,1,0.214003
10103,20044,1,1,0.214003
7288,10263,1,1,0.214003
10405,18596,1,1,0.213578
7221,10635,1,1,0.213578
1452,4114,1,1,0.213578
9471,15739,1,1,0.213578
11320,18596,1,1,0.213578
17272,18111,1,1,0.213158
2767,7112,1,1,0.213158
11972,14607,1,1,0.213158
9037,11972,1,1,0.213158
478,9398,1,1,0.213158
5977,7722,1,1,0.213158
5848,15266,1,1,0.212744
11084,21875,1,1,0.212744
26178,26390,1,1,0.212744
7535,13396,1,1,0.212744
7535,8138,1,1,0.212744
7535,11381,1,1,0.212744
19875,21875,1,1,0.212744
1670,11084,1,1,0.212744
7535,14829,1,1,0.212744
11740,24890,1,1,0.212744
11084,19875,1,1,0.212744
10892,13576,1,1,0.212744
10892,21732,1,1,0.212744
10892,23307,1,1,0.212744
13576,21732,1,1,0.212744
8244,8935,1,1,0.212744
21732,23307,1,1,0.212744
11735,26597,1,1,0.212744
9556,25749,1,1,0.212744
22185,27512,1,1,0.212744
12939,13136,1,1,0.212744
1757,12939,1,1,0.212744
1757,9066,1,1,0.212744
9066,13136,1,1,0.212744
7609,17474,1,1,0.212744
15226,23396,1,1,0.212744
2363,3001,1,1,0.212744
5772,14674,1,1,0.212744
12488,20242,1,1,0.212744
1167,11792,1,1,0.212744
13179,17132,1,1,0.212744
15717,17132,1,1,0.212744
4425,6607,1,1,0.212744
3503,5040,1,1,0.212744
741,13576,1,1,0.212744
5080,7140,1,1,0.212744
2099,19677,1,1,0.212744
8138,11381,1,1,0.212744
9497,21875,1,1,0.212744
9497,19875,1,1,0.212744
8138,13396,1,1,0.212744
9497,11084,1,1,0.212744
1670,21875,1,1,0.212744
1670,19875,1,1,0.212744
43,4425,1,1,0.212744
1670,9497,1,1,0.212744
17862,20969,1,1,0.212744
17862,20923,1,1,0.212744
5080,8400,1,1,0.212744
11381,17862,1,1,0.212744
13665,13702,1,1,0.212744
3640,12432,1,1,0.212744
24453,24950,1,1,0.212744
13396,14829,1,1,0.212744
11381,14829,1,1,0.212744
11381,13396,1,1,0.212744
887,7798,1,1,0.212744
29340,29828,1,1,0.212744
1596,12276,1,1,0.212744
2099,19675,1,1,0.212744
8138,14829,1,1,0.212744
13117,15869,1,1,0.212335
11128,19090,1,1,0.212335
11128,20939,1,1,0.212335
1943,2709,1,1,0.212335
12277,15869,1,1,0.212335
19090,20939,1,1,0.212335
1647,6457,1,1,0.212335
967,5265,1,1,0.212335
3872,13249,1,1,0.212335
12277,13117,1,1,0.212335
2976,13157,1,1,0.212335
13249,14361,1,1,0.212335
3872,14361,1,1,0.212335
5815,6457,1,1,0.212335
291,6457,1,1,0.212335
291,5815,1,1,0.212335
4011,11523,1,1,0.212335
2976,12394,1,1,0.212335
12394,13157,1,1,0.212335
3811,8990,1,1,0.212335
1855,10490,1,1,0.212335
243,6457,1,1,0.212335
6422,9928,1,1,0.211932
14800,17804,1,1,0.211932
14899,17435,1,1,0.211932
4196,14945,1,1,0.211932
4196,14848,1,1,0.211932
1075,18552,1,1,0.211932
6422,6972,1,1,0.211932
5009,8528,1,1,0.211932
203,3666,1,1,0.211932
189,8537,1,1,0.211932
787,3666,1,1,0.211932
5009,12964,1,1,0.211932
10171,18060,1,1,0.211533
4159,5459,1,1,0.211533
54,17987,1,1,0.211533
4011,13122,1,1,0.211533
6499,19399,1,1,0.211533
10171,20393,1,1,0.211533
1173,20589,1,1,0.211533
6511,10888,1,1,0.211533
221,10888,1,1,0.211533
17071,25833,1,1,0.211533
25780,31364,1,1,0.211533
4339,19021,1,1,0.211533
23069,30682,1,1,0.211533
10865,17295,1,1,0.211533
608,6437,1,1,0.211533
1438,9595,1,1,0.211533
5199,21988,1,1,0.211533
1954,8330,1,1,0.211533
2745,19681,1,1,0.211533
9627,25167,1,1,0.211533
1920,7018,1,1,0.211533
17506,23485,1,1,0.211533
11192,23485,1,1,0.211533
11192,17506,1,1,0.211533
10002,17164,1,1,0.211533
3957,5315,1,1,0.211533
11217,23138,1,1,0.21114
10506,11174,1,1,0.21114
4048,11895,1,1,0.21114
8811,12786,1,1,0.21114
17493,19939,1,1,0.21114
26600,27735,1,1,0.21114
15713,22274,1,1,0.21114
26491,31126,1,1,0.210751
27003,31125,1,1,0.210751
9770,26041,1,1,0.210751
1920,11200,1,1,0.210751
3458,5160,1,1,0.210751
2369,6947,1,1,0.210751
2369,6535,1,1,0.210751
2369,5160,1,1,0.210751
2369,3458,1,1,0.210751
27003,31127,1,1,0.210751
27003,31128,1,1,0.210751
31124,31125,1,1,0.210751
31124,31126,1,1,0.210751
31124,31127,1,1,0.210751
31124,31128,1,1,0.210751
31125,31126,1,1,0.210751
31125,31127,1,1,0.210751
31125,31128,1,1,0.210751
31126,31127,1,1,0.210751
31126,31128,1,1,0.210751
27003,31126,1,1,0.210751
3458,6535,1,1,0.210751
26491,31125,1,1,0.210751
7838,20487,1,1,0.210751
26491,31124,1,1,0.210751
26491,27003,1,1,0.210751
5394,21935,1,1,0.210751
6079,21935,1,1,0.210751
6535,8778,1,1,0.210751
8084,9653,1,1,0.210751
6535,6947,1,1,0.210751
5160,6947,1,1,0.210751
5160,6535,1,1,0.210751
3458,6947,1,1,0.210751
31127,31128,1,1,0.210751
26491,31127,1,1,0.210751
26491,31128,1,1,0.210751
27003,31124,1,1,0.210751
6874,14393,1,1,0.210751
253,12794,1,1,0.210751
1167,15721,1,1,0.210751
8705,25179,1,1,0.210751
8705,26348,1,1,0.210751
20659,31150,1,1,0.210751
4167,8378,1,1,0.210367
24817,30055,1,1,0.210367
4890,26725,1,1,0.210367
20656,30084,1,1,0.210367
24817,27416,1,1,0.210367
24817,30084,1,1,0.210367
27416,30055,1,1,0.210367
27416,30084,1,1,0.210367
30055,30084,1,1,0.210367
28189,28876,1,1,0.210367
2468,29934,1,1,0.210367
22024,24461,1,1,0.210367
43,679,1,1,0.210367
8726,8872,1,1,0.210367
108,10888,1,1,0.210367
3823,13869,1,1,0.210367
7771,14766,1,1,0.210367
28189,29444,1,1,0.210367
28876,29444,1,1,0.210367
25649,25833,1,1,0.210367
25649,29897,1,1,0.210367
25833,29897,1,1,0.210367
20656,30055,1,1,0.210367
20656,27416,1,1,0.210367
20656,24817,1,1,0.210367
10862,13283,1,1,0.210367
19161,20058,1,1,0.210367
12627,20058,1,1,0.210367
12627,19161,1,1,0.210367
9341,14484,1,1,0.210367
3633,9348,1,1,0.210367
6499,9882,1,1,0.210367
3549,30055,1,1,0.210367
3549,30084,1,1,0.210367
10862,20656,1,1,0.210367
13283,30084,1,1,0.210367
10862,24817,1,1,0.210367
10862,27416,1,1,0.210367
10862,30055,1,1,0.210367
10862,30084,1,1,0.210367
13283,20656,1,1,0.210367
13283,24817,1,1,0.210367
13283,27416,1,1,0.210367
13283,30055,1,1,0.210367
206,13713,1,1,0.210367
206,13933,1,1,0.210367
206,14240,1,1,0.210367
22860,28908,1,1,0.210367
13713,14240,1,1,0.210367
2265,14849,1,1,0.210367
26822,29051,1,1,0.210367
25568,29051,1,1,0.210367
25568,26822,1,1,0.210367
29089,29635,1,1,0.210367
28908,29057,1,1,0.210367
22860,29057,1,1,0.210367
14240,29057,1,1,0.210367
14849,27768,1,1,0.210367
14240,28908,1,1,0.210367
14240,22860,1,1,0.210367
13933,29057,1,1,0.210367
13933,28908,1,1,0.210367
13933,22860,1,1,0.210367
13933,14240,1,1,0.210367
13713,29057,1,1,0.210367
13713,28908,1,1,0.210367
2265,27768,1,1,0.210367
19814,25584,1,1,0.210367
206,22860,1,1,0.210367
13526,30052,1,1,0.210367
28739,28954,1,1,0.210367
24427,28908,1,1,0.210367
1604,13526,1,1,0.210367
352,1480,1,1,0.210367
13807,27579,1,1,0.210367
3454,27579,1,1,0.210367
3454,13807,1,1,0.210367
27768,30052,1,1,0.210367
13526,27768,1,1,0.210367
16503,24476,1,1,0.210367
2193,30052,1,1,0.210367
2193,27768,1,1,0.210367
2193,13526,1,1,0.210367
2124,30052,1,1,0.210367
2124,27768,1,1,0.210367
2124,13526,1,1,0.210367
2124,2193,1,1,0.210367
18700,20775,1,1,0.210367
4890,7894,1,1,0.210367
13713,22860,1,1,0.210367
1782,27512,1,1,0.210367
22698,25213,1,1,0.210367
1133,30175,1,1,0.210367
3549,20656,1,1,0.210367
3549,10862,1,1,0.210367
1604,25525,1,1,0.210367
1604,7860,1,1,0.210367
168,25525,1,1,0.210367
168,7860,1,1,0.210367
168,1604,1,1,0.210367
206,28908,1,1,0.210367
11155,29057,1,1,0.210367
206,481,1,1,0.210367
206,4167,1,1,0.210367
3549,13283,1,1,0.210367
15903,29057,1,1,0.210367
23023,23143,1,1,0.210367
23143,23669,1,1,0.210367
1782,2702,1,1,0.210367
15256,25873,1,1,0.210367
2702,27512,1,1,0.210367
206,4661,1,1,0.210367
206,8378,1,1,0.210367
206,25833,1,1,0.210367
481,4167,1,1,0.210367
481,4661,1,1,0.210367
481,8378,1,1,0.210367
481,25833,1,1,0.210367
4167,4661,1,1,0.210367
11970,12801,1,1,0.210367
619,28892,1,1,0.210367
564,8653,1,1,0.210367
3,8653,1,1,0.210367
18093,25643,1,1,0.210367
206,29057,1,1,0.210367
7860,25525,1,1,0.210367
10862,11155,1,1,0.210367
4387,29057,1,1,0.210367
4387,15903,1,1,0.210367
3549,27416,1,1,0.210367
3549,24817,1,1,0.210367
919,2289,1,1,0.210367
4387,11155,1,1,0.210367
619,4149,1,1,0.210367
10862,29057,1,1,0.210367
10862,15903,1,1,0.210367
18093,28936,1,1,0.210367
4387,10862,1,1,0.210367
4149,28892,1,1,0.210367
25643,28936,1,1,0.210367
11155,15903,1,1,0.210367
4167,25833,1,1,0.210367
13713,13933,1,1,0.210367
4661,8378,1,1,0.210367
3,564,1,1,0.210367
4661,25833,1,1,0.210367
8378,25833,1,1,0.210367
9792,10302,1,1,0.210367
14607,20661,1,1,0.209988
869,1107,1,1,0.209988
2546,5045,1,1,0.209988
5045,6079,1,1,0.209988
8256,11684,1,1,0.209988
24834,26102,1,1,0.209988
5012,5977,1,1,0.209988
1153,9693,1,1,0.209988
133,13943,1,1,0.209988
7364,13646,1,1,0.209988
7364,18463,1,1,0.209988
26699,27417,1,1,0.209988
4787,11242,1,1,0.209988
7200,11949,1,1,0.209988
20377,30971,1,1,0.209988
13646,18463,1,1,0.209988
14463,17240,1,1,0.209614
9556,19115,1,1,0.209614
1145,15369,1,1,0.209614
3969,17240,1,1,0.209614
5362,17240,1,1,0.209614
887,16153,1,1,0.209614
9556,17730,1,1,0.209614
9556,17019,1,1,0.209614
887,5362,1,1,0.209614
3969,14463,1,1,0.209614
3969,9556,1,1,0.209614
5362,17730,1,1,0.209614
3969,5362,1,1,0.209614
5362,17019,1,1,0.209614
8721,16938,1,1,0.209614
16153,17019,1,1,0.209614
887,19115,1,1,0.209614
15931,16938,1,1,0.209614
15341,16938,1,1,0.209614
9556,17240,1,1,0.209614
15341,15931,1,1,0.209614
887,17730,1,1,0.209614
887,17019,1,1,0.209614
16153,17730,1,1,0.209614
16153,19115,1,1,0.209614
5362,16153,1,1,0.209614
3329,15546,1,1,0.209614
3241,17240,1,1,0.209614
6769,18378,1,1,0.209614
3241,14463,1,1,0.209614
17634,18378,1,1,0.209614
17633,18378,1,1,0.209614
17633,17634,1,1,0.209614
17542,18378,1,1,0.209614
9556,17634,1,1,0.209614
11891,23143,1,1,0.209614
11891,13163,1,1,0.209614
43,23143,1,1,0.209614
43,13163,1,1,0.209614
9556,17633,1,1,0.209614
6769,17634,1,1,0.209614
1520,3969,1,1,0.209614
6769,17633,1,1,0.209614
6769,17542,1,1,0.209614
459,6125,1,1,0.209614
714,4196,1,1,0.209614
6769,9556,1,1,0.209614
11435,25869,1,1,0.209614
16801,17220,1,1,0.209614
3329,8721,1,1,0.209614
23584,29737,1,1,0.209614
4146,15666,1,1,0.209614
8721,15546,1,1,0.209614
1520,3241,1,1,0.209614
1520,2233,1,1,0.209614
2732,10695,1,1,0.209614
15666,23792,1,1,0.209614
3241,5362,1,1,0.209614
3241,3969,1,1,0.209614
2233,17240,1,1,0.209614
4106,6205,1,1,0.209614
2732,17276,1,1,0.209614
459,3971,1,1,0.209614
17019,19115,1,1,0.209614
17730,19115,1,1,0.209614
8721,15341,1,1,0.209614
2732,3640,1,1,0.209614
1520,5362,1,1,0.209614
15666,16938,1,1,0.209614
17019,17730,1,1,0.209614
16868,26656,1,1,0.209614
2233,5362,1,1,0.209614
8721,15931,1,1,0.209614
1520,14463,1,1,0.209614
1520,17240,1,1,0.209614
28985,29790,1,1,0.209614
2233,3969,1,1,0.209614
2233,3241,1,1,0.209614
2233,9556,1,1,0.209614
2233,14463,1,1,0.209614
5362,19115,1,1,0.209614
832,2927,1,1,0.209243
2592,2775,1,1,0.209243
459,1488,1,1,0.209243
9800,9883,1,1,0.209243
13,12423,1,1,0.209243
2775,11987,1,1,0.209243
1477,10224,1,1,0.209243
832,3737,1,1,0.209243
2326,16196,1,1,0.209243
435,1229,1,1,0.209243
5093,6812,1,1,0.209243
5853,21336,1,1,0.209243
4563,11739,1,1,0.209243
26112,27445,1,1,0.209243
26112,26690,1,1,0.209243
6812,12161,1,1,0.209243
29024,29027,1,1,0.209243
27180,27411,1,1,0.209243
6351,26152,1,1,0.209243
18698,22274,1,1,0.209243
13415,26646,1,1,0.209243
11987,27263,1,1,0.209243
150,608,1,1,0.208878
3376,15166,1,1,0.208878
4380,13022,1,1,0.208878
5952,22279,1,1,0.208878
5126,19358,1,1,0.208878
3428,22353,1,1,0.208878
24984,28497,1,1,0.208878
11905,13051,1,1,0.208878
3181,3744,1,1,0.208878
18443,28132,1,1,0.208878
459,2012,1,1,0.208878
41,22353,1,1,0.208878
12142,14802,1,1,0.208878
270,10727,1,1,0.208516
11390,15144,1,1,0.208516
11390,21471,1,1,0.208516
15144,21471,1,1,0.208516
5147,22736,1,1,0.208516
13300,20944,1,1,0.208516
7650,22736,1,1,0.208516
13300,24161,1,1,0.208516
20944,24161,1,1,0.208516
23895,24526,1,1,0.208516
808,4998,1,1,0.208516
13324,15592,1,1,0.208516
18144,19928,1,1,0.208516
12564,22736,1,1,0.208516
9779,24161,1,1,0.208516
7255,20645,1,1,0.208516
11943,16428,1,1,0.208516
7255,23895,1,1,0.208516
7255,24526,1,1,0.208516
6813,13233,1,1,0.208516
19887,30134,1,1,0.208516
6813,24627,1,1,0.208516
13233,24627,1,1,0.208516
20645,23895,1,1,0.208516
17322,23792,1,1,0.208516
2802,5930,1,1,0.208516
12948,23792,1,1,0.208516
12629,13628,1,1,0.208516
3660,9363,1,1,0.208516
967,1030,1,1,0.208516
1521,5111,1,1,0.208516
402,489,1,1,0.208516
9217,9573,1,1,0.208516
1135,5735,1,1,0.208516
2780,5220,1,1,0.208516
5220,5735,1,1,0.208516
26183,30619,1,1,0.208516
12667,29656,1,1,0.208516
4354,29656,1,1,0.208516
4354,12667,1,1,0.208516
23162,25832,1,1,0.208516
1436,3091,1,1,0.208516
59,24844,1,1,0.208516
5147,12554,1,1,0.208516
14402,22349,1,1,0.208516
59,14402,1,1,0.208516
12554,19633,1,1,0.208516
1467,3712,1,1,0.208516
2780,11060,1,1,0.208516
1404,3456,1,1,0.208516
1463,6508,1,1,0.208516
2780,3329,1,1,0.208516
4884,5717,1,1,0.208516
59,9623,1,1,0.208516
779,2077,1,1,0.208516
12948,17322,1,1,0.208516
3091,9623,1,1,0.208516
1565,23792,1,1,0.208516
1565,3053,1,1,0.208516
1565,12948,1,1,0.208516
1565,17322,1,1,0.208516
2108,14260,1,1,0.208516
14260,17265,1,1,0.208516
3053,12948,1,1,0.208516
7015,7667,1,1,0.208516
3053,23792,1,1,0.208516
3053,17322,1,1,0.208516
11361,25991,1,1,0.208159
4092,8084,1,1,0.208159
3600,9358,1,1,0.208159
1376,21536,1,1,0.208159
10599,25991,1,1,0.208159
10599,11361,1,1,0.208159
10599,23040,1,1,0.208159
81,13349,1,1,0.208159
23807,23895,1,1,0.208159
867,10599,1,1,0.208159
867,25991,1,1,0.208159
10599,14432,1,1,0.208159
18274,28288,1,1,0.208159
10793,13316,1,1,0.208159
14314,16818,1,1,0.208159
2714,5167,1,1,0.208159
23040,25991,1,1,0.208159
14432,25991,1,1,0.208159
4567,11037,1,1,0.208159
1394,8090,1,1,0.208159
1456,8090,1,1,0.208159
5159,8888,1,1,0.208159
2684,16003,1,1,0.208159
7838,16196,1,1,0.208159
587,17989,1,1,0.208159
587,17990,1,1,0.208159
12661,29507,1,1,0.208159
2732,22244,1,1,0.207806
1320,12186,1,1,0.207806
5980,29986,1,1,0.207806
8392,10838,1,1,0.207806
4500,11217,1,1,0.207806
1954,15686,1,1,0.207806
8874,10240,1,1,0.207806
13939,15750,1,1,0.207806
1943,8048,1,1,0.207806
7696,9532,1,1,0.207806
8193,14091,1,1,0.207806
1705,10240,1,1,0.207806
5092,10692,1,1,0.207806
398,10692,1,1,0.207806
10240,11634,1,1,0.207806
398,5092,1,1,0.207806
8874,11634,1,1,0.207806
3073,4045,1,1,0.207806
12697,28456,1,1,0.207806
4045,4861,1,1,0.207806
822,5054,1,1,0.207806
23297,24956,1,1,0.207806
2529,26009,1,1,0.207457
2529,25851,1,1,0.207457
3875,5683,1,1,0.207457
3043,26009,1,1,0.207457
3043,25851,1,1,0.207457
3043,20527,1,1,0.207457
9938,20527,1,1,0.207457
3043,5683,1,1,0.207457
3043,3875,1,1,0.207457
293,4382,1,1,0.207457
3875,26009,1,1,0.207457
293,5147,1,1,0.207457
2529,5683,1,1,0.207457
2529,3043,1,1,0.207457
25794,25989,1,1,0.207457
5147,25989,1,1,0.207457
5147,25794,1,1,0.207457
4382,25989,1,1,0.207457
4382,25794,1,1,0.207457
4382,5147,1,1,0.207457
3875,25851,1,1,0.207457
5683,26009,1,1,0.207457
5683,20527,1,1,0.207457
5683,25851,1,1,0.207457
2314,2511,1,1,0.207457
2511,5370,1,1,0.207457
81,13648,1,1,0.207457
1842,25063,1,1,0.207457
9270,9621,1,1,0.207457
18081,18234,1,1,0.207457
29539,30078,1,1,0.207457
489,1107,1,1,0.207457
169,3086,1,1,0.207457
869,2588,1,1,0.207457
11604,14270,1,1,0.207457
25851,26009,1,1,0.207457
8510,11905,1,1,0.207457
20527,26009,1,1,0.207457
20527,25851,1,1,0.207457
293,25794,1,1,0.207457
293,25989,1,1,0.207457
8013,10132,1,1,0.207112
10018,10132,1,1,0.207112
13946,18963,1,1,0.207112
3850,10018,1,1,0.207112
2525,22469,1,1,0.207112
3850,8013,1,1,0.207112
3850,10132,1,1,0.207112
7140,10477,1,1,0.207112
5037,15173,1,1,0.207112
4787,12256,1,1,0.207112
11874,14334,1,1,0.207112
8612,21472,1,1,0.207112
8013,10018,1,1,0.207112
113,9763,1,1,0.20677
862,8191,1,1,0.20677
27884,28388,1,1,0.20677
113,8191,1,1,0.20677
20659,29864,1,1,0.20677
862,9763,1,1,0.20677
4547,9037,1,1,0.20677
24990,27958,1,1,0.20677
540,2033,1,1,0.206433
7838,12967,1,1,0.206433
1429,8149,1,1,0.206433
11713,15293,1,1,0.206433
8,49,1,1,0.206433
4659,7838,1,1,0.206433
7838,8727,1,1,0.206433
28196,30080,1,1,0.206433
4380,23017,1,1,0.206433
12702,21245,1,1,0.206433
12702,21341,1,1,0.206433
2033,2448,1,1,0.206433
7838,15046,1,1,0.206433
1410,10133,1,1,0.206433
7089,7459,1,1,0.206433
2584,11878,1,1,0.206433
3385,4430,1,1,0.206433
30030,30080,1,1,0.206433
6225,17711,1,1,0.206099
192,10110,1,1,0.206099
1435,20258,1,1,0.206099
1435,18601,1,1,0.206099
992,18601,1,1,0.206099
992,20258,1,1,0.206099
11233,12142,1,1,0.206099
5228,8220,1,1,0.205769
7535,8191,1,1,0.205769
5054,5973,1,1,0.205769
5973,16508,1,1,0.205769
1048,23471,1,1,0.205769
559,3389,1,1,0.205769
6943,10193,1,1,0.205769
3090,6732,1,1,0.205769
6943,9941,1,1,0.205769
6943,9323,1,1,0.205769
112,3205,1,1,0.205769
1920,20067,1,1,0.205769
16677,18060,1,1,0.205443
5103,15730,1,1,0.205443
43,22607,1,1,0.205443
1330,13161,1,1,0.205443
83,13161,1,1,0.205443
25281,25287,1,1,0.205443
9790,15730,1,1,0.205443
627,5126,1,1,0.205443
7089,19428,1,1,0.205443
22715,23475,1,1,0.205443
10955,20027,1,1,0.205443
5126,18609,1,1,0.205443
5103,9790,1,1,0.205443
1585,9578,1,1,0.205443
581,6477,1,1,0.205443
1634,3005,1,1,0.205443
14607,22321,1,1,0.205443
14817,16778,1,1,0.205443
57,8191,1,1,0.205443
3731,14607,1,1,0.205443
8191,15362,1,1,0.205443
1634,24210,1,1,0.205443
6085,17164,1,1,0.20512
1305,5570,1,1,0.20512
3566,17164,1,1,0.20512
9610,20923,1,1,0.20512
12109,13493,1,1,0.20512
15860,24455,1,1,0.20512
108,2767,1,1,0.20512
22156,25142,1,1,0.20512
9610,11381,1,1,0.20512
1842,13833,1,1,0.20512
3640,7605,1,1,0.20512
1842,8232,1,1,0.20512
2830,10245,1,1,0.20512
1508,23726,1,1,0.20512
5715,21397,1,1,0.20512
23170,24622,1,1,0.20512
18619,22250,1,1,0.20512
227,12850,1,1,0.20512
5029,23765,1,1,0.20512
1528,4890,1,1,0.20512
20576,22446,1,1,0.20512
11696,12005,1,1,0.20512
11696,12109,1,1,0.20512
459,1487,1,1,0.20512
14209,23765,1,1,0.20512
1345,12661,1,1,0.20512
2740,17065,1,1,0.20512
2740,8868,1,1,0.20512
12005,12109,1,1,0.20512
12827,15840,1,1,0.20512
15860,23765,1,1,0.20512
6928,12109,1,1,0.20512
6928,12005,1,1,0.20512
6928,11696,1,1,0.20512
8232,13833,1,1,0.20512
2767,13117,1,1,0.2048
921,2681,1,1,0.2048
2767,11336,1,1,0.2048
7623,8301,1,1,0.2048
22939,23602,1,1,0.2048
2197,17940,1,1,0.2048
4252,22560,1,1,0.2048
11836,14989,1,1,0.2048
26457,29789,1,1,0.2048
29215,31360,1,1,0.2048
7623,8084,1,1,0.2048
9719,10961,1,1,0.204484
1186,3451,1,1,0.204484
478,16770,1,1,0.204484
1097,7532,1,1,0.204484
22501,25459,1,1,0.204484
357,13856,1,1,0.204484
357,13963,1,1,0.204484
28059,30551,1,1,0.204484
1032,28892,1,1,0.204484
13856,13963,1,1,0.204484
6011,16770,1,1,0.204484
2813,4837,1,1,0.204484
26823,27201,1,1,0.204172
17205,28861,1,1,0.204172
18198,30062,1,1,0.204172
5445,7693,1,1,0.204172
11917,20044,1,1,0.204172
23765,26058,1,1,0.204172
21876,22314,1,1,0.204172
3764,7089,1,1,0.204172
19521,22892,1,1,0.204172
2480,9312,1,1,0.204172
1608,8263,1,1,0.204172
2369,5761,1,1,0.204172
20894,21784,1,1,0.204172
852,15925,1,1,0.204172
7026,14897,1,1,0.204172
21784,24128,1,1,0.204172
1415,14897,1,1,0.204172
1415,7026,1,1,0.204172
4728,17921,1,1,0.204172
7208,9974,1,1,0.204172
3145,9974,1,1,0.204172
5445,9480,1,1,0.204172
20027,22030,1,1,0.204172
3828,7535,1,1,0.204172
1304,10238,1,1,0.203862
3049,5103,1,1,0.203862
885,19813,1,1,0.203862
9025,17686,1,1,0.203862
6518,18920,1,1,0.203556
934,993,1,1,0.203556
17104,18920,1,1,0.203556
17277,24413,1,1,0.203556
21143,24413,1,1,0.203556
1075,10494,1,1,0.203556
1075,18553,1,1,0.203556
1075,24413,1,1,0.203556
10494,18553,1,1,0.203556
10494,24413,1,1,0.203556
10321,18378,1,1,0.203556
10769,18378,1,1,0.203556
57,2729,1,1,0.203556
853,20063,1,1,0.203556
3338,20063,1,1,0.203556
17820,23214,1,1,0.203556
21867,28456,1,1,0.203556
28487,28898,1,1,0.203556
685,9010,1,1,0.203556
685,29240,1,1,0.203556
9010,13907,1,1,0.203556
9010,29240,1,1,0.203556
13907,29240,1,1,0.203556
26832,28487,1,1,0.203556
22870,24760,1,1,0.203556
11217,22055,1,1,0.203556
4045,21767,1,1,0.203556
16687,18920,1,1,0.203556
934,6795,1,1,0.203556
16687,17104,1,1,0.203556
12041,12849,1,1,0.203556
12041,14429,1,1,0.203556
12041,16637,1,1,0.203556
12041,16739,1,1,0.203556
12849,14429,1,1,0.203556
12849,16739,1,1,0.203556
14429,16637,1,1,0.203556
14429,16739,1,1,0.203556
16637,16739,1,1,0.203556
8990,9681,1,1,0.203556
8990,14587,1,1,0.203556
8990,14620,1,1,0.203556
9681,14587,1,1,0.203556
9681,14620,1,1,0.203556
14587,14620,1,1,0.203556
2788,17492,1,1,0.203556
993,4045,1,1,0.203556
4571,6518,1,1,0.203556
4571,16687,1,1,0.203556
4571,17104,1,1,0.203556
4571,18920,1,1,0.203556
6518,16687,1,1,0.203556
6518,17104,1,1,0.203556
23907,26126,1,1,0.203556
993,6795,1,1,0.203556
13682,26742,1,1,0.203556
22873,26742,1,1,0.203556
7140,10157,1,1,0.203556
14991,17837,1,1,0.203556
26094,26124,1,1,0.203556
26124,26231,1,1,0.203556
17537,26431,1,1,0.203556
14991,26742,1,1,0.203556
7140,17537,1,1,0.203556
26075,26100,1,1,0.203556
16836,26260,1,1,0.203556
16836,26192,1,1,0.203556
1993,26126,1,1,0.203556
1993,10828,1,1,0.203556
24094,26126,1,1,0.203556
22730,26192,1,1,0.203556
2024,23362,1,1,0.203556
22730,26111,1,1,0.203556
16902,25696,1,1,0.203556
7140,26431,1,1,0.203556
26977,27390,1,1,0.203556
16902,24852,1,1,0.203556
2901,3026,1,1,0.203253
12747,24302,1,1,0.203253
4323,9427,1,1,0.203253
3083,5910,1,1,0.203253
519,1339,1,1,0.203253
24854,29356,1,1,0.203253
2726,2901,1,1,0.203253
17085,22939,1,1,0.203253
5147,6908,1,1,0.203253
4220,17451,1,1,0.203253
4159,8191,1,1,0.203253
7142,10192,1,1,0.203253
4787,8868,1,1,0.203253
138,26462,1,1,0.203253
2726,3026,1,1,0.203253
2075,7062,1,1,0.203253
5666,5713,1,1,0.203253
2713,3026,1,1,0.203253
5713,12451,1,1,0.203253
5666,12451,1,1,0.203253
2713,2901,1,1,0.203253
13436,14808,1,1,0.203253
2713,2726,1,1,0.203253
8930,13166,1,1,0.203253
1894,7400,1,1,0.203253
500,3026,1,1,0.203253
1894,18347,1,1,0.203253
3053,13342,1,1,0.203253
500,2726,1,1,0.203253
7400,18347,1,1,0.203253
500,2713,1,1,0.203253
850,14991,1,1,0.203253
4520,14829,1,1,0.203253
5630,7062,1,1,0.203253
217,2904,1,1,0.203253
2336,13436,1,1,0.203253
1004,12094,1,1,0.203253
2336,14808,1,1,0.203253
3145,13436,1,1,0.203253
8316,26414,1,1,0.203253
8316,9843,1,1,0.203253
10162,25616,1,1,0.203253
4507,14829,1,1,0.203253
4253,5630,1,1,0.203253
2336,18698,1,1,0.203253
12398,21739,1,1,0.203253
4302,5630,1,1,0.203253
2075,5630,1,1,0.203253
4302,9693,1,1,0.203253
2336,3145,1,1,0.203253
626,14808,1,1,0.203253
626,13436,1,1,0.203253
17637,18030,1,1,0.203253
5275,6672,1,1,0.203253
5452,8875,1,1,0.203253
5452,9045,1,1,0.203253
8875,9045,1,1,0.203253
1602,4287,1,1,0.203253
1596,5064,1,1,0.203253
5630,7798,1,1,0.203253
4403,7062,1,1,0.203253
10651,12094,1,1,0.203253
4403,5970,1,1,0.203253
10651,12162,1,1,0.203253
626,3145,1,1,0.203253
887,10192,1,1,0.203253
4055,5686,1,1,0.202953
12387,12790,1,1,0.202953
5853,22725,1,1,0.202953
955,8537,1,1,0.202953
992,4783,1,1,0.202953
25080,30418,1,1,0.202953
1608,21280,1,1,0.202953
5126,9668,1,1,0.202953
17895,28619,1,1,0.202953
7759,25714,1,1,0.202953
1525,23907,1,1,0.202953
1585,21280,1,1,0.202953
5126,12050,1,1,0.202953
5126,18319,1,1,0.202953
16212,30418,1,1,0.202953
8283,8537,1,1,0.202953
12790,25213,1,1,0.202953
4371,22578,1,1,0.202953
4371,8705,1,1,0.202953
8705,22578,1,1,0.202953
25246,25714,1,1,0.202953
3005,4844,1,1,0.202953
1585,8862,1,1,0.202953
13560,13664,1,1,0.202656
907,12997,1,1,0.202656
907,10890,1,1,0.202656
9197,10478,1,1,0.202656
1564,9812,1,1,0.202656
12662,16863,1,1,0.202656
12685,19056,1,1,0.202362
2834,15319,1,1,0.202362
6607,23547,1,1,0.202362
4125,7262,1,1,0.202362
1049,8084,1,1,0.202362
8566,9779,1,1,0.202071
6808,14758,1,1,0.202071
412,1076,1,1,0.202071
978,1187,1,1,0.202071
10440,14601,1,1,0.202071
14713,15348,1,1,0.202071
12786,13318,1,1,0.202071
9217,10704,1,1,0.202071
565,18435,1,1,0.202071
4374,8314,1,1,0.202071
10834,12516,1,1,0.202071
3811,13021,1,1,0.202071
18732,21838,1,1,0.202071
10834,13088,1,1,0.202071
13318,21397,1,1,0.202071
565,7686,1,1,0.202071
12516,13088,1,1,0.202071
21000,25908,1,1,0.201783
12564,18605,1,1,0.201783
7042,12629,1,1,0.201783
324,6637,1,1,0.201783
5473,5816,1,1,0.201783
12629,25908,1,1,0.201783
5475,13585,1,1,0.201783
306,921,1,1,0.201783
921,4454,1,1,0.201783
306,4454,1,1,0.201783
19,25360,1,1,0.201783
1151,5475,1,1,0.201783
7683,23806,1,1,0.201783
8053,10081,1,1,0.201783
3261,4035,1,1,0.201783
6250,10081,1,1,0.201783
6250,8053,1,1,0.201783
9074,18913,1,1,0.201783
8911,18913,1,1,0.201783
8911,9074,1,1,0.201783
7683,9603,1,1,0.201783
9603,23806,1,1,0.201783
1151,13239,1,1,0.201783
13239,13585,1,1,0.201783
2956,3800,1,1,0.201783
10449,24950,1,1,0.201783
12564,21000,1,1,0.201783
12564,25908,1,1,0.201783
12629,21000,1,1,0.201783
5475,13239,1,1,0.201783
1151,13585,1,1,0.201783
12564,24950,1,1,0.201783
5706,8728,1,1,0.201783
11614,16082,1,1,0.201783
25200,28041,1,1,0.201783
13802,17085,1,1,0.201783
6155,9347,1,1,0.201783
993,13641,1,1,0.201783
832,2336,1,1,0.201783
832,2876,1,1,0.201783
10047,16082,1,1,0.201783
2336,2876,1,1,0.201783
2336,3007,1,1,0.201783
3864,8949,1,1,0.201783
5244,5706,1,1,0.201783
5244,8728,1,1,0.201783
5515,5706,1,1,0.201783
20030,24572,1,1,0.201783
28835,30702,1,1,0.201783
832,3007,1,1,0.201783
5515,8728,1,1,0.201783
8911,16080,1,1,0.201783
10047,11614,1,1,0.201783
7326,16082,1,1,0.201783
10440,11587,1,1,0.201783
7326,11614,1,1,0.201783
7326,10047,1,1,0.201783
18605,24950,1,1,0.201783
3553,11686,1,1,0.201783
8058,16080,1,1,0.201783
1148,10440,1,1,0.201783
70,8138,1,1,0.201783
70,10522,1,1,0.201783
8058,8911,1,1,0.201783
8138,10522,1,1,0.201783
3584,9501,1,1,0.201497
1491,6029,1,1,0.201497
268,1219,1,1,0.201497
1765,16807,1,1,0.201497
1765,17964,1,1,0.201497
5894,17277,1,1,0.201497
14758,22855,1,1,0.201497
15975,24911,1,1,0.201215
1033,21348,1,1,0.201215
7260,22515,1,1,0.201215
4987,5683,1,1,0.201215
182,6631,1,1,0.201215
517,18913,1,1,0.200935
2166,8594,1,1,0.200935
10890,21191,1,1,0.200935
12997,21191,1,1,0.200935
1531,4236,1,1,0.200935
6,788,1,1,0.200935
43,19973,1,1,0.200935
3586,4236,1,1,0.200935
708,23040,1,1,0.200658
2311,16126,1,1,0.200658
3414,4544,1,1,0.200658
13652,23893,1,1,0.200658
12132,18236,1,1,0.200658
9252,14463,1,1,0.200658
3563,5077,1,1,0.200658
2270,4142,1,1,0.200658
24742,29686,1,1,0.200658
24742,27230,1,1,0.200658
1277,10678,1,1,0.200658
24742,30145,1,1,0.200658
5968,10268,1,1,0.200658
5562,11823,1,1,0.200658
7715,23040,1,1,0.200658
7715,11361,1,1,0.200658
2679,13440,1,1,0.200658
6014,7180,1,1,0.200658
5147,12132,1,1,0.200658
14432,16588,1,1,0.200658
12024,23682,1,1,0.200658
4601,7180,1,1,0.200658
16588,18236,1,1,0.200658
7715,16588,1,1,0.200658
11361,16588,1,1,0.200658
22446,23893,1,1,0.200658
4601,8510,1,1,0.200658
6367,14314,1,1,0.200658
12132,16588,1,1,0.200658
867,7715,1,1,0.200658
368,3298,1,1,0.200658
708,16588,1,1,0.200658
384,4601,1,1,0.200658
4601,8774,1,1,0.200658
867,16588,1,1,0.200658
2767,10308,1,1,0.200112
10337,15163,1,1,0.200112
28238,28256,1,1,0.200112
2360,15163,1,1,0.200112
2360,10337,1,1,0.200112
11441,11721,1,1,0.200112
28238,28241,1,1,0.200112
11441,11492,1,1,0.200112
4262,6236,1,1,0.200112
4079,4662,1,1,0.200112
8033,14108,1,1,0.200112
28239,28255,1,1,0.200112
200,1555,1,1,0.200112
200,11041,1,1,0.200112
28241,28255,1,1,0.200112
6756,19915,1,1,0.200112
6471,25410,1,1,0.200112
3640,13342,1,1,0.200112
20449,26406,1,1,0.200112
23039,28359,1,1,0.200112
11341,15798,1,1,0.200112
4252,10308,1,1,0.200112
22735,29341,1,1,0.200112
17847,18109,1,1,0.200112
22735,29354,1,1,0.200112
28238,28255,1,1,0.200112
692,7123,1,1,0.200112
2767,4252,1,1,0.200112
26061,28757,1,1,0.199842
4289,19625,1,1,0.199842
10488,18898,1,1,0.199842
16587,30047,1,1,0.199842
717,4516,1,1,0.199842
2511,6400,1,1,0.199842
3861,4675,1,1,0.199842
3954,11000,1,1,0.199842
382,7445,1,1,0.199842
2017,6989,1,1,0.199842
2315,9398,1,1,0.199842
4396,8741,1,1,0.199842
713,8347,1,1,0.199842
856,5408,1,1,0.199842
717,2584,1,1,0.199842
4097,9541,1,1,0.199842
837,1331,1,1,0.199575
5666,10596,1,1,0.199575
9582,14607,1,1,0.199575
3026,4559,1,1,0.199575
11089,14679,1,1,0.199575
3026,16563,1,1,0.199575
274,13508,1,1,0.199575
5069,18762,1,1,0.199575
2353,2773,1,1,0.199575
7544,9834,1,1,0.199575
6381,9414,1,1,0.199575
1376,19696,1,1,0.199575
4304,4315,1,1,0.199575
6665,23418,1,1,0.199311
18038,27857,1,1,0.199311
1173,1340,1,1,0.199311
22184,26062,1,1,0.199311
6817,26062,1,1,0.199311
3459,19340,1,1,0.199311
1173,1197,1,1,0.199311
108,2270,1,1,0.199311
6665,12111,1,1,0.199311
20811,30278,1,1,0.199311
6182,20708,1,1,0.199311
6170,11917,1,1,0.199049
1438,7798,1,1,0.199049
59,11917,1,1,0.199049
4931,7798,1,1,0.199049
153,923,1,1,0.199049
1438,4931,1,1,0.199049
576,7820,1,1,0.199049
8581,9213,1,1,0.199049
24327,24934,1,1,0.199049
6170,12629,1,1,0.199049
11917,12629,1,1,0.199049
59,6170,1,1,0.199049
5344,14819,1,1,0.199049
8138,12629,1,1,0.199049
19,10877,1,1,0.199049
20,10877,1,1,0.199049
59,6164,1,1,0.199049
21116,28573,1,1,0.199049
22006,30309,1,1,0.199049
2309,29673,1,1,0.199049
7367,12988,1,1,0.199049
9751,10651,1,1,0.199049
148,15022,1,1,0.199049
772,3817,1,1,0.199049
11917,16630,1,1,0.199049
11917,20257,1,1,0.199049
1004,6511,1,1,0.199049
16630,20257,1,1,0.199049
6164,12629,1,1,0.199049
6164,11917,1,1,0.199049
12697,25782,1,1,0.199049
12144,16196,1,1,0.19879
1739,10694,1,1,0.19879
5142,13536,1,1,0.19879
12027,13427,1,1,0.19879
10765,14764,1,1,0.19879
65,15608,1,1,0.19879
8027,12144,1,1,0.19879
8027,16196,1,1,0.19879
2811,16196,1,1,0.19879
2811,12144,1,1,0.19879
4681,7862,1,1,0.19879
4681,7864,1,1,0.19879
4681,7348,1,1,0.19879
581,2811,1,1,0.19879
581,4450,1,1,0.19879
581,8027,1,1,0.19879
5807,6125,1,1,0.19879
581,12144,1,1,0.19879
581,16196,1,1,0.19879
4450,12144,1,1,0.19879
6125,23696,1,1,0.19879
915,16196,1,1,0.19879
1738,10892,1,1,0.19879
19240,24212,1,1,0.19879
4415,9385,1,1,0.19879
2811,8027,1,1,0.19879
2811,4450,1,1,0.19879
4450,8027,1,1,0.19879
12412,14608,1,1,0.19879
4450,16196,1,1,0.19879
13828,19609,1,1,0.198533
9924,17085,1,1,0.198533
6007,18239,1,1,0.198533
17490,18239,1,1,0.198533
7626,11987,1,1,0.198533
10610,21697,1,1,0.198533
10892,12393,1,1,0.198533
1585,9798,1,1,0.198533
6,19965,1,1,0.198533
4787,19609,1,1,0.198533
19358,23669,1,1,0.198533
19358,23023,1,1,0.198533
4787,13828,1,1,0.198533
907,13298,1,1,0.198533
4184,20322,1,1,0.198533
10557,19493,1,1,0.198533
19493,21816,1,1,0.198533
13322,23314,1,1,0.198533
2120,4289,1,1,0.198278
100,7208,1,1,0.198278
4253,5910,1,1,0.198278
7200,11739,1,1,0.198278
497,7302,1,1,0.198278
9793,10759,1,1,0.198278
1298,11827,1,1,0.198278
914,11827,1,1,0.198278
4253,17527,1,1,0.198278
5258,7766,1,1,0.198278
29032,30548,1,1,0.198278
10356,16224,1,1,0.198278
4253,24549,1,1,0.198278
10708,14328,1,1,0.198278
7066,14328,1,1,0.198278
7066,10708,1,1,0.198278
2221,2363,1,1,0.198278
4253,26858,1,1,0.198278
5258,7326,1,1,0.198278
1691,18031,1,1,0.198025
28757,28766,1,1,0.198025
1691,23630,1,1,0.198025
18894,23362,1,1,0.198025
16822,21665,1,1,0.198025
15711,22071,1,1,0.198025
2511,15711,1,1,0.198025
23649,24760,1,1,0.198025
21499,25596,1,1,0.198025
13963,14343,1,1,0.198025
22781,31389,1,1,0.198025
7526,25552,1,1,0.198025
6844,26961,1,1,0.198025
15770,17762,1,1,0.198025
7200,9487,1,1,0.198025
837,1173,1,1,0.198025
8149,19479,1,1,0.198025
20683,29449,1,1,0.198025
17762,29449,1,1,0.198025
2732,11463,1,1,0.198025
15770,20683,1,1,0.198025
7474,21285,1,1,0.198025
1851,21397,1,1,0.198025
7540,23630,1,1,0.198025
11632,14059,1,1,0.198025
7797,10240,1,1,0.198025
11381,13187,1,1,0.198025
13187,20923,1,1,0.198025
13187,20969,1,1,0.198025
2525,16428,1,1,0.198025
2525,17862,1,1,0.198025
16428,17862,1,1,0.198025
8850,21013,1,1,0.198025
6164,6511,1,1,0.198025
11234,14427,1,1,0.198025
1804,8593,1,1,0.198025
4797,7351,1,1,0.198025
1660,4590,1,1,0.198025
8850,23556,1,1,0.198025
353,7351,1,1,0.198025
353,4797,1,1,0.198025
9391,9530,1,1,0.198025
4426,10421,1,1,0.198025
21013,23556,1,1,0.198025
1508,1691,1,1,0.198025
1508,7686,1,1,0.198025
1508,13440,1,1,0.198025
1508,16661,1,1,0.198025
2632,4121,1,1,0.198025
1660,5739,1,1,0.198025
1691,13440,1,1,0.198025
2425,11632,1,1,0.198025
6164,8757,1,1,0.198025
6170,6511,1,1,0.198025
9556,11632,1,1,0.198025
3241,14059,1,1,0.198025
3241,11632,1,1,0.198025
3209,14059,1,1,0.198025
3209,11632,1,1,0.198025
3209,9556,1,1,0.198025
3209,3241,1,1,0.198025
2425,14059,1,1,0.198025
2425,3241,1,1,0.198025
4590,5739,1,1,0.198025
2425,3209,1,1,0.198025
16393,17799,1,1,0.198025
3145,17799,1,1,0.198025
3145,16393,1,1,0.198025
14162,15894,1,1,0.198025
8257,18822,1,1,0.198025
4190,4355,1,1,0.198025
5005,5305,1,1,0.198025
6170,8757,1,1,0.198025
6511,8757,1,1,0.198025
1691,7686,1,1,0.198025
4426,10386,1,1,0.198025
1691,16361,1,1,0.198025
13440,16661,1,1,0.198025
18698,22262,1,1,0.198025
1691,16661,1,1,0.198025
7686,13440,1,1,0.198025
7686,16361,1,1,0.198025
7686,16661,1,1,0.198025
16361,16661,1,1,0.198025
2512,7722,1,1,0.197775
2933,3677,1,1,0.197775
4092,4352,1,1,0.197775
3541,5697,1,1,0.197527
6457,13869,1,1,0.197527
2033,2098,1,1,0.197527
9037,14174,1,1,0.197527
6627,20278,1,1,0.197527
2827,8789,1,1,0.197527
10752,22971,1,1,0.197527
5656,6844,1,1,0.197281
21181,21184,1,1,0.197281
6752,9120,1,1,0.197281
1128,20796,1,1,0.197281
2480,22528,1,1,0.197281
1160,26094,1,1,0.197281
1127,20796,1,1,0.197281
3218,5782,1,1,0.197281
6813,25863,1,1,0.197281
12111,18581,1,1,0.197281
423,2297,1,1,0.197281
3218,5395,1,1,0.197281
27240,29181,1,1,0.197038
27240,29878,1,1,0.197038
25326,25771,1,1,0.197038
2560,19487,1,1,0.197038
1437,23412,1,1,0.197038
3285,7900,1,1,0.197038
26850,26912,1,1,0.197038
12884,18378,1,1,0.197038
13324,27351,1,1,0.197038
993,27351,1,1,0.197038
11853,16632,1,1,0.197038
517,16632,1,1,0.197038
7900,8990,1,1,0.197038
3312,3503,1,1,0.197038
12662,16632,1,1,0.197038
15014,19637,1,1,0.197038
4220,17065,1,1,0.197038
11917,23412,1,1,0.197038
1437,8990,1,1,0.197038
1291,16632,1,1,0.197038
5167,14557,1,1,0.197038
435,3314,1,1,0.197038
4236,14557,1,1,0.197038
4236,5167,1,1,0.197038
1437,11917,1,1,0.197038
1043,6294,1,1,0.197038
1608,3314,1,1,0.197038
3296,17575,1,1,0.197038
8990,23412,1,1,0.197038
3492,20527,1,1,0.197038
1564,29181,1,1,0.197038
128,18125,1,1,0.197038
254,8166,1,1,0.197038
875,8088,1,1,0.197038
3645,5282,1,1,0.197038
3645,4159,1,1,0.197038
3488,4861,1,1,0.197038
17697,18143,1,1,0.197038
2564,14328,1,1,0.197038
27762,28052,1,1,0.197038
2564,15754,1,1,0.197038
3073,3488,1,1,0.197038
10309,27645,1,1,0.197038
14328,15754,1,1,0.197038
1564,27240,1,1,0.197038
5282,15238,1,1,0.197038
4159,15238,1,1,0.197038
16632,25356,1,1,0.197038
1564,29878,1,1,0.197038
4011,8097,1,1,0.197038
11719,14897,1,1,0.196556
15551,22183,1,1,0.196556
3387,11996,1,1,0.196556
1415,14687,1,1,0.196556
581,2380,1,1,0.196319
22514,25106,1,1,0.196319
22514,24243,1,1,0.196319
4586,11041,1,1,0.196319
3879,20659,1,1,0.196319
22514,24173,1,1,0.196319
7251,8397,1,1,0.196319
3660,14685,1,1,0.196084
3660,18703,1,1,0.196084
16095,19443,1,1,0.196084
10356,23296,1,1,0.196084
14546,15331,1,1,0.196084
2525,24866,1,1,0.196084
26017,31309,1,1,0.196084
3563,18381,1,1,0.19585
211,29304,1,1,0.19585
13436,31024,1,1,0.19585
27619,28729,1,1,0.19585
11250,14782,1,1,0.19585
1966,11245,1,1,0.19585
211,28729,1,1,0.19585
11250,15719,1,1,0.19585
3817,16418,1,1,0.19585
14782,15719,1,1,0.19585
25278,27560,1,1,0.19585
7535,17964,1,1,0.19585
7535,16807,1,1,0.19585
7945,27833,1,1,0.19585
20976,27833,1,1,0.19585
5894,18597,1,1,0.19585
11591,28608,1,1,0.19585
26130,27303,1,1,0.19585
9074,25095,1,1,0.19585
5894,27527,1,1,0.19585
211,27619,1,1,0.19585
27750,30475,1,1,0.19585
1768,11245,1,1,0.19585
9074,10651,1,1,0.19585
9074,25128,1,1,0.19585
10651,25095,1,1,0.19585
10651,25128,1,1,0.19585
25095,25128,1,1,0.19585
27600,27919,1,1,0.19585
13436,26533,1,1,0.19585
28729,29304,1,1,0.19585
26533,31024,1,1,0.19585
182,867,1,1,0.19585
6120,7708,1,1,0.19585
1024,2512,1,1,0.19585
2512,8347,1,1,0.19585
28718,29304,1,1,0.19585
1141,11739,1,1,0.19585
13486,22443,1,1,0.19585
24629,27084,1,1,0.19585
5755,10362,1,1,0.19585
5142,12689,1,1,0.19585
9895,13580,1,1,0.19585
182,708,1,1,0.19585
19539,22699,1,1,0.19585
182,2372,1,1,0.19585
182,2466,1,1,0.19585
182,11361,1,1,0.19585
708,2372,1,1,0.19585
708,2466,1,1,0.19585
867,2372,1,1,0.19585
867,2466,1,1,0.19585
2372,2466,1,1,0.19585
2372,11361,1,1,0.19585
2466,11361,1,1,0.19585
1074,14129,1,1,0.19585
27619,29304,1,1,0.19585
7539,13595,1,1,0.195619
8673,8683,1,1,0.195619
6601,9527,1,1,0.195619
4199,4304,1,1,0.195619
18031,21941,1,1,0.195619
13239,17114,1,1,0.195619
7480,19115,1,1,0.195619
2224,15983,1,1,0.195619
6164,7480,1,1,0.195619
11375,21578,1,1,0.195619
565,24622,1,1,0.195619
14833,22884,1,1,0.195619
29309,29339,1,1,0.195619
6319,10832,1,1,0.195619
24488,24553,1,1,0.195619
4330,10362,1,1,0.195619
4681,16778,1,1,0.195389
11923,18107,1,1,0.195389
2600,13848,1,1,0.195389
16467,18190,1,1,0.195389
2811,18190,1,1,0.195389
2600,18190,1,1,0.195389
5089,9739,1,1,0.195389
9246,12393,1,1,0.195389
15837,16467,1,1,0.195389
16778,20289,1,1,0.195389
9556,16778,1,1,0.195389
16778,22279,1,1,0.195389
23108,23168,1,1,0.195389
5834,17351,1,1,0.195389
3005,23386,1,1,0.195389
581,1101,1,1,0.195389
608,16467,1,1,0.195389
8764,10238,1,1,0.195389
6873,9739,1,1,0.195389
5089,16778,1,1,0.195389
13848,14476,1,1,0.195389
4415,5089,1,1,0.195389
4415,16778,1,1,0.195389
608,6873,1,1,0.195389
16778,20423,1,1,0.195389
17125,18276,1,1,0.195389
9739,20783,1,1,0.195389
13848,14796,1,1,0.195389
10238,13848,1,1,0.195389
6873,20783,1,1,0.195389
21466,29914,1,1,0.195161
608,2811,1,1,0.195161
18958,20325,1,1,0.195161
18,263,1,1,0.195161
18954,20325,1,1,0.195161
10454,11098,1,1,0.194936
9279,9763,1,1,0.194936
7112,8166,1,1,0.194936
1107,1161,1,1,0.194936
6457,11098,1,1,0.194936
2512,17085,1,1,0.194936
8812,11814,1,1,0.194936
8242,9358,1,1,0.194936
27625,30915,1,1,0.19449
17736,25114,1,1,0.19449
685,12109,1,1,0.19449
1592,2503,1,1,0.19449
1591,2503,1,1,0.19449
10454,12462,1,1,0.19449
16711,19051,1,1,0.194269
24326,26068,1,1,0.194269
18025,19049,1,1,0.194269
75,1920,1,1,0.194269
2380,9611,1,1,0.194269
12574,16993,1,1,0.194269
6089,10138,1,1,0.194269
5109,8673,1,1,0.194269
21100,25773,1,1,0.194269
8721,21666,1,1,0.194269
1536,19324,1,1,0.194269
1536,19170,1,1,0.194269
3553,7328,1,1,0.194269
1662,3553,1,1,0.194269
12979,17855,1,1,0.194269
4787,8347,1,1,0.194051
3798,14072,1,1,0.194051
18443,20951,1,1,0.193619
10224,12551,1,1,0.193619
19804,24763,1,1,0.193619
10224,12393,1,1,0.193619
2526,18443,1,1,0.193619
2526,20951,1,1,0.193619
6007,10224,1,1,0.193619
2288,4220,1,1,0.193619
3222,8594,1,1,0.193619
2288,3911,1,1,0.193619
11889,29076,1,1,0.193619
11814,14810,1,1,0.193619
6863,19104,1,1,0.193619
12172,19625,1,1,0.193619
4220,5275,1,1,0.193619
3911,4220,1,1,0.193619
931,10224,1,1,0.193619
8593,9496,1,1,0.193619
10224,26777,1,1,0.193619
2767,11814,1,1,0.193619
2767,4289,1,1,0.193619
1358,11820,1,1,0.193619
27029,31581,1,1,0.193619
13560,30162,1,1,0.193619
26777,28358,1,1,0.193619
10224,28358,1,1,0.193619
23946,24098,1,1,0.193619
517,18018,1,1,0.193619
12690,14393,1,1,0.193619
10224,13325,1,1,0.193619
10897,21430,1,1,0.193619
18018,18943,1,1,0.193619
16822,24004,1,1,0.193619
10468,28843,1,1,0.193619
16340,25833,1,1,0.193619
581,2775,1,1,0.193619
13325,18018,1,1,0.193619
8397,12690,1,1,0.193619
10302,14330,1,1,0.193405
14330,17546,1,1,0.193405
10302,17546,1,1,0.193405
10430,11599,1,1,0.193405
8896,19146,1,1,0.193405
6458,19728,1,1,0.193405
20169,20945,1,1,0.193405
10110,10478,1,1,0.193405
1789,8183,1,1,0.193405
10536,11599,1,1,0.193405
21221,22287,1,1,0.193194
12024,12762,1,1,0.193194
6128,9674,1,1,0.193194
3484,10592,1,1,0.193194
6367,16723,1,1,0.193194
3474,7832,1,1,0.193194
779,1804,1,1,0.193194
879,5444,1,1,0.193194
4899,5291,1,1,0.193194
1873,14002,1,1,0.193194
11091,11766,1,1,0.193194
681,18971,1,1,0.193194
5129,18205,1,1,0.193194
12443,18205,1,1,0.193194
1423,29649,1,1,0.193194
25639,27197,1,1,0.193194
20785,27877,1,1,0.193194
4374,21497,1,1,0.193194
63,317,1,1,0.193194
12298,12443,1,1,0.193194
9348,9487,1,1,0.192984
568,15961,1,1,0.192775
9864,11780,1,1,0.192775
4562,4991,1,1,0.192775
2039,28992,1,1,0.192775
6305,12325,1,1,0.192775
12325,18242,1,1,0.192775
3087,6489,1,1,0.192775
25021,30946,1,1,0.192775
1804,10171,1,1,0.192775
27774,28633,1,1,0.192775
2934,20966,1,1,0.192775
565,1438,1,1,0.192775
13652,20942,1,1,0.192775
1438,14833,1,1,0.192775
565,14833,1,1,0.192775
1075,2231,1,1,0.192775
1439,14766,1,1,0.192775
1804,11936,1,1,0.192775
1555,21815,1,1,0.192775
4562,26812,1,1,0.192775
1155,18619,1,1,0.192775
14766,27919,1,1,0.192775
13112,18665,1,1,0.192775
15990,24536,1,1,0.192775
5275,18665,1,1,0.192775
1555,8824,1,1,0.192775
25247,25443,1,1,0.192569
8252,9042,1,1,0.192569
12904,21325,1,1,0.192569
12904,14541,1,1,0.192569
1043,2811,1,1,0.192569
4028,11371,1,1,0.192569
14230,17870,1,1,0.192569
7745,14230,1,1,0.192569
2166,8045,1,1,0.192569
10263,12742,1,1,0.192569
3334,17191,1,1,0.192363
7140,9037,1,1,0.192363
2584,6457,1,1,0.192363
23749,27077,1,1,0.19216
25440,28257,1,1,0.19216
15397,31542,1,1,0.19216
17440,21634,1,1,0.19216
21395,23862,1,1,0.19216
17970,30196,1,1,0.19216
26076,26242,1,1,0.19216
11706,23452,1,1,0.19216
11706,23829,1,1,0.19216
23452,23829,1,1,0.19216
22364,22536,1,1,0.19216
14880,26242,1,1,0.19216
14880,26076,1,1,0.19216
7251,27680,1,1,0.191958
1167,12393,1,1,0.191958
18338,26964,1,1,0.191958
8229,8705,1,1,0.191958
4601,26964,1,1,0.191958
9875,19605,1,1,0.191958
5037,8119,1,1,0.191958
1777,6477,1,1,0.191958
10584,26911,1,1,0.191958
1386,6477,1,1,0.191958
25201,26199,1,1,0.191958
1386,1777,1,1,0.191958
18031,30159,1,1,0.191757
212,1704,1,1,0.191757
3211,11657,1,1,0.191757
14332,15169,1,1,0.191757
29347,29467,1,1,0.191558
15144,26656,1,1,0.191558
9610,11906,1,1,0.191558
3640,4288,1,1,0.191558
2851,4426,1,1,0.191558
2946,15667,1,1,0.19136
2033,7722,1,1,0.19136
16972,23330,1,1,0.19136
7619,9095,1,1,0.19136
53,18648,1,1,0.19136
50,18648,1,1,0.19136
7140,13176,1,1,0.19136
6946,13176,1,1,0.19136
6844,16095,1,1,0.190969
9474,19698,1,1,0.190969
10536,19698,1,1,0.190969
6816,8020,1,1,0.190969
22088,23212,1,1,0.190969
3168,17593,1,1,0.190969
23212,26911,1,1,0.190969
3954,18546,1,1,0.190969
545,10536,1,1,0.190969
11204,25080,1,1,0.190969
21265,28824,1,1,0.190969
1915,2033,1,1,0.190969
9924,15302,1,1,0.190969
6844,15257,1,1,0.190969
10594,27150,1,1,0.190969
10594,21597,1,1,0.190969
15211,23362,1,1,0.190969
545,19698,1,1,0.190969
22088,26911,1,1,0.190969
3170,11570,1,1,0.190969
2709,11905,1,1,0.190969
11905,12856,1,1,0.190969
2709,12856,1,1,0.190969
6011,9042,1,1,0.190969
1167,14063,1,1,0.190969
20576,23642,1,1,0.190969
4559,15378,1,1,0.190969
545,9474,1,1,0.190969
12807,16228,1,1,0.190969
5661,12856,1,1,0.190969
2564,11905,1,1,0.190969
2564,12856,1,1,0.190969
3462,7089,1,1,0.190969
2564,2709,1,1,0.190969
2564,5661,1,1,0.190969
220,10342,1,1,0.190969
6011,9041,1,1,0.190969
5661,11905,1,1,0.190969
2709,5661,1,1,0.190969
21974,23789,1,1,0.190584
5661,11041,1,1,0.190584
7563,17256,1,1,0.190584
2946,4141,1,1,0.190584
8001,19671,1,1,0.190584
8948,17256,1,1,0.190584
2134,2946,1,1,0.190584
2033,3750,1,1,0.190584
18986,22247,1,1,0.190584
7563,8948,1,1,0.190584
1634,4662,1,1,0.190584
986,25769,1,1,0.190584
10951,13576,1,1,0.190584
5756,27277,1,1,0.190584
5756,22259,1,1,0.190584
22629,24351,1,1,0.190584
5888,20819,1,1,0.190584
5677,5756,1,1,0.190584
9731,10075,1,1,0.190584
26133,31136,1,1,0.190584
1164,25769,1,1,0.190584
937,1435,1,1,0.190584
986,1164,1,1,0.190584
11455,28481,1,1,0.190584
11333,28481,1,1,0.190584
2600,26397,1,1,0.190584
2379,10922,1,1,0.190584
2600,24685,1,1,0.190584
10892,15140,1,1,0.190584
2379,18244,1,1,0.190584
1099,12001,1,1,0.190394
8012,20894,1,1,0.190394
6684,7447,1,1,0.190394
20645,24161,1,1,0.190394
24161,24526,1,1,0.190394
20785,21219,1,1,0.190394
1004,8476,1,1,0.190394
4422,6684,1,1,0.190394
4426,8476,1,1,0.190394
15882,22690,1,1,0.190394
1004,4426,1,1,0.190394
6684,7131,1,1,0.190394
7400,7798,1,1,0.190394
7447,7798,1,1,0.190394
5105,7103,1,1,0.190394
7131,7447,1,1,0.190394
7131,7798,1,1,0.190394
10879,11686,1,1,0.190394
4422,7798,1,1,0.190394
6684,7400,1,1,0.190394
10872,22690,1,1,0.190394
6684,7798,1,1,0.190394
4422,7131,1,1,0.190394
7131,7400,1,1,0.190394
3813,6230,1,1,0.190394
7832,13170,1,1,0.190394
13034,17892,1,1,0.190205
13034,20951,1,1,0.190205
2380,8768,1,1,0.190205
1291,8397,1,1,0.190205
4567,8764,1,1,0.190205
13034,18421,1,1,0.190205
3565,19897,1,1,0.190205
1167,11696,1,1,0.190205
8764,17761,1,1,0.190205
4567,17761,1,1,0.190205
7278,17761,1,1,0.190205
10671,11696,1,1,0.190205
7278,8764,1,1,0.190205
4567,7278,1,1,0.190205
5167,17761,1,1,0.190205
5167,8764,1,1,0.190205
5167,7278,1,1,0.190205
2345,8363,1,1,0.18983
2995,11046,1,1,0.18983
15596,20044,1,1,0.18983
8888,14686,1,1,0.18983
14686,15205,1,1,0.18983
9520,14686,1,1,0.18983
1374,4787,1,1,0.18983
22560,23362,1,1,0.18983
3330,9611,1,1,0.18983
23720,26062,1,1,0.18983
31342,31389,1,1,0.18983
2019,4177,1,1,0.18983
2638,18840,1,1,0.18983
14686,17443,1,1,0.18983
4220,4579,1,1,0.18983
14686,16411,1,1,0.18983
2019,12850,1,1,0.18983
715,12689,1,1,0.18983
715,12354,1,1,0.18983
2328,8685,1,1,0.18983
643,3746,1,1,0.18983
483,11159,1,1,0.18983
16638,25773,1,1,0.18983
2971,9916,1,1,0.18983
2345,9916,1,1,0.18983
23254,30705,1,1,0.18983
4787,5662,1,1,0.18983
1951,6795,1,1,0.18983
9272,16638,1,1,0.18983
2511,5282,1,1,0.18983
177,6762,1,1,0.18983
2577,5110,1,1,0.18983
1477,15963,1,1,0.18983
5110,7201,1,1,0.18983
3746,5621,1,1,0.18983
265,607,1,1,0.18983
177,6764,1,1,0.18983
2019,5394,1,1,0.18983
10470,11021,1,1,0.18983
4220,13983,1,1,0.18983
3819,20044,1,1,0.18983
16290,17085,1,1,0.18983
4562,9229,1,1,0.18983
2130,8284,1,1,0.18983
3473,11531,1,1,0.18983
2130,25898,1,1,0.18983
8284,22710,1,1,0.18983
8284,25898,1,1,0.18983
2995,8837,1,1,0.18983
22710,25898,1,1,0.18983
20776,25093,1,1,0.18983
2145,18207,1,1,0.18983
14991,23231,1,1,0.18983
22873,23231,1,1,0.18983
8734,14914,1,1,0.18983
7445,8107,1,1,0.18983
3869,20776,1,1,0.18983
2511,3535,1,1,0.18983
478,2134,1,1,0.18983
478,16182,1,1,0.18983
3502,8734,1,1,0.18983
1374,4386,1,1,0.18983
227,3819,1,1,0.18983
868,2564,1,1,0.18983
7140,25599,1,1,0.18983
11151,17085,1,1,0.18983
4220,24705,1,1,0.18983
5147,25377,1,1,0.18983
7140,12878,1,1,0.18983
7140,25634,1,1,0.18983
12878,25634,1,1,0.18983
3610,26062,1,1,0.18983
6155,26786,1,1,0.18983
3142,4077,1,1,0.18983
2565,7252,1,1,0.18983
11713,15596,1,1,0.18983
10405,11836,1,1,0.18983
11820,11836,1,1,0.18983
8088,12360,1,1,0.18983
14809,15596,1,1,0.18983
15596,18963,1,1,0.18983
10405,11174,1,1,0.18983
8758,11713,1,1,0.18983
2134,16182,1,1,0.18983
9668,12249,1,1,0.189645
7600,25514,1,1,0.189645
24050,27538,1,1,0.189645
21924,22833,1,1,0.189645
10258,19765,1,1,0.189645
15619,18561,1,1,0.189645
1647,3658,1,1,0.189279
1647,3488,1,1,0.189279
967,3488,1,1,0.189279
2614,3488,1,1,0.189279
6830,8166,1,1,0.189279
4386,25861,1,1,0.189279
5998,9223,1,1,0.189279
867,3488,1,1,0.189279
6162,8149,1,1,0.189279
552,3399,1,1,0.189279
4853,8817,1,1,0.189279
938,10316,1,1,0.189279
6570,14674,1,1,0.189279
23719,23984,1,1,0.189279
8242,10106,1,1,0.189279
5446,8149,1,1,0.189279
23143,23830,1,1,0.188739
5853,20116,1,1,0.188739
1014,3976,1,1,0.188739
1291,3976,1,1,0.188739
21737,26151,1,1,0.188385
268,2713,1,1,0.188385
23845,24472,1,1,0.188385
2834,4424,1,1,0.188385
7251,21134,1,1,0.188385
6007,21914,1,1,0.188385
9512,16288,1,1,0.188385
6007,16863,1,1,0.188385
1564,6007,1,1,0.188385
9583,12305,1,1,0.188385
12573,13006,1,1,0.188385
11752,12573,1,1,0.188385
10210,13006,1,1,0.188385
10210,12573,1,1,0.188385
6007,10886,1,1,0.188385
3038,26315,1,1,0.188385
690,3976,1,1,0.188385
7255,11686,1,1,0.188385
1740,17274,1,1,0.188385
1438,11686,1,1,0.188385
887,4106,1,1,0.188385
2442,2445,1,1,0.188385
2445,7261,1,1,0.188385
3286,11407,1,1,0.188385
10774,21312,1,1,0.188385
4355,18406,1,1,0.188385
4177,18406,1,1,0.188385
4903,17719,1,1,0.188385
3969,12276,1,1,0.188385
4668,8820,1,1,0.188385
2017,17139,1,1,0.18821
6680,9245,1,1,0.18821
1692,4787,1,1,0.18821
9829,17328,1,1,0.18821
3654,14126,1,1,0.18821
14469,14763,1,1,0.18821
3170,10586,1,1,0.18821
6466,17065,1,1,0.18821
25255,30011,1,1,0.18821
2103,2794,1,1,0.188036
22787,22792,1,1,0.188036
2511,6775,1,1,0.188036
607,6850,1,1,0.188036
2778,7266,1,1,0.188036
4732,12152,1,1,0.188036
2511,12152,1,1,0.188036
2511,4732,1,1,0.188036
5473,6400,1,1,0.188036
423,9130,1,1,0.188036
10594,23638,1,1,0.188036
24015,30139,1,1,0.188036
247,7266,1,1,0.188036
23719,25383,1,1,0.188036
5925,10140,1,1,0.188036
6775,12545,1,1,0.188036
247,2778,1,1,0.188036
3640,15172,1,1,0.188036
8068,14716,1,1,0.188036
189,12927,1,1,0.188036
13616,22897,1,1,0.188036
4193,15196,1,1,0.188036
871,10796,1,1,0.188036
871,8664,1,1,0.188036
7558,27601,1,1,0.188036
6120,28624,1,1,0.188036
265,5545,1,1,0.188036
1030,6400,1,1,0.188036
2511,12545,1,1,0.188036
9264,14256,1,1,0.187864
423,1518,1,1,0.187864
7722,15596,1,1,0.187864
21258,24921,1,1,0.187864
6817,19081,1,1,0.187864
3016,27011,1,1,0.187864
19845,25284,1,1,0.187864
24085,25284,1,1,0.187864
11570,13381,1,1,0.187864
4159,4262,1,1,0.187864
10061,13580,1,1,0.187864
4262,5282,1,1,0.187864
2249,11823,1,1,0.187864
21983,25470,1,1,0.187864
1870,3331,1,1,0.187864
7140,21504,1,1,0.187352
1684,5973,1,1,0.187352
26340,27969,1,1,0.187352
3459,10356,1,1,0.187352
2288,9348,1,1,0.187352
1376,20576,1,1,0.187352
5973,14945,1,1,0.187352
5973,14848,1,1,0.187352
1684,14848,1,1,0.187352
1684,14945,1,1,0.187352
4262,14813,1,1,0.187352
1591,2369,1,1,0.187352
9541,11693,1,1,0.187184
2313,20044,1,1,0.187184
108,3376,1,1,0.187184
108,3375,1,1,0.187184
108,2379,1,1,0.187184
108,227,1,1,0.187184
11836,14537,1,1,0.187184
3583,16242,1,1,0.187184
10434,16403,1,1,0.187184
4100,6657,1,1,0.187184
4559,18914,1,1,0.187184
227,2313,1,1,0.187184
11836,15869,1,1,0.187184
17029,20425,1,1,0.187184
19332,24751,1,1,0.187184
18861,26987,1,1,0.187184
108,1173,1,1,0.187184
3068,12042,1,1,0.186686
5973,20505,1,1,0.186686
19144,21622,1,1,0.186686
1419,9746,1,1,0.186686
11336,14582,1,1,0.186686
17421,18161,1,1,0.186686
2258,17421,1,1,0.186686
3898,9348,1,1,0.186686
1631,9763,1,1,0.186686
21665,21980,1,1,0.186686
16262,19151,1,1,0.186686
8612,11336,1,1,0.186686
2288,5147,1,1,0.186686
23138,24705,1,1,0.186686
23138,24921,1,1,0.186686
1769,23138,1,1,0.186686
1213,23138,1,1,0.186686
7200,8166,1,1,0.186686
5766,23138,1,1,0.186686
11336,23138,1,1,0.186686
13117,23138,1,1,0.186686
7200,10937,1,1,0.186686
11041,21622,1,1,0.186686
9348,13117,1,1,0.186686
2511,5973,1,1,0.186686
13450,21980,1,1,0.186686
11761,15781,1,1,0.186686
21143,23655,1,1,0.186686
21980,23153,1,1,0.186686
10769,11749,1,1,0.186686
17624,19151,1,1,0.186686
2511,2512,1,1,0.186686
19625,23138,1,1,0.186686
4787,7563,1,1,0.186686
8347,9763,1,1,0.186686
1419,7563,1,1,0.186686
4837,13328,1,1,0.186686
4837,9348,1,1,0.186686
11320,13328,1,1,0.186686
8347,9348,1,1,0.186686
7563,11174,1,1,0.186686
11041,12784,1,1,0.186686
7563,12784,1,1,0.186686
7563,11041,1,1,0.186686
7563,10163,1,1,0.186686
2369,7563,1,1,0.186686
6059,11041,1,1,0.186686
9763,16178,1,1,0.186686
6059,9348,1,1,0.186686
7200,10163,1,1,0.186686
2314,9348,1,1,0.186686
2369,9348,1,1,0.186686
1044,8990,1,1,0.186686
2314,6828,1,1,0.186686
6653,7200,1,1,0.186686
2033,2614,1,1,0.186686
1993,2033,1,1,0.186686
1107,1993,1,1,0.186686
21980,25284,1,1,0.186686
13291,23453,1,1,0.186686
2314,14361,1,1,0.186686
1750,7563,1,1,0.186686
3954,9348,1,1,0.186686
1419,9348,1,1,0.186686
8191,16178,1,1,0.186686
3551,13117,1,1,0.186686
7563,9066,1,1,0.186686
2667,17421,1,1,0.186686
4787,9763,1,1,0.186686
7563,13117,1,1,0.186686
11174,17421,1,1,0.186686
9348,11174,1,1,0.186686
7895,17421,1,1,0.186686
7895,9348,1,1,0.186686
10171,17421,1,1,0.186686
9348,10171,1,1,0.186686
2360,7563,1,1,0.186686
2360,5766,1,1,0.186686
9763,16687,1,1,0.186686
9348,14361,1,1,0.186686
9763,13328,1,1,0.186686
9763,11041,1,1,0.186686
8191,11041,1,1,0.186686
9763,13046,1,1,0.186686
1173,9348,1,1,0.186686
5159,9348,1,1,0.186686
9348,14919,1,1,0.186686
3657,14919,1,1,0.186686
3657,9348,1,1,0.186686
11041,26062,1,1,0.186686
13117,21820,1,1,0.186686
51,10156,1,1,0.186686
7200,10936,1,1,0.186686
3954,10937,1,1,0.186686
13351,16382,1,1,0.186686
3954,10936,1,1,0.186686
1591,3854,1,1,0.186686
1173,1591,1,1,0.186686
5603,8825,1,1,0.186686
51,13351,1,1,0.186686
51,16382,1,1,0.186686
10156,16382,1,1,0.186686
2564,4252,1,1,0.186522
7184,23741,1,1,0.186522
3306,15840,1,1,0.186522
11768,25294,1,1,0.186522
11768,25320,1,1,0.186522
1173,22560,1,1,0.186522
21195,23107,1,1,0.186522
3478,23315,1,1,0.186522
2258,3848,1,1,0.186522
7563,14462,1,1,0.186522
8121,11814,1,1,0.186522
2658,3306,1,1,0.186522
611,1118,1,1,0.186522
4114,11242,1,1,0.186522
1105,7563,1,1,0.186522
4262,9763,1,1,0.186522
3669,10765,1,1,0.186522
7563,16262,1,1,0.186522
10168,11677,1,1,0.186522
10168,11972,1,1,0.186522
382,3280,1,1,0.186522
1526,1638,1,1,0.186522
6808,22701,1,1,0.186359
9976,17862,1,1,0.186359
7367,25624,1,1,0.186359
6808,23077,1,1,0.186359
25203,26656,1,1,0.186359
3913,26656,1,1,0.186359
10300,23170,1,1,0.186359
10300,26656,1,1,0.186359
23170,26656,1,1,0.186359
19361,28926,1,1,0.186359
4628,26656,1,1,0.186359
6508,22215,1,1,0.186359
217,26656,1,1,0.186359
4243,19523,1,1,0.186359
6808,26656,1,1,0.186359
19361,26656,1,1,0.186359
27723,29790,1,1,0.186359
25624,26656,1,1,0.186359
6579,6808,1,1,0.186359
6579,22701,1,1,0.186359
5147,15144,1,1,0.186359
20645,22736,1,1,0.186359
13923,22736,1,1,0.186359
6808,20519,1,1,0.186359
59,20519,1,1,0.186359
28725,29692,1,1,0.186359
28725,29688,1,1,0.186359
870,29692,1,1,0.186359
870,29688,1,1,0.186359
870,28725,1,1,0.186359
27551,29241,1,1,0.186359
11473,29241,1,1,0.186359
11473,27551,1,1,0.186359
24442,29241,1,1,0.186359
26656,30583,1,1,0.186359
12629,20519,1,1,0.186359
5843,17878,1,1,0.186359
20065,20519,1,1,0.186359
15666,20519,1,1,0.186359
3712,10558,1,1,0.186359
5147,23188,1,1,0.186359
7650,15144,1,1,0.186359
7650,23188,1,1,0.186359
12564,15144,1,1,0.186359
12564,23188,1,1,0.186359
15144,23188,1,1,0.186359
11917,20519,1,1,0.186359
20519,24847,1,1,0.186359
13923,20645,1,1,0.186359
26656,30474,1,1,0.186359
10618,13231,1,1,0.186037
21373,21383,1,1,0.186037
8702,15225,1,1,0.186037
338,3238,1,1,0.186037
1157,13720,1,1,0.186037
1157,17563,1,1,0.186037
13720,17563,1,1,0.186037
8436,8602,1,1,0.186037
2005,20442,1,1,0.186037
19,19853,1,1,0.186037
19,20442,1,1,0.186037
19,22590,1,1,0.186037
20,19853,1,1,0.186037
20,20442,1,1,0.186037
20,22590,1,1,0.186037
2005,19853,1,1,0.186037
6577,7650,1,1,0.186037
20442,22590,1,1,0.186037
19853,22590,1,1,0.186037
12371,13370,1,1,0.186037
2005,22590,1,1,0.186037
4891,14293,1,1,0.186037
4891,13660,1,1,0.186037
3190,5142,1,1,0.186037
112,3190,1,1,0.186037
3954,7066,1,1,0.185877
3737,18698,1,1,0.185877
2023,17139,1,1,0.185877
1576,3954,1,1,0.185877
1693,21527,1,1,0.185561
14397,18312,1,1,0.185561
3316,7567,1,1,0.185561
3316,4371,1,1,0.185561
2200,17837,1,1,0.185561
641,8705,1,1,0.185561
450,23728,1,1,0.185561
4125,12609,1,1,0.185561
1460,21527,1,1,0.185561
11000,12904,1,1,0.185561
3976,12904,1,1,0.185561
3976,11000,1,1,0.185561
18530,19482,1,1,0.185561
1900,2380,1,1,0.185561
4374,11458,1,1,0.185093
21061,23971,1,1,0.185093
9432,13184,1,1,0.185093
4289,12693,1,1,0.185093
20008,27734,1,1,0.185093
9887,23077,1,1,0.185093
6011,8252,1,1,0.185093
478,8252,1,1,0.185093
9037,11461,1,1,0.185093
3035,21189,1,1,0.185093
8824,9410,1,1,0.185093
9410,21815,1,1,0.185093
14842,22672,1,1,0.185093
6117,25718,1,1,0.18494
1150,6313,1,1,0.18494
3926,5303,1,1,0.18494
21817,23649,1,1,0.18494
8565,17676,1,1,0.18494
4009,22383,1,1,0.18494
20446,29452,1,1,0.18494
10362,25042,1,1,0.184787
2369,3994,1,1,0.184787
2511,2786,1,1,0.184787
3427,7198,1,1,0.184787
83,10356,1,1,0.184787
6969,8074,1,1,0.184787
18861,25216,1,1,0.184787
4787,7722,1,1,0.184787
11999,26389,1,1,0.184787
768,16182,1,1,0.184787
2365,3427,1,1,0.184484
1920,8847,1,1,0.184484
77,3060,1,1,0.184484
18837,19001,1,1,0.184484
2560,19340,1,1,0.184484
227,2369,1,1,0.184484
8412,9037,1,1,0.184484
6836,24911,1,1,0.184484
3879,7043,1,1,0.184484
1714,28092,1,1,0.184484
8233,16219,1,1,0.184484
26362,27438,1,1,0.184484
23362,26860,1,1,0.184484
7481,18464,1,1,0.184484
77,7753,1,1,0.184484
17064,17999,1,1,0.184484
15101,17999,1,1,0.184484
15101,17064,1,1,0.184484
9270,18721,1,1,0.184484
478,3400,1,1,0.184484
10362,12748,1,1,0.184484
145,5973,1,1,0.184484
2328,3975,1,1,0.184484
3060,7753,1,1,0.184484
265,3713,1,1,0.184484
2056,2822,1,1,0.184484
11467,17443,1,1,0.184484
10353,10897,1,1,0.184484
108,20990,1,1,0.184484
108,8837,1,1,0.184484
2546,13176,1,1,0.184484
7555,9049,1,1,0.184484
4528,5123,1,1,0.184484
3375,11719,1,1,0.184484
3375,4502,1,1,0.184484
1634,10353,1,1,0.184484
1634,10897,1,1,0.184484
8191,8612,1,1,0.184484
1254,2778,1,1,0.184484
1634,4528,1,1,0.184484
2560,8837,1,1,0.184484
4539,17563,1,1,0.184484
8094,9882,1,1,0.184484
3070,7518,1,1,0.184484
3070,8145,1,1,0.184484
3306,8765,1,1,0.184484
639,4393,1,1,0.184484
2778,4000,1,1,0.184484
17646,19144,1,1,0.184484
1254,4000,1,1,0.184484
13550,14883,1,1,0.184484
108,13342,1,1,0.184484
17443,18311,1,1,0.184484
17443,21732,1,1,0.184484
18311,19222,1,1,0.184484
4196,9042,1,1,0.184036
2345,22174,1,1,0.184036
1107,2922,1,1,0.184036
8771,28111,1,1,0.184036
16638,28379,1,1,0.184036
24883,24899,1,1,0.184036
1372,2922,1,1,0.184036
478,2345,1,1,0.184036
540,1542,1,1,0.183888
1542,1566,1,1,0.183888
5070,11452,1,1,0.183888
8058,9529,1,1,0.183888
4176,18698,1,1,0.183888
8487,17907,1,1,0.183888
6036,14541,1,1,0.183888
4691,8088,1,1,0.183742
2648,8088,1,1,0.183742
4262,8088,1,1,0.183742
2511,8088,1,1,0.183742
4502,9985,1,1,0.183742
20776,21867,1,1,0.183742
13585,18989,1,1,0.183742
6779,26491,1,1,0.183742
6817,23216,1,1,0.183742
2564,8812,1,1,0.183742
2511,18989,1,1,0.183742
1596,10440,1,1,0.183596
17899,19875,1,1,0.183596
26282,26543,1,1,0.183596
26130,26543,1,1,0.183596
3568,25257,1,1,0.183596
7295,25974,1,1,0.183596
26384,27456,1,1,0.183596
26293,27456,1,1,0.183596
26171,27534,1,1,0.183596
19875,27534,1,1,0.183596
19875,26171,1,1,0.183596
17899,26171,1,1,0.183596
17899,27534,1,1,0.183596
1768,17899,1,1,0.183596
4114,4268,1,1,0.183307
10243,12176,1,1,0.183307
9348,15138,1,1,0.183307
4199,17753,1,1,0.183307
8644,11587,1,1,0.183307
17385,19526,1,1,0.183307
25908,27310,1,1,0.183307
25400,29875,1,1,0.183307
30340,30930,1,1,0.183307
6274,10525,1,1,0.183307
9897,23765,1,1,0.182739
1413,14766,1,1,0.182739
4334,23124,1,1,0.182739
7140,12835,1,1,0.182739
19024,23765,1,1,0.182739
14430,29382,1,1,0.182739
9897,19024,1,1,0.182739
7140,9897,1,1,0.182739
1991,19294,1,1,0.182739
16978,24245,1,1,0.182739
1134,14444,1,1,0.182739
3457,10095,1,1,0.182739
1940,5006,1,1,0.182739
1799,5006,1,1,0.182739
1379,5006,1,1,0.182739
1991,4430,1,1,0.182739
1972,5395,1,1,0.182739
1684,11174,1,1,0.182739
7140,19024,1,1,0.182739
89,13982,1,1,0.1826
4231,10193,1,1,0.1826
5950,17778,1,1,0.1826
89,10642,1,1,0.1826
5541,10642,1,1,0.1826
18293,29501,1,1,0.1826
5657,6499,1,1,0.1826
20479,20517,1,1,0.1826
5541,13982,1,1,0.1826
993,25898,1,1,0.1826
18,27631,1,1,0.182322
27746,30862,1,1,0.182322
27011,30862,1,1,0.182322
27011,27746,1,1,0.182322
26398,30862,1,1,0.182322
26398,27746,1,1,0.182322
182,531,1,1,0.182322
19252,19509,1,1,0.182322
1173,20027,1,1,0.182322
5245,6437,1,1,0.182322
11841,16359,1,1,0.182322
10275,11841,1,1,0.182322
265,2221,1,1,0.182322
26398,27011,1,1,0.182322
540,1135,1,1,0.181777
9809,26223,1,1,0.181777
16606,17234,1,1,0.181777
14559,21696,1,1,0.181777
16050,18414,1,1,0.181777
20608,29804,1,1,0.181777
3349,3640,1,1,0.181777
7801,8873,1,1,0.181777
16977,17234,1,1,0.181777
9124,10522,1,1,0.181777
16606,16977,1,1,0.181777
6658,8407,1,1,0.181777
9347,10888,1,1,0.181508
20052,26062,1,1,0.181508
138,26060,1,1,0.181508
8840,14875,1,1,0.181508
26062,27043,1,1,0.181508
3110,3989,1,1,0.181508
14875,25526,1,1,0.181508
7721,23446,1,1,0.181508
7721,9713,1,1,0.181508
138,25289,1,1,0.181508
25064,26060,1,1,0.181508
20197,26988,1,1,0.181508
10712,30946,1,1,0.181508
15003,30946,1,1,0.181508
9713,23446,1,1,0.181508
7333,26062,1,1,0.181508
138,25064,1,1,0.181508
26062,30639,1,1,0.181508
1735,3954,1,1,0.181508
3110,26062,1,1,0.181508
3989,26062,1,1,0.181508
30808,30946,1,1,0.181508
16705,30946,1,1,0.181508
4635,20505,1,1,0.181508
3427,7722,1,1,0.181508
2328,7252,1,1,0.181508
3954,22362,1,1,0.181508
11882,12245,1,1,0.181375
1920,4371,1,1,0.181375
21381,26088,1,1,0.181375
26362,26913,1,1,0.181375
4293,26462,1,1,0.181375
632,22184,1,1,0.181375
2448,24705,1,1,0.181375
2546,9496,1,1,0.181375
7354,10245,1,1,0.181375
5265,7354,1,1,0.181375
8621,11441,1,1,0.181375
6946,8256,1,1,0.181375
2145,10541,1,1,0.181375
1213,8427,1,1,0.181375
238,25554,1,1,0.181375
7825,13957,1,1,0.181243
3375,7722,1,1,0.181243
12065,17921,1,1,0.181243
993,16902,1,1,0.181243
993,6844,1,1,0.181243
1154,18393,1,1,0.181243
6352,21271,1,1,0.181243
6458,15963,1,1,0.181243
4295,12041,1,1,0.181243
11849,13099,1,1,0.181243
6517,19877,1,1,0.181243
5037,15358,1,1,0.181111
5145,10263,1,1,0.181111
1438,1493,1,1,0.181111
7186,11686,1,1,0.181111
2200,11686,1,1,0.181111
2200,7186,1,1,0.181111
5145,9213,1,1,0.181111
4184,7693,1,1,0.181111
1438,6747,1,1,0.181111
1438,15842,1,1,0.181111
1493,6747,1,1,0.181111
1493,15842,1,1,0.181111
6747,15842,1,1,0.181111
10669,11724,1,1,0.181111
480,7400,1,1,0.181111
4196,9496,1,1,0.180337
11739,16536,1,1,0.180337
12606,13006,1,1,0.180337
4196,16536,1,1,0.180337
4790,9164,1,1,0.180337
7477,17796,1,1,0.180337
4477,11213,1,1,0.180337
51,17796,1,1,0.180337
13813,16738,1,1,0.180337
7143,14740,1,1,0.180337
4196,14886,1,1,0.180337
7477,14226,1,1,0.180337
2049,2621,1,1,0.180337
51,11336,1,1,0.180337
8612,21690,1,1,0.180337
4196,26862,1,1,0.180337
14766,27312,1,1,0.180337
702,14886,1,1,0.180337
11817,16738,1,1,0.180337
16536,20076,1,1,0.180337
14254,15480,1,1,0.180337
4790,14254,1,1,0.180337
4045,14587,1,1,0.180337
5383,8998,1,1,0.180337
14038,30620,1,1,0.180337
5275,12766,1,1,0.180337
2798,9895,1,1,0.180337
201,12878,1,1,0.180337
16019,24126,1,1,0.180337
5275,6906,1,1,0.180337
4108,12264,1,1,0.180337
227,9104,1,1,0.180337
702,1593,1,1,0.180337
14254,14473,1,1,0.180337
9164,11150,1,1,0.180337
11150,14254,1,1,0.180337
423,6811,1,1,0.180337
702,1716,1,1,0.180337
4569,8084,1,1,0.180337
2154,18963,1,1,0.180337
2270,13249,1,1,0.18021
2270,9611,1,1,0.18021
2270,8716,1,1,0.18021
8149,12486,1,1,0.18021
11039,11145,1,1,0.18021
11039,13013,1,1,0.18021
4284,11145,1,1,0.18021
4284,11039,1,1,0.18021
12655,13296,1,1,0.18021
8716,9611,1,1,0.18021
2270,13623,1,1,0.18021
4448,6243,1,1,0.18021
8716,13249,1,1,0.18021
8716,13623,1,1,0.18021
9611,13249,1,1,0.18021
9611,13623,1,1,0.18021
7359,8888,1,1,0.18021
6901,14022,1,1,0.18021
75,8211,1,1,0.18021
8995,11630,1,1,0.18021
9185,16504,1,1,0.18021
3898,8690,1,1,0.18021
21459,24673,1,1,0.18021
2369,6169,1,1,0.18021
3979,6296,1,1,0.18021
11145,13013,1,1,0.18021
1979,9913,1,1,0.18021
2270,9130,1,1,0.18021
1920,7504,1,1,0.18021
1577,4979,1,1,0.18021
1920,9177,1,1,0.18021
2270,9177,1,1,0.18021
1057,2270,1,1,0.18021
1057,9130,1,1,0.18021
2264,2546,1,1,0.18021
5144,8690,1,1,0.18021
13297,18068,1,1,0.180084
661,3347,1,1,0.180084
787,1521,1,1,0.180084
27026,28064,1,1,0.180084
24532,26884,1,1,0.180084
7534,23765,1,1,0.180084
6653,14685,1,1,0.180084
9855,18782,1,1,0.180084
9520,21037,1,1,0.180084
312,4399,1,1,0.180084
26848,27089,1,1,0.180084
3094,13210,1,1,0.180084
27579,29188,1,1,0.180084
10254,29188,1,1,0.180084
10254,27579,1,1,0.180084
8240,22419,1,1,0.180084
5433,13210,1,1,0.180084
3218,5638,1,1,0.180084
27174,28620,1,1,0.180084
3094,5433,1,1,0.180084
6125,6707,1,1,0.179587
21336,30196,1,1,0.179587
13551,14528,1,1,0.179587
1432,25783,1,1,0.179587
1432,14528,1,1,0.179587
4180,6629,1,1,0.179587
5126,9093,1,1,0.179587
459,7284,1,1,0.179587
1432,13551,1,1,0.179587
26428,26744,1,1,0.179587
13,1291,1,1,0.179587
30196,30344,1,1,0.179587
13020,27413,1,1,0.179587
459,11347,1,1,0.179587
6125,16632,1,1,0.179587
7284,11347,1,1,0.179587
12128,16778,1,1,0.179587
5089,8273,1,1,0.179587
4844,6874,1,1,0.179587
16778,16980,1,1,0.179587
18935,21713,1,1,0.179587
8503,9009,1,1,0.179587
25783,30636,1,1,0.179587
11004,21328,1,1,0.179587
13,14005,1,1,0.179587
992,13863,1,1,0.179587
6007,8673,1,1,0.179587
13,9939,1,1,0.179587
9790,16481,1,1,0.179587
15645,21819,1,1,0.179587
9026,12348,1,1,0.179587
7443,15095,1,1,0.179587
4830,5372,1,1,0.179587
14528,25783,1,1,0.179587
4415,24507,1,1,0.179587
14535,24507,1,1,0.179587
2809,11987,1,1,0.179587
4415,14535,1,1,0.179587
6707,16632,1,1,0.179587
8397,26777,1,1,0.179587
4636,23080,1,1,0.179587
23022,23060,1,1,0.179587
13551,25783,1,1,0.179587
4636,21955,1,1,0.179587
8066,8503,1,1,0.179587
4969,5039,1,1,0.179587
3314,29217,1,1,0.179587
7108,17411,1,1,0.179587
11735,17298,1,1,0.179587
21955,23080,1,1,0.179587
997,24085,1,1,0.179464
3657,14484,1,1,0.179464
6457,16670,1,1,0.179464
2547,20598,1,1,0.179464
997,19845,1,1,0.179464
20290,24566,1,1,0.179464
997,25384,1,1,0.179464
19845,25384,1,1,0.179464
24085,25384,1,1,0.179464
1376,9432,1,1,0.179464
16638,24413,1,1,0.179464
23140,24566,1,1,0.179464
20290,23140,1,1,0.179464
22443,26075,1,1,0.178979
4424,31636,1,1,0.178979
22134,23517,1,1,0.178979
22545,24772,1,1,0.178979
17903,21904,1,1,0.178979
3713,4290,1,1,0.178979
236,4290,1,1,0.178979
20132,28135,1,1,0.178859
1270,27087,1,1,0.178859
1070,12440,1,1,0.178859
8510,14995,1,1,0.178859
1415,8149,1,1,0.178622
3713,6457,1,1,0.178622
27011,29875,1,1,0.178622
24380,26062,1,1,0.178622
4199,8501,1,1,0.178622
4199,13426,1,1,0.178622
3457,14991,1,1,0.178622
1332,17085,1,1,0.178622
3459,21820,1,1,0.178622
2767,5708,1,1,0.178622
2282,5835,1,1,0.177695
10999,13769,1,1,0.177695
241,5835,1,1,0.177695
12188,26213,1,1,0.177695
1366,17363,1,1,0.177695
581,11638,1,1,0.177695
14532,20591,1,1,0.177357
17593,18531,1,1,0.177357
1854,17477,1,1,0.177357
14532,21176,1,1,0.177357
11279,18531,1,1,0.177357
10356,18463,1,1,0.177357
7802,18463,1,1,0.177357
7802,10356,1,1,0.177357
9037,16770,1,1,0.177357
4187,13761,1,1,0.177357
20591,21176,1,1,0.177357
26484,29915,1,1,0.177357
10727,15934,1,1,0.177357
254,21002,1,1,0.176804
1155,2677,1,1,0.176804
19794,22314,1,1,0.176804
3087,3955,1,1,0.176804
6714,6740,1,1,0.176804
5064,7696,1,1,0.176804
5064,8915,1,1,0.176804
1777,7698,1,1,0.176804
6036,11234,1,1,0.176804
6322,11234,1,1,0.176804
1155,11234,1,1,0.176804
4859,15842,1,1,0.176804
6036,18621,1,1,0.176804
22501,23527,1,1,0.176804
6322,18621,1,1,0.176804
3593,23740,1,1,0.176804
6412,24327,1,1,0.176804
26539,27756,1,1,0.176804
26414,28773,1,1,0.176804
12000,25555,1,1,0.176804
2943,12926,1,1,0.176804
19975,22987,1,1,0.176804
2632,8626,1,1,0.176804
5630,24327,1,1,0.176804
5630,6412,1,1,0.176804
3401,24327,1,1,0.176804
3401,5630,1,1,0.176804
2798,7535,1,1,0.176586
3106,16178,1,1,0.176586
10642,20067,1,1,0.176586
5543,19049,1,1,0.176586
89,3675,1,1,0.176586
7200,16178,1,1,0.176586
3954,16178,1,1,0.176586
7766,11567,1,1,0.176586
3106,7200,1,1,0.176586
3106,3954,1,1,0.176586
1920,12532,1,1,0.176586
1477,12849,1,1,0.176586
4045,4733,1,1,0.176586
3600,13520,1,1,0.176586
13217,21457,1,1,0.176586
6596,16001,1,1,0.176586
3600,13547,1,1,0.176586
3600,21054,1,1,0.176586
13520,21054,1,1,0.176586
13547,21054,1,1,0.176586
5970,7200,1,1,0.176586
7200,11955,1,1,0.176586
12281,13226,1,1,0.176586
3954,12281,1,1,0.176586
22211,24765,1,1,0.176586
1402,27799,1,1,0.176586
12788,27799,1,1,0.176586
27799,29365,1,1,0.176586
13296,13813,1,1,0.176586
4539,15539,1,1,0.176586
13333,30508,1,1,0.176586
11487,13813,1,1,0.176586
2568,16168,1,1,0.176586
11487,13296,1,1,0.176586
265,9454,1,1,0.176586
5123,13012,1,1,0.176586
2568,5370,1,1,0.176586
2568,12271,1,1,0.176586
1374,12890,1,1,0.176586
5370,12271,1,1,0.176586
5370,16168,1,1,0.176586
12271,16168,1,1,0.176586
4539,11487,1,1,0.176586
4539,13296,1,1,0.176586
3399,25061,1,1,0.175945
19343,19674,1,1,0.175945
20805,30409,1,1,0.175945
18284,28876,1,1,0.175945
2835,12042,1,1,0.175945
1915,25583,1,1,0.175945
9940,13804,1,1,0.175945
2314,3226,1,1,0.175945
7087,23077,1,1,0.175945
1804,23077,1,1,0.175945
1804,7087,1,1,0.175945
2590,23296,1,1,0.175945
3457,7243,1,1,0.175945
3920,5801,1,1,0.175945
5970,11341,1,1,0.175528
6412,14963,1,1,0.175528
9687,10695,1,1,0.175528
14084,15713,1,1,0.175528
203,4564,1,1,0.175528
26667,29341,1,1,0.175528
26667,29354,1,1,0.175528
17849,29354,1,1,0.175528
17849,29341,1,1,0.175528
17849,26667,1,1,0.175528
24119,28791,1,1,0.175528
23424,26148,1,1,0.175528
21069,24365,1,1,0.175528
8562,10070,1,1,0.175528
4324,11834,1,1,0.175528
1138,11199,1,1,0.175528
231,3359,1,1,0.175528
9687,14758,1,1,0.175528
10695,14758,1,1,0.175528
348,6412,1,1,0.175528
5498,7288,1,1,0.175528
11731,15363,1,1,0.175528
11731,15668,1,1,0.175528
10790,15789,1,1,0.175528
14963,20777,1,1,0.175528
6412,13758,1,1,0.175528
7875,14804,1,1,0.175528
7875,14841,1,1,0.175528
11632,18414,1,1,0.175528
6393,6489,1,1,0.175528
23876,24903,1,1,0.175118
2149,2478,1,1,0.175118
3989,14762,1,1,0.175118
3989,23922,1,1,0.175118
410,27001,1,1,0.175118
4635,5483,1,1,0.175118
27001,30049,1,1,0.175118
410,30049,1,1,0.175118
11739,17384,1,1,0.175118
904,6460,1,1,0.175118
14504,17413,1,1,0.175017
3969,7020,1,1,0.175017
3969,4859,1,1,0.175017
1883,20619,1,1,0.175017
17413,20365,1,1,0.175017
17182,20365,1,1,0.175017
13370,15850,1,1,0.175017
17182,17413,1,1,0.175017
14504,20365,1,1,0.175017
12029,24622,1,1,0.175017
14504,17182,1,1,0.175017
2200,24038,1,1,0.175017
2200,24622,1,1,0.175017
12029,12629,1,1,0.175017
12029,14197,1,1,0.175017
12029,15469,1,1,0.175017
12029,24038,1,1,0.175017
4859,7020,1,1,0.175017
3969,16726,1,1,0.175017
1508,21521,1,1,0.175017
4859,16726,1,1,0.175017
7020,16726,1,1,0.175017
10047,16938,1,1,0.175017
10047,22287,1,1,0.175017
11422,16938,1,1,0.175017
11422,22287,1,1,0.175017
16938,22287,1,1,0.175017
1508,7107,1,1,0.175017
10408,16425,1,1,0.175017
7107,21521,1,1,0.175017
2200,14197,1,1,0.175017
7020,14002,1,1,0.175017
7137,14002,1,1,0.175017
7020,13370,1,1,0.175017
7020,15850,1,1,0.175017
8856,23030,1,1,0.175017
10505,11752,1,1,0.175017
7137,13370,1,1,0.175017
7137,15850,1,1,0.175017
9378,22987,1,1,0.175017
7288,22987,1,1,0.175017
7288,9378,1,1,0.175017
2200,15469,1,1,0.175017
10408,11224,1,1,0.175017
18970,20314,1,1,0.175017
10408,20351,1,1,0.175017
16799,29590,1,1,0.175017
8440,15923,1,1,0.175017
22313,24934,1,1,0.175017
3377,26785,1,1,0.175017
3377,27721,1,1,0.175017
3377,29241,1,1,0.175017
26785,27721,1,1,0.175017
26785,29241,1,1,0.175017
27721,29241,1,1,0.175017
27176,27609,1,1,0.175017
27176,29989,1,1,0.175017
27609,29989,1,1,0.175017
16799,29545,1,1,0.175017
3886,4796,1,1,0.175017
12629,14197,1,1,0.175017
3886,13963,1,1,0.175017
3886,31113,1,1,0.175017
3886,31138,1,1,0.175017
4796,13963,1,1,0.175017
4796,31113,1,1,0.175017
4796,31138,1,1,0.175017
13963,31113,1,1,0.175017
13963,31138,1,1,0.175017
31113,31138,1,1,0.175017
8914,15923,1,1,0.175017
5145,9074,1,1,0.175017
5145,12911,1,1,0.175017
18950,24934,1,1,0.175017
18950,22313,1,1,0.175017
17732,24934,1,1,0.175017
17732,22313,1,1,0.175017
12629,15469,1,1,0.175017
12629,24038,1,1,0.175017
11224,20351,1,1,0.175017
16425,20351,1,1,0.175017
8850,12786,1,1,0.175017
2077,12164,1,1,0.175017
2077,20314,1,1,0.175017
12164,18970,1,1,0.175017
12164,20314,1,1,0.175017
7020,22287,1,1,0.175017
14197,15469,1,1,0.175017
4838,5377,1,1,0.175017
3637,8440,1,1,0.175017
3637,8914,1,1,0.175017
3637,15923,1,1,0.175017
14197,24038,1,1,0.175017
15469,24038,1,1,0.175017
15469,24622,1,1,0.175017
24038,24622,1,1,0.175017
16021,17732,1,1,0.175017
16021,18950,1,1,0.175017
16021,22313,1,1,0.175017
16021,24934,1,1,0.175017
17732,18950,1,1,0.175017
8440,8914,1,1,0.175017
10047,11422,1,1,0.175017
933,22287,1,1,0.175017
7020,16938,1,1,0.175017
11234,16602,1,1,0.175017
19,2230,1,1,0.175017
9446,16425,1,1,0.175017
4366,16425,1,1,0.175017
4366,9446,1,1,0.175017
10150,17779,1,1,0.175017
4471,21105,1,1,0.175017
11281,19568,1,1,0.175017
16339,21204,1,1,0.175017
10489,21204,1,1,0.175017
10489,16339,1,1,0.175017
10150,21204,1,1,0.175017
10150,16339,1,1,0.175017
10150,10489,1,1,0.175017
5082,16938,1,1,0.175017
11084,16602,1,1,0.175017
11084,11731,1,1,0.175017
8676,16602,1,1,0.175017
8676,11234,1,1,0.175017
8676,11084,1,1,0.175017
4859,16602,1,1,0.175017
4859,11234,1,1,0.175017
4859,11084,1,1,0.175017
4859,8676,1,1,0.175017
18495,19875,1,1,0.175017
7302,10522,1,1,0.175017
7208,10522,1,1,0.175017
5630,10522,1,1,0.175017
5630,7302,1,1,0.175017
5630,7208,1,1,0.175017
17767,19129,1,1,0.175017
19,4418,1,1,0.175017
19,4991,1,1,0.175017
20,2230,1,1,0.175017
20,4418,1,1,0.175017
933,11422,1,1,0.175017
3817,7488,1,1,0.175017
933,10047,1,1,0.175017
933,7020,1,1,0.175017
7137,19589,1,1,0.175017
933,1326,1,1,0.175017
6393,19589,1,1,0.175017
6393,7137,1,1,0.175017
933,13374,1,1,0.175017
19641,20448,1,1,0.175017
15919,20448,1,1,0.175017
933,22344,1,1,0.175017
15919,19641,1,1,0.175017
3570,5630,1,1,0.175017
7447,19518,1,1,0.175017
7116,19518,1,1,0.175017
7116,7447,1,1,0.175017
12638,20853,1,1,0.175017
9693,20853,1,1,0.175017
9693,12638,1,1,0.175017
8216,20853,1,1,0.175017
8216,9693,1,1,0.175017
1005,20853,1,1,0.175017
1005,12638,1,1,0.175017
1005,8216,1,1,0.175017
4418,4991,1,1,0.175017
2230,4991,1,1,0.175017
2230,4418,1,1,0.175017
20,4991,1,1,0.175017
11234,11731,1,1,0.175017
933,24038,1,1,0.175017
7020,11422,1,1,0.175017
8138,16619,1,1,0.175017
19675,24306,1,1,0.175017
19677,24142,1,1,0.175017
19677,24306,1,1,0.175017
24142,24306,1,1,0.175017
7744,8138,1,1,0.175017
7744,11686,1,1,0.175017
7744,14808,1,1,0.175017
7744,15059,1,1,0.175017
7744,16619,1,1,0.175017
7744,21292,1,1,0.175017
7744,22631,1,1,0.175017
8138,11686,1,1,0.175017
8138,14808,1,1,0.175017
8138,15059,1,1,0.175017
8138,21292,1,1,0.175017
11234,17511,1,1,0.175017
8138,22631,1,1,0.175017
11686,14808,1,1,0.175017
11686,15059,1,1,0.175017
11686,16619,1,1,0.175017
11686,21292,1,1,0.175017
11686,22631,1,1,0.175017
14808,16619,1,1,0.175017
15059,16619,1,1,0.175017
16619,21292,1,1,0.175017
16619,22631,1,1,0.175017
10408,16537,1,1,0.175017
2200,12029,1,1,0.175017
2200,12629,1,1,0.175017
933,16938,1,1,0.175017
19675,24142,1,1,0.175017
13212,24306,1,1,0.175017
13212,24142,1,1,0.175017
13212,19677,1,1,0.175017
17506,18115,1,1,0.175017
1326,13374,1,1,0.175017
12536,18115,1,1,0.175017
12536,17506,1,1,0.175017
381,18115,1,1,0.175017
381,17506,1,1,0.175017
381,12536,1,1,0.175017
59,18115,1,1,0.175017
59,17506,1,1,0.175017
59,12536,1,1,0.175017
59,381,1,1,0.175017
11271,17403,1,1,0.175017
10092,17403,1,1,0.175017
10092,11271,1,1,0.175017
9296,17403,1,1,0.175017
9296,11271,1,1,0.175017
9296,10092,1,1,0.175017
8138,16937,1,1,0.175017
8138,12675,1,1,0.175017
1705,2677,1,1,0.175017
1326,22344,1,1,0.175017
1326,24038,1,1,0.175017
13374,22344,1,1,0.175017
13374,24038,1,1,0.175017
7020,10047,1,1,0.175017
15810,17779,1,1,0.175017
15810,20283,1,1,0.175017
17779,20283,1,1,0.175017
13212,19675,1,1,0.175017
22344,24038,1,1,0.175017
9074,12911,1,1,0.175017
1366,4412,1,1,0.174716
15057,22423,1,1,0.174716
12153,20110,1,1,0.174716
11068,24629,1,1,0.174716
2200,14443,1,1,0.174716
8705,24243,1,1,0.174716
8705,24173,1,1,0.174716
6587,21819,1,1,0.174716
1435,21924,1,1,0.174716
28443,28973,1,1,0.174716
15057,20601,1,1,0.174716
3586,19804,1,1,0.174716
1531,19804,1,1,0.174716
7089,17793,1,1,0.174716
11987,13214,1,1,0.174716
11752,11987,1,1,0.174716
6667,19804,1,1,0.174716
2295,13507,1,1,0.174517
6740,20827,1,1,0.174517
20778,20827,1,1,0.174517
7480,21865,1,1,0.174517
21533,21788,1,1,0.174517
2295,4859,1,1,0.174517
1007,12346,1,1,0.174517
2295,5059,1,1,0.174517
3236,8350,1,1,0.174517
5059,13507,1,1,0.174517
822,1670,1,1,0.174517
1261,15199,1,1,0.174517
1261,25908,1,1,0.174517
7602,24797,1,1,0.174517
7602,30785,1,1,0.174517
1261,3843,1,1,0.174517
6740,20778,1,1,0.174517
1823,19957,1,1,0.174517
18802,19762,1,1,0.174517
6677,9497,1,1,0.174517
3346,10243,1,1,0.174517
1768,12519,1,1,0.174517
1768,10243,1,1,0.174517
1261,3763,1,1,0.174517
4891,10902,1,1,0.174517
1491,2123,1,1,0.174517
4504,8448,1,1,0.174517
10243,12519,1,1,0.174517
1491,8448,1,1,0.174517
1491,4859,1,1,0.174517
5452,7360,1,1,0.174517
2295,5590,1,1,0.174517
2127,15363,1,1,0.174517
1261,2295,1,1,0.174517
3346,12519,1,1,0.174517
1261,5590,1,1,0.174517
5378,5862,1,1,0.174517
1261,15750,1,1,0.174517
5378,12137,1,1,0.174517
14821,15363,1,1,0.174517
6740,14902,1,1,0.174517
1261,14902,1,1,0.174517
1261,6740,1,1,0.174517
8621,15363,1,1,0.174517
9501,15363,1,1,0.174517
3776,8511,1,1,0.174517
5862,15894,1,1,0.174517
5862,12137,1,1,0.174517
5378,15894,1,1,0.174517
3776,7739,1,1,0.174517
10356,12005,1,1,0.173644
10245,10405,1,1,0.173644
2546,11820,1,1,0.173644
2546,10405,1,1,0.173644
2546,10245,1,1,0.173644
3798,8256,1,1,0.173644
10245,10925,1,1,0.173644
478,10245,1,1,0.173644
8256,12005,1,1,0.173644
3006,15226,1,1,0.173644
7678,8256,1,1,0.173644
6699,8256,1,1,0.173644
10925,11041,1,1,0.173644
8256,14521,1,1,0.173644
10245,11820,1,1,0.173644
5037,10356,1,1,0.173644
9264,10245,1,1,0.173644
236,8256,1,1,0.173644
7300,10612,1,1,0.173644
8107,10356,1,1,0.173644
2511,5037,1,1,0.173644
2511,10356,1,1,0.173644
2546,15226,1,1,0.173644
3535,8107,1,1,0.173644
17162,30143,1,1,0.173644
29308,30143,1,1,0.173644
13098,16693,1,1,0.173644
11035,18096,1,1,0.173644
28985,29305,1,1,0.173644
14775,29305,1,1,0.173644
11820,13112,1,1,0.173644
11820,14003,1,1,0.173644
11234,17728,1,1,0.173644
10925,14003,1,1,0.173644
5208,6732,1,1,0.173644
8626,29305,1,1,0.173644
4579,10925,1,1,0.173644
1820,8256,1,1,0.173644
1415,4850,1,1,0.173644
4691,7175,1,1,0.173644
7175,8256,1,1,0.173644
10149,14141,1,1,0.173644
8142,14422,1,1,0.173644
3798,5208,1,1,0.173644
3798,8347,1,1,0.173644
3798,10925,1,1,0.173644
3798,11820,1,1,0.173644
3798,13112,1,1,0.173644
3798,14003,1,1,0.173644
5208,8347,1,1,0.173644
10925,13112,1,1,0.173644
5208,10925,1,1,0.173644
5208,11820,1,1,0.173644
5208,13112,1,1,0.173644
5208,14003,1,1,0.173644
6732,8347,1,1,0.173644
6732,10925,1,1,0.173644
6732,11820,1,1,0.173644
6732,13112,1,1,0.173644
6732,14003,1,1,0.173644
8347,10925,1,1,0.173644
8347,11820,1,1,0.173644
8347,13112,1,1,0.173644
8347,14003,1,1,0.173644
10925,11820,1,1,0.173644
14775,28985,1,1,0.173644
9556,10612,1,1,0.173644
8626,14775,1,1,0.173644
8427,8464,1,1,0.173644
13120,23036,1,1,0.173644
8763,13112,1,1,0.173644
5683,26173,1,1,0.173644
8057,26173,1,1,0.173644
5789,23765,1,1,0.173644
5789,24455,1,1,0.173644
12376,28231,1,1,0.173644
16890,26088,1,1,0.173644
9425,23720,1,1,0.173644
7020,19899,1,1,0.173644
7020,15713,1,1,0.173644
7020,11644,1,1,0.173644
11234,19899,1,1,0.173644
11234,11644,1,1,0.173644
17728,21297,1,1,0.173644
8502,21297,1,1,0.173644
8502,17728,1,1,0.173644
8138,21297,1,1,0.173644
8138,17728,1,1,0.173644
8138,8502,1,1,0.173644
15713,20751,1,1,0.173644
1609,11644,1,1,0.173644
9855,16602,1,1,0.173644
1157,11644,1,1,0.173644
1602,7020,1,1,0.173644
4563,15713,1,1,0.173644
4563,11644,1,1,0.173644
1514,15713,1,1,0.173644
1514,11644,1,1,0.173644
10356,13112,1,1,0.173644
11644,19683,1,1,0.173644
2757,3697,1,1,0.173644
5761,22025,1,1,0.173644
5199,12281,1,1,0.173644
1296,27721,1,1,0.173644
21219,23438,1,1,0.173644
12165,23538,1,1,0.173644
7324,10333,1,1,0.173644
14690,19498,1,1,0.173644
17595,17975,1,1,0.173644
15713,24479,1,1,0.173644
231,10289,1,1,0.173644
14003,18030,1,1,0.173644
5843,14977,1,1,0.173644
11644,24142,1,1,0.173644
5843,7866,1,1,0.173644
8012,15713,1,1,0.173644
8012,11644,1,1,0.173644
8353,13214,1,1,0.173644
13659,16274,1,1,0.173644
15713,17728,1,1,0.173644
17728,22274,1,1,0.173644
11644,16407,1,1,0.173644
5843,13214,1,1,0.173644
5843,19899,1,1,0.173644
5843,13910,1,1,0.173644
9779,19899,1,1,0.173644
9779,15713,1,1,0.173644
9779,11644,1,1,0.173644
2798,14909,1,1,0.173644
19899,21625,1,1,0.173644
15713,19683,1,1,0.173644
1854,8427,1,1,0.173644
7866,9887,1,1,0.173644
7283,8427,1,1,0.173644
1546,9497,1,1,0.173644
13628,14541,1,1,0.173644
1056,6220,1,1,0.173644
5843,14541,1,1,0.173644
1596,6220,1,1,0.173644
3640,9500,1,1,0.173644
5843,13628,1,1,0.173644
5852,13798,1,1,0.173644
5843,12346,1,1,0.173644
5843,12779,1,1,0.173644
12346,12779,1,1,0.173644
5843,10424,1,1,0.173644
12346,16407,1,1,0.173644
4072,12219,1,1,0.173644
6771,12219,1,1,0.173644
11644,13798,1,1,0.173644
955,11644,1,1,0.173644
2336,11644,1,1,0.173644
2336,15670,1,1,0.173644
4072,11644,1,1,0.173644
11644,13732,1,1,0.173644
11644,12445,1,1,0.173644
11644,15670,1,1,0.173644
4449,7426,1,1,0.173644
10424,15693,1,1,0.173644
12219,12346,1,1,0.173644
11644,14314,1,1,0.173644
1592,4334,1,1,0.173644
2288,7140,1,1,0.173644
6086,7354,1,1,0.173644
6086,7140,1,1,0.173644
2288,7354,1,1,0.173644
31512,31636,1,1,0.173644
3640,11644,1,1,0.173644
7061,23584,1,1,0.173644
7061,20794,1,1,0.173644
5251,11208,1,1,0.173644
4334,27011,1,1,0.173644
27003,28701,1,1,0.173644
1291,4210,1,1,0.173644
7283,7426,1,1,0.173644
140,1364,1,1,0.173644
353,9500,1,1,0.173644
3504,3637,1,1,0.173644
12346,16807,1,1,0.173644
12346,17964,1,1,0.173644
1107,7283,1,1,0.173644
1107,7354,1,1,0.173644
7283,7354,1,1,0.173644
5817,5839,1,1,0.173644
17989,21332,1,1,0.173267
16428,21332,1,1,0.173267
16428,17989,1,1,0.173267
15057,21332,1,1,0.173267
13389,21332,1,1,0.173267
15057,17989,1,1,0.173267
13389,17989,1,1,0.173267
13389,16428,1,1,0.173267
13298,21332,1,1,0.173267
13298,17989,1,1,0.173267
13298,16428,1,1,0.173267
13298,15057,1,1,0.173267
16160,17809,1,1,0.173267
13298,13389,1,1,0.173267
3553,22423,1,1,0.173267
3005,10892,1,1,0.173267
16160,18810,1,1,0.173267
2326,23784,1,1,0.173267
8673,16428,1,1,0.173267
13664,29322,1,1,0.173267
23784,25137,1,1,0.173267
13432,25137,1,1,0.173267
13432,23784,1,1,0.173267
2326,25137,1,1,0.173267
2326,13432,1,1,0.173267
17809,18810,1,1,0.173267
18265,20248,1,1,0.173267
608,10562,1,1,0.173267
10892,14535,1,1,0.173267
11599,17837,1,1,0.173267
6607,10892,1,1,0.173267
6587,10892,1,1,0.173267
8673,17989,1,1,0.173267
13389,21191,1,1,0.173267
8673,15057,1,1,0.173267
1531,21863,1,1,0.173267
1662,8673,1,1,0.173267
1662,5853,1,1,0.173267
16428,21196,1,1,0.173267
8673,13298,1,1,0.173267
8787,21196,1,1,0.173267
8787,16428,1,1,0.173267
8787,15057,1,1,0.173267
10890,18748,1,1,0.173267
10890,17401,1,1,0.173267
1366,1435,1,1,0.173267
1662,13389,1,1,0.173267
10892,12361,1,1,0.173267
17761,17990,1,1,0.173267
15377,20951,1,1,0.173267
9645,15377,1,1,0.173267
992,12615,1,1,0.173267
14747,16407,1,1,0.173267
18046,19403,1,1,0.173267
17910,19403,1,1,0.173267
2380,19403,1,1,0.173267
1662,9294,1,1,0.173267
15057,21196,1,1,0.173267
1662,17277,1,1,0.173267
13389,17277,1,1,0.173267
8084,21332,1,1,0.173267
8084,17989,1,1,0.173267
8084,16428,1,1,0.173267
8084,15057,1,1,0.173267
1662,21191,1,1,0.173267
8084,13298,1,1,0.173267
8084,8673,1,1,0.173267
9785,22423,1,1,0.173267
17277,21191,1,1,0.173267
8084,13389,1,1,0.173267
9294,21191,1,1,0.173267
5853,17277,1,1,0.173267
9294,17277,1,1,0.173267
5853,8673,1,1,0.173267
5853,9294,1,1,0.173267
5853,13389,1,1,0.173267
17761,17989,1,1,0.173267
8673,9294,1,1,0.173267
8673,17277,1,1,0.173267
8673,21191,1,1,0.173267
9294,13389,1,1,0.173267
20124,23115,1,1,0.173081
19674,24925,1,1,0.173081
21983,27768,1,1,0.173081
28113,30280,1,1,0.173081
22944,28113,1,1,0.173081
1270,4146,1,1,0.173081
14842,21751,1,1,0.173081
2120,3985,1,1,0.173081
14091,16382,1,1,0.173081
13426,13813,1,1,0.173081
8501,13813,1,1,0.173081
6120,30471,1,1,0.173081
464,25525,1,1,0.172896
4196,6938,1,1,0.172896
4339,9502,1,1,0.172896
2452,17450,1,1,0.172896
4334,26197,1,1,0.172896
4334,26926,1,1,0.172896
9556,17277,1,1,0.172896
21983,26926,1,1,0.172896
26197,26926,1,1,0.172896
15490,21165,1,1,0.172896
15490,21867,1,1,0.172896
3835,12898,1,1,0.172896
16365,25687,1,1,0.172896
15490,24050,1,1,0.172896
16365,27827,1,1,0.172896
9692,27827,1,1,0.172896
16967,21165,1,1,0.172896
16967,21867,1,1,0.172896
16967,24050,1,1,0.172896
20045,21165,1,1,0.172896
20045,21867,1,1,0.172896
20045,24050,1,1,0.172896
9692,25687,1,1,0.172896
21165,21867,1,1,0.172896
21867,24050,1,1,0.172896
634,24338,1,1,0.172896
23,984,1,1,0.172896
25525,26742,1,1,0.172896
13919,23362,1,1,0.172896
4196,13919,1,1,0.172896
4196,23362,1,1,0.172896
5474,6938,1,1,0.172896
5474,13919,1,1,0.172896
5474,23362,1,1,0.172896
5474,27179,1,1,0.172896
6938,13919,1,1,0.172896
6938,23362,1,1,0.172896
6938,27179,1,1,0.172896
4567,18452,1,1,0.172896
13919,27179,1,1,0.172896
25687,27827,1,1,0.172896
4567,18459,1,1,0.172896
23362,27179,1,1,0.172896
2824,4334,1,1,0.172896
2240,12120,1,1,0.172896
2824,21983,1,1,0.172896
2824,26197,1,1,0.172896
2824,26926,1,1,0.172896
10918,11792,1,1,0.172896
2085,9556,1,1,0.172896
4567,15377,1,1,0.172896
19779,26081,1,1,0.172896
2824,3494,1,1,0.172896
2824,4601,1,1,0.172896
12878,17983,1,1,0.172896
21747,25083,1,1,0.172896
25083,27011,1,1,0.172896
6593,17334,1,1,0.172896
6593,20044,1,1,0.172896
17334,20044,1,1,0.172896
7727,26921,1,1,0.172896
1159,21222,1,1,0.172896
1159,15632,1,1,0.172896
1159,12835,1,1,0.172896
3361,17983,1,1,0.172896
1155,20044,1,1,0.172896
2824,9475,1,1,0.172896
1155,22443,1,1,0.172896
376,9502,1,1,0.172896
18065,25195,1,1,0.172896
20664,24380,1,1,0.172896
532,8990,1,1,0.172896
532,22941,1,1,0.172896
8990,22941,1,1,0.172896
6120,21256,1,1,0.172896
4293,25401,1,1,0.172896
254,3954,1,1,0.172896
8310,27011,1,1,0.172896
1159,23758,1,1,0.172896
12835,15632,1,1,0.172896
12835,21222,1,1,0.172896
9692,16365,1,1,0.172896
5570,27827,1,1,0.172896
5570,25687,1,1,0.172896
2824,18338,1,1,0.172896
3494,4601,1,1,0.172896
5570,16365,1,1,0.172896
5570,9692,1,1,0.172896
25305,25836,1,1,0.172896
3494,9475,1,1,0.172896
4196,25305,1,1,0.172896
20055,26094,1,1,0.172896
15632,23758,1,1,0.172896
3494,18338,1,1,0.172896
12835,23758,1,1,0.172896
4601,9475,1,1,0.172896
9475,18338,1,1,0.172896
6559,8310,1,1,0.172896
6559,21747,1,1,0.172896
6559,25083,1,1,0.172896
6559,27011,1,1,0.172896
8310,25083,1,1,0.172896
1159,4184,1,1,0.172896
254,25093,1,1,0.172896
9897,26742,1,1,0.172896
5240,25383,1,1,0.172896
2024,18829,1,1,0.172896
10826,18829,1,1,0.172896
10826,27390,1,1,0.172896
18829,27390,1,1,0.172896
1091,5240,1,1,0.172896
1091,20044,1,1,0.172896
1091,25383,1,1,0.172896
5240,20044,1,1,0.172896
13646,18826,1,1,0.172896
18826,21088,1,1,0.172896
9897,25525,1,1,0.172896
13646,21088,1,1,0.172896
13646,22443,1,1,0.172896
18553,18826,1,1,0.172896
1419,4431,1,1,0.172896
18553,21088,1,1,0.172896
3356,5697,1,1,0.172896
18553,22443,1,1,0.172896
2024,10826,1,1,0.172896
1412,27390,1,1,0.172896
1412,18829,1,1,0.172896
1412,2024,1,1,0.172896
6096,21822,1,1,0.172896
14430,26871,1,1,0.172896
2995,4761,1,1,0.172896
2140,2655,1,1,0.172896
11882,20044,1,1,0.172896
607,2140,1,1,0.172896
4196,20044,1,1,0.172896
1523,2639,1,1,0.172896
369,5366,1,1,0.172896
4431,4940,1,1,0.172896
16902,20044,1,1,0.172896
1419,4940,1,1,0.172896
7558,13120,1,1,0.172896
7558,17554,1,1,0.172896
7558,26075,1,1,0.172896
13120,17554,1,1,0.172896
17554,26075,1,1,0.172896
2167,4323,1,1,0.172896
18826,22443,1,1,0.172896
227,21822,1,1,0.172896
459,2811,1,1,0.172896
4788,19517,1,1,0.172896
4788,26737,1,1,0.172896
12786,13586,1,1,0.172896
12786,26737,1,1,0.172896
13586,26737,1,1,0.172896
19517,26737,1,1,0.172896
11917,13682,1,1,0.172896
11917,14991,1,1,0.172896
11917,22369,1,1,0.172896
18826,23216,1,1,0.172896
11917,22443,1,1,0.172896
11917,22873,1,1,0.172896
13682,22369,1,1,0.172896
13682,22443,1,1,0.172896
14991,22369,1,1,0.172896
22369,22443,1,1,0.172896
22369,22873,1,1,0.172896
464,26742,1,1,0.172896
4788,13586,1,1,0.172896
4788,12786,1,1,0.172896
2788,26737,1,1,0.172896
2788,19517,1,1,0.172896
18826,24413,1,1,0.172896
1107,3215,1,1,0.172896
18826,26088,1,1,0.172896
265,4761,1,1,0.172896
265,3951,1,1,0.172896
21088,22443,1,1,0.172896
21088,23216,1,1,0.172896
21088,24413,1,1,0.172896
21088,26088,1,1,0.172896
22443,23216,1,1,0.172896
22443,24413,1,1,0.172896
22443,26088,1,1,0.172896
2788,4788,1,1,0.172896
2788,12786,1,1,0.172896
4345,4761,1,1,0.172896
23,2365,1,1,0.172896
2788,13586,1,1,0.172896
227,6096,1,1,0.172896
18416,21826,1,1,0.172441
359,850,1,1,0.172441
359,10434,1,1,0.172441
7775,21586,1,1,0.172441
16374,19144,1,1,0.172441
7775,19900,1,1,0.172441
19144,19900,1,1,0.172441
19144,21586,1,1,0.172441
7775,19144,1,1,0.172441
7775,16374,1,1,0.172441
5213,21927,1,1,0.172441
8149,21826,1,1,0.172441
8149,18416,1,1,0.172441
6704,11467,1,1,0.172441
15699,18338,1,1,0.172441
11054,18338,1,1,0.172441
11054,15699,1,1,0.172441
850,10434,1,1,0.172441
11820,19455,1,1,0.172441
6555,24665,1,1,0.172441
18464,18581,1,1,0.172441
23315,25537,1,1,0.172441
8531,23315,1,1,0.172441
8531,24665,1,1,0.172441
8531,25537,1,1,0.172441
21129,23151,1,1,0.172441
21129,24665,1,1,0.172441
21129,25537,1,1,0.172441
23151,23315,1,1,0.172441
23151,25537,1,1,0.172441
23315,24665,1,1,0.172441
24665,25537,1,1,0.172441
8531,21129,1,1,0.172441
25860,27802,1,1,0.172441
17071,27802,1,1,0.172441
27802,30594,1,1,0.172441
30960,31213,1,1,0.172441
21007,30673,1,1,0.172441
21007,30865,1,1,0.172441
30673,30865,1,1,0.172441
7941,30594,1,1,0.172441
25526,29524,1,1,0.172441
8531,23151,1,1,0.172441
6555,25537,1,1,0.172441
9003,22840,1,1,0.172441
852,2426,1,1,0.172441
15704,18243,1,1,0.172441
19340,22637,1,1,0.172441
22830,22836,1,1,0.172441
10317,14846,1,1,0.172441
10317,19765,1,1,0.172441
14846,19765,1,1,0.172441
14810,15101,1,1,0.172441
14810,19765,1,1,0.172441
15101,19765,1,1,0.172441
852,6863,1,1,0.172441
6555,23315,1,1,0.172441
2426,6863,1,1,0.172441
4100,6555,1,1,0.172441
4100,8531,1,1,0.172441
4100,23151,1,1,0.172441
4100,24665,1,1,0.172441
4100,25537,1,1,0.172441
6555,8531,1,1,0.172441
6555,21129,1,1,0.172441
6555,23151,1,1,0.172441
786,20078,1,1,0.172441
23151,24665,1,1,0.172441
1592,11320,1,1,0.172441
9264,13249,1,1,0.172441
4306,13813,1,1,0.172441
4306,8812,1,1,0.172441
11696,12256,1,1,0.172441
2744,11320,1,1,0.172441
10800,11696,1,1,0.172441
8252,12256,1,1,0.172441
8252,11696,1,1,0.172441
6091,13013,1,1,0.172441
6165,13013,1,1,0.172441
6165,13249,1,1,0.172441
77,8944,1,1,0.172441
8769,16247,1,1,0.172441
8252,10800,1,1,0.172441
2568,17261,1,1,0.172441
2948,3784,1,1,0.172441
1592,11677,1,1,0.172441
2933,3784,1,1,0.172441
1592,11972,1,1,0.172441
1592,15002,1,1,0.172441
10306,11820,1,1,0.172441
9901,15101,1,1,0.172441
2744,15002,1,1,0.172441
2744,11972,1,1,0.172441
8812,13813,1,1,0.172441
10800,12256,1,1,0.172441
11323,15226,1,1,0.172441
6026,13646,1,1,0.172441
1592,2744,1,1,0.172441
9398,12256,1,1,0.172441
7123,14439,1,1,0.172441
917,14439,1,1,0.172441
917,7123,1,1,0.172441
77,9398,1,1,0.172441
8944,9398,1,1,0.172441
6091,6165,1,1,0.172441
6026,7563,1,1,0.172441
10569,18007,1,1,0.172441
10494,18007,1,1,0.172441
2744,11677,1,1,0.172441
6458,17508,1,1,0.172441
3784,9171,1,1,0.172441
7523,16059,1,1,0.172441
2681,3784,1,1,0.172441
10914,14521,1,1,0.172441
10306,19455,1,1,0.172441
10914,15237,1,1,0.172441
14521,15237,1,1,0.172441
19779,23776,1,1,0.172261
2412,17288,1,1,0.172261
16670,17288,1,1,0.172261
6366,19625,1,1,0.172261
4958,19625,1,1,0.172261
21404,23362,1,1,0.172261
6844,14580,1,1,0.172261
9224,17594,1,1,0.172261
1529,23776,1,1,0.172261
14674,23776,1,1,0.172261
13246,25923,1,1,0.172261
22443,28556,1,1,0.172261
25213,25833,1,1,0.172261
16902,19230,1,1,0.172261
4761,5110,1,1,0.172083
108,18520,1,1,0.172083
6215,11836,1,1,0.172083
6959,9037,1,1,0.172083
5766,6959,1,1,0.172083
6959,7563,1,1,0.172083
6457,10356,1,1,0.172083
1608,6842,1,1,0.172083
1608,7722,1,1,0.172083
6842,7722,1,1,0.172083
7745,11814,1,1,0.172083
11814,17870,1,1,0.172083
108,18832,1,1,0.172083
871,11836,1,1,0.172083
11905,18138,1,1,0.172083
1735,13288,1,1,0.172083
4262,14991,1,1,0.172083
13034,15979,1,1,0.172083
359,22356,1,1,0.172083
6817,9317,1,1,0.172083
7140,21057,1,1,0.172083
464,27319,1,1,0.172083
27768,27857,1,1,0.172083
16816,21983,1,1,0.172083
6215,9710,1,1,0.172083
9710,11836,1,1,0.172083
871,9710,1,1,0.172083
6457,12250,1,1,0.172083
6457,6959,1,1,0.172083
6457,8284,1,1,0.172083
6959,8284,1,1,0.172083
1523,3623,1,1,0.172083
1653,2237,1,1,0.172083
1169,2170,1,1,0.172083
871,6215,1,1,0.172083
1523,3531,1,1,0.172083
108,6023,1,1,0.172083
2402,12250,1,1,0.172083
108,2402,1,1,0.172083
2402,9037,1,1,0.172083
108,10871,1,1,0.172083
12250,12589,1,1,0.172083
6457,11836,1,1,0.172083
904,2387,1,1,0.171558
2387,6375,1,1,0.171558
2387,3669,1,1,0.171558
904,8761,1,1,0.171558
904,6375,1,1,0.171558
904,3669,1,1,0.171558
904,4309,1,1,0.171558
8957,23342,1,1,0.171558
31379,31473,1,1,0.171558
838,2280,1,1,0.171558
3577,6811,1,1,0.171558
4585,6811,1,1,0.171558
3354,8427,1,1,0.171558
2387,8761,1,1,0.171558
10732,12754,1,1,0.171558
10781,28667,1,1,0.171558
14198,29227,1,1,0.171558
897,2933,1,1,0.171558
897,2948,1,1,0.171558
852,9037,1,1,0.171558
852,15643,1,1,0.171558
655,11653,1,1,0.171558
9281,16775,1,1,0.171558
655,16775,1,1,0.171558
4180,14254,1,1,0.171558
8823,18081,1,1,0.171558
12407,23328,1,1,0.171558
8064,12407,1,1,0.171558
8064,21662,1,1,0.171558
12407,21662,1,1,0.171558
4275,6764,1,1,0.171558
16153,21062,1,1,0.171558
4275,6762,1,1,0.171558
4275,5275,1,1,0.171558
1430,12754,1,1,0.171558
23360,24024,1,1,0.171558
12754,24024,1,1,0.171558
12754,23360,1,1,0.171558
10732,24024,1,1,0.171558
1430,23360,1,1,0.171558
1430,24024,1,1,0.171558
10732,23360,1,1,0.171558
8837,16581,1,1,0.171558
16447,16576,1,1,0.171558
14473,16245,1,1,0.171558
12931,31379,1,1,0.171558
26111,29440,1,1,0.171558
19763,24589,1,1,0.171558
1600,11889,1,1,0.171558
3669,8761,1,1,0.171558
6375,8761,1,1,0.171558
1784,4246,1,1,0.171558
2387,7142,1,1,0.171558
4174,4301,1,1,0.171558
904,8343,1,1,0.171558
904,9728,1,1,0.171558
6305,28232,1,1,0.171558
12931,31473,1,1,0.171558
7523,16245,1,1,0.171558
8343,9728,1,1,0.171558
13540,14077,1,1,0.171558
13540,14193,1,1,0.171558
13889,14077,1,1,0.171558
13889,14193,1,1,0.171558
5275,11917,1,1,0.171558
1144,2648,1,1,0.171558
5275,6764,1,1,0.171558
5275,6762,1,1,0.171558
5144,7523,1,1,0.171558
5144,16245,1,1,0.171558
3669,6375,1,1,0.171558
10412,23342,1,1,0.171558
43,7689,1,1,0.171558
7689,13919,1,1,0.171558
18454,21767,1,1,0.171558
10531,23468,1,1,0.171558
10531,21767,1,1,0.171558
10531,18454,1,1,0.171558
6764,21767,1,1,0.171558
11917,21324,1,1,0.171558
18454,23468,1,1,0.171558
6764,18698,1,1,0.171558
43,1668,1,1,0.171558
1668,13919,1,1,0.171558
6762,21767,1,1,0.171558
6762,18698,1,1,0.171558
1430,13919,1,1,0.171558
5275,21767,1,1,0.171558
43,23716,1,1,0.171558
43,17762,1,1,0.171558
43,1430,1,1,0.171558
21504,21995,1,1,0.171558
43,13919,1,1,0.171558
8957,10412,1,1,0.171558
21767,23468,1,1,0.171558
8948,16972,1,1,0.171558
9912,19765,1,1,0.171558
16053,23506,1,1,0.171558
837,4108,1,1,0.171558
6187,22909,1,1,0.171558
14572,15639,1,1,0.171558
35,1943,1,1,0.171558
35,15639,1,1,0.171558
1943,15639,1,1,0.171558
16362,19336,1,1,0.171558
7407,7534,1,1,0.171558
7407,18049,1,1,0.171558
7534,18049,1,1,0.171558
14650,16829,1,1,0.171558
5275,18698,1,1,0.171558
13919,17762,1,1,0.171558
10412,16896,1,1,0.171558
10412,14137,1,1,0.171558
20036,24348,1,1,0.171558
5141,24348,1,1,0.171558
5141,20036,1,1,0.171558
27715,28001,1,1,0.171558
13076,19346,1,1,0.171558
6458,19346,1,1,0.171558
6458,13076,1,1,0.171558
16896,19479,1,1,0.171558
14137,19479,1,1,0.171558
14137,16896,1,1,0.171558
10412,19479,1,1,0.171558
20036,29007,1,1,0.171558
5141,29007,1,1,0.171558
15639,18049,1,1,0.171558
23765,25830,1,1,0.171558
18915,28786,1,1,0.171558
24348,29007,1,1,0.171558
879,20036,1,1,0.171558
2145,3535,1,1,0.171214
382,1107,1,1,0.171214
23291,26481,1,1,0.171214
17595,26481,1,1,0.171214
17595,23291,1,1,0.171214
20078,25556,1,1,0.171214
2022,2511,1,1,0.171214
13206,15025,1,1,0.171214
22521,23291,1,1,0.171214
12677,18581,1,1,0.171214
22914,23036,1,1,0.171214
2145,17443,1,1,0.171214
2546,18705,1,1,0.171214
108,10083,1,1,0.171214
4335,9763,1,1,0.171214
2511,13424,1,1,0.171214
3535,13940,1,1,0.171214
1173,6946,1,1,0.171214
2546,10925,1,1,0.171214
8478,11471,1,1,0.171214
6458,11471,1,1,0.171214
6458,8478,1,1,0.171214
913,8478,1,1,0.171214
913,6458,1,1,0.171214
2788,6946,1,1,0.171214
6946,7925,1,1,0.171214
6946,11949,1,1,0.171214
3005,6946,1,1,0.171214
6946,10541,1,1,0.171214
1213,4579,1,1,0.171214
4501,13120,1,1,0.171214
2546,8427,1,1,0.171214
28196,30099,1,1,0.171214
6946,8427,1,1,0.171214
22630,22978,1,1,0.171214
23416,26094,1,1,0.171214
6437,15298,1,1,0.171214
154,3982,1,1,0.171214
8191,13995,1,1,0.171214
9763,13995,1,1,0.171214
13586,26094,1,1,0.171214
12225,24691,1,1,0.17096
26176,31491,1,1,0.17096
21100,27740,1,1,0.17096
20182,27740,1,1,0.17096
21100,21263,1,1,0.17096
955,7885,1,1,0.17096
4627,7885,1,1,0.17096
6125,10224,1,1,0.17096
6125,18018,1,1,0.17096
14541,17594,1,1,0.17096
20182,21100,1,1,0.17096
17594,21263,1,1,0.17096
18769,21100,1,1,0.17096
18769,21263,1,1,0.17096
14541,21100,1,1,0.17096
11757,12867,1,1,0.17096
11757,12898,1,1,0.17096
1020,7891,1,1,0.17096
25246,28260,1,1,0.17096
6805,18190,1,1,0.17096
9578,10584,1,1,0.17096
5372,24507,1,1,0.17096
23728,25201,1,1,0.17096
4374,4422,1,1,0.170876
4177,5819,1,1,0.170876
4177,4849,1,1,0.170876
4177,4292,1,1,0.170876
3604,4468,1,1,0.170876
15810,26287,1,1,0.170876
3604,4374,1,1,0.170876
1201,3036,1,1,0.170876
1056,2153,1,1,0.170876
1055,2153,1,1,0.170876
11286,26150,1,1,0.170876
5713,6545,1,1,0.170876
2337,17907,1,1,0.170876
7288,14977,1,1,0.170876
7208,7400,1,1,0.170876
11951,13370,1,1,0.170876
1007,8408,1,1,0.170876
4418,11250,1,1,0.170876
7288,12398,1,1,0.170876
4418,9687,1,1,0.170876
1768,11250,1,1,0.170876
1768,9687,1,1,0.170876
1768,4418,1,1,0.170876
10695,15560,1,1,0.170876
7288,14381,1,1,0.170876
1138,5527,1,1,0.170876
10266,12162,1,1,0.170876
10004,13436,1,1,0.170876
11224,14963,1,1,0.170876
6393,12164,1,1,0.170876
11587,14977,1,1,0.170876
8626,25142,1,1,0.170876
2153,12219,1,1,0.170876
17907,21762,1,1,0.170876
4028,4071,1,1,0.170876
5713,6679,1,1,0.170876
10573,11788,1,1,0.170876
5630,6720,1,1,0.170876
27803,30558,1,1,0.170876
3630,15231,1,1,0.170876
5970,7778,1,1,0.170876
20008,20471,1,1,0.170876
7208,11587,1,1,0.170876
13300,26414,1,1,0.170876
5527,5970,1,1,0.170876
11250,11951,1,1,0.170876
1157,5630,1,1,0.170876
2224,18578,1,1,0.170876
18736,20320,1,1,0.170876
6720,20320,1,1,0.170876
5630,18736,1,1,0.170876
4807,18825,1,1,0.170876
11802,16078,1,1,0.170876
353,16078,1,1,0.170876
7696,13300,1,1,0.170876
17899,21533,1,1,0.170876
6393,11250,1,1,0.170876
353,11802,1,1,0.170876
11234,14963,1,1,0.170876
6048,9079,1,1,0.170876
7208,14814,1,1,0.170876
14071,14963,1,1,0.170876
7063,12398,1,1,0.170876
1261,8257,1,1,0.170876
7062,9501,1,1,0.170876
11587,14814,1,1,0.170876
7400,14814,1,1,0.170876
7400,11587,1,1,0.170876
7302,14814,1,1,0.170876
19115,26174,1,1,0.170876
3059,5630,1,1,0.170876
7063,12433,1,1,0.170876
7302,11587,1,1,0.170876
7302,7400,1,1,0.170876
5527,7778,1,1,0.170876
1602,18469,1,1,0.170876
4296,5819,1,1,0.170876
787,1056,1,1,0.170876
15799,27403,1,1,0.170876
1055,4451,1,1,0.170876
1056,4451,1,1,0.170876
1602,19994,1,1,0.170876
1697,4422,1,1,0.170876
1697,4564,1,1,0.170876
1602,20008,1,1,0.170876
203,5105,1,1,0.170876
3884,4177,1,1,0.170876
1055,3346,1,1,0.170876
19994,20471,1,1,0.170876
5713,20543,1,1,0.170876
1602,8103,1,1,0.170876
787,1055,1,1,0.170876
1056,3346,1,1,0.170876
5630,14402,1,1,0.170876
4849,5819,1,1,0.170876
7288,12433,1,1,0.170876
4292,4296,1,1,0.170876
16368,24367,1,1,0.170876
4296,4849,1,1,0.170876
1602,20471,1,1,0.170876
5862,24997,1,1,0.170876
175,27417,1,1,0.170876
4292,5819,1,1,0.170876
2337,21762,1,1,0.170876
13300,26425,1,1,0.170876
175,17862,1,1,0.170876
4292,4849,1,1,0.170876
1592,7682,1,1,0.170792
6095,23107,1,1,0.170792
6817,22418,1,1,0.170792
1920,11749,1,1,0.170792
3632,6304,1,1,0.170792
201,3399,1,1,0.170792
1842,11041,1,1,0.170792
25,16670,1,1,0.170792
23124,24921,1,1,0.170792
1842,19948,1,1,0.170792
5123,22560,1,1,0.170792
18104,22446,1,1,0.170792
29277,31096,1,1,0.170792
24618,26745,1,1,0.170792
1842,16705,1,1,0.170792
24015,27768,1,1,0.170792
27003,31059,1,1,0.170792
2534,23791,1,1,0.170792
904,12047,1,1,0.170792
4640,16089,1,1,0.170792
27645,27768,1,1,0.170792
27230,28892,1,1,0.170792
27276,27768,1,1,0.170792
9038,23107,1,1,0.170792
1842,10888,1,1,0.170792
1842,16112,1,1,0.170792
940,23043,1,1,0.170709
545,8321,1,1,0.170709
15319,21046,1,1,0.170709
13686,27760,1,1,0.170709
28021,29006,1,1,0.170709
2841,23201,1,1,0.170709
8594,18507,1,1,0.170709
3233,20829,1,1,0.170709
2009,23201,1,1,0.170709
3897,10496,1,1,0.170709
23132,23196,1,1,0.170709
6479,20766,1,1,0.170709
7328,14093,1,1,0.170709
263,9766,1,1,0.170709
3798,14365,1,1,0.170709
1531,18530,1,1,0.170709
11717,16921,1,1,0.170709
9184,14708,1,1,0.170709
4362,11347,1,1,0.170709
4870,15572,1,1,0.170709
5369,9154,1,1,0.170709
9560,24976,1,1,0.170709
5756,11315,1,1,0.170709
4541,6874,1,1,0.170709
4272,6874,1,1,0.170709
19875,23751,1,1,0.170709
5377,21820,1,1,0.170709
5037,20957,1,1,0.170709
3495,9024,1,1,0.170709
10696,14180,1,1,0.170709
480,10790,1,1,0.170709
2738,26176,1,1,0.170709
3495,16259,1,1,0.170709
19753,28528,1,1,0.170709
5123,19443,1,1,0.169105
1979,3954,1,1,0.169105
6457,14072,1,1,0.169105
2244,4987,1,1,0.169105
1979,7200,1,1,0.169105
2988,4204,1,1,0.169105
9270,11418,1,1,0.169105
4067,6457,1,1,0.169105
2364,12140,1,1,0.169105
14447,21271,1,1,0.169105
25383,27390,1,1,0.169105
4199,11841,1,1,0.169105
3400,3731,1,1,0.169105
23107,23921,1,1,0.169105
18861,27011,1,1,0.169105
6026,23362,1,1,0.169105
2732,13952,1,1,0.169105
13576,20287,1,1,0.169027
14747,16200,1,1,0.169027
14747,20287,1,1,0.169027
11792,17777,1,1,0.169027
13576,16200,1,1,0.169027
17360,18257,1,1,0.169027
4894,20287,1,1,0.169027
4894,16200,1,1,0.169027
783,29990,1,1,0.169027
14487,23870,1,1,0.169027
16200,20287,1,1,0.169027
28480,29876,1,1,0.169027
27048,28302,1,1,0.169027
1525,19380,1,1,0.169027
16235,22514,1,1,0.169027
2841,18112,1,1,0.169027
6295,23143,1,1,0.169027
17360,19329,1,1,0.169027
1410,6598,1,1,0.169027
19605,20518,1,1,0.169027
2811,18128,1,1,0.169027
1871,9463,1,1,0.169027
1871,13661,1,1,0.169027
10999,15569,1,1,0.169027
1043,19329,1,1,0.169027
627,15436,1,1,0.169027
18257,19329,1,1,0.169027
5247,22725,1,1,0.169027
5247,22305,1,1,0.169027
3976,22725,1,1,0.169027
6598,14576,1,1,0.169027
3976,22305,1,1,0.169027
4894,14747,1,1,0.169027
6598,20289,1,1,0.169027
11333,14576,1,1,0.169027
3976,5247,1,1,0.169027
12361,14393,1,1,0.169027
11333,20289,1,1,0.169027
11455,14576,1,1,0.169027
22715,22833,1,1,0.169027
14393,20103,1,1,0.169027
253,15436,1,1,0.169027
22204,22715,1,1,0.169027
5089,22833,1,1,0.169027
5089,22715,1,1,0.169027
11455,20289,1,1,0.169027
5089,22204,1,1,0.169027
14576,20289,1,1,0.169027
253,627,1,1,0.169027
1871,18530,1,1,0.169027
5126,19329,1,1,0.169027
4400,8543,1,1,0.169027
1043,5126,1,1,0.169027
3976,8543,1,1,0.169027
3976,4400,1,1,0.169027
1410,1871,1,1,0.169027
6598,11455,1,1,0.169027
8338,11792,1,1,0.169027
1871,21677,1,1,0.169027
7716,21590,1,1,0.169027
13647,15436,1,1,0.169027
7716,8537,1,1,0.169027
1871,4400,1,1,0.169027
3314,22833,1,1,0.169027
1871,8543,1,1,0.169027
3314,22715,1,1,0.169027
3314,22204,1,1,0.169027
3314,5089,1,1,0.169027
1871,19804,1,1,0.169027
1410,11333,1,1,0.169027
1410,11455,1,1,0.169027
3971,21590,1,1,0.169027
1871,22016,1,1,0.169027
3314,12361,1,1,0.169027
1410,14576,1,1,0.169027
1410,20289,1,1,0.169027
12790,14350,1,1,0.169027
6598,11333,1,1,0.169027
1531,22514,1,1,0.169027
3314,14393,1,1,0.169027
1531,16235,1,1,0.169027
22305,22725,1,1,0.169027
22204,22833,1,1,0.169027
4400,15436,1,1,0.169027
6598,12898,1,1,0.169027
3976,17647,1,1,0.169027
1410,16230,1,1,0.169027
1871,15694,1,1,0.169027
10992,15694,1,1,0.169027
2962,10615,1,1,0.169027
3647,17647,1,1,0.169027
6598,15747,1,1,0.169027
6598,15590,1,1,0.169027
6598,13172,1,1,0.169027
3976,15275,1,1,0.169027
3976,8338,1,1,0.169027
3976,17777,1,1,0.169027
1789,1871,1,1,0.169027
6598,12867,1,1,0.169027
8338,17647,1,1,0.169027
2282,9040,1,1,0.169027
17647,17777,1,1,0.169027
2061,10535,1,1,0.169027
2061,12210,1,1,0.169027
2061,15237,1,1,0.169027
10535,12210,1,1,0.169027
10535,15237,1,1,0.169027
12210,15237,1,1,0.169027
13714,14999,1,1,0.169027
8822,10615,1,1,0.169027
9165,10992,1,1,0.169027
6120,28415,1,1,0.169027
9770,13751,1,1,0.169027
3348,15298,1,1,0.169027
15523,15596,1,1,0.169027
1410,15209,1,1,0.169027
2120,19443,1,1,0.169027
2794,6120,1,1,0.169027
4400,13647,1,1,0.169027
1410,13751,1,1,0.169027
6120,23921,1,1,0.169027
6120,26362,1,1,0.169027
6120,22941,1,1,0.169027
1410,9770,1,1,0.169027
1871,13885,1,1,0.169027
3989,27852,1,1,0.169027
4400,8338,1,1,0.169027
22311,29207,1,1,0.169027
9770,15209,1,1,0.169027
13751,15209,1,1,0.169027
4894,13576,1,1,0.169027
1871,9165,1,1,0.169027
9496,28444,1,1,0.169027
1602,8197,1,1,0.16895
1248,25459,1,1,0.16895
1320,25459,1,1,0.16895
14801,26053,1,1,0.16895
1248,1320,1,1,0.16895
26101,26266,1,1,0.16895
26101,26134,1,1,0.16895
1602,2451,1,1,0.16895
3782,10162,1,1,0.16895
10162,12233,1,1,0.16895
20617,22648,1,1,0.16895
17171,21531,1,1,0.16895
2935,14801,1,1,0.16895
2935,26053,1,1,0.16895
647,8721,1,1,0.16895
928,26053,1,1,0.16895
928,14801,1,1,0.16895
928,2935,1,1,0.16895
16807,16849,1,1,0.16895
9470,16849,1,1,0.16895
9470,16807,1,1,0.16895
21397,22612,1,1,0.16895
18031,21397,1,1,0.16895
13318,17401,1,1,0.16895
565,17401,1,1,0.16895
565,13318,1,1,0.16895
5278,25142,1,1,0.16895
5166,25142,1,1,0.16895
14376,20283,1,1,0.16895
2451,8197,1,1,0.16895
13963,30298,1,1,0.16895
338,25925,1,1,0.16895
6405,30298,1,1,0.16895
11454,14299,1,1,0.16895
20083,30298,1,1,0.16895
15770,20083,1,1,0.16895
11089,16381,1,1,0.16895
13963,20083,1,1,0.16895
12444,30298,1,1,0.16895
12444,20083,1,1,0.16895
12444,15770,1,1,0.16895
12444,13963,1,1,0.16895
11030,30298,1,1,0.16895
11030,15770,1,1,0.16895
11030,12444,1,1,0.16895
6405,20083,1,1,0.16895
29415,30018,1,1,0.16895
6405,13963,1,1,0.16895
6405,12444,1,1,0.16895
6405,11030,1,1,0.16895
15666,17019,1,1,0.16895
30298,30935,1,1,0.16895
15770,30935,1,1,0.16895
11030,20886,1,1,0.16895
7259,15546,1,1,0.16895
5730,15546,1,1,0.16895
5362,15546,1,1,0.16895
5362,5730,1,1,0.16895
13963,24845,1,1,0.16895
6845,15230,1,1,0.16895
1430,3059,1,1,0.16895
7020,10634,1,1,0.16895
2233,11566,1,1,0.16895
5109,5216,1,1,0.16895
5109,10249,1,1,0.16895
5109,11752,1,1,0.16895
5216,10249,1,1,0.16895
5216,11752,1,1,0.16895
10249,11752,1,1,0.16895
3322,7404,1,1,0.16895
3322,13239,1,1,0.16895
7404,13239,1,1,0.16895
7404,15695,1,1,0.16895
13239,15695,1,1,0.16895
554,2233,1,1,0.16895
554,11566,1,1,0.16895
1463,2233,1,1,0.16895
1463,11566,1,1,0.16895
2233,11752,1,1,0.16895
2233,10249,1,1,0.16895
2233,5216,1,1,0.16895
1080,5137,1,1,0.16895
8721,17762,1,1,0.16895
647,9556,1,1,0.16895
10574,11780,1,1,0.16895
647,16153,1,1,0.16895
1980,6220,1,1,0.16895
614,1347,1,1,0.16895
988,5137,1,1,0.16895
2233,5109,1,1,0.16895
8721,9556,1,1,0.16895
8597,14670,1,1,0.16895
544,5109,1,1,0.16895
544,5216,1,1,0.16895
544,10249,1,1,0.16895
544,11752,1,1,0.16895
2233,5968,1,1,0.16895
544,2233,1,1,0.16895
5968,11566,1,1,0.16895
1896,7548,1,1,0.16895
9556,15666,1,1,0.16895
11752,15666,1,1,0.16895
10592,15983,1,1,0.16895
8597,15983,1,1,0.16895
3241,13212,1,1,0.16895
8982,9063,1,1,0.16895
1896,4180,1,1,0.16895
1896,7020,1,1,0.16895
1896,20933,1,1,0.16895
1195,15666,1,1,0.16895
4180,7020,1,1,0.16895
4180,7548,1,1,0.16895
4180,20933,1,1,0.16895
7020,20933,1,1,0.16895
7548,20933,1,1,0.16895
7020,15888,1,1,0.16895
2964,15920,1,1,0.16895
4180,16751,1,1,0.16895
9556,11752,1,1,0.16895
6405,15770,1,1,0.16895
1195,11752,1,1,0.16895
1520,5147,1,1,0.16895
1520,11089,1,1,0.16895
59,3456,1,1,0.16895
5147,9556,1,1,0.16895
1195,9556,1,1,0.16895
5147,11089,1,1,0.16895
9556,11089,1,1,0.16895
8149,18202,1,1,0.168874
93,12835,1,1,0.168874
7440,14521,1,1,0.168874
93,9042,1,1,0.168874
19123,20592,1,1,0.168874
9042,12835,1,1,0.168874
5123,12835,1,1,0.168874
47,1376,1,1,0.168874
10828,14430,1,1,0.168874
1543,1692,1,1,0.168874
6518,12692,1,1,0.168874
6422,9920,1,1,0.168874
9895,19691,1,1,0.168874
3387,9358,1,1,0.168874
2478,23907,1,1,0.168874
2344,12382,1,1,0.168798
634,20322,1,1,0.168798
641,23827,1,1,0.168798
2344,16611,1,1,0.168798
2009,10750,1,1,0.168798
13664,16545,1,1,0.168798
10561,27388,1,1,0.168798
10561,27887,1,1,0.168798
16033,25246,1,1,0.168798
9859,25007,1,1,0.168798
2841,10750,1,1,0.168798
6580,10084,1,1,0.168798
1693,18168,1,1,0.168798
5037,6580,1,1,0.168798
12867,16820,1,1,0.168798
6580,10929,1,1,0.168798
6580,10930,1,1,0.168798
5230,11987,1,1,0.168798
1693,15426,1,1,0.168798
6437,9812,1,1,0.168798
3835,11784,1,1,0.168798
3835,21307,1,1,0.168798
11784,21307,1,1,0.168798
3835,16820,1,1,0.168798
1889,26041,1,1,0.168646
16155,20110,1,1,0.168646
10075,26607,1,1,0.168646
12790,20835,1,1,0.168646
20110,23583,1,1,0.168646
16742,17961,1,1,0.168646
578,6437,1,1,0.168646
4671,8795,1,1,0.168646
1753,8795,1,1,0.168646
1693,17594,1,1,0.168646
9184,10075,1,1,0.168646
21265,30089,1,1,0.168646
22794,26176,1,1,0.168646
16230,25856,1,1,0.168646
12478,17450,1,1,0.168646
1753,4671,1,1,0.168646
11969,12338,1,1,0.168646
28989,29073,1,1,0.168646
1662,13298,1,1,0.168646
5275,6959,1,1,0.16842
423,1944,1,1,0.16842
382,3306,1,1,0.16842
643,2546,1,1,0.16842
1006,20576,1,1,0.16842
7200,9171,1,1,0.16842
326,9924,1,1,0.16842
1944,5275,1,1,0.16842
4820,8149,1,1,0.16842
2333,23124,1,1,0.16842
23498,23863,1,1,0.16842
6672,23077,1,1,0.16842
2361,6672,1,1,0.16842
5275,23649,1,1,0.16842
6672,23608,1,1,0.16842
5275,20984,1,1,0.16842
5275,23033,1,1,0.16842
8990,17396,1,1,0.16842
3285,27461,1,1,0.16842
1944,13112,1,1,0.16842
9611,10432,1,1,0.16842
3471,12953,1,1,0.16842
9037,9422,1,1,0.16842
3090,6165,1,1,0.16842
3090,5275,1,1,0.16842
7369,13112,1,1,0.16842
1720,6972,1,1,0.16842
5275,7369,1,1,0.16842
3546,8993,1,1,0.16842
1429,6063,1,1,0.16842
3163,8993,1,1,0.16842
1070,15487,1,1,0.16842
181,1704,1,1,0.16842
3163,3546,1,1,0.16842
967,1944,1,1,0.16842
7067,9419,1,1,0.16842
5275,9419,1,1,0.16842
5275,7067,1,1,0.16842
643,7067,1,1,0.16842
643,5275,1,1,0.16842
13310,15841,1,1,0.16842
8149,9037,1,1,0.16842
5275,9037,1,1,0.16842
1704,9130,1,1,0.16842
5275,8149,1,1,0.16842
13112,15173,1,1,0.16842
2546,4910,1,1,0.16842
5275,15173,1,1,0.16842
4449,8121,1,1,0.16842
7523,9689,1,1,0.16842
3150,13811,1,1,0.16842
423,15181,1,1,0.16842
8149,18384,1,1,0.16842
5275,11739,1,1,0.16842
5275,6165,1,1,0.16842
2971,19186,1,1,0.16842
2288,9422,1,1,0.16842
1735,9422,1,1,0.16842
5576,23077,1,1,0.16842
1735,9037,1,1,0.16842
1735,2288,1,1,0.16842
5275,23608,1,1,0.16842
5998,23077,1,1,0.16842
1591,8041,1,1,0.16842
5115,6672,1,1,0.16842
8149,19638,1,1,0.16842
887,8149,1,1,0.16842
2546,8149,1,1,0.16842
3280,19186,1,1,0.16842
3471,5275,1,1,0.16842
8121,13077,1,1,0.16842
2971,3280,1,1,0.16842
8149,9419,1,1,0.16842
6627,9419,1,1,0.16842
1944,15181,1,1,0.16842
5741,9419,1,1,0.16842
5741,8149,1,1,0.16842
5741,6627,1,1,0.16842
643,8149,1,1,0.16842
643,6627,1,1,0.16842
643,5741,1,1,0.16842
4910,15487,1,1,0.16842
2546,15487,1,1,0.16842
9037,13077,1,1,0.16842
6627,8149,1,1,0.16842
5866,7468,1,1,0.16842
26904,31542,1,1,0.16842
9917,10988,1,1,0.16842
24365,24844,1,1,0.16842
12987,30761,1,1,0.16842
3454,15774,1,1,0.16842
3454,7570,1,1,0.16842
10086,28011,1,1,0.16842
3793,6471,1,1,0.16842
21630,27124,1,1,0.16842
28741,28791,1,1,0.16842
3053,3817,1,1,0.16842
830,6471,1,1,0.16842
9866,9917,1,1,0.16842
9866,10988,1,1,0.16842
25175,25498,1,1,0.16842
12433,15850,1,1,0.16842
24844,26130,1,1,0.16842
8912,14314,1,1,0.16842
9265,22877,1,1,0.16842
494,12398,1,1,0.16842
8192,20969,1,1,0.16842
7662,25203,1,1,0.16842
11234,19559,1,1,0.16842
8192,20923,1,1,0.16842
8192,11381,1,1,0.16842
3990,18205,1,1,0.16842
16602,20313,1,1,0.16842
12856,27309,1,1,0.16842
140,8306,1,1,0.168123
140,6221,1,1,0.168123
140,3022,1,1,0.168123
140,1765,1,1,0.168123
353,1004,1,1,0.168123
7578,26928,1,1,0.168123
4760,5482,1,1,0.168123
2451,18927,1,1,0.168123
2937,25616,1,1,0.168123
10888,25158,1,1,0.168123
19361,24888,1,1,0.168123
1765,3022,1,1,0.168123
1173,15230,1,1,0.168123
2381,16067,1,1,0.168123
1765,6221,1,1,0.168123
1765,8306,1,1,0.168123
3022,6221,1,1,0.168123
12346,25908,1,1,0.168123
16665,23246,1,1,0.168123
13554,23246,1,1,0.168123
6221,8306,1,1,0.168123
13554,16665,1,1,0.168123
6412,18698,1,1,0.168123
21617,21788,1,1,0.168123
7492,9497,1,1,0.168123
7492,9501,1,1,0.168123
27675,31189,1,1,0.168123
2165,9595,1,1,0.168123
16067,21788,1,1,0.168123
4583,9885,1,1,0.168123
2451,20142,1,1,0.168123
2598,20142,1,1,0.168123
6114,20142,1,1,0.168123
1261,11644,1,1,0.168123
2451,6114,1,1,0.168123
2381,21617,1,1,0.168123
1966,7367,1,1,0.168123
4583,9893,1,1,0.168123
16067,21617,1,1,0.168123
2598,6114,1,1,0.168123
2451,2598,1,1,0.168123
6474,16080,1,1,0.168123
6474,15466,1,1,0.168123
381,5520,1,1,0.168123
5064,14356,1,1,0.168123
7915,16904,1,1,0.168123
9687,11089,1,1,0.168123
13628,16807,1,1,0.168123
955,13589,1,1,0.167114
7343,9778,1,1,0.167114
6587,11121,1,1,0.167114
3283,10746,1,1,0.167114
16180,31296,1,1,0.167114
3803,16782,1,1,0.167114
5660,6961,1,1,0.167114
955,5844,1,1,0.167114
3128,5127,1,1,0.167114
9770,12577,1,1,0.167114
459,11138,1,1,0.167114
11111,21365,1,1,0.167114
5755,7343,1,1,0.167114
459,813,1,1,0.167114
3312,3981,1,1,0.167114
241,5699,1,1,0.167114
459,4138,1,1,0.167114
223,581,1,1,0.167114
1110,1871,1,1,0.167114
6857,6955,1,1,0.167114
459,7225,1,1,0.167114
459,7343,1,1,0.167114
10434,16587,1,1,0.167114
459,9474,1,1,0.167114
21280,22298,1,1,0.167114
28377,30079,1,1,0.167114
3128,16240,1,1,0.167114
982,16974,1,1,0.167114
9770,16974,1,1,0.167114
2811,19021,1,1,0.167114
581,17883,1,1,0.167114
16288,16782,1,1,0.167114
459,10288,1,1,0.167114
459,16240,1,1,0.167114
459,17883,1,1,0.167114
9467,18609,1,1,0.167114
3128,10288,1,1,0.167114
459,5230,1,1,0.167114
10776,15220,1,1,0.167114
3128,5230,1,1,0.167114
459,16413,1,1,0.167114
459,18239,1,1,0.167114
4780,8537,1,1,0.167114
4780,18051,1,1,0.167114
8537,18051,1,1,0.167114
7225,17883,1,1,0.167114
5230,18239,1,1,0.167114
6587,9467,1,1,0.167114
6587,18609,1,1,0.167114
982,9770,1,1,0.167114
8537,12596,1,1,0.167114
5230,17777,1,1,0.167114
16196,23784,1,1,0.167114
11987,18935,1,1,0.167114
13644,18239,1,1,0.167114
18239,23968,1,1,0.167114
5853,6479,1,1,0.167114
24133,25603,1,1,0.167114
192,3586,1,1,0.167114
192,1531,1,1,0.167114
5230,19055,1,1,0.167114
3250,25080,1,1,0.167114
17262,21554,1,1,0.167114
12832,17883,1,1,0.167114
17883,19462,1,1,0.167114
10886,15004,1,1,0.167114
9126,17883,1,1,0.167114
5755,15275,1,1,0.167114
15466,17883,1,1,0.167114
4894,17883,1,1,0.167114
17883,19055,1,1,0.167114
17777,19055,1,1,0.167114
17777,17883,1,1,0.167114
13790,15982,1,1,0.167114
1943,3547,1,1,0.166904
6499,6887,1,1,0.166904
1943,24149,1,1,0.166904
3547,24149,1,1,0.166904
1074,1943,1,1,0.166904
1074,3547,1,1,0.166904
743,9539,1,1,0.166904
7376,9539,1,1,0.166904
7224,7376,1,1,0.166904
6887,7089,1,1,0.166904
743,7224,1,1,0.166904
10171,15150,1,1,0.166904
6499,18359,1,1,0.166904
22021,28875,1,1,0.166904
6887,18359,1,1,0.166904
7089,18359,1,1,0.166904
5137,5547,1,1,0.166904
16159,20809,1,1,0.166904
18233,25281,1,1,0.166904
221,4740,1,1,0.166904
4740,27768,1,1,0.166904
27768,29440,1,1,0.166904
17427,28495,1,1,0.166904
6457,10641,1,1,0.166904
8488,10641,1,1,0.166904
20672,23211,1,1,0.166354
4262,21767,1,1,0.166354
2740,2798,1,1,0.166354
399,16822,1,1,0.166354
12046,13813,1,1,0.166354
2798,6349,1,1,0.166354
1173,18861,1,1,0.166354
9487,20576,1,1,0.166354
21258,24371,1,1,0.166354
1173,11868,1,1,0.166354
6526,13076,1,1,0.166354
20810,24067,1,1,0.166354
462,7369,1,1,0.166354
10888,27799,1,1,0.166354
1564,26062,1,1,0.166354
20659,27878,1,1,0.166354
25526,31279,1,1,0.166354
11889,27685,1,1,0.166354
14544,31640,1,1,0.166354
19222,21518,1,1,0.166354
13813,14190,1,1,0.166354
510,3306,1,1,0.166354
17593,21118,1,1,0.166354
967,11878,1,1,0.166354
967,4774,1,1,0.166354
478,2613,1,1,0.166354
5358,13813,1,1,0.166354
2560,13813,1,1,0.166354
2560,5358,1,1,0.166354
1173,2512,1,1,0.166354
77,11242,1,1,0.166354
5966,14114,1,1,0.166354
2512,14114,1,1,0.166354
579,10355,1,1,0.166354
579,6575,1,1,0.166354
14114,14521,1,1,0.166354
12991,14521,1,1,0.166354
12991,14114,1,1,0.166354
10243,14521,1,1,0.166354
10243,14114,1,1,0.166354
10243,12991,1,1,0.166354
10084,13059,1,1,0.166354
2512,10084,1,1,0.166354
197,2511,1,1,0.166354
7200,9066,1,1,0.166354
967,6165,1,1,0.166354
6575,10355,1,1,0.166354
4774,6165,1,1,0.166354
14603,15754,1,1,0.166354
4774,11878,1,1,0.166354
2503,15762,1,1,0.166354
2134,8758,1,1,0.166354
475,2511,1,1,0.166354
8763,15298,1,1,0.166354
6437,10362,1,1,0.166354
10362,13813,1,1,0.166354
2511,10362,1,1,0.166354
15754,17073,1,1,0.166354
14603,17073,1,1,0.166354
6645,18530,1,1,0.166354
1173,12046,1,1,0.166354
77,12046,1,1,0.166354
77,1173,1,1,0.166354
2511,4289,1,1,0.166354
3153,10490,1,1,0.166354
13916,15163,1,1,0.166354
1173,16817,1,1,0.166354
6165,11878,1,1,0.166354
13260,22457,1,1,0.166085
10137,11739,1,1,0.166085
3102,5123,1,1,0.166085
17207,17637,1,1,0.166085
3102,16013,1,1,0.166085
10668,15596,1,1,0.166085
1047,3306,1,1,0.166085
3102,23856,1,1,0.166085
8990,9611,1,1,0.166085
4494,13854,1,1,0.166085
3375,12171,1,1,0.166085
5275,16698,1,1,0.166085
23077,23140,1,1,0.166085
12370,20201,1,1,0.166085
12370,23077,1,1,0.166085
20201,23077,1,1,0.166085
2431,8149,1,1,0.166085
20672,23077,1,1,0.166085
23077,23257,1,1,0.166085
1006,3566,1,1,0.166085
1006,5275,1,1,0.166085
3566,5275,1,1,0.166085
5275,23100,1,1,0.166085
5451,10097,1,1,0.166085
3275,31084,1,1,0.166085
599,684,1,1,0.166085
5123,9405,1,1,0.166085
58,20648,1,1,0.166085
281,9918,1,1,0.166085
24760,25833,1,1,0.166085
6452,27814,1,1,0.166085
16941,25729,1,1,0.166085
1564,25729,1,1,0.166085
1564,16941,1,1,0.166085
30145,30582,1,1,0.166085
9432,30394,1,1,0.166085
7061,27814,1,1,0.166085
17277,27814,1,1,0.166085
16638,24085,1,1,0.166085
16638,19845,1,1,0.166085
3074,25937,1,1,0.166085
14295,26913,1,1,0.166085
997,15940,1,1,0.166085
16013,23856,1,1,0.166085
9405,23856,1,1,0.166085
9405,16013,1,1,0.166085
5123,23856,1,1,0.166085
5123,16013,1,1,0.166085
1173,11158,1,1,0.166085
10662,11151,1,1,0.166085
1944,4323,1,1,0.165885
27011,28892,1,1,0.165885
89,2729,1,1,0.165885
11672,25042,1,1,0.165885
89,8654,1,1,0.165885
89,11672,1,1,0.165885
8654,11672,1,1,0.165885
89,822,1,1,0.165885
769,27418,1,1,0.165885
8378,17643,1,1,0.165885
25554,27768,1,1,0.165885
11686,19479,1,1,0.165885
483,21983,1,1,0.165885
8888,13896,1,1,0.165885
9272,28501,1,1,0.165885
29052,30314,1,1,0.165885
1924,10362,1,1,0.165885
6800,15211,1,1,0.165885
465,1577,1,1,0.165885
6811,7836,1,1,0.165885
25357,25806,1,1,0.165885
1024,12689,1,1,0.165885
1577,5548,1,1,0.165885
8868,11686,1,1,0.165885
4562,15211,1,1,0.165885
5142,10283,1,1,0.165885
1105,15417,1,1,0.165885
14221,15934,1,1,0.165885
5524,14235,1,1,0.165885
5827,14235,1,1,0.165885
1493,16428,1,1,0.165885
11686,12155,1,1,0.165885
1757,13191,1,1,0.165885
12689,14686,1,1,0.165885
2503,20011,1,1,0.165885
9759,10179,1,1,0.165885
2729,11768,1,1,0.165885
1920,7369,1,1,0.165885
8045,11996,1,1,0.165885
8888,12689,1,1,0.165885
9797,10362,1,1,0.165885
3061,10362,1,1,0.165885
3458,28059,1,1,0.165885
32,1502,1,1,0.165885
15180,26468,1,1,0.165885
1944,6202,1,1,0.165885
4779,4834,1,1,0.165885
4430,13816,1,1,0.165621
30159,30283,1,1,0.165621
22473,23584,1,1,0.165621
19448,30159,1,1,0.165621
2864,29359,1,1,0.165621
17938,19691,1,1,0.165621
8771,21980,1,1,0.165621
13055,17421,1,1,0.165621
15367,21980,1,1,0.165621
1173,4635,1,1,0.165621
1070,17359,1,1,0.165621
4585,9042,1,1,0.165621
1141,6434,1,1,0.165621
368,8756,1,1,0.165621
6902,7200,1,1,0.165621
21980,29030,1,1,0.165621
2528,9721,1,1,0.165621
16902,25383,1,1,0.165621
3600,12005,1,1,0.165621
1537,9312,1,1,0.165621
3821,20132,1,1,0.165621
13816,23296,1,1,0.165621
9264,16178,1,1,0.165621
10614,22578,1,1,0.164168
22544,22578,1,1,0.164168
22544,22833,1,1,0.164168
10614,22833,1,1,0.164168
742,6643,1,1,0.164168
10614,22544,1,1,0.164168
9739,22833,1,1,0.164168
9739,22578,1,1,0.164168
3971,6705,1,1,0.164168
22578,22833,1,1,0.164168
7318,15397,1,1,0.164168
9739,22544,1,1,0.164168
1435,6874,1,1,0.164168
12361,18945,1,1,0.164168
8273,15397,1,1,0.164168
1357,13172,1,1,0.164168
7909,20918,1,1,0.164168
6873,8779,1,1,0.164168
7909,15569,1,1,0.164168
6873,22016,1,1,0.164168
8779,22016,1,1,0.164168
20019,21590,1,1,0.164168
4058,15982,1,1,0.164168
12898,18945,1,1,0.164168
7348,12790,1,1,0.164168
12867,18945,1,1,0.164168
21280,21924,1,1,0.164168
9739,10614,1,1,0.164168
15569,20918,1,1,0.164168
12361,12898,1,1,0.164168
12361,12867,1,1,0.164168
8769,19813,1,1,0.164168
8769,16481,1,1,0.164168
6705,12790,1,1,0.164168
12118,14029,1,1,0.164168
6705,14708,1,1,0.164168
3835,6424,1,1,0.164168
6424,23845,1,1,0.164168
12153,17298,1,1,0.164168
12153,20951,1,1,0.164168
17298,20951,1,1,0.164168
1595,25619,1,1,0.164168
25178,27590,1,1,0.164168
6873,7317,1,1,0.164168
6873,18412,1,1,0.164168
7317,18412,1,1,0.164168
310,6424,1,1,0.164168
6424,12790,1,1,0.164168
12790,26851,1,1,0.164168
6424,8397,1,1,0.164168
6424,12153,1,1,0.164168
6424,15237,1,1,0.164168
6424,23597,1,1,0.164168
8397,12153,1,1,0.164168
8397,15237,1,1,0.164168
8397,23597,1,1,0.164168
12153,15237,1,1,0.164168
12153,23597,1,1,0.164168
15237,23597,1,1,0.164168
4588,29223,1,1,0.164168
783,21361,1,1,0.164168
6705,20994,1,1,0.164168
3835,23845,1,1,0.164168
6424,26851,1,1,0.164168
3314,24313,1,1,0.164168
8057,12790,1,1,0.164168
6705,21388,1,1,0.164168
6705,23952,1,1,0.164168
12790,14708,1,1,0.164168
12790,20994,1,1,0.164168
12790,21388,1,1,0.164168
12790,23952,1,1,0.164168
14708,20994,1,1,0.164168
14708,23952,1,1,0.164168
20994,21388,1,1,0.164168
20994,23952,1,1,0.164168
21388,23952,1,1,0.164168
6124,6166,1,1,0.164168
6124,6341,1,1,0.164168
14708,21388,1,1,0.164168
581,9198,1,1,0.164168
13290,20019,1,1,0.164168
8057,23799,1,1,0.164168
8150,21563,1,1,0.164168
2811,12790,1,1,0.164168
9198,19152,1,1,0.164168
581,19152,1,1,0.164168
12790,23799,1,1,0.164168
26813,29198,1,1,0.164047
7916,7918,1,1,0.164047
7191,18753,1,1,0.164047
7191,18255,1,1,0.164047
26199,29702,1,1,0.164047
27861,29702,1,1,0.164047
20287,25094,1,1,0.164047
15209,25714,1,1,0.164047
15209,26213,1,1,0.164047
15209,29073,1,1,0.164047
6190,26813,1,1,0.164047
25714,26213,1,1,0.164047
25714,29073,1,1,0.164047
26213,29073,1,1,0.164047
2738,8615,1,1,0.164047
2738,12188,1,1,0.164047
25603,26652,1,1,0.164047
3314,29245,1,1,0.164047
15491,30685,1,1,0.164047
15491,31278,1,1,0.164047
30685,31278,1,1,0.164047
13398,31166,1,1,0.164047
7191,11725,1,1,0.164047
11022,11696,1,1,0.164047
6190,29198,1,1,0.164047
21732,24646,1,1,0.164047
25588,25685,1,1,0.164047
16102,25213,1,1,0.164047
21732,24223,1,1,0.164047
20214,25213,1,1,0.164047
15225,24646,1,1,0.164047
1595,8705,1,1,0.164047
16102,20214,1,1,0.164047
12468,12526,1,1,0.164047
15225,24223,1,1,0.164047
1595,21316,1,1,0.164047
8705,21316,1,1,0.164047
4400,21100,1,1,0.164047
24223,24646,1,1,0.164047
25824,27578,1,1,0.164047
25685,26199,1,1,0.164047
5126,26199,1,1,0.164047
25588,26199,1,1,0.164047
26199,27891,1,1,0.164047
12153,24201,1,1,0.164047
7838,27789,1,1,0.164047
17053,24646,1,1,0.164047
22234,22785,1,1,0.164047
15225,21732,1,1,0.164047
22234,25603,1,1,0.164047
22785,25603,1,1,0.164047
10740,11696,1,1,0.164047
5126,25685,1,1,0.164047
6705,14959,1,1,0.164047
2847,7414,1,1,0.164047
2605,13172,1,1,0.164047
2605,12898,1,1,0.164047
2605,12879,1,1,0.164047
2605,12867,1,1,0.164047
2605,7459,1,1,0.164047
4400,6598,1,1,0.164047
12719,12846,1,1,0.164047
2848,7414,1,1,0.164047
6707,6955,1,1,0.164047
6389,7414,1,1,0.164047
3677,5864,1,1,0.164047
9394,11083,1,1,0.164047
2012,7021,1,1,0.164047
5755,10155,1,1,0.164047
742,10155,1,1,0.164047
742,5755,1,1,0.164047
1371,2282,1,1,0.164047
241,1371,1,1,0.164047
5126,25588,1,1,0.164047
1971,5835,1,1,0.164047
1971,6857,1,1,0.164047
2605,15590,1,1,0.164047
2848,6389,1,1,0.164047
2847,6389,1,1,0.164047
7459,12879,1,1,0.164047
3647,6007,1,1,0.164047
7459,15747,1,1,0.164047
7459,15590,1,1,0.164047
7459,13172,1,1,0.164047
10536,12719,1,1,0.164047
2282,7414,1,1,0.164047
7459,12898,1,1,0.164047
7459,12867,1,1,0.164047
11161,14771,1,1,0.164047
942,6008,1,1,0.164047
6062,6705,1,1,0.164047
2605,15747,1,1,0.164047
1871,6389,1,1,0.164047
1871,7414,1,1,0.164047
2282,6389,1,1,0.164047
6062,14959,1,1,0.164047
12867,12879,1,1,0.164047
595,4371,1,1,0.163806
4371,18149,1,1,0.163806
100,2200,1,1,0.163806
595,7567,1,1,0.163806
7549,30722,1,1,0.163806
9159,25080,1,1,0.163806
7567,18149,1,1,0.163806
20168,23222,1,1,0.163806
9114,18450,1,1,0.163806
595,18149,1,1,0.163806
6177,7184,1,1,0.163806
100,741,1,1,0.163806
2282,3803,1,1,0.163806
6667,20783,1,1,0.163806
18,20746,1,1,0.163806
741,2200,1,1,0.163806
5109,6426,1,1,0.163806
8931,13298,1,1,0.163806
4837,6061,1,1,0.163806
7278,10750,1,1,0.163806
15886,20783,1,1,0.163806
13298,13787,1,1,0.163806
2561,13988,1,1,0.163806
15303,20783,1,1,0.163806
7278,19605,1,1,0.163806
10610,19973,1,1,0.163806
13163,20829,1,1,0.163806
8931,13787,1,1,0.163806
6587,20829,1,1,0.163806
1871,3803,1,1,0.163806
1435,6873,1,1,0.163806
6061,18769,1,1,0.163806
955,6178,1,1,0.163806
6177,10303,1,1,0.163806
7184,17259,1,1,0.163806
10303,17259,1,1,0.163806
54,15057,1,1,0.163806
4377,9469,1,1,0.163806
9831,12719,1,1,0.163806
8238,16976,1,1,0.163806
4599,9795,1,1,0.163806
10238,12819,1,1,0.163806
514,2141,1,1,0.163806
54,13389,1,1,0.163806
491,2141,1,1,0.163806
10750,19605,1,1,0.163806
2512,14687,1,1,0.163686
1173,12632,1,1,0.163686
1647,8613,1,1,0.163686
6457,9916,1,1,0.163686
944,8613,1,1,0.163686
2565,8613,1,1,0.163686
4806,8191,1,1,0.163686
5282,6114,1,1,0.163686
732,1105,1,1,0.163686
1814,2884,1,1,0.163686
768,1814,1,1,0.163686
568,1173,1,1,0.163686
1091,1173,1,1,0.163686
11299,13869,1,1,0.163686
2325,16224,1,1,0.163686
29993,31105,1,1,0.163686
13659,21457,1,1,0.163686
21457,21819,1,1,0.163686
21457,21820,1,1,0.163686
20885,21820,1,1,0.163686
2316,5123,1,1,0.163686
11889,19450,1,1,0.163686
15409,28151,1,1,0.163686
938,27878,1,1,0.163686
632,14512,1,1,0.163686
1544,14693,1,1,0.163686
2767,23949,1,1,0.163686
11008,17376,1,1,0.163686
3954,21662,1,1,0.163686
708,11217,1,1,0.163686
13813,16363,1,1,0.163686
7020,16224,1,1,0.163686
2325,7020,1,1,0.163686
9066,19049,1,1,0.163686
568,1091,1,1,0.163686
3306,9895,1,1,0.163686
14436,20576,1,1,0.163686
1173,18303,1,1,0.163686
1842,3920,1,1,0.163686
1173,1679,1,1,0.163686
3954,8837,1,1,0.163686
3954,19494,1,1,0.163686
509,5301,1,1,0.163686
3954,19945,1,1,0.163686
3168,19609,1,1,0.163686
9496,17626,1,1,0.163686
6499,15700,1,1,0.163686
15700,20589,1,1,0.163686
7732,28786,1,1,0.163627
4125,18590,1,1,0.163627
16187,17930,1,1,0.163627
2560,17930,1,1,0.163627
2560,16187,1,1,0.163627
15558,17624,1,1,0.163627
3875,22214,1,1,0.163627
6672,16070,1,1,0.163627
18876,24540,1,1,0.163627
19207,28786,1,1,0.163627
3875,15940,1,1,0.163627
20132,29939,1,1,0.163627
15940,22214,1,1,0.163627
17277,24705,1,1,0.163627
4334,15490,1,1,0.163627
4184,27766,1,1,0.163627
21975,27766,1,1,0.163627
29939,31198,1,1,0.163627
2560,18590,1,1,0.163627
11044,19625,1,1,0.163627
4876,6672,1,1,0.163627
1750,10362,1,1,0.163627
11044,15298,1,1,0.163627
10356,15596,1,1,0.163627
2346,3535,1,1,0.163627
19044,19784,1,1,0.163627
7523,8837,1,1,0.163627
2402,4067,1,1,0.163627
227,8191,1,1,0.163627
13813,17493,1,1,0.163627
7722,15173,1,1,0.163627
15298,19625,1,1,0.163627
7031,14573,1,1,0.163627
8612,16000,1,1,0.163627
579,9195,1,1,0.163627
9710,10481,1,1,0.163627
2472,16182,1,1,0.163627
9066,15085,1,1,0.163627
10662,14573,1,1,0.163627
2948,16182,1,1,0.163627
6457,8603,1,1,0.163627
13055,15858,1,1,0.163627
9931,17907,1,1,0.162306
27481,27533,1,1,0.162306
1483,12877,1,1,0.162306
622,15080,1,1,0.162306
22885,27824,1,1,0.162306
25155,25328,1,1,0.162306
3800,12000,1,1,0.162306
23091,24682,1,1,0.162306
25257,26656,1,1,0.162306
5866,6696,1,1,0.162306
3562,4404,1,1,0.162306
25350,26185,1,1,0.162306
25155,25350,1,1,0.162306
23170,25782,1,1,0.162306
10563,19260,1,1,0.162306
12762,25155,1,1,0.162306
433,21896,1,1,0.162306
3780,12000,1,1,0.162306
7776,9779,1,1,0.162306
2798,11748,1,1,0.162306
14672,20029,1,1,0.162306
17899,25068,1,1,0.162306
3640,12398,1,1,0.162306
12690,29394,1,1,0.162306
18035,23891,1,1,0.162306
3700,11017,1,1,0.162306
3666,9886,1,1,0.162306
4592,4738,1,1,0.162306
175,2451,1,1,0.162306
5973,16807,1,1,0.162306
12377,14039,1,1,0.162306
27403,28011,1,1,0.162306
14834,22866,1,1,0.162306
1263,8097,1,1,0.161975
19987,19996,1,1,0.161975
9672,16923,1,1,0.161975
12394,16923,1,1,0.161975
475,14309,1,1,0.161975
5801,17657,1,1,0.161975
9037,10117,1,1,0.161975
10671,17963,1,1,0.161975
1263,15184,1,1,0.161975
1173,4479,1,1,0.161975
9672,12394,1,1,0.161975
8097,15184,1,1,0.161975
852,4694,1,1,0.161975
15676,19987,1,1,0.161975
1374,18021,1,1,0.161975
11249,12563,1,1,0.161975
4084,19517,1,1,0.161975
4773,8593,1,1,0.161975
5950,12079,1,1,0.161975
1871,9013,1,1,0.161975
3024,9658,1,1,0.161975
1854,3365,1,1,0.161975
3932,4289,1,1,0.161975
423,3187,1,1,0.161975
2564,2949,1,1,0.161975
2147,7154,1,1,0.161975
2147,9916,1,1,0.161975
7154,9916,1,1,0.161975
11826,12842,1,1,0.161975
644,10600,1,1,0.161975
4199,9259,1,1,0.161975
1024,14996,1,1,0.161975
75,3500,1,1,0.161975
4199,14628,1,1,0.161975
5500,6901,1,1,0.161975
13902,15101,1,1,0.161975
478,11046,1,1,0.161975
478,16262,1,1,0.161975
11046,16262,1,1,0.161975
10097,10953,1,1,0.161975
10097,12555,1,1,0.161975
10953,12555,1,1,0.161975
12613,16889,1,1,0.161975
19517,19987,1,1,0.161975
20446,23705,1,1,0.161975
9611,16374,1,1,0.161975
13226,20446,1,1,0.161975
9611,23357,1,1,0.161975
30244,30898,1,1,0.161975
20550,29905,1,1,0.161975
5052,25718,1,1,0.161975
13612,30898,1,1,0.161975
20446,29539,1,1,0.161975
22941,25718,1,1,0.161975
483,25718,1,1,0.161975
23705,24566,1,1,0.161975
20446,24566,1,1,0.161975
1439,25718,1,1,0.161975
4038,25718,1,1,0.161975
20446,26399,1,1,0.161975
12394,20896,1,1,0.161975
156,13412,1,1,0.161975
5405,23649,1,1,0.161975
6672,10769,1,1,0.161866
608,20218,1,1,0.161866
3848,14464,1,1,0.161866
2316,12303,1,1,0.161866
4433,6598,1,1,0.161866
4852,10192,1,1,0.161866
9512,11820,1,1,0.161866
5703,11820,1,1,0.161866
8045,9130,1,1,0.161866
1224,16178,1,1,0.161866
8166,17575,1,1,0.161866
1444,8679,1,1,0.161866
1057,11739,1,1,0.161866
3986,9321,1,1,0.161866
14918,22519,1,1,0.161866
2188,15539,1,1,0.161866
2369,7344,1,1,0.161866
5029,24273,1,1,0.161866
14918,23509,1,1,0.161866
23509,28072,1,1,0.161866
14918,28072,1,1,0.161866
29066,30548,1,1,0.161866
20189,28059,1,1,0.161866
22519,23509,1,1,0.161866
18233,28936,1,1,0.161866
8307,11424,1,1,0.161383
407,3604,1,1,0.161383
16727,21521,1,1,0.161383
16727,21492,1,1,0.161383
7137,18008,1,1,0.161383
11042,11424,1,1,0.161383
3053,5574,1,1,0.161383
7137,17738,1,1,0.161383
23316,25648,1,1,0.161383
8192,16524,1,1,0.161383
8192,16030,1,1,0.161383
8307,11042,1,1,0.161383
5078,10445,1,1,0.161383
21492,21521,1,1,0.161383
407,1649,1,1,0.161383
5078,9138,1,1,0.161383
19254,20431,1,1,0.161383
21671,22629,1,1,0.161383
20654,21235,1,1,0.161383
13511,22563,1,1,0.161383
10242,20654,1,1,0.161383
7794,18414,1,1,0.161383
4499,10445,1,1,0.161383
407,10398,1,1,0.161383
7794,11424,1,1,0.161383
10242,21235,1,1,0.161383
407,5894,1,1,0.161383
7794,11042,1,1,0.161383
4499,9138,1,1,0.161383
3604,20471,1,1,0.161383
5894,11084,1,1,0.161383
8408,19254,1,1,0.161383
16030,17964,1,1,0.161383
12289,15927,1,1,0.161383
5894,20471,1,1,0.161383
7794,8307,1,1,0.161383
6696,11424,1,1,0.161383
11234,16407,1,1,0.161383
16030,18414,1,1,0.161383
4838,19254,1,1,0.161383
4838,16407,1,1,0.161383
5574,15458,1,1,0.161383
16524,16807,1,1,0.161383
5574,19254,1,1,0.161383
5574,19647,1,1,0.161383
12289,19254,1,1,0.161383
16524,17964,1,1,0.161383
15059,15458,1,1,0.161383
16524,18414,1,1,0.161383
10398,11084,1,1,0.161383
10398,20471,1,1,0.161383
4632,20471,1,1,0.161383
4632,18008,1,1,0.161383
5894,10398,1,1,0.161383
3604,11084,1,1,0.161383
407,11084,1,1,0.161383
3604,10398,1,1,0.161383
407,20471,1,1,0.161383
1649,3604,1,1,0.161383
7137,15885,1,1,0.161383
4499,5078,1,1,0.161383
407,9423,1,1,0.161383
13910,19254,1,1,0.161383
15199,21521,1,1,0.161383
1649,5894,1,1,0.161383
8192,16807,1,1,0.161383
1649,10398,1,1,0.161383
8192,17964,1,1,0.161383
8192,18414,1,1,0.161383
13910,15683,1,1,0.161383
1649,11084,1,1,0.161383
9379,19254,1,1,0.161383
16030,16524,1,1,0.161383
9379,15683,1,1,0.161383
9379,13910,1,1,0.161383
16030,16807,1,1,0.161383
16407,19254,1,1,0.161383
1649,20471,1,1,0.161383
3604,5894,1,1,0.161383
5574,15059,1,1,0.161383
3053,18269,1,1,0.161383
5078,21492,1,1,0.161383
15199,21492,1,1,0.161383
15885,18008,1,1,0.161383
15466,20431,1,1,0.161383
7521,19254,1,1,0.161383
9687,17322,1,1,0.161383
8408,12289,1,1,0.161383
9687,15144,1,1,0.161383
7794,17964,1,1,0.161383
7794,16807,1,1,0.161383
1602,15970,1,1,0.161383
9687,11272,1,1,0.161383
7137,17322,1,1,0.161383
1602,19695,1,1,0.161383
7137,15144,1,1,0.161383
1602,21617,1,1,0.161383
15970,19695,1,1,0.161383
15970,21617,1,1,0.161383
19695,21617,1,1,0.161383
7794,16524,1,1,0.161383
4228,10312,1,1,0.161383
4228,11234,1,1,0.161383
4228,16125,1,1,0.161383
4228,18164,1,1,0.161383
4228,21655,1,1,0.161383
10312,11234,1,1,0.161383
15466,19254,1,1,0.161383
12736,20431,1,1,0.161383
7137,11272,1,1,0.161383
15885,20471,1,1,0.161383
15144,17322,1,1,0.161383
5147,7521,1,1,0.161383
5147,8408,1,1,0.161383
5147,12289,1,1,0.161383
9693,12736,1,1,0.161383
5147,15927,1,1,0.161383
9693,16080,1,1,0.161383
5147,19254,1,1,0.161383
7521,8408,1,1,0.161383
17738,20471,1,1,0.161383
9693,19254,1,1,0.161383
9693,20431,1,1,0.161383
11234,12736,1,1,0.161383
11234,15466,1,1,0.161383
11234,16080,1,1,0.161383
11234,20431,1,1,0.161383
7521,12289,1,1,0.161383
12736,15466,1,1,0.161383
12736,16080,1,1,0.161383
7521,15927,1,1,0.161383
12736,19254,1,1,0.161383
11272,15144,1,1,0.161383
17738,18008,1,1,0.161383
10312,16125,1,1,0.161383
10312,21655,1,1,0.161383
5574,18269,1,1,0.161383
3322,5962,1,1,0.161383
3322,11272,1,1,0.161383
5962,7137,1,1,0.161383
3322,9687,1,1,0.161383
5962,7817,1,1,0.161383
5962,17799,1,1,0.161383
7137,7817,1,1,0.161383
5296,10888,1,1,0.161383
2972,18938,1,1,0.161383
2972,18057,1,1,0.161383
7137,17799,1,1,0.161383
7817,17799,1,1,0.161383
2972,10888,1,1,0.161383
2972,5296,1,1,0.161383
7137,8436,1,1,0.161383
16080,20431,1,1,0.161383
5078,15199,1,1,0.161383
5078,16727,1,1,0.161383
1599,3238,1,1,0.161383
5078,21521,1,1,0.161383
7137,20471,1,1,0.161383
15199,16727,1,1,0.161383
3322,8436,1,1,0.161383
15683,19254,1,1,0.161383
3322,17799,1,1,0.161383
5296,18057,1,1,0.161383
7794,16030,1,1,0.161383
15885,17738,1,1,0.161383
11234,16125,1,1,0.161383
7137,9687,1,1,0.161383
11234,18164,1,1,0.161383
7794,8192,1,1,0.161383
11234,21655,1,1,0.161383
18057,18938,1,1,0.161383
16125,18164,1,1,0.161383
16125,21655,1,1,0.161383
16080,19254,1,1,0.161383
18164,21655,1,1,0.161383
3322,11798,1,1,0.161383
3322,17171,1,1,0.161383
11798,17171,1,1,0.161383
5145,12576,1,1,0.161383
3322,17322,1,1,0.161383
5078,7137,1,1,0.161383
8130,8408,1,1,0.161383
12298,17127,1,1,0.161383
10888,18938,1,1,0.161383
8408,15927,1,1,0.161383
3322,15144,1,1,0.161383
10888,18057,1,1,0.161383
5296,18938,1,1,0.161383
11084,20471,1,1,0.161383
6696,8307,1,1,0.161383
15059,19254,1,1,0.161383
10243,12576,1,1,0.161383
7137,10243,1,1,0.161383
3238,12576,1,1,0.161383
3238,10243,1,1,0.161383
3238,7137,1,1,0.161383
11559,12298,1,1,0.161383
13667,14186,1,1,0.161383
3322,14186,1,1,0.161383
3322,13667,1,1,0.161383
10879,12703,1,1,0.161383
10680,12703,1,1,0.161383
10680,10879,1,1,0.161383
10505,12703,1,1,0.161383
10505,10879,1,1,0.161383
10505,10680,1,1,0.161383
6865,12703,1,1,0.161383
6865,10879,1,1,0.161383
6865,10680,1,1,0.161383
6865,10505,1,1,0.161383
5446,12703,1,1,0.161383
5446,10879,1,1,0.161383
5446,10680,1,1,0.161383
5446,10505,1,1,0.161383
5446,6865,1,1,0.161383
7137,12576,1,1,0.161383
745,4918,1,1,0.161383
3238,10879,1,1,0.161383
745,5296,1,1,0.161383
7618,16428,1,1,0.161383
7618,15986,1,1,0.161383
7618,15603,1,1,0.161383
7618,11680,1,1,0.161383
1429,16428,1,1,0.161383
1429,15986,1,1,0.161383
1429,15603,1,1,0.161383
1429,11680,1,1,0.161383
5296,9504,1,1,0.161383
15503,16715,1,1,0.161383
10327,16715,1,1,0.161383
10327,15503,1,1,0.161383
7478,16715,1,1,0.161383
7478,15503,1,1,0.161383
7478,10327,1,1,0.161383
5446,16715,1,1,0.161383
5446,15503,1,1,0.161383
5446,10327,1,1,0.161383
5446,7478,1,1,0.161383
10243,10505,1,1,0.161383
7667,10505,1,1,0.161383
7667,10243,1,1,0.161383
4918,5296,1,1,0.161383
3238,12703,1,1,0.161383
3238,10680,1,1,0.161383
11680,15986,1,1,0.161383
4772,16266,1,1,0.161383
4772,14298,1,1,0.161383
4772,8408,1,1,0.161383
4632,5446,1,1,0.161383
885,14915,1,1,0.161383
7535,14679,1,1,0.161383
6740,14679,1,1,0.161383
6740,7535,1,1,0.161383
6503,14679,1,1,0.161383
6503,7535,1,1,0.161383
6503,6740,1,1,0.161383
5675,14679,1,1,0.161383
5675,7535,1,1,0.161383
5675,6740,1,1,0.161383
5675,6503,1,1,0.161383
353,7535,1,1,0.161383
353,6740,1,1,0.161383
353,6503,1,1,0.161383
353,5675,1,1,0.161383
2233,14679,1,1,0.161383
353,2233,1,1,0.161383
13108,14723,1,1,0.161383
353,5385,1,1,0.161383
779,923,1,1,0.161383
4772,15466,1,1,0.161383
4772,17124,1,1,0.161383
3238,10505,1,1,0.161383
8408,14298,1,1,0.161383
3238,6865,1,1,0.161383
3238,5446,1,1,0.161383
9190,9439,1,1,0.161383
8408,9439,1,1,0.161383
8408,9190,1,1,0.161383
4041,9439,1,1,0.161383
4041,9190,1,1,0.161383
4041,8408,1,1,0.161383
16127,16723,1,1,0.161383
10243,16723,1,1,0.161383
10243,16127,1,1,0.161383
407,16723,1,1,0.161383
407,16127,1,1,0.161383
407,10243,1,1,0.161383
16266,17124,1,1,0.161383
15466,17124,1,1,0.161383
15466,16266,1,1,0.161383
14298,17124,1,1,0.161383
14298,16266,1,1,0.161383
14298,15466,1,1,0.161383
8408,17124,1,1,0.161383
8408,16266,1,1,0.161383
8408,15466,1,1,0.161383
11680,15603,1,1,0.161383
11680,16428,1,1,0.161383
1823,6719,1,1,0.161383
6402,7137,1,1,0.161383
3238,19254,1,1,0.161383
6789,7135,1,1,0.161383
9330,19254,1,1,0.161383
9330,15458,1,1,0.161383
6789,10312,1,1,0.161383
6719,8396,1,1,0.161383
9871,19254,1,1,0.161383
9871,15927,1,1,0.161383
6789,15603,1,1,0.161383
13342,14808,1,1,0.161383
6789,19254,1,1,0.161383
7135,10312,1,1,0.161383
7135,19254,1,1,0.161383
10312,15603,1,1,0.161383
5078,19254,1,1,0.161383
10243,14808,1,1,0.161383
5078,15458,1,1,0.161383
10243,13342,1,1,0.161383
5078,9330,1,1,0.161383
15466,19650,1,1,0.161383
9693,19650,1,1,0.161383
10312,19254,1,1,0.161383
19254,19647,1,1,0.161383
7656,13910,1,1,0.161383
725,4838,1,1,0.161383
2950,12220,1,1,0.161383
725,11234,1,1,0.161383
1823,19254,1,1,0.161383
4632,17738,1,1,0.161383
4632,15885,1,1,0.161383
6719,19254,1,1,0.161383
14376,22631,1,1,0.161383
6696,11042,1,1,0.161383
6696,7794,1,1,0.161383
5296,8320,1,1,0.161383
2126,8320,1,1,0.161383
2126,5296,1,1,0.161383
1599,7135,1,1,0.161383
4838,11234,1,1,0.161383
1599,10312,1,1,0.161383
1599,15603,1,1,0.161383
1599,19254,1,1,0.161383
3238,6789,1,1,0.161383
3238,7135,1,1,0.161383
725,19254,1,1,0.161383
725,16407,1,1,0.161383
3238,10312,1,1,0.161383
13910,15634,1,1,0.161383
3238,15603,1,1,0.161383
7656,15634,1,1,0.161383
6648,12220,1,1,0.161383
2950,6648,1,1,0.161383
15603,16428,1,1,0.161383
3322,9693,1,1,0.161383
4218,5296,1,1,0.161383
9693,17947,1,1,0.161383
7618,17947,1,1,0.161383
7618,9693,1,1,0.161383
7326,17947,1,1,0.161383
7326,9693,1,1,0.161383
7326,7618,1,1,0.161383
1005,17947,1,1,0.161383
1005,7618,1,1,0.161383
1005,7326,1,1,0.161383
12747,16005,1,1,0.161383
12621,16005,1,1,0.161383
12621,12747,1,1,0.161383
1429,16005,1,1,0.161383
1429,12747,1,1,0.161383
1429,12621,1,1,0.161383
11096,14123,1,1,0.161383
7832,14123,1,1,0.161383
7832,11096,1,1,0.161383
3322,14123,1,1,0.161383
3322,11096,1,1,0.161383
3322,7832,1,1,0.161383
15986,16428,1,1,0.161383
7488,16723,1,1,0.161383
3322,17284,1,1,0.161383
11273,18322,1,1,0.161383
9693,17284,1,1,0.161383
15603,19254,1,1,0.161383
11273,14823,1,1,0.161383
353,18322,1,1,0.161383
4632,7137,1,1,0.161383
353,14823,1,1,0.161383
353,11273,1,1,0.161383
407,10505,1,1,0.161383
15458,19647,1,1,0.161383
14795,17319,1,1,0.161383
4632,17319,1,1,0.161383
4632,14795,1,1,0.161383
3322,17319,1,1,0.161383
3322,14795,1,1,0.161383
3322,4632,1,1,0.161383
6048,11001,1,1,0.161383
9693,16919,1,1,0.161383
8008,16919,1,1,0.161383
8008,9693,1,1,0.161383
7488,16919,1,1,0.161383
7488,9693,1,1,0.161383
7488,8008,1,1,0.161383
1277,10243,1,1,0.161383
59,7667,1,1,0.161383
20652,23316,1,1,0.161383
11272,17322,1,1,0.161383
1741,17276,1,1,0.161383
7116,8694,1,1,0.161383
7116,18205,1,1,0.161383
8694,10312,1,1,0.161383
8694,18205,1,1,0.161383
6496,16945,1,1,0.161383
6496,29347,1,1,0.161383
16945,29347,1,1,0.161383
3286,5296,1,1,0.161383
26533,28888,1,1,0.161383
5574,29427,1,1,0.161383
1741,18164,1,1,0.161383
1741,5296,1,1,0.161383
1741,3286,1,1,0.161383
5487,12736,1,1,0.161383
3322,8408,1,1,0.161383
30498,30604,1,1,0.161383
7264,23744,1,1,0.161383
8064,13910,1,1,0.161383
407,16080,1,1,0.161383
7264,23223,1,1,0.161383
7116,10312,1,1,0.161383
9812,20314,1,1,0.161383
7264,19254,1,1,0.161383
4918,7624,1,1,0.161383
7478,8064,1,1,0.161383
7478,9379,1,1,0.161383
9812,15986,1,1,0.161383
407,20431,1,1,0.161383
6659,27516,1,1,0.161383
407,1277,1,1,0.161383
407,19254,1,1,0.161383
407,4632,1,1,0.161383
407,4918,1,1,0.161383
7897,28150,1,1,0.161383
407,7624,1,1,0.161383
1277,4632,1,1,0.161383
7478,13910,1,1,0.161383
19254,23223,1,1,0.161383
7478,15683,1,1,0.161383
7478,19254,1,1,0.161383
1277,4918,1,1,0.161383
1277,7624,1,1,0.161383
4632,7624,1,1,0.161383
8064,15683,1,1,0.161383
21818,23035,1,1,0.161383
23223,23744,1,1,0.161383
492,13546,1,1,0.161383
492,1599,1,1,0.161383
9470,16421,1,1,0.161383
9470,15466,1,1,0.161383
2230,16421,1,1,0.161383
10312,18205,1,1,0.161383
2230,15466,1,1,0.161383
2230,9470,1,1,0.161383
26384,30392,1,1,0.161383
21920,23405,1,1,0.161383
7137,23405,1,1,0.161383
7137,21920,1,1,0.161383
14123,14375,1,1,0.161383
30604,30636,1,1,0.161383
7588,18000,1,1,0.161383
27433,28150,1,1,0.161383
13212,28150,1,1,0.161383
17276,17913,1,1,0.161383
13212,27433,1,1,0.161383
27833,29460,1,1,0.161383
492,6789,1,1,0.161383
7137,7674,1,1,0.161383
21719,23035,1,1,0.161383
492,15798,1,1,0.161383
21719,21818,1,1,0.161383
8064,19254,1,1,0.161383
18620,23035,1,1,0.161383
407,15466,1,1,0.161383
18620,21818,1,1,0.161383
407,11234,1,1,0.161383
18620,21719,1,1,0.161383
407,9693,1,1,0.161383
4426,5078,1,1,0.161383
6789,15798,1,1,0.161383
2912,5078,1,1,0.161383
2912,4426,1,1,0.161383
30498,30636,1,1,0.161383
7674,19254,1,1,0.161383
7137,19254,1,1,0.161383
6789,13546,1,1,0.161383
26096,29158,1,1,0.161383
1599,15798,1,1,0.161383
1599,13546,1,1,0.161383
19254,23744,1,1,0.161383
27055,31088,1,1,0.161383
2235,19254,1,1,0.161383
26635,29615,1,1,0.161383
9074,11908,1,1,0.161383
29615,30556,1,1,0.161383
29615,30432,1,1,0.161383
12736,18391,1,1,0.161383
28857,30556,1,1,0.161383
28857,30432,1,1,0.161383
28857,29615,1,1,0.161383
26635,30556,1,1,0.161383
407,16657,1,1,0.161383
26635,30432,1,1,0.161383
407,18391,1,1,0.161383
407,19210,1,1,0.161383
4507,5487,1,1,0.161383
2235,15683,1,1,0.161383
26635,28857,1,1,0.161383
26152,30556,1,1,0.161383
26152,30432,1,1,0.161383
26152,29615,1,1,0.161383
26152,28857,1,1,0.161383
26152,26635,1,1,0.161383
18271,30556,1,1,0.161383
12736,19210,1,1,0.161383
18271,30432,1,1,0.161383
18271,29615,1,1,0.161383
18271,28857,1,1,0.161383
18271,26635,1,1,0.161383
12736,16657,1,1,0.161383
29155,30704,1,1,0.161383
30432,30556,1,1,0.161383
17725,24748,1,1,0.161383
4520,19210,1,1,0.161383
4520,18391,1,1,0.161383
4520,16657,1,1,0.161383
5487,16657,1,1,0.161383
4520,12736,1,1,0.161383
4507,19210,1,1,0.161383
1741,17913,1,1,0.161383
4507,18391,1,1,0.161383
9074,10505,1,1,0.161383
4918,11908,1,1,0.161383
4918,10505,1,1,0.161383
4507,16657,1,1,0.161383
5487,18391,1,1,0.161383
18008,20471,1,1,0.161383
3286,18164,1,1,0.161383
5296,18164,1,1,0.161383
4632,5296,1,1,0.161383
407,4507,1,1,0.161383
407,4520,1,1,0.161383
25782,27579,1,1,0.161383
407,5487,1,1,0.161383
22957,28279,1,1,0.161383
5487,19210,1,1,0.161383
6277,19838,1,1,0.161383
8158,13098,1,1,0.161383
10505,11908,1,1,0.161383
16657,18391,1,1,0.161383
18271,26152,1,1,0.161383
21000,22648,1,1,0.161383
10312,22470,1,1,0.161383
10312,20471,1,1,0.161383
26667,29297,1,1,0.161383
19,407,1,1,0.161383
9244,20208,1,1,0.161383
2235,13910,1,1,0.161383
9812,15603,1,1,0.161383
8408,15986,1,1,0.161383
2235,9379,1,1,0.161383
2235,8064,1,1,0.161383
3322,8714,1,1,0.161383
8408,15603,1,1,0.161383
29304,30356,1,1,0.161383
2235,7478,1,1,0.161383
21000,30159,1,1,0.161383
18391,19210,1,1,0.161383
24587,29297,1,1,0.161383
7135,8408,1,1,0.161383
4507,12736,1,1,0.161383
16657,19210,1,1,0.161383
7135,9812,1,1,0.161383
4918,9074,1,1,0.161383
24587,26667,1,1,0.161383
29347,30207,1,1,0.161383
26345,27637,1,1,0.161383
7135,15986,1,1,0.161383
22648,30159,1,1,0.161383
8408,9812,1,1,0.161383
1537,27768,1,1,0.160705
12981,31483,1,1,0.160705
3147,6538,1,1,0.160705
24445,31117,1,1,0.160705
7060,27110,1,1,0.160705
25756,30834,1,1,0.160705
13507,25833,1,1,0.160705
24713,24806,1,1,0.160705
24642,31087,1,1,0.160705
27768,30468,1,1,0.160705
1537,30468,1,1,0.160705
19542,27955,1,1,0.160705
2,8551,1,1,0.160705
12716,26585,1,1,0.160705
842,26585,1,1,0.160705
234,26585,1,1,0.160705
234,12716,1,1,0.160705
234,842,1,1,0.160705
7732,26635,1,1,0.160705
989,26635,1,1,0.160705
26357,28814,1,1,0.160705
14430,26357,1,1,0.160705
14397,26357,1,1,0.160705
13906,16214,1,1,0.160705
27011,27131,1,1,0.160705
26799,27011,1,1,0.160705
27003,31087,1,1,0.160705
10708,17277,1,1,0.160705
1173,2242,1,1,0.160705
8305,12991,1,1,0.160705
5206,7535,1,1,0.160705
5206,7932,1,1,0.160705
5206,10333,1,1,0.160705
105,5295,1,1,0.160705
4374,12780,1,1,0.160705
1173,7243,1,1,0.160705
11217,20248,1,1,0.160705
12780,12856,1,1,0.160705
4374,12856,1,1,0.160705
1972,3053,1,1,0.160705
1447,7067,1,1,0.160603
15106,16359,1,1,0.160603
1459,7067,1,1,0.160603
12260,13170,1,1,0.160603
4539,6513,1,1,0.160603
10275,15106,1,1,0.160603
8593,16359,1,1,0.160603
3102,23176,1,1,0.160603
993,5123,1,1,0.160603
6513,13813,1,1,0.160603
5144,13813,1,1,0.160603
5123,17898,1,1,0.160603
4502,11836,1,1,0.160603
1173,11836,1,1,0.160603
5370,17751,1,1,0.160603
3566,17751,1,1,0.160603
4514,7200,1,1,0.160603
10168,13869,1,1,0.160603
7766,16359,1,1,0.160603
7200,13869,1,1,0.160603
7200,10168,1,1,0.160603
1346,10477,1,1,0.160603
5973,13869,1,1,0.160603
6165,13117,1,1,0.160603
6165,11336,1,1,0.160603
8593,10275,1,1,0.160603
7766,10275,1,1,0.160603
7766,15106,1,1,0.160603
1591,5973,1,1,0.160603
998,8593,1,1,0.160603
125,9916,1,1,0.160603
125,8593,1,1,0.160603
108,7722,1,1,0.160603
5973,7457,1,1,0.160603
1591,7457,1,1,0.160603
1920,6719,1,1,0.160603
8593,9916,1,1,0.160603
7200,9916,1,1,0.160603
402,683,1,1,0.160603
81,683,1,1,0.160603
8041,9661,1,1,0.160603
2767,4502,1,1,0.160603
465,8756,1,1,0.160603
998,9916,1,1,0.160603
7722,8575,1,1,0.160603
12567,19071,1,1,0.160603
75,15106,1,1,0.160603
2664,16359,1,1,0.160603
2664,15106,1,1,0.160603
2664,10275,1,1,0.160603
2664,8593,1,1,0.160603
2664,7766,1,1,0.160603
75,16359,1,1,0.160603
75,10275,1,1,0.160603
9405,23176,1,1,0.160603
75,2664,1,1,0.160603
15173,16314,1,1,0.160603
9916,10871,1,1,0.160603
3954,10218,1,1,0.160603
2123,8593,1,1,0.160603
8575,9916,1,1,0.160603
13386,17898,1,1,0.160603
8593,15106,1,1,0.160603
23290,29789,1,1,0.160603
9897,15424,1,1,0.160603
11393,12332,1,1,0.160603
4386,9487,1,1,0.160603
3370,13813,1,1,0.160603
4386,9993,1,1,0.160603
9487,9993,1,1,0.160603
25032,29572,1,1,0.160603
10594,21983,1,1,0.160603
6672,14685,1,1,0.160603
1942,13300,1,1,0.160603
2313,18142,1,1,0.160603
3319,28814,1,1,0.160603
3319,14430,1,1,0.160603
3319,14397,1,1,0.160603
16902,22784,1,1,0.160603
2564,28814,1,1,0.160603
2564,14430,1,1,0.160603
2288,3954,1,1,0.160603
2564,14397,1,1,0.160603
2564,3319,1,1,0.160603
2191,24227,1,1,0.160603
2191,6304,1,1,0.160603
6672,24126,1,1,0.160603
13680,21660,1,1,0.160603
4804,6672,1,1,0.160603
201,24126,1,1,0.160603
201,6672,1,1,0.160603
8900,22636,1,1,0.160603
822,3282,1,1,0.160603
11739,17104,1,1,0.160603
2681,15588,1,1,0.160603
27920,28576,1,1,0.160603
8191,10333,1,1,0.160603
4386,19804,1,1,0.160603
1920,6604,1,1,0.160603
2402,2908,1,1,0.160603
4539,6672,1,1,0.160603
2402,6822,1,1,0.160603
3062,8191,1,1,0.160603
6704,10040,1,1,0.160603
5301,8067,1,1,0.160603
2466,8125,1,1,0.160603
2798,8191,1,1,0.160603
11396,20984,1,1,0.160603
2798,10333,1,1,0.160603
4502,18614,1,1,0.160603
6604,9832,1,1,0.160603
6672,22672,1,1,0.160603
6604,18527,1,1,0.160603
6604,20990,1,1,0.160603
9832,20990,1,1,0.160603
18527,20990,1,1,0.160603
13685,15424,1,1,0.160603
8002,9422,1,1,0.160603
6672,16244,1,1,0.160603
7067,24290,1,1,0.160603
5301,14809,1,1,0.159902
7739,19252,1,1,0.159902
3898,8511,1,1,0.159902
1714,19252,1,1,0.159902
18243,18914,1,1,0.159902
18914,20711,1,1,0.159902
14809,20711,1,1,0.159902
1714,3898,1,1,0.159902
3898,7739,1,1,0.159902
1714,7739,1,1,0.159902
10189,26475,1,1,0.159902
18243,20711,1,1,0.159902
1714,8511,1,1,0.159902
2267,6969,1,1,0.159902
8511,19252,1,1,0.159902
8763,18914,1,1,0.159902
2267,14518,1,1,0.159902
11336,19972,1,1,0.159902
6866,29778,1,1,0.159902
3459,20672,1,1,0.159902
25618,31324,1,1,0.159902
13117,19972,1,1,0.159902
4052,10189,1,1,0.159902
13117,16951,1,1,0.159902
12724,17940,1,1,0.159902
1180,22264,1,1,0.159902
707,30091,1,1,0.159902
11336,16951,1,1,0.159902
12724,14809,1,1,0.159902
13012,23688,1,1,0.159902
13012,23613,1,1,0.159902
6969,14518,1,1,0.159902
837,19252,1,1,0.159902
555,20044,1,1,0.159902
837,8511,1,1,0.159902
10171,16274,1,1,0.159902
4735,6609,1,1,0.159902
17940,18963,1,1,0.159902
7200,15420,1,1,0.159902
14810,16178,1,1,0.159902
6438,21129,1,1,0.159902
9901,19477,1,1,0.159902
10179,22383,1,1,0.159902
6763,13055,1,1,0.159902
6763,16274,1,1,0.159902
10171,13055,1,1,0.159902
3189,18963,1,1,0.159902
14809,18914,1,1,0.159902
13055,16274,1,1,0.159902
681,18963,1,1,0.159902
8763,9349,1,1,0.159902
13034,18595,1,1,0.159902
23795,23872,1,1,0.159902
22316,25921,1,1,0.159902
8763,18243,1,1,0.159902
21881,25921,1,1,0.159902
21586,23872,1,1,0.159902
21586,23795,1,1,0.159902
4910,18963,1,1,0.159902
14810,17940,1,1,0.159902
14809,21288,1,1,0.159902
3459,5576,1,1,0.159902
14809,18243,1,1,0.159902
837,7739,1,1,0.159902
9349,20711,1,1,0.159902
9349,18914,1,1,0.159902
16262,22324,1,1,0.159902
9349,18243,1,1,0.159902
837,3898,1,1,0.159902
1268,18963,1,1,0.159902
1268,20634,1,1,0.159902
837,1714,1,1,0.159902
9349,14809,1,1,0.159902
20044,21176,1,1,0.159902
8763,20711,1,1,0.159902
19930,21176,1,1,0.159902
21881,22316,1,1,0.159902
19930,20044,1,1,0.159902
555,21176,1,1,0.159902
555,19930,1,1,0.159902
18963,20634,1,1,0.159902
3842,8763,1,1,0.159902
16178,17940,1,1,0.159902
16951,19972,1,1,0.159902
14809,21020,1,1,0.159902
9901,14809,1,1,0.159902
12258,18963,1,1,0.159902
25597,26052,1,1,0.159902
1509,26232,1,1,0.159902
1509,26117,1,1,0.159902
1509,26052,1,1,0.159902
1509,25597,1,1,0.159902
17940,25833,1,1,0.159902
17837,20784,1,1,0.159902
23259,28339,1,1,0.159902
19930,23721,1,1,0.159902
10098,23721,1,1,0.159902
10098,19930,1,1,0.159902
1173,11936,1,1,0.159902
12786,14810,1,1,0.159902
20189,30161,1,1,0.159902
8763,14810,1,1,0.159902
8763,12786,1,1,0.159902
850,14810,1,1,0.159902
850,12786,1,1,0.159902
850,8763,1,1,0.159902
21124,23460,1,1,0.159902
19930,23460,1,1,0.159902
25597,26232,1,1,0.159902
436,573,1,1,0.159902
26052,26117,1,1,0.159902
22814,23187,1,1,0.159902
22597,22814,1,1,0.159902
22596,22814,1,1,0.159902
22596,22597,1,1,0.159902
10423,22814,1,1,0.159902
10423,22597,1,1,0.159902
10423,22596,1,1,0.159902
5576,20672,1,1,0.159902
23187,29085,1,1,0.159902
22814,29085,1,1,0.159902
9432,17484,1,1,0.159902
26052,26232,1,1,0.159902
6866,25765,1,1,0.159902
10157,17030,1,1,0.159902
8181,17030,1,1,0.159902
8181,10157,1,1,0.159902
22184,24115,1,1,0.159902
942,20865,1,1,0.159902
26117,26232,1,1,0.159902
573,19691,1,1,0.159902
436,19691,1,1,0.159902
19930,21124,1,1,0.159902
13205,23460,1,1,0.159902
13205,21124,1,1,0.159902
11884,14809,1,1,0.159902
10474,10493,1,1,0.159902
12878,13117,1,1,0.159902
11816,13117,1,1,0.159902
10474,11884,1,1,0.159902
10474,14809,1,1,0.159902
10474,17940,1,1,0.159902
10493,11884,1,1,0.159902
10493,14809,1,1,0.159902
10493,17940,1,1,0.159902
8763,23872,1,1,0.159902
14809,23795,1,1,0.159902
5053,18464,1,1,0.159902
3842,18464,1,1,0.159902
3842,5053,1,1,0.159902
17940,21132,1,1,0.159902
14859,21132,1,1,0.159902
14859,17940,1,1,0.159902
108,16274,1,1,0.159902
18963,20912,1,1,0.159902
12258,20912,1,1,0.159902
14809,21586,1,1,0.159902
14809,23872,1,1,0.159902
13205,19930,1,1,0.159902
16104,22483,1,1,0.159902
8763,23460,1,1,0.159902
8763,21124,1,1,0.159902
8763,19930,1,1,0.159902
8763,13205,1,1,0.159902
1097,9901,1,1,0.159902
14809,20690,1,1,0.159902
22483,23994,1,1,0.159902
16104,23994,1,1,0.159902
8763,21586,1,1,0.159902
12396,23994,1,1,0.159902
10346,20172,1,1,0.159902
12396,22483,1,1,0.159902
12396,16104,1,1,0.159902
8478,23994,1,1,0.159902
8478,22483,1,1,0.159902
8478,16104,1,1,0.159902
8478,12396,1,1,0.159902
17940,24178,1,1,0.159902
14809,24178,1,1,0.159902
12724,24178,1,1,0.159902
22046,22646,1,1,0.159902
19340,22897,1,1,0.159902
4625,6866,1,1,0.159902
14809,16774,1,1,0.159902
10068,22897,1,1,0.159902
9550,19012,1,1,0.159902
16683,17493,1,1,0.159902
16683,19012,1,1,0.159902
17493,19012,1,1,0.159902
8763,23795,1,1,0.159902
1905,16464,1,1,0.159902
14809,19536,1,1,0.159902
8096,8763,1,1,0.159902
8096,13013,1,1,0.159902
8763,13013,1,1,0.159902
7237,8900,1,1,0.159902
15662,17783,1,1,0.159902
7890,11336,1,1,0.159902
7890,17139,1,1,0.159902
11336,17139,1,1,0.159902
14809,16683,1,1,0.159902
11816,12878,1,1,0.159902
92,13117,1,1,0.159902
92,12878,1,1,0.159902
92,11816,1,1,0.159902
17139,21622,1,1,0.159902
7405,19930,1,1,0.159902
8763,16774,1,1,0.159902
10068,19340,1,1,0.159902
9550,17493,1,1,0.159902
2019,13089,1,1,0.159902
359,17783,1,1,0.159902
15669,17757,1,1,0.159902
7997,8763,1,1,0.159902
6935,10596,1,1,0.159902
13386,13646,1,1,0.159902
359,8763,1,1,0.159902
1374,17303,1,1,0.159902
1374,14607,1,1,0.159902
359,15659,1,1,0.159902
7530,19340,1,1,0.159902
11949,13176,1,1,0.159902
359,15662,1,1,0.159902
2740,8763,1,1,0.159902
9550,16683,1,1,0.159902
2740,15659,1,1,0.159902
1374,13386,1,1,0.159902
2360,6639,1,1,0.159902
2740,15662,1,1,0.159902
8763,14254,1,1,0.159902
2740,17783,1,1,0.159902
8763,15659,1,1,0.159902
8763,15662,1,1,0.159902
7530,22897,1,1,0.159902
8763,17783,1,1,0.159902
15659,17783,1,1,0.159902
8763,16683,1,1,0.159902
14809,22646,1,1,0.159902
16913,19612,1,1,0.159902
14809,20591,1,1,0.159902
13176,14809,1,1,0.159902
13646,17303,1,1,0.159902
11949,20591,1,1,0.159902
13386,14607,1,1,0.159902
5666,13798,1,1,0.159902
5666,17940,1,1,0.159902
13646,13798,1,1,0.159902
6902,17757,1,1,0.159902
6902,15669,1,1,0.159902
13646,17940,1,1,0.159902
13798,17940,1,1,0.159902
5920,6902,1,1,0.159902
11949,14809,1,1,0.159902
6902,10556,1,1,0.159902
5920,17757,1,1,0.159902
5920,15669,1,1,0.159902
5920,10556,1,1,0.159902
11884,17940,1,1,0.159902
4713,17493,1,1,0.159902
8772,17493,1,1,0.159902
14809,17139,1,1,0.159902
14809,17493,1,1,0.159902
16464,19930,1,1,0.159902
17139,17493,1,1,0.159902
3306,13003,1,1,0.159902
13176,20591,1,1,0.159902
5666,13646,1,1,0.159902
7530,10068,1,1,0.159902
14809,22046,1,1,0.159902
12953,19930,1,1,0.159902
14703,14809,1,1,0.159902
12953,16464,1,1,0.159902
77,1353,1,1,0.159902
13045,17940,1,1,0.159902
1591,9550,1,1,0.159902
10556,15669,1,1,0.159902
10778,16178,1,1,0.159902
10865,18335,1,1,0.159902
1905,16877,1,1,0.159902
359,4335,1,1,0.159902
11441,14766,1,1,0.159902
359,19183,1,1,0.159902
6866,16262,1,1,0.159902
2740,4335,1,1,0.159902
13386,17303,1,1,0.159902
4713,8772,1,1,0.159902
14266,18082,1,1,0.159902
10556,17757,1,1,0.159902
2065,16262,1,1,0.159902
2065,6866,1,1,0.159902
4335,19183,1,1,0.159902
2740,19183,1,1,0.159902
4146,13560,1,1,0.159804
30606,31274,1,1,0.159804
25346,31274,1,1,0.159804
25346,30606,1,1,0.159804
23878,27647,1,1,0.159804
5544,27035,1,1,0.159804
8705,23907,1,1,0.159804
240,25119,1,1,0.159804
240,15327,1,1,0.159804
240,15319,1,1,0.159804
240,13355,1,1,0.159804
4567,13560,1,1,0.159804
13163,22464,1,1,0.159804
4146,4567,1,1,0.159804
627,5853,1,1,0.159804
9645,10570,1,1,0.159804
19454,19528,1,1,0.159804
7278,15018,1,1,0.159804
7278,17594,1,1,0.159804
15018,17594,1,1,0.159804
634,19843,1,1,0.159804
627,16196,1,1,0.159804
17738,18421,1,1,0.159804
627,21191,1,1,0.159804
5853,16196,1,1,0.159804
16196,21191,1,1,0.159804
8487,14747,1,1,0.159804
13815,14747,1,1,0.159804
1093,17976,1,1,0.159804
17738,20951,1,1,0.159804
17738,17892,1,1,0.159804
9502,21863,1,1,0.159804
6228,7278,1,1,0.159804
4362,14747,1,1,0.159804
14291,18128,1,1,0.159804
2240,2651,1,1,0.159804
5853,15730,1,1,0.159804
12393,15730,1,1,0.159804
7278,12088,1,1,0.159804
6061,10776,1,1,0.159804
12123,17738,1,1,0.159804
6116,10776,1,1,0.159804
7370,10776,1,1,0.159804
3565,17684,1,1,0.159804
10691,13800,1,1,0.159804
10691,20531,1,1,0.159804
8769,17738,1,1,0.159804
1460,17976,1,1,0.159804
2337,14541,1,1,0.159804
263,3312,1,1,0.159804
21819,21924,1,1,0.159804
6587,19209,1,1,0.159804
13163,19209,1,1,0.159804
19209,22464,1,1,0.159804
19209,23143,1,1,0.159804
43,21819,1,1,0.159804
11891,21819,1,1,0.159804
21819,23023,1,1,0.159804
7728,16602,1,1,0.159804
5853,6405,1,1,0.159804
1585,19358,1,1,0.159804
21050,21245,1,1,0.159804
23143,24173,1,1,0.159804
3316,23390,1,1,0.159804
5126,18658,1,1,0.159804
18977,21924,1,1,0.159804
21819,23669,1,1,0.159804
7728,14776,1,1,0.159804
5473,10601,1,1,0.159804
7728,11049,1,1,0.159804
5853,11450,1,1,0.159804
6405,11450,1,1,0.159804
1757,20601,1,1,0.159804
3355,18798,1,1,0.159804
9258,10143,1,1,0.159804
7278,14947,1,1,0.159804
3005,8786,1,1,0.159804
6341,7728,1,1,0.159804
6341,11049,1,1,0.159804
6341,14776,1,1,0.159804
2558,9764,1,1,0.159804
6341,16602,1,1,0.159804
11418,13896,1,1,0.159706
4733,7722,1,1,0.159706
1213,3423,1,1,0.159706
6704,21118,1,1,0.159706
10888,20714,1,1,0.159706
1173,20714,1,1,0.159706
3654,11071,1,1,0.159706
9037,13122,1,1,0.159706
2402,4968,1,1,0.159706
2613,4199,1,1,0.159706
19516,21665,1,1,0.159706
16508,19691,1,1,0.159706
2513,6631,1,1,0.159706
3411,14991,1,1,0.159706
4289,13608,1,1,0.159706
4289,23107,1,1,0.159706
13608,23107,1,1,0.159706
2681,3378,1,1,0.159706
1920,14430,1,1,0.159706
1711,16112,1,1,0.159706
11590,20124,1,1,0.159706
11889,30913,1,1,0.159706
3316,22578,1,1,0.159706
2511,6792,1,1,0.159706
1510,11895,1,1,0.159706
869,16259,1,1,0.159706
2827,3951,1,1,0.159706
3378,3645,1,1,0.159706
4445,28385,1,1,0.159706
10451,23017,1,1,0.159706
147,21955,1,1,0.159706
21466,27616,1,1,0.159706
10528,29197,1,1,0.159706
13635,31296,1,1,0.159706
3185,10750,1,1,0.159706
8724,16602,1,1,0.159706
8724,11049,1,1,0.159706
376,22002,1,1,0.159706
1365,15466,1,1,0.159706
1365,2380,1,1,0.159706
7110,11106,1,1,0.159706
459,19630,1,1,0.159706
2126,16863,1,1,0.159706
1564,2126,1,1,0.159706
459,9132,1,1,0.159706
1366,13576,1,1,0.159706
627,5699,1,1,0.159706
955,1488,1,1,0.159706
459,733,1,1,0.159706
2681,5304,1,1,0.159706
2681,3645,1,1,0.159706
23469,25179,1,1,0.159706
2681,5303,1,1,0.159706
987,20833,1,1,0.159706
12790,24629,1,1,0.159706
12221,14535,1,1,0.159706
1059,5473,1,1,0.159706
23502,25119,1,1,0.159706
3378,3713,1,1,0.159706
8331,14397,1,1,0.159706
3645,5304,1,1,0.159706
450,23017,1,1,0.159706
3645,5303,1,1,0.159706
1247,15321,1,1,0.159706
3378,5304,1,1,0.159706
2811,25179,1,1,0.159706
14980,17450,1,1,0.159706
3378,5303,1,1,0.159706
2811,23469,1,1,0.159706
6713,10562,1,1,0.159706
1366,13815,1,1,0.159037
24173,24468,1,1,0.159037
23841,25213,1,1,0.159037
5853,10288,1,1,0.159037
15416,15890,1,1,0.159037
5853,12867,1,1,0.159037
5853,16240,1,1,0.159037
11315,17985,1,1,0.159037
16112,17989,1,1,0.159037
10288,12867,1,1,0.159037
12867,16240,1,1,0.159037
1020,17262,1,1,0.159037
24567,25026,1,1,0.159037
619,4362,1,1,0.159037
9963,18018,1,1,0.159037
1068,2379,1,1,0.159037
652,7184,1,1,0.159037
5936,7471,1,1,0.159037
284,13751,1,1,0.159037
7110,13700,1,1,0.159037
6707,13700,1,1,0.159037
6707,7110,1,1,0.159037
3835,18018,1,1,0.159037
652,10303,1,1,0.159037
1564,7838,1,1,0.159037
24567,24988,1,1,0.159037
1020,18379,1,1,0.159037
23907,24988,1,1,0.159037
24243,24468,1,1,0.159037
9963,10224,1,1,0.159037
23907,25026,1,1,0.159037
2380,19724,1,1,0.159037
17262,18379,1,1,0.159037
2326,20449,1,1,0.159037
19462,20241,1,1,0.159037
18530,20241,1,1,0.159037
19462,19605,1,1,0.159037
3431,14541,1,1,0.159037
18018,18046,1,1,0.159037
21263,21447,1,1,0.159037
17910,18018,1,1,0.159037
21325,21447,1,1,0.159037
3835,9963,1,1,0.159037
10224,18046,1,1,0.159037
10224,17910,1,1,0.159037
1608,20241,1,1,0.159037
3501,4418,1,1,0.159037
3835,10224,1,1,0.159037
2834,17892,1,1,0.159037
3227,20449,1,1,0.159037
156,4415,1,1,0.159037
6842,21996,1,1,0.159037
6225,24509,1,1,0.159037
8057,16259,1,1,0.159037
8057,9024,1,1,0.159037
4425,23313,1,1,0.159037
10224,17315,1,1,0.159037
6479,13034,1,1,0.159037
18810,19883,1,1,0.159037
18,21819,1,1,0.159037
10570,12123,1,1,0.159037
627,2240,1,1,0.159037
7622,21330,1,1,0.159037
474,7622,1,1,0.159037
23477,23829,1,1,0.159037
4441,7471,1,1,0.159037
14289,29923,1,1,0.159037
17343,29016,1,1,0.159037
31296,31395,1,1,0.159037
20729,28876,1,1,0.159037
28360,30675,1,1,0.159037
4020,28528,1,1,0.159037
16851,19999,1,1,0.159037
2596,28052,1,1,0.159037
156,2642,1,1,0.159037
22234,28254,1,1,0.159037
17343,29012,1,1,0.159037
8199,23845,1,1,0.159037
11310,17262,1,1,0.159037
8397,19275,1,1,0.159037
29371,29923,1,1,0.159037
7838,16863,1,1,0.159037
7251,18804,1,1,0.159037
6570,8151,1,1,0.158572
25626,31270,1,1,0.158572
17258,28876,1,1,0.158572
4321,27768,1,1,0.158572
234,18031,1,1,0.158572
10826,23107,1,1,0.158572
2798,22418,1,1,0.158572
182,20527,1,1,0.158572
8151,13376,1,1,0.158572
6026,16112,1,1,0.158572
11749,21258,1,1,0.158572
7338,18802,1,1,0.158572
1920,8412,1,1,0.158572
521,16817,1,1,0.158572
7300,11967,1,1,0.158572
6281,8518,1,1,0.158572
2379,18464,1,1,0.158572
4719,6940,1,1,0.158572
2511,7066,1,1,0.158572
7338,19186,1,1,0.158572
7709,9825,1,1,0.158572
19183,20353,1,1,0.158572
4539,9901,1,1,0.158572
4539,8612,1,1,0.158572
15565,20885,1,1,0.158572
17085,18030,1,1,0.158572
10356,15262,1,1,0.158572
6965,10137,1,1,0.158572
11242,17478,1,1,0.158572
993,8142,1,1,0.158572
14991,25696,1,1,0.157808
1203,1573,1,1,0.157808
4502,8997,1,1,0.157808
8084,16120,1,1,0.157808
227,12247,1,1,0.157808
9350,16014,1,1,0.157808
7092,16014,1,1,0.157808
7092,9350,1,1,0.157808
3989,4559,1,1,0.157808
2346,2926,1,1,0.157808
4187,12109,1,1,0.157808
2511,2767,1,1,0.157808
7722,11441,1,1,0.157808
12772,13234,1,1,0.157808
10358,11836,1,1,0.157808
1920,8145,1,1,0.157808
108,2033,1,1,0.157808
1854,8603,1,1,0.157808
2162,3951,1,1,0.157808
2145,3685,1,1,0.157808
3037,3713,1,1,0.157808
2056,2297,1,1,0.157808
1920,4674,1,1,0.157808
4787,5195,1,1,0.157808
13963,24290,1,1,0.157808
2668,2971,1,1,0.157808
1291,2511,1,1,0.157808
7722,10290,1,1,0.157808
10226,20388,1,1,0.157808
22873,24852,1,1,0.157808
2147,6672,1,1,0.157808
22873,25696,1,1,0.157808
26078,27032,1,1,0.157808
26831,27032,1,1,0.157808
14991,24852,1,1,0.157808
27019,27390,1,1,0.157808
14430,19779,1,1,0.157808
532,5213,1,1,0.157808
5213,18118,1,1,0.157808
8373,17932,1,1,0.157808
8373,27201,1,1,0.157808
17932,27201,1,1,0.157808
24749,26102,1,1,0.157808
23635,27802,1,1,0.157808
6798,25696,1,1,0.157808
18812,22292,1,1,0.157808
9027,26100,1,1,0.157808
2864,3989,1,1,0.157808
3879,23720,1,1,0.157808
6798,24852,1,1,0.157808
6798,22873,1,1,0.157808
6798,14991,1,1,0.157808
27017,27126,1,1,0.157808
14612,18213,1,1,0.157808
7157,26169,1,1,0.157808
2149,6672,1,1,0.157808
2024,27019,1,1,0.157808
18198,18238,1,1,0.157808
2392,16638,1,1,0.157243
31002,31124,1,1,0.157243
7200,13157,1,1,0.157243
7142,21438,1,1,0.157243
9895,19479,1,1,0.157243
11174,13012,1,1,0.157243
2342,29504,1,1,0.157243
2555,13813,1,1,0.157243
8990,16817,1,1,0.157243
1944,8990,1,1,0.157243
2342,11889,1,1,0.157243
669,16817,1,1,0.157243
669,8990,1,1,0.157243
4512,10097,1,1,0.157243
2342,3821,1,1,0.157243
4733,11967,1,1,0.157243
669,1944,1,1,0.157243
21430,30913,1,1,0.157243
487,21324,1,1,0.157243
16311,30913,1,1,0.157243
3954,17258,1,1,0.157243
3954,13157,1,1,0.157243
16382,18861,1,1,0.157243
1047,9278,1,1,0.157243
15711,22303,1,1,0.157243
5167,23077,1,1,0.157243
1804,12878,1,1,0.157243
5167,23100,1,1,0.157243
25,13084,1,1,0.157243
1192,1890,1,1,0.157243
16972,18581,1,1,0.157243
23077,23100,1,1,0.157243
2798,16638,1,1,0.157243
43,21324,1,1,0.157243
3852,4045,1,1,0.157243
3645,10097,1,1,0.157243
12281,23140,1,1,0.157243
3150,3688,1,1,0.157243
5708,23140,1,1,0.157243
5708,12281,1,1,0.157243
2729,20201,1,1,0.157243
9290,19872,1,1,0.157243
3645,4512,1,1,0.157243
16311,21430,1,1,0.157243
6719,8483,1,1,0.157243
8149,13012,1,1,0.157243
11889,29504,1,1,0.157243
8990,9895,1,1,0.157243
19034,29030,1,1,0.157243
8990,12084,1,1,0.157243
1576,8875,1,1,0.157243
3821,29504,1,1,0.157243
18835,30134,1,1,0.157243
9846,30134,1,1,0.157243
13932,30862,1,1,0.157243
17680,30590,1,1,0.157243
14261,18802,1,1,0.157243
3280,8149,1,1,0.157243
8641,17631,1,1,0.157243
9846,18835,1,1,0.157243
17085,24503,1,1,0.157243
4220,28415,1,1,0.157243
3821,11889,1,1,0.157243
3900,12729,1,1,0.157243
8990,11988,1,1,0.157243
26557,30932,1,1,0.157243
13641,17987,1,1,0.157243
15439,25961,1,1,0.157243
6602,11967,1,1,0.157243
2023,8518,1,1,0.157243
483,27768,1,1,0.157243
1173,2040,1,1,0.157243
8875,18698,1,1,0.157243
11876,27792,1,1,0.157243
2103,16281,1,1,0.156862
510,2240,1,1,0.156862
1415,3669,1,1,0.156862
509,2240,1,1,0.156862
2103,2402,1,1,0.156862
2402,16281,1,1,0.156862
1439,2424,1,1,0.156862
681,14430,1,1,0.156862
1820,16281,1,1,0.156862
11882,13336,1,1,0.156862
15963,17177,1,1,0.156862
25908,29168,1,1,0.156862
10494,23357,1,1,0.156862
3669,7523,1,1,0.156862
1376,3551,1,1,0.156862
4196,21091,1,1,0.156862
14587,15762,1,1,0.156862
6208,15754,1,1,0.156862
9066,10787,1,1,0.156862
1587,9044,1,1,0.156862
2767,15934,1,1,0.156862
5054,8970,1,1,0.156862
13046,20581,1,1,0.156862
7523,9401,1,1,0.156862
3308,5621,1,1,0.156862
2511,8683,1,1,0.156862
1415,9401,1,1,0.156862
1415,7523,1,1,0.156862
1820,2402,1,1,0.156862
579,10454,1,1,0.156862
1820,2103,1,1,0.156862
15963,17153,1,1,0.156862
11719,13448,1,1,0.156862
92,19414,1,1,0.156862
15618,16817,1,1,0.156862
4464,6112,1,1,0.156862
4464,6526,1,1,0.156862
5303,21693,1,1,0.156862
681,3375,1,1,0.156862
7369,11917,1,1,0.156862
11242,15163,1,1,0.156862
2729,13046,1,1,0.156862
3375,12364,1,1,0.156862
3261,28508,1,1,0.156862
29681,30913,1,1,0.156862
233,8017,1,1,0.156862
3291,3308,1,1,0.156862
1239,23720,1,1,0.156862
28415,29958,1,1,0.156862
504,2821,1,1,0.156862
4837,6055,1,1,0.156862
14209,18234,1,1,0.156862
12716,29897,1,1,0.156862
2767,12182,1,1,0.156862
5473,10454,1,1,0.156862
579,5473,1,1,0.156862
1118,10902,1,1,0.156862
1118,10243,1,1,0.156862
1949,7252,1,1,0.156862
3645,7252,1,1,0.156862
2889,7252,1,1,0.156862
3291,5621,1,1,0.156862
2827,7252,1,1,0.156862
15618,17863,1,1,0.156862
16112,19448,1,1,0.156862
16817,17863,1,1,0.156862
2509,28545,1,1,0.156862
5159,11824,1,1,0.156862
27230,28545,1,1,0.156862
25664,28338,1,1,0.156489
9918,27810,1,1,0.156489
9312,28913,1,1,0.156489
27810,30742,1,1,0.156489
2864,17423,1,1,0.156489
9918,30742,1,1,0.156489
6696,8191,1,1,0.156489
20159,26821,1,1,0.156489
22150,22672,1,1,0.156489
13742,25933,1,1,0.156489
4350,14510,1,1,0.156489
25952,26062,1,1,0.156489
10356,14510,1,1,0.156489
24924,25613,1,1,0.156489
24046,29993,1,1,0.156489
14267,19364,1,1,0.156489
20248,23237,1,1,0.156489
4876,19364,1,1,0.156489
10145,14510,1,1,0.156489
14340,29993,1,1,0.156489
4876,14267,1,1,0.156489
10145,10356,1,1,0.156489
265,6579,1,1,0.156489
14038,29993,1,1,0.156489
9381,31592,1,1,0.156489
4350,10356,1,1,0.156489
3677,14607,1,1,0.156489
2202,16677,1,1,0.156489
7722,8166,1,1,0.156489
6645,7376,1,1,0.156489
4350,10145,1,1,0.156489
14340,24046,1,1,0.156489
8186,18393,1,1,0.156489
1560,13450,1,1,0.156489
15718,22236,1,1,0.156489
5881,8191,1,1,0.156489
8191,18809,1,1,0.156489
20218,22672,1,1,0.156489
14038,14340,1,1,0.156489
19072,19542,1,1,0.156489
2015,23231,1,1,0.156489
6053,19448,1,1,0.156489
18812,23584,1,1,0.156489
16148,23584,1,1,0.156489
16148,18812,1,1,0.156489
20218,22150,1,1,0.156489
3790,7708,1,1,0.156489
11282,14360,1,1,0.156489
13038,28689,1,1,0.156489
23231,26062,1,1,0.156489
17844,26062,1,1,0.156489
9349,13804,1,1,0.156489
2015,26062,1,1,0.156489
7739,13682,1,1,0.156489
7739,13987,1,1,0.156489
1573,13450,1,1,0.156489
2015,17844,1,1,0.156489
13843,26906,1,1,0.155724
9312,11999,1,1,0.155724
3338,23649,1,1,0.155724
11008,23315,1,1,0.155724
11328,27799,1,1,0.155724
6526,15196,1,1,0.155724
3306,27834,1,1,0.155724
11999,18303,1,1,0.155724
10390,23097,1,1,0.155724
20819,25923,1,1,0.155724
20529,26906,1,1,0.155724
28545,29349,1,1,0.155724
8612,26906,1,1,0.155724
3954,12172,1,1,0.155724
8612,20529,1,1,0.155724
17396,27958,1,1,0.155724
1659,11889,1,1,0.155724
706,21430,1,1,0.155724
9312,18303,1,1,0.155724
17929,31204,1,1,0.155724
19469,27814,1,1,0.155724
10446,28967,1,1,0.155724
8990,13925,1,1,0.155724
89,29928,1,1,0.155724
17396,28714,1,1,0.155724
579,13813,1,1,0.155724
15196,18619,1,1,0.155724
871,8084,1,1,0.155724
3375,16411,1,1,0.155724
4079,5123,1,1,0.155724
4079,4787,1,1,0.155724
1593,6457,1,1,0.155724
3387,4940,1,1,0.155724
611,4787,1,1,0.155724
4008,4924,1,1,0.155724
2314,3982,1,1,0.155724
4011,10494,1,1,0.155724
11814,15754,1,1,0.155724
2346,6059,1,1,0.155724
6466,16182,1,1,0.155724
108,4787,1,1,0.155724
13925,15754,1,1,0.155724
8990,15754,1,1,0.155724
1593,11878,1,1,0.155724
5621,6457,1,1,0.155724
1376,19080,1,1,0.155724
1376,8673,1,1,0.155724
579,14521,1,1,0.155724
8900,19024,1,1,0.155724
5621,11878,1,1,0.155724
6457,11878,1,1,0.155724
2346,7563,1,1,0.155724
1593,5621,1,1,0.155724
5945,8612,1,1,0.155724
5973,6778,1,1,0.155724
9895,12042,1,1,0.155724
8347,10275,1,1,0.155724
643,9763,1,1,0.155724
643,8191,1,1,0.155724
20576,21606,1,1,0.155724
5087,13046,1,1,0.155724
3392,8363,1,1,0.155724
3654,7563,1,1,0.155724
2511,12172,1,1,0.155724
2314,2346,1,1,0.155724
12042,19044,1,1,0.155724
9895,19044,1,1,0.155724
9496,20576,1,1,0.155724
11719,13117,1,1,0.155724
2995,4787,1,1,0.155724
7563,8888,1,1,0.155724
200,19625,1,1,0.155724
16178,21665,1,1,0.155724
2402,4045,1,1,0.155724
3640,9916,1,1,0.155724
16000,17235,1,1,0.155724
13813,17274,1,1,0.155724
4787,5123,1,1,0.155724
10922,12172,1,1,0.155724
8673,19080,1,1,0.155724
7563,16328,1,1,0.155724
1509,14607,1,1,0.155724
6304,11917,1,1,0.155724
13117,20285,1,1,0.155724
743,20020,1,1,0.155724
743,5370,1,1,0.155724
2346,13925,1,1,0.155724
2346,15754,1,1,0.155724
4220,8990,1,1,0.155724
4617,12878,1,1,0.155724
4220,13925,1,1,0.155724
6576,20058,1,1,0.155724
4220,15754,1,1,0.155724
21815,23789,1,1,0.155724
14361,20285,1,1,0.155724
7739,20529,1,1,0.155724
2346,8990,1,1,0.155724
7739,24413,1,1,0.155724
8511,20529,1,1,0.155724
8511,24413,1,1,0.155724
20529,24413,1,1,0.155724
4629,9005,1,1,0.155724
4629,17258,1,1,0.155724
5945,12172,1,1,0.155724
2564,6095,1,1,0.155724
7755,8166,1,1,0.155724
6352,15196,1,1,0.155724
1769,24308,1,1,0.155724
8824,23789,1,1,0.155724
8257,10339,1,1,0.155724
2590,20672,1,1,0.155724
7184,22873,1,1,0.155724
8796,11847,1,1,0.155724
10356,19494,1,1,0.155724
2402,10156,1,1,0.155724
3375,9901,1,1,0.155724
579,15596,1,1,0.155724
2511,19494,1,1,0.155724
676,10156,1,1,0.155724
676,2402,1,1,0.155724
4220,17757,1,1,0.155724
7184,14991,1,1,0.155724
1735,10171,1,1,0.155724
13117,14361,1,1,0.155724
2346,4220,1,1,0.155724
20479,22893,1,1,0.155724
579,12878,1,1,0.155724
3375,10356,1,1,0.155724
9901,10356,1,1,0.155724
7563,14607,1,1,0.155724
200,6704,1,1,0.155724
1173,24127,1,1,0.155724
5766,8824,1,1,0.155724
5766,21815,1,1,0.155724
5766,23789,1,1,0.155724
19494,21133,1,1,0.155724
5370,20020,1,1,0.155724
220,3314,1,1,0.155027
3835,4339,1,1,0.155027
1662,6405,1,1,0.155027
8658,10746,1,1,0.155027
3835,20584,1,1,0.155027
263,3835,1,1,0.155027
54,22423,1,1,0.155027
54,20601,1,1,0.155027
1757,14858,1,1,0.155027
3148,17277,1,1,0.155027
11420,17164,1,1,0.155027
13298,17401,1,1,0.155027
7278,17401,1,1,0.155027
8148,13647,1,1,0.155027
6125,8148,1,1,0.155027
17164,20678,1,1,0.155027
11727,17164,1,1,0.155027
1585,13539,1,1,0.155027
19605,23017,1,1,0.155027
608,18658,1,1,0.155027
20322,24173,1,1,0.155027
20322,24243,1,1,0.155027
23143,24702,1,1,0.155027
2811,10892,1,1,0.155027
220,3005,1,1,0.155027
240,21973,1,1,0.155027
18272,25597,1,1,0.155027
12249,27052,1,1,0.155027
19039,19632,1,1,0.155027
26507,27471,1,1,0.155027
6364,23080,1,1,0.155027
649,6190,1,1,0.155027
10436,14956,1,1,0.155027
27353,30960,1,1,0.155027
11420,20678,1,1,0.155027
11727,20678,1,1,0.155027
11420,11727,1,1,0.155027
1564,6437,1,1,0.155027
8090,8779,1,1,0.155027
5728,12574,1,1,0.155027
11068,17914,1,1,0.155027
937,7278,1,1,0.155027
4060,7278,1,1,0.155027
3586,11985,1,1,0.155027
1531,11985,1,1,0.155027
6906,8283,1,1,0.155027
10302,10929,1,1,0.155027
10084,10302,1,1,0.155027
5037,10302,1,1,0.155027
2012,7591,1,1,0.155027
2844,3314,1,1,0.155027
6,459,1,1,0.155027
220,2844,1,1,0.155027
12662,14539,1,1,0.155027
1043,1585,1,1,0.155027
1564,13962,1,1,0.155027
6116,11369,1,1,0.155027
10570,17738,1,1,0.155027
261,20401,1,1,0.155027
1435,9556,1,1,0.155027
6437,13962,1,1,0.155027
7370,11369,1,1,0.155027
992,9556,1,1,0.155027
6061,11369,1,1,0.155027
289,11369,1,1,0.155027
289,7370,1,1,0.155027
289,6116,1,1,0.155027
289,6061,1,1,0.155027
581,3565,1,1,0.155027
7732,21063,1,1,0.15499
26988,28843,1,1,0.15499
11328,21063,1,1,0.15499
18238,26886,1,1,0.15499
18238,29901,1,1,0.15499
26886,29901,1,1,0.15499
10986,23584,1,1,0.15499
15609,26062,1,1,0.15499
8837,20473,1,1,0.15499
2814,26898,1,1,0.15499
2534,12447,1,1,0.15499
6305,6866,1,1,0.15499
765,16001,1,1,0.15499
2055,15605,1,1,0.15499
14883,30581,1,1,0.15499
17646,21863,1,1,0.15499
989,11328,1,1,0.15499
19409,22346,1,1,0.15499
23719,29130,1,1,0.15499
5391,9621,1,1,0.15499
852,13768,1,1,0.15499
1696,15028,1,1,0.15499
1696,23107,1,1,0.15499
15028,23107,1,1,0.15499
579,21430,1,1,0.15499
23954,24331,1,1,0.15499
20070,22112,1,1,0.15499
20070,23758,1,1,0.15499
7654,23765,1,1,0.15499
3766,29130,1,1,0.15499
2379,5391,1,1,0.15499
2379,22686,1,1,0.15499
5391,22686,1,1,0.15499
14436,24837,1,1,0.15499
14983,23655,1,1,0.15499
14580,23334,1,1,0.15499
568,15558,1,1,0.15499
568,16262,1,1,0.15499
5268,19006,1,1,0.15499
14430,16178,1,1,0.15499
20517,23314,1,1,0.15499
10103,23314,1,1,0.15499
3954,22174,1,1,0.15499
3852,5123,1,1,0.15499
555,14190,1,1,0.15499
5311,20990,1,1,0.15499
2511,7711,1,1,0.15499
11262,20734,1,1,0.15499
9804,19294,1,1,0.15499
9804,19340,1,1,0.15499
9804,21335,1,1,0.15499
19294,19340,1,1,0.15499
19340,21335,1,1,0.15499
25,20672,1,1,0.15499
4430,7651,1,1,0.15499
3737,20446,1,1,0.15499
6974,20517,1,1,0.15499
6974,23314,1,1,0.15499
10103,20517,1,1,0.15499
568,25061,1,1,0.15499
15558,16262,1,1,0.15499
15558,25061,1,1,0.15499
26431,27097,1,1,0.15499
2824,22050,1,1,0.15499
2824,26431,1,1,0.15499
2824,27097,1,1,0.15499
16967,22050,1,1,0.15499
16967,26431,1,1,0.15499
16967,27097,1,1,0.15499
22050,26431,1,1,0.15499
22050,27097,1,1,0.15499
7140,24004,1,1,0.15499
11536,13332,1,1,0.15499
4293,9432,1,1,0.15499
6608,9432,1,1,0.15499
4904,12539,1,1,0.15499
131,19409,1,1,0.15499
11999,22395,1,1,0.15499
9003,24589,1,1,0.15499
128,19409,1,1,0.15499
3766,23719,1,1,0.15499
2824,16967,1,1,0.15499
4535,23216,1,1,0.15499
16262,25061,1,1,0.15499
12673,23143,1,1,0.15499
9528,23803,1,1,0.15499
23176,23406,1,1,0.15499
9410,22150,1,1,0.15499
24440,25717,1,1,0.15499
18393,18545,1,1,0.15499
11217,12673,1,1,0.15499
11217,14313,1,1,0.15499
11217,23143,1,1,0.15499
14313,23143,1,1,0.15499
16902,26062,1,1,0.15499
6613,15720,1,1,0.15499
1376,7140,1,1,0.15499
1376,8057,1,1,0.15499
1376,12993,1,1,0.15499
7140,8057,1,1,0.15499
7140,12993,1,1,0.15499
8057,12993,1,1,0.15499
7732,11328,1,1,0.15499
3385,23376,1,1,0.153499
3385,20991,1,1,0.153499
1173,21967,1,1,0.153499
7537,14991,1,1,0.153499
657,3375,1,1,0.153499
22611,22814,1,1,0.153499
22473,22814,1,1,0.153499
22473,22611,1,1,0.153499
17622,22814,1,1,0.153499
17622,22611,1,1,0.153499
17622,22473,1,1,0.153499
16382,19026,1,1,0.153499
4125,19026,1,1,0.153499
4125,16382,1,1,0.153499
18426,21143,1,1,0.153499
4220,21143,1,1,0.153499
4220,18426,1,1,0.153499
3385,23418,1,1,0.153499
12111,20576,1,1,0.153499
12111,14991,1,1,0.153499
8084,20576,1,1,0.153499
8084,14991,1,1,0.153499
8084,12111,1,1,0.153499
657,12136,1,1,0.153499
3375,12136,1,1,0.153499
20425,21316,1,1,0.153499
1920,21143,1,1,0.153499
3875,23831,1,1,0.153499
4220,23831,1,1,0.153499
4220,20528,1,1,0.153499
17987,23831,1,1,0.153499
31,182,1,1,0.153499
4220,14991,1,1,0.153499
4220,13952,1,1,0.153499
31,1173,1,1,0.153499
31,2776,1,1,0.153499
20425,21956,1,1,0.153499
31,3869,1,1,0.153499
31,3954,1,1,0.153499
21105,23077,1,1,0.153499
9003,23077,1,1,0.153499
31,10741,1,1,0.153499
31,25093,1,1,0.153499
182,3869,1,1,0.153499
9003,21105,1,1,0.153499
9444,15596,1,1,0.153499
8166,18534,1,1,0.153499
4220,20576,1,1,0.153499
6168,15262,1,1,0.153499
182,3954,1,1,0.153499
16718,19585,1,1,0.153499
182,10741,1,1,0.153499
16718,19574,1,1,0.153499
16718,18530,1,1,0.153499
21622,21956,1,1,0.153499
21316,21622,1,1,0.153499
21066,21956,1,1,0.153499
21066,21622,1,1,0.153499
21066,21316,1,1,0.153499
14446,21956,1,1,0.153499
14446,21622,1,1,0.153499
14446,21316,1,1,0.153499
14446,21066,1,1,0.153499
8191,21956,1,1,0.153499
8191,21622,1,1,0.153499
8191,21316,1,1,0.153499
8191,21066,1,1,0.153499
8191,14446,1,1,0.153499
18530,19574,1,1,0.153499
18530,19585,1,1,0.153499
6912,16925,1,1,0.153499
2995,18549,1,1,0.153499
14991,16925,1,1,0.153499
16698,20576,1,1,0.153499
3124,20576,1,1,0.153499
18016,18549,1,1,0.153499
12042,18016,1,1,0.153499
10670,18549,1,1,0.153499
10670,18016,1,1,0.153499
10670,12042,1,1,0.153499
2995,18016,1,1,0.153499
6912,20576,1,1,0.153499
2995,12042,1,1,0.153499
2995,10670,1,1,0.153499
8726,22155,1,1,0.153499
6763,22155,1,1,0.153499
5458,22155,1,1,0.153499
5458,8726,1,1,0.153499
5458,6763,1,1,0.153499
16925,20576,1,1,0.153499
3875,17987,1,1,0.153499
3875,4220,1,1,0.153499
2288,7739,1,1,0.153499
21382,24349,1,1,0.153499
388,16299,1,1,0.153499
388,24444,1,1,0.153499
3042,10446,1,1,0.153499
20576,22244,1,1,0.153499
3042,16299,1,1,0.153499
3042,24444,1,1,0.153499
10446,16299,1,1,0.153499
14209,16299,1,1,0.153499
15860,16299,1,1,0.153499
20528,22873,1,1,0.153499
20528,22557,1,1,0.153499
16299,24444,1,1,0.153499
5708,15961,1,1,0.153499
20528,22244,1,1,0.153499
5708,21382,1,1,0.153499
20528,20576,1,1,0.153499
5708,24349,1,1,0.153499
15961,21382,1,1,0.153499
15961,24349,1,1,0.153499
388,10446,1,1,0.153499
388,3042,1,1,0.153499
7038,24455,1,1,0.153499
7140,23334,1,1,0.153499
22244,22557,1,1,0.153499
16982,23919,1,1,0.153499
16982,24413,1,1,0.153499
17917,23919,1,1,0.153499
17917,24413,1,1,0.153499
23919,24413,1,1,0.153499
7140,11814,1,1,0.153499
7140,14991,1,1,0.153499
11814,14991,1,1,0.153499
7038,23765,1,1,0.153499
11814,23334,1,1,0.153499
14991,23334,1,1,0.153499
20576,22873,1,1,0.153499
13869,20576,1,1,0.153499
20576,22557,1,1,0.153499
1173,25294,1,1,0.153499
21967,25294,1,1,0.153499
694,1842,1,1,0.153499
14991,22557,1,1,0.153499
3557,9003,1,1,0.153499
1711,23831,1,1,0.153499
14991,22244,1,1,0.153499
13952,22244,1,1,0.153499
13952,20576,1,1,0.153499
13952,20528,1,1,0.153499
6390,8446,1,1,0.153499
13952,14991,1,1,0.153499
7045,8446,1,1,0.153499
4220,22873,1,1,0.153499
6908,9003,1,1,0.153499
6908,25296,1,1,0.153499
6908,25297,1,1,0.153499
9003,25296,1,1,0.153499
4220,22557,1,1,0.153499
9003,25297,1,1,0.153499
1173,5308,1,1,0.153499
4220,22244,1,1,0.153499
8186,19332,1,1,0.153499
1711,3875,1,1,0.153499
1711,4220,1,1,0.153499
1711,17987,1,1,0.153499
13952,22557,1,1,0.153499
6390,7045,1,1,0.153499
23406,25042,1,1,0.153499
13685,23785,1,1,0.153499
3557,20446,1,1,0.153499
3557,21967,1,1,0.153499
9003,20446,1,1,0.153499
9003,21967,1,1,0.153499
20446,21967,1,1,0.153499
1173,17381,1,1,0.153499
9897,23785,1,1,0.153499
14991,20528,1,1,0.153499
9003,21402,1,1,0.153499
18538,25042,1,1,0.153499
6570,24413,1,1,0.153499
21799,22792,1,1,0.153499
13952,22873,1,1,0.153499
1173,23296,1,1,0.153499
1711,4133,1,1,0.153499
1711,12878,1,1,0.153499
4133,12878,1,1,0.153499
18538,23406,1,1,0.153499
6168,21956,1,1,0.153499
6168,21622,1,1,0.153499
182,25093,1,1,0.153499
14791,16638,1,1,0.153499
26062,26462,1,1,0.153499
208,19487,1,1,0.153499
208,22362,1,1,0.153499
208,23257,1,1,0.153499
423,18632,1,1,0.153499
423,19487,1,1,0.153499
423,22362,1,1,0.153499
423,23257,1,1,0.153499
18632,19487,1,1,0.153499
10313,26062,1,1,0.153499
18632,22362,1,1,0.153499
18632,23257,1,1,0.153499
19487,22362,1,1,0.153499
19487,23257,1,1,0.153499
22362,23257,1,1,0.153499
1461,14497,1,1,0.153499
2190,3459,1,1,0.153499
20576,23418,1,1,0.153499
20576,21173,1,1,0.153499
1711,24789,1,1,0.153499
24705,25596,1,1,0.153499
208,18632,1,1,0.153499
19704,23376,1,1,0.153499
5570,17908,1,1,0.153499
14477,25596,1,1,0.153499
12172,17969,1,1,0.153499
8784,19704,1,1,0.153499
8784,20991,1,1,0.153499
8784,23376,1,1,0.153499
8784,23418,1,1,0.153499
19704,20991,1,1,0.153499
19704,23418,1,1,0.153499
208,423,1,1,0.153499
20991,23418,1,1,0.153499
23376,23418,1,1,0.153499
14477,26062,1,1,0.153499
201,423,1,1,0.153499
201,18632,1,1,0.153499
201,19487,1,1,0.153499
201,22362,1,1,0.153499
201,23257,1,1,0.153499
19361,22388,1,1,0.153499
16638,22388,1,1,0.153499
1173,2776,1,1,0.153499
14607,23642,1,1,0.153499
1337,21012,1,1,0.153499
2288,19872,1,1,0.153499
1391,7140,1,1,0.153499
1391,17146,1,1,0.153499
1391,21012,1,1,0.153499
7140,17146,1,1,0.153499
2288,18834,1,1,0.153499
7140,21012,1,1,0.153499
17146,21012,1,1,0.153499
4617,24266,1,1,0.153499
16677,18225,1,1,0.153499
18225,20576,1,1,0.153499
6842,7709,1,1,0.153499
6842,16744,1,1,0.153499
6842,23865,1,1,0.153499
7709,16744,1,1,0.153499
7709,23865,1,1,0.153499
9825,15909,1,1,0.153499
10215,12172,1,1,0.153499
1337,17146,1,1,0.153499
1337,7140,1,1,0.153499
1048,21012,1,1,0.153499
1124,19011,1,1,0.153499
21518,22252,1,1,0.153499
13034,20576,1,1,0.153499
1173,4440,1,1,0.153499
9003,20891,1,1,0.153499
7437,20576,1,1,0.153499
5268,18386,1,1,0.153499
1124,2951,1,1,0.153499
1124,19007,1,1,0.153499
1124,20576,1,1,0.153499
2288,23831,1,1,0.153499
2951,19007,1,1,0.153499
2951,19011,1,1,0.153499
2951,20576,1,1,0.153499
9003,10662,1,1,0.153499
9003,17277,1,1,0.153499
10662,17277,1,1,0.153499
1048,7140,1,1,0.153499
1048,17146,1,1,0.153499
9042,19432,1,1,0.153499
1735,20115,1,1,0.153499
10345,20067,1,1,0.153499
8811,13377,1,1,0.153499
9003,25112,1,1,0.153499
6168,14446,1,1,0.153499
6168,8191,1,1,0.153499
12673,25112,1,1,0.153499
9003,9166,1,1,0.153499
9003,18686,1,1,0.153499
3306,21956,1,1,0.153499
9166,18686,1,1,0.153499
16801,25597,1,1,0.153499
3306,21622,1,1,0.153499
12826,23143,1,1,0.153499
3306,21316,1,1,0.153499
12826,26062,1,1,0.153499
23143,26062,1,1,0.153499
1711,23442,1,1,0.153499
8492,26062,1,1,0.153499
3306,21066,1,1,0.153499
3306,14446,1,1,0.153499
3306,8191,1,1,0.153499
9003,12673,1,1,0.153499
4876,12673,1,1,0.153499
4876,9003,1,1,0.153499
3869,3954,1,1,0.153499
1173,3869,1,1,0.153499
1173,10741,1,1,0.153499
6168,21316,1,1,0.153499
1173,25093,1,1,0.153499
2776,3869,1,1,0.153499
2776,3954,1,1,0.153499
2776,10741,1,1,0.153499
2776,25093,1,1,0.153499
3869,10741,1,1,0.153499
22418,25851,1,1,0.153499
3954,10741,1,1,0.153499
10741,25093,1,1,0.153499
568,16588,1,1,0.153499
568,25048,1,1,0.153499
568,25552,1,1,0.153499
6168,21066,1,1,0.153499
9897,22418,1,1,0.153499
9897,25851,1,1,0.153499
3306,6168,1,1,0.153499
19567,20904,1,1,0.153499
19222,20904,1,1,0.153499
21143,25923,1,1,0.153499
1265,21143,1,1,0.153499
1265,25923,1,1,0.153499
3459,12366,1,1,0.153499
3459,7722,1,1,0.153499
5311,12042,1,1,0.153499
21665,21938,1,1,0.153499
18234,21938,1,1,0.153499
18234,21665,1,1,0.153499
4477,21938,1,1,0.153499
7260,26062,1,1,0.153499
14477,24705,1,1,0.153499
4477,21665,1,1,0.153499
4477,18234,1,1,0.153499
2359,21665,1,1,0.153499
20576,21665,1,1,0.153499
15551,19625,1,1,0.153499
13377,19421,1,1,0.153499
8811,19421,1,1,0.153499
1376,21143,1,1,0.153499
3459,21956,1,1,0.153499
19222,19567,1,1,0.153499
2316,19222,1,1,0.153499
1711,18069,1,1,0.153499
9444,20904,1,1,0.153499
9821,16750,1,1,0.153499
9444,19567,1,1,0.153499
9821,23096,1,1,0.153499
9444,19222,1,1,0.153499
2316,20904,1,1,0.153499
2316,19567,1,1,0.153499
2316,9444,1,1,0.153499
7260,17277,1,1,0.153499
5688,21665,1,1,0.153499
51,21665,1,1,0.153499
7722,21956,1,1,0.153499
7722,12366,1,1,0.153499
9821,26062,1,1,0.153499
16750,23096,1,1,0.153499
16750,26062,1,1,0.153499
23096,26062,1,1,0.153499
16982,17917,1,1,0.153499
18861,21324,1,1,0.153499
22244,22873,1,1,0.153499
17987,20690,1,1,0.153499
19908,23921,1,1,0.153499
1998,9003,1,1,0.153499
43,1173,1,1,0.153499
43,14983,1,1,0.153499
1173,3459,1,1,0.153499
1173,14983,1,1,0.153499
1173,20576,1,1,0.153499
3459,14983,1,1,0.153499
3459,20576,1,1,0.153499
14983,20576,1,1,0.153499
2709,17987,1,1,0.153499
2709,20690,1,1,0.153499
2709,21020,1,1,0.153499
2709,23077,1,1,0.153499
17987,21020,1,1,0.153499
18378,19908,1,1,0.153499
17987,23077,1,1,0.153499
20690,23077,1,1,0.153499
238,9573,1,1,0.153499
238,10356,1,1,0.153499
21020,23077,1,1,0.153499
10531,16677,1,1,0.153499
3459,9003,1,1,0.153499
238,13518,1,1,0.153499
238,15711,1,1,0.153499
238,17593,1,1,0.153499
10531,20576,1,1,0.153499
9573,10356,1,1,0.153499
9573,13518,1,1,0.153499
9573,15711,1,1,0.153499
18378,23921,1,1,0.153499
14991,23921,1,1,0.153499
10356,13518,1,1,0.153499
1769,18378,1,1,0.153499
3459,24266,1,1,0.153499
58,1340,1,1,0.153499
12953,16638,1,1,0.153499
58,6863,1,1,0.153499
58,8412,1,1,0.153499
1340,6863,1,1,0.153499
1340,8412,1,1,0.153499
12953,18877,1,1,0.153499
6863,8412,1,1,0.153499
20648,23289,1,1,0.153499
3459,11917,1,1,0.153499
1769,3459,1,1,0.153499
1769,7721,1,1,0.153499
1769,14991,1,1,0.153499
1769,19908,1,1,0.153499
14991,19908,1,1,0.153499
1769,23921,1,1,0.153499
12953,23418,1,1,0.153499
3459,7721,1,1,0.153499
3459,18378,1,1,0.153499
16638,18877,1,1,0.153499
16638,23418,1,1,0.153499
3459,19908,1,1,0.153499
7721,14991,1,1,0.153499
7721,18378,1,1,0.153499
7721,19908,1,1,0.153499
18877,23418,1,1,0.153499
7721,23921,1,1,0.153499
14991,18378,1,1,0.153499
11882,21324,1,1,0.153499
9573,17593,1,1,0.153499
10356,15711,1,1,0.153499
14447,24266,1,1,0.153499
3737,23418,1,1,0.153499
20672,23296,1,1,0.153499
21335,22046,1,1,0.153499
22046,23296,1,1,0.153499
1173,1794,1,1,0.153499
1173,11964,1,1,0.153499
1173,12084,1,1,0.153499
1173,22646,1,1,0.153499
1794,11964,1,1,0.153499
1794,12084,1,1,0.153499
1794,22646,1,1,0.153499
11964,12084,1,1,0.153499
11964,22646,1,1,0.153499
12084,22646,1,1,0.153499
3737,16299,1,1,0.153499
16299,23418,1,1,0.153499
19294,22046,1,1,0.153499
253,4220,1,1,0.153499
253,13400,1,1,0.153499
4220,13400,1,1,0.153499
13816,19678,1,1,0.153499
13816,20672,1,1,0.153499
13816,21758,1,1,0.153499
13816,23314,1,1,0.153499
19678,20446,1,1,0.153499
19678,20672,1,1,0.153499
19678,21758,1,1,0.153499
20446,21758,1,1,0.153499
20672,21758,1,1,0.153499
3385,8784,1,1,0.153499
3385,19704,1,1,0.153499
20672,22046,1,1,0.153499
14510,23296,1,1,0.153499
10356,17593,1,1,0.153499
1991,9432,1,1,0.153499
13518,15711,1,1,0.153499
13518,17593,1,1,0.153499
15711,17593,1,1,0.153499
4036,18634,1,1,0.153499
9003,10362,1,1,0.153499
9003,14510,1,1,0.153499
10362,14510,1,1,0.153499
16677,23418,1,1,0.153499
1672,21736,1,1,0.153499
79,16382,1,1,0.153499
7306,16382,1,1,0.153499
16382,19340,1,1,0.153499
9580,13813,1,1,0.153499
1991,3459,1,1,0.153499
3459,9432,1,1,0.153499
14510,22046,1,1,0.153499
4430,9737,1,1,0.153499
4430,14510,1,1,0.153499
4430,20672,1,1,0.153499
4430,21335,1,1,0.153499
4430,22046,1,1,0.153499
9737,14510,1,1,0.153499
9737,19294,1,1,0.153499
9737,20672,1,1,0.153499
9737,21335,1,1,0.153499
9737,22046,1,1,0.153499
9737,23296,1,1,0.153499
14510,19294,1,1,0.153499
14510,20672,1,1,0.153499
14510,21335,1,1,0.153499
8670,13285,1,1,0.153499
11400,12172,1,1,0.153499
2634,23418,1,1,0.153499
2564,3954,1,1,0.153499
8900,22628,1,1,0.153499
6458,12908,1,1,0.153499
8900,15262,1,1,0.153499
6458,21285,1,1,0.153499
7739,19872,1,1,0.153499
4544,22628,1,1,0.153499
12908,21285,1,1,0.153499
2168,13300,1,1,0.153499
2168,15487,1,1,0.153499
9003,11336,1,1,0.153499
4544,15262,1,1,0.153499
4544,8900,1,1,0.153499
1560,22628,1,1,0.153499
2168,20726,1,1,0.153499
13300,15487,1,1,0.153499
13300,20726,1,1,0.153499
9003,12677,1,1,0.153499
9003,13117,1,1,0.153499
15487,20726,1,1,0.153499
11336,12677,1,1,0.153499
1560,15262,1,1,0.153499
2862,21285,1,1,0.153499
2862,12908,1,1,0.153499
15262,22628,1,1,0.153499
14693,20576,1,1,0.153499
3560,9530,1,1,0.153499
11611,20576,1,1,0.153499
1536,2426,1,1,0.153499
14464,15597,1,1,0.153499
2862,6458,1,1,0.153499
11662,16972,1,1,0.153499
9003,15597,1,1,0.153499
9003,14464,1,1,0.153499
21459,22759,1,1,0.153499
13285,23851,1,1,0.153499
7739,23831,1,1,0.153499
20576,24088,1,1,0.153499
1842,19340,1,1,0.153499
6756,20576,1,1,0.153499
6756,14693,1,1,0.153499
16299,24332,1,1,0.153499
23831,24332,1,1,0.153499
19872,24332,1,1,0.153499
19872,23831,1,1,0.153499
18834,23831,1,1,0.153499
12677,13117,1,1,0.153499
2288,24332,1,1,0.153499
3459,13944,1,1,0.153499
3459,18861,1,1,0.153499
679,24266,1,1,0.153499
3459,21324,1,1,0.153499
10708,17994,1,1,0.153499
2634,18877,1,1,0.153499
10283,11326,1,1,0.153499
679,14447,1,1,0.153499
14912,22242,1,1,0.153499
2540,22242,1,1,0.153499
2540,14912,1,1,0.153499
2634,16638,1,1,0.153499
2425,22242,1,1,0.153499
2425,14912,1,1,0.153499
10283,11882,1,1,0.153499
11326,18861,1,1,0.153499
10708,20353,1,1,0.153499
2634,12953,1,1,0.153499
10283,18861,1,1,0.153499
17994,20353,1,1,0.153499
2241,20576,1,1,0.153499
10283,21324,1,1,0.153499
8670,23851,1,1,0.153499
22557,22873,1,1,0.153499
3954,20353,1,1,0.153499
2564,20353,1,1,0.153499
1560,4544,1,1,0.153499
11882,18861,1,1,0.153499
2564,10708,1,1,0.153499
1560,8900,1,1,0.153499
20576,24413,1,1,0.153499
2564,17994,1,1,0.153499
24088,24413,1,1,0.153499
3459,10283,1,1,0.153499
3459,11326,1,1,0.153499
11326,11882,1,1,0.153499
3954,10708,1,1,0.153499
3954,17994,1,1,0.153499
3459,11882,1,1,0.153499
11326,21324,1,1,0.153499
2811,8724,1,1,0.153429
1585,18018,1,1,0.153429
14701,19541,1,1,0.153429
649,18045,1,1,0.153429
9656,10224,1,1,0.153429
11697,15018,1,1,0.153429
1585,2085,1,1,0.153429
2085,18018,1,1,0.153429
581,18018,1,1,0.153429
1871,17892,1,1,0.153429
581,10224,1,1,0.153429
4567,18018,1,1,0.153429
581,4567,1,1,0.153429
534,11987,1,1,0.153429
4567,10224,1,1,0.153429
26076,28528,1,1,0.153429
10436,10561,1,1,0.153429
10436,13664,1,1,0.153429
5677,28170,1,1,0.153429
22259,28170,1,1,0.153429
26932,30129,1,1,0.153429
27277,28170,1,1,0.153429
15622,21081,1,1,0.153429
28973,30129,1,1,0.153429
11599,14701,1,1,0.153429
28052,30129,1,1,0.153429
28052,28973,1,1,0.153429
27768,30058,1,1,0.153429
12188,26911,1,1,0.153429
29941,30225,1,1,0.153429
29012,30129,1,1,0.153429
3954,8537,1,1,0.153429
4001,5672,1,1,0.153429
12037,25227,1,1,0.153429
13664,29513,1,1,0.153429
13698,25080,1,1,0.153429
13664,25080,1,1,0.153429
10561,25080,1,1,0.153429
10561,13698,1,1,0.153429
10561,13664,1,1,0.153429
1032,24330,1,1,0.153429
10436,25080,1,1,0.153429
10436,13698,1,1,0.153429
11599,19541,1,1,0.153429
4362,14701,1,1,0.153429
9975,19541,1,1,0.153429
2012,7619,1,1,0.153429
192,5853,1,1,0.153429
4339,10110,1,1,0.153429
376,10110,1,1,0.153429
9770,23077,1,1,0.153429
2349,3918,1,1,0.153429
8764,17395,1,1,0.153429
8705,19360,1,1,0.153429
9770,19488,1,1,0.153429
3835,17395,1,1,0.153429
3835,8764,1,1,0.153429
1022,8764,1,1,0.153429
3116,7734,1,1,0.153429
2526,9770,1,1,0.153429
1022,3835,1,1,0.153429
915,6499,1,1,0.153429
661,2012,1,1,0.153429
661,7885,1,1,0.153429
2012,7885,1,1,0.153429
4723,6499,1,1,0.153429
178,3835,1,1,0.153429
178,10110,1,1,0.153429
8084,9556,1,1,0.153429
1693,6421,1,1,0.153429
240,2841,1,1,0.153429
240,2009,1,1,0.153429
5853,14702,1,1,0.153429
5473,6479,1,1,0.153429
1247,1608,1,1,0.153429
156,8981,1,1,0.153429
12690,22653,1,1,0.153429
1836,15619,1,1,0.153429
10019,25366,1,1,0.153429
371,12609,1,1,0.153429
15398,25092,1,1,0.153429
2326,3386,1,1,0.153429
2326,19428,1,1,0.153429
5167,7891,1,1,0.153429
3835,21819,1,1,0.153429
54,8336,1,1,0.153429
627,22042,1,1,0.153429
3386,19428,1,1,0.153429
2012,6437,1,1,0.153429
3835,4272,1,1,0.153429
9975,14701,1,1,0.153429
1154,9770,1,1,0.153429
9792,17645,1,1,0.153429
8045,13815,1,1,0.153429
450,1220,1,1,0.153429
3139,8320,1,1,0.153429
5230,8537,1,1,0.153429
2238,11987,1,1,0.153429
940,11294,1,1,0.153429
2238,12847,1,1,0.153429
11987,12847,1,1,0.153429
931,12662,1,1,0.153429
6124,12114,1,1,0.153429
6124,18744,1,1,0.153429
12114,18744,1,1,0.153429
1043,18452,1,1,0.153429
1043,18459,1,1,0.153429
517,11987,1,1,0.153429
9975,11599,1,1,0.153429
17761,21614,1,1,0.153429
7200,8537,1,1,0.153429
9132,17404,1,1,0.153429
2600,17098,1,1,0.153429
7312,8273,1,1,0.153429
931,10238,1,1,0.153429
1531,9770,1,1,0.153429
992,8484,1,1,0.153429
9380,10238,1,1,0.153429
1043,10238,1,1,0.153429
5103,10559,1,1,0.153429
2347,2811,1,1,0.153429
6317,11333,1,1,0.153429
931,5781,1,1,0.153429
13815,18940,1,1,0.153429
7312,7318,1,1,0.153429
5781,10238,1,1,0.153429
1693,5693,1,1,0.153429
8045,18940,1,1,0.153429
3503,6953,1,1,0.153429
1014,13700,1,1,0.153429
1014,13825,1,1,0.153429
931,8056,1,1,0.153429
13661,15297,1,1,0.153429
3835,10110,1,1,0.153429
2337,5853,1,1,0.153429
3593,18166,1,1,0.153187
2937,11029,1,1,0.153187
25234,27077,1,1,0.153187
25789,31409,1,1,0.153187
5661,26425,1,1,0.153187
6514,24804,1,1,0.153187
13963,17959,1,1,0.153187
24861,24888,1,1,0.153187
23282,26053,1,1,0.153187
22728,25158,1,1,0.153187
19750,20128,1,1,0.153187
7300,21531,1,1,0.153187
19374,27304,1,1,0.153187
26573,27377,1,1,0.153187
5667,13628,1,1,0.153187
26022,27410,1,1,0.153187
15199,25158,1,1,0.153187
5165,23527,1,1,0.153187
8821,24182,1,1,0.153187
7962,21790,1,1,0.153187
1007,18166,1,1,0.153187
19721,21790,1,1,0.153187
9779,23703,1,1,0.153187
1007,23517,1,1,0.153187
11448,29724,1,1,0.153187
11468,15560,1,1,0.153187
27102,31656,1,1,0.153187
8910,15560,1,1,0.153187
8910,11468,1,1,0.153187
23703,23729,1,1,0.153187
11084,20128,1,1,0.153187
23077,25266,1,1,0.153187
5969,12770,1,1,0.153187
7097,28011,1,1,0.153187
6808,10312,1,1,0.153187
7097,16693,1,1,0.153187
2114,9520,1,1,0.153187
16693,28011,1,1,0.153187
5613,5954,1,1,0.153187
20777,25173,1,1,0.153187
4383,27600,1,1,0.153187
27550,30915,1,1,0.153187
13538,27417,1,1,0.153187
13286,27417,1,1,0.153187
3817,9520,1,1,0.153187
7302,21533,1,1,0.153187
25453,25829,1,1,0.153187
13348,24888,1,1,0.153187
23862,28011,1,1,0.153187
5894,28011,1,1,0.153187
5894,23862,1,1,0.153187
2114,3817,1,1,0.153187
26656,26908,1,1,0.153187
16799,28138,1,1,0.153187
24622,27619,1,1,0.153187
27607,31118,1,1,0.153187
5666,18966,1,1,0.153187
10418,18927,1,1,0.153187
5506,6813,1,1,0.153187
12564,26344,1,1,0.153187
6351,26344,1,1,0.153187
6351,12564,1,1,0.153187
12926,27301,1,1,0.153187
26560,27417,1,1,0.153187
9438,21002,1,1,0.153187
17862,22761,1,1,0.153187
7367,15363,1,1,0.153187
1335,9773,1,1,0.153187
16727,18007,1,1,0.153187
2846,18007,1,1,0.153187
7541,10678,1,1,0.153187
3346,16109,1,1,0.153187
5282,6760,1,1,0.153187
3456,7062,1,1,0.153187
381,1261,1,1,0.153187
6812,18822,1,1,0.153187
2295,21533,1,1,0.153187
14215,14633,1,1,0.153187
1004,14633,1,1,0.153187
1004,14215,1,1,0.153187
2005,18913,1,1,0.153187
3484,7302,1,1,0.153187
5282,9501,1,1,0.153187
1335,21533,1,1,0.153187
13409,15144,1,1,0.153187
9501,16807,1,1,0.153187
6393,15660,1,1,0.153187
133,10711,1,1,0.153187
9773,21533,1,1,0.153187
133,9509,1,1,0.153187
8511,15660,1,1,0.153187
7739,15660,1,1,0.153187
15334,15894,1,1,0.153187
12137,15334,1,1,0.153187
7302,16109,1,1,0.153187
6760,9501,1,1,0.153187
1823,10678,1,1,0.153187
5515,17907,1,1,0.153187
6412,12829,1,1,0.153187
1823,7541,1,1,0.153187
10162,20128,1,1,0.153187
4424,5347,1,1,0.153187
12346,22274,1,1,0.153187
9138,20128,1,1,0.153187
9138,11084,1,1,0.153187
12346,22877,1,1,0.153187
6320,7120,1,1,0.153187
3969,14730,1,1,0.153187
21533,22501,1,1,0.153187
7581,14180,1,1,0.153187
11210,22501,1,1,0.153187
1599,9687,1,1,0.153187
6789,9687,1,1,0.153187
11210,21533,1,1,0.153187
3346,20252,1,1,0.153187
21061,21533,1,1,0.153187
15683,21429,1,1,0.153187
7581,21429,1,1,0.153187
7581,15683,1,1,0.153187
3484,10421,1,1,0.153187
1491,7058,1,1,0.153187
5282,6677,1,1,0.153187
10673,20128,1,1,0.153187
4331,10162,1,1,0.153187
12829,20777,1,1,0.153187
6557,12829,1,1,0.153187
6677,6760,1,1,0.153187
13321,21083,1,1,0.152747
14309,16342,1,1,0.152747
2511,4865,1,1,0.152747
1898,9037,1,1,0.152747
4317,9363,1,1,0.152747
6711,15896,1,1,0.152747
14607,22362,1,1,0.152747
1920,22362,1,1,0.152747
19340,22873,1,1,0.152747
2574,10917,1,1,0.152747
7766,18581,1,1,0.152747
4735,10356,1,1,0.152747
4433,20571,1,1,0.152747
9105,15743,1,1,0.152747
16424,22083,1,1,0.152747
9105,16358,1,1,0.152747
11022,25273,1,1,0.152747
22944,25208,1,1,0.152747
22944,28176,1,1,0.152747
25208,30280,1,1,0.152747
28176,30280,1,1,0.152747
10740,25273,1,1,0.152747
10839,25273,1,1,0.152747
22990,25273,1,1,0.152747
15743,16358,1,1,0.152747
25273,25545,1,1,0.152747
13324,19343,1,1,0.152747
1375,26557,1,1,0.152747
26692,27380,1,1,0.152747
4042,23517,1,1,0.152747
9496,23559,1,1,0.152747
5904,23584,1,1,0.152747
3944,7837,1,1,0.152747
5904,20794,1,1,0.152747
875,23584,1,1,0.152747
875,20794,1,1,0.152747
875,5904,1,1,0.152747
14582,18031,1,1,0.152747
12716,18031,1,1,0.152747
12716,14582,1,1,0.152747
21063,23342,1,1,0.152747
989,11625,1,1,0.152747
15982,28766,1,1,0.152747
2798,6026,1,1,0.152747
26434,27201,1,1,0.152747
7853,17983,1,1,0.152747
1104,23719,1,1,0.152747
7151,22083,1,1,0.152747
3485,6778,1,1,0.152747
27265,27901,1,1,0.152747
4720,29830,1,1,0.152747
27685,29282,1,1,0.152448
4547,5091,1,1,0.152448
4220,14276,1,1,0.152448
1692,8685,1,1,0.152448
1692,13341,1,1,0.152448
8685,13341,1,1,0.152448
1173,13823,1,1,0.152448
2767,11249,1,1,0.152448
4220,9348,1,1,0.152448
6969,7722,1,1,0.152448
6969,11936,1,1,0.152448
7722,11936,1,1,0.152448
5438,10925,1,1,0.152448
5438,16570,1,1,0.152448
10925,16570,1,1,0.152448
108,16290,1,1,0.152448
2908,3640,1,1,0.152448
10925,17757,1,1,0.152448
1224,18619,1,1,0.152448
475,16178,1,1,0.152448
8191,19044,1,1,0.152448
9763,19044,1,1,0.152448
10171,19494,1,1,0.152448
10171,20027,1,1,0.152448
7299,16000,1,1,0.152448
7299,19349,1,1,0.152448
743,15718,1,1,0.152448
7643,18475,1,1,0.152448
12835,13457,1,1,0.152448
13494,17139,1,1,0.152448
3565,9348,1,1,0.152448
3353,4452,1,1,0.152448
227,9066,1,1,0.152448
3153,9037,1,1,0.152448
786,2995,1,1,0.152448
3515,5762,1,1,0.152448
197,2767,1,1,0.152448
1365,1898,1,1,0.152448
1365,3491,1,1,0.152448
1898,3491,1,1,0.152448
9518,12796,1,1,0.152448
6775,10362,1,1,0.152448
9257,10084,1,1,0.152448
3798,14589,1,1,0.152448
10356,14589,1,1,0.152448
2767,6959,1,1,0.152448
8482,13813,1,1,0.152448
6575,13494,1,1,0.152448
4837,8763,1,1,0.152448
1374,4539,1,1,0.152448
1374,11041,1,1,0.152448
4539,11041,1,1,0.152448
8482,9880,1,1,0.152448
3954,13813,1,1,0.152448
7200,13813,1,1,0.152448
4335,16290,1,1,0.152448
5383,16245,1,1,0.152448
4335,5358,1,1,0.152448
2345,5383,1,1,0.152448
2345,9037,1,1,0.152448
5383,9037,1,1,0.152448
2511,19331,1,1,0.152448
9066,20044,1,1,0.152448
13718,31394,1,1,0.152448
17501,23831,1,1,0.152448
5293,21258,1,1,0.152448
9528,20218,1,1,0.152448
11860,20218,1,1,0.152448
9003,9410,1,1,0.152448
20810,23856,1,1,0.152448
20242,25294,1,1,0.152448
462,1091,1,1,0.152448
7151,18832,1,1,0.152448
16424,18832,1,1,0.152448
16902,27126,1,1,0.152448
14430,19872,1,1,0.152448
2798,5213,1,1,0.152448
2798,11768,1,1,0.152448
5213,11768,1,1,0.152448
23296,26481,1,1,0.152448
7558,11318,1,1,0.152448
10849,24629,1,1,0.152448
5087,11625,1,1,0.152448
17467,21063,1,1,0.152448
17643,29995,1,1,0.152448
22561,26438,1,1,0.152448
22561,28744,1,1,0.152448
26438,28744,1,1,0.152448
13894,30734,1,1,0.152448
12902,17929,1,1,0.152448
14192,20909,1,1,0.152448
14227,29087,1,1,0.152448
13494,19141,1,1,0.152448
6095,8612,1,1,0.152448
2560,19625,1,1,0.152448
15909,21820,1,1,0.152448
5213,19625,1,1,0.152448
7539,9348,1,1,0.152448
7539,15551,1,1,0.152448
9348,15551,1,1,0.152448
2511,9496,1,1,0.152448
9496,21316,1,1,0.152448
8166,14991,1,1,0.152448
4735,19044,1,1,0.152448
4735,22560,1,1,0.152448
19044,22560,1,1,0.152448
14650,23352,1,1,0.152448
1991,9003,1,1,0.152448
7679,7711,1,1,0.152448
7679,9223,1,1,0.152448
7679,15642,1,1,0.152448
7711,9223,1,1,0.152448
7711,15642,1,1,0.152448
9223,15642,1,1,0.152448
8612,8673,1,1,0.152448
5203,19625,1,1,0.152448
7200,22914,1,1,0.152448
2767,13494,1,1,0.152448
10356,22629,1,1,0.152448
11884,18507,1,1,0.152448
2767,12878,1,1,0.152448
2767,19044,1,1,0.152448
12878,19044,1,1,0.152448
9940,17579,1,1,0.152448
7376,15718,1,1,0.152448
19970,21798,1,1,0.151394
5256,8332,1,1,0.151394
8332,25288,1,1,0.151394
8332,20543,1,1,0.151394
5256,27890,1,1,0.151394
5256,26632,1,1,0.151394
10243,15458,1,1,0.151394
5256,25288,1,1,0.151394
11234,14782,1,1,0.151394
11234,15458,1,1,0.151394
5256,20543,1,1,0.151394
14918,26421,1,1,0.151394
8332,27890,1,1,0.151394
6973,26421,1,1,0.151394
6973,14918,1,1,0.151394
15798,23438,1,1,0.151394
60,15798,1,1,0.151394
7447,18620,1,1,0.151394
4918,18620,1,1,0.151394
4918,7447,1,1,0.151394
26780,26947,1,1,0.151394
23091,26947,1,1,0.151394
8332,26632,1,1,0.151394
20543,25288,1,1,0.151394
18915,26947,1,1,0.151394
11089,13585,1,1,0.151394
20543,25256,1,1,0.151394
20543,21733,1,1,0.151394
15062,27820,1,1,0.151394
1196,13627,1,1,0.151394
3687,9957,1,1,0.151394
3286,11089,1,1,0.151394
3286,13585,1,1,0.151394
3286,17762,1,1,0.151394
3286,19115,1,1,0.151394
15062,25256,1,1,0.151394
20543,26632,1,1,0.151394
15062,21733,1,1,0.151394
15062,20543,1,1,0.151394
10243,11234,1,1,0.151394
6471,9062,1,1,0.151394
26632,27890,1,1,0.151394
25288,27890,1,1,0.151394
25288,26632,1,1,0.151394
20543,27890,1,1,0.151394
10243,14782,1,1,0.151394
23091,26780,1,1,0.151394
18915,26780,1,1,0.151394
21733,25256,1,1,0.151394
25142,26204,1,1,0.151394
5256,19577,1,1,0.151394
5256,16919,1,1,0.151394
5256,10517,1,1,0.151394
4632,7702,1,1,0.151394
26221,26900,1,1,0.151394
26204,26900,1,1,0.151394
4632,14782,1,1,0.151394
25142,26900,1,1,0.151394
25142,26221,1,1,0.151394
20617,26900,1,1,0.151394
5256,26157,1,1,0.151394
20617,26221,1,1,0.151394
4772,5556,1,1,0.151394
20617,26204,1,1,0.151394
20617,25142,1,1,0.151394
11089,17762,1,1,0.151394
11089,19115,1,1,0.151394
13585,17762,1,1,0.151394
13585,19115,1,1,0.151394
17762,19115,1,1,0.151394
4632,5556,1,1,0.151394
7016,10517,1,1,0.151394
18915,23091,1,1,0.151394
16919,27082,1,1,0.151394
23170,27480,1,1,0.151394
8626,27082,1,1,0.151394
7016,8626,1,1,0.151394
9977,26359,1,1,0.151394
18365,25350,1,1,0.151394
511,25350,1,1,0.151394
511,18365,1,1,0.151394
19577,27082,1,1,0.151394
19577,26157,1,1,0.151394
16919,26157,1,1,0.151394
7016,16919,1,1,0.151394
14782,15458,1,1,0.151394
2912,14541,1,1,0.151394
16919,19577,1,1,0.151394
10517,27082,1,1,0.151394
10517,26157,1,1,0.151394
10517,19577,1,1,0.151394
10517,16919,1,1,0.151394
7016,26157,1,1,0.151394
7016,19577,1,1,0.151394
20543,27820,1,1,0.151394
25256,27820,1,1,0.151394
5331,23485,1,1,0.151394
7800,27082,1,1,0.151394
29863,30367,1,1,0.151394
29347,30367,1,1,0.151394
795,7400,1,1,0.151394
795,16510,1,1,0.151394
29347,29863,1,1,0.151394
24626,30367,1,1,0.151394
24626,29863,1,1,0.151394
24626,29347,1,1,0.151394
18103,27110,1,1,0.151394
7016,7800,1,1,0.151394
7800,24748,1,1,0.151394
5256,7800,1,1,0.151394
14829,15695,1,1,0.151394
556,28493,1,1,0.151394
29347,29393,1,1,0.151394
25675,29347,1,1,0.151394
24412,29347,1,1,0.151394
24412,25675,1,1,0.151394
20543,29347,1,1,0.151394
20543,25675,1,1,0.151394
7800,20431,1,1,0.151394
795,4632,1,1,0.151394
7800,29347,1,1,0.151394
11192,27558,1,1,0.151394
10832,29602,1,1,0.151394
10832,26656,1,1,0.151394
28838,29258,1,1,0.151394
28494,29258,1,1,0.151394
28494,28838,1,1,0.151394
16816,29258,1,1,0.151394
16816,28838,1,1,0.151394
16816,28494,1,1,0.151394
23311,27558,1,1,0.151394
11192,23311,1,1,0.151394
7800,29863,1,1,0.151394
27082,30048,1,1,0.151394
26157,30048,1,1,0.151394
11035,30048,1,1,0.151394
11035,27082,1,1,0.151394
11035,26157,1,1,0.151394
24748,29863,1,1,0.151394
20431,29863,1,1,0.151394
20431,24748,1,1,0.151394
795,4403,1,1,0.151394
20543,24412,1,1,0.151394
7800,25675,1,1,0.151394
27082,28234,1,1,0.151394
8626,20785,1,1,0.151394
17444,22058,1,1,0.151394
17444,18966,1,1,0.151394
7255,26105,1,1,0.151394
7255,22058,1,1,0.151394
7255,18966,1,1,0.151394
4403,16510,1,1,0.151394
7255,17444,1,1,0.151394
585,27110,1,1,0.151394
16871,20785,1,1,0.151394
8626,16871,1,1,0.151394
18966,22058,1,1,0.151394
16868,19614,1,1,0.151394
6037,19614,1,1,0.151394
6037,16868,1,1,0.151394
7990,23006,1,1,0.151394
11085,25782,1,1,0.151394
11286,27082,1,1,0.151394
7016,11286,1,1,0.151394
2570,14407,1,1,0.151394
21583,27824,1,1,0.151394
17444,26105,1,1,0.151394
1195,13627,1,1,0.151394
7800,24412,1,1,0.151394
7752,27431,1,1,0.151394
7800,20543,1,1,0.151394
4632,29347,1,1,0.151394
4632,25675,1,1,0.151394
4632,24412,1,1,0.151394
4632,7800,1,1,0.151394
26123,27431,1,1,0.151394
24626,27431,1,1,0.151394
24626,26123,1,1,0.151394
4403,4632,1,1,0.151394
7752,26123,1,1,0.151394
18966,26105,1,1,0.151394
7752,24626,1,1,0.151394
26157,27919,1,1,0.151394
211,27919,1,1,0.151394
211,26157,1,1,0.151394
19967,27182,1,1,0.151394
26617,27082,1,1,0.151394
4632,26617,1,1,0.151394
22058,26105,1,1,0.151394
4403,7400,1,1,0.151394
11396,15666,1,1,0.151394
15469,18966,1,1,0.151394
5968,15695,1,1,0.151394
7400,25200,1,1,0.151394
4632,25200,1,1,0.151394
7400,9693,1,1,0.151394
15059,20894,1,1,0.151394
4918,20723,1,1,0.151394
7572,19511,1,1,0.151394
4918,22156,1,1,0.151394
4918,25200,1,1,0.151394
7400,20723,1,1,0.151394
7400,22156,1,1,0.151394
20723,22156,1,1,0.151394
4632,20723,1,1,0.151394
20723,25200,1,1,0.151394
22156,25200,1,1,0.151394
2077,23619,1,1,0.151394
1804,20208,1,1,0.151394
7650,25288,1,1,0.151394
14197,18046,1,1,0.151394
18489,25288,1,1,0.151394
4632,6964,1,1,0.151394
4632,22826,1,1,0.151394
4632,22156,1,1,0.151394
1508,23776,1,1,0.151394
11426,14197,1,1,0.151394
1152,4673,1,1,0.151394
7702,16510,1,1,0.151394
8466,26204,1,1,0.151394
7702,14782,1,1,0.151394
15469,25110,1,1,0.151394
15798,25110,1,1,0.151394
8466,25142,1,1,0.151394
7522,20500,1,1,0.151394
7522,22961,1,1,0.151394
20500,22961,1,1,0.151394
1152,4676,1,1,0.151394
217,16661,1,1,0.151394
7702,9693,1,1,0.151394
7400,20543,1,1,0.151394
18737,19220,1,1,0.151394
24457,24587,1,1,0.151394
10521,13212,1,1,0.151394
7400,14782,1,1,0.151394
12431,13212,1,1,0.151394
18031,23170,1,1,0.151394
8466,20617,1,1,0.151394
11426,18046,1,1,0.151394
6037,18046,1,1,0.151394
15469,18406,1,1,0.151394
4918,11286,1,1,0.151394
4632,11286,1,1,0.151394
12499,20036,1,1,0.151394
4632,19970,1,1,0.151394
4632,21798,1,1,0.151394
2200,10412,1,1,0.151394
23485,24754,1,1,0.151394
5556,9693,1,1,0.151394
5556,7702,1,1,0.151394
5331,24754,1,1,0.151394
4918,19970,1,1,0.151394
3563,25387,1,1,0.151394
5556,7400,1,1,0.151394
4772,14782,1,1,0.151394
4918,21798,1,1,0.151394
7400,11286,1,1,0.151394
4772,9693,1,1,0.151394
7400,19970,1,1,0.151394
7400,21798,1,1,0.151394
11286,19970,1,1,0.151394
11286,21798,1,1,0.151394
5556,14782,1,1,0.151394
8332,8466,1,1,0.151394
6037,14197,1,1,0.151394
7400,25691,1,1,0.151394
6037,11426,1,1,0.151394
1823,24161,1,1,0.151394
6964,22826,1,1,0.151394
6471,7400,1,1,0.151394
6471,18620,1,1,0.151394
6471,25675,1,1,0.151394
26157,26598,1,1,0.151394
6471,25691,1,1,0.151394
7400,18620,1,1,0.151394
18620,25675,1,1,0.151394
7400,8466,1,1,0.151394
18620,25691,1,1,0.151394
25675,25691,1,1,0.151394
4094,5331,1,1,0.151394
4094,8466,1,1,0.151394
5331,7400,1,1,0.151394
7400,7702,1,1,0.151394
5331,8332,1,1,0.151394
5556,16510,1,1,0.151394
5331,8466,1,1,0.151394
8466,26221,1,1,0.151394
9693,14782,1,1,0.151394
15469,15798,1,1,0.151394
17862,21875,1,1,0.151394
1649,19283,1,1,0.151394
6204,11234,1,1,0.151394
1097,11644,1,1,0.151394
11181,17862,1,1,0.151394
11181,18046,1,1,0.151394
11181,20500,1,1,0.151394
11181,21875,1,1,0.151394
17862,18046,1,1,0.151394
17862,20500,1,1,0.151394
18046,20500,1,1,0.151394
8012,8714,1,1,0.151394
18046,21875,1,1,0.151394
20500,21875,1,1,0.151394
2846,3346,1,1,0.151394
2846,7020,1,1,0.151394
2846,10489,1,1,0.151394
2846,11234,1,1,0.151394
2846,22274,1,1,0.151394
3346,7020,1,1,0.151394
3346,9705,1,1,0.151394
6164,20723,1,1,0.151394
16510,20543,1,1,0.151394
9693,16510,1,1,0.151394
3563,18822,1,1,0.151394
3563,18966,1,1,0.151394
1184,5968,1,1,0.151394
887,3563,1,1,0.151394
887,7535,1,1,0.151394
887,15341,1,1,0.151394
887,18822,1,1,0.151394
3563,18406,1,1,0.151394
3563,9556,1,1,0.151394
3563,15341,1,1,0.151394
7535,9556,1,1,0.151394
1157,20543,1,1,0.151394
7535,15341,1,1,0.151394
7535,18822,1,1,0.151394
9556,15341,1,1,0.151394
9556,18822,1,1,0.151394
15341,18822,1,1,0.151394
5199,9693,1,1,0.151394
3563,15469,1,1,0.151394
1157,7253,1,1,0.151394
1157,16510,1,1,0.151394
3346,10489,1,1,0.151394
3346,11234,1,1,0.151394
3346,22274,1,1,0.151394
7400,15469,1,1,0.151394
6964,8332,1,1,0.151394
6964,11234,1,1,0.151394
6964,22274,1,1,0.151394
8332,11234,1,1,0.151394
2126,18406,1,1,0.151394
8332,22274,1,1,0.151394
2126,15469,1,1,0.151394
7400,13546,1,1,0.151394
7400,14829,1,1,0.151394
7400,15798,1,1,0.151394
8466,26900,1,1,0.151394
7400,25110,1,1,0.151394
13546,14829,1,1,0.151394
2126,3563,1,1,0.151394
14782,16510,1,1,0.151394
13546,15469,1,1,0.151394
13546,25110,1,1,0.151394
4772,7702,1,1,0.151394
14829,15798,1,1,0.151394
14829,25110,1,1,0.151394
4918,22274,1,1,0.151394
4918,11234,1,1,0.151394
4918,8332,1,1,0.151394
4918,6964,1,1,0.151394
7020,9705,1,1,0.151394
7020,10489,1,1,0.151394
7020,11234,1,1,0.151394
7020,22274,1,1,0.151394
9705,10489,1,1,0.151394
9705,11234,1,1,0.151394
9705,22274,1,1,0.151394
10489,11234,1,1,0.151394
10489,22274,1,1,0.151394
830,16428,1,1,0.151394
6813,9693,1,1,0.151394
633,23625,1,1,0.151394
18414,22274,1,1,0.151394
12629,12895,1,1,0.151394
12629,16119,1,1,0.151394
12629,16381,1,1,0.151394
12895,16119,1,1,0.151394
12895,16381,1,1,0.151394
16119,16381,1,1,0.151394
26656,29602,1,1,0.151394
5584,9439,1,1,0.151394
26157,26608,1,1,0.151394
5581,9074,1,1,0.151394
6866,8775,1,1,0.151394
2950,4106,1,1,0.151394
4902,7650,1,1,0.151394
3563,10161,1,1,0.151394
9028,9135,1,1,0.151394
6402,9135,1,1,0.151394
6402,9028,1,1,0.151394
9480,9657,1,1,0.151394
7693,9657,1,1,0.151394
8332,10243,1,1,0.151394
7400,10243,1,1,0.151394
4094,10243,1,1,0.151394
1157,10243,1,1,0.151394
1157,8332,1,1,0.151394
1157,4094,1,1,0.151394
7015,9439,1,1,0.151394
3199,11741,1,1,0.151394
5584,7015,1,1,0.151394
5452,7400,1,1,0.151394
6503,6865,1,1,0.151394
7400,7478,1,1,0.151394
4889,7400,1,1,0.151394
7400,8396,1,1,0.151394
4516,7400,1,1,0.151394
4516,7016,1,1,0.151394
2077,11997,1,1,0.151394
2077,11234,1,1,0.151394
2077,8185,1,1,0.151394
2077,7400,1,1,0.151394
2077,7016,1,1,0.151394
2077,4516,1,1,0.151394
7400,14758,1,1,0.151394
2755,12749,1,1,0.151394
2755,12746,1,1,0.151394
2755,12636,1,1,0.151394
4632,5124,1,1,0.151394
10711,11381,1,1,0.151394
9435,11381,1,1,0.151394
353,9135,1,1,0.151394
7478,10827,1,1,0.151394
7478,8396,1,1,0.151394
7400,10827,1,1,0.151394
4918,5452,1,1,0.151394
4889,5452,1,1,0.151394
4516,11234,1,1,0.151394
5754,6998,1,1,0.151394
7790,8025,1,1,0.151394
7010,7246,1,1,0.151394
3484,7832,1,1,0.151394
3484,7400,1,1,0.151394
59,7832,1,1,0.151394
59,7400,1,1,0.151394
59,3484,1,1,0.151394
2075,4106,1,1,0.151394
6890,7429,1,1,0.151394
4106,7429,1,1,0.151394
4106,6890,1,1,0.151394
6890,6998,1,1,0.151394
3884,6998,1,1,0.151394
3884,6890,1,1,0.151394
26598,26608,1,1,0.151394
577,6679,1,1,0.151394
577,6545,1,1,0.151394
4106,4288,1,1,0.151394
659,3169,1,1,0.151394
6114,7400,1,1,0.151394
830,5124,1,1,0.151394
4629,7400,1,1,0.151394
830,7400,1,1,0.151394
4629,5452,1,1,0.151394
3640,7400,1,1,0.151394
2636,7400,1,1,0.151394
2636,3640,1,1,0.151394
1602,9135,1,1,0.151394
7832,8546,1,1,0.151394
7400,8546,1,1,0.151394
7015,8546,1,1,0.151394
7015,7832,1,1,0.151394
7015,7400,1,1,0.151394
5667,5739,1,1,0.151394
4121,5739,1,1,0.151394
4121,5667,1,1,0.151394
3936,5739,1,1,0.151394
3936,5667,1,1,0.151394
3936,4121,1,1,0.151394
8481,8775,1,1,0.151394
5005,7400,1,1,0.151394
5970,6474,1,1,0.151394
4516,8185,1,1,0.151394
4426,5973,1,1,0.151394
4516,11997,1,1,0.151394
13436,14084,1,1,0.151394
13134,15873,1,1,0.151394
13134,14084,1,1,0.151394
13134,13436,1,1,0.151394
7280,10243,1,1,0.151394
5037,9693,1,1,0.151394
4632,5037,1,1,0.151394
1005,5037,1,1,0.151394
1005,4632,1,1,0.151394
696,9693,1,1,0.151394
696,5037,1,1,0.151394
696,4632,1,1,0.151394
696,1005,1,1,0.151394
15983,16510,1,1,0.151394
7400,15983,1,1,0.151394
9691,12331,1,1,0.151394
9674,10161,1,1,0.151394
9264,10161,1,1,0.151394
9264,9674,1,1,0.151394
4296,10161,1,1,0.151394
4296,9674,1,1,0.151394
4296,9264,1,1,0.151394
13134,16127,1,1,0.151394
13436,15873,1,1,0.151394
4177,9674,1,1,0.151394
13436,16127,1,1,0.151394
7016,7400,1,1,0.151394
2966,29877,1,1,0.151394
22664,27884,1,1,0.151394
28795,28803,1,1,0.151394
6234,23510,1,1,0.151394
6234,26157,1,1,0.151394
6234,29526,1,1,0.151394
23510,26157,1,1,0.151394
23510,29526,1,1,0.151394
26157,29526,1,1,0.151394
26322,28767,1,1,0.151394
26322,28783,1,1,0.151394
28767,28783,1,1,0.151394
3040,13963,1,1,0.151394
3040,30355,1,1,0.151394
3040,30399,1,1,0.151394
556,25850,1,1,0.151394
8697,13735,1,1,0.151394
15873,16127,1,1,0.151394
14084,16127,1,1,0.151394
14084,15873,1,1,0.151394
4177,10161,1,1,0.151394
18406,18966,1,1,0.151394
4177,9264,1,1,0.151394
2153,10055,1,1,0.151394
3456,10161,1,1,0.151394
7400,9844,1,1,0.151394
1438,2451,1,1,0.151394
6648,8954,1,1,0.151394
7131,9074,1,1,0.151394
6747,9074,1,1,0.151394
6747,7131,1,1,0.151394
15011,15024,1,1,0.151394
7911,15011,1,1,0.151394
1886,15024,1,1,0.151394
1886,15011,1,1,0.151394
1886,7911,1,1,0.151394
11234,11997,1,1,0.151394
8185,11997,1,1,0.151394
8185,11234,1,1,0.151394
7400,11997,1,1,0.151394
7400,11234,1,1,0.151394
7400,8185,1,1,0.151394
7016,11997,1,1,0.151394
7016,11234,1,1,0.151394
7016,8185,1,1,0.151394
2153,5504,1,1,0.151394
7911,15024,1,1,0.151394
2677,10161,1,1,0.151394
2677,4177,1,1,0.151394
3456,9264,1,1,0.151394
5504,10055,1,1,0.151394
3456,4177,1,1,0.151394
3456,4296,1,1,0.151394
2677,9264,1,1,0.151394
2677,3456,1,1,0.151394
3456,9674,1,1,0.151394
2677,4296,1,1,0.151394
5032,11369,1,1,0.149766
5032,6183,1,1,0.149766
10866,19843,1,1,0.149766
19463,20256,1,1,0.149766
5032,15939,1,1,0.149766
6116,19463,1,1,0.149766
6061,20256,1,1,0.149766
6061,19463,1,1,0.149766
2849,20256,1,1,0.149766
6116,20256,1,1,0.149766
5032,20188,1,1,0.149766
5032,18507,1,1,0.149766
5032,19541,1,1,0.149766
2849,6116,1,1,0.149766
6183,11369,1,1,0.149766
6183,15939,1,1,0.149766
6183,18507,1,1,0.149766
6183,19541,1,1,0.149766
1585,6629,1,1,0.149766
6183,20188,1,1,0.149766
11369,15939,1,1,0.149766
11369,18507,1,1,0.149766
11369,19541,1,1,0.149766
2849,19463,1,1,0.149766
14939,19964,1,1,0.149766
2849,6061,1,1,0.149766
15939,18507,1,1,0.149766
4380,11986,1,1,0.149766
4380,13743,1,1,0.149766
10866,12811,1,1,0.149766
11986,13743,1,1,0.149766
4681,17664,1,1,0.149766
5869,19843,1,1,0.149766
4681,19843,1,1,0.149766
5869,12811,1,1,0.149766
17664,19843,1,1,0.149766
2775,2849,1,1,0.149766
5869,10866,1,1,0.149766
2775,20256,1,1,0.149766
2775,6061,1,1,0.149766
13172,19588,1,1,0.149766
12879,19588,1,1,0.149766
3586,19588,1,1,0.149766
3586,13172,1,1,0.149766
3586,12879,1,1,0.149766
2775,6116,1,1,0.149766
18820,19964,1,1,0.149766
12811,19843,1,1,0.149766
2775,19463,1,1,0.149766
11369,20188,1,1,0.149766
6462,16647,1,1,0.149766
15939,19541,1,1,0.149766
8027,8764,1,1,0.149766
2142,13034,1,1,0.149766
2173,9770,1,1,0.149766
2173,13034,1,1,0.149766
9770,13034,1,1,0.149766
8682,11365,1,1,0.149766
8769,11365,1,1,0.149766
10570,11365,1,1,0.149766
14802,17606,1,1,0.149766
3954,10886,1,1,0.149766
7200,10886,1,1,0.149766
1622,4681,1,1,0.149766
4681,14315,1,1,0.149766
1938,6629,1,1,0.149766
1938,14512,1,1,0.149766
6629,14512,1,1,0.149766
87,204,1,1,0.149766
87,581,1,1,0.149766
87,3716,1,1,0.149766
87,12643,1,1,0.149766
87,12790,1,1,0.149766
87,20665,1,1,0.149766
204,581,1,1,0.149766
204,3716,1,1,0.149766
2142,9770,1,1,0.149766
15377,20531,1,1,0.149766
15939,20188,1,1,0.149766
13800,15377,1,1,0.149766
18507,19541,1,1,0.149766
18507,20188,1,1,0.149766
19541,20188,1,1,0.149766
1357,3212,1,1,0.149766
1357,7278,1,1,0.149766
3212,7278,1,1,0.149766
16867,18935,1,1,0.149766
5781,20401,1,1,0.149766
1365,8404,1,1,0.149766
2811,16407,1,1,0.149766
2380,6462,1,1,0.149766
2380,10342,1,1,0.149766
2380,16647,1,1,0.149766
6462,10342,1,1,0.149766
10992,19964,1,1,0.149766
10342,16647,1,1,0.149766
10691,12361,1,1,0.149766
10691,20423,1,1,0.149766
12361,20423,1,1,0.149766
1763,3422,1,1,0.149766
9481,13800,1,1,0.149766
9481,15377,1,1,0.149766
9481,20531,1,1,0.149766
14939,18820,1,1,0.149766
15184,16988,1,1,0.149766
10992,18820,1,1,0.149766
10992,14939,1,1,0.149766
289,8812,1,1,0.149766
289,8862,1,1,0.149766
289,12630,1,1,0.149766
289,17761,1,1,0.149766
8812,8862,1,1,0.149766
8812,12630,1,1,0.149766
8812,17761,1,1,0.149766
12676,13769,1,1,0.149766
12676,14029,1,1,0.149766
12676,16865,1,1,0.149766
13769,16865,1,1,0.149766
14029,16865,1,1,0.149766
12205,18413,1,1,0.149766
12205,18563,1,1,0.149766
18413,18563,1,1,0.149766
915,12662,1,1,0.149766
5126,18706,1,1,0.149766
1043,7278,1,1,0.149766
2126,2751,1,1,0.149766
2126,9131,1,1,0.149766
2126,11310,1,1,0.149766
2751,9131,1,1,0.149766
2751,11310,1,1,0.149766
14448,17647,1,1,0.149766
9958,17647,1,1,0.149766
9958,14448,1,1,0.149766
6007,9770,1,1,0.149766
1871,9958,1,1,0.149766
1871,9910,1,1,0.149766
1585,10424,1,1,0.149766
1871,14448,1,1,0.149766
1871,17647,1,1,0.149766
1585,17017,1,1,0.149766
6183,6629,1,1,0.149766
1871,5126,1,1,0.149766
942,9310,1,1,0.149766
6183,10424,1,1,0.149766
6183,17017,1,1,0.149766
9910,17647,1,1,0.149766
5126,9910,1,1,0.149766
5126,9958,1,1,0.149766
6629,10424,1,1,0.149766
6629,17017,1,1,0.149766
5126,14448,1,1,0.149766
5126,17647,1,1,0.149766
9910,14448,1,1,0.149766
4824,9770,1,1,0.149766
4824,6007,1,1,0.149766
10424,17017,1,1,0.149766
9131,11310,1,1,0.149766
8111,12574,1,1,0.149766
627,8804,1,1,0.149766
32,13273,1,1,0.149766
12121,18954,1,1,0.149766
14009,14939,1,1,0.149766
14009,15184,1,1,0.149766
14009,16988,1,1,0.149766
14009,18954,1,1,0.149766
14939,15184,1,1,0.149766
14939,16988,1,1,0.149766
14939,18954,1,1,0.149766
15184,18954,1,1,0.149766
16988,18954,1,1,0.149766
32,14802,1,1,0.149766
12121,15184,1,1,0.149766
32,19630,1,1,0.149766
5945,13273,1,1,0.149766
5945,14802,1,1,0.149766
5945,19630,1,1,0.149766
13273,19630,1,1,0.149766
14802,19630,1,1,0.149766
5078,10992,1,1,0.149766
5078,14939,1,1,0.149766
5078,18820,1,1,0.149766
5078,19964,1,1,0.149766
12121,16988,1,1,0.149766
12121,14939,1,1,0.149766
627,17883,1,1,0.149766
6827,14095,1,1,0.149766
8804,17883,1,1,0.149766
4681,6827,1,1,0.149766
4681,7191,1,1,0.149766
4681,7214,1,1,0.149766
4681,10342,1,1,0.149766
4681,11987,1,1,0.149766
4681,14095,1,1,0.149766
6827,7191,1,1,0.149766
6827,7214,1,1,0.149766
6827,10342,1,1,0.149766
7191,7214,1,1,0.149766
12121,14009,1,1,0.149766
7191,10342,1,1,0.149766
7191,11987,1,1,0.149766
7191,14095,1,1,0.149766
7214,10342,1,1,0.149766
7214,11987,1,1,0.149766
7214,14095,1,1,0.149766
10342,11987,1,1,0.149766
10342,14095,1,1,0.149766
11987,14095,1,1,0.149766
915,18624,1,1,0.149766
6827,11987,1,1,0.149766
7328,21100,1,1,0.149766
1585,6183,1,1,0.149766
23201,23475,1,1,0.149766
3463,16792,1,1,0.149766
3463,23143,1,1,0.149766
3463,23516,1,1,0.149766
16792,23143,1,1,0.149766
16792,23516,1,1,0.149766
23143,23516,1,1,0.149766
6007,23201,1,1,0.149766
6007,23475,1,1,0.149766
6007,23841,1,1,0.149766
23201,23841,1,1,0.149766
3314,23143,1,1,0.149766
23475,23841,1,1,0.149766
1695,23516,1,1,0.149766
450,13161,1,1,0.149766
450,13686,1,1,0.149766
450,21658,1,1,0.149766
13161,13686,1,1,0.149766
13161,21658,1,1,0.149766
13686,21658,1,1,0.149766
13410,17876,1,1,0.149766
3314,23516,1,1,0.149766
3314,16792,1,1,0.149766
12790,23212,1,1,0.149766
450,23516,1,1,0.149766
6007,11270,1,1,0.149766
1608,12965,1,1,0.149766
12965,19973,1,1,0.149766
450,2009,1,1,0.149766
450,2077,1,1,0.149766
450,3314,1,1,0.149766
450,3463,1,1,0.149766
450,16792,1,1,0.149766
450,23143,1,1,0.149766
2009,2077,1,1,0.149766
3314,3463,1,1,0.149766
2009,3314,1,1,0.149766
2009,3463,1,1,0.149766
2009,16792,1,1,0.149766
2009,23143,1,1,0.149766
2009,23516,1,1,0.149766
2077,3314,1,1,0.149766
2077,3463,1,1,0.149766
2077,23143,1,1,0.149766
2077,23516,1,1,0.149766
13410,23647,1,1,0.149766
17876,23647,1,1,0.149766
240,9024,1,1,0.149766
9785,14302,1,1,0.149766
7227,7567,1,1,0.149766
7227,9785,1,1,0.149766
7227,14302,1,1,0.149766
7227,17872,1,1,0.149766
2424,16481,1,1,0.149766
1500,1662,1,1,0.149766
7567,9785,1,1,0.149766
7567,14302,1,1,0.149766
7567,17872,1,1,0.149766
9785,17872,1,1,0.149766
240,13487,1,1,0.149766
14302,17872,1,1,0.149766
379,4410,1,1,0.149766
379,12790,1,1,0.149766
379,14608,1,1,0.149766
379,23212,1,1,0.149766
379,23768,1,1,0.149766
4410,12790,1,1,0.149766
4410,14608,1,1,0.149766
4410,23212,1,1,0.149766
4371,17872,1,1,0.149766
4371,14302,1,1,0.149766
4371,9785,1,1,0.149766
4371,7227,1,1,0.149766
240,16259,1,1,0.149766
240,18257,1,1,0.149766
9024,13487,1,1,0.149766
9024,18257,1,1,0.149766
13487,16259,1,1,0.149766
13487,18257,1,1,0.149766
16259,18257,1,1,0.149766
1282,11569,1,1,0.149766
1311,24398,1,1,0.149766
4681,13410,1,1,0.149766
4681,14980,1,1,0.149766
4681,21914,1,1,0.149766
4681,24385,1,1,0.149766
13410,14980,1,1,0.149766
13410,21914,1,1,0.149766
13410,24385,1,1,0.149766
14980,21914,1,1,0.149766
14980,24385,1,1,0.149766
21914,24385,1,1,0.149766
12457,20529,1,1,0.149766
6607,20529,1,1,0.149766
6607,12457,1,1,0.149766
4791,6873,1,1,0.149766
2707,15239,1,1,0.149766
2707,22881,1,1,0.149766
15239,22881,1,1,0.149766
1745,4791,1,1,0.149766
1745,6410,1,1,0.149766
1745,6873,1,1,0.149766
1745,8658,1,1,0.149766
1745,22928,1,1,0.149766
4791,6410,1,1,0.149766
4791,8658,1,1,0.149766
2751,20791,1,1,0.149766
4791,22928,1,1,0.149766
6410,6873,1,1,0.149766
6410,8658,1,1,0.149766
6873,8658,1,1,0.149766
6873,22928,1,1,0.149766
8658,22928,1,1,0.149766
7082,19843,1,1,0.149766
6410,8329,1,1,0.149766
8329,22928,1,1,0.149766
7317,18958,1,1,0.149766
1509,22382,1,1,0.149766
8804,14029,1,1,0.149766
18748,21330,1,1,0.149766
7328,7459,1,1,0.149766
7328,22080,1,1,0.149766
7459,13485,1,1,0.149766
7459,21100,1,1,0.149766
7459,22080,1,1,0.149766
13485,21100,1,1,0.149766
13485,22080,1,1,0.149766
21100,22080,1,1,0.149766
7909,8943,1,1,0.149766
7909,17277,1,1,0.149766
7909,18379,1,1,0.149766
8943,17277,1,1,0.149766
8943,18379,1,1,0.149766
17277,18379,1,1,0.149766
21837,22484,1,1,0.149766
474,5095,1,1,0.149766
474,18748,1,1,0.149766
5095,18748,1,1,0.149766
5095,21330,1,1,0.149766
2751,5567,1,1,0.149766
5567,20791,1,1,0.149766
43,20529,1,1,0.149766
9739,23669,1,1,0.149766
5781,21684,1,1,0.149766
19813,21684,1,1,0.149766
2526,9739,1,1,0.149766
2526,14608,1,1,0.149766
2526,23023,1,1,0.149766
2526,23669,1,1,0.149766
9739,11696,1,1,0.149766
9739,14608,1,1,0.149766
9739,23023,1,1,0.149766
11696,14608,1,1,0.149766
9123,19170,1,1,0.149766
11696,23023,1,1,0.149766
11696,23669,1,1,0.149766
14608,23023,1,1,0.149766
14608,23669,1,1,0.149766
1627,10763,1,1,0.149766
1627,23743,1,1,0.149766
10763,23743,1,1,0.149766
4425,23718,1,1,0.149766
43,12457,1,1,0.149766
5781,19813,1,1,0.149766
4380,21684,1,1,0.149766
4380,19813,1,1,0.149766
4380,5781,1,1,0.149766
9123,19324,1,1,0.149766
1536,11213,1,1,0.149766
15652,21563,1,1,0.149766
15652,21857,1,1,0.149766
21563,21857,1,1,0.149766
4158,4168,1,1,0.149766
4168,22305,1,1,0.149766
4168,23557,1,1,0.149766
10614,14029,1,1,0.149766
10614,17262,1,1,0.149766
10614,19973,1,1,0.149766
14029,17262,1,1,0.149766
14029,19973,1,1,0.149766
17262,19973,1,1,0.149766
7278,13019,1,1,0.149766
1585,4380,1,1,0.149766
1585,5781,1,1,0.149766
1585,19813,1,1,0.149766
1585,21684,1,1,0.149766
4410,23768,1,1,0.149766
512,2058,1,1,0.149766
12790,23768,1,1,0.149766
18168,21280,1,1,0.149766
13815,19813,1,1,0.149766
15619,16481,1,1,0.149766
15619,19813,1,1,0.149766
9474,15251,1,1,0.149766
9474,15509,1,1,0.149766
15251,15509,1,1,0.149766
6368,10630,1,1,0.149766
13815,15619,1,1,0.149766
18624,18954,1,1,0.149766
18624,20678,1,1,0.149766
18624,21016,1,1,0.149766
18954,20678,1,1,0.149766
18954,21016,1,1,0.149766
18958,20678,1,1,0.149766
13815,16481,1,1,0.149766
10536,19813,1,1,0.149766
915,1291,1,1,0.149766
3716,12643,1,1,0.149766
204,12790,1,1,0.149766
204,20665,1,1,0.149766
581,3716,1,1,0.149766
581,12643,1,1,0.149766
581,12790,1,1,0.149766
581,20665,1,1,0.149766
3716,12790,1,1,0.149766
10536,16481,1,1,0.149766
3716,20665,1,1,0.149766
12643,12790,1,1,0.149766
12643,20665,1,1,0.149766
12790,20665,1,1,0.149766
10536,13815,1,1,0.149766
10536,15619,1,1,0.149766
18958,21016,1,1,0.149766
915,13393,1,1,0.149766
24330,31012,1,1,0.149766
6906,27839,1,1,0.149766
27538,31495,1,1,0.149766
27538,29715,1,1,0.149766
25939,31581,1,1,0.149766
10868,26864,1,1,0.149766
9184,30685,1,1,0.149766
19314,29484,1,1,0.149766
30555,30738,1,1,0.149766
31506,31643,1,1,0.149766
29629,31252,1,1,0.149766
29322,31252,1,1,0.149766
29322,29629,1,1,0.149766
11691,22795,1,1,0.149766
20784,28360,1,1,0.149766
9513,24432,1,1,0.149766
29715,31495,1,1,0.149766
6078,12790,1,1,0.149766
915,15237,1,1,0.149766
16878,17612,1,1,0.149766
1291,15237,1,1,0.149766
13393,15237,1,1,0.149766
16632,16878,1,1,0.149766
14608,23212,1,1,0.149766
16632,17656,1,1,0.149766
16632,18360,1,1,0.149766
16878,17656,1,1,0.149766
14365,19862,1,1,0.149766
17612,17656,1,1,0.149766
17612,18360,1,1,0.149766
394,12867,1,1,0.149766
394,12898,1,1,0.149766
6629,14365,1,1,0.149766
6629,19862,1,1,0.149766
204,12643,1,1,0.149766
5781,5835,1,1,0.149766
6007,12997,1,1,0.149766
10992,13905,1,1,0.149766
1589,16054,1,1,0.149766
1589,15275,1,1,0.149766
13905,17647,1,1,0.149766
11696,17647,1,1,0.149766
11696,13905,1,1,0.149766
10992,17647,1,1,0.149766
10992,11696,1,1,0.149766
15275,16336,1,1,0.149766
2058,17647,1,1,0.149766
2058,13905,1,1,0.149766
2058,11696,1,1,0.149766
2058,10992,1,1,0.149766
512,17647,1,1,0.149766
512,13905,1,1,0.149766
1589,16336,1,1,0.149766
16054,16336,1,1,0.149766
6007,14771,1,1,0.149766
10342,13709,1,1,0.149766
3129,12120,1,1,0.149766
10992,13903,1,1,0.149766
13709,13797,1,1,0.149766
11138,13797,1,1,0.149766
11138,13709,1,1,0.149766
10342,13797,1,1,0.149766
10342,11138,1,1,0.149766
1971,8764,1,1,0.149766
5958,13797,1,1,0.149766
5958,13709,1,1,0.149766
5958,11138,1,1,0.149766
5958,10342,1,1,0.149766
8764,16336,1,1,0.149766
1971,16336,1,1,0.149766
512,11696,1,1,0.149766
512,10992,1,1,0.149766
7328,13485,1,1,0.149766
8764,15046,1,1,0.149766
12790,15916,1,1,0.149766
12790,15046,1,1,0.149766
12790,14850,1,1,0.149766
12790,14771,1,1,0.149766
12790,12997,1,1,0.149766
8764,15916,1,1,0.149766
8764,14850,1,1,0.149766
14393,17590,1,1,0.149766
8764,14771,1,1,0.149766
8764,12997,1,1,0.149766
8764,12790,1,1,0.149766
6007,15916,1,1,0.149766
6007,15046,1,1,0.149766
6007,14850,1,1,0.149766
12997,14771,1,1,0.149766
12997,14850,1,1,0.149766
12997,15046,1,1,0.149766
12997,15916,1,1,0.149766
14771,14850,1,1,0.149766
14771,15046,1,1,0.149766
14771,15916,1,1,0.149766
14850,15916,1,1,0.149766
15046,15916,1,1,0.149766
1349,9489,1,1,0.149766
2044,6629,1,1,0.149766
915,1531,1,1,0.149766
915,3586,1,1,0.149766
5089,6629,1,1,0.149766
5089,17158,1,1,0.149766
6629,17158,1,1,0.149766
2811,14117,1,1,0.149766
24763,30602,1,1,0.149766
16632,17612,1,1,0.149766
23011,31012,1,1,0.149766
23845,27707,1,1,0.149766
5126,17351,1,1,0.149766
12596,29767,1,1,0.149766
12596,24110,1,1,0.149766
27760,30423,1,1,0.149766
27707,30423,1,1,0.149766
27707,27760,1,1,0.149766
5126,23017,1,1,0.149766
23845,30423,1,1,0.149766
13743,17351,1,1,0.149766
21265,29089,1,1,0.149766
13743,23017,1,1,0.149766
17351,23017,1,1,0.149766
2811,8615,1,1,0.149766
4681,4791,1,1,0.149766
2526,18140,1,1,0.149766
19275,22074,1,1,0.149766
23011,24330,1,1,0.149766
12188,22074,1,1,0.149766
24110,29767,1,1,0.149766
23845,27760,1,1,0.149766
2526,30956,1,1,0.149766
5126,13743,1,1,0.149766
21857,31012,1,1,0.149766
29629,29688,1,1,0.149766
23212,23768,1,1,0.149766
21857,24330,1,1,0.149766
21857,23011,1,1,0.149766
9668,12393,1,1,0.149766
21713,31012,1,1,0.149766
21713,24330,1,1,0.149766
627,23386,1,1,0.149766
14608,23768,1,1,0.149766
21713,21857,1,1,0.149766
13398,31012,1,1,0.149766
13398,24330,1,1,0.149766
13398,23011,1,1,0.149766
21713,23011,1,1,0.149766
13398,21857,1,1,0.149766
13398,21713,1,1,0.149766
9288,30053,1,1,0.14971
17157,27768,1,1,0.14971
4159,7428,1,1,0.14971
9288,29897,1,1,0.14971
23321,24164,1,1,0.14971
29897,30053,1,1,0.14971
25424,27768,1,1,0.14971
9288,16972,1,1,0.14971
18353,21868,1,1,0.14971
4196,16365,1,1,0.14971
4579,16972,1,1,0.14971
24273,27384,1,1,0.14971
21662,22941,1,1,0.14971
16972,24269,1,1,0.14971
3364,21845,1,1,0.14971
1374,3364,1,1,0.14971
16365,25836,1,1,0.14971
16972,27753,1,1,0.14971
23721,23890,1,1,0.14971
24164,27768,1,1,0.14971
23321,27768,1,1,0.14971
3879,8946,1,1,0.14971
8031,27857,1,1,0.14971
24094,28338,1,1,0.14971
9919,11315,1,1,0.14971
12086,29593,1,1,0.14971
7821,20659,1,1,0.14971
3449,16972,1,1,0.14971
13517,24990,1,1,0.14971
27111,28666,1,1,0.14971
20124,28725,1,1,0.14971
17227,28725,1,1,0.14971
17227,20124,1,1,0.14971
9576,28725,1,1,0.14971
9576,20124,1,1,0.14971
9576,17227,1,1,0.14971
564,30351,1,1,0.14971
7941,9025,1,1,0.14971
4501,7757,1,1,0.14971
3342,30966,1,1,0.14971
13934,17348,1,1,0.14971
26860,30041,1,1,0.14971
2864,12914,1,1,0.14971
27799,30354,1,1,0.14971
19887,27799,1,1,0.14971
8001,16972,1,1,0.14971
6026,28757,1,1,0.14971
5282,7428,1,1,0.14971
2258,11739,1,1,0.14971
5920,17119,1,1,0.14971
230,9331,1,1,0.14971
2721,3450,1,1,0.14971
4335,11820,1,1,0.14971
2258,10284,1,1,0.14971
7266,8734,1,1,0.14971
2564,8734,1,1,0.14971
3375,13377,1,1,0.14971
10284,11739,1,1,0.14971
11886,12392,1,1,0.14971
9044,18530,1,1,0.14971
5707,5948,1,1,0.14971
4289,20885,1,1,0.14971
10485,11994,1,1,0.14971
3376,4199,1,1,0.14971
15889,23064,1,1,0.14971
2379,4199,1,1,0.14971
685,3376,1,1,0.14971
685,3375,1,1,0.14971
685,2379,1,1,0.14971
227,4199,1,1,0.14971
227,685,1,1,0.14971
5973,15474,1,1,0.14971
7071,7164,1,1,0.14971
6091,9037,1,1,0.14971
6214,13136,1,1,0.14971
3975,13136,1,1,0.14971
3975,6214,1,1,0.14971
4736,6457,1,1,0.14971
6214,6457,1,1,0.14971
245,9331,1,1,0.14971
12420,14704,1,1,0.14971
3375,4199,1,1,0.14971
3376,13377,1,1,0.14971
1711,17277,1,1,0.14971
865,23064,1,1,0.14971
2560,7722,1,1,0.14971
12835,21143,1,1,0.14971
2311,21983,1,1,0.14971
2311,21143,1,1,0.14971
2889,5634,1,1,0.14971
2564,7266,1,1,0.14971
14779,24275,1,1,0.14971
13246,24275,1,1,0.14971
6480,16972,1,1,0.14971
17897,26062,1,1,0.14971
24705,25620,1,1,0.14971
24225,25620,1,1,0.14971
24225,24705,1,1,0.14971
21143,21983,1,1,0.14971
2448,12042,1,1,0.14971
694,11401,1,1,0.14971
16677,22324,1,1,0.14971
16677,18426,1,1,0.14971
1854,17029,1,1,0.14971
2810,5295,1,1,0.14971
18426,22324,1,1,0.14971
5147,16972,1,1,0.14971
699,11401,1,1,0.14971
17031,18683,1,1,0.14971
1573,21767,1,1,0.149375
51,16925,1,1,0.149375
51,8475,1,1,0.149375
10914,12646,1,1,0.149375
1573,23124,1,1,0.149375
7739,22914,1,1,0.149375
4530,6704,1,1,0.149375
4196,13580,1,1,0.149375
2379,12109,1,1,0.149375
7323,20138,1,1,0.149375
583,6575,1,1,0.149375
295,13957,1,1,0.149375
292,13957,1,1,0.149375
8511,22914,1,1,0.149375
2123,10341,1,1,0.149375
1979,2123,1,1,0.149375
3947,9358,1,1,0.149375
2767,9358,1,1,0.149375
2767,3947,1,1,0.149375
1920,5668,1,1,0.149375
6369,9358,1,1,0.149375
2808,6339,1,1,0.149375
2363,2902,1,1,0.149375
2363,2878,1,1,0.149375
7739,23139,1,1,0.149375
3399,15180,1,1,0.149375
8511,23139,1,1,0.149375
6762,24855,1,1,0.149375
18854,27302,1,1,0.149375
27493,30743,1,1,0.149375
23654,24266,1,1,0.149375
564,25468,1,1,0.149375
20290,23315,1,1,0.149375
1237,21430,1,1,0.149375
22944,29094,1,1,0.149375
29094,30280,1,1,0.149375
27332,30456,1,1,0.149375
13517,26889,1,1,0.149375
19370,27746,1,1,0.149375
8310,17084,1,1,0.149375
9273,25093,1,1,0.149375
10835,20132,1,1,0.149375
3869,9273,1,1,0.149375
2149,13625,1,1,0.149375
2147,13625,1,1,0.149375
2513,8186,1,1,0.149375
7194,18876,1,1,0.149375
1474,7194,1,1,0.149375
11326,18101,1,1,0.149375
1672,11326,1,1,0.149375
6764,24855,1,1,0.149375
1672,18101,1,1,0.149375
31132,31480,1,1,0.14921
22512,30456,1,1,0.14921
26462,26719,1,1,0.14921
6402,31480,1,1,0.14921
30960,31317,1,1,0.14921
8551,21597,1,1,0.14921
27416,28936,1,1,0.14921
8617,30144,1,1,0.14921
27415,28211,1,1,0.14921
1482,5029,1,1,0.14921
15961,19603,1,1,0.14921
15961,16555,1,1,0.14921
2369,10356,1,1,0.14921
2369,8695,1,1,0.14921
944,2369,1,1,0.14921
331,2297,1,1,0.14921
6798,19394,1,1,0.148253
4991,22399,1,1,0.148253
4991,11077,1,1,0.148253
11077,22399,1,1,0.148253
14313,18393,1,1,0.148253
2149,6613,1,1,0.148253
5972,19394,1,1,0.148253
12960,19331,1,1,0.148253
9841,26862,1,1,0.148253
16424,21983,1,1,0.148253
4220,6593,1,1,0.148253
17396,19878,1,1,0.148253
2513,11077,1,1,0.148253
7727,11888,1,1,0.148253
2513,22399,1,1,0.148253
2740,13046,1,1,0.148253
2513,4991,1,1,0.148253
568,22399,1,1,0.148253
568,4991,1,1,0.148253
531,22399,1,1,0.148253
531,4991,1,1,0.148253
531,2513,1,1,0.148253
10769,15940,1,1,0.148253
4196,6171,1,1,0.148253
359,13046,1,1,0.148253
22521,23984,1,1,0.148253
15625,22521,1,1,0.148253
3459,23984,1,1,0.148253
3459,15625,1,1,0.148253
11917,22986,1,1,0.148253
7727,13697,1,1,0.148253
24030,27907,1,1,0.148253
17896,27201,1,1,0.148253
12716,20679,1,1,0.148253
2732,23124,1,1,0.148253
20659,25833,1,1,0.148253
4489,25833,1,1,0.148253
4489,20659,1,1,0.148253
8771,31048,1,1,0.148253
8531,17396,1,1,0.148253
16731,30507,1,1,0.148253
24760,28385,1,1,0.148253
23590,28385,1,1,0.148253
20679,20790,1,1,0.148253
18698,20790,1,1,0.148253
18698,20679,1,1,0.148253
12716,20790,1,1,0.148253
12716,18698,1,1,0.148253
1145,16546,1,1,0.148253
9288,28103,1,1,0.148253
9288,27768,1,1,0.148253
24760,29126,1,1,0.148253
18212,27666,1,1,0.148253
7682,27666,1,1,0.148253
7682,18212,1,1,0.148253
6026,29014,1,1,0.148253
2379,22986,1,1,0.148253
3722,24030,1,1,0.148253
822,27907,1,1,0.148253
822,24030,1,1,0.148253
822,3722,1,1,0.148253
1842,22473,1,1,0.148253
11917,22983,1,1,0.148253
1540,21430,1,1,0.148253
2379,22983,1,1,0.148253
9066,13012,1,1,0.148253
13012,17912,1,1,0.148253
13012,14766,1,1,0.148253
9924,19485,1,1,0.148253
9924,17912,1,1,0.148253
9924,13012,1,1,0.148253
9066,19485,1,1,0.148253
9066,17912,1,1,0.148253
8464,19485,1,1,0.148253
5541,9924,1,1,0.148253
8464,14766,1,1,0.148253
8464,13012,1,1,0.148253
8464,9924,1,1,0.148253
8464,9066,1,1,0.148253
5541,19485,1,1,0.148253
5541,17912,1,1,0.148253
5541,14766,1,1,0.148253
13012,19485,1,1,0.148253
14766,17912,1,1,0.148253
1134,2732,1,1,0.148253
7722,9175,1,1,0.148253
10356,24814,1,1,0.148253
14766,19485,1,1,0.148253
17912,19485,1,1,0.148253
9621,9763,1,1,0.148253
3280,4559,1,1,0.148253
3280,6091,1,1,0.148253
3280,13249,1,1,0.148253
4559,6091,1,1,0.148253
4559,13012,1,1,0.148253
4559,13249,1,1,0.148253
6091,13012,1,1,0.148253
13012,13249,1,1,0.148253
412,2379,1,1,0.148253
5383,7722,1,1,0.148253
5383,9175,1,1,0.148253
5541,13012,1,1,0.148253
8464,17912,1,1,0.148253
5541,9066,1,1,0.148253
13205,14847,1,1,0.148253
9005,14378,1,1,0.148253
9005,14847,1,1,0.148253
10494,13205,1,1,0.148253
10494,14378,1,1,0.148253
10494,14847,1,1,0.148253
10494,17258,1,1,0.148253
5541,8464,1,1,0.148253
13205,17258,1,1,0.148253
9005,10494,1,1,0.148253
14378,14847,1,1,0.148253
14378,17258,1,1,0.148253
14847,17258,1,1,0.148253
2379,15704,1,1,0.148253
14766,23994,1,1,0.148253
2379,6762,1,1,0.148253
2379,6764,1,1,0.148253
9005,13205,1,1,0.148253
13205,14378,1,1,0.148253
428,15999,1,1,0.148253
4559,12140,1,1,0.148253
23909,24266,1,1,0.148253
4045,14766,1,1,0.148253
10901,13159,1,1,0.148253
11132,12528,1,1,0.148253
8040,11132,1,1,0.148253
2379,4284,1,1,0.148253
4502,8612,1,1,0.148253
8040,12528,1,1,0.148253
9037,10245,1,1,0.148253
2988,13896,1,1,0.148253
236,1169,1,1,0.148253
2033,8145,1,1,0.148253
8145,10341,1,1,0.148253
1944,9188,1,1,0.148253
2033,2723,1,1,0.148253
1750,6457,1,1,0.148201
8760,10355,1,1,0.148201
8760,9411,1,1,0.148201
6457,10355,1,1,0.148201
6457,9411,1,1,0.148201
6457,8760,1,1,0.148201
1750,10355,1,1,0.148201
1750,9411,1,1,0.148201
1750,8760,1,1,0.148201
2162,2767,1,1,0.148201
295,10355,1,1,0.148201
295,9411,1,1,0.148201
295,8760,1,1,0.148201
295,1750,1,1,0.148201
717,2020,1,1,0.148201
6457,6535,1,1,0.148201
4262,4519,1,1,0.148201
848,961,1,1,0.148201
4594,17139,1,1,0.148201
9451,14996,1,1,0.148201
1415,14996,1,1,0.148201
4695,15258,1,1,0.148201
10333,16508,1,1,0.148201
12,17009,1,1,0.148201
3879,30692,1,1,0.148201
200,23453,1,1,0.148201
16705,30743,1,1,0.148201
11318,22710,1,1,0.148201
16967,21572,1,1,0.148201
15940,22184,1,1,0.148201
24455,24538,1,1,0.148201
4440,23077,1,1,0.148201
17923,19252,1,1,0.148201
1134,19252,1,1,0.148201
1134,17923,1,1,0.148201
1134,3898,1,1,0.148201
1944,13952,1,1,0.148201
2130,11318,1,1,0.148201
4863,10333,1,1,0.148201
1684,17288,1,1,0.148201
1376,5054,1,1,0.148201
9169,17009,1,1,0.148201
12487,18520,1,1,0.148201
1051,17009,1,1,0.148201
2379,9621,1,1,0.148201
12440,17493,1,1,0.148201
10731,13288,1,1,0.148201
6915,19494,1,1,0.148201
11987,19494,1,1,0.148201
13183,20138,1,1,0.148201
253,18698,1,1,0.14815
253,20672,1,1,0.14815
11100,13813,1,1,0.14815
4220,7279,1,1,0.14815
18698,20446,1,1,0.14815
22646,23296,1,1,0.14815
1254,19252,1,1,0.14815
1254,15596,1,1,0.14815
1376,16508,1,1,0.14815
2267,17971,1,1,0.14815
2267,17637,1,1,0.14815
13580,16000,1,1,0.14815
2328,11836,1,1,0.14815
8697,15523,1,1,0.14815
1548,15523,1,1,0.14815
1548,13288,1,1,0.14815
1548,8697,1,1,0.14815
4695,13386,1,1,0.14815
1365,10356,1,1,0.14815
944,1365,1,1,0.14815
6317,8145,1,1,0.14815
921,1518,1,1,0.14815
18698,23376,1,1,0.14815
1523,4761,1,1,0.14815
1173,4092,1,1,0.14815
4262,4787,1,1,0.14815
18698,20672,1,1,0.14815
1769,22986,1,1,0.14815
8471,20991,1,1,0.14815
8471,22698,1,1,0.14815
20991,22698,1,1,0.14815
20576,25090,1,1,0.14815
6570,20576,1,1,0.14815
16588,25384,1,1,0.14815
865,23315,1,1,0.14815
6910,26868,1,1,0.14815
27057,30488,1,1,0.14815
1741,30200,1,1,0.14815
21404,22473,1,1,0.148047
3442,13341,1,1,0.148047
3989,10378,1,1,0.148047
17371,21171,1,1,0.148047
11889,22285,1,1,0.148047
8697,11242,1,1,0.148047
1091,14326,1,1,0.148047
6437,17870,1,1,0.148047
8837,11987,1,1,0.148047
11242,13288,1,1,0.148047
9621,16669,1,1,0.148047
108,17574,1,1,0.148047
6915,8837,1,1,0.148047
1024,14995,1,1,0.148047
2325,3976,1,1,0.148047
12677,13813,1,1,0.148047
1024,9451,1,1,0.148047
1365,8695,1,1,0.148047
1024,1415,1,1,0.148047
3601,30743,1,1,0.148047
20690,23139,1,1,0.148047
21020,23139,1,1,0.148047
9825,12068,1,1,0.148047
14069,23296,1,1,0.148047
3898,15596,1,1,0.148047
8347,14995,1,1,0.148047
2761,25112,1,1,0.148047
1415,8347,1,1,0.148047
8347,9451,1,1,0.148047
3415,4414,1,1,0.148047
4262,5261,1,1,0.148047
9825,12724,1,1,0.148047
2792,8166,1,1,0.148047
6775,9270,1,1,0.148047
1348,15275,1,1,0.148047
16705,30121,1,1,0.148047
5271,13969,1,1,0.145146
15490,26926,1,1,0.145146
4728,16388,1,1,0.145146
4728,20740,1,1,0.145146
16388,20740,1,1,0.145146
16967,18834,1,1,0.145146
9759,11522,1,1,0.145146
11522,14862,1,1,0.145146
15490,27626,1,1,0.145146
6517,9897,1,1,0.145146
6517,10356,1,1,0.145146
6517,18795,1,1,0.145146
9897,10356,1,1,0.145146
9897,18795,1,1,0.145146
10356,18795,1,1,0.145146
2369,5668,1,1,0.145146
81,6672,1,1,0.145146
1544,21574,1,1,0.145146
15490,18834,1,1,0.145146
77,5668,1,1,0.145146
1134,21518,1,1,0.145146
2732,23138,1,1,0.145146
9895,23413,1,1,0.145146
11067,21428,1,1,0.145146
11067,21430,1,1,0.145146
21428,21430,1,1,0.145146
12396,20081,1,1,0.145146
15541,22112,1,1,0.145146
15597,22112,1,1,0.145146
6618,17994,1,1,0.145146
81,20576,1,1,0.145146
16967,26926,1,1,0.145146
77,2369,1,1,0.145146
4170,9895,1,1,0.145146
6550,12953,1,1,0.145146
23509,27733,1,1,0.145146
9363,27894,1,1,0.145146
14551,26023,1,1,0.145146
5708,26023,1,1,0.145146
9689,10356,1,1,0.145146
6844,26285,1,1,0.145146
3610,9229,1,1,0.145146
2798,26521,1,1,0.145146
1285,1295,1,1,0.145146
3308,15589,1,1,0.145146
8088,9895,1,1,0.145146
3595,4280,1,1,0.145146
904,4867,1,1,0.145146
1376,16354,1,1,0.145146
21983,22623,1,1,0.145146
11768,19810,1,1,0.145146
5200,6681,1,1,0.145146
1192,6579,1,1,0.145146
6589,11641,1,1,0.145146
4092,10252,1,1,0.145146
18619,18770,1,1,0.145146
10247,20848,1,1,0.145146
18834,26926,1,1,0.145146
17665,20848,1,1,0.145146
7033,17085,1,1,0.145146
2170,14695,1,1,0.145146
16967,27626,1,1,0.145146
6618,24500,1,1,0.145146
20576,24559,1,1,0.145146
1457,20522,1,1,0.145146
20721,22939,1,1,0.145146
3784,3923,1,1,0.145146
1079,5473,1,1,0.145146
3986,5459,1,1,0.145146
1069,5356,1,1,0.145146
2353,6678,1,1,0.145146
57,6138,1,1,0.145146
2345,5369,1,1,0.145146
1897,6663,1,1,0.145146
2569,4618,1,1,0.145146
2569,5951,1,1,0.145146
2569,6127,1,1,0.145146
3795,5459,1,1,0.145146
4618,5951,1,1,0.145146
13813,17879,1,1,0.145146
3624,3784,1,1,0.145146
3795,3986,1,1,0.145146
994,5459,1,1,0.145146
6631,17085,1,1,0.145146
994,3986,1,1,0.145146
4494,8178,1,1,0.145146
7448,8178,1,1,0.145146
2402,8178,1,1,0.145146
182,11917,1,1,0.145146
4618,6127,1,1,0.145146
11917,12822,1,1,0.145146
2402,7448,1,1,0.145146
786,7713,1,1,0.145146
5951,6127,1,1,0.145146
3645,3784,1,1,0.145146
3508,3784,1,1,0.145146
3387,9917,1,1,0.145146
9895,17085,1,1,0.145146
6762,17256,1,1,0.145146
837,8603,1,1,0.145146
6764,17256,1,1,0.145146
5708,23176,1,1,0.145146
16544,23596,1,1,0.145146
77,8603,1,1,0.145146
3848,9895,1,1,0.145146
3954,8824,1,1,0.145146
3954,21815,1,1,0.145146
77,837,1,1,0.145146
3610,9689,1,1,0.145146
9895,13041,1,1,0.145146
9895,17031,1,1,0.145146
13041,17085,1,1,0.145146
3491,3784,1,1,0.145146
17031,17085,1,1,0.145146
4220,27179,1,1,0.145146
2513,10239,1,1,0.145146
6719,8675,1,1,0.145146
4220,26998,1,1,0.145146
15743,16902,1,1,0.145146
18922,24705,1,1,0.145146
1368,2157,1,1,0.145146
4761,5006,1,1,0.145146
4761,5318,1,1,0.145146
1940,4196,1,1,0.145146
1815,8623,1,1,0.145146
1351,1382,1,1,0.145146
22623,22901,1,1,0.145146
26926,27626,1,1,0.145146
6972,11952,1,1,0.145146
13435,15572,1,1,0.145146
717,17623,1,1,0.145146
717,17561,1,1,0.145146
2059,8271,1,1,0.145146
9928,11952,1,1,0.145146
10765,16209,1,1,0.145146
2767,5370,1,1,0.145146
2213,8271,1,1,0.145146
8868,15648,1,1,0.145146
1692,11369,1,1,0.145146
12816,15298,1,1,0.145146
9264,17052,1,1,0.145146
13341,14844,1,1,0.145146
5159,14589,1,1,0.145146
28,6566,1,1,0.145146
2258,2547,1,1,0.145146
11127,13772,1,1,0.145146
3035,13772,1,1,0.145146
3035,11127,1,1,0.145146
77,13741,1,1,0.145146
13813,16770,1,1,0.145146
13761,16770,1,1,0.145146
2555,3848,1,1,0.145146
2555,17823,1,1,0.145146
3848,17823,1,1,0.145146
13761,13813,1,1,0.145146
2954,8976,1,1,0.145146
7247,15539,1,1,0.145146
22888,30913,1,1,0.145146
16061,29277,1,1,0.145146
19450,29277,1,1,0.145146
2472,7200,1,1,0.145146
8459,13580,1,1,0.145146
1920,13813,1,1,0.145146
6672,17231,1,1,0.145146
12143,13813,1,1,0.145146
16684,17751,1,1,0.145146
8497,17751,1,1,0.145146
8497,16684,1,1,0.145146
9914,18505,1,1,0.145146
7806,18505,1,1,0.145146
7806,9914,1,1,0.145146
2643,3348,1,1,0.145146
2472,17085,1,1,0.145146
925,14553,1,1,0.145146
9261,16546,1,1,0.145146
17191,18063,1,1,0.145146
6434,18063,1,1,0.145146
6434,17191,1,1,0.145146
762,2017,1,1,0.145146
7200,17623,1,1,0.145146
6561,17623,1,1,0.145146
6561,17561,1,1,0.145146
6561,7200,1,1,0.145146
2059,2213,1,1,0.145146
219,5150,1,1,0.145146
16546,19536,1,1,0.145146
9261,19536,1,1,0.145146
4826,4837,1,1,0.145146
717,6561,1,1,0.145146
1293,2314,1,1,0.145146
499,12914,1,1,0.145146
7376,13580,1,1,0.145146
27265,30946,1,1,0.145146
8012,13552,1,1,0.145146
27265,29960,1,1,0.145146
8012,11280,1,1,0.145146
8012,11207,1,1,0.145146
23590,27442,1,1,0.145146
10099,27442,1,1,0.145146
10099,23590,1,1,0.145146
2020,14537,1,1,0.145146
743,13580,1,1,0.145146
13580,20294,1,1,0.145146
1716,8962,1,1,0.145146
2340,29676,1,1,0.145146
25833,30584,1,1,0.145146
17423,23025,1,1,0.145146
8593,14958,1,1,0.145146
6775,11098,1,1,0.145146
1047,7200,1,1,0.145146
8464,9164,1,1,0.145146
1105,3645,1,1,0.145146
5123,8593,1,1,0.145146
8012,15008,1,1,0.145146
8012,13813,1,1,0.145146
11207,11280,1,1,0.145146
13552,13813,1,1,0.145146
2564,20067,1,1,0.145146
3282,14778,1,1,0.145146
5159,6340,1,1,0.145146
2788,8363,1,1,0.145146
6518,14484,1,1,0.145146
13813,15008,1,1,0.145146
13552,15008,1,1,0.145146
5159,14958,1,1,0.145146
11207,13552,1,1,0.145146
10508,13957,1,1,0.145146
11207,13813,1,1,0.145146
11280,15008,1,1,0.145146
3989,25523,1,1,0.145146
11280,13813,1,1,0.145146
2020,14497,1,1,0.145146
29960,30946,1,1,0.145146
5159,8593,1,1,0.145146
7170,7200,1,1,0.145146
10247,17665,1,1,0.145146
9223,21514,1,1,0.14487
8031,17594,1,1,0.14487
4430,13759,1,1,0.14487
6817,18698,1,1,0.14487
12157,31141,1,1,0.14487
1265,2149,1,1,0.14487
18963,22521,1,1,0.14487
24971,27512,1,1,0.14487
3385,23296,1,1,0.14487
14149,18963,1,1,0.14487
3385,17478,1,1,0.14487
9074,19479,1,1,0.14487
7061,19448,1,1,0.14487
3954,5973,1,1,0.14487
9037,17421,1,1,0.14487
9763,18696,1,1,0.14487
8191,18696,1,1,0.14487
1353,18696,1,1,0.14487
1353,9763,1,1,0.14487
12157,19785,1,1,0.14487
1543,13046,1,1,0.14487
3588,29993,1,1,0.14487
3385,16178,1,1,0.14487
2402,19479,1,1,0.14487
1353,8191,1,1,0.14487
9763,17421,1,1,0.14487
8191,13813,1,1,0.14487
18963,23349,1,1,0.14487
2325,19479,1,1,0.14487
19625,22324,1,1,0.14487
6764,23107,1,1,0.14487
4876,14622,1,1,0.14487
3621,29830,1,1,0.14487
673,3237,1,1,0.14487
18530,18963,1,1,0.14487
4095,5976,1,1,0.14487
2681,2792,1,1,0.14487
8347,9916,1,1,0.14487
3495,21982,1,1,0.14487
7018,9916,1,1,0.14487
7018,8347,1,1,0.14487
5973,8166,1,1,0.14487
1221,22983,1,1,0.14487
5973,7200,1,1,0.14487
12673,21982,1,1,0.14487
17938,24269,1,1,0.14487
14313,21982,1,1,0.14487
3954,16161,1,1,0.14487
630,27799,1,1,0.14487
200,25560,1,1,0.14487
13739,29830,1,1,0.14487
2511,7018,1,1,0.14487
1221,22986,1,1,0.14487
1376,15484,1,1,0.14487
6925,14791,1,1,0.14487
1972,4462,1,1,0.14487
3669,5738,1,1,0.14487
2991,7018,1,1,0.14487
2991,9398,1,1,0.14487
7018,9398,1,1,0.14487
12209,20386,1,1,0.14487
14361,14430,1,1,0.14487
21983,24705,1,1,0.14487
14361,21173,1,1,0.14487
11761,13494,1,1,0.14487
22,22473,1,1,0.14487
14430,21173,1,1,0.14487
8612,13034,1,1,0.14487
4374,13768,1,1,0.14487
13494,23413,1,1,0.14487
4502,22176,1,1,0.14487
5159,13896,1,1,0.14487
6618,24047,1,1,0.14487
8428,22443,1,1,0.14487
18963,26521,1,1,0.14487
16567,18311,1,1,0.14487
9037,15904,1,1,0.14487
13550,22551,1,1,0.14487
1173,23921,1,1,0.14487
5973,6732,1,1,0.14487
1024,9763,1,1,0.14487
12724,24234,1,1,0.14487
27438,29707,1,1,0.14487
6517,17231,1,1,0.14487
20219,25833,1,1,0.14487
146,564,1,1,0.14487
16677,17476,1,1,0.14487
5473,8191,1,1,0.14487
9487,13772,1,1,0.14487
15551,19706,1,1,0.14487
5973,15643,1,1,0.14487
18031,25281,1,1,0.14487
9288,25281,1,1,0.14487
12716,30053,1,1,0.14487
842,30053,1,1,0.14487
12394,14430,1,1,0.14487
2835,17882,1,1,0.14487
8612,19726,1,1,0.14487
18273,18963,1,1,0.14487
17987,18963,1,1,0.14487
351,5054,1,1,0.14487
10888,27084,1,1,0.14487
146,3621,1,1,0.14487
20219,23559,1,1,0.14487
23720,31087,1,1,0.14487
24742,25833,1,1,0.14487
1312,27003,1,1,0.14487
1312,31048,1,1,0.14487
1548,2202,1,1,0.14487
504,9631,1,1,0.14487
18963,23077,1,1,0.14487
12132,19861,1,1,0.14487
7045,12132,1,1,0.14487
359,23143,1,1,0.14487
18963,19861,1,1,0.14487
9817,13046,1,1,0.14487
10334,18986,1,1,0.14487
5474,5973,1,1,0.14487
6499,7376,1,1,0.14487
146,29830,1,1,0.14487
146,13739,1,1,0.14487
5306,8191,1,1,0.14487
743,6499,1,1,0.14487
18963,28422,1,1,0.14487
16112,28422,1,1,0.14487
16112,18963,1,1,0.14487
3459,10103,1,1,0.14487
328,12673,1,1,0.14487
328,3495,1,1,0.14487
6817,18963,1,1,0.14487
12695,24921,1,1,0.14487
18963,25190,1,1,0.14487
19603,24541,1,1,0.14487
3551,18963,1,1,0.14487
3551,6817,1,1,0.14487
18963,22797,1,1,0.14487
4386,23921,1,1,0.14487
4248,23921,1,1,0.14487
4248,4386,1,1,0.14487
10888,23143,1,1,0.14487
359,1173,1,1,0.14487
359,10888,1,1,0.14487
16178,23296,1,1,0.14487
16178,17478,1,1,0.14487
11326,24921,1,1,0.14487
328,14313,1,1,0.14487
328,21982,1,1,0.14487
1173,23143,1,1,0.14487
13117,15275,1,1,0.14487
3459,6974,1,1,0.14487
8191,21820,1,1,0.14487
3621,13739,1,1,0.14487
18702,29275,1,1,0.14487
9759,18016,1,1,0.14487
2359,18963,1,1,0.14487
18963,20168,1,1,0.14487
564,13739,1,1,0.14487
18702,22346,1,1,0.14487
2798,18570,1,1,0.14487
9348,21316,1,1,0.14487
5766,21767,1,1,0.14487
16775,20991,1,1,0.14487
17478,23296,1,1,0.14487
564,29830,1,1,0.14487
1312,24642,1,1,0.14487
3535,19934,1,1,0.14487
699,27984,1,1,0.14487
8084,17938,1,1,0.14487
2584,8683,1,1,0.14487
564,3621,1,1,0.14487
5399,18963,1,1,0.14487
7045,18963,1,1,0.14487
7045,14809,1,1,0.14487
3572,16638,1,1,0.14487
3572,26672,1,1,0.14487
8061,18963,1,1,0.14487
2325,9074,1,1,0.14487
2584,5226,1,1,0.14487
14809,19861,1,1,0.14487
2584,17574,1,1,0.14487
2120,17783,1,1,0.14487
19785,31141,1,1,0.14487
16089,24565,1,1,0.14487
17594,28721,1,1,0.14487
1032,7061,1,1,0.14487
16638,26672,1,1,0.14487
8868,11174,1,1,0.14487
1032,19448,1,1,0.14487
3427,3898,1,1,0.14487
22481,24705,1,1,0.14487
8683,17574,1,1,0.14487
2981,23719,1,1,0.14487
8990,11441,1,1,0.14487
12394,21173,1,1,0.14487
8191,15293,1,1,0.14487
3427,11782,1,1,0.14487
1173,13381,1,1,0.14487
2360,5973,1,1,0.14487
8061,14809,1,1,0.14487
14704,20740,1,1,0.14487
5226,17574,1,1,0.14487
18286,30504,1,1,0.14487
19343,29958,1,1,0.14487
9817,29130,1,1,0.14487
3898,11782,1,1,0.14487
1173,5973,1,1,0.14487
5387,27011,1,1,0.142721
16428,21132,1,1,0.142721
1332,5583,1,1,0.142721
3338,16902,1,1,0.142721
8992,15632,1,1,0.142721
2511,7369,1,1,0.142721
19213,26062,1,1,0.142721
2024,19779,1,1,0.142721
2951,21983,1,1,0.142721
21690,24966,1,1,0.142721
7951,23184,1,1,0.142721
2564,21407,1,1,0.142721
11318,21047,1,1,0.142721
20233,27201,1,1,0.142721
18464,21407,1,1,0.142721
23315,26062,1,1,0.142721
11318,21237,1,1,0.142721
16428,19794,1,1,0.142721
8992,21222,1,1,0.142721
3282,22730,1,1,0.142721
9105,26062,1,1,0.142721
10888,17576,1,1,0.142721
2835,17576,1,1,0.142721
2835,10888,1,1,0.142721
2564,18464,1,1,0.142721
21374,28936,1,1,0.142721
4220,24950,1,1,0.142721
26062,28422,1,1,0.142721
26061,28911,1,1,0.142721
11629,11713,1,1,0.142721
11282,19690,1,1,0.142721
22443,26062,1,1,0.142721
25657,26062,1,1,0.142721
21446,26062,1,1,0.142721
744,21604,1,1,0.142721
21446,25657,1,1,0.142721
9105,23315,1,1,0.142721
1779,23231,1,1,0.142721
16299,26062,1,1,0.142721
27011,27847,1,1,0.142721
22730,26062,1,1,0.142721
744,21596,1,1,0.142721
3282,26062,1,1,0.142721
19794,21132,1,1,0.142721
21222,22443,1,1,0.142721
18876,23416,1,1,0.142721
15632,22443,1,1,0.142721
8992,22443,1,1,0.142721
92,4248,1,1,0.142721
7207,26062,1,1,0.142721
26982,28202,1,1,0.142721
960,12347,1,1,0.142721
2120,4433,1,1,0.142721
1735,8508,1,1,0.142721
1173,8139,1,1,0.142721
1173,10298,1,1,0.142721
3675,15661,1,1,0.142721
10477,15661,1,1,0.142721
5282,5780,1,1,0.142721
14468,15443,1,1,0.142721
7066,7516,1,1,0.142721
2511,7366,1,1,0.142721
2979,13494,1,1,0.142721
9621,11297,1,1,0.142721
960,10971,1,1,0.142721
960,15805,1,1,0.142721
10971,12347,1,1,0.142721
12347,15805,1,1,0.142721
50,12901,1,1,0.142721
3423,9920,1,1,0.142721
3685,8191,1,1,0.142721
11739,17757,1,1,0.142721
8084,14994,1,1,0.142721
8084,12324,1,1,0.142721
2249,3798,1,1,0.142721
64,11883,1,1,0.142721
1814,2184,1,1,0.142721
2215,2280,1,1,0.142721
868,1003,1,1,0.142721
5548,6339,1,1,0.142721
4449,6457,1,1,0.142721
2889,5656,1,1,0.142721
799,9916,1,1,0.142721
6327,10799,1,1,0.142721
14761,14971,1,1,0.142721
478,1523,1,1,0.142721
1523,3006,1,1,0.142721
2826,9037,1,1,0.142721
4199,8166,1,1,0.142721
9847,10635,1,1,0.142721
6327,6437,1,1,0.142721
8837,17566,1,1,0.142721
8837,18986,1,1,0.142721
17566,18986,1,1,0.142721
7045,17759,1,1,0.142721
1735,4876,1,1,0.142721
4011,4852,1,1,0.142721
4011,10156,1,1,0.142721
4852,10156,1,1,0.142721
12835,20138,1,1,0.142721
7045,13349,1,1,0.142721
7045,13521,1,1,0.142721
13349,13521,1,1,0.142721
5483,16677,1,1,0.142721
13349,17759,1,1,0.142721
13349,19861,1,1,0.142721
13521,17759,1,1,0.142721
13521,19861,1,1,0.142721
17759,19861,1,1,0.142721
1901,20576,1,1,0.142721
1735,4289,1,1,0.142721
3476,4886,1,1,0.142721
2284,16677,1,1,0.142721
17566,19494,1,1,0.142721
158,17838,1,1,0.142721
17566,20027,1,1,0.142721
18986,19494,1,1,0.142721
18986,20027,1,1,0.142721
4559,12501,1,1,0.142721
4559,13003,1,1,0.142721
12501,13003,1,1,0.142721
158,14092,1,1,0.142721
14092,17838,1,1,0.142721
2284,5483,1,1,0.142721
11996,18530,1,1,0.142721
3583,11605,1,1,0.142721
17277,17624,1,1,0.142721
17624,20714,1,1,0.142721
7140,17665,1,1,0.142721
7140,20714,1,1,0.142721
17665,20714,1,1,0.142721
64,11208,1,1,0.142721
26062,30183,1,1,0.142721
64,16638,1,1,0.142721
200,15367,1,1,0.142721
25208,29094,1,1,0.142721
21683,26588,1,1,0.142721
28176,29094,1,1,0.142721
10888,27876,1,1,0.142721
27332,28721,1,1,0.142721
23453,30946,1,1,0.142721
27332,29875,1,1,0.142721
28721,29875,1,1,0.142721
1246,25284,1,1,0.142721
24164,25284,1,1,0.142721
27265,29126,1,1,0.142721
17929,29126,1,1,0.142721
17929,27265,1,1,0.142721
15367,29126,1,1,0.142721
15367,27265,1,1,0.142721
15367,17929,1,1,0.142721
6154,29126,1,1,0.142721
6154,27265,1,1,0.142721
26062,29936,1,1,0.142721
6154,17929,1,1,0.142721
6154,15367,1,1,0.142721
200,29126,1,1,0.142721
200,27265,1,1,0.142721
12697,20124,1,1,0.142721
21683,30020,1,1,0.142721
22266,22796,1,1,0.142721
4217,26113,1,1,0.142721
3621,28339,1,1,0.142721
22411,23825,1,1,0.142721
26062,31087,1,1,0.142721
19401,30030,1,1,0.142721
19401,30031,1,1,0.142721
19401,30062,1,1,0.142721
28196,30031,1,1,0.142721
30030,30031,1,1,0.142721
28151,29830,1,1,0.142721
27416,30053,1,1,0.142721
20614,29830,1,1,0.142721
19448,22796,1,1,0.142721
6120,11279,1,1,0.142721
20614,28151,1,1,0.142721
6120,18031,1,1,0.142721
6120,29934,1,1,0.142721
564,28637,1,1,0.142721
6154,20124,1,1,0.142721
11279,18031,1,1,0.142721
11279,29934,1,1,0.142721
18031,29934,1,1,0.142721
19448,22266,1,1,0.142721
200,17929,1,1,0.142721
200,6154,1,1,0.142721
19726,23825,1,1,0.142721
1728,9025,1,1,0.142721
6739,26908,1,1,0.142721
11999,16628,1,1,0.142721
11999,26805,1,1,0.142721
11999,26908,1,1,0.142721
16628,26805,1,1,0.142721
25833,26260,1,1,0.142721
16628,26908,1,1,0.142721
26805,26908,1,1,0.142721
685,19674,1,1,0.142721
685,20253,1,1,0.142721
13907,19674,1,1,0.142721
26062,31078,1,1,0.142721
13907,20253,1,1,0.142721
19674,20253,1,1,0.142721
28552,28766,1,1,0.142721
13907,27645,1,1,0.142721
13907,29875,1,1,0.142721
27645,29875,1,1,0.142721
16638,23025,1,1,0.142721
23025,30224,1,1,0.142721
947,21015,1,1,0.142721
26062,26884,1,1,0.142721
26062,27051,1,1,0.142721
6739,26805,1,1,0.142721
281,24680,1,1,0.142721
6739,11999,1,1,0.142721
2078,20659,1,1,0.142721
250,9025,1,1,0.142721
27602,29440,1,1,0.142721
27479,29066,1,1,0.142721
26062,27768,1,1,0.142721
20202,30548,1,1,0.142721
20174,30548,1,1,0.142721
13291,30548,1,1,0.142721
13291,20202,1,1,0.142721
13291,20174,1,1,0.142721
6455,20659,1,1,0.142721
64,19726,1,1,0.142721
9496,19343,1,1,0.142721
20659,28111,1,1,0.142721
24680,25213,1,1,0.142721
281,25213,1,1,0.142721
19887,25470,1,1,0.142721
25470,30354,1,1,0.142721
13562,18561,1,1,0.142721
13562,28103,1,1,0.142721
18561,28103,1,1,0.142721
7417,11999,1,1,0.142721
21466,26635,1,1,0.142721
6154,18993,1,1,0.142721
19401,28196,1,1,0.142721
100,9576,1,1,0.142721
17277,23825,1,1,0.142721
12086,27792,1,1,0.142721
5968,27792,1,1,0.142721
5968,19818,1,1,0.142721
5968,12086,1,1,0.142721
7745,21098,1,1,0.142721
19818,31512,1,1,0.142721
9636,31512,1,1,0.142721
7868,26475,1,1,0.142721
29864,30692,1,1,0.142721
29224,30591,1,1,0.142721
2551,9381,1,1,0.142721
30278,31509,1,1,0.142721
29939,31509,1,1,0.142721
29939,30278,1,1,0.142721
23158,31509,1,1,0.142721
23158,30278,1,1,0.142721
21430,31141,1,1,0.142721
23158,29939,1,1,0.142721
20132,25024,1,1,0.142721
19726,22411,1,1,0.142721
17277,19726,1,1,0.142721
8994,31543,1,1,0.142721
16638,23825,1,1,0.142721
64,22411,1,1,0.142721
64,23825,1,1,0.142721
11208,11883,1,1,0.142721
11208,16638,1,1,0.142721
11208,19726,1,1,0.142721
11208,23825,1,1,0.142721
11883,16638,1,1,0.142721
11883,17277,1,1,0.142721
11883,19726,1,1,0.142721
14916,29777,1,1,0.142721
11883,22411,1,1,0.142721
13550,29777,1,1,0.142721
11883,23825,1,1,0.142721
25867,31245,1,1,0.142721
4424,11315,1,1,0.142721
16638,17277,1,1,0.142721
16638,19726,1,1,0.142721
19818,27792,1,1,0.142721
16638,22411,1,1,0.142721
20132,25013,1,1,0.142721
12688,26887,1,1,0.142721
2942,29224,1,1,0.142721
1237,15938,1,1,0.142721
1659,14558,1,1,0.142721
29085,30094,1,1,0.142721
1659,30094,1,1,0.142721
1237,1540,1,1,0.142721
1659,29085,1,1,0.142721
1237,13232,1,1,0.142721
28384,28506,1,1,0.142721
11889,28506,1,1,0.142721
29089,29450,1,1,0.142721
200,15938,1,1,0.142721
9462,20797,1,1,0.142721
16311,21376,1,1,0.142721
27229,30421,1,1,0.142721
13718,30421,1,1,0.142721
13718,27229,1,1,0.142721
13306,30421,1,1,0.142721
13306,27229,1,1,0.142721
1540,13232,1,1,0.142721
13306,13718,1,1,0.142721
1659,16089,1,1,0.142721
1659,31492,1,1,0.142721
14558,16089,1,1,0.142721
200,1237,1,1,0.142721
13517,30580,1,1,0.142721
200,1540,1,1,0.142721
200,13232,1,1,0.142721
9117,11889,1,1,0.142721
16089,31492,1,1,0.142721
14558,31492,1,1,0.142721
1540,15938,1,1,0.142721
1585,21574,1,1,0.141634
2284,9769,1,1,0.141634
8517,21132,1,1,0.141634
575,5703,1,1,0.141634
5483,13386,1,1,0.141634
18491,21335,1,1,0.141634
18491,20672,1,1,0.141634
126,21143,1,1,0.141634
2120,11832,1,1,0.141634
18491,19294,1,1,0.141634
1376,9392,1,1,0.141634
1590,5703,1,1,0.141634
1608,21574,1,1,0.141634
2170,2325,1,1,0.141634
79,21736,1,1,0.141634
6182,16142,1,1,0.141634
12677,22324,1,1,0.141634
17085,17478,1,1,0.141634
3411,11506,1,1,0.141634
21839,22473,1,1,0.141634
8511,24332,1,1,0.141634
20891,23077,1,1,0.141634
1461,17478,1,1,0.141634
16262,20576,1,1,0.141634
7279,18861,1,1,0.141634
2170,11445,1,1,0.141634
8084,21443,1,1,0.141634
6095,17994,1,1,0.141634
2325,11445,1,1,0.141634
9038,17994,1,1,0.141634
12111,20904,1,1,0.141634
487,16019,1,1,0.141634
8825,15551,1,1,0.141634
20576,23909,1,1,0.141634
7306,21736,1,1,0.141634
2170,12109,1,1,0.141634
6672,18138,1,1,0.141634
16019,21271,1,1,0.141634
12589,12655,1,1,0.141634
13562,26884,1,1,0.141634
6217,13877,1,1,0.141634
9270,12589,1,1,0.141634
6217,20082,1,1,0.141634
9270,12655,1,1,0.141634
13877,20082,1,1,0.141634
27004,31636,1,1,0.141634
3459,6313,1,1,0.141634
820,9037,1,1,0.141634
3118,6732,1,1,0.141634
23618,28059,1,1,0.141634
9774,20124,1,1,0.141634
9073,30478,1,1,0.141634
4456,14749,1,1,0.141634
3473,12655,1,1,0.141634
3473,12589,1,1,0.141634
3473,9270,1,1,0.141634
6575,9341,1,1,0.141634
1365,9341,1,1,0.141634
3342,14180,1,1,0.141634
3389,13145,1,1,0.141634
944,12379,1,1,0.141634
1173,2423,1,1,0.141634
13057,18664,1,1,0.141634
6576,6965,1,1,0.141634
2154,6576,1,1,0.141634
25388,27332,1,1,0.141634
4867,7344,1,1,0.141634
2369,6579,1,1,0.141634
9427,9924,1,1,0.141634
7563,9427,1,1,0.141634
717,3676,1,1,0.141634
8371,28666,1,1,0.141634
5766,9427,1,1,0.141634
14104,29993,1,1,0.141634
388,717,1,1,0.141634
1173,7200,1,1,0.141634
14104,27526,1,1,0.141634
5068,11739,1,1,0.141634
5068,13448,1,1,0.141634
11739,13448,1,1,0.141634
8139,9552,1,1,0.141634
1173,8893,1,1,0.141634
3954,17524,1,1,0.141634
4559,18647,1,1,0.141634
4882,10917,1,1,0.141634
4381,16238,1,1,0.141634
15523,18861,1,1,0.141634
13288,18861,1,1,0.141634
6844,9169,1,1,0.141634
5245,9169,1,1,0.141634
5245,6844,1,1,0.141634
9321,13824,1,1,0.141634
1638,10271,1,1,0.141634
11820,16664,1,1,0.141634
10405,16664,1,1,0.141634
27526,29993,1,1,0.141634
4937,14467,1,1,0.141634
10171,14200,1,1,0.141634
1692,14200,1,1,0.141634
1692,10171,1,1,0.141634
8347,9130,1,1,0.141634
2512,8166,1,1,0.141634
4149,30421,1,1,0.141634
14343,31096,1,1,0.141634
13484,30913,1,1,0.141634
7184,9427,1,1,0.141634
19448,26798,1,1,0.141634
7721,22983,1,1,0.141634
16990,19083,1,1,0.141634
1065,27514,1,1,0.141634
8204,20027,1,1,0.141634
1033,16990,1,1,0.141634
1033,19083,1,1,0.141634
1033,20233,1,1,0.141634
8204,11987,1,1,0.141634
19083,20233,1,1,0.141634
6915,8120,1,1,0.141634
8120,20027,1,1,0.141634
8120,11987,1,1,0.141634
9682,25836,1,1,0.141634
3282,26111,1,1,0.141634
3282,26192,1,1,0.141634
8120,8204,1,1,0.141634
16126,16902,1,1,0.141634
11996,13003,1,1,0.141634
786,16588,1,1,0.141634
16376,20049,1,1,0.141634
182,20049,1,1,0.141634
182,16376,1,1,0.141634
21904,25805,1,1,0.141634
19332,23296,1,1,0.141634
997,23296,1,1,0.141634
997,19332,1,1,0.141634
8354,18530,1,1,0.141634
20576,21690,1,1,0.141634
16544,25184,1,1,0.141634
21324,24928,1,1,0.141634
15931,20576,1,1,0.141634
43,15931,1,1,0.141634
7721,22986,1,1,0.141634
6915,8204,1,1,0.141634
1779,26305,1,1,0.141634
2270,6719,1,1,0.141634
868,5159,1,1,0.141634
154,5951,1,1,0.141634
197,5951,1,1,0.141634
331,5951,1,1,0.141634
1523,5796,1,1,0.141634
4736,7352,1,1,0.141634
4787,7366,1,1,0.141634
2359,2827,1,1,0.141634
942,23362,1,1,0.141634
1415,3949,1,1,0.141634
18233,27416,1,1,0.141634
181,4535,1,1,0.141634
4535,9130,1,1,0.141634
3610,4732,1,1,0.141634
2033,9331,1,1,0.141634
3542,5951,1,1,0.141634
236,2721,1,1,0.141634
25114,28892,1,1,0.141634
6571,28202,1,1,0.141634
21798,24209,1,1,0.141634
28072,28400,1,1,0.141634
17577,28230,1,1,0.141634
6155,28230,1,1,0.141634
6155,17577,1,1,0.141634
6026,23315,1,1,0.141634
6349,8191,1,1,0.141634
904,5029,1,1,0.141634
6349,12718,1,1,0.141634
18861,25093,1,1,0.141634
8191,12718,1,1,0.141634
713,8120,1,1,0.141634
713,8204,1,1,0.141634
2325,12109,1,1,0.141634
23691,25891,1,1,0.141327
12696,24413,1,1,0.141327
9037,15157,1,1,0.141327
4067,5966,1,1,0.141327
4067,8347,1,1,0.141327
8142,8482,1,1,0.141327
6457,8510,1,1,0.141327
2402,14995,1,1,0.141327
2402,14996,1,1,0.141327
14072,14995,1,1,0.141327
14072,14996,1,1,0.141327
1358,4968,1,1,0.141327
2020,13055,1,1,0.141327
504,2511,1,1,0.141327
5969,9452,1,1,0.141327
5969,11398,1,1,0.141327
11441,12693,1,1,0.141327
5930,11684,1,1,0.141327
3853,8045,1,1,0.141327
3853,12693,1,1,0.141327
8045,12693,1,1,0.141327
11418,14003,1,1,0.141327
9066,9847,1,1,0.141327
10356,11917,1,1,0.141327
6809,24413,1,1,0.141327
2655,4761,1,1,0.141327
1972,4809,1,1,0.141327
26122,26862,1,1,0.141327
19466,26122,1,1,0.141327
5972,9105,1,1,0.141327
1972,6807,1,1,0.141327
7260,18069,1,1,0.141327
25,7140,1,1,0.141327
21258,25375,1,1,0.141327
1898,9847,1,1,0.141327
1944,8149,1,1,0.141327
6429,24921,1,1,0.141327
2270,6457,1,1,0.141327
2140,5977,1,1,0.141327
1920,10252,1,1,0.141327
266,7344,1,1,0.141327
1,6778,1,1,0.141327
1898,9066,1,1,0.141327
11967,12693,1,1,0.141327
2907,6437,1,1,0.141327
4535,9152,1,1,0.141327
18698,19340,1,1,0.141327
8456,16925,1,1,0.141327
16,1842,1,1,0.141327
5640,17029,1,1,0.141327
13952,23124,1,1,0.141327
15596,18872,1,1,0.141327
15083,21931,1,1,0.141327
16567,18698,1,1,0.141327
16567,19340,1,1,0.141327
1991,18880,1,1,0.141327
18647,18698,1,1,0.141327
8483,18880,1,1,0.141327
3385,7184,1,1,0.141327
3385,10303,1,1,0.141327
6844,14607,1,1,0.141327
7739,14820,1,1,0.141327
17994,22469,1,1,0.141327
58,22983,1,1,0.141327
58,22986,1,1,0.141327
15551,20044,1,1,0.141327
10939,20044,1,1,0.141327
10939,15551,1,1,0.141327
11713,12677,1,1,0.141327
3640,14650,1,1,0.141327
9066,13003,1,1,0.141327
9966,20589,1,1,0.141327
5973,18581,1,1,0.141327
3976,7020,1,1,0.141327
3976,11445,1,1,0.141327
3976,12109,1,1,0.141327
4196,7020,1,1,0.141327
4196,12109,1,1,0.141327
7020,11445,1,1,0.141327
7020,12109,1,1,0.141327
2325,17068,1,1,0.141327
2325,20027,1,1,0.141327
17068,20027,1,1,0.141327
2120,7535,1,1,0.141327
2120,7932,1,1,0.141327
2120,10333,1,1,0.141327
607,4761,1,1,0.141327
7660,23107,1,1,0.141327
2569,5117,1,1,0.141327
25891,27768,1,1,0.141327
26500,26557,1,1,0.141327
16628,23048,1,1,0.141327
6739,23048,1,1,0.141327
16279,19343,1,1,0.141327
15781,20603,1,1,0.141327
17680,19625,1,1,0.141327
27768,28876,1,1,0.141327
27648,27768,1,1,0.141327
25891,27648,1,1,0.141327
24085,27230,1,1,0.141327
23691,27768,1,1,0.141327
19603,27768,1,1,0.141327
19603,27648,1,1,0.141327
19603,25891,1,1,0.141327
19603,23691,1,1,0.141327
16555,27768,1,1,0.141327
16555,27648,1,1,0.141327
16555,25891,1,1,0.141327
6120,30121,1,1,0.141327
29664,30743,1,1,0.141327
26884,29336,1,1,0.141327
27051,29336,1,1,0.141327
12908,24013,1,1,0.141327
9848,12831,1,1,0.141327
1810,10268,1,1,0.141327
1808,10268,1,1,0.141327
28140,30620,1,1,0.141327
17371,30620,1,1,0.141327
29089,31466,1,1,0.141327
28224,31466,1,1,0.141327
21430,29282,1,1,0.141327
8371,25809,1,1,0.141327
2814,31001,1,1,0.141327
7060,11814,1,1,0.141327
24266,27357,1,1,0.141327
25900,26505,1,1,0.141327
24654,25833,1,1,0.141327
23654,31048,1,1,0.141327
24577,28011,1,1,0.141327
16555,23691,1,1,0.141327
23765,30280,1,1,0.141327
4196,23268,1,1,0.141327
12651,24269,1,1,0.141327
910,27802,1,1,0.141327
909,27802,1,1,0.141327
6155,24692,1,1,0.141327
2721,2778,1,1,0.141327
2174,4761,1,1,0.141327
9184,20449,1,1,0.141327
8017,26094,1,1,0.141327
4345,5159,1,1,0.141327
4787,4940,1,1,0.141327
22944,23765,1,1,0.141327
5301,5638,1,1,0.141327
9285,24269,1,1,0.141327
9285,12651,1,1,0.141327
1145,26192,1,1,0.141327
1305,16365,1,1,0.141327
3600,6678,1,1,0.141327
1033,21147,1,1,0.141327
14430,26078,1,1,0.141327
19625,23383,1,1,0.141327
19625,28936,1,1,0.141327
11883,18198,1,1,0.141327
12716,17643,1,1,0.141327
7061,22796,1,1,0.141327
26672,30283,1,1,0.141327
24085,30283,1,1,0.141327
24085,26672,1,1,0.141327
19845,30283,1,1,0.141327
19845,26672,1,1,0.141327
19448,26672,1,1,0.141327
18031,26672,1,1,0.141327
17305,30283,1,1,0.141327
17305,26672,1,1,0.141327
17305,24085,1,1,0.141327
17305,19845,1,1,0.141327
17305,19448,1,1,0.141327
17305,18031,1,1,0.141327
18812,28415,1,1,0.141327
18233,29897,1,1,0.141327
17643,27768,1,1,0.141327
10356,11041,1,1,0.141327
612,717,1,1,0.141327
3202,22443,1,1,0.141192
1592,23681,1,1,0.141192
7140,9825,1,1,0.141192
11151,15376,1,1,0.141192
4289,6057,1,1,0.141192
43,6352,1,1,0.141192
6762,18901,1,1,0.141192
6764,18901,1,1,0.141192
5920,11683,1,1,0.141192
11683,11917,1,1,0.141192
4045,13907,1,1,0.141192
4045,14436,1,1,0.141192
4045,16153,1,1,0.141192
4045,21943,1,1,0.141192
4045,22607,1,1,0.141192
13907,14436,1,1,0.141192
13907,16153,1,1,0.141192
23036,23357,1,1,0.141192
6969,23468,1,1,0.141192
182,18983,1,1,0.141192
11809,15671,1,1,0.141192
16382,19029,1,1,0.141192
16382,18978,1,1,0.141192
18978,21965,1,1,0.141192
12246,19347,1,1,0.141192
12246,21839,1,1,0.141192
19347,21839,1,1,0.141192
227,19565,1,1,0.141192
47,9520,1,1,0.141192
47,11336,1,1,0.141192
9520,11336,1,1,0.141192
2810,13802,1,1,0.141192
1560,20353,1,1,0.141192
7479,20353,1,1,0.141192
17593,20467,1,1,0.141192
17622,20080,1,1,0.141192
13907,21943,1,1,0.141192
13907,22607,1,1,0.141192
14436,16153,1,1,0.141192
14436,21943,1,1,0.141192
227,22171,1,1,0.141192
227,23187,1,1,0.141192
1842,11749,1,1,0.141192
1842,20044,1,1,0.141192
1842,22171,1,1,0.141192
1842,22443,1,1,0.141192
1842,23187,1,1,0.141192
11749,20044,1,1,0.141192
11749,22171,1,1,0.141192
11749,22443,1,1,0.141192
11749,23187,1,1,0.141192
20044,22171,1,1,0.141192
20044,23187,1,1,0.141192
22171,22443,1,1,0.141192
22171,23187,1,1,0.141192
227,11749,1,1,0.141192
227,1842,1,1,0.141192
16397,22418,1,1,0.141192
694,2019,1,1,0.141192
14436,22607,1,1,0.141192
16153,21943,1,1,0.141192
16153,22607,1,1,0.141192
21943,22607,1,1,0.141192
23334,24550,1,1,0.141192
3875,22803,1,1,0.141192
694,11884,1,1,0.141192
9166,22418,1,1,0.141192
2019,11884,1,1,0.141192
7038,16259,1,1,0.141192
8900,24921,1,1,0.141192
23124,23314,1,1,0.141192
20353,21889,1,1,0.141192
9166,16397,1,1,0.141192
18530,22155,1,1,0.141192
11441,19930,1,1,0.141192
9759,19930,1,1,0.141192
1760,16067,1,1,0.141192
5966,11418,1,1,0.141192
6732,8718,1,1,0.141192
7140,8760,1,1,0.141192
1415,11570,1,1,0.141192
1415,13425,1,1,0.141192
11570,13425,1,1,0.141192
12271,15661,1,1,0.141192
478,5159,1,1,0.141192
13741,16889,1,1,0.141192
768,7445,1,1,0.141192
8837,12532,1,1,0.141192
12532,17654,1,1,0.141192
9371,17751,1,1,0.141192
1160,8412,1,1,0.141192
5093,18895,1,1,0.141192
1024,5966,1,1,0.141192
7523,8166,1,1,0.141192
6695,9681,1,1,0.141192
465,7699,1,1,0.141192
1339,3280,1,1,0.141192
4021,4027,1,1,0.141192
1213,5123,1,1,0.141192
157,2396,1,1,0.141192
3954,4559,1,1,0.141192
4559,4837,1,1,0.141192
3713,7634,1,1,0.141192
4036,9681,1,1,0.141192
6965,7543,1,1,0.141192
4280,6924,1,1,0.141192
1254,9879,1,1,0.141192
2145,6695,1,1,0.141192
2145,9681,1,1,0.141192
4036,6695,1,1,0.141192
2240,11739,1,1,0.141192
3505,16067,1,1,0.141192
9759,11441,1,1,0.141192
8957,10811,1,1,0.141192
3423,7722,1,1,0.141192
6696,18154,1,1,0.141192
2379,15420,1,1,0.141192
2379,20353,1,1,0.141192
15420,20353,1,1,0.141192
9928,18154,1,1,0.141192
2798,19714,1,1,0.141192
10391,12420,1,1,0.141192
7736,18154,1,1,0.141192
7736,19226,1,1,0.141192
18154,19226,1,1,0.141192
9041,11713,1,1,0.141192
9042,11713,1,1,0.141192
5009,13772,1,1,0.141192
15551,22350,1,1,0.141192
2325,12378,1,1,0.141192
11884,13003,1,1,0.141192
3375,13003,1,1,0.141192
16424,19325,1,1,0.141192
4585,6627,1,1,0.141192
4585,18904,1,1,0.141192
16859,24408,1,1,0.141192
6627,18904,1,1,0.141192
2379,4428,1,1,0.141192
2511,17277,1,1,0.141192
14645,18986,1,1,0.141192
3375,11884,1,1,0.141192
393,18698,1,1,0.141192
393,20353,1,1,0.141192
18698,20353,1,1,0.141192
2379,6672,1,1,0.141192
2379,20816,1,1,0.141192
6672,20816,1,1,0.141192
22443,23187,1,1,0.141192
6627,18530,1,1,0.141192
138,11217,1,1,0.141192
14675,20446,1,1,0.141192
6938,15950,1,1,0.141192
6938,8017,1,1,0.141192
14766,26725,1,1,0.141192
25390,25480,1,1,0.141192
14291,23231,1,1,0.141192
14291,17844,1,1,0.141192
3839,23231,1,1,0.141192
3839,17844,1,1,0.141192
3839,14291,1,1,0.141192
22920,26872,1,1,0.141192
21826,26232,1,1,0.141192
20297,26232,1,1,0.141192
20297,21826,1,1,0.141192
18898,26232,1,1,0.141192
18898,21826,1,1,0.141192
8017,15950,1,1,0.141192
1482,22756,1,1,0.141192
15383,26765,1,1,0.141192
17576,28684,1,1,0.141192
15383,18538,1,1,0.141192
18045,29275,1,1,0.141192
18045,22346,1,1,0.141192
1711,22826,1,1,0.141192
5048,24203,1,1,0.141192
909,26481,1,1,0.141192
6672,26094,1,1,0.141192
1711,3414,1,1,0.141192
3414,9184,1,1,0.141192
16044,26521,1,1,0.141192
13569,26521,1,1,0.141192
13569,16044,1,1,0.141192
12376,26521,1,1,0.141192
12376,16044,1,1,0.141192
12376,13569,1,1,0.141192
18898,20297,1,1,0.141192
8992,26232,1,1,0.141192
8992,21826,1,1,0.141192
8992,20297,1,1,0.141192
6672,12835,1,1,0.141192
4184,20055,1,1,0.141192
4184,16315,1,1,0.141192
4184,14099,1,1,0.141192
4184,6672,1,1,0.141192
19542,20396,1,1,0.141192
27467,27766,1,1,0.141192
8990,27047,1,1,0.141192
8310,22050,1,1,0.141192
20528,27179,1,1,0.141192
16972,27179,1,1,0.141192
16972,20528,1,1,0.141192
2824,27011,1,1,0.141192
138,6817,1,1,0.141192
23776,25955,1,1,0.141192
6672,14099,1,1,0.141192
6672,16315,1,1,0.141192
6672,20055,1,1,0.141192
18898,27248,1,1,0.141192
8992,18898,1,1,0.141192
25687,26232,1,1,0.141192
27248,27683,1,1,0.141192
26742,27683,1,1,0.141192
26742,27248,1,1,0.141192
18898,27683,1,1,0.141192
18898,26742,1,1,0.141192
12835,14099,1,1,0.141192
3364,21826,1,1,0.141192
15250,18898,1,1,0.141192
16315,20055,1,1,0.141192
14099,20055,1,1,0.141192
12835,20055,1,1,0.141192
12835,16315,1,1,0.141192
15383,26521,1,1,0.141192
14099,16315,1,1,0.141192
15383,26840,1,1,0.141192
2202,27802,1,1,0.141192
4633,24275,1,1,0.141192
10346,23856,1,1,0.141192
18084,23856,1,1,0.141192
2024,26685,1,1,0.141192
11315,27004,1,1,0.141192
4489,28224,1,1,0.141192
11034,21430,1,1,0.141192
4149,17929,1,1,0.141192
10295,26357,1,1,0.141192
20082,23517,1,1,0.141192
18606,25425,1,1,0.141192
12246,25425,1,1,0.141192
12246,18606,1,1,0.141192
23783,28389,1,1,0.141192
13932,19895,1,1,0.141192
2147,7824,1,1,0.141192
14477,25459,1,1,0.141192
2149,25459,1,1,0.141192
11917,15720,1,1,0.141192
138,9299,1,1,0.141192
138,11917,1,1,0.141192
18538,26765,1,1,0.141192
138,15720,1,1,0.141192
6817,15720,1,1,0.141192
9299,11917,1,1,0.141192
1842,22418,1,1,0.141192
2149,14477,1,1,0.141192
1842,23954,1,1,0.141192
22418,23954,1,1,0.141192
11544,12673,1,1,0.141192
11544,14313,1,1,0.141192
8220,9003,1,1,0.141192
6613,8466,1,1,0.141192
2340,27802,1,1,0.141192
2547,23719,1,1,0.141192
2202,2340,1,1,0.141192
17514,28415,1,1,0.141192
21867,22623,1,1,0.141192
11208,27810,1,1,0.141192
822,21063,1,1,0.141192
822,989,1,1,0.141192
7732,23290,1,1,0.141192
1160,13906,1,1,0.141192
28076,28415,1,1,0.141192
16112,28415,1,1,0.141192
19401,27768,1,1,0.141192
16112,28076,1,1,0.141192
16112,17514,1,1,0.141192
26833,28072,1,1,0.141192
28199,29598,1,1,0.141192
26521,26765,1,1,0.141192
26765,26840,1,1,0.141192
11842,21798,1,1,0.141192
19401,20666,1,1,0.141192
17514,28076,1,1,0.141192
19401,28103,1,1,0.141192
1837,28487,1,1,0.141192
28243,28605,1,1,0.141192
28487,28605,1,1,0.141192
27598,29598,1,1,0.141192
25679,28605,1,1,0.141192
25679,28487,1,1,0.141192
1837,28605,1,1,0.141192
25679,28243,1,1,0.141192
1837,28243,1,1,0.141192
1837,25679,1,1,0.141192
8031,24427,1,1,0.141192
24094,29820,1,1,0.141192
1905,25604,1,1,0.141192
28243,28487,1,1,0.141192
687,8734,1,1,0.141042
7191,10459,1,1,0.141042
18619,19011,1,1,0.141042
3306,6887,1,1,0.141042
3306,8734,1,1,0.141042
6887,8107,1,1,0.141042
6887,8734,1,1,0.141042
5275,5394,1,1,0.141042
18619,19007,1,1,0.141042
16382,16428,1,1,0.141042
8734,16428,1,1,0.141042
8107,18865,1,1,0.141042
8734,18865,1,1,0.141042
2134,16428,1,1,0.141042
2134,16817,1,1,0.141042
8107,10171,1,1,0.141042
8734,16817,1,1,0.141042
16428,16817,1,1,0.141042
3848,8110,1,1,0.141042
10356,14686,1,1,0.141042
3073,3848,1,1,0.141042
13580,19007,1,1,0.141042
8107,8141,1,1,0.141042
8141,8734,1,1,0.141042
13580,19011,1,1,0.141042
8107,8468,1,1,0.141042
13580,18619,1,1,0.141042
7563,8468,1,1,0.141042
4719,8612,1,1,0.141042
4719,14169,1,1,0.141042
8734,10171,1,1,0.141042
8612,14169,1,1,0.141042
8107,13641,1,1,0.141042
2650,2709,1,1,0.141042
3685,6100,1,1,0.141042
3685,13641,1,1,0.141042
6100,13641,1,1,0.141042
2709,2995,1,1,0.141042
5275,8468,1,1,0.141042
3073,9348,1,1,0.141042
4559,19011,1,1,0.141042
19024,19497,1,1,0.141042
11654,16224,1,1,0.141042
3280,5599,1,1,0.141042
2568,4559,1,1,0.141042
2568,13580,1,1,0.141042
2568,18619,1,1,0.141042
2568,19007,1,1,0.141042
2568,19011,1,1,0.141042
4559,13580,1,1,0.141042
4559,18619,1,1,0.141042
4559,19007,1,1,0.141042
8141,10171,1,1,0.141042
3306,5661,1,1,0.141042
3410,10171,1,1,0.141042
2607,20885,1,1,0.141042
4079,18650,1,1,0.141042
14093,16382,1,1,0.141042
14093,18650,1,1,0.141042
16382,18650,1,1,0.141042
793,16424,1,1,0.141042
18167,20231,1,1,0.141042
1634,13919,1,1,0.141042
9306,14766,1,1,0.141042
10171,14649,1,1,0.141042
10171,19868,1,1,0.141042
14649,19868,1,1,0.141042
1944,17274,1,1,0.141042
8107,11773,1,1,0.141042
5275,14301,1,1,0.141042
2134,6165,1,1,0.141042
6165,8734,1,1,0.141042
4495,10811,1,1,0.141042
4495,18463,1,1,0.141042
10811,18463,1,1,0.141042
3306,6604,1,1,0.141042
3306,13288,1,1,0.141042
6604,13288,1,1,0.141042
108,2170,1,1,0.141042
3660,3685,1,1,0.141042
4079,16382,1,1,0.141042
4079,14093,1,1,0.141042
3142,13012,1,1,0.141042
3073,13012,1,1,0.141042
1944,16150,1,1,0.141042
10171,11335,1,1,0.141042
10171,16670,1,1,0.141042
11335,16670,1,1,0.141042
5275,17185,1,1,0.141042
10494,17185,1,1,0.141042
12689,18861,1,1,0.141042
12689,20081,1,1,0.141042
18861,20081,1,1,0.141042
17493,20027,1,1,0.141042
17838,20231,1,1,0.141042
2709,9496,1,1,0.141042
2709,10334,1,1,0.141042
9496,10334,1,1,0.141042
158,18861,1,1,0.141042
2503,2709,1,1,0.141042
6627,12878,1,1,0.141042
4757,17802,1,1,0.141042
8107,11604,1,1,0.141042
2709,14686,1,1,0.141042
5275,14686,1,1,0.141042
6645,13249,1,1,0.141042
3073,3142,1,1,0.141042
1041,2804,1,1,0.141042
2709,10171,1,1,0.141042
7766,8107,1,1,0.141042
2379,17189,1,1,0.141042
443,4824,1,1,0.141042
443,9382,1,1,0.141042
4824,9382,1,1,0.141042
5275,13176,1,1,0.141042
2134,10494,1,1,0.141042
2379,13726,1,1,0.141042
1857,3794,1,1,0.141042
2709,4733,1,1,0.141042
2709,6602,1,1,0.141042
4733,10171,1,1,0.141042
6602,10171,1,1,0.141042
1173,17685,1,1,0.141042
3073,3720,1,1,0.141042
868,10662,1,1,0.141042
868,12155,1,1,0.141042
10662,12155,1,1,0.141042
3073,10171,1,1,0.141042
10171,11197,1,1,0.141042
7386,9465,1,1,0.141042
13257,16687,1,1,0.141042
13257,17189,1,1,0.141042
16687,17189,1,1,0.141042
4861,5275,1,1,0.141042
2379,3073,1,1,0.141042
2379,17328,1,1,0.141042
2709,10574,1,1,0.141042
14066,14686,1,1,0.141042
3989,4732,1,1,0.141042
108,6842,1,1,0.141042
145,579,1,1,0.141042
189,579,1,1,0.141042
2668,12364,1,1,0.141042
2668,13381,1,1,0.141042
9398,12364,1,1,0.141042
9398,13381,1,1,0.141042
12364,13381,1,1,0.141042
837,8716,1,1,0.141042
837,11197,1,1,0.141042
5275,8716,1,1,0.141042
8716,11197,1,1,0.141042
13381,15211,1,1,0.141042
4732,16382,1,1,0.141042
3685,16182,1,1,0.141042
3685,10662,1,1,0.141042
2898,6509,1,1,0.141042
3073,13249,1,1,0.141042
5275,13249,1,1,0.141042
11197,13249,1,1,0.141042
850,4861,1,1,0.141042
850,15211,1,1,0.141042
4861,15211,1,1,0.141042
2379,4861,1,1,0.141042
3720,4861,1,1,0.141042
7563,7766,1,1,0.141042
681,16182,1,1,0.141042
11996,12651,1,1,0.141042
2675,5301,1,1,0.141042
2675,11197,1,1,0.141042
2675,16158,1,1,0.141042
5301,11197,1,1,0.141042
5301,16158,1,1,0.141042
11197,16158,1,1,0.141042
2134,8107,1,1,0.141042
12717,18742,1,1,0.141042
16382,18143,1,1,0.141042
681,8107,1,1,0.141042
8107,16182,1,1,0.141042
8734,12651,1,1,0.141042
8734,16182,1,1,0.141042
5172,8107,1,1,0.141042
5172,8734,1,1,0.141042
3535,3660,1,1,0.141042
3535,11197,1,1,0.141042
3535,18896,1,1,0.141042
3660,11197,1,1,0.141042
3660,18896,1,1,0.141042
11197,18896,1,1,0.141042
5661,14686,1,1,0.141042
5275,7766,1,1,0.141042
3535,10858,1,1,0.141042
8191,8734,1,1,0.141042
8107,8191,1,1,0.141042
579,8734,1,1,0.141042
2771,12155,1,1,0.141042
2511,12651,1,1,0.141042
12530,16838,1,1,0.141042
8107,16838,1,1,0.141042
8734,16838,1,1,0.141042
2668,12651,1,1,0.141042
2379,2639,1,1,0.141042
2379,2668,1,1,0.141042
2639,2668,1,1,0.141042
2639,5275,1,1,0.141042
2639,9398,1,1,0.141042
2668,5275,1,1,0.141042
5275,9398,1,1,0.141042
108,9398,1,1,0.141042
3465,4732,1,1,0.141042
837,6849,1,1,0.141042
2379,17963,1,1,0.141042
5275,17963,1,1,0.141042
1526,7745,1,1,0.141042
5275,13681,1,1,0.141042
8107,13681,1,1,0.141042
8734,13681,1,1,0.141042
579,2134,1,1,0.141042
108,6756,1,1,0.141042
6465,10541,1,1,0.141042
108,6904,1,1,0.141042
138,13641,1,1,0.141042
18084,24275,1,1,0.141042
18084,22146,1,1,0.141042
14991,24275,1,1,0.141042
14991,22146,1,1,0.141042
14991,18084,1,1,0.141042
10346,24275,1,1,0.141042
10346,22146,1,1,0.141042
10346,14991,1,1,0.141042
5275,24275,1,1,0.141042
5275,22146,1,1,0.141042
5275,18084,1,1,0.141042
5275,14991,1,1,0.141042
5275,10346,1,1,0.141042
13594,16972,1,1,0.141042
5275,19497,1,1,0.141042
20819,26075,1,1,0.141042
1711,26075,1,1,0.141042
1711,20819,1,1,0.141042
17277,20883,1,1,0.141042
22939,25923,1,1,0.141042
13641,23789,1,1,0.141042
22146,24275,1,1,0.141042
9003,23789,1,1,0.141042
4633,13226,1,1,0.141042
1711,22184,1,1,0.141042
25729,26815,1,1,0.141042
15814,26815,1,1,0.141042
15814,25729,1,1,0.141042
5275,26815,1,1,0.141042
5275,25729,1,1,0.141042
5275,15814,1,1,0.141042
9003,21499,1,1,0.141042
22184,25696,1,1,0.141042
1711,25696,1,1,0.141042
18084,27017,1,1,0.141042
5275,15087,1,1,0.141042
11006,27017,1,1,0.141042
11006,18084,1,1,0.141042
25901,26913,1,1,0.141042
16902,26913,1,1,0.141042
16902,25901,1,1,0.141042
9013,26913,1,1,0.141042
9013,25901,1,1,0.141042
9013,16902,1,1,0.141042
2056,24786,1,1,0.141042
138,23789,1,1,0.141042
7565,13120,1,1,0.141042
13879,23789,1,1,0.141042
19319,25388,1,1,0.141042
20833,22446,1,1,0.141042
8293,22563,1,1,0.141042
3585,15726,1,1,0.141042
6607,24440,1,1,0.141042
5275,24440,1,1,0.141042
5275,6607,1,1,0.141042
3535,24440,1,1,0.141042
3535,6607,1,1,0.141042
7030,13804,1,1,0.141042
3535,11882,1,1,0.141042
5275,25554,1,1,0.141042
3535,25554,1,1,0.141042
13641,25433,1,1,0.141042
1173,2709,1,1,0.141042
12353,20819,1,1,0.141042
18311,22446,1,1,0.141042
568,24651,1,1,0.141042
16982,22446,1,1,0.141042
9348,22446,1,1,0.141042
9348,16982,1,1,0.141042
4588,22446,1,1,0.141042
5275,18285,1,1,0.141042
5275,23143,1,1,0.141042
18285,23143,1,1,0.141042
138,18553,1,1,0.141042
15013,25388,1,1,0.141042
15013,19319,1,1,0.141042
23741,24651,1,1,0.141042
20784,24651,1,1,0.141042
20784,23741,1,1,0.141042
5275,16972,1,1,0.141042
19497,23789,1,1,0.141042
18553,25093,1,1,0.141042
138,25093,1,1,0.141042
5275,22608,1,1,0.141042
11305,16739,1,1,0.141042
5275,11490,1,1,0.141042
19252,21690,1,1,0.141042
3875,23789,1,1,0.141042
18393,24651,1,1,0.141042
15940,24651,1,1,0.141042
15940,18393,1,1,0.141042
8944,24651,1,1,0.141042
8944,18393,1,1,0.141042
8944,15940,1,1,0.141042
1581,9561,1,1,0.141042
694,11882,1,1,0.141042
108,7492,1,1,0.141042
10494,12651,1,1,0.141042
14949,27685,1,1,0.141042
27685,27885,1,1,0.141042
1711,27885,1,1,0.141042
1711,27685,1,1,0.141042
15814,26521,1,1,0.141042
5469,26100,1,1,0.141042
1711,26126,1,1,0.141042
9003,13641,1,1,0.141042
9003,10390,1,1,0.141042
1711,24651,1,1,0.141042
12651,27203,1,1,0.141042
200,27203,1,1,0.141042
200,12651,1,1,0.141042
23446,26075,1,1,0.141042
15950,26075,1,1,0.141042
15950,23446,1,1,0.141042
1711,5575,1,1,0.141042
12651,25393,1,1,0.141042
681,23705,1,1,0.141042
694,1711,1,1,0.141042
23231,24786,1,1,0.141042
1711,21456,1,1,0.141042
3869,24760,1,1,0.141042
11008,19763,1,1,0.141042
9496,27493,1,1,0.141042
1810,26100,1,1,0.141042
1808,26100,1,1,0.141042
26100,31509,1,1,0.141042
200,27664,1,1,0.141042
12325,27664,1,1,0.141042
14726,26714,1,1,0.141042
13641,26714,1,1,0.141042
13641,14726,1,1,0.141042
27664,27857,1,1,0.141042
12325,26832,1,1,0.141042
17166,19763,1,1,0.141042
19763,27011,1,1,0.141042
16816,30600,1,1,0.141042
6877,27233,1,1,0.141042
11335,29002,1,1,0.141042
21709,25561,1,1,0.141042
16731,25561,1,1,0.141042
16731,21709,1,1,0.141042
2480,26100,1,1,0.141042
26075,26917,1,1,0.141042
9003,12651,1,1,0.141042
10494,17967,1,1,0.141042
694,12651,1,1,0.141042
25528,27248,1,1,0.141042
17396,22941,1,1,0.141042
158,22941,1,1,0.141042
158,17396,1,1,0.141042
13843,24294,1,1,0.141042
13641,26119,1,1,0.141042
8412,16424,1,1,0.141042
1155,16424,1,1,0.141042
1155,8412,1,1,0.141042
11672,16972,1,1,0.141042
23789,26126,1,1,0.141042
5275,23503,1,1,0.141042
24437,27126,1,1,0.141042
5275,27126,1,1,0.141042
5275,24437,1,1,0.141042
14430,22446,1,1,0.141042
6353,26742,1,1,0.141042
12651,27034,1,1,0.141042
8763,13921,1,1,0.141042
5275,20819,1,1,0.141042
23789,25729,1,1,0.141042
11882,12651,1,1,0.141042
8310,8990,1,1,0.141042
200,10494,1,1,0.141042
200,26481,1,1,0.141042
12403,16262,1,1,0.141042
13312,27827,1,1,0.141042
19252,25042,1,1,0.141042
12894,19083,1,1,0.141042
24852,27458,1,1,0.141042
22939,27790,1,1,0.141042
16262,27790,1,1,0.141042
16262,22939,1,1,0.141042
12403,27790,1,1,0.141042
12403,22939,1,1,0.141042
11144,11318,1,1,0.141042
10494,26481,1,1,0.141042
10494,11318,1,1,0.141042
10494,11144,1,1,0.141042
19648,20626,1,1,0.141042
2526,15180,1,1,0.141042
14766,24435,1,1,0.141042
5275,24435,1,1,0.141042
5275,14766,1,1,0.141042
592,5888,1,1,0.141042
15360,25042,1,1,0.141042
4588,9348,1,1,0.141042
2709,21690,1,1,0.141042
10356,13763,1,1,0.141042
19861,22117,1,1,0.141042
10171,15596,1,1,0.141042
10171,12366,1,1,0.141042
4502,15596,1,1,0.141042
4502,12366,1,1,0.141042
4502,10171,1,1,0.141042
8734,14769,1,1,0.141042
5688,8734,1,1,0.141042
6756,10171,1,1,0.141042
5275,6756,1,1,0.141042
8447,10171,1,1,0.141042
5275,22321,1,1,0.141042
18802,21067,1,1,0.141042
200,21067,1,1,0.141042
200,18802,1,1,0.141042
5275,21951,1,1,0.141042
5275,21865,1,1,0.141042
16150,17646,1,1,0.141042
11041,19340,1,1,0.141042
10346,19340,1,1,0.141042
621,19340,1,1,0.141042
621,11041,1,1,0.141042
12366,15596,1,1,0.141042
5394,21316,1,1,0.141042
5394,21956,1,1,0.141042
5275,22174,1,1,0.141042
5640,22001,1,1,0.141042
2145,5640,1,1,0.141042
5275,15644,1,1,0.141042
5275,14050,1,1,0.141042
11506,19305,1,1,0.141042
12878,17139,1,1,0.141042
11882,15588,1,1,0.141042
7405,15588,1,1,0.141042
7405,11882,1,1,0.141042
2709,3585,1,1,0.141042
5275,10541,1,1,0.141042
22321,22511,1,1,0.141042
10171,13120,1,1,0.141042
5394,13176,1,1,0.141042
5766,10068,1,1,0.141042
12813,17207,1,1,0.141042
2898,17207,1,1,0.141042
2898,12813,1,1,0.141042
21956,22321,1,1,0.141042
21316,22321,1,1,0.141042
621,10346,1,1,0.141042
5213,7853,1,1,0.141042
10171,13763,1,1,0.141042
13176,20819,1,1,0.141042
7479,21046,1,1,0.141042
7479,10171,1,1,0.141042
2709,2988,1,1,0.141042
3375,5275,1,1,0.141042
200,8734,1,1,0.141042
108,2325,1,1,0.141042
7492,19123,1,1,0.141042
6904,19123,1,1,0.141042
6904,7492,1,1,0.141042
6842,19123,1,1,0.141042
6842,7492,1,1,0.141042
6756,19123,1,1,0.141042
6756,7492,1,1,0.141042
6756,6904,1,1,0.141042
6756,6842,1,1,0.141042
2170,19123,1,1,0.141042
2170,7492,1,1,0.141042
2170,6904,1,1,0.141042
2170,6842,1,1,0.141042
2170,6756,1,1,0.141042
108,19123,1,1,0.141042
10171,21046,1,1,0.141042
12878,13183,1,1,0.141042
200,2650,1,1,0.141042
2709,20546,1,1,0.141042
14686,20819,1,1,0.141042
11815,20819,1,1,0.141042
11815,14686,1,1,0.141042
2709,17940,1,1,0.141042
5275,8765,1,1,0.141042
126,3048,1,1,0.141042
6756,11506,1,1,0.141042
5973,9895,1,1,0.141042
19423,19915,1,1,0.141042
11506,21674,1,1,0.141042
12258,13648,1,1,0.141042
10098,21674,1,1,0.141042
10098,11506,1,1,0.141042
2379,21674,1,1,0.141042
5662,20885,1,1,0.141042
81,20885,1,1,0.141042
81,5662,1,1,0.141042
4719,16274,1,1,0.141042
13648,20138,1,1,0.141042
12258,20138,1,1,0.141042
22324,23139,1,1,0.141042
12038,13802,1,1,0.141042
7479,14532,1,1,0.141042
9003,22511,1,1,0.141042
5275,9348,1,1,0.141042
6548,24094,1,1,0.141042
758,24094,1,1,0.141042
758,6548,1,1,0.141042
10494,20819,1,1,0.141042
1263,20819,1,1,0.141042
1263,10494,1,1,0.141042
8180,22595,1,1,0.141042
11246,23789,1,1,0.141042
5275,11246,1,1,0.141042
4848,13312,1,1,0.141042
7805,22419,1,1,0.141042
5275,22419,1,1,0.141042
5275,7805,1,1,0.141042
18802,23925,1,1,0.141042
18225,23925,1,1,0.141042
17260,23925,1,1,0.141042
17260,18225,1,1,0.141042
14870,23925,1,1,0.141042
14870,18225,1,1,0.141042
14870,17260,1,1,0.141042
11882,15596,1,1,0.141042
138,13342,1,1,0.141042
6057,18976,1,1,0.141042
3535,17085,1,1,0.141042
7454,9003,1,1,0.141042
5275,24351,1,1,0.141042
3535,24351,1,1,0.141042
5275,24607,1,1,0.141042
3535,24607,1,1,0.141042
10346,20819,1,1,0.141042
8948,10346,1,1,0.141042
9880,11683,1,1,0.141042
5275,17085,1,1,0.141042
13594,23765,1,1,0.141042
850,6057,1,1,0.141042
3535,23765,1,1,0.141042
777,3535,1,1,0.141042
3535,13120,1,1,0.141042
9003,21007,1,1,0.141042
13177,22446,1,1,0.141042
5275,24653,1,1,0.141042
6887,13342,1,1,0.141042
3848,13342,1,1,0.141042
3848,6887,1,1,0.141042
23036,23455,1,1,0.141042
19368,23455,1,1,0.141042
19368,23036,1,1,0.141042
22511,23142,1,1,0.141042
9348,20090,1,1,0.141042
21143,22511,1,1,0.141042
8412,22511,1,1,0.141042
8412,21143,1,1,0.141042
2898,22511,1,1,0.141042
2898,21143,1,1,0.141042
2898,8412,1,1,0.141042
2898,5275,1,1,0.141042
2379,16382,1,1,0.141042
15934,23142,1,1,0.141042
5275,22446,1,1,0.141042
15934,22511,1,1,0.141042
10494,23142,1,1,0.141042
10494,22511,1,1,0.141042
10494,15934,1,1,0.141042
10171,23142,1,1,0.141042
10171,22511,1,1,0.141042
10171,15934,1,1,0.141042
10171,10494,1,1,0.141042
5275,23142,1,1,0.141042
1170,5275,1,1,0.141042
2379,10029,1,1,0.141042
14949,22446,1,1,0.141042
5275,12353,1,1,0.141042
14766,22446,1,1,0.141042
14766,14949,1,1,0.141042
9502,22446,1,1,0.141042
9502,14949,1,1,0.141042
9502,14766,1,1,0.141042
10662,12353,1,1,0.141042
8612,22362,1,1,0.141042
21046,22629,1,1,0.141042
3535,22629,1,1,0.141042
2898,3535,1,1,0.141042
2709,20819,1,1,0.141042
5275,11335,1,1,0.141042
8900,23925,1,1,0.141042
681,9003,1,1,0.141042
200,10171,1,1,0.141042
200,3535,1,1,0.141042
758,3206,1,1,0.141042
1200,5275,1,1,0.141042
1200,3535,1,1,0.141042
3535,5766,1,1,0.141042
5275,17368,1,1,0.141042
5394,22321,1,1,0.141042
108,4546,1,1,0.141042
3685,4562,1,1,0.141042
11388,14297,1,1,0.141042
12651,14297,1,1,0.141042
3535,4569,1,1,0.141042
5123,5275,1,1,0.141042
2668,3685,1,1,0.141042
2668,10171,1,1,0.141042
2668,12339,1,1,0.141042
3685,12339,1,1,0.141042
10171,12339,1,1,0.141042
11197,14318,1,1,0.141042
2767,3685,1,1,0.141042
2767,4562,1,1,0.141042
11873,14473,1,1,0.141042
2134,11882,1,1,0.141042
11873,15480,1,1,0.141042
449,14711,1,1,0.141042
3535,7925,1,1,0.141042
3535,10084,1,1,0.141042
7925,10084,1,1,0.141042
2134,3685,1,1,0.141042
2134,8412,1,1,0.141042
2134,12710,1,1,0.141042
3685,8412,1,1,0.141042
3685,12710,1,1,0.141042
5275,12710,1,1,0.141042
8412,12710,1,1,0.141042
11388,12651,1,1,0.141042
3798,4562,1,1,0.141042
1479,11884,1,1,0.141042
8734,13016,1,1,0.141042
1492,3021,1,1,0.141042
1492,1540,1,1,0.141042
2511,2977,1,1,0.141042
2898,3784,1,1,0.141042
296,2668,1,1,0.141042
296,9873,1,1,0.141042
2668,9873,1,1,0.141042
8624,12651,1,1,0.141042
1336,6680,1,1,0.141042
1336,10662,1,1,0.141042
6680,10662,1,1,0.141042
758,10243,1,1,0.141042
6509,12651,1,1,0.141042
11418,13176,1,1,0.141042
3798,7180,1,1,0.141042
5966,8242,1,1,0.141042
5966,14422,1,1,0.141042
8242,14422,1,1,0.141042
1024,3685,1,1,0.141042
1024,4559,1,1,0.141042
1024,13176,1,1,0.141042
3685,4559,1,1,0.141042
3685,11418,1,1,0.141042
3685,13176,1,1,0.141042
4559,11418,1,1,0.141042
4559,13176,1,1,0.141042
3600,15407,1,1,0.141042
3535,11654,1,1,0.141042
2546,2884,1,1,0.141042
5275,13381,1,1,0.141042
2802,5275,1,1,0.141042
5223,13176,1,1,0.141042
4719,8734,1,1,0.141042
11197,16683,1,1,0.141042
12651,16683,1,1,0.141042
227,10708,1,1,0.141042
227,14711,1,1,0.141042
2379,10708,1,1,0.141042
2379,14711,1,1,0.141042
10708,14711,1,1,0.141042
5275,6604,1,1,0.141042
4304,13176,1,1,0.141042
11197,13381,1,1,0.141042
2134,7123,1,1,0.141042
1944,8769,1,1,0.141042
1944,10098,1,1,0.141042
8769,10098,1,1,0.141042
8769,16817,1,1,0.141042
10098,16817,1,1,0.141042
77,3685,1,1,0.141042
77,3954,1,1,0.141042
77,7200,1,1,0.141042
77,10171,1,1,0.141042
3685,3954,1,1,0.141042
3685,7200,1,1,0.141042
10570,15596,1,1,0.141042
9398,13016,1,1,0.141042
4199,13381,1,1,0.141042
2328,7017,1,1,0.141042
758,1486,1,1,0.141042
2328,8024,1,1,0.141042
7017,8024,1,1,0.141042
5313,12832,1,1,0.141042
9076,15292,1,1,0.141042
6710,14458,1,1,0.141042
3685,9037,1,1,0.141042
3685,11197,1,1,0.141042
3685,15506,1,1,0.141042
9037,11197,1,1,0.141042
9037,15506,1,1,0.141042
11197,15506,1,1,0.141042
8734,13381,1,1,0.141042
758,13623,1,1,0.141042
7898,14686,1,1,0.141042
1486,2134,1,1,0.141042
1486,5275,1,1,0.141042
1486,12651,1,1,0.141042
1486,13623,1,1,0.141042
2134,13623,1,1,0.141042
5275,13623,1,1,0.141042
12651,13623,1,1,0.141042
822,11197,1,1,0.141042
2134,11197,1,1,0.141042
8734,11197,1,1,0.141042
2134,7898,1,1,0.141042
2134,14686,1,1,0.141042
1540,3021,1,1,0.141042
758,11882,1,1,0.141042
2752,3622,1,1,0.141042
2546,4054,1,1,0.141042
2804,12072,1,1,0.141042
6509,6695,1,1,0.141042
1173,1725,1,1,0.141042
2134,6969,1,1,0.141042
2586,4743,1,1,0.141042
2056,7595,1,1,0.141042
2650,6969,1,1,0.141042
5503,7623,1,1,0.141042
2134,7623,1,1,0.141042
2134,5503,1,1,0.141042
2773,3898,1,1,0.141042
1107,3898,1,1,0.141042
1107,2773,1,1,0.141042
5275,6969,1,1,0.141042
3383,4719,1,1,0.141042
3685,4694,1,1,0.141042
423,4694,1,1,0.141042
2773,5548,1,1,0.141042
4719,7354,1,1,0.141042
3383,7140,1,1,0.141042
5548,6114,1,1,0.141042
4761,6114,1,1,0.141042
4761,5548,1,1,0.141042
1951,3383,1,1,0.141042
1173,4732,1,1,0.141042
4761,5884,1,1,0.141042
4054,6101,1,1,0.141042
3685,6214,1,1,0.141042
2448,4141,1,1,0.141042
5275,6214,1,1,0.141042
2402,7465,1,1,0.141042
5275,6465,1,1,0.141042
9728,11040,1,1,0.141042
8959,10494,1,1,0.141042
2442,10356,1,1,0.141042
4528,10356,1,1,0.141042
3784,9398,1,1,0.141042
5123,8291,1,1,0.141042
1591,2172,1,1,0.141042
4562,7722,1,1,0.141042
9003,9556,1,1,0.141042
758,9556,1,1,0.141042
758,9003,1,1,0.141042
2134,7117,1,1,0.141042
2773,3798,1,1,0.141042
2773,5880,1,1,0.141042
3384,5621,1,1,0.141042
2648,9763,1,1,0.141042
2773,4562,1,1,0.141042
25,4562,1,1,0.141042
25,2773,1,1,0.141042
5275,6080,1,1,0.141042
3387,8734,1,1,0.141042
2827,8624,1,1,0.141042
2827,6100,1,1,0.141042
1944,10541,1,1,0.141042
4787,10541,1,1,0.141042
2546,6101,1,1,0.141042
3685,4719,1,1,0.141042
5275,7164,1,1,0.141042
4371,4761,1,1,0.141042
178,3750,1,1,0.141042
308,3685,1,1,0.141042
1799,5503,1,1,0.141042
4113,4769,1,1,0.141042
1368,4506,1,1,0.141042
1368,1801,1,1,0.141042
3587,5024,1,1,0.141042
1799,5024,1,1,0.141042
1799,3587,1,1,0.141042
509,3378,1,1,0.141042
243,3378,1,1,0.141042
243,509,1,1,0.141042
3006,4761,1,1,0.141042
4769,4940,1,1,0.141042
3006,4371,1,1,0.141042
2946,4761,1,1,0.141042
6340,12651,1,1,0.141042
2946,4371,1,1,0.141042
2946,3006,1,1,0.141042
2565,4113,1,1,0.141042
1944,3645,1,1,0.141042
1940,3142,1,1,0.141042
2794,3142,1,1,0.141042
3750,4113,1,1,0.141042
2577,3645,1,1,0.141042
3383,7164,1,1,0.141042
2134,3755,1,1,0.141042
2134,3208,1,1,0.141042
2134,6918,1,1,0.141042
5275,5697,1,1,0.141042
1725,4732,1,1,0.141042
4940,5187,1,1,0.141042
5275,7146,1,1,0.141042
4114,6849,1,1,0.141042
3750,6849,1,1,0.141042
3750,4114,1,1,0.141042
108,6849,1,1,0.141042
108,4114,1,1,0.141042
108,3750,1,1,0.141042
2056,5301,1,1,0.141042
714,4546,1,1,0.141042
3685,5187,1,1,0.141042
108,714,1,1,0.141042
1972,2768,1,1,0.141042
3378,5800,1,1,0.141042
607,3685,1,1,0.141042
4761,5275,1,1,0.141042
4719,9398,1,1,0.141042
3383,4761,1,1,0.141042
2056,2768,1,1,0.141042
1920,3479,1,1,0.141042
1972,2056,1,1,0.141042
2056,5981,1,1,0.141042
1972,3026,1,1,0.141042
33,17185,1,1,0.139893
33,17516,1,1,0.139893
4196,17185,1,1,0.139893
33,2511,1,1,0.139893
2511,17185,1,1,0.139893
2511,17516,1,1,0.139893
33,4196,1,1,0.139893
2511,7535,1,1,0.139893
3316,3505,1,1,0.139893
1760,3316,1,1,0.139893
17912,19322,1,1,0.139893
17185,17516,1,1,0.139893
8459,8468,1,1,0.139893
12445,12567,1,1,0.139893
4196,17516,1,1,0.139893
1268,10333,1,1,0.139893
1173,10303,1,1,0.139893
236,2503,1,1,0.139893
80,1419,1,1,0.139893
80,15205,1,1,0.139893
1419,15205,1,1,0.139893
1173,17277,1,1,0.139893
2170,3976,1,1,0.139893
2511,13457,1,1,0.139893
10642,19516,1,1,0.139893
1268,2511,1,1,0.139893
1268,7535,1,1,0.139893
1268,7932,1,1,0.139893
2511,7932,1,1,0.139893
2425,6327,1,1,0.139893
3640,12567,1,1,0.139893
3573,7266,1,1,0.139893
5109,17676,1,1,0.139893
4199,13896,1,1,0.139893
27332,28338,1,1,0.139893
16382,19443,1,1,0.139893
1814,2617,1,1,0.139893
2793,7722,1,1,0.139893
6579,10251,1,1,0.139893
236,643,1,1,0.139893
236,5621,1,1,0.139893
236,9130,1,1,0.139893
5621,9130,1,1,0.139893
2792,5562,1,1,0.139893
1510,3954,1,1,0.139893
1510,7200,1,1,0.139893
3798,11418,1,1,0.139893
292,786,1,1,0.139893
11715,13823,1,1,0.139893
292,3798,1,1,0.139893
295,786,1,1,0.139893
1213,2328,1,1,0.139893
7067,9037,1,1,0.139893
4826,11719,1,1,0.139893
4826,11841,1,1,0.139893
4826,12575,1,1,0.139893
11719,11841,1,1,0.139893
11719,12575,1,1,0.139893
11841,12575,1,1,0.139893
2379,8252,1,1,0.139893
10922,17077,1,1,0.139893
10922,17328,1,1,0.139893
2511,10333,1,1,0.139893
19343,28103,1,1,0.139893
2120,17085,1,1,0.139893
548,6756,1,1,0.139893
9067,16705,1,1,0.139893
9067,13287,1,1,0.139893
2864,15609,1,1,0.139893
2864,8771,1,1,0.139893
23941,26398,1,1,0.139893
58,16608,1,1,0.139893
6762,16608,1,1,0.139893
6764,16608,1,1,0.139893
9797,11917,1,1,0.139893
10974,11917,1,1,0.139893
14209,23035,1,1,0.139893
15860,23035,1,1,0.139893
11675,12673,1,1,0.139893
11675,14313,1,1,0.139893
11675,26004,1,1,0.139893
13287,16705,1,1,0.139893
43,16608,1,1,0.139893
23025,29875,1,1,0.139893
12635,23261,1,1,0.139893
15938,21430,1,1,0.139893
13232,21430,1,1,0.139893
28646,30478,1,1,0.139893
9812,11811,1,1,0.139893
19230,19603,1,1,0.139893
21683,23261,1,1,0.139893
12635,21683,1,1,0.139893
0,16608,1,1,0.139893
23389,25756,1,1,0.139893
25525,25765,1,1,0.139893
26062,27003,1,1,0.139893
0,6762,1,1,0.139893
0,6764,1,1,0.139893
15031,29320,1,1,0.139893
12673,26004,1,1,0.139893
18861,24282,1,1,0.139893
23129,26394,1,1,0.139893
9477,21222,1,1,0.139893
6026,15982,1,1,0.139893
7934,25585,1,1,0.139893
16555,19230,1,1,0.139893
22481,29275,1,1,0.139893
11793,12047,1,1,0.139893
17844,27919,1,1,0.139893
1305,21222,1,1,0.139893
7934,19230,1,1,0.139893
1305,9477,1,1,0.139893
5570,26742,1,1,0.139893
14683,25528,1,1,0.139893
7445,10826,1,1,0.139893
19603,25585,1,1,0.139893
19230,25585,1,1,0.139893
7934,19603,1,1,0.139893
6026,28991,1,1,0.139893
7046,23907,1,1,0.139893
27631,28936,1,1,0.139893
5972,13246,1,1,0.139893
5972,24094,1,1,0.139893
989,9199,1,1,0.139893
6798,13246,1,1,0.139893
989,8810,1,1,0.139893
12864,18273,1,1,0.139893
6798,24094,1,1,0.139893
7934,16555,1,1,0.139893
23383,27631,1,1,0.139893
10849,21374,1,1,0.139893
13246,24094,1,1,0.139893
18045,27878,1,1,0.139893
18455,22195,1,1,0.139893
15982,28991,1,1,0.139893
29511,30913,1,1,0.139893
16555,25585,1,1,0.139893
5945,8516,1,1,0.139893
2511,22478,1,1,0.139893
28500,29207,1,1,0.139893
14035,22174,1,1,0.139893
21767,22783,1,1,0.139893
22174,22783,1,1,0.139893
14430,28103,1,1,0.139893
14430,27768,1,1,0.139893
30144,30199,1,1,0.139893
12447,28384,1,1,0.139893
13963,29864,1,1,0.139893
5251,17277,1,1,0.139893
4529,16815,1,1,0.139893
13952,21606,1,1,0.139893
9407,13864,1,1,0.139893
9475,21063,1,1,0.139893
842,19401,1,1,0.139893
9199,21063,1,1,0.139893
2511,23348,1,1,0.139893
19340,22859,1,1,0.139893
20080,23357,1,1,0.139893
7184,8483,1,1,0.139893
8810,21063,1,1,0.139893
27639,28500,1,1,0.139893
8483,23100,1,1,0.139893
6661,30348,1,1,0.139893
3275,30348,1,1,0.139893
3275,6661,1,1,0.139893
13034,14430,1,1,0.139893
989,9475,1,1,0.139893
8456,22783,1,1,0.139893
14035,21767,1,1,0.139893
8456,22174,1,1,0.139893
2511,20628,1,1,0.139893
18031,29094,1,1,0.139893
2460,27230,1,1,0.139893
6693,22093,1,1,0.139893
9312,27230,1,1,0.139893
8935,27332,1,1,0.139893
8935,28338,1,1,0.139893
5213,17969,1,1,0.139893
4960,21956,1,1,0.139893
13225,31270,1,1,0.139893
20628,21303,1,1,0.139893
20833,23107,1,1,0.139893
5945,20437,1,1,0.139893
2511,21303,1,1,0.139893
27958,31317,1,1,0.139893
4960,21316,1,1,0.139893
27639,29207,1,1,0.139893
23584,25281,1,1,0.139893
2853,18031,1,1,0.139893
8456,21767,1,1,0.139893
19487,21040,1,1,0.139893
4129,8456,1,1,0.139893
20794,25190,1,1,0.139893
12716,19401,1,1,0.139893
24123,29021,1,1,0.139893
8456,14035,1,1,0.139893
4129,22174,1,1,0.139893
1457,25190,1,1,0.139893
4129,21767,1,1,0.139893
1457,20794,1,1,0.139893
787,3288,1,1,0.13861
2902,3622,1,1,0.13861
2431,4289,1,1,0.13861
2878,3622,1,1,0.13861
189,7934,1,1,0.13861
423,665,1,1,0.13861
921,1920,1,1,0.13861
987,2898,1,1,0.13861
9349,20648,1,1,0.13861
189,9950,1,1,0.13861
5163,7934,1,1,0.13861
5163,9950,1,1,0.13861
5621,7934,1,1,0.13861
20576,24792,1,1,0.13861
5621,9950,1,1,0.13861
13217,16608,1,1,0.13861
7934,9950,1,1,0.13861
145,3954,1,1,0.13861
2288,4100,1,1,0.13861
43,3632,1,1,0.13861
2564,4787,1,1,0.13861
5159,5163,1,1,0.13861
3945,4113,1,1,0.13861
2288,5977,1,1,0.13861
5549,5621,1,1,0.13861
2369,5621,1,1,0.13861
2369,5549,1,1,0.13861
9363,9917,1,1,0.13861
3335,5977,1,1,0.13861
3084,5977,1,1,0.13861
3084,3335,1,1,0.13861
2288,3335,1,1,0.13861
8478,11167,1,1,0.13861
2288,3084,1,1,0.13861
6579,7722,1,1,0.13861
3242,7722,1,1,0.13861
3242,6579,1,1,0.13861
1949,9556,1,1,0.13861
1806,9556,1,1,0.13861
1806,1949,1,1,0.13861
7344,11041,1,1,0.13861
5422,7112,1,1,0.13861
5163,5318,1,1,0.13861
1725,9847,1,1,0.13861
189,5621,1,1,0.13861
189,5163,1,1,0.13861
6097,8166,1,1,0.13861
189,9363,1,1,0.13861
5422,11046,1,1,0.13861
7584,9427,1,1,0.13861
2792,9847,1,1,0.13861
1725,2792,1,1,0.13861
4959,11021,1,1,0.13861
1365,9847,1,1,0.13861
1365,2792,1,1,0.13861
1365,1725,1,1,0.13861
1898,9257,1,1,0.13861
3198,3947,1,1,0.13861
5621,11046,1,1,0.13861
2511,5163,1,1,0.13861
5673,8894,1,1,0.13861
5163,7722,1,1,0.13861
2772,5621,1,1,0.13861
5303,5621,1,1,0.13861
921,4787,1,1,0.13861
921,3515,1,1,0.13861
5163,5656,1,1,0.13861
5621,5752,1,1,0.13861
5304,5752,1,1,0.13861
5304,5621,1,1,0.13861
5303,5752,1,1,0.13861
5163,5752,1,1,0.13861
5621,8478,1,1,0.13861
5163,5304,1,1,0.13861
5163,5303,1,1,0.13861
5159,5752,1,1,0.13861
5159,5621,1,1,0.13861
5159,5304,1,1,0.13861
5159,5303,1,1,0.13861
3945,5673,1,1,0.13861
3515,4787,1,1,0.13861
555,5621,1,1,0.13861
108,2971,1,1,0.13861
4761,5621,1,1,0.13861
1854,4535,1,1,0.13861
694,6844,1,1,0.13861
3945,8093,1,1,0.13861
974,4562,1,1,0.13861
2319,5621,1,1,0.13861
555,1037,1,1,0.13861
3944,5621,1,1,0.13861
4683,5621,1,1,0.13861
4683,7256,1,1,0.13861
3945,7256,1,1,0.13861
3945,4683,1,1,0.13861
510,3752,1,1,0.13861
555,3752,1,1,0.13861
6357,6637,1,1,0.13861
683,6357,1,1,0.13861
868,9331,1,1,0.13861
4406,6390,1,1,0.13861
58,3632,1,1,0.13861
1374,21222,1,1,0.13861
14397,15184,1,1,0.13861
24766,28814,1,1,0.13861
18045,22941,1,1,0.13861
16112,22519,1,1,0.13861
16112,28072,1,1,0.13861
8269,9003,1,1,0.13861
15048,20644,1,1,0.13861
26131,27631,1,1,0.13861
17258,28936,1,1,0.13861
12216,29222,1,1,0.13861
8612,10888,1,1,0.13861
8612,16112,1,1,0.13861
8612,26722,1,1,0.13861
8612,29915,1,1,0.13861
10888,11008,1,1,0.13861
9743,29275,1,1,0.13861
9743,22346,1,1,0.13861
22481,22826,1,1,0.13861
12582,13089,1,1,0.13861
13646,15632,1,1,0.13861
13646,21222,1,1,0.13861
13646,24971,1,1,0.13861
15632,24971,1,1,0.13861
21222,24971,1,1,0.13861
1270,9477,1,1,0.13861
25554,25601,1,1,0.13861
9421,21778,1,1,0.13861
15681,16112,1,1,0.13861
6120,12978,1,1,0.13861
27294,28994,1,1,0.13861
1374,9023,1,1,0.13861
1374,21778,1,1,0.13861
9023,9421,1,1,0.13861
10888,26722,1,1,0.13861
10888,29915,1,1,0.13861
11008,26722,1,1,0.13861
2864,22814,1,1,0.13861
11999,27352,1,1,0.13861
13046,23048,1,1,0.13861
23048,29130,1,1,0.13861
20624,25270,1,1,0.13861
20624,30862,1,1,0.13861
19895,30314,1,1,0.13861
1842,21303,1,1,0.13861
27768,28699,1,1,0.13861
2197,23517,1,1,0.13861
4720,28339,1,1,0.13861
25959,31394,1,1,0.13861
15957,24565,1,1,0.13861
15957,27059,1,1,0.13861
24565,27059,1,1,0.13861
26785,27161,1,1,0.13861
26113,27768,1,1,0.13861
11008,29915,1,1,0.13861
9817,27001,1,1,0.13861
16112,26722,1,1,0.13861
16112,29915,1,1,0.13861
17277,26722,1,1,0.13861
17277,29915,1,1,0.13861
26722,29915,1,1,0.13861
9817,18031,1,1,0.13861
9817,29897,1,1,0.13861
24934,30280,1,1,0.13861
18031,27001,1,1,0.13861
27001,29897,1,1,0.13861
9288,13046,1,1,0.13861
18031,28744,1,1,0.13861
20790,20811,1,1,0.13861
22944,24934,1,1,0.13861
1374,24971,1,1,0.13861
1374,15632,1,1,0.13861
3632,6762,1,1,0.13861
11651,13893,1,1,0.13861
7045,11912,1,1,0.13861
7045,14693,1,1,0.13861
11912,14693,1,1,0.13861
7523,10487,1,1,0.13861
4406,8612,1,1,0.13861
6390,8612,1,1,0.13861
6390,22150,1,1,0.13861
8612,22150,1,1,0.13861
10062,24131,1,1,0.13861
14693,20833,1,1,0.13861
5147,20576,1,1,0.13861
5147,25869,1,1,0.13861
20576,25869,1,1,0.13861
182,11151,1,1,0.13861
8990,26462,1,1,0.13861
1173,16608,1,1,0.13861
1842,25163,1,1,0.13861
14810,16544,1,1,0.13861
1529,14276,1,1,0.13861
3632,6764,1,1,0.13861
11768,19872,1,1,0.13861
23818,24607,1,1,0.13861
3644,14693,1,1,0.13861
2311,24234,1,1,0.13861
20576,20677,1,1,0.13861
1529,21324,1,1,0.13861
16259,23035,1,1,0.13861
14276,21324,1,1,0.13861
13646,14693,1,1,0.13861
1173,9024,1,1,0.13861
1173,16259,1,1,0.13861
1173,23035,1,1,0.13861
9024,23035,1,1,0.13861
2837,3931,1,1,0.13861
1265,11929,1,1,0.13861
1173,18702,1,1,0.13861
6593,26541,1,1,0.13861
7140,27011,1,1,0.13861
9074,27011,1,1,0.13861
15940,24413,1,1,0.13861
15940,27059,1,1,0.13861
24413,27059,1,1,0.13861
16424,17139,1,1,0.13861
16967,26541,1,1,0.13861
25955,27567,1,1,0.13861
9432,12477,1,1,0.13861
20290,21747,1,1,0.13861
17415,17983,1,1,0.13861
13165,17287,1,1,0.13861
4456,11651,1,1,0.13861
4456,13893,1,1,0.13861
7140,9074,1,1,0.13861
18619,24094,1,1,0.13861
8809,9487,1,1,0.13861
12582,25202,1,1,0.13861
17085,21049,1,1,0.13861
5088,9487,1,1,0.13861
5088,23994,1,1,0.13861
9487,23994,1,1,0.13861
12582,19872,1,1,0.13861
12582,24343,1,1,0.13861
19872,24343,1,1,0.13861
3626,24094,1,1,0.13861
19872,25202,1,1,0.13861
24343,25202,1,1,0.13861
16371,23419,1,1,0.13861
14630,25837,1,1,0.13861
1091,3306,1,1,0.13861
3626,18619,1,1,0.13861
145,7200,1,1,0.13861
4406,22150,1,1,0.13861
7523,11972,1,1,0.13861
10727,16670,1,1,0.13861
8683,16670,1,1,0.13861
8683,11987,1,1,0.13861
8683,10727,1,1,0.13861
4196,16670,1,1,0.13861
4196,11987,1,1,0.13861
4196,10727,1,1,0.13861
4196,8683,1,1,0.13861
2412,11987,1,1,0.13861
2412,10727,1,1,0.13861
2412,8683,1,1,0.13861
2412,4196,1,1,0.13861
6509,19494,1,1,0.13861
6509,19044,1,1,0.13861
18832,19044,1,1,0.13861
4289,19044,1,1,0.13861
4289,18832,1,1,0.13861
2258,19044,1,1,0.13861
10727,11987,1,1,0.13861
11987,16670,1,1,0.13861
2258,4289,1,1,0.13861
2511,17064,1,1,0.13861
6499,13927,1,1,0.13861
6509,8765,1,1,0.13861
5621,17064,1,1,0.13861
3485,17064,1,1,0.13861
3485,5621,1,1,0.13861
6509,17139,1,1,0.13861
6509,17647,1,1,0.13861
6458,10287,1,1,0.13861
10727,15718,1,1,0.13861
13117,18832,1,1,0.13861
11336,18832,1,1,0.13861
6509,17064,1,1,0.13861
108,17064,1,1,0.13861
108,6509,1,1,0.13861
2709,17516,1,1,0.13861
8900,19915,1,1,0.13861
1070,11820,1,1,0.13861
2258,18832,1,1,0.13861
12542,19536,1,1,0.13861
3933,14370,1,1,0.13861
13927,16703,1,1,0.13861
11847,18463,1,1,0.13861
475,18463,1,1,0.13861
475,11847,1,1,0.13861
7563,19322,1,1,0.13861
5301,8040,1,1,0.13861
1173,6509,1,1,0.13861
14607,19494,1,1,0.13861
10487,19494,1,1,0.13861
10487,14607,1,1,0.13861
8837,14607,1,1,0.13861
8837,10487,1,1,0.13861
5621,18900,1,1,0.13861
77,1679,1,1,0.13861
5621,12366,1,1,0.13861
3640,18531,1,1,0.13861
13927,18802,1,1,0.13861
2288,15172,1,1,0.13861
4787,5301,1,1,0.13861
2709,6509,1,1,0.13861
11739,19536,1,1,0.13861
6509,14607,1,1,0.13861
11739,12542,1,1,0.13861
10494,19536,1,1,0.13861
10494,12542,1,1,0.13861
10494,11739,1,1,0.13861
10095,16018,1,1,0.13861
9763,16018,1,1,0.13861
9763,10095,1,1,0.13861
8191,16018,1,1,0.13861
8191,10095,1,1,0.13861
14521,17139,1,1,0.13861
4700,17139,1,1,0.13861
4700,14521,1,1,0.13861
13927,19044,1,1,0.13861
9270,15724,1,1,0.13861
2240,19044,1,1,0.13861
14607,17757,1,1,0.13861
6509,17757,1,1,0.13861
14822,17064,1,1,0.13861
15718,20714,1,1,0.13861
8990,16178,1,1,0.13861
8516,21074,1,1,0.13861
19765,20576,1,1,0.13861
19765,20591,1,1,0.13861
9897,13185,1,1,0.13861
12477,17139,1,1,0.13861
2288,23124,1,1,0.13861
20576,20591,1,1,0.13861
6618,7474,1,1,0.13861
14693,21902,1,1,0.13861
17477,19872,1,1,0.13861
3411,12111,1,1,0.13861
18581,22693,1,1,0.13861
8180,22693,1,1,0.13861
8180,18581,1,1,0.13861
8180,13927,1,1,0.13861
6168,19625,1,1,0.13861
11666,22534,1,1,0.13861
555,21794,1,1,0.13861
19024,21074,1,1,0.13861
17139,23352,1,1,0.13861
1348,21965,1,1,0.13861
1419,21084,1,1,0.13861
14693,20044,1,1,0.13861
10487,11972,1,1,0.13861
2934,23357,1,1,0.13861
20044,23357,1,1,0.13861
20576,23443,1,1,0.13861
2934,14693,1,1,0.13861
19625,23637,1,1,0.13861
15909,20529,1,1,0.13861
12724,20576,1,1,0.13861
18802,20819,1,1,0.13861
8180,19872,1,1,0.13861
1794,18698,1,1,0.13861
11809,19872,1,1,0.13861
25,8483,1,1,0.13861
14010,17139,1,1,0.13861
8516,19024,1,1,0.13861
14370,22897,1,1,0.13861
15551,20639,1,1,0.13861
15551,21865,1,1,0.13861
6509,17421,1,1,0.13861
887,8766,1,1,0.13861
4852,13927,1,1,0.13861
4528,13927,1,1,0.13861
4528,4852,1,1,0.13861
17064,18456,1,1,0.13861
8478,18456,1,1,0.13861
8478,17064,1,1,0.13861
1173,18456,1,1,0.13861
1173,17064,1,1,0.13861
1173,8478,1,1,0.13861
4196,4713,1,1,0.13861
227,4713,1,1,0.13861
2325,19625,1,1,0.13861
6509,7481,1,1,0.13861
5614,7481,1,1,0.13861
5614,6509,1,1,0.13861
2267,13352,1,1,0.13861
13927,17421,1,1,0.13861
887,6509,1,1,0.13861
6509,7142,1,1,0.13861
15551,18633,1,1,0.13861
7142,8766,1,1,0.13861
12878,18531,1,1,0.13861
9041,13813,1,1,0.13861
21576,21927,1,1,0.13861
13659,18150,1,1,0.13861
12677,15293,1,1,0.13861
10668,12953,1,1,0.13861
8478,11336,1,1,0.13861
17930,19044,1,1,0.13861
13006,19044,1,1,0.13861
13006,17930,1,1,0.13861
5900,7853,1,1,0.13861
2511,16434,1,1,0.13861
2511,14720,1,1,0.13861
3985,14859,1,1,0.13861
9392,17064,1,1,0.13861
6509,12835,1,1,0.13861
15718,17064,1,1,0.13861
5621,13927,1,1,0.13861
6509,8766,1,1,0.13861
7563,16178,1,1,0.13861
4030,4289,1,1,0.13861
5123,16228,1,1,0.13861
5123,11046,1,1,0.13861
5123,10132,1,1,0.13861
5123,8868,1,1,0.13861
15127,15499,1,1,0.13861
5163,8478,1,1,0.13861
4289,14971,1,1,0.13861
4030,14971,1,1,0.13861
504,14971,1,1,0.13861
7859,12336,1,1,0.13861
504,4289,1,1,0.13861
504,4030,1,1,0.13861
13408,15499,1,1,0.13861
12336,15499,1,1,0.13861
12336,13408,1,1,0.13861
6144,12484,1,1,0.13861
4562,10356,1,1,0.13861
4562,7563,1,1,0.13861
8868,10132,1,1,0.13861
8868,11046,1,1,0.13861
8868,16228,1,1,0.13861
10132,11046,1,1,0.13861
6011,12886,1,1,0.13861
478,12886,1,1,0.13861
14711,15858,1,1,0.13861
8763,15858,1,1,0.13861
8763,14711,1,1,0.13861
8252,15858,1,1,0.13861
8252,14711,1,1,0.13861
8252,8763,1,1,0.13861
8478,14521,1,1,0.13861
12336,13006,1,1,0.13861
10953,13006,1,1,0.13861
10953,12336,1,1,0.13861
2288,4826,1,1,0.13861
6573,13927,1,1,0.13861
5163,12394,1,1,0.13861
11046,16228,1,1,0.13861
10132,16228,1,1,0.13861
12336,15127,1,1,0.13861
1105,13494,1,1,0.13861
4291,9950,1,1,0.13861
9037,14361,1,1,0.13861
13646,13927,1,1,0.13861
386,13927,1,1,0.13861
2270,8478,1,1,0.13861
7170,13489,1,1,0.13861
3842,7170,1,1,0.13861
5163,11972,1,1,0.13861
3947,11972,1,1,0.13861
3947,5163,1,1,0.13861
1415,12336,1,1,0.13861
296,12336,1,1,0.13861
296,1415,1,1,0.13861
5163,11570,1,1,0.13861
3473,11383,1,1,0.13861
9033,12886,1,1,0.13861
7563,8990,1,1,0.13861
7722,12886,1,1,0.13861
7722,9033,1,1,0.13861
6682,13234,1,1,0.13861
12336,14361,1,1,0.13861
2328,9950,1,1,0.13861
4199,12389,1,1,0.13861
2328,4291,1,1,0.13861
694,13494,1,1,0.13861
2033,3600,1,1,0.13861
3765,15499,1,1,0.13861
3765,9037,1,1,0.13861
10362,14521,1,1,0.13861
8962,10362,1,1,0.13861
12336,14097,1,1,0.13861
8012,14097,1,1,0.13861
8012,12336,1,1,0.13861
7722,14097,1,1,0.13861
7722,12336,1,1,0.13861
7722,8012,1,1,0.13861
8012,9037,1,1,0.13861
2511,9037,1,1,0.13861
6575,7038,1,1,0.13861
6732,14206,1,1,0.13861
9037,15101,1,1,0.13861
8962,14521,1,1,0.13861
9037,16582,1,1,0.13861
227,4651,1,1,0.13861
6509,11590,1,1,0.13861
9037,10901,1,1,0.13861
2402,6327,1,1,0.13861
6437,9037,1,1,0.13861
77,9037,1,1,0.13861
77,6437,1,1,0.13861
6437,13965,1,1,0.13861
4700,13965,1,1,0.13861
4700,6437,1,1,0.13861
5621,11570,1,1,0.13861
1348,5621,1,1,0.13861
14731,16817,1,1,0.13861
7354,10131,1,1,0.13861
1608,10131,1,1,0.13861
1608,7354,1,1,0.13861
5621,14731,1,1,0.13861
9847,11336,1,1,0.13861
5621,10858,1,1,0.13861
227,9152,1,1,0.13861
9847,13177,1,1,0.13861
4651,9152,1,1,0.13861
108,5621,1,1,0.13861
4289,5621,1,1,0.13861
5621,16784,1,1,0.13861
2288,8769,1,1,0.13861
13927,18832,1,1,0.13861
3890,18832,1,1,0.13861
3890,13927,1,1,0.13861
13646,18052,1,1,0.13861
9152,11864,1,1,0.13861
85,13927,1,1,0.13861
12883,16786,1,1,0.13861
5621,16786,1,1,0.13861
5621,12883,1,1,0.13861
3898,16786,1,1,0.13861
3898,12883,1,1,0.13861
3898,5621,1,1,0.13861
9398,10727,1,1,0.13861
9037,9847,1,1,0.13861
3473,14607,1,1,0.13861
7563,13177,1,1,0.13861
6639,13646,1,1,0.13861
5621,5970,1,1,0.13861
1419,14607,1,1,0.13861
1419,12336,1,1,0.13861
2511,5621,1,1,0.13861
717,5621,1,1,0.13861
9037,9264,1,1,0.13861
10222,12336,1,1,0.13861
2805,9037,1,1,0.13861
5621,13646,1,1,0.13861
2805,9130,1,1,0.13861
2898,5621,1,1,0.13861
6778,9037,1,1,0.13861
5621,12336,1,1,0.13861
2650,9430,1,1,0.13861
7563,9847,1,1,0.13861
10222,14607,1,1,0.13861
5621,11967,1,1,0.13861
2288,9264,1,1,0.13861
9037,10222,1,1,0.13861
2288,8478,1,1,0.13861
11570,13927,1,1,0.13861
533,5621,1,1,0.13861
1132,12336,1,1,0.13861
762,13927,1,1,0.13861
5621,12484,1,1,0.13861
2017,12484,1,1,0.13861
2288,10570,1,1,0.13861
4787,13927,1,1,0.13861
2017,5621,1,1,0.13861
4790,5621,1,1,0.13861
11299,13925,1,1,0.13861
4045,13925,1,1,0.13861
7722,13646,1,1,0.13861
11967,13646,1,1,0.13861
5970,11967,1,1,0.13861
5970,13646,1,1,0.13861
17094,18804,1,1,0.1356
4211,13150,1,1,0.1356
11933,16288,1,1,0.1356
13150,22137,1,1,0.1356
869,17094,1,1,0.1356
869,18804,1,1,0.1356
3553,13150,1,1,0.1356
1110,3503,1,1,0.1356
2600,10918,1,1,0.1356
13150,14694,1,1,0.1356
4211,14694,1,1,0.1356
869,5535,1,1,0.1356
19927,21460,1,1,0.1356
942,13220,1,1,0.1356
13664,15397,1,1,0.1356
1247,10145,1,1,0.1356
1247,12346,1,1,0.1356
3756,21341,1,1,0.1356
942,5535,1,1,0.1356
2305,13161,1,1,0.1356
598,942,1,1,0.1356
598,5535,1,1,0.1356
869,942,1,1,0.1356
8375,12151,1,1,0.1356
6079,14947,1,1,0.1356
11933,13840,1,1,0.1356
8724,13840,1,1,0.1356
15538,20975,1,1,0.1356
15538,22673,1,1,0.1356
15538,17883,1,1,0.1356
747,19046,1,1,0.1356
17883,20975,1,1,0.1356
17883,22673,1,1,0.1356
20975,22673,1,1,0.1356
594,3707,1,1,0.1356
594,21630,1,1,0.1356
3707,21630,1,1,0.1356
2500,9377,1,1,0.1356
1110,13031,1,1,0.1356
1110,21460,1,1,0.1356
13031,21460,1,1,0.1356
10726,19705,1,1,0.1356
628,20383,1,1,0.1356
7079,17993,1,1,0.1356
4567,5425,1,1,0.1356
4567,23144,1,1,0.1356
4567,23152,1,1,0.1356
5425,23144,1,1,0.1356
5425,23152,1,1,0.1356
23144,23152,1,1,0.1356
7728,17800,1,1,0.1356
8724,11933,1,1,0.1356
1546,21359,1,1,0.1356
12598,18203,1,1,0.1356
11111,24129,1,1,0.1356
18291,21167,1,1,0.1356
1247,6095,1,1,0.1356
1247,9038,1,1,0.1356
1247,20512,1,1,0.1356
6095,20512,1,1,0.1356
9038,20512,1,1,0.1356
18957,21886,1,1,0.1356
6542,22982,1,1,0.1356
12598,24580,1,1,0.1356
18203,24580,1,1,0.1356
1247,5186,1,1,0.1356
18291,20335,1,1,0.1356
18291,24580,1,1,0.1356
2686,5916,1,1,0.1356
20335,21167,1,1,0.1356
20335,24580,1,1,0.1356
21167,24580,1,1,0.1356
15211,18338,1,1,0.1356
15645,24646,1,1,0.1356
13161,13410,1,1,0.1356
6007,21111,1,1,0.1356
4458,23845,1,1,0.1356
4458,11802,1,1,0.1356
11066,20975,1,1,0.1356
5781,24855,1,1,0.1356
5517,21179,1,1,0.1356
10892,17450,1,1,0.1356
12878,17175,1,1,0.1356
9,3627,1,1,0.1356
2686,9073,1,1,0.1356
2686,24090,1,1,0.1356
5916,9073,1,1,0.1356
5916,24090,1,1,0.1356
598,16759,1,1,0.1356
869,16759,1,1,0.1356
3983,19046,1,1,0.1356
21356,21609,1,1,0.1356
21356,23277,1,1,0.1356
21609,23277,1,1,0.1356
1531,11111,1,1,0.1356
412,15243,1,1,0.1356
412,23143,1,1,0.1356
15243,23143,1,1,0.1356
7856,23277,1,1,0.1356
15965,17876,1,1,0.1356
3603,10446,1,1,0.1356
3603,24094,1,1,0.1356
10446,24094,1,1,0.1356
17164,17876,1,1,0.1356
3312,16232,1,1,0.1356
4228,16102,1,1,0.1356
945,17175,1,1,0.1356
11066,22673,1,1,0.1356
20834,20846,1,1,0.1356
11066,17883,1,1,0.1356
13509,21355,1,1,0.1356
5874,6788,1,1,0.1356
15778,17847,1,1,0.1356
6125,12317,1,1,0.1356
16114,17594,1,1,0.1356
1435,20925,1,1,0.1356
1291,8385,1,1,0.1356
3431,13954,1,1,0.1356
3431,20287,1,1,0.1356
13954,20287,1,1,0.1356
11450,13509,1,1,0.1356
11450,21355,1,1,0.1356
4304,19787,1,1,0.1356
2569,22673,1,1,0.1356
7893,11450,1,1,0.1356
1939,10773,1,1,0.1356
1939,12428,1,1,0.1356
10773,12428,1,1,0.1356
17759,20874,1,1,0.1356
7515,19800,1,1,0.1356
7156,18168,1,1,0.1356
2393,11987,1,1,0.1356
16594,17291,1,1,0.1356
10783,15526,1,1,0.1356
4304,17563,1,1,0.1356
1236,6788,1,1,0.1356
1236,5874,1,1,0.1356
5816,17395,1,1,0.1356
3459,17395,1,1,0.1356
7705,19968,1,1,0.1356
208,2001,1,1,0.1356
7193,20538,1,1,0.1356
1871,17677,1,1,0.1356
7530,7731,1,1,0.1356
9790,20003,1,1,0.1356
12254,14599,1,1,0.1356
8724,16918,1,1,0.1356
15125,16102,1,1,0.1356
1695,12030,1,1,0.1356
1291,20493,1,1,0.1356
1417,1826,1,1,0.1356
1417,3459,1,1,0.1356
1417,5816,1,1,0.1356
1417,17395,1,1,0.1356
1826,2707,1,1,0.1356
1826,3459,1,1,0.1356
1826,5816,1,1,0.1356
1826,17395,1,1,0.1356
2707,3459,1,1,0.1356
2707,5816,1,1,0.1356
2707,17395,1,1,0.1356
3459,5816,1,1,0.1356
98,7806,1,1,0.1356
3099,12114,1,1,0.1356
10630,17921,1,1,0.1356
9294,12838,1,1,0.1356
12838,14112,1,1,0.1356
2600,3614,1,1,0.1356
2600,5577,1,1,0.1356
2600,16147,1,1,0.1356
3614,16147,1,1,0.1356
5577,16147,1,1,0.1356
18,17606,1,1,0.1356
16428,18433,1,1,0.1356
3553,5231,1,1,0.1356
2065,14858,1,1,0.1356
18,3355,1,1,0.1356
1695,18485,1,1,0.1356
10287,19605,1,1,0.1356
10287,22423,1,1,0.1356
19605,22423,1,1,0.1356
18276,21996,1,1,0.1356
1695,8229,1,1,0.1356
1695,20383,1,1,0.1356
8229,20383,1,1,0.1356
2569,11066,1,1,0.1356
2569,15538,1,1,0.1356
2569,17883,1,1,0.1356
2569,20975,1,1,0.1356
9294,14112,1,1,0.1356
8787,14112,1,1,0.1356
18403,20918,1,1,0.1356
8787,12838,1,1,0.1356
14393,17677,1,1,0.1356
16811,21775,1,1,0.1356
6007,6683,1,1,0.1356
87,1022,1,1,0.1356
87,17395,1,1,0.1356
16102,16381,1,1,0.1356
2500,4534,1,1,0.1356
14177,20148,1,1,0.1356
10562,17330,1,1,0.1356
4400,10562,1,1,0.1356
4400,17888,1,1,0.1356
10562,17888,1,1,0.1356
1662,20771,1,1,0.1356
16102,18764,1,1,0.1356
16102,20952,1,1,0.1356
18764,20952,1,1,0.1356
2600,22217,1,1,0.1356
11609,16428,1,1,0.1356
7515,8787,1,1,0.1356
7515,9294,1,1,0.1356
7515,12838,1,1,0.1356
7515,14112,1,1,0.1356
8787,9294,1,1,0.1356
11802,23845,1,1,0.1356
5710,28490,1,1,0.1356
21328,21827,1,1,0.1356
25249,29074,1,1,0.1356
5234,21494,1,1,0.1356
15425,23845,1,1,0.1356
15425,26151,1,1,0.1356
23845,26151,1,1,0.1356
10913,25301,1,1,0.1356
5848,21275,1,1,0.1356
15266,22217,1,1,0.1356
2519,21275,1,1,0.1356
2161,25714,1,1,0.1356
1519,23841,1,1,0.1356
26333,29074,1,1,0.1356
15959,28670,1,1,0.1356
1949,25213,1,1,0.1356
10952,29203,1,1,0.1356
28900,28937,1,1,0.1356
26673,29716,1,1,0.1356
13664,29074,1,1,0.1356
630,2526,1,1,0.1356
12661,12870,1,1,0.1356
12661,26975,1,1,0.1356
12661,27035,1,1,0.1356
12661,28132,1,1,0.1356
12870,26975,1,1,0.1356
12870,27035,1,1,0.1356
18891,22162,1,1,0.1356
9315,27680,1,1,0.1356
18443,26176,1,1,0.1356
17993,26176,1,1,0.1356
6428,15526,1,1,0.1356
24129,25597,1,1,0.1356
2558,4192,1,1,0.1356
15656,20643,1,1,0.1356
18338,27091,1,1,0.1356
3038,21886,1,1,0.1356
2600,26469,1,1,0.1356
2781,26469,1,1,0.1356
21433,23841,1,1,0.1356
13161,17553,1,1,0.1356
13161,23841,1,1,0.1356
17553,23841,1,1,0.1356
3711,12661,1,1,0.1356
24400,27095,1,1,0.1356
1031,4636,1,1,0.1356
1031,21331,1,1,0.1356
4636,21331,1,1,0.1356
18443,21319,1,1,0.1356
20423,24506,1,1,0.1356
12254,25673,1,1,0.1356
12650,22775,1,1,0.1356
8345,27656,1,1,0.1356
17993,18443,1,1,0.1356
12870,28132,1,1,0.1356
27035,28132,1,1,0.1356
11111,27760,1,1,0.1356
8691,30326,1,1,0.1356
4001,21779,1,1,0.1356
13537,28497,1,1,0.1356
2596,23340,1,1,0.1356
20037,21673,1,1,0.1356
28304,31464,1,1,0.1356
20114,30364,1,1,0.1356
12805,30364,1,1,0.1356
12805,20114,1,1,0.1356
14786,26312,1,1,0.1356
3283,29197,1,1,0.1356
29074,29692,1,1,0.1356
26258,29413,1,1,0.1356
23902,28206,1,1,0.1356
5393,30234,1,1,0.1356
29536,30870,1,1,0.1356
13730,26898,1,1,0.1356
6700,30870,1,1,0.1356
12348,30427,1,1,0.1356
4001,25473,1,1,0.1356
1859,30418,1,1,0.1356
25660,29692,1,1,0.1356
11910,15939,1,1,0.1356
2526,29688,1,1,0.1356
20287,30326,1,1,0.1356
8691,20287,1,1,0.1356
5415,28779,1,1,0.1356
23845,26271,1,1,0.1356
24995,28937,1,1,0.1356
24995,29716,1,1,0.1356
28937,29716,1,1,0.1356
4001,23845,1,1,0.1356
20487,29688,1,1,0.1356
26200,29612,1,1,0.1356
14777,29722,1,1,0.1356
17212,30076,1,1,0.1356
28040,29688,1,1,0.1356
25472,29078,1,1,0.1356
25472,29692,1,1,0.1356
29078,29692,1,1,0.1356
16427,29074,1,1,0.1356
22681,25622,1,1,0.1356
2224,16918,1,1,0.1356
2224,27574,1,1,0.1356
16918,27574,1,1,0.1356
20242,27040,1,1,0.1356
3726,20119,1,1,0.1356
26673,27760,1,1,0.1356
26099,26589,1,1,0.1356
26099,28937,1,1,0.1356
26589,28937,1,1,0.1356
24129,25213,1,1,0.1356
1949,24129,1,1,0.1356
1549,8870,1,1,0.1356
60,23767,1,1,0.1356
5781,14397,1,1,0.1356
5781,15327,1,1,0.1356
3811,25080,1,1,0.1356
569,2807,1,1,0.1356
12661,13691,1,1,0.1356
12661,21192,1,1,0.1356
13691,21192,1,1,0.1356
17997,19887,1,1,0.1356
48,2457,1,1,0.1356
48,6584,1,1,0.1356
2457,6584,1,1,0.1356
5599,23901,1,1,0.1356
5289,20100,1,1,0.1356
14317,21779,1,1,0.1356
14317,22549,1,1,0.1356
21779,22549,1,1,0.1356
5361,12573,1,1,0.1356
10892,23902,1,1,0.1356
10892,25238,1,1,0.1356
10892,25264,1,1,0.1356
23902,25238,1,1,0.1356
23902,25264,1,1,0.1356
25238,25264,1,1,0.1356
2569,14985,1,1,0.1356
16811,21179,1,1,0.1356
14359,21179,1,1,0.1356
14359,16811,1,1,0.1356
8331,21179,1,1,0.1356
8598,22217,1,1,0.1356
16399,21167,1,1,0.1356
10626,11743,1,1,0.1356
2944,18573,1,1,0.1356
2944,20346,1,1,0.1356
18573,20346,1,1,0.1356
1247,7782,1,1,0.1356
3603,5781,1,1,0.1356
3603,21179,1,1,0.1356
3603,21280,1,1,0.1356
5781,21179,1,1,0.1356
5781,21280,1,1,0.1356
21179,21280,1,1,0.1356
628,8331,1,1,0.1356
6308,14397,1,1,0.1356
6308,15319,1,1,0.1356
6308,15327,1,1,0.1356
6308,25119,1,1,0.1356
2065,9606,1,1,0.1356
2065,10449,1,1,0.1356
9606,10449,1,1,0.1356
8331,14359,1,1,0.1356
8331,16811,1,1,0.1356
2569,20349,1,1,0.1356
2569,24457,1,1,0.1356
2569,25366,1,1,0.1356
6177,25249,1,1,0.1356
9972,25394,1,1,0.1356
24313,25394,1,1,0.1356
19014,24385,1,1,0.1356
21433,23930,1,1,0.1356
7838,25468,1,1,0.1356
12563,19249,1,1,0.1356
20100,20725,1,1,0.1356
25310,25595,1,1,0.1356
22211,25213,1,1,0.1356
22211,25322,1,1,0.1356
22211,25597,1,1,0.1356
22211,25650,1,1,0.1356
25213,25597,1,1,0.1356
25213,25650,1,1,0.1356
25322,25597,1,1,0.1356
25322,25650,1,1,0.1356
25597,25650,1,1,0.1356
942,11007,1,1,0.1356
942,13161,1,1,0.1356
942,18181,1,1,0.1356
11007,13161,1,1,0.1356
11007,18181,1,1,0.1356
13161,18181,1,1,0.1356
9972,24313,1,1,0.1356
3222,11000,1,1,0.1356
14985,20349,1,1,0.1356
25285,25317,1,1,0.1356
14985,24457,1,1,0.1356
14985,25366,1,1,0.1356
20349,24457,1,1,0.1356
20349,25366,1,1,0.1356
24457,25366,1,1,0.1356
8229,13065,1,1,0.1356
8229,12705,1,1,0.1356
60,3336,1,1,0.1356
12790,23176,1,1,0.1356
10892,18403,1,1,0.1356
10892,25054,1,1,0.1356
10892,25597,1,1,0.1356
18403,25054,1,1,0.1356
18403,25597,1,1,0.1356
25054,25597,1,1,0.1356
7251,12790,1,1,0.1356
2326,4305,1,1,0.1356
7251,20449,1,1,0.1356
2326,8277,1,1,0.1356
507,25285,1,1,0.1356
507,25317,1,1,0.1356
5334,25285,1,1,0.1356
5334,25317,1,1,0.1356
5032,19831,1,1,0.1356
1110,1572,1,1,0.1356
13088,19120,1,1,0.1356
189,9601,1,1,0.1356
3629,14055,1,1,0.1356
3629,14058,1,1,0.1356
3629,14312,1,1,0.1356
12399,13092,1,1,0.1356
12399,14055,1,1,0.1356
12399,14058,1,1,0.1356
12399,14312,1,1,0.1356
13092,14055,1,1,0.1356
13092,14058,1,1,0.1356
13092,14312,1,1,0.1356
14055,14058,1,1,0.1356
14055,14312,1,1,0.1356
14058,14312,1,1,0.1356
598,8943,1,1,0.1356
598,9093,1,1,0.1356
598,11688,1,1,0.1356
869,8943,1,1,0.1356
869,9093,1,1,0.1356
869,11688,1,1,0.1356
8943,9093,1,1,0.1356
8943,11688,1,1,0.1356
3629,13092,1,1,0.1356
3629,12399,1,1,0.1356
3003,14312,1,1,0.1356
992,3003,1,1,0.1356
293,3170,1,1,0.1356
1291,3170,1,1,0.1356
12080,13255,1,1,0.1356
13416,13724,1,1,0.1356
3744,13032,1,1,0.1356
5941,12685,1,1,0.1356
5425,6581,1,1,0.1356
5425,13119,1,1,0.1356
6581,13119,1,1,0.1356
992,3629,1,1,0.1356
3003,14058,1,1,0.1356
992,12399,1,1,0.1356
992,13092,1,1,0.1356
992,14055,1,1,0.1356
992,14058,1,1,0.1356
992,14312,1,1,0.1356
3003,3629,1,1,0.1356
3003,12399,1,1,0.1356
3003,13092,1,1,0.1356
3003,14055,1,1,0.1356
9093,11688,1,1,0.1356
1014,5412,1,1,0.1356
1014,9784,1,1,0.1356
7415,15170,1,1,0.1356
4428,5420,1,1,0.1356
4428,13257,1,1,0.1356
5420,13257,1,1,0.1356
5474,19120,1,1,0.1356
5729,11857,1,1,0.1356
5729,14557,1,1,0.1356
5729,15170,1,1,0.1356
7415,11857,1,1,0.1356
7415,14557,1,1,0.1356
11857,14557,1,1,0.1356
1579,14863,1,1,0.1356
11857,15170,1,1,0.1356
14557,15170,1,1,0.1356
5619,15074,1,1,0.1356
3344,4236,1,1,0.1356
3344,7544,1,1,0.1356
4236,7544,1,1,0.1356
2543,11841,1,1,0.1356
4147,5370,1,1,0.1356
4147,7193,1,1,0.1356
4147,11036,1,1,0.1356
11331,12588,1,1,0.1356
5412,9784,1,1,0.1356
9030,11094,1,1,0.1356
216,1236,1,1,0.1356
3677,12652,1,1,0.1356
1014,3707,1,1,0.1356
1014,9916,1,1,0.1356
1014,11072,1,1,0.1356
3707,9916,1,1,0.1356
3707,11072,1,1,0.1356
9916,11072,1,1,0.1356
77,14557,1,1,0.1356
9030,13724,1,1,0.1356
13724,14097,1,1,0.1356
9030,14097,1,1,0.1356
9672,11094,1,1,0.1356
9672,13724,1,1,0.1356
9672,14097,1,1,0.1356
11094,12968,1,1,0.1356
11094,13724,1,1,0.1356
11094,14097,1,1,0.1356
12968,13724,1,1,0.1356
12968,14097,1,1,0.1356
293,1291,1,1,0.1356
145,9601,1,1,0.1356
6286,12003,1,1,0.1356
7018,12080,1,1,0.1356
1642,3633,1,1,0.1356
1550,3203,1,1,0.1356
1097,4794,1,1,0.1356
1249,3222,1,1,0.1356
1249,5051,1,1,0.1356
3222,5051,1,1,0.1356
1324,6152,1,1,0.1356
471,1249,1,1,0.1356
472,1249,1,1,0.1356
2843,3850,1,1,0.1356
827,1249,1,1,0.1356
3222,5781,1,1,0.1356
1249,2509,1,1,0.1356
1236,6035,1,1,0.1356
1110,3428,1,1,0.1356
1990,4606,1,1,0.1356
2980,3491,1,1,0.1356
4459,6542,1,1,0.1356
1073,6290,1,1,0.1356
1073,7843,1,1,0.1356
6290,7843,1,1,0.1356
2353,4459,1,1,0.1356
1041,4459,1,1,0.1356
1041,2353,1,1,0.1356
869,3642,1,1,0.1356
7928,29688,1,1,0.1356
1249,1990,1,1,0.1356
2032,2172,1,1,0.1356
635,717,1,1,0.1356
711,2085,1,1,0.1356
711,2620,1,1,0.1356
2085,2620,1,1,0.1356
2677,2983,1,1,0.1356
942,1249,1,1,0.1356
1154,3642,1,1,0.1356
1249,4446,1,1,0.1356
1731,3222,1,1,0.1356
1731,3503,1,1,0.1356
3222,3503,1,1,0.1356
1531,1664,1,1,0.1356
1291,2152,1,1,0.1356
869,1000,1,1,0.1356
1000,1154,1,1,0.1356
1291,1642,1,1,0.1356
1642,4138,1,1,0.1356
2633,6447,1,1,0.1356
6032,7160,1,1,0.1356
1249,2801,1,1,0.1356
1572,3197,1,1,0.1356
2379,12011,1,1,0.1356
583,3647,1,1,0.1356
581,11218,1,1,0.1356
11248,12588,1,1,0.1356
3013,9917,1,1,0.1356
992,5305,1,1,0.1356
1110,3197,1,1,0.1356
1110,11862,1,1,0.1356
1110,12990,1,1,0.1356
1572,11862,1,1,0.1356
8604,10014,1,1,0.1356
1572,12990,1,1,0.1356
3197,11862,1,1,0.1356
3197,12990,1,1,0.1356
11862,12990,1,1,0.1356
1491,1751,1,1,0.1356
1491,7018,1,1,0.1356
1491,12080,1,1,0.1356
1751,7018,1,1,0.1356
1751,12080,1,1,0.1356
992,11728,1,1,0.1356
4648,8604,1,1,0.1356
1897,8010,1,1,0.1356
1110,3400,1,1,0.1356
1249,3181,1,1,0.1356
3744,5781,1,1,0.1356
2412,3181,1,1,0.1356
2412,5655,1,1,0.1356
3181,5655,1,1,0.1356
1291,3744,1,1,0.1356
5589,6034,1,1,0.1356
2566,4596,1,1,0.1356
5781,7110,1,1,0.1356
5420,5571,1,1,0.1356
4646,8604,1,1,0.1356
5420,6145,1,1,0.1356
5571,6145,1,1,0.1356
1249,5305,1,1,0.1356
4376,5282,1,1,0.1356
4376,6906,1,1,0.1356
5282,6906,1,1,0.1356
3078,7083,1,1,0.1356
3677,4458,1,1,0.1356
4646,4648,1,1,0.1356
5370,7193,1,1,0.1356
5729,7415,1,1,0.1356
6286,12202,1,1,0.1356
9214,16428,1,1,0.1356
2558,2561,1,1,0.1356
1949,17647,1,1,0.1356
3948,16976,1,1,0.1356
3971,15021,1,1,0.1356
3971,17485,1,1,0.1356
15021,17485,1,1,0.1356
15021,17729,1,1,0.1356
17485,17729,1,1,0.1356
6114,8590,1,1,0.1356
6114,17647,1,1,0.1356
8590,17647,1,1,0.1356
12990,14467,1,1,0.1356
3031,13867,1,1,0.1356
2325,10424,1,1,0.1356
3906,6542,1,1,0.1356
1312,8099,1,1,0.1356
1312,10424,1,1,0.1356
1312,18539,1,1,0.1356
8099,10424,1,1,0.1356
8099,18539,1,1,0.1356
10424,18539,1,1,0.1356
1748,6074,1,1,0.1356
1748,12970,1,1,0.1356
8892,17893,1,1,0.1356
4249,5134,1,1,0.1356
5743,18111,1,1,0.1356
16476,17806,1,1,0.1356
4674,11846,1,1,0.1356
4674,12596,1,1,0.1356
5193,11846,1,1,0.1356
5193,12596,1,1,0.1356
11846,12596,1,1,0.1356
2049,5134,1,1,0.1356
2049,14330,1,1,0.1356
5134,14330,1,1,0.1356
2984,16476,1,1,0.1356
2984,17806,1,1,0.1356
10302,12918,1,1,0.1356
16740,17398,1,1,0.1356
7110,17914,1,1,0.1356
619,9995,1,1,0.1356
619,15252,1,1,0.1356
9995,15252,1,1,0.1356
4674,16011,1,1,0.1356
4674,17048,1,1,0.1356
16011,17048,1,1,0.1356
2049,15526,1,1,0.1356
2049,15558,1,1,0.1356
15526,15558,1,1,0.1356
6074,12970,1,1,0.1356
9214,18201,1,1,0.1356
619,12596,1,1,0.1356
16428,18201,1,1,0.1356
6191,13814,1,1,0.1356
11960,17579,1,1,0.1356
3416,8673,1,1,0.1356
3416,19611,1,1,0.1356
8673,19611,1,1,0.1356
2973,10084,1,1,0.1356
8673,14947,1,1,0.1356
4424,15481,1,1,0.1356
4424,16315,1,1,0.1356
2973,10230,1,1,0.1356
4853,6968,1,1,0.1356
4853,7004,1,1,0.1356
4853,15481,1,1,0.1356
4853,16315,1,1,0.1356
6968,7004,1,1,0.1356
6968,15481,1,1,0.1356
6968,16315,1,1,0.1356
7004,15481,1,1,0.1356
7004,16315,1,1,0.1356
10866,18018,1,1,0.1356
10866,19611,1,1,0.1356
18018,19611,1,1,0.1356
5474,13088,1,1,0.1356
4674,5945,1,1,0.1356
4753,17579,1,1,0.1356
4674,8628,1,1,0.1356
9512,13695,1,1,0.1356
10659,13853,1,1,0.1356
10659,16974,1,1,0.1356
13853,16974,1,1,0.1356
216,1291,1,1,0.1356
7278,13255,1,1,0.1356
17295,18603,1,1,0.1356
3677,9512,1,1,0.1356
3677,12114,1,1,0.1356
3677,13695,1,1,0.1356
9512,12114,1,1,0.1356
12114,13695,1,1,0.1356
2558,18563,1,1,0.1356
1812,3416,1,1,0.1356
1812,7149,1,1,0.1356
1812,11983,1,1,0.1356
3416,7149,1,1,0.1356
3416,11983,1,1,0.1356
7149,11983,1,1,0.1356
16078,19165,1,1,0.1356
5781,13161,1,1,0.1356
1138,2558,1,1,0.1356
1138,18563,1,1,0.1356
4674,5193,1,1,0.1356
25080,27035,1,1,0.1356
8031,16351,1,1,0.1356
9441,16396,1,1,0.1356
10520,12599,1,1,0.1356
10520,16288,1,1,0.1356
12599,16288,1,1,0.1356
7504,13168,1,1,0.1356
4384,13669,1,1,0.1356
2353,12202,1,1,0.1356
5619,11502,1,1,0.1356
13126,13325,1,1,0.1356
982,3939,1,1,0.1356
6060,8324,1,1,0.1356
7156,8204,1,1,0.1356
2561,13168,1,1,0.1356
13268,15730,1,1,0.1356
6329,11279,1,1,0.1356
10924,16750,1,1,0.1356
5619,15730,1,1,0.1356
3416,14095,1,1,0.1356
6177,13064,1,1,0.1356
15237,16102,1,1,0.1356
7251,16288,1,1,0.1356
7251,12599,1,1,0.1356
7251,10520,1,1,0.1356
879,14701,1,1,0.1356
5619,6146,1,1,0.1356
5619,7156,1,1,0.1356
5619,15006,1,1,0.1356
6146,7156,1,1,0.1356
6146,15006,1,1,0.1356
7156,15006,1,1,0.1356
9264,13858,1,1,0.1356
879,3390,1,1,0.1356
879,15293,1,1,0.1356
982,7544,1,1,0.1356
3390,14701,1,1,0.1356
3390,15293,1,1,0.1356
14701,15293,1,1,0.1356
6537,6754,1,1,0.1356
2843,8031,1,1,0.1356
2843,9132,1,1,0.1356
2843,16351,1,1,0.1356
8031,9132,1,1,0.1356
5619,13268,1,1,0.1356
6629,13064,1,1,0.1356
3939,7544,1,1,0.1356
11279,11331,1,1,0.1356
6950,9060,1,1,0.1356
5392,9060,1,1,0.1356
10999,13301,1,1,0.1356
5392,6950,1,1,0.1356
5619,11347,1,1,0.1356
1236,11347,1,1,0.1356
1236,5619,1,1,0.1356
1564,1809,1,1,0.1356
9023,10686,1,1,0.1356
7193,10686,1,1,0.1356
7193,9023,1,1,0.1356
942,10686,1,1,0.1356
942,9023,1,1,0.1356
942,7193,1,1,0.1356
12003,12202,1,1,0.1356
3677,7922,1,1,0.1356
145,15374,1,1,0.1356
1005,12308,1,1,0.1356
100,9221,1,1,0.1356
6950,13301,1,1,0.1356
619,4674,1,1,0.1356
6950,10999,1,1,0.1356
288,13717,1,1,0.1356
284,13717,1,1,0.1356
8133,12997,1,1,0.1356
8204,12308,1,1,0.1356
619,5193,1,1,0.1356
619,11846,1,1,0.1356
7544,16590,1,1,0.1356
10918,13885,1,1,0.1356
5619,13885,1,1,0.1356
5619,10918,1,1,0.1356
4850,7563,1,1,0.131154
1647,12389,1,1,0.131154
643,7563,1,1,0.131154
2681,5474,1,1,0.131154
6359,10341,1,1,0.131154
3728,8612,1,1,0.131154
2766,2992,1,1,0.131154
1630,6844,1,1,0.131154
862,1647,1,1,0.131154
3005,3208,1,1,0.131154
1057,4533,1,1,0.131154
2270,7085,1,1,0.131154
3979,5637,1,1,0.131154
388,1944,1,1,0.131154
812,1291,1,1,0.131154
812,4138,1,1,0.131154
265,984,1,1,0.131154
3052,3753,1,1,0.131154
2752,4778,1,1,0.131154
4423,5935,1,1,0.131154
1920,2752,1,1,0.131154
1372,3416,1,1,0.131154
3146,4618,1,1,0.131154
2676,3427,1,1,0.131154
2569,6236,1,1,0.131154
4100,7753,1,1,0.131154
3005,8244,1,1,0.131154
233,2676,1,1,0.131154
3005,4268,1,1,0.131154
265,2377,1,1,0.131154
1057,7193,1,1,0.131154
465,8093,1,1,0.131154
1920,8166,1,1,0.131154
1920,7085,1,1,0.131154
673,2649,1,1,0.131154
3142,3427,1,1,0.131154
1915,2270,1,1,0.131154
2766,9775,1,1,0.131154
3979,8112,1,1,0.131154
5637,8112,1,1,0.131154
3019,6296,1,1,0.131154
2976,9901,1,1,0.131154
8334,9775,1,1,0.131154
6606,9775,1,1,0.131154
6606,8334,1,1,0.131154
6369,9775,1,1,0.131154
6369,6606,1,1,0.131154
2766,8334,1,1,0.131154
1597,2270,1,1,0.131154
2766,6606,1,1,0.131154
2766,6369,1,1,0.131154
1107,1734,1,1,0.131154
2744,4585,1,1,0.131154
4533,7193,1,1,0.131154
1324,2270,1,1,0.131154
1324,2033,1,1,0.131154
1597,2811,1,1,0.131154
1915,2811,1,1,0.131154
2369,4778,1,1,0.131154
5759,11214,1,1,0.131154
7405,13211,1,1,0.131154
15028,21540,1,1,0.131154
20386,20833,1,1,0.131154
8220,24094,1,1,0.131154
8220,20833,1,1,0.131154
8220,20386,1,1,0.131154
12591,22108,1,1,0.131154
5123,22108,1,1,0.131154
5123,12591,1,1,0.131154
15028,17277,1,1,0.131154
20833,24094,1,1,0.131154
10184,14015,1,1,0.131154
8506,14015,1,1,0.131154
8506,10184,1,1,0.131154
5123,14015,1,1,0.131154
5123,10184,1,1,0.131154
5123,8506,1,1,0.131154
17857,23609,1,1,0.131154
20386,24094,1,1,0.131154
7735,11281,1,1,0.131154
4601,15906,1,1,0.131154
2718,15569,1,1,0.131154
22,21155,1,1,0.131154
22,2718,1,1,0.131154
6904,12591,1,1,0.131154
6842,12591,1,1,0.131154
8506,15569,1,1,0.131154
4843,15569,1,1,0.131154
4843,8506,1,1,0.131154
2718,8506,1,1,0.131154
4601,16374,1,1,0.131154
2718,4843,1,1,0.131154
12724,20822,1,1,0.131154
12383,20822,1,1,0.131154
12383,12724,1,1,0.131154
12068,20822,1,1,0.131154
12068,12383,1,1,0.131154
15925,17565,1,1,0.131154
15756,23609,1,1,0.131154
15756,17857,1,1,0.131154
9825,23609,1,1,0.131154
571,13242,1,1,0.131154
7629,22718,1,1,0.131154
4168,14430,1,1,0.131154
2707,14430,1,1,0.131154
2707,4168,1,1,0.131154
8766,13242,1,1,0.131154
2798,13242,1,1,0.131154
2798,8766,1,1,0.131154
571,8766,1,1,0.131154
9825,17857,1,1,0.131154
571,2798,1,1,0.131154
3186,21889,1,1,0.131154
22718,24094,1,1,0.131154
7707,24094,1,1,0.131154
7707,22718,1,1,0.131154
15756,21773,1,1,0.131154
20387,23443,1,1,0.131154
11367,24109,1,1,0.131154
1391,2789,1,1,0.131154
1391,8670,1,1,0.131154
2789,8670,1,1,0.131154
9825,15756,1,1,0.131154
8180,13585,1,1,0.131154
22,13585,1,1,0.131154
22,8180,1,1,0.131154
1696,23994,1,1,0.131154
1696,23741,1,1,0.131154
23114,23682,1,1,0.131154
8336,9502,1,1,0.131154
17857,19517,1,1,0.131154
7900,11902,1,1,0.131154
7707,19207,1,1,0.131154
1920,2044,1,1,0.131154
13413,19765,1,1,0.131154
1048,19765,1,1,0.131154
1048,13413,1,1,0.131154
2718,21155,1,1,0.131154
4601,23613,1,1,0.131154
13180,17235,1,1,0.131154
177,11151,1,1,0.131154
8612,23682,1,1,0.131154
8612,14912,1,1,0.131154
14094,24394,1,1,0.131154
2241,24394,1,1,0.131154
2241,14094,1,1,0.131154
2425,21459,1,1,0.131154
2786,11151,1,1,0.131154
9901,18099,1,1,0.131154
14912,23682,1,1,0.131154
3440,18099,1,1,0.131154
3440,9901,1,1,0.131154
21746,23682,1,1,0.131154
6542,23682,1,1,0.131154
6542,21746,1,1,0.131154
21459,23328,1,1,0.131154
1920,23328,1,1,0.131154
8612,24673,1,1,0.131154
14912,24673,1,1,0.131154
4601,23688,1,1,0.131154
17792,21225,1,1,0.131154
552,9348,1,1,0.131154
9348,14865,1,1,0.131154
11917,16829,1,1,0.131154
1920,16829,1,1,0.131154
1920,11917,1,1,0.131154
21225,22963,1,1,0.131154
17792,22963,1,1,0.131154
6764,22963,1,1,0.131154
23682,24673,1,1,0.131154
6764,21225,1,1,0.131154
6764,17792,1,1,0.131154
6762,22963,1,1,0.131154
6762,21225,1,1,0.131154
6762,17792,1,1,0.131154
1998,16948,1,1,0.131154
1411,6542,1,1,0.131154
3459,13857,1,1,0.131154
3049,13857,1,1,0.131154
3049,3459,1,1,0.131154
20386,21459,1,1,0.131154
4601,5172,1,1,0.131154
10774,22544,1,1,0.131154
7787,22544,1,1,0.131154
2526,21955,1,1,0.131154
5123,24149,1,1,0.131154
11151,23606,1,1,0.131154
1349,5172,1,1,0.131154
5137,21459,1,1,0.131154
9621,20726,1,1,0.131154
5137,20386,1,1,0.131154
1920,20386,1,1,0.131154
1920,5137,1,1,0.131154
1788,13857,1,1,0.131154
12379,19252,1,1,0.131154
15906,23688,1,1,0.131154
15906,23613,1,1,0.131154
4601,20386,1,1,0.131154
5172,20386,1,1,0.131154
6095,17383,1,1,0.131154
9038,17383,1,1,0.131154
7664,10074,1,1,0.131154
11768,21746,1,1,0.131154
8900,9991,1,1,0.131154
4601,9991,1,1,0.131154
4601,8900,1,1,0.131154
6057,24149,1,1,0.131154
9621,20809,1,1,0.131154
5123,8900,1,1,0.131154
1920,8900,1,1,0.131154
1920,5123,1,1,0.131154
1074,8900,1,1,0.131154
1074,1920,1,1,0.131154
18359,21955,1,1,0.131154
9003,21955,1,1,0.131154
9003,18359,1,1,0.131154
4440,23443,1,1,0.131154
4440,20387,1,1,0.131154
21459,22891,1,1,0.131154
6125,14991,1,1,0.131154
9985,20459,1,1,0.131154
9985,17757,1,1,0.131154
2049,21957,1,1,0.131154
3068,5845,1,1,0.131154
19183,22146,1,1,0.131154
14991,17762,1,1,0.131154
6125,17762,1,1,0.131154
16370,21793,1,1,0.131154
92,9689,1,1,0.131154
4528,21793,1,1,0.131154
4528,16370,1,1,0.131154
1920,21793,1,1,0.131154
1920,16370,1,1,0.131154
12257,14901,1,1,0.131154
14219,21156,1,1,0.131154
3068,12303,1,1,0.131154
17757,20459,1,1,0.131154
92,22146,1,1,0.131154
2798,13034,1,1,0.131154
22,4129,1,1,0.131154
4125,15689,1,1,0.131154
16000,22783,1,1,0.131154
14035,16000,1,1,0.131154
4129,16000,1,1,0.131154
22,22783,1,1,0.131154
22,16000,1,1,0.131154
22,14035,1,1,0.131154
18359,18426,1,1,0.131154
9689,22146,1,1,0.131154
12754,16864,1,1,0.131154
930,16864,1,1,0.131154
930,12754,1,1,0.131154
10865,18359,1,1,0.131154
8180,17757,1,1,0.131154
3375,17757,1,1,0.131154
3375,8180,1,1,0.131154
1205,12303,1,1,0.131154
1205,3068,1,1,0.131154
18234,21132,1,1,0.131154
7420,7882,1,1,0.131154
1729,9855,1,1,0.131154
4477,13544,1,1,0.131154
20528,21622,1,1,0.131154
3566,16054,1,1,0.131154
3566,15275,1,1,0.131154
9855,14862,1,1,0.131154
10787,14190,1,1,0.131154
16551,19554,1,1,0.131154
17987,21132,1,1,0.131154
3852,19554,1,1,0.131154
3852,16551,1,1,0.131154
1608,2314,1,1,0.131154
1585,2314,1,1,0.131154
1920,21049,1,1,0.131154
12850,20467,1,1,0.131154
9519,20467,1,1,0.131154
1729,21793,1,1,0.131154
9855,21793,1,1,0.131154
51,390,1,1,0.131154
51,13544,1,1,0.131154
17987,18234,1,1,0.131154
19421,19707,1,1,0.131154
8084,19421,1,1,0.131154
4528,6040,1,1,0.131154
5311,21066,1,1,0.131154
2564,21066,1,1,0.131154
2564,5311,1,1,0.131154
18143,20636,1,1,0.131154
13544,20636,1,1,0.131154
13544,18143,1,1,0.131154
390,20636,1,1,0.131154
390,18143,1,1,0.131154
390,13544,1,1,0.131154
51,20636,1,1,0.131154
51,18143,1,1,0.131154
4125,20831,1,1,0.131154
15689,20831,1,1,0.131154
13979,19423,1,1,0.131154
10515,21996,1,1,0.131154
9523,13816,1,1,0.131154
20672,21736,1,1,0.131154
3005,18951,1,1,0.131154
13608,20991,1,1,0.131154
8590,11393,1,1,0.131154
7766,11393,1,1,0.131154
7766,8590,1,1,0.131154
18254,22873,1,1,0.131154
2917,5998,1,1,0.131154
14991,18254,1,1,0.131154
5570,22873,1,1,0.131154
5570,18254,1,1,0.131154
5570,14991,1,1,0.131154
7200,19239,1,1,0.131154
3954,19239,1,1,0.131154
16617,21459,1,1,0.131154
9523,23159,1,1,0.131154
9523,23606,1,1,0.131154
13816,23159,1,1,0.131154
13816,23606,1,1,0.131154
3728,21934,1,1,0.131154
22,1392,1,1,0.131154
3005,22823,1,1,0.131154
1979,14430,1,1,0.131154
21622,23681,1,1,0.131154
1982,20517,1,1,0.131154
1200,4693,1,1,0.131154
229,23314,1,1,0.131154
2314,6106,1,1,0.131154
3566,3954,1,1,0.131154
20220,20517,1,1,0.131154
7941,22646,1,1,0.131154
6106,22646,1,1,0.131154
6106,7941,1,1,0.131154
23159,23606,1,1,0.131154
19765,21965,1,1,0.131154
1920,5998,1,1,0.131154
10673,13726,1,1,0.131154
3215,18427,1,1,0.131154
11158,21195,1,1,0.131154
5473,21195,1,1,0.131154
5473,11158,1,1,0.131154
1173,10507,1,1,0.131154
21556,21606,1,1,0.131154
11139,21606,1,1,0.131154
11139,21556,1,1,0.131154
16,18427,1,1,0.131154
1920,2917,1,1,0.131154
16,3215,1,1,0.131154
9428,13117,1,1,0.131154
8590,17129,1,1,0.131154
7031,17129,1,1,0.131154
7031,8590,1,1,0.131154
16991,20312,1,1,0.131154
1920,22183,1,1,0.131154
89,19509,1,1,0.131154
1282,20865,1,1,0.131154
2732,8590,1,1,0.131154
2732,20913,1,1,0.131154
11654,16782,1,1,0.131154
1173,21477,1,1,0.131154
10727,17801,1,1,0.131154
5970,17801,1,1,0.131154
21459,21820,1,1,0.131154
18531,21820,1,1,0.131154
18531,21459,1,1,0.131154
18254,21820,1,1,0.131154
18254,21459,1,1,0.131154
18254,18531,1,1,0.131154
1920,22208,1,1,0.131154
5970,8582,1,1,0.131154
1134,8582,1,1,0.131154
1134,5970,1,1,0.131154
8590,20913,1,1,0.131154
6764,14685,1,1,0.131154
2740,5491,1,1,0.131154
2740,21258,1,1,0.131154
11159,19333,1,1,0.131154
13343,26043,1,1,0.131154
13343,19166,1,1,0.131154
1449,25749,1,1,0.131154
1926,13857,1,1,0.131154
23605,27613,1,1,0.131154
19314,27613,1,1,0.131154
19314,23605,1,1,0.131154
13931,22194,1,1,0.131154
13343,28673,1,1,0.131154
5888,14627,1,1,0.131154
12257,24413,1,1,0.131154
1305,18328,1,1,0.131154
2526,28018,1,1,0.131154
22873,24691,1,1,0.131154
13917,27156,1,1,0.131154
15184,20718,1,1,0.131154
13343,27016,1,1,0.131154
19166,26043,1,1,0.131154
6458,25552,1,1,0.131154
22519,28413,1,1,0.131154
6550,13490,1,1,0.131154
28202,28300,1,1,0.131154
14549,28300,1,1,0.131154
14549,28202,1,1,0.131154
28072,28413,1,1,0.131154
27878,28413,1,1,0.131154
27878,28072,1,1,0.131154
22519,27878,1,1,0.131154
19166,28673,1,1,0.131154
22346,27459,1,1,0.131154
14918,22346,1,1,0.131154
14642,22346,1,1,0.131154
14642,14918,1,1,0.131154
27016,28673,1,1,0.131154
26043,28673,1,1,0.131154
26043,27016,1,1,0.131154
6589,20718,1,1,0.131154
6589,15184,1,1,0.131154
9712,15184,1,1,0.131154
17802,26672,1,1,0.131154
328,25489,1,1,0.131154
328,19495,1,1,0.131154
6553,23606,1,1,0.131154
12024,20868,1,1,0.131154
15889,24367,1,1,0.131154
26672,26905,1,1,0.131154
17802,26905,1,1,0.131154
12835,26905,1,1,0.131154
2526,27703,1,1,0.131154
12835,17802,1,1,0.131154
13272,26058,1,1,0.131154
23260,23907,1,1,0.131154
10313,18719,1,1,0.131154
22873,23795,1,1,0.131154
6817,25552,1,1,0.131154
6460,25552,1,1,0.131154
19495,25489,1,1,0.131154
4196,17857,1,1,0.131154
4196,25325,1,1,0.131154
17857,25325,1,1,0.131154
2313,18161,1,1,0.131154
14991,15196,1,1,0.131154
1091,22443,1,1,0.131154
24439,26541,1,1,0.131154
18338,26062,1,1,0.131154
4196,26062,1,1,0.131154
4196,18338,1,1,0.131154
3361,5474,1,1,0.131154
14072,26197,1,1,0.131154
18867,19207,1,1,0.131154
14630,19492,1,1,0.131154
2288,19492,1,1,0.131154
2288,14630,1,1,0.131154
10486,10982,1,1,0.131154
11536,26386,1,1,0.131154
24022,29824,1,1,0.131154
24022,26075,1,1,0.131154
4464,24995,1,1,0.131154
23722,30351,1,1,0.131154
898,11582,1,1,0.131154
691,29076,1,1,0.131154
691,25513,1,1,0.131154
691,11582,1,1,0.131154
691,898,1,1,0.131154
21507,30042,1,1,0.131154
25021,31342,1,1,0.131154
29981,30340,1,1,0.131154
24610,29253,1,1,0.131154
29928,30340,1,1,0.131154
29928,29981,1,1,0.131154
17088,30340,1,1,0.131154
17088,29981,1,1,0.131154
17088,29928,1,1,0.131154
3726,8521,1,1,0.131154
29253,30707,1,1,0.131154
898,25513,1,1,0.131154
898,29076,1,1,0.131154
11582,25513,1,1,0.131154
11582,29076,1,1,0.131154
5614,9270,1,1,0.131154
18339,30042,1,1,0.131154
3395,30042,1,1,0.131154
21542,30042,1,1,0.131154
20828,22015,1,1,0.131154
9362,30042,1,1,0.131154
7056,19066,1,1,0.131154
30042,31448,1,1,0.131154
5916,21982,1,1,0.131154
27113,30707,1,1,0.131154
20481,30707,1,1,0.131154
20481,27113,1,1,0.131154
17799,23019,1,1,0.131154
7663,31171,1,1,0.131154
25513,29076,1,1,0.131154
24610,30707,1,1,0.131154
1502,30707,1,1,0.131154
3285,13641,1,1,0.131154
16219,27060,1,1,0.131154
15284,29627,1,1,0.131154
27175,30159,1,1,0.131154
8612,26874,1,1,0.131154
29699,29965,1,1,0.131154
27416,29965,1,1,0.131154
26805,30009,1,1,0.131154
18792,25652,1,1,0.131154
15649,29049,1,1,0.131154
8244,24022,1,1,0.131154
25596,26786,1,1,0.131154
13250,25064,1,1,0.131154
17277,29686,1,1,0.131154
1842,13739,1,1,0.131154
19888,29440,1,1,0.131154
13641,13907,1,1,0.131154
3285,13907,1,1,0.131154
842,23164,1,1,0.131154
842,26265,1,1,0.131154
22945,26265,1,1,0.131154
23164,26265,1,1,0.131154
3110,19536,1,1,0.131154
1943,23734,1,1,0.131154
18242,29770,1,1,0.131154
26243,29676,1,1,0.131154
24690,30707,1,1,0.131154
12573,30707,1,1,0.131154
15153,26902,1,1,0.131154
26239,27645,1,1,0.131154
30796,30862,1,1,0.131154
25270,30796,1,1,0.131154
27666,29958,1,1,0.131154
24995,30400,1,1,0.131154
8181,23682,1,1,0.131154
16112,29006,1,1,0.131154
8115,27645,1,1,0.131154
6460,6817,1,1,0.131154
6458,6817,1,1,0.131154
2740,24812,1,1,0.131154
5743,14685,1,1,0.131154
14685,18338,1,1,0.131154
13842,18338,1,1,0.131154
13842,14685,1,1,0.131154
6844,18338,1,1,0.131154
6844,14685,1,1,0.131154
6844,13842,1,1,0.131154
5743,18338,1,1,0.131154
5743,13842,1,1,0.131154
8900,12383,1,1,0.131154
5743,6844,1,1,0.131154
4601,14685,1,1,0.131154
4601,13842,1,1,0.131154
4601,6844,1,1,0.131154
4601,5743,1,1,0.131154
11214,19207,1,1,0.131154
5759,19207,1,1,0.131154
8900,11326,1,1,0.131154
11326,12383,1,1,0.131154
8057,14430,1,1,0.131154
12786,18292,1,1,0.131154
6756,12383,1,1,0.131154
8944,9607,1,1,0.131154
10507,22320,1,1,0.131154
11868,15558,1,1,0.131154
10446,15558,1,1,0.131154
10446,11868,1,1,0.131154
6804,13177,1,1,0.131154
1173,18292,1,1,0.131154
3478,22873,1,1,0.131154
1173,12786,1,1,0.131154
552,11768,1,1,0.131154
11814,16765,1,1,0.131154
8670,10507,1,1,0.131154
13355,21826,1,1,0.131154
34,83,1,1,0.131154
21820,23098,1,1,0.131154
21083,21826,1,1,0.131154
11814,21826,1,1,0.131154
11814,21083,1,1,0.131154
23107,23296,1,1,0.131154
4601,12889,1,1,0.131154
2311,20386,1,1,0.131154
13544,18049,1,1,0.131154
6844,18049,1,1,0.131154
6844,13544,1,1,0.131154
20844,21083,1,1,0.131154
6756,19207,1,1,0.131154
21459,23296,1,1,0.131154
6756,21826,1,1,0.131154
21459,23107,1,1,0.131154
56,23296,1,1,0.131154
56,23107,1,1,0.131154
56,21459,1,1,0.131154
21258,24812,1,1,0.131154
5491,24812,1,1,0.131154
5491,21258,1,1,0.131154
4601,13413,1,1,0.131154
12889,13413,1,1,0.131154
1173,4693,1,1,0.131154
1173,7031,1,1,0.131154
6756,21083,1,1,0.131154
6756,11814,1,1,0.131154
3566,21826,1,1,0.131154
3566,21083,1,1,0.131154
3566,11814,1,1,0.131154
1920,21826,1,1,0.131154
1920,21083,1,1,0.131154
1920,11814,1,1,0.131154
1920,6756,1,1,0.131154
1920,3566,1,1,0.131154
359,21083,1,1,0.131154
359,11814,1,1,0.131154
359,3566,1,1,0.131154
359,1920,1,1,0.131154
4693,7031,1,1,0.131154
6756,12786,1,1,0.131154
6756,17236,1,1,0.131154
12383,12786,1,1,0.131154
359,5308,1,1,0.131154
92,182,1,1,0.131154
14708,23719,1,1,0.131154
16193,23905,1,1,0.131154
5308,23905,1,1,0.131154
5308,16193,1,1,0.131154
359,23905,1,1,0.131154
359,16193,1,1,0.131154
23143,25384,1,1,0.131154
4837,7787,1,1,0.131154
11000,24149,1,1,0.131154
7787,24149,1,1,0.131154
7787,11000,1,1,0.131154
5517,24149,1,1,0.131154
5517,11000,1,1,0.131154
5517,7787,1,1,0.131154
4837,24149,1,1,0.131154
92,2776,1,1,0.131154
92,25799,1,1,0.131154
182,25799,1,1,0.131154
2776,25799,1,1,0.131154
23143,24170,1,1,0.131154
942,21982,1,1,0.131154
5937,23065,1,1,0.131154
18338,18531,1,1,0.131154
18181,23065,1,1,0.131154
6817,18553,1,1,0.131154
4309,16193,1,1,0.131154
293,25093,1,1,0.131154
25520,25919,1,1,0.131154
2206,25520,1,1,0.131154
13557,23077,1,1,0.131154
2571,23077,1,1,0.131154
2571,13557,1,1,0.131154
2513,23077,1,1,0.131154
2513,13557,1,1,0.131154
4837,11000,1,1,0.131154
4837,5517,1,1,0.131154
12383,17236,1,1,0.131154
1173,5755,1,1,0.131154
13305,18785,1,1,0.131154
8944,22446,1,1,0.131154
20791,24634,1,1,0.131154
13376,24634,1,1,0.131154
13376,20791,1,1,0.131154
12878,18444,1,1,0.131154
17987,19425,1,1,0.131154
10945,17593,1,1,0.131154
10185,20833,1,1,0.131154
11336,24603,1,1,0.131154
5275,24538,1,1,0.131154
5474,12014,1,1,0.131154
359,12014,1,1,0.131154
359,5474,1,1,0.131154
21826,24262,1,1,0.131154
12786,17236,1,1,0.131154
18802,24936,1,1,0.131154
1828,24505,1,1,0.131154
21609,22654,1,1,0.131154
12641,12835,1,1,0.131154
1411,19332,1,1,0.131154
3459,3536,1,1,0.131154
20326,20386,1,1,0.131154
7882,20386,1,1,0.131154
7882,20326,1,1,0.131154
6458,20386,1,1,0.131154
6458,20326,1,1,0.131154
6458,7882,1,1,0.131154
1979,6526,1,1,0.131154
23606,25558,1,1,0.131154
23176,25558,1,1,0.131154
23176,23606,1,1,0.131154
11000,25558,1,1,0.131154
11000,23606,1,1,0.131154
11000,23176,1,1,0.131154
9519,12850,1,1,0.131154
4601,23357,1,1,0.131154
21660,21819,1,1,0.131154
692,16370,1,1,0.131154
2425,11189,1,1,0.131154
10727,14045,1,1,0.131154
227,8112,1,1,0.131154
2907,5245,1,1,0.131154
11814,16370,1,1,0.131154
11266,16370,1,1,0.131154
11266,11814,1,1,0.131154
692,11814,1,1,0.131154
11189,14701,1,1,0.131154
692,11266,1,1,0.131154
5391,16667,1,1,0.131154
6978,15394,1,1,0.131154
2786,5172,1,1,0.131154
10448,13809,1,1,0.131154
7420,13809,1,1,0.131154
7420,10448,1,1,0.131154
2425,14701,1,1,0.131154
5172,14332,1,1,0.131154
9152,16370,1,1,0.131154
16738,17416,1,1,0.131154
5795,16370,1,1,0.131154
5795,12697,1,1,0.131154
5795,9152,1,1,0.131154
8206,8513,1,1,0.131154
8868,11817,1,1,0.131154
2399,11817,1,1,0.131154
2399,8868,1,1,0.131154
1944,17416,1,1,0.131154
108,12109,1,1,0.131154
1944,16738,1,1,0.131154
14221,18111,1,1,0.131154
13544,18111,1,1,0.131154
13544,14221,1,1,0.131154
2574,18111,1,1,0.131154
2574,14221,1,1,0.131154
2574,13544,1,1,0.131154
15258,16221,1,1,0.131154
14701,16221,1,1,0.131154
14701,15258,1,1,0.131154
8000,13209,1,1,0.131154
2236,7543,1,1,0.131154
11570,13049,1,1,0.131154
8748,15417,1,1,0.131154
443,15417,1,1,0.131154
443,8748,1,1,0.131154
6252,12953,1,1,0.131154
5598,12953,1,1,0.131154
7859,12622,1,1,0.131154
5662,14221,1,1,0.131154
7753,12622,1,1,0.131154
7753,7859,1,1,0.131154
2341,3565,1,1,0.131154
6883,9411,1,1,0.131154
9264,12676,1,1,0.131154
825,6457,1,1,0.131154
768,6457,1,1,0.131154
2341,2365,1,1,0.131154
2341,5970,1,1,0.131154
2365,5970,1,1,0.131154
9348,13539,1,1,0.131154
3306,17138,1,1,0.131154
359,17138,1,1,0.131154
359,3306,1,1,0.131154
2345,16906,1,1,0.131154
2503,4601,1,1,0.131154
6561,11965,1,1,0.131154
8941,10727,1,1,0.131154
8147,8868,1,1,0.131154
7012,8868,1,1,0.131154
3306,15237,1,1,0.131154
4199,5474,1,1,0.131154
5161,14221,1,1,0.131154
11200,17065,1,1,0.131154
8868,11200,1,1,0.131154
359,11200,1,1,0.131154
9152,12697,1,1,0.131154
12697,16370,1,1,0.131154
10007,13632,1,1,0.131154
1672,1920,1,1,0.131154
10185,13873,1,1,0.131154
16247,18703,1,1,0.131154
14685,16247,1,1,0.131154
11905,15844,1,1,0.131154
4757,16370,1,1,0.131154
2313,16370,1,1,0.131154
2313,4757,1,1,0.131154
22,15330,1,1,0.131154
4249,7663,1,1,0.131154
11200,14063,1,1,0.131154
4585,7405,1,1,0.131154
2569,7405,1,1,0.131154
2569,4585,1,1,0.131154
3179,13873,1,1,0.131154
13177,17295,1,1,0.131154
16777,17510,1,1,0.131154
572,3898,1,1,0.131154
4249,12980,1,1,0.131154
11817,15371,1,1,0.131154
1548,18334,1,1,0.131154
13177,13448,1,1,0.131154
7722,16224,1,1,0.131154
17384,18277,1,1,0.131154
6032,13448,1,1,0.131154
3427,13448,1,1,0.131154
3427,6032,1,1,0.131154
13448,18982,1,1,0.131154
856,18334,1,1,0.131154
7663,12980,1,1,0.131154
856,1548,1,1,0.131154
10727,15711,1,1,0.131154
10185,11716,1,1,0.131154
4180,8997,1,1,0.131154
2442,8997,1,1,0.131154
2442,4180,1,1,0.131154
10261,11815,1,1,0.131154
10210,17510,1,1,0.131154
10210,16777,1,1,0.131154
9465,17510,1,1,0.131154
10727,15669,1,1,0.131154
2887,13177,1,1,0.131154
1057,12324,1,1,0.131154
10860,14791,1,1,0.131154
8941,8944,1,1,0.131154
3473,8944,1,1,0.131154
3473,8941,1,1,0.131154
14070,15669,1,1,0.131154
10727,14070,1,1,0.131154
9465,16777,1,1,0.131154
6561,15669,1,1,0.131154
6561,14070,1,1,0.131154
6561,10727,1,1,0.131154
7592,16551,1,1,0.131154
5172,12109,1,1,0.131154
15371,16121,1,1,0.131154
11817,16121,1,1,0.131154
1465,1920,1,1,0.131154
1465,2988,1,1,0.131154
1920,2988,1,1,0.131154
8121,13153,1,1,0.131154
9465,10210,1,1,0.131154
1920,3675,1,1,0.131154
3473,9650,1,1,0.131154
7806,13175,1,1,0.131154
8612,13947,1,1,0.131154
6261,13177,1,1,0.131154
5161,7806,1,1,0.131154
3890,7806,1,1,0.131154
3890,5161,1,1,0.131154
4737,11223,1,1,0.131154
3898,11905,1,1,0.131154
1057,5416,1,1,0.131154
5172,14221,1,1,0.131154
13153,15669,1,1,0.131154
8121,15669,1,1,0.131154
768,825,1,1,0.131154
1944,11249,1,1,0.131154
13842,16370,1,1,0.131154
1592,11150,1,1,0.131154
443,8211,1,1,0.131154
8868,11987,1,1,0.131154
10602,12595,1,1,0.131154
2328,14157,1,1,0.131154
8318,8510,1,1,0.131154
6014,8510,1,1,0.131154
6014,8318,1,1,0.131154
9432,11741,1,1,0.131154
9582,11815,1,1,0.131154
3170,8305,1,1,0.131154
3142,8305,1,1,0.131154
3142,3170,1,1,0.131154
5755,8510,1,1,0.131154
13157,14346,1,1,0.131154
13117,14346,1,1,0.131154
13117,13157,1,1,0.131154
9582,9869,1,1,0.131154
9582,14022,1,1,0.131154
3298,3565,1,1,0.131154
4601,8590,1,1,0.131154
10811,12835,1,1,0.131154
4968,12835,1,1,0.131154
4968,10811,1,1,0.131154
8590,15460,1,1,0.131154
5632,15460,1,1,0.131154
5632,8590,1,1,0.131154
4601,15460,1,1,0.131154
4601,5632,1,1,0.131154
9869,11815,1,1,0.131154
3440,11583,1,1,0.131154
443,11583,1,1,0.131154
443,3440,1,1,0.131154
11461,11991,1,1,0.131154
2364,15278,1,1,0.131154
11815,14022,1,1,0.131154
9869,14022,1,1,0.131154
11336,14346,1,1,0.131154
11336,13157,1,1,0.131154
1748,14346,1,1,0.131154
11815,13418,1,1,0.131154
8990,14366,1,1,0.131154
8990,13581,1,1,0.131154
8990,12655,1,1,0.131154
8990,12176,1,1,0.131154
13176,13418,1,1,0.131154
11817,13418,1,1,0.131154
11817,13176,1,1,0.131154
11815,13176,1,1,0.131154
1748,13157,1,1,0.131154
11815,11817,1,1,0.131154
3306,13418,1,1,0.131154
3306,13176,1,1,0.131154
3306,11817,1,1,0.131154
3306,11815,1,1,0.131154
2744,3005,1,1,0.131154
3005,10843,1,1,0.131154
12176,12655,1,1,0.131154
12176,13581,1,1,0.131154
12176,14366,1,1,0.131154
12655,13581,1,1,0.131154
1748,13117,1,1,0.131154
1748,11336,1,1,0.131154
8716,13013,1,1,0.131154
4284,8716,1,1,0.131154
3566,13013,1,1,0.131154
3566,8716,1,1,0.131154
3566,4284,1,1,0.131154
2314,13013,1,1,0.131154
2314,8716,1,1,0.131154
2314,4284,1,1,0.131154
6575,13301,1,1,0.131154
2288,13301,1,1,0.131154
2288,6575,1,1,0.131154
13581,14366,1,1,0.131154
12655,14366,1,1,0.131154
7123,10727,1,1,0.131154
8590,12181,1,1,0.131154
8590,12835,1,1,0.131154
2412,14561,1,1,0.131154
145,6620,1,1,0.131154
145,4452,1,1,0.131154
145,3153,1,1,0.131154
3089,16702,1,1,0.131154
868,16702,1,1,0.131154
868,3089,1,1,0.131154
825,10727,1,1,0.131154
16318,16548,1,1,0.131154
10495,14547,1,1,0.131154
15049,16548,1,1,0.131154
15049,16318,1,1,0.131154
14547,16548,1,1,0.131154
14547,16318,1,1,0.131154
14547,15049,1,1,0.131154
10495,16548,1,1,0.131154
10495,16318,1,1,0.131154
3153,6620,1,1,0.131154
4452,6620,1,1,0.131154
5755,9850,1,1,0.131154
5755,10222,1,1,0.131154
5766,10727,1,1,0.131154
257,3142,1,1,0.131154
11816,15667,1,1,0.131154
3920,15667,1,1,0.131154
3920,11816,1,1,0.131154
1696,15667,1,1,0.131154
1696,11816,1,1,0.131154
1696,3920,1,1,0.131154
142,15667,1,1,0.131154
142,11816,1,1,0.131154
142,3920,1,1,0.131154
142,1696,1,1,0.131154
10222,17081,1,1,0.131154
9850,17081,1,1,0.131154
9850,10222,1,1,0.131154
10495,15049,1,1,0.131154
3400,11991,1,1,0.131154
8590,15572,1,1,0.131154
4713,4757,1,1,0.131154
5172,11565,1,1,0.131154
9037,12081,1,1,0.131154
8590,12081,1,1,0.131154
8590,9037,1,1,0.131154
8232,9037,1,1,0.131154
8232,8590,1,1,0.131154
3172,3677,1,1,0.131154
4323,4757,1,1,0.131154
6711,9441,1,1,0.131154
4323,4713,1,1,0.131154
2988,4757,1,1,0.131154
2988,4713,1,1,0.131154
2988,4323,1,1,0.131154
12835,15572,1,1,0.131154
12181,15572,1,1,0.131154
12181,12835,1,1,0.131154
13659,21660,1,1,0.131154
2802,4187,1,1,0.131154
2802,7250,1,1,0.131154
2802,11410,1,1,0.131154
12109,12990,1,1,0.131154
8590,12990,1,1,0.131154
8590,12109,1,1,0.131154
571,12625,1,1,0.131154
10727,12155,1,1,0.131154
13761,16551,1,1,0.131154
4199,9834,1,1,0.131154
13109,15858,1,1,0.131154
11410,14919,1,1,0.131154
7250,14919,1,1,0.131154
7250,11410,1,1,0.131154
4187,14919,1,1,0.131154
4187,11410,1,1,0.131154
4187,7250,1,1,0.131154
2802,14919,1,1,0.131154
10727,13983,1,1,0.131154
10727,12109,1,1,0.131154
17001,18297,1,1,0.131154
47,4869,1,1,0.131154
15511,18427,1,1,0.131154
4304,13503,1,1,0.131154
5925,13278,1,1,0.131154
4869,13278,1,1,0.131154
4869,5925,1,1,0.131154
47,13278,1,1,0.131154
47,5925,1,1,0.131154
2707,19934,1,1,0.131154
3954,18527,1,1,0.131154
6704,7504,1,1,0.131154
3256,7504,1,1,0.131154
3256,6704,1,1,0.131154
302,7504,1,1,0.131154
302,6704,1,1,0.131154
302,3256,1,1,0.131154
6969,7140,1,1,0.131154
3954,9832,1,1,0.131154
3954,19232,1,1,0.131154
11445,18427,1,1,0.131154
10727,18285,1,1,0.131154
5054,19222,1,1,0.131154
5054,8590,1,1,0.131154
5054,7137,1,1,0.131154
14157,17759,1,1,0.131154
6354,17759,1,1,0.131154
6354,14157,1,1,0.131154
10865,18285,1,1,0.131154
10727,10865,1,1,0.131154
7200,9832,1,1,0.131154
1920,21304,1,1,0.131154
1268,21304,1,1,0.131154
1268,1920,1,1,0.131154
18527,19232,1,1,0.131154
9832,19232,1,1,0.131154
7200,19232,1,1,0.131154
7200,18527,1,1,0.131154
2993,7140,1,1,0.131154
2993,6969,1,1,0.131154
8944,18952,1,1,0.131154
4869,5172,1,1,0.131154
13103,17757,1,1,0.131154
13103,14949,1,1,0.131154
533,17757,1,1,0.131154
533,14949,1,1,0.131154
533,13103,1,1,0.131154
5172,18573,1,1,0.131154
4869,18573,1,1,0.131154
3976,18573,1,1,0.131154
8590,18952,1,1,0.131154
3976,5172,1,1,0.131154
3976,4869,1,1,0.131154
227,9512,1,1,0.131154
15078,20336,1,1,0.131154
1672,20336,1,1,0.131154
1672,15078,1,1,0.131154
18427,19537,1,1,0.131154
14949,17757,1,1,0.131154
2170,14561,1,1,0.131154
7372,18573,1,1,0.131154
6842,11445,1,1,0.131154
8590,8944,1,1,0.131154
18292,18363,1,1,0.131154
4852,18363,1,1,0.131154
4852,18292,1,1,0.131154
4559,18363,1,1,0.131154
4559,18292,1,1,0.131154
4559,4852,1,1,0.131154
1920,18363,1,1,0.131154
1920,18292,1,1,0.131154
1920,4852,1,1,0.131154
1920,4559,1,1,0.131154
11445,15195,1,1,0.131154
6904,15195,1,1,0.131154
6904,11445,1,1,0.131154
6842,15195,1,1,0.131154
7137,8590,1,1,0.131154
7137,16508,1,1,0.131154
7137,19222,1,1,0.131154
16617,21622,1,1,0.131154
17938,21802,1,1,0.131154
17938,20710,1,1,0.131154
17938,18896,1,1,0.131154
4445,21802,1,1,0.131154
4445,20710,1,1,0.131154
4445,18896,1,1,0.131154
4445,17938,1,1,0.131154
20136,20610,1,1,0.131154
3099,19553,1,1,0.131154
17938,20610,1,1,0.131154
17938,20136,1,1,0.131154
9611,20610,1,1,0.131154
9611,20136,1,1,0.131154
9611,17938,1,1,0.131154
12953,19553,1,1,0.131154
5474,19553,1,1,0.131154
18896,20710,1,1,0.131154
18896,21802,1,1,0.131154
20710,21802,1,1,0.131154
18427,20740,1,1,0.131154
2240,11055,1,1,0.131154
5755,20259,1,1,0.131154
1920,5744,1,1,0.131154
1608,18416,1,1,0.131154
1585,18416,1,1,0.131154
11062,19516,1,1,0.131154
12155,17593,1,1,0.131154
6696,13376,1,1,0.131154
393,13097,1,1,0.131154
11629,20238,1,1,0.131154
8002,20238,1,1,0.131154
8002,11629,1,1,0.131154
3819,20238,1,1,0.131154
3819,11629,1,1,0.131154
3819,8002,1,1,0.131154
5474,12953,1,1,0.131154
3099,12953,1,1,0.131154
8590,16508,1,1,0.131154
11629,11817,1,1,0.131154
7200,16874,1,1,0.131154
7200,15290,1,1,0.131154
242,16874,1,1,0.131154
242,15290,1,1,0.131154
242,7200,1,1,0.131154
11817,11884,1,1,0.131154
11629,11884,1,1,0.131154
412,11884,1,1,0.131154
3099,5474,1,1,0.131154
412,11817,1,1,0.131154
412,11629,1,1,0.131154
15484,18775,1,1,0.131154
4528,10071,1,1,0.131154
8673,20460,1,1,0.131154
16508,19222,1,1,0.131154
8590,19222,1,1,0.131154
4046,6956,1,1,0.131154
4046,10412,1,1,0.131154
4046,12155,1,1,0.131154
6956,10412,1,1,0.131154
18427,18744,1,1,0.131154
18277,18744,1,1,0.131154
18277,18427,1,1,0.131154
19516,21137,1,1,0.131154
5087,18775,1,1,0.131154
8517,18427,1,1,0.131154
412,18427,1,1,0.131154
412,8517,1,1,0.131154
9382,9611,1,1,0.131154
533,8002,1,1,0.131154
2308,9499,1,1,0.131154
837,9499,1,1,0.131154
837,2308,1,1,0.131154
10412,12155,1,1,0.131154
6956,12155,1,1,0.131154
11445,19537,1,1,0.131154
12953,19305,1,1,0.131154
533,19537,1,1,0.131154
14901,16838,1,1,0.131154
2412,5161,1,1,0.131154
14901,19852,1,1,0.131154
11987,19852,1,1,0.131154
11987,14901,1,1,0.131154
9611,10727,1,1,0.131154
1920,8084,1,1,0.131154
8772,9621,1,1,0.131154
10642,19539,1,1,0.131154
5161,16670,1,1,0.131154
3986,13177,1,1,0.131154
12347,19536,1,1,0.131154
9414,19536,1,1,0.131154
9414,12347,1,1,0.131154
4020,10727,1,1,0.131154
2311,12540,1,1,0.131154
3725,13809,1,1,0.131154
2412,17922,1,1,0.131154
5161,17922,1,1,0.131154
236,19423,1,1,0.131154
359,15669,1,1,0.131154
15669,19667,1,1,0.131154
15669,16782,1,1,0.131154
4601,19667,1,1,0.131154
4601,16782,1,1,0.131154
4601,15669,1,1,0.131154
359,19667,1,1,0.131154
359,16782,1,1,0.131154
359,4601,1,1,0.131154
16670,17922,1,1,0.131154
11987,19828,1,1,0.131154
8084,19828,1,1,0.131154
8084,11987,1,1,0.131154
5191,19828,1,1,0.131154
5191,11987,1,1,0.131154
5191,8084,1,1,0.131154
1920,10727,1,1,0.131154
3179,13809,1,1,0.131154
12622,14208,1,1,0.131154
3457,10642,1,1,0.131154
2683,4585,1,1,0.131154
14774,15417,1,1,0.131154
14774,15201,1,1,0.131154
4585,15417,1,1,0.131154
4585,15201,1,1,0.131154
4585,14774,1,1,0.131154
2683,15417,1,1,0.131154
2683,14774,1,1,0.131154
1224,15417,1,1,0.131154
1022,5161,1,1,0.131154
1224,15201,1,1,0.131154
1224,14774,1,1,0.131154
1224,4585,1,1,0.131154
1224,2683,1,1,0.131154
11055,18297,1,1,0.131154
533,18427,1,1,0.131154
2240,18297,1,1,0.131154
1094,6757,1,1,0.131154
6964,19241,1,1,0.131154
1022,6165,1,1,0.131154
1022,19736,1,1,0.131154
2365,15222,1,1,0.131154
3473,17493,1,1,0.131154
10507,17735,1,1,0.131154
6964,10805,1,1,0.131154
13177,18007,1,1,0.131154
5015,8783,1,1,0.131154
1370,8783,1,1,0.131154
1370,5015,1,1,0.131154
5925,9465,1,1,0.131154
12622,15297,1,1,0.131154
11847,12622,1,1,0.131154
1943,15297,1,1,0.131154
1943,12622,1,1,0.131154
1943,11847,1,1,0.131154
6165,19736,1,1,0.131154
16782,19667,1,1,0.131154
11847,15297,1,1,0.131154
5474,6896,1,1,0.131154
17217,20593,1,1,0.131154
3806,6499,1,1,0.131154
15585,20636,1,1,0.131154
227,12486,1,1,0.131154
7140,19259,1,1,0.131154
9611,13529,1,1,0.131154
6240,9611,1,1,0.131154
1920,4011,1,1,0.131154
9414,20593,1,1,0.131154
1920,11082,1,1,0.131154
9414,17217,1,1,0.131154
12766,13932,1,1,0.131154
5657,13932,1,1,0.131154
5657,12766,1,1,0.131154
6944,12010,1,1,0.131154
9348,12953,1,1,0.131154
2500,12953,1,1,0.131154
15669,20708,1,1,0.131154
270,13289,1,1,0.131154
3583,17876,1,1,0.131154
12307,20935,1,1,0.131154
533,11445,1,1,0.131154
22,19537,1,1,0.131154
5474,12317,1,1,0.131154
22,18427,1,1,0.131154
22,11445,1,1,0.131154
22,533,1,1,0.131154
16224,17757,1,1,0.131154
12307,20336,1,1,0.131154
4079,10888,1,1,0.131154
13003,18292,1,1,0.131154
239,6965,1,1,0.131154
17223,19183,1,1,0.131154
15078,19183,1,1,0.131154
15078,17223,1,1,0.131154
4559,17223,1,1,0.131154
4559,15078,1,1,0.131154
2500,9348,1,1,0.131154
4559,19183,1,1,0.131154
8675,20011,1,1,0.131154
16617,17164,1,1,0.131154
3459,6542,1,1,0.131154
11817,12953,1,1,0.131154
10727,18530,1,1,0.131154
3212,18530,1,1,0.131154
3212,10727,1,1,0.131154
19915,20011,1,1,0.131154
18049,20011,1,1,0.131154
3300,17164,1,1,0.131154
10287,16188,1,1,0.131154
3300,16617,1,1,0.131154
5172,12570,1,1,0.131154
12317,20020,1,1,0.131154
5474,20020,1,1,0.131154
16472,19915,1,1,0.131154
6896,20020,1,1,0.131154
6896,12317,1,1,0.131154
10287,14511,1,1,0.131154
18049,19915,1,1,0.131154
10287,17757,1,1,0.131154
5172,18359,1,1,0.131154
11947,19915,1,1,0.131154
11947,16472,1,1,0.131154
2584,6499,1,1,0.131154
14511,16188,1,1,0.131154
17192,18359,1,1,0.131154
11817,18359,1,1,0.131154
11817,17192,1,1,0.131154
10727,20020,1,1,0.131154
16188,17757,1,1,0.131154
5172,17192,1,1,0.131154
5172,11817,1,1,0.131154
1268,18488,1,1,0.131154
14511,17757,1,1,0.131154
4109,12673,1,1,0.129957
9718,21536,1,1,0.129957
12826,16801,1,1,0.129957
11675,16801,1,1,0.129957
18963,25765,1,1,0.129957
3253,11675,1,1,0.129957
3253,16801,1,1,0.129957
6672,21576,1,1,0.129957
22320,25851,1,1,0.129957
3043,20248,1,1,0.129957
10321,12673,1,1,0.129957
6672,7910,1,1,0.129957
7910,21576,1,1,0.129957
6672,22617,1,1,0.129957
16902,25182,1,1,0.129957
21143,26462,1,1,0.129957
7910,22617,1,1,0.129957
21576,22617,1,1,0.129957
14430,14779,1,1,0.129957
2401,4196,1,1,0.129957
2401,21693,1,1,0.129957
2401,24275,1,1,0.129957
4196,21693,1,1,0.129957
11962,22784,1,1,0.129957
6817,10321,1,1,0.129957
11077,26004,1,1,0.129957
4109,10321,1,1,0.129957
11077,25794,1,1,0.129957
14455,16289,1,1,0.129957
14455,16588,1,1,0.129957
14394,16588,1,1,0.129957
3338,27107,1,1,0.129957
16289,16588,1,1,0.129957
2513,5898,1,1,0.129957
2513,15624,1,1,0.129957
5898,15624,1,1,0.129957
4382,13316,1,1,0.129957
11077,11262,1,1,0.129957
11077,14313,1,1,0.129957
11262,25794,1,1,0.129957
4109,6817,1,1,0.129957
11262,25978,1,1,0.129957
11262,26004,1,1,0.129957
14313,25794,1,1,0.129957
14313,25978,1,1,0.129957
25794,25978,1,1,0.129957
25794,26004,1,1,0.129957
25978,26004,1,1,0.129957
25956,25966,1,1,0.129957
708,6817,1,1,0.129957
708,10321,1,1,0.129957
708,12673,1,1,0.129957
3338,5570,1,1,0.129957
3844,7727,1,1,0.129957
5570,27107,1,1,0.129957
7727,22142,1,1,0.129957
6559,18894,1,1,0.129957
505,4196,1,1,0.129957
505,6120,1,1,0.129957
505,7727,1,1,0.129957
3844,4196,1,1,0.129957
3844,6120,1,1,0.129957
4196,6120,1,1,0.129957
4196,7727,1,1,0.129957
4196,22142,1,1,0.129957
6120,7727,1,1,0.129957
6120,22142,1,1,0.129957
21831,26868,1,1,0.129957
4196,25952,1,1,0.129957
6171,8990,1,1,0.129957
6171,27544,1,1,0.129957
8990,27544,1,1,0.129957
5213,21034,1,1,0.129957
5213,24966,1,1,0.129957
21034,24966,1,1,0.129957
7951,24113,1,1,0.129957
12630,19542,1,1,0.129957
14394,14455,1,1,0.129957
6120,11651,1,1,0.129957
4184,6182,1,1,0.129957
1986,18894,1,1,0.129957
8310,15490,1,1,0.129957
20290,22855,1,1,0.129957
19779,27054,1,1,0.129957
1104,10025,1,1,0.129957
4196,10810,1,1,0.129957
1412,6120,1,1,0.129957
1412,6672,1,1,0.129957
6120,6672,1,1,0.129957
6120,10826,1,1,0.129957
6672,10826,1,1,0.129957
7529,27019,1,1,0.129957
4196,25298,1,1,0.129957
4334,23890,1,1,0.129957
4334,25601,1,1,0.129957
23890,25601,1,1,0.129957
4196,6785,1,1,0.129957
2824,4196,1,1,0.129957
19872,21165,1,1,0.129957
19872,24050,1,1,0.129957
30,6593,1,1,0.129957
30,8230,1,1,0.129957
30,16967,1,1,0.129957
6593,8230,1,1,0.129957
8230,16967,1,1,0.129957
2942,19779,1,1,0.129957
2942,27054,1,1,0.129957
14394,16289,1,1,0.129957
7709,19445,1,1,0.129957
14267,16588,1,1,0.129957
6863,8064,1,1,0.129957
6672,16744,1,1,0.129957
6672,23865,1,1,0.129957
1661,7709,1,1,0.129957
1661,16296,1,1,0.129957
1661,19445,1,1,0.129957
7709,16296,1,1,0.129957
16296,19445,1,1,0.129957
6672,8091,1,1,0.129957
8516,15541,1,1,0.129957
2547,19375,1,1,0.129957
17994,18840,1,1,0.129957
16019,16677,1,1,0.129957
6578,9170,1,1,0.129957
679,21271,1,1,0.129957
4638,11917,1,1,0.129957
15931,23289,1,1,0.129957
18933,24837,1,1,0.129957
3459,11918,1,1,0.129957
11918,23921,1,1,0.129957
6672,18020,1,1,0.129957
16900,23213,1,1,0.129957
4023,4481,1,1,0.129957
4023,6578,1,1,0.129957
4023,9170,1,1,0.129957
6842,23124,1,1,0.129957
17277,24266,1,1,0.129957
8336,15944,1,1,0.129957
1337,15944,1,1,0.129957
21094,23348,1,1,0.129957
1159,27201,1,1,0.129957
10546,15552,1,1,0.129957
10696,15552,1,1,0.129957
11443,15552,1,1,0.129957
11441,17478,1,1,0.129957
11441,18228,1,1,0.129957
17478,18228,1,1,0.129957
11038,17478,1,1,0.129957
16567,18634,1,1,0.129957
1991,6672,1,1,0.129957
6672,8483,1,1,0.129957
6672,13400,1,1,0.129957
6672,20672,1,1,0.129957
3737,15671,1,1,0.129957
6719,8471,1,1,0.129957
6719,23376,1,1,0.129957
2648,8483,1,1,0.129957
5203,6974,1,1,0.129957
5203,10103,1,1,0.129957
2949,22420,1,1,0.129957
8612,20658,1,1,0.129957
1337,8336,1,1,0.129957
4481,6578,1,1,0.129957
10203,11151,1,1,0.129957
14267,16289,1,1,0.129957
19332,20542,1,1,0.129957
13076,16611,1,1,0.129957
13076,24734,1,1,0.129957
16611,24734,1,1,0.129957
2918,12382,1,1,0.129957
14842,14845,1,1,0.129957
6672,25762,1,1,0.129957
997,5147,1,1,0.129957
997,20344,1,1,0.129957
5147,20344,1,1,0.129957
15940,19332,1,1,0.129957
138,5308,1,1,0.129957
19332,23765,1,1,0.129957
10203,17139,1,1,0.129957
20542,23765,1,1,0.129957
10769,11435,1,1,0.129957
1474,7534,1,1,0.129957
7534,18876,1,1,0.129957
182,18236,1,1,0.129957
10321,10741,1,1,0.129957
10741,10769,1,1,0.129957
2513,14267,1,1,0.129957
2513,14394,1,1,0.129957
2513,16289,1,1,0.129957
14267,14394,1,1,0.129957
12382,24734,1,1,0.129957
12382,13076,1,1,0.129957
9417,20576,1,1,0.129957
18011,23943,1,1,0.129957
10203,20576,1,1,0.129957
11151,17139,1,1,0.129957
11151,20576,1,1,0.129957
17139,20576,1,1,0.129957
1894,2995,1,1,0.129957
22324,24921,1,1,0.129957
9897,21965,1,1,0.129957
13685,21965,1,1,0.129957
6672,10446,1,1,0.129957
388,1225,1,1,0.129957
388,20576,1,1,0.129957
1225,14209,1,1,0.129957
1225,15860,1,1,0.129957
1225,20576,1,1,0.129957
14209,20576,1,1,0.129957
3042,3848,1,1,0.129957
3042,5708,1,1,0.129957
3848,5708,1,1,0.129957
6467,9897,1,1,0.129957
6467,13685,1,1,0.129957
4108,10592,1,1,0.129957
4108,21258,1,1,0.129957
10592,21258,1,1,0.129957
6182,21975,1,1,0.129957
1563,9220,1,1,0.129957
3277,4146,1,1,0.129957
10321,23941,1,1,0.129957
6120,17136,1,1,0.129957
15781,22740,1,1,0.129957
5355,6120,1,1,0.129957
5355,19370,1,1,0.129957
5355,19422,1,1,0.129957
6120,19370,1,1,0.129957
6120,19422,1,1,0.129957
2340,21033,1,1,0.129957
483,27799,1,1,0.129957
9027,27746,1,1,0.129957
2815,29359,1,1,0.129957
10321,27011,1,1,0.129957
2655,6120,1,1,0.129957
23941,27011,1,1,0.129957
6120,9528,1,1,0.129957
2596,22793,1,1,0.129957
1563,13836,1,1,0.129957
9220,13836,1,1,0.129957
6120,15031,1,1,0.129957
6120,20082,1,1,0.129957
15031,20082,1,1,0.129957
14831,15609,1,1,0.129957
3989,16458,1,1,0.129957
14762,16705,1,1,0.129957
21983,27799,1,1,0.129957
1837,18835,1,1,0.129957
2655,16166,1,1,0.129957
30340,30646,1,1,0.129957
27768,30053,1,1,0.129957
28103,30053,1,1,0.129957
18031,22561,1,1,0.129957
18031,28105,1,1,0.129957
22561,28105,1,1,0.129957
483,842,1,1,0.129957
483,20790,1,1,0.129957
842,20790,1,1,0.129957
1983,27768,1,1,0.129957
1983,28385,1,1,0.129957
6120,8935,1,1,0.129957
6120,16731,1,1,0.129957
8935,16731,1,1,0.129957
8935,28103,1,1,0.129957
16731,28103,1,1,0.129957
2509,26822,1,1,0.129957
22561,27768,1,1,0.129957
6120,25891,1,1,0.129957
9932,29875,1,1,0.129957
8031,20503,1,1,0.129957
1246,18037,1,1,0.129957
18037,24164,1,1,0.129957
1787,30557,1,1,0.129957
16705,27852,1,1,0.129957
3342,26884,1,1,0.129957
3277,24971,1,1,0.129957
23602,29089,1,1,0.129957
20124,26252,1,1,0.129957
20124,23602,1,1,0.129957
20124,26017,1,1,0.129957
23602,26017,1,1,0.129957
564,11811,1,1,0.129957
25468,28151,1,1,0.129957
25468,31309,1,1,0.129957
483,29830,1,1,0.129957
26500,31259,1,1,0.129957
19299,31141,1,1,0.129957
12447,20797,1,1,0.129957
20486,27754,1,1,0.129957
3342,27051,1,1,0.129957
11889,16089,1,1,0.129957
2055,2395,1,1,0.129957
8399,23602,1,1,0.129957
15600,15601,1,1,0.129957
1906,31270,1,1,0.129957
4052,17371,1,1,0.129957
9721,25523,1,1,0.129957
10268,21834,1,1,0.129957
10268,25567,1,1,0.129957
21834,25567,1,1,0.129957
7369,23124,1,1,0.129957
20406,20909,1,1,0.129957
13291,27925,1,1,0.129957
15727,27884,1,1,0.129957
30268,30448,1,1,0.129957
22923,26884,1,1,0.129957
22923,27051,1,1,0.129957
3342,6217,1,1,0.129957
3342,19547,1,1,0.129957
6217,19547,1,1,0.129957
6217,22923,1,1,0.129957
19547,22923,1,1,0.129957
19496,26988,1,1,0.129957
19496,27003,1,1,0.129957
23654,28724,1,1,0.129957
10099,17645,1,1,0.129957
483,23720,1,1,0.129957
483,31059,1,1,0.129957
23720,31059,1,1,0.129957
12573,25525,1,1,0.129957
12573,25657,1,1,0.129957
25525,25657,1,1,0.129957
483,27011,1,1,0.129957
2078,23342,1,1,0.129957
5812,23342,1,1,0.129957
6455,23342,1,1,0.129957
6455,25213,1,1,0.129957
23342,25213,1,1,0.129957
6120,28800,1,1,0.129957
19310,22346,1,1,0.129957
19310,19401,1,1,0.129957
5708,21384,1,1,0.129957
6120,15546,1,1,0.129957
6120,22473,1,1,0.129957
9897,15546,1,1,0.129957
1432,6026,1,1,0.129957
1432,27336,1,1,0.129957
1432,28675,1,1,0.129957
6026,27336,1,1,0.129957
6026,28675,1,1,0.129957
8988,26362,1,1,0.129957
6026,6120,1,1,0.129957
2218,2655,1,1,0.129957
14551,21384,1,1,0.129957
18854,19401,1,1,0.129957
993,3319,1,1,0.129957
6120,25914,1,1,0.129957
592,9572,1,1,0.129957
14430,24766,1,1,0.129957
24950,25027,1,1,0.129957
6120,16231,1,1,0.129957
6120,26983,1,1,0.129957
16231,26983,1,1,0.129957
12788,21456,1,1,0.129957
12788,25284,1,1,0.129957
21456,25284,1,1,0.129957
6120,9897,1,1,0.129957
6155,16638,1,1,0.129957
8041,13095,1,1,0.129957
11282,24706,1,1,0.129957
4146,24971,1,1,0.129957
18096,21247,1,1,0.129957
1270,27995,1,1,0.129957
8201,9636,1,1,0.129957
8201,19845,1,1,0.129957
8201,23176,1,1,0.129957
9636,19845,1,1,0.129957
9636,23176,1,1,0.129957
19845,23176,1,1,0.129957
1146,1305,1,1,0.129957
6120,25836,1,1,0.129957
6120,27919,1,1,0.129957
17844,25104,1,1,0.129957
23231,25104,1,1,0.129957
20776,26914,1,1,0.129957
25390,26062,1,1,0.129957
25657,25669,1,1,0.129957
13376,23530,1,1,0.129957
2191,6210,1,1,0.129957
12047,26462,1,1,0.129957
8797,12354,1,1,0.129957
16044,17205,1,1,0.129957
16378,17205,1,1,0.129957
2424,23635,1,1,0.129957
6571,21374,1,1,0.129957
6571,23635,1,1,0.129957
6120,9272,1,1,0.129957
6120,11208,1,1,0.129957
6120,23602,1,1,0.129957
9272,11090,1,1,0.129957
9272,11208,1,1,0.129957
9272,23602,1,1,0.129957
11090,23602,1,1,0.129957
11208,23602,1,1,0.129957
1570,8666,1,1,0.129957
1570,14706,1,1,0.129957
1570,17277,1,1,0.129957
1570,22411,1,1,0.129957
1570,26460,1,1,0.129957
8666,14706,1,1,0.129957
8666,17277,1,1,0.129957
8666,22411,1,1,0.129957
14706,17277,1,1,0.129957
14706,22411,1,1,0.129957
14706,26460,1,1,0.129957
17277,26460,1,1,0.129957
22411,26460,1,1,0.129957
6120,11147,1,1,0.129957
18198,19310,1,1,0.129957
18854,19310,1,1,0.129957
6120,11090,1,1,0.129957
25027,29995,1,1,0.129957
21374,23635,1,1,0.129957
24210,29995,1,1,0.129957
12788,28946,1,1,0.129957
483,23383,1,1,0.129957
6120,11625,1,1,0.129957
2392,13864,1,1,0.129957
2392,26827,1,1,0.129957
13864,26827,1,1,0.129957
6120,14430,1,1,0.129957
11008,18078,1,1,0.129957
11008,24210,1,1,0.129957
11008,25027,1,1,0.129957
11008,29995,1,1,0.129957
16112,18078,1,1,0.129957
16112,24210,1,1,0.129957
16112,25027,1,1,0.129957
16112,29995,1,1,0.129957
17277,18078,1,1,0.129957
17277,24210,1,1,0.129957
17277,25027,1,1,0.129957
17277,29995,1,1,0.129957
18078,24210,1,1,0.129957
18078,25027,1,1,0.129957
18078,29995,1,1,0.129957
24210,25027,1,1,0.129957
21094,22478,1,1,0.129957
108,5301,1,1,0.129957
7369,21767,1,1,0.129957
3073,6457,1,1,0.129957
11836,15572,1,1,0.129957
913,4832,1,1,0.129957
913,10871,1,1,0.129957
4832,10871,1,1,0.129957
4832,11471,1,1,0.129957
10871,11471,1,1,0.129957
7067,8621,1,1,0.129957
3144,7067,1,1,0.129957
3144,11471,1,1,0.129957
2369,4539,1,1,0.129957
3073,4539,1,1,0.129957
4539,4861,1,1,0.129957
15474,16132,1,1,0.129957
4539,6457,1,1,0.129957
4539,7140,1,1,0.129957
4861,6457,1,1,0.129957
685,6898,1,1,0.129957
685,12575,1,1,0.129957
4199,6898,1,1,0.129957
4199,12575,1,1,0.129957
4199,13907,1,1,0.129957
6898,12575,1,1,0.129957
6898,13907,1,1,0.129957
12575,13907,1,1,0.129957
11471,14126,1,1,0.129957
913,14126,1,1,0.129957
7067,7188,1,1,0.129957
504,7067,1,1,0.129957
1024,10218,1,1,0.129957
7038,10218,1,1,0.129957
9358,9888,1,1,0.129957
8883,9037,1,1,0.129957
8045,10084,1,1,0.129957
1358,8347,1,1,0.129957
1358,11280,1,1,0.129957
1358,12084,1,1,0.129957
1358,13552,1,1,0.129957
8347,11280,1,1,0.129957
8347,12084,1,1,0.129957
8347,13552,1,1,0.129957
11280,12084,1,1,0.129957
12084,13552,1,1,0.129957
913,4968,1,1,0.129957
4968,11471,1,1,0.129957
2790,9037,1,1,0.129957
9037,15744,1,1,0.129957
2123,3409,1,1,0.129957
2123,12569,1,1,0.129957
2123,14778,1,1,0.129957
3409,14778,1,1,0.129957
12569,14778,1,1,0.129957
1748,8067,1,1,0.129957
6215,9452,1,1,0.129957
295,10454,1,1,0.129957
5755,16770,1,1,0.129957
2346,16770,1,1,0.129957
2369,5755,1,1,0.129957
2369,8166,1,1,0.129957
2369,8458,1,1,0.129957
2369,11684,1,1,0.129957
2369,16328,1,1,0.129957
2369,16770,1,1,0.129957
5755,8166,1,1,0.129957
5755,8458,1,1,0.129957
5755,11684,1,1,0.129957
5755,16328,1,1,0.129957
8166,8458,1,1,0.129957
6215,10797,1,1,0.129957
8166,16328,1,1,0.129957
8166,16770,1,1,0.129957
8458,11684,1,1,0.129957
8458,16328,1,1,0.129957
11684,16328,1,1,0.129957
11684,16770,1,1,0.129957
16328,16770,1,1,0.129957
8315,15166,1,1,0.129957
8315,16651,1,1,0.129957
14546,15166,1,1,0.129957
14546,16651,1,1,0.129957
2346,11684,1,1,0.129957
2346,8458,1,1,0.129957
2346,8166,1,1,0.129957
2346,5755,1,1,0.129957
6215,11398,1,1,0.129957
6215,16382,1,1,0.129957
9452,10797,1,1,0.129957
9452,16382,1,1,0.129957
10797,11398,1,1,0.129957
10797,16382,1,1,0.129957
1415,4940,1,1,0.129957
824,9398,1,1,0.129957
824,11398,1,1,0.129957
824,12890,1,1,0.129957
9398,11398,1,1,0.129957
9398,12890,1,1,0.129957
11398,12890,1,1,0.129957
3376,11836,1,1,0.129957
9358,11836,1,1,0.129957
9037,11398,1,1,0.129957
2826,8812,1,1,0.129957
2826,15643,1,1,0.129957
7140,15643,1,1,0.129957
8812,15643,1,1,0.129957
227,10171,1,1,0.129957
11262,11878,1,1,0.129957
2346,2369,1,1,0.129957
1024,7038,1,1,0.129957
292,10454,1,1,0.129957
2933,9037,1,1,0.129957
265,7252,1,1,0.129957
465,2827,1,1,0.129957
465,8919,1,1,0.129957
2252,2827,1,1,0.129957
2252,8919,1,1,0.129957
2827,8919,1,1,0.129957
1415,8919,1,1,0.129957
3459,7140,1,1,0.129957
181,8919,1,1,0.129957
8919,9130,1,1,0.129957
5589,7193,1,1,0.129957
265,2270,1,1,0.129957
6142,7140,1,1,0.129957
1920,9895,1,1,0.129957
3835,6457,1,1,0.129957
3835,7140,1,1,0.129957
3835,9380,1,1,0.129957
4199,6457,1,1,0.129957
4199,7140,1,1,0.129957
4199,9380,1,1,0.129957
7140,9380,1,1,0.129957
2137,2147,1,1,0.129957
2137,8327,1,1,0.129957
2147,8327,1,1,0.129957
1902,3640,1,1,0.129957
465,2252,1,1,0.129957
2345,5511,1,1,0.129957
4268,8088,1,1,0.129957
661,1591,1,1,0.129957
9328,13450,1,1,0.129957
1734,1874,1,1,0.129957
1688,2033,1,1,0.129957
1656,2363,1,1,0.129957
1597,2280,1,1,0.129957
1915,2280,1,1,0.129957
893,1814,1,1,0.129957
236,3213,1,1,0.129957
2383,2749,1,1,0.129957
308,731,1,1,0.129957
2767,4674,1,1,0.129957
2767,4719,1,1,0.129957
4787,5636,1,1,0.129957
3415,3633,1,1,0.129957
2402,3218,1,1,0.129957
2353,2808,1,1,0.129957
3285,5261,1,1,0.129957
5218,7506,1,1,0.129957
5218,7507,1,1,0.129957
7506,7507,1,1,0.129957
1037,6535,1,1,0.129957
5800,6535,1,1,0.129957
6972,8278,1,1,0.129957
8499,9358,1,1,0.129957
2033,9358,1,1,0.129957
8482,9358,1,1,0.129957
6575,11308,1,1,0.129957
4019,9130,1,1,0.129957
4019,9928,1,1,0.129957
1385,2170,1,1,0.129957
2033,3338,1,1,0.129957
3338,3387,1,1,0.129957
1591,11749,1,1,0.129957
1592,11749,1,1,0.129957
1898,2792,1,1,0.129957
1898,11301,1,1,0.129957
2792,11301,1,1,0.129957
2369,11308,1,1,0.129957
145,9878,1,1,0.129957
87,5218,1,1,0.129957
189,3724,1,1,0.129957
189,8837,1,1,0.129957
189,9878,1,1,0.129957
3724,8837,1,1,0.129957
3724,9878,1,1,0.129957
2137,9270,1,1,0.129957
2137,6671,1,1,0.129957
2020,5621,1,1,0.129957
2020,12595,1,1,0.129957
5621,12595,1,1,0.129957
7058,8242,1,1,0.129957
4019,6972,1,1,0.129957
2369,9928,1,1,0.129957
2369,6972,1,1,0.129957
2369,4019,1,1,0.129957
87,5549,1,1,0.129957
5218,5549,1,1,0.129957
5973,6799,1,1,0.129957
6457,6799,1,1,0.129957
2731,7184,1,1,0.129957
2731,9924,1,1,0.129957
6579,7344,1,1,0.129957
266,8758,1,1,0.129957
3954,6576,1,1,0.129957
3954,8575,1,1,0.129957
6576,7200,1,1,0.129957
6576,8575,1,1,0.129957
7200,8575,1,1,0.129957
4833,9358,1,1,0.129957
1924,1979,1,1,0.129957
1924,10341,1,1,0.129957
1924,10356,1,1,0.129957
10341,10356,1,1,0.129957
2154,7722,1,1,0.129957
2154,9710,1,1,0.129957
7722,9710,1,1,0.129957
8479,9710,1,1,0.129957
786,3595,1,1,0.129957
15166,16651,1,1,0.129957
8837,9878,1,1,0.129957
2948,9037,1,1,0.129957
9223,17971,1,1,0.129957
8763,13813,1,1,0.129957
8763,14719,1,1,0.129957
13813,14719,1,1,0.129957
743,2971,1,1,0.129957
743,17665,1,1,0.129957
2971,17665,1,1,0.129957
14153,16677,1,1,0.129957
7140,9223,1,1,0.129957
7140,17637,1,1,0.129957
7140,17971,1,1,0.129957
9223,17637,1,1,0.129957
3167,4196,1,1,0.129957
1010,18527,1,1,0.129957
3976,13103,1,1,0.129957
3976,20857,1,1,0.129957
4196,13103,1,1,0.129957
4196,20857,1,1,0.129957
13103,20857,1,1,0.129957
2170,2971,1,1,0.129957
9897,13288,1,1,0.129957
11881,18823,1,1,0.129957
18363,20592,1,1,0.129957
6362,6672,1,1,0.129957
1010,9832,1,1,0.129957
6672,14822,1,1,0.129957
4289,9966,1,1,0.129957
6672,15205,1,1,0.129957
5400,9985,1,1,0.129957
8191,12440,1,1,0.129957
2754,5594,1,1,0.129957
12394,13580,1,1,0.129957
8837,10721,1,1,0.129957
10721,20027,1,1,0.129957
7096,7439,1,1,0.129957
7096,8191,1,1,0.129957
7096,14328,1,1,0.129957
7096,19852,1,1,0.129957
7439,8191,1,1,0.129957
7439,14328,1,1,0.129957
7439,19852,1,1,0.129957
8191,14328,1,1,0.129957
8191,19852,1,1,0.129957
14328,19852,1,1,0.129957
6844,11987,1,1,0.129957
2176,15718,1,1,0.129957
4196,5191,1,1,0.129957
2379,12953,1,1,0.129957
2971,8612,1,1,0.129957
5621,6672,1,1,0.129957
937,3265,1,1,0.129957
9895,15762,1,1,0.129957
1010,12835,1,1,0.129957
9832,12835,1,1,0.129957
6915,15101,1,1,0.129957
2798,21381,1,1,0.129957
14361,21067,1,1,0.129957
2316,16551,1,1,0.129957
852,8900,1,1,0.129957
852,12366,1,1,0.129957
852,21956,1,1,0.129957
8900,12366,1,1,0.129957
8900,21956,1,1,0.129957
51,8191,1,1,0.129957
7534,15935,1,1,0.129957
2861,5762,1,1,0.129957
5762,12042,1,1,0.129957
7537,9897,1,1,0.129957
2120,5123,1,1,0.129957
3954,15588,1,1,0.129957
7853,15596,1,1,0.129957
3330,17029,1,1,0.129957
1120,17129,1,1,0.129957
1120,21355,1,1,0.129957
17129,21355,1,1,0.129957
6226,18570,1,1,0.129957
5473,7900,1,1,0.129957
16,20201,1,1,0.129957
8464,10480,1,1,0.129957
16883,21944,1,1,0.129957
17646,18158,1,1,0.129957
14190,15551,1,1,0.129957
18633,21951,1,1,0.129957
14809,21951,1,1,0.129957
5123,17759,1,1,0.129957
17971,21559,1,1,0.129957
6672,10485,1,1,0.129957
11994,12677,1,1,0.129957
1585,4039,1,1,0.129957
2022,11217,1,1,0.129957
9066,10345,1,1,0.129957
9066,10939,1,1,0.129957
9066,14809,1,1,0.129957
9066,18633,1,1,0.129957
9066,21865,1,1,0.129957
9066,21951,1,1,0.129957
10345,10939,1,1,0.129957
10345,14809,1,1,0.129957
10345,18633,1,1,0.129957
10345,21865,1,1,0.129957
10345,21951,1,1,0.129957
10939,14809,1,1,0.129957
10939,18633,1,1,0.129957
10939,21865,1,1,0.129957
10939,21951,1,1,0.129957
14809,18633,1,1,0.129957
14809,21865,1,1,0.129957
7372,16536,1,1,0.129957
12835,18527,1,1,0.129957
8141,11032,1,1,0.129957
3732,10140,1,1,0.129957
6844,11684,1,1,0.129957
7445,10131,1,1,0.129957
717,10271,1,1,0.129957
4695,4833,1,1,0.129957
5414,9930,1,1,0.129957
2728,4833,1,1,0.129957
8758,11814,1,1,0.129957
8758,14153,1,1,0.129957
11814,14153,1,1,0.129957
7745,10799,1,1,0.129957
3732,9924,1,1,0.129957
9924,10140,1,1,0.129957
533,6457,1,1,0.129957
13813,14042,1,1,0.129957
12015,12109,1,1,0.129957
9037,17751,1,1,0.129957
8302,17751,1,1,0.129957
8121,11055,1,1,0.129957
3106,16411,1,1,0.129957
14430,16132,1,1,0.129957
14430,18647,1,1,0.129957
16132,18647,1,1,0.129957
7370,16262,1,1,0.129957
11716,16262,1,1,0.129957
2771,17142,1,1,0.129957
9037,9998,1,1,0.129957
3338,5120,1,1,0.129957
2363,3565,1,1,0.129957
8464,15286,1,1,0.129957
10480,15286,1,1,0.129957
960,11032,1,1,0.129957
4823,9037,1,1,0.129957
6593,16677,1,1,0.129957
2038,5519,1,1,0.129957
2038,7651,1,1,0.129957
2038,9037,1,1,0.129957
5519,7651,1,1,0.129957
5519,9037,1,1,0.129957
7651,9037,1,1,0.129957
8045,9037,1,1,0.129957
5119,9037,1,1,0.129957
8045,15127,1,1,0.129957
9130,14607,1,1,0.129957
13891,14607,1,1,0.129957
10193,14607,1,1,0.129957
9264,10356,1,1,0.129957
612,12084,1,1,0.129957
9037,9985,1,1,0.129957
8411,14716,1,1,0.129957
3690,3691,1,1,0.129957
6466,12463,1,1,0.129957
2447,12646,1,1,0.129957
2132,14991,1,1,0.129957
7601,11694,1,1,0.129957
3338,15443,1,1,0.129957
3375,8796,1,1,0.129957
3375,9042,1,1,0.129957
3375,13969,1,1,0.129957
3376,8796,1,1,0.129957
3376,9041,1,1,0.129957
3376,9042,1,1,0.129957
3376,13969,1,1,0.129957
8796,9041,1,1,0.129957
8796,9042,1,1,0.129957
8796,13969,1,1,0.129957
9041,13969,1,1,0.129957
8040,14809,1,1,0.129957
13003,14809,1,1,0.129957
2311,6088,1,1,0.129957
2311,6672,1,1,0.129957
6088,6672,1,1,0.129957
4196,9621,1,1,0.129957
9621,10083,1,1,0.129957
2249,6672,1,1,0.129957
10356,16329,1,1,0.129957
10356,19407,1,1,0.129957
16329,19407,1,1,0.129957
11741,19029,1,1,0.129957
960,8141,1,1,0.129957
3375,9041,1,1,0.129957
9042,13969,1,1,0.129957
3316,13969,1,1,0.129957
17231,18240,1,1,0.129957
1576,7200,1,1,0.129957
1576,15596,1,1,0.129957
5120,15443,1,1,0.129957
3316,9042,1,1,0.129957
11836,14809,1,1,0.129957
11836,15523,1,1,0.129957
11836,18963,1,1,0.129957
14809,15523,1,1,0.129957
2971,11820,1,1,0.129957
2511,17231,1,1,0.129957
2511,18240,1,1,0.129957
15523,18963,1,1,0.129957
1313,8459,1,1,0.129957
3316,8796,1,1,0.129957
1313,13535,1,1,0.129957
8459,13535,1,1,0.129957
3316,9041,1,1,0.129957
1474,19494,1,1,0.129957
2240,17575,1,1,0.129957
1798,5301,1,1,0.129957
3316,3375,1,1,0.129957
3316,3376,1,1,0.129957
5701,15144,1,1,0.127074
5701,16153,1,1,0.127074
5701,17593,1,1,0.127074
15144,16153,1,1,0.127074
15144,17593,1,1,0.127074
15540,19290,1,1,0.127074
16153,17593,1,1,0.127074
19163,21324,1,1,0.127074
15540,21062,1,1,0.127074
432,1943,1,1,0.127074
19290,21062,1,1,0.127074
58,24640,1,1,0.127074
579,24640,1,1,0.127074
7347,19290,1,1,0.127074
58,579,1,1,0.127074
0,24640,1,1,0.127074
0,579,1,1,0.127074
5730,7271,1,1,0.127074
23497,23649,1,1,0.127074
11683,23649,1,1,0.127074
11683,23497,1,1,0.127074
7590,19290,1,1,0.127074
7347,7590,1,1,0.127074
21632,23649,1,1,0.127074
19517,21632,1,1,0.127074
4079,24731,1,1,0.127074
3999,23649,1,1,0.127074
6165,15667,1,1,0.127074
7792,10203,1,1,0.127074
10812,15241,1,1,0.127074
3061,4693,1,1,0.127074
10203,18161,1,1,0.127074
7792,22446,1,1,0.127074
7792,21974,1,1,0.127074
7792,18785,1,1,0.127074
7792,18161,1,1,0.127074
3999,19517,1,1,0.127074
13894,23471,1,1,0.127074
12908,23471,1,1,0.127074
12908,13894,1,1,0.127074
15788,24603,1,1,0.127074
8900,11884,1,1,0.127074
579,19517,1,1,0.127074
6906,16542,1,1,0.127074
10812,22623,1,1,0.127074
5293,16542,1,1,0.127074
5293,6906,1,1,0.127074
4079,12878,1,1,0.127074
3644,12878,1,1,0.127074
3644,4079,1,1,0.127074
17776,24625,1,1,0.127074
13894,24625,1,1,0.127074
13894,17776,1,1,0.127074
11917,13144,1,1,0.127074
11748,11917,1,1,0.127074
16505,24583,1,1,0.127074
15241,22623,1,1,0.127074
3999,21632,1,1,0.127074
3440,15925,1,1,0.127074
9985,22314,1,1,0.127074
10184,13947,1,1,0.127074
5405,22242,1,1,0.127074
5405,21902,1,1,0.127074
1173,3999,1,1,0.127074
12908,19517,1,1,0.127074
4784,19517,1,1,0.127074
4784,12908,1,1,0.127074
22324,24266,1,1,0.127074
8180,24266,1,1,0.127074
8180,22324,1,1,0.127074
14137,18460,1,1,0.127074
12095,18460,1,1,0.127074
12095,14137,1,1,0.127074
9993,13947,1,1,0.127074
21902,22242,1,1,0.127074
9993,10184,1,1,0.127074
6460,13947,1,1,0.127074
6460,10184,1,1,0.127074
6460,9993,1,1,0.127074
6458,13947,1,1,0.127074
6458,10184,1,1,0.127074
6458,9993,1,1,0.127074
15241,23640,1,1,0.127074
9003,23640,1,1,0.127074
9003,15241,1,1,0.127074
3999,21041,1,1,0.127074
579,14053,1,1,0.127074
5405,24447,1,1,0.127074
21902,24447,1,1,0.127074
13072,24126,1,1,0.127074
2637,17940,1,1,0.127074
24091,24564,1,1,0.127074
17940,24564,1,1,0.127074
17940,24091,1,1,0.127074
14137,24564,1,1,0.127074
14137,24091,1,1,0.127074
14137,17940,1,1,0.127074
12011,24564,1,1,0.127074
12011,24091,1,1,0.127074
12011,17940,1,1,0.127074
12011,14137,1,1,0.127074
2637,24564,1,1,0.127074
2637,24091,1,1,0.127074
2637,14137,1,1,0.127074
22242,24447,1,1,0.127074
2637,12011,1,1,0.127074
7347,21052,1,1,0.127074
15925,21902,1,1,0.127074
12095,21902,1,1,0.127074
12095,15925,1,1,0.127074
5666,21902,1,1,0.127074
5666,15925,1,1,0.127074
5666,12095,1,1,0.127074
3440,21902,1,1,0.127074
10203,21974,1,1,0.127074
3440,12095,1,1,0.127074
3440,5666,1,1,0.127074
10203,18785,1,1,0.127074
20446,22419,1,1,0.127074
10203,22446,1,1,0.127074
18161,18785,1,1,0.127074
14209,18915,1,1,0.127074
11683,19517,1,1,0.127074
11683,18915,1,1,0.127074
11683,15860,1,1,0.127074
11683,14209,1,1,0.127074
20446,25093,1,1,0.127074
1477,25093,1,1,0.127074
16178,24731,1,1,0.127074
16114,23678,1,1,0.127074
21382,22941,1,1,0.127074
3999,22941,1,1,0.127074
3999,21382,1,1,0.127074
16542,17192,1,1,0.127074
2564,17192,1,1,0.127074
2564,16542,1,1,0.127074
21155,25199,1,1,0.127074
20446,25199,1,1,0.127074
20446,21155,1,1,0.127074
7445,25199,1,1,0.127074
7445,21155,1,1,0.127074
7445,20446,1,1,0.127074
23775,24538,1,1,0.127074
16259,24538,1,1,0.127074
16259,23775,1,1,0.127074
9024,24538,1,1,0.127074
9024,23775,1,1,0.127074
1477,24538,1,1,0.127074
14209,19517,1,1,0.127074
15860,18915,1,1,0.127074
15860,19517,1,1,0.127074
18915,22419,1,1,0.127074
21230,23221,1,1,0.127074
5701,19517,1,1,0.127074
5447,6854,1,1,0.127074
7934,12394,1,1,0.127074
6570,7783,1,1,0.127074
2736,7783,1,1,0.127074
2736,6570,1,1,0.127074
4601,13835,1,1,0.127074
1173,20744,1,1,0.127074
833,25461,1,1,0.127074
614,25461,1,1,0.127074
614,833,1,1,0.127074
18915,20446,1,1,0.127074
18915,19517,1,1,0.127074
6756,22419,1,1,0.127074
3557,13652,1,1,0.127074
1356,23678,1,1,0.127074
1699,10547,1,1,0.127074
9230,24384,1,1,0.127074
3131,24384,1,1,0.127074
3131,9230,1,1,0.127074
15925,20446,1,1,0.127074
3999,20446,1,1,0.127074
3999,15925,1,1,0.127074
3553,6021,1,1,0.127074
3999,19625,1,1,0.127074
1477,23775,1,1,0.127074
1477,16259,1,1,0.127074
1477,9024,1,1,0.127074
3061,13842,1,1,0.127074
14137,20896,1,1,0.127074
14137,17773,1,1,0.127074
13842,20896,1,1,0.127074
13842,17773,1,1,0.127074
13842,14137,1,1,0.127074
12908,20896,1,1,0.127074
12908,17773,1,1,0.127074
12908,14137,1,1,0.127074
12908,13842,1,1,0.127074
3061,20896,1,1,0.127074
3061,17773,1,1,0.127074
3061,14137,1,1,0.127074
3061,12908,1,1,0.127074
11686,12261,1,1,0.127074
22733,23483,1,1,0.127074
1648,22733,1,1,0.127074
579,23483,1,1,0.127074
579,22733,1,1,0.127074
579,1648,1,1,0.127074
3506,23097,1,1,0.127074
4869,22637,1,1,0.127074
21974,22446,1,1,0.127074
18785,22446,1,1,0.127074
18785,21974,1,1,0.127074
18161,22446,1,1,0.127074
18161,21974,1,1,0.127074
17773,20896,1,1,0.127074
20722,23649,1,1,0.127074
15446,17705,1,1,0.127074
9924,18666,1,1,0.127074
19517,21974,1,1,0.127074
10547,21974,1,1,0.127074
10547,19517,1,1,0.127074
20446,20722,1,1,0.127074
5780,20722,1,1,0.127074
5780,20446,1,1,0.127074
3553,25184,1,1,0.127074
3553,23477,1,1,0.127074
18666,22629,1,1,0.127074
16822,22629,1,1,0.127074
16822,18666,1,1,0.127074
9924,22629,1,1,0.127074
9924,16822,1,1,0.127074
894,19517,1,1,0.127074
1714,22629,1,1,0.127074
1714,18666,1,1,0.127074
1714,16822,1,1,0.127074
1714,9924,1,1,0.127074
17757,21632,1,1,0.127074
14137,21632,1,1,0.127074
14137,17757,1,1,0.127074
23471,24542,1,1,0.127074
19517,24542,1,1,0.127074
19517,23471,1,1,0.127074
894,24542,1,1,0.127074
894,23471,1,1,0.127074
13120,19517,1,1,0.127074
23283,23649,1,1,0.127074
5701,13120,1,1,0.127074
7245,21428,1,1,0.127074
19517,23274,1,1,0.127074
13516,23274,1,1,0.127074
13516,19517,1,1,0.127074
3920,23274,1,1,0.127074
3920,19517,1,1,0.127074
3920,13516,1,1,0.127074
7739,16775,1,1,0.127074
12827,23855,1,1,0.127074
11151,23855,1,1,0.127074
11151,12827,1,1,0.127074
6292,23855,1,1,0.127074
6292,12827,1,1,0.127074
6292,11151,1,1,0.127074
3665,23855,1,1,0.127074
3665,12827,1,1,0.127074
3665,11151,1,1,0.127074
20996,23836,1,1,0.127074
3762,23836,1,1,0.127074
3762,20996,1,1,0.127074
1190,19517,1,1,0.127074
201,19517,1,1,0.127074
201,1190,1,1,0.127074
81,19517,1,1,0.127074
81,1190,1,1,0.127074
81,201,1,1,0.127074
20896,21540,1,1,0.127074
15909,21540,1,1,0.127074
1947,16203,1,1,0.127074
1947,22194,1,1,0.127074
1947,23649,1,1,0.127074
4856,13103,1,1,0.127074
7245,13412,1,1,0.127074
839,23758,1,1,0.127074
839,23736,1,1,0.127074
839,22112,1,1,0.127074
839,21428,1,1,0.127074
839,15376,1,1,0.127074
839,13412,1,1,0.127074
839,7245,1,1,0.127074
5405,12736,1,1,0.127074
4968,12736,1,1,0.127074
1173,5950,1,1,0.127074
12878,13103,1,1,0.127074
4856,12878,1,1,0.127074
16203,22194,1,1,0.127074
22419,22457,1,1,0.127074
20381,22457,1,1,0.127074
20381,22419,1,1,0.127074
8180,22457,1,1,0.127074
8180,22419,1,1,0.127074
8180,20381,1,1,0.127074
3316,22457,1,1,0.127074
3316,22419,1,1,0.127074
3316,20381,1,1,0.127074
3316,8180,1,1,0.127074
22194,23649,1,1,0.127074
16203,23649,1,1,0.127074
15909,20896,1,1,0.127074
10184,18864,1,1,0.127074
6756,18864,1,1,0.127074
17593,20446,1,1,0.127074
541,9129,1,1,0.127074
541,3399,1,1,0.127074
867,14702,1,1,0.127074
18161,19517,1,1,0.127074
807,23649,1,1,0.127074
807,23283,1,1,0.127074
14521,18530,1,1,0.127074
3909,12965,1,1,0.127074
3665,12965,1,1,0.127074
13543,16175,1,1,0.127074
20446,23220,1,1,0.127074
17593,23220,1,1,0.127074
6681,23220,1,1,0.127074
23885,23888,1,1,0.127074
6681,20446,1,1,0.127074
6681,17593,1,1,0.127074
3553,23220,1,1,0.127074
3553,20446,1,1,0.127074
3553,17593,1,1,0.127074
3553,6681,1,1,0.127074
201,23220,1,1,0.127074
201,20446,1,1,0.127074
201,17593,1,1,0.127074
201,6681,1,1,0.127074
201,3553,1,1,0.127074
23090,23649,1,1,0.127074
3399,9129,1,1,0.127074
12878,13034,1,1,0.127074
6756,10184,1,1,0.127074
4374,9687,1,1,0.127074
3566,18864,1,1,0.127074
3566,10184,1,1,0.127074
5950,19517,1,1,0.127074
5950,14686,1,1,0.127074
2798,14686,1,1,0.127074
2798,5950,1,1,0.127074
887,19670,1,1,0.127074
8824,9487,1,1,0.127074
2862,17277,1,1,0.127074
6681,9687,1,1,0.127074
6349,9687,1,1,0.127074
6349,6681,1,1,0.127074
4374,6681,1,1,0.127074
4374,19200,1,1,0.127074
4374,6349,1,1,0.127074
3553,5098,1,1,0.127074
3909,13412,1,1,0.127074
3665,13412,1,1,0.127074
76,5268,1,1,0.127074
4252,10752,1,1,0.127074
7437,13477,1,1,0.127074
4502,13477,1,1,0.127074
4502,7437,1,1,0.127074
2564,13477,1,1,0.127074
2564,7437,1,1,0.127074
2564,4502,1,1,0.127074
7245,15376,1,1,0.127074
7245,22112,1,1,0.127074
5405,19517,1,1,0.127074
7245,23736,1,1,0.127074
3604,3762,1,1,0.127074
6079,13215,1,1,0.127074
22324,24583,1,1,0.127074
1896,24583,1,1,0.127074
1896,22324,1,1,0.127074
1571,3547,1,1,0.127074
9605,21558,1,1,0.127074
13412,20126,1,1,0.127074
13412,20125,1,1,0.127074
4629,20126,1,1,0.127074
4629,20125,1,1,0.127074
4629,13412,1,1,0.127074
16775,21430,1,1,0.127074
17747,20515,1,1,0.127074
13485,20515,1,1,0.127074
13485,17747,1,1,0.127074
24042,24126,1,1,0.127074
23090,24126,1,1,0.127074
23090,24042,1,1,0.127074
22276,24126,1,1,0.127074
22276,24042,1,1,0.127074
22276,23090,1,1,0.127074
13120,24126,1,1,0.127074
13120,24042,1,1,0.127074
13120,23090,1,1,0.127074
13120,22276,1,1,0.127074
9003,24126,1,1,0.127074
3604,5777,1,1,0.127074
3604,6292,1,1,0.127074
3665,5777,1,1,0.127074
1896,19670,1,1,0.127074
5405,13120,1,1,0.127074
5405,5701,1,1,0.127074
4220,19517,1,1,0.127074
4220,13120,1,1,0.127074
4220,5701,1,1,0.127074
4220,5405,1,1,0.127074
81,3024,1,1,0.127074
12908,21041,1,1,0.127074
19670,21152,1,1,0.127074
8180,21152,1,1,0.127074
8180,19670,1,1,0.127074
1896,21152,1,1,0.127074
1896,8180,1,1,0.127074
3762,5777,1,1,0.127074
1672,21152,1,1,0.127074
1672,19670,1,1,0.127074
1672,8180,1,1,0.127074
1672,1896,1,1,0.127074
10619,11530,1,1,0.127074
8155,11530,1,1,0.127074
8155,10619,1,1,0.127074
18342,19517,1,1,0.127074
4713,4784,1,1,0.127074
2426,4784,1,1,0.127074
2426,4713,1,1,0.127074
5777,6292,1,1,0.127074
9003,24042,1,1,0.127074
9003,23090,1,1,0.127074
9003,22276,1,1,0.127074
22112,23736,1,1,0.127074
579,16029,1,1,0.127074
579,13285,1,1,0.127074
579,3665,1,1,0.127074
579,2019,1,1,0.127074
12396,21822,1,1,0.127074
3448,21822,1,1,0.127074
3448,12396,1,1,0.127074
1700,11506,1,1,0.127074
12836,17243,1,1,0.127074
81,14311,1,1,0.127074
5332,24378,1,1,0.127074
23736,23758,1,1,0.127074
21428,23758,1,1,0.127074
2019,13285,1,1,0.127074
21428,23736,1,1,0.127074
21428,22112,1,1,0.127074
15376,23758,1,1,0.127074
15376,23736,1,1,0.127074
15376,22112,1,1,0.127074
15376,21428,1,1,0.127074
13412,23758,1,1,0.127074
13412,23736,1,1,0.127074
13412,22112,1,1,0.127074
13412,21428,1,1,0.127074
13412,15376,1,1,0.127074
7245,23758,1,1,0.127074
2019,3665,1,1,0.127074
2019,16029,1,1,0.127074
9167,23649,1,1,0.127074
6499,16157,1,1,0.127074
17940,20215,1,1,0.127074
16157,20215,1,1,0.127074
16157,17940,1,1,0.127074
7437,20215,1,1,0.127074
7437,17940,1,1,0.127074
7437,16157,1,1,0.127074
7089,20215,1,1,0.127074
7089,17940,1,1,0.127074
7089,16157,1,1,0.127074
7089,7437,1,1,0.127074
6499,20215,1,1,0.127074
6499,17940,1,1,0.127074
6499,7437,1,1,0.127074
3665,13285,1,1,0.127074
18864,20160,1,1,0.127074
8180,20160,1,1,0.127074
8180,18864,1,1,0.127074
19517,21074,1,1,0.127074
2798,8824,1,1,0.127074
65,8824,1,1,0.127074
65,2798,1,1,0.127074
5777,14010,1,1,0.127074
4502,14010,1,1,0.127074
4502,5777,1,1,0.127074
13285,16029,1,1,0.127074
3665,16029,1,1,0.127074
4869,10859,1,1,0.127074
4754,21111,1,1,0.127074
11089,20446,1,1,0.127074
22314,24740,1,1,0.127074
3652,20896,1,1,0.127074
3652,14005,1,1,0.127074
4531,28487,1,1,0.127074
2798,25718,1,1,0.127074
9636,27716,1,1,0.127074
13190,25718,1,1,0.127074
14470,17736,1,1,0.127074
17736,24455,1,1,0.127074
17736,23765,1,1,0.127074
13437,24455,1,1,0.127074
13437,23765,1,1,0.127074
13437,17736,1,1,0.127074
1993,24455,1,1,0.127074
1993,23765,1,1,0.127074
1993,17736,1,1,0.127074
1993,13437,1,1,0.127074
1851,2942,1,1,0.127074
17277,24578,1,1,0.127074
19333,28413,1,1,0.127074
12681,28413,1,1,0.127074
12681,19333,1,1,0.127074
2444,13705,1,1,0.127074
1125,27677,1,1,0.127074
27907,28407,1,1,0.127074
17938,28407,1,1,0.127074
17938,27907,1,1,0.127074
7048,28407,1,1,0.127074
3652,23221,1,1,0.127074
14005,20896,1,1,0.127074
14005,23221,1,1,0.127074
25770,26500,1,1,0.127074
19396,25718,1,1,0.127074
19396,20036,1,1,0.127074
25820,28609,1,1,0.127074
9223,28609,1,1,0.127074
9223,25820,1,1,0.127074
20446,20894,1,1,0.127074
1993,7308,1,1,0.127074
15931,28901,1,1,0.127074
13226,28901,1,1,0.127074
13226,15931,1,1,0.127074
26500,27827,1,1,0.127074
25770,27827,1,1,0.127074
18345,19432,1,1,0.127074
20896,23221,1,1,0.127074
5432,14788,1,1,0.127074
5432,14360,1,1,0.127074
25027,27004,1,1,0.127074
238,20446,1,1,0.127074
24719,27759,1,1,0.127074
24707,28668,1,1,0.127074
19622,28668,1,1,0.127074
19622,24707,1,1,0.127074
16816,21986,1,1,0.127074
19625,25911,1,1,0.127074
8204,25911,1,1,0.127074
8204,19625,1,1,0.127074
7048,27907,1,1,0.127074
7048,17938,1,1,0.127074
26172,26680,1,1,0.127074
8361,19670,1,1,0.127074
21532,24999,1,1,0.127074
7975,25718,1,1,0.127074
3002,25718,1,1,0.127074
1993,21975,1,1,0.127074
1993,4184,1,1,0.127074
9940,20446,1,1,0.127074
20896,27203,1,1,0.127074
12394,27163,1,1,0.127074
9475,13652,1,1,0.127074
18770,19670,1,1,0.127074
15185,19670,1,1,0.127074
15185,18770,1,1,0.127074
8361,18770,1,1,0.127074
9636,27242,1,1,0.127074
8361,15185,1,1,0.127074
8136,22750,1,1,0.127074
18838,23631,1,1,0.127074
3610,23631,1,1,0.127074
3610,18838,1,1,0.127074
15344,19517,1,1,0.127074
25164,26103,1,1,0.127074
15940,26103,1,1,0.127074
15940,25164,1,1,0.127074
22314,26075,1,1,0.127074
11917,12467,1,1,0.127074
26245,27507,1,1,0.127074
9363,19807,1,1,0.127074
19517,23789,1,1,0.127074
25334,26680,1,1,0.127074
12281,13190,1,1,0.127074
25334,26172,1,1,0.127074
9940,25718,1,1,0.127074
16163,22264,1,1,0.127074
23214,28267,1,1,0.127074
12376,28267,1,1,0.127074
12376,23214,1,1,0.127074
19896,25718,1,1,0.127074
24070,25283,1,1,0.127074
8729,18756,1,1,0.127074
3604,25601,1,1,0.127074
5888,25810,1,1,0.127074
5884,25718,1,1,0.127074
20446,21974,1,1,0.127074
19517,27512,1,1,0.127074
3578,25718,1,1,0.127074
1993,27223,1,1,0.127074
17787,21815,1,1,0.127074
13862,21815,1,1,0.127074
13862,17787,1,1,0.127074
8891,21815,1,1,0.127074
8891,17787,1,1,0.127074
8891,13862,1,1,0.127074
238,769,1,1,0.127074
26874,27014,1,1,0.127074
25718,27014,1,1,0.127074
25718,26874,1,1,0.127074
20036,25718,1,1,0.127074
17810,18530,1,1,0.127074
11089,20896,1,1,0.127074
7762,23416,1,1,0.127074
26098,30938,1,1,0.127074
11799,30938,1,1,0.127074
11799,26098,1,1,0.127074
12717,29850,1,1,0.127074
7686,25718,1,1,0.127074
7635,25718,1,1,0.127074
7635,7686,1,1,0.127074
19190,25513,1,1,0.127074
18488,25513,1,1,0.127074
18488,19190,1,1,0.127074
29259,30095,1,1,0.127074
30095,30481,1,1,0.127074
27810,30481,1,1,0.127074
27810,30095,1,1,0.127074
8709,30481,1,1,0.127074
8709,30095,1,1,0.127074
8709,27810,1,1,0.127074
1124,30481,1,1,0.127074
1124,30095,1,1,0.127074
1124,27810,1,1,0.127074
1124,8709,1,1,0.127074
19132,27813,1,1,0.127074
9949,27813,1,1,0.127074
9949,19132,1,1,0.127074
1282,30481,1,1,0.127074
483,30481,1,1,0.127074
483,1282,1,1,0.127074
183,1714,1,1,0.127074
23517,29227,1,1,0.127074
15156,31087,1,1,0.127074
19622,31115,1,1,0.127074
22637,23090,1,1,0.127074
23034,28258,1,1,0.127074
25152,30404,1,1,0.127074
16997,24448,1,1,0.127074
4164,20659,1,1,0.127074
20659,29645,1,1,0.127074
23616,27189,1,1,0.127074
16231,23131,1,1,0.127074
7189,23131,1,1,0.127074
7189,16231,1,1,0.127074
6612,31285,1,1,0.127074
14714,20580,1,1,0.127074
17468,29621,1,1,0.127074
20797,25718,1,1,0.127074
19065,29190,1,1,0.127074
30331,31117,1,1,0.127074
24336,31117,1,1,0.127074
24336,30331,1,1,0.127074
30221,30793,1,1,0.127074
7660,30946,1,1,0.127074
10053,12323,1,1,0.127074
30898,31028,1,1,0.127074
25718,31028,1,1,0.127074
25718,30898,1,1,0.127074
20797,31028,1,1,0.127074
20797,30898,1,1,0.127074
26874,29023,1,1,0.127074
1217,27884,1,1,0.127074
1787,7635,1,1,0.127074
15160,27645,1,1,0.127074
20446,26075,1,1,0.127074
6944,29225,1,1,0.127074
22659,25718,1,1,0.127074
8763,9753,1,1,0.127074
18045,25718,1,1,0.127074
16638,25718,1,1,0.127074
22636,27645,1,1,0.127074
17736,27645,1,1,0.127074
17736,22636,1,1,0.127074
15184,27645,1,1,0.127074
15184,22636,1,1,0.127074
15184,17736,1,1,0.127074
15160,22636,1,1,0.127074
24629,29701,1,1,0.127074
15160,17736,1,1,0.127074
15160,15184,1,1,0.127074
8970,27645,1,1,0.127074
8970,22636,1,1,0.127074
8970,17736,1,1,0.127074
8970,15184,1,1,0.127074
8970,15160,1,1,0.127074
769,3652,1,1,0.127074
275,3652,1,1,0.127074
275,769,1,1,0.127074
1160,20883,1,1,0.127074
11159,28076,1,1,0.127074
24629,29095,1,1,0.127074
29095,29701,1,1,0.127074
26963,27332,1,1,0.127074
27559,30053,1,1,0.127074
24925,27332,1,1,0.127074
24925,26963,1,1,0.127074
8115,25424,1,1,0.127074
9817,25718,1,1,0.127074
28892,29953,1,1,0.127074
18801,28647,1,1,0.127074
7964,28647,1,1,0.127074
7964,18801,1,1,0.127074
11279,30159,1,1,0.127074
5409,30159,1,1,0.127074
5409,11279,1,1,0.127074
8670,17799,1,1,0.127074
21111,28413,1,1,0.127074
24210,24578,1,1,0.127074
11159,25718,1,1,0.127074
17707,18378,1,1,0.127074
11990,20446,1,1,0.127074
483,20446,1,1,0.127074
483,11990,1,1,0.127074
20052,25713,1,1,0.127074
5888,25713,1,1,0.127074
5888,20052,1,1,0.127074
7538,10760,1,1,0.127074
14791,28076,1,1,0.127074
24578,25718,1,1,0.127074
24210,25718,1,1,0.127074
19663,27468,1,1,0.127074
757,27203,1,1,0.127074
27203,27258,1,1,0.127074
9003,11441,1,1,0.127074
2513,25851,1,1,0.127074
2513,21853,1,1,0.127074
2372,25851,1,1,0.127074
2372,21853,1,1,0.127074
2372,14455,1,1,0.127074
2372,2513,1,1,0.127074
708,9587,1,1,0.127074
10741,18640,1,1,0.127074
8186,20527,1,1,0.127074
2761,20527,1,1,0.127074
2761,8186,1,1,0.127074
2529,8186,1,1,0.127074
2529,2761,1,1,0.127074
1374,20527,1,1,0.127074
1374,8186,1,1,0.127074
1374,2761,1,1,0.127074
1374,2529,1,1,0.127074
25587,25742,1,1,0.127074
20896,24413,1,1,0.127074
13894,24413,1,1,0.127074
13894,20896,1,1,0.127074
25093,25795,1,1,0.127074
9490,25795,1,1,0.127074
9490,25093,1,1,0.127074
19517,23446,1,1,0.127074
3942,19416,1,1,0.127074
22184,23315,1,1,0.127074
14455,21853,1,1,0.127074
21853,25851,1,1,0.127074
12064,18488,1,1,0.127074
7715,12332,1,1,0.127074
12608,15683,1,1,0.127074
16163,18861,1,1,0.127074
13705,18861,1,1,0.127074
13705,16163,1,1,0.127074
13190,15881,1,1,0.127074
12332,15881,1,1,0.127074
12332,13190,1,1,0.127074
8229,15881,1,1,0.127074
8229,13190,1,1,0.127074
8229,12332,1,1,0.127074
7715,15881,1,1,0.127074
7715,13190,1,1,0.127074
7715,8229,1,1,0.127074
12064,21354,1,1,0.127074
3100,15881,1,1,0.127074
3100,13190,1,1,0.127074
3100,12332,1,1,0.127074
3100,8229,1,1,0.127074
3100,7715,1,1,0.127074
2525,15881,1,1,0.127074
2525,13190,1,1,0.127074
2525,12332,1,1,0.127074
2525,8229,1,1,0.127074
2525,7715,1,1,0.127074
2525,3100,1,1,0.127074
18488,21354,1,1,0.127074
15783,15940,1,1,0.127074
18861,20446,1,1,0.127074
20446,22314,1,1,0.127074
8446,20372,1,1,0.127074
22215,25299,1,1,0.127074
14453,15820,1,1,0.127074
13894,15820,1,1,0.127074
13894,14453,1,1,0.127074
20896,21262,1,1,0.127074
19517,21262,1,1,0.127074
10708,21199,1,1,0.127074
81,21199,1,1,0.127074
81,10708,1,1,0.127074
21820,22672,1,1,0.127074
9621,22672,1,1,0.127074
9621,21820,1,1,0.127074
6402,20446,1,1,0.127074
9940,20864,1,1,0.127074
6402,20218,1,1,0.127074
20744,23214,1,1,0.127074
13941,23214,1,1,0.127074
13941,20744,1,1,0.127074
14137,20446,1,1,0.127074
23649,25093,1,1,0.127074
21965,25587,1,1,0.127074
1477,25587,1,1,0.127074
1477,21965,1,1,0.127074
14572,19948,1,1,0.127074
9417,20974,1,1,0.127074
20446,20896,1,1,0.127074
9940,19517,1,1,0.127074
19517,20864,1,1,0.127074
16762,22314,1,1,0.127074
22314,24131,1,1,0.127074
16762,20446,1,1,0.127074
16535,22314,1,1,0.127074
16535,20446,1,1,0.127074
16535,16762,1,1,0.127074
11768,22314,1,1,0.127074
11768,20446,1,1,0.127074
11768,16762,1,1,0.127074
11768,16535,1,1,0.127074
1477,16762,1,1,0.127074
1477,16535,1,1,0.127074
1477,11768,1,1,0.127074
4356,20446,1,1,0.127074
21014,24131,1,1,0.127074
3536,9205,1,1,0.127074
21014,22314,1,1,0.127074
5147,24131,1,1,0.127074
5147,22314,1,1,0.127074
5147,21014,1,1,0.127074
1477,24131,1,1,0.127074
1477,21014,1,1,0.127074
1477,5147,1,1,0.127074
11158,20446,1,1,0.127074
11158,20218,1,1,0.127074
24803,25027,1,1,0.127074
9205,20446,1,1,0.127074
3536,20446,1,1,0.127074
12608,21672,1,1,0.127074
15683,21672,1,1,0.127074
20446,25299,1,1,0.127074
18488,21974,1,1,0.127074
3448,11393,1,1,0.127074
7660,10438,1,1,0.127074
3605,16358,1,1,0.127074
7806,18785,1,1,0.127074
8090,25093,1,1,0.127074
3605,25093,1,1,0.127074
3605,8090,1,1,0.127074
26658,26659,1,1,0.127074
9940,25554,1,1,0.127074
5570,25554,1,1,0.127074
5570,9940,1,1,0.127074
6027,25459,1,1,0.127074
1376,10921,1,1,0.127074
879,6301,1,1,0.127074
8949,26061,1,1,0.127074
6068,21916,1,1,0.127074
12321,19517,1,1,0.127074
15484,25923,1,1,0.127074
12993,25923,1,1,0.127074
12993,15484,1,1,0.127074
552,25923,1,1,0.127074
552,15484,1,1,0.127074
552,12993,1,1,0.127074
17277,25805,1,1,0.127074
389,25805,1,1,0.127074
389,17277,1,1,0.127074
6798,20788,1,1,0.127074
879,15864,1,1,0.127074
9273,25798,1,1,0.127074
6862,7886,1,1,0.127074
26941,26977,1,1,0.127074
25596,26977,1,1,0.127074
25596,26941,1,1,0.127074
3285,26977,1,1,0.127074
3285,26941,1,1,0.127074
3285,25596,1,1,0.127074
238,2404,1,1,0.127074
13226,16902,1,1,0.127074
7886,16902,1,1,0.127074
7886,13226,1,1,0.127074
6862,16902,1,1,0.127074
6862,13226,1,1,0.127074
10304,17810,1,1,0.127074
6301,15864,1,1,0.127074
138,17810,1,1,0.127074
138,10304,1,1,0.127074
18073,19671,1,1,0.127074
11441,23712,1,1,0.127074
1412,23712,1,1,0.127074
1412,11441,1,1,0.127074
21111,24686,1,1,0.127074
4754,24686,1,1,0.127074
879,24686,1,1,0.127074
879,21111,1,1,0.127074
879,4754,1,1,0.127074
25754,26433,1,1,0.127074
24675,25798,1,1,0.127074
19517,24578,1,1,0.127074
15783,23603,1,1,0.127074
15720,20527,1,1,0.127074
20722,25289,1,1,0.127074
20722,21826,1,1,0.127074
10184,25289,1,1,0.127074
10184,21826,1,1,0.127074
10184,20722,1,1,0.127074
3534,25289,1,1,0.127074
3534,21826,1,1,0.127074
3534,20722,1,1,0.127074
3534,10184,1,1,0.127074
20527,21042,1,1,0.127074
20446,20527,1,1,0.127074
15720,21042,1,1,0.127074
15720,20446,1,1,0.127074
10507,20446,1,1,0.127074
9299,21042,1,1,0.127074
9299,20527,1,1,0.127074
9299,20446,1,1,0.127074
24413,25789,1,1,0.127074
11917,25789,1,1,0.127074
11917,24413,1,1,0.127074
20446,22935,1,1,0.127074
14430,20896,1,1,0.127074
14430,19517,1,1,0.127074
11217,16732,1,1,0.127074
23603,25647,1,1,0.127074
15783,25647,1,1,0.127074
21826,25289,1,1,0.127074
10637,16163,1,1,0.127074
2525,11480,1,1,0.127074
6021,20864,1,1,0.127074
7203,8553,1,1,0.127074
5570,26014,1,1,0.127074
4713,26014,1,1,0.127074
4713,5570,1,1,0.127074
1376,26014,1,1,0.127074
1376,5570,1,1,0.127074
1376,4713,1,1,0.127074
20722,23194,1,1,0.127074
14818,15035,1,1,0.127074
3551,22098,1,1,0.127074
227,15400,1,1,0.127074
15881,20864,1,1,0.127074
6021,15881,1,1,0.127074
10637,16410,1,1,0.127074
2069,20864,1,1,0.127074
2069,15881,1,1,0.127074
2069,6021,1,1,0.127074
13477,22954,1,1,0.127074
17828,19517,1,1,0.127074
26014,26253,1,1,0.127074
23689,26253,1,1,0.127074
23689,26014,1,1,0.127074
23194,23962,1,1,0.127074
6631,22418,1,1,0.127074
11633,26050,1,1,0.127074
16163,16410,1,1,0.127074
22637,23649,1,1,0.127074
14295,20262,1,1,0.127074
8180,19517,1,1,0.127074
8149,8204,1,1,0.127074
824,17164,1,1,0.127074
824,15718,1,1,0.127074
3528,16401,1,1,0.127074
1173,16401,1,1,0.127074
1173,3528,1,1,0.127074
18908,20446,1,1,0.127074
14003,20446,1,1,0.127074
14003,18908,1,1,0.127074
8220,20446,1,1,0.127074
8220,18908,1,1,0.127074
8220,14003,1,1,0.127074
9541,20314,1,1,0.127074
8204,10811,1,1,0.127074
8149,10811,1,1,0.127074
4199,18851,1,1,0.127074
5282,19517,1,1,0.127074
10195,20318,1,1,0.127074
10194,20318,1,1,0.127074
10194,10195,1,1,0.127074
3235,18716,1,1,0.127074
3420,11974,1,1,0.127074
7313,11974,1,1,0.127074
12677,15827,1,1,0.127074
4693,19124,1,1,0.127074
18571,20896,1,1,0.127074
6079,15676,1,1,0.127074
3410,15676,1,1,0.127074
3410,6079,1,1,0.127074
8944,19517,1,1,0.127074
8606,19517,1,1,0.127074
15718,17164,1,1,0.127074
2021,3604,1,1,0.127074
2021,8644,1,1,0.127074
2021,13205,1,1,0.127074
428,18488,1,1,0.127074
428,16747,1,1,0.127074
428,10811,1,1,0.127074
428,2737,1,1,0.127074
428,1132,1,1,0.127074
5034,19517,1,1,0.127074
9414,20184,1,1,0.127074
3265,15383,1,1,0.127074
2628,15383,1,1,0.127074
2628,3265,1,1,0.127074
1091,16403,1,1,0.127074
11974,19517,1,1,0.127074
14335,15979,1,1,0.127074
5034,15979,1,1,0.127074
5034,14335,1,1,0.127074
4199,20058,1,1,0.127074
15205,20075,1,1,0.127074
16518,20099,1,1,0.127074
13448,20099,1,1,0.127074
13448,16518,1,1,0.127074
81,20099,1,1,0.127074
81,16518,1,1,0.127074
81,13448,1,1,0.127074
14281,15596,1,1,0.127074
9497,15596,1,1,0.127074
9497,14281,1,1,0.127074
8644,13205,1,1,0.127074
3604,13205,1,1,0.127074
3604,8644,1,1,0.127074
8606,8944,1,1,0.127074
5282,8944,1,1,0.127074
1,14587,1,1,0.127074
4199,14119,1,1,0.127074
5037,5945,1,1,0.127074
6275,18378,1,1,0.127074
5123,6157,1,1,0.127074
4381,6157,1,1,0.127074
4381,5123,1,1,0.127074
4152,6157,1,1,0.127074
4152,5123,1,1,0.127074
4152,4381,1,1,0.127074
14468,15881,1,1,0.127074
12262,15881,1,1,0.127074
993,15881,1,1,0.127074
993,14468,1,1,0.127074
993,12262,1,1,0.127074
9398,14119,1,1,0.127074
3640,14119,1,1,0.127074
5282,8606,1,1,0.127074
3640,9398,1,1,0.127074
3640,4199,1,1,0.127074
1345,1916,1,1,0.127074
3563,5226,1,1,0.127074
554,5226,1,1,0.127074
554,3563,1,1,0.127074
14328,17623,1,1,0.127074
6812,17623,1,1,0.127074
6812,14328,1,1,0.127074
1916,17623,1,1,0.127074
1916,14328,1,1,0.127074
1916,6812,1,1,0.127074
4872,10190,1,1,0.127074
14587,17597,1,1,0.127074
89,9522,1,1,0.127074
89,16681,1,1,0.127074
9522,16681,1,1,0.127074
687,4585,1,1,0.127074
10245,12878,1,1,0.127074
8683,12878,1,1,0.127074
8683,10245,1,1,0.127074
8187,12878,1,1,0.127074
8187,10245,1,1,0.127074
8187,8683,1,1,0.127074
4199,18207,1,1,0.127074
2285,4330,1,1,0.127074
9486,11741,1,1,0.127074
9486,11739,1,1,0.127074
11361,11890,1,1,0.127074
4713,19900,1,1,0.127074
1,18823,1,1,0.127074
11587,17960,1,1,0.127074
4585,17960,1,1,0.127074
4585,11587,1,1,0.127074
4558,17783,1,1,0.127074
1190,12689,1,1,0.127074
5543,18142,1,1,0.127074
3323,18142,1,1,0.127074
3323,5543,1,1,0.127074
6756,16794,1,1,0.127074
1429,16794,1,1,0.127074
1429,6756,1,1,0.127074
6653,11587,1,1,0.127074
687,4199,1,1,0.127074
3241,6385,1,1,0.127074
4585,7166,1,1,0.127074
687,7166,1,1,0.127074
428,19934,1,1,0.127074
1132,2737,1,1,0.127074
1132,10811,1,1,0.127074
2129,19183,1,1,0.127074
4196,20275,1,1,0.127074
4196,10333,1,1,0.127074
4196,7535,1,1,0.127074
1561,12625,1,1,0.127074
15553,20128,1,1,0.127074
15962,19517,1,1,0.127074
9160,19517,1,1,0.127074
9160,15962,1,1,0.127074
16464,19183,1,1,0.127074
8241,19183,1,1,0.127074
8241,16464,1,1,0.127074
8084,19183,1,1,0.127074
8084,16464,1,1,0.127074
8084,8241,1,1,0.127074
2129,16464,1,1,0.127074
1132,16747,1,1,0.127074
2129,8241,1,1,0.127074
2129,8084,1,1,0.127074
522,19183,1,1,0.127074
522,16464,1,1,0.127074
522,8241,1,1,0.127074
522,8084,1,1,0.127074
522,2129,1,1,0.127074
18571,20294,1,1,0.127074
10434,11012,1,1,0.127074
6704,11012,1,1,0.127074
6704,10434,1,1,0.127074
11654,20541,1,1,0.127074
4199,20541,1,1,0.127074
4199,11654,1,1,0.127074
7535,20275,1,1,0.127074
10333,20275,1,1,0.127074
4713,8407,1,1,0.127074
4713,10811,1,1,0.127074
887,15238,1,1,0.127074
2567,7321,1,1,0.127074
8644,21337,1,1,0.127074
5707,16775,1,1,0.127074
4706,10156,1,1,0.127074
15718,19024,1,1,0.127074
12009,19024,1,1,0.127074
12009,15718,1,1,0.127074
11492,15718,1,1,0.127074
11492,12009,1,1,0.127074
10811,15718,1,1,0.127074
10811,12009,1,1,0.127074
8159,18345,1,1,0.127074
7323,18345,1,1,0.127074
7323,8159,1,1,0.127074
7221,18345,1,1,0.127074
7221,7323,1,1,0.127074
1376,18345,1,1,0.127074
1376,8159,1,1,0.127074
1376,7323,1,1,0.127074
1376,7221,1,1,0.127074
19183,19517,1,1,0.127074
522,2019,1,1,0.127074
482,2019,1,1,0.127074
482,522,1,1,0.127074
10811,20541,1,1,0.127074
8407,20541,1,1,0.127074
8407,10811,1,1,0.127074
4713,20541,1,1,0.127074
9074,10354,1,1,0.127074
4713,18207,1,1,0.127074
16403,18908,1,1,0.127074
9901,19678,1,1,0.127074
5876,17637,1,1,0.127074
5876,9746,1,1,0.127074
521,11954,1,1,0.127074
270,11954,1,1,0.127074
270,521,1,1,0.127074
4199,4664,1,1,0.127074
2267,4664,1,1,0.127074
2267,4199,1,1,0.127074
575,3306,1,1,0.127074
187,19517,1,1,0.127074
528,4886,1,1,0.127074
5172,10811,1,1,0.127074
12613,20593,1,1,0.127074
4199,20593,1,1,0.127074
4199,12613,1,1,0.127074
10171,17430,1,1,0.127074
6182,20606,1,1,0.127074
18488,19934,1,1,0.127074
16747,19934,1,1,0.127074
16747,18488,1,1,0.127074
10811,19934,1,1,0.127074
10811,18488,1,1,0.127074
10811,16747,1,1,0.127074
2737,19934,1,1,0.127074
2737,18488,1,1,0.127074
2737,16747,1,1,0.127074
2737,10811,1,1,0.127074
1132,19934,1,1,0.127074
1132,18488,1,1,0.127074
9746,17637,1,1,0.127074
9611,20446,1,1,0.127074
3920,18908,1,1,0.127074
16775,20953,1,1,0.127074
3920,16403,1,1,0.127074
7481,8257,1,1,0.127074
8875,15771,1,1,0.127074
4869,15771,1,1,0.127074
4869,8875,1,1,0.127074
4828,15771,1,1,0.127074
4828,8875,1,1,0.127074
4828,4869,1,1,0.127074
4458,20387,1,1,0.127074
10323,13003,1,1,0.127074
4199,13003,1,1,0.127074
4199,10323,1,1,0.127074
89,8593,1,1,0.127074
12116,18998,1,1,0.127074
12116,12300,1,1,0.127074
5125,18998,1,1,0.127074
5125,12300,1,1,0.127074
5125,12116,1,1,0.127074
4502,18998,1,1,0.127074
4502,12300,1,1,0.127074
4502,12116,1,1,0.127074
4502,5125,1,1,0.127074
10434,20446,1,1,0.127074
13006,15718,1,1,0.127074
4199,15718,1,1,0.127074
4199,13006,1,1,0.127074
2571,15718,1,1,0.127074
2571,13006,1,1,0.127074
2571,4199,1,1,0.127074
1,17597,1,1,0.127074
10096,13012,1,1,0.127074
15238,19602,1,1,0.127074
7111,7784,1,1,0.127074
6572,9323,1,1,0.127074
6572,8943,1,1,0.127074
3924,9323,1,1,0.127074
3924,8943,1,1,0.127074
3924,6572,1,1,0.127074
1510,8683,1,1,0.127074
5190,9454,1,1,0.127074
6089,9729,1,1,0.127074
4204,6063,1,1,0.127074
1684,4199,1,1,0.127074
2359,9427,1,1,0.127074
967,3198,1,1,0.127074
934,3198,1,1,0.127074
934,967,1,1,0.127074
2569,11720,1,1,0.127074
1185,2614,1,1,0.127074
1150,11720,1,1,0.127074
1150,2569,1,1,0.127074
3026,4199,1,1,0.127074
3026,10903,1,1,0.127074
238,4077,1,1,0.127074
6681,7142,1,1,0.127074
1784,5190,1,1,0.127074
3505,9763,1,1,0.127074
3505,8191,1,1,0.127074
2614,9763,1,1,0.127074
2614,8191,1,1,0.127074
2614,3505,1,1,0.127074
1185,9763,1,1,0.127074
1185,8191,1,1,0.127074
8943,9323,1,1,0.127074
2511,11781,1,1,0.127074
2511,12974,1,1,0.127074
11781,12974,1,1,0.127074
1593,11654,1,1,0.127074
1593,7069,1,1,0.127074
7037,8142,1,1,0.127074
6050,8644,1,1,0.127074
14497,14996,1,1,0.127074
10811,14996,1,1,0.127074
10811,14497,1,1,0.127074
4790,14996,1,1,0.127074
4790,14497,1,1,0.127074
4790,10811,1,1,0.127074
3066,14679,1,1,0.127074
77,14679,1,1,0.127074
77,3066,1,1,0.127074
7058,10508,1,1,0.127074
2546,13889,1,1,0.127074
2546,13540,1,1,0.127074
11936,14328,1,1,0.127074
3783,10168,1,1,0.127074
643,3783,1,1,0.127074
1024,9398,1,1,0.127074
11774,12616,1,1,0.127074
2511,5142,1,1,0.127074
720,7405,1,1,0.127074
4199,9338,1,1,0.127074
12192,12689,1,1,0.127074
7784,12689,1,1,0.127074
7784,12192,1,1,0.127074
5226,6288,1,1,0.127074
4143,8683,1,1,0.127074
1185,3505,1,1,0.127074
5200,8343,1,1,0.127074
4199,13012,1,1,0.127074
1510,3208,1,1,0.127074
2359,6138,1,1,0.127074
2870,3026,1,1,0.127074
2369,2796,1,1,0.127074
1749,4940,1,1,0.127074
897,1749,1,1,0.127074
1189,4289,1,1,0.127074
4606,4940,1,1,0.127074
3356,4940,1,1,0.127074
3356,4606,1,1,0.127074
1434,1801,1,1,0.127074
509,4979,1,1,0.127074
1920,4138,1,1,0.127074
1870,4138,1,1,0.127074
1870,1920,1,1,0.127074
1920,4077,1,1,0.127074
4199,8343,1,1,0.127074
1977,2406,1,1,0.127074
868,2406,1,1,0.127074
868,1977,1,1,0.127074
2046,2862,1,1,0.127074
2002,2405,1,1,0.127074
489,1920,1,1,0.127074
236,1928,1,1,0.127074
1441,1944,1,1,0.127074
238,1944,1,1,0.127074
238,1441,1,1,0.127074
1749,1920,1,1,0.127074
37,1201,1,1,0.127074
76,648,1,1,0.127074
265,423,1,1,0.127074
510,5782,1,1,0.127074
423,4828,1,1,0.127074
498,1739,1,1,0.127074
61,2808,1,1,0.127074
4199,5200,1,1,0.127074
1150,5190,1,1,0.127074
238,4199,1,1,0.127074
2140,4924,1,1,0.127074
3184,3481,1,1,0.127074
400,3374,1,1,0.127074
9398,9556,1,1,0.127074
1949,7766,1,1,0.127074
77,4584,1,1,0.127074
6068,9398,1,1,0.127074
77,3610,1,1,0.127074
4199,5190,1,1,0.127074
1374,2812,1,1,0.127074
3986,6641,1,1,0.127074
6092,7405,1,1,0.127074
1964,7405,1,1,0.127074
1964,6092,1,1,0.127074
1739,8769,1,1,0.127074
6388,6728,1,1,0.127074
4971,7753,1,1,0.127074
1591,3577,1,1,0.127074
5275,5977,1,1,0.127074
3383,6063,1,1,0.127074
1118,3146,1,1,0.127074
423,3146,1,1,0.127074
423,1118,1,1,0.127074
2379,5309,1,1,0.127074
2808,3384,1,1,0.127074
61,3384,1,1,0.127074
7069,11654,1,1,0.127074
2328,3285,1,1,0.127074
2328,10178,1,1,0.127074
11320,17295,1,1,0.127074
4522,12956,1,1,0.127074
2152,10901,1,1,0.127074
205,8120,1,1,0.127074
4304,5578,1,1,0.127074
4199,9672,1,1,0.127074
4787,5578,1,1,0.127074
3986,5438,1,1,0.127074
689,5438,1,1,0.127074
689,3986,1,1,0.127074
9398,14795,1,1,0.127074
7187,8842,1,1,0.127074
6165,8842,1,1,0.127074
6165,7187,1,1,0.127074
9037,17451,1,1,0.127074
9398,15503,1,1,0.127074
369,3181,1,1,0.127074
4787,5507,1,1,0.127074
7445,15396,1,1,0.127074
4837,9037,1,1,0.127074
1150,9037,1,1,0.127074
1150,4837,1,1,0.127074
10811,12610,1,1,0.127074
8783,15439,1,1,0.127074
10284,11849,1,1,0.127074
4585,11849,1,1,0.127074
4585,10284,1,1,0.127074
11147,12476,1,1,0.127074
2923,13927,1,1,0.127074
1477,5237,1,1,0.127074
0,9398,1,1,0.127074
2561,9398,1,1,0.127074
5289,8147,1,1,0.127074
4522,15428,1,1,0.127074
4563,5321,1,1,0.127074
4199,10096,1,1,0.127074
3024,9398,1,1,0.127074
1345,9398,1,1,0.127074
1345,3024,1,1,0.127074
172,9398,1,1,0.127074
172,3024,1,1,0.127074
172,1345,1,1,0.127074
89,9398,1,1,0.127074
7413,17565,1,1,0.127074
4199,17565,1,1,0.127074
4199,7413,1,1,0.127074
65,17565,1,1,0.127074
65,7413,1,1,0.127074
65,4199,1,1,0.127074
5827,17941,1,1,0.127074
5524,17941,1,1,0.127074
14097,18861,1,1,0.127074
13412,14137,1,1,0.127074
11040,14137,1,1,0.127074
11040,13412,1,1,0.127074
10061,14137,1,1,0.127074
10925,16538,1,1,0.127074
10660,16538,1,1,0.127074
10660,10925,1,1,0.127074
4559,11174,1,1,0.127074
8308,11654,1,1,0.127074
1944,4305,1,1,0.127074
5321,13176,1,1,0.127074
4563,13176,1,1,0.127074
4585,10565,1,1,0.127074
4262,6806,1,1,0.127074
1,13448,1,1,0.127074
9398,13230,1,1,0.127074
4199,9699,1,1,0.127074
4199,4713,1,1,0.127074
11471,14679,1,1,0.127074
7067,14679,1,1,0.127074
9398,11640,1,1,0.127074
12109,15101,1,1,0.127074
11445,15101,1,1,0.127074
2547,6674,1,1,0.127074
8930,10964,1,1,0.127074
4832,10964,1,1,0.127074
4832,8930,1,1,0.127074
5592,9398,1,1,0.127074
1045,3823,1,1,0.127074
13448,14521,1,1,0.127074
11471,14521,1,1,0.127074
11471,13448,1,1,0.127074
913,14521,1,1,0.127074
913,13448,1,1,0.127074
4026,4199,1,1,0.127074
763,9398,1,1,0.127074
1593,9323,1,1,0.127074
3715,13154,1,1,0.127074
12354,14183,1,1,0.127074
8761,14183,1,1,0.127074
8761,12354,1,1,0.127074
6057,14183,1,1,0.127074
6057,12354,1,1,0.127074
6057,8761,1,1,0.127074
14383,15373,1,1,0.127074
3975,7247,1,1,0.127074
4775,8501,1,1,0.127074
0,13448,1,1,0.127074
438,2019,1,1,0.127074
1964,4199,1,1,0.127074
3397,13448,1,1,0.127074
967,10087,1,1,0.127074
9398,13154,1,1,0.127074
1920,13154,1,1,0.127074
1920,9398,1,1,0.127074
6174,8201,1,1,0.127074
967,1798,1,1,0.127074
1056,13154,1,1,0.127074
6806,15909,1,1,0.127074
12620,16884,1,1,0.127074
3034,16884,1,1,0.127074
3034,12620,1,1,0.127074
825,16884,1,1,0.127074
825,12620,1,1,0.127074
825,3034,1,1,0.127074
6115,6182,1,1,0.127074
5592,13925,1,1,0.127074
2948,12620,1,1,0.127074
2933,12620,1,1,0.127074
3035,7753,1,1,0.127074
15869,16563,1,1,0.127074
6063,16563,1,1,0.127074
6063,15869,1,1,0.127074
7681,8252,1,1,0.127074
897,8252,1,1,0.127074
897,7681,1,1,0.127074
2019,9348,1,1,0.127074
438,9348,1,1,0.127074
887,19602,1,1,0.127074
3869,4664,1,1,0.127074
1741,21556,1,1,0.127074
19517,19729,1,1,0.127074
6717,12394,1,1,0.127074
6717,15775,1,1,0.127074
7091,12394,1,1,0.127074
7091,15775,1,1,0.127074
12394,15775,1,1,0.127074
8488,16353,1,1,0.127074
6259,6782,1,1,0.127074
13671,13842,1,1,0.127074
13671,20387,1,1,0.127074
13842,20387,1,1,0.127074
2231,10048,1,1,0.127074
3550,7138,1,1,0.127074
19517,20902,1,1,0.127074
10156,21807,1,1,0.127074
4102,12042,1,1,0.127074
8766,15604,1,1,0.127074
8766,17078,1,1,0.127074
15604,17078,1,1,0.127074
10811,20055,1,1,0.127074
9918,19228,1,1,0.127074
9918,19567,1,1,0.127074
6717,7091,1,1,0.127074
13017,19729,1,1,0.127074
4401,4559,1,1,0.127074
13017,19517,1,1,0.127074
2798,19640,1,1,0.127074
8341,19640,1,1,0.127074
1920,4199,1,1,0.127074
1920,7886,1,1,0.127074
1920,12576,1,1,0.127074
1920,21863,1,1,0.127074
4199,5737,1,1,0.127074
4199,7886,1,1,0.127074
4199,12576,1,1,0.127074
4199,21863,1,1,0.127074
5737,7886,1,1,0.127074
5737,12576,1,1,0.127074
5737,21863,1,1,0.127074
7886,12576,1,1,0.127074
7886,21863,1,1,0.127074
12576,21863,1,1,0.127074
1529,16822,1,1,0.127074
18688,19421,1,1,0.127074
2862,7882,1,1,0.127074
2862,8233,1,1,0.127074
7882,8233,1,1,0.127074
19228,19567,1,1,0.127074
19531,21452,1,1,0.127074
2501,3367,1,1,0.127074
7091,15596,1,1,0.127074
5037,18864,1,1,0.127074
5037,19531,1,1,0.127074
9759,18864,1,1,0.127074
9759,19531,1,1,0.127074
18864,19531,1,1,0.127074
2501,3124,1,1,0.127074
2501,10811,1,1,0.127074
2501,17796,1,1,0.127074
3124,10811,1,1,0.127074
3124,17796,1,1,0.127074
10811,17796,1,1,0.127074
238,13738,1,1,0.127074
238,21930,1,1,0.127074
13738,21930,1,1,0.127074
2674,18142,1,1,0.127074
174,16551,1,1,0.127074
17851,22480,1,1,0.127074
13671,21674,1,1,0.127074
800,20896,1,1,0.127074
2831,5840,1,1,0.127074
18309,21839,1,1,0.127074
5037,9759,1,1,0.127074
3550,15596,1,1,0.127074
3131,4009,1,1,0.127074
3550,7091,1,1,0.127074
3131,21316,1,1,0.127074
3131,22393,1,1,0.127074
4009,21316,1,1,0.127074
4009,22393,1,1,0.127074
21316,22393,1,1,0.127074
1920,3911,1,1,0.127074
1920,22507,1,1,0.127074
3911,22507,1,1,0.127074
10719,17938,1,1,0.127074
535,10356,1,1,0.127074
535,11820,1,1,0.127074
535,20055,1,1,0.127074
535,21316,1,1,0.127074
535,21956,1,1,0.127074
10356,11820,1,1,0.127074
10356,20055,1,1,0.127074
10356,21316,1,1,0.127074
10356,21956,1,1,0.127074
11820,20055,1,1,0.127074
11820,21316,1,1,0.127074
11820,21956,1,1,0.127074
2798,8341,1,1,0.127074
687,3367,1,1,0.127074
227,4079,1,1,0.127074
428,9411,1,1,0.127074
428,16579,1,1,0.127074
428,19517,1,1,0.127074
9411,15738,1,1,0.127074
9411,16579,1,1,0.127074
9411,19517,1,1,0.127074
15738,16579,1,1,0.127074
15738,19517,1,1,0.127074
16579,19517,1,1,0.127074
2019,10858,1,1,0.127074
1374,2564,1,1,0.127074
1374,3435,1,1,0.127074
2564,3435,1,1,0.127074
3155,5947,1,1,0.127074
3155,11063,1,1,0.127074
3155,19691,1,1,0.127074
3155,20547,1,1,0.127074
5947,11063,1,1,0.127074
5947,19691,1,1,0.127074
5947,20547,1,1,0.127074
11063,19691,1,1,0.127074
11063,20547,1,1,0.127074
428,15738,1,1,0.127074
17757,19915,1,1,0.127074
76,7593,1,1,0.127074
16428,19915,1,1,0.127074
17593,19517,1,1,0.127074
2442,13543,1,1,0.127074
2442,18775,1,1,0.127074
13543,18775,1,1,0.127074
4869,5617,1,1,0.127074
4869,6696,1,1,0.127074
4869,17039,1,1,0.127074
5617,6696,1,1,0.127074
5617,17039,1,1,0.127074
6696,17039,1,1,0.127074
4522,5570,1,1,0.127074
4522,19517,1,1,0.127074
5570,19517,1,1,0.127074
9057,10829,1,1,0.127074
9057,16428,1,1,0.127074
9057,17757,1,1,0.127074
9057,19915,1,1,0.127074
10829,16428,1,1,0.127074
10829,17757,1,1,0.127074
10829,19915,1,1,0.127074
16428,17757,1,1,0.127074
19691,20547,1,1,0.127074
10662,19024,1,1,0.127074
687,2501,1,1,0.127074
2828,8407,1,1,0.127074
13705,18864,1,1,0.127074
12878,19517,1,1,0.127074
4199,7321,1,1,0.127074
10811,16511,1,1,0.127074
9928,21826,1,1,0.127074
2564,20391,1,1,0.127074
1741,1748,1,1,0.127074
1748,21556,1,1,0.127074
19517,20104,1,1,0.127074
11217,17733,1,1,0.127074
11217,21091,1,1,0.127074
17733,21091,1,1,0.127074
5015,6715,1,1,0.127074
687,3563,1,1,0.127074
687,19124,1,1,0.127074
3563,19124,1,1,0.127074
2957,5973,1,1,0.127074
10727,12442,1,1,0.127074
10727,18416,1,1,0.127074
12442,18416,1,1,0.127074
20467,21556,1,1,0.127074
6696,13012,1,1,0.127074
16388,19517,1,1,0.127074
10662,19987,1,1,0.127074
10356,20553,1,1,0.127074
11492,18693,1,1,0.127074
11492,19987,1,1,0.127074
18693,19024,1,1,0.127074
18693,19987,1,1,0.127074
19024,19987,1,1,0.127074
4199,9928,1,1,0.127074
4199,16579,1,1,0.127074
9928,16579,1,1,0.127074
9652,15476,1,1,0.127074
9652,16428,1,1,0.127074
15476,16428,1,1,0.127074
2616,21143,1,1,0.127074
2616,21764,1,1,0.127074
3100,21143,1,1,0.127074
3100,21764,1,1,0.127074
21143,21764,1,1,0.127074
3155,4199,1,1,0.127074
3155,10356,1,1,0.127074
3155,20553,1,1,0.127074
4199,10356,1,1,0.127074
4199,20553,1,1,0.127074
6751,11654,1,1,0.127074
7347,22398,1,1,0.127074
11756,17593,1,1,0.127074
1461,11137,1,1,0.127074
1461,20446,1,1,0.127074
11137,19330,1,1,0.127074
11137,20446,1,1,0.127074
19330,20446,1,1,0.127074
1380,6756,1,1,0.127074
19517,23637,1,1,0.127074
13813,23722,1,1,0.127074
2236,6719,1,1,0.127074
2236,17550,1,1,0.127074
6719,17550,1,1,0.127074
4617,6185,1,1,0.127074
12500,20446,1,1,0.127074
6087,16703,1,1,0.127074
6087,17757,1,1,0.127074
6087,22870,1,1,0.127074
16703,17757,1,1,0.127074
16703,22870,1,1,0.127074
17757,22870,1,1,0.127074
9544,23649,1,1,0.127074
9544,23860,1,1,0.127074
1263,23221,1,1,0.127074
1461,19330,1,1,0.127074
2564,19517,1,1,0.127074
1190,3762,1,1,0.127074
1006,19517,1,1,0.127074
4617,19596,1,1,0.127074
2564,6336,1,1,0.127074
2564,17757,1,1,0.127074
6336,17757,1,1,0.127074
79,3024,1,1,0.127074
79,11821,1,1,0.127074
3024,7306,1,1,0.127074
3024,11821,1,1,0.127074
7306,11821,1,1,0.127074
14497,15979,1,1,0.127074
14497,17799,1,1,0.127074
14497,18207,1,1,0.127074
14497,19479,1,1,0.127074
15979,17799,1,1,0.127074
15979,18207,1,1,0.127074
15979,19479,1,1,0.127074
17799,18207,1,1,0.127074
17799,19479,1,1,0.127074
18207,19479,1,1,0.127074
10667,17358,1,1,0.127074
1006,2564,1,1,0.127074
1190,2949,1,1,0.127074
1190,4467,1,1,0.127074
993,21996,1,1,0.127074
19517,19930,1,1,0.127074
2934,11137,1,1,0.127074
2934,18864,1,1,0.127074
5098,11137,1,1,0.127074
5098,18864,1,1,0.127074
11137,18864,1,1,0.127074
3762,11393,1,1,0.127074
3762,12011,1,1,0.127074
11393,12011,1,1,0.127074
18502,20446,1,1,0.127074
560,12653,1,1,0.127074
10549,14295,1,1,0.127074
10549,14951,1,1,0.127074
10549,18864,1,1,0.127074
10549,20262,1,1,0.127074
14295,14951,1,1,0.127074
14295,18864,1,1,0.127074
14951,18864,1,1,0.127074
14951,20262,1,1,0.127074
18864,20262,1,1,0.127074
7437,18571,1,1,0.127074
7437,20896,1,1,0.127074
2934,5098,1,1,0.127074
2526,8180,1,1,0.127074
1190,19330,1,1,0.127074
5203,23649,1,1,0.127074
2949,3762,1,1,0.127074
2949,4467,1,1,0.127074
2949,19330,1,1,0.127074
3762,4467,1,1,0.127074
3762,19330,1,1,0.127074
4467,19330,1,1,0.127074
3024,5167,1,1,0.127074
3024,22893,1,1,0.127074
5167,22893,1,1,0.127074
1313,7681,1,1,0.127074
1374,2949,1,1,0.127074
1374,3665,1,1,0.127074
1374,3909,1,1,0.127074
2949,3665,1,1,0.127074
2949,3909,1,1,0.127074
17747,19517,1,1,0.127074
17747,22629,1,1,0.127074
19517,22629,1,1,0.127074
12965,14295,1,1,0.127074
1896,4374,1,1,0.127074
5203,19517,1,1,0.127074
20387,21996,1,1,0.127074
993,20387,1,1,0.127074
2786,17952,1,1,0.127074
3920,20055,1,1,0.127074
14686,18176,1,1,0.127074
14686,21956,1,1,0.127074
18176,21956,1,1,0.127074
11820,15144,1,1,0.127074
11820,21698,1,1,0.127074
15144,21698,1,1,0.127074
786,930,1,1,0.127074
238,22545,1,1,0.127074
16886,21826,1,1,0.127074
3920,21179,1,1,0.127074
1160,9924,1,1,0.127074
3563,14686,1,1,0.127074
3563,21179,1,1,0.127074
14686,21179,1,1,0.127074
2786,9447,1,1,0.127074
2786,22545,1,1,0.127074
9447,22545,1,1,0.127074
6165,19479,1,1,0.127074
2789,9924,1,1,0.127074
2789,20446,1,1,0.127074
2789,22870,1,1,0.127074
3920,22553,1,1,0.127074
15144,18416,1,1,0.127074
9924,20446,1,1,0.127074
6674,18416,1,1,0.127074
12014,17904,1,1,0.127074
12014,18722,1,1,0.127074
12014,19517,1,1,0.127074
12014,20168,1,1,0.127074
12014,22587,1,1,0.127074
17904,18722,1,1,0.127074
17904,19517,1,1,0.127074
17904,20168,1,1,0.127074
17904,22587,1,1,0.127074
18722,19517,1,1,0.127074
18722,20168,1,1,0.127074
18722,22587,1,1,0.127074
19517,20168,1,1,0.127074
19517,22587,1,1,0.127074
20168,22587,1,1,0.127074
12592,20964,1,1,0.127074
3411,15588,1,1,0.127074
1160,12878,1,1,0.127074
643,4694,1,1,0.127074
19517,20519,1,1,0.127074
6674,15144,1,1,0.127074
2789,23221,1,1,0.127074
9924,22870,1,1,0.127074
5034,20446,1,1,0.127074
18852,19479,1,1,0.127074
8678,9129,1,1,0.127074
8678,18864,1,1,0.127074
9129,18864,1,1,0.127074
6738,7766,1,1,0.127074
5123,13103,1,1,0.127074
3024,22167,1,1,0.127074
1794,18171,1,1,0.127074
1794,20446,1,1,0.127074
18171,20446,1,1,0.127074
19517,23557,1,1,0.127074
4009,5840,1,1,0.127074
4009,16262,1,1,0.127074
4009,19596,1,1,0.127074
5840,16262,1,1,0.127074
5840,19596,1,1,0.127074
16262,19596,1,1,0.127074
4502,17593,1,1,0.127074
4502,23457,1,1,0.127074
17593,23457,1,1,0.127074
6253,9129,1,1,0.127074
1275,9611,1,1,0.127074
422,20446,1,1,0.127074
9400,19026,1,1,0.127074
9924,23221,1,1,0.127074
15596,18050,1,1,0.127074
20446,22870,1,1,0.127074
22870,23221,1,1,0.127074
8383,18207,1,1,0.127074
8383,20446,1,1,0.127074
18207,20446,1,1,0.127074
254,22469,1,1,0.127074
11385,21129,1,1,0.127074
12878,13416,1,1,0.127074
4385,7677,1,1,0.127074
17478,21174,1,1,0.127074
2917,5608,1,1,0.127074
2917,19862,1,1,0.127074
2917,20446,1,1,0.127074
5123,5608,1,1,0.127074
5123,19862,1,1,0.127074
5123,20446,1,1,0.127074
5608,19862,1,1,0.127074
5608,20446,1,1,0.127074
19862,20446,1,1,0.127074
2564,15596,1,1,0.127074
2564,18050,1,1,0.127074
11756,19517,1,1,0.127074
24357,30489,1,1,0.127074
1010,10707,1,1,0.127074
6704,7593,1,1,0.127074
11461,21131,1,1,0.127074
12856,18693,1,1,0.127074
10662,12856,1,1,0.127074
16353,21131,1,1,0.127074
2949,13006,1,1,0.127074
20460,20932,1,1,0.127074
12852,20460,1,1,0.127074
19517,20764,1,1,0.127074
6704,18693,1,1,0.127074
20764,21131,1,1,0.127074
12852,20932,1,1,0.127074
16353,20764,1,1,0.127074
7593,10662,1,1,0.127074
7593,12856,1,1,0.127074
19517,21131,1,1,0.127074
6704,12856,1,1,0.127074
7593,18693,1,1,0.127074
11461,16353,1,1,0.127074
6704,10662,1,1,0.127074
2442,10707,1,1,0.127074
6598,11461,1,1,0.127074
6598,16353,1,1,0.127074
6598,20764,1,1,0.127074
11461,19517,1,1,0.127074
6598,19517,1,1,0.127074
6598,21131,1,1,0.127074
11461,20764,1,1,0.127074
271,10707,1,1,0.127074
7953,9556,1,1,0.123964
9556,20044,1,1,0.123964
17637,21965,1,1,0.123964
17637,22183,1,1,0.123964
20044,21965,1,1,0.123964
4787,18158,1,1,0.123964
17637,20044,1,1,0.123964
19421,21067,1,1,0.123964
9556,11044,1,1,0.123964
9556,18158,1,1,0.123964
9556,17637,1,1,0.123964
9556,22183,1,1,0.123964
9556,21965,1,1,0.123964
20176,21688,1,1,0.123964
20176,22153,1,1,0.123964
4787,11044,1,1,0.123964
5275,20639,1,1,0.123964
21688,22153,1,1,0.123964
13377,13968,1,1,0.123964
4787,9556,1,1,0.123964
1424,13158,1,1,0.123964
5881,20044,1,1,0.123964
937,10811,1,1,0.123964
10171,20757,1,1,0.123964
2022,22055,1,1,0.123964
7001,22055,1,1,0.123964
1729,2379,1,1,0.123964
5213,20044,1,1,0.123964
428,1424,1,1,0.123964
20253,29958,1,1,0.123964
20253,26100,1,1,0.123964
428,1529,1,1,0.123964
428,13158,1,1,0.123964
428,17646,1,1,0.123964
428,17974,1,1,0.123964
1424,17646,1,1,0.123964
4787,7953,1,1,0.123964
1424,17974,1,1,0.123964
1529,13158,1,1,0.123964
1529,17646,1,1,0.123964
1529,17974,1,1,0.123964
13158,17646,1,1,0.123964
17646,17974,1,1,0.123964
8811,20044,1,1,0.123964
10285,13377,1,1,0.123964
10285,13968,1,1,0.123964
21965,22183,1,1,0.123964
4102,19105,1,1,0.123964
1348,2231,1,1,0.123964
1348,5551,1,1,0.123964
12786,20044,1,1,0.123964
20044,22183,1,1,0.123964
5688,10171,1,1,0.123964
11820,12878,1,1,0.123964
11820,17397,1,1,0.123964
5621,21965,1,1,0.123964
5621,15101,1,1,0.123964
3613,21965,1,1,0.123964
3613,15101,1,1,0.123964
3613,5621,1,1,0.123964
3427,21965,1,1,0.123964
3427,15101,1,1,0.123964
3427,5621,1,1,0.123964
3427,3613,1,1,0.123964
227,16815,1,1,0.123964
15935,22633,1,1,0.123964
307,10156,1,1,0.123964
8166,18338,1,1,0.123964
11041,15935,1,1,0.123964
20044,20387,1,1,0.123964
15101,21965,1,1,0.123964
3993,14991,1,1,0.123964
3993,22394,1,1,0.123964
19833,19877,1,1,0.123964
10356,11305,1,1,0.123964
20044,21930,1,1,0.123964
19877,21930,1,1,0.123964
19877,20044,1,1,0.123964
19833,21930,1,1,0.123964
19833,20044,1,1,0.123964
9496,21930,1,1,0.123964
14991,22394,1,1,0.123964
9496,20044,1,1,0.123964
9496,19877,1,1,0.123964
9496,19833,1,1,0.123964
21381,22350,1,1,0.123964
2379,22350,1,1,0.123964
2379,21381,1,1,0.123964
18828,20387,1,1,0.123964
18828,20044,1,1,0.123964
4960,20387,1,1,0.123964
14766,14769,1,1,0.123964
2379,10853,1,1,0.123964
15335,26745,1,1,0.123964
12366,21316,1,1,0.123964
51,21956,1,1,0.123964
51,21316,1,1,0.123964
51,12366,1,1,0.123964
10171,14769,1,1,0.123964
10853,18016,1,1,0.123964
10171,14766,1,1,0.123964
16628,26745,1,1,0.123964
5688,14766,1,1,0.123964
26100,29958,1,1,0.123964
2898,17579,1,1,0.123964
12878,17397,1,1,0.123964
2379,18016,1,1,0.123964
12111,22310,1,1,0.123964
4960,20044,1,1,0.123964
6168,13813,1,1,0.123964
4960,18828,1,1,0.123964
20027,21807,1,1,0.123964
9496,21807,1,1,0.123964
9496,20027,1,1,0.123964
20990,21316,1,1,0.123964
10156,13813,1,1,0.123964
6168,10156,1,1,0.123964
390,456,1,1,0.123964
456,13813,1,1,0.123964
456,10156,1,1,0.123964
456,6168,1,1,0.123964
390,13813,1,1,0.123964
390,10156,1,1,0.123964
390,6168,1,1,0.123964
1608,5881,1,1,0.123964
18031,24981,1,1,0.123964
17561,21965,1,1,0.123964
8149,15257,1,1,0.123964
8149,17561,1,1,0.123964
15257,16428,1,1,0.123964
15257,17139,1,1,0.123964
5087,17423,1,1,0.123964
15257,17561,1,1,0.123964
16428,17139,1,1,0.123964
16428,17561,1,1,0.123964
15609,20082,1,1,0.123964
17139,17561,1,1,0.123964
2864,22606,1,1,0.123964
18202,19691,1,1,0.123964
13836,26745,1,1,0.123964
18202,20387,1,1,0.123964
19691,20387,1,1,0.123964
20387,20964,1,1,0.123964
20387,21596,1,1,0.123964
20387,21604,1,1,0.123964
20964,21596,1,1,0.123964
20964,21604,1,1,0.123964
2511,20044,1,1,0.123964
8002,21721,1,1,0.123964
1097,2379,1,1,0.123964
1097,10811,1,1,0.123964
1097,12417,1,1,0.123964
1097,21596,1,1,0.123964
2379,12417,1,1,0.123964
2379,21596,1,1,0.123964
10811,12417,1,1,0.123964
10811,21596,1,1,0.123964
8149,17139,1,1,0.123964
8002,17561,1,1,0.123964
17561,20628,1,1,0.123964
8002,17139,1,1,0.123964
5087,5662,1,1,0.123964
5087,11994,1,1,0.123964
5087,13349,1,1,0.123964
5087,13457,1,1,0.123964
5087,13494,1,1,0.123964
5662,11994,1,1,0.123964
5662,13349,1,1,0.123964
5662,13457,1,1,0.123964
5662,13494,1,1,0.123964
11994,13349,1,1,0.123964
11994,13457,1,1,0.123964
11994,13494,1,1,0.123964
13349,13457,1,1,0.123964
13349,13494,1,1,0.123964
13457,13494,1,1,0.123964
227,7200,1,1,0.123964
227,8002,1,1,0.123964
227,8149,1,1,0.123964
227,15257,1,1,0.123964
227,16428,1,1,0.123964
227,17139,1,1,0.123964
227,17561,1,1,0.123964
7200,8002,1,1,0.123964
7200,8149,1,1,0.123964
7200,15257,1,1,0.123964
7200,16428,1,1,0.123964
7200,17139,1,1,0.123964
8002,8149,1,1,0.123964
8002,16428,1,1,0.123964
1097,11629,1,1,0.123964
17491,20238,1,1,0.123964
1741,9380,1,1,0.123964
1741,20044,1,1,0.123964
15711,20740,1,1,0.123964
6609,14704,1,1,0.123964
6609,20387,1,1,0.123964
14704,20387,1,1,0.123964
1608,20740,1,1,0.123964
20044,20740,1,1,0.123964
1585,4579,1,1,0.123964
1585,8670,1,1,0.123964
1585,21820,1,1,0.123964
4579,8670,1,1,0.123964
4579,21820,1,1,0.123964
8670,21820,1,1,0.123964
2379,7722,1,1,0.123964
2379,11301,1,1,0.123964
2379,13659,1,1,0.123964
2379,17561,1,1,0.123964
2379,20628,1,1,0.123964
2379,21965,1,1,0.123964
7722,11301,1,1,0.123964
7722,13659,1,1,0.123964
7722,17561,1,1,0.123964
7722,20628,1,1,0.123964
7722,21965,1,1,0.123964
11301,17561,1,1,0.123964
11301,20628,1,1,0.123964
11301,21965,1,1,0.123964
13659,17561,1,1,0.123964
13659,20628,1,1,0.123964
13659,21965,1,1,0.123964
7200,15293,1,1,0.123964
3819,15293,1,1,0.123964
3819,7200,1,1,0.123964
5621,11645,1,1,0.123964
9380,20044,1,1,0.123964
13012,13055,1,1,0.123964
13012,16508,1,1,0.123964
13055,16508,1,1,0.123964
5054,13376,1,1,0.123964
5054,13659,1,1,0.123964
5054,21819,1,1,0.123964
13376,13659,1,1,0.123964
13376,21819,1,1,0.123964
1097,15293,1,1,0.123964
9895,17491,1,1,0.123964
9895,21653,1,1,0.123964
17491,21653,1,1,0.123964
15031,27011,1,1,0.123964
3376,15293,1,1,0.123964
13932,27011,1,1,0.123964
11506,18915,1,1,0.123964
6672,16540,1,1,0.123964
6672,18915,1,1,0.123964
13932,15031,1,1,0.123964
4343,27011,1,1,0.123964
4343,15031,1,1,0.123964
16540,18915,1,1,0.123964
8612,20387,1,1,0.123964
3375,7200,1,1,0.123964
26398,29359,1,1,0.123964
3375,15293,1,1,0.123964
3376,7200,1,1,0.123964
11301,13659,1,1,0.123964
9175,21032,1,1,0.123964
4125,4735,1,1,0.123964
10515,20044,1,1,0.123964
16567,23357,1,1,0.123964
9432,18228,1,1,0.123964
2197,29982,1,1,0.123964
2197,19763,1,1,0.123964
14988,18634,1,1,0.123964
14607,14766,1,1,0.123964
28111,28847,1,1,0.123964
2379,20991,1,1,0.123964
21090,28847,1,1,0.123964
17478,20597,1,1,0.123964
21090,28111,1,1,0.123964
17478,22910,1,1,0.123964
20597,22910,1,1,0.123964
13177,20061,1,1,0.123964
227,20672,1,1,0.123964
227,23376,1,1,0.123964
1794,8612,1,1,0.123964
9523,14069,1,1,0.123964
9523,21736,1,1,0.123964
14069,21736,1,1,0.123964
19887,28847,1,1,0.123964
25,13804,1,1,0.123964
25,23376,1,1,0.123964
25,23722,1,1,0.123964
19887,28111,1,1,0.123964
38,13804,1,1,0.123964
38,23376,1,1,0.123964
38,23722,1,1,0.123964
13804,23376,1,1,0.123964
9308,23553,1,1,0.123964
7140,10515,1,1,0.123964
23376,23722,1,1,0.123964
2379,10515,1,1,0.123964
20044,21459,1,1,0.123964
2544,20387,1,1,0.123964
2544,21174,1,1,0.123964
2544,23352,1,1,0.123964
2547,20387,1,1,0.123964
2547,21174,1,1,0.123964
2547,23352,1,1,0.123964
2634,12209,1,1,0.123964
2634,15644,1,1,0.123964
2634,18087,1,1,0.123964
2634,19014,1,1,0.123964
12209,15644,1,1,0.123964
12209,18087,1,1,0.123964
15644,18087,1,1,0.123964
15644,19014,1,1,0.123964
18087,19014,1,1,0.123964
2379,2955,1,1,0.123964
2955,20044,1,1,0.123964
15781,17136,1,1,0.123964
227,1929,1,1,0.123964
227,10515,1,1,0.123964
1929,2379,1,1,0.123964
29982,30581,1,1,0.123964
19763,30581,1,1,0.123964
19763,29982,1,1,0.123964
1929,7140,1,1,0.123964
1929,10515,1,1,0.123964
1929,20044,1,1,0.123964
2379,7140,1,1,0.123964
13804,23722,1,1,0.123964
18880,20044,1,1,0.123964
18896,20044,1,1,0.123964
22467,22646,1,1,0.123964
22646,23314,1,1,0.123964
19887,21090,1,1,0.123964
208,2379,1,1,0.123964
208,8483,1,1,0.123964
208,19704,1,1,0.123964
208,20044,1,1,0.123964
2379,8483,1,1,0.123964
7692,28847,1,1,0.123964
2379,19704,1,1,0.123964
8483,19704,1,1,0.123964
8483,20044,1,1,0.123964
19704,20044,1,1,0.123964
227,3385,1,1,0.123964
227,12403,1,1,0.123964
7692,28111,1,1,0.123964
227,20517,1,1,0.123964
227,22469,1,1,0.123964
3385,12403,1,1,0.123964
3385,20517,1,1,0.123964
3385,22469,1,1,0.123964
12403,20517,1,1,0.123964
12403,22469,1,1,0.123964
20517,22469,1,1,0.123964
18632,22646,1,1,0.123964
7692,21090,1,1,0.123964
20387,23077,1,1,0.123964
11504,16775,1,1,0.123964
11504,20044,1,1,0.123964
16775,20044,1,1,0.123964
22467,23314,1,1,0.123964
21758,22646,1,1,0.123964
19891,20044,1,1,0.123964
21758,22467,1,1,0.123964
1991,16382,1,1,0.123964
227,11809,1,1,0.123964
227,12777,1,1,0.123964
227,22247,1,1,0.123964
11809,22247,1,1,0.123964
12777,22247,1,1,0.123964
253,7711,1,1,0.123964
227,2590,1,1,0.123964
227,14735,1,1,0.123964
227,20912,1,1,0.123964
227,21758,1,1,0.123964
227,22467,1,1,0.123964
227,22646,1,1,0.123964
227,23314,1,1,0.123964
2590,14735,1,1,0.123964
2590,20912,1,1,0.123964
2590,21758,1,1,0.123964
2590,22467,1,1,0.123964
2590,22646,1,1,0.123964
2590,23314,1,1,0.123964
14735,20912,1,1,0.123964
14735,21758,1,1,0.123964
14735,22467,1,1,0.123964
14735,22646,1,1,0.123964
14735,23314,1,1,0.123964
20912,21758,1,1,0.123964
20912,22467,1,1,0.123964
20912,22646,1,1,0.123964
20912,23314,1,1,0.123964
18896,21459,1,1,0.123964
8612,21459,1,1,0.123964
4125,20387,1,1,0.123964
6739,15335,1,1,0.123964
10129,19026,1,1,0.123964
10362,19026,1,1,0.123964
25545,25570,1,1,0.123964
22990,25570,1,1,0.123964
1854,8752,1,1,0.123964
1854,10673,1,1,0.123964
1854,22797,1,1,0.123964
8752,10673,1,1,0.123964
8752,22797,1,1,0.123964
16279,25570,1,1,0.123964
16279,23074,1,1,0.123964
10673,22797,1,1,0.123964
11022,25570,1,1,0.123964
10839,25570,1,1,0.123964
5640,20044,1,1,0.123964
10740,25570,1,1,0.123964
3875,21143,1,1,0.123964
2379,22511,1,1,0.123964
20044,22511,1,1,0.123964
21308,21606,1,1,0.123964
2379,6438,1,1,0.123964
20221,28356,1,1,0.123964
1134,11336,1,1,0.123964
1134,13117,1,1,0.123964
1134,22816,1,1,0.123964
11336,22816,1,1,0.123964
11336,23124,1,1,0.123964
13117,22816,1,1,0.123964
13117,23124,1,1,0.123964
10129,10362,1,1,0.123964
6739,26745,1,1,0.123964
2798,6438,1,1,0.123964
3314,22722,1,1,0.123964
4125,21767,1,1,0.123964
4125,22174,1,1,0.123964
4735,20387,1,1,0.123964
4735,21767,1,1,0.123964
4735,22174,1,1,0.123964
20387,21767,1,1,0.123964
20387,22174,1,1,0.123964
2379,13457,1,1,0.123964
4529,18426,1,1,0.123964
4529,18978,1,1,0.123964
18426,18978,1,1,0.123964
1374,3272,1,1,0.123964
1374,6672,1,1,0.123964
3272,6672,1,1,0.123964
3272,18581,1,1,0.123964
6672,18581,1,1,0.123964
3563,5407,1,1,0.123964
3563,8990,1,1,0.123964
3563,10129,1,1,0.123964
3563,10362,1,1,0.123964
3563,19026,1,1,0.123964
5407,8990,1,1,0.123964
5407,10129,1,1,0.123964
5407,10362,1,1,0.123964
15335,16628,1,1,0.123964
5407,19026,1,1,0.123964
8990,10129,1,1,0.123964
8990,10362,1,1,0.123964
8990,19026,1,1,0.123964
22816,23124,1,1,0.123964
2798,13952,1,1,0.123964
8612,18896,1,1,0.123964
1560,20044,1,1,0.123964
24778,29789,1,1,0.123964
7479,12097,1,1,0.123964
7479,13802,1,1,0.123964
7479,20044,1,1,0.123964
7479,21981,1,1,0.123964
12097,13802,1,1,0.123964
12097,20044,1,1,0.123964
12097,21981,1,1,0.123964
13802,20044,1,1,0.123964
13802,21981,1,1,0.123964
20044,21981,1,1,0.123964
5295,10941,1,1,0.123964
227,9223,1,1,0.123964
4544,19340,1,1,0.123964
13450,16187,1,1,0.123964
2379,14532,1,1,0.123964
227,20387,1,1,0.123964
7140,8612,1,1,0.123964
227,4262,1,1,0.123964
227,18896,1,1,0.123964
227,21459,1,1,0.123964
2379,4262,1,1,0.123964
2379,8612,1,1,0.123964
2379,18896,1,1,0.123964
2379,21459,1,1,0.123964
4262,8612,1,1,0.123964
4262,18896,1,1,0.123964
4262,20044,1,1,0.123964
4262,21459,1,1,0.123964
1560,21981,1,1,0.123964
1560,13802,1,1,0.123964
7007,28714,1,1,0.123964
1560,12097,1,1,0.123964
10594,20805,1,1,0.123964
8709,16605,1,1,0.123964
2798,16822,1,1,0.123964
2798,17923,1,1,0.123964
6438,13952,1,1,0.123964
6438,16822,1,1,0.123964
6438,17923,1,1,0.123964
13952,16822,1,1,0.123964
13952,17923,1,1,0.123964
16822,17923,1,1,0.123964
3898,16687,1,1,0.123964
16687,19252,1,1,0.123964
5078,22914,1,1,0.123964
5078,23139,1,1,0.123964
1631,16605,1,1,0.123964
2402,5523,1,1,0.123964
2402,7583,1,1,0.123964
227,1203,1,1,0.123964
227,1560,1,1,0.123964
227,7479,1,1,0.123964
227,12097,1,1,0.123964
227,13802,1,1,0.123964
227,21981,1,1,0.123964
1203,7479,1,1,0.123964
1203,12097,1,1,0.123964
1203,13802,1,1,0.123964
1203,20044,1,1,0.123964
1203,21981,1,1,0.123964
1631,8709,1,1,0.123964
2379,13494,1,1,0.123964
13376,16382,1,1,0.123964
2379,13349,1,1,0.123964
299,23654,1,1,0.123964
18,10715,1,1,0.123964
18,22316,1,1,0.123964
483,19818,1,1,0.123964
483,9636,1,1,0.123964
5639,22316,1,1,0.123964
26988,31048,1,1,0.123964
23720,31048,1,1,0.123964
23720,27003,1,1,0.123964
23720,26988,1,1,0.123964
20082,31048,1,1,0.123964
20082,27003,1,1,0.123964
20082,26988,1,1,0.123964
20082,23720,1,1,0.123964
6217,26062,1,1,0.123964
8207,30644,1,1,0.123964
30966,31051,1,1,0.123964
10715,22316,1,1,0.123964
1656,2379,1,1,0.123964
2033,2733,1,1,0.123964
1944,2033,1,1,0.123964
1799,4787,1,1,0.123964
3356,4431,1,1,0.123964
3356,5006,1,1,0.123964
3356,5318,1,1,0.123964
4431,5006,1,1,0.123964
4431,5318,1,1,0.123964
23517,26357,1,1,0.123964
28843,29079,1,1,0.123964
22134,29079,1,1,0.123964
213,23654,1,1,0.123964
12573,23292,1,1,0.123964
1972,2767,1,1,0.123964
21980,26500,1,1,0.123964
24276,31132,1,1,0.123964
17532,29864,1,1,0.123964
10268,25089,1,1,0.123964
10268,27639,1,1,0.123964
25089,27639,1,1,0.123964
21796,27541,1,1,0.123964
855,15849,1,1,0.123964
855,17055,1,1,0.123964
15849,17055,1,1,0.123964
4720,17088,1,1,0.123964
26500,30187,1,1,0.123964
27291,29196,1,1,0.123964
26679,29066,1,1,0.123964
23734,27479,1,1,0.123964
13291,26239,1,1,0.123964
20202,29066,1,1,0.123964
20174,29066,1,1,0.123964
24960,28545,1,1,0.123964
4384,31201,1,1,0.123964
13155,25213,1,1,0.123964
7165,25872,1,1,0.123964
25213,30200,1,1,0.123964
3332,19469,1,1,0.123964
27884,28111,1,1,0.123964
9496,13137,1,1,0.123964
5451,25032,1,1,0.123964
16546,30058,1,1,0.123964
24917,26707,1,1,0.123964
18,5639,1,1,0.123964
154,1972,1,1,0.123964
5800,6086,1,1,0.123964
6457,15566,1,1,0.123964
5765,9812,1,1,0.123964
2018,9037,1,1,0.123964
8070,9037,1,1,0.123964
313,715,1,1,0.123964
313,13552,1,1,0.123964
715,13552,1,1,0.123964
10303,11461,1,1,0.123964
2328,3257,1,1,0.123964
4787,4968,1,1,0.123964
4787,7934,1,1,0.123964
4968,7934,1,1,0.123964
10356,12271,1,1,0.123964
504,11471,1,1,0.123964
3987,7188,1,1,0.123964
14726,22134,1,1,0.123964
7188,9195,1,1,0.123964
478,6182,1,1,0.123964
1523,9037,1,1,0.123964
1523,11957,1,1,0.123964
9037,11957,1,1,0.123964
69,478,1,1,0.123964
69,6011,1,1,0.123964
8315,16644,1,1,0.123964
8315,16648,1,1,0.123964
2412,6593,1,1,0.123964
6593,8769,1,1,0.123964
3153,13279,1,1,0.123964
3153,15163,1,1,0.123964
13279,15163,1,1,0.123964
6457,6778,1,1,0.123964
14726,28843,1,1,0.123964
7252,14874,1,1,0.123964
1972,5656,1,1,0.123964
12692,12711,1,1,0.123964
3751,6811,1,1,0.123964
4449,7283,1,1,0.123964
4761,6993,1,1,0.123964
4787,6993,1,1,0.123964
22134,28843,1,1,0.123964
1964,9130,1,1,0.123964
245,8899,1,1,0.123964
8751,9398,1,1,0.123964
6369,10137,1,1,0.123964
3387,6457,1,1,0.123964
5977,10427,1,1,0.123964
3811,4787,1,1,0.123964
6063,6579,1,1,0.123964
2369,4787,1,1,0.123964
8343,8761,1,1,0.123964
7018,7184,1,1,0.123964
4424,31512,1,1,0.123964
4280,10362,1,1,0.123964
236,7112,1,1,0.123964
14726,29079,1,1,0.123964
1898,8347,1,1,0.123964
2020,2991,1,1,0.123964
2020,3118,1,1,0.123964
2020,3170,1,1,0.123964
3798,13234,1,1,0.123964
10356,13234,1,1,0.123964
1254,1750,1,1,0.123964
8482,12692,1,1,0.123964
8482,12711,1,1,0.123964
19818,31132,1,1,0.123964
19818,24276,1,1,0.123964
9636,31132,1,1,0.123964
2814,30915,1,1,0.123964
2814,4720,1,1,0.123964
23575,30707,1,1,0.123964
20124,30707,1,1,0.123964
27213,29219,1,1,0.123964
25526,25696,1,1,0.123964
20124,23575,1,1,0.123964
25526,31117,1,1,0.123964
8,31117,1,1,0.123964
8,25526,1,1,0.123964
200,23115,1,1,0.123964
21937,31117,1,1,0.123964
564,26310,1,1,0.123964
20189,29830,1,1,0.123964
20189,25733,1,1,0.123964
26500,27901,1,1,0.123964
11811,28543,1,1,0.123964
17602,23590,1,1,0.123964
17088,23590,1,1,0.123964
17088,17602,1,1,0.123964
4720,23590,1,1,0.123964
25526,29689,1,1,0.123964
25696,29689,1,1,0.123964
8909,12573,1,1,0.123964
8909,18146,1,1,0.123964
8909,25021,1,1,0.123964
8909,30933,1,1,0.123964
12573,18146,1,1,0.123964
12573,30933,1,1,0.123964
18146,25021,1,1,0.123964
2814,16866,1,1,0.123964
4720,16866,1,1,0.123964
9636,24276,1,1,0.123964
4720,30915,1,1,0.123964
14241,27213,1,1,0.123964
14241,23354,1,1,0.123964
21376,30421,1,1,0.123964
17437,30421,1,1,0.123964
17437,21376,1,1,0.123964
22955,23131,1,1,0.123964
21381,23131,1,1,0.123964
19450,23131,1,1,0.123964
5806,23131,1,1,0.123964
5806,22955,1,1,0.123964
5806,21381,1,1,0.123964
23354,29219,1,1,0.123964
5806,19450,1,1,0.123964
4149,23131,1,1,0.123964
4149,5806,1,1,0.123964
19407,19450,1,1,0.123964
16061,19407,1,1,0.123964
5309,19450,1,1,0.123964
5309,19407,1,1,0.123964
5309,16061,1,1,0.123964
2221,19450,1,1,0.123964
2221,19407,1,1,0.123964
2221,16061,1,1,0.123964
4149,11967,1,1,0.123964
30913,31117,1,1,0.123964
9704,11757,1,1,0.123964
4720,14204,1,1,0.123964
3310,30707,1,1,0.123964
16866,30915,1,1,0.123964
18146,30933,1,1,0.123964
25021,30933,1,1,0.123964
483,23882,1,1,0.123964
483,25136,1,1,0.123964
2236,5772,1,1,0.123964
4489,31591,1,1,0.123964
28143,29539,1,1,0.123964
28143,31597,1,1,0.123964
29539,31597,1,1,0.123964
3588,12598,1,1,0.123964
3588,25263,1,1,0.123964
3588,26124,1,1,0.123964
3588,31406,1,1,0.123964
12598,25263,1,1,0.123964
12598,26124,1,1,0.123964
12598,31406,1,1,0.123964
25263,26124,1,1,0.123964
25263,31406,1,1,0.123964
26124,31406,1,1,0.123964
20828,27402,1,1,0.123964
19884,27402,1,1,0.123964
11321,17371,1,1,0.123964
11321,28140,1,1,0.123964
19766,31270,1,1,0.123964
31494,31612,1,1,0.123964
2942,6402,1,1,0.123964
2942,9636,1,1,0.123964
2942,19818,1,1,0.123964
2942,24276,1,1,0.123964
2942,31132,1,1,0.123964
6402,9636,1,1,0.123964
6402,19818,1,1,0.123964
6402,24276,1,1,0.123964
31112,31543,1,1,0.123964
28960,31543,1,1,0.123964
28960,31112,1,1,0.123964
27958,31143,1,1,0.123964
483,28232,1,1,0.123964
23882,25136,1,1,0.123964
23882,28232,1,1,0.123964
25136,28232,1,1,0.123964
13365,18242,1,1,0.123964
11889,22700,1,1,0.123964
22700,28384,1,1,0.123964
3216,6631,1,1,0.123964
3216,13376,1,1,0.123964
6631,13376,1,1,0.123964
12447,27958,1,1,0.123964
12447,31143,1,1,0.123964
12447,31492,1,1,0.123964
27958,31492,1,1,0.123964
20659,31112,1,1,0.123964
31143,31492,1,1,0.123964
27568,31334,1,1,0.123964
26122,29268,1,1,0.123964
1659,20486,1,1,0.123964
16001,25917,1,1,0.123964
9117,13517,1,1,0.123964
6608,26491,1,1,0.123964
20132,23270,1,1,0.123964
7067,20659,1,1,0.123964
7067,28960,1,1,0.123964
7067,31112,1,1,0.123964
7067,31543,1,1,0.123964
20659,28960,1,1,0.123964
6457,10412,1,1,0.123964
6457,16566,1,1,0.123964
2379,11994,1,1,0.123964
17637,20027,1,1,0.123964
20027,20592,1,1,0.123964
22618,23922,1,1,0.123964
2379,17474,1,1,0.123964
6026,20044,1,1,0.123964
2707,4852,1,1,0.123964
2707,7970,1,1,0.123964
4852,7970,1,1,0.123964
2379,13183,1,1,0.123964
2379,20737,1,1,0.123964
3375,4196,1,1,0.123964
3375,13183,1,1,0.123964
3375,16262,1,1,0.123964
14762,30330,1,1,0.123964
3375,20737,1,1,0.123964
3375,21238,1,1,0.123964
3376,4196,1,1,0.123964
3376,13183,1,1,0.123964
3376,16262,1,1,0.123964
3376,20737,1,1,0.123964
3376,21238,1,1,0.123964
4196,13183,1,1,0.123964
4196,20737,1,1,0.123964
4196,21238,1,1,0.123964
13183,16262,1,1,0.123964
13183,20737,1,1,0.123964
22060,31574,1,1,0.123964
9237,23879,1,1,0.123964
14762,22618,1,1,0.123964
8791,30330,1,1,0.123964
17637,20592,1,1,0.123964
7020,20592,1,1,0.123964
16262,20737,1,1,0.123964
7020,20027,1,1,0.123964
9979,26500,1,1,0.123964
12255,13580,1,1,0.123964
9979,21688,1,1,0.123964
9979,18538,1,1,0.123964
4042,29539,1,1,0.123964
5703,11445,1,1,0.123964
5703,12109,1,1,0.123964
3976,12255,1,1,0.123964
2346,2862,1,1,0.123964
2346,4876,1,1,0.123964
2346,9897,1,1,0.123964
2346,13386,1,1,0.123964
2346,18728,1,1,0.123964
2862,4876,1,1,0.123964
2862,9897,1,1,0.123964
2862,13386,1,1,0.123964
2862,18728,1,1,0.123964
4876,9897,1,1,0.123964
4876,13386,1,1,0.123964
23922,30330,1,1,0.123964
4876,18728,1,1,0.123964
9897,13386,1,1,0.123964
9897,18728,1,1,0.123964
13386,18728,1,1,0.123964
2379,2511,1,1,0.123964
2379,19123,1,1,0.123964
2511,19123,1,1,0.123964
22618,30330,1,1,0.123964
7020,17637,1,1,0.123964
13183,21238,1,1,0.123964
16262,21238,1,1,0.123964
6778,10412,1,1,0.123964
21752,23746,1,1,0.123964
8508,18527,1,1,0.123964
9832,16508,1,1,0.123964
3989,24613,1,1,0.123964
16508,18527,1,1,0.123964
6362,14348,1,1,0.123964
6362,17759,1,1,0.123964
17423,20045,1,1,0.123964
6362,18914,1,1,0.123964
6362,20387,1,1,0.123964
14348,17759,1,1,0.123964
14348,18914,1,1,0.123964
14348,20387,1,1,0.123964
17759,18914,1,1,0.123964
17759,20387,1,1,0.123964
5087,20045,1,1,0.123964
18914,20387,1,1,0.123964
2120,16382,1,1,0.123964
2511,13376,1,1,0.123964
2511,16382,1,1,0.123964
7692,19887,1,1,0.123964
19443,20044,1,1,0.123964
9645,13349,1,1,0.123964
4522,6385,1,1,0.123964
4522,21046,1,1,0.123964
2379,4433,1,1,0.123964
2379,14813,1,1,0.123964
4433,14813,1,1,0.123964
2379,5087,1,1,0.123964
2379,5662,1,1,0.123964
21752,23025,1,1,0.123964
21752,26015,1,1,0.123964
20737,21238,1,1,0.123964
23025,23746,1,1,0.123964
6362,20138,1,1,0.123964
3985,10156,1,1,0.123964
2379,10031,1,1,0.123964
2379,13177,1,1,0.123964
10031,13177,1,1,0.123964
47,227,1,1,0.123964
8791,22618,1,1,0.123964
8673,20044,1,1,0.123964
9279,20044,1,1,0.123964
23746,26015,1,1,0.123964
1376,14766,1,1,0.123964
108,12835,1,1,0.123964
108,17085,1,1,0.123964
12835,17085,1,1,0.123964
23025,26015,1,1,0.123964
227,2019,1,1,0.123964
227,5054,1,1,0.123964
227,8508,1,1,0.123964
227,9832,1,1,0.123964
227,16508,1,1,0.123964
227,18527,1,1,0.123964
2019,5054,1,1,0.123964
2019,8508,1,1,0.123964
2019,9832,1,1,0.123964
2019,16508,1,1,0.123964
2019,18527,1,1,0.123964
5054,8508,1,1,0.123964
8508,9832,1,1,0.123964
8508,16508,1,1,0.123964
18538,21688,1,1,0.123964
8734,13580,1,1,0.123964
4828,18520,1,1,0.123964
13562,28843,1,1,0.123964
6812,14091,1,1,0.123964
2126,18520,1,1,0.123964
3640,11654,1,1,0.123964
11654,12445,1,1,0.123964
1158,4152,1,1,0.123964
1158,7366,1,1,0.123964
1158,18929,1,1,0.123964
9348,18240,1,1,0.123964
13562,22134,1,1,0.123964
2344,18546,1,1,0.123964
2379,19736,1,1,0.123964
2379,13117,1,1,0.123964
1760,9270,1,1,0.123964
3505,9270,1,1,0.123964
7007,8763,1,1,0.123964
13562,14726,1,1,0.123964
8763,15724,1,1,0.123964
10290,17493,1,1,0.123964
1190,3457,1,1,0.123964
2258,2511,1,1,0.123964
2258,13580,1,1,0.123964
2511,13580,1,1,0.123964
227,8990,1,1,0.123964
4407,16067,1,1,0.123964
2379,11388,1,1,0.123964
947,28843,1,1,0.123964
11388,20044,1,1,0.123964
2379,2412,1,1,0.123964
2379,16670,1,1,0.123964
2379,4289,1,1,0.123964
10662,17501,1,1,0.123964
17637,21133,1,1,0.123964
9398,17249,1,1,0.123964
6778,15566,1,1,0.123964
6778,16566,1,1,0.123964
10412,15566,1,1,0.123964
10412,16566,1,1,0.123964
15566,16566,1,1,0.123964
2681,15464,1,1,0.123964
3989,11604,1,1,0.123964
6575,13646,1,1,0.123964
717,9264,1,1,0.123964
2379,17077,1,1,0.123964
4787,11369,1,1,0.123964
10495,11967,1,1,0.123964
10495,12463,1,1,0.123964
11967,12463,1,1,0.123964
8040,15767,1,1,0.123964
13562,29079,1,1,0.123964
7445,11836,1,1,0.123964
1608,8990,1,1,0.123964
2379,8812,1,1,0.123964
1149,9036,1,1,0.123964
1149,10362,1,1,0.123964
9036,10362,1,1,0.123964
2907,9398,1,1,0.123964
411,2728,1,1,0.123964
728,2379,1,1,0.123964
4522,7563,1,1,0.123964
7563,12109,1,1,0.123964
4522,4535,1,1,0.123964
4535,12109,1,1,0.123964
33,15302,1,1,0.123964
4196,17593,1,1,0.123964
10334,14848,1,1,0.123964
947,22134,1,1,0.123964
17971,18581,1,1,0.123964
2379,14645,1,1,0.123964
17809,19516,1,1,0.123964
17809,19574,1,1,0.123964
17809,19585,1,1,0.123964
19516,19574,1,1,0.123964
19516,19585,1,1,0.123964
16010,31017,1,1,0.123964
2379,7481,1,1,0.123964
7481,20044,1,1,0.123964
2379,16972,1,1,0.123964
533,4196,1,1,0.123964
533,17637,1,1,0.123964
533,21133,1,1,0.123964
4196,7927,1,1,0.123964
16997,29039,1,1,0.123964
21688,26500,1,1,0.123964
4196,7929,1,1,0.123964
18538,26500,1,1,0.123964
4196,17637,1,1,0.123964
4196,21133,1,1,0.123964
4530,7927,1,1,0.123964
4530,7929,1,1,0.123964
4530,17637,1,1,0.123964
4530,21133,1,1,0.123964
7927,17637,1,1,0.123964
7927,21133,1,1,0.123964
7929,17637,1,1,0.123964
7929,21133,1,1,0.123964
17637,18581,1,1,0.123964
21311,24577,1,1,0.123964
14091,14386,1,1,0.123964
4635,20848,1,1,0.123964
947,14726,1,1,0.123964
4423,20044,1,1,0.123964
7073,20044,1,1,0.123964
2379,18530,1,1,0.123964
2379,4585,1,1,0.123964
4585,20044,1,1,0.123964
947,13562,1,1,0.123964
5400,15205,1,1,0.123964
6627,15205,1,1,0.123964
2379,15298,1,1,0.123964
15298,20044,1,1,0.123964
17277,19627,1,1,0.123964
9348,20044,1,1,0.123964
2379,2763,1,1,0.123964
13759,14386,1,1,0.123964
7722,20044,1,1,0.123964
3476,11336,1,1,0.123964
3476,13012,1,1,0.123964
3476,13759,1,1,0.123964
3476,14091,1,1,0.123964
3476,14386,1,1,0.123964
11336,13759,1,1,0.123964
11336,14091,1,1,0.123964
11336,14386,1,1,0.123964
13012,13759,1,1,0.123964
13012,14091,1,1,0.123964
13012,14386,1,1,0.123964
8771,26884,1,1,0.123964
8673,9223,1,1,0.123964
1920,23949,1,1,0.123964
8673,14510,1,1,0.123964
20233,22485,1,1,0.123964
4038,16990,1,1,0.123964
4038,20233,1,1,0.123964
4038,22485,1,1,0.123964
24995,28103,1,1,0.123964
4038,22978,1,1,0.123964
4196,12835,1,1,0.123964
4196,16990,1,1,0.123964
4196,20233,1,1,0.123964
4196,22485,1,1,0.123964
4196,22978,1,1,0.123964
12835,16990,1,1,0.123964
12835,20233,1,1,0.123964
12835,22485,1,1,0.123964
12835,22978,1,1,0.123964
24995,26822,1,1,0.123964
25836,26399,1,1,0.123964
20233,22978,1,1,0.123964
1159,4146,1,1,0.123964
12196,12539,1,1,0.123964
12196,25506,1,1,0.123964
12539,25506,1,1,0.123964
18096,20896,1,1,0.123964
6589,6672,1,1,0.123964
6589,14380,1,1,0.123964
6589,24089,1,1,0.123964
6672,14380,1,1,0.123964
6672,24089,1,1,0.123964
14380,24089,1,1,0.123964
28385,30318,1,1,0.123964
4196,26399,1,1,0.123964
4038,12835,1,1,0.123964
4038,4196,1,1,0.123964
3277,22978,1,1,0.123964
3277,22485,1,1,0.123964
18619,21747,1,1,0.123964
20044,20290,1,1,0.123964
7727,17676,1,1,0.123964
7727,26712,1,1,0.123964
7727,26783,1,1,0.123964
17676,26712,1,1,0.123964
17676,26783,1,1,0.123964
26712,26783,1,1,0.123964
4196,19026,1,1,0.123964
8990,21226,1,1,0.123964
8990,27242,1,1,0.123964
21226,27242,1,1,0.123964
24966,26913,1,1,0.123964
19845,20524,1,1,0.123964
19845,21147,1,1,0.123964
20524,21147,1,1,0.123964
7951,21147,1,1,0.123964
4456,11977,1,1,0.123964
4456,17896,1,1,0.123964
4456,25401,1,1,0.123964
11977,17896,1,1,0.123964
11977,25401,1,1,0.123964
17896,25401,1,1,0.123964
18693,23765,1,1,0.123964
3277,4038,1,1,0.123964
3277,4196,1,1,0.123964
3277,12835,1,1,0.123964
3277,16990,1,1,0.123964
3277,20233,1,1,0.123964
4196,27017,1,1,0.123964
25836,27017,1,1,0.123964
13316,21350,1,1,0.123964
221,28385,1,1,0.123964
1145,19625,1,1,0.123964
5054,6798,1,1,0.123964
5054,9897,1,1,0.123964
6798,9897,1,1,0.123964
20760,24971,1,1,0.123964
22197,27919,1,1,0.123964
4586,8990,1,1,0.123964
4586,21404,1,1,0.123964
4586,24455,1,1,0.123964
4586,26481,1,1,0.123964
27768,30318,1,1,0.123964
8990,21404,1,1,0.123964
8990,24455,1,1,0.123964
221,30318,1,1,0.123964
8990,26481,1,1,0.123964
26399,27017,1,1,0.123964
221,27768,1,1,0.123964
2,30318,1,1,0.123964
21404,24455,1,1,0.123964
21404,26481,1,1,0.123964
24455,26481,1,1,0.123964
21404,26914,1,1,0.123964
23231,25601,1,1,0.123964
10528,27768,1,1,0.123964
1032,27768,1,1,0.123964
1032,10528,1,1,0.123964
23231,26126,1,1,0.123964
25601,26126,1,1,0.123964
27635,28330,1,1,0.123964
463,26914,1,1,0.123964
16546,26192,1,1,0.123964
19845,24455,1,1,0.123964
19845,23765,1,1,0.123964
6672,24455,1,1,0.123964
3478,5789,1,1,0.123964
3478,9477,1,1,0.123964
3478,22730,1,1,0.123964
5789,9477,1,1,0.123964
5789,22730,1,1,0.123964
9477,22730,1,1,0.123964
6672,21983,1,1,0.123964
6672,22443,1,1,0.123964
6672,22889,1,1,0.123964
6672,25551,1,1,0.123964
6672,28049,1,1,0.123964
21983,22443,1,1,0.123964
21983,22889,1,1,0.123964
21983,25551,1,1,0.123964
21983,28049,1,1,0.123964
22443,22889,1,1,0.123964
22443,25551,1,1,0.123964
22443,28049,1,1,0.123964
22889,25551,1,1,0.123964
22889,28049,1,1,0.123964
25551,28049,1,1,0.123964
25609,26458,1,1,0.123964
1033,21504,1,1,0.123964
1033,26973,1,1,0.123964
21504,26973,1,1,0.123964
14430,17331,1,1,0.123964
14430,24802,1,1,0.123964
17331,24802,1,1,0.123964
6672,23765,1,1,0.123964
8310,18619,1,1,0.123964
22855,23890,1,1,0.123964
1592,23890,1,1,0.123964
11361,18789,1,1,0.123964
15174,26094,1,1,0.123964
15174,26231,1,1,0.123964
20044,23719,1,1,0.123964
20044,26094,1,1,0.123964
20044,26231,1,1,0.123964
23719,26094,1,1,0.123964
3626,11361,1,1,0.123964
3626,15699,1,1,0.123964
3626,18789,1,1,0.123964
3626,23216,1,1,0.123964
3626,26088,1,1,0.123964
3626,26712,1,1,0.123964
3626,27390,1,1,0.123964
11361,15699,1,1,0.123964
11361,23216,1,1,0.123964
1592,22855,1,1,0.123964
11361,26088,1,1,0.123964
11361,26712,1,1,0.123964
11361,27390,1,1,0.123964
15699,18789,1,1,0.123964
15699,23216,1,1,0.123964
15699,26088,1,1,0.123964
15699,26712,1,1,0.123964
15699,27390,1,1,0.123964
18789,23216,1,1,0.123964
18789,26088,1,1,0.123964
18789,26712,1,1,0.123964
18789,27390,1,1,0.123964
23216,26712,1,1,0.123964
23216,27390,1,1,0.123964
15174,23719,1,1,0.123964
15174,20044,1,1,0.123964
5240,10826,1,1,0.123964
18073,27034,1,1,0.123964
25189,28721,1,1,0.123964
26088,27011,1,1,0.123964
10486,13226,1,1,0.123964
10486,18491,1,1,0.123964
13226,18491,1,1,0.123964
1104,3449,1,1,0.123964
1412,9897,1,1,0.123964
1412,10810,1,1,0.123964
1412,20044,1,1,0.123964
9897,10810,1,1,0.123964
9897,20044,1,1,0.123964
10810,20044,1,1,0.123964
8031,25189,1,1,0.123964
2024,10025,1,1,0.123964
2024,15814,1,1,0.123964
2024,23719,1,1,0.123964
4196,10025,1,1,0.123964
4196,15814,1,1,0.123964
10025,15814,1,1,0.123964
10025,23719,1,1,0.123964
15814,23719,1,1,0.123964
11,11445,1,1,0.123964
11,18073,1,1,0.123964
11,27034,1,1,0.123964
11445,13332,1,1,0.123964
11445,18073,1,1,0.123964
11445,27034,1,1,0.123964
13332,18073,1,1,0.123964
13332,27034,1,1,0.123964
26088,26712,1,1,0.123964
26088,27390,1,1,0.123964
26712,27390,1,1,0.123964
4196,14766,1,1,0.123964
14766,18032,1,1,0.123964
18861,24393,1,1,0.123964
23765,24393,1,1,0.123964
2024,15995,1,1,0.123964
4196,15995,1,1,0.123964
12953,20044,1,1,0.123964
10695,15344,1,1,0.123964
7140,11961,1,1,0.123964
7140,14430,1,1,0.123964
7140,21165,1,1,0.123964
11961,14430,1,1,0.123964
11961,21165,1,1,0.123964
14430,21165,1,1,0.123964
18834,20044,1,1,0.123964
18834,20045,1,1,0.123964
18834,22050,1,1,0.123964
24995,28892,1,1,0.123964
20044,20045,1,1,0.123964
20044,22050,1,1,0.123964
20044,27626,1,1,0.123964
20045,22050,1,1,0.123964
20045,27626,1,1,0.123964
22050,27626,1,1,0.123964
15490,19779,1,1,0.123964
15490,23362,1,1,0.123964
15490,26521,1,1,0.123964
19779,23362,1,1,0.123964
19779,26521,1,1,0.123964
23362,26521,1,1,0.123964
4196,18032,1,1,0.123964
22369,26742,1,1,0.123964
13202,27876,1,1,0.123964
20044,26742,1,1,0.123964
8935,27876,1,1,0.123964
8935,13202,1,1,0.123964
21882,27230,1,1,0.123964
13646,18829,1,1,0.123964
13646,19377,1,1,0.123964
13646,22991,1,1,0.123964
13646,23107,1,1,0.123964
18829,19377,1,1,0.123964
18829,22991,1,1,0.123964
18829,23107,1,1,0.123964
19377,22991,1,1,0.123964
19377,23107,1,1,0.123964
22991,23107,1,1,0.123964
464,2798,1,1,0.123964
464,13074,1,1,0.123964
464,13586,1,1,0.123964
464,19517,1,1,0.123964
2798,9897,1,1,0.123964
2798,13074,1,1,0.123964
2798,13586,1,1,0.123964
9897,13074,1,1,0.123964
9897,13586,1,1,0.123964
9897,19517,1,1,0.123964
13074,13586,1,1,0.123964
13074,19517,1,1,0.123964
436,20044,1,1,0.123964
436,22369,1,1,0.123964
436,26742,1,1,0.123964
20044,22369,1,1,0.123964
463,27562,1,1,0.123964
25657,26914,1,1,0.123964
9223,14510,1,1,0.123964
7045,27302,1,1,0.123964
7045,28779,1,1,0.123964
11208,18198,1,1,0.123964
11208,18792,1,1,0.123964
11208,27326,1,1,0.123964
11208,28779,1,1,0.123964
18198,18792,1,1,0.123964
18198,27326,1,1,0.123964
18198,28779,1,1,0.123964
18792,27326,1,1,0.123964
18792,28779,1,1,0.123964
27326,28779,1,1,0.123964
24981,26100,1,1,0.123964
7045,22346,1,1,0.123964
7045,26828,1,1,0.123964
7045,30031,1,1,0.123964
27768,28569,1,1,0.123964
7045,30062,1,1,0.123964
7045,30099,1,1,0.123964
22346,26828,1,1,0.123964
26828,27302,1,1,0.123964
26828,30031,1,1,0.123964
26828,30062,1,1,0.123964
24981,25189,1,1,0.123964
26828,30099,1,1,0.123964
27302,30031,1,1,0.123964
27302,30099,1,1,0.123964
30031,30099,1,1,0.123964
2835,19401,1,1,0.123964
2835,28901,1,1,0.123964
19401,28901,1,1,0.123964
7045,27326,1,1,0.123964
7045,18792,1,1,0.123964
7045,18198,1,1,0.123964
7045,11208,1,1,0.123964
16112,16231,1,1,0.123964
16112,28949,1,1,0.123964
16231,28949,1,1,0.123964
8612,22978,1,1,0.123964
8612,28086,1,1,0.123964
26100,27799,1,1,0.123964
11008,22978,1,1,0.123964
11008,28086,1,1,0.123964
25189,27799,1,1,0.123964
17277,22978,1,1,0.123964
17277,28086,1,1,0.123964
22978,28086,1,1,0.123964
11090,13864,1,1,0.123964
11090,14533,1,1,0.123964
11208,13864,1,1,0.123964
11208,14533,1,1,0.123964
13864,14533,1,1,0.123964
25189,26100,1,1,0.123964
2835,4958,1,1,0.123964
2835,6366,1,1,0.123964
24981,27799,1,1,0.123964
4958,11883,1,1,0.123964
6366,11883,1,1,0.123964
19483,26722,1,1,0.123964
22623,23825,1,1,0.123964
22623,23833,1,1,0.123964
23825,23833,1,1,0.123964
18619,18854,1,1,0.123964
17909,29049,1,1,0.123964
20811,27799,1,1,0.123964
28103,28569,1,1,0.123964
13376,26186,1,1,0.123964
11279,22292,1,1,0.123964
7045,22473,1,1,0.123964
9288,18233,1,1,0.123964
9288,22473,1,1,0.123964
18233,22473,1,1,0.123964
21175,27517,1,1,0.123964
14949,25190,1,1,0.123964
14949,25604,1,1,0.123964
14949,26113,1,1,0.123964
25190,25604,1,1,0.123964
25190,26113,1,1,0.123964
25604,26113,1,1,0.123964
2655,11279,1,1,0.123964
2655,22292,1,1,0.123964
2655,24706,1,1,0.123964
11279,24706,1,1,0.123964
1457,24405,1,1,0.123964
22292,24706,1,1,0.123964
27928,30251,1,1,0.123964
20790,23584,1,1,0.123964
7061,26438,1,1,0.123964
5904,9288,1,1,0.123964
5904,22561,1,1,0.123964
5904,22796,1,1,0.123964
5904,29737,1,1,0.123964
9288,22561,1,1,0.123964
9288,22796,1,1,0.123964
9288,29737,1,1,0.123964
22561,22796,1,1,0.123964
22561,29737,1,1,0.123964
22796,29737,1,1,0.123964
7045,18233,1,1,0.123964
7045,9288,1,1,0.123964
234,22473,1,1,0.123964
234,9288,1,1,0.123964
1457,25281,1,1,0.123964
24405,25281,1,1,0.123964
20811,26100,1,1,0.123964
18031,18812,1,1,0.123964
20811,25189,1,1,0.123964
20811,24981,1,1,0.123964
18031,27799,1,1,0.123964
18031,20794,1,1,0.123964
18031,30049,1,1,0.123964
18031,26100,1,1,0.123964
18812,19448,1,1,0.123964
18812,20794,1,1,0.123964
18812,24750,1,1,0.123964
18812,29897,1,1,0.123964
18812,30049,1,1,0.123964
18812,30283,1,1,0.123964
19448,20794,1,1,0.123964
19448,29897,1,1,0.123964
19448,30049,1,1,0.123964
20794,24750,1,1,0.123964
20794,29897,1,1,0.123964
20794,30049,1,1,0.123964
20794,30283,1,1,0.123964
24750,29897,1,1,0.123964
18031,25189,1,1,0.123964
29897,30049,1,1,0.123964
29897,30283,1,1,0.123964
30049,30283,1,1,0.123964
234,7045,1,1,0.123964
17376,28415,1,1,0.123964
16638,28415,1,1,0.123964
16638,17376,1,1,0.123964
20036,23107,1,1,0.123964
16112,22443,1,1,0.123964
16112,24305,1,1,0.123964
16112,24706,1,1,0.123964
22443,24305,1,1,0.123964
22443,24706,1,1,0.123964
24305,24706,1,1,0.123964
25192,25193,1,1,0.123964
12246,25028,1,1,0.123964
28432,28494,1,1,0.123964
16112,27294,1,1,0.123964
22944,27643,1,1,0.123964
6026,24153,1,1,0.123964
13046,20036,1,1,0.123964
13046,23107,1,1,0.123964
1374,1993,1,1,0.123964
12216,28415,1,1,0.123964
1374,5141,1,1,0.123964
1374,26100,1,1,0.123964
1993,9421,1,1,0.123964
5141,9421,1,1,0.123964
5141,26100,1,1,0.123964
9421,26100,1,1,0.123964
4687,26952,1,1,0.123964
909,8132,1,1,0.123964
910,8132,1,1,0.123964
8612,28793,1,1,0.123964
22346,25518,1,1,0.123964
14217,22481,1,1,0.123964
14430,26075,1,1,0.123964
14430,27438,1,1,0.123964
12547,24706,1,1,0.123964
12547,24305,1,1,0.123964
12547,22443,1,1,0.123964
12547,16112,1,1,0.123964
13376,27715,1,1,0.123964
26186,27715,1,1,0.123964
16908,19321,1,1,0.123964
8101,10888,1,1,0.123964
8529,16112,1,1,0.123964
8529,17277,1,1,0.123964
4166,4417,1,1,0.123964
4166,6207,1,1,0.123964
4166,8017,1,1,0.123964
16112,25208,1,1,0.123964
4417,8017,1,1,0.123964
6207,8017,1,1,0.123964
7140,17736,1,1,0.123964
9432,14430,1,1,0.123964
9432,28472,1,1,0.123964
14430,28472,1,1,0.123964
33,355,1,1,0.123964
3590,23107,1,1,0.123964
5029,20662,1,1,0.123964
13138,24273,1,1,0.123964
3306,6601,1,1,0.123964
1295,12279,1,1,0.123964
1295,14430,1,1,0.123964
12279,14430,1,1,0.123964
27643,30280,1,1,0.123964
8428,10888,1,1,0.123964
8428,20449,1,1,0.123964
10888,20449,1,1,0.123964
9184,16917,1,1,0.123964
26075,27438,1,1,0.123964
9743,9897,1,1,0.123964
9743,18045,1,1,0.123964
10042,28936,1,1,0.123964
28936,28946,1,1,0.123964
6161,7682,1,1,0.123964
6161,19302,1,1,0.123964
6161,27631,1,1,0.123964
842,23940,1,1,0.123964
7682,19302,1,1,0.123964
7682,27631,1,1,0.123964
19302,27631,1,1,0.123964
16112,20756,1,1,0.123964
24287,29711,1,1,0.123964
3074,11625,1,1,0.123964
8269,26088,1,1,0.123964
989,10849,1,1,0.123964
7732,10849,1,1,0.123964
10849,21381,1,1,0.123964
11328,16638,1,1,0.123964
8661,13341,1,1,0.123964
8661,24377,1,1,0.123964
8661,26088,1,1,0.123964
13341,24377,1,1,0.123964
13341,26088,1,1,0.123964
24377,26088,1,1,0.123964
17467,27774,1,1,0.123964
25284,25463,1,1,0.123964
5251,9199,1,1,0.123964
5251,14419,1,1,0.123964
9199,14419,1,1,0.123964
12216,16638,1,1,0.123964
12216,17376,1,1,0.123964
10042,28946,1,1,0.123964
2424,28946,1,1,0.123964
9743,26087,1,1,0.123964
2424,28936,1,1,0.123964
9743,26100,1,1,0.123964
9897,18045,1,1,0.123964
9897,26087,1,1,0.123964
9897,26100,1,1,0.123964
18045,26087,1,1,0.123964
26087,26100,1,1,0.123964
13703,26893,1,1,0.123964
26775,27768,1,1,0.123964
26775,29391,1,1,0.123964
27768,29391,1,1,0.123964
14766,25713,1,1,0.123964
23921,26088,1,1,0.123964
11842,28400,1,1,0.123964
18915,24950,1,1,0.123964
20679,30280,1,1,0.123964
1263,18915,1,1,0.123964
23765,27512,1,1,0.123964
20679,27643,1,1,0.123964
9432,28300,1,1,0.123964
20679,22944,1,1,0.123964
23940,28113,1,1,0.123964
1968,25937,1,1,0.123964
18958,28936,1,1,0.123964
410,26088,1,1,0.123964
12716,23940,1,1,0.123964
842,28113,1,1,0.123964
5171,21374,1,1,0.123964
5171,22473,1,1,0.123964
21374,22473,1,1,0.123964
26062,27011,1,1,0.123964
25189,29083,1,1,0.123964
12582,18488,1,1,0.123964
19887,26521,1,1,0.123964
13804,15931,1,1,0.123964
13804,22399,1,1,0.123964
13804,24454,1,1,0.123964
15931,22399,1,1,0.123964
15931,24454,1,1,0.123964
22399,24454,1,1,0.123964
9487,20648,1,1,0.123964
3459,18491,1,1,0.123964
18491,22521,1,1,0.123964
11917,22473,1,1,0.123964
19163,22473,1,1,0.123964
8612,10814,1,1,0.123964
8612,22926,1,1,0.123964
8612,23096,1,1,0.123964
8612,23503,1,1,0.123964
27059,30354,1,1,0.123964
10814,22926,1,1,0.123964
10814,23096,1,1,0.123964
10814,23503,1,1,0.123964
22926,23096,1,1,0.123964
22926,23503,1,1,0.123964
14717,27768,1,1,0.123964
2379,24812,1,1,0.123964
14717,26521,1,1,0.123964
14717,19887,1,1,0.123964
24995,28876,1,1,0.123964
5399,11151,1,1,0.123964
2379,19908,1,1,0.123964
5293,9348,1,1,0.123964
2379,12696,1,1,0.123964
11917,24454,1,1,0.123964
11917,22399,1,1,0.123964
11917,15931,1,1,0.123964
11917,13804,1,1,0.123964
6542,16776,1,1,0.123964
6542,23281,1,1,0.123964
6542,24772,1,1,0.123964
16776,23281,1,1,0.123964
16776,24772,1,1,0.123964
23281,24772,1,1,0.123964
21459,24533,1,1,0.123964
679,4386,1,1,0.123964
2379,2425,1,1,0.123964
43,2798,1,1,0.123964
43,4275,1,1,0.123964
2798,4275,1,1,0.123964
2798,22983,1,1,0.123964
2798,22986,1,1,0.123964
4275,22983,1,1,0.123964
4275,22986,1,1,0.123964
1769,6762,1,1,0.123964
26521,27768,1,1,0.123964
11242,20576,1,1,0.123964
487,2379,1,1,0.123964
487,3293,1,1,0.123964
2379,3293,1,1,0.123964
21943,23107,1,1,0.123964
43,22324,1,1,0.123964
58,22324,1,1,0.123964
2379,13804,1,1,0.123964
2379,15931,1,1,0.123964
2379,22399,1,1,0.123964
2379,24454,1,1,0.123964
1837,18284,1,1,0.123964
17680,30354,1,1,0.123964
12582,24164,1,1,0.123964
3551,24239,1,1,0.123964
15558,16259,1,1,0.123964
6429,21382,1,1,0.123964
12359,25061,1,1,0.123964
6672,11401,1,1,0.123964
6672,20446,1,1,0.123964
11401,20446,1,1,0.123964
15324,27768,1,1,0.123964
2332,13120,1,1,0.123964
15324,20648,1,1,0.123964
2379,3848,1,1,0.123964
29539,30557,1,1,0.123964
1091,21965,1,1,0.123964
2379,8151,1,1,0.123964
21799,25183,1,1,0.123964
4579,8151,1,1,0.123964
10356,10362,1,1,0.123964
17750,21943,1,1,0.123964
2379,2564,1,1,0.123964
2379,7658,1,1,0.123964
26905,30557,1,1,0.123964
2379,7791,1,1,0.123964
2564,7658,1,1,0.123964
2564,7791,1,1,0.123964
2564,24921,1,1,0.123964
26905,29539,1,1,0.123964
7658,24921,1,1,0.123964
7791,24921,1,1,0.123964
35,2379,1,1,0.123964
17757,20218,1,1,0.123964
9897,18049,1,1,0.123964
9024,15558,1,1,0.123964
568,10446,1,1,0.123964
2379,15424,1,1,0.123964
34,1680,1,1,0.123964
10356,20882,1,1,0.123964
10362,20882,1,1,0.123964
14241,29219,1,1,0.123964
17680,27059,1,1,0.123964
18718,26466,1,1,0.123964
7191,8612,1,1,0.123964
18861,20044,1,1,0.123964
18861,23919,1,1,0.123964
20044,23919,1,1,0.123964
4588,5293,1,1,0.123964
5293,16982,1,1,0.123964
2379,24013,1,1,0.123964
2379,23334,1,1,0.123964
23334,24921,1,1,0.123964
254,21324,1,1,0.123964
254,21690,1,1,0.123964
21324,21690,1,1,0.123964
10356,11326,1,1,0.123964
10356,12908,1,1,0.123964
10356,21132,1,1,0.123964
11326,12908,1,1,0.123964
11326,21132,1,1,0.123964
18718,18868,1,1,0.123964
12908,21132,1,1,0.123964
23502,25087,1,1,0.123964
3616,25071,1,1,0.123964
23765,25189,1,1,0.123964
34,23317,1,1,0.123964
2379,23798,1,1,0.123964
2379,4036,1,1,0.123964
10362,24665,1,1,0.123964
12407,20437,1,1,0.123964
2379,21430,1,1,0.123964
6402,19887,1,1,0.123964
15909,17146,1,1,0.123964
15909,20996,1,1,0.123964
17146,20996,1,1,0.123964
2379,17260,1,1,0.123964
5766,8506,1,1,0.123964
1614,4719,1,1,0.123964
1614,20833,1,1,0.123964
6402,7692,1,1,0.123964
28319,29596,1,1,0.123964
18835,29596,1,1,0.123964
4674,20833,1,1,0.123964
4719,20833,1,1,0.123964
2379,11281,1,1,0.123964
2379,24266,1,1,0.123964
9924,24154,1,1,0.123964
11281,20044,1,1,0.123964
11281,21430,1,1,0.123964
11281,24266,1,1,0.123964
20044,21430,1,1,0.123964
20044,24266,1,1,0.123964
18835,28319,1,1,0.123964
21430,24266,1,1,0.123964
7140,7709,1,1,0.123964
10594,26282,1,1,0.123964
7245,12651,1,1,0.123964
7245,13120,1,1,0.123964
7245,20822,1,1,0.123964
12651,13120,1,1,0.123964
12651,20822,1,1,0.123964
6402,21090,1,1,0.123964
6402,28111,1,1,0.123964
227,20996,1,1,0.123964
6402,28847,1,1,0.123964
6969,8612,1,1,0.123964
227,22893,1,1,0.123964
18031,20811,1,1,0.123964
14607,23949,1,1,0.123964
12653,17721,1,1,0.123964
227,19207,1,1,0.123964
2379,19207,1,1,0.123964
3553,9991,1,1,0.123964
681,4374,1,1,0.123964
15711,19207,1,1,0.123964
227,3459,1,1,0.123964
227,13242,1,1,0.123964
3459,13242,1,1,0.123964
2379,8670,1,1,0.123964
2379,10356,1,1,0.123964
2379,18507,1,1,0.123964
8670,10356,1,1,0.123964
8670,18507,1,1,0.123964
10356,18507,1,1,0.123964
5268,20044,1,1,0.123964
10752,18386,1,1,0.123964
5268,9223,1,1,0.123964
1048,8120,1,1,0.123964
1048,15944,1,1,0.123964
8120,15944,1,1,0.123964
20044,23419,1,1,0.123964
10356,17857,1,1,0.123964
227,15909,1,1,0.123964
227,17146,1,1,0.123964
13120,20822,1,1,0.123964
3224,9348,1,1,0.123964
2379,15376,1,1,0.123964
11151,22600,1,1,0.123964
15376,20437,1,1,0.123964
15376,23848,1,1,0.123964
20437,23848,1,1,0.123964
2600,6853,1,1,0.123964
5109,5172,1,1,0.123964
1788,8612,1,1,0.123964
1788,21955,1,1,0.123964
8612,21955,1,1,0.123964
6057,14766,1,1,0.123964
2379,7853,1,1,0.123964
9530,12396,1,1,0.123964
9530,23643,1,1,0.123964
12396,23643,1,1,0.123964
227,548,1,1,0.123964
227,8763,1,1,0.123964
227,24477,1,1,0.123964
548,8763,1,1,0.123964
548,24477,1,1,0.123964
8763,24477,1,1,0.123964
2426,2547,1,1,0.123964
2426,6095,1,1,0.123964
2426,9038,1,1,0.123964
2547,6095,1,1,0.123964
2547,9038,1,1,0.123964
1920,2379,1,1,0.123964
17994,19670,1,1,0.123964
2379,10214,1,1,0.123964
2379,21012,1,1,0.123964
10214,21012,1,1,0.123964
16775,22600,1,1,0.123964
11151,16775,1,1,0.123964
10274,22473,1,1,0.123964
65,22600,1,1,0.123964
2379,2621,1,1,0.123964
2379,5172,1,1,0.123964
2379,6548,1,1,0.123964
2379,9530,1,1,0.123964
2379,15412,1,1,0.123964
2379,15541,1,1,0.123964
2379,15597,1,1,0.123964
2621,5172,1,1,0.123964
2621,6548,1,1,0.123964
2621,9530,1,1,0.123964
2621,15412,1,1,0.123964
2621,15541,1,1,0.123964
2621,15597,1,1,0.123964
5172,6548,1,1,0.123964
5172,9530,1,1,0.123964
5172,15412,1,1,0.123964
5172,15541,1,1,0.123964
5172,15597,1,1,0.123964
6548,9530,1,1,0.123964
6548,15412,1,1,0.123964
6548,15541,1,1,0.123964
6548,15597,1,1,0.123964
9530,15412,1,1,0.123964
9530,15541,1,1,0.123964
9530,15597,1,1,0.123964
15412,15541,1,1,0.123964
15412,15597,1,1,0.123964
65,11151,1,1,0.123964
65,16775,1,1,0.123964
3102,9621,1,1,0.123964
3102,19625,1,1,0.123964
3102,19948,1,1,0.123964
1091,5972,1,1,0.123964
9840,13226,1,1,0.123964
9840,14779,1,1,0.123964
13226,14779,1,1,0.123964
11517,17802,1,1,0.123964
11517,23907,1,1,0.123964
17802,23907,1,1,0.123964
12835,26088,1,1,0.123964
26088,26672,1,1,0.123964
2591,6817,1,1,0.123964
2591,10313,1,1,0.123964
6817,10313,1,1,0.123964
22630,24275,1,1,0.123964
4196,23765,1,1,0.123964
17196,26088,1,1,0.123964
1091,6798,1,1,0.123964
6672,8057,1,1,0.123964
1091,10346,1,1,0.123964
1091,11006,1,1,0.123964
1091,19466,1,1,0.123964
1091,26862,1,1,0.123964
5972,10346,1,1,0.123964
5972,11006,1,1,0.123964
9224,27884,1,1,0.123964
5972,19466,1,1,0.123964
5972,26862,1,1,0.123964
6798,10346,1,1,0.123964
6798,11006,1,1,0.123964
6798,19466,1,1,0.123964
6798,26862,1,1,0.123964
10346,11006,1,1,0.123964
14766,23503,1,1,0.123964
9224,30375,1,1,0.123964
14766,23096,1,1,0.123964
8492,22184,1,1,0.123964
2798,20819,1,1,0.123964
7140,15196,1,1,0.123964
7140,20721,1,1,0.123964
7140,26502,1,1,0.123964
15196,20721,1,1,0.123964
15196,26502,1,1,0.123964
20721,26502,1,1,0.123964
7260,11929,1,1,0.123964
2147,2837,1,1,0.123964
2147,3253,1,1,0.123964
2147,6385,1,1,0.123964
2147,8492,1,1,0.123964
2147,22184,1,1,0.123964
2149,2837,1,1,0.123964
2149,3253,1,1,0.123964
2149,6385,1,1,0.123964
2149,8492,1,1,0.123964
2149,22184,1,1,0.123964
2837,3253,1,1,0.123964
2837,6385,1,1,0.123964
23691,30375,1,1,0.123964
23691,27884,1,1,0.123964
2837,8492,1,1,0.123964
2837,22184,1,1,0.123964
3253,6385,1,1,0.123964
3253,8492,1,1,0.123964
3253,22184,1,1,0.123964
6385,8492,1,1,0.123964
6385,22184,1,1,0.123964
10346,19466,1,1,0.123964
9224,23691,1,1,0.123964
10346,26862,1,1,0.123964
26735,27126,1,1,0.123964
7660,22423,1,1,0.123964
10708,18655,1,1,0.123964
24164,26500,1,1,0.123964
24094,27107,1,1,0.123964
227,25875,1,1,0.123964
227,26462,1,1,0.123964
18488,26500,1,1,0.123964
25875,26462,1,1,0.123964
4196,26078,1,1,0.123964
2694,23789,1,1,0.123964
18488,24164,1,1,0.123964
6672,7445,1,1,0.123964
6672,27283,1,1,0.123964
7445,27283,1,1,0.123964
1202,24686,1,1,0.123964
4196,16231,1,1,0.123964
17467,20044,1,1,0.123964
17467,25383,1,1,0.123964
17467,26062,1,1,0.123964
17467,26088,1,1,0.123964
17467,27011,1,1,0.123964
20044,26062,1,1,0.123964
20044,26088,1,1,0.123964
20044,27011,1,1,0.123964
25383,26062,1,1,0.123964
25383,26088,1,1,0.123964
25383,27011,1,1,0.123964
26062,26088,1,1,0.123964
12582,26500,1,1,0.123964
5317,26905,1,1,0.123964
26661,27107,1,1,0.123964
11006,19466,1,1,0.123964
25585,27107,1,1,0.123964
11006,26862,1,1,0.123964
3753,12835,1,1,0.123964
3753,14430,1,1,0.123964
3753,21983,1,1,0.123964
12835,14430,1,1,0.123964
14430,21983,1,1,0.123964
15889,16358,1,1,0.123964
6672,9924,1,1,0.123964
6672,13342,1,1,0.123964
6672,20044,1,1,0.123964
6672,25585,1,1,0.123964
6672,26661,1,1,0.123964
6672,27107,1,1,0.123964
17040,30456,1,1,0.123964
26905,30504,1,1,0.123964
9924,13342,1,1,0.123964
9924,20044,1,1,0.123964
9924,25585,1,1,0.123964
9924,26661,1,1,0.123964
9924,27107,1,1,0.123964
13342,20044,1,1,0.123964
13342,25585,1,1,0.123964
13342,26661,1,1,0.123964
5317,30504,1,1,0.123964
13342,27107,1,1,0.123964
20044,25585,1,1,0.123964
20044,26661,1,1,0.123964
20044,27107,1,1,0.123964
25585,26661,1,1,0.123964
8057,20819,1,1,0.123964
7260,24828,1,1,0.123964
3102,23036,1,1,0.123964
6631,14313,1,1,0.123964
7534,24770,1,1,0.123964
8186,24770,1,1,0.123964
23040,24503,1,1,0.123964
531,20049,1,1,0.123964
531,23332,1,1,0.123964
531,25776,1,1,0.123964
568,20049,1,1,0.123964
568,23332,1,1,0.123964
568,25776,1,1,0.123964
11077,20049,1,1,0.123964
11077,25776,1,1,0.123964
20049,23332,1,1,0.123964
20049,25776,1,1,0.123964
23332,25776,1,1,0.123964
1309,20527,1,1,0.123964
24907,26061,1,1,0.123964
182,1262,1,1,0.123964
1262,12822,1,1,0.123964
2761,6817,1,1,0.123964
138,9166,1,1,0.123964
138,9897,1,1,0.123964
138,23143,1,1,0.123964
9166,9897,1,1,0.123964
9166,20248,1,1,0.123964
9166,23143,1,1,0.123964
9897,20248,1,1,0.123964
9897,23143,1,1,0.123964
20248,23143,1,1,0.123964
1154,10712,1,1,0.123964
1154,23362,1,1,0.123964
7534,8186,1,1,0.123964
1269,24770,1,1,0.123964
1269,8186,1,1,0.123964
1269,7534,1,1,0.123964
23682,30557,1,1,0.123964
9405,9621,1,1,0.123964
23682,29539,1,1,0.123964
9405,19625,1,1,0.123964
9405,19948,1,1,0.123964
9405,23036,1,1,0.123964
9621,19625,1,1,0.123964
9621,19948,1,1,0.123964
9621,23036,1,1,0.123964
23682,26905,1,1,0.123964
19625,19948,1,1,0.123964
25468,28913,1,1,0.123964
27768,29083,1,1,0.123964
19625,23036,1,1,0.123964
19948,23036,1,1,0.123964
2379,7045,1,1,0.123964
7045,22672,1,1,0.123964
16775,25732,1,1,0.123964
5147,15196,1,1,0.123964
227,12754,1,1,0.123964
227,19113,1,1,0.123964
12754,19113,1,1,0.123964
25384,25617,1,1,0.123964
5308,22320,1,1,0.123964
11749,18393,1,1,0.123964
11749,24540,1,1,0.123964
18393,24540,1,1,0.123964
2761,18686,1,1,0.123964
4876,18686,1,1,0.123964
10712,23362,1,1,0.123964
12673,22514,1,1,0.123964
5683,24380,1,1,0.123964
6672,26117,1,1,0.123964
15839,21226,1,1,0.123964
15839,24786,1,1,0.123964
15839,25597,1,1,0.123964
15839,26117,1,1,0.123964
18393,21226,1,1,0.123964
18393,24786,1,1,0.123964
18393,25597,1,1,0.123964
18393,26117,1,1,0.123964
21226,24786,1,1,0.123964
21226,25597,1,1,0.123964
21226,26117,1,1,0.123964
24786,25597,1,1,0.123964
24786,26117,1,1,0.123964
8738,18338,1,1,0.123964
8738,24413,1,1,0.123964
18338,24413,1,1,0.123964
6817,26117,1,1,0.123964
21458,26088,1,1,0.123964
2147,2478,1,1,0.123964
2147,14766,1,1,0.123964
2147,22857,1,1,0.123964
2147,26535,1,1,0.123964
2478,14766,1,1,0.123964
2478,22857,1,1,0.123964
2478,26535,1,1,0.123964
14766,22857,1,1,0.123964
14766,26535,1,1,0.123964
22857,26535,1,1,0.123964
8561,26061,1,1,0.123964
15839,18393,1,1,0.123964
6672,25597,1,1,0.123964
14430,22418,1,1,0.123964
27884,30375,1,1,0.123964
21332,29083,1,1,0.123964
2981,3495,1,1,0.123964
2981,11917,1,1,0.123964
2981,12673,1,1,0.123964
2981,14313,1,1,0.123964
21332,27768,1,1,0.123964
2981,18757,1,1,0.123964
3004,3495,1,1,0.123964
3004,11917,1,1,0.123964
3004,12673,1,1,0.123964
3004,14313,1,1,0.123964
17594,27768,1,1,0.123964
3004,18757,1,1,0.123964
3495,11917,1,1,0.123964
3495,18757,1,1,0.123964
11917,12673,1,1,0.123964
11917,14313,1,1,0.123964
11917,18757,1,1,0.123964
12673,18757,1,1,0.123964
14313,18757,1,1,0.123964
11954,16801,1,1,0.123964
14267,17220,1,1,0.123964
14267,23719,1,1,0.123964
17220,23719,1,1,0.123964
6672,15839,1,1,0.123964
17594,21332,1,1,0.123964
6672,18393,1,1,0.123964
6672,21226,1,1,0.123964
6672,24786,1,1,0.123964
23354,27213,1,1,0.123964
