constructed_group_id,user_id,regime
occ_000000,1107,occasional
occ_000000,1920,occasional
occ_000000,2033,occasional
occ_000001,3954,occasional
occ_000001,7200,occasional
occ_000002,8191,occasional
occ_000002,9763,occasional
occ_000003,3954,occasional
occ_000003,4837,occasional
occ_000003,7200,occasional
occ_000004,8191,occasional
occ_000004,16677,occasional
occ_000005,5275,occasional
occ_000005,8990,occasional
occ_000005,13112,occasional
occ_000006,5123,occasional
occ_000006,5159,occasional
occ_000007,14809,occasional
occ_000007,18963,occasional
occ_000008,8537,occasional
occ_000008,21590,occasional
occ_000009,1585,occasional
occ_000009,1608,occasional
occ_000010,2402,occasional
occ_000010,2667,occasional
occ_000011,5275,occasional
occ_000011,13112,occasional
occ_000012,11234,occasional
occ_000012,22274,occasional
occ_000013,2511,occasional
occ_000013,3551,occasional
occ_000014,2827,occasional
occ_000014,2889,occasional
occ_000015,23765,occasional
occ_000015,24455,occasional
occ_000016,459,occasional
occ_000016,1386,occasional
occ_000017,227,occasional
occ_000017,20044,occasional
occ_000018,227,occasional
occ_000018,3375,occasional
occ_000018,3376,occasional
occ_000018,20044,occasional
occ_000019,2511,occasional
occ_000019,2681,occasional
occ_000019,3551,occasional
occ_000020,9497,occasional
occ_000020,9501,occasional
occ_000021,1107,occasional
occ_000021,2033,occasional
occ_000022,5977,occasional
occ_000022,6339,occasional
occ_000023,20800,occasional
occ_000023,21495,occasional
occ_000024,2033,occasional
occ_000024,11949,occasional
occ_000025,1972,occasional
occ_000025,3713,occasional
occ_000026,992,occasional
occ_000026,1435,occasional
occ_000027,364,occasional
occ_000027,2852,occasional
occ_000028,8705,occasional
occ_000028,23728,occasional
occ_000029,459,occasional
occ_000029,1386,occasional
occ_000029,3945,occasional
occ_000030,2359,occasional
occ_000030,6792,occasional
occ_000031,1871,occasional
occ_000031,2282,occasional
occ_000032,3971,occasional
occ_000032,6125,occasional
occ_000033,11336,occasional
occ_000033,13117,occasional
occ_000034,16481,occasional
occ_000034,19813,occasional
occ_000035,1376,occasional
occ_000035,17277,occasional
occ_000035,26502,occasional
occ_000036,2511,occasional
occ_000036,4502,occasional
occ_000036,13176,occasional
occ_000037,7252,occasional
occ_000037,8613,occasional
occ_000038,989,occasional
occ_000038,7732,occasional
occ_000039,2369,occasional
occ_000039,6214,occasional
occ_000040,6457,occasional
occ_000040,9331,occasional
occ_000041,3954,occasional
occ_000041,4837,occasional
occ_000041,7200,occasional
occ_000041,17085,occasional
occ_000042,1028,occasional
occ_000042,1241,occasional
occ_000043,987,occasional
occ_000043,1585,occasional
occ_000043,1608,occasional
occ_000044,581,occasional
occ_000044,5755,occasional
occ_000045,1419,occasional
occ_000045,6653,occasional
occ_000046,3954,occasional
occ_000046,4837,occasional
occ_000046,6059,occasional
occ_000046,7200,occasional
occ_000047,7140,occasional
occ_000047,23765,occasional
occ_000047,24455,occasional
occ_000048,12841,occasional
occ_000048,17845,occasional
occ_000049,1920,occasional
occ_000049,2033,occasional
occ_000050,1591,occasional
occ_000050,1592,occasional
occ_000051,2363,occasional
occ_000051,2369,occasional
occ_000052,14829,occasional
occ_000052,15469,occasional
occ_000053,16807,occasional
occ_000053,17964,occasional
occ_000053,18414,occasional
occ_000054,227,occasional
occ_000054,2379,occasional
occ_000054,20044,occasional
occ_000055,994,occasional
occ_000055,3795,occasional
occ_000056,308,occasional
occ_000056,315,occasional
occ_000057,994,occasional
occ_000057,3795,occasional
occ_000057,3798,occasional
occ_000058,19625,occasional
occ_000058,19768,occasional
occ_000059,26914,occasional
occ_000059,27562,occasional
occ_000060,6412,occasional
occ_000060,20777,occasional
occ_000061,1634,occasional
occ_000061,2134,occasional
occ_000062,1055,occasional
occ_000062,1056,occasional
occ_000063,7208,occasional
occ_000063,7302,occasional
occ_000064,9497,occasional
occ_000064,9501,occasional
occ_000064,11234,occasional
occ_000065,2767,occasional
occ_000065,8191,occasional
occ_000065,9763,occasional
occ_000066,25622,occasional
occ_000066,26200,occasional
occ_000067,2314,occasional
occ_000067,3566,occasional
occ_000068,8040,occasional
occ_000068,13003,occasional
occ_000069,1107,occasional
occ_000069,1359,occasional
occ_000070,1107,occasional
occ_000070,1920,occasional
occ_000071,154,occasional
occ_000071,331,occasional
occ_000072,9037,occasional
occ_000072,15643,occasional
occ_000073,24642,occasional
occ_000073,27003,occasional
occ_000074,1634,occasional
occ_000074,2134,occasional
occ_000074,3750,occasional
occ_000075,20124,occasional
occ_000075,31389,occasional
occ_000076,395,occasional
occ_000076,435,occasional
occ_000077,3053,occasional
occ_000077,3190,occasional
occ_000078,3954,occasional
occ_000078,8191,occasional
occ_000078,9763,occasional
occ_000079,8191,occasional
occ_000079,9763,occasional
occ_000079,11174,occasional
occ_000080,9037,occasional
occ_000080,12336,occasional
occ_000080,15643,occasional
occ_000081,1173,occasional
occ_000081,10888,occasional
occ_000082,579,occasional
occ_000082,4193,occasional
occ_000083,5797,occasional
occ_000083,7025,occasional
occ_000084,423,occasional
occ_000084,1107,occasional
occ_000085,19845,occasional
occ_000085,24085,occasional
occ_000086,227,occasional
occ_000086,3375,occasional
occ_000086,3376,occasional
occ_000087,2402,occasional
occ_000087,2667,occasional
occ_000087,13813,occasional
occ_000088,9348,occasional
occ_000088,11336,occasional
occ_000089,5129,occasional
occ_000089,16807,occasional
occ_000089,17964,occasional
occ_000089,18414,occasional
occ_000090,2365,occasional
occ_000090,2511,occasional
occ_000091,3869,occasional
occ_000091,25093,occasional
occ_000092,11644,occasional
occ_000092,15713,occasional
occ_000093,145,occasional
occ_000093,189,occasional
occ_000094,2033,occasional
occ_000094,2270,occasional
occ_000095,7200,occasional
occ_000095,17085,occasional
occ_000096,8837,occasional
occ_000096,19494,occasional
occ_000096,20027,occasional
occ_000097,9687,occasional
occ_000097,27933,occasional
occ_000098,5766,occasional
occ_000098,7563,occasional
occ_000099,18628,occasional
occ_000099,18856,occasional
occ_000100,24642,occasional
occ_000100,27003,occasional
occ_000100,31048,occasional
occ_000101,227,occasional
occ_000101,3375,occasional
occ_000101,20044,occasional
occ_000102,6007,occasional
occ_000102,8764,occasional
occ_000103,6672,occasional
occ_000103,14766,occasional
occ_000104,955,occasional
occ_000104,2012,occasional
occ_000105,8705,occasional
occ_000105,23728,occasional
occ_000105,23784,occasional
occ_000106,1379,occasional
occ_000106,1799,occasional
occ_000106,1940,occasional
occ_000107,3190,occasional
occ_000107,3238,occasional
occ_000108,3535,occasional
occ_000108,16677,occasional
occ_000108,21056,occasional
occ_000109,3971,occasional
occ_000109,5915,occasional
occ_000109,6125,occasional
occ_000110,1379,occasional
occ_000110,1799,occasional
occ_000110,1940,occasional
occ_000110,3541,occasional
occ_000111,8911,occasional
occ_000111,15713,occasional
occ_000112,11424,occasional
occ_000112,12355,occasional
occ_000113,236,occasional
occ_000113,4196,occasional
occ_000114,867,occasional
occ_000114,11361,occasional
occ_000115,5853,occasional
occ_000115,7838,occasional
occ_000116,459,occasional
occ_000116,10238,occasional
occ_000117,497,occasional
occ_000117,8644,occasional
occ_000118,1585,occasional
occ_000118,3503,occasional
occ_000119,1463,occasional
occ_000119,1467,occasional
occ_000120,20800,occasional
occ_000120,21495,occasional
occ_000120,23899,occasional
occ_000121,227,occasional
occ_000121,20044,occasional
occ_000121,22443,occasional
occ_000122,581,occasional
occ_000122,5089,occasional
occ_000122,5755,occasional
occ_000122,11987,occasional
occ_000123,3954,occasional
occ_000123,4837,occasional
occ_000124,227,occasional
occ_000124,2379,occasional
occ_000124,3375,occasional
occ_000125,359,occasional
occ_000125,2740,occasional
occ_000126,20659,occasional
occ_000126,26491,occasional
occ_000127,4389,occasional
occ_000127,4391,occasional
occ_000128,9497,occasional
occ_000128,9501,occasional
occ_000128,9779,occasional
occ_000129,1173,occasional
occ_000129,4011,occasional
occ_000129,10171,occasional
occ_000130,8837,occasional
occ_000130,19494,occasional
occ_000131,10084,occasional
occ_000131,10356,occasional
occ_000132,11739,occasional
occ_000132,11741,occasional
occ_000133,23907,occasional
occ_000133,24567,occasional
occ_000134,459,occasional
occ_000134,1291,occasional
occ_000135,867,occasional
occ_000135,6604,occasional
occ_000135,11654,occasional
occ_000136,2033,occasional
occ_000136,8084,occasional
occ_000137,154,occasional
occ_000137,197,occasional
occ_000137,331,occasional
occ_000138,4196,occasional
occ_000138,7722,occasional
occ_000139,1107,occasional
occ_000139,2270,occasional
occ_000140,1920,occasional
occ_000140,7722,occasional
occ_000141,3375,occasional
occ_000141,3376,occasional
occ_000142,9887,occasional
occ_000142,11234,occasional
occ_000142,22274,occasional
occ_000143,16807,occasional
occ_000143,17964,occasional
occ_000144,3954,occasional
occ_000144,7200,occasional
occ_000144,17085,occasional
occ_000145,4837,occasional
occ_000145,7200,occasional
occ_000146,5123,occasional
occ_000146,5159,occasional
occ_000146,13386,occasional
occ_000147,236,occasional
occ_000147,15596,occasional
occ_000148,2369,occasional
occ_000148,3285,occasional
occ_000148,3640,occasional
occ_000148,6457,occasional
occ_000148,9901,occasional
occ_000149,2971,occasional
occ_000149,3795,occasional
occ_000149,3798,occasional
occ_000150,3954,occasional
occ_000150,6059,occasional
occ_000150,7200,occasional
occ_000150,17085,occasional
occ_000151,4502,occasional
occ_000151,13176,occasional
occ_000152,5123,occasional
occ_000152,13386,occasional
occ_000153,5970,occasional
occ_000153,6393,occasional
occ_000154,23765,occasional
occ_000154,24455,occasional
occ_000154,27799,occasional
occ_000155,7045,occasional
occ_000155,19861,occasional
occ_000156,955,occasional
occ_000156,1487,occasional
occ_000156,2012,occasional
occ_000157,6294,occasional
occ_000157,10238,occasional
occ_000158,18861,occasional
occ_000158,24332,occasional
occ_000159,13046,occasional
occ_000159,29130,occasional
occ_000160,14991,occasional
occ_000160,22873,occasional
occ_000161,581,occasional
occ_000161,3726,occasional
occ_000161,5089,occasional
occ_000161,5755,occasional
occ_000161,11987,occasional
occ_000162,5888,occasional
occ_000162,8191,occasional
occ_000162,9763,occasional
occ_000163,227,occasional
occ_000163,3375,occasional
occ_000164,1376,occasional
occ_000164,26502,occasional
occ_000165,459,occasional
occ_000165,581,occasional
occ_000166,3954,occasional
occ_000166,4837,occasional
occ_000166,7160,occasional
occ_000166,7200,occasional
occ_000167,7208,occasional
occ_000167,7302,occasional
occ_000167,7696,occasional
occ_000168,59,occasional
occ_000168,2780,occasional
occ_000168,12554,occasional
occ_000168,12629,occasional
occ_000169,955,occasional
occ_000169,1487,occasional
occ_000170,6214,occasional
occ_000170,7722,occasional
occ_000171,227,occasional
occ_000171,2379,occasional
occ_000171,3375,occasional
occ_000171,3720,occasional
occ_000172,7264,occasional
occ_000172,11234,occasional
occ_000172,22274,occasional
occ_000173,26061,occasional
occ_000173,26062,occasional
occ_000174,459,occasional
occ_000174,4111,occasional
occ_000175,2379,occasional
occ_000175,4196,occasional
occ_000176,3488,occasional
occ_000176,7405,occasional
occ_000177,4142,occasional
occ_000177,6775,occasional
occ_000178,96,occasional
occ_000178,2033,occasional
occ_000179,1531,occasional
occ_000179,3586,occasional
occ_000180,2511,occasional
occ_000180,2546,occasional
occ_000181,9497,occasional
occ_000181,11234,occasional
occ_000181,22274,occasional
occ_000182,11836,occasional
occ_000182,13077,occasional
occ_000182,13448,occasional
occ_000183,14397,occasional
occ_000183,15319,occasional
occ_000183,15327,occasional
occ_000183,25119,occasional
occ_000184,17277,occasional
occ_000184,21143,occasional
occ_000185,994,occasional
occ_000185,3795,occasional
occ_000185,7140,occasional
occ_000186,1291,occasional
occ_000186,1417,occasional
occ_000186,1585,occasional
occ_000186,1608,occasional
occ_000186,15619,occasional
occ_000187,4511,occasional
occ_000187,18059,occasional
occ_000188,11836,occasional
occ_000188,13448,occasional
occ_000189,43,occasional
occ_000189,6607,occasional
occ_000189,11891,occasional
occ_000190,292,occasional
occ_000190,295,occasional
occ_000190,7140,occasional
occ_000191,2412,occasional
occ_000191,16670,occasional
occ_000192,59,occasional
occ_000192,1463,occasional
occ_000193,3954,occasional
occ_000193,4837,occasional
occ_000193,7200,occasional
occ_000193,23157,occasional
occ_000194,6007,occasional
occ_000194,8574,occasional
occ_000194,8764,occasional
occ_000195,13580,occasional
occ_000195,14766,occasional
occ_000196,75,occasional
occ_000196,8593,occasional
occ_000197,3954,occasional
occ_000197,7200,occasional
occ_000197,9763,occasional
occ_000198,4159,occasional
occ_000198,5282,occasional
occ_000199,7722,occasional
occ_000199,11949,occasional
occ_000200,59,occasional
occ_000200,2780,occasional
occ_000200,5147,occasional
occ_000200,12564,occasional
occ_000201,157,occasional
occ_000201,2033,occasional
occ_000202,2314,occasional
occ_000202,3566,occasional
occ_000202,8347,occasional
occ_000203,3795,occasional
occ_000203,3798,occasional
occ_000204,6458,occasional
occ_000204,6460,occasional
occ_000205,20044,occasional
occ_000205,22443,occasional
occ_000206,2667,occasional
occ_000206,3685,occasional
occ_000207,3798,occasional
occ_000207,8142,occasional
occ_000208,8705,occasional
occ_000208,23784,occasional
occ_000209,9497,occasional
occ_000209,11234,occasional
occ_000209,16078,occasional
occ_000210,423,occasional
occ_000210,3685,occasional
occ_000211,1944,occasional
occ_000211,16817,occasional
occ_000212,2402,occasional
occ_000212,2667,occasional
occ_000212,20353,occasional
occ_000213,2584,occasional
occ_000213,3954,occasional
occ_000213,7200,occasional
occ_000214,2876,occasional
occ_000214,3007,occasional
occ_000214,3145,occasional
occ_000215,3145,occasional
occ_000215,3317,occasional
occ_000215,7208,occasional
occ_000215,7302,occasional
occ_000216,7722,occasional
occ_000216,9916,occasional
occ_000217,21767,occasional
occ_000217,23124,occasional
occ_000218,59,occasional
occ_000218,5147,occasional
occ_000218,12564,occasional
occ_000219,236,occasional
occ_000219,4280,occasional
occ_000220,423,occasional
occ_000220,4787,occasional
occ_000221,2288,occasional
occ_000221,2511,occasional
occ_000222,2379,occasional
occ_000222,20044,occasional
occ_000223,5843,occasional
occ_000223,15713,occasional
occ_000224,6412,occasional
occ_000224,20777,occasional
occ_000224,21548,occasional
occ_000225,7722,occasional
occ_000225,9398,occasional
occ_000226,9501,occasional
occ_000226,9687,occasional
occ_000227,11083,occasional
occ_000227,11161,occasional
occ_000228,16807,occasional
occ_000228,18414,occasional
occ_000229,17277,occasional
occ_000229,22796,occasional
occ_000230,50,occasional
occ_000230,53,occasional
occ_000231,227,occasional
occ_000231,2379,occasional
occ_000232,955,occasional
occ_000232,10238,occasional
occ_000233,2681,occasional
occ_000233,3551,occasional
occ_000234,3640,occasional
occ_000234,6719,occasional
occ_000235,3954,occasional
occ_000235,4837,occasional
occ_000235,7200,occasional
occ_000235,24956,occasional
occ_000236,5395,occasional
occ_000236,5782,occasional
occ_000237,2369,occasional
occ_000237,3640,occasional
occ_000237,6457,occasional
occ_000238,3375,occasional
occ_000238,3376,occasional
occ_000238,18463,occasional
occ_000239,16112,occasional
occ_000239,19845,occasional
occ_000239,24085,occasional
occ_000240,2892,occasional
occ_000240,3484,occasional
occ_000241,7766,occasional
occ_000241,8593,occasional
occ_000242,9470,occasional
occ_000242,11424,occasional
occ_000242,12355,occasional
occ_000243,353,occasional
occ_000243,1463,occasional
occ_000244,478,occasional
occ_000244,6011,occasional
occ_000245,240,occasional
occ_000245,1167,occasional
occ_000245,22279,occasional
occ_000246,5797,occasional
occ_000246,7025,occasional
occ_000246,10625,occasional
occ_000247,8191,occasional
occ_000247,8837,occasional
occ_000247,9763,occasional
occ_000248,8758,occasional
occ_000248,9066,occasional
occ_000249,12281,occasional
occ_000249,22446,occasional
occ_000249,22941,occasional
occ_000250,1028,occasional
occ_000250,1241,occasional
occ_000250,5794,occasional
occ_000251,2365,occasional
occ_000251,2379,occasional
occ_000252,11174,occasional
occ_000252,11302,occasional
occ_000253,12281,occasional
occ_000253,22941,occasional
occ_000254,15481,occasional
occ_000254,16315,occasional
occ_000255,17989,occasional
occ_000255,17990,occasional
occ_000256,18279,occasional
occ_000256,20248,occasional
occ_000257,236,occasional
occ_000257,1107,occasional
occ_000258,694,occasional
occ_000258,699,occasional
occ_000259,10888,occasional
occ_000259,23107,occasional
occ_000260,23765,occasional
occ_000260,24455,occasional
occ_000260,26437,occasional
occ_000261,867,occasional
occ_000261,6604,occasional
occ_000262,3566,occasional
occ_000262,16687,occasional
occ_000262,17256,occasional
occ_000262,19810,occasional
occ_000263,43,occasional
occ_000263,11891,occasional
occ_000264,581,occasional
occ_000264,5755,occasional
occ_000264,14967,occasional
occ_000265,1055,occasional
occ_000265,1056,occasional
occ_000265,1416,occasional
occ_000266,2288,occasional
occ_000266,2314,occasional
occ_000266,3566,occasional
occ_000267,2314,occasional
occ_000267,3566,occasional
occ_000267,3729,occasional
occ_000267,5370,occasional
occ_000268,4392,occasional
occ_000268,5329,occasional
occ_000269,1592,occasional
occ_000269,27011,occasional
occ_000270,459,occasional
occ_000270,8537,occasional
occ_000271,2511,occasional
occ_000271,2681,occasional
occ_000272,3346,occasional
occ_000272,9497,occasional
occ_000272,9501,occasional
occ_000273,6457,occasional
occ_000273,9037,occasional
occ_000274,6817,occasional
occ_000274,11917,occasional
occ_000275,8837,occasional
occ_000275,20027,occasional
occ_000276,8929,occasional
occ_000276,14795,occasional
occ_000276,16260,occasional
occ_000277,9497,occasional
occ_000277,9779,occasional
occ_000277,9899,occasional
occ_000277,10047,occasional
occ_000277,16078,occasional
occ_000278,13576,occasional
occ_000278,14608,occasional
occ_000278,14850,occasional
occ_000279,14209,occasional
occ_000279,15860,occasional
occ_000280,26794,occasional
occ_000280,28957,occasional
occ_000281,1107,occasional
occ_000281,2365,occasional
occ_000282,2526,occasional
occ_000282,11696,occasional
occ_000283,2794,occasional
occ_000283,22941,occasional
occ_000284,11336,occasional
occ_000284,17421,occasional
occ_000285,1105,occasional
occ_000285,1890,occasional
occ_000286,1167,occasional
occ_000286,16432,occasional
occ_000287,5037,occasional
occ_000287,10084,occasional
occ_000288,5443,occasional
occ_000288,9389,occasional
occ_000289,353,occasional
occ_000289,12346,occasional
occ_000290,12673,occasional
occ_000290,14313,occasional
occ_000291,14397,occasional
occ_000291,14430,occasional
occ_000291,28814,occasional
occ_000292,18698,occasional
occ_000292,21767,occasional
occ_000293,22,occasional
occ_000293,2314,occasional
occ_000293,3566,occasional
occ_000294,108,occasional
occ_000294,1591,occasional
occ_000294,11174,occasional
occ_000295,2379,occasional
occ_000295,3375,occasional
occ_000296,4045,occasional
occ_000296,15481,occasional
occ_000297,5089,occasional
occ_000297,11987,occasional
occ_000298,7471,occasional
occ_000298,8312,occasional
occ_000298,8585,occasional
occ_000299,955,occasional
occ_000299,7838,occasional
occ_000300,9497,occasional
occ_000300,11234,occasional
occ_000301,24756,occasional
occ_000301,27863,occasional
occ_000302,25622,occasional
occ_000302,26130,occasional
occ_000302,26200,occasional
occ_000303,59,occasional
occ_000303,3091,occasional
occ_000303,4884,occasional
occ_000303,5444,occasional
occ_000304,75,occasional
occ_000304,7766,occasional
occ_000304,8593,occasional
occ_000304,11940,occasional
occ_000305,867,occasional
occ_000305,4502,occasional
occ_000305,11361,occasional
occ_000306,1871,occasional
occ_000306,2282,occasional
occ_000306,4089,occasional
occ_000307,2456,occasional
occ_000307,16085,occasional
occ_000308,5123,occasional
occ_000308,6575,occasional
occ_000308,11879,occasional
occ_000309,7838,occasional
occ_000309,12393,occasional
occ_000309,17351,occasional
occ_000310,9005,occasional
occ_000310,17258,occasional
occ_000311,9497,occasional
occ_000311,10362,occasional
occ_000312,26414,occasional
occ_000312,26425,occasional
occ_000313,694,occasional
occ_000313,699,occasional
occ_000313,3875,occasional
occ_000314,1379,occasional
occ_000314,1799,occasional
occ_000315,3375,occasional
occ_000315,18463,occasional
occ_000316,4636,occasional
occ_000316,19779,occasional
occ_000317,6182,occasional
occ_000317,20714,occasional
occ_000318,7326,occasional
occ_000318,7766,occasional
occ_000319,7838,occasional
occ_000319,12393,occasional
occ_000320,14430,occasional
occ_000320,19222,occasional
occ_000321,64,occasional
occ_000321,294,occasional
occ_000322,108,occasional
occ_000322,1591,occasional
occ_000322,11174,occasional
occ_000322,11765,occasional
occ_000323,265,occasional
occ_000323,7563,occasional
occ_000324,4066,occasional
occ_000324,4568,occasional
occ_000325,9895,occasional
occ_000325,23214,occasional
occ_000326,11336,occasional
occ_000326,13494,occasional
occ_000326,16178,occasional
occ_000327,11644,occasional
occ_000327,16693,occasional
occ_000328,13270,occasional
occ_000328,19134,occasional
occ_000329,13273,occasional
occ_000329,14802,occasional
occ_000330,13295,occasional
occ_000330,21191,occasional
occ_000331,23386,occasional
occ_000331,24846,occasional
occ_000332,22,occasional
occ_000332,2314,occasional
occ_000332,3566,occasional
occ_000332,5370,occasional
occ_000333,1371,occasional
occ_000333,8390,occasional
occ_000334,1463,occasional
occ_000334,3990,occasional
occ_000335,1920,occasional
occ_000335,6830,occasional
occ_000336,2033,occasional
occ_000336,2767,occasional
occ_000337,2288,occasional
occ_000337,3566,occasional
occ_000338,4196,occasional
occ_000338,24275,occasional
occ_000339,4902,occasional
occ_000339,5296,occasional
occ_000340,6095,occasional
occ_000340,9038,occasional
occ_000341,6457,occasional
occ_000341,9130,occasional
occ_000342,8537,occasional
occ_000342,13576,occasional
occ_000342,14608,occasional
occ_000343,9323,occasional
occ_000343,9348,occasional
occ_000344,9474,occasional
occ_000344,10536,occasional
occ_000345,9895,occasional
occ_000345,12084,occasional
occ_000345,23214,occasional
occ_000346,10494,occasional
occ_000346,10569,occasional
occ_000346,10570,occasional
occ_000347,16413,occasional
occ_000347,16467,occasional
occ_000348,18274,occasional
occ_000348,29591,occasional
occ_000349,25080,occasional
occ_000349,29012,occasional
occ_000349,29016,occasional
occ_000350,181,occasional
occ_000350,9130,occasional
occ_000351,292,occasional
occ_000351,295,occasional
occ_000352,435,occasional
occ_000352,1608,occasional
occ_000353,643,occasional
occ_000353,9419,occasional
occ_000354,967,occasional
occ_000354,6457,occasional
occ_000354,8990,occasional
occ_000355,2314,occasional
occ_000355,3566,occasional
occ_000355,5370,occasional
occ_000356,2380,occasional
occ_000356,17910,occasional
occ_000356,18046,occasional
occ_000357,2425,occasional
occ_000357,9556,occasional
occ_000358,2876,occasional
occ_000358,3007,occasional
occ_000359,4106,occasional
occ_000359,5452,occasional
occ_000360,6457,occasional
occ_000360,9331,occasional
occ_000360,10059,occasional
occ_000361,10869,occasional
occ_000361,10918,occasional
occ_000362,13576,occasional
occ_000362,14747,occasional
occ_000362,14850,occasional
occ_000363,13576,occasional
occ_000363,14608,occasional
occ_000364,20601,occasional
occ_000364,22423,occasional
occ_000365,25,occasional
occ_000365,2033,occasional
occ_000366,59,occasional
occ_000366,1135,occasional
occ_000367,1261,occasional
occ_000367,2336,occasional
occ_000367,15363,occasional
occ_000368,2369,occasional
occ_000368,3640,occasional
occ_000368,6457,occasional
occ_000368,9901,occasional
occ_000369,4320,occasional
occ_000369,4452,occasional
occ_000370,16374,occasional
occ_000370,17187,occasional
occ_000370,18895,occasional
occ_000370,18896,occasional
occ_000371,16687,occasional
occ_000371,19810,occasional
occ_000372,21767,occasional
occ_000372,23357,occasional
occ_000373,75,occasional
occ_000373,7766,occasional
occ_000373,8593,occasional
occ_000374,89,occasional
occ_000374,5541,occasional
occ_000375,743,occasional
occ_000375,7376,occasional
occ_000376,837,occasional
occ_000376,10412,occasional
occ_000377,955,occasional
occ_000377,4138,occasional
occ_000378,1883,occasional
occ_000378,14927,occasional
occ_000379,2778,occasional
occ_000379,9689,occasional
occ_000380,3145,occasional
occ_000380,3317,occasional
occ_000381,3954,occasional
occ_000381,6059,occasional
occ_000381,7200,occasional
occ_000382,4289,occasional
occ_000382,8868,occasional
occ_000383,10224,occasional
occ_000383,18018,occasional
occ_000384,11599,occasional
occ_000384,19462,occasional
occ_000385,15713,occasional
occ_000385,24142,occasional
occ_000386,16178,occasional
occ_000386,16182,occasional
occ_000387,3566,occasional
occ_000387,16687,occasional
occ_000387,19810,occasional
occ_000388,24756,occasional
occ_000388,27863,occasional
occ_000388,28937,occasional
occ_000389,25042,occasional
occ_000389,25587,occasional
occ_000390,26975,occasional
occ_000390,27035,occasional
occ_000391,31086,occasional
occ_000391,31428,occasional
occ_000392,2033,occasional
occ_000392,9226,occasional
occ_000393,2569,occasional
occ_000393,7110,occasional
occ_000394,3375,occasional
occ_000394,3376,occasional
occ_000394,20044,occasional
occ_000395,8911,occasional
occ_000395,10263,occasional
occ_000395,15713,occasional
occ_000396,12394,occasional
occ_000396,14361,occasional
occ_000397,1591,occasional
occ_000397,9331,occasional
occ_000398,2314,occasional
occ_000398,3566,occasional
occ_000398,7766,occasional
occ_000399,2780,occasional
occ_000399,3091,occasional
occ_000400,2946,occasional
occ_000400,3142,occasional
occ_000401,7535,occasional
occ_000401,27403,occasional
occ_000402,9223,occasional
occ_000402,10356,occasional
occ_000403,18464,occasional
occ_000403,18547,occasional
occ_000404,59,occasional
occ_000404,5147,occasional
occ_000404,7162,occasional
occ_000405,108,occasional
occ_000405,11174,occasional
occ_000406,324,occasional
occ_000406,677,occasional
occ_000406,683,occasional
occ_000406,2497,occasional
occ_000407,2546,occasional
occ_000407,11949,occasional
occ_000408,4334,occasional
occ_000408,8412,occasional
occ_000408,21983,occasional
occ_000409,5123,occasional
occ_000409,6575,occasional
occ_000410,6557,occasional
occ_000410,14314,occasional
occ_000411,9500,occasional
occ_000411,11644,occasional
occ_000412,10494,occasional
occ_000412,10569,occasional
occ_000413,14795,occasional
occ_000413,16260,occasional
occ_000414,4045,occasional
occ_000414,15481,occasional
occ_000414,16315,occasional
occ_000415,24869,occasional
occ_000415,24871,occasional
occ_000416,14390,occasional
occ_000416,30756,occasional
occ_000417,0,occasional
occ_000417,1,occasional
occ_000417,14462,occasional
occ_000417,16262,occasional
occ_000418,89,occasional
occ_000418,5541,occasional
occ_000418,12878,occasional
occ_000419,96,occasional
occ_000419,1107,occasional
occ_000420,193,occasional
occ_000420,2402,occasional
occ_000421,1379,occasional
occ_000421,1940,occasional
occ_000422,4816,occasional
occ_000422,22634,occasional
occ_000422,26813,occasional
occ_000422,27236,occasional
occ_000423,6762,occasional
occ_000423,6764,occasional
occ_000424,9497,occasional
occ_000424,16078,occasional
occ_000425,11310,occasional
occ_000425,12130,occasional
occ_000425,29906,occasional
occ_000426,14397,occasional
occ_000426,15319,occasional
occ_000426,15327,occasional
occ_000427,14608,occasional
occ_000427,14850,occasional
occ_000428,16252,occasional
occ_000428,17276,occasional
occ_000429,22,occasional
occ_000429,2314,occasional
occ_000430,59,occasional
occ_000430,2780,occasional
occ_000430,12554,occasional
occ_000431,364,occasional
occ_000431,2852,occasional
occ_000431,17563,occasional
occ_000432,909,occasional
occ_000432,910,occasional
occ_000433,2852,occasional
occ_000433,5783,occasional
occ_000434,3729,occasional
occ_000434,7766,occasional
occ_000434,8593,occasional
occ_000434,8595,occasional
occ_000434,11940,occasional
occ_000435,4196,occasional
occ_000435,17085,occasional
occ_000436,4347,occasional
occ_000436,6883,occasional
occ_000437,5888,occasional
occ_000437,27977,occasional
occ_000438,7400,occasional
occ_000438,7447,occasional
occ_000439,7711,occasional
occ_000439,22621,occasional
occ_000440,9470,occasional
occ_000440,11424,occasional
occ_000441,10538,occasional
occ_000441,12292,occasional
occ_000442,10888,occasional
occ_000442,24950,occasional
occ_000442,25908,occasional
occ_000443,2346,occasional
occ_000443,11336,occasional
occ_000443,13012,occasional
occ_000443,13117,occasional
occ_000443,16328,occasional
occ_000444,13977,occasional
occ_000444,14431,occasional
occ_000445,19641,occasional
occ_000445,19899,occasional
occ_000446,22,occasional
occ_000446,2314,occasional
occ_000446,3566,occasional
occ_000446,7766,occasional
occ_000447,77,occasional
occ_000447,6457,occasional
occ_000448,240,occasional
occ_000448,1167,occasional
occ_000449,497,occasional
occ_000449,4253,occasional
occ_000450,581,occasional
occ_000450,5755,occasional
occ_000450,11987,occasional
occ_000451,1014,occasional
occ_000451,1291,occasional
occ_000452,1055,occasional
occ_000452,1056,occasional
occ_000452,5452,occasional
occ_000453,1095,occasional
occ_000453,21535,occasional
occ_000454,2780,occasional
occ_000454,6744,occasional
occ_000454,12554,occasional
occ_000455,2811,occasional
occ_000455,5103,occasional
occ_000456,3954,occasional
occ_000456,4252,occasional
occ_000456,7200,occasional
occ_000457,4159,occasional
occ_000457,5282,occasional
occ_000457,8149,occasional
occ_000458,5037,occasional
occ_000458,8390,occasional
occ_000458,10084,occasional
occ_000459,11836,occasional
occ_000459,13077,occasional
occ_000460,12094,occasional
occ_000460,12162,occasional
occ_000461,13576,occasional
occ_000461,14747,occasional
occ_000462,687,occasional
occ_000462,2019,occasional
occ_000462,16262,occasional
occ_000462,19080,occasional
occ_000462,22750,occasional
occ_000463,25718,occasional
occ_000463,28936,occasional
occ_000464,26914,occasional
occ_000464,27562,occasional
occ_000464,27715,occasional
occ_000465,955,occasional
occ_000465,6125,occasional
occ_000466,1366,occasional
occ_000466,1585,occasional
occ_000466,1608,occasional
occ_000467,1291,occasional
occ_000467,1585,occasional
occ_000467,1608,occasional
occ_000467,15619,occasional
occ_000468,1799,occasional
occ_000468,1940,occasional
occ_000469,4567,occasional
occ_000469,5167,occasional
occ_000470,4844,occasional
occ_000470,6794,occasional
occ_000471,12841,occasional
occ_000471,16875,occasional
occ_000472,7200,occasional
occ_000472,17085,occasional
occ_000472,24956,occasional
occ_000473,17844,occasional
occ_000473,23231,occasional
occ_000474,29012,occasional
occ_000474,29016,occasional
occ_000475,108,occasional
occ_000475,11174,occasional
occ_000475,11320,occasional
occ_000475,11677,occasional
occ_000476,353,occasional
occ_000476,7790,occasional
occ_000477,1135,occasional
occ_000477,2780,occasional
occ_000478,1768,occasional
occ_000478,1966,occasional
occ_000479,1135,occasional
occ_000479,2780,occasional
occ_000479,3091,occasional
occ_000480,3145,occasional
occ_000480,7208,occasional
occ_000480,7302,occasional
occ_000481,5126,occasional
occ_000481,10706,occasional
occ_000482,3317,occasional
occ_000482,7208,occasional
occ_000482,7302,occasional
occ_000482,7696,occasional
occ_000483,8574,occasional
occ_000483,8764,occasional
occ_000484,10238,occasional
occ_000484,13955,occasional
occ_000485,10423,occasional
occ_000485,24690,occasional
occ_000486,11752,occasional
occ_000486,13214,occasional
occ_000487,13494,occasional
occ_000487,16178,occasional
occ_000488,16882,occasional
occ_000488,27060,occasional
occ_000489,17561,occasional
occ_000489,17623,occasional
occ_000490,21132,occasional
occ_000490,22621,occasional
occ_000491,26104,occasional
occ_000491,30543,occasional
occ_000492,1107,occasional
occ_000492,2511,occasional
occ_000493,2369,occasional
occ_000493,3285,occasional
occ_000493,3640,occasional
occ_000493,6457,occasional
occ_000494,43,occasional
occ_000494,3459,occasional
occ_000495,3535,occasional
occ_000495,6457,occasional
occ_000496,4601,occasional
occ_000496,18338,occasional
occ_000497,4787,occasional
occ_000497,10356,occasional
occ_000498,4844,occasional
occ_000498,5781,occasional
occ_000498,6794,occasional
occ_000499,6124,occasional
occ_000499,9133,occasional
occ_000500,7089,occasional
occ_000500,9790,occasional
occ_000501,7535,occasional
occ_000501,7932,occasional
occ_000502,157,occasional
occ_000502,7722,occasional
occ_000503,8769,occasional
occ_000503,10570,occasional
occ_000504,10171,occasional
occ_000504,11055,occasional
occ_000504,11936,occasional
occ_000504,13013,occasional
occ_000504,16400,occasional
occ_000505,12209,occasional
occ_000505,19014,occasional
occ_000506,12346,occasional
occ_000506,18414,occasional
occ_000507,14397,occasional
occ_000507,15327,occasional
occ_000508,16262,occasional
occ_000508,19080,occasional
occ_000509,16555,occasional
occ_000509,19603,occasional
occ_000510,59,occasional
occ_000510,12629,occasional
occ_000511,75,occasional
occ_000511,7766,occasional
occ_000511,8593,occasional
occ_000511,8595,occasional
occ_000511,11940,occasional
occ_000512,236,occasional
occ_000512,3613,occasional
occ_000513,540,occasional
occ_000513,1107,occasional
occ_000514,987,occasional
occ_000514,1920,occasional
occ_000515,1055,occasional
occ_000515,1056,occasional
occ_000515,1416,occasional
occ_000515,5079,occasional
occ_000516,1758,occasional
occ_000516,14489,occasional
occ_000517,3280,occasional
occ_000517,13012,occasional
occ_000518,3640,occasional
occ_000518,6719,occasional
occ_000518,9142,occasional
occ_000519,3954,occasional
occ_000519,17085,occasional
occ_000520,4048,occasional
occ_000520,10149,occasional
occ_000521,4334,occasional
occ_000521,21983,occasional
occ_000522,2514,occasional
occ_000522,6509,occasional
occ_000523,7045,occasional
occ_000523,14521,occasional
occ_000523,19861,occasional
occ_000524,7766,occasional
occ_000524,8593,occasional
occ_000524,8595,occasional
occ_000525,9595,occasional
occ_000525,9638,occasional
occ_000526,12393,occasional
occ_000526,17351,occasional
occ_000527,14791,occasional
occ_000527,22388,occasional
occ_000528,15619,occasional
occ_000528,22578,occasional
occ_000529,24705,occasional
occ_000529,26906,occasional
occ_000530,54,occasional
occ_000530,6125,occasional
occ_000531,497,occasional
occ_000531,8644,occasional
occ_000531,15332,occasional
occ_000532,1005,occasional
occ_000532,9693,occasional
occ_000533,554,occasional
occ_000533,1463,occasional
occ_000534,1291,occasional
occ_000534,1417,occasional
occ_000534,1585,occasional
occ_000534,1608,occasional
occ_000535,1688,occasional
occ_000535,5541,occasional
occ_000536,1920,occasional
occ_000536,20387,occasional
occ_000537,2033,occasional
occ_000537,2946,occasional
occ_000538,2780,occasional
occ_000538,12554,occasional
occ_000539,3375,occasional
occ_000539,20044,occasional
occ_000540,4308,occasional
occ_000540,4439,occasional
occ_000541,5972,occasional
occ_000541,6798,occasional
occ_000542,6946,occasional
occ_000542,10163,occasional
occ_000543,8475,occasional
occ_000543,16925,occasional
occ_000544,11990,occasional
occ_000544,13641,occasional
occ_000545,12398,occasional
occ_000545,12419,occasional
occ_000545,12433,occasional
occ_000546,12849,occasional
occ_000546,16637,occasional
occ_000547,14430,occasional
occ_000547,28814,occasional
occ_000548,10171,occasional
occ_000548,23468,occasional
occ_000549,59,occasional
occ_000549,1135,occasional
occ_000549,3091,occasional
occ_000550,108,occasional
occ_000550,10662,occasional
occ_000550,11174,occasional
occ_000550,11441,occasional
occ_000550,11765,occasional
occ_000551,165,occasional
occ_000551,6862,occasional
occ_000551,22664,occasional
occ_000552,227,occasional
occ_000552,3375,occasional
occ_000552,3376,occasional
occ_000552,6849,occasional
occ_000553,459,occasional
occ_000553,2282,occasional
occ_000554,1107,occasional
occ_000554,1634,occasional
occ_000555,1376,occasional
occ_000555,22796,occasional
occ_000556,1688,occasional
occ_000556,5541,occasional
occ_000556,5664,occasional
occ_000557,2379,occasional
occ_000557,14766,occasional
occ_000558,2584,occasional
occ_000558,7200,occasional
occ_000559,581,occasional
occ_000559,5089,occasional
occ_000559,11987,occasional
occ_000560,5199,occasional
occ_000560,8316,occasional
occ_000561,5835,occasional
occ_000561,6857,occasional
occ_000562,359,occasional
occ_000562,6756,occasional
occ_000563,6813,occasional
occ_000563,16807,occasional
occ_000563,17964,occasional
occ_000564,9897,occasional
occ_000564,20418,occasional
occ_000565,4193,occasional
occ_000565,8990,occasional
occ_000565,11041,occasional
occ_000565,11917,occasional
occ_000566,11310,occasional
occ_000566,29906,occasional
occ_000567,11336,occasional
occ_000567,13494,occasional
occ_000568,12094,occasional
occ_000568,12162,occasional
occ_000568,18089,occasional
occ_000569,13576,occasional
occ_000569,14747,occasional
occ_000569,17883,occasional
occ_000570,14850,occasional
occ_000570,15046,occasional
occ_000571,15934,occasional
occ_000571,16092,occasional
occ_000571,22174,occasional
occ_000572,16546,occasional
occ_000572,22700,occasional
occ_000573,16687,occasional
occ_000573,17256,occasional
occ_000574,19640,occasional
occ_000574,21863,occasional
occ_000575,23124,occasional
occ_000575,24477,occasional
occ_000575,25126,occasional
occ_000575,26672,occasional
occ_000576,25158,occasional
occ_000576,25908,occasional
occ_000577,23124,occasional
occ_000577,26672,occasional
occ_000578,22,occasional
occ_000578,2314,occasional
occ_000578,3566,occasional
occ_000578,12119,occasional
occ_000579,43,occasional
occ_000579,6607,occasional
occ_000580,81,occasional
occ_000580,643,occasional
occ_000581,2019,occasional
occ_000581,16262,occasional
occ_000582,2379,occasional
occ_000582,18202,occasional
occ_000582,20044,occasional
occ_000583,2667,occasional
occ_000583,7405,occasional
occ_000584,2876,occasional
occ_000584,3145,occasional
occ_000585,3535,occasional
occ_000585,17064,occasional
occ_000586,4196,occasional
occ_000586,8142,occasional
occ_000587,4567,occasional
occ_000587,5167,occasional
occ_000587,12062,occasional
occ_000588,5483,occasional
occ_000588,7200,occasional
occ_000589,6007,occasional
occ_000589,12790,occasional
occ_000590,2314,occasional
occ_000590,3566,occasional
occ_000590,7045,occasional
occ_000591,9497,occasional
occ_000591,9779,occasional
occ_000592,10171,occasional
occ_000592,13623,occasional
occ_000593,10224,occasional
occ_000593,18018,occasional
occ_000593,20241,occasional
occ_000594,12693,occasional
occ_000594,13055,occasional
occ_000595,13446,occasional
occ_000595,17427,occasional
occ_000596,13646,occasional
occ_000596,14607,occasional
occ_000597,15018,occasional
occ_000597,15020,occasional
occ_000598,17637,occasional
occ_000598,17971,occasional
occ_000599,17964,occasional
occ_000599,18414,occasional
occ_000600,21767,occasional
occ_000600,23124,occasional
occ_000600,24477,occasional
occ_000601,3306,occasional
occ_000601,27878,occasional
occ_000602,157,occasional
occ_000602,2033,occasional
occ_000602,3898,occasional
occ_000603,581,occasional
occ_000603,5089,occasional
occ_000603,5755,occasional
occ_000604,847,occasional
occ_000604,10238,occasional
occ_000605,1195,occasional
occ_000605,1196,occasional
occ_000606,992,occasional
occ_000606,1435,occasional
occ_000606,20918,occasional
occ_000607,1979,occasional
occ_000607,10341,occasional
occ_000608,2288,occasional
occ_000608,2314,occasional
occ_000608,3729,occasional
occ_000609,2314,occasional
occ_000609,5370,occasional
occ_000610,2369,occasional
occ_000610,3285,occasional
occ_000610,6457,occasional
occ_000610,9901,occasional
occ_000611,2379,occasional
occ_000611,3375,occasional
occ_000611,3376,occasional
occ_000612,3535,occasional
occ_000612,6457,occasional
occ_000612,6938,occasional
occ_000612,17064,occasional
occ_000612,17412,occasional
occ_000613,5089,occasional
occ_000613,5755,occasional
occ_000613,11987,occasional
occ_000614,5853,occasional
occ_000614,7838,occasional
occ_000614,8705,occasional
occ_000614,12393,occasional
occ_000615,6720,occasional
occ_000615,18736,occasional
occ_000616,7208,occasional
occ_000616,7302,occasional
occ_000616,7696,occasional
occ_000616,10202,occasional
occ_000617,10312,occasional
occ_000617,23981,occasional
occ_000618,11041,occasional
occ_000618,11336,occasional
occ_000618,13117,occasional
occ_000619,7711,occasional
occ_000619,12136,occasional
occ_000619,12912,occasional
occ_000619,13494,occasional
occ_000619,16178,occasional
occ_000620,13769,occasional
occ_000620,14029,occasional
occ_000621,14874,occasional
occ_000621,14875,occasional
occ_000622,3954,occasional
occ_000622,4837,occasional
occ_000622,17085,occasional
occ_000623,15165,occasional
occ_000623,20248,occasional
occ_000624,22778,occasional
occ_000624,22902,occasional
occ_000625,23765,occasional
occ_000625,27799,occasional
occ_000626,23789,occasional
occ_000626,24351,occasional
occ_000627,24385,occasional
occ_000627,25246,occasional
occ_000628,25356,occasional
occ_000628,29629,occasional
occ_000629,29688,occasional
occ_000629,29692,occasional
occ_000630,59,occasional
occ_000630,12564,occasional
occ_000631,386,occasional
occ_000631,2012,occasional
occ_000632,743,occasional
occ_000632,7376,occasional
occ_000632,17277,occasional
occ_000633,987,occasional
occ_000633,1585,occasional
occ_000634,1105,occasional
occ_000634,5159,occasional
occ_000635,1254,occasional
occ_000635,1260,occasional
occ_000636,1871,occasional
occ_000636,2282,occasional
occ_000636,2847,occasional
occ_000636,2848,occasional
occ_000637,1799,occasional
occ_000637,1940,occasional
occ_000637,3541,occasional
occ_000638,2314,occasional
occ_000638,8347,occasional
occ_000639,2328,occasional
occ_000639,11949,occasional
occ_000640,2729,occasional
occ_000640,8868,occasional
occ_000641,3954,occasional
occ_000641,7200,occasional
occ_000641,17421,occasional
occ_000642,4045,occasional
occ_000642,11299,occasional
occ_000642,13386,occasional
occ_000643,5054,occasional
occ_000643,16508,occasional
occ_000644,4147,occasional
occ_000644,5853,occasional
occ_000644,7838,occasional
occ_000645,6792,occasional
occ_000645,9130,occasional
occ_000646,7739,occasional
occ_000646,8511,occasional
occ_000647,8191,occasional
occ_000647,9763,occasional
occ_000647,14098,occasional
occ_000648,10053,occasional
occ_000648,11435,occasional
occ_000649,10171,occasional
occ_000649,13157,occasional
occ_000650,10171,occasional
occ_000650,11055,occasional
occ_000651,11336,occasional
occ_000651,13117,occasional
occ_000651,13494,occasional
occ_000652,13012,occasional
occ_000652,13922,occasional
occ_000653,13640,occasional
occ_000653,14962,occasional
occ_000654,21782,occasional
occ_000654,22353,occasional
occ_000655,22121,occasional
occ_000655,22621,occasional
occ_000656,26130,occasional
occ_000656,27560,occasional
occ_000657,81,occasional
occ_000657,402,occasional
occ_000658,108,occasional
occ_000658,11320,occasional
occ_000658,11677,occasional
occ_000658,11765,occasional
occ_000658,11820,occasional
occ_000659,459,occasional
occ_000659,955,occasional
occ_000660,497,occasional
occ_000660,8644,occasional
occ_000660,16297,occasional
occ_000661,627,occasional
occ_000661,1931,occasional
occ_000662,967,occasional
occ_000662,6457,occasional
occ_000663,1105,occasional
occ_000663,1890,occasional
occ_000663,5209,occasional
occ_000663,8301,occasional
occ_000664,59,occasional
occ_000664,1195,occasional
occ_000664,1196,occasional
occ_000665,1371,occasional
occ_000665,10238,occasional
occ_000666,628,occasional
occ_000666,1531,occasional
occ_000666,3586,occasional
occ_000667,1585,occasional
occ_000667,19973,occasional
occ_000668,1591,occasional
occ_000668,2511,occasional
occ_000669,2681,occasional
occ_000669,17085,occasional
occ_000669,20810,occasional
occ_000670,2729,occasional
occ_000670,10727,occasional
occ_000671,2852,occasional
occ_000671,5783,occasional
occ_000671,16560,occasional
occ_000672,4674,occasional
occ_000672,4719,occasional
occ_000673,4844,occasional
occ_000673,5781,occasional
occ_000674,1634,occasional
occ_000674,5123,occasional
occ_000674,5159,occasional
occ_000675,5853,occasional
occ_000675,7838,occasional
occ_000675,10144,occasional
occ_000676,9497,occasional
occ_000676,9779,occasional
occ_000676,10047,occasional
occ_000676,16078,occasional
occ_000677,9497,occasional
occ_000677,11250,occasional
occ_000677,14909,occasional
occ_000677,21061,occasional
occ_000678,9897,occasional
occ_000678,13685,occasional
occ_000679,10793,occasional
occ_000679,14446,occasional
occ_000680,11234,occasional
occ_000680,21734,occasional
occ_000680,22274,occasional
occ_000681,9497,occasional
occ_000681,11250,occasional
occ_000681,16418,occasional
occ_000682,11336,occasional
occ_000682,13117,occasional
occ_000682,16784,occasional
occ_000683,11803,occasional
occ_000683,19527,occasional
occ_000684,13138,occasional
occ_000684,20964,occasional
occ_000685,4284,occasional
occ_000685,10171,occasional
occ_000685,13013,occasional
occ_000685,13249,occasional
occ_000685,16400,occasional
occ_000686,14397,occasional
occ_000686,14430,occasional
occ_000687,14991,occasional
occ_000687,21499,occasional
occ_000688,15290,occasional
occ_000688,16874,occasional
occ_000689,15730,occasional
occ_000689,15916,occasional
occ_000690,16262,occasional
occ_000690,17624,occasional
occ_000691,687,occasional
occ_000691,2019,occasional
occ_000691,16262,occasional
occ_000692,3566,occasional
occ_000692,16687,occasional
occ_000692,17256,occasional
occ_000693,16867,occasional
occ_000693,17910,occasional
occ_000693,18046,occasional
occ_000693,20289,occasional
occ_000694,19167,occasional
occ_000694,19804,occasional
occ_000695,9763,occasional
occ_000695,19340,occasional
occ_000695,19487,occasional
occ_000696,22715,occasional
occ_000696,22725,occasional
occ_000697,4876,occasional
occ_000697,23907,occasional
occ_000698,27003,occasional
occ_000698,31048,occasional
occ_000699,108,occasional
occ_000699,11320,occasional
occ_000700,230,occasional
occ_000700,249,occasional
occ_000701,459,occasional
occ_000701,5443,occasional
occ_000702,626,occasional
occ_000702,2336,occasional
occ_000703,1135,occasional
occ_000703,3091,occasional
occ_000703,4884,occasional
occ_000704,1491,occasional
occ_000704,4504,occasional
occ_000705,1597,occasional
occ_000705,1915,occasional
occ_000706,1920,occasional
occ_000706,4769,occasional
occ_000707,2145,occasional
occ_000707,4036,occasional
occ_000708,2197,occasional
occ_000708,30581,occasional
occ_000709,2442,occasional
occ_000709,5064,occasional
occ_000710,2780,occasional
occ_000710,4884,occasional
occ_000710,5735,occasional
occ_000711,2786,occasional
occ_000711,8868,occasional
occ_000712,2892,occasional
occ_000712,13374,occasional
occ_000713,3491,occasional
occ_000713,3508,occasional
occ_000713,3596,occasional
occ_000713,3645,occasional
occ_000714,3491,occasional
occ_000714,3645,occasional
occ_000715,5147,occasional
occ_000715,12564,occasional
occ_000716,5040,occasional
occ_000716,5853,occasional
occ_000716,7838,occasional
occ_000717,5969,occasional
occ_000717,27023,occasional
occ_000718,6508,occasional
occ_000718,10108,occasional
occ_000719,8136,occasional
occ_000719,13250,occasional
occ_000719,23468,occasional
occ_000720,8149,occasional
occ_000720,14995,occasional
occ_000720,14996,occasional
occ_000721,9066,occasional
occ_000721,9223,occasional
occ_000721,9924,occasional
occ_000722,9410,occasional
occ_000722,9528,occasional
occ_000722,11860,occasional
occ_000722,11912,occasional
occ_000723,581,occasional
occ_000723,9556,occasional
occ_000723,23952,occasional
occ_000724,3640,occasional
occ_000724,9901,occasional
occ_000725,12507,occasional
occ_000725,17908,occasional
occ_000726,13078,occasional
occ_000726,13079,occasional
occ_000727,9672,occasional
occ_000727,14701,occasional
occ_000727,20488,occasional
occ_000728,14701,occasional
occ_000728,20488,occasional
occ_000729,10662,occasional
occ_000729,14991,occasional
occ_000729,21499,occasional
occ_000730,3566,occasional
occ_000730,16687,occasional
occ_000731,17561,occasional
occ_000731,17623,occasional
occ_000731,18417,occasional
occ_000732,17892,occasional
occ_000732,20951,occasional
occ_000733,22286,occasional
occ_000733,22313,occasional
occ_000734,22464,occasional
occ_000734,23143,occasional
occ_000735,25773,occasional
occ_000735,27659,occasional
occ_000736,29241,occasional
occ_000736,29673,occasional
occ_000737,581,occasional
occ_000737,3726,occasional
occ_000737,5089,occasional
occ_000737,5755,occasional
occ_000738,59,occasional
occ_000738,7162,occasional
occ_000739,270,occasional
occ_000739,4011,occasional
occ_000739,14521,occasional
occ_000739,15302,occasional
occ_000740,955,occasional
occ_000740,2012,occasional
occ_000740,5226,occasional
occ_000741,1468,occasional
occ_000741,5301,occasional
occ_000742,2288,occasional
occ_000742,2314,occasional
occ_000743,2369,occasional
occ_000743,3285,occasional
occ_000743,6457,occasional
occ_000744,3535,occasional
occ_000744,10171,occasional
occ_000744,17064,occasional
occ_000745,1940,occasional
occ_000745,3541,occasional
occ_000746,3713,occasional
occ_000746,7211,occasional
occ_000747,3954,occasional
occ_000747,4837,occasional
occ_000747,6059,occasional
occ_000748,4392,occasional
occ_000748,5329,occasional
occ_000748,7426,occasional
occ_000749,5303,occasional
occ_000749,5304,occasional
occ_000750,5656,occasional
occ_000750,10477,occasional
occ_000751,5888,occasional
occ_000751,7329,occasional
occ_000751,7555,occasional
occ_000752,5888,occasional
occ_000752,7555,occasional
occ_000753,6007,occasional
occ_000753,8574,occasional
occ_000754,6457,occasional
occ_000754,8990,occasional
occ_000755,7045,occasional
occ_000755,19861,occasional
occ_000755,19874,occasional
occ_000756,6059,occasional
occ_000756,7200,occasional
occ_000756,17085,occasional
occ_000757,7208,occasional
occ_000757,7696,occasional
occ_000758,7302,occasional
occ_000758,7696,occasional
occ_000759,7535,occasional
occ_000759,10333,occasional
occ_000760,8292,occasional
occ_000760,8573,occasional
occ_000761,8312,occasional
occ_000761,8585,occasional
occ_000762,7838,occasional
occ_000762,8705,occasional
occ_000762,23728,occasional
occ_000763,8974,occasional
occ_000763,8976,occasional
occ_000764,9024,occasional
occ_000764,16259,occasional
occ_000765,6379,occasional
occ_000765,9363,occasional
occ_000766,9556,occasional
occ_000766,23952,occasional
occ_000767,9895,occasional
occ_000767,12084,occasional
occ_000768,10869,occasional
occ_000768,10918,occasional
occ_000768,14393,occasional
occ_000769,11705,occasional
occ_000769,11708,occasional
occ_000770,1991,occasional
occ_000770,11809,occasional
occ_000771,59,occasional
occ_000771,5147,occasional
occ_000771,12564,occasional
occ_000771,12629,occasional
occ_000772,12647,occasional
occ_000772,12651,occasional
occ_000773,11046,occasional
occ_000773,13494,occasional
occ_000773,16178,occasional
occ_000773,18898,occasional
occ_000774,13576,occasional
occ_000774,14850,occasional
occ_000775,13652,occasional
occ_000775,22446,occasional
occ_000776,14823,occasional
occ_000776,16726,occasional
occ_000777,17793,occasional
occ_000777,17817,occasional
occ_000778,18031,occasional
occ_000778,19448,occasional
occ_000779,20646,occasional
occ_000779,22649,occasional
occ_000780,21823,occasional
occ_000780,21824,occasional
occ_000781,21965,occasional
occ_000781,22521,occasional
occ_000782,22374,occasional
occ_000782,26041,occasional
occ_000783,22852,occasional
occ_000783,22853,occasional
occ_000784,4837,occasional
occ_000784,7200,occasional
occ_000784,23157,occasional
occ_000785,8590,occasional
occ_000785,24691,occasional
occ_000786,4982,occasional
occ_000786,24705,occasional
occ_000786,26906,occasional
occ_000787,24988,occasional
occ_000787,25026,occasional
occ_000788,22,occasional
occ_000788,2314,occasional
occ_000788,5370,occasional
occ_000789,59,occasional
occ_000789,2780,occasional
occ_000790,59,occasional
occ_000790,5147,occasional
occ_000791,227,occasional
occ_000791,3376,occasional
occ_000792,385,occasional
occ_000792,386,occasional
occ_000793,459,occasional
occ_000793,5602,occasional
occ_000794,955,occasional
occ_000794,1487,occasional
occ_000794,4138,occasional
occ_000795,1085,occasional
occ_000795,1771,occasional
occ_000796,265,occasional
occ_000796,1254,occasional
occ_000796,1260,occasional
occ_000797,1374,occasional
occ_000797,9421,occasional
occ_000798,1634,occasional
occ_000798,3750,occasional
occ_000799,1634,occasional
occ_000799,14607,occasional
occ_000800,1871,occasional
occ_000800,3346,occasional
occ_000801,2511,occasional
occ_000801,10171,occasional
occ_000802,2569,occasional
occ_000802,7110,occasional
occ_000802,8229,occasional
occ_000802,16288,occasional
occ_000803,3145,occasional
occ_000803,7208,occasional
occ_000803,7302,occasional
occ_000803,10202,occasional
occ_000804,3365,occasional
occ_000804,8990,occasional
occ_000805,3566,occasional
occ_000805,8347,occasional
occ_000806,3640,occasional
occ_000806,6718,occasional
occ_000806,6719,occasional
occ_000807,4452,occasional
occ_000807,6558,occasional
occ_000808,4520,occasional
occ_000808,5487,occasional
occ_000809,5377,occasional
occ_000809,6351,occasional
occ_000810,5843,occasional
occ_000810,11644,occasional
occ_000811,5920,occasional
occ_000811,12507,occasional
occ_000812,7184,occasional
occ_000812,10303,occasional
occ_000813,8705,occasional
occ_000813,12393,occasional
occ_000813,23728,occasional
occ_000814,8990,occasional
occ_000814,11041,occasional
occ_000815,10288,occasional
occ_000815,16240,occasional
occ_000816,10805,occasional
occ_000816,11249,occasional
occ_000817,10869,occasional
occ_000817,10880,occasional
occ_000817,10918,occasional
occ_000817,14393,occasional
occ_000818,10971,occasional
occ_000818,11032,occasional
occ_000818,15805,occasional
occ_000819,6604,occasional
occ_000819,11336,occasional
occ_000819,13117,occasional
occ_000820,12398,occasional
occ_000820,12419,occasional
occ_000821,993,occasional
occ_000821,13324,occasional
occ_000822,14546,occasional
occ_000822,16644,occasional
occ_000823,15711,occasional
occ_000823,15958,occasional
occ_000824,16374,occasional
occ_000824,23357,occasional
occ_000825,11250,occasional
occ_000825,16418,occasional
occ_000826,3535,occasional
occ_000826,16677,occasional
occ_000827,17085,occasional
occ_000827,24956,occasional
occ_000828,19574,occasional
occ_000828,19585,occasional
occ_000829,4884,occasional
occ_000829,19633,occasional
occ_000830,20020,occasional
occ_000830,21155,occasional
occ_000831,20418,occasional
occ_000831,21415,occasional
occ_000832,6114,occasional
occ_000832,20591,occasional
occ_000833,2681,occasional
occ_000833,20810,occasional
occ_000834,23017,occasional
occ_000834,26911,occasional
occ_000835,3954,occasional
occ_000835,7200,occasional
occ_000835,23157,occasional
occ_000836,24756,occasional
occ_000836,28937,occasional
occ_000837,24950,occasional
occ_000837,25908,occasional
occ_000838,7200,occasional
occ_000838,24956,occasional
occ_000839,581,occasional
occ_000839,3726,occasional
occ_000839,5755,occasional
occ_000839,11987,occasional
occ_000840,59,occasional
occ_000840,4884,occasional
occ_000841,64,occasional
occ_000841,17277,occasional
occ_000842,200,occasional
occ_000842,3186,occasional
occ_000842,3285,occasional
occ_000842,23107,occasional
occ_000843,517,occasional
occ_000843,9496,occasional
occ_000844,37,occasional
occ_000844,599,occasional
occ_000845,81,occasional
occ_000845,402,occasional
occ_000845,643,occasional
occ_000846,683,occasional
occ_000846,6637,occasional
occ_000847,769,occasional
occ_000847,8990,occasional
occ_000848,1438,occasional
occ_000848,7255,occasional
occ_000849,2379,occasional
occ_000849,18202,occasional
occ_000850,2511,occasional
occ_000850,4196,occasional
occ_000851,2632,occasional
occ_000851,3990,occasional
occ_000852,1417,occasional
occ_000852,2707,occasional
occ_000853,3303,occasional
occ_000853,3304,occasional
occ_000854,2033,occasional
occ_000854,3387,occasional
occ_000855,3535,occasional
occ_000855,8990,occasional
occ_000856,4072,occasional
occ_000856,6771,occasional
occ_000856,12346,occasional
occ_000857,3954,occasional
occ_000857,4252,occasional
occ_000858,5226,occasional
occ_000858,8683,occasional
occ_000859,6437,occasional
occ_000859,8718,occasional
occ_000860,6458,occasional
occ_000860,8990,occasional
occ_000861,6842,occasional
occ_000861,6904,occasional
occ_000861,7420,occasional
occ_000862,7471,occasional
occ_000862,8312,occasional
occ_000863,8136,occasional
occ_000863,23468,occasional
occ_000864,8166,occasional
occ_000864,11684,occasional
occ_000865,9672,occasional
occ_000865,12968,occasional
occ_000866,11336,occasional
occ_000866,12394,occasional
occ_000866,13117,occasional
occ_000867,11445,occasional
occ_000867,12109,occasional
occ_000868,12505,occasional
occ_000868,15040,occasional
occ_000868,17350,occasional
occ_000869,12849,occasional
occ_000869,13922,occasional
occ_000869,16637,occasional
occ_000870,13659,occasional
occ_000870,21819,occasional
occ_000871,1173,occasional
occ_000871,6458,occasional
occ_000871,14380,occasional
occ_000872,15804,occasional
occ_000872,15828,occasional
occ_000873,9497,occasional
occ_000873,16418,occasional
occ_000874,17727,occasional
occ_000874,17728,occasional
occ_000875,17910,occasional
occ_000875,18046,occasional
occ_000876,12094,occasional
occ_000876,18089,occasional
occ_000877,18861,occasional
occ_000877,20810,occasional
occ_000878,1173,occasional
occ_000878,21156,occasional
occ_000879,21415,occasional
occ_000879,22749,occasional
occ_000880,22153,occasional
occ_000880,22350,occasional
occ_000881,21767,occasional
occ_000881,23124,occasional
occ_000881,25126,occasional
occ_000882,4837,occasional
occ_000882,7200,occasional
occ_000882,24956,occasional
occ_000883,25270,occasional
occ_000883,30862,occasional
occ_000884,24956,occasional
occ_000884,29126,occasional
occ_000884,29137,occasional
occ_000885,22,occasional
occ_000885,3566,occasional
occ_000886,43,occasional
occ_000886,6607,occasional
occ_000886,11891,occasional
occ_000886,21924,occasional
occ_000886,23669,occasional
occ_000887,59,occasional
occ_000887,3091,occasional
occ_000887,4884,occasional
occ_000888,108,occasional
occ_000888,11677,occasional
occ_000889,227,occasional
occ_000889,16889,occasional
occ_000890,284,occasional
occ_000890,288,occasional
occ_000891,344,occasional
occ_000891,534,occasional
occ_000892,687,occasional
occ_000892,16262,occasional
occ_000893,742,occasional
occ_000893,9839,occasional
occ_000894,787,occasional
occ_000894,1839,occasional
occ_000895,1291,occasional
occ_000895,1585,occasional
occ_000895,1608,occasional
occ_000896,2421,occasional
occ_000896,2465,occasional
occ_000897,2546,occasional
occ_000897,6079,occasional
occ_000898,2834,occasional
occ_000898,25119,occasional
occ_000899,3015,occasional
occ_000899,10068,occasional
occ_000900,3879,occasional
occ_000900,25255,occasional
occ_000901,4422,occasional
occ_000901,4564,occasional
occ_000902,4626,occasional
occ_000902,6339,occasional
occ_000903,2761,occasional
occ_000903,4876,occasional
occ_000904,5123,occasional
occ_000904,6575,occasional
occ_000904,11879,occasional
occ_000904,11957,occasional
occ_000904,16952,occasional
occ_000905,5188,occasional
occ_000905,5402,occasional
occ_000906,5853,occasional
occ_000906,14608,occasional
occ_000907,1870,occasional
occ_000907,3365,occasional
occ_000907,4987,occasional
occ_000907,6457,occasional
occ_000908,8012,occasional
occ_000908,8731,occasional
occ_000909,8561,occasional
occ_000909,24907,occasional
occ_000910,8590,occasional
occ_000910,12317,occasional
occ_000910,12343,occasional
occ_000911,5853,occasional
occ_000911,8705,occasional
occ_000911,12393,occasional
occ_000912,8868,occasional
occ_000912,12155,occasional
occ_000913,8929,occasional
occ_000913,16260,occasional
occ_000914,9411,occasional
occ_000914,10405,occasional
occ_000915,6457,occasional
occ_000915,9901,occasional
occ_000916,10171,occasional
occ_000916,16400,occasional
occ_000917,10171,occasional
occ_000917,13249,occasional
occ_000917,13623,occasional
occ_000918,10171,occasional
occ_000918,11055,occasional
occ_000918,13015,occasional
occ_000919,11333,occasional
occ_000919,11455,occasional
occ_000920,5498,occasional
occ_000920,13436,occasional
occ_000921,13576,occasional
occ_000921,14608,occasional
occ_000921,14747,occasional
occ_000922,14747,occasional
occ_000922,14850,occasional
occ_000923,10662,occasional
occ_000923,16340,occasional
occ_000924,14991,occasional
occ_000924,19340,occasional
occ_000925,2681,occasional
occ_000925,15795,occasional
occ_000925,17085,occasional
occ_000925,20810,occasional
occ_000926,22636,occasional
occ_000926,23642,occasional
occ_000927,19340,occasional
occ_000927,22941,occasional
occ_000928,7200,occasional
occ_000928,23157,occasional
occ_000929,23264,occasional
occ_000929,23265,occasional
occ_000930,24651,occasional
occ_000930,24786,occasional
occ_000931,18084,occasional
occ_000931,25325,occasional
occ_000932,3776,occasional
occ_000932,29392,occasional
occ_000933,108,occasional
occ_000933,1591,occasional
occ_000933,11765,occasional
occ_000934,108,occasional
occ_000934,11174,occasional
occ_000934,11765,occasional
occ_000935,108,occasional
occ_000935,11765,occasional
occ_000936,165,occasional
occ_000936,22664,occasional
occ_000937,200,occasional
occ_000937,3186,occasional
occ_000938,301,occasional
occ_000938,7561,occasional
occ_000939,386,occasional
occ_000939,13813,occasional
occ_000940,643,occasional
occ_000940,3146,occasional
occ_000941,771,occasional
occ_000941,6862,occasional
occ_000942,1135,occasional
occ_000942,3091,occasional
occ_000943,1386,occasional
occ_000943,3945,occasional
occ_000944,2134,occasional
occ_000944,3750,occasional
occ_000945,2270,occasional
occ_000945,2369,occasional
occ_000946,2369,occasional
occ_000946,6457,occasional
occ_000947,2525,occasional
occ_000947,5794,occasional
occ_000948,2535,occasional
occ_000948,19469,occasional
occ_000949,1173,occasional
occ_000949,2771,occasional
occ_000949,2803,occasional
occ_000950,3083,occasional
occ_000950,3145,occasional
occ_000951,3091,occasional
occ_000951,4884,occasional
occ_000952,3365,occasional
occ_000952,3535,occasional
occ_000952,6457,occasional
occ_000953,3535,occasional
occ_000953,11041,occasional
occ_000954,4177,occasional
occ_000954,4296,occasional
occ_000954,4355,occasional
occ_000955,4220,occasional
occ_000955,5972,occasional
occ_000955,6798,occasional
occ_000956,4371,occasional
occ_000956,7567,occasional
occ_000957,4374,occasional
occ_000957,4468,occasional
occ_000958,4816,occasional
occ_000958,8660,occasional
occ_000959,5123,occasional
occ_000959,11879,occasional
occ_000960,5420,occasional
occ_000960,5619,occasional
occ_000960,15559,occasional
occ_000961,5853,occasional
occ_000961,9385,occasional
occ_000962,6457,occasional
occ_000962,17412,occasional
occ_000963,6672,occasional
occ_000963,20819,occasional
occ_000964,6679,occasional
occ_000964,11451,occasional
occ_000965,7133,occasional
occ_000965,8476,occasional
occ_000966,7200,occasional
occ_000966,8612,occasional
occ_000966,10171,occasional
occ_000967,5523,occasional
occ_000967,7583,occasional
occ_000968,7766,occasional
occ_000968,8593,occasional
occ_000968,8595,occasional
occ_000968,11940,occasional
occ_000969,5853,occasional
occ_000969,7838,occasional
occ_000969,8705,occasional
occ_000969,23728,occasional
occ_000970,7960,occasional
occ_000970,8261,occasional
occ_000971,5632,occasional
occ_000971,9323,occasional
occ_000971,9348,occasional
occ_000972,2943,occasional
occ_000972,9595,occasional
occ_000972,9638,occasional
occ_000972,12000,occasional
occ_000973,9887,occasional
occ_000973,11234,occasional
occ_000974,10133,occasional
occ_000974,10144,occasional
occ_000974,10147,occasional
occ_000975,10171,occasional
occ_000975,11055,occasional
occ_000975,13013,occasional
occ_000976,3640,occasional
occ_000976,7480,occasional
occ_000976,10695,occasional
occ_000977,9501,occasional
occ_000977,11234,occasional
occ_000978,11812,occasional
occ_000978,22438,occasional
occ_000979,3392,occasional
occ_000979,12155,occasional
occ_000980,12398,occasional
occ_000980,12433,occasional
occ_000981,12564,occasional
occ_000981,12629,occasional
occ_000982,12879,occasional
occ_000982,12898,occasional
occ_000982,13172,occasional
occ_000983,14000,occasional
occ_000983,14002,occasional
occ_000984,14261,occasional
occ_000984,14309,occasional
occ_000985,14397,occasional
occ_000985,15319,occasional
occ_000986,14397,occasional
occ_000986,28814,occasional
occ_000987,13576,occasional
occ_000987,14608,occasional
occ_000987,17883,occasional
occ_000988,14939,occasional
occ_000988,14952,occasional
occ_000989,15040,occasional
occ_000989,17350,occasional
occ_000990,15541,occasional
occ_000990,15597,occasional
occ_000991,15713,occasional
occ_000991,16693,occasional
occ_000992,10805,occasional
occ_000992,16687,occasional
occ_000992,17256,occasional
occ_000993,17361,occasional
occ_000993,20476,occasional
occ_000994,1871,occasional
occ_000994,17793,occasional
occ_000994,17817,occasional
occ_000995,5123,occasional
occ_000995,18150,occasional
occ_000996,20113,occasional
occ_000996,20256,occasional
occ_000997,20406,occasional
occ_000997,27265,occasional
occ_000998,20780,occasional
occ_000998,24949,occasional
occ_000999,21316,occasional
occ_000999,21956,occasional
occ_001000,227,occasional
occ_001000,22443,occasional
occ_001001,22675,occasional
occ_001001,23520,occasional
occ_001002,23096,occasional
occ_001002,23503,occasional
occ_001003,26191,occasional
occ_001003,27374,occasional
occ_001004,23157,occasional
occ_001004,30590,occasional
occ_001005,6402,occasional
occ_001005,8115,occasional
occ_001005,31132,occasional
occ_001006,1105,occasional
occ_001006,7766,occasional
occ_001006,9454,occasional
occ_001007,75,occasional
occ_001007,465,occasional
occ_001007,3783,occasional
occ_001008,81,occasional
occ_001008,643,occasional
occ_001008,9419,occasional
occ_001009,108,occasional
occ_001009,11677,occasional
occ_001009,11820,occasional
occ_001010,200,occasional
occ_001010,3186,occasional
occ_001010,23107,occasional
occ_001011,480,occasional
occ_001011,953,occasional
occ_001012,483,occasional
occ_001012,4217,occasional
occ_001013,955,occasional
occ_001013,1487,occasional
occ_001013,3129,occasional
occ_001014,1030,occasional
occ_001014,2369,occasional
occ_001015,1560,occasional
occ_001015,1573,occasional
occ_001016,1589,occasional
occ_001016,4674,occasional
occ_001017,2075,occasional
occ_001017,4253,occasional
occ_001018,2336,occasional
occ_001018,2755,occasional
occ_001019,2511,occasional
occ_001019,3623,occasional
occ_001020,2511,occasional
occ_001020,13176,occasional
occ_001021,2876,occasional
occ_001021,3145,occasional
occ_001021,3317,occasional
occ_001021,4592,occasional
occ_001022,3222,occasional
occ_001022,3428,occasional
occ_001023,3317,occasional
occ_001023,7208,occasional
occ_001023,7302,occasional
occ_001024,3640,occasional
occ_001024,6457,occasional
occ_001025,967,occasional
occ_001025,3640,occasional
occ_001025,6457,occasional
occ_001025,9901,occasional
occ_001026,3675,occasional
occ_001026,8497,occasional
occ_001027,4152,occasional
occ_001027,7366,occasional
occ_001027,18929,occasional
occ_001028,4769,occasional
occ_001028,5187,occasional
occ_001029,4816,occasional
occ_001029,6874,occasional
occ_001030,5661,occasional
occ_001030,11949,occasional
occ_001031,5783,occasional
occ_001031,16560,occasional
occ_001032,5888,occasional
occ_001032,6063,occasional
occ_001032,27977,occasional
occ_001033,6636,occasional
occ_001033,9229,occasional
occ_001034,6763,occasional
occ_001034,10171,occasional
occ_001035,2584,occasional
occ_001035,7200,occasional
occ_001035,13974,occasional
occ_001036,7206,occasional
occ_001036,16589,occasional
occ_001037,7838,occasional
occ_001037,8705,occasional
occ_001037,12393,occasional
occ_001038,8177,occasional
occ_001038,8322,occasional
occ_001039,8365,occasional
occ_001039,16178,occasional
occ_001039,22636,occasional
occ_001040,8837,occasional
occ_001040,20027,occasional
occ_001040,20990,occasional
occ_001041,6814,occasional
occ_001041,8911,occasional
occ_001041,15713,occasional
occ_001042,9041,occasional
occ_001042,9042,occasional
occ_001043,9270,occasional
occ_001043,12109,occasional
occ_001044,9556,occasional
occ_001044,14463,occasional
occ_001044,15931,occasional
occ_001044,16153,occasional
occ_001045,10464,occasional
occ_001045,20239,occasional
occ_001046,3640,occasional
occ_001046,7480,occasional
occ_001046,10695,occasional
occ_001046,11951,occasional
occ_001047,11310,occasional
occ_001047,12130,occasional
occ_001048,2614,occasional
occ_001048,11774,occasional
occ_001049,11889,occasional
occ_001049,28384,occasional
occ_001050,11768,occasional
occ_001050,11990,occasional
occ_001050,13641,occasional
occ_001051,12554,occasional
occ_001051,12629,occasional
occ_001052,12636,occasional
occ_001052,12746,occasional
occ_001053,6628,occasional
occ_001053,13445,occasional
occ_001054,14397,occasional
occ_001054,15319,occasional
occ_001054,25119,occasional
occ_001055,687,occasional
occ_001055,2019,occasional
occ_001055,16262,occasional
occ_001055,19080,occasional
occ_001056,16374,occasional
occ_001056,18895,occasional
occ_001057,16403,occasional
occ_001057,16464,occasional
occ_001058,743,occasional
occ_001058,17277,occasional
occ_001059,17561,occasional
occ_001059,17584,occasional
occ_001060,18031,occasional
occ_001060,19448,occasional
occ_001060,30283,occasional
occ_001061,18802,occasional
occ_001061,19186,occasional
occ_001062,19530,occasional
occ_001062,19545,occasional
occ_001063,14223,occasional
occ_001063,21357,occasional
occ_001064,6764,occasional
occ_001064,22194,occasional
occ_001065,23416,occasional
occ_001065,24928,occasional
occ_001066,23517,occasional
occ_001066,29017,occasional
occ_001067,24908,occasional
occ_001067,25078,occasional
occ_001068,1173,occasional
occ_001068,25908,occasional
occ_001069,29781,occasional
occ_001069,30401,occasional
occ_001070,30376,occasional
occ_001070,30662,occasional
occ_001071,8771,occasional
occ_001071,24642,occasional
occ_001071,27003,occasional
occ_001072,22,occasional
occ_001072,5370,occasional
occ_001073,22,occasional
occ_001073,3566,occasional
occ_001073,5370,occasional
occ_001074,59,occasional
occ_001074,3091,occasional
occ_001075,59,occasional
occ_001075,2780,occasional
occ_001075,5147,occasional
occ_001076,108,occasional
occ_001076,11174,occasional
occ_001076,11320,occasional
occ_001076,11677,occasional
occ_001076,11820,occasional
occ_001077,108,occasional
occ_001077,2249,occasional
occ_001078,108,occasional
occ_001078,1798,occasional
occ_001079,136,occasional
occ_001079,359,occasional
occ_001079,3848,occasional
occ_001080,459,occasional
occ_001080,3981,occasional
occ_001081,479,occasional
occ_001081,2622,occasional
occ_001082,904,occasional
occ_001082,6458,occasional
occ_001083,913,occasional
occ_001083,11471,occasional
occ_001084,1028,occasional
occ_001084,1326,occasional
occ_001085,1376,occasional
occ_001085,17277,occasional
occ_001086,1591,occasional
occ_001086,4516,occasional
occ_001087,2147,occasional
occ_001087,2149,occasional
occ_001088,2249,occasional
occ_001088,11820,occasional
occ_001089,2288,occasional
occ_001089,7733,occasional
occ_001090,2369,occasional
occ_001090,6457,occasional
occ_001090,9901,occasional
occ_001091,2709,occasional
occ_001091,4011,occasional
occ_001092,2826,occasional
occ_001092,7140,occasional
occ_001093,2827,occasional
occ_001093,3622,occasional
occ_001094,2892,occasional
occ_001094,9217,occasional
occ_001095,2933,occasional
occ_001095,2948,occasional
occ_001096,2971,occasional
occ_001096,17975,occasional
occ_001097,3285,occasional
occ_001097,6457,occasional
occ_001097,8990,occasional
occ_001097,17412,occasional
occ_001098,3306,occasional
occ_001098,4329,occasional
occ_001099,1379,occasional
occ_001099,1940,occasional
occ_001099,3541,occasional
occ_001100,3569,occasional
occ_001100,9454,occasional
occ_001101,4045,occasional
occ_001101,11299,occasional
occ_001102,4177,occasional
occ_001102,4355,occasional
occ_001103,4284,occasional
occ_001103,6091,occasional
occ_001103,10171,occasional
occ_001104,4335,occasional
occ_001104,14844,occasional
occ_001105,4507,occasional
occ_001105,4520,occasional
occ_001106,3026,occasional
occ_001106,4674,occasional
occ_001106,4719,occasional
occ_001107,4774,occasional
occ_001107,7517,occasional
occ_001108,5037,occasional
occ_001108,10084,occasional
occ_001108,10929,occasional
occ_001108,10930,occasional
occ_001109,5970,occasional
occ_001109,9217,occasional
occ_001110,6125,occasional
occ_001110,7235,occasional
occ_001111,6508,occasional
occ_001111,10108,occasional
occ_001111,12219,occasional
occ_001112,6635,occasional
occ_001112,6727,occasional
occ_001113,7140,occasional
occ_001113,23765,occasional
occ_001114,7184,occasional
occ_001114,9924,occasional
occ_001114,10056,occasional
occ_001115,4193,occasional
occ_001115,8149,occasional
occ_001116,8673,occasional
occ_001116,21332,occasional
occ_001117,5853,occasional
occ_001117,7838,occasional
occ_001117,8705,occasional
occ_001117,12393,occasional
occ_001117,23728,occasional
occ_001118,7838,occasional
occ_001118,8705,occasional
occ_001118,12393,occasional
occ_001118,23728,occasional
occ_001119,5853,occasional
occ_001119,8705,occasional
occ_001119,12393,occasional
occ_001119,17351,occasional
occ_001119,23728,occasional
occ_001120,6814,occasional
occ_001120,8911,occasional
occ_001120,10263,occasional
occ_001120,15713,occasional
occ_001121,9066,occasional
occ_001121,9223,occasional
occ_001122,4787,occasional
occ_001122,9066,occasional
occ_001122,9223,occasional
occ_001123,6457,occasional
occ_001123,9226,occasional
occ_001124,9496,occasional
occ_001124,20636,occasional
occ_001125,10144,occasional
occ_001125,10147,occasional
occ_001126,10171,occasional
occ_001126,17930,occasional
occ_001127,10171,occasional
occ_001127,11055,occasional
occ_001127,11936,occasional
occ_001127,16400,occasional
occ_001128,10890,occasional
occ_001128,12997,occasional
occ_001129,5506,occasional
occ_001129,11705,occasional
occ_001129,11708,occasional
occ_001130,11905,occasional
occ_001130,19784,occasional
occ_001131,12505,occasional
occ_001131,15040,occasional
occ_001131,15041,occasional
occ_001131,17350,occasional
occ_001132,2780,occasional
occ_001132,12554,occasional
occ_001132,12629,occasional
occ_001133,12867,occasional
occ_001133,12898,occasional
occ_001134,13012,occasional
occ_001134,16637,occasional
occ_001135,13533,occasional
occ_001135,17176,occasional
occ_001136,14434,occasional
occ_001136,17203,occasional
occ_001137,459,occasional
occ_001137,14608,occasional
occ_001137,14850,occasional
occ_001138,3145,occasional
occ_001138,14808,occasional
occ_001138,15059,occasional
occ_001138,22631,occasional
occ_001139,15619,occasional
occ_001139,22578,occasional
occ_001139,24047,occasional
occ_001140,16374,occasional
occ_001140,17187,occasional
occ_001140,18895,occasional
occ_001141,4837,occasional
occ_001141,7200,occasional
occ_001141,17085,occasional
occ_001142,11907,occasional
occ_001142,17207,occasional
occ_001143,18007,occasional
occ_001143,23520,occasional
occ_001144,18018,occasional
occ_001144,20241,occasional
occ_001145,18311,occasional
occ_001145,22989,occasional
occ_001146,2558,occasional
occ_001146,21782,occasional
occ_001146,22353,occasional
occ_001147,3222,occasional
occ_001147,3428,occasional
occ_001147,21782,occasional
occ_001148,22634,occasional
occ_001148,27236,occasional
occ_001149,22634,occasional
occ_001149,26813,occasional
occ_001149,27236,occasional
occ_001150,23741,occasional
occ_001150,23994,occasional
occ_001151,24161,occasional
occ_001151,24255,occasional
occ_001152,24327,occasional
occ_001152,26070,occasional
occ_001153,8946,occasional
occ_001153,26500,occasional
occ_001154,26884,occasional
occ_001154,27051,occasional
occ_001155,26975,occasional
occ_001155,28132,occasional
occ_001156,27379,occasional
occ_001156,28829,occasional
occ_001157,7535,occasional
occ_001157,27403,occasional
occ_001157,27431,occasional
occ_001158,27888,occasional
occ_001158,28016,occasional
occ_001159,11151,occasional
occ_001159,28177,occasional
occ_001160,28434,occasional
occ_001160,28443,occasional
occ_001161,200,occasional
occ_001161,3186,occasional
occ_001161,3285,occasional
occ_001162,227,occasional
occ_001162,3376,occasional
occ_001162,20044,occasional
occ_001163,245,occasional
occ_001163,2033,occasional
occ_001164,270,occasional
occ_001164,4011,occasional
occ_001164,14686,occasional
occ_001164,17930,occasional
occ_001164,19101,occasional
occ_001165,270,occasional
occ_001165,4011,occasional
occ_001165,14521,occasional
occ_001166,769,occasional
occ_001166,8990,occasional
occ_001166,11917,occasional
occ_001167,787,occasional
occ_001167,1431,occasional
occ_001168,1048,occasional
occ_001168,1337,occasional
occ_001169,1049,occasional
occ_001169,12609,occasional
occ_001170,1048,occasional
occ_001170,1337,occasional
occ_001170,1391,occasional
occ_001171,1374,occasional
occ_001171,8344,occasional
occ_001171,9421,occasional
occ_001172,1056,occasional
occ_001172,1596,occasional
occ_001173,1055,occasional
occ_001173,1056,occasional
occ_001173,1596,occasional
occ_001174,1688,occasional
occ_001174,5541,occasional
occ_001174,5664,occasional
occ_001174,7292,occasional
occ_001175,2024,occasional
occ_001175,27390,occasional
occ_001176,2288,occasional
occ_001176,3566,occasional
occ_001176,7733,occasional
occ_001177,2314,occasional
occ_001177,5370,occasional
occ_001177,7766,occasional
occ_001178,2380,occasional
occ_001178,18046,occasional
occ_001179,2424,occasional
occ_001179,10042,occasional
occ_001180,2442,occasional
occ_001180,3414,occasional
occ_001180,5064,occasional
occ_001181,2529,occasional
occ_001181,20527,occasional
occ_001182,2788,occasional
occ_001182,13734,occasional
occ_001182,23590,occasional
occ_001182,24721,occasional
occ_001183,3073,occasional
occ_001183,4861,occasional
occ_001184,3227,occasional
occ_001184,3386,occasional
occ_001185,3240,occasional
occ_001185,5126,occasional
occ_001186,3365,occasional
occ_001186,8990,occasional
occ_001186,12277,occasional
occ_001187,3429,occasional
occ_001187,6812,occasional
occ_001188,1775,occasional
occ_001188,3491,occasional
occ_001188,3645,occasional
occ_001188,6127,occasional
occ_001189,3640,occasional
occ_001189,6719,occasional
occ_001189,8880,occasional
occ_001190,3729,occasional
occ_001190,7766,occasional
occ_001190,8593,occasional
occ_001190,8595,occasional
occ_001191,3729,occasional
occ_001191,7766,occasional
occ_001192,3954,occasional
occ_001192,6059,occasional
occ_001192,17085,occasional
occ_001193,4048,occasional
occ_001193,8613,occasional
occ_001193,10149,occasional
occ_001194,4284,occasional
occ_001194,10171,occasional
occ_001195,3491,occasional
occ_001195,4345,occasional
occ_001196,1971,occasional
occ_001196,4461,occasional
occ_001196,8255,occasional
occ_001197,4816,occasional
occ_001197,6874,occasional
occ_001197,8039,occasional
occ_001198,4837,occasional
occ_001198,6059,occasional
occ_001198,7200,occasional
occ_001199,4837,occasional
occ_001199,24956,occasional
occ_001200,5123,occasional
occ_001200,5159,occasional
occ_001200,11677,occasional
occ_001200,11972,occasional
occ_001201,313,occasional
occ_001201,5123,occasional
occ_001201,6575,occasional
occ_001201,11879,occasional
occ_001202,5888,occasional
occ_001202,12651,occasional
occ_001203,6402,occasional
occ_001203,8115,occasional
occ_001204,6690,occasional
occ_001204,17289,occasional
occ_001205,6696,occasional
occ_001205,18809,occasional
occ_001206,7020,occasional
occ_001206,7137,occasional
occ_001207,7535,occasional
occ_001207,7932,occasional
occ_001207,10013,occasional
occ_001208,7838,occasional
occ_001208,17351,occasional
occ_001209,7838,occasional
occ_001209,8705,occasional
occ_001209,12393,occasional
occ_001209,17351,occasional
occ_001210,8396,occasional
occ_001210,10273,occasional
occ_001211,8396,occasional
occ_001211,10827,occasional
occ_001212,2576,occasional
occ_001212,7133,occasional
occ_001212,8476,occasional
occ_001213,8590,occasional
occ_001213,8661,occasional
occ_001214,5853,occasional
occ_001214,8705,occasional
occ_001214,23728,occasional
occ_001215,5853,occasional
occ_001215,8705,occasional
occ_001215,12393,occasional
occ_001215,23728,occasional
occ_001216,6458,occasional
occ_001216,8101,occasional
occ_001216,8990,occasional
occ_001216,11041,occasional
occ_001217,9066,occasional
occ_001217,9924,occasional
occ_001218,9410,occasional
occ_001218,11860,occasional
occ_001218,11912,occasional
occ_001219,9497,occasional
occ_001219,10047,occasional
occ_001220,9727,occasional
occ_001220,10659,occasional
occ_001221,9501,occasional
occ_001221,10047,occasional
occ_001221,12419,occasional
occ_001222,10047,occasional
occ_001222,11337,occasional
occ_001223,8716,occasional
occ_001223,10171,occasional
occ_001223,13157,occasional
occ_001224,1871,occasional
occ_001224,10238,occasional
occ_001225,10971,occasional
occ_001225,11032,occasional
occ_001226,11049,occasional
occ_001226,16602,occasional
occ_001227,10662,occasional
occ_001227,11441,occasional
occ_001228,11627,occasional
occ_001228,11639,occasional
occ_001229,11094,occasional
occ_001229,11696,occasional
occ_001230,9037,occasional
occ_001230,12336,occasional
occ_001231,14000,occasional
occ_001231,14002,occasional
occ_001231,20622,occasional
occ_001232,14397,occasional
occ_001232,15327,occasional
occ_001232,25119,occasional
occ_001233,14608,occasional
occ_001233,14747,occasional
occ_001234,5468,occasional
occ_001234,14850,occasional
occ_001234,15046,occasional
occ_001235,15275,occasional
occ_001235,16054,occasional
occ_001236,15845,occasional
occ_001236,16968,occasional
occ_001237,16000,occasional
occ_001237,21518,occasional
occ_001238,16061,occasional
occ_001238,19450,occasional
occ_001239,16374,occasional
occ_001239,17187,occasional
occ_001240,12849,occasional
occ_001240,16637,occasional
occ_001240,17160,occasional
occ_001241,17077,occasional
occ_001241,17328,occasional
occ_001242,13576,occasional
occ_001242,17883,occasional
occ_001243,11234,occasional
occ_001243,18414,occasional
occ_001244,18443,occasional
occ_001244,26975,occasional
occ_001245,19340,occasional
occ_001245,19487,occasional
occ_001246,19494,occasional
occ_001246,20027,occasional
occ_001247,21263,occasional
occ_001247,21325,occasional
occ_001248,7208,occasional
occ_001248,7302,occasional
occ_001248,15059,occasional
occ_001248,21291,occasional
occ_001248,21292,occasional
occ_001249,21961,occasional
occ_001249,21976,occasional
occ_001250,4816,occasional
occ_001250,22634,occasional
occ_001250,27236,occasional
occ_001251,4816,occasional
occ_001251,22634,occasional
occ_001251,26813,occasional
occ_001252,23124,occasional
occ_001252,24477,occasional
occ_001253,18553,occasional
occ_001253,24413,occasional
occ_001254,5147,occasional
occ_001254,26523,occasional
occ_001255,28786,occasional
occ_001255,29442,occasional
occ_001256,2526,occasional
occ_001256,30129,occasional
occ_001257,554,occasional
occ_001257,1184,occasional
occ_001257,1463,occasional
occ_001258,1435,occasional
occ_001258,5755,occasional
occ_001258,7707,occasional
occ_001258,17262,occasional
occ_001258,20918,occasional
occ_001259,1435,occasional
occ_001259,7707,occasional
occ_001259,17262,occasional
occ_001259,20918,occasional
occ_001260,11262,occasional
occ_001260,14313,occasional
occ_001261,43,occasional
occ_001261,6607,occasional
occ_001261,11891,occasional
occ_001261,21924,occasional
occ_001261,23023,occasional
occ_001262,59,occasional
occ_001262,12554,occasional
occ_001262,12629,occasional
occ_001263,108,occasional
occ_001263,10662,occasional
occ_001263,11677,occasional
occ_001264,108,occasional
occ_001264,11820,occasional
occ_001265,165,occasional
occ_001265,6862,occasional
occ_001266,301,occasional
occ_001266,7561,occasional
occ_001266,7576,occasional
occ_001267,350,occasional
occ_001267,426,occasional
occ_001268,459,occasional
occ_001268,1608,occasional
occ_001269,554,occasional
occ_001269,3640,occasional
occ_001270,717,occasional
occ_001270,7200,occasional
occ_001271,921,occasional
occ_001271,1814,occasional
occ_001272,967,occasional
occ_001272,3640,occasional
occ_001272,6457,occasional
occ_001273,1173,occasional
occ_001273,10171,occasional
occ_001274,1207,occasional
occ_001274,1229,occasional
occ_001275,1491,occasional
occ_001275,5764,occasional
occ_001276,1554,occasional
occ_001276,1856,occasional
occ_001277,1417,occasional
occ_001277,1585,occasional
occ_001277,1608,occasional
occ_001277,15619,occasional
occ_001278,987,occasional
occ_001278,1608,occasional
occ_001279,1808,occasional
occ_001279,1810,occasional
occ_001280,75,occasional
occ_001280,2033,occasional
occ_001281,2346,occasional
occ_001281,16328,occasional
occ_001282,2402,occasional
occ_001282,3685,occasional
occ_001283,2788,occasional
occ_001283,13734,occasional
occ_001284,3145,occasional
occ_001284,7302,occasional
occ_001285,3208,occasional
occ_001285,4284,occasional
occ_001286,3285,occasional
occ_001286,6457,occasional
occ_001287,3401,occasional
occ_001287,6412,occasional
occ_001288,3491,occasional
occ_001288,3624,occasional
occ_001288,3645,occasional
occ_001289,3491,occasional
occ_001289,3508,occasional
occ_001289,3624,occasional
occ_001289,3645,occasional
occ_001290,3535,occasional
occ_001290,6457,occasional
occ_001290,6938,occasional
occ_001290,17064,occasional
occ_001291,4094,occasional
occ_001291,8332,occasional
occ_001292,4159,occasional
occ_001292,5282,occasional
occ_001292,11361,occasional
occ_001293,4272,occasional
occ_001293,4541,occasional
occ_001293,5729,occasional
occ_001294,1055,occasional
occ_001294,5079,occasional
occ_001295,5123,occasional
occ_001295,5159,occasional
occ_001295,11320,occasional
occ_001295,11677,occasional
occ_001296,5123,occasional
occ_001296,5159,occasional
occ_001296,6575,occasional
occ_001296,11879,occasional
occ_001296,11957,occasional
occ_001297,5123,occasional
occ_001297,13386,occasional
occ_001297,15924,occasional
occ_001298,5159,occasional
occ_001298,13386,occasional
occ_001299,5688,occasional
occ_001299,14769,occasional
occ_001300,5708,occasional
occ_001300,14551,occasional
occ_001301,5719,occasional
occ_001301,15215,occasional
occ_001302,5888,occasional
occ_001302,6063,occasional
occ_001303,6007,occasional
occ_001303,7087,occasional
occ_001303,8764,occasional
occ_001304,6131,occasional
occ_001304,10827,occasional
occ_001305,6351,occasional
occ_001305,22196,occasional
occ_001306,3365,occasional
occ_001306,4987,occasional
occ_001306,6457,occasional
occ_001307,6604,occasional
occ_001307,11654,occasional
occ_001308,6631,occasional
occ_001308,15497,occasional
occ_001309,6813,occasional
occ_001309,17964,occasional
occ_001310,6862,occasional
occ_001310,22664,occasional
occ_001311,7110,occasional
occ_001311,8229,occasional
occ_001312,7184,occasional
occ_001312,9924,occasional
occ_001313,7184,occasional
occ_001313,10303,occasional
occ_001313,10506,occasional
occ_001314,7318,occasional
occ_001314,8273,occasional
occ_001315,7535,occasional
occ_001315,27431,occasional
occ_001316,7766,occasional
occ_001316,9454,occasional
occ_001317,7838,occasional
occ_001317,10144,occasional
occ_001318,8293,occasional
occ_001318,8944,occasional
occ_001319,8566,occasional
occ_001319,8570,occasional
occ_001320,6457,occasional
occ_001320,8590,occasional
occ_001320,8661,occasional
occ_001321,5853,occasional
occ_001321,8705,occasional
occ_001321,12393,occasional
occ_001321,21732,occasional
occ_001321,23728,occasional
occ_001322,8868,occasional
occ_001322,9130,occasional
occ_001323,9497,occasional
occ_001323,11250,occasional
occ_001324,9497,occasional
occ_001324,9501,occasional
occ_001324,10011,occasional
occ_001325,4743,occasional
occ_001325,9763,occasional
occ_001326,9924,occasional
occ_001326,14766,occasional
occ_001326,18963,occasional
occ_001327,3640,occasional
occ_001327,10695,occasional
occ_001328,10869,occasional
occ_001328,10880,occasional
occ_001328,10918,occasional
occ_001329,10880,occasional
occ_001329,10918,occasional
occ_001329,14393,occasional
occ_001330,1845,occasional
occ_001330,10892,occasional
occ_001331,10918,occasional
occ_001331,14393,occasional
occ_001332,11336,occasional
occ_001332,13012,occasional
occ_001332,13117,occasional
occ_001333,11677,occasional
occ_001333,11972,occasional
occ_001334,3954,occasional
occ_001334,11739,occasional
occ_001335,4072,occasional
occ_001335,12346,occasional
occ_001336,8862,occasional
occ_001336,12630,occasional
occ_001336,17761,occasional
occ_001337,13084,occasional
occ_001337,22897,occasional
occ_001338,13915,occasional
occ_001338,14150,occasional
occ_001339,14390,occasional
occ_001339,29369,occasional
occ_001340,14607,occasional
occ_001340,17303,occasional
occ_001341,9672,occasional
occ_001341,14701,occasional
occ_001342,14747,occasional
occ_001342,17883,occasional
occ_001343,9924,occasional
occ_001343,14766,occasional
occ_001343,18963,occasional
occ_001343,21143,occasional
occ_001344,9924,occasional
occ_001344,14766,occasional
occ_001344,21143,occasional
occ_001345,9924,occasional
occ_001345,14766,occasional
occ_001345,21143,occasional
occ_001345,23216,occasional
occ_001346,15470,occasional
occ_001346,16025,occasional
occ_001346,16026,occasional
occ_001347,8660,occasional
occ_001347,15675,occasional
occ_001348,15978,occasional
occ_001348,16003,occasional
occ_001349,3954,occasional
occ_001349,17085,occasional
occ_001349,24956,occasional
occ_001350,17146,occasional
occ_001350,17260,occasional
occ_001351,1435,occasional
occ_001351,5755,occasional
occ_001351,17262,occasional
occ_001351,20918,occasional
occ_001352,17561,occasional
occ_001352,17584,occasional
occ_001352,17623,occasional
occ_001353,17994,occasional
occ_001353,24500,occasional
occ_001354,17623,occasional
occ_001354,18417,occasional
occ_001355,18452,occasional
occ_001355,18459,occasional
occ_001356,18880,occasional
occ_001356,19891,occasional
occ_001357,3566,occasional
occ_001357,19810,occasional
occ_001358,20446,occasional
occ_001358,21042,occasional
occ_001359,14000,occasional
occ_001359,20622,occasional
occ_001360,21742,occasional
occ_001360,27573,occasional
occ_001361,21767,occasional
occ_001361,22621,occasional
occ_001362,21837,occasional
occ_001362,21864,occasional
occ_001363,22346,occasional
occ_001363,27302,occasional
occ_001363,28196,occasional
occ_001364,22750,occasional
occ_001364,27908,occasional
occ_001365,13652,occasional
occ_001365,22939,occasional
occ_001366,23280,occasional
occ_001366,29111,occasional
occ_001367,24173,occasional
occ_001367,24243,occasional
occ_001368,24844,occasional
occ_001368,26928,occasional
occ_001369,26111,occasional
occ_001369,26192,occasional
occ_001369,26260,occasional
occ_001370,26204,occasional
occ_001370,26221,occasional
occ_001371,26425,occasional
occ_001371,31020,occasional
occ_001371,31021,occasional
occ_001372,27512,occasional
occ_001372,27859,occasional
occ_001373,11336,occasional
occ_001373,13117,occasional
occ_001373,18530,occasional
occ_001374,581,occasional
occ_001374,3726,occasional
occ_001374,5089,occasional
occ_001374,11987,occasional
occ_001375,1,occasional
occ_001375,2019,occasional
occ_001376,1,occasional
occ_001376,3502,occasional
occ_001376,6457,occasional
occ_001376,8990,occasional
occ_001377,43,occasional
occ_001377,6607,occasional
occ_001377,21924,occasional
occ_001377,23023,occasional
occ_001377,23669,occasional
occ_001378,95,occasional
occ_001378,1061,occasional
occ_001379,108,occasional
occ_001379,10662,occasional
occ_001379,11174,occasional
occ_001379,11320,occasional
occ_001379,11820,occasional
occ_001380,108,occasional
occ_001380,10662,occasional
occ_001380,11174,occasional
occ_001380,11441,occasional
occ_001381,108,occasional
occ_001381,10662,occasional
occ_001382,469,occasional
occ_001382,28733,occasional
occ_001383,579,occasional
occ_001383,3535,occasional
occ_001383,4193,occasional
occ_001384,677,occasional
occ_001384,2497,occasional
occ_001385,679,occasional
occ_001385,3244,occasional
occ_001386,769,occasional
occ_001386,8531,occasional
occ_001386,8990,occasional
occ_001386,11917,occasional
occ_001387,967,occasional
occ_001387,17064,occasional
occ_001388,1261,occasional
occ_001388,15363,occasional
occ_001389,1261,occasional
occ_001389,2336,occasional
occ_001390,1491,occasional
occ_001390,3640,occasional
occ_001390,4504,occasional
occ_001390,6719,occasional
occ_001391,1516,occasional
occ_001391,1954,occasional
occ_001392,1760,occasional
occ_001392,3505,occasional
occ_001393,2033,occasional
occ_001393,10084,occasional
occ_001394,1591,occasional
occ_001394,2270,occasional
occ_001395,2033,occasional
occ_001395,2363,occasional
occ_001396,2379,occasional
occ_001396,3375,occasional
occ_001396,3720,occasional
occ_001397,2442,occasional
occ_001397,3414,occasional
occ_001398,2709,occasional
occ_001398,5744,occasional
occ_001399,2771,occasional
occ_001399,2803,occasional
occ_001400,2835,occasional
occ_001400,11883,occasional
occ_001401,2971,occasional
occ_001401,3798,occasional
occ_001402,3280,occasional
occ_001402,20356,occasional
occ_001403,3364,occasional
occ_001403,27683,occasional
occ_001404,3365,occasional
occ_001404,6457,occasional
occ_001405,3488,occasional
occ_001405,3658,occasional
occ_001406,3535,occasional
occ_001406,4790,occasional
occ_001407,3535,occasional
occ_001407,10171,occasional
occ_001408,3535,occasional
occ_001408,6457,occasional
occ_001408,17064,occasional
occ_001408,17412,occasional
occ_001409,3637,occasional
occ_001409,17563,occasional
occ_001410,3285,occasional
occ_001410,3640,occasional
occ_001410,6457,occasional
occ_001410,9901,occasional
occ_001411,3729,occasional
occ_001411,7766,occasional
occ_001411,8593,occasional
occ_001412,3729,occasional
occ_001412,7766,occasional
occ_001412,8593,occasional
occ_001412,11940,occasional
occ_001413,3854,occasional
occ_001413,11500,occasional
occ_001414,1107,occasional
occ_001414,3945,occasional
occ_001415,4011,occasional
occ_001415,18060,occasional
occ_001416,270,occasional
occ_001416,4011,occasional
occ_001416,11949,occasional
occ_001416,17930,occasional
occ_001416,19101,occasional
occ_001417,270,occasional
occ_001417,4011,occasional
occ_001417,15302,occasional
occ_001418,4067,occasional
occ_001418,14072,occasional
occ_001419,4422,occasional
occ_001419,7400,occasional
occ_001419,7447,occasional
occ_001420,5123,occasional
occ_001420,6575,occasional
occ_001420,13386,occasional
occ_001421,5123,occasional
occ_001421,5159,occasional
occ_001421,6575,occasional
occ_001421,11879,occasional
occ_001421,13386,occasional
occ_001422,5123,occasional
occ_001422,11879,occasional
occ_001422,11957,occasional
occ_001422,13386,occasional
occ_001422,16952,occasional
occ_001423,5123,occasional
occ_001423,5159,occasional
occ_001423,11879,occasional
occ_001423,11957,occasional
occ_001423,13386,occasional
occ_001424,5123,occasional
occ_001424,11879,occasional
occ_001424,11957,occasional
occ_001424,13386,occasional
occ_001425,5123,occasional
occ_001425,6575,occasional
occ_001425,11879,occasional
occ_001425,11957,occasional
occ_001426,3729,occasional
occ_001426,5370,occasional
occ_001427,4147,occasional
occ_001427,5040,occasional
occ_001427,5853,occasional
occ_001427,7838,occasional
occ_001428,5888,occasional
occ_001428,7555,occasional
occ_001428,8535,occasional
occ_001429,6305,occasional
occ_001429,18242,occasional
occ_001430,5422,occasional
occ_001430,6458,occasional
occ_001430,6460,occasional
occ_001431,6607,occasional
occ_001431,11891,occasional
occ_001432,6762,occasional
occ_001432,6764,occasional
occ_001432,11917,occasional
occ_001433,6813,occasional
occ_001433,16807,occasional
occ_001434,6974,occasional
occ_001434,10103,occasional
occ_001435,7471,occasional
occ_001435,8585,occasional
occ_001436,7766,occasional
occ_001436,8595,occasional
occ_001437,8084,occasional
occ_001437,12609,occasional
occ_001438,2569,occasional
occ_001438,7110,occasional
occ_001438,8229,occasional
occ_001439,8365,occasional
occ_001439,22636,occasional
occ_001440,8590,occasional
occ_001440,16435,occasional
occ_001441,8641,occasional
occ_001441,8685,occasional
occ_001442,4816,occasional
occ_001442,8039,occasional
occ_001442,8660,occasional
occ_001443,4816,occasional
occ_001443,8660,occasional
occ_001443,15675,occasional
occ_001444,8705,occasional
occ_001444,12393,occasional
occ_001444,21732,occasional
occ_001444,23728,occasional
occ_001445,8929,occasional
occ_001445,14795,occasional
occ_001446,9411,occasional
occ_001446,10405,occasional
occ_001446,11820,occasional
occ_001447,9452,occasional
occ_001447,11398,occasional
occ_001448,9501,occasional
occ_001448,10202,occasional
occ_001449,9556,occasional
occ_001449,22573,occasional
occ_001449,23952,occasional
occ_001450,9595,occasional
occ_001450,9638,occasional
occ_001450,12000,occasional
occ_001451,9674,occasional
occ_001451,15693,occasional
occ_001452,9815,occasional
occ_001452,9820,occasional
occ_001453,4284,occasional
occ_001453,10171,occasional
occ_001453,13013,occasional
occ_001453,16400,occasional
occ_001454,4286,occasional
occ_001454,10355,occasional
occ_001454,10405,occasional
occ_001455,10662,occasional
occ_001455,11677,occasional
occ_001456,10880,occasional
occ_001456,10918,occasional
occ_001457,6458,occasional
occ_001457,8990,occasional
occ_001457,11041,occasional
occ_001458,11331,occasional
occ_001458,16062,occasional
occ_001459,11336,occasional
occ_001459,13117,occasional
occ_001459,13247,occasional
occ_001459,16784,occasional
occ_001460,2346,occasional
occ_001460,11336,occasional
occ_001460,13012,occasional
occ_001460,13117,occasional
occ_001461,11882,occasional
occ_001461,12938,occasional
occ_001462,8990,occasional
occ_001462,11917,occasional
occ_001463,5159,occasional
occ_001463,6575,occasional
occ_001463,11957,occasional
occ_001463,13386,occasional
occ_001463,15924,occasional
occ_001464,12398,occasional
occ_001464,19136,occasional
occ_001465,12398,occasional
occ_001465,12433,occasional
occ_001465,19136,occasional
occ_001466,7208,occasional
occ_001466,7302,occasional
occ_001466,12483,occasional
occ_001467,4884,occasional
occ_001467,12554,occasional
occ_001468,12912,occasional
occ_001468,13494,occasional
occ_001468,16178,occasional
occ_001469,14261,occasional
occ_001469,16342,occasional
occ_001470,14521,occasional
occ_001470,17515,occasional
occ_001471,9924,occasional
occ_001471,14766,occasional
occ_001471,18963,occasional
occ_001471,21143,occasional
occ_001471,23216,occasional
occ_001472,3145,occasional
occ_001472,14808,occasional
occ_001473,12790,occasional
occ_001473,14939,occasional
occ_001473,14952,occasional
occ_001474,3145,occasional
occ_001474,15059,occasional
occ_001475,15319,occasional
occ_001475,15327,occasional
occ_001476,15319,occasional
occ_001476,15327,occasional
occ_001476,25119,occasional
occ_001477,15558,occasional
occ_001477,19340,occasional
occ_001478,15363,occasional
occ_001478,15668,occasional
occ_001479,7028,occasional
occ_001479,16000,occasional
occ_001480,6457,occasional
occ_001480,6499,occasional
occ_001480,17064,occasional
occ_001481,6059,occasional
occ_001481,17085,occasional
occ_001482,11774,occasional
occ_001482,18378,occasional
occ_001483,3376,occasional
occ_001483,18463,occasional
occ_001484,18488,occasional
occ_001484,21278,occasional
occ_001485,18538,occasional
occ_001485,26521,occasional
occ_001485,26840,occasional
occ_001486,18895,occasional
occ_001486,18896,occasional
occ_001487,20174,occasional
occ_001487,20202,occasional
occ_001488,17085,occasional
occ_001488,20810,occasional
occ_001489,22519,occasional
occ_001489,28072,occasional
occ_001490,23475,occasional
occ_001490,23541,occasional
occ_001491,23765,occasional
occ_001491,26437,occasional
occ_001492,23789,occasional
occ_001492,23796,occasional
occ_001493,21433,occasional
occ_001493,24494,occasional
occ_001494,24831,occasional
occ_001494,24832,occasional
occ_001495,23124,occasional
occ_001495,25126,occasional
occ_001496,26189,occasional
occ_001496,26229,occasional
occ_001496,27057,occasional
occ_001497,26192,occasional
occ_001497,26260,occasional
occ_001498,26582,occasional
occ_001498,26619,occasional
occ_001499,29297,occasional
occ_001499,29542,occasional
occ_001500,27908,occasional
occ_001500,30330,occasional
occ_001501,29982,occasional
occ_001501,31425,occasional
occ_001502,1599,occasional
occ_001502,6789,occasional
occ_001502,9438,occasional
occ_001503,1435,occasional
occ_001503,5755,occasional
occ_001503,17262,occasional
occ_001504,43,occasional
occ_001504,6607,occasional
occ_001504,11891,occasional
occ_001504,23023,occasional
occ_001504,23669,occasional
occ_001505,43,occasional
occ_001505,6607,occasional
occ_001505,21924,occasional
occ_001505,23669,occasional
occ_001506,75,occasional
occ_001506,3783,occasional
occ_001507,75,occasional
occ_001507,8593,occasional
occ_001507,11940,occasional
occ_001508,108,occasional
occ_001508,11174,occasional
occ_001508,11320,occasional
occ_001509,108,occasional
occ_001509,11320,occasional
occ_001509,11677,occasional
occ_001509,11820,occasional
occ_001510,196,occasional
occ_001510,409,occasional
occ_001511,200,occasional
occ_001511,3292,occasional
occ_001512,230,occasional
occ_001512,245,occasional
occ_001513,295,occasional
occ_001513,3798,occasional
occ_001514,297,occasional
occ_001514,25923,occasional
occ_001515,306,occasional
occ_001515,4142,occasional
occ_001516,386,occasional
occ_001516,5623,occasional
occ_001517,459,occasional
occ_001517,3635,occasional
occ_001518,677,occasional
occ_001518,683,occasional
occ_001518,2497,occasional
occ_001519,683,occasional
occ_001519,1944,occasional
occ_001519,6637,occasional
occ_001520,869,occasional
occ_001520,1154,occasional
occ_001521,931,occasional
occ_001521,11696,occasional
occ_001522,1022,occasional
occ_001522,17395,occasional
occ_001523,1056,occasional
occ_001523,1416,occasional
occ_001524,57,occasional
occ_001524,1075,occasional
occ_001525,1091,occasional
occ_001525,12651,occasional
occ_001526,1091,occasional
occ_001526,2481,occasional
occ_001527,1167,occasional
occ_001527,22279,occasional
occ_001528,1366,occasional
occ_001528,4844,occasional
occ_001529,1366,occasional
occ_001529,5853,occasional
occ_001530,1055,occasional
occ_001530,1416,occasional
occ_001531,1435,occasional
occ_001531,20918,occasional
occ_001532,1491,occasional
occ_001532,3640,occasional
occ_001532,4504,occasional
occ_001533,1599,occasional
occ_001533,6789,occasional
occ_001534,227,occasional
occ_001534,2379,occasional
occ_001534,3720,occasional
occ_001535,2396,occasional
occ_001535,7237,occasional
occ_001536,2616,occasional
occ_001536,3100,occasional
occ_001536,10276,occasional
occ_001537,2729,occasional
occ_001537,10670,occasional
occ_001537,10727,occasional
occ_001538,2846,occasional
occ_001538,9705,occasional
occ_001539,3145,occasional
occ_001539,3317,occasional
occ_001539,7302,occasional
occ_001540,3160,occasional
occ_001540,8905,occasional
occ_001541,3320,occasional
occ_001541,21347,occasional
occ_001542,3346,occasional
occ_001542,9501,occasional
occ_001543,3491,occasional
occ_001543,3596,occasional
occ_001543,3645,occasional
occ_001544,3508,occasional
occ_001544,3645,occasional
occ_001545,3535,occasional
occ_001545,6938,occasional
occ_001545,17064,occasional
occ_001545,17412,occasional
occ_001546,3535,occasional
occ_001546,11041,occasional
occ_001546,21965,occasional
occ_001547,1799,occasional
occ_001547,3541,occasional
occ_001548,3596,occasional
occ_001548,3645,occasional
occ_001549,3729,occasional
occ_001549,7766,occasional
occ_001549,8595,occasional
occ_001549,11940,occasional
occ_001550,3729,occasional
occ_001550,8593,occasional
occ_001550,8595,occasional
occ_001550,11940,occasional
occ_001551,3729,occasional
occ_001551,8595,occasional
occ_001551,11940,occasional
occ_001552,3879,occasional
occ_001552,16234,occasional
occ_001553,3879,occasional
occ_001553,16234,occasional
occ_001553,25255,occasional
occ_001553,31028,occasional
occ_001554,3898,occasional
occ_001554,19252,occasional
occ_001555,270,occasional
occ_001555,4011,occasional
occ_001555,14686,occasional
occ_001556,4072,occasional
occ_001556,6771,occasional
occ_001557,2033,occasional
occ_001557,4204,occasional
occ_001558,4142,occasional
occ_001558,4392,occasional
occ_001558,5012,occasional
occ_001559,4498,occasional
occ_001559,4548,occasional
occ_001560,4588,occasional
occ_001560,16982,occasional
occ_001561,4754,occasional
occ_001561,27420,occasional
occ_001562,4816,occasional
occ_001562,27532,occasional
occ_001563,4977,occasional
occ_001563,8776,occasional
occ_001564,5037,occasional
occ_001564,10084,occasional
occ_001564,10929,occasional
occ_001565,5123,occasional
occ_001565,5159,occasional
occ_001565,11972,occasional
occ_001566,5123,occasional
occ_001566,15924,occasional
occ_001567,5123,occasional
occ_001567,11879,occasional
occ_001567,11957,occasional
occ_001567,16952,occasional
occ_001568,5209,occasional
occ_001568,8301,occasional
occ_001569,5400,occasional
occ_001569,6627,occasional
occ_001570,4147,occasional
occ_001570,5853,occasional
occ_001570,7838,occasional
occ_001570,10144,occasional
occ_001571,6402,occasional
occ_001571,31132,occasional
occ_001572,1870,occasional
occ_001572,3365,occasional
occ_001572,6457,occasional
occ_001573,3640,occasional
occ_001573,6457,occasional
occ_001573,9901,occasional
occ_001574,6575,occasional
occ_001574,11879,occasional
occ_001575,6972,occasional
occ_001575,9928,occasional
occ_001576,7030,occasional
occ_001576,9621,occasional
occ_001577,2576,occasional
occ_001577,7133,occasional
occ_001577,7604,occasional
occ_001578,3317,occasional
occ_001578,7302,occasional
occ_001578,7696,occasional
occ_001579,7302,occasional
occ_001579,12483,occasional
occ_001580,7329,occasional
occ_001580,7555,occasional
occ_001581,7605,occasional
occ_001581,7656,occasional
occ_001582,8537,occasional
occ_001582,13576,occasional
occ_001583,5324,occasional
occ_001583,8644,occasional
occ_001584,8705,occasional
occ_001584,21732,occasional
occ_001584,23728,occasional
occ_001585,5853,occasional
occ_001585,8705,occasional
occ_001585,21732,occasional
occ_001585,23728,occasional
occ_001586,8824,occasional
occ_001586,21815,occasional
occ_001587,8836,occasional
occ_001587,8861,occasional
occ_001588,8862,occasional
occ_001588,17761,occasional
occ_001589,4787,occasional
occ_001589,5661,occasional
occ_001589,9066,occasional
occ_001589,9223,occasional
occ_001589,9924,occasional
occ_001590,9066,occasional
occ_001590,9223,occasional
occ_001590,16067,occasional
occ_001591,4787,occasional
occ_001591,9066,occasional
occ_001591,9223,occasional
occ_001591,9924,occasional
occ_001591,10917,occasional
occ_001592,9139,occasional
occ_001592,27053,occasional
occ_001593,5661,occasional
occ_001593,9066,occasional
occ_001593,9223,occasional
occ_001594,9410,occasional
occ_001594,9528,occasional
occ_001594,11860,occasional
occ_001595,9528,occasional
occ_001595,11860,occasional
occ_001596,9636,occasional
occ_001596,19818,occasional
occ_001597,2943,occasional
occ_001597,9595,occasional
occ_001597,9638,occasional
occ_001598,9834,occasional
occ_001598,10222,occasional
occ_001599,10156,occasional
occ_001599,13351,occasional
occ_001600,10171,occasional
occ_001600,11055,occasional
occ_001600,13013,occasional
occ_001600,16400,occasional
occ_001601,10224,occasional
occ_001601,20241,occasional
occ_001602,10310,occasional
occ_001602,26002,occasional
occ_001603,7025,occasional
occ_001603,10625,occasional
occ_001604,10662,occasional
occ_001604,11174,occasional
occ_001605,10662,occasional
occ_001605,16340,occasional
occ_001605,19340,occasional
occ_001606,10720,occasional
occ_001606,10737,occasional
occ_001607,10888,occasional
occ_001607,23107,occasional
occ_001607,26061,occasional
occ_001608,10888,occasional
occ_001608,18898,occasional
occ_001608,23107,occasional
occ_001609,5123,occasional
occ_001609,10897,occasional
occ_001610,11000,occasional
occ_001610,21651,occasional
occ_001611,11000,occasional
occ_001611,11256,occasional
occ_001612,7919,occasional
occ_001612,10805,occasional
occ_001612,11249,occasional
occ_001613,9497,occasional
occ_001613,11250,occasional
occ_001613,16078,occasional
occ_001614,11256,occasional
occ_001614,11362,occasional
occ_001615,5129,occasional
occ_001615,12443,occasional
occ_001616,12505,occasional
occ_001616,15040,occasional
occ_001617,12912,occasional
occ_001617,13494,occasional
occ_001618,2346,occasional
occ_001618,11336,occasional
occ_001618,13117,occasional
occ_001619,2346,occasional
occ_001619,11336,occasional
occ_001619,13117,occasional
occ_001619,16328,occasional
occ_001620,13187,occasional
occ_001620,17340,occasional
occ_001621,5123,occasional
occ_001621,5159,occasional
occ_001621,11879,occasional
occ_001621,13386,occasional
occ_001621,15924,occasional
occ_001622,13641,occasional
occ_001622,24742,occasional
occ_001623,9528,occasional
occ_001623,13932,occasional
occ_001624,14055,occasional
occ_001624,25092,occasional
occ_001625,14247,occasional
occ_001625,16681,occasional
occ_001626,9924,occasional
occ_001626,14766,occasional
occ_001626,23216,occasional
occ_001627,423,occasional
occ_001627,15036,occasional
occ_001627,15055,occasional
occ_001628,12609,occasional
occ_001628,15057,occasional
occ_001629,15275,occasional
occ_001629,16054,occasional
occ_001629,16055,occasional
occ_001630,15546,occasional
occ_001630,15931,occasional
occ_001631,2364,occasional
occ_001631,15643,occasional
occ_001632,11957,occasional
occ_001632,15924,occasional
occ_001633,15934,occasional
occ_001633,16092,occasional
occ_001634,10662,occasional
occ_001634,11174,occasional
occ_001634,16340,occasional
occ_001635,16867,occasional
occ_001635,18046,occasional
occ_001635,20289,occasional
occ_001636,6457,occasional
occ_001636,17064,occasional
occ_001637,10822,occasional
occ_001637,17174,occasional
occ_001638,5853,occasional
occ_001638,7838,occasional
occ_001638,12393,occasional
occ_001638,17351,occasional
occ_001638,23728,occasional
occ_001639,17876,occasional
occ_001639,18530,occasional
occ_001639,18874,occasional
occ_001640,18538,occasional
occ_001640,26521,occasional
occ_001641,18698,occasional
occ_001641,19007,occasional
occ_001641,19011,occasional
occ_001642,687,occasional
occ_001642,16262,occasional
occ_001642,19080,occasional
occ_001642,22750,occasional
occ_001643,11174,occasional
occ_001643,19340,occasional
occ_001644,20617,occasional
occ_001644,24256,occasional
occ_001645,21165,occasional
occ_001645,24050,occasional
occ_001646,18698,occasional
occ_001646,21767,occasional
occ_001646,24760,occasional
occ_001647,22204,occasional
occ_001647,22305,occasional
occ_001648,22346,occasional
occ_001648,29275,occasional
occ_001649,22511,occasional
occ_001649,22771,occasional
occ_001650,22634,occasional
occ_001650,26813,occasional
occ_001651,11809,occasional
occ_001651,23100,occasional
occ_001652,13576,occasional
occ_001652,23307,occasional
occ_001653,23386,occasional
occ_001653,24846,occasional
occ_001653,26348,occasional
occ_001654,23831,occasional
occ_001654,23856,occasional
occ_001655,24230,occasional
occ_001655,28115,occasional
occ_001656,24239,occasional
occ_001656,24589,occasional
occ_001657,24788,occasional
occ_001657,27192,occasional
occ_001658,24956,occasional
occ_001658,29126,occasional
occ_001659,25080,occasional
occ_001659,25227,occasional
occ_001660,25213,occasional
occ_001660,25322,occasional
occ_001661,25551,occasional
occ_001661,25552,occasional
occ_001662,11077,occasional
occ_001662,25978,occasional
occ_001663,4816,occasional
occ_001663,26813,occasional
occ_001664,3338,occasional
occ_001664,26906,occasional
occ_001665,27878,occasional
occ_001665,30513,occasional
occ_001666,22362,occasional
occ_001666,28414,occasional
occ_001667,28731,occasional
occ_001667,29120,occasional
occ_001668,28748,occasional
occ_001668,31153,occasional
occ_001669,29492,occasional
occ_001669,31381,occasional
occ_001670,30355,occasional
occ_001670,30399,occasional
occ_001671,2560,occasional
occ_001671,19432,occasional
occ_001672,9779,occasional
occ_001672,10047,occasional
occ_001673,9924,occasional
occ_001673,14766,occasional
occ_001673,18963,occasional
occ_001673,23216,occasional
occ_001674,17262,occasional
occ_001674,20918,occasional
occ_001675,24956,occasional
occ_001675,29137,occasional
occ_001676,2681,occasional
occ_001676,3551,occasional
occ_001676,14196,occasional
occ_001677,12794,occasional
occ_001677,13273,occasional
occ_001677,14802,occasional
occ_001678,0,occasional
occ_001678,1,occasional
occ_001679,43,occasional
occ_001679,11891,occasional
occ_001679,23023,occasional
occ_001679,23669,occasional
occ_001680,43,occasional
occ_001680,6607,occasional
occ_001680,11891,occasional
occ_001680,23669,occasional
occ_001681,59,occasional
occ_001681,2780,occasional
occ_001681,12629,occasional
occ_001682,75,occasional
occ_001682,7766,occasional
occ_001683,197,occasional
occ_001683,331,occasional
occ_001684,225,occasional
occ_001684,226,occasional
occ_001685,324,occasional
occ_001685,2497,occasional
occ_001686,324,occasional
occ_001686,677,occasional
occ_001686,683,occasional
occ_001687,324,occasional
occ_001687,683,occasional
occ_001688,459,occasional
occ_001688,6294,occasional
occ_001689,465,occasional
occ_001689,3783,occasional
occ_001690,519,occasional
occ_001690,3024,occasional
occ_001691,540,occasional
occ_001691,2280,occasional
occ_001692,685,occasional
occ_001692,13907,occasional
occ_001693,769,occasional
occ_001693,8531,occasional
occ_001693,8990,occasional
occ_001694,786,occasional
occ_001694,11098,occasional
occ_001695,934,occasional
occ_001695,1105,occasional
occ_001696,970,occasional
occ_001696,7158,occasional
occ_001697,987,occasional
occ_001697,1107,occasional
occ_001698,1055,occasional
occ_001698,1056,occasional
occ_001698,5079,occasional
occ_001699,1314,occasional
occ_001699,1892,occasional
occ_001700,1378,occasional
occ_001700,1789,occasional
occ_001701,907,occasional
occ_001701,1469,occasional
occ_001702,1585,occasional
occ_001702,1608,occasional
occ_001702,3803,occasional
occ_001703,1589,occasional
occ_001703,4674,occasional
occ_001703,14330,occasional
occ_001703,15318,occasional
occ_001704,1871,occasional
occ_001704,2282,occasional
occ_001704,2847,occasional
occ_001705,2036,occasional
occ_001705,2037,occasional
occ_001706,2231,occasional
occ_001706,5551,occasional
occ_001707,2346,occasional
occ_001707,11336,occasional
occ_001707,13012,occasional
occ_001707,16328,occasional
occ_001708,2379,occasional
occ_001708,7200,occasional
occ_001709,2380,occasional
occ_001709,17910,occasional
occ_001710,2380,occasional
occ_001710,15466,occasional
occ_001711,2380,occasional
occ_001711,9790,occasional
occ_001712,2431,occasional
occ_001712,6493,occasional
occ_001713,2442,occasional
occ_001713,7300,occasional
occ_001714,2529,occasional
occ_001714,16588,occasional
occ_001714,20527,occasional
occ_001715,2569,occasional
occ_001715,7110,occasional
occ_001715,16288,occasional
occ_001716,2780,occasional
occ_001716,4884,occasional
occ_001717,2981,occasional
occ_001717,3004,occasional
occ_001718,3124,occasional
occ_001718,5275,occasional
occ_001719,3346,occasional
occ_001719,7208,occasional
occ_001719,7302,occasional
occ_001720,3491,occasional
occ_001720,3508,occasional
occ_001721,3491,occasional
occ_001721,3508,occasional
occ_001721,3624,occasional
occ_001722,3535,occasional
occ_001722,6091,occasional
occ_001722,6457,occasional
occ_001722,10168,occasional
occ_001723,3566,occasional
occ_001723,5370,occasional
occ_001724,3624,occasional
occ_001724,3645,occasional
occ_001725,3640,occasional
occ_001725,8043,occasional
occ_001726,994,occasional
occ_001726,3798,occasional
occ_001727,3528,occasional
occ_001727,3987,occasional
occ_001727,9195,occasional
occ_001728,4008,occasional
occ_001728,4998,occasional
occ_001729,270,occasional
occ_001729,4011,occasional
occ_001729,11949,occasional
occ_001729,14686,occasional
occ_001729,17930,occasional
occ_001730,4152,occasional
occ_001730,7366,occasional
occ_001731,4392,occasional
occ_001731,7426,occasional
occ_001732,4458,occasional
occ_001732,5384,occasional
occ_001733,4629,occasional
occ_001733,4889,occasional
occ_001733,4918,occasional
occ_001734,4991,occasional
occ_001734,9446,occasional
occ_001735,5123,occasional
occ_001735,11879,occasional
occ_001735,13386,occasional
occ_001736,1521,occasional
occ_001736,5123,occasional
occ_001736,5159,occasional
occ_001737,5123,occasional
occ_001737,13386,occasional
occ_001737,19035,occasional
occ_001738,5123,occasional
occ_001738,5159,occasional
occ_001738,6575,occasional
occ_001738,13386,occasional
occ_001739,5123,occasional
occ_001739,22849,occasional
occ_001740,5123,occasional
occ_001740,5159,occasional
occ_001740,6575,occasional
occ_001740,11957,occasional
occ_001740,13386,occasional
occ_001741,1126,occasional
occ_001741,5259,occasional
occ_001741,17052,occasional
occ_001742,4272,occasional
occ_001742,5729,occasional
occ_001743,5853,occasional
occ_001743,7838,occasional
occ_001743,12393,occasional
occ_001744,5944,occasional
occ_001744,6001,occasional
occ_001745,6007,occasional
occ_001745,8764,occasional
occ_001745,18563,occasional
occ_001746,6059,occasional
occ_001746,7200,occasional
occ_001747,6457,occasional
occ_001747,6458,occasional
occ_001747,6460,occasional
occ_001747,10771,occasional
occ_001747,13687,occasional
occ_001748,6457,occasional
occ_001748,6458,occasional
occ_001749,6457,occasional
occ_001749,6458,occasional
occ_001749,6460,occasional
occ_001749,13687,occasional
occ_001750,6575,occasional
occ_001750,13386,occasional
occ_001751,6575,occasional
occ_001751,11879,occasional
occ_001751,11957,occasional
occ_001752,4386,occasional
occ_001752,6762,occasional
occ_001752,6764,occasional
occ_001752,11917,occasional
occ_001753,6842,occasional
occ_001753,6904,occasional
occ_001754,3535,occasional
occ_001754,6938,occasional
occ_001755,3566,occasional
occ_001755,7766,occasional
occ_001756,1385,occasional
occ_001756,7766,occasional
occ_001756,8593,occasional
occ_001757,7766,occasional
occ_001757,11940,occasional
occ_001758,8167,occasional
occ_001758,9040,occasional
occ_001759,1609,occasional
occ_001759,8307,occasional
occ_001760,8537,occasional
occ_001760,14747,occasional
occ_001761,3861,occasional
occ_001761,8574,occasional
occ_001761,8764,occasional
occ_001762,1585,occasional
occ_001762,8590,occasional
occ_001762,12317,occasional
occ_001762,12343,occasional
occ_001763,8705,occasional
occ_001763,12393,occasional
occ_001764,5853,occasional
occ_001764,7838,occasional
occ_001764,8705,occasional
occ_001764,21732,occasional
occ_001764,23728,occasional
occ_001765,7838,occasional
occ_001765,8705,occasional
occ_001765,12393,occasional
occ_001765,21732,occasional
occ_001765,23728,occasional
occ_001766,8705,occasional
occ_001766,12393,occasional
occ_001766,17351,occasional
occ_001766,23728,occasional
occ_001767,3285,occasional
occ_001767,6457,occasional
occ_001767,8990,occasional
occ_001768,4787,occasional
occ_001768,9066,occasional
occ_001768,9924,occasional
occ_001769,9066,occasional
occ_001769,9223,occasional
occ_001769,10917,occasional
occ_001770,9124,occasional
occ_001770,19507,occasional
occ_001771,4787,occasional
occ_001771,9066,occasional
occ_001771,9223,occasional
occ_001771,10917,occasional
occ_001772,8987,occasional
occ_001772,9441,occasional
occ_001773,9497,occasional
occ_001773,11250,occasional
occ_001773,21061,occasional
occ_001774,9556,occasional
occ_001774,22573,occasional
occ_001775,9874,occasional
occ_001775,10021,occasional
occ_001776,10019,occasional
occ_001776,10020,occasional
occ_001777,10133,occasional
occ_001777,10147,occasional
occ_001778,10133,occasional
occ_001778,10144,occasional
occ_001779,10171,occasional
occ_001779,13013,occasional
occ_001780,10202,occasional
occ_001780,10573,occasional
occ_001781,7208,occasional
occ_001781,7302,occasional
occ_001781,10202,occasional
occ_001782,10464,occasional
occ_001782,10518,occasional
occ_001783,9778,occasional
occ_001783,10476,occasional
occ_001784,108,occasional
occ_001784,10662,occasional
occ_001784,11174,occasional
occ_001784,11765,occasional
occ_001785,10662,occasional
occ_001785,14991,occasional
occ_001786,6224,occasional
occ_001786,10708,occasional
occ_001787,10945,occasional
occ_001787,22599,occasional
occ_001788,11256,occasional
occ_001788,19074,occasional
occ_001789,11336,occasional
occ_001789,13117,occasional
occ_001789,16842,occasional
occ_001790,11320,occasional
occ_001790,11820,occasional
occ_001791,5920,occasional
occ_001791,11917,occasional
occ_001792,6764,occasional
occ_001792,11917,occasional
occ_001793,6762,occasional
occ_001793,11917,occasional
occ_001794,11917,occasional
occ_001794,21767,occasional
occ_001795,12130,occasional
occ_001795,29906,occasional
occ_001796,6771,occasional
occ_001796,12346,occasional
occ_001797,12554,occasional
occ_001797,17156,occasional
occ_001798,13120,occasional
occ_001798,23590,occasional
occ_001799,13821,occasional
occ_001799,14383,occasional
occ_001800,15363,occasional
occ_001800,15668,occasional
occ_001800,15983,occasional
occ_001801,16061,occasional
occ_001801,19450,occasional
occ_001801,21430,occasional
occ_001802,0,occasional
occ_001802,14462,occasional
occ_001802,16262,occasional
occ_001803,16374,occasional
occ_001803,18895,occasional
occ_001803,18896,occasional
occ_001804,16693,occasional
occ_001804,18274,occasional
occ_001805,17256,occasional
occ_001805,17561,occasional
occ_001806,1435,occasional
occ_001806,17262,occasional
occ_001807,15040,occasional
occ_001807,15041,occasional
occ_001807,17350,occasional
occ_001808,6499,occasional
occ_001808,17876,occasional
occ_001808,18874,occasional
occ_001809,17876,occasional
occ_001809,18530,occasional
occ_001810,16262,occasional
occ_001810,19080,occasional
occ_001810,23705,occasional
occ_001811,19507,occasional
occ_001811,19577,occasional
occ_001812,19804,occasional
occ_001812,21677,occasional
occ_001813,21714,occasional
occ_001813,22272,occasional
occ_001814,22006,occasional
occ_001814,22107,occasional
occ_001815,22287,occasional
occ_001815,23897,occasional
occ_001816,19843,occasional
occ_001816,20601,occasional
occ_001816,22423,occasional
occ_001817,22944,occasional
occ_001817,30280,occasional
occ_001818,9467,occasional
occ_001818,23080,occasional
occ_001819,23150,occasional
occ_001819,24200,occasional
occ_001820,22362,occasional
occ_001820,23633,occasional
occ_001821,4045,occasional
occ_001821,24282,occasional
occ_001822,24870,occasional
occ_001822,24901,occasional
occ_001823,25935,occasional
occ_001823,25950,occasional
occ_001824,26131,occasional
occ_001824,26354,occasional
occ_001825,26575,occasional
occ_001825,26645,occasional
occ_001826,26625,occasional
occ_001826,26633,occasional
occ_001827,26914,occasional
occ_001827,27715,occasional
occ_001828,10695,occasional
occ_001828,27270,occasional
occ_001829,27834,occasional
occ_001829,28422,occasional
occ_001830,28044,occasional
occ_001830,28045,occasional
occ_001831,28415,occasional
occ_001831,29085,occasional
occ_001832,28456,occasional
occ_001832,29128,occasional
occ_001833,2558,occasional
occ_001833,28731,occasional
occ_001834,8626,occasional
occ_001834,28985,occasional
occ_001835,12629,occasional
occ_001835,29772,occasional
occ_001836,26523,occasional
occ_001836,29835,occasional
occ_001837,19,occasional
occ_001837,20,occasional
occ_001838,77,occasional
occ_001838,1696,occasional
occ_001838,15222,occasional
occ_001839,136,occasional
occ_001839,359,occasional
occ_001839,3848,occasional
occ_001839,3875,occasional
occ_001840,3346,occasional
occ_001840,7302,occasional
occ_001841,5123,occasional
occ_001841,6575,occasional
occ_001841,11879,occasional
occ_001841,11957,occasional
occ_001841,13386,occasional
occ_001842,5123,occasional
occ_001842,5159,occasional
occ_001842,6575,occasional
occ_001842,11879,occasional
occ_001842,15924,occasional
occ_001843,5677,occasional
occ_001843,22259,occasional
occ_001843,24492,occasional
occ_001843,27277,occasional
occ_001844,581,occasional
occ_001844,3726,occasional
occ_001844,5755,occasional
occ_001845,5894,occasional
occ_001845,23891,occasional
occ_001846,3535,occasional
occ_001846,6457,occasional
occ_001846,17064,occasional
occ_001847,8990,occasional
occ_001847,11041,occasional
occ_001847,11917,occasional
occ_001848,4502,occasional
occ_001848,13176,occasional
occ_001848,22994,occasional
occ_001849,1435,occasional
occ_001849,7707,occasional
occ_001849,17262,occasional
occ_001850,1435,occasional
occ_001850,5755,occasional
occ_001850,7707,occasional
occ_001850,17262,occasional
occ_001851,1591,occasional
occ_001851,11174,occasional
occ_001851,11765,occasional
occ_001852,0,occasional
occ_001852,1,occasional
occ_001852,2019,occasional
occ_001853,36,occasional
occ_001853,68,occasional
occ_001854,43,occasional
occ_001854,6607,occasional
occ_001854,11891,occasional
occ_001854,21924,occasional
occ_001855,108,occasional
occ_001855,11320,occasional
occ_001855,11677,occasional
occ_001855,11765,occasional
occ_001856,108,occasional
occ_001856,11174,occasional
occ_001856,11320,occasional
occ_001856,11820,occasional
occ_001857,154,occasional
occ_001857,197,occasional
occ_001858,2,occasional
occ_001858,221,occasional
occ_001859,253,occasional
occ_001859,11325,occasional
occ_001860,213,occasional
occ_001860,299,occasional
occ_001861,306,occasional
occ_001861,890,occasional
occ_001861,4142,occasional
occ_001862,324,occasional
occ_001862,677,occasional
occ_001863,324,occasional
occ_001863,677,occasional
occ_001863,2497,occasional
occ_001864,471,occasional
occ_001864,472,occasional
occ_001865,555,occasional
occ_001865,13959,occasional
occ_001866,575,occasional
occ_001866,1590,occasional
occ_001867,628,occasional
occ_001867,3586,occasional
occ_001868,683,occasional
occ_001868,2497,occasional
occ_001868,6637,occasional
occ_001869,921,occasional
occ_001869,4142,occasional
occ_001870,955,occasional
occ_001870,4138,occasional
occ_001870,5915,occasional
occ_001871,1048,occasional
occ_001871,1391,occasional
occ_001872,1052,occasional
occ_001872,15713,occasional
occ_001873,644,occasional
occ_001873,934,occasional
occ_001873,1105,occasional
occ_001874,869,occasional
occ_001874,1154,occasional
occ_001874,3495,occasional
occ_001874,4655,occasional
occ_001875,1154,occasional
occ_001875,4655,occasional
occ_001876,1212,occasional
occ_001876,4656,occasional
occ_001877,1173,occasional
occ_001877,1335,occasional
occ_001878,1374,occasional
occ_001878,21845,occasional
occ_001879,1491,occasional
occ_001879,4504,occasional
occ_001879,6719,occasional
occ_001880,1585,occasional
occ_001880,1608,occasional
occ_001880,15619,occasional
occ_001881,1417,occasional
occ_001881,1585,occasional
occ_001881,1608,occasional
occ_001882,1666,occasional
occ_001882,17356,occasional
occ_001883,250,occasional
occ_001883,1728,occasional
occ_001883,11999,occasional
occ_001884,2033,occasional
occ_001884,10477,occasional
occ_001885,2130,occasional
occ_001885,22710,occasional
occ_001886,2162,occasional
occ_001886,6339,occasional
occ_001887,2197,occasional
occ_001887,29890,occasional
occ_001887,30581,occasional
occ_001888,2336,occasional
occ_001888,2755,occasional
occ_001888,14610,occasional
occ_001889,2495,occasional
occ_001889,2505,occasional
occ_001890,2681,occasional
occ_001890,17085,occasional
occ_001891,31,occasional
occ_001891,2714,occasional
occ_001892,2729,occasional
occ_001892,19035,occasional
occ_001893,2788,occasional
occ_001893,23590,occasional
occ_001893,24721,occasional
occ_001894,2788,occasional
occ_001894,13734,occasional
occ_001894,23590,occasional
occ_001895,2847,occasional
occ_001895,2848,occasional
occ_001896,2939,occasional
occ_001896,3788,occasional
occ_001897,3007,occasional
occ_001897,3145,occasional
occ_001898,243,occasional
occ_001898,3024,occasional
occ_001899,3024,occasional
occ_001899,14097,occasional
occ_001900,3317,occasional
occ_001900,7302,occasional
occ_001901,3145,occasional
occ_001901,3317,occasional
occ_001901,7208,occasional
occ_001902,3322,occasional
occ_001902,5968,occasional
occ_001903,568,occasional
occ_001903,3338,occasional
occ_001903,3875,occasional
occ_001904,3488,occasional
occ_001904,3658,occasional
occ_001904,7543,occasional
occ_001905,3508,occasional
occ_001905,3624,occasional
occ_001906,3563,occasional
occ_001906,7535,occasional
occ_001907,3640,occasional
occ_001907,4504,occasional
occ_001907,6590,occasional
occ_001907,6719,occasional
occ_001908,3729,occasional
occ_001908,7690,occasional
occ_001909,2511,occasional
occ_001909,3913,occasional
occ_001910,3954,occasional
occ_001910,6059,occasional
occ_001911,1845,occasional
occ_001911,3954,occasional
occ_001911,7200,occasional
occ_001912,3971,occasional
occ_001912,20492,occasional
occ_001913,270,occasional
occ_001913,4011,occasional
occ_001914,270,occasional
occ_001914,4011,occasional
occ_001914,11949,occasional
occ_001914,17930,occasional
occ_001915,4011,occasional
occ_001915,10171,occasional
occ_001916,4228,occasional
occ_001916,20688,occasional
occ_001917,4284,occasional
occ_001917,13616,occasional
occ_001918,4392,occasional
occ_001918,5012,occasional
occ_001919,132,occasional
occ_001919,4392,occasional
occ_001919,5329,occasional
occ_001920,4502,occasional
occ_001920,22994,occasional
occ_001921,4507,occasional
occ_001921,4520,occasional
occ_001921,5630,occasional
occ_001922,4241,occasional
occ_001922,4603,occasional
occ_001923,4614,occasional
occ_001923,13633,occasional
occ_001924,4816,occasional
occ_001924,8039,occasional
occ_001925,4816,occasional
occ_001925,26813,occasional
occ_001925,27236,occasional
occ_001926,4837,occasional
occ_001926,6059,occasional
occ_001927,5037,occasional
occ_001927,10929,occasional
occ_001928,5123,occasional
occ_001928,5159,occasional
occ_001928,6575,occasional
occ_001928,15924,occasional
occ_001929,5123,occasional
occ_001929,11957,occasional
occ_001929,16952,occasional
occ_001930,5123,occasional
occ_001930,6575,occasional
occ_001930,11879,occasional
occ_001930,13386,occasional
occ_001931,5123,occasional
occ_001931,5159,occasional
occ_001931,11879,occasional
occ_001932,5123,occasional
occ_001932,13386,occasional
occ_001932,16952,occasional
occ_001933,5123,occasional
occ_001933,5159,occasional
occ_001933,11957,occasional
occ_001933,15924,occasional
occ_001934,5123,occasional
occ_001934,11879,occasional
occ_001934,13386,occasional
occ_001934,15924,occasional
occ_001935,5123,occasional
occ_001935,5159,occasional
occ_001935,13386,occasional
occ_001935,15924,occasional
occ_001936,112,occasional
occ_001936,5142,occasional
occ_001937,5123,occasional
occ_001937,5159,occasional
occ_001937,6575,occasional
occ_001937,11957,occasional
occ_001938,5159,occasional
occ_001938,11879,occasional
occ_001938,13386,occasional
occ_001939,5123,occasional
occ_001939,5159,occasional
occ_001939,11957,occasional
occ_001939,13386,occasional
occ_001940,5123,occasional
occ_001940,5159,occasional
occ_001940,11320,occasional
occ_001940,11972,occasional
occ_001940,15002,occasional
occ_001941,4008,occasional
occ_001941,5249,occasional
occ_001942,5541,occasional
occ_001942,5664,occasional
occ_001943,5420,occasional
occ_001943,5619,occasional
occ_001944,5619,occasional
occ_001944,15559,occasional
occ_001945,5019,occasional
occ_001945,5656,occasional
occ_001946,5822,occasional
occ_001946,14732,occasional
occ_001947,5853,occasional
occ_001947,8705,occasional
occ_001947,12393,occasional
occ_001947,17351,occasional
occ_001948,3428,occasional
occ_001948,6007,occasional
occ_001948,8574,occasional
occ_001949,6164,occasional
occ_001949,6170,occasional
occ_001950,6036,occasional
occ_001950,6322,occasional
occ_001951,3285,occasional
occ_001951,6457,occasional
occ_001951,17412,occasional
occ_001952,6458,occasional
occ_001952,6460,occasional
occ_001952,13687,occasional
occ_001953,5422,occasional
occ_001953,6458,occasional
occ_001953,6460,occasional
occ_001953,8990,occasional
occ_001953,11150,occasional
occ_001954,6457,occasional
occ_001954,6458,occasional
occ_001954,6460,occasional
occ_001955,6499,occasional
occ_001955,7143,occasional
occ_001956,5123,occasional
occ_001956,6575,occasional
occ_001956,11957,occasional
occ_001957,1491,occasional
occ_001957,3640,occasional
occ_001957,4504,occasional
occ_001957,6719,occasional
occ_001957,8856,occasional
occ_001958,5920,occasional
occ_001958,6762,occasional
occ_001958,6764,occasional
occ_001958,11917,occasional
occ_001959,4386,occasional
occ_001959,6762,occasional
occ_001959,6764,occasional
occ_001960,5920,occasional
occ_001960,6764,occasional
occ_001960,11917,occasional
occ_001961,3954,occasional
occ_001961,7160,occasional
occ_001961,7200,occasional
occ_001962,7214,occasional
occ_001962,20169,occasional
occ_001963,7288,occasional
occ_001963,16807,occasional
occ_001963,17964,occasional
occ_001964,7366,occasional
occ_001964,18929,occasional
occ_001965,6842,occasional
occ_001965,7420,occasional
occ_001966,2126,occasional
occ_001966,7480,occasional
occ_001967,7766,occasional
occ_001967,8595,occasional
occ_001967,11940,occasional
occ_001968,5040,occasional
occ_001968,5853,occasional
occ_001968,7838,occasional
occ_001968,10144,occasional
occ_001969,5853,occasional
occ_001969,7838,occasional
occ_001969,12393,occasional
occ_001969,17351,occasional
occ_001970,7838,occasional
occ_001970,12393,occasional
occ_001970,17351,occasional
occ_001970,23728,occasional
occ_001971,8073,occasional
occ_001971,8167,occasional
occ_001971,9040,occasional
occ_001972,4461,occasional
occ_001972,8255,occasional
occ_001973,8566,occasional
occ_001973,8570,occasional
occ_001973,13160,occasional
occ_001974,8593,occasional
occ_001974,11940,occasional
occ_001975,75,occasional
occ_001975,7766,occasional
occ_001975,8593,occasional
occ_001975,8595,occasional
occ_001976,7766,occasional
occ_001976,8593,occasional
occ_001976,11940,occasional
occ_001977,8593,occasional
occ_001977,8595,occasional
occ_001978,8705,occasional
occ_001978,12393,occasional
occ_001978,17351,occasional
occ_001979,8705,occasional
occ_001979,17351,occasional
occ_001979,23728,occasional
occ_001980,7838,occasional
occ_001980,8705,occasional
occ_001980,12393,occasional
occ_001980,21732,occasional
occ_001981,8705,occasional
occ_001981,12393,occasional
occ_001981,17351,occasional
occ_001981,21732,occasional
occ_001981,23728,occasional
occ_001982,5853,occasional
occ_001982,7838,occasional
occ_001982,8705,occasional
occ_001982,17351,occasional
occ_001982,23728,occasional
occ_001983,8715,occasional
occ_001983,9099,occasional
occ_001983,10376,occasional
occ_001984,2976,occasional
occ_001984,5422,occasional
occ_001984,6458,occasional
occ_001984,6460,occasional
occ_001984,8990,occasional
occ_001985,8990,occasional
occ_001985,12277,occasional
occ_001986,9066,occasional
occ_001986,9223,occasional
occ_001986,9924,occasional
occ_001986,10917,occasional
occ_001987,5661,occasional
occ_001987,9066,occasional
occ_001987,9924,occasional
occ_001988,9136,occasional
occ_001988,10400,occasional
occ_001989,4787,occasional
occ_001989,9066,occasional
occ_001989,9223,occasional
occ_001989,9924,occasional
occ_001990,9410,occasional
occ_001990,9528,occasional
occ_001991,3346,occasional
occ_001991,9497,occasional
occ_001992,9497,occasional
occ_001992,20606,occasional
occ_001993,9501,occasional
occ_001993,9779,occasional
occ_001994,9410,occasional
occ_001994,9528,occasional
occ_001994,11912,occasional
occ_001995,9030,occasional
occ_001995,9672,occasional
occ_001995,12968,occasional
occ_001996,9687,occasional
occ_001996,12419,occasional
occ_001997,9689,occasional
occ_001997,18721,occasional
occ_001997,18722,occasional
occ_001998,5167,occasional
occ_001998,9727,occasional
occ_001998,10659,occasional
occ_001999,3180,occasional
occ_001999,9864,occasional
occ_002000,967,occasional
occ_002000,3640,occasional
occ_002000,9901,occasional
occ_002001,9929,occasional
occ_002001,12357,occasional
occ_002002,4284,occasional
occ_002002,10171,occasional
occ_002002,13249,occasional
occ_002002,16400,occasional
occ_002003,4284,occasional
occ_002003,10171,occasional
occ_002003,16400,occasional
occ_002004,10171,occasional
occ_002004,11055,occasional
occ_002004,11936,occasional
occ_002004,13013,occasional
occ_002005,5797,occasional
occ_002005,10625,occasional
occ_002006,10662,occasional
occ_002006,11820,occasional
occ_002007,3640,occasional
occ_002007,10695,occasional
occ_002007,11951,occasional
occ_002008,10888,occasional
occ_002008,18898,occasional
occ_002008,23107,occasional
occ_002008,26061,occasional
occ_002009,11224,occasional
occ_002009,16425,occasional
occ_002010,11320,occasional
occ_002010,15002,occasional
occ_002011,11424,occasional
occ_002011,12293,occasional
occ_002012,11634,occasional
occ_002012,15702,occasional
occ_002013,11917,occasional
occ_002013,18698,occasional
occ_002013,21767,occasional
occ_002014,5123,occasional
occ_002014,5159,occasional
occ_002014,11677,occasional
occ_002014,11972,occasional
occ_002014,15002,occasional
occ_002015,3684,occasional
occ_002015,11987,occasional
occ_002016,12248,occasional
occ_002016,24300,occasional
occ_002017,12317,occasional
occ_002017,12343,occasional
occ_002018,12409,occasional
occ_002018,20448,occasional
occ_002019,12419,occasional
occ_002019,12433,occasional
occ_002020,7208,occasional
occ_002020,12483,occasional
occ_002021,59,occasional
occ_002021,12564,occasional
occ_002021,12629,occasional
occ_002022,2346,occasional
occ_002022,11336,occasional
occ_002022,13012,occasional
occ_002023,12912,occasional
occ_002023,13494,occasional
occ_002023,16178,occasional
occ_002023,22267,occasional
occ_002024,2788,occasional
occ_002024,13734,occasional
occ_002024,24721,occasional
occ_002025,14208,occasional
occ_002025,14340,occasional
occ_002025,17622,occasional
occ_002026,1173,occasional
occ_002026,14380,occasional
occ_002027,14685,occasional
occ_002027,18703,occasional
occ_002028,581,occasional
occ_002028,14967,occasional
occ_002029,7357,occasional
occ_002029,14991,occasional
occ_002029,21499,occasional
occ_002030,15036,occasional
occ_002030,15055,occasional
occ_002031,3145,occasional
occ_002031,15059,occasional
occ_002031,21291,occasional
occ_002032,15470,occasional
occ_002032,16025,occasional
occ_002033,16178,occasional
occ_002033,18898,occasional
occ_002034,5945,occasional
occ_002034,16178,occasional
occ_002034,18898,occasional
occ_002035,9444,occasional
occ_002035,16299,occasional
occ_002036,1186,occasional
occ_002036,16321,occasional
occ_002037,16407,occasional
occ_002037,20605,occasional
occ_002038,11250,occasional
occ_002038,16418,occasional
occ_002038,20586,occasional
occ_002039,9834,occasional
occ_002039,16617,occasional
occ_002040,59,occasional
occ_002040,16755,occasional
occ_002040,16757,occasional
occ_002041,17187,occasional
occ_002041,18895,occasional
occ_002042,7376,occasional
occ_002042,17277,occasional
occ_002043,17351,occasional
occ_002043,23728,occasional
occ_002044,5945,occasional
occ_002044,17579,occasional
occ_002045,17215,occasional
occ_002045,17767,occasional
occ_002046,17561,occasional
occ_002046,18417,occasional
occ_002047,18518,occasional
occ_002047,25219,occasional
occ_002048,18736,occasional
occ_002048,19503,occasional
occ_002049,17187,occasional
occ_002049,18896,occasional
occ_002050,12300,occasional
occ_002050,18998,occasional
occ_002051,19080,occasional
occ_002051,22750,occasional
occ_002052,687,occasional
occ_002052,19080,occasional
occ_002052,22750,occasional
occ_002053,19144,occasional
occ_002053,19455,occasional
occ_002054,19489,occasional
occ_002054,21865,occasional
occ_002055,20193,occasional
occ_002055,20207,occasional
occ_002056,16867,occasional
occ_002056,17910,occasional
occ_002056,20289,occasional
occ_002057,20418,occasional
occ_002057,22749,occasional
occ_002058,19494,occasional
occ_002058,20990,occasional
occ_002059,21596,occasional
occ_002059,21604,occasional
occ_002060,11686,occasional
occ_002060,21739,occasional
occ_002061,5677,occasional
occ_002061,22259,occasional
occ_002061,27277,occasional
occ_002062,240,occasional
occ_002062,22279,occasional
occ_002063,15059,occasional
occ_002063,22631,occasional
occ_002064,13623,occasional
occ_002064,23468,occasional
occ_002065,13734,occasional
occ_002065,23590,occasional
occ_002065,24721,occasional
occ_002066,23613,occasional
occ_002066,23688,occasional
occ_002067,23630,occasional
occ_002067,23726,occasional
occ_002068,579,occasional
occ_002068,23642,occasional
occ_002068,23721,occasional
occ_002069,7838,occasional
occ_002069,8705,occasional
occ_002069,17351,occasional
occ_002069,23728,occasional
occ_002070,5853,occasional
occ_002070,8705,occasional
occ_002070,17351,occasional
occ_002070,23728,occasional
occ_002071,7838,occasional
occ_002071,8705,occasional
occ_002071,12393,occasional
occ_002071,17351,occasional
occ_002071,23728,occasional
occ_002072,5853,occasional
occ_002072,8705,occasional
occ_002072,21322,occasional
occ_002072,21732,occasional
occ_002072,23728,occasional
occ_002073,6125,occasional
occ_002073,24173,occasional
occ_002073,24243,occasional
occ_002074,24391,occasional
occ_002074,24617,occasional
occ_002075,21767,occasional
occ_002075,24477,occasional
occ_002076,6007,occasional
occ_002076,24494,occasional
occ_002077,10888,occasional
occ_002077,24950,occasional
occ_002078,3954,occasional
occ_002078,4837,occasional
occ_002078,24956,occasional
occ_002079,15327,occasional
occ_002079,25119,occasional
occ_002080,10888,occasional
occ_002080,25908,occasional
occ_002081,26250,occasional
occ_002081,29184,occasional
occ_002082,27304,occasional
occ_002082,28550,occasional
occ_002083,27372,occasional
occ_002083,27373,occasional
occ_002084,27598,occasional
occ_002084,28199,occasional
occ_002085,28642,occasional
occ_002085,29324,occasional
occ_002086,28857,occasional
occ_002086,28872,occasional
occ_002087,29255,occasional
occ_002087,29373,occasional
occ_002088,29297,occasional
occ_002088,29542,occasional
occ_002088,30721,occasional
occ_002089,26303,occasional
occ_002089,29390,occasional
occ_002090,29834,occasional
occ_002090,29908,occasional
occ_002091,30194,occasional
occ_002091,31014,occasional
occ_002092,50,occasional
occ_002092,2379,occasional
occ_002093,108,occasional
occ_002093,10662,occasional
occ_002093,11174,occasional
occ_002093,11677,occasional
occ_002093,11820,occasional
occ_002094,2526,occasional
occ_002094,29968,occasional
occ_002095,3665,occasional
occ_002095,3762,occasional
occ_002096,3879,occasional
occ_002096,16234,occasional
occ_002096,25255,occasional
occ_002097,5123,occasional
occ_002097,6575,occasional
occ_002097,6999,occasional
occ_002097,11879,occasional
occ_002098,5123,occasional
occ_002098,5159,occasional
occ_002098,6575,occasional
occ_002098,11879,occasional
occ_002099,5920,occasional
occ_002099,6762,occasional
occ_002099,11917,occasional
occ_002100,1954,occasional
occ_002100,6393,occasional
occ_002101,9066,occasional
occ_002101,9924,occasional
occ_002101,10917,occasional
occ_002102,9497,occasional
occ_002102,9779,occasional
occ_002102,9899,occasional
occ_002102,16078,occasional
occ_002103,9497,occasional
occ_002103,9779,occasional
occ_002103,9899,occasional
occ_002103,10047,occasional
occ_002104,10346,occasional
occ_002104,11041,occasional
occ_002105,7787,occasional
occ_002105,10774,occasional
occ_002106,12478,occasional
occ_002106,13390,occasional
occ_002107,23150,occasional
occ_002107,23567,occasional
occ_002107,24200,occasional
occ_002108,4193,occasional
occ_002108,11041,occasional
occ_002108,11917,occasional
occ_002109,5853,occasional
occ_002109,7838,occasional
occ_002109,8705,occasional
occ_002110,3726,occasional
occ_002110,5089,occasional
occ_002110,11987,occasional
occ_002111,14251,occasional
occ_002111,14296,occasional
occ_002112,1,occasional
occ_002112,2019,occasional
occ_002112,14462,occasional
occ_002113,12,occasional
occ_002113,1051,occasional
occ_002114,19,occasional
occ_002114,20,occasional
occ_002114,6303,occasional
occ_002115,43,occasional
occ_002115,6607,occasional
occ_002115,23023,occasional
occ_002115,23669,occasional
occ_002116,43,occasional
occ_002116,10610,occasional
occ_002116,11891,occasional
occ_002117,43,occasional
occ_002117,11891,occasional
occ_002117,21924,occasional
occ_002117,23023,occasional
occ_002117,23669,occasional
occ_002118,59,occasional
occ_002118,3091,occasional
occ_002118,5444,occasional
occ_002119,60,occasional
occ_002119,118,occasional
occ_002120,75,occasional
occ_002120,1105,occasional
occ_002120,8593,occasional
occ_002121,108,occasional
occ_002121,11677,occasional
occ_002121,11972,occasional
occ_002122,108,occasional
occ_002122,850,occasional
occ_002123,108,occasional
occ_002123,850,occasional
occ_002123,11765,occasional
occ_002124,227,occasional
occ_002124,3375,occasional
occ_002124,6849,occasional
occ_002125,250,occasional
occ_002125,1728,occasional
occ_002126,270,occasional
occ_002126,4011,occasional
occ_002126,11949,occasional
occ_002126,14686,occasional
occ_002126,19101,occasional
occ_002127,301,occasional
occ_002127,7576,occasional
occ_002128,344,occasional
occ_002128,534,occasional
occ_002128,21127,occasional
occ_002129,497,occasional
occ_002129,15332,occasional
occ_002130,530,occasional
occ_002130,5985,occasional
occ_002131,568,occasional
occ_002131,6804,occasional
occ_002132,579,occasional
occ_002132,4193,occasional
occ_002132,11884,occasional
occ_002133,677,occasional
occ_002133,683,occasional
occ_002134,787,occasional
occ_002134,1582,occasional
occ_002135,867,occasional
occ_002135,11654,occasional
occ_002136,993,occasional
occ_002136,3830,occasional
occ_002137,1069,occasional
occ_002137,1079,occasional
occ_002138,988,occasional
occ_002138,1080,occasional
occ_002139,1091,occasional
occ_002139,2628,occasional
occ_002140,1093,occasional
occ_002140,1460,occasional
occ_002141,665,occasional
occ_002141,934,occasional
occ_002141,1105,occasional
occ_002142,1105,occasional
occ_002142,1890,occasional
occ_002142,8301,occasional
occ_002143,1207,occasional
occ_002143,1229,occasional
occ_002143,12315,occasional
occ_002144,1207,occasional
occ_002144,1229,occasional
occ_002144,3807,occasional
occ_002145,1337,occasional
occ_002145,1391,occasional
occ_002146,1585,occasional
occ_002146,6855,occasional
occ_002147,1608,occasional
occ_002147,6855,occasional
occ_002148,1668,occasional
occ_002148,21767,occasional
occ_002149,1760,occasional
occ_002149,2892,occasional
occ_002150,1871,occasional
occ_002150,2847,occasional
occ_002150,2848,occasional
occ_002151,2019,occasional
occ_002151,12956,occasional
occ_002152,2314,occasional
occ_002152,3566,occasional
occ_002152,3729,occasional
occ_002153,2379,occasional
occ_002153,3376,occasional
occ_002154,2569,occasional
occ_002154,8229,occasional
occ_002154,16288,occasional
occ_002155,3013,occasional
occ_002155,3783,occasional
occ_002156,3091,occasional
occ_002156,12554,occasional
occ_002157,3102,occasional
occ_002157,9405,occasional
occ_002158,3117,occasional
occ_002158,11285,occasional
occ_002159,3130,occasional
occ_002159,21197,occasional
occ_002160,3145,occasional
occ_002160,3317,occasional
occ_002160,14808,occasional
occ_002161,2876,occasional
occ_002161,3317,occasional
occ_002161,4592,occasional
occ_002162,3491,occasional
occ_002162,3508,occasional
occ_002162,3645,occasional
occ_002163,3535,occasional
occ_002163,6457,occasional
occ_002163,10168,occasional
occ_002164,1806,occasional
occ_002164,3535,occasional
occ_002164,4790,occasional
occ_002165,3535,occasional
occ_002165,6457,occasional
occ_002165,6938,occasional
occ_002166,1379,occasional
occ_002166,1799,occasional
occ_002166,3541,occasional
occ_002167,1815,occasional
occ_002167,3563,occasional
occ_002168,3566,occasional
occ_002168,7045,occasional
occ_002169,3604,occasional
occ_002169,3665,occasional
occ_002170,1491,occasional
occ_002170,3640,occasional
occ_002170,4504,occasional
occ_002170,6590,occasional
occ_002170,6719,occasional
occ_002171,2369,occasional
occ_002171,3285,occasional
occ_002171,3640,occasional
occ_002171,9901,occasional
occ_002172,2314,occasional
occ_002172,3729,occasional
occ_002173,3729,occasional
occ_002173,8595,occasional
occ_002174,270,occasional
occ_002174,4011,occasional
occ_002174,11949,occasional
occ_002174,19101,occasional
occ_002175,4159,occasional
occ_002175,6000,occasional
occ_002176,579,occasional
occ_002176,4193,occasional
occ_002176,11041,occasional
occ_002177,4220,occasional
occ_002177,6798,occasional
occ_002178,4253,occasional
occ_002178,9408,occasional
occ_002179,1589,occasional
occ_002179,4674,occasional
occ_002179,14330,occasional
occ_002180,4701,occasional
occ_002180,22342,occasional
occ_002181,4837,occasional
occ_002181,9065,occasional
occ_002182,3564,occasional
occ_002182,4903,occasional
occ_002183,5123,occasional
occ_002183,5159,occasional
occ_002183,11320,occasional
occ_002184,5123,occasional
occ_002184,5159,occasional
occ_002184,11677,occasional
occ_002185,5123,occasional
occ_002185,6575,occasional
occ_002185,15924,occasional
occ_002186,5123,occasional
occ_002186,11957,occasional
occ_002186,13386,occasional
occ_002186,16952,occasional
occ_002187,5123,occasional
occ_002187,5159,occasional
occ_002187,11320,occasional
occ_002187,11677,occasional
occ_002187,15002,occasional
occ_002188,313,occasional
occ_002188,5123,occasional
occ_002188,6575,occasional
occ_002189,5123,occasional
occ_002189,5159,occasional
occ_002189,15002,occasional
occ_002190,5123,occasional
occ_002190,5159,occasional
occ_002190,11320,occasional
occ_002190,15002,occasional
occ_002191,5123,occasional
occ_002191,5159,occasional
occ_002191,6575,occasional
occ_002192,5123,occasional
occ_002192,5159,occasional
occ_002192,11879,occasional
occ_002192,13386,occasional
occ_002193,5159,occasional
occ_002193,6575,occasional
occ_002193,11957,occasional
occ_002193,15924,occasional
occ_002194,1105,occasional
occ_002194,5209,occasional
occ_002194,8301,occasional
occ_002195,5244,occasional
occ_002195,5515,occasional
occ_002196,4135,occasional
occ_002196,5303,occasional
occ_002196,5304,occasional
occ_002197,4943,occasional
occ_002197,5382,occasional
occ_002198,5422,occasional
occ_002198,6460,occasional
occ_002199,1055,occasional
occ_002199,5452,occasional
occ_002200,5473,occasional
occ_002200,9194,occasional
occ_002201,1688,occasional
occ_002201,5664,occasional
occ_002202,5703,occasional
occ_002202,9512,occasional
occ_002203,4606,occasional
occ_002203,4844,occasional
occ_002203,5781,occasional
occ_002204,4147,occasional
occ_002204,5040,occasional
occ_002204,5853,occasional
occ_002204,7838,occasional
occ_002204,10144,occasional
occ_002205,5853,occasional
occ_002205,7838,occasional
occ_002205,12393,occasional
occ_002205,21732,occasional
occ_002206,253,occasional
occ_002206,5853,occasional
occ_002206,9385,occasional
occ_002207,5888,occasional
occ_002207,8535,occasional
occ_002208,6227,occasional
occ_002208,17547,occasional
occ_002209,4456,occasional
occ_002209,6416,occasional
occ_002210,6457,occasional
occ_002210,6458,occasional
occ_002210,13687,occasional
occ_002211,6457,occasional
occ_002211,12622,occasional
occ_002212,6457,occasional
occ_002212,17064,occasional
occ_002212,17412,occasional
occ_002213,6575,occasional
occ_002213,13386,occasional
occ_002213,15924,occasional
occ_002214,6604,occasional
occ_002214,16637,occasional
occ_002215,6616,occasional
occ_002215,6821,occasional
occ_002216,5844,occasional
occ_002216,6654,occasional
occ_002217,6718,occasional
occ_002217,6719,occasional
occ_002218,6719,occasional
occ_002218,9142,occasional
occ_002219,1491,occasional
occ_002219,4504,occasional
occ_002219,6590,occasional
occ_002219,6719,occasional
occ_002219,8856,occasional
occ_002220,6726,occasional
occ_002220,25935,occasional
occ_002221,4386,occasional
occ_002221,6764,occasional
occ_002221,11917,occasional
occ_002222,3535,occasional
occ_002222,6457,occasional
occ_002222,6938,occasional
occ_002222,17412,occasional
occ_002223,7007,occasional
occ_002223,9270,occasional
occ_002224,7143,occasional
occ_002224,9790,occasional
occ_002225,3317,occasional
occ_002225,7208,occasional
occ_002225,7696,occasional
occ_002226,6859,occasional
occ_002226,7243,occasional
occ_002227,7288,occasional
occ_002227,16807,occasional
occ_002228,7386,occasional
occ_002228,7446,occasional
occ_002229,7561,occasional
occ_002229,7576,occasional
occ_002230,7681,occasional
occ_002230,9107,occasional
occ_002231,967,occasional
occ_002231,7766,occasional
occ_002231,8593,occasional
occ_002232,2314,occasional
occ_002232,7766,occasional
occ_002233,7776,occasional
occ_002233,9497,occasional
occ_002234,5853,occasional
occ_002234,7838,occasional
occ_002234,17351,occasional
occ_002235,5853,occasional
occ_002235,7838,occasional
occ_002235,8705,occasional
occ_002235,17351,occasional
occ_002236,5853,occasional
occ_002236,7838,occasional
occ_002236,17351,occasional
occ_002236,21732,occasional
occ_002236,23728,occasional
occ_002237,7012,occasional
occ_002237,8147,occasional
occ_002238,7668,occasional
occ_002238,8147,occasional
occ_002239,8149,occasional
occ_002239,14996,occasional
occ_002240,8499,occasional
occ_002240,9440,occasional
occ_002241,7180,occasional
occ_002241,8510,occasional
occ_002242,7180,occasional
occ_002242,8510,occasional
occ_002242,8774,occasional
occ_002243,1585,occasional
occ_002243,8590,occasional
occ_002243,12343,occasional
occ_002244,8590,occasional
occ_002244,12317,occasional
occ_002245,8667,occasional
occ_002245,26516,occasional
occ_002246,8178,occasional
occ_002246,8641,occasional
occ_002246,8685,occasional
occ_002247,8705,occasional
occ_002247,12393,occasional
occ_002247,21322,occasional
occ_002248,7838,occasional
occ_002248,8705,occasional
occ_002248,12393,occasional
occ_002248,21322,occasional
occ_002248,23728,occasional
occ_002249,8705,occasional
occ_002249,21322,occasional
occ_002249,23728,occasional
occ_002250,8705,occasional
occ_002250,17351,occasional
occ_002250,21732,occasional
occ_002250,23728,occasional
occ_002251,5853,occasional
occ_002251,7838,occasional
occ_002251,8705,occasional
occ_002251,12393,occasional
occ_002251,21322,occasional
occ_002252,7838,occasional
occ_002252,8705,occasional
occ_002252,21322,occasional
occ_002252,21732,occasional
occ_002252,23728,occasional
occ_002253,7838,occasional
occ_002253,8705,occasional
occ_002253,21732,occasional
occ_002253,23728,occasional
occ_002254,5853,occasional
occ_002254,8705,occasional
occ_002254,12393,occasional
occ_002254,21322,occasional
occ_002254,23728,occasional
occ_002255,5853,occasional
occ_002255,8705,occasional
occ_002255,17351,occasional
occ_002255,21732,occasional
occ_002255,23728,occasional
occ_002256,8715,occasional
occ_002256,9099,occasional
occ_002257,8862,occasional
occ_002257,12630,occasional
occ_002258,1,occasional
occ_002258,1798,occasional
occ_002258,1916,occasional
occ_002258,8990,occasional
occ_002259,9023,occasional
occ_002259,21778,occasional
occ_002260,9124,occasional
occ_002260,11731,occasional
occ_002260,19507,occasional
occ_002261,5661,occasional
occ_002261,9066,occasional
occ_002261,9223,occasional
occ_002261,9924,occasional
occ_002262,9435,occasional
occ_002262,10711,occasional
occ_002263,9497,occasional
occ_002263,11250,occasional
occ_002263,24592,occasional
occ_002264,9530,occasional
occ_002264,10386,occasional
occ_002265,9556,occasional
occ_002265,14463,occasional
occ_002265,15931,occasional
occ_002266,9497,occasional
occ_002266,9687,occasional
occ_002267,9763,occasional
occ_002267,11174,occasional
occ_002268,9897,occasional
occ_002268,22749,occasional
occ_002269,2369,occasional
occ_002269,3640,occasional
occ_002269,9901,occasional
occ_002270,9924,occasional
occ_002270,10056,occasional
occ_002271,10146,occasional
occ_002271,10180,occasional
occ_002272,10171,occasional
occ_002272,13249,occasional
occ_002273,7302,occasional
occ_002273,10202,occasional
occ_002274,10386,occasional
occ_002274,10387,occasional
occ_002275,9411,occasional
occ_002275,10355,occasional
occ_002275,10405,occasional
occ_002275,11746,occasional
occ_002276,10405,occasional
occ_002276,11820,occasional
occ_002277,10569,occasional
occ_002277,10570,occasional
occ_002278,326,occasional
occ_002278,10642,occasional
occ_002279,108,occasional
occ_002279,10662,occasional
occ_002279,11441,occasional
occ_002280,10662,occasional
occ_002280,11174,occasional
occ_002280,11677,occasional
occ_002281,10869,occasional
occ_002281,10880,occasional
occ_002282,10888,occasional
occ_002282,23634,occasional
occ_002283,6458,occasional
occ_002283,11041,occasional
occ_002284,108,occasional
occ_002284,10662,occasional
occ_002284,11174,occasional
occ_002284,11320,occasional
occ_002284,11677,occasional
occ_002285,11250,occasional
occ_002285,11770,occasional
occ_002286,11286,occasional
occ_002286,13050,occasional
occ_002287,11336,occasional
occ_002287,13117,occasional
occ_002287,14261,occasional
occ_002288,3416,occasional
occ_002288,11520,occasional
occ_002289,11320,occasional
occ_002289,11677,occasional
occ_002289,11972,occasional
occ_002289,15002,occasional
occ_002290,11686,occasional
occ_002290,13214,occasional
occ_002290,21739,occasional
occ_002291,11730,occasional
occ_002291,11786,occasional
occ_002292,6575,occasional
occ_002292,11879,occasional
occ_002292,11957,occasional
occ_002292,15924,occasional
occ_002292,16952,occasional
occ_002293,5159,occasional
occ_002293,6575,occasional
occ_002293,11879,occasional
occ_002293,15924,occasional
occ_002294,11917,occasional
occ_002294,18698,occasional
occ_002295,11917,occasional
occ_002295,19163,occasional
occ_002296,4386,occasional
occ_002296,5920,occasional
occ_002296,6764,occasional
occ_002296,11917,occasional
occ_002297,11917,occasional
occ_002297,18698,occasional
occ_002297,21767,occasional
occ_002297,21965,occasional
occ_002298,11926,occasional
occ_002298,16374,occasional
occ_002299,11879,occasional
occ_002299,11957,occasional
occ_002300,5123,occasional
occ_002300,5159,occasional
occ_002300,11879,occasional
occ_002300,11957,occasional
occ_002301,3365,occasional
occ_002301,12277,occasional
occ_002302,9854,occasional
occ_002302,12304,occasional
occ_002303,5853,occasional
occ_002303,7838,occasional
occ_002303,12393,occasional
occ_002303,17351,occasional
occ_002303,21732,occasional
occ_002304,7838,occasional
occ_002304,12393,occasional
occ_002304,17351,occasional
occ_002304,21322,occasional
occ_002304,23728,occasional
occ_002305,12505,occasional
occ_002305,17350,occasional
occ_002306,59,occasional
occ_002306,2780,occasional
occ_002306,12564,occasional
occ_002307,12629,occasional
occ_002307,16128,occasional
occ_002308,1463,occasional
occ_002308,12629,occasional
occ_002309,59,occasional
occ_002309,5147,occasional
occ_002309,12629,occasional
occ_002310,5394,occasional
occ_002310,12912,occasional
occ_002310,13494,occasional
occ_002310,16178,occasional
occ_002311,13494,occasional
occ_002311,16178,occasional
occ_002311,18898,occasional
occ_002312,13286,occasional
occ_002312,13538,occasional
occ_002313,13910,occasional
occ_002313,15713,occasional
occ_002314,14103,occasional
occ_002314,14176,occasional
occ_002315,14340,occasional
occ_002315,17622,occasional
occ_002316,10880,occasional
occ_002316,14393,occasional
occ_002317,14409,occasional
occ_002317,14589,occasional
occ_002318,14674,occasional
occ_002318,14734,occasional
occ_002319,5853,occasional
occ_002319,9030,occasional
occ_002319,14701,occasional
occ_002320,13246,occasional
occ_002320,14779,occasional
occ_002321,3145,occasional
occ_002321,14808,occasional
occ_002321,21292,occasional
occ_002321,22631,occasional
occ_002322,12505,occasional
occ_002322,15040,occasional
occ_002322,15041,occasional
occ_002323,15041,occasional
occ_002323,17350,occasional
occ_002324,7208,occasional
occ_002324,7302,occasional
occ_002324,15059,occasional
occ_002324,21292,occasional
occ_002325,11874,occasional
occ_002325,15108,occasional
occ_002326,15247,occasional
occ_002326,15315,occasional
occ_002327,15389,occasional
occ_002327,27172,occasional
occ_002328,15470,occasional
occ_002328,16026,occasional
occ_002329,15619,occasional
occ_002329,20934,occasional
occ_002330,15646,occasional
occ_002330,28431,occasional
occ_002331,15646,occasional
occ_002331,17339,occasional
occ_002331,28431,occasional
occ_002332,6457,occasional
occ_002332,15669,occasional
occ_002333,14850,occasional
occ_002333,15694,occasional
occ_002334,13386,occasional
occ_002334,15924,occasional
occ_002335,6575,occasional
occ_002335,11957,occasional
occ_002335,15924,occasional
occ_002336,6575,occasional
occ_002336,11879,occasional
occ_002336,15924,occasional
occ_002337,5123,occasional
occ_002337,5159,occasional
occ_002337,11957,occasional
occ_002337,13386,occasional
occ_002337,15924,occasional
occ_002338,16025,occasional
occ_002338,16026,occasional
occ_002339,4284,occasional
occ_002339,16400,occasional
occ_002340,14720,occasional
occ_002340,16434,occasional
occ_002341,13922,occasional
occ_002341,16637,occasional
occ_002342,16755,occasional
occ_002342,16757,occasional
occ_002343,16807,occasional
occ_002343,17964,occasional
occ_002343,26134,occasional
occ_002344,16807,occasional
occ_002344,17964,occasional
occ_002344,23891,occasional
occ_002344,26134,occasional
occ_002345,16867,occasional
occ_002345,20289,occasional
occ_002346,1126,occasional
occ_002346,17052,occasional
occ_002347,6457,occasional
occ_002347,6938,occasional
occ_002347,17064,occasional
occ_002347,17412,occasional
occ_002348,17692,occasional
occ_002348,18498,occasional
occ_002349,18031,occasional
occ_002349,30283,occasional
occ_002350,18202,occasional
occ_002350,20044,occasional
occ_002351,14230,occasional
occ_002351,18303,occasional
occ_002352,18318,occasional
occ_002352,20448,occasional
occ_002353,12409,occasional
occ_002353,18318,occasional
occ_002353,20448,occasional
occ_002354,5129,occasional
occ_002354,16807,occasional
occ_002354,18414,occasional
occ_002355,18421,occasional
occ_002355,20951,occasional
occ_002356,16178,occasional
occ_002356,18488,occasional
occ_002356,21278,occasional
occ_002357,18601,occasional
occ_002357,20258,occasional
occ_002358,13014,occasional
occ_002358,18802,occasional
occ_002358,19186,occasional
occ_002359,10243,occasional
occ_002359,18869,occasional
occ_002360,16262,occasional
occ_002360,19080,occasional
occ_002360,22750,occasional
occ_002361,19170,occasional
occ_002361,19324,occasional
occ_002362,19448,occasional
occ_002362,30283,occasional
occ_002363,19815,occasional
occ_002363,22582,occasional
occ_002364,14098,occasional
occ_002364,19940,occasional
occ_002365,4539,occasional
occ_002365,20467,occasional
occ_002366,20690,occasional
occ_002366,21020,occasional
occ_002367,20895,occasional
occ_002367,21580,occasional
occ_002368,8837,occasional
occ_002368,20990,occasional
occ_002369,21047,occasional
occ_002369,21237,occasional
occ_002370,21069,occasional
occ_002370,21086,occasional
occ_002371,12794,occasional
occ_002371,21439,occasional
occ_002372,17606,occasional
occ_002372,21489,occasional
occ_002373,10662,occasional
occ_002373,21499,occasional
occ_002374,21531,occasional
occ_002374,21636,occasional
occ_002375,43,occasional
occ_002375,11891,occasional
occ_002375,21924,occasional
occ_002375,23023,occasional
occ_002376,12912,occasional
occ_002376,22267,occasional
occ_002377,22326,occasional
occ_002377,24445,occasional
occ_002378,22005,occasional
occ_002378,22366,occasional
occ_002379,21518,occasional
occ_002379,22511,occasional
occ_002380,3145,occasional
occ_002380,22631,occasional
occ_002381,14808,occasional
occ_002381,22631,occasional
occ_002382,13084,occasional
occ_002382,22897,occasional
occ_002382,23785,occasional
occ_002383,22983,occasional
occ_002383,22986,occasional
occ_002384,13734,occasional
occ_002384,23590,occasional
occ_002385,23589,occasional
occ_002385,23612,occasional
occ_002386,579,occasional
occ_002386,23721,occasional
occ_002387,5853,occasional
occ_002387,7838,occasional
occ_002387,17351,occasional
occ_002387,23728,occasional
occ_002388,7191,occasional
occ_002388,20882,occasional
occ_002388,23919,occasional
occ_002389,10136,occasional
occ_002389,24587,occasional
occ_002390,17085,occasional
occ_002390,23705,occasional
occ_002390,24956,occasional
occ_002391,25080,occasional
occ_002391,29012,occasional
occ_002392,25399,occasional
occ_002392,26733,occasional
occ_002393,25573,occasional
occ_002393,30713,occasional
occ_002394,26189,occasional
occ_002394,26229,occasional
occ_002395,26425,occasional
occ_002395,31021,occasional
occ_002396,26554,occasional
occ_002396,26609,occasional
occ_002397,23124,occasional
occ_002397,25126,occasional
occ_002397,26672,occasional
occ_002398,7894,occasional
occ_002398,26725,occasional
occ_002399,26189,occasional
occ_002399,27057,occasional
occ_002400,27397,occasional
occ_002400,27403,occasional
occ_002400,27702,occasional
occ_002401,27397,occasional
occ_002401,27403,occasional
occ_002402,27553,occasional
occ_002402,31201,occasional
occ_002403,22750,occasional
occ_002403,27908,occasional
occ_002403,30330,occasional
occ_002404,5888,occasional
occ_002404,20872,occasional
occ_002404,27977,occasional
occ_002405,28721,occasional
occ_002405,29083,occasional
occ_002406,27863,occasional
occ_002406,28937,occasional
occ_002407,29340,occasional
occ_002407,30230,occasional
occ_002408,29449,occasional
occ_002408,30935,occasional
occ_002409,30025,occasional
occ_002409,30026,occasional
occ_002410,1,occasional
occ_002410,14462,occasional
occ_002411,47,occasional
occ_002411,23087,occasional
occ_002412,1056,occasional
occ_002412,1463,occasional
occ_002412,1596,occasional
occ_002413,2546,occasional
occ_002413,16353,occasional
occ_002414,2681,occasional
occ_002414,15795,occasional
occ_002414,17085,occasional
occ_002415,579,occasional
occ_002415,2862,occasional
occ_002416,1207,occasional
occ_002416,1208,occasional
occ_002416,1229,occasional
occ_002416,3957,occasional
occ_002416,12315,occasional
occ_002417,270,occasional
occ_002417,4011,occasional
occ_002417,14686,occasional
occ_002417,17930,occasional
occ_002418,5123,occasional
occ_002418,11879,occasional
occ_002418,11957,occasional
occ_002419,5123,occasional
occ_002419,5159,occasional
occ_002419,6575,occasional
occ_002419,13386,occasional
occ_002419,15924,occasional
occ_002420,6607,occasional
occ_002420,11891,occasional
occ_002420,21924,occasional
occ_002420,23023,occasional
occ_002420,23669,occasional
occ_002421,887,occasional
occ_002421,7142,occasional
occ_002422,7312,occasional
occ_002422,7812,occasional
occ_002423,8396,occasional
occ_002423,10273,occasional
occ_002423,10827,occasional
occ_002424,6007,occasional
occ_002424,8615,occasional
occ_002425,8952,occasional
occ_002425,10624,occasional
occ_002426,9066,occasional
occ_002426,9223,occasional
occ_002426,10917,occasional
occ_002426,16067,occasional
occ_002427,9199,occasional
occ_002427,9475,occasional
occ_002428,9497,occasional
occ_002428,9899,occasional
occ_002428,10047,occasional
occ_002428,16078,occasional
occ_002429,4787,occasional
occ_002429,9066,occasional
occ_002429,9223,occasional
occ_002429,9924,occasional
occ_002429,16067,occasional
occ_002430,3145,occasional
occ_002430,7302,occasional
occ_002430,10202,occasional
occ_002431,326,occasional
occ_002431,5973,occasional
occ_002431,9549,occasional
occ_002431,10642,occasional
occ_002432,108,occasional
occ_002432,11320,occasional
occ_002432,11765,occasional
occ_002432,11820,occasional
occ_002433,15110,occasional
occ_002433,15741,occasional
occ_002434,7288,occasional
occ_002434,15668,occasional
occ_002434,16807,occasional
occ_002434,17964,occasional
occ_002435,1378,occasional
occ_002435,17363,occasional
occ_002436,17362,occasional
occ_002436,17802,occasional
occ_002437,20125,occasional
occ_002437,20126,occasional
occ_002438,4747,occasional
occ_002438,21397,occasional
occ_002439,13095,occasional
occ_002439,22285,occasional
occ_002440,24622,occasional
occ_002440,25014,occasional
occ_002441,108,occasional
occ_002441,10662,occasional
occ_002441,11174,occasional
occ_002441,11320,occasional
occ_002442,600,occasional
occ_002442,631,occasional
occ_002443,1105,occasional
occ_002443,1890,occasional
occ_002443,5209,occasional
occ_002444,1438,occasional
occ_002444,7255,occasional
occ_002444,20283,occasional
occ_002445,2249,occasional
occ_002445,10405,occasional
occ_002445,11820,occasional
occ_002446,3110,occasional
occ_002446,3343,occasional
occ_002447,1630,occasional
occ_002447,3665,occasional
occ_002447,3909,occasional
occ_002448,5159,occasional
occ_002448,13386,occasional
occ_002448,15924,occasional
occ_002449,5853,occasional
occ_002449,7838,occasional
occ_002449,8705,occasional
occ_002449,12393,occasional
occ_002449,17351,occasional
occ_002450,8595,occasional
occ_002450,11940,occasional
occ_002451,10662,occasional
occ_002451,18693,occasional
occ_002452,10695,occasional
occ_002452,17906,occasional
occ_002453,9924,occasional
occ_002453,14766,occasional
occ_002454,15666,occasional
occ_002454,23724,occasional
occ_002455,3685,occasional
occ_002455,17235,occasional
occ_002456,16687,occasional
occ_002456,17256,occasional
occ_002456,19810,occasional
occ_002457,11042,occasional
occ_002457,12451,occasional
occ_002457,14197,occasional
occ_002457,24622,occasional
occ_002458,26425,occasional
occ_002458,31020,occasional
occ_002459,28011,occasional
occ_002459,31051,occasional
occ_002460,1,occasional
occ_002460,6457,occasional
occ_002460,8990,occasional
occ_002461,6,occasional
occ_002461,48,occasional
occ_002462,22,occasional
occ_002462,2314,occasional
occ_002462,12119,occasional
occ_002463,43,occasional
occ_002463,11891,occasional
occ_002463,23669,occasional
occ_002464,43,occasional
occ_002464,6607,occasional
occ_002464,11891,occasional
occ_002464,23023,occasional
occ_002465,51,occasional
occ_002465,4196,occasional
occ_002465,7477,occasional
occ_002466,51,occasional
occ_002466,7477,occasional
occ_002467,59,occasional
occ_002467,4884,occasional
occ_002467,5444,occasional
occ_002468,59,occasional
occ_002468,12554,occasional
occ_002469,75,occasional
occ_002469,1118,occasional
occ_002469,3783,occasional
occ_002469,8593,occasional
occ_002470,77,occasional
occ_002470,15222,occasional
occ_002471,81,occasional
occ_002471,402,occasional
occ_002471,869,occasional
occ_002472,108,occasional
occ_002472,11677,occasional
occ_002472,11765,occasional
occ_002473,108,occasional
occ_002473,11174,occasional
occ_002473,11677,occasional
occ_002474,108,occasional
occ_002474,10662,occasional
occ_002474,11765,occasional
occ_002475,108,occasional
occ_002475,10662,occasional
occ_002475,11820,occasional
occ_002476,227,occasional
occ_002476,3376,occasional
occ_002476,6849,occasional
occ_002477,227,occasional
occ_002477,3375,occasional
occ_002477,3720,occasional
occ_002478,270,occasional
occ_002478,15302,occasional
occ_002479,81,occasional
occ_002479,402,occasional
occ_002479,623,occasional
occ_002480,136,occasional
occ_002480,402,occasional
occ_002480,869,occasional
occ_002481,402,occasional
occ_002481,7154,occasional
occ_002482,402,occasional
occ_002482,7154,occasional
occ_002482,9618,occasional
occ_002483,412,occasional
occ_002483,538,occasional
occ_002484,443,occasional
occ_002484,15844,occasional
occ_002485,459,occasional
occ_002485,5699,occasional
occ_002486,483,occasional
occ_002486,12729,occasional
occ_002487,544,occasional
occ_002487,554,occasional
occ_002488,598,occasional
occ_002488,869,occasional
occ_002489,626,occasional
occ_002489,1609,occasional
occ_002489,14610,occasional
occ_002490,685,occasional
occ_002490,13907,occasional
occ_002490,29858,occasional
occ_002491,772,occasional
occ_002491,7645,occasional
occ_002492,850,occasional
occ_002492,11765,occasional
occ_002493,850,occasional
occ_002493,11174,occasional
occ_002493,11765,occasional
occ_002494,402,occasional
occ_002494,869,occasional
occ_002495,891,occasional
occ_002495,18183,occasional
occ_002496,967,occasional
occ_002496,1150,occasional
occ_002497,1069,occasional
occ_002497,1079,occasional
occ_002497,1105,occasional
occ_002498,1126,occasional
occ_002498,5259,occasional
occ_002499,1135,occasional
occ_002499,4884,occasional
occ_002500,1159,occasional
occ_002500,1223,occasional
occ_002501,1207,occasional
occ_002501,1208,occasional
occ_002501,1229,occasional
occ_002501,3957,occasional
occ_002502,1374,occasional
occ_002502,8344,occasional
occ_002503,1386,occasional
occ_002503,1393,occasional
occ_002504,1055,occasional
occ_002504,1416,occasional
occ_002504,5079,occasional
occ_002505,1435,occasional
occ_002505,7707,occasional
occ_002505,20918,occasional
occ_002506,1491,occasional
occ_002506,3640,occasional
occ_002506,4504,occasional
occ_002506,6590,occasional
occ_002507,1491,occasional
occ_002507,4504,occasional
occ_002507,6590,occasional
occ_002507,6719,occasional
occ_002508,1516,occasional
occ_002508,8330,occasional
occ_002509,1056,occasional
occ_002509,1463,occasional
occ_002509,1596,occasional
occ_002509,4094,occasional
occ_002510,1056,occasional
occ_002510,1463,occasional
occ_002510,1596,occasional
occ_002510,8332,occasional
occ_002511,1662,occasional
occ_002511,7328,occasional
occ_002512,1818,occasional
occ_002512,12398,occasional
occ_002512,12419,occasional
occ_002513,687,occasional
occ_002513,2019,occasional
occ_002513,19080,occasional
occ_002513,22750,occasional
occ_002514,2078,occasional
occ_002514,5812,occasional
occ_002514,6455,occasional
occ_002515,2346,occasional
occ_002515,13117,occasional
occ_002515,16328,occasional
occ_002516,2365,occasional
occ_002516,4674,occasional
occ_002517,2379,occasional
occ_002517,3375,occasional
occ_002517,14318,occasional
occ_002518,2412,occasional
occ_002518,3704,occasional
occ_002519,324,occasional
occ_002519,683,occasional
occ_002519,2497,occasional
occ_002520,2616,occasional
occ_002520,3100,occasional
occ_002521,1870,occasional
occ_002521,2653,occasional
occ_002522,2709,occasional
occ_002522,11662,occasional
occ_002523,2780,occasional
occ_002523,4884,occasional
occ_002523,14751,occasional
occ_002524,2790,occasional
occ_002524,15744,occasional
occ_002525,2933,occasional
occ_002525,2948,occasional
occ_002525,11696,occasional
occ_002526,2942,occasional
occ_002526,2951,occasional
occ_002527,3018,occasional
occ_002527,7954,occasional
occ_002528,2876,occasional
occ_002528,3145,occasional
occ_002528,3317,occasional
occ_002529,3145,occasional
occ_002529,7208,occasional
occ_002530,2876,occasional
occ_002530,3145,occasional
occ_002530,3317,occasional
occ_002530,5917,occasional
occ_002531,3376,occasional
occ_002531,20044,occasional
occ_002532,1908,occasional
occ_002532,3393,occasional
occ_002533,869,occasional
occ_002533,3495,occasional
occ_002534,3528,occasional
occ_002534,9195,occasional
occ_002535,3535,occasional
occ_002535,6938,occasional
occ_002535,17064,occasional
occ_002536,3604,occasional
occ_002536,8156,occasional
occ_002536,9610,occasional
occ_002537,3607,occasional
occ_002537,11520,occasional
occ_002538,3596,occasional
occ_002538,3624,occasional
occ_002538,3645,occasional
occ_002539,3491,occasional
occ_002539,3645,occasional
occ_002539,6127,occasional
occ_002540,3508,occasional
occ_002540,3624,occasional
occ_002540,3645,occasional
occ_002541,3645,occasional
occ_002541,6127,occasional
occ_002542,1775,occasional
occ_002542,3645,occasional
occ_002542,6127,occasional
occ_002543,3722,occasional
occ_002543,27907,occasional
occ_002544,2927,occasional
occ_002544,3737,occasional
occ_002545,3013,occasional
occ_002545,3783,occasional
occ_002545,6211,occasional
occ_002546,3780,occasional
occ_002546,3800,occasional
occ_002547,459,occasional
occ_002547,3803,occasional
occ_002548,3879,occasional
occ_002548,25255,occasional
occ_002548,31028,occasional
occ_002549,1630,occasional
occ_002549,3909,occasional
occ_002550,3954,occasional
occ_002550,4837,occasional
occ_002550,7160,occasional
occ_002551,3954,occasional
occ_002551,7200,occasional
occ_002551,11425,occasional
occ_002552,3954,occasional
occ_002552,5652,occasional
occ_002552,7200,occasional
occ_002553,3954,occasional
occ_002553,10171,occasional
occ_002554,3987,occasional
occ_002554,9195,occasional
occ_002555,4010,occasional
occ_002555,12093,occasional
occ_002556,270,occasional
occ_002556,4011,occasional
occ_002556,17930,occasional
occ_002557,270,occasional
occ_002557,4011,occasional
occ_002557,11949,occasional
occ_002558,4142,occasional
occ_002558,4454,occasional
occ_002559,4220,occasional
occ_002559,5972,occasional
occ_002560,4296,occasional
occ_002560,4355,occasional
occ_002561,4458,occasional
occ_002561,5384,occasional
occ_002561,20020,occasional
occ_002562,4483,occasional
occ_002562,8422,occasional
occ_002563,4491,occasional
occ_002563,4726,occasional
occ_002564,3091,occasional
occ_002564,4884,occasional
occ_002564,6689,occasional
occ_002565,4958,occasional
occ_002565,6366,occasional
occ_002566,5037,occasional
occ_002566,10084,occasional
occ_002566,10930,occasional
occ_002567,5123,occasional
occ_002567,5159,occasional
occ_002567,11972,occasional
occ_002567,15002,occasional
occ_002568,5123,occasional
occ_002568,6575,occasional
occ_002568,11879,occasional
occ_002568,15924,occasional
occ_002569,5123,occasional
occ_002569,6575,occasional
occ_002569,11879,occasional
occ_002569,16817,occasional
occ_002570,5123,occasional
occ_002570,5159,occasional
occ_002570,13386,occasional
occ_002570,16934,occasional
occ_002571,5123,occasional
occ_002571,11957,occasional
occ_002572,5123,occasional
occ_002572,6575,occasional
occ_002572,16952,occasional
occ_002573,5123,occasional
occ_002573,6575,occasional
occ_002573,11879,occasional
occ_002573,13386,occasional
occ_002573,15924,occasional
occ_002574,5123,occasional
occ_002574,11879,occasional
occ_002574,11957,occasional
occ_002574,16817,occasional
occ_002575,5123,occasional
occ_002575,6575,occasional
occ_002575,11957,occasional
occ_002575,13386,occasional
occ_002576,5123,occasional
occ_002576,6575,occasional
occ_002576,11957,occasional
occ_002576,15924,occasional
occ_002577,5129,occasional
occ_002577,12298,occasional
occ_002578,5123,occasional
occ_002578,5159,occasional
occ_002578,11320,occasional
occ_002578,11972,occasional
occ_002579,5123,occasional
occ_002579,5159,occasional
occ_002579,6575,occasional
occ_002579,13386,occasional
occ_002579,16934,occasional
occ_002580,5159,occasional
occ_002580,11879,occasional
occ_002580,15924,occasional
occ_002581,5159,occasional
occ_002581,11879,occasional
occ_002581,13386,occasional
occ_002581,15924,occasional
occ_002582,5159,occasional
occ_002582,6575,occasional
occ_002582,11879,occasional
occ_002582,11957,occasional
occ_002582,15924,occasional
occ_002583,5159,occasional
occ_002583,6575,occasional
occ_002583,13386,occasional
occ_002583,15924,occasional
occ_002584,5159,occasional
occ_002584,6575,occasional
occ_002584,11879,occasional
occ_002584,13386,occasional
occ_002585,1890,occasional
occ_002585,5209,occasional
occ_002585,8301,occasional
occ_002586,3566,occasional
occ_002586,3729,occasional
occ_002586,5370,occasional
occ_002587,2314,occasional
occ_002587,3729,occasional
occ_002587,5370,occasional
occ_002588,5380,occasional
occ_002588,8375,occasional
occ_002589,4844,occasional
occ_002589,5781,occasional
occ_002589,8807,occasional
occ_002590,4606,occasional
occ_002590,4844,occasional
occ_002590,5781,occasional
occ_002590,8807,occasional
occ_002591,5853,occasional
occ_002591,9385,occasional
occ_002591,14110,occasional
occ_002592,5853,occasional
occ_002592,12393,occasional
occ_002593,5853,occasional
occ_002593,12393,occasional
occ_002593,23728,occasional
occ_002594,5970,occasional
occ_002594,11005,occasional
occ_002595,6061,occasional
occ_002595,6116,occasional
occ_002596,6457,occasional
occ_002596,15222,occasional
occ_002597,5422,occasional
occ_002597,6458,occasional
occ_002597,8990,occasional
occ_002597,11150,occasional
occ_002598,6458,occasional
occ_002598,6460,occasional
occ_002598,8990,occasional
occ_002598,11150,occasional
occ_002599,6595,occasional
occ_002599,9433,occasional
occ_002600,179,occasional
occ_002600,1974,occasional
occ_002600,5502,occasional
occ_002600,6610,occasional
occ_002601,6007,occasional
occ_002601,7087,occasional
occ_002602,7133,occasional
occ_002602,7604,occasional
occ_002603,5968,occasional
occ_002603,7165,occasional
occ_002604,7191,occasional
occ_002604,23919,occasional
occ_002605,411,occasional
occ_002605,3640,occasional
occ_002605,7351,occasional
occ_002605,7797,occasional
occ_002606,4422,occasional
occ_002606,7400,occasional
occ_002607,5282,occasional
occ_002607,7492,occasional
occ_002608,2576,occasional
occ_002608,7604,occasional
occ_002609,7658,occasional
occ_002609,7791,occasional
occ_002610,7745,occasional
occ_002610,17870,occasional
occ_002611,7776,occasional
occ_002611,9501,occasional
occ_002612,4147,occasional
occ_002612,7838,occasional
occ_002612,10144,occasional
occ_002613,5853,occasional
occ_002613,7838,occasional
occ_002613,21732,occasional
occ_002614,5853,occasional
occ_002614,7838,occasional
occ_002614,12393,occasional
occ_002614,23728,occasional
occ_002615,7927,occasional
occ_002615,7929,occasional
occ_002616,1056,occasional
occ_002616,1596,occasional
occ_002616,4094,occasional
occ_002616,8332,occasional
occ_002617,8344,occasional
occ_002617,9421,occasional
occ_002618,8502,occasional
occ_002618,14690,occasional
occ_002619,8566,occasional
occ_002619,13160,occasional
occ_002620,75,occasional
occ_002620,1118,occasional
occ_002620,3013,occasional
occ_002620,8593,occasional
occ_002620,10708,occasional
occ_002621,8644,occasional
occ_002621,15332,occasional
occ_002622,8660,occasional
occ_002622,9484,occasional
occ_002623,8705,occasional
occ_002623,21322,occasional
occ_002623,21732,occasional
occ_002623,23728,occasional
occ_002624,5853,occasional
occ_002624,7838,occasional
occ_002624,8705,occasional
occ_002624,21322,occasional
occ_002624,23728,occasional
occ_002625,8705,occasional
occ_002625,12393,occasional
occ_002625,17351,occasional
occ_002625,21322,occasional
occ_002625,21732,occasional
occ_002626,8705,occasional
occ_002626,17351,occasional
occ_002626,21322,occasional
occ_002626,21732,occasional
occ_002626,23728,occasional
occ_002627,8705,occasional
occ_002627,12393,occasional
occ_002627,21322,occasional
occ_002627,21732,occasional
occ_002627,23728,occasional
occ_002628,8721,occasional
occ_002628,16153,occasional
occ_002629,5422,occasional
occ_002629,6458,occasional
occ_002629,6460,occasional
occ_002629,8990,occasional
occ_002630,2976,occasional
occ_002630,6458,occasional
occ_002630,8990,occasional
occ_002631,1,occasional
occ_002631,8990,occasional
occ_002632,4193,occasional
occ_002632,8990,occasional
occ_002632,11917,occasional
occ_002633,2976,occasional
occ_002633,5422,occasional
occ_002633,6458,occasional
occ_002633,8990,occasional
occ_002633,11150,occasional
occ_002634,2976,occasional
occ_002634,6458,occasional
occ_002634,8990,occasional
occ_002634,11150,occasional
occ_002635,4787,occasional
occ_002635,9066,occasional
occ_002635,9924,occasional
occ_002635,10917,occasional
occ_002635,16067,occasional
occ_002636,9066,occasional
occ_002636,9924,occasional
occ_002636,16067,occasional
occ_002637,9099,occasional
occ_002637,10376,occasional
occ_002638,6177,occasional
occ_002638,9198,occasional
occ_002639,9217,occasional
occ_002639,9448,occasional
occ_002640,9314,occasional
occ_002640,18602,occasional
occ_002641,9410,occasional
occ_002641,11912,occasional
occ_002642,9497,occasional
occ_002642,9779,occasional
occ_002642,16078,occasional
occ_002643,9528,occasional
occ_002643,11860,occasional
occ_002643,11912,occasional
occ_002644,145,occasional
occ_002644,9672,occasional
occ_002644,12968,occasional
occ_002645,145,occasional
occ_002645,9030,occasional
occ_002645,9672,occasional
occ_002645,12968,occasional
occ_002646,9859,occasional
occ_002646,31056,occasional
occ_002647,3285,occasional
occ_002647,3640,occasional
occ_002647,9901,occasional
occ_002648,967,occasional
occ_002648,6457,occasional
occ_002648,9901,occasional
occ_002649,4787,occasional
occ_002649,9066,occasional
occ_002649,9924,occasional
occ_002649,16067,occasional
occ_002650,9501,occasional
occ_002650,10047,occasional
occ_002651,9779,occasional
occ_002651,10047,occasional
occ_002651,14421,occasional
occ_002652,10133,occasional
occ_002652,10144,occasional
occ_002652,11107,occasional
occ_002653,10133,occasional
occ_002653,10147,occasional
occ_002653,20493,occasional
occ_002654,10171,occasional
occ_002654,13015,occasional
occ_002655,10171,occasional
occ_002655,13013,occasional
occ_002655,16400,occasional
occ_002656,10171,occasional
occ_002656,11936,occasional
occ_002656,13013,occasional
occ_002656,16400,occasional
occ_002657,7302,occasional
occ_002657,7696,occasional
occ_002657,10202,occasional
occ_002658,10494,occasional
occ_002658,10570,occasional
occ_002659,10586,occasional
occ_002659,12772,occasional
occ_002660,10662,occasional
occ_002660,11320,occasional
occ_002660,11820,occasional
occ_002661,10662,occasional
occ_002661,11765,occasional
occ_002661,11820,occasional
occ_002662,10662,occasional
occ_002662,11320,occasional
occ_002663,10662,occasional
occ_002663,11765,occasional
occ_002664,10662,occasional
occ_002664,11174,occasional
occ_002664,11441,occasional
occ_002664,11765,occasional
occ_002665,10662,occasional
occ_002665,11320,occasional
occ_002665,11677,occasional
occ_002665,11820,occasional
occ_002666,10869,occasional
occ_002666,10880,occasional
occ_002666,14393,occasional
occ_002667,10869,occasional
occ_002667,10880,occasional
occ_002667,10918,occasional
occ_002667,14393,occasional
occ_002667,17318,occasional
occ_002668,11032,occasional
occ_002668,15805,occasional
occ_002669,11041,occasional
occ_002669,11336,occasional
occ_002670,4193,occasional
occ_002670,11041,occasional
occ_002671,11055,occasional
occ_002671,13013,occasional
occ_002672,11174,occasional
occ_002672,11765,occasional
occ_002673,11308,occasional
occ_002673,11314,occasional
occ_002674,10662,occasional
occ_002674,11174,occasional
occ_002674,11320,occasional
occ_002674,11677,occasional
occ_002675,11336,occasional
occ_002675,13117,occasional
occ_002675,13247,occasional
occ_002676,108,occasional
occ_002676,10662,occasional
occ_002676,11441,occasional
occ_002676,11765,occasional
occ_002677,11451,occasional
occ_002677,15816,occasional
occ_002678,11473,occasional
occ_002678,28651,occasional
occ_002679,11634,occasional
occ_002679,14787,occasional
occ_002679,15702,occasional
occ_002680,108,occasional
occ_002680,10662,occasional
occ_002680,11320,occasional
occ_002680,11677,occasional
occ_002680,11820,occasional
occ_002681,5123,occasional
occ_002681,5159,occasional
occ_002681,11320,occasional
occ_002681,11677,occasional
occ_002681,11972,occasional
occ_002682,11686,occasional
occ_002682,21976,occasional
occ_002683,10869,occasional
occ_002683,10918,occasional
occ_002683,11725,occasional
occ_002684,7561,occasional
occ_002684,11731,occasional
occ_002685,11748,occasional
occ_002685,13144,occasional
occ_002686,11174,occasional
occ_002686,11320,occasional
occ_002686,11677,occasional
occ_002686,11820,occasional
occ_002687,11879,occasional
occ_002687,11957,occasional
occ_002687,13386,occasional
occ_002687,15924,occasional
occ_002688,4386,occasional
occ_002688,6762,occasional
occ_002688,11917,occasional
occ_002689,4275,occasional
occ_002689,11917,occasional
occ_002690,11917,occasional
occ_002690,24024,occasional
occ_002691,5123,occasional
occ_002691,11957,occasional
occ_002691,15924,occasional
occ_002692,11879,occasional
occ_002692,11957,occasional
occ_002692,15924,occasional
occ_002693,11644,occasional
occ_002693,12101,occasional
occ_002694,6675,occasional
occ_002694,12213,occasional
occ_002695,1207,occasional
occ_002695,12315,occasional
occ_002696,1207,occasional
occ_002696,1229,occasional
occ_002696,3957,occasional
occ_002696,12315,occasional
occ_002696,13181,occasional
occ_002697,7838,occasional
occ_002697,12393,occasional
occ_002697,23728,occasional
occ_002698,12393,occasional
occ_002698,17351,occasional
occ_002698,21322,occasional
occ_002698,21732,occasional
occ_002699,5147,occasional
occ_002699,12564,occasional
occ_002699,12629,occasional
occ_002700,3091,occasional
occ_002700,12629,occasional
occ_002701,1593,occasional
occ_002701,12849,occasional
occ_002701,16637,occasional
occ_002702,12912,occasional
occ_002702,13494,occasional
occ_002702,16178,occasional
occ_002702,18898,occasional
occ_002703,12136,occasional
occ_002703,12912,occasional
occ_002704,11336,occasional
occ_002704,13012,occasional
occ_002705,13077,occasional
occ_002705,13448,occasional
occ_002706,13097,occasional
occ_002706,16176,occasional
occ_002707,13117,occasional
occ_002707,16784,occasional
occ_002708,6575,occasional
occ_002708,11879,occasional
occ_002708,11957,occasional
occ_002708,13386,occasional
occ_002708,16952,occasional
occ_002709,10586,occasional
occ_002709,13434,occasional
occ_002710,13088,occasional
occ_002710,13440,occasional
occ_002710,16361,occasional
occ_002711,7121,occasional
occ_002711,12398,occasional
occ_002711,13570,occasional
occ_002712,7121,occasional
occ_002712,13570,occasional
occ_002713,13249,occasional
occ_002713,13623,occasional
occ_002714,13664,occasional
occ_002714,13698,occasional
occ_002715,13700,occasional
occ_002715,13825,occasional
occ_002716,1943,occasional
occ_002716,13916,occasional
occ_002717,13950,occasional
occ_002717,13962,occasional
occ_002718,13963,occasional
occ_002718,17762,occasional
occ_002719,10321,occasional
occ_002719,14267,occasional
occ_002719,14455,occasional
occ_002720,10869,occasional
occ_002720,14393,occasional
occ_002721,9556,occasional
occ_002721,14463,occasional
occ_002722,14852,occasional
occ_002722,25402,occasional
occ_002723,14913,occasional
occ_002723,15563,occasional
occ_002724,14995,occasional
occ_002724,14996,occasional
occ_002725,12505,occasional
occ_002725,15041,occasional
occ_002725,17350,occasional
occ_002726,11066,occasional
occ_002726,15538,occasional
occ_002727,10971,occasional
occ_002727,15805,occasional
occ_002728,6575,occasional
occ_002728,11879,occasional
occ_002728,15924,occasional
occ_002728,16952,occasional
occ_002729,5123,occasional
occ_002729,5159,occasional
occ_002729,15924,occasional
occ_002730,5123,occasional
occ_002730,11879,occasional
occ_002730,15924,occasional
occ_002731,15924,occasional
occ_002731,16952,occasional
occ_002732,6575,occasional
occ_002732,11879,occasional
occ_002732,11957,occasional
occ_002732,15924,occasional
occ_002733,6575,occasional
occ_002733,15924,occasional
occ_002734,5123,occasional
occ_002734,5159,occasional
occ_002734,11879,occasional
occ_002734,15924,occasional
occ_002735,5123,occasional
occ_002735,11879,occasional
occ_002735,11957,occasional
occ_002735,13386,occasional
occ_002735,15924,occasional
occ_002736,1225,occasional
occ_002736,7792,occasional
occ_002736,16043,occasional
occ_002737,11234,occasional
occ_002737,16078,occasional
occ_002738,9556,occasional
occ_002738,14463,occasional
occ_002738,16153,occasional
occ_002739,4747,occasional
occ_002739,7540,occasional
occ_002739,16232,occasional
occ_002739,16361,occasional
occ_002739,21397,occasional
occ_002740,0,occasional
occ_002740,16262,occasional
occ_002741,14462,occasional
occ_002741,16262,occasional
occ_002742,1,occasional
occ_002742,14462,occasional
occ_002742,16262,occasional
occ_002743,2019,occasional
occ_002743,16262,occasional
occ_002743,19080,occasional
occ_002743,22750,occasional
occ_002744,7110,occasional
occ_002744,16288,occasional
occ_002745,2569,occasional
occ_002745,16288,occasional
occ_002746,6457,occasional
occ_002746,16318,occasional
occ_002747,8769,occasional
occ_002747,16374,occasional
occ_002747,17187,occasional
occ_002747,17999,occasional
occ_002748,16374,occasional
occ_002748,17187,occasional
occ_002748,18896,occasional
occ_002749,13013,occasional
occ_002749,16400,occasional
occ_002750,15466,occasional
occ_002750,16421,occasional
occ_002751,16588,occasional
occ_002751,20527,occasional
occ_002752,16683,occasional
occ_002752,16774,occasional
occ_002753,17052,occasional
occ_002753,17054,occasional
occ_002754,967,occasional
occ_002754,1126,occasional
occ_002754,11905,occasional
occ_002754,17064,occasional
occ_002755,17153,occasional
occ_002755,17177,occasional
occ_002756,17333,occasional
occ_002756,29056,occasional
occ_002757,6457,occasional
occ_002757,8990,occasional
occ_002757,17412,occasional
occ_002758,2511,occasional
occ_002758,17838,occasional
occ_002759,17876,occasional
occ_002759,18874,occasional
occ_002760,15377,occasional
occ_002760,17892,occasional
occ_002761,17892,occasional
occ_002761,18421,occasional
occ_002761,20951,occasional
occ_002762,5032,occasional
occ_002762,18007,occasional
occ_002762,18008,occasional
occ_002763,16661,occasional
occ_002763,18031,occasional
occ_002763,23630,occasional
occ_002764,18045,occasional
occ_002764,29368,occasional
occ_002765,16867,occasional
occ_002765,17910,occasional
occ_002765,18046,occasional
occ_002766,5129,occasional
occ_002766,17964,occasional
occ_002766,18414,occasional
occ_002767,18414,occasional
occ_002767,24866,occasional
occ_002768,4275,occasional
occ_002768,11917,occasional
occ_002768,18698,occasional
occ_002768,21767,occasional
occ_002769,4275,occasional
occ_002769,18698,occasional
occ_002770,9689,occasional
occ_002770,18516,occasional
occ_002770,18721,occasional
occ_002770,18722,occasional
occ_002771,16374,occasional
occ_002771,18896,occasional
occ_002772,687,occasional
occ_002772,16262,occasional
occ_002772,19080,occasional
occ_002773,11204,occasional
occ_002773,19256,occasional
occ_002774,16000,occasional
occ_002774,19349,occasional
occ_002775,3566,occasional
occ_002775,17256,occasional
occ_002775,19810,occasional
occ_002776,9790,occasional
occ_002776,19813,occasional
occ_002777,4534,occasional
occ_002777,19843,occasional
occ_002778,19861,occasional
occ_002778,19874,occasional
occ_002779,20044,occasional
occ_002779,22443,occasional
occ_002779,26457,occasional
occ_002780,20811,occasional
occ_002780,21569,occasional
occ_002781,21083,occasional
occ_002781,21084,occasional
occ_002782,21083,occasional
occ_002782,21084,occasional
occ_002782,22160,occasional
occ_002783,15059,occasional
occ_002783,21292,occasional
occ_002784,7208,occasional
occ_002784,21291,occasional
occ_002784,21292,occasional
occ_002785,3145,occasional
occ_002785,21292,occasional
occ_002786,3145,occasional
occ_002786,21292,occasional
occ_002786,22631,occasional
occ_002787,14808,occasional
occ_002787,21292,occasional
occ_002788,19294,occasional
occ_002788,21335,occasional
occ_002789,21495,occasional
occ_002789,23899,occasional
occ_002790,22112,occasional
occ_002790,23758,occasional
occ_002791,5677,occasional
occ_002791,22259,occasional
occ_002792,19905,occasional
occ_002792,22429,occasional
occ_002793,11827,occasional
occ_002793,14808,occasional
occ_002793,22631,occasional
occ_002794,22816,occasional
occ_002794,22841,occasional
occ_002795,22485,occasional
occ_002795,22978,occasional
occ_002796,23023,occasional
occ_002796,23669,occasional
occ_002797,4100,occasional
occ_002797,23315,occasional
occ_002798,23590,occasional
occ_002798,24721,occasional
occ_002799,5853,occasional
occ_002799,12393,occasional
occ_002799,17351,occasional
occ_002799,21732,occasional
occ_002799,23728,occasional
occ_002800,5853,occasional
occ_002800,17351,occasional
occ_002800,23728,occasional
occ_002801,5853,occasional
occ_002801,17351,occasional
occ_002801,21322,occasional
occ_002801,23728,occasional
occ_002802,5853,occasional
occ_002802,8705,occasional
occ_002802,21322,occasional
occ_002802,23728,occasional
occ_002803,17964,occasional
occ_002803,23891,occasional
occ_002804,24018,occasional
occ_002804,24967,occasional
occ_002805,24642,occasional
occ_002805,31048,occasional
occ_002806,12343,occasional
occ_002806,24691,occasional
occ_002807,25022,occasional
occ_002807,25142,occasional
occ_002808,25064,occasional
occ_002808,25189,occasional
occ_002809,25080,occasional
occ_002809,29016,occasional
occ_002810,25782,occasional
occ_002810,25974,occasional
occ_002811,25909,occasional
occ_002811,25936,occasional
occ_002812,23941,occasional
occ_002812,25961,occasional
occ_002813,17964,occasional
occ_002813,26134,occasional
occ_002814,26111,occasional
occ_002814,26192,occasional
occ_002815,26273,occasional
occ_002815,27174,occasional
occ_002816,27243,occasional
occ_002816,27449,occasional
occ_002817,14543,occasional
occ_002817,27338,occasional
occ_002817,29559,occasional
occ_002818,27388,occasional
occ_002818,27887,occasional
occ_002819,27562,occasional
occ_002819,27715,occasional
occ_002820,24455,occasional
occ_002820,27799,occasional
occ_002821,27977,occasional
occ_002821,28277,occasional
occ_002822,6420,occasional
occ_002822,28082,occasional
occ_002823,1160,occasional
occ_002823,28151,occasional
occ_002823,31309,occasional
occ_002824,27302,occasional
occ_002824,28196,occasional
occ_002824,30030,occasional
occ_002825,29297,occasional
occ_002825,30721,occasional
occ_002826,12550,occasional
occ_002826,29820,occasional
occ_002827,27302,occasional
occ_002827,30062,occasional
occ_002828,31020,occasional
occ_002828,31021,occasional
occ_002829,75,occasional
occ_002829,1118,occasional
occ_002829,3013,occasional
occ_002829,3783,occasional
occ_002830,108,occasional
occ_002830,11677,occasional
occ_002830,11765,occasional
occ_002830,11820,occasional
occ_002831,136,occasional
occ_002831,359,occasional
occ_002831,3875,occasional
occ_002832,136,occasional
occ_002832,359,occasional
occ_002833,540,occasional
occ_002833,838,occasional
occ_002833,987,occasional
occ_002834,904,occasional
occ_002834,9654,occasional
occ_002835,1067,occasional
occ_002835,1070,occasional
occ_002836,869,occasional
occ_002836,1154,occasional
occ_002836,3495,occasional
occ_002837,1430,occasional
occ_002837,11030,occasional
occ_002838,1435,occasional
occ_002838,17262,occasional
occ_002838,20918,occasional
occ_002839,2019,occasional
occ_002839,16262,occasional
occ_002839,19080,occasional
occ_002840,2462,occasional
occ_002840,26748,occasional
occ_002841,3572,occasional
occ_002841,9817,occasional
occ_002842,1208,occasional
occ_002842,3957,occasional
occ_002843,270,occasional
occ_002843,4011,occasional
occ_002843,11949,occasional
occ_002843,14686,occasional
occ_002844,1463,occasional
occ_002844,4094,occasional
occ_002844,8332,occasional
occ_002845,579,occasional
occ_002845,4193,occasional
occ_002845,13372,occasional
occ_002846,4008,occasional
occ_002846,4998,occasional
occ_002846,5249,occasional
occ_002847,5037,occasional
occ_002847,10929,occasional
occ_002847,10930,occasional
occ_002848,5123,occasional
occ_002848,11957,occasional
occ_002848,13386,occasional
occ_002849,5123,occasional
occ_002849,11879,occasional
occ_002849,13386,occasional
occ_002849,16952,occasional
occ_002850,5123,occasional
occ_002850,5159,occasional
occ_002850,6575,occasional
occ_002850,11879,occasional
occ_002850,16934,occasional
occ_002851,5159,occasional
occ_002851,6575,occasional
occ_002851,11957,occasional
occ_002852,5123,occasional
occ_002852,5159,occasional
occ_002852,11957,occasional
occ_002853,5159,occasional
occ_002853,13386,occasional
occ_002853,16934,occasional
occ_002854,2078,occasional
occ_002854,6455,occasional
occ_002855,6457,occasional
occ_002855,6458,occasional
occ_002855,10771,occasional
occ_002855,13687,occasional
occ_002856,6499,occasional
occ_002856,7089,occasional
occ_002857,7208,occasional
occ_002857,7302,occasional
occ_002857,7326,occasional
occ_002858,1591,occasional
occ_002858,7836,occasional
occ_002859,5853,occasional
occ_002859,7838,occasional
occ_002859,8705,occasional
occ_002859,12393,occasional
occ_002859,21732,occasional
occ_002860,8073,occasional
occ_002860,9040,occasional
occ_002861,7838,occasional
occ_002861,8705,occasional
occ_002861,21322,occasional
occ_002861,23728,occasional
occ_002862,9497,occasional
occ_002862,10047,occasional
occ_002862,16078,occasional
occ_002863,9501,occasional
occ_002863,9779,occasional
occ_002863,9899,occasional
occ_002864,3145,occasional
occ_002864,7208,occasional
occ_002864,10202,occasional
occ_002865,11879,occasional
occ_002865,11957,occasional
occ_002865,13386,occasional
occ_002865,15924,occasional
occ_002865,16952,occasional
occ_002866,11320,occasional
occ_002866,11972,occasional
occ_002867,3640,occasional
occ_002867,12445,occasional
occ_002868,842,occasional
occ_002868,12716,occasional
occ_002869,12456,occasional
occ_002869,13434,occasional
occ_002870,12136,occasional
occ_002870,12912,occasional
occ_002870,13494,occasional
occ_002871,11280,occasional
occ_002871,13552,occasional
occ_002872,13718,occasional
occ_002872,17083,occasional
occ_002873,5123,occasional
occ_002873,11677,occasional
occ_002873,11972,occasional
occ_002873,15002,occasional
occ_002874,14221,occasional
occ_002874,15528,occasional
occ_002875,11234,occasional
occ_002875,15713,occasional
occ_002876,16439,occasional
occ_002876,16568,occasional
occ_002877,11030,occasional
occ_002877,17762,occasional
occ_002877,20683,occasional
occ_002878,17910,occasional
occ_002878,19397,occasional
occ_002879,18194,occasional
occ_002879,18863,occasional
occ_002879,19000,occasional
occ_002880,16699,occasional
occ_002880,18476,occasional
occ_002881,20794,occasional
occ_002881,23584,occasional
occ_002882,2681,occasional
occ_002882,15795,occasional
occ_002882,20810,occasional
occ_002883,21143,occasional
occ_002883,22796,occasional
occ_002884,4747,occasional
occ_002884,16361,occasional
occ_002884,21397,occasional
occ_002885,17992,occasional
occ_002885,21663,occasional
occ_002886,17207,occasional
occ_002886,22013,occasional
occ_002887,22217,occasional
occ_002887,27354,occasional
occ_002888,579,occasional
occ_002888,23642,occasional
occ_002889,7971,occasional
occ_002889,23696,occasional
occ_002890,6726,occasional
occ_002890,25935,occasional
occ_002890,25950,occasional
occ_002891,1907,occasional
occ_002891,2462,occasional
occ_002891,26748,occasional
occ_002892,21332,occasional
occ_002892,28175,occasional
occ_002893,16807,occasional
occ_002893,28718,occasional
occ_002894,22664,occasional
occ_002894,29656,occasional
occ_002895,12598,occasional
occ_002895,31270,occasional
occ_002896,19,occasional
occ_002896,20,occasional
occ_002896,21734,occasional
occ_002897,108,occasional
occ_002897,11320,occasional
occ_002897,11677,occasional
occ_002898,108,occasional
occ_002898,10662,occasional
occ_002898,11174,occasional
occ_002898,11677,occasional
occ_002899,519,occasional
occ_002899,2891,occasional
occ_002900,598,occasional
occ_002900,869,occasional
occ_002900,1154,occasional
occ_002901,1207,occasional
occ_002901,1208,occasional
occ_002901,3957,occasional
occ_002902,2197,occasional
occ_002902,13324,occasional
occ_002902,29890,occasional
occ_002903,2221,occasional
occ_002903,5309,occasional
occ_002904,2346,occasional
occ_002904,11336,occasional
occ_002904,16328,occasional
occ_002905,3584,occasional
occ_002905,4850,occasional
occ_002906,3729,occasional
occ_002906,8593,occasional
occ_002906,8595,occasional
occ_002907,5123,occasional
occ_002907,6999,occasional
occ_002907,11879,occasional
occ_002908,5159,occasional
occ_002908,6575,occasional
occ_002908,11879,occasional
occ_002908,11957,occasional
occ_002909,5159,occasional
occ_002909,6575,occasional
occ_002909,11879,occasional
occ_002910,5420,occasional
occ_002910,15559,occasional
occ_002911,5853,occasional
occ_002911,7838,occasional
occ_002911,23728,occasional
occ_002912,6369,occasional
occ_002912,8334,occasional
occ_002913,7110,occasional
occ_002913,8229,occasional
occ_002913,16288,occasional
occ_002914,970,occasional
occ_002914,7158,occasional
occ_002914,8178,occasional
occ_002915,7475,occasional
occ_002915,9137,occasional
occ_002916,7535,occasional
occ_002916,27397,occasional
occ_002917,8626,occasional
occ_002917,29145,occasional
occ_002918,8705,occasional
occ_002918,12393,occasional
occ_002918,21732,occasional
occ_002919,9066,occasional
occ_002919,9223,occasional
occ_002919,9924,occasional
occ_002919,10917,occasional
occ_002919,16067,occasional
occ_002920,9146,occasional
occ_002920,9335,occasional
occ_002921,4787,occasional
occ_002921,5661,occasional
occ_002921,9066,occasional
occ_002921,9223,occasional
occ_002922,9331,occasional
occ_002922,10059,occasional
occ_002923,1599,occasional
occ_002923,9438,occasional
occ_002924,10171,occasional
occ_002924,13013,occasional
occ_002924,13249,occasional
occ_002924,16400,occasional
occ_002925,4284,occasional
occ_002925,10171,occasional
occ_002925,13249,occasional
occ_002926,10497,occasional
occ_002926,11929,occasional
occ_002927,6154,occasional
occ_002927,10888,occasional
occ_002927,18898,occasional
occ_002927,23107,occasional
occ_002927,26061,occasional
occ_002928,9937,occasional
occ_002928,10888,occasional
occ_002928,23107,occasional
occ_002928,26061,occasional
occ_002929,10084,occasional
occ_002929,10929,occasional
occ_002929,10930,occasional
occ_002930,11250,occasional
occ_002930,20586,occasional
occ_002931,8172,occasional
occ_002931,11286,occasional
occ_002931,13050,occasional
occ_002932,11957,occasional
occ_002932,13386,occasional
occ_002932,15924,occasional
occ_002932,16952,occasional
occ_002933,11127,occasional
occ_002933,11905,occasional
occ_002933,14180,occasional
occ_002934,5159,occasional
occ_002934,11957,occasional
occ_002934,15924,occasional
occ_002935,14821,occasional
occ_002935,15546,occasional
occ_002935,15931,occasional
occ_002936,1502,occasional
occ_002936,12661,occasional
occ_002936,16155,occasional
occ_002937,2681,occasional
occ_002937,16178,occasional
occ_002937,18898,occasional
occ_002938,8229,occasional
occ_002938,16288,occasional
occ_002939,16661,occasional
occ_002939,17401,occasional
occ_002939,18031,occasional
occ_002939,23630,occasional
occ_002939,23726,occasional
occ_002940,17333,occasional
occ_002940,29056,occasional
occ_002940,30891,occasional
occ_002941,4510,occasional
occ_002941,17899,occasional
occ_002941,28561,occasional
occ_002942,18194,occasional
occ_002942,18863,occasional
occ_002943,18954,occasional
occ_002943,18958,occasional
occ_002944,227,occasional
occ_002944,16340,occasional
occ_002944,20044,occasional
occ_002945,21597,occasional
occ_002945,27150,occasional
occ_002946,23567,occasional
occ_002946,24200,occasional
occ_002947,22573,occasional
occ_002947,23952,occasional
occ_002948,8561,occasional
occ_002948,8612,occasional
occ_002948,24907,occasional
occ_002949,24882,occasional
occ_002949,25011,occasional
occ_002950,23124,occasional
occ_002950,24477,occasional
occ_002950,25126,occasional
occ_002951,25622,occasional
occ_002951,26200,occasional
occ_002951,26459,occasional
occ_002952,1,occasional
occ_002952,16262,occasional
occ_002953,20,occasional
occ_002953,21734,occasional
occ_002954,25,occasional
occ_002954,38,occasional
occ_002955,43,occasional
occ_002955,6607,occasional
occ_002955,21924,occasional
occ_002955,23023,occasional
occ_002956,43,occasional
occ_002956,21924,occasional
occ_002956,23023,occasional
occ_002956,23669,occasional
occ_002957,43,occasional
occ_002957,11891,occasional
occ_002957,21924,occasional
occ_002957,23669,occasional
occ_002958,75,occasional
occ_002958,465,occasional
occ_002959,75,occasional
occ_002959,3783,occasional
occ_002959,6224,occasional
occ_002959,8593,occasional
occ_002960,75,occasional
occ_002960,3013,occasional
occ_002960,3783,occasional
occ_002960,6224,occasional
occ_002960,10708,occasional
occ_002961,75,occasional
occ_002961,3013,occasional
occ_002961,8593,occasional
occ_002961,10708,occasional
occ_002962,75,occasional
occ_002962,1118,occasional
occ_002962,3013,occasional
occ_002962,6224,occasional
occ_002962,8593,occasional
occ_002963,81,occasional
occ_002963,623,occasional
occ_002964,90,occasional
occ_002964,10796,occasional
occ_002965,108,occasional
occ_002965,10662,occasional
occ_002965,11320,occasional
occ_002965,11820,occasional
occ_002966,125,occasional
occ_002966,998,occasional
occ_002967,140,occasional
occ_002967,143,occasional
occ_002968,179,occasional
occ_002968,1974,occasional
occ_002968,6610,occasional
occ_002969,258,occasional
occ_002969,3847,occasional
occ_002970,489,occasional
occ_002970,869,occasional
occ_002970,1076,occasional
occ_002971,540,occasional
occ_002971,987,occasional
occ_002971,1870,occasional
occ_002972,628,occasional
occ_002972,1531,occasional
occ_002973,81,occasional
occ_002973,643,occasional
occ_002973,2953,occasional
occ_002974,743,occasional
occ_002974,7376,occasional
occ_002974,13249,occasional
occ_002975,853,occasional
occ_002975,3338,occasional
occ_002976,867,occasional
occ_002976,3019,occasional
occ_002977,402,occasional
occ_002977,869,occasional
occ_002977,967,occasional
occ_002978,6,occasional
occ_002978,915,occasional
occ_002979,125,occasional
occ_002979,918,occasional
occ_002980,271,occasional
occ_002980,1010,occasional
occ_002981,1055,occasional
occ_002981,1056,occasional
occ_002981,3633,occasional
occ_002982,644,occasional
occ_002982,665,occasional
occ_002982,934,occasional
occ_002982,1105,occasional
occ_002983,606,occasional
occ_002983,1187,occasional
occ_002984,364,occasional
occ_002984,1190,occasional
occ_002984,3320,occasional
occ_002984,21347,occasional
occ_002985,1207,occasional
occ_002985,1229,occasional
occ_002985,3957,occasional
occ_002985,12315,occasional
occ_002986,1207,occasional
occ_002986,1208,occasional
occ_002986,1229,occasional
occ_002987,1207,occasional
occ_002987,3957,occasional
occ_002987,12315,occasional
occ_002987,13181,occasional
occ_002988,1207,occasional
occ_002988,1208,occasional
occ_002988,1229,occasional
occ_002988,13181,occasional
occ_002989,1207,occasional
occ_002989,1208,occasional
occ_002989,12315,occasional
occ_002990,1291,occasional
occ_002990,9939,occasional
occ_002991,1430,occasional
occ_002991,10732,occasional
occ_002992,1430,occasional
occ_002992,7689,occasional
occ_002992,10732,occasional
occ_002992,17762,occasional
occ_002992,23716,occasional
occ_002993,1430,occasional
occ_002993,1668,occasional
occ_002993,7689,occasional
occ_002993,17762,occasional
occ_002993,23716,occasional
occ_002994,108,occasional
occ_002994,1591,occasional
occ_002995,1056,occasional
occ_002995,1596,occasional
occ_002995,4094,occasional
occ_002996,1870,occasional
occ_002996,2653,occasional
occ_002996,3115,occasional
occ_002997,1871,occasional
occ_002997,2282,occasional
occ_002997,2848,occasional
occ_002998,1907,occasional
occ_002998,2462,occasional
occ_002999,1463,occasional
occ_002999,2036,occasional
occ_002999,2037,occasional
occ_003000,2142,occasional
occ_003000,2173,occasional
occ_003001,850,occasional
occ_003001,2249,occasional
occ_003001,10405,occasional
occ_003001,11820,occasional
occ_003002,2314,occasional
occ_003002,3566,occasional
occ_003002,12119,occasional
occ_003003,2451,occasional
occ_003003,9384,occasional
occ_003004,683,occasional
occ_003004,2497,occasional
occ_003005,2257,occasional
occ_003005,2653,occasional
occ_003006,2755,occasional
occ_003006,6406,occasional
occ_003007,2788,occasional
occ_003007,23590,occasional
occ_003008,2846,occasional
occ_003008,16573,occasional
occ_003009,2971,occasional
occ_003009,3795,occasional
occ_003010,2876,occasional
occ_003010,3145,occasional
occ_003010,4592,occasional
occ_003011,3145,occasional
occ_003011,10047,occasional
occ_003011,14808,occasional
occ_003012,3285,occasional
occ_003012,3640,occasional
occ_003012,6457,occasional
occ_003013,3285,occasional
occ_003013,4170,occasional
occ_003013,10176,occasional
occ_003013,10178,occasional
occ_003013,10182,occasional
occ_003014,3285,occasional
occ_003014,8990,occasional
occ_003015,3338,occasional
occ_003015,3875,occasional
occ_003015,18600,occasional
occ_003016,3456,occasional
occ_003016,5766,occasional
occ_003017,3491,occasional
occ_003017,3596,occasional
occ_003018,3508,occasional
occ_003018,3596,occasional
occ_003018,3645,occasional
occ_003019,3535,occasional
occ_003019,6091,occasional
occ_003019,6457,occasional
occ_003020,1379,occasional
occ_003020,3541,occasional
occ_003021,3604,occasional
occ_003021,8156,occasional
occ_003022,3640,occasional
occ_003022,6718,occasional
occ_003023,1491,occasional
occ_003023,3640,occasional
occ_003023,6719,occasional
occ_003024,3640,occasional
occ_003024,6719,occasional
occ_003024,8856,occasional
occ_003025,1229,occasional
occ_003025,3807,occasional
occ_003026,3665,occasional
occ_003026,3909,occasional
occ_003027,3954,occasional
occ_003027,9763,occasional
occ_003028,4011,occasional
occ_003028,18898,occasional
occ_003029,270,occasional
occ_003029,4011,occasional
occ_003029,14686,occasional
occ_003029,19101,occasional
occ_003030,3346,occasional
occ_003030,4146,occasional
occ_003031,4392,occasional
occ_003031,5963,occasional
occ_003032,4417,occasional
occ_003032,6207,occasional
occ_003033,4177,occasional
occ_003033,4451,occasional
occ_003034,4477,occasional
occ_003034,11522,occasional
occ_003035,4477,occasional
occ_003035,7477,occasional
occ_003035,11522,occasional
occ_003035,13117,occasional
occ_003036,4481,occasional
occ_003036,9170,occasional
occ_003037,1589,occasional
occ_003037,4674,occasional
occ_003037,15318,occasional
occ_003038,4747,occasional
occ_003038,16232,occasional
occ_003039,4220,occasional
occ_003039,4837,occasional
occ_003039,6059,occasional
occ_003040,4884,occasional
occ_003040,5735,occasional
occ_003041,5123,occasional
occ_003041,6575,occasional
occ_003041,11879,occasional
occ_003041,16817,occasional
occ_003041,16952,occasional
occ_003042,5123,occasional
occ_003042,6575,occasional
occ_003042,11957,occasional
occ_003042,13386,occasional
occ_003042,16952,occasional
occ_003043,5123,occasional
occ_003043,5159,occasional
occ_003043,13386,occasional
occ_003043,16952,occasional
occ_003044,5123,occasional
occ_003044,11879,occasional
occ_003044,11957,occasional
occ_003044,15924,occasional
occ_003045,5123,occasional
occ_003045,6575,occasional
occ_003045,13386,occasional
occ_003045,16934,occasional
occ_003046,5123,occasional
occ_003046,6575,occasional
occ_003046,16817,occasional
occ_003047,5123,occasional
occ_003047,11957,occasional
occ_003047,15924,occasional
occ_003047,16952,occasional
occ_003048,5123,occasional
occ_003048,6575,occasional
occ_003048,11879,occasional
occ_003048,13386,occasional
occ_003048,16934,occasional
occ_003049,5123,occasional
occ_003049,6575,occasional
occ_003049,11957,occasional
occ_003049,16817,occasional
occ_003050,5123,occasional
occ_003050,5159,occasional
occ_003050,6575,occasional
occ_003050,11957,occasional
occ_003050,15924,occasional
occ_003051,5138,occasional
occ_003051,7335,occasional
occ_003052,5159,occasional
occ_003052,11957,occasional
occ_003052,13386,occasional
occ_003052,15924,occasional
occ_003052,16934,occasional
occ_003053,5123,occasional
occ_003053,5159,occasional
occ_003053,11957,occasional
occ_003053,16934,occasional
occ_003054,5159,occasional
occ_003054,6575,occasional
occ_003054,15924,occasional
occ_003055,5380,occasional
occ_003055,5807,occasional
occ_003056,5380,occasional
occ_003056,5807,occasional
occ_003056,8375,occasional
occ_003056,13778,occasional
occ_003056,15075,occasional
occ_003057,5574,occasional
occ_003057,5581,occasional
occ_003058,5541,occasional
occ_003058,5664,occasional
occ_003058,7292,occasional
occ_003059,5853,occasional
occ_003059,9385,occasional
occ_003059,18257,occasional
occ_003060,5853,occasional
occ_003060,14110,occasional
occ_003061,5853,occasional
occ_003061,9325,occasional
occ_003061,10892,occasional
occ_003061,14110,occasional
occ_003062,5853,occasional
occ_003062,9325,occasional
occ_003062,9385,occasional
occ_003062,14110,occasional
occ_003063,5853,occasional
occ_003063,8385,occasional
occ_003063,14110,occasional
occ_003064,5853,occasional
occ_003064,7838,occasional
occ_003064,8705,occasional
occ_003064,21732,occasional
occ_003065,253,occasional
occ_003065,5853,occasional
occ_003065,9385,occasional
occ_003065,14110,occasional
occ_003066,6091,occasional
occ_003066,10171,occasional
occ_003067,6181,occasional
occ_003067,6341,occasional
occ_003068,6457,occasional
occ_003068,10059,occasional
occ_003069,6457,occasional
occ_003069,6458,occasional
occ_003069,10771,occasional
occ_003070,3502,occasional
occ_003070,6457,occasional
occ_003070,8990,occasional
occ_003071,6457,occasional
occ_003071,6458,occasional
occ_003071,6460,occasional
occ_003071,10771,occasional
occ_003072,2976,occasional
occ_003072,5422,occasional
occ_003072,6458,occasional
occ_003073,6458,occasional
occ_003073,6460,occasional
occ_003073,10771,occasional
occ_003074,5422,occasional
occ_003074,6458,occasional
occ_003074,6460,occasional
occ_003074,11150,occasional
occ_003075,2976,occasional
occ_003075,5422,occasional
occ_003075,6458,occasional
occ_003075,8990,occasional
occ_003076,313,occasional
occ_003076,6575,occasional
occ_003076,11879,occasional
occ_003077,6607,occasional
occ_003077,11891,occasional
occ_003077,23023,occasional
occ_003077,23669,occasional
occ_003078,43,occasional
occ_003078,6607,occasional
occ_003078,23023,occasional
occ_003079,6607,occasional
occ_003079,11891,occasional
occ_003079,21924,occasional
occ_003079,23669,occasional
occ_003080,6607,occasional
occ_003080,21924,occasional
occ_003080,23669,occasional
occ_003081,6607,occasional
occ_003081,21924,occasional
occ_003081,23023,occasional
occ_003082,43,occasional
occ_003082,6607,occasional
occ_003082,21924,occasional
occ_003083,179,occasional
occ_003083,5502,occasional
occ_003083,6610,occasional
occ_003084,683,occasional
occ_003084,6637,occasional
occ_003084,9967,occasional
occ_003085,3640,occasional
occ_003085,4504,occasional
occ_003085,6719,occasional
occ_003086,3640,occasional
occ_003086,6590,occasional
occ_003086,6719,occasional
occ_003086,8856,occasional
occ_003087,6726,occasional
occ_003087,25950,occasional
occ_003088,6762,occasional
occ_003088,6764,occasional
occ_003088,9880,occasional
occ_003088,11917,occasional
occ_003089,4386,occasional
occ_003089,5920,occasional
occ_003089,6764,occasional
occ_003089,11917,occasional
occ_003089,19163,occasional
occ_003090,4386,occasional
occ_003090,5920,occasional
occ_003090,6762,occasional
occ_003090,6764,occasional
occ_003091,6874,occasional
occ_003091,8039,occasional
occ_003092,6883,occasional
occ_003092,8191,occasional
occ_003093,7045,occasional
occ_003093,19874,occasional
occ_003094,2576,occasional
occ_003094,7133,occasional
occ_003095,7208,occasional
occ_003095,7302,occasional
occ_003095,14084,occasional
occ_003096,7351,occasional
occ_003096,7797,occasional
occ_003097,1107,occasional
occ_003097,7426,occasional
occ_003098,4477,occasional
occ_003098,7477,occasional
occ_003098,11522,occasional
occ_003099,7514,occasional
occ_003099,7540,occasional
occ_003100,4747,occasional
occ_003100,7540,occasional
occ_003100,14833,occasional
occ_003100,16361,occasional
occ_003100,21397,occasional
occ_003101,6993,occasional
occ_003101,7672,occasional
occ_003102,7696,occasional
occ_003102,8915,occasional
occ_003103,22,occasional
occ_003103,3566,occasional
occ_003103,7766,occasional
occ_003104,7838,occasional
occ_003104,12393,occasional
occ_003104,17351,occasional
occ_003104,21322,occasional
occ_003104,21732,occasional
occ_003105,7838,occasional
occ_003105,12393,occasional
occ_003105,21732,occasional
occ_003106,8149,occasional
occ_003106,14995,occasional
occ_003107,8375,occasional
occ_003107,13778,occasional
occ_003108,8510,occasional
occ_003108,8758,occasional
occ_003108,8774,occasional
occ_003109,8561,occasional
occ_003109,13625,occasional
occ_003109,24907,occasional
occ_003110,75,occasional
occ_003110,3783,occasional
occ_003110,8593,occasional
occ_003111,967,occasional
occ_003111,7766,occasional
occ_003111,8593,occasional
occ_003111,13296,occasional
occ_003112,75,occasional
occ_003112,3013,occasional
occ_003112,6224,occasional
occ_003112,8593,occasional
occ_003112,10708,occasional
occ_003113,75,occasional
occ_003113,3783,occasional
occ_003113,6224,occasional
occ_003113,8593,occasional
occ_003113,10708,occasional
occ_003114,75,occasional
occ_003114,8593,occasional
occ_003114,8595,occasional
occ_003114,11940,occasional
occ_003115,7838,occasional
occ_003115,8705,occasional
occ_003115,12393,occasional
occ_003115,21322,occasional
occ_003116,8510,occasional
occ_003116,8774,occasional
occ_003117,6458,occasional
occ_003117,8990,occasional
occ_003117,22446,occasional
occ_003118,9030,occasional
occ_003118,9672,occasional
occ_003119,253,occasional
occ_003119,4837,occasional
occ_003119,9065,occasional
occ_003120,9066,occasional
occ_003120,9223,occasional
occ_003120,9924,occasional
occ_003120,16067,occasional
occ_003121,5661,occasional
occ_003121,9066,occasional
occ_003121,9223,occasional
occ_003121,9924,occasional
occ_003121,16067,occasional
occ_003122,9273,occasional
occ_003122,24675,occasional
occ_003123,7693,occasional
occ_003123,9480,occasional
occ_003124,9496,occasional
occ_003124,15847,occasional
occ_003124,16338,occasional
occ_003124,20636,occasional
occ_003125,9528,occasional
occ_003125,11912,occasional
occ_003126,9556,occasional
occ_003126,15931,occasional
occ_003126,16153,occasional
occ_003127,9689,occasional
occ_003127,18722,occasional
occ_003128,9689,occasional
occ_003128,18516,occasional
occ_003128,18721,occasional
occ_003129,8086,occasional
occ_003129,9778,occasional
occ_003130,10094,occasional
occ_003130,10297,occasional
occ_003131,10303,occasional
occ_003131,10506,occasional
occ_003132,4286,occasional
occ_003132,10355,occasional
occ_003133,9411,occasional
occ_003133,10355,occasional
occ_003134,10405,occasional
occ_003134,11746,occasional
occ_003135,9455,occasional
occ_003135,10542,occasional
occ_003136,326,occasional
occ_003136,5973,occasional
occ_003136,10642,occasional
occ_003137,10662,occasional
occ_003137,11174,occasional
occ_003137,11677,occasional
occ_003137,11820,occasional
occ_003138,108,occasional
occ_003138,10662,occasional
occ_003138,11174,occasional
occ_003138,11820,occasional
occ_003139,10662,occasional
occ_003139,11174,occasional
occ_003139,11320,occasional
occ_003139,11820,occasional
occ_003140,75,occasional
occ_003140,1118,occasional
occ_003140,6224,occasional
occ_003140,8593,occasional
occ_003140,10708,occasional
occ_003141,1118,occasional
occ_003141,6224,occasional
occ_003141,10708,occasional
occ_003142,10754,occasional
occ_003142,16947,occasional
occ_003143,10379,occasional
occ_003143,10848,occasional
occ_003144,10084,occasional
occ_003144,10929,occasional
occ_003145,626,occasional
occ_003145,11029,occasional
occ_003146,1430,occasional
occ_003146,6514,occasional
occ_003146,11030,occasional
occ_003146,13963,occasional
occ_003147,11030,occasional
occ_003147,13963,occasional
occ_003147,20683,occasional
occ_003148,11030,occasional
occ_003148,13963,occasional
occ_003148,23329,occasional
occ_003149,10144,occasional
occ_003149,10147,occasional
occ_003149,11107,occasional
occ_003150,11127,occasional
occ_003150,14180,occasional
occ_003151,1871,occasional
occ_003151,11157,occasional
occ_003152,11174,occasional
occ_003152,11677,occasional
occ_003153,10662,occasional
occ_003153,11174,occasional
occ_003153,11320,occasional
occ_003154,11174,occasional
occ_003154,11441,occasional
occ_003154,11765,occasional
occ_003155,10662,occasional
occ_003155,11320,occasional
occ_003155,11677,occasional
occ_003156,10662,occasional
occ_003156,11174,occasional
occ_003156,11320,occasional
occ_003156,11677,occasional
occ_003156,11820,occasional
occ_003157,11336,occasional
occ_003157,16784,occasional
occ_003158,11336,occasional
occ_003158,13012,occasional
occ_003158,13117,occasional
occ_003158,16328,occasional
occ_003159,11336,occasional
occ_003159,13247,occasional
occ_003159,16784,occasional
occ_003160,11381,occasional
occ_003160,20969,occasional
occ_003161,8217,occasional
occ_003161,11424,occasional
occ_003161,12293,occasional
occ_003162,10662,occasional
occ_003162,11174,occasional
occ_003162,11441,occasional
occ_003163,10662,occasional
occ_003163,11441,occasional
occ_003163,11765,occasional
occ_003164,9435,occasional
occ_003164,10711,occasional
occ_003164,11452,occasional
occ_003165,4477,occasional
occ_003165,7477,occasional
occ_003165,11522,occasional
occ_003165,18802,occasional
occ_003166,10869,occasional
occ_003166,11725,occasional
occ_003167,10918,occasional
occ_003167,11725,occasional
occ_003168,108,occasional
occ_003168,11174,occasional
occ_003168,11441,occasional
occ_003168,11765,occasional
occ_003169,11320,occasional
occ_003169,11677,occasional
occ_003169,11765,occasional
occ_003169,11820,occasional
occ_003170,11677,occasional
occ_003170,11820,occasional
occ_003171,11730,occasional
occ_003171,11863,occasional
occ_003172,11879,occasional
occ_003172,13386,occasional
occ_003172,15924,occasional
occ_003173,5159,occasional
occ_003173,11879,occasional
occ_003173,11957,occasional
occ_003174,6575,occasional
occ_003174,11879,occasional
occ_003174,11957,occasional
occ_003174,13386,occasional
occ_003174,15924,occasional
occ_003175,4275,occasional
occ_003175,11917,occasional
occ_003175,18698,occasional
occ_003176,5920,occasional
occ_003176,6762,occasional
occ_003176,6764,occasional
occ_003176,11917,occasional
occ_003176,19163,occasional
occ_003177,4275,occasional
occ_003177,11917,occasional
occ_003177,21965,occasional
occ_003177,24024,occasional
occ_003177,24669,occasional
occ_003178,6762,occasional
occ_003178,6764,occasional
occ_003178,11917,occasional
occ_003178,19163,occasional
occ_003179,4386,occasional
occ_003179,5920,occasional
occ_003179,11917,occasional
occ_003180,4386,occasional
occ_003180,11917,occasional
occ_003180,19163,occasional
occ_003181,4275,occasional
occ_003181,11917,occasional
occ_003181,21767,occasional
occ_003181,24024,occasional
occ_003182,5159,occasional
occ_003182,11957,occasional
occ_003183,11957,occasional
occ_003183,13386,occasional
occ_003184,6575,occasional
occ_003184,11957,occasional
occ_003184,13386,occasional
occ_003185,5123,occasional
occ_003185,11879,occasional
occ_003185,11957,occasional
occ_003185,15924,occasional
occ_003185,16952,occasional
occ_003186,2695,occasional
occ_003186,11966,occasional
occ_003187,5159,occasional
occ_003187,11320,occasional
occ_003187,11972,occasional
occ_003188,3684,occasional
occ_003188,8764,occasional
occ_003188,11987,occasional
occ_003188,17164,occasional
occ_003189,3684,occasional
occ_003189,8764,occasional
occ_003189,11987,occasional
occ_003189,20987,occasional
occ_003190,3684,occasional
occ_003190,11987,occasional
occ_003190,17164,occasional
occ_003191,5093,occasional
occ_003191,12161,occasional
occ_003192,8705,occasional
occ_003192,12393,occasional
occ_003192,21322,occasional
occ_003192,23728,occasional
occ_003193,5853,occasional
occ_003193,12393,occasional
occ_003193,21322,occasional
occ_003194,8705,occasional
occ_003194,12393,occasional
occ_003194,17351,occasional
occ_003194,21732,occasional
occ_003195,12415,occasional
occ_003195,13156,occasional
occ_003196,9501,occasional
occ_003196,12419,occasional
occ_003197,12433,occasional
occ_003197,12613,occasional
occ_003198,8216,occasional
occ_003198,12638,occasional
occ_003199,12849,occasional
occ_003199,13922,occasional
occ_003200,12879,occasional
occ_003200,15747,occasional
occ_003201,12912,occasional
occ_003201,13494,occasional
occ_003201,18898,occasional
occ_003202,12912,occasional
occ_003202,18898,occasional
occ_003203,12912,occasional
occ_003203,16178,occasional
occ_003204,12136,occasional
occ_003204,12912,occasional
occ_003204,13494,occasional
occ_003204,16178,occasional
occ_003205,11336,occasional
occ_003205,13012,occasional
occ_003205,16328,occasional
occ_003206,12898,occasional
occ_003206,13172,occasional
occ_003207,13179,occasional
occ_003207,13362,occasional
occ_003207,13729,occasional
occ_003208,1229,occasional
occ_003208,3957,occasional
occ_003208,13181,occasional
occ_003209,1207,occasional
occ_003209,1229,occasional
occ_003209,3957,occasional
occ_003209,13181,occasional
occ_003210,4284,occasional
occ_003210,13249,occasional
occ_003211,4284,occasional
occ_003211,10171,occasional
occ_003211,13013,occasional
occ_003211,13249,occasional
occ_003212,4284,occasional
occ_003212,13013,occasional
occ_003212,13249,occasional
occ_003212,16400,occasional
occ_003213,11879,occasional
occ_003213,13386,occasional
occ_003214,11957,occasional
occ_003214,13386,occasional
occ_003214,16952,occasional
occ_003215,6575,occasional
occ_003215,13386,occasional
occ_003215,16934,occasional
occ_003216,11957,occasional
occ_003216,13386,occasional
occ_003216,15924,occasional
occ_003217,5123,occasional
occ_003217,5159,occasional
occ_003217,6575,occasional
occ_003217,13386,occasional
occ_003217,16952,occasional
occ_003218,7711,occasional
occ_003218,13494,occasional
occ_003218,16178,occasional
occ_003219,13546,occasional
occ_003219,15798,occasional
occ_003220,6211,occasional
occ_003220,13563,occasional
occ_003221,7376,occasional
occ_003221,13249,occasional
occ_003221,13623,occasional
occ_003222,13660,occasional
occ_003222,14293,occasional
occ_003223,3693,occasional
occ_003223,13819,occasional
occ_003224,5968,occasional
occ_003224,13963,occasional
occ_003224,17762,occasional
occ_003225,1430,occasional
occ_003225,13963,occasional
occ_003225,17762,occasional
occ_003225,20683,occasional
occ_003226,7514,occasional
occ_003226,13970,occasional
occ_003227,13999,occasional
occ_003227,28904,occasional
occ_003228,2931,occasional
occ_003228,3024,occasional
occ_003228,3958,occasional
occ_003228,14097,occasional
occ_003229,6091,occasional
occ_003229,11127,occasional
occ_003229,11905,occasional
occ_003229,14180,occasional
occ_003230,14360,occasional
occ_003230,14788,occasional
occ_003231,0,occasional
occ_003231,1,occasional
occ_003231,14462,occasional
occ_003232,12262,occasional
occ_003232,14468,occasional
occ_003233,9030,occasional
occ_003233,14701,occasional
occ_003234,11677,occasional
occ_003234,11972,occasional
occ_003234,15002,occasional
occ_003235,5159,occasional
occ_003235,11320,occasional
occ_003235,11972,occasional
occ_003235,15002,occasional
occ_003236,11207,occasional
occ_003236,15008,occasional
occ_003237,15040,occasional
occ_003237,15041,occasional
occ_003238,7208,occasional
occ_003238,7302,occasional
occ_003238,15059,occasional
occ_003238,21291,occasional
occ_003239,11874,occasional
occ_003239,15108,occasional
occ_003239,17083,occasional
occ_003240,13718,occasional
occ_003240,15108,occasional
occ_003241,4674,occasional
occ_003241,14330,occasional
occ_003241,15318,occasional
occ_003242,12741,occasional
occ_003242,15409,occasional
occ_003243,15067,occasional
occ_003243,15427,occasional
occ_003244,15466,occasional
occ_003244,16080,occasional
occ_003245,15646,occasional
occ_003245,17339,occasional
occ_003246,11879,occasional
occ_003246,15924,occasional
occ_003247,5159,occasional
occ_003247,6575,occasional
occ_003247,15924,occasional
occ_003247,16952,occasional
occ_003248,5159,occasional
occ_003248,11879,occasional
occ_003248,11957,occasional
occ_003248,13386,occasional
occ_003248,15924,occasional
occ_003249,6575,occasional
occ_003249,15924,occasional
occ_003249,16952,occasional
occ_003250,6575,occasional
occ_003250,11879,occasional
occ_003250,13386,occasional
occ_003250,15924,occasional
occ_003251,5159,occasional
occ_003251,11957,occasional
occ_003251,13386,occasional
occ_003251,15924,occasional
occ_003252,6575,occasional
occ_003252,11957,occasional
occ_003252,15924,occasional
occ_003252,16952,occasional
occ_003253,13386,occasional
occ_003253,15924,occasional
occ_003253,16952,occasional
occ_003254,5394,occasional
occ_003254,15963,occasional
occ_003255,15668,occasional
occ_003255,15983,occasional
occ_003256,568,occasional
occ_003256,1225,occasional
occ_003256,7792,occasional
occ_003256,16043,occasional
occ_003257,2288,occasional
occ_003257,7792,occasional
occ_003257,16043,occasional
occ_003258,1225,occasional
occ_003258,16043,occasional
occ_003259,1225,occasional
occ_003259,2288,occasional
occ_003259,7792,occasional
occ_003259,16043,occasional
occ_003260,12136,occasional
occ_003260,12912,occasional
occ_003260,16178,occasional
occ_003261,16199,occasional
occ_003261,16206,occasional
occ_003262,4747,occasional
occ_003262,16232,occasional
occ_003262,21397,occasional
occ_003263,497,occasional
occ_003263,16297,occasional
occ_003264,2529,occasional
occ_003264,16588,occasional
occ_003265,16661,occasional
occ_003265,17401,occasional
occ_003265,18031,occasional
occ_003265,23630,occasional
occ_003266,15668,occasional
occ_003266,16807,occasional
occ_003266,17964,occasional
occ_003267,13386,occasional
occ_003267,16934,occasional
occ_003268,5123,occasional
occ_003268,5159,occasional
occ_003268,11957,occasional
occ_003268,15924,occasional
occ_003268,16952,occasional
occ_003269,5259,occasional
occ_003269,17052,occasional
occ_003270,1,occasional
occ_003270,967,occasional
occ_003270,17064,occasional
occ_003271,967,occasional
occ_003271,1126,occasional
occ_003271,17064,occasional
occ_003272,3535,occasional
occ_003272,17064,occasional
occ_003272,17412,occasional
occ_003273,11874,occasional
occ_003273,13718,occasional
occ_003273,17083,occasional
occ_003274,4837,occasional
occ_003274,17085,occasional
occ_003275,3566,occasional
occ_003275,17256,occasional
occ_003276,10869,occasional
occ_003276,10880,occasional
occ_003276,10918,occasional
occ_003276,17318,occasional
occ_003277,10880,occasional
occ_003277,10918,occasional
occ_003277,17318,occasional
occ_003278,12393,occasional
occ_003278,17351,occasional
occ_003278,23728,occasional
occ_003279,3564,occasional
occ_003279,4903,occasional
occ_003279,17469,occasional
occ_003280,17692,occasional
occ_003280,21921,occasional
occ_003281,3971,occasional
occ_003281,17729,occasional
occ_003282,1668,occasional
occ_003282,17762,occasional
occ_003282,21767,occasional
occ_003282,23716,occasional
occ_003283,1430,occasional
occ_003283,7689,occasional
occ_003283,17762,occasional
occ_003284,18031,occasional
occ_003284,23630,occasional
occ_003284,23726,occasional
occ_003285,17910,occasional
occ_003285,18046,occasional
occ_003285,20289,occasional
occ_003286,18345,occasional
occ_003286,19371,occasional
occ_003287,18538,occasional
occ_003287,26840,occasional
occ_003288,9314,occasional
occ_003288,16486,occasional
occ_003288,18602,occasional
occ_003289,18609,occasional
occ_003289,19541,occasional
occ_003290,18624,occasional
occ_003290,18958,occasional
occ_003291,18868,occasional
occ_003291,26466,occasional
occ_003292,17187,occasional
occ_003292,18895,occasional
occ_003292,18896,occasional
occ_003293,11046,occasional
occ_003293,13494,occasional
occ_003293,18898,occasional
occ_003294,13494,occasional
occ_003294,18898,occasional
occ_003295,11046,occasional
occ_003295,16178,occasional
occ_003295,18898,occasional
occ_003296,4152,occasional
occ_003296,18929,occasional
occ_003297,9314,occasional
occ_003297,16486,occasional
occ_003297,19350,occasional
occ_003298,14802,occasional
occ_003298,18609,occasional
occ_003298,19541,occasional
occ_003299,19785,occasional
occ_003299,31286,occasional
occ_003300,20055,occasional
occ_003300,21956,occasional
occ_003300,22553,occasional
occ_003301,9672,occasional
occ_003301,20488,occasional
occ_003302,20525,occasional
occ_003302,20745,occasional
occ_003303,20800,occasional
occ_003303,23899,occasional
occ_003304,15632,occasional
occ_003304,21222,occasional
occ_003305,3145,occasional
occ_003305,14808,occasional
occ_003305,21291,occasional
occ_003306,7208,occasional
occ_003306,7302,occasional
occ_003306,21291,occasional
occ_003306,21292,occasional
occ_003307,21291,occasional
occ_003307,21292,occasional
occ_003308,4747,occasional
occ_003308,7540,occasional
occ_003308,21397,occasional
occ_003309,4747,occasional
occ_003309,7540,occasional
occ_003309,16361,occasional
occ_003309,21397,occasional
occ_003310,5734,occasional
occ_003310,21322,occasional
occ_003310,21732,occasional
occ_003311,3428,occasional
occ_003311,21782,occasional
occ_003312,20055,occasional
occ_003312,21316,occasional
occ_003312,21956,occasional
occ_003313,2314,occasional
occ_003313,22049,occasional
occ_003314,22221,occasional
occ_003314,22599,occasional
occ_003315,22259,occasional
occ_003315,27277,occasional
occ_003316,2958,occasional
occ_003316,22285,occasional
occ_003317,2958,occasional
occ_003317,13095,occasional
occ_003317,22285,occasional
occ_003318,6610,occasional
occ_003318,9013,occasional
occ_003318,22374,occasional
occ_003319,14808,occasional
occ_003319,21292,occasional
occ_003319,22631,occasional
occ_003320,21292,occasional
occ_003320,22631,occasional
occ_003321,22624,occasional
occ_003321,22643,occasional
occ_003321,22644,occasional
occ_003322,22714,occasional
occ_003322,22717,occasional
occ_003323,22714,occasional
occ_003323,22717,occasional
occ_003323,22726,occasional
occ_003324,22781,occasional
occ_003324,29623,occasional
occ_003325,22945,occasional
occ_003325,23164,occasional
occ_003326,16262,occasional
occ_003326,23705,occasional
occ_003327,16661,occasional
occ_003327,17401,occasional
occ_003327,23630,occasional
occ_003327,23726,occasional
occ_003328,7838,occasional
occ_003328,8705,occasional
occ_003328,17351,occasional
occ_003328,21732,occasional
occ_003328,23728,occasional
occ_003329,7838,occasional
occ_003329,8705,occasional
occ_003329,17351,occasional
occ_003329,21322,occasional
occ_003329,23728,occasional
occ_003330,5853,occasional
occ_003330,17351,occasional
occ_003330,21732,occasional
occ_003330,23728,occasional
occ_003331,12393,occasional
occ_003331,17351,occasional
occ_003331,21322,occasional
occ_003331,21732,occasional
occ_003331,23728,occasional
occ_003332,7838,occasional
occ_003332,17351,occasional
occ_003332,21322,occasional
occ_003332,23728,occasional
occ_003333,5853,occasional
occ_003333,12393,occasional
occ_003333,17351,occasional
occ_003333,23728,occasional
occ_003334,5853,occasional
occ_003334,8705,occasional
occ_003334,17351,occasional
occ_003334,21322,occasional
occ_003334,23728,occasional
occ_003335,16807,occasional
occ_003335,23891,occasional
occ_003336,20882,occasional
occ_003336,23919,occasional
occ_003337,24162,occasional
occ_003337,25256,occasional
occ_003338,608,occasional
occ_003338,24173,occasional
occ_003338,24243,occasional
occ_003339,24564,occasional
occ_003339,24593,occasional
occ_003340,12451,occasional
occ_003340,14197,occasional
occ_003340,24622,occasional
occ_003341,14197,occasional
occ_003341,24622,occasional
occ_003342,8590,occasional
occ_003342,12343,occasional
occ_003342,24691,occasional
occ_003343,24698,occasional
occ_003343,24705,occasional
occ_003344,15319,occasional
occ_003344,25119,occasional
occ_003345,14397,occasional
occ_003345,25119,occasional
occ_003346,10695,occasional
occ_003346,25164,occasional
occ_003347,23477,occasional
occ_003347,25184,occasional
occ_003348,4305,occasional
occ_003348,25438,occasional
occ_003349,18258,occasional
occ_003349,25908,occasional
occ_003350,25553,occasional
occ_003350,25930,occasional
occ_003351,23329,occasional
occ_003351,26211,occasional
occ_003352,26625,occasional
occ_003352,26633,occasional
occ_003352,27600,occasional
occ_003353,14441,occasional
occ_003353,26914,occasional
occ_003353,27562,occasional
occ_003354,15558,occasional
occ_003354,26273,occasional
occ_003354,27174,occasional
occ_003354,27303,occasional
occ_003355,27024,occasional
occ_003355,27263,occasional
occ_003356,27403,occasional
occ_003356,27431,occasional
occ_003357,14762,occasional
occ_003357,27852,occasional
occ_003358,28862,occasional
occ_003358,28863,occasional
occ_003358,29200,occasional
occ_003359,27462,occasional
occ_003359,28960,occasional
occ_003360,29388,occasional
occ_003360,29389,occasional
occ_003361,29913,occasional
occ_003361,30623,occasional
occ_003362,842,occasional
occ_003362,22945,occasional
occ_003362,30280,occasional
occ_003363,22750,occasional
occ_003363,30330,occasional
occ_003364,22664,occasional
occ_003364,30392,occasional
occ_003365,28844,occasional
occ_003365,31317,occasional
occ_003366,0,occasional
occ_003366,5161,occasional
occ_003366,6457,occasional
occ_003366,14462,occasional
occ_003366,17382,occasional
occ_003367,51,occasional
occ_003367,7477,occasional
occ_003367,18530,occasional
occ_003368,108,occasional
occ_003368,11765,occasional
occ_003368,11820,occasional
occ_003369,108,occasional
occ_003369,11441,occasional
occ_003369,11765,occasional
occ_003370,326,occasional
occ_003370,9549,occasional
occ_003370,10642,occasional
occ_003371,136,occasional
occ_003371,489,occasional
occ_003371,869,occasional
occ_003371,1076,occasional
occ_003372,493,occasional
occ_003372,3706,occasional
occ_003373,568,occasional
occ_003373,2533,occasional
occ_003373,6804,occasional
occ_003373,7792,occasional
occ_003373,7987,occasional
occ_003374,598,occasional
occ_003374,869,occasional
occ_003374,3495,occasional
occ_003375,687,occasional
occ_003375,2019,occasional
occ_003375,19080,occasional
occ_003376,540,occasional
occ_003376,838,occasional
occ_003377,853,occasional
occ_003377,26906,occasional
occ_003378,1109,occasional
occ_003378,13592,occasional
occ_003379,1207,occasional
occ_003379,1208,occasional
occ_003379,1229,occasional
occ_003379,12315,occasional
occ_003380,1208,occasional
occ_003380,1229,occasional
occ_003380,3957,occasional
occ_003380,12315,occasional
occ_003380,13181,occasional
occ_003381,1630,occasional
occ_003381,3665,occasional
occ_003382,1974,occasional
occ_003382,6610,occasional
occ_003383,1871,occasional
occ_003383,2047,occasional
occ_003384,2197,occasional
occ_003384,29890,occasional
occ_003385,2341,occasional
occ_003385,2933,occasional
occ_003386,540,occasional
occ_003386,1870,occasional
occ_003386,2257,occasional
occ_003386,2653,occasional
occ_003387,2755,occasional
occ_003387,14610,occasional
occ_003388,2282,occasional
occ_003388,2847,occasional
occ_003388,2848,occasional
occ_003389,3013,occasional
occ_003389,3783,occasional
occ_003389,5826,occasional
occ_003390,3019,occasional
occ_003390,8668,occasional
occ_003391,3145,occasional
occ_003391,21291,occasional
occ_003392,2379,occasional
occ_003392,3720,occasional
occ_003393,4100,occasional
occ_003393,21129,occasional
occ_003394,4477,occasional
occ_003394,7477,occasional
occ_003395,4629,occasional
occ_003395,4889,occasional
occ_003396,869,occasional
occ_003396,1154,occasional
occ_003396,4655,occasional
occ_003397,4682,occasional
occ_003397,8990,occasional
occ_003398,915,occasional
occ_003398,4723,occasional
occ_003399,1806,occasional
occ_003399,3535,occasional
occ_003399,4790,occasional
occ_003399,11486,occasional
occ_003400,5123,occasional
occ_003400,6575,occasional
occ_003400,13386,occasional
occ_003400,15924,occasional
occ_003400,16952,occasional
occ_003401,5123,occasional
occ_003401,13386,occasional
occ_003401,16934,occasional
occ_003402,5123,occasional
occ_003402,6575,occasional
occ_003402,16817,occasional
occ_003402,16952,occasional
occ_003403,5123,occasional
occ_003403,6575,occasional
occ_003403,13386,occasional
occ_003403,16952,occasional
occ_003404,5159,occasional
occ_003404,15924,occasional
occ_003404,16952,occasional
occ_003405,5123,occasional
occ_003405,5159,occasional
occ_003405,13386,occasional
occ_003405,15924,occasional
occ_003405,16934,occasional
occ_003406,5252,occasional
occ_003406,5289,occasional
occ_003407,1056,occasional
occ_003407,5452,occasional
occ_003408,4970,occasional
occ_003408,5486,occasional
occ_003409,5524,occasional
occ_003409,5827,occasional
occ_003410,5853,occasional
occ_003410,7838,occasional
occ_003410,21732,occasional
occ_003410,23728,occasional
occ_003411,5853,occasional
occ_003411,8385,occasional
occ_003411,9325,occasional
occ_003411,9385,occasional
occ_003411,10892,occasional
occ_003412,5853,occasional
occ_003412,9325,occasional
occ_003412,9385,occasional
occ_003412,10892,occasional
occ_003413,2876,occasional
occ_003413,5917,occasional
occ_003414,5071,occasional
occ_003414,6073,occasional
occ_003415,6091,occasional
occ_003415,13249,occasional
occ_003416,19,occasional
occ_003416,6303,occasional
occ_003417,6166,occasional
occ_003417,6181,occasional
occ_003417,6341,occasional
occ_003418,6499,occasional
occ_003418,15300,occasional
occ_003418,26911,occasional
occ_003419,6575,occasional
occ_003419,16952,occasional
occ_003420,4504,occasional
occ_003420,6719,occasional
occ_003421,7063,occasional
occ_003421,7288,occasional
occ_003422,4422,occasional
occ_003422,7696,occasional
occ_003422,11730,occasional
occ_003423,7787,occasional
occ_003423,10774,occasional
occ_003423,10934,occasional
occ_003424,7351,occasional
occ_003424,7797,occasional
occ_003424,8528,occasional
occ_003425,8817,occasional
occ_003425,30000,occasional
occ_003426,8843,occasional
occ_003426,20032,occasional
occ_003427,5661,occasional
occ_003427,9066,occasional
occ_003427,9223,occasional
occ_003427,9924,occasional
occ_003427,10917,occasional
occ_003428,5661,occasional
occ_003428,9066,occasional
occ_003428,9223,occasional
occ_003428,10917,occasional
occ_003429,9410,occasional
occ_003429,11860,occasional
occ_003430,9496,occasional
occ_003430,16338,occasional
occ_003430,20636,occasional
occ_003430,20708,occasional
occ_003431,10171,occasional
occ_003431,13013,occasional
occ_003431,13249,occasional
occ_003432,1831,occasional
occ_003432,10178,occasional
occ_003432,10182,occasional
occ_003433,7208,occasional
occ_003433,10202,occasional
occ_003434,10107,occasional
occ_003434,10263,occasional
occ_003435,10355,occasional
occ_003435,11746,occasional
occ_003436,9411,occasional
occ_003436,10355,occasional
occ_003436,10405,occasional
occ_003437,10386,occasional
occ_003437,10387,occasional
occ_003437,10421,occasional
occ_003438,108,occasional
occ_003438,10662,occasional
occ_003438,11677,occasional
occ_003438,11820,occasional
occ_003439,1118,occasional
occ_003439,3783,occasional
occ_003439,6224,occasional
occ_003439,10708,occasional
occ_003440,5123,occasional
occ_003440,11320,occasional
occ_003440,11677,occasional
occ_003440,11972,occasional
occ_003440,15002,occasional
occ_003441,11336,occasional
occ_003441,12542,occasional
occ_003441,13117,occasional
occ_003442,11765,occasional
occ_003442,11820,occasional
occ_003443,5159,occasional
occ_003443,6575,occasional
occ_003443,11879,occasional
occ_003443,11957,occasional
occ_003443,13386,occasional
occ_003444,5920,occasional
occ_003444,9880,occasional
occ_003444,11917,occasional
occ_003445,11917,occasional
occ_003445,18698,occasional
occ_003445,24024,occasional
occ_003446,11879,occasional
occ_003446,11957,occasional
occ_003446,13386,occasional
occ_003447,11879,occasional
occ_003447,11957,occasional
occ_003447,16952,occasional
occ_003448,11957,occasional
occ_003448,16952,occasional
occ_003449,10405,occasional
occ_003449,10662,occasional
occ_003449,11320,occasional
occ_003449,11972,occasional
occ_003450,1020,occasional
occ_003450,3684,occasional
occ_003450,8764,occasional
occ_003450,11987,occasional
occ_003451,7711,occasional
occ_003451,12136,occasional
occ_003451,12912,occasional
occ_003451,13494,occasional
occ_003452,11011,occasional
occ_003452,12163,occasional
occ_003453,5853,occasional
occ_003453,7838,occasional
occ_003453,12393,occasional
occ_003453,21322,occasional
occ_003453,23728,occasional
occ_003454,6457,occasional
occ_003454,12622,occasional
occ_003454,14686,occasional
occ_003455,5123,occasional
occ_003455,11957,occasional
occ_003455,13386,occasional
occ_003455,15924,occasional
occ_003456,13249,occasional
occ_003456,13623,occasional
occ_003456,20077,occasional
occ_003457,743,occasional
occ_003457,13249,occasional
occ_003457,13623,occasional
occ_003458,743,occasional
occ_003458,5483,occasional
occ_003458,13249,occasional
occ_003458,13623,occasional
occ_003458,20077,occasional
occ_003459,13919,occasional
occ_003459,23716,occasional
occ_003460,3674,occasional
occ_003460,14221,occasional
occ_003460,15528,occasional
occ_003461,13789,occasional
occ_003461,14265,occasional
occ_003462,5159,occasional
occ_003462,11879,occasional
occ_003462,15924,occasional
occ_003462,16934,occasional
occ_003463,9556,occasional
occ_003463,16153,occasional
occ_003464,16486,occasional
occ_003464,19350,occasional
occ_003465,16687,occasional
occ_003465,17256,occasional
occ_003465,17509,occasional
occ_003466,13247,occasional
occ_003466,16784,occasional
occ_003467,16807,occasional
occ_003467,17964,occasional
occ_003467,23891,occasional
occ_003468,6575,occasional
occ_003468,16934,occasional
occ_003469,967,occasional
occ_003469,6091,occasional
occ_003469,14180,occasional
occ_003469,17064,occasional
occ_003470,967,occasional
occ_003470,1126,occasional
occ_003470,11127,occasional
occ_003470,11905,occasional
occ_003470,17064,occasional
occ_003471,11874,occasional
occ_003471,13718,occasional
occ_003471,15108,occasional
occ_003471,17083,occasional
occ_003472,3535,occasional
occ_003472,6457,occasional
occ_003472,17412,occasional
occ_003473,1430,occasional
occ_003473,13963,occasional
occ_003473,17762,occasional
occ_003474,12841,occasional
occ_003474,17819,occasional
occ_003475,17898,occasional
occ_003475,18131,occasional
occ_003476,17899,occasional
occ_003476,28561,occasional
occ_003477,5032,occasional
occ_003477,18008,occasional
occ_003478,8001,occasional
occ_003478,18073,occasional
occ_003479,14309,occasional
occ_003479,18244,occasional
occ_003480,18308,occasional
occ_003480,21001,occasional
occ_003481,11917,occasional
occ_003481,18698,occasional
occ_003481,21767,occasional
occ_003481,24024,occasional
occ_003482,18516,occasional
occ_003482,18721,occasional
occ_003483,6457,occasional
occ_003483,19911,occasional
occ_003484,1608,occasional
occ_003484,19973,occasional
occ_003485,20053,occasional
occ_003485,20054,occasional
occ_003486,20974,occasional
occ_003486,21300,occasional
occ_003486,25445,occasional
occ_003487,5729,occasional
occ_003487,21196,occasional
occ_003488,364,occasional
occ_003488,3320,occasional
occ_003488,21347,occasional
occ_003489,21322,occasional
occ_003489,21732,occasional
occ_003490,8911,occasional
occ_003490,22006,occasional
occ_003491,22318,occasional
occ_003491,28881,occasional
occ_003492,22624,occasional
occ_003492,22643,occasional
occ_003493,13355,occasional
occ_003493,22636,occasional
occ_003494,23341,occasional
occ_003494,23444,occasional
occ_003495,23324,occasional
occ_003495,23383,occasional
occ_003496,23642,occasional
occ_003496,23721,occasional
occ_003497,15625,occasional
occ_003497,23984,occasional
occ_003498,23124,occasional
occ_003498,24477,occasional
occ_003498,26672,occasional
occ_003499,16643,occasional
occ_003499,24623,occasional
occ_003499,24624,occasional
occ_003500,24860,occasional
occ_003500,27954,occasional
occ_003501,25296,occasional
occ_003501,25297,occasional
occ_003502,4248,occasional
occ_003502,10321,occasional
occ_003502,14267,occasional
occ_003502,14455,occasional
occ_003502,25851,occasional
occ_003503,26147,occasional
occ_003503,26388,occasional
occ_003504,24455,occasional
occ_003504,26437,occasional
occ_003505,26506,occasional
occ_003505,26523,occasional
occ_003506,14766,occasional
occ_003506,18963,occasional
occ_003506,23216,occasional
occ_003506,26588,occasional
occ_003507,27077,occasional
occ_003507,31264,occasional
occ_003508,27680,occasional
occ_003508,28582,occasional
occ_003509,28027,occasional
occ_003509,28273,occasional
occ_003510,16828,occasional
occ_003510,29199,occasional
occ_003511,29280,occasional
occ_003511,29296,occasional
occ_003512,8115,occasional
occ_003512,31132,occasional
occ_003513,7184,occasional
occ_003513,31238,occasional
occ_003514,31256,occasional
occ_003514,31291,occasional
occ_003515,7,occasional
occ_003515,8,occasional
occ_003516,22,occasional
occ_003516,2314,occasional
occ_003516,7766,occasional
occ_003517,51,occasional
occ_003517,4196,occasional
occ_003517,7477,occasional
occ_003517,18530,occasional
occ_003518,75,occasional
occ_003518,3013,occasional
occ_003518,8593,occasional
occ_003519,81,occasional
occ_003519,1041,occasional
occ_003519,7030,occasional
occ_003520,108,occasional
occ_003520,11320,occasional
occ_003520,11765,occasional
occ_003521,114,occasional
occ_003521,5719,occasional
occ_003521,15215,occasional
occ_003522,179,occasional
occ_003522,6610,occasional
occ_003523,540,occasional
occ_003523,987,occasional
occ_003523,2257,occasional
occ_003524,540,occasional
occ_003524,838,occasional
occ_003524,1870,occasional
occ_003525,568,occasional
occ_003525,2533,occasional
occ_003525,6804,occasional
occ_003525,16043,occasional
occ_003526,626,occasional
occ_003526,14610,occasional
occ_003527,687,occasional
occ_003527,2019,occasional
occ_003528,687,occasional
occ_003528,2019,occasional
occ_003528,22750,occasional
occ_003529,708,occasional
occ_003529,4109,occasional
occ_003530,743,occasional
occ_003530,5483,occasional
occ_003530,7376,occasional
occ_003531,136,occasional
occ_003531,869,occasional
occ_003532,967,occasional
occ_003532,11905,occasional
occ_003532,17064,occasional
occ_003533,890,occasional
occ_003533,984,occasional
occ_003534,838,occasional
occ_003534,987,occasional
occ_003534,2257,occasional
occ_003534,2653,occasional
occ_003535,992,occasional
occ_003535,20918,occasional
occ_003536,987,occasional
occ_003536,1014,occasional
occ_003537,1067,occasional
occ_003537,1748,occasional
occ_003538,1184,occasional
occ_003538,1463,occasional
occ_003539,1207,occasional
occ_003539,1208,occasional
occ_003539,3957,occasional
occ_003539,13181,occasional
occ_003540,1207,occasional
occ_003540,12315,occasional
occ_003540,13181,occasional
occ_003541,1218,occasional
occ_003541,1222,occasional
occ_003542,1394,occasional
occ_003542,1456,occasional
occ_003543,1491,occasional
occ_003543,4504,occasional
occ_003543,8856,occasional
occ_003544,1491,occasional
occ_003544,4504,occasional
occ_003544,6590,occasional
occ_003545,1491,occasional
occ_003545,3640,occasional
occ_003545,4504,occasional
occ_003545,8856,occasional
occ_003546,1668,occasional
occ_003546,4275,occasional
occ_003546,21767,occasional
occ_003547,1789,occasional
occ_003547,17363,occasional
occ_003548,1916,occasional
occ_003548,2472,occasional
occ_003548,7485,occasional
occ_003549,662,occasional
occ_003549,1960,occasional
occ_003550,2009,occasional
occ_003550,2841,occasional
occ_003551,687,occasional
occ_003551,2019,occasional
occ_003551,16262,occasional
occ_003551,22750,occasional
occ_003552,2108,occasional
occ_003552,17265,occasional
occ_003553,1399,occasional
occ_003553,2172,occasional
occ_003554,2314,occasional
occ_003554,16687,occasional
occ_003555,2346,occasional
occ_003555,13012,occasional
occ_003555,13117,occasional
occ_003555,16328,occasional
occ_003556,2569,occasional
occ_003556,8229,occasional
occ_003557,2677,occasional
occ_003557,9674,occasional
occ_003558,1871,occasional
occ_003558,2848,occasional
occ_003559,75,occasional
occ_003559,3013,occasional
occ_003559,3783,occasional
occ_003560,3285,occasional
occ_003560,6457,occasional
occ_003560,9901,occasional
occ_003561,3295,occasional
occ_003561,11834,occasional
occ_003562,3600,occasional
occ_003562,8938,occasional
occ_003563,3607,occasional
occ_003563,8673,occasional
occ_003563,11520,occasional
occ_003564,3640,occasional
occ_003564,4504,occasional
occ_003564,6590,occasional
occ_003564,6719,occasional
occ_003564,8856,occasional
occ_003565,3013,occasional
occ_003565,3396,occasional
occ_003565,3783,occasional
occ_003566,3013,occasional
occ_003566,3396,occasional
occ_003566,3783,occasional
occ_003566,5826,occasional
occ_003566,6211,occasional
occ_003567,3338,occasional
occ_003567,3875,occasional
occ_003568,3528,occasional
occ_003568,3987,occasional
occ_003569,270,occasional
occ_003569,4011,occasional
occ_003569,17930,occasional
occ_003569,19101,occasional
occ_003570,270,occasional
occ_003570,4011,occasional
occ_003570,19101,occasional
occ_003571,4011,occasional
occ_003571,20393,occasional
occ_003572,1056,occasional
occ_003572,1463,occasional
occ_003572,4094,occasional
occ_003572,8332,occasional
occ_003573,1056,occasional
occ_003573,4094,occasional
occ_003573,8332,occasional
occ_003574,4193,occasional
occ_003574,8990,occasional
occ_003574,11041,occasional
occ_003575,4296,occasional
occ_003575,6540,occasional
occ_003576,4422,occasional
occ_003576,7447,occasional
occ_003577,4491,occasional
occ_003577,5155,occasional
occ_003578,4747,occasional
occ_003578,7540,occasional
occ_003578,14833,occasional
occ_003578,21397,occasional
occ_003579,4863,occasional
occ_003579,4865,occasional
occ_003580,3091,occasional
occ_003580,4884,occasional
occ_003580,5444,occasional
occ_003581,5123,occasional
occ_003581,11879,occasional
occ_003581,11957,occasional
occ_003581,16817,occasional
occ_003581,16952,occasional
occ_003582,5123,occasional
occ_003582,13386,occasional
occ_003582,15924,occasional
occ_003582,16934,occasional
occ_003583,5123,occasional
occ_003583,6575,occasional
occ_003583,11879,occasional
occ_003583,13386,occasional
occ_003583,16952,occasional
occ_003584,5123,occasional
occ_003584,6575,occasional
occ_003584,6999,occasional
occ_003585,5123,occasional
occ_003585,5159,occasional
occ_003585,11957,occasional
occ_003585,13386,occasional
occ_003585,16952,occasional
occ_003586,5123,occasional
occ_003586,6575,occasional
occ_003586,11879,occasional
occ_003586,16952,occasional
occ_003587,5123,occasional
occ_003587,11957,occasional
occ_003587,16817,occasional
occ_003587,16952,occasional
occ_003588,5123,occasional
occ_003588,6575,occasional
occ_003588,11957,occasional
occ_003588,16952,occasional
occ_003589,5123,occasional
occ_003589,6575,occasional
occ_003589,16934,occasional
occ_003590,5123,occasional
occ_003590,11879,occasional
occ_003590,16952,occasional
occ_003591,5123,occasional
occ_003591,6575,occasional
occ_003591,11879,occasional
occ_003591,15924,occasional
occ_003591,16952,occasional
occ_003592,313,occasional
occ_003592,5123,occasional
occ_003592,11879,occasional
occ_003593,5123,occasional
occ_003593,6575,occasional
occ_003593,11879,occasional
occ_003593,11957,occasional
occ_003593,16934,occasional
occ_003594,5159,occasional
occ_003594,6575,occasional
occ_003594,13386,occasional
occ_003594,16952,occasional
occ_003595,5123,occasional
occ_003595,5159,occasional
occ_003595,6575,occasional
occ_003595,16934,occasional
occ_003596,5159,occasional
occ_003596,6575,occasional
occ_003596,11957,occasional
occ_003596,13386,occasional
occ_003597,5159,occasional
occ_003597,11957,occasional
occ_003597,13386,occasional
occ_003598,5123,occasional
occ_003598,5159,occasional
occ_003598,6575,occasional
occ_003598,11957,occasional
occ_003598,16952,occasional
occ_003599,5123,occasional
occ_003599,5159,occasional
occ_003599,11879,occasional
occ_003599,15924,occasional
occ_003599,16934,occasional
occ_003600,5159,occasional
occ_003600,6575,occasional
occ_003600,11957,occasional
occ_003600,16952,occasional
occ_003601,5159,occasional
occ_003601,11879,occasional
occ_003601,13386,occasional
occ_003601,16934,occasional
occ_003602,5123,occasional
occ_003602,5159,occasional
occ_003602,16934,occasional
occ_003603,5159,occasional
occ_003603,6575,occasional
occ_003603,13386,occasional
occ_003603,16934,occasional
occ_003604,5159,occasional
occ_003604,6575,occasional
occ_003605,507,occasional
occ_003605,5334,occasional
occ_003606,4146,occasional
occ_003606,5369,occasional
occ_003607,5754,occasional
occ_003607,6567,occasional
occ_003608,5781,occasional
occ_003608,10098,occasional
occ_003608,13518,occasional
occ_003608,15334,occasional
occ_003609,5781,occasional
occ_003609,13518,occasional
occ_003609,15334,occasional
occ_003609,17549,occasional
occ_003610,5800,occasional
occ_003610,5805,occasional
occ_003611,5853,occasional
occ_003611,12393,occasional
occ_003611,17351,occasional
occ_003611,21322,occasional
occ_003612,5853,occasional
occ_003612,9385,occasional
occ_003612,10892,occasional
occ_003613,5853,occasional
occ_003613,8385,occasional
occ_003613,9385,occasional
occ_003614,3091,occasional
occ_003614,5870,occasional
occ_003615,4386,occasional
occ_003615,5920,occasional
occ_003615,6764,occasional
occ_003615,9880,occasional
occ_003615,11917,occasional
occ_003616,4220,occasional
occ_003616,4837,occasional
occ_003616,6059,occasional
occ_003616,22155,occasional
occ_003617,6137,occasional
occ_003617,6138,occasional
occ_003618,5970,occasional
occ_003618,6221,occasional
occ_003619,3013,occasional
occ_003619,3783,occasional
occ_003619,6224,occasional
occ_003619,10708,occasional
occ_003620,6458,occasional
occ_003620,8101,occasional
occ_003620,8990,occasional
occ_003621,5422,occasional
occ_003621,6460,occasional
occ_003621,8990,occasional
occ_003622,6575,occasional
occ_003622,11957,occasional
occ_003622,16952,occasional
occ_003623,5159,occasional
occ_003623,6575,occasional
occ_003623,13386,occasional
occ_003624,5123,occasional
occ_003624,6575,occasional
occ_003624,11879,occasional
occ_003624,16934,occasional
occ_003625,5159,occasional
occ_003625,6575,occasional
occ_003625,13386,occasional
occ_003625,15924,occasional
occ_003625,16934,occasional
occ_003626,43,occasional
occ_003626,6607,occasional
occ_003626,23669,occasional
occ_003627,6607,occasional
occ_003627,21924,occasional
occ_003627,23023,occasional
occ_003627,23669,occasional
occ_003628,6617,occasional
occ_003628,6919,occasional
occ_003629,6718,occasional
occ_003629,7173,occasional
occ_003630,3640,occasional
occ_003630,4504,occasional
occ_003630,6719,occasional
occ_003630,8856,occasional
occ_003631,1491,occasional
occ_003631,3640,occasional
occ_003631,6719,occasional
occ_003631,8856,occasional
occ_003632,4504,occasional
occ_003632,6719,occasional
occ_003632,8856,occasional
occ_003633,6739,occasional
occ_003633,16628,occasional
occ_003634,6789,occasional
occ_003634,9438,occasional
occ_003635,81,occasional
occ_003635,7030,occasional
occ_003636,7140,occasional
occ_003636,24455,occasional
occ_003637,7154,occasional
occ_003637,9618,occasional
occ_003638,7180,occasional
occ_003638,8774,occasional
occ_003639,3954,occasional
occ_003639,7200,occasional
occ_003639,24956,occasional
occ_003640,7200,occasional
occ_003640,10171,occasional
occ_003641,6904,occasional
occ_003641,7420,occasional
occ_003642,4477,occasional
occ_003642,7477,occasional
occ_003642,21793,occasional
occ_003643,6287,occasional
occ_003643,7565,occasional
occ_003644,7671,occasional
occ_003644,7683,occasional
occ_003645,7766,occasional
occ_003645,8593,occasional
occ_003645,13296,occasional
occ_003646,5853,occasional
occ_003646,7838,occasional
occ_003646,8705,occasional
occ_003646,17351,occasional
occ_003646,21732,occasional
occ_003647,5853,occasional
occ_003647,7838,occasional
occ_003647,17351,occasional
occ_003647,21322,occasional
occ_003647,23728,occasional
occ_003648,7838,occasional
occ_003648,12393,occasional
occ_003648,17351,occasional
occ_003648,21732,occasional
occ_003648,23728,occasional
occ_003649,7959,occasional
occ_003649,22898,occasional
occ_003650,3604,occasional
occ_003650,8156,occasional
occ_003650,11286,occasional
occ_003651,8510,occasional
occ_003651,8774,occasional
occ_003651,11098,occasional
occ_003652,8570,occasional
occ_003652,13160,occasional
occ_003653,8590,occasional
occ_003653,12343,occasional
occ_003654,75,occasional
occ_003654,3013,occasional
occ_003654,3783,occasional
occ_003654,6224,occasional
occ_003654,8593,occasional
occ_003655,75,occasional
occ_003655,3013,occasional
occ_003655,3783,occasional
occ_003655,8593,occasional
occ_003655,10708,occasional
occ_003656,8705,occasional
occ_003656,12393,occasional
occ_003656,17351,occasional
occ_003656,21322,occasional
occ_003656,23728,occasional
occ_003657,8705,occasional
occ_003657,12393,occasional
occ_003657,17351,occasional
occ_003657,21322,occasional
occ_003658,8771,occasional
occ_003658,24642,occasional
occ_003659,8771,occasional
occ_003659,27003,occasional
occ_003660,8791,occasional
occ_003660,14762,occasional
occ_003661,3285,occasional
occ_003661,8990,occasional
occ_003661,17412,occasional
occ_003662,1,occasional
occ_003662,1798,occasional
occ_003662,8990,occasional
occ_003663,2976,occasional
occ_003663,6458,occasional
occ_003663,6460,occasional
occ_003663,8990,occasional
occ_003663,11150,occasional
occ_003664,9066,occasional
occ_003664,9924,occasional
occ_003664,10917,occasional
occ_003664,16067,occasional
occ_003665,4787,occasional
occ_003665,5661,occasional
occ_003665,9066,occasional
occ_003665,9924,occasional
occ_003665,16067,occasional
occ_003666,4787,occasional
occ_003666,9066,occasional
occ_003666,9223,occasional
occ_003666,16067,occasional
occ_003667,4787,occasional
occ_003667,5661,occasional
occ_003667,9066,occasional
occ_003667,9223,occasional
occ_003667,16067,occasional
occ_003668,5661,occasional
occ_003668,9066,occasional
occ_003668,9223,occasional
occ_003668,16067,occasional
occ_003669,9411,occasional
occ_003669,10355,occasional
occ_003669,11746,occasional
occ_003670,9497,occasional
occ_003670,9899,occasional
occ_003670,10047,occasional
occ_003671,9501,occasional
occ_003671,11337,occasional
occ_003672,9779,occasional
occ_003672,9899,occasional
occ_003672,10047,occasional
occ_003672,16078,occasional
occ_003673,10004,occasional
occ_003673,15199,occasional
occ_003674,9497,occasional
occ_003674,9779,occasional
occ_003674,10047,occasional
occ_003675,10047,occasional
occ_003675,12419,occasional
occ_003676,8396,occasional
occ_003676,10055,occasional
occ_003677,7208,occasional
occ_003677,7696,occasional
occ_003677,10202,occasional
occ_003678,7317,occasional
occ_003678,10224,occasional
occ_003678,18018,occasional
occ_003679,10355,occasional
occ_003679,10405,occasional
occ_003679,11746,occasional
occ_003680,8715,occasional
occ_003680,10376,occasional
occ_003681,3602,occasional
occ_003681,10386,occasional
occ_003681,10387,occasional
occ_003682,6224,occasional
occ_003682,8593,occasional
occ_003682,10708,occasional
occ_003683,3783,occasional
occ_003683,6224,occasional
occ_003683,8593,occasional
occ_003683,10708,occasional
occ_003684,75,occasional
occ_003684,1118,occasional
occ_003684,3013,occasional
occ_003684,6224,occasional
occ_003684,10708,occasional
occ_003685,3783,occasional
occ_003685,6224,occasional
occ_003685,10708,occasional
occ_003686,6154,occasional
occ_003686,10888,occasional
occ_003686,18898,occasional
occ_003686,23107,occasional
occ_003687,6154,occasional
occ_003687,10888,occasional
occ_003687,23107,occasional
occ_003687,26061,occasional
occ_003688,9937,occasional
occ_003688,10888,occasional
occ_003688,18898,occasional
occ_003688,23107,occasional
occ_003688,26061,occasional
occ_003689,10869,occasional
occ_003689,10918,occasional
occ_003689,14393,occasional
occ_003689,17318,occasional
occ_003690,11064,occasional
occ_003690,13584,occasional
occ_003691,4691,occasional
occ_003691,11207,occasional
occ_003692,11320,occasional
occ_003692,11677,occasional
occ_003692,11820,occasional
occ_003693,11320,occasional
occ_003693,11765,occasional
occ_003693,11820,occasional
occ_003694,10405,occasional
occ_003694,10662,occasional
occ_003694,11320,occasional
occ_003695,11320,occasional
occ_003695,11677,occasional
occ_003696,11037,occasional
occ_003696,11636,occasional
occ_003697,5123,occasional
occ_003697,11320,occasional
occ_003697,11677,occasional
occ_003697,15002,occasional
occ_003698,7696,occasional
occ_003698,11730,occasional
occ_003699,301,occasional
occ_003699,7561,occasional
occ_003699,11731,occasional
occ_003700,11761,occasional
occ_003700,23413,occasional
occ_003701,108,occasional
occ_003701,11320,occasional
occ_003701,11820,occasional
occ_003702,5123,occasional
occ_003702,11879,occasional
occ_003702,16817,occasional
occ_003703,11879,occasional
occ_003703,11957,occasional
occ_003703,13386,occasional
occ_003703,16952,occasional
occ_003704,6575,occasional
occ_003704,11879,occasional
occ_003704,11957,occasional
occ_003704,13386,occasional
occ_003705,11891,occasional
occ_003705,21924,occasional
occ_003705,23023,occasional
occ_003705,23669,occasional
occ_003706,11891,occasional
occ_003706,21924,occasional
occ_003706,23669,occasional
occ_003707,5920,occasional
occ_003707,6764,occasional
occ_003707,9880,occasional
occ_003707,11917,occasional
occ_003708,4386,occasional
occ_003708,6762,occasional
occ_003708,6764,occasional
occ_003708,11917,occasional
occ_003708,19163,occasional
occ_003709,1668,occasional
occ_003709,4275,occasional
occ_003709,11917,occasional
occ_003709,18698,occasional
occ_003709,21767,occasional
occ_003710,10171,occasional
occ_003710,11936,occasional
occ_003710,16400,occasional
occ_003711,6575,occasional
occ_003711,11957,occasional
occ_003712,11879,occasional
occ_003712,11957,occasional
occ_003712,16817,occasional
occ_003713,6575,occasional
occ_003713,11957,occasional
occ_003713,16817,occasional
occ_003713,16952,occasional
occ_003714,5123,occasional
occ_003714,11320,occasional
occ_003714,11972,occasional
occ_003714,15002,occasional
occ_003715,3726,occasional
occ_003715,5089,occasional
occ_003715,5755,occasional
occ_003715,11987,occasional
occ_003716,3684,occasional
occ_003716,8764,occasional
occ_003716,11987,occasional
occ_003717,12171,occasional
occ_003717,21195,occasional
occ_003718,1208,occasional
occ_003718,12315,occasional
occ_003718,13181,occasional
occ_003719,1207,occasional
occ_003719,1208,occasional
occ_003719,3957,occasional
occ_003719,12315,occasional
occ_003720,1229,occasional
occ_003720,3957,occasional
occ_003720,12315,occasional
occ_003721,12382,occasional
occ_003721,25702,occasional
occ_003722,5853,occasional
occ_003722,8705,occasional
occ_003722,12393,occasional
occ_003722,17351,occasional
occ_003722,21732,occasional
occ_003723,5853,occasional
occ_003723,7838,occasional
occ_003723,12393,occasional
occ_003723,21322,occasional
occ_003723,21732,occasional
occ_003724,5147,occasional
occ_003724,12629,occasional
occ_003725,12861,occasional
occ_003725,12884,occasional
occ_003726,1207,occasional
occ_003726,1229,occasional
occ_003726,13181,occasional
occ_003727,13312,occasional
occ_003727,22556,occasional
occ_003728,7538,occasional
occ_003728,13341,occasional
occ_003729,13389,occasional
occ_003729,15057,occasional
occ_003730,8501,occasional
occ_003730,13426,occasional
occ_003731,11064,occasional
occ_003731,13584,occasional
occ_003731,23589,occasional
occ_003732,743,occasional
occ_003732,7376,occasional
occ_003732,13249,occasional
occ_003732,13623,occasional
occ_003733,5483,occasional
occ_003733,7376,occasional
occ_003733,13249,occasional
occ_003733,13623,occasional
occ_003734,743,occasional
occ_003734,13249,occasional
occ_003734,13623,occasional
occ_003734,20077,occasional
occ_003735,5483,occasional
occ_003735,7376,occasional
occ_003735,13249,occasional
occ_003735,13623,occasional
occ_003735,20077,occasional
occ_003736,13695,occasional
occ_003736,14806,occasional
occ_003737,13759,occasional
occ_003737,14091,occasional
occ_003738,13969,occasional
occ_003738,14169,occasional
occ_003739,13923,occasional
occ_003739,14020,occasional
occ_003740,2891,occasional
occ_003740,3024,occasional
occ_003740,3958,occasional
occ_003740,14097,occasional
occ_003741,967,occasional
occ_003741,11127,occasional
occ_003741,14180,occasional
occ_003741,17064,occasional
occ_003742,11127,occasional
occ_003742,14180,occasional
occ_003742,17064,occasional
occ_003743,10918,occasional
occ_003743,14393,occasional
occ_003743,17318,occasional
occ_003744,0,occasional
occ_003744,14462,occasional
occ_003745,14766,occasional
occ_003745,18963,occasional
occ_003745,26588,occasional
occ_003746,9924,occasional
occ_003746,14766,occasional
occ_003746,26588,occasional
occ_003747,14787,occasional
occ_003747,15702,occasional
occ_003748,5715,occasional
occ_003748,7540,occasional
occ_003748,14833,occasional
occ_003748,18031,occasional
occ_003749,5123,occasional
occ_003749,11972,occasional
occ_003749,15002,occasional
occ_003750,11320,occasional
occ_003750,11677,occasional
occ_003750,15002,occasional
occ_003751,15059,occasional
occ_003751,21291,occasional
occ_003752,270,occasional
occ_003752,14521,occasional
occ_003752,15302,occasional
occ_003753,15206,occasional
occ_003753,15416,occasional
occ_003754,14050,occasional
occ_003754,15644,occasional
occ_003755,15303,occasional
occ_003755,15886,occasional
occ_003756,5159,occasional
occ_003756,11879,occasional
occ_003756,11957,occasional
occ_003756,15924,occasional
occ_003757,5159,occasional
occ_003757,15924,occasional
occ_003758,14058,occasional
occ_003758,15982,occasional
occ_003759,7792,occasional
occ_003759,16043,occasional
occ_003760,2681,occasional
occ_003760,12912,occasional
occ_003760,16178,occasional
occ_003761,12912,occasional
occ_003761,16178,occasional
occ_003761,18898,occasional
occ_003762,7711,occasional
occ_003762,12136,occasional
occ_003762,13494,occasional
occ_003762,16178,occasional
occ_003763,7711,occasional
occ_003763,12136,occasional
occ_003763,12912,occasional
occ_003763,16178,occasional
occ_003764,4747,occasional
occ_003764,16232,occasional
occ_003764,16361,occasional
occ_003764,21397,occasional
occ_003765,2019,occasional
occ_003765,16262,occasional
occ_003765,22750,occasional
occ_003766,6457,occasional
occ_003766,15222,occasional
occ_003766,16318,occasional
occ_003767,7151,occasional
occ_003767,16424,occasional
occ_003768,16661,occasional
occ_003768,18031,occasional
occ_003769,2755,occasional
occ_003769,16860,occasional
occ_003770,13386,occasional
occ_003770,15924,occasional
occ_003770,16934,occasional
occ_003771,17064,occasional
occ_003771,17412,occasional
occ_003772,967,occasional
occ_003772,11127,occasional
occ_003772,11905,occasional
occ_003772,17064,occasional
occ_003773,967,occasional
occ_003773,11127,occasional
occ_003773,17064,occasional
occ_003774,7707,occasional
occ_003774,17262,occasional
occ_003774,20918,occasional
occ_003775,7838,occasional
occ_003775,8705,occasional
occ_003775,17351,occasional
occ_003776,15227,occasional
occ_003776,17503,occasional
occ_003777,1430,occasional
occ_003777,17762,occasional
occ_003777,26211,occasional
occ_003778,18036,occasional
occ_003778,18540,occasional
occ_003779,9961,occasional
occ_003779,18212,occasional
occ_003780,18268,occasional
occ_003780,21450,occasional
occ_003781,18345,occasional
occ_003781,27876,occasional
occ_003782,9832,occasional
occ_003782,18527,occasional
occ_003783,9314,occasional
occ_003783,16486,occasional
occ_003783,18602,occasional
occ_003783,19350,occasional
occ_003784,9314,occasional
occ_003784,18602,occasional
occ_003784,19350,occasional
occ_003785,2126,occasional
occ_003785,18966,occasional
occ_003786,19007,occasional
occ_003786,19011,occasional
occ_003787,2019,occasional
occ_003787,19080,occasional
occ_003787,22750,occasional
occ_003788,669,occasional
occ_003788,11635,occasional
occ_003788,17488,occasional
occ_003788,19101,occasional
occ_003789,16486,occasional
occ_003789,18602,occasional
occ_003789,19350,occasional
occ_003790,19452,occasional
occ_003790,29440,occasional
occ_003791,19489,occasional
occ_003791,21865,occasional
occ_003791,21951,occasional
occ_003792,19994,occasional
occ_003792,20008,occasional
occ_003793,5384,occasional
occ_003793,20020,occasional
occ_003794,20027,occasional
occ_003794,20990,occasional
occ_003795,20471,occasional
occ_003795,22470,occasional
occ_003796,20586,occasional
occ_003796,21014,occasional
occ_003797,20974,occasional
occ_003797,21300,occasional
occ_003798,20148,occasional
occ_003798,21104,occasional
occ_003799,344,occasional
occ_003799,21127,occasional
occ_003800,7838,occasional
occ_003800,21322,occasional
occ_003800,21732,occasional
occ_003801,3222,occasional
occ_003801,21782,occasional
occ_003802,43,occasional
occ_003802,21924,occasional
occ_003802,23669,occasional
occ_003803,22136,occasional
occ_003803,24752,occasional
occ_003804,22190,occasional
occ_003804,22192,occasional
occ_003805,22217,occasional
occ_003805,23454,occasional
occ_003806,12912,occasional
occ_003806,13494,occasional
occ_003806,22267,occasional
occ_003807,22624,occasional
occ_003807,22644,occasional
occ_003808,2544,occasional
occ_003808,22658,occasional
occ_003809,22717,occasional
occ_003809,22726,occasional
occ_003810,22127,occasional
occ_003810,22800,occasional
occ_003811,23161,occasional
occ_003811,28475,occasional
occ_003812,23386,occasional
occ_003812,26348,occasional
occ_003813,23395,occasional
occ_003813,23543,occasional
occ_003814,23597,occasional
occ_003814,27050,occasional
occ_003815,43,occasional
occ_003815,23669,occasional
occ_003816,5853,occasional
occ_003816,17351,occasional
occ_003816,21322,occasional
occ_003816,21732,occasional
occ_003816,23728,occasional
occ_003817,23806,occasional
occ_003817,23842,occasional
occ_003818,19029,occasional
occ_003818,23851,occasional
occ_003819,24161,occasional
occ_003819,24302,occasional
occ_003820,24173,occasional
occ_003820,24243,occasional
occ_003820,25106,occasional
occ_003821,24245,occasional
occ_003821,29236,occasional
occ_003822,24380,occasional
occ_003822,26535,occasional
occ_003823,24121,occasional
occ_003823,24388,occasional
occ_003824,23222,occasional
occ_003824,24564,occasional
occ_003824,24593,occasional
occ_003825,23222,occasional
occ_003825,24593,occasional
occ_003826,25049,occasional
occ_003826,25297,occasional
occ_003827,25049,occasional
occ_003827,25294,occasional
occ_003827,25295,occasional
occ_003827,25296,occasional
occ_003827,25297,occasional
occ_003828,25295,occasional
occ_003828,25296,occasional
occ_003829,25294,occasional
occ_003829,25297,occasional
occ_003830,4305,occasional
occ_003830,20951,occasional
occ_003830,25438,occasional
occ_003831,22326,occasional
occ_003831,26019,occasional
occ_003832,26814,occasional
occ_003832,27080,occasional
occ_003833,25080,occasional
occ_003833,27239,occasional
occ_003834,27338,occasional
occ_003834,29559,occasional
occ_003835,27986,occasional
occ_003835,28054,occasional
occ_003836,6887,occasional
occ_003836,13999,occasional
occ_003836,20725,occasional
occ_003836,28904,occasional
occ_003837,29314,occasional
occ_003837,29316,occasional
occ_003838,29696,occasional
occ_003838,29965,occasional
occ_003839,27302,occasional
occ_003839,30062,occasional
occ_003839,30080,occasional
occ_003840,30083,occasional
occ_003840,30320,occasional
occ_003841,27516,occasional
occ_003841,30432,occasional
occ_003842,29890,occasional
occ_003842,30581,occasional
occ_003843,25633,occasional
occ_003843,31036,occasional
occ_003844,31426,occasional
occ_003844,31450,occasional
ran_003845,3005,random
ran_003845,8464,random
ran_003846,2,random
ran_003846,13386,random
ran_003847,2,random
ran_003847,1954,random
ran_003848,2,random
ran_003848,15401,random
ran_003849,6,random
ran_003849,7772,random
ran_003850,20,random
ran_003850,10163,random
ran_003851,22,random
ran_003851,13580,random
ran_003852,22,random
ran_003852,12666,random
ran_003853,22,random
ran_003853,381,random
ran_003854,25,random
ran_003854,17164,random
ran_003855,25,random
ran_003855,19603,random
ran_003856,25,random
ran_003856,6190,random
ran_003857,43,random
ran_003857,8057,random
ran_003858,43,random
ran_003858,4735,random
ran_003858,12221,random
ran_003859,50,random
ran_003859,1577,random
ran_003860,50,random
ran_003860,2359,random
ran_003861,50,random
ran_003861,2153,random
ran_003861,10131,random
ran_003862,54,random
ran_003862,4517,random
ran_003863,54,random
ran_003863,4295,random
ran_003864,57,random
ran_003864,21261,random
ran_003865,59,random
ran_003865,23826,random
ran_003866,22,random
ran_003866,81,random
ran_003867,85,random
ran_003867,4173,random
ran_003868,85,random
ran_003868,7471,random
ran_003869,89,random
ran_003869,12974,random
ran_003869,22393,random
ran_003870,89,random
ran_003870,20964,random
ran_003871,89,random
ran_003871,2773,random
ran_003872,89,random
ran_003872,22840,random
ran_003873,89,random
ran_003873,10772,random
ran_003874,89,random
ran_003874,16240,random
ran_003875,105,random
ran_003875,16976,random
ran_003876,108,random
ran_003876,3503,random
ran_003877,108,random
ran_003877,9771,random
ran_003878,128,random
ran_003878,4334,random
ran_003879,138,random
ran_003879,3707,random
ran_003880,138,random
ran_003880,9217,random
ran_003881,138,random
ran_003881,11286,random
ran_003882,138,random
ran_003882,4693,random
ran_003883,138,random
ran_003883,16677,random
ran_003884,145,random
ran_003884,1477,random
ran_003885,145,random
ran_003885,4626,random
ran_003886,145,random
ran_003886,579,random
ran_003887,147,random
ran_003887,19461,random
ran_003888,147,random
ran_003888,18140,random
ran_003889,165,random
ran_003889,16207,random
ran_003890,165,random
ran_003890,11792,random
ran_003891,189,random
ran_003891,581,random
ran_003892,193,random
ran_003892,15559,random
ran_003893,200,random
ran_003893,6409,random
ran_003894,200,random
ran_003894,16275,random
ran_003895,200,random
ran_003895,10659,random
ran_003896,200,random
ran_003896,1202,random
ran_003897,200,random
ran_003897,7473,random
ran_003898,217,random
ran_003898,5844,random
ran_003899,217,random
ran_003899,1804,random
ran_003900,217,random
ran_003900,11981,random
ran_003901,217,random
ran_003901,3720,random
ran_003901,28282,random
ran_003902,221,random
ran_003902,970,random
ran_003903,227,random
ran_003903,10903,random
ran_003904,227,random
ran_003904,1328,random
ran_003905,227,random
ran_003905,3322,random
ran_003906,227,random
ran_003906,10754,random
ran_003907,227,random
ran_003907,7300,random
ran_003908,227,random
ran_003908,7369,random
ran_003909,227,random
ran_003909,11451,random
ran_003910,227,random
ran_003910,12398,random
ran_003911,227,random
ran_003911,17930,random
ran_003912,227,random
ran_003912,3238,random
ran_003912,12303,random
ran_003913,231,random
ran_003913,3256,random
ran_003914,236,random
ran_003914,2288,random
ran_003915,236,random
ran_003915,12654,random
ran_003916,236,random
ran_003916,2152,random
ran_003917,236,random
ran_003917,6938,random
ran_003917,11905,random
ran_003917,21118,random
ran_003918,238,random
ran_003918,9611,random
ran_003919,238,random
ran_003919,19134,random
ran_003920,240,random
ran_003920,519,random
ran_003921,240,random
ran_003921,3329,random
ran_003922,250,random
ran_003922,18633,random
ran_003922,25034,random
ran_003923,253,random
ran_003923,7806,random
ran_003924,253,random
ran_003924,6320,random
ran_003924,7555,random
ran_003925,254,random
ran_003925,10386,random
ran_003926,103,random
ran_003926,263,random
ran_003927,265,random
ran_003927,1324,random
ran_003928,265,random
ran_003928,1300,random
ran_003929,288,random
ran_003929,2379,random
ran_003930,296,random
ran_003930,3503,random
ran_003931,154,random
ran_003931,315,random
ran_003932,333,random
ran_003932,11418,random
ran_003933,353,random
ran_003933,993,random
ran_003934,353,random
ran_003934,2270,random
ran_003935,353,random
ran_003935,16644,random
ran_003936,353,random
ran_003936,6560,random
ran_003937,359,random
ran_003937,4308,random
ran_003938,227,random
ran_003938,363,random
ran_003939,364,random
ran_003939,825,random
ran_003940,220,random
ran_003940,364,random
ran_003941,368,random
ran_003941,8998,random
ran_003942,381,random
ran_003942,5190,random
ran_003943,386,random
ran_003943,677,random
ran_003943,2012,random
ran_003944,388,random
ran_003944,8999,random
ran_003945,388,random
ran_003945,18963,random
ran_003946,395,random
ran_003946,2314,random
ran_003947,418,random
ran_003947,14088,random
ran_003948,423,random
ran_003948,2565,random
ran_003949,423,random
ran_003949,2407,random
ran_003950,423,random
ran_003950,2778,random
ran_003951,446,random
ran_003951,2120,random
ran_003952,459,random
ran_003952,3805,random
ran_003953,459,random
ran_003953,1592,random
ran_003954,465,random
ran_003954,2258,random
ran_003954,5803,random
ran_003955,469,random
ran_003955,3361,random
ran_003956,483,random
ran_003956,14802,random
ran_003957,483,random
ran_003957,1002,random
ran_003957,24471,random
ran_003958,483,random
ran_003958,24691,random
ran_003959,487,random
ran_003959,21174,random
ran_003960,497,random
ran_003960,5271,random
ran_003961,497,random
ran_003961,20443,random
ran_003962,517,random
ran_003962,13874,random
ran_003963,545,random
ran_003963,11450,random
ran_003964,568,random
ran_003964,15934,random
ran_003965,579,random
ran_003965,19183,random
ran_003966,435,random
ran_003966,581,random
ran_003967,581,random
ran_003967,5573,random
ran_003968,581,random
ran_003968,1135,random
ran_003969,581,random
ran_003969,12710,random
ran_003969,14795,random
ran_003970,581,random
ran_003970,5781,random
ran_003971,581,random
ran_003971,1205,random
ran_003972,581,random
ran_003972,1126,random
ran_003973,581,random
ran_003973,10464,random
ran_003974,261,random
ran_003974,581,random
ran_003974,7989,random
ran_003975,608,random
ran_003975,10433,random
ran_003976,608,random
ran_003976,16269,random
ran_003977,618,random
ran_003977,10712,random
ran_003978,626,random
ran_003978,8329,random
ran_003979,626,random
ran_003979,5917,random
ran_003979,8518,random
ran_003980,631,random
ran_003980,5788,random
ran_003981,631,random
ran_003981,2755,random
ran_003982,631,random
ran_003982,18530,random
ran_003983,631,random
ran_003983,12188,random
ran_003984,647,random
ran_003984,11077,random
ran_003985,649,random
ran_003985,4611,random
ran_003986,649,random
ran_003986,28691,random
ran_003987,650,random
ran_003987,1789,random
ran_003988,676,random
ran_003988,22626,random
ran_003989,676,random
ran_003989,18089,random
ran_003990,676,random
ran_003990,17617,random
ran_003991,681,random
ran_003991,17677,random
ran_003992,694,random
ran_003992,5543,random
ran_003993,694,random
ran_003993,15059,random
ran_003993,17277,random
ran_003994,694,random
ran_003994,22636,random
ran_003995,699,random
ran_003995,4099,random
ran_003996,66,random
ran_003996,708,random
ran_003997,713,random
ran_003997,6125,random
ran_003998,717,random
ran_003998,2914,random
ran_003999,739,random
ran_003999,3943,random
ran_004000,742,random
ran_004000,3026,random
ran_004001,765,random
ran_004001,12505,random
ran_004002,769,random
ran_004002,4295,random
ran_004003,769,random
ran_004003,3403,random
ran_004004,769,random
ran_004004,5143,random
ran_004005,769,random
ran_004005,14458,random
ran_004006,777,random
ran_004006,8987,random
ran_004006,17259,random
ran_004007,143,random
ran_004007,786,random
ran_004008,786,random
ran_004008,16239,random
ran_004009,822,random
ran_004009,17203,random
ran_004010,822,random
ran_004010,1931,random
ran_004011,822,random
ran_004011,5652,random
ran_004012,822,random
ran_004012,18785,random
ran_004013,837,random
ran_004013,4507,random
ran_004014,837,random
ran_004014,17491,random
ran_004015,837,random
ran_004015,5019,random
ran_004016,837,random
ran_004016,18337,random
ran_004017,268,random
ran_004017,842,random
ran_004018,847,random
ran_004018,1154,random
ran_004019,847,random
ran_004019,4339,random
ran_004020,850,random
ran_004020,15932,random
ran_004020,16528,random
ran_004021,852,random
ran_004021,1870,random
ran_004022,847,random
ran_004022,852,random
ran_004023,852,random
ran_004023,21087,random
ran_004024,101,random
ran_004024,855,random
ran_004025,865,random
ran_004025,1150,random
ran_004026,867,random
ran_004026,10154,random
ran_004027,871,random
ran_004027,17303,random
ran_004028,887,random
ran_004028,19819,random
ran_004029,89,random
ran_004029,904,random
ran_004029,26084,random
ran_004030,904,random
ran_004030,2134,random
ran_004031,536,random
ran_004031,907,random
ran_004032,907,random
ran_004032,5589,random
ran_004033,910,random
ran_004033,21816,random
ran_004034,910,random
ran_004034,24206,random
ran_004035,913,random
ran_004035,4844,random
ran_004036,204,random
ran_004036,915,random
ran_004037,917,random
ran_004037,10602,random
ran_004038,924,random
ran_004038,4824,random
ran_004038,7913,random
ran_004038,13910,random
ran_004039,942,random
ran_004039,12801,random
ran_004040,950,random
ran_004040,3376,random
ran_004041,955,random
ran_004041,3713,random
ran_004042,955,random
ran_004042,15858,random
ran_004043,987,random
ran_004043,2862,random
ran_004044,989,random
ran_004044,4043,random
ran_004045,989,random
ran_004045,21492,random
ran_004046,993,random
ran_004046,3994,random
ran_004047,993,random
ran_004047,17594,random
ran_004047,20582,random
ran_004048,993,random
ran_004048,4701,random
ran_004049,993,random
ran_004049,8252,random
ran_004050,994,random
ran_004050,2605,random
ran_004051,1001,random
ran_004051,11970,random
ran_004052,1004,random
ran_004052,10263,random
ran_004053,1004,random
ran_004053,18413,random
ran_004054,1007,random
ran_004054,13889,random
ran_004055,1007,random
ran_004055,1500,random
ran_004056,1007,random
ran_004056,3409,random
ran_004057,1007,random
ran_004057,1916,random
ran_004058,1007,random
ran_004058,8220,random
ran_004059,1007,random
ran_004059,3153,random
ran_004060,1007,random
ran_004060,6570,random
ran_004061,1007,random
ran_004061,11000,random
ran_004062,1020,random
ran_004062,4236,random
ran_004063,1024,random
ran_004063,3600,random
ran_004064,1028,random
ran_004064,11587,random
ran_004065,1028,random
ran_004065,10678,random
ran_004066,133,random
ran_004066,1032,random
ran_004067,1043,random
ran_004067,3640,random
ran_004068,1043,random
ran_004068,4220,random
ran_004069,1048,random
ran_004069,19074,random
ran_004070,1048,random
ran_004070,9042,random
ran_004071,1048,random
ran_004071,20294,random
ran_004072,1056,random
ran_004072,1958,random
ran_004073,1074,random
ran_004073,2600,random
ran_004074,1074,random
ran_004074,8772,random
ran_004075,1075,random
ran_004075,4595,random
ran_004076,1094,random
ran_004076,5117,random
ran_004077,192,random
ran_004077,1095,random
ran_004078,1095,random
ran_004078,7343,random
ran_004078,18060,random
ran_004079,1097,random
ran_004079,6998,random
ran_004080,435,random
ran_004080,1105,random
ran_004081,1105,random
ran_004081,2412,random
ran_004082,77,random
ran_004082,1105,random
ran_004083,1105,random
ran_004083,15024,random
ran_004084,1107,random
ran_004084,3187,random
ran_004085,1112,random
ran_004085,2339,random
ran_004086,1116,random
ran_004086,22005,random
ran_004087,1126,random
ran_004087,2521,random
ran_004088,1155,random
ran_004088,1521,random
ran_004088,9367,random
ran_004089,1155,random
ran_004089,15596,random
ran_004090,408,random
ran_004090,1157,random
ran_004091,1160,random
ran_004091,20061,random
ran_004092,1160,random
ran_004092,16400,random
ran_004092,30513,random
ran_004093,1167,random
ran_004093,11987,random
ran_004094,1167,random
ran_004094,24332,random
ran_004095,1173,random
ran_004095,9331,random
ran_004096,1173,random
ran_004096,7558,random
ran_004097,1173,random
ran_004097,1972,random
ran_004098,1173,random
ran_004098,7722,random
ran_004099,1173,random
ran_004099,17804,random
ran_004100,1173,random
ran_004100,7025,random
ran_004101,1173,random
ran_004101,18598,random
ran_004102,992,random
ran_004102,1173,random
ran_004102,17357,random
ran_004103,1195,random
ran_004103,12420,random
ran_004104,1203,random
ran_004104,18963,random
ran_004105,1237,random
ran_004105,3783,random
ran_004106,1237,random
ran_004106,13348,random
ran_004107,1247,random
ran_004107,25474,random
ran_004108,1261,random
ran_004108,13878,random
ran_004109,1261,random
ran_004109,11824,random
ran_004110,1263,random
ran_004110,4177,random
ran_004111,1273,random
ran_004111,17597,random
ran_004112,1273,random
ran_004112,11949,random
ran_004113,1282,random
ran_004113,25782,random
ran_004114,1287,random
ran_004114,16374,random
ran_004115,1291,random
ran_004115,21249,random
ran_004116,1298,random
ran_004116,4352,random
ran_004117,1305,random
ran_004117,3471,random
ran_004118,1305,random
ran_004118,2889,random
ran_004119,1308,random
ran_004119,7696,random
ran_004120,1324,random
ran_004120,3122,random
ran_004121,1332,random
ran_004121,7543,random
ran_004122,1335,random
ran_004122,9341,random
ran_004123,1335,random
ran_004123,6915,random
ran_004124,1335,random
ran_004124,16962,random
ran_004125,1340,random
ran_004125,1660,random
ran_004125,13084,random
ran_004125,13345,random
ran_004126,1340,random
ran_004126,30247,random
ran_004127,1349,random
ran_004127,6728,random
ran_004128,306,random
ran_004128,1349,random
ran_004129,1371,random
ran_004129,13328,random
ran_004130,1374,random
ran_004130,10263,random
ran_004131,1374,random
ran_004131,4848,random
ran_004132,1374,random
ran_004132,27889,random
ran_004133,1374,random
ran_004133,1595,random
ran_004133,6297,random
ran_004133,13376,random
ran_004133,28113,random
ran_004134,1376,random
ran_004134,4335,random
ran_004135,1376,random
ran_004135,10939,random
ran_004136,1376,random
ran_004136,7089,random
ran_004137,1390,random
ran_004137,7386,random
ran_004138,1404,random
ran_004138,10302,random
ran_004139,1413,random
ran_004139,5762,random
ran_004140,1413,random
ran_004140,4560,random
ran_004140,12248,random
ran_004140,18703,random
ran_004141,1415,random
ran_004141,5434,random
ran_004142,1415,random
ran_004142,8067,random
ran_004143,398,random
ran_004143,1416,random
ran_004144,1419,random
ran_004144,6913,random
ran_004145,459,random
ran_004145,1429,random
ran_004146,1429,random
ran_004146,1585,random
ran_004147,1435,random
ran_004147,18030,random
ran_004148,1439,random
ran_004148,14809,random
ran_004149,1439,random
ran_004149,14098,random
ran_004150,1439,random
ran_004150,10858,random
ran_004151,265,random
ran_004151,1467,random
ran_004152,1477,random
ran_004152,2098,random
ran_004152,12456,random
ran_004153,1477,random
ran_004153,18677,random
ran_004154,1477,random
ran_004154,8290,random
ran_004155,1477,random
ran_004155,15979,random
ran_004156,1477,random
ran_004156,5145,random
ran_004157,1477,random
ran_004157,26645,random
ran_004158,1491,random
ran_004158,3861,random
ran_004159,145,random
ran_004159,470,random
ran_004159,1493,random
ran_004159,4585,random
ran_004160,1509,random
ran_004160,23909,random
ran_004161,1511,random
ran_004161,8871,random
ran_004162,1523,random
ran_004162,2971,random
ran_004163,1531,random
ran_004163,14327,random
ran_004164,1531,random
ran_004164,10222,random
ran_004165,1535,random
ran_004165,13797,random
ran_004166,1535,random
ran_004166,10888,random
ran_004167,1589,random
ran_004167,17938,random
ran_004168,1592,random
ran_004168,3527,random
ran_004169,1436,random
ran_004169,1596,random
ran_004170,1602,random
ran_004170,1966,random
ran_004171,1602,random
ran_004171,21596,random
ran_004172,1602,random
ran_004172,2546,random
ran_004173,1608,random
ran_004173,5167,random
ran_004174,1608,random
ran_004174,4881,random
ran_004175,1608,random
ran_004175,13673,random
ran_004176,1608,random
ran_004176,2109,random
ran_004177,1608,random
ran_004177,2794,random
ran_004178,1609,random
ran_004178,5505,random
ran_004179,1634,random
ran_004179,13972,random
ran_004180,1634,random
ran_004180,7140,random
ran_004181,1634,random
ran_004181,15426,random
ran_004182,1659,random
ran_004182,7230,random
ran_004183,1659,random
ran_004183,19614,random
ran_004183,20827,random
ran_004184,1661,random
ran_004184,11705,random
ran_004185,1543,random
ran_004185,1670,random
ran_004186,1670,random
ran_004186,17160,random
ran_004187,731,random
ran_004187,1672,random
ran_004188,1672,random
ran_004188,3317,random
ran_004189,1693,random
ran_004189,3990,random
ran_004190,1711,random
ran_004190,12486,random
ran_004191,714,random
ran_004191,1741,random
ran_004192,1758,random
ran_004192,12835,random
ran_004193,540,random
ran_004193,1760,random
ran_004194,1760,random
ran_004194,13425,random
ran_004195,1055,random
ran_004195,1772,random
ran_004196,1775,random
ran_004196,7208,random
ran_004197,1798,random
ran_004197,8390,random
ran_004198,1810,random
ran_004198,5223,random
ran_004198,21615,random
ran_004199,1823,random
ran_004199,6309,random
ran_004200,1823,random
ran_004200,5383,random
ran_004201,1828,random
ran_004201,11281,random
ran_004202,1842,random
ran_004202,5541,random
ran_004203,1366,random
ran_004203,1842,random
ran_004204,1842,random
ran_004204,19779,random
ran_004205,1757,random
ran_004205,1871,random
ran_004206,1871,random
ran_004206,7354,random
ran_004207,1871,random
ran_004207,3115,random
ran_004208,1883,random
ran_004208,13834,random
ran_004208,17174,random
ran_004209,1883,random
ran_004209,18900,random
ran_004210,1883,random
ran_004210,2282,random
ran_004211,1896,random
ran_004211,8149,random
ran_004211,11966,random
ran_004212,1898,random
ran_004212,5111,random
ran_004213,1905,random
ran_004213,11186,random
ran_004214,1920,random
ran_004214,2145,random
ran_004215,1920,random
ran_004215,10275,random
ran_004216,1920,random
ran_004216,17356,random
ran_004217,1920,random
ran_004217,8566,random
ran_004218,1920,random
ran_004218,2514,random
ran_004219,1920,random
ran_004219,2737,random
ran_004220,1920,random
ran_004220,21155,random
ran_004221,1926,random
ran_004221,8888,random
ran_004222,1942,random
ran_004222,20181,random
ran_004223,1943,random
ran_004223,5619,random
ran_004224,1943,random
ran_004224,7017,random
ran_004224,10901,random
ran_004225,1944,random
ran_004225,2511,random
ran_004226,1944,random
ran_004226,19598,random
ran_004227,1951,random
ran_004227,3685,random
ran_004228,1963,random
ran_004228,5782,random
ran_004229,1971,random
ran_004229,13078,random
ran_004230,265,random
ran_004230,1972,random
ran_004231,1972,random
ran_004231,5738,random
ran_004232,1979,random
ran_004232,2145,random
ran_004233,1979,random
ran_004233,2270,random
ran_004233,15595,random
ran_004234,1979,random
ran_004234,6479,random
ran_004235,1993,random
ran_004235,6645,random
ran_004236,1993,random
ran_004236,24988,random
ran_004237,2019,random
ran_004237,8379,random
ran_004238,2019,random
ran_004238,22726,random
ran_004239,2024,random
ran_004239,16481,random
ran_004240,1509,random
ran_004240,2024,random
ran_004241,1644,random
ran_004241,2033,random
ran_004242,2033,random
ran_004242,9398,random
ran_004243,2033,random
ran_004243,7722,random
ran_004244,1386,random
ran_004244,2033,random
ran_004245,1415,random
ran_004245,2033,random
ran_004246,2033,random
ran_004246,3640,random
ran_004247,2033,random
ran_004247,12801,random
ran_004248,2059,random
ran_004248,2808,random
ran_004248,2827,random
ran_004249,2065,random
ran_004249,16829,random
ran_004250,2070,random
ran_004250,7882,random
ran_004251,2075,random
ran_004251,8505,random
ran_004252,2077,random
ran_004252,3538,random
ran_004253,2085,random
ran_004253,6509,random
ran_004254,2120,random
ran_004254,16603,random
ran_004255,581,random
ran_004255,2120,random
ran_004256,2126,random
ran_004256,9668,random
ran_004257,2134,random
ran_004257,10455,random
ran_004258,2143,random
ran_004258,14296,random
ran_004259,2145,random
ran_004259,14696,random
ran_004260,2145,random
ran_004260,20241,random
ran_004261,2147,random
ran_004261,10248,random
ran_004262,2147,random
ran_004262,14276,random
ran_004263,2197,random
ran_004263,20785,random
ran_004264,2202,random
ran_004264,9010,random
ran_004265,2218,random
ran_004265,21574,random
ran_004266,2240,random
ran_004266,3444,random
ran_004267,2240,random
ran_004267,9834,random
ran_004268,2249,random
ran_004268,8566,random
ran_004269,2249,random
ran_004269,14822,random
ran_004270,2256,random
ran_004270,4356,random
ran_004271,2282,random
ran_004271,5126,random
ran_004272,2288,random
ran_004272,2360,random
ran_004273,2288,random
ran_004273,17526,random
ran_004274,2288,random
ran_004274,16003,random
ran_004275,2290,random
ran_004275,12230,random
ran_004276,676,random
ran_004276,2290,random
ran_004276,16857,random
ran_004277,1764,random
ran_004277,2311,random
ran_004277,5468,random
ran_004278,1920,random
ran_004278,2311,random
ran_004279,2311,random
ran_004279,8911,random
ran_004279,18382,random
ran_004280,2311,random
ran_004280,21207,random
ran_004281,2311,random
ran_004281,11619,random
ran_004282,2311,random
ran_004282,6387,random
ran_004283,2313,random
ran_004283,19875,random
ran_004284,2313,random
ran_004284,2591,random
ran_004284,23776,random
ran_004285,2314,random
ran_004285,3484,random
ran_004285,18030,random
ran_004286,2325,random
ran_004286,11471,random
ran_004287,2325,random
ran_004287,11174,random
ran_004288,2326,random
ran_004288,6726,random
ran_004289,2328,random
ran_004289,12722,random
ran_004290,2337,random
ran_004290,7507,random
ran_004291,2345,random
ran_004291,14309,random
ran_004292,2346,random
ran_004292,4320,random
ran_004293,731,random
ran_004293,2359,random
ran_004294,2359,random
ran_004294,6808,random
ran_004295,2359,random
ran_004295,11585,random
ran_004296,1055,random
ran_004296,2363,random
ran_004297,837,random
ran_004297,2365,random
ran_004298,2369,random
ran_004298,4553,random
ran_004299,2369,random
ran_004299,5729,random
ran_004300,2369,random
ran_004300,6062,random
ran_004301,2379,random
ran_004301,9441,random
ran_004302,2379,random
ran_004302,9575,random
ran_004303,2379,random
ran_004303,8779,random
ran_004304,2379,random
ran_004304,3600,random
ran_004305,1267,random
ran_004305,2379,random
ran_004306,2380,random
ran_004306,15931,random
ran_004307,2381,random
ran_004307,11639,random
ran_004308,2381,random
ran_004308,8256,random
ran_004309,2381,random
ran_004309,17962,random
ran_004310,2401,random
ran_004310,9307,random
ran_004311,2402,random
ran_004311,8329,random
ran_004312,2402,random
ran_004312,5936,random
ran_004313,2426,random
ran_004313,19788,random
ran_004314,2328,random
ran_004314,2426,random
ran_004314,7457,random
ran_004315,2431,random
ran_004315,7864,random
ran_004316,2451,random
ran_004316,3756,random
ran_004316,14802,random
ran_004317,2456,random
ran_004317,3938,random
ran_004318,2456,random
ran_004318,12114,random
ran_004319,812,random
ran_004319,2460,random
ran_004320,2460,random
ran_004320,3603,random
ran_004321,2462,random
ran_004321,19461,random
ran_004322,2503,random
ran_004322,8996,random
ran_004323,2511,random
ran_004323,5110,random
ran_004324,2315,random
ran_004324,2511,random
ran_004325,2511,random
ran_004325,6422,random
ran_004326,2511,random
ran_004326,6653,random
ran_004327,2511,random
ran_004327,16182,random
ran_004328,2511,random
ran_004328,17174,random
ran_004329,2511,random
ran_004329,17783,random
ran_004330,2511,random
ran_004330,10004,random
ran_004331,2511,random
ran_004331,4320,random
ran_004332,2511,random
ran_004332,12010,random
ran_004333,2511,random
ran_004333,15479,random
ran_004334,1374,random
ran_004334,2511,random
ran_004335,2511,random
ran_004335,20992,random
ran_004336,2512,random
ran_004336,7584,random
ran_004337,2513,random
ran_004337,11461,random
ran_004338,2513,random
ran_004338,16029,random
ran_004339,2513,random
ran_004339,21325,random
ran_004340,2521,random
ran_004340,7003,random
ran_004341,2521,random
ran_004341,7838,random
ran_004342,2521,random
ran_004342,3689,random
ran_004343,2525,random
ran_004343,4585,random
ran_004343,20753,random
ran_004344,2525,random
ran_004344,24934,random
ran_004345,2526,random
ran_004345,5229,random
ran_004346,2526,random
ran_004346,11809,random
ran_004347,2144,random
ran_004347,2526,random
ran_004348,2526,random
ran_004348,4358,random
ran_004348,7018,random
ran_004349,2526,random
ran_004349,11590,random
ran_004349,17621,random
ran_004350,2526,random
ran_004350,15101,random
ran_004351,2526,random
ran_004351,2780,random
ran_004352,2526,random
ran_004352,26911,random
ran_004353,2526,random
ran_004353,7137,random
ran_004354,140,random
ran_004354,2529,random
ran_004354,10061,random
ran_004355,2140,random
ran_004355,2546,random
ran_004356,2547,random
ran_004356,9924,random
ran_004357,2558,random
ran_004357,2927,random
ran_004357,5725,random
ran_004358,2558,random
ran_004358,16871,random
ran_004359,2558,random
ran_004359,23728,random
ran_004360,2560,random
ran_004360,3710,random
ran_004360,13200,random
ran_004361,2560,random
ran_004361,14791,random
ran_004362,756,random
ran_004362,2564,random
ran_004363,2412,random
ran_004363,2564,random
ran_004364,2564,random
ran_004364,7206,random
ran_004365,2564,random
ran_004365,10925,random
ran_004366,2564,random
ran_004366,12329,random
ran_004367,2564,random
ran_004367,2667,random
ran_004368,2564,random
ran_004368,13355,random
ran_004369,2564,random
ran_004369,5713,random
ran_004370,2569,random
ran_004370,7279,random
ran_004371,2569,random
ran_004371,11531,random
ran_004372,2402,random
ran_004372,2576,random
ran_004373,2593,random
ran_004373,12554,random
ran_004374,1393,random
ran_004374,2614,random
ran_004375,1234,random
ran_004375,2622,random
ran_004376,2639,random
ran_004376,3535,random
ran_004377,2655,random
ran_004377,8145,random
ran_004378,1585,random
ran_004378,2667,random
ran_004379,2667,random
ran_004379,3282,random
ran_004380,2681,random
ran_004380,11792,random
ran_004381,2709,random
ran_004381,12577,random
ran_004382,2729,random
ran_004382,4011,random
ran_004383,1020,random
ran_004383,2729,random
ran_004384,2729,random
ran_004384,9999,random
ran_004385,2729,random
ran_004385,6339,random
ran_004385,10490,random
ran_004386,2740,random
ran_004386,8103,random
ran_004386,15713,random
ran_004387,2761,random
ran_004387,5496,random
ran_004388,2761,random
ran_004388,5070,random
ran_004389,2767,random
ran_004389,11570,random
ran_004390,2767,random
ran_004390,12360,random
ran_004391,2740,random
ran_004391,2767,random
ran_004392,2780,random
ran_004392,2790,random
ran_004393,2794,random
ran_004393,22698,random
ran_004394,2798,random
ran_004394,15713,random
ran_004395,2798,random
ran_004395,20034,random
ran_004396,2798,random
ran_004396,3495,random
ran_004396,4111,random
ran_004397,2798,random
ran_004397,19810,random
ran_004398,2744,random
ran_004398,2811,random
ran_004398,4163,random
ran_004399,2811,random
ran_004399,23224,random
ran_004400,2811,random
ran_004400,23022,random
ran_004401,2811,random
ran_004401,2922,random
ran_004401,6575,random
ran_004402,2497,random
ran_004402,2814,random
ran_004403,2834,random
ran_004403,10630,random
ran_004404,2846,random
ran_004404,9331,random
ran_004405,2852,random
ran_004405,8621,random
ran_004406,2862,random
ran_004406,4579,random
ran_004407,2862,random
ran_004407,5182,random
ran_004407,7523,random
ran_004408,1391,random
ran_004408,2808,random
ran_004408,2864,random
ran_004409,984,random
ran_004409,2884,random
ran_004410,1839,random
ran_004410,2892,random
ran_004411,2892,random
ran_004411,3979,random
ran_004412,189,random
ran_004412,2892,random
ran_004413,2898,random
ran_004413,4580,random
ran_004414,2898,random
ran_004414,18573,random
ran_004415,2917,random
ran_004415,4479,random
ran_004416,2939,random
ran_004416,8041,random
ran_004417,2943,random
ran_004417,19595,random
ran_004418,367,random
ran_004418,2955,random
ran_004419,2995,random
ran_004419,9348,random
ran_004420,2995,random
ran_004420,11768,random
ran_004421,13,random
ran_004421,3005,random
ran_004421,9126,random
ran_004422,534,random
ran_004422,3005,random
ran_004423,3005,random
ran_004423,3883,random
ran_004424,3005,random
ran_004424,23271,random
ran_004425,2813,random
ran_004425,3005,random
ran_004425,19461,random
ran_004426,847,random
ran_004426,3015,random
ran_004427,3015,random
ran_004427,13270,random
ran_004428,3023,random
ran_004428,4159,random
ran_004429,3024,random
ran_004429,22208,random
ran_004430,3043,random
ran_004430,20378,random
ran_004431,3053,random
ran_004431,22109,random
ran_004432,3061,random
ran_004432,6437,random
ran_004433,3068,random
ran_004433,16683,random
ran_004434,3076,random
ran_004434,7557,random
ran_004435,3083,random
ran_004435,5261,random
ran_004436,787,random
ran_004436,3087,random
ran_004437,1488,random
ran_004437,3132,random
ran_004438,3142,random
ran_004438,11060,random
ran_004439,3145,random
ran_004439,8929,random
ran_004440,3145,random
ran_004440,5037,random
ran_004441,3147,random
ran_004441,17645,random
ran_004442,3147,random
ran_004442,6583,random
ran_004443,3147,random
ran_004443,23672,random
ran_004444,3147,random
ran_004444,23415,random
ran_004445,3222,random
ran_004445,11937,random
ran_004446,3222,random
ran_004446,7468,random
ran_004447,3233,random
ran_004447,4903,random
ran_004448,3238,random
ran_004448,14813,random
ran_004449,2054,random
ran_004449,3254,random
ran_004450,3254,random
ran_004450,9689,random
ran_004451,3267,random
ran_004451,10844,random
ran_004452,287,random
ran_004452,3267,random
ran_004452,7005,random
ran_004453,3280,random
ran_004453,5282,random
ran_004454,3280,random
ran_004454,14763,random
ran_004455,3282,random
ran_004455,20498,random
ran_004456,3285,random
ran_004456,7162,random
ran_004457,483,random
ran_004457,3285,random
ran_004458,3306,random
ran_004458,3825,random
ran_004459,3306,random
ran_004459,9307,random
ran_004460,3306,random
ran_004460,4114,random
ran_004461,1179,random
ran_004461,3306,random
ran_004461,24623,random
ran_004462,189,random
ran_004462,3306,random
ran_004462,3338,random
ran_004462,12010,random
ran_004463,534,random
ran_004463,3316,random
ran_004464,3316,random
ran_004464,18520,random
ran_004465,3316,random
ran_004465,6316,random
ran_004466,1972,random
ran_004466,3320,random
ran_004467,3332,random
ran_004467,12677,random
ran_004468,3342,random
ran_004468,15596,random
ran_004469,3364,random
ran_004469,18282,random
ran_004470,3364,random
ran_004470,5343,random
ran_004471,3364,random
ran_004471,17357,random
ran_004472,3365,random
ran_004472,16351,random
ran_004473,3375,random
ran_004473,11070,random
ran_004474,3375,random
ran_004474,8242,random
ran_004475,3375,random
ran_004475,3645,random
ran_004476,3375,random
ran_004476,20737,random
ran_004477,3389,random
ran_004477,6792,random
ran_004477,18621,random
ran_004478,3390,random
ran_004478,8975,random
ran_004479,3428,random
ran_004479,4979,random
ran_004480,3452,random
ran_004480,4100,random
ran_004481,3459,random
ran_004481,4196,random
ran_004482,3459,random
ran_004482,4310,random
ran_004483,2511,random
ran_004483,3459,random
ran_004484,3487,random
ran_004484,19919,random
ran_004485,3488,random
ran_004485,11242,random
ran_004486,3488,random
ran_004486,7920,random
ran_004487,3488,random
ran_004487,18516,random
ran_004488,3495,random
ran_004488,5688,random
ran_004488,12478,random
ran_004489,3503,random
ran_004489,9411,random
ran_004490,3503,random
ran_004490,10494,random
ran_004491,3534,random
ran_004491,8615,random
ran_004492,3535,random
ran_004492,12589,random
ran_004493,3551,random
ran_004493,20845,random
ran_004494,3553,random
ran_004494,17876,random
ran_004495,3566,random
ran_004495,18275,random
ran_004496,2012,random
ran_004496,3566,random
ran_004496,7919,random
ran_004497,3566,random
ran_004497,23954,random
ran_004498,3586,random
ran_004498,5112,random
ran_004498,12486,random
ran_004499,3600,random
ran_004499,17517,random
ran_004499,18929,random
ran_004500,3600,random
ran_004500,22046,random
ran_004500,23114,random
ran_004501,428,random
ran_004501,3605,random
ran_004501,11218,random
ran_004501,16703,random
ran_004502,3613,random
ran_004502,11161,random
ran_004503,607,random
ran_004503,3613,random
ran_004504,3613,random
ran_004504,11824,random
ran_004504,12310,random
ran_004505,3637,random
ran_004505,4599,random
ran_004506,3640,random
ran_004506,5541,random
ran_004507,1283,random
ran_004507,3640,random
ran_004508,3640,random
ran_004508,7200,random
ran_004509,3640,random
ran_004509,10449,random
ran_004510,3640,random
ran_004510,7252,random
ran_004511,3640,random
ran_004511,10133,random
ran_004512,1056,random
ran_004512,3645,random
ran_004513,3657,random
ran_004513,8790,random
ran_004514,3657,random
ran_004514,9479,random
ran_004515,1118,random
ran_004515,3665,random
ran_004516,3669,random
ran_004516,26672,random
ran_004517,181,random
ran_004517,3675,random
ran_004518,2314,random
ran_004518,3726,random
ran_004518,6361,random
ran_004518,10238,random
ran_004519,3726,random
ran_004519,17351,random
ran_004520,273,random
ran_004520,3726,random
ran_004521,3764,random
ran_004521,9337,random
ran_004522,3764,random
ran_004522,11895,random
ran_004523,3764,random
ran_004523,6049,random
ran_004524,3776,random
ran_004524,10162,random
ran_004525,3776,random
ran_004525,4347,random
ran_004525,6908,random
ran_004526,3781,random
ran_004526,4853,random
ran_004527,3784,random
ran_004527,14026,random
ran_004528,3795,random
ran_004528,18305,random
ran_004529,3798,random
ran_004529,13955,random
ran_004530,3801,random
ran_004530,18009,random
ran_004531,3801,random
ran_004531,13312,random
ran_004531,14852,random
ran_004532,3803,random
ran_004532,15040,random
ran_004533,3459,random
ran_004533,3817,random
ran_004534,3821,random
ran_004534,23878,random
ran_004535,2028,random
ran_004535,3835,random
ran_004536,3848,random
ran_004536,11487,random
ran_004537,3707,random
ran_004537,3869,random
ran_004538,3869,random
ran_004538,13176,random
ran_004539,3879,random
ran_004539,19313,random
ran_004540,3902,random
ran_004540,7838,random
ran_004541,3905,random
ran_004541,14541,random
ran_004541,19163,random
ran_004541,30726,random
ran_004542,1030,random
ran_004542,3954,random
ran_004543,3954,random
ran_004543,17085,random
ran_004544,197,random
ran_004544,3954,random
ran_004545,1592,random
ran_004545,3954,random
ran_004546,3954,random
ran_004546,7405,random
ran_004547,3954,random
ran_004547,14309,random
ran_004548,3954,random
ran_004548,18920,random
ran_004549,3954,random
ran_004549,4114,random
ran_004549,19861,random
ran_004550,2378,random
ran_004550,3954,random
ran_004550,7778,random
ran_004551,3869,random
ran_004551,3954,random
ran_004552,3957,random
ran_004552,12221,random
ran_004552,21430,random
ran_004552,27332,random
ran_004553,1379,random
ran_004553,3969,random
ran_004554,3987,random
ran_004554,7266,random
ran_004555,3989,random
ran_004555,26193,random
ran_004556,3989,random
ran_004556,26914,random
ran_004557,993,random
ran_004557,3989,random
ran_004558,3989,random
ran_004558,17203,random
ran_004559,2602,random
ran_004559,3990,random
ran_004560,4001,random
ran_004560,6434,random
ran_004561,4011,random
ran_004561,5473,random
ran_004562,3467,random
ran_004562,4011,random
ran_004563,4011,random
ran_004563,14525,random
ran_004564,4037,random
ran_004564,11174,random
ran_004565,598,random
ran_004565,4037,random
ran_004565,7790,random
ran_004565,10536,random
ran_004566,4045,random
ran_004566,13177,random
ran_004567,4069,random
ran_004567,8624,random
ran_004568,4077,random
ran_004568,8312,random
ran_004569,4079,random
ran_004569,10283,random
ran_004569,11108,random
ran_004570,4125,random
ran_004570,10448,random
ran_004571,4142,random
ran_004571,7838,random
ran_004572,4147,random
ran_004572,11242,random
ran_004573,4149,random
ran_004573,14510,random
ran_004574,4149,random
ran_004574,13652,random
ran_004575,4154,random
ran_004575,6669,random
ran_004576,4168,random
ran_004576,6855,random
ran_004577,4168,random
ran_004577,28816,random
ran_004578,4184,random
ran_004578,4559,random
ran_004579,4193,random
ran_004579,6458,random
ran_004580,3190,random
ran_004580,4193,random
ran_004581,4196,random
ran_004581,10440,random
ran_004582,4196,random
ran_004582,12632,random
ran_004583,1173,random
ran_004583,4196,random
ran_004584,1903,random
ran_004584,2511,random
ran_004584,4196,random
ran_004585,4196,random
ran_004585,7722,random
ran_004586,4196,random
ran_004586,10805,random
ran_004587,3076,random
ran_004587,4196,random
ran_004588,4196,random
ran_004588,11262,random
ran_004589,4196,random
ran_004589,13628,random
ran_004590,4196,random
ran_004590,9055,random
ran_004590,20738,random
ran_004591,3243,random
ran_004591,4199,random
ran_004592,4199,random
ran_004592,14953,random
ran_004593,4220,random
ran_004593,13640,random
ran_004594,4220,random
ran_004594,4823,random
ran_004594,21859,random
ran_004595,4220,random
ran_004595,27393,random
ran_004596,4220,random
ran_004596,27827,random
ran_004597,1720,random
ran_004597,4221,random
ran_004598,1113,random
ran_004598,4225,random
ran_004599,2800,random
ran_004599,4225,random
ran_004600,1414,random
ran_004600,4228,random
ran_004601,4244,random
ran_004601,8059,random
ran_004602,2189,random
ran_004602,4252,random
ran_004603,2426,random
ran_004603,4253,random
ran_004604,4253,random
ran_004604,12209,random
ran_004605,4289,random
ran_004605,19112,random
ran_004606,4289,random
ran_004606,7433,random
ran_004607,4290,random
ran_004607,7300,random
ran_004608,4290,random
ran_004608,13157,random
ran_004609,4290,random
ran_004609,15487,random
ran_004610,4290,random
ran_004610,9351,random
ran_004611,4308,random
ran_004611,4498,random
ran_004612,287,random
ran_004612,4308,random
ran_004613,4308,random
ran_004613,7348,random
ran_004614,4308,random
ran_004614,7208,random
ran_004615,4333,random
ran_004615,4645,random
ran_004616,4108,random
ran_004616,4334,random
ran_004617,4334,random
ran_004617,14150,random
ran_004618,4335,random
ran_004618,15469,random
ran_004619,4345,random
ran_004619,4783,random
ran_004620,4347,random
ran_004620,7696,random
ran_004621,4347,random
ran_004621,6215,random
ran_004622,3633,random
ran_004622,4365,random
ran_004623,4374,random
ran_004623,5645,random
ran_004624,4374,random
ran_004624,4617,random
ran_004625,4374,random
ran_004625,7932,random
ran_004626,4374,random
ran_004626,6030,random
ran_004626,6434,random
ran_004627,4380,random
ran_004627,15184,random
ran_004628,4324,random
ran_004628,4385,random
ran_004629,2889,random
ran_004629,4386,random
ran_004630,4389,random
ran_004630,10940,random
ran_004631,101,random
ran_004631,4392,random
ran_004632,4400,random
ran_004632,10869,random
ran_004633,1170,random
ran_004633,4409,random
ran_004633,9276,random
ran_004634,4415,random
ran_004634,14853,random
ran_004635,4422,random
ran_004635,13636,random
ran_004636,4424,random
ran_004636,7248,random
ran_004637,4424,random
ran_004637,24756,random
ran_004638,4424,random
ran_004638,22884,random
ran_004639,4430,random
ran_004639,19815,random
ran_004640,4449,random
ran_004640,26059,random
ran_004641,1059,random
ran_004641,4450,random
ran_004642,1107,random
ran_004642,4452,random
ran_004643,4458,random
ran_004643,18929,random
ran_004644,4489,random
ran_004644,6527,random
ran_004645,2529,random
ran_004645,4489,random
ran_004646,540,random
ran_004646,4502,random
ran_004647,3087,random
ran_004647,4502,random
ran_004648,4511,random
ran_004648,20484,random
ran_004649,4520,random
ran_004649,11940,random
ran_004650,4520,random
ran_004650,9882,random
ran_004651,4520,random
ran_004651,6604,random
ran_004652,315,random
ran_004652,4528,random
ran_004653,1557,random
ran_004653,4528,random
ran_004654,4535,random
ran_004654,21471,random
ran_004654,23719,random
ran_004655,4559,random
ran_004655,12841,random
ran_004656,4559,random
ran_004656,12964,random
ran_004657,1055,random
ran_004657,4562,random
ran_004657,23455,random
ran_004658,4567,random
ran_004658,13653,random
ran_004659,4567,random
ran_004659,11949,random
ran_004660,4426,random
ran_004660,4567,random
ran_004661,4567,random
ran_004661,5553,random
ran_004662,4567,random
ran_004662,22771,random
ran_004663,4567,random
ran_004663,21241,random
ran_004664,4567,random
ran_004664,15220,random
ran_004665,3330,random
ran_004665,4568,random
ran_004665,9346,random
ran_004666,4579,random
ran_004666,10538,random
ran_004667,4579,random
ran_004667,16904,random
ran_004668,4585,random
ran_004668,11418,random
ran_004669,4601,random
ran_004669,7058,random
ran_004670,4601,random
ran_004670,11478,random
ran_004671,4601,random
ran_004671,6706,random
ran_004671,18194,random
ran_004672,4611,random
ran_004672,13295,random
ran_004673,4614,random
ran_004673,12690,random
ran_004674,4632,random
ran_004674,9779,random
ran_004674,19012,random
ran_004675,4636,random
ran_004675,10763,random
ran_004676,4636,random
ran_004676,18619,random
ran_004677,4451,random
ran_004677,4660,random
ran_004678,521,random
ran_004678,4674,random
ran_004679,4681,random
ran_004679,8767,random
ran_004680,4651,random
ran_004680,4693,random
ran_004681,4700,random
ran_004681,8452,random
ran_004682,1634,random
ran_004682,4715,random
ran_004683,324,random
ran_004683,4719,random
ran_004684,4719,random
ran_004684,14173,random
ran_004685,4747,random
ran_004685,5623,random
ran_004685,7328,random
ran_004686,4754,random
ran_004686,7479,random
ran_004687,2085,random
ran_004687,4755,random
ran_004688,4774,random
ran_004688,12282,random
ran_004689,652,random
ran_004689,4784,random
ran_004689,25201,random
ran_004690,4498,random
ran_004690,4787,random
ran_004691,4559,random
ran_004691,4787,random
ran_004692,4097,random
ran_004692,4792,random
ran_004693,484,random
ran_004693,4792,random
ran_004694,4804,random
ran_004694,7366,random
ran_004695,4837,random
ran_004695,12449,random
ran_004696,4837,random
ran_004696,7025,random
ran_004697,4844,random
ran_004697,8562,random
ran_004698,4859,random
ran_004698,6086,random
ran_004699,3306,random
ran_004699,4859,random
ran_004700,3985,random
ran_004700,4859,random
ran_004700,10050,random
ran_004701,4863,random
ran_004701,6699,random
ran_004702,3989,random
ran_004702,4863,random
ran_004703,2983,random
ran_004703,4869,random
ran_004704,321,random
ran_004704,4876,random
ran_004705,1258,random
ran_004705,4876,random
ran_004706,4876,random
ran_004706,16013,random
ran_004707,4905,random
ran_004707,20473,random
ran_004708,2109,random
ran_004708,4917,random
ran_004709,4918,random
ran_004709,25966,random
ran_004710,5037,random
ran_004710,13273,random
ran_004711,3018,random
ran_004711,5038,random
ran_004712,5089,random
ran_004712,17501,random
ran_004713,5089,random
ran_004713,13349,random
ran_004714,1536,random
ran_004714,5089,random
ran_004715,5096,random
ran_004715,9024,random
ran_004715,25078,random
ran_004716,1055,random
ran_004716,5121,random
ran_004717,5123,random
ran_004717,5570,random
ran_004718,2144,random
ran_004718,5123,random
ran_004719,5123,random
ran_004719,6270,random
ran_004720,5123,random
ran_004720,21132,random
ran_004721,5123,random
ran_004721,11046,random
ran_004722,1920,random
ran_004722,5123,random
ran_004723,5123,random
ran_004723,5498,random
ran_004723,6294,random
ran_004724,5126,random
ran_004724,12484,random
ran_004725,467,random
ran_004725,5126,random
ran_004726,5126,random
ran_004726,18624,random
ran_004727,5126,random
ran_004727,20353,random
ran_004728,4424,random
ran_004728,5126,random
ran_004729,5126,random
ran_004729,20231,random
ran_004730,1291,random
ran_004730,5145,random
ran_004731,4371,random
ran_004731,5146,random
ran_004732,4769,random
ran_004732,5147,random
ran_004733,5147,random
ran_004733,5370,random
ran_004734,3306,random
ran_004734,5159,random
ran_004735,5159,random
ran_004735,12349,random
ran_004736,1241,random
ran_004736,5159,random
ran_004737,5159,random
ran_004737,10393,random
ran_004738,5167,random
ran_004738,20571,random
ran_004738,20820,random
ran_004739,4614,random
ran_004739,5207,random
ran_004740,5213,random
ran_004740,19012,random
ran_004741,5275,random
ran_004741,8959,random
ran_004742,5275,random
ran_004742,12852,random
ran_004743,5275,random
ran_004743,8537,random
ran_004744,5275,random
ran_004744,10614,random
ran_004744,12629,random
ran_004745,2560,random
ran_004745,5275,random
ran_004746,5275,random
ran_004746,18891,random
ran_004747,2033,random
ran_004747,5275,random
ran_004748,5275,random
ran_004748,19340,random
ran_004749,378,random
ran_004749,5277,random
ran_004750,5293,random
ran_004750,19435,random
ran_004751,5296,random
ran_004751,10238,random
ran_004752,5296,random
ran_004752,6131,random
ran_004753,5296,random
ran_004753,8959,random
ran_004754,2614,random
ran_004754,5301,random
ran_004755,5301,random
ran_004755,15268,random
ran_004756,1004,random
ran_004756,5301,random
ran_004757,2871,random
ran_004757,5303,random
ran_004758,1577,random
ran_004758,5324,random
ran_004759,5329,random
ran_004759,6883,random
ran_004760,133,random
ran_004760,5329,random
ran_004761,5340,random
ran_004761,7140,random
ran_004762,1361,random
ran_004762,5370,random
ran_004763,5377,random
ran_004763,12841,random
ran_004764,5377,random
ran_004764,8882,random
ran_004765,994,random
ran_004765,5383,random
ran_004766,5390,random
ran_004766,10163,random
ran_004767,2907,random
ran_004767,5399,random
ran_004768,1249,random
ran_004768,5402,random
ran_004769,5416,random
ran_004769,17344,random
ran_004770,4601,random
ran_004770,5434,random
ran_004771,5434,random
ran_004771,7163,random
ran_004772,5451,random
ran_004772,9890,random
ran_004773,1249,random
ran_004773,5485,random
ran_004774,5487,random
ran_004774,14939,random
ran_004775,5494,random
ran_004775,5737,random
ran_004775,20081,random
ran_004776,5494,random
ran_004776,17044,random
ran_004777,5506,random
ran_004777,19410,random
ran_004778,4502,random
ran_004778,5524,random
ran_004779,5545,random
ran_004779,7870,random
ran_004780,5570,random
ran_004780,9223,random
ran_004781,5570,random
ran_004781,15603,random
ran_004782,2456,random
ran_004782,5570,random
ran_004783,5570,random
ran_004783,12062,random
ran_004784,1940,random
ran_004784,5621,random
ran_004785,5443,random
ran_004785,5621,random
ran_004786,5353,random
ran_004786,5621,random
ran_004787,5621,random
ran_004787,8913,random
ran_004788,5630,random
ran_004788,13983,random
ran_004789,315,random
ran_004789,5642,random
ran_004790,5663,random
ran_004790,9757,random
ran_004791,5708,random
ran_004791,12340,random
ran_004792,5708,random
ran_004792,14546,random
ran_004793,5713,random
ran_004793,8078,random
ran_004794,5713,random
ran_004794,11161,random
ran_004795,1326,random
ran_004795,5729,random
ran_004796,5729,random
ran_004796,17421,random
ran_004797,3696,random
ran_004797,5731,random
ran_004798,5734,random
ran_004798,9274,random
ran_004799,5752,random
ran_004799,11487,random
ran_004800,5755,random
ran_004800,6777,random
ran_004801,5755,random
ran_004801,10727,random
ran_004802,5766,random
ran_004802,12901,random
ran_004803,2846,random
ran_004803,5781,random
ran_004804,5781,random
ran_004804,12140,random
ran_004805,5781,random
ran_004805,21606,random
ran_004806,5783,random
ran_004806,15333,random
ran_004807,5783,random
ran_004807,6720,random
ran_004808,5788,random
ran_004808,14573,random
ran_004809,220,random
ran_004809,5794,random
ran_004810,5843,random
ran_004810,5977,random
ran_004811,5853,random
ran_004811,7465,random
ran_004812,1371,random
ran_004812,5853,random
ran_004813,5853,random
ran_004813,20590,random
ran_004813,21774,random
ran_004814,5781,random
ran_004814,5853,random
ran_004814,11445,random
ran_004815,1773,random
ran_004815,5888,random
ran_004816,5888,random
ran_004816,8812,random
ran_004817,5888,random
ran_004817,8478,random
ran_004818,1358,random
ran_004818,5888,random
ran_004818,18305,random
ran_004819,5888,random
ran_004819,27201,random
ran_004820,597,random
ran_004820,5920,random
ran_004821,5950,random
ran_004821,22910,random
ran_004822,192,random
ran_004822,5950,random
ran_004823,5962,random
ran_004823,8478,random
ran_004823,12182,random
ran_004824,4374,random
ran_004824,5970,random
ran_004825,5970,random
ran_004825,7364,random
ran_004826,2908,random
ran_004826,5970,random
ran_004826,7920,random
ran_004827,3473,random
ran_004827,5972,random
ran_004827,19945,random
ran_004827,22613,random
ran_004828,5973,random
ran_004828,11741,random
ran_004829,5973,random
ran_004829,7405,random
ran_004830,5973,random
ran_004830,8562,random
ran_004831,5973,random
ran_004831,17203,random
ran_004832,2359,random
ran_004832,5977,random
ran_004833,5977,random
ran_004833,8906,random
ran_004834,4373,random
ran_004834,6001,random
ran_004835,6007,random
ran_004835,8613,random
ran_004836,5249,random
ran_004836,6007,random
ran_004837,6007,random
ran_004837,14409,random
ran_004838,6007,random
ran_004838,15290,random
ran_004839,6007,random
ran_004839,15643,random
ran_004839,17258,random
ran_004840,6007,random
ran_004840,23831,random
ran_004841,6026,random
ran_004841,16551,random
ran_004842,6026,random
ran_004842,10711,random
ran_004843,6026,random
ran_004843,19531,random
ran_004844,6026,random
ran_004844,8045,random
ran_004845,2172,random
ran_004845,6084,random
ran_004846,6089,random
ran_004846,8112,random
ran_004847,6089,random
ran_004847,7605,random
ran_004848,6095,random
ran_004848,17964,random
ran_004849,6107,random
ran_004849,6704,random
ran_004850,6120,random
ran_004850,26135,random
ran_004851,901,random
ran_004851,6120,random
ran_004851,9176,random
ran_004852,5496,random
ran_004852,6120,random
ran_004853,6120,random
ran_004853,9811,random
ran_004854,1348,random
ran_004854,6125,random
ran_004855,2173,random
ran_004855,6125,random
ran_004856,1413,random
ran_004856,6125,random
ran_004857,6125,random
ran_004857,8756,random
ran_004858,3091,random
ran_004858,6130,random
ran_004859,3083,random
ran_004859,6154,random
ran_004860,203,random
ran_004860,6154,random
ran_004861,6155,random
ran_004861,21437,random
ran_004862,6165,random
ran_004862,6502,random
ran_004863,4743,random
ran_004863,6165,random
ran_004864,478,random
ran_004864,6168,random
ran_004865,6168,random
ran_004865,15114,random
ran_004866,4483,random
ran_004866,6168,random
ran_004866,18507,random
ran_004867,3986,random
ran_004867,6169,random
ran_004868,1331,random
ran_004868,6177,random
ran_004869,6182,random
ran_004869,25430,random
ran_004870,6189,random
ran_004870,8763,random
ran_004871,1135,random
ran_004871,6200,random
ran_004872,5972,random
ran_004872,6232,random
ran_004873,6261,random
ran_004873,7031,random
ran_004874,6272,random
ran_004874,8134,random
ran_004875,6272,random
ran_004875,12423,random
ran_004876,6327,random
ran_004876,8605,random
ran_004877,6351,random
ran_004877,6924,random
ran_004878,1229,random
ran_004878,6359,random
ran_004879,554,random
ran_004879,6364,random
ran_004880,6383,random
ran_004880,9258,random
ran_004881,6393,random
ran_004881,10591,random
ran_004882,6393,random
ran_004882,12841,random
ran_004883,6393,random
ran_004883,11424,random
ran_004884,6402,random
ran_004884,9410,random
ran_004884,20194,random
ran_004884,26328,random
ran_004885,6412,random
ran_004885,18153,random
ran_004886,344,random
ran_004886,6412,random
ran_004887,6412,random
ran_004887,13117,random
ran_004888,6412,random
ran_004888,8427,random
ran_004889,4275,random
ran_004889,6419,random
ran_004890,5010,random
ran_004890,6424,random
ran_004891,6434,random
ran_004891,14939,random
ran_004892,4787,random
ran_004892,6457,random
ran_004893,993,random
ran_004893,6457,random
ran_004894,2997,random
ran_004894,6457,random
ran_004895,786,random
ran_004895,6457,random
ran_004896,6457,random
ran_004896,11644,random
ran_004897,1916,random
ran_004897,6457,random
ran_004897,6953,random
ran_004898,6458,random
ran_004898,15788,random
ran_004899,6462,random
ran_004899,14247,random
ran_004900,3535,random
ran_004900,6480,random
ran_004901,6499,random
ran_004901,20492,random
ran_004902,4998,random
ran_004902,6506,random
ran_004903,6508,random
ran_004903,15932,random
ran_004904,6508,random
ran_004904,22666,random
ran_004905,533,random
ran_004905,6545,random
ran_004906,6557,random
ran_004906,13079,random
ran_004907,6558,random
ran_004907,8990,random
ran_004908,6559,random
ran_004908,13273,random
ran_004909,6570,random
ran_004909,9132,random
ran_004910,6579,random
ran_004910,7400,random
ran_004911,4030,random
ran_004911,6579,random
ran_004912,2767,random
ran_004912,6590,random
ran_004913,6596,random
ran_004913,15844,random
ran_004914,6598,random
ran_004914,17332,random
ran_004915,2941,random
ran_004915,6604,random
ran_004915,15173,random
ran_004916,6604,random
ran_004916,11607,random
ran_004917,6608,random
ran_004917,12597,random
ran_004918,2396,random
ran_004918,6616,random
ran_004919,6622,random
ran_004919,11326,random
ran_004920,261,random
ran_004920,6622,random
ran_004921,4978,random
ran_004921,6625,random
ran_004922,3515,random
ran_004922,6629,random
ran_004923,2172,random
ran_004923,6636,random
ran_004924,6645,random
ran_004924,10252,random
ran_004925,6653,random
ran_004925,8427,random
ran_004926,6653,random
ran_004926,9348,random
ran_004927,1552,random
ran_004927,6653,random
ran_004928,5734,random
ran_004928,6653,random
ran_004929,6653,random
ran_004929,18607,random
ran_004930,4422,random
ran_004930,6672,random
ran_004931,6672,random
ran_004931,8191,random
ran_004932,6672,random
ran_004932,23855,random
ran_004933,654,random
ran_004933,1958,random
ran_004933,4445,random
ran_004933,6672,random
ran_004934,3456,random
ran_004934,6672,random
ran_004935,6339,random
ran_004935,6672,random
ran_004935,10477,random
ran_004936,6672,random
ran_004936,16596,random
ran_004937,6672,random
ran_004937,11853,random
ran_004938,5445,random
ran_004938,6672,random
ran_004939,3205,random
ran_004939,6681,random
ran_004940,4492,random
ran_004940,6690,random
ran_004941,6699,random
ran_004941,14809,random
ran_004942,5535,random
ran_004942,6704,random
ran_004943,2036,random
ran_004943,6719,random
ran_004944,6732,random
ran_004944,14166,random
ran_004945,904,random
ran_004945,6739,random
ran_004946,6740,random
ran_004946,17065,random
ran_004947,6756,random
ran_004947,23146,random
ran_004948,6764,random
ran_004948,13326,random
ran_004948,13552,random
ran_004949,6764,random
ran_004949,10355,random
ran_004950,6764,random
ran_004950,24162,random
ran_004951,2017,random
ran_004951,6764,random
ran_004952,6775,random
ran_004952,12355,random
ran_004953,2826,random
ran_004953,6779,random
ran_004954,6779,random
ran_004954,17443,random
ran_004955,787,random
ran_004955,6792,random
ran_004956,900,random
ran_004956,6799,random
ran_004957,6813,random
ran_004957,10421,random
ran_004958,771,random
ran_004958,6813,random
ran_004959,6000,random
ran_004959,6814,random
ran_004960,6844,random
ran_004960,17065,random
ran_004961,6862,random
ran_004961,15661,random
ran_004962,1188,random
ran_004962,6862,random
ran_004962,22105,random
ran_004963,6862,random
ran_004963,7578,random
ran_004964,6862,random
ran_004964,7248,random
ran_004965,1378,random
ran_004965,6866,random
ran_004966,306,random
ran_004966,6881,random
ran_004967,435,random
ran_004967,6883,random
ran_004968,3239,random
ran_004968,6887,random
ran_004969,6897,random
ran_004969,28776,random
ran_004970,6904,random
ran_004970,13376,random
ran_004971,6906,random
ran_004971,8544,random
ran_004971,16088,random
ran_004972,6908,random
ran_004972,17761,random
ran_004973,5166,random
ran_004973,6908,random
ran_004974,6908,random
ran_004974,9026,random
ran_004975,2166,random
ran_004975,6947,random
ran_004976,459,random
ran_004976,6993,random
ran_004977,7025,random
ran_004977,8644,random
ran_004978,7025,random
ran_004978,15730,random
ran_004979,4535,random
ran_004979,7044,random
ran_004980,7045,random
ran_004980,18178,random
ran_004981,7045,random
ran_004981,11361,random
ran_004982,3645,random
ran_004982,4345,random
ran_004982,7045,random
ran_004983,7045,random
ran_004983,19794,random
ran_004984,7045,random
ran_004984,10895,random
ran_004985,7045,random
ran_004985,26343,random
ran_004986,7045,random
ran_004986,25142,random
ran_004987,3800,random
ran_004987,7048,random
ran_004988,5505,random
ran_004988,7063,random
ran_004989,7066,random
ran_004989,12181,random
ran_004990,7087,random
ran_004990,13376,random
ran_004991,921,random
ran_004991,7089,random
ran_004991,8537,random
ran_004992,1419,random
ran_004992,7131,random
ran_004993,3544,random
ran_004993,7131,random
ran_004994,7137,random
ran_004994,7507,random
ran_004995,7137,random
ran_004995,12710,random
ran_004996,7140,random
ran_004996,10433,random
ran_004997,897,random
ran_004997,7140,random
ran_004998,1463,random
ran_004998,7140,random
ran_004999,7140,random
ran_004999,15801,random
ran_005000,3898,random
ran_005000,7140,random
ran_005001,3798,random
ran_005001,7140,random
ran_005002,5111,random
ran_005002,7162,random
ran_005003,7162,random
ran_005003,9856,random
ran_005004,4307,random
ran_005004,7200,random
ran_005005,5258,random
ran_005005,7200,random
ran_005006,7200,random
ran_005006,9358,random
ran_005007,768,random
ran_005007,7200,random
ran_005007,9847,random
ran_005008,3669,random
ran_005008,7200,random
ran_005009,3685,random
ran_005009,7200,random
ran_005010,5755,random
ran_005010,7200,random
ran_005011,7200,random
ran_005011,7718,random
ran_005012,955,random
ran_005012,7200,random
ran_005013,4114,random
ran_005013,7200,random
ran_005014,504,random
ran_005014,5282,random
ran_005014,7200,random
ran_005015,7200,random
ran_005015,21622,random
ran_005016,7200,random
ran_005016,9444,random
ran_005017,7214,random
ran_005017,13157,random
ran_005018,3566,random
ran_005018,7248,random
ran_005019,7248,random
ran_005019,7327,random
ran_005020,7255,random
ran_005020,20984,random
ran_005021,5445,random
ran_005021,7264,random
ran_005022,5187,random
ran_005022,7278,random
ran_005023,1107,random
ran_005023,7278,random
ran_005024,7278,random
ran_005024,8644,random
ran_005025,7278,random
ran_005025,11441,random
ran_005026,7288,random
ran_005026,11531,random
ran_005027,7300,random
ran_005027,13223,random
ran_005028,3586,random
ran_005028,7302,random
ran_005029,5199,random
ran_005029,7307,random
ran_005030,6720,random
ran_005030,7307,random
ran_005030,18282,random
ran_005031,7307,random
ran_005031,20964,random
ran_005031,22628,random
ran_005032,5277,random
ran_005032,7312,random
ran_005033,5303,random
ran_005033,7323,random
ran_005034,7332,random
ran_005034,12518,random
ran_005034,15795,random
ran_005035,6616,random
ran_005035,7332,random
ran_005036,7007,random
ran_005036,7332,random
ran_005036,14573,random
ran_005037,5283,random
ran_005037,7343,random
ran_005038,385,random
ran_005038,7352,random
ran_005039,7364,random
ran_005039,11256,random
ran_005040,1094,random
ran_005040,7364,random
ran_005041,7369,random
ran_005041,19768,random
ran_005042,7369,random
ran_005042,22636,random
ran_005043,7369,random
ran_005043,15140,random
ran_005044,2744,random
ran_005044,7372,random
ran_005045,1415,random
ran_005045,7372,random
ran_005046,581,random
ran_005046,7384,random
ran_005047,7384,random
ran_005047,8675,random
ran_005048,1007,random
ran_005048,7384,random
ran_005049,7405,random
ran_005049,8128,random
ran_005050,7405,random
ran_005050,10538,random
ran_005051,5708,random
ran_005051,7405,random
ran_005052,7405,random
ran_005052,14967,random
ran_005053,5623,random
ran_005053,7413,random
ran_005054,7426,random
ran_005054,9115,random
ran_005055,5013,random
ran_005055,7433,random
ran_005056,7433,random
ran_005056,11149,random
ran_005057,2195,random
ran_005057,7445,random
ran_005057,11116,random
ran_005058,7163,random
ran_005058,7469,random
ran_005059,7478,random
ran_005059,13066,random
ran_005060,7480,random
ran_005060,14189,random
ran_005061,7480,random
ran_005061,18814,random
ran_005062,1772,random
ran_005062,7480,random
ran_005063,1634,random
ran_005063,7535,random
ran_005064,2434,random
ran_005064,7535,random
ran_005065,6756,random
ran_005065,7535,random
ran_005066,7535,random
ran_005066,9364,random
ran_005067,7539,random
ran_005067,11506,random
ran_005068,7558,random
ran_005068,10524,random
ran_005069,7563,random
ran_005069,8088,random
ran_005070,7581,random
ran_005070,8716,random
ran_005071,7581,random
ran_005071,13962,random
ran_005072,137,random
ran_005072,7583,random
ran_005073,2820,random
ran_005073,7610,random
ran_005074,7610,random
ran_005074,24302,random
ran_005075,3587,random
ran_005075,7619,random
ran_005076,7635,random
ran_005076,25519,random
ran_005077,7471,random
ran_005077,7640,random
ran_005078,7663,random
ran_005078,9897,random
ran_005079,722,random
ran_005079,7679,random
ran_005079,12209,random
ran_005079,14813,random
ran_005080,331,random
ran_005080,7681,random
ran_005081,2564,random
ran_005081,7696,random
ran_005082,1597,random
ran_005082,7707,random
ran_005083,7707,random
ran_005083,20044,random
ran_005084,241,random
ran_005084,7722,random
ran_005085,7722,random
ran_005085,10022,random
ran_005086,2442,random
ran_005086,3488,random
ran_005086,7722,random
ran_005087,2514,random
ran_005087,7722,random
ran_005088,7722,random
ran_005088,10106,random
ran_005089,7722,random
ran_005089,12735,random
ran_005090,7722,random
ran_005090,17223,random
ran_005091,4822,random
ran_005091,7732,random
ran_005091,16336,random
ran_005092,2511,random
ran_005092,7739,random
ran_005093,7739,random
ran_005093,16617,random
ran_005094,4180,random
ran_005094,7739,random
ran_005095,6570,random
ran_005095,7739,random
ran_005096,5103,random
ran_005096,7765,random
ran_005097,7765,random
ran_005097,9226,random
ran_005098,7768,random
ran_005098,11884,random
ran_005099,7768,random
ran_005099,16568,random
ran_005100,1105,random
ran_005100,7768,random
ran_005101,5910,random
ran_005101,7771,random
ran_005102,2892,random
ran_005102,7797,random
ran_005103,7806,random
ran_005103,19110,random
ran_005104,2033,random
ran_005104,7838,random
ran_005105,7838,random
ran_005105,10243,random
ran_005106,1047,random
ran_005106,2077,random
ran_005106,7838,random
ran_005107,5734,random
ran_005107,7838,random
ran_005108,7838,random
ran_005108,24507,random
ran_005109,7838,random
ran_005109,11749,random
ran_005110,7894,random
ran_005110,21487,random
ran_005111,1267,random
ran_005111,7957,random
ran_005112,7957,random
ran_005112,11231,random
ran_005113,6792,random
ran_005113,7968,random
ran_005114,7971,random
ran_005114,17935,random
ran_005114,19181,random
ran_005115,1236,random
ran_005115,7989,random
ran_005116,69,random
ran_005116,8002,random
ran_005117,5277,random
ran_005117,8012,random
ran_005118,8012,random
ran_005118,15190,random
ran_005119,4733,random
ran_005119,8031,random
ran_005120,581,random
ran_005120,8038,random
ran_005121,465,random
ran_005121,8045,random
ran_005122,7723,random
ran_005122,8045,random
ran_005123,8084,random
ran_005123,13761,random
ran_005124,8084,random
ran_005124,12945,random
ran_005125,8085,random
ran_005125,9444,random
ran_005126,8085,random
ran_005126,14521,random
ran_005127,2976,random
ran_005127,8088,random
ran_005128,8142,random
ran_005128,26527,random
ran_005129,412,random
ran_005129,8147,random
ran_005130,8147,random
ran_005130,10248,random
ran_005131,3776,random
ran_005131,8149,random
ran_005132,3660,random
ran_005132,8149,random
ran_005133,4293,random
ran_005133,8166,random
ran_005134,4844,random
ran_005134,8191,random
ran_005135,4559,random
ran_005135,8191,random
ran_005136,2369,random
ran_005136,8191,random
ran_005137,8191,random
ran_005137,15331,random
ran_005138,8191,random
ran_005138,10132,random
ran_005139,8191,random
ran_005139,11654,random
ran_005140,6114,random
ran_005140,8191,random
ran_005140,13793,random
ran_005141,8191,random
ran_005141,8763,random
ran_005142,8047,random
ran_005142,8204,random
ran_005143,1187,random
ran_005143,8215,random
ran_005144,1467,random
ran_005144,8216,random
ran_005144,11041,random
ran_005145,8220,random
ran_005145,18089,random
ran_005146,4177,random
ran_005146,8256,random
ran_005147,7295,random
ran_005147,8257,random
ran_005148,8257,random
ran_005148,13869,random
ran_005149,8261,random
ran_005149,24287,random
ran_005150,8269,random
ran_005150,21193,random
ran_005151,4965,random
ran_005151,8300,random
ran_005152,5370,random
ran_005152,8316,random
ran_005153,5573,random
ran_005153,8316,random
ran_005153,10176,random
ran_005153,11103,random
ran_005154,576,random
ran_005154,8321,random
ran_005155,8347,random
ran_005155,11987,random
ran_005156,8347,random
ran_005156,12433,random
ran_005157,8350,random
ran_005157,20021,random
ran_005158,8378,random
ran_005158,9770,random
ran_005159,3470,random
ran_005159,8387,random
ran_005160,5870,random
ran_005160,8390,random
ran_005161,7696,random
ran_005161,8390,random
ran_005162,8397,random
ran_005162,15925,random
ran_005163,5680,random
ran_005163,8414,random
ran_005164,8428,random
ran_005164,25966,random
ran_005165,8428,random
ran_005165,28183,random
ran_005166,8492,random
ran_005166,17921,random
ran_005167,1901,random
ran_005167,8511,random
ran_005168,7838,random
ran_005168,8537,random
ran_005169,8537,random
ran_005169,13379,random
ran_005170,8537,random
ran_005170,13616,random
ran_005171,1173,random
ran_005171,8537,random
ran_005172,6114,random
ran_005172,8537,random
ran_005173,3566,random
ran_005173,8543,random
ran_005173,14190,random
ran_005174,442,random
ran_005174,8551,random
ran_005175,1067,random
ran_005175,8562,random
ran_005176,8562,random
ran_005176,20393,random
ran_005177,8562,random
ran_005177,17754,random
ran_005178,8312,random
ran_005178,8574,random
ran_005179,8574,random
ran_005179,8948,random
ran_005180,6792,random
ran_005180,8594,random
ran_005181,5755,random
ran_005181,8594,random
ran_005182,8597,random
ran_005182,15989,random
ran_005183,8612,random
ran_005183,11242,random
ran_005184,3624,random
ran_005184,8612,random
ran_005185,3883,random
ran_005185,8612,random
ran_005186,8612,random
ran_005186,11100,random
ran_005187,8612,random
ran_005187,10178,random
ran_005187,12539,random
ran_005188,4426,random
ran_005188,8617,random
ran_005189,8626,random
ran_005189,14947,random
ran_005190,1290,random
ran_005190,8660,random
ran_005191,4289,random
ran_005191,8660,random
ran_005192,5686,random
ran_005192,8660,random
ran_005193,2608,random
ran_005193,8660,random
ran_005194,8306,random
ran_005194,8670,random
ran_005195,3976,random
ran_005195,8673,random
ran_005196,6363,random
ran_005196,8682,random
ran_005197,5019,random
ran_005197,8683,random
ran_005198,8705,random
ran_005198,10900,random
ran_005199,5708,random
ran_005199,8705,random
ran_005200,5126,random
ran_005200,8705,random
ran_005201,8705,random
ran_005201,21132,random
ran_005202,273,random
ran_005202,8705,random
ran_005203,3448,random
ran_005203,8724,random
ran_005204,8734,random
ran_005204,14711,random
ran_005205,8734,random
ran_005205,14162,random
ran_005206,8734,random
ran_005206,9033,random
ran_005207,8751,random
ran_005207,13589,random
ran_005208,8752,random
ran_005208,10897,random
ran_005208,19471,random
ran_005209,6063,random
ran_005209,8761,random
ran_005210,8761,random
ran_005210,20746,random
ran_005211,8763,random
ran_005211,12115,random
ran_005212,8763,random
ran_005212,20605,random
ran_005213,3473,random
ran_005213,8764,random
ran_005214,4988,random
ran_005214,8764,random
ran_005215,3128,random
ran_005215,8766,random
ran_005216,6946,random
ran_005216,8769,random
ran_005217,8769,random
ran_005217,19792,random
ran_005218,3190,random
ran_005218,8776,random
ran_005218,9462,random
ran_005219,8799,random
ran_005219,12922,random
ran_005219,20511,random
ran_005220,8824,random
ran_005220,15756,random
ran_005221,1154,random
ran_005221,8837,random
ran_005222,8837,random
ran_005222,12118,random
ran_005223,8862,random
ran_005223,13653,random
ran_005224,8875,random
ran_005224,9226,random
ran_005225,8875,random
ran_005225,11985,random
ran_005226,6710,random
ran_005226,8890,random
ran_005227,2278,random
ran_005227,2988,random
ran_005227,8900,random
ran_005228,5743,random
ran_005228,8900,random
ran_005229,8911,random
ran_005229,18628,random
ran_005230,994,random
ran_005230,8944,random
ran_005231,5200,random
ran_005231,8944,random
ran_005232,8944,random
ran_005232,10271,random
ran_005233,8944,random
ran_005233,10668,random
ran_005234,2270,random
ran_005234,8944,random
ran_005235,8962,random
ran_005235,17780,random
ran_005236,8962,random
ran_005236,9893,random
ran_005237,8962,random
ran_005237,16608,random
ran_005238,8974,random
ran_005238,12589,random
ran_005239,4719,random
ran_005239,8976,random
ran_005240,8990,random
ran_005240,20800,random
ran_005241,4289,random
ran_005241,8990,random
ran_005242,2880,random
ran_005242,8990,random
ran_005243,2205,random
ran_005243,6633,random
ran_005243,9003,random
ran_005244,9003,random
ran_005244,15452,random
ran_005245,9003,random
ran_005245,21815,random
ran_005246,9003,random
ran_005246,20677,random
ran_005247,9003,random
ran_005247,16807,random
ran_005248,9003,random
ran_005248,21985,random
ran_005249,9005,random
ran_005249,15944,random
ran_005250,2670,random
ran_005250,9005,random
ran_005251,156,random
ran_005251,9023,random
ran_005252,9024,random
ran_005252,18585,random
ran_005253,5621,random
ran_005253,9037,random
ran_005254,2270,random
ran_005254,9037,random
ran_005255,9038,random
ran_005255,10778,random
ran_005256,2126,random
ran_005256,9042,random
ran_005257,9066,random
ran_005257,17272,random
ran_005258,3750,random
ran_005258,9066,random
ran_005259,7471,random
ran_005259,9066,random
ran_005260,5352,random
ran_005260,9074,random
ran_005261,366,random
ran_005261,9117,random
ran_005262,1666,random
ran_005262,9130,random
ran_005263,2583,random
ran_005263,9130,random
ran_005264,9133,random
ran_005264,13761,random
ran_005265,2602,random
ran_005265,9133,random
ran_005266,9146,random
ran_005266,23268,random
ran_005267,9159,random
ran_005267,17160,random
ran_005268,9159,random
ran_005268,29023,random
ran_005269,3818,random
ran_005269,9159,random
ran_005270,8970,random
ran_005270,9159,random
ran_005270,10569,random
ran_005271,9184,random
ran_005271,9590,random
ran_005271,11083,random
ran_005272,847,random
ran_005272,9184,random
ran_005273,9184,random
ran_005273,11333,random
ran_005274,280,random
ran_005274,9199,random
ran_005274,10662,random
ran_005274,20900,random
ran_005275,9203,random
ran_005275,14180,random
ran_005276,7039,random
ran_005276,9223,random
ran_005276,20010,random
ran_005277,9233,random
ran_005277,15747,random
ran_005278,9122,random
ran_005278,9244,random
ran_005279,9244,random
ran_005279,10302,random
ran_005280,3423,random
ran_005280,9244,random
ran_005281,5177,random
ran_005281,9264,random
ran_005282,9272,random
ran_005282,19600,random
ran_005283,9272,random
ran_005283,25533,random
ran_005284,9279,random
ran_005284,10008,random
ran_005285,2892,random
ran_005285,9307,random
ran_005286,5842,random
ran_005286,9307,random
ran_005287,5365,random
ran_005287,9346,random
ran_005288,6270,random
ran_005288,9348,random
ran_005289,5296,random
ran_005289,9348,random
ran_005290,471,random
ran_005290,9348,random
ran_005290,14640,random
ran_005291,6669,random
ran_005291,9049,random
ran_005291,9348,random
ran_005292,1531,random
ran_005292,9348,random
ran_005293,227,random
ran_005293,9363,random
ran_005294,3607,random
ran_005294,9363,random
ran_005295,8191,random
ran_005295,9363,random
ran_005296,9363,random
ran_005296,13217,random
ran_005297,9369,random
ran_005297,13257,random
ran_005298,3097,random
ran_005298,9381,random
ran_005298,17266,random
ran_005298,29541,random
ran_005299,9385,random
ran_005299,18202,random
ran_005300,1693,random
ran_005300,9398,random
ran_005301,9398,random
ran_005301,16428,random
ran_005302,9417,random
ran_005302,11820,random
ran_005303,5228,random
ran_005303,9421,random
ran_005304,9432,random
ran_005304,16319,random
ran_005305,961,random
ran_005305,9451,random
ran_005306,2426,random
ran_005306,9470,random
ran_005307,9470,random
ran_005307,21568,random
ran_005308,2075,random
ran_005308,9478,random
ran_005309,6685,random
ran_005309,9481,random
ran_005310,7461,random
ran_005310,9487,random
ran_005311,9496,random
ran_005311,11174,random
ran_005312,9496,random
ran_005312,23296,random
ran_005313,4789,random
ran_005313,9497,random
ran_005314,6500,random
ran_005314,9497,random
ran_005315,9497,random
ran_005315,16003,random
ran_005316,9497,random
ran_005316,19210,random
ran_005317,4655,random
ran_005317,9497,random
ran_005317,23455,random
ran_005318,9497,random
ran_005318,21416,random
ran_005319,9501,random
ran_005319,10864,random
ran_005320,5208,random
ran_005320,9501,random
ran_005321,8660,random
ran_005321,9506,random
ran_005322,3316,random
ran_005322,9528,random
ran_005323,4014,random
ran_005323,9530,random
ran_005324,2353,random
ran_005324,9556,random
ran_005325,9063,random
ran_005325,9556,random
ran_005326,9556,random
ran_005326,10970,random
ran_005327,8064,random
ran_005327,9584,random
ran_005327,18060,random
ran_005328,5391,random
ran_005328,9584,random
ran_005329,9584,random
ran_005329,29229,random
ran_005330,9595,random
ran_005330,15711,random
ran_005331,9595,random
ran_005331,9710,random
ran_005331,19262,random
ran_005331,21074,random
ran_005332,54,random
ran_005332,9595,random
ran_005333,2364,random
ran_005333,9621,random
ran_005334,9621,random
ran_005334,14626,random
ran_005335,867,random
ran_005335,3566,random
ran_005335,9629,random
ran_005336,9638,random
ran_005336,18342,random
ran_005337,358,random
ran_005337,9666,random
ran_005338,7220,random
ran_005338,9687,random
ran_005339,8149,random
ran_005339,9687,random
ran_005340,9687,random
ran_005340,10538,random
ran_005341,9687,random
ran_005341,19080,random
ran_005342,9693,random
ran_005342,9705,random
ran_005343,554,random
ran_005343,9734,random
ran_005344,5724,random
ran_005344,5985,random
ran_005344,9734,random
ran_005345,9734,random
ran_005345,11438,random
ran_005346,376,random
ran_005346,9734,random
ran_005347,7806,random
ran_005347,9759,random
ran_005348,9763,random
ran_005348,16328,random
ran_005349,9770,random
ran_005349,12433,random
ran_005350,9770,random
ran_005350,19222,random
ran_005351,1378,random
ran_005351,9790,random
ran_005352,9800,random
ran_005352,17274,random
ran_005353,1589,random
ran_005353,9811,random
ran_005354,9811,random
ran_005354,16993,random
ran_005355,6792,random
ran_005355,9812,random
ran_005356,7891,random
ran_005356,9812,random
ran_005356,20418,random
ran_005357,9812,random
ran_005357,24727,random
ran_005358,6349,random
ran_005358,9812,random
ran_005359,9813,random
ran_005359,12278,random
ran_005360,9815,random
ran_005360,11219,random
ran_005361,8816,random
ran_005361,9840,random
ran_005362,9847,random
ran_005362,12079,random
ran_005363,6125,random
ran_005363,9856,random
ran_005364,9887,random
ran_005364,19936,random
ran_005365,6753,random
ran_005365,9887,random
ran_005366,9887,random
ran_005366,23925,random
ran_005367,9895,random
ran_005367,17623,random
ran_005368,9897,random
ran_005368,14172,random
ran_005369,1273,random
ran_005369,1634,random
ran_005369,9897,random
ran_005370,9897,random
ran_005370,16435,random
ran_005371,3190,random
ran_005371,9897,random
ran_005372,9897,random
ran_005372,15643,random
ran_005373,3640,random
ran_005373,9897,random
ran_005374,9897,random
ran_005374,16178,random
ran_005375,9897,random
ran_005375,10662,random
ran_005376,4193,random
ran_005376,9897,random
ran_005377,1366,random
ran_005377,9916,random
ran_005378,2729,random
ran_005378,9924,random
ran_005379,4887,random
ran_005379,9924,random
ran_005380,6424,random
ran_005380,9929,random
ran_005381,8761,random
ran_005381,9957,random
ran_005382,655,random
ran_005382,9972,random
ran_005383,9979,random
ran_005383,18291,random
ran_005384,7745,random
ran_005384,9984,random
ran_005385,5177,random
ran_005385,9985,random
ran_005386,10019,random
ran_005386,16434,random
ran_005387,6477,random
ran_005387,10022,random
ran_005388,6585,random
ran_005388,10030,random
ran_005389,6724,random
ran_005389,10030,random
ran_005390,10030,random
ran_005390,17593,random
ran_005391,10042,random
ran_005391,10562,random
ran_005391,23669,random
ran_005392,2151,random
ran_005392,10053,random
ran_005393,10058,random
ran_005393,10097,random
ran_005394,6689,random
ran_005394,10069,random
ran_005395,2677,random
ran_005395,10069,random
ran_005396,4626,random
ran_005396,10075,random
ran_005397,9236,random
ran_005397,10084,random
ran_005398,10120,random
ran_005398,16807,random
ran_005399,9845,random
ran_005399,10123,random
ran_005400,8166,random
ran_005400,10132,random
ran_005401,7707,random
ran_005401,10132,random
ran_005402,8583,random
ran_005402,10156,random
ran_005402,15173,random
ran_005403,133,random
ran_005403,10162,random
ran_005404,6272,random
ran_005404,10162,random
ran_005405,10170,random
ran_005405,21758,random
ran_005406,2359,random
ran_005406,10171,random
ran_005407,4030,random
ran_005407,10171,random
ran_005408,10171,random
ran_005408,12109,random
ran_005409,5725,random
ran_005409,10171,random
ran_005410,2200,random
ran_005410,10171,random
ran_005411,3265,random
ran_005411,10171,random
ran_005412,10171,random
ran_005412,16555,random
ran_005413,10232,random
ran_005413,15240,random
ran_005414,10232,random
ran_005414,23993,random
ran_005415,9895,random
ran_005415,10238,random
ran_005416,7640,random
ran_005416,10238,random
ran_005417,5764,random
ran_005417,10238,random
ran_005418,7278,random
ran_005418,10238,random
ran_005419,923,random
ran_005419,10243,random
ran_005420,1463,random
ran_005420,10243,random
ran_005421,8990,random
ran_005421,10263,random
ran_005422,10263,random
ran_005422,13249,random
ran_005423,10283,random
ran_005423,12182,random
ran_005424,10283,random
ran_005424,11231,random
ran_005425,10303,random
ran_005425,18295,random
ran_005426,3530,random
ran_005426,10309,random
ran_005427,10312,random
ran_005427,12392,random
ran_005428,8252,random
ran_005428,10312,random
ran_005429,9415,random
ran_005429,10312,random
ran_005430,7397,random
ran_005430,10312,random
ran_005431,652,random
ran_005431,10312,random
ran_005432,8086,random
ran_005432,10356,random
ran_005433,1366,random
ran_005433,10356,random
ran_005434,9331,random
ran_005434,10356,random
ran_005435,10356,random
ran_005435,12702,random
ran_005436,6771,random
ran_005436,10356,random
ran_005437,8347,random
ran_005437,10362,random
ran_005438,4339,random
ran_005438,10362,random
ran_005439,772,random
ran_005439,10362,random
ran_005440,2258,random
ran_005440,10362,random
ran_005441,10362,random
ran_005441,14084,random
ran_005441,17165,random
ran_005442,1291,random
ran_005442,5400,random
ran_005442,10362,random
ran_005442,11242,random
ran_005443,7092,random
ran_005443,10362,random
ran_005443,12846,random
ran_005443,17279,random
ran_005444,10362,random
ran_005444,18581,random
ran_005445,10362,random
ran_005445,15165,random
ran_005446,10362,random
ran_005446,22221,random
ran_005447,2495,random
ran_005447,10386,random
ran_005448,10412,random
ran_005448,19043,random
ran_005449,10412,random
ran_005449,17579,random
ran_005450,10423,random
ran_005450,11404,random
ran_005451,6545,random
ran_005451,10423,random
ran_005452,5719,random
ran_005452,10433,random
ran_005453,2650,random
ran_005453,10433,random
ran_005453,22109,random
ran_005454,2773,random
ran_005454,10451,random
ran_005455,6411,random
ran_005455,10494,random
ran_005456,10494,random
ran_005456,15325,random
ran_005457,1038,random
ran_005457,10501,random
ran_005458,7433,random
ran_005458,10515,random
ran_005459,10536,random
ran_005459,14237,random
ran_005460,9834,random
ran_005460,10561,random
ran_005461,5137,random
ran_005461,10570,random
ran_005462,10570,random
ran_005462,17256,random
ran_005463,611,random
ran_005463,10594,random
ran_005464,10614,random
ran_005464,17622,random
ran_005465,838,random
ran_005465,10642,random
ran_005466,993,random
ran_005466,10662,random
ran_005466,19625,random
ran_005467,4154,random
ran_005467,10662,random
ran_005468,3897,random
ran_005468,10662,random
ran_005469,8929,random
ran_005469,10662,random
ran_005470,2230,random
ran_005470,10666,random
ran_005471,6946,random
ran_005471,10695,random
ran_005472,3571,random
ran_005472,10708,random
ran_005473,4069,random
ran_005473,8995,random
ran_005473,10708,random
ran_005474,8211,random
ran_005474,10727,random
ran_005475,2056,random
ran_005475,10727,random
ran_005476,1972,random
ran_005476,10727,random
ran_005477,10727,random
ran_005477,14747,random
ran_005478,7076,random
ran_005478,10738,random
ran_005479,6217,random
ran_005479,10746,random
ran_005480,9997,random
ran_005480,10746,random
ran_005481,2744,random
ran_005481,10750,random
ran_005482,3146,random
ran_005482,10771,random
ran_005483,1368,random
ran_005483,10772,random
ran_005483,21830,random
ran_005484,9133,random
ran_005484,10793,random
ran_005485,10811,random
ran_005485,14939,random
ran_005486,10835,random
ran_005486,12690,random
ran_005487,955,random
ran_005487,10839,random
ran_005488,3640,random
ran_005488,3731,random
ran_005488,10858,random
ran_005489,10859,random
ran_005489,18569,random
ran_005490,2369,random
ran_005490,10859,random
ran_005491,10859,random
ran_005491,13633,random
ran_005492,722,random
ran_005492,10888,random
ran_005493,10888,random
ran_005493,23642,random
ran_005494,3145,random
ran_005494,10888,random
ran_005495,3804,random
ran_005495,10892,random
ran_005496,10892,random
ran_005496,16082,random
ran_005497,8603,random
ran_005497,10918,random
ran_005498,8142,random
ran_005498,10918,random
ran_005499,6706,random
ran_005499,10918,random
ran_005500,10918,random
ran_005500,18578,random
ran_005501,5970,random
ran_005501,10940,random
ran_005502,9641,random
ran_005502,10941,random
ran_005503,236,random
ran_005503,10941,random
ran_005504,2919,random
ran_005504,10953,random
ran_005505,10955,random
ran_005505,12269,random
ran_005506,10999,random
ran_005506,14515,random
ran_005507,10999,random
ran_005507,18913,random
ran_005508,10999,random
ran_005508,14266,random
ran_005509,9573,random
ran_005509,11000,random
ran_005510,1160,random
ran_005510,11000,random
ran_005511,11008,random
ran_005511,11996,random
ran_005512,11032,random
ran_005512,26061,random
ran_005513,11041,random
ran_005513,15694,random
ran_005514,7707,random
ran_005514,11041,random
ran_005514,22520,random
ran_005515,2889,random
ran_005515,11046,random
ran_005516,10596,random
ran_005516,11055,random
ran_005517,4403,random
ran_005517,11077,random
ran_005518,5888,random
ran_005518,11083,random
ran_005519,386,random
ran_005519,11103,random
ran_005520,127,random
ran_005520,11111,random
ran_005521,11111,random
ran_005521,21046,random
ran_005522,11111,random
ran_005522,14766,random
ran_005523,11136,random
ran_005523,19124,random
ran_005524,2361,random
ran_005524,3728,random
ran_005524,11136,random
ran_005524,22035,random
ran_005525,11151,random
ran_005525,18845,random
ran_005526,3401,random
ran_005526,11151,random
ran_005527,11151,random
ran_005527,18421,random
ran_005528,11159,random
ran_005528,20091,random
ran_005529,11159,random
ran_005529,28675,random
ran_005530,6503,random
ran_005530,11161,random
ran_005531,5599,random
ran_005531,11161,random
ran_005532,3660,random
ran_005532,7612,random
ran_005532,11161,random
ran_005532,20345,random
ran_005533,7543,random
ran_005533,11161,random
ran_005534,11181,random
ran_005534,17019,random
ran_005535,3222,random
ran_005535,11181,random
ran_005536,9757,random
ran_005536,11181,random
ran_005537,9452,random
ran_005537,11197,random
ran_005538,11197,random
ran_005538,15515,random
ran_005539,3272,random
ran_005539,11208,random
ran_005540,4441,random
ran_005540,11217,random
ran_005541,8007,random
ran_005541,11217,random
ran_005542,11217,random
ran_005542,15804,random
ran_005543,9349,random
ran_005543,11217,random
ran_005544,1979,random
ran_005544,11234,random
ran_005545,3531,random
ran_005545,11234,random
ran_005546,1417,random
ran_005546,11234,random
ran_005547,6528,random
ran_005547,11234,random
ran_005548,423,random
ran_005548,11234,random
ran_005549,7386,random
ran_005549,11234,random
ran_005550,1043,random
ran_005550,11234,random
ran_005551,8166,random
ran_005551,11234,random
ran_005551,11684,random
ran_005552,11234,random
ran_005552,12094,random
ran_005553,11234,random
ran_005553,16425,random
ran_005554,1488,random
ran_005554,4528,random
ran_005554,11234,random
ran_005555,11234,random
ran_005555,11860,random
ran_005556,11234,random
ran_005556,11917,random
ran_005557,3375,random
ran_005557,11234,random
ran_005558,1692,random
ran_005558,11242,random
ran_005559,11242,random
ran_005559,16078,random
ran_005560,11242,random
ran_005560,15804,random
ran_005561,3488,random
ran_005561,11249,random
ran_005562,7278,random
ran_005562,11250,random
ran_005563,9446,random
ran_005563,11250,random
ran_005564,11256,random
ran_005564,16938,random
ran_005565,11256,random
ran_005565,13159,random
ran_005566,4138,random
ran_005566,11286,random
ran_005566,16600,random
ran_005567,136,random
ran_005567,11286,random
ran_005568,11297,random
ran_005568,15485,random
ran_005569,7137,random
ran_005569,11302,random
ran_005570,2209,random
ran_005570,11310,random
ran_005570,21660,random
ran_005571,869,random
ran_005571,973,random
ran_005571,11315,random
ran_005571,13145,random
ran_005571,16915,random
ran_005572,7129,random
ran_005572,11321,random
ran_005572,23057,random
ran_005573,3856,random
ran_005573,11325,random
ran_005574,77,random
ran_005574,11336,random
ran_005575,11336,random
ran_005575,16374,random
ran_005576,11336,random
ran_005576,22177,random
ran_005577,11245,random
ran_005577,11361,random
ran_005578,7302,random
ran_005578,11361,random
ran_005579,11367,random
ran_005579,14274,random
ran_005580,11393,random
ran_005580,12655,random
ran_005581,7799,random
ran_005581,11408,random
ran_005582,1958,random
ran_005582,11415,random
ran_005583,5123,random
ran_005583,11424,random
ran_005584,11424,random
ran_005584,14473,random
ran_005585,11435,random
ran_005585,24173,random
ran_005586,1169,random
ran_005586,11441,random
ran_005587,11450,random
ran_005587,12258,random
ran_005588,2020,random
ran_005588,11450,random
ran_005589,5105,random
ran_005589,11451,random
ran_005590,11451,random
ran_005590,13033,random
ran_005591,9258,random
ran_005591,11451,random
ran_005592,11522,random
ran_005592,11654,random
ran_005593,955,random
ran_005593,11567,random
ran_005594,11294,random
ran_005594,11590,random
ran_005595,11590,random
ran_005595,15643,random
ran_005596,1325,random
ran_005596,11590,random
ran_005597,11590,random
ran_005597,22443,random
ran_005598,283,random
ran_005598,3442,random
ran_005598,11596,random
ran_005599,3473,random
ran_005599,11599,random
ran_005600,11599,random
ran_005600,16000,random
ran_005601,2033,random
ran_005601,11604,random
ran_005602,563,random
ran_005602,11644,random
ran_005603,3587,random
ran_005603,11644,random
ran_005604,11575,random
ran_005604,11644,random
ran_005605,11644,random
ran_005605,17174,random
ran_005606,5123,random
ran_005606,11644,random
ran_005607,11644,random
ran_005607,11677,random
ran_005608,3566,random
ran_005608,11644,random
ran_005609,643,random
ran_005609,11644,random
ran_005610,11644,random
ran_005610,22446,random
ran_005611,11644,random
ran_005611,14703,random
ran_005611,19462,random
ran_005612,4091,random
ran_005612,11671,random
ran_005613,11671,random
ran_005613,12609,random
ran_005613,13223,random
ran_005614,4805,random
ran_005614,11671,random
ran_005615,751,random
ran_005615,11677,random
ran_005616,10356,random
ran_005616,11696,random
ran_005617,6457,random
ran_005617,11696,random
ran_005618,11696,random
ran_005618,15067,random
ran_005619,10642,random
ran_005619,11713,random
ran_005620,967,random
ran_005620,11739,random
ran_005621,85,random
ran_005621,11739,random
ran_005622,2707,random
ran_005622,11749,random
ran_005623,9363,random
ran_005623,11752,random
ran_005624,11752,random
ran_005624,12390,random
ran_005625,1154,random
ran_005625,11768,random
ran_005626,11768,random
ran_005626,15720,random
ran_005627,11768,random
ran_005627,14330,random
ran_005628,5570,random
ran_005628,11792,random
ran_005629,1871,random
ran_005629,2614,random
ran_005629,11792,random
ran_005630,2396,random
ran_005630,11792,random
ran_005631,3236,random
ran_005631,11792,random
ran_005632,7295,random
ran_005632,11792,random
ran_005633,1410,random
ran_005633,11792,random
ran_005634,353,random
ran_005634,11800,random
ran_005635,1257,random
ran_005635,1454,random
ran_005635,11803,random
ran_005636,11803,random
ran_005636,12772,random
ran_005637,11803,random
ran_005637,13003,random
ran_005638,8486,random
ran_005638,11809,random
ran_005639,459,random
ran_005639,11809,random
ran_005640,11809,random
ran_005640,15585,random
ran_005641,11816,random
ran_005641,13797,random
ran_005642,11833,random
ran_005642,18886,random
ran_005643,1823,random
ran_005643,11836,random
ran_005644,2884,random
ran_005644,11841,random
ran_005645,11842,random
ran_005645,26375,random
ran_005646,3623,random
ran_005646,11619,random
ran_005646,11879,random
ran_005647,1694,random
ran_005647,11884,random
ran_005648,1074,random
ran_005648,11889,random
ran_005649,11889,random
ran_005649,28701,random
ran_005650,683,random
ran_005650,11889,random
ran_005651,11889,random
ran_005651,12322,random
ran_005652,11677,random
ran_005652,11905,random
ran_005653,43,random
ran_005653,11917,random
ran_005654,5159,random
ran_005654,11917,random
ran_005655,11917,random
ran_005655,19675,random
ran_005656,7539,random
ran_005656,11917,random
ran_005657,11917,random
ran_005657,15925,random
ran_005657,19039,random
ran_005658,7375,random
ran_005658,11920,random
ran_005659,8612,random
ran_005659,11929,random
ran_005660,11929,random
ran_005660,17718,random
ran_005661,11580,random
ran_005661,11937,random
ran_005662,9469,random
ran_005662,11937,random
ran_005663,11949,random
ran_005663,16670,random
ran_005664,11949,random
ran_005664,16784,random
ran_005665,11949,random
ran_005665,15542,random
ran_005666,4636,random
ran_005666,11952,random
ran_005667,11971,random
ran_005667,19595,random
ran_005668,11971,random
ran_005668,13432,random
ran_005669,7722,random
ran_005669,11972,random
ran_005670,4592,random
ran_005670,4876,random
ran_005670,11981,random
ran_005671,11987,random
ran_005671,18414,random
ran_005672,8668,random
ran_005672,11999,random
ran_005673,12000,random
ran_005673,20646,random
ran_005674,2465,random
ran_005674,12005,random
ran_005675,12020,random
ran_005675,27468,random
ran_005676,203,random
ran_005676,12041,random
ran_005677,2170,random
ran_005677,12042,random
ran_005678,12050,random
ran_005678,27320,random
ran_005679,2946,random
ran_005679,12086,random
ran_005679,31389,random
ran_005680,2794,random
ran_005680,12094,random
ran_005681,6186,random
ran_005681,12109,random
ran_005682,12125,random
ran_005682,17412,random
ran_005683,4268,random
ran_005683,12133,random
ran_005684,12155,random
ran_005684,15104,random
ran_005685,236,random
ran_005685,2569,random
ran_005685,12172,random
ran_005686,12172,random
ran_005686,13448,random
ran_005687,11084,random
ran_005687,12172,random
ran_005687,19563,random
ran_005688,12186,random
ran_005688,13503,random
ran_005689,27,random
ran_005689,12196,random
ran_005690,8783,random
ran_005690,10916,random
ran_005690,12209,random
ran_005691,7170,random
ran_005691,12209,random
ran_005692,1331,random
ran_005692,12237,random
ran_005693,10638,random
ran_005693,12244,random
ran_005694,181,random
ran_005694,12245,random
ran_005695,116,random
ran_005695,12250,random
ran_005696,12255,random
ran_005696,19033,random
ran_005697,2827,random
ran_005697,12257,random
ran_005698,8585,random
ran_005698,12257,random
ran_005699,6598,random
ran_005699,12257,random
ran_005700,12257,random
ran_005700,12340,random
ran_005701,4783,random
ran_005701,12277,random
ran_005702,5680,random
ran_005702,12281,random
ran_005703,644,random
ran_005703,12281,random
ran_005704,3535,random
ran_005704,12346,random
ran_005705,12346,random
ran_005705,16078,random
ran_005706,12346,random
ran_005706,14254,random
ran_005707,5506,random
ran_005707,12346,random
ran_005708,12355,random
ran_005708,13221,random
ran_005709,4502,random
ran_005709,12355,random
ran_005710,1735,random
ran_005710,12355,random
ran_005711,11604,random
ran_005711,12355,random
ran_005712,9389,random
ran_005712,12360,random
ran_005713,11586,random
ran_005713,12383,random
ran_005714,12383,random
ran_005714,23705,random
ran_005715,12383,random
ran_005715,25051,random
ran_005716,12383,random
ran_005716,13804,random
ran_005717,10624,random
ran_005717,12398,random
ran_005718,12409,random
ran_005718,14024,random
ran_005719,292,random
ran_005719,3478,random
ran_005719,7944,random
ran_005719,12421,random
ran_005720,306,random
ran_005720,12433,random
ran_005721,12433,random
ran_005721,15460,random
ran_005722,1679,random
ran_005722,9687,random
ran_005722,12446,random
ran_005723,8149,random
ran_005723,12446,random
ran_005724,4752,random
ran_005724,12446,random
ran_005725,607,random
ran_005725,12554,random
ran_005726,478,random
ran_005726,4210,random
ran_005726,12554,random
ran_005727,7481,random
ran_005727,12554,random
ran_005728,12564,random
ran_005728,25855,random
ran_005729,11836,random
ran_005729,12569,random
ran_005730,12588,random
ran_005730,13607,random
ran_005731,2721,random
ran_005731,12589,random
ran_005732,12609,random
ran_005732,14521,random
ran_005733,1037,random
ran_005733,12609,random
ran_005734,12244,random
ran_005734,12629,random
ran_005735,8336,random
ran_005735,12629,random
ran_005736,5087,random
ran_005736,12630,random
ran_005737,4199,random
ran_005737,12634,random
ran_005738,12651,random
ran_005738,23291,random
ran_005739,12651,random
ran_005739,15127,random
ran_005740,12651,random
ran_005740,21973,random
ran_005740,25794,random
ran_005741,647,random
ran_005741,12654,random
ran_005742,2379,random
ran_005742,12655,random
ran_005743,2378,random
ran_005743,12661,random
ran_005744,12661,random
ran_005744,17930,random
ran_005745,12661,random
ran_005745,24732,random
ran_005746,11833,random
ran_005746,12673,random
ran_005747,2503,random
ran_005747,12681,random
ran_005748,7929,random
ran_005748,12690,random
ran_005749,12690,random
ran_005749,21338,random
ran_005750,5079,random
ran_005750,12693,random
ran_005751,3343,random
ran_005751,12716,random
ran_005752,5976,random
ran_005752,12746,random
ran_005753,12756,random
ran_005753,25114,random
ran_005754,2280,random
ran_005754,12781,random
ran_005755,12790,random
ran_005755,14143,random
ran_005756,12790,random
ran_005756,15218,random
ran_005757,331,random
ran_005757,2380,random
ran_005757,9527,random
ran_005757,12790,random
ran_005758,7255,random
ran_005758,12790,random
ran_005759,5378,random
ran_005759,12829,random
ran_005760,2070,random
ran_005760,3033,random
ran_005760,12832,random
ran_005761,2514,random
ran_005761,12835,random
ran_005762,10999,random
ran_005762,12835,random
ran_005763,7137,random
ran_005763,12841,random
ran_005764,6075,random
ran_005764,12841,random
ran_005765,2166,random
ran_005765,12849,random
ran_005766,8256,random
ran_005766,12850,random
ran_005767,8327,random
ran_005767,12852,random
ran_005768,6011,random
ran_005768,12852,random
ran_005769,6114,random
ran_005769,12878,random
ran_005770,1056,random
ran_005770,12878,random
ran_005771,4719,random
ran_005771,8599,random
ran_005771,12878,random
ran_005772,7558,random
ran_005772,12878,random
ran_005773,75,random
ran_005773,12878,random
ran_005774,1958,random
ran_005774,12878,random
ran_005775,12912,random
ran_005775,16128,random
ran_005776,3751,random
ran_005776,12915,random
ran_005777,12951,random
ran_005777,13161,random
ran_005778,12951,random
ran_005778,13964,random
ran_005778,17085,random
ran_005779,12951,random
ran_005779,17443,random
ran_005780,10016,random
ran_005780,12953,random
ran_005781,326,random
ran_005781,12953,random
ran_005782,2308,random
ran_005782,12953,random
ran_005783,253,random
ran_005783,12953,random
ran_005784,12961,random
ran_005784,13540,random
ran_005785,12977,random
ran_005785,14769,random
ran_005786,12977,random
ran_005786,19356,random
ran_005787,2889,random
ran_005787,12993,random
ran_005788,2577,random
ran_005788,12997,random
ran_005789,5353,random
ran_005789,13003,random
ran_005790,7576,random
ran_005790,13003,random
ran_005791,3675,random
ran_005791,13012,random
ran_005792,3004,random
ran_005792,13025,random
ran_005792,17865,random
ran_005793,7473,random
ran_005793,13046,random
ran_005794,13046,random
ran_005794,16223,random
ran_005795,4,random
ran_005795,13047,random
ran_005796,13050,random
ran_005796,16050,random
ran_005797,2884,random
ran_005797,13055,random
ran_005798,2667,random
ran_005798,13077,random
ran_005799,2122,random
ran_005799,13078,random
ran_005800,1514,random
ran_005800,13082,random
ran_005801,2546,random
ran_005801,13112,random
ran_005802,6946,random
ran_005802,13112,random
ran_005803,2546,random
ran_005803,13117,random
ran_005804,13118,random
ran_005804,23017,random
ran_005805,13120,random
ran_005805,26851,random
ran_005806,5445,random
ran_005806,13132,random
ran_005807,253,random
ran_005807,13132,random
ran_005808,1227,random
ran_005808,13132,random
ran_005809,13132,random
ran_005809,15878,random
ran_005810,8767,random
ran_005810,13132,random
ran_005811,12120,random
ran_005811,13141,random
ran_005812,13161,random
ran_005812,20576,random
ran_005813,4594,random
ran_005813,13176,random
ran_005814,2898,random
ran_005814,13176,random
ran_005815,13190,random
ran_005815,16124,random
ran_005816,3355,random
ran_005816,13205,random
ran_005817,1365,random
ran_005817,13249,random
ran_005818,584,random
ran_005818,13250,random
ran_005819,5226,random
ran_005819,13270,random
ran_005820,13281,random
ran_005820,17872,random
ran_005821,13294,random
ran_005821,14361,random
ran_005821,21122,random
ran_005821,26344,random
ran_005822,1177,random
ran_005822,13300,random
ran_005823,9419,random
ran_005823,13300,random
ran_005824,2036,random
ran_005824,13300,random
ran_005825,6499,random
ran_005825,13300,random
ran_005826,13300,random
ran_005826,22715,random
ran_005827,13300,random
ran_005827,17307,random
ran_005828,13325,random
ran_005828,14521,random
ran_005829,13325,random
ran_005829,13580,random
ran_005830,6186,random
ran_005830,13328,random
ran_005831,145,random
ran_005831,13341,random
ran_005832,2231,random
ran_005832,13343,random
ran_005833,9763,random
ran_005833,13348,random
ran_005834,8943,random
ran_005834,13348,random
ran_005835,13349,random
ran_005835,15302,random
ran_005836,6522,random
ran_005836,13376,random
ran_005837,96,random
ran_005837,13376,random
ran_005837,19674,random
ran_005838,13385,random
ran_005838,15150,random
ran_005839,13386,random
ran_005839,14796,random
ran_005840,13402,random
ran_005840,15565,random
ran_005841,12564,random
ran_005841,13436,random
ran_005842,13436,random
ran_005842,23993,random
ran_005843,13436,random
ran_005843,18360,random
ran_005844,9306,random
ran_005844,13436,random
ran_005845,3920,random
ran_005845,13436,random
ran_005846,9454,random
ran_005846,13436,random
ran_005847,13436,random
ran_005847,17606,random
ran_005848,4187,random
ran_005848,13446,random
ran_005848,17359,random
ran_005849,4454,random
ran_005849,13484,random
ran_005850,108,random
ran_005850,2798,random
ran_005850,13572,random
ran_005851,1435,random
ran_005851,13580,random
ran_005852,4592,random
ran_005852,13580,random
ran_005853,5724,random
ran_005853,13597,random
ran_005854,3890,random
ran_005854,13607,random
ran_005855,13612,random
ran_005855,18475,random
ran_005856,13623,random
ran_005856,14106,random
ran_005857,13623,random
ran_005857,14546,random
ran_005858,13628,random
ran_005858,18480,random
ran_005859,766,random
ran_005859,13636,random
ran_005860,11174,random
ran_005860,13636,random
ran_005861,13636,random
ran_005861,16734,random
ran_005862,18,random
ran_005862,13636,random
ran_005863,4355,random
ran_005863,13640,random
ran_005864,4138,random
ran_005864,13640,random
ran_005865,6240,random
ran_005865,13640,random
ran_005866,12997,random
ran_005866,13640,random
ran_005867,3604,random
ran_005867,13640,random
ran_005868,2798,random
ran_005868,13640,random
ran_005869,13640,random
ran_005869,23907,random
ran_005870,13640,random
ran_005870,20446,random
ran_005871,13641,random
ran_005871,16670,random
ran_005872,2077,random
ran_005872,13641,random
ran_005873,8464,random
ran_005873,13641,random
ran_005874,12722,random
ran_005874,13644,random
ran_005875,13652,random
ran_005875,16687,random
ran_005876,10494,random
ran_005876,13652,random
ran_005877,13348,random
ran_005877,13652,random
ran_005878,2185,random
ran_005878,13659,random
ran_005879,11586,random
ran_005879,13685,random
ran_005880,4903,random
ran_005880,13685,random
ran_005881,2151,random
ran_005881,13705,random
ran_005882,13718,random
ran_005882,26478,random
ran_005883,12588,random
ran_005883,13745,random
ran_005884,13809,random
ran_005884,22236,random
ran_005885,621,random
ran_005885,8752,random
ran_005885,13835,random
ran_005886,3191,random
ran_005886,13840,random
ran_005887,1024,random
ran_005887,13842,random
ran_005888,6972,random
ran_005888,13842,random
ran_005889,13798,random
ran_005889,13843,random
ran_005890,11471,random
ran_005890,13864,random
ran_005891,13869,random
ran_005891,18142,random
ran_005892,13886,random
ran_005892,19686,random
ran_005893,13886,random
ran_005893,24400,random
ran_005894,9031,random
ran_005894,13906,random
ran_005895,8793,random
ran_005895,13906,random
ran_005896,13906,random
ran_005896,22217,random
ran_005897,722,random
ran_005897,13915,random
ran_005898,1591,random
ran_005898,13915,random
ran_005899,13932,random
ran_005899,15724,random
ran_005900,3861,random
ran_005900,13955,random
ran_005901,13963,random
ran_005901,22416,random
ran_005902,13963,random
ran_005902,19614,random
ran_005903,11150,random
ran_005903,13963,random
ran_005904,7302,random
ran_005904,13967,random
ran_005905,1024,random
ran_005905,13977,random
ran_005906,11905,random
ran_005906,14069,random
ran_005906,21492,random
ran_005907,3150,random
ran_005907,14072,random
ran_005908,6011,random
ran_005908,14091,random
ran_005909,14127,random
ran_005909,15488,random
ran_005910,1695,random
ran_005910,6073,random
ran_005910,14151,random
ran_005910,25341,random
ran_005911,3544,random
ran_005911,14157,random
ran_005912,4106,random
ran_005912,14157,random
ran_005913,3243,random
ran_005913,14157,random
ran_005914,3087,random
ran_005914,14157,random
ran_005915,4693,random
ran_005915,14157,random
ran_005916,3437,random
ran_005916,14169,random
ran_005917,13061,random
ran_005917,14174,random
ran_005918,14180,random
ran_005918,17469,random
ran_005918,17990,random
ran_005919,14227,random
ran_005919,16920,random
ran_005920,9061,random
ran_005920,14254,random
ran_005921,14254,random
ran_005921,17729,random
ran_005922,7612,random
ran_005922,14270,random
ran_005923,14270,random
ran_005923,17082,random
ran_005924,14274,random
ran_005924,16738,random
ran_005925,1017,random
ran_005925,14284,random
ran_005926,9273,random
ran_005926,14291,random
ran_005927,14309,random
ran_005927,15358,random
ran_005928,14313,random
ran_005928,14328,random
ran_005929,31,random
ran_005929,14313,random
ran_005930,8952,random
ran_005930,14337,random
ran_005931,11488,random
ran_005931,14361,random
ran_005932,14101,random
ran_005932,14361,random
ran_005933,13977,random
ran_005933,14361,random
ran_005934,3435,random
ran_005934,14380,random
ran_005935,6710,random
ran_005935,14390,random
ran_005936,1634,random
ran_005936,14390,random
ran_005937,10805,random
ran_005937,14393,random
ran_005938,5054,random
ran_005938,14397,random
ran_005939,8166,random
ran_005939,14402,random
ran_005940,1348,random
ran_005940,14402,random
ran_005941,14430,random
ran_005941,23954,random
ran_005942,555,random
ran_005942,7766,random
ran_005942,14430,random
ran_005943,7357,random
ran_005943,14430,random
ran_005944,5789,random
ran_005944,14430,random
ran_005945,14430,random
ran_005945,22313,random
ran_005946,14430,random
ran_005946,19461,random
ran_005947,2270,random
ran_005947,14446,random
ran_005948,13815,random
ran_005948,14447,random
ran_005949,14477,random
ran_005949,20541,random
ran_005950,14521,random
ran_005950,20379,random
ran_005951,7459,random
ran_005951,14533,random
ran_005952,3622,random
ran_005952,14568,random
ran_005953,14582,random
ran_005953,16687,random
ran_005954,3624,random
ran_005954,14582,random
ran_005955,12613,random
ran_005955,14582,random
ran_005956,14582,random
ran_005956,18018,random
ran_005957,2749,random
ran_005957,14584,random
ran_005958,64,random
ran_005958,14588,random
ran_005959,14309,random
ran_005959,14607,random
ran_005960,798,random
ran_005960,6130,random
ran_005960,14607,random
ran_005961,227,random
ran_005961,14607,random
ran_005962,8094,random
ran_005962,14607,random
ran_005963,12060,random
ran_005963,14608,random
ran_005964,10430,random
ran_005964,14608,random
ran_005965,13772,random
ran_005965,14608,random
ran_005966,14608,random
ran_005966,26833,random
ran_005967,14612,random
ran_005967,25913,random
ran_005968,5019,random
ran_005968,14626,random
ran_005969,5344,random
ran_005969,14674,random
ran_005970,13190,random
ran_005970,14674,random
ran_005971,4414,random
ran_005971,14675,random
ran_005972,838,random
ran_005972,14679,random
ran_005973,8868,random
ran_005973,14686,random
ran_005974,1415,random
ran_005974,14686,random
ran_005975,4743,random
ran_005975,14686,random
ran_005976,14689,random
ran_005976,16578,random
ran_005976,18623,random
ran_005977,9367,random
ran_005977,14701,random
ran_005978,1516,random
ran_005978,14704,random
ran_005979,4227,random
ran_005979,14747,random
ran_005980,14747,random
ran_005980,17155,random
ran_005981,13448,random
ran_005981,14747,random
ran_005982,12037,random
ran_005982,14758,random
ran_005983,3248,random
ran_005983,14758,random
ran_005984,5801,random
ran_005984,14766,random
ran_005985,4142,random
ran_005985,14766,random
ran_005986,6679,random
ran_005986,14766,random
ran_005987,11265,random
ran_005987,14766,random
ran_005988,2166,random
ran_005988,14773,random
ran_005989,4562,random
ran_005989,14776,random
ran_005990,8149,random
ran_005990,14809,random
ran_005991,5278,random
ran_005991,14812,random
ran_005991,19012,random
ran_005991,20020,random
ran_005992,7116,random
ran_005992,14813,random
ran_005993,13778,random
ran_005993,14814,random
ran_005994,12490,random
ran_005994,14829,random
ran_005995,3971,random
ran_005995,14850,random
ran_005996,837,random
ran_005996,14850,random
ran_005997,4884,random
ran_005997,14874,random
ran_005998,5570,random
ran_005998,14897,random
ran_005999,3484,random
ran_005999,14899,random
ran_006000,5287,random
ran_006000,14900,random
ran_006001,10819,random
ran_006001,14939,random
ran_006002,10263,random
ran_006002,14939,random
ran_006003,3257,random
ran_006003,14962,random
ran_006003,29821,random
ran_006004,10704,random
ran_006004,14963,random
ran_006004,21368,random
ran_006005,1435,random
ran_006005,14977,random
ran_006006,14977,random
ran_006006,15828,random
ran_006007,14991,random
ran_006007,18515,random
ran_006008,11333,random
ran_006008,14991,random
ran_006009,9010,random
ran_006009,14996,random
ran_006010,12908,random
ran_006010,15001,random
ran_006011,15020,random
ran_006011,15301,random
ran_006011,17962,random
ran_006012,8301,random
ran_006012,15041,random
ran_006013,3343,random
ran_006013,15067,random
ran_006014,15104,random
ran_006014,17085,random
ran_006015,8548,random
ran_006015,15121,random
ran_006016,1024,random
ran_006016,15144,random
ran_006017,8680,random
ran_006017,15159,random
ran_006018,9927,random
ran_006018,15173,random
ran_006019,15184,random
ran_006019,18628,random
ran_006020,15184,random
ran_006020,24814,random
ran_006021,6607,random
ran_006021,15184,random
ran_006021,24912,random
ran_006022,437,random
ran_006022,15205,random
ran_006023,9389,random
ran_006023,15205,random
ran_006024,315,random
ran_006024,9265,random
ran_006024,15211,random
ran_006025,12806,random
ran_006025,15217,random
ran_006026,10708,random
ran_006026,15220,random
ran_006027,79,random
ran_006027,15220,random
ran_006028,13648,random
ran_006028,15226,random
ran_006029,15179,random
ran_006029,15230,random
ran_006030,7957,random
ran_006030,15230,random
ran_006031,937,random
ran_006031,15238,random
ran_006032,10683,random
ran_006032,15262,random
ran_006033,1704,random
ran_006033,10182,random
ran_006033,11949,random
ran_006033,15275,random
ran_006034,11023,random
ran_006034,15275,random
ran_006035,475,random
ran_006035,15275,random
ran_006036,2827,random
ran_006036,15291,random
ran_006037,832,random
ran_006037,15298,random
ran_006038,683,random
ran_006038,15325,random
ran_006039,768,random
ran_006039,15327,random
ran_006040,308,random
ran_006040,15327,random
ran_006041,597,random
ran_006041,15363,random
ran_006042,15367,random
ran_006042,26003,random
ran_006043,14284,random
ran_006043,15367,random
ran_006044,3971,random
ran_006044,15378,random
ran_006045,4262,random
ran_006045,8566,random
ran_006045,15383,random
ran_006046,15402,random
ran_006046,15559,random
ran_006047,459,random
ran_006047,15469,random
ran_006048,13022,random
ran_006048,15469,random
ran_006049,2016,random
ran_006049,15475,random
ran_006050,2933,random
ran_006050,15481,random
ran_006051,3566,random
ran_006051,15481,random
ran_006052,10097,random
ran_006052,14372,random
ran_006052,15481,random
ran_006053,3905,random
ran_006053,15481,random
ran_006054,5117,random
ran_006054,15487,random
ran_006055,14098,random
ran_006055,15515,random
ran_006056,6417,random
ran_006056,15515,random
ran_006057,15515,random
ran_006057,18967,random
ran_006058,2511,random
ran_006058,15541,random
ran_006059,9883,random
ran_006059,15558,random
ran_006060,11242,random
ran_006060,12010,random
ran_006060,15560,random
ran_006061,8292,random
ran_006061,15560,random
ran_006062,14587,random
ran_006062,15560,random
ran_006063,15589,random
ran_006063,17563,random
ran_006064,15589,random
ran_006064,16262,random
ran_006065,4657,random
ran_006065,15596,random
ran_006066,14026,random
ran_006066,15596,random
ran_006067,5503,random
ran_006067,15596,random
ran_006068,4011,random
ran_006068,15596,random
ran_006069,14906,random
ran_006069,15596,random
ran_006070,4225,random
ran_006070,15596,random
ran_006071,15605,random
ran_006071,16778,random
ran_006072,12472,random
ran_006072,15619,random
ran_006073,15622,random
ran_006073,29943,random
ran_006074,15173,random
ran_006074,15635,random
ran_006075,7017,random
ran_006075,15643,random
ran_006076,5728,random
ran_006076,15643,random
ran_006077,6084,random
ran_006077,15643,random
ran_006078,11654,random
ran_006078,15666,random
ran_006079,13759,random
ran_006079,15671,random
ran_006080,4789,random
ran_006080,15675,random
ran_006081,11836,random
ran_006081,15693,random
ran_006082,6953,random
ran_006082,15711,random
ran_006083,8121,random
ran_006083,15711,random
ran_006084,13,random
ran_006084,15711,random
ran_006085,15672,random
ran_006085,15712,random
ran_006086,5505,random
ran_006086,15713,random
ran_006087,5190,random
ran_006087,15713,random
ran_006088,1190,random
ran_006088,15713,random
ran_006089,13927,random
ran_006089,15713,random
ran_006090,11827,random
ran_006090,15713,random
ran_006091,2278,random
ran_006091,15721,random
ran_006092,12815,random
ran_006092,15737,random
ran_006093,7014,random
ran_006093,15756,random
ran_006094,4111,random
ran_006094,15756,random
ran_006095,2120,random
ran_006095,15756,random
ran_006096,13922,random
ran_006096,15756,random
ran_006097,3238,random
ran_006097,15785,random
ran_006097,17480,random
ran_006098,4268,random
ran_006098,15785,random
ran_006099,5383,random
ran_006099,15785,random
ran_006100,13640,random
ran_006100,15788,random
ran_006101,145,random
ran_006101,15804,random
ran_006102,4011,random
ran_006102,15810,random
ran_006103,14444,random
ran_006103,15814,random
ran_006103,26416,random
ran_006104,9803,random
ran_006104,15828,random
ran_006105,4106,random
ran_006105,15828,random
ran_006106,15861,random
ran_006106,16342,random
ran_006107,13439,random
ran_006107,15865,random
ran_006108,4772,random
ran_006108,15877,random
ran_006109,15046,random
ran_006109,15877,random
ran_006110,15718,random
ran_006110,15889,random
ran_006111,4729,random
ran_006111,15925,random
ran_006112,2313,random
ran_006112,15925,random
ran_006113,6269,random
ran_006113,15925,random
ran_006114,2326,random
ran_006114,15940,random
ran_006115,13871,random
ran_006115,15944,random
ran_006116,6154,random
ran_006116,15956,random
ran_006117,15961,random
ran_006117,21930,random
ran_006118,3635,random
ran_006118,15962,random
ran_006119,15105,random
ran_006119,15963,random
ran_006120,12027,random
ran_006120,15999,random
ran_006121,16000,random
ran_006121,21660,random
ran_006122,15887,random
ran_006122,16003,random
ran_006123,16003,random
ran_006123,16699,random
ran_006124,11310,random
ran_006124,16025,random
ran_006125,16029,random
ran_006125,17515,random
ran_006126,16029,random
ran_006126,24210,random
ran_006127,3490,random
ran_006127,16043,random
ran_006128,16061,random
ran_006128,30441,random
ran_006129,16074,random
ran_006129,19471,random
ran_006129,23318,random
ran_006129,29149,random
ran_006130,4775,random
ran_006130,16078,random
ran_006131,3087,random
ran_006131,16082,random
ran_006132,11967,random
ran_006132,16092,random
ran_006133,13302,random
ran_006133,16092,random
ran_006134,8855,random
ran_006134,16092,random
ran_006135,3671,random
ran_006135,16102,random
ran_006136,5443,random
ran_006136,16102,random
ran_006137,9279,random
ran_006137,16102,random
ran_006138,1901,random
ran_006138,16102,random
ran_006139,13699,random
ran_006139,16102,random
ran_006140,13256,random
ran_006140,16102,random
ran_006141,16102,random
ran_006141,25141,random
ran_006142,16102,random
ran_006142,18298,random
ran_006143,16102,random
ran_006143,18107,random
ran_006144,16102,random
ran_006144,21993,random
ran_006145,15963,random
ran_006145,16112,random
ran_006145,19732,random
ran_006146,1823,random
ran_006146,16112,random
ran_006147,13653,random
ran_006147,16146,random
ran_006148,15374,random
ran_006148,16163,random
ran_006149,2359,random
ran_006149,16178,random
ran_006150,9132,random
ran_006150,16182,random
ran_006151,442,random
ran_006151,16196,random
ran_006152,5801,random
ran_006152,16196,random
ran_006153,1056,random
ran_006153,16196,random
ran_006154,16196,random
ran_006154,18239,random
ran_006155,1249,random
ran_006155,2380,random
ran_006155,16196,random
ran_006156,4391,random
ran_006156,6584,random
ran_006156,16196,random
ran_006156,18810,random
ran_006157,2843,random
ran_006157,16224,random
ran_006158,16230,random
ran_006158,20423,random
ran_006159,13277,random
ran_006159,16230,random
ran_006160,1093,random
ran_006160,16230,random
ran_006161,2677,random
ran_006161,16252,random
ran_006161,16810,random
ran_006162,2157,random
ran_006162,16260,random
ran_006163,10940,random
ran_006163,16260,random
ran_006164,2221,random
ran_006164,16260,random
ran_006165,928,random
ran_006165,16260,random
ran_006166,5493,random
ran_006166,16262,random
ran_006167,3049,random
ran_006167,5249,random
ran_006167,16262,random
ran_006168,13325,random
ran_006168,16275,random
ran_006169,730,random
ran_006169,16275,random
ran_006170,16290,random
ran_006170,18552,random
ran_006171,2255,random
ran_006171,16299,random
ran_006172,7123,random
ran_006172,16315,random
ran_006173,16315,random
ran_006173,17493,random
ran_006174,10813,random
ran_006174,16323,random
ran_006174,20951,random
ran_006175,9829,random
ran_006175,16323,random
ran_006176,4010,random
ran_006176,16325,random
ran_006177,6756,random
ran_006177,13902,random
ran_006177,16336,random
ran_006178,3750,random
ran_006178,16339,random
ran_006179,8142,random
ran_006179,16374,random
ran_006180,1454,random
ran_006180,16374,random
ran_006181,11256,random
ran_006181,16374,random
ran_006182,11333,random
ran_006182,16374,random
ran_006183,5353,random
ran_006183,16382,random
ran_006184,2297,random
ran_006184,16393,random
ran_006185,10108,random
ran_006185,16420,random
ran_006186,157,random
ran_006186,16428,random
ran_006187,1842,random
ran_006187,16444,random
ran_006188,10495,random
ran_006188,16444,random
ran_006189,10137,random
ran_006189,16467,random
ran_006190,9337,random
ran_006190,16471,random
ran_006191,11739,random
ran_006191,16481,random
ran_006192,16512,random
ran_006192,22196,random
ran_006193,3584,random
ran_006193,3840,random
ran_006193,16546,random
ran_006194,5308,random
ran_006194,16546,random
ran_006195,3008,random
ran_006195,16580,random
ran_006196,2141,random
ran_006196,16586,random
ran_006197,2023,random
ran_006197,16587,random
ran_006197,22563,random
ran_006198,16587,random
ran_006198,19720,random
ran_006199,679,random
ran_006199,5301,random
ran_006199,16596,random
ran_006200,15596,random
ran_006200,16617,random
ran_006201,5950,random
ran_006201,16625,random
ran_006202,9162,random
ran_006202,16637,random
ran_006203,11604,random
ran_006203,16638,random
ran_006204,5233,random
ran_006204,16638,random
ran_006205,14812,random
ran_006205,15804,random
ran_006205,16638,random
ran_006206,3387,random
ran_006206,16644,random
ran_006207,13505,random
ran_006207,16670,random
ran_006207,18418,random
ran_006208,8043,random
ran_006208,16670,random
ran_006209,2748,random
ran_006209,16677,random
ran_006210,423,random
ran_006210,16677,random
ran_006211,2043,random
ran_006211,16677,random
ran_006212,1609,random
ran_006212,16677,random
ran_006213,15364,random
ran_006213,16677,random
ran_006214,16677,random
ran_006214,16774,random
ran_006215,16677,random
ran_006215,18106,random
ran_006216,8464,random
ran_006216,16677,random
ran_006217,12708,random
ran_006217,16677,random
ran_006218,9003,random
ran_006218,16677,random
ran_006219,2884,random
ran_006219,15018,random
ran_006219,16677,random
ran_006220,7539,random
ran_006220,16677,random
ran_006221,14088,random
ran_006221,16687,random
ran_006222,5259,random
ran_006222,16687,random
ran_006223,14826,random
ran_006223,16693,random
ran_006224,16693,random
ran_006224,19597,random
ran_006225,16699,random
ran_006225,19359,random
ran_006226,16705,random
ran_006226,24062,random
ran_006227,16705,random
ran_006227,20218,random
ran_006228,16739,random
ran_006228,27383,random
ran_006229,15460,random
ran_006229,16775,random
ran_006230,11820,random
ran_006230,16775,random
ran_006231,13659,random
ran_006231,16778,random
ran_006232,16778,random
ran_006232,21729,random
ran_006233,11972,random
ran_006233,16778,random
ran_006234,4617,random
ran_006234,16778,random
ran_006235,16781,random
ran_006235,19593,random
ran_006236,4305,random
ran_006236,16801,random
ran_006237,2770,random
ran_006237,9432,random
ran_006237,16803,random
ran_006238,2153,random
ran_006238,16803,random
ran_006239,2228,random
ran_006239,16807,random
ran_006239,17969,random
ran_006240,100,random
ran_006240,16807,random
ran_006241,16807,random
ran_006241,17125,random
ran_006242,11416,random
ran_006242,16817,random
ran_006242,17359,random
ran_006242,17844,random
ran_006243,515,random
ran_006243,16817,random
ran_006244,16851,random
ran_006244,26015,random
ran_006245,1154,random
ran_006245,16867,random
ran_006246,16882,random
ran_006246,19965,random
ran_006247,9253,random
ran_006247,16882,random
ran_006248,16882,random
ran_006248,24901,random
ran_006249,16882,random
ran_006249,18491,random
ran_006250,16902,random
ran_006250,20703,random
ran_006251,5443,random
ran_006251,16902,random
ran_006252,12336,random
ran_006252,16925,random
ran_006253,14270,random
ran_006253,16938,random
ran_006254,8628,random
ran_006254,16938,random
ran_006255,16972,random
ran_006255,22197,random
ran_006256,2365,random
ran_006256,16974,random
ran_006257,9363,random
ran_006257,10586,random
ran_006257,17023,random
ran_006258,8390,random
ran_006258,17065,random
ran_006259,2231,random
ran_006259,7077,random
ran_006259,15402,random
ran_006259,17065,random
ran_006260,2185,random
ran_006260,17085,random
ran_006261,8482,random
ran_006261,17085,random
ran_006262,14370,random
ran_006262,17085,random
ran_006263,9940,random
ran_006263,17085,random
ran_006264,17085,random
ran_006264,20833,random
ran_006265,3098,random
ran_006265,17085,random
ran_006265,17676,random
ran_006266,17088,random
ran_006266,26521,random
ran_006267,15661,random
ran_006267,17125,random
ran_006268,17125,random
ran_006268,25213,random
ran_006269,9689,random
ran_006269,17139,random
ran_006270,12710,random
ran_006270,17139,random
ran_006271,15739,random
ran_006271,17085,random
ran_006271,17164,random
ran_006272,2364,random
ran_006272,17174,random
ran_006273,16546,random
ran_006273,17186,random
ran_006273,28875,random
ran_006274,934,random
ran_006274,17203,random
ran_006275,6114,random
ran_006275,17203,random
ran_006276,7025,random
ran_006276,17235,random
ran_006277,2185,random
ran_006277,2547,random
ran_006277,17258,random
ran_006278,9893,random
ran_006278,17258,random
ran_006279,5545,random
ran_006279,17262,random
ran_006280,12392,random
ran_006280,17262,random
ran_006281,17262,random
ran_006281,20605,random
ran_006282,2451,random
ran_006282,17274,random
ran_006283,2526,random
ran_006283,17274,random
ran_006284,426,random
ran_006284,17276,random
ran_006285,7481,random
ran_006285,17276,random
ran_006286,9306,random
ran_006286,17276,random
ran_006287,12629,random
ran_006287,17276,random
ran_006288,92,random
ran_006288,17277,random
ran_006289,16815,random
ran_006289,17277,random
ran_006290,15699,random
ran_006290,17277,random
ran_006291,7682,random
ran_006291,15635,random
ran_006291,17277,random
ran_006292,17277,random
ran_006292,22778,random
ran_006293,4193,random
ran_006293,17279,random
ran_006294,636,random
ran_006294,17279,random
ran_006295,15676,random
ran_006295,17307,random
ran_006296,7478,random
ran_006296,17307,random
ran_006297,17307,random
ran_006297,18709,random
ran_006298,15037,random
ran_006298,17328,random
ran_006299,17357,random
ran_006299,22174,random
ran_006300,145,random
ran_006300,17359,random
ran_006301,650,random
ran_006301,17361,random
ran_006302,8760,random
ran_006302,17412,random
ran_006303,17427,random
ran_006303,19429,random
ran_006304,1979,random
ran_006304,17427,random
ran_006305,5014,random
ran_006305,9411,random
ran_006305,17434,random
ran_006306,16262,random
ran_006306,17443,random
ran_006307,17478,random
ran_006307,21316,random
ran_006308,7628,random
ran_006308,17478,random
ran_006309,3564,random
ran_006309,17491,random
ran_006310,93,random
ran_006310,17563,random
ran_006311,1173,random
ran_006311,17565,random
ran_006312,17565,random
ran_006312,18444,random
ran_006313,10796,random
ran_006313,17575,random
ran_006314,853,random
ran_006314,17576,random
ran_006315,8597,random
ran_006315,13234,random
ran_006315,17576,random
ran_006316,4507,random
ran_006316,5046,random
ran_006316,17576,random
ran_006317,3752,random
ran_006317,17579,random
ran_006318,5283,random
ran_006318,17579,random
ran_006319,17584,random
ran_006319,18243,random
ran_006320,3875,random
ran_006320,17584,random
ran_006321,14766,random
ran_006321,17593,random
ran_006322,17594,random
ran_006322,27933,random
ran_006323,2050,random
ran_006323,17613,random
ran_006324,9246,random
ran_006324,17623,random
ran_006325,1249,random
ran_006325,17624,random
ran_006326,657,random
ran_006326,17624,random
ran_006327,6667,random
ran_006327,17637,random
ran_006328,5147,random
ran_006328,17672,random
ran_006329,4558,random
ran_006329,17677,random
ran_006330,2345,random
ran_006330,17677,random
ran_006331,1971,random
ran_006331,17683,random
ran_006332,13925,random
ran_006332,17713,random
ran_006333,11587,random
ran_006333,17728,random
ran_006334,10412,random
ran_006334,17728,random
ran_006335,2880,random
ran_006335,17728,random
ran_006336,2778,random
ran_006336,3365,random
ran_006336,17757,random
ran_006337,8501,random
ran_006337,17757,random
ran_006338,17757,random
ran_006338,22697,random
ran_006339,12997,random
ran_006339,17797,random
ran_006340,17824,random
ran_006340,23295,random
ran_006341,17824,random
ran_006341,20901,random
ran_006342,14091,random
ran_006342,17824,random
ran_006343,10662,random
ran_006343,17838,random
ran_006344,2602,random
ran_006344,17844,random
ran_006345,6902,random
ran_006345,17845,random
ran_006346,3087,random
ran_006346,8888,random
ran_006346,17845,random
ran_006347,5570,random
ran_006347,17845,random
ran_006348,16481,random
ran_006348,17845,random
ran_006349,9523,random
ran_006349,17845,random
ran_006350,2988,random
ran_006350,17845,random
ran_006351,15232,random
ran_006351,17862,random
ran_006352,7106,random
ran_006352,17874,random
ran_006353,17874,random
ran_006353,22388,random
ran_006354,1477,random
ran_006354,17876,random
ran_006355,17899,random
ran_006355,19049,random
ran_006356,3286,random
ran_006356,5308,random
ran_006356,17899,random
ran_006357,13576,random
ran_006357,17907,random
ran_006358,16687,random
ran_006358,17910,random
ran_006359,8842,random
ran_006359,14034,random
ran_006359,17930,random
ran_006360,10737,random
ran_006360,17940,random
ran_006361,4803,random
ran_006361,17940,random
ran_006362,17773,random
ran_006362,17948,random
ran_006363,7473,random
ran_006363,17987,random
ran_006364,17077,random
ran_006364,17989,random
ran_006365,17989,random
ran_006365,20108,random
ran_006366,14431,random
ran_006366,17990,random
ran_006367,4567,random
ran_006367,17990,random
ran_006368,408,random
ran_006368,18007,random
ran_006369,385,random
ran_006369,18027,random
ran_006370,6799,random
ran_006370,18030,random
ran_006370,20175,random
ran_006371,18031,random
ran_006371,23014,random
ran_006372,11971,random
ran_006372,18031,random
ran_006373,15808,random
ran_006373,18051,random
ran_006374,9131,random
ran_006374,18059,random
ran_006375,13027,random
ran_006375,18059,random
ran_006376,657,random
ran_006376,18059,random
ran_006377,18059,random
ran_006377,20492,random
ran_006378,11638,random
ran_006378,18111,random
ran_006379,9897,random
ran_006379,18141,random
ran_006380,4797,random
ran_006380,18141,random
ran_006381,18141,random
ran_006381,25002,random
ran_006382,5567,random
ran_006382,18141,random
ran_006383,12945,random
ran_006383,18141,random
ran_006383,26851,random
ran_006384,12244,random
ran_006384,18150,random
ran_006385,3645,random
ran_006385,18233,random
ran_006386,6579,random
ran_006386,14211,random
ran_006386,18233,random
ran_006387,18234,random
ran_006387,19874,random
ran_006388,5693,random
ran_006388,18239,random
ran_006389,15841,random
ran_006389,18239,random
ran_006390,2569,random
ran_006390,18239,random
ran_006391,2396,random
ran_006391,18240,random
ran_006392,921,random
ran_006392,18273,random
ran_006393,1372,random
ran_006393,18274,random
ran_006394,18274,random
ran_006394,22675,random
ran_006395,7207,random
ran_006395,18274,random
ran_006396,18274,random
ran_006396,30334,random
ran_006397,18279,random
ran_006397,22109,random
ran_006398,3265,random
ran_006398,18279,random
ran_006399,4407,random
ran_006399,18291,random
ran_006400,9589,random
ran_006400,18291,random
ran_006401,1534,random
ran_006401,18291,random
ran_006402,18291,random
ran_006402,19361,random
ran_006403,18295,random
ran_006403,19675,random
ran_006404,3422,random
ran_006404,18304,random
ran_006405,7278,random
ran_006405,18311,random
ran_006406,18311,random
ran_006406,21625,random
ran_006407,3391,random
ran_006407,12677,random
ran_006407,18311,random
ran_006408,18318,random
ran_006408,18416,random
ran_006409,850,random
ran_006409,10918,random
ran_006409,18338,random
ran_006410,18338,random
ran_006410,22112,random
ran_006411,3810,random
ran_006411,13435,random
ran_006411,18344,random
ran_006412,18354,random
ran_006412,26200,random
ran_006413,8990,random
ran_006413,18372,random
ran_006414,16670,random
ran_006414,18378,random
ran_006415,14829,random
ran_006415,18378,random
ran_006416,3286,random
ran_006416,18414,random
ran_006417,4310,random
ran_006417,18414,random
ran_006418,265,random
ran_006418,18414,random
ran_006419,7162,random
ran_006419,18414,random
ran_006420,18414,random
ran_006420,19340,random
ran_006421,14734,random
ran_006421,18414,random
ran_006422,10333,random
ran_006422,18414,random
ran_006423,14971,random
ran_006423,18415,random
ran_006424,2767,random
ran_006424,18415,random
ran_006425,10741,random
ran_006425,18443,random
ran_006425,26823,random
ran_006426,312,random
ran_006426,18463,random
ran_006427,7446,random
ran_006427,18464,random
ran_006428,5842,random
ran_006428,18469,random
ran_006429,13439,random
ran_006429,18475,random
ran_006430,1435,random
ran_006430,18475,random
ran_006431,18497,random
ran_006431,29111,random
ran_006432,15880,random
ran_006432,18530,random
ran_006433,2775,random
ran_006433,18531,random
ran_006434,18538,random
ran_006434,23143,random
ran_006435,18553,random
ran_006435,24623,random
ran_006436,9882,random
ran_006436,18563,random
ran_006437,14254,random
ran_006437,18571,random
ran_006438,1061,random
ran_006438,18597,random
ran_006439,14114,random
ran_006439,18619,random
ran_006440,2145,random
ran_006440,18619,random
ran_006441,18619,random
ran_006441,22364,random
ran_006442,3208,random
ran_006442,18628,random
ran_006443,10705,random
ran_006443,18628,random
ran_006444,3981,random
ran_006444,18628,random
ran_006445,1688,random
ran_006445,18657,random
ran_006446,1394,random
ran_006446,18659,random
ran_006447,15940,random
ran_006447,18668,random
ran_006448,8982,random
ran_006448,18683,random
ran_006449,12903,random
ran_006449,18683,random
ran_006450,59,random
ran_006450,18698,random
ran_006451,1994,random
ran_006451,18698,random
ran_006452,18698,random
ran_006452,19418,random
ran_006453,6616,random
ran_006453,18738,random
ran_006454,13234,random
ran_006454,18738,random
ran_006455,18520,random
ran_006455,18750,random
ran_006456,1920,random
ran_006456,18756,random
ran_006457,11630,random
ran_006457,18785,random
ran_006458,3764,random
ran_006458,18786,random
ran_006459,9659,random
ran_006459,18786,random
ran_006460,5845,random
ran_006460,18786,random
ran_006461,3738,random
ran_006461,18794,random
ran_006462,18798,random
ran_006462,24200,random
ran_006463,654,random
ran_006463,18819,random
ran_006464,1468,random
ran_006464,18834,random
ran_006465,2618,random
ran_006465,18837,random
ran_006466,994,random
ran_006466,18840,random
ran_006467,1523,random
ran_006467,18861,random
ran_006468,13432,random
ran_006468,18861,random
ran_006469,14295,random
ran_006469,18861,random
ran_006470,9417,random
ran_006470,18861,random
ran_006471,1634,random
ran_006471,18891,random
ran_006472,1047,random
ran_006472,18891,random
ran_006473,5350,random
ran_006473,18895,random
ran_006474,2511,random
ran_006474,18896,random
ran_006475,3208,random
ran_006475,18913,random
ran_006476,9790,random
ran_006476,18914,random
ran_006477,7739,random
ran_006477,18915,random
ran_006478,18915,random
ran_006478,26737,random
ran_006479,18915,random
ran_006479,25609,random
ran_006480,8566,random
ran_006480,18917,random
ran_006481,13410,random
ran_006481,18927,random
ran_006482,2767,random
ran_006482,18931,random
ran_006483,15566,random
ran_006483,18941,random
ran_006483,25135,random
ran_006484,6125,random
ran_006484,18943,random
ran_006485,8040,random
ran_006485,18963,random
ran_006486,3640,random
ran_006486,18963,random
ran_006487,4732,random
ran_006487,18963,random
ran_006488,5277,random
ran_006488,18967,random
ran_006489,9323,random
ran_006489,18967,random
ran_006490,12841,random
ran_006490,18986,random
ran_006491,2650,random
ran_006491,18986,random
ran_006492,2677,random
ran_006492,19014,random
ran_006493,3187,random
ran_006493,4045,random
ran_006493,19019,random
ran_006494,3675,random
ran_006494,19035,random
ran_006495,6369,random
ran_006495,19080,random
ran_006496,9662,random
ran_006496,19115,random
ran_006497,13580,random
ran_006497,19124,random
ran_006498,3373,random
ran_006498,19134,random
ran_006499,5474,random
ran_006499,19134,random
ran_006500,555,random
ran_006500,19134,random
ran_006501,617,random
ran_006501,19153,random
ran_006502,6164,random
ran_006502,19167,random
ran_006503,12722,random
ran_006503,19174,random
ran_006504,2044,random
ran_006504,13742,random
ran_006504,19207,random
ran_006505,6689,random
ran_006505,19222,random
ran_006506,15711,random
ran_006506,19222,random
ran_006507,19274,random
ran_006507,23438,random
ran_006508,15413,random
ran_006508,19294,random
ran_006509,6959,random
ran_006509,19312,random
ran_006510,744,random
ran_006510,2512,random
ran_006510,19332,random
ran_006510,21863,random
ran_006511,1173,random
ran_006511,19340,random
ran_006512,8490,random
ran_006512,19340,random
ran_006513,17783,random
ran_006513,19340,random
ran_006514,14166,random
ran_006514,19361,random
ran_006515,7113,random
ran_006515,19361,random
ran_006516,7539,random
ran_006516,19361,random
ran_006517,11242,random
ran_006517,19361,random
ran_006518,4320,random
ran_006518,19391,random
ran_006519,19401,random
ran_006519,22386,random
ran_006520,5638,random
ran_006520,19409,random
ran_006521,15487,random
ran_006521,19409,random
ran_006522,19409,random
ran_006522,19655,random
ran_006523,14039,random
ran_006523,19409,random
ran_006524,14584,random
ran_006524,19421,random
ran_006525,19435,random
ran_006525,22377,random
ran_006526,15475,random
ran_006526,19435,random
ran_006527,9886,random
ran_006527,19439,random
ran_006528,3935,random
ran_006528,19448,random
ran_006529,19024,random
ran_006529,19450,random
ran_006530,15218,random
ran_006530,19461,random
ran_006531,4833,random
ran_006531,19461,random
ran_006532,16206,random
ran_006532,19461,random
ran_006533,17665,random
ran_006533,19471,random
ran_006534,1273,random
ran_006534,19479,random
ran_006535,17845,random
ran_006535,19494,random
ran_006536,18274,random
ran_006536,19497,random
ran_006537,13772,random
ran_006537,19527,random
ran_006538,19530,random
ran_006538,22183,random
ran_006539,15982,random
ran_006539,19536,random
ran_006540,2146,random
ran_006540,19545,random
ran_006541,284,random
ran_006541,1510,random
ran_006541,19574,random
ran_006542,8464,random
ran_006542,19585,random
ran_006543,3622,random
ran_006543,19595,random
ran_006544,2115,random
ran_006544,19603,random
ran_006545,14338,random
ran_006545,19603,random
ran_006546,9780,random
ran_006546,19605,random
ran_006547,1689,random
ran_006547,19618,random
ran_006548,16409,random
ran_006548,19618,random
ran_006549,608,random
ran_006549,19625,random
ran_006550,18898,random
ran_006550,19625,random
ran_006551,2668,random
ran_006551,19625,random
ran_006552,2415,random
ran_006552,19625,random
ran_006552,23789,random
ran_006553,10929,random
ran_006553,19625,random
ran_006554,19625,random
ran_006554,23897,random
ran_006555,19625,random
ran_006555,20505,random
ran_006556,11414,random
ran_006556,19633,random
ran_006557,1237,random
ran_006557,19636,random
ran_006558,5159,random
ran_006558,19641,random
ran_006559,6065,random
ran_006559,19653,random
ran_006560,19225,random
ran_006560,19653,random
ran_006561,3971,random
ran_006561,19653,random
ran_006562,10106,random
ran_006562,19674,random
ran_006563,19674,random
ran_006563,24962,random
ran_006564,2295,random
ran_006564,19674,random
ran_006565,4358,random
ran_006565,19675,random
ran_006566,2889,random
ran_006566,19675,random
ran_006567,11361,random
ran_006567,19675,random
ran_006568,9276,random
ran_006568,19762,random
ran_006569,19763,random
ran_006569,27409,random
ran_006570,19763,random
ran_006570,26228,random
ran_006571,694,random
ran_006571,19779,random
ran_006572,8533,random
ran_006572,19807,random
ran_006573,6165,random
ran_006573,19810,random
ran_006574,13570,random
ran_006574,19813,random
ran_006575,2800,random
ran_006575,19813,random
ran_006576,8613,random
ran_006576,19828,random
ran_006577,16432,random
ran_006577,19843,random
ran_006578,19174,random
ran_006578,19861,random
ran_006579,6499,random
ran_006579,19861,random
ran_006580,7008,random
ran_006580,19875,random
ran_006581,17908,random
ran_006581,19895,random
ran_006582,19919,random
ran_006582,22784,random
ran_006583,19920,random
ran_006583,22206,random
ran_006584,19920,random
ran_006584,24020,random
ran_006585,16589,random
ran_006585,19026,random
ran_006585,19920,random
ran_006586,7925,random
ran_006586,19924,random
ran_006587,12878,random
ran_006587,19980,random
ran_006588,13369,random
ran_006588,20019,random
ran_006589,4520,random
ran_006589,17207,random
ran_006589,20044,random
ran_006590,20044,random
ran_006590,20845,random
ran_006591,4450,random
ran_006591,20044,random
ran_006592,11149,random
ran_006592,20059,random
ran_006592,22901,random
ran_006593,19740,random
ran_006593,20061,random
ran_006594,941,random
ran_006594,20065,random
ran_006595,7140,random
ran_006595,20080,random
ran_006596,4374,random
ran_006596,20084,random
ran_006597,20084,random
ran_006597,22184,random
ran_006598,20084,random
ran_006598,27888,random
ran_006599,6227,random
ran_006599,20110,random
ran_006600,18154,random
ran_006600,20110,random
ran_006601,20124,random
ran_006601,25135,random
ran_006602,20124,random
ran_006602,26961,random
ran_006603,16182,random
ran_006603,20124,random
ran_006604,13402,random
ran_006604,20124,random
ran_006605,4142,random
ran_006605,20125,random
ran_006606,19183,random
ran_006606,20128,random
ran_006607,20132,random
ran_006607,23187,random
ran_006608,1105,random
ran_006608,20153,random
ran_006609,20153,random
ran_006609,24705,random
ran_006610,9399,random
ran_006610,20168,random
ran_006611,19373,random
ran_006611,20171,random
ran_006612,20174,random
ran_006612,24217,random
ran_006613,20174,random
ran_006613,21454,random
ran_006614,20116,random
ran_006614,20174,random
ran_006615,17623,random
ran_006615,20174,random
ran_006616,20174,random
ran_006616,26786,random
ran_006617,2412,random
ran_006617,8641,random
ran_006617,20189,random
ran_006618,4184,random
ran_006618,20189,random
ran_006619,20189,random
ran_006619,26830,random
ran_006620,3208,random
ran_006620,20189,random
ran_006621,16990,random
ran_006621,20189,random
ran_006622,10170,random
ran_006622,18750,random
ran_006622,20189,random
ran_006622,27442,random
ran_006623,6764,random
ran_006623,20200,random
ran_006624,4011,random
ran_006624,20208,random
ran_006625,11824,random
ran_006625,20241,random
ran_006626,7471,random
ran_006626,20248,random
ran_006627,11749,random
ran_006627,20248,random
ran_006628,2564,random
ran_006628,20252,random
ran_006629,20253,random
ran_006629,20850,random
ran_006630,4389,random
ran_006630,20262,random
ran_006631,13745,random
ran_006631,20287,random
ran_006632,967,random
ran_006632,20289,random
ran_006633,20296,random
ran_006633,25377,random
ran_006634,9646,random
ran_006634,20315,random
ran_006635,11567,random
ran_006635,20332,random
ran_006636,1776,random
ran_006636,20340,random
ran_006637,9543,random
ran_006637,20353,random
ran_006638,12446,random
ran_006638,20363,random
ran_006639,6756,random
ran_006639,20366,random
ran_006640,20366,random
ran_006640,20552,random
ran_006641,981,random
ran_006641,19044,random
ran_006641,20366,random
ran_006642,7180,random
ran_006642,20387,random
ran_006643,20413,random
ran_006643,23692,random
ran_006643,27677,random
ran_006644,7112,random
ran_006644,20418,random
ran_006645,3498,random
ran_006645,20423,random
ran_006646,7340,random
ran_006646,20437,random
ran_006647,18110,random
ran_006647,20437,random
ran_006648,20446,random
ran_006648,20740,random
ran_006649,16428,random
ran_006649,20446,random
ran_006650,13644,random
ran_006650,20446,random
ran_006651,20446,random
ran_006651,24617,random
ran_006652,8466,random
ran_006652,20446,random
ran_006653,1349,random
ran_006653,20446,random
ran_006653,21615,random
ran_006653,28130,random
ran_006654,11634,random
ran_006654,20471,random
ran_006655,2892,random
ran_006655,20471,random
ran_006656,4187,random
ran_006656,20476,random
ran_006657,13273,random
ran_006657,20476,random
ran_006658,2525,random
ran_006658,20476,random
ran_006659,8685,random
ran_006659,20486,random
ran_006660,5208,random
ran_006660,20505,random
ran_006661,10288,random
ran_006661,20505,random
ran_006662,9740,random
ran_006662,10873,random
ran_006662,20505,random
ran_006663,4617,random
ran_006663,20509,random
ran_006664,12005,random
ran_006664,20529,random
ran_006665,3238,random
ran_006665,20538,random
ran_006666,6696,random
ran_006666,20540,random
ran_006667,1375,random
ran_006667,20540,random
ran_006668,12507,random
ran_006668,20540,random
ran_006669,11949,random
ran_006669,20543,random
ran_006670,6799,random
ran_006670,20543,random
ran_006671,13312,random
ran_006671,20543,random
ran_006672,12968,random
ran_006672,20564,random
ran_006673,1033,random
ran_006673,20569,random
ran_006674,2767,random
ran_006674,20576,random
ran_006675,236,random
ran_006675,7354,random
ran_006675,20576,random
ran_006676,20576,random
ran_006676,23437,random
ran_006677,20585,random
ran_006677,22418,random
ran_006678,9653,random
ran_006678,20586,random
ran_006679,16670,random
ran_006679,20591,random
ran_006680,9443,random
ran_006680,20591,random
ran_006681,6339,random
ran_006681,20591,random
ran_006682,1704,random
ran_006682,5966,random
ran_006682,20617,random
ran_006683,2919,random
ran_006683,20617,random
ran_006684,20617,random
ran_006684,26300,random
ran_006685,19,random
ran_006685,20622,random
ran_006686,20625,random
ran_006686,22573,random
ran_006687,12037,random
ran_006687,20630,random
ran_006688,786,random
ran_006688,20630,random
ran_006689,2315,random
ran_006689,9497,random
ran_006689,20630,random
ran_006690,470,random
ran_006690,20630,random
ran_006690,24277,random
ran_006691,20322,random
ran_006691,20630,random
ran_006692,4853,random
ran_006692,20643,random
ran_006693,17608,random
ran_006693,20659,random
ran_006694,19138,random
ran_006694,20659,random
ran_006695,20659,random
ran_006695,29875,random
ran_006696,6399,random
ran_006696,20659,random
ran_006697,20659,random
ran_006697,22730,random
ran_006698,19452,random
ran_006698,20659,random
ran_006699,20659,random
ran_006699,21466,random
ran_006699,30346,random
ran_006700,18464,random
ran_006700,20672,random
ran_006701,3985,random
ran_006701,20677,random
ran_006702,11768,random
ran_006702,20677,random
ran_006703,2621,random
ran_006703,20677,random
ran_006704,1223,random
ran_006704,20717,random
ran_006705,7005,random
ran_006705,20717,random
ran_006706,20727,random
ran_006706,23486,random
ran_006707,20727,random
ran_006707,23612,random
ran_006708,20760,random
ran_006708,26225,random
ran_006709,6499,random
ran_006709,20773,random
ran_006710,18413,random
ran_006710,20776,random
ran_006711,4743,random
ran_006711,20776,random
ran_006712,12172,random
ran_006712,20776,random
ran_006713,4433,random
ran_006713,20777,random
ran_006714,13059,random
ran_006714,20778,random
ran_006715,9223,random
ran_006715,20780,random
ran_006716,6125,random
ran_006716,20780,random
ran_006717,20782,random
ran_006717,29257,random
ran_006718,10215,random
ran_006718,20790,random
ran_006719,9188,random
ran_006719,20790,random
ran_006720,20800,random
ran_006720,24038,random
ran_006721,12221,random
ran_006721,20800,random
ran_006722,18446,random
ran_006722,20800,random
ran_006723,368,random
ran_006723,20810,random
ran_006724,9065,random
ran_006724,20810,random
ran_006725,3848,random
ran_006725,20810,random
ran_006726,13907,random
ran_006726,20833,random
ran_006726,22971,random
ran_006727,3986,random
ran_006727,20833,random
ran_006728,17492,random
ran_006728,20862,random
ran_006729,11547,random
ran_006729,20896,random
ran_006730,18335,random
ran_006730,20896,random
ran_006731,13296,random
ran_006731,20900,random
ran_006732,13078,random
ran_006732,20901,random
ran_006733,11174,random
ran_006733,20951,random
ran_006734,2888,random
ran_006734,20951,random
ran_006735,4618,random
ran_006735,20964,random
ran_006736,6855,random
ran_006736,20964,random
ran_006737,20964,random
ran_006737,23296,random
ran_006738,7178,random
ran_006738,20975,random
ran_006739,19507,random
ran_006739,20990,random
ran_006740,20258,random
ran_006740,20993,random
ran_006741,1024,random
ran_006741,21002,random
ran_006742,764,random
ran_006742,21002,random
ran_006743,5478,random
ran_006743,21046,random
ran_006744,4159,random
ran_006744,21048,random
ran_006745,3409,random
ran_006745,21061,random
ran_006746,2501,random
ran_006746,21100,random
ran_006747,8768,random
ran_006747,21111,random
ran_006748,9622,random
ran_006748,21111,random
ran_006749,3850,random
ran_006749,21132,random
ran_006750,16739,random
ran_006750,21133,random
ran_006751,777,random
ran_006751,21140,random
ran_006752,7343,random
ran_006752,21143,random
ran_006753,7137,random
ran_006753,21143,random
ran_006754,6535,random
ran_006754,18798,random
ran_006754,21143,random
ran_006755,14285,random
ran_006755,21179,random
ran_006756,3142,random
ran_006756,21191,random
ran_006757,15205,random
ran_006757,21191,random
ran_006758,14607,random
ran_006758,21191,random
ran_006759,18967,random
ran_006759,21191,random
ran_006760,13154,random
ran_006760,21191,random
ran_006761,10888,random
ran_006761,21191,random
ran_006762,10480,random
ran_006762,21219,random
ran_006763,16128,random
ran_006763,21222,random
ran_006764,3645,random
ran_006764,21222,random
ran_006765,646,random
ran_006765,21263,random
ran_006766,21265,random
ran_006766,24811,random
ran_006767,21265,random
ran_006767,27574,random
ran_006768,15466,random
ran_006768,21280,random
ran_006769,6374,random
ran_006769,21316,random
ran_006770,1602,random
ran_006770,21316,random
ran_006771,15503,random
ran_006771,21332,random
ran_006772,5185,random
ran_006772,13740,random
ran_006772,15290,random
ran_006772,21357,random
ran_006773,12230,random
ran_006773,21357,random
ran_006774,21357,random
ran_006774,22882,random
ran_006775,12393,random
ran_006775,21375,random
ran_006776,8177,random
ran_006776,21402,random
ran_006777,6774,random
ran_006777,9536,random
ran_006777,13633,random
ran_006777,21402,random
ran_006778,8954,random
ran_006778,21405,random
ran_006779,11949,random
ran_006779,21414,random
ran_006780,10095,random
ran_006780,20900,random
ran_006780,21415,random
ran_006781,1591,random
ran_006781,21416,random
ran_006782,19527,random
ran_006782,21430,random
ran_006783,3764,random
ran_006783,21430,random
ran_006784,2513,random
ran_006784,21430,random
ran_006785,19185,random
ran_006785,21433,random
ran_006786,12689,random
ran_006786,21433,random
ran_006787,21369,random
ran_006787,21433,random
ran_006788,14010,random
ran_006788,21459,random
ran_006789,21459,random
ran_006789,24094,random
ran_006790,6950,random
ran_006790,21473,random
ran_006791,1187,random
ran_006791,21477,random
ran_006792,7235,random
ran_006792,21495,random
ran_006793,2412,random
ran_006793,21496,random
ran_006794,18859,random
ran_006794,19674,random
ran_006794,21500,random
ran_006795,19488,random
ran_006795,21531,random
ran_006796,19770,random
ran_006796,21535,random
ran_006797,526,random
ran_006797,16878,random
ran_006797,21535,random
ran_006798,6272,random
ran_006798,8244,random
ran_006798,20657,random
ran_006798,21542,random
ran_006799,54,random
ran_006799,21548,random
ran_006800,15387,random
ran_006800,21553,random
ran_006801,16703,random
ran_006801,21559,random
ran_006802,19193,random
ran_006802,21574,random
ran_006803,4252,random
ran_006803,21590,random
ran_006804,4391,random
ran_006804,21622,random
ran_006805,11891,random
ran_006805,21622,random
ran_006806,21651,random
ran_006806,21824,random
ran_006807,4732,random
ran_006807,21660,random
ran_006808,5529,random
ran_006808,21663,random
ran_006809,6560,random
ran_006809,8045,random
ran_006809,21663,random
ran_006810,11248,random
ran_006810,21663,random
ran_006811,295,random
ran_006811,18291,random
ran_006811,21672,random
ran_006812,12074,random
ran_006812,21701,random
ran_006813,14151,random
ran_006813,21729,random
ran_006814,284,random
ran_006814,21734,random
ran_006815,6559,random
ran_006815,21742,random
ran_006816,238,random
ran_006816,21742,random
ran_006817,21590,random
ran_006817,21767,random
ran_006818,8292,random
ran_006818,21767,random
ran_006819,5948,random
ran_006819,21783,random
ran_006820,19244,random
ran_006820,21783,random
ran_006820,25249,random
ran_006821,1851,random
ran_006821,21798,random
ran_006822,13423,random
ran_006822,21809,random
ran_006823,430,random
ran_006823,21813,random
ran_006824,20740,random
ran_006824,21813,random
ran_006825,6558,random
ran_006825,21819,random
ran_006826,8283,random
ran_006826,21820,random
ran_006827,20113,random
ran_006827,21823,random
ran_006828,10433,random
ran_006828,21824,random
ran_006829,7140,random
ran_006829,21843,random
ran_006830,11520,random
ran_006830,21568,random
ran_006830,21843,random
ran_006831,19462,random
ran_006831,21843,random
ran_006832,4467,random
ran_006832,21864,random
ran_006833,21445,random
ran_006833,21867,random
ran_006834,7140,random
ran_006834,21867,random
ran_006835,1753,random
ran_006835,21867,random
ran_006836,9875,random
ran_006836,21902,random
ran_006837,20283,random
ran_006837,21916,random
ran_006837,24566,random
ran_006838,20799,random
ran_006838,21961,random
ran_006839,12255,random
ran_006839,21980,random
ran_006840,8688,random
ran_006840,19545,random
ran_006840,21980,random
ran_006841,8483,random
ran_006841,21983,random
ran_006842,10592,random
ran_006842,21985,random
ran_006843,4100,random
ran_006843,5313,random
ran_006843,22108,random
ran_006844,21961,random
ran_006844,22108,random
ran_006845,2063,random
ran_006845,16739,random
ran_006845,22109,random
ran_006846,9611,random
ran_006846,22109,random
ran_006847,9389,random
ran_006847,22121,random
ran_006848,2173,random
ran_006848,22121,random
ran_006849,8163,random
ran_006849,22121,random
ran_006850,2401,random
ran_006850,22121,random
ran_006851,1107,random
ran_006851,22146,random
ran_006852,8818,random
ran_006852,22146,random
ran_006853,11217,random
ran_006853,22146,random
ran_006854,15962,random
ran_006854,22146,random
ran_006855,1823,random
ran_006855,22146,random
ran_006856,6600,random
ran_006856,22155,random
ran_006857,9933,random
ran_006857,22184,random
ran_006858,12567,random
ran_006858,22184,random
ran_006859,10120,random
ran_006859,22184,random
ran_006860,3566,random
ran_006860,22192,random
ran_006861,14127,random
ran_006861,22196,random
ran_006862,19531,random
ran_006862,22215,random
ran_006863,10541,random
ran_006863,22222,random
ran_006864,6114,random
ran_006864,22222,random
ran_006865,10569,random
ran_006865,22222,random
ran_006866,14091,random
ran_006866,22222,random
ran_006867,22266,random
ran_006867,22436,random
ran_006868,654,random
ran_006868,17983,random
ran_006868,22272,random
ran_006869,8078,random
ran_006869,22274,random
ran_006870,3980,random
ran_006870,20993,random
ran_006870,22274,random
ran_006871,10506,random
ran_006871,22274,random
ran_006872,3971,random
ran_006872,22274,random
ran_006873,2755,random
ran_006873,22274,random
ran_006874,18183,random
ran_006874,22285,random
ran_006875,22286,random
ran_006875,23296,random
ran_006876,6778,random
ran_006876,22308,random
ran_006877,7825,random
ran_006877,22308,random
ran_006878,10348,random
ran_006878,22308,random
ran_006879,20175,random
ran_006879,22314,random
ran_006880,6020,random
ran_006880,22314,random
ran_006881,22316,random
ran_006881,24004,random
ran_006881,29573,random
ran_006882,5145,random
ran_006882,22346,random
ran_006883,21321,random
ran_006883,22350,random
ran_006884,21839,random
ran_006884,22351,random
ran_006885,3987,random
ran_006885,22356,random
ran_006886,11055,random
ran_006886,22374,random
ran_006887,7294,random
ran_006887,22374,random
ran_006888,8180,random
ran_006888,22374,random
ran_006889,1579,random
ran_006889,22406,random
ran_006890,11769,random
ran_006890,22406,random
ran_006891,14713,random
ran_006891,22418,random
ran_006892,860,random
ran_006892,22420,random
ran_006893,6786,random
ran_006893,8597,random
ran_006893,22423,random
ran_006894,7066,random
ran_006894,22423,random
ran_006895,478,random
ran_006895,22423,random
ran_006896,17169,random
ran_006896,22441,random
ran_006897,22441,random
ran_006897,23703,random
ran_006897,27319,random
ran_006898,7288,random
ran_006898,7340,random
ran_006898,22464,random
ran_006899,11996,random
ran_006899,22469,random
ran_006900,13385,random
ran_006900,22473,random
ran_006901,5708,random
ran_006901,22473,random
ran_006902,8875,random
ran_006902,22473,random
ran_006903,22473,random
ran_006903,22672,random
ran_006904,21769,random
ran_006904,22473,random
ran_006905,310,random
ran_006905,13429,random
ran_006905,22481,random
ran_006906,14320,random
ran_006906,22481,random
ran_006907,1371,random
ran_006907,22502,random
ran_006908,626,random
ran_006908,14431,random
ran_006908,22502,random
ran_006909,852,random
ran_006909,22502,random
ran_006910,3990,random
ran_006910,22502,random
ran_006911,19625,random
ran_006911,22502,random
ran_006912,19866,random
ran_006912,22518,random
ran_006913,13576,random
ran_006913,22518,random
ran_006914,3503,random
ran_006914,22521,random
ran_006915,3244,random
ran_006915,18915,random
ran_006915,22521,random
ran_006916,11961,random
ran_006916,22521,random
ran_006917,7287,random
ran_006917,14584,random
ran_006917,22541,random
ran_006918,4368,random
ran_006918,22545,random
ran_006919,10938,random
ran_006919,22546,random
ran_006920,14172,random
ran_006920,22546,random
ran_006921,4291,random
ran_006921,22560,random
ran_006922,12878,random
ran_006922,15322,random
ran_006922,22578,random
ran_006923,17295,random
ran_006923,22589,random
ran_006924,7619,random
ran_006924,22599,random
ran_006925,8675,random
ran_006925,22621,random
ran_006926,526,random
ran_006926,6509,random
ran_006926,22626,random
ran_006927,350,random
ran_006927,22626,random
ran_006928,18305,random
ran_006928,22626,random
ran_006929,6227,random
ran_006929,20964,random
ran_006929,22626,random
ran_006930,282,random
ran_006930,22630,random
ran_006931,21046,random
ran_006931,22630,random
ran_006932,85,random
ran_006932,22630,random
ran_006933,20505,random
ran_006933,22634,random
ran_006934,5452,random
ran_006934,22644,random
ran_006935,13198,random
ran_006935,17804,random
ran_006935,22649,random
ran_006936,5032,random
ran_006936,12861,random
ran_006936,22664,random
ran_006936,26742,random
ran_006937,18978,random
ran_006937,22675,random
ran_006938,179,random
ran_006938,22696,random
ran_006939,22701,random
ran_006939,23327,random
ran_006940,10912,random
ran_006940,22725,random
ran_006941,3835,random
ran_006941,22725,random
ran_006942,11266,random
ran_006942,22741,random
ran_006943,11730,random
ran_006943,22749,random
ran_006944,22758,random
ran_006944,25404,random
ran_006945,16748,random
ran_006945,22760,random
ran_006946,4911,random
ran_006946,22778,random
ran_006947,6152,random
ran_006947,22778,random
ran_006948,10214,random
ran_006948,22796,random
ran_006949,14582,random
ran_006949,22796,random
ran_006950,4614,random
ran_006950,22806,random
ran_006951,15599,random
ran_006951,22827,random
ran_006952,5576,random
ran_006952,22827,random
ran_006953,3427,random
ran_006953,22833,random
ran_006954,5920,random
ran_006954,22833,random
ran_006955,17274,random
ran_006955,22852,random
ran_006956,14914,random
ran_006956,22853,random
ran_006957,5209,random
ran_006957,18413,random
ran_006957,22853,random
ran_006958,13910,random
ran_006958,22855,random
ran_006959,14686,random
ran_006959,17315,random
ran_006959,22855,random
ran_006960,9037,random
ran_006960,22855,random
ran_006961,16882,random
ran_006961,22855,random
ran_006962,6165,random
ran_006962,22855,random
ran_006963,16238,random
ran_006963,22873,random
ran_006964,3818,random
ran_006964,13871,random
ran_006964,22873,random
ran_006965,5651,random
ran_006965,22873,random
ran_006966,3221,random
ran_006966,22897,random
ran_006967,4161,random
ran_006967,22897,random
ran_006968,9967,random
ran_006968,22941,random
ran_006969,22941,random
ran_006969,23176,random
ran_006970,20576,random
ran_006970,22941,random
ran_006971,22941,random
ran_006971,23758,random
ran_006972,9096,random
ran_006972,23017,random
ran_006973,15678,random
ran_006973,23017,random
ran_006974,4596,random
ran_006974,23017,random
ran_006975,21055,random
ran_006975,23017,random
ran_006976,15473,random
ran_006976,23043,random
ran_006977,263,random
ran_006977,22893,random
ran_006977,23045,random
ran_006978,2079,random
ran_006978,23063,random
ran_006979,11262,random
ran_006979,23077,random
ran_006980,10412,random
ran_006980,23077,random
ran_006981,6270,random
ran_006981,23080,random
ran_006982,15184,random
ran_006982,23107,random
ran_006983,3869,random
ran_006983,23107,random
ran_006984,5853,random
ran_006984,23107,random
ran_006985,554,random
ran_006985,23107,random
ran_006986,11151,random
ran_006986,23107,random
ran_006987,21864,random
ran_006987,23107,random
ran_006988,11234,random
ran_006988,23107,random
ran_006989,994,random
ran_006989,23115,random
ran_006990,2971,random
ran_006990,14626,random
ran_006990,23115,random
ran_006991,10053,random
ran_006991,23115,random
ran_006992,9763,random
ran_006992,23115,random
ran_006993,4379,random
ran_006993,23115,random
ran_006994,368,random
ran_006994,23124,random
ran_006995,21459,random
ran_006995,23124,random
ran_006996,2561,random
ran_006996,10547,random
ran_006996,23124,random
ran_006997,22308,random
ran_006997,23126,random
ran_006998,7914,random
ran_006998,23138,random
ran_006999,3485,random
ran_006999,23138,random
ran_007000,23143,random
ran_007000,26677,random
ran_007001,18452,random
ran_007001,23146,random
ran_007002,2037,random
ran_007002,23146,random
ran_007003,182,random
ran_007003,18482,random
ran_007003,23146,random
ran_007004,4907,random
ran_007004,23157,random
ran_007005,13129,random
ran_007005,23157,random
ran_007006,5667,random
ran_007006,23157,random
ran_007007,5780,random
ran_007007,23170,random
ran_007008,21011,random
ran_007008,23216,random
ran_007009,12557,random
ran_007009,23245,random
ran_007010,772,random
ran_007010,23254,random
ran_007010,27312,random
ran_007011,18943,random
ran_007011,23254,random
ran_007012,7742,random
ran_007012,23261,random
ran_007013,23264,random
ran_007013,26591,random
ran_007014,8837,random
ran_007014,23280,random
ran_007015,19545,random
ran_007015,23280,random
ran_007016,9446,random
ran_007016,23282,random
ran_007017,15804,random
ran_007017,23290,random
ran_007018,4010,random
ran_007018,23296,random
ran_007019,12690,random
ran_007019,23296,random
ran_007020,11696,random
ran_007020,23296,random
ran_007021,2954,random
ran_007021,18111,random
ran_007021,23296,random
ran_007022,11527,random
ran_007022,23315,random
ran_007023,4225,random
ran_007023,23315,random
ran_007024,20193,random
ran_007024,23334,random
ran_007025,3401,random
ran_007025,23342,random
ran_007026,8191,random
ran_007026,23342,random
ran_007027,8606,random
ran_007027,23349,random
ran_007028,2315,random
ran_007028,23349,random
ran_007029,2344,random
ran_007029,23349,random
ran_007030,13848,random
ran_007030,23352,random
ran_007031,1871,random
ran_007031,23357,random
ran_007032,6575,random
ran_007032,23418,random
ran_007033,2689,random
ran_007033,23420,random
ran_007034,17361,random
ran_007034,23420,random
ran_007035,9662,random
ran_007035,23438,random
ran_007036,4512,random
ran_007036,23438,random
ran_007037,9066,random
ran_007037,23438,random
ran_007038,8660,random
ran_007038,23438,random
ran_007039,20845,random
ran_007039,23468,random
ran_007040,16617,random
ran_007040,23468,random
ran_007041,4541,random
ran_007041,18142,random
ran_007041,23468,random
ran_007042,6732,random
ran_007042,23503,random
ran_007043,224,random
ran_007043,15397,random
ran_007043,23503,random
ran_007044,4813,random
ran_007044,23503,random
ran_007045,8149,random
ran_007045,23503,random
ran_007046,12047,random
ran_007046,23517,random
ran_007047,11100,random
ran_007047,23517,random
ran_007048,13521,random
ran_007048,23517,random
ran_007049,3187,random
ran_007049,23520,random
ran_007050,3713,random
ran_007050,23520,random
ran_007051,12609,random
ran_007051,23535,random
ran_007052,1540,random
ran_007052,23567,random
ran_007053,381,random
ran_007053,23570,random
ran_007054,23119,random
ran_007054,23582,random
ran_007055,4452,random
ran_007055,23599,random
ran_007056,3145,random
ran_007056,23602,random
ran_007057,23610,random
ran_007057,27573,random
ran_007058,5350,random
ran_007058,23612,random
ran_007059,12101,random
ran_007059,23637,random
ran_007060,7200,random
ran_007060,23682,random
ran_007061,15503,random
ran_007061,23696,random
ran_007062,11159,random
ran_007062,23696,random
ran_007063,23719,random
ran_007063,24085,random
ran_007064,6165,random
ran_007064,23719,random
ran_007065,2221,random
ran_007065,20835,random
ran_007065,23719,random
ran_007066,14551,random
ran_007066,23720,random
ran_007067,4502,random
ran_007067,23720,random
ran_007068,11957,random
ran_007068,12626,random
ran_007068,23720,random
ran_007069,23720,random
ran_007069,29208,random
ran_007070,18891,random
ran_007070,23720,random
ran_007071,8034,random
ran_007071,23724,random
ran_007072,9622,random
ran_007072,23726,random
ran_007073,20194,random
ran_007073,21140,random
ran_007073,23739,random
ran_007074,10297,random
ran_007074,23739,random
ran_007075,8811,random
ran_007075,16445,random
ran_007075,23741,random
ran_007076,12486,random
ran_007076,23765,random
ran_007077,1592,random
ran_007077,23765,random
ran_007078,2946,random
ran_007078,23765,random
ran_007079,2780,random
ran_007079,23765,random
ran_007080,5666,random
ran_007080,23765,random
ran_007081,13161,random
ran_007081,23765,random
ran_007082,13385,random
ran_007082,23765,random
ran_007083,13412,random
ran_007083,23765,random
ran_007084,22146,random
ran_007084,23765,random
ran_007085,7479,random
ran_007085,19848,random
ran_007085,20900,random
ran_007085,23765,random
ran_007086,241,random
ran_007086,23781,random
ran_007087,2525,random
ran_007087,23784,random
ran_007088,14180,random
ran_007088,23789,random
ran_007089,23765,random
ran_007089,23796,random
ran_007090,21156,random
ran_007090,23806,random
ran_007091,85,random
ran_007091,23827,random
ran_007092,13910,random
ran_007092,23845,random
ran_007093,22502,random
ran_007093,23845,random
ran_007094,423,random
ran_007094,5766,random
ran_007094,14537,random
ran_007094,23845,random
ran_007095,10922,random
ran_007095,23856,random
ran_007096,2856,random
ran_007096,23862,random
ran_007097,20540,random
ran_007097,23868,random
ran_007098,21976,random
ran_007098,23883,random
ran_007099,3160,random
ran_007099,23883,random
ran_007100,17369,random
ran_007100,23897,random
ran_007101,5329,random
ran_007101,23907,random
ran_007102,15889,random
ran_007102,23918,random
ran_007103,1775,random
ran_007103,11547,random
ran_007103,23921,random
ran_007104,43,random
ran_007104,7384,random
ran_007104,13586,random
ran_007104,23921,random
ran_007105,6937,random
ran_007105,23925,random
ran_007106,9037,random
ran_007106,23941,random
ran_007107,10283,random
ran_007107,23954,random
ran_007108,7693,random
ran_007108,23969,random
ran_007109,16336,random
ran_007109,23969,random
ran_007110,15559,random
ran_007110,23971,random
ran_007111,8151,random
ran_007111,23971,random
ran_007112,19400,random
ran_007112,23971,random
ran_007113,23971,random
ran_007113,26823,random
ran_007114,23971,random
ran_007114,29128,random
ran_007115,621,random
ran_007115,23975,random
ran_007116,837,random
ran_007116,23981,random
ran_007117,12722,random
ran_007117,23986,random
ran_007118,19402,random
ran_007118,23994,random
ran_007119,1960,random
ran_007119,17146,random
ran_007119,24005,random
ran_007120,9174,random
ran_007120,24005,random
ran_007121,5126,random
ran_007121,24005,random
ran_007122,8533,random
ran_007122,24027,random
ran_007123,5815,random
ran_007123,20716,random
ran_007123,24038,random
ran_007124,5111,random
ran_007124,24085,random
ran_007125,19688,random
ran_007125,24088,random
ran_007126,14314,random
ran_007126,24133,random
ran_007126,27383,random
ran_007127,786,random
ran_007127,24133,random
ran_007128,366,random
ran_007128,17443,random
ran_007128,24133,random
ran_007129,5352,random
ran_007129,24133,random
ran_007129,24496,random
ran_007130,23530,random
ran_007130,24210,random
ran_007131,5187,random
ran_007131,24220,random
ran_007132,24220,random
ran_007132,24961,random
ran_007133,16967,random
ran_007133,24234,random
ran_007134,8139,random
ran_007134,24239,random
ran_007135,10703,random
ran_007135,24261,random
ran_007136,18851,random
ran_007136,24266,random
ran_007137,9872,random
ran_007137,24266,random
ran_007138,19740,random
ran_007138,24290,random
ran_007139,1920,random
ran_007139,23356,random
ran_007139,24290,random
ran_007139,31150,random
ran_007140,24290,random
ran_007140,24601,random
ran_007141,24290,random
ran_007141,30202,random
ran_007142,16837,random
ran_007142,24300,random
ran_007143,10097,random
ran_007143,24300,random
ran_007144,20510,random
ran_007144,24308,random
ran_007145,7747,random
ran_007145,24313,random
ran_007146,2249,random
ran_007146,24332,random
ran_007147,5324,random
ran_007147,24332,random
ran_007148,8593,random
ran_007148,24332,random
ran_007149,8490,random
ran_007149,18418,random
ran_007149,24351,random
ran_007150,3623,random
ran_007150,24358,random
ran_007151,20340,random
ran_007151,24386,random
ran_007152,5494,random
ran_007152,24386,random
ran_007153,2258,random
ran_007153,4785,random
ran_007153,24386,random
ran_007154,4422,random
ran_007154,24398,random
ran_007155,24400,random
ran_007155,27192,random
ran_007156,24400,random
ran_007156,26116,random
ran_007157,20,random
ran_007157,24409,random
ran_007158,4125,random
ran_007158,17623,random
ran_007158,24413,random
ran_007159,366,random
ran_007159,6334,random
ran_007159,24417,random
ran_007160,15481,random
ran_007160,24422,random
ran_007161,19294,random
ran_007161,22388,random
ran_007161,24430,random
ran_007162,11116,random
ran_007162,24440,random
ran_007163,11774,random
ran_007163,24440,random
ran_007164,2673,random
ran_007164,24440,random
ran_007165,511,random
ran_007165,24445,random
ran_007166,8040,random
ran_007166,24475,random
ran_007167,10662,random
ran_007167,24500,random
ran_007168,5143,random
ran_007168,24511,random
ran_007169,18659,random
ran_007169,24589,random
ran_007170,22156,random
ran_007170,24622,random
ran_007171,4495,random
ran_007171,24629,random
ran_007172,7252,random
ran_007172,24642,random
ran_007173,16651,random
ran_007173,24642,random
ran_007174,3390,random
ran_007174,19409,random
ran_007174,24642,random
ran_007175,12353,random
ran_007175,24651,random
ran_007176,2752,random
ran_007176,24651,random
ran_007177,4217,random
ran_007177,7718,random
ran_007177,17421,random
ran_007177,24690,random
ran_007178,8880,random
ran_007178,24690,random
ran_007179,6080,random
ran_007179,24690,random
ran_007180,741,random
ran_007180,24691,random
ran_007181,7957,random
ran_007181,24693,random
ran_007182,7722,random
ran_007182,24705,random
ran_007183,497,random
ran_007183,24705,random
ran_007184,21961,random
ran_007184,24705,random
ran_007185,10396,random
ran_007185,24705,random
ran_007186,4870,random
ran_007186,10202,random
ran_007186,24705,random
ran_007187,15785,random
ran_007187,20267,random
ran_007187,24705,random
ran_007188,21596,random
ran_007188,24708,random
ran_007189,1693,random
ran_007189,6252,random
ran_007189,24742,random
ran_007190,1622,random
ran_007190,24742,random
ran_007191,9892,random
ran_007191,24742,random
ran_007192,10348,random
ran_007192,24742,random
ran_007193,15713,random
ran_007193,24742,random
ran_007194,373,random
ran_007194,24752,random
ran_007195,10116,random
ran_007195,24756,random
ran_007196,19130,random
ran_007196,24756,random
ran_007197,15293,random
ran_007197,24756,random
ran_007198,22986,random
ran_007198,24760,random
ran_007199,21615,random
ran_007199,24760,random
ran_007200,6434,random
ran_007200,10773,random
ran_007200,24782,random
ran_007200,26609,random
ran_007201,2244,random
ran_007201,24786,random
ran_007202,2005,random
ran_007202,24795,random
ran_007203,10562,random
ran_007203,24814,random
ran_007204,15989,random
ran_007204,18675,random
ran_007204,24841,random
ran_007205,2018,random
ran_007205,24844,random
ran_007206,15542,random
ran_007206,24844,random
ran_007207,22184,random
ran_007207,24844,random
ran_007208,6705,random
ran_007208,24844,random
ran_007209,11827,random
ran_007209,24846,random
ran_007210,15788,random
ran_007210,24846,random
ran_007211,2896,random
ran_007211,24869,random
ran_007212,10642,random
ran_007212,22174,random
ran_007212,24870,random
ran_007213,14607,random
ran_007213,24871,random
ran_007214,6327,random
ran_007214,24885,random
ran_007215,1660,random
ran_007215,8220,random
ran_007215,24894,random
ran_007216,1069,random
ran_007216,24894,random
ran_007217,942,random
ran_007217,17444,random
ran_007217,24911,random
ran_007218,4151,random
ran_007218,24921,random
ran_007219,4512,random
ran_007219,24921,random
ran_007220,1920,random
ran_007220,24934,random
ran_007221,5370,random
ran_007221,24934,random
ran_007222,1273,random
ran_007222,24934,random
ran_007223,13046,random
ran_007223,24956,random
ran_007224,8731,random
ran_007224,17549,random
ran_007224,24956,random
ran_007225,13429,random
ran_007225,24967,random
ran_007226,4111,random
ran_007226,24967,random
ran_007227,2673,random
ran_007227,24972,random
ran_007228,10487,random
ran_007228,24972,random
ran_007229,19919,random
ran_007229,24980,random
ran_007230,8057,random
ran_007230,24980,random
ran_007231,3762,random
ran_007231,24995,random
ran_007232,7140,random
ran_007232,24997,random
ran_007233,2514,random
ran_007233,24999,random
ran_007234,20648,random
ran_007234,25007,random
ran_007235,15712,random
ran_007235,25011,random
ran_007236,12956,random
ran_007236,25026,random
ran_007237,25033,random
ran_007237,26061,random
ran_007238,25033,random
ran_007238,28231,random
ran_007239,1463,random
ran_007239,25033,random
ran_007240,12255,random
ran_007240,25033,random
ran_007241,113,random
ran_007241,25042,random
ran_007242,2033,random
ran_007242,25080,random
ran_007243,25080,random
ran_007243,26200,random
ran_007244,7787,random
ran_007244,25093,random
ran_007245,25093,random
ran_007245,27888,random
ran_007246,1856,random
ran_007246,25121,random
ran_007247,16766,random
ran_007247,25126,random
ran_007248,5782,random
ran_007248,25126,random
ran_007249,13236,random
ran_007249,25126,random
ran_007250,3459,random
ran_007250,12722,random
ran_007250,25158,random
ran_007251,2778,random
ran_007251,25158,random
ran_007252,17146,random
ran_007252,25210,random
ran_007253,5683,random
ran_007253,25228,random
ran_007254,18698,random
ran_007254,25246,random
ran_007255,2075,random
ran_007255,25246,random
ran_007256,5126,random
ran_007256,25246,random
ran_007257,22183,random
ran_007257,25247,random
ran_007258,22185,random
ran_007258,25247,random
ran_007259,24234,random
ran_007259,25270,random
ran_007260,25189,random
ran_007260,25284,random
ran_007261,25310,random
ran_007261,25478,random
ran_007262,2773,random
ran_007262,25310,random
ran_007263,3376,random
ran_007263,10793,random
ran_007263,25310,random
ran_007264,14939,random
ran_007264,25310,random
ran_007265,21931,random
ran_007265,25327,random
ran_007266,2946,random
ran_007266,25356,random
ran_007267,14388,random
ran_007267,25356,random
ran_007268,12235,random
ran_007268,25356,random
ran_007269,13436,random
ran_007269,25356,random
ran_007270,15624,random
ran_007270,25395,random
ran_007271,6699,random
ran_007271,17802,random
ran_007271,25404,random
ran_007272,23849,random
ran_007272,25424,random
ran_007273,16325,random
ran_007273,25424,random
ran_007274,25424,random
ran_007274,28521,random
ran_007274,28642,random
ran_007275,4723,random
ran_007275,25430,random
ran_007276,23462,random
ran_007276,25446,random
ran_007277,23530,random
ran_007277,25446,random
ran_007278,24332,random
ran_007278,25474,random
ran_007279,3004,random
ran_007279,6656,random
ran_007279,25483,random
ran_007280,117,random
ran_007280,480,random
ran_007280,25490,random
ran_007281,3021,random
ran_007281,25519,random
ran_007282,8233,random
ran_007282,25525,random
ran_007283,1576,random
ran_007283,20059,random
ran_007283,25525,random
ran_007284,22153,random
ran_007284,25533,random
ran_007285,3041,random
ran_007285,25542,random
ran_007286,25434,random
ran_007286,25543,random
ran_007287,6494,random
ran_007287,21309,random
ran_007287,25549,random
ran_007288,1159,random
ran_007288,25552,random
ran_007289,8900,random
ran_007289,25552,random
ran_007290,178,random
ran_007290,25552,random
ran_007291,8618,random
ran_007291,25554,random
ran_007292,9295,random
ran_007292,25554,random
ran_007293,279,random
ran_007293,25554,random
ran_007294,5098,random
ran_007294,5420,random
ran_007294,6192,random
ran_007294,25573,random
ran_007295,12462,random
ran_007295,25579,random
ran_007295,26085,random
ran_007296,435,random
ran_007296,18242,random
ran_007296,25593,random
ran_007297,25593,random
ran_007297,28696,random
ran_007298,14814,random
ran_007298,25599,random
ran_007299,3854,random
ran_007299,25616,random
ran_007300,114,random
ran_007300,25620,random
ran_007301,8073,random
ran_007301,23784,random
ran_007301,25622,random
ran_007302,607,random
ran_007302,25622,random
ran_007303,9610,random
ran_007303,25622,random
ran_007304,1971,random
ran_007304,25685,random
ran_007305,7208,random
ran_007305,17576,random
ran_007305,25685,random
ran_007306,25685,random
ran_007306,26827,random
ran_007307,483,random
ran_007307,25696,random
ran_007308,442,random
ran_007308,25708,random
ran_007309,3985,random
ran_007309,13798,random
ran_007309,16877,random
ran_007309,24235,random
ran_007309,25714,random
ran_007310,2514,random
ran_007310,25718,random
ran_007311,1048,random
ran_007311,18046,random
ran_007311,25718,random
ran_007312,13701,random
ran_007312,25718,random
ran_007313,11499,random
ran_007313,18569,random
ran_007313,25718,random
ran_007314,19516,random
ran_007314,25756,random
ran_007315,18131,random
ran_007315,25756,random
ran_007316,10029,random
ran_007316,25756,random
ran_007317,1385,random
ran_007317,25756,random
ran_007318,4837,random
ran_007318,25773,random
ran_007319,2655,random
ran_007319,23150,random
ran_007319,25773,random
ran_007320,25783,random
ran_007320,26625,random
ran_007321,2834,random
ran_007321,20138,random
ran_007321,25805,random
ran_007322,8617,random
ran_007322,25833,random
ran_007323,15072,random
ran_007323,25833,random
ran_007324,17961,random
ran_007324,19779,random
ran_007324,25833,random
ran_007324,29990,random
ran_007325,24094,random
ran_007325,25833,random
ran_007326,11286,random
ran_007326,25833,random
ran_007327,10431,random
ran_007327,25851,random
ran_007328,4462,random
ran_007328,5524,random
ran_007328,25856,random
ran_007329,21667,random
ran_007329,25875,random
ran_007330,8641,random
ran_007330,25895,random
ran_007331,19,random
ran_007331,25913,random
ran_007332,17426,random
ran_007332,25913,random
ran_007333,1468,random
ran_007333,25913,random
ran_007334,1019,random
ran_007334,25923,random
ran_007335,25923,random
ran_007335,26970,random
ran_007336,9763,random
ran_007336,25950,random
ran_007337,5278,random
ran_007337,26026,random
ran_007338,324,random
ran_007338,26026,random
ran_007339,6457,random
ran_007339,26062,random
ran_007340,7766,random
ran_007340,26062,random
ran_007341,17899,random
ran_007341,26062,random
ran_007342,6272,random
ran_007342,26062,random
ran_007343,21111,random
ran_007343,26062,random
ran_007344,10084,random
ran_007344,26062,random
ran_007345,2798,random
ran_007345,26062,random
ran_007346,18963,random
ran_007346,26062,random
ran_007347,15389,random
ran_007347,26062,random
ran_007348,16778,random
ran_007348,26070,random
ran_007349,13815,random
ran_007349,26078,random
ran_007350,3706,random
ran_007350,26085,random
ran_007351,2604,random
ran_007351,26085,random
ran_007352,1308,random
ran_007352,26085,random
ran_007353,4382,random
ran_007353,26085,random
ran_007354,15169,random
ran_007354,26088,random
ran_007355,17987,random
ran_007355,26088,random
ran_007356,3675,random
ran_007356,26088,random
ran_007357,4383,random
ran_007357,26094,random
ran_007358,14914,random
ran_007358,26098,random
ran_007359,23831,random
ran_007359,26104,random
ran_007360,12024,random
ran_007360,26104,random
ran_007361,17400,random
ran_007361,26113,random
ran_007362,15596,random
ran_007362,26116,random
ran_007363,7681,random
ran_007363,26116,random
ran_007364,2024,random
ran_007364,26116,random
ran_007365,4559,random
ran_007365,26130,random
ran_007366,10570,random
ran_007366,26130,random
ran_007367,10455,random
ran_007367,18931,random
ran_007367,26131,random
ran_007368,17384,random
ran_007368,26131,random
ran_007369,930,random
ran_007369,26135,random
ran_007370,7396,random
ran_007370,26172,random
ran_007371,19443,random
ran_007371,26173,random
ran_007372,16435,random
ran_007372,26173,random
ran_007373,326,random
ran_007373,26173,random
ran_007374,25126,random
ran_007374,26186,random
ran_007375,5995,random
ran_007375,26191,random
ran_007376,6573,random
ran_007376,26191,random
ran_007377,11559,random
ran_007377,26200,random
ran_007378,1290,random
ran_007378,9273,random
ran_007378,26200,random
ran_007379,326,random
ran_007379,3534,random
ran_007379,7329,random
ran_007379,26200,random
ran_007380,26191,random
ran_007380,26200,random
ran_007381,22502,random
ran_007381,26200,random
ran_007382,2788,random
ran_007382,26200,random
ran_007383,20598,random
ran_007383,21943,random
ran_007383,26200,random
ran_007384,8255,random
ran_007384,26221,random
ran_007385,4878,random
ran_007385,26221,random
ran_007386,24950,random
ran_007386,26225,random
ran_007387,21899,random
ran_007387,26225,random
ran_007388,9977,random
ran_007388,26225,random
ran_007389,23671,random
ran_007389,26225,random
ran_007390,9037,random
ran_007390,26225,random
ran_007391,3713,random
ran_007391,26239,random
ran_007392,8121,random
ran_007392,26239,random
ran_007393,1821,random
ran_007393,6934,random
ran_007393,14002,random
ran_007393,26242,random
ran_007394,26078,random
ran_007394,26282,random
ran_007395,1854,random
ran_007395,26282,random
ran_007396,26284,random
ran_007396,26684,random
ran_007397,15822,random
ran_007397,26297,random
ran_007398,2991,random
ran_007398,26297,random
ran_007399,737,random
ran_007399,12798,random
ran_007399,26297,random
ran_007400,10435,random
ran_007400,13728,random
ran_007400,26305,random
ran_007401,18214,random
ran_007401,26338,random
ran_007402,11245,random
ran_007402,26345,random
ran_007403,1056,random
ran_007403,26352,random
ran_007404,16797,random
ran_007404,21590,random
ran_007404,26361,random
ran_007405,5551,random
ran_007405,26361,random
ran_007406,14827,random
ran_007406,26384,random
ran_007407,2512,random
ran_007407,7024,random
ran_007407,16418,random
ran_007407,26384,random
ran_007408,633,random
ran_007408,26384,random
ran_007409,2065,random
ran_007409,26414,random
ran_007410,25213,random
ran_007410,26414,random
ran_007411,1321,random
ran_007411,26414,random
ran_007412,21924,random
ran_007412,26416,random
ran_007413,1145,random
ran_007413,26416,random
ran_007414,5851,random
ran_007414,17999,random
ran_007414,26425,random
ran_007415,241,random
ran_007415,20242,random
ran_007415,26425,random
ran_007416,1921,random
ran_007416,26431,random
ran_007417,6559,random
ran_007417,26445,random
ran_007418,1084,random
ran_007418,26463,random
ran_007419,25742,random
ran_007419,26473,random
ran_007420,18795,random
ran_007420,26481,random
ran_007421,1728,random
ran_007421,26487,random
ran_007422,26403,random
ran_007422,26491,random
ran_007423,11446,random
ran_007423,26491,random
ran_007424,12162,random
ran_007424,26491,random
ran_007425,8101,random
ran_007425,26491,random
ran_007426,8875,random
ran_007426,26491,random
ran_007427,26500,random
ran_007427,27477,random
ran_007428,881,random
ran_007428,26500,random
ran_007429,7838,random
ran_007429,26502,random
ran_007430,12629,random
ran_007430,26521,random
ran_007431,20471,random
ran_007431,26521,random
ran_007432,5147,random
ran_007432,26521,random
ran_007433,5054,random
ran_007433,26521,random
ran_007434,22560,random
ran_007434,26521,random
ran_007435,10917,random
ran_007435,26521,random
ran_007436,11884,random
ran_007436,26521,random
ran_007437,6629,random
ran_007437,26534,random
ran_007438,7929,random
ran_007438,26541,random
ran_007439,9929,random
ran_007439,26541,random
ran_007440,1720,random
ran_007440,26541,random
ran_007441,11361,random
ran_007441,26541,random
ran_007442,7269,random
ran_007442,13815,random
ran_007442,26545,random
ran_007443,13022,random
ran_007443,26557,random
ran_007444,4159,random
ran_007444,26557,random
ran_007445,18080,random
ran_007445,26571,random
ran_007446,11644,random
ran_007446,26572,random
ran_007447,2313,random
ran_007447,26572,random
ran_007448,9940,random
ran_007448,26572,random
ran_007449,15591,random
ran_007449,26572,random
ran_007450,324,random
ran_007450,14381,random
ran_007450,26584,random
ran_007451,26625,random
ran_007451,27248,random
ran_007452,10393,random
ran_007452,12558,random
ran_007452,26625,random
ran_007453,312,random
ran_007453,26633,random
ran_007454,70,random
ran_007454,16868,random
ran_007454,26633,random
ran_007455,19147,random
ran_007455,26651,random
ran_007456,329,random
ran_007456,26656,random
ran_007457,26167,random
ran_007457,26656,random
ran_007458,21368,random
ran_007458,26667,random
ran_007459,26672,random
ran_007459,27431,random
ran_007460,3033,random
ran_007460,14813,random
ran_007460,26672,random
ran_007461,12600,random
ran_007461,26673,random
ran_007462,5032,random
ran_007462,16877,random
ran_007462,20075,random
ran_007462,26692,random
ran_007463,381,random
ran_007463,26745,random
ran_007464,25851,random
ran_007464,26749,random
ran_007465,13761,random
ran_007465,26763,random
ran_007466,22847,random
ran_007466,26061,random
ran_007466,26763,random
ran_007467,12463,random
ran_007467,26765,random
ran_007468,197,random
ran_007468,26765,random
ran_007469,25198,random
ran_007469,25936,random
ran_007469,26765,random
ran_007470,22423,random
ran_007470,26776,random
ran_007471,16323,random
ran_007471,26786,random
ran_007472,14143,random
ran_007472,26786,random
ran_007473,96,random
ran_007473,7776,random
ran_007473,26794,random
ran_007474,21316,random
ran_007474,26797,random
ran_007475,5460,random
ran_007475,26803,random
ran_007476,6063,random
ran_007476,26803,random
ran_007477,19029,random
ran_007477,26807,random
ran_007478,13175,random
ran_007478,26810,random
ran_007479,18161,random
ran_007479,21902,random
ran_007479,26813,random
ran_007480,5567,random
ran_007480,26813,random
ran_007481,6224,random
ran_007481,26823,random
ran_007482,24343,random
ran_007482,26832,random
ran_007483,19894,random
ran_007483,26834,random
ran_007484,10668,random
ran_007484,26834,random
ran_007485,15648,random
ran_007485,26860,random
ran_007486,23296,random
ran_007486,26860,random
ran_007487,181,random
ran_007487,15939,random
ran_007487,26902,random
ran_007488,16925,random
ran_007488,26904,random
ran_007489,22649,random
ran_007489,26904,random
ran_007490,10019,random
ran_007490,26905,random
ran_007491,10348,random
ran_007491,26905,random
ran_007492,22767,random
ran_007492,26905,random
ran_007493,22600,random
ran_007493,26910,random
ran_007494,16471,random
ran_007494,26911,random
ran_007495,14906,random
ran_007495,26914,random
ran_007496,2412,random
ran_007496,26914,random
ran_007497,87,random
ran_007497,26914,random
ran_007498,21100,random
ran_007498,26914,random
ran_007499,26927,random
ran_007499,29145,random
ran_007500,19284,random
ran_007500,26928,random
ran_007501,9894,random
ran_007501,26958,random
ran_007502,23520,random
ran_007502,26961,random
ran_007503,593,random
ran_007503,26968,random
ran_007504,8987,random
ran_007504,26973,random
ran_007505,1898,random
ran_007505,17162,random
ran_007505,26975,random
ran_007506,15381,random
ran_007506,26975,random
ran_007507,6412,random
ran_007507,26983,random
ran_007508,6627,random
ran_007508,26987,random
ran_007509,6908,random
ran_007509,26987,random
ran_007510,16983,random
ran_007510,26987,random
ran_007511,2258,random
ran_007511,26989,random
ran_007512,10925,random
ran_007512,26989,random
ran_007513,10288,random
ran_007513,26989,random
ran_007514,3875,random
ran_007514,7252,random
ran_007514,26990,random
ran_007515,27003,random
ran_007515,27955,random
ran_007516,7864,random
ran_007516,10028,random
ran_007516,25257,random
ran_007516,27003,random
ran_007517,5451,random
ran_007517,27003,random
ran_007518,9812,random
ran_007518,27011,random
ran_007519,1390,random
ran_007519,27011,random
ran_007520,4461,random
ran_007520,27011,random
ran_007521,8566,random
ran_007521,27011,random
ran_007522,5977,random
ran_007522,27011,random
ran_007523,8974,random
ran_007523,27011,random
ran_007524,8705,random
ran_007524,27011,random
ran_007525,5159,random
ran_007525,27011,random
ran_007526,16670,random
ran_007526,27011,random
ran_007527,17274,random
ran_007527,27011,random
ran_007528,1438,random
ran_007528,27011,random
ran_007529,1186,random
ran_007529,27011,random
ran_007530,23696,random
ran_007530,27011,random
ran_007531,5277,random
ran_007531,11719,random
ran_007531,27035,random
ran_007532,53,random
ran_007532,3128,random
ran_007532,27035,random
ran_007533,11393,random
ran_007533,27035,random
ran_007534,12766,random
ran_007534,27035,random
ran_007535,2691,random
ran_007535,27035,random
ran_007536,3508,random
ran_007536,27041,random
ran_007537,17756,random
ran_007537,20449,random
ran_007537,27078,random
ran_007538,27135,random
ran_007538,31542,random
ran_007539,909,random
ran_007539,27174,random
ran_007540,1298,random
ran_007540,27179,random
ran_007541,26987,random
ran_007541,27182,random
ran_007542,9130,random
ran_007542,27198,random
ran_007543,22897,random
ran_007543,27201,random
ran_007544,7426,random
ran_007544,27206,random
ran_007545,20558,random
ran_007545,27229,random
ran_007546,9718,random
ran_007546,27230,random
ran_007547,3943,random
ran_007547,27230,random
ran_007548,4837,random
ran_007548,27247,random
ran_007549,17261,random
ran_007549,27265,random
ran_007550,25284,random
ran_007550,27265,random
ran_007551,12174,random
ran_007551,27267,random
ran_007552,10880,random
ran_007552,18359,random
ran_007552,27279,random
ran_007553,4106,random
ran_007553,27279,random
ran_007554,7045,random
ran_007554,21914,random
ran_007554,27279,random
ran_007555,14796,random
ran_007555,27307,random
ran_007556,15910,random
ran_007556,27309,random
ran_007557,16764,random
ran_007557,27319,random
ran_007558,13761,random
ran_007558,27319,random
ran_007559,7437,random
ran_007559,27332,random
ran_007560,14315,random
ran_007560,27332,random
ran_007561,572,random
ran_007561,19157,random
ran_007561,27332,random
ran_007562,7444,random
ran_007562,27347,random
ran_007563,282,random
ran_007563,27372,random
ran_007564,768,random
ran_007564,1057,random
ran_007564,20045,random
ran_007564,27372,random
ran_007565,422,random
ran_007565,27372,random
ran_007566,12237,random
ran_007566,27383,random
ran_007567,23332,random
ran_007567,27383,random
ran_007568,24567,random
ran_007568,27383,random
ran_007569,1901,random
ran_007569,27397,random
ran_007570,1839,random
ran_007570,10999,random
ran_007570,27403,random
ran_007571,17295,random
ran_007571,27403,random
ran_007572,26103,random
ran_007572,27414,random
ran_007573,8525,random
ran_007573,27416,random
ran_007574,7518,random
ran_007574,27417,random
ran_007575,9061,random
ran_007575,13348,random
ran_007575,27417,random
ran_007576,6089,random
ran_007576,27417,random
ran_007577,22941,random
ran_007577,27417,random
ran_007578,26200,random
ran_007578,27417,random
ran_007579,12798,random
ran_007579,27431,random
ran_007580,4493,random
ran_007580,27431,random
ran_007581,14766,random
ran_007581,27438,random
ran_007582,11705,random
ran_007582,27442,random
ran_007583,16161,random
ran_007583,27471,random
ran_007584,713,random
ran_007584,27484,random
ran_007585,770,random
ran_007585,27497,random
ran_007586,4529,random
ran_007586,27511,random
ran_007587,4660,random
ran_007587,27512,random
ran_007588,17606,random
ran_007588,27512,random
ran_007589,9834,random
ran_007589,23952,random
ran_007589,27512,random
ran_007590,17561,random
ran_007590,27512,random
ran_007591,10386,random
ran_007591,27516,random
ran_007592,26352,random
ran_007592,27520,random
ran_007593,2249,random
ran_007593,11471,random
ran_007593,27520,random
ran_007594,2311,random
ran_007594,22411,random
ran_007594,27553,random
ran_007595,8516,random
ran_007595,27555,random
ran_007596,8411,random
ran_007596,27555,random
ran_007597,27560,random
ran_007597,28062,random
ran_007598,7375,random
ran_007598,27562,random
ran_007599,7154,random
ran_007599,27562,random
ran_007600,23890,random
ran_007600,27577,random
ran_007601,8131,random
ran_007601,27598,random
ran_007602,12997,random
ran_007602,27599,random
ran_007603,23744,random
ran_007603,27599,random
ran_007604,1789,random
ran_007604,27600,random
ran_007605,2424,random
ran_007605,7376,random
ran_007605,27635,random
ran_007606,353,random
ran_007606,27645,random
ran_007607,4308,random
ran_007607,27645,random
ran_007608,2811,random
ran_007608,27645,random
ran_007609,27645,random
ran_007609,29086,random
ran_007610,19843,random
ran_007610,27645,random
ran_007611,3128,random
ran_007611,27650,random
ran_007612,9653,random
ran_007612,17307,random
ran_007612,27658,random
ran_007613,22578,random
ran_007613,27659,random
ran_007614,10488,random
ran_007614,27683,random
ran_007615,3267,random
ran_007615,27683,random
ran_007616,2019,random
ran_007616,27685,random
ran_007617,5593,random
ran_007617,27692,random
ran_007618,8709,random
ran_007618,27692,random
ran_007619,14689,random
ran_007619,27692,random
ran_007620,8628,random
ran_007620,27714,random
ran_007621,27507,random
ran_007621,27721,random
ran_007622,27721,random
ran_007622,28132,random
ran_007623,16445,random
ran_007623,27751,random
ran_007624,8502,random
ran_007624,27762,random
ran_007625,4198,random
ran_007625,27802,random
ran_007626,10600,random
ran_007626,27803,random
ran_007627,10897,random
ran_007627,27808,random
ran_007628,3329,random
ran_007628,16805,random
ran_007628,27810,random
ran_007629,16579,random
ran_007629,27814,random
ran_007630,16471,random
ran_007630,26370,random
ran_007630,27840,random
ran_007631,12794,random
ran_007631,27840,random
ran_007632,19205,random
ran_007632,27840,random
ran_007633,22859,random
ran_007633,27863,random
ran_007634,1477,random
ran_007634,27863,random
ran_007635,20115,random
ran_007635,27877,random
ran_007636,13146,random
ran_007636,27881,random
ran_007637,18491,random
ran_007637,27884,random
ran_007638,7794,random
ran_007638,27884,random
ran_007639,22545,random
ran_007639,27884,random
ran_007640,8597,random
ran_007640,11701,random
ran_007640,13426,random
ran_007640,27894,random
ran_007641,24985,random
ran_007641,27894,random
ran_007642,10097,random
ran_007642,27908,random
ran_007643,3731,random
ran_007643,27915,random
ran_007644,23023,random
ran_007644,27933,random
ran_007645,3695,random
ran_007645,27933,random
ran_007646,14305,random
ran_007646,27933,random
ran_007647,4385,random
ran_007647,27977,random
ran_007648,12878,random
ran_007648,27977,random
ran_007649,21046,random
ran_007649,27977,random
ran_007650,7745,random
ran_007650,27984,random
ran_007651,7200,random
ran_007651,28011,random
ran_007652,12624,random
ran_007652,28016,random
ran_007653,1725,random
ran_007653,28025,random
ran_007654,15303,random
ran_007654,28036,random
ran_007655,4236,random
ran_007655,28037,random
ran_007656,14766,random
ran_007656,28045,random
ran_007657,9813,random
ran_007657,28059,random
ran_007658,20193,random
ran_007658,28068,random
ran_007659,3190,random
ran_007659,4101,random
ran_007659,28068,random
ran_007660,7932,random
ran_007660,28074,random
ran_007661,8040,random
ran_007661,28111,random
ran_007662,1368,random
ran_007662,9535,random
ran_007662,28111,random
ran_007663,26362,random
ran_007663,28111,random
ran_007664,6756,random
ran_007664,22644,random
ran_007664,28111,random
ran_007665,13955,random
ran_007665,28115,random
ran_007666,10880,random
ran_007666,28115,random
ran_007667,7343,random
ran_007667,28121,random
ran_007668,7891,random
ran_007668,28128,random
ran_007669,1080,random
ran_007669,28151,random
ran_007670,4170,random
ran_007670,28151,random
ran_007671,6227,random
ran_007671,28165,random
ran_007672,14535,random
ran_007672,28170,random
ran_007673,1693,random
ran_007673,20885,random
ran_007673,28177,random
ran_007674,24997,random
ran_007674,28220,random
ran_007675,4729,random
ran_007675,28220,random
ran_007676,506,random
ran_007676,4519,random
ran_007676,18469,random
ran_007676,28230,random
ran_007677,9713,random
ran_007677,28260,random
ran_007678,3473,random
ran_007678,28260,random
ran_007679,13883,random
ran_007679,28262,random
ran_007680,15002,random
ran_007680,28262,random
ran_007680,29045,random
ran_007681,5142,random
ran_007681,28277,random
ran_007682,12346,random
ran_007682,28282,random
ran_007683,22167,random
ran_007683,28282,random
ran_007684,21734,random
ran_007684,28300,random
ran_007685,19421,random
ran_007685,28316,random
ran_007686,26076,random
ran_007686,28337,random
ran_007687,5894,random
ran_007687,28344,random
ran_007688,28384,random
ran_007688,31242,random
ran_007689,14533,random
ran_007689,28384,random
ran_007690,21527,random
ran_007690,28385,random
ran_007691,14436,random
ran_007691,28411,random
ran_007692,17938,random
ran_007692,28415,random
ran_007693,6095,random
ran_007693,28415,random
ran_007694,13046,random
ran_007694,28415,random
ran_007695,8305,random
ran_007695,14101,random
ran_007695,28415,random
ran_007696,2767,random
ran_007696,8822,random
ran_007696,11546,random
ran_007696,28415,random
ran_007697,19919,random
ran_007697,28429,random
ran_007698,2431,random
ran_007698,28432,random
ran_007699,2224,random
ran_007699,28451,random
ran_007700,2426,random
ran_007700,28457,random
ran_007701,12841,random
ran_007701,28494,random
ran_007702,16384,random
ran_007702,28497,random
ran_007703,21457,random
ran_007703,28507,random
ran_007704,6200,random
ran_007704,28526,random
ran_007705,27295,random
ran_007705,28528,random
ran_007706,23080,random
ran_007706,28528,random
ran_007707,13136,random
ran_007707,28545,random
ran_007708,9162,random
ran_007708,28550,random
ran_007709,428,random
ran_007709,28556,random
ran_007710,7039,random
ran_007710,28566,random
ran_007711,11503,random
ran_007711,28566,random
ran_007712,2361,random
ran_007712,8644,random
ran_007712,14397,random
ran_007712,28568,random
ran_007713,9419,random
ran_007713,28575,random
ran_007714,13718,random
ran_007714,28580,random
ran_007715,12646,random
ran_007715,28664,random
ran_007716,7433,random
ran_007716,11708,random
ran_007716,28664,random
ran_007717,15235,random
ran_007717,28665,random
ran_007718,18794,random
ran_007718,28670,random
ran_007719,26597,random
ran_007719,28673,random
ran_007720,13022,random
ran_007720,28673,random
ran_007721,2988,random
ran_007721,28673,random
ran_007722,11936,random
ran_007722,28731,random
ran_007723,13584,random
ran_007723,28731,random
ran_007724,6503,random
ran_007724,17156,random
ran_007724,28766,random
ran_007725,657,random
ran_007725,28786,random
ran_007726,23043,random
ran_007726,28807,random
ran_007727,16545,random
ran_007727,28810,random
ran_007728,3378,random
ran_007728,28814,random
ran_007729,9812,random
ran_007729,28820,random
ran_007730,2927,random
ran_007730,28843,random
ran_007731,4280,random
ran_007731,28857,random
ran_007732,16230,random
ran_007732,28876,random
ran_007733,1597,random
ran_007733,17052,random
ran_007733,28876,random
ran_007734,27727,random
ran_007734,28876,random
ran_007735,16863,random
ran_007735,17443,random
ran_007735,28892,random
ran_007736,11990,random
ran_007736,28892,random
ran_007737,17593,random
ran_007737,28905,random
ran_007738,12015,random
ran_007738,28924,random
ran_007739,4225,random
ran_007739,26824,random
ran_007739,28926,random
ran_007740,13061,random
ran_007740,28932,random
ran_007741,19568,random
ran_007741,28932,random
ran_007742,28766,random
ran_007742,28936,random
ran_007743,105,random
ran_007743,16178,random
ran_007743,28936,random
ran_007744,5241,random
ran_007744,28937,random
ran_007745,18084,random
ran_007745,28957,random
ran_007746,27274,random
ran_007746,28973,random
ran_007747,1908,random
ran_007747,28975,random
ran_007748,646,random
ran_007748,28984,random
ran_007749,2192,random
ran_007749,28989,random
ran_007750,8577,random
ran_007750,28989,random
ran_007751,23446,random
ran_007751,29000,random
ran_007752,12246,random
ran_007752,29012,random
ran_007753,8919,random
ran_007753,29012,random
ran_007754,26987,random
ran_007754,29012,random
ran_007755,17823,random
ran_007755,29030,random
ran_007756,16130,random
ran_007756,29037,random
ran_007757,25042,random
ran_007757,29037,random
ran_007758,17160,random
ran_007758,29037,random
ran_007759,24400,random
ran_007759,29037,random
ran_007760,1477,random
ran_007760,29037,random
ran_007761,1213,random
ran_007761,29037,random
ran_007762,19041,random
ran_007762,29047,random
ran_007763,1401,random
ran_007763,5161,random
ran_007763,29066,random
ran_007764,10488,random
ran_007764,29069,random
ran_007765,24262,random
ran_007765,29069,random
ran_007766,22174,random
ran_007766,29069,random
ran_007767,12499,random
ran_007767,29069,random
ran_007768,3495,random
ran_007768,29074,random
ran_007769,3304,random
ran_007769,29074,random
ran_007770,4029,random
ran_007770,29074,random
ran_007771,25216,random
ran_007771,29074,random
ran_007772,11361,random
ran_007772,29078,random
ran_007773,3422,random
ran_007773,29085,random
ran_007774,12548,random
ran_007774,29089,random
ran_007775,4708,random
ran_007775,29089,random
ran_007776,27265,random
ran_007776,29089,random
ran_007777,5228,random
ran_007777,29089,random
ran_007778,25,random
ran_007778,29089,random
ran_007779,2181,random
ran_007779,29111,random
ran_007780,18331,random
ran_007780,29111,random
ran_007781,16819,random
ran_007781,29128,random
ran_007782,12574,random
ran_007782,29128,random
ran_007783,11011,random
ran_007783,29128,random
ran_007784,25080,random
ran_007784,29130,random
ran_007785,21466,random
ran_007785,29133,random
ran_007786,9003,random
ran_007786,29137,random
ran_007787,26150,random
ran_007787,29143,random
ran_007788,26534,random
ran_007788,29143,random
ran_007789,26379,random
ran_007789,29151,random
ran_007790,7252,random
ran_007790,29151,random
ran_007791,9804,random
ran_007791,29151,random
ran_007792,9106,random
ran_007792,29151,random
ran_007793,15332,random
ran_007793,29168,random
ran_007794,20843,random
ran_007794,29184,random
ran_007795,12570,random
ran_007795,29186,random
ran_007796,29219,random
ran_007796,30966,random
ran_007797,532,random
ran_007797,15931,random
ran_007797,29219,random
ran_007798,24287,random
ran_007798,29236,random
ran_007799,21309,random
ran_007799,29241,random
ran_007800,217,random
ran_007800,29241,random
ran_007801,29241,random
ran_007801,30134,random
ran_007802,24403,random
ran_007802,29241,random
ran_007803,4636,random
ran_007803,29248,random
ran_007804,5960,random
ran_007804,9662,random
ran_007804,29248,random
ran_007805,5766,random
ran_007805,29274,random
ran_007806,19368,random
ran_007806,29275,random
ran_007807,15800,random
ran_007807,29283,random
ran_007808,4669,random
ran_007808,29283,random
ran_007809,22675,random
ran_007809,29304,random
ran_007810,9253,random
ran_007810,13869,random
ran_007810,29340,random
ran_007811,3811,random
ran_007811,29340,random
ran_007812,2794,random
ran_007812,29358,random
ran_007813,2269,random
ran_007813,5892,random
ran_007813,29358,random
ran_007814,24692,random
ran_007814,29359,random
ran_007815,11234,random
ran_007815,29359,random
ran_007816,19674,random
ran_007816,29359,random
ran_007817,29359,random
ran_007817,29789,random
ran_007818,27645,random
ran_007818,29373,random
ran_007819,23438,random
ran_007819,29377,random
ran_007820,5032,random
ran_007820,29389,random
ran_007821,10591,random
ran_007821,29416,random
ran_007822,26832,random
ran_007822,29416,random
ran_007823,19585,random
ran_007823,29424,random
ran_007824,7980,random
ran_007824,29440,random
ran_007825,3569,random
ran_007825,29440,random
ran_007826,17157,random
ran_007826,29440,random
ran_007827,16082,random
ran_007827,29442,random
ran_007828,3277,random
ran_007828,29450,random
ran_007829,5548,random
ran_007829,29463,random
ran_007830,29492,random
ran_007830,29785,random
ran_007831,14521,random
ran_007831,29493,random
ran_007832,22521,random
ran_007832,29542,random
ran_007833,10929,random
ran_007833,29561,random
ran_007834,11784,random
ran_007834,29575,random
ran_007835,1374,random
ran_007835,29591,random
ran_007836,6947,random
ran_007836,7542,random
ran_007836,11739,random
ran_007836,16566,random
ran_007836,29592,random
ran_007837,21985,random
ran_007837,29592,random
ran_007838,140,random
ran_007838,21014,random
ran_007838,29629,random
ran_007839,19585,random
ran_007839,29629,random
ran_007840,626,random
ran_007840,29629,random
ran_007841,12912,random
ran_007841,22184,random
ran_007841,29631,random
ran_007842,22771,random
ran_007842,29631,random
ran_007843,23584,random
ran_007843,29631,random
ran_007844,29649,random
ran_007844,29697,random
ran_007845,520,random
ran_007845,7197,random
ran_007845,29652,random
ran_007846,27710,random
ran_007846,29652,random
ran_007847,1415,random
ran_007847,29688,random
ran_007848,21037,random
ran_007848,29688,random
ran_007849,7474,random
ran_007849,11587,random
ran_007849,29692,random
ran_007850,21161,random
ran_007850,29692,random
ran_007851,11803,random
ran_007851,29700,random
ran_007852,5157,random
ran_007852,9226,random
ran_007852,23971,random
ran_007852,29702,random
ran_007853,4329,random
ran_007853,29741,random
ran_007854,16332,random
ran_007854,29748,random
ran_007855,9825,random
ran_007855,23496,random
ran_007855,29770,random
ran_007856,29438,random
ran_007856,29772,random
ran_007857,16464,random
ran_007857,29772,random
ran_007858,771,random
ran_007858,29785,random
ran_007859,14155,random
ran_007859,29785,random
ran_007860,13146,random
ran_007860,29785,random
ran_007861,12121,random
ran_007861,29785,random
ran_007862,1007,random
ran_007862,29785,random
ran_007863,10252,random
ran_007863,25937,random
ran_007863,29825,random
ran_007864,12213,random
ran_007864,25543,random
ran_007864,29830,random
ran_007865,5533,random
ran_007865,29841,random
ran_007866,4818,random
ran_007866,29864,random
ran_007867,21699,random
ran_007867,29864,random
ran_007868,5708,random
ran_007868,6422,random
ran_007868,29877,random
ran_007869,24705,random
ran_007869,29896,random
ran_007870,3007,random
ran_007870,29906,random
ran_007871,7439,random
ran_007871,29934,random
ran_007872,3203,random
ran_007872,29934,random
ran_007873,1898,random
ran_007873,29945,random
ran_007874,21143,random
ran_007874,29952,random
ran_007875,21819,random
ran_007875,29958,random
ran_007876,23856,random
ran_007876,29958,random
ran_007877,11249,random
ran_007877,12185,random
ran_007877,25187,random
ran_007877,29958,random
ran_007878,15184,random
ran_007878,29984,random
ran_007879,5259,random
ran_007879,29994,random
ran_007880,13798,random
ran_007880,30053,random
ran_007881,3465,random
ran_007881,30053,random
ran_007882,292,random
ran_007882,30053,random
ran_007883,10156,random
ran_007883,30118,random
ran_007884,14806,random
ran_007884,30118,random
ran_007885,247,random
ran_007885,30118,random
ran_007886,18863,random
ran_007886,30127,random
ran_007887,23216,random
ran_007887,30129,random
ran_007888,26443,random
ran_007888,30191,random
ran_007889,2579,random
ran_007889,30200,random
ran_007890,20065,random
ran_007890,30202,random
ran_007891,21851,random
ran_007891,30204,random
ran_007892,20833,random
ran_007892,30204,random
ran_007893,16683,random
ran_007893,30204,random
ran_007894,15205,random
ran_007894,30244,random
ran_007895,20451,random
ran_007895,30244,random
ran_007896,4166,random
ran_007896,30244,random
ran_007897,12693,random
ran_007897,30247,random
ran_007898,3310,random
ran_007898,30247,random
ran_007899,5450,random
ran_007899,30280,random
ran_007900,4645,random
ran_007900,30285,random
ran_007901,9920,random
ran_007901,30320,random
ran_007902,2502,random
ran_007902,10069,random
ran_007902,30334,random
ran_007903,6721,random
ran_007903,30334,random
ran_007904,30,random
ran_007904,30354,random
ran_007905,4450,random
ran_007905,30355,random
ran_007906,643,random
ran_007906,30355,random
ran_007907,13179,random
ran_007907,30357,random
ran_007908,786,random
ran_007908,30377,random
ran_007909,21767,random
ran_007909,30377,random
ran_007910,13813,random
ran_007910,30377,random
ran_007911,1345,random
ran_007911,3825,random
ran_007911,30377,random
ran_007912,19546,random
ran_007912,30389,random
ran_007913,9363,random
ran_007913,30389,random
ran_007914,3544,random
ran_007914,30392,random
ran_007915,8478,random
ran_007915,30399,random
ran_007916,29965,random
ran_007916,30399,random
ran_007917,6834,random
ran_007917,30399,random
ran_007918,4563,random
ran_007918,30400,random
ran_007919,30401,random
ran_007919,30662,random
ran_007920,3674,random
ran_007920,30409,random
ran_007921,15523,random
ran_007921,25366,random
ran_007921,30418,random
ran_007922,133,random
ran_007922,30453,random
ran_007923,2773,random
ran_007923,30458,random
ran_007924,1588,random
ran_007924,30458,random
ran_007925,12094,random
ran_007925,19351,random
ran_007925,30498,random
ran_007926,7089,random
ran_007926,17277,random
ran_007926,22308,random
ran_007926,30509,random
ran_007927,11042,random
ran_007927,21535,random
ran_007927,30513,random
ran_007928,20273,random
ran_007928,30519,random
ran_007929,5567,random
ran_007929,30548,random
ran_007930,28429,random
ran_007930,30548,random
ran_007931,5667,random
ran_007931,30555,random
ran_007932,15511,random
ran_007932,30580,random
ran_007933,10168,random
ran_007933,30582,random
ran_007934,11435,random
ran_007934,30582,random
ran_007935,6175,random
ran_007935,30587,random
ran_007936,11328,random
ran_007936,30587,random
ran_007937,16730,random
ran_007937,30587,random
ran_007938,14430,random
ran_007938,30587,random
ran_007939,10325,random
ran_007939,30590,random
ran_007940,467,random
ran_007940,30590,random
ran_007941,20571,random
ran_007941,30590,random
ran_007942,26003,random
ran_007942,30652,random
ran_007943,65,random
ran_007943,10219,random
ran_007943,12228,random
ran_007943,29037,random
ran_007943,30656,random
ran_007944,2790,random
ran_007944,30662,random
ran_007945,9205,random
ran_007945,30662,random
ran_007946,29858,random
ran_007946,30692,random
ran_007947,18240,random
ran_007947,30707,random
ran_007948,1870,random
ran_007948,13869,random
ran_007948,19843,random
ran_007948,30707,random
ran_007949,12045,random
ran_007949,29664,random
ran_007949,30710,random
ran_007950,23146,random
ran_007950,30724,random
ran_007951,11242,random
ran_007951,30726,random
ran_007952,21271,random
ran_007952,30743,random
ran_007953,860,random
ran_007953,30743,random
ran_007954,2365,random
ran_007954,30747,random
ran_007955,8405,random
ran_007955,30756,random
ran_007956,1177,random
ran_007956,30756,random
ran_007957,7295,random
ran_007957,30756,random
ran_007958,2,random
ran_007958,30784,random
ran_007959,2270,random
ran_007959,17897,random
ran_007959,28052,random
ran_007959,30802,random
ran_007960,5614,random
ran_007960,30832,random
ran_007961,288,random
ran_007961,30841,random
ran_007962,2360,random
ran_007962,19633,random
ran_007962,30860,random
ran_007963,14983,random
ran_007963,26221,random
ran_007963,30860,random
ran_007964,16286,random
ran_007964,30862,random
ran_007965,16555,random
ran_007965,30862,random
ran_007966,26062,random
ran_007966,30898,random
ran_007967,25937,random
ran_007967,30913,random
ran_007968,30913,random
ran_007968,31396,random
ran_007969,8590,random
ran_007969,16756,random
ran_007969,30914,random
ran_007970,20614,random
ran_007970,30914,random
ran_007971,13077,random
ran_007971,30922,random
ran_007972,6855,random
ran_007972,30935,random
ran_007973,18007,random
ran_007973,30937,random
ran_007974,1059,random
ran_007974,21428,random
ran_007974,30946,random
ran_007975,1227,random
ran_007975,30946,random
ran_007976,7649,random
ran_007976,30966,random
ran_007977,23008,random
ran_007977,30966,random
ran_007978,6142,random
ran_007978,15912,random
ran_007978,30966,random
ran_007979,245,random
ran_007979,18345,random
ran_007979,31021,random
ran_007980,258,random
ran_007980,31078,random
ran_007981,22481,random
ran_007981,31084,random
ran_007982,27416,random
ran_007982,31086,random
ran_007983,3015,random
ran_007983,31086,random
ran_007984,1692,random
ran_007984,31087,random
ran_007985,15511,random
ran_007985,31087,random
ran_007986,18413,random
ran_007986,31087,random
ran_007987,9115,random
ran_007987,31087,random
ran_007988,16512,random
ran_007988,31093,random
ran_007989,10436,random
ran_007989,31094,random
ran_007990,28528,random
ran_007990,31117,random
ran_007991,6517,random
ran_007991,18834,random
ran_007991,31117,random
ran_007992,6863,random
ran_007992,31117,random
ran_007993,30798,random
ran_007993,31117,random
ran_007994,24982,random
ran_007994,31132,random
ran_007995,7437,random
ran_007995,31132,random
ran_007996,28103,random
ran_007996,31132,random
ran_007997,7932,random
ran_007997,31139,random
ran_007998,6240,random
ran_007998,31141,random
ran_007999,5593,random
ran_007999,31174,random
ran_008000,16551,random
ran_008000,31183,random
ran_008001,23468,random
ran_008001,31198,random
ran_008002,23211,random
ran_008002,31270,random
ran_008003,581,random
ran_008003,19070,random
ran_008003,31270,random
ran_008004,2325,random
ran_008004,31274,random
ran_008005,11926,random
ran_008005,31296,random
ran_008006,21144,random
ran_008006,31296,random
ran_008007,16088,random
ran_008007,31296,random
ran_008008,9426,random
ran_008008,31296,random
ran_008009,15565,random
ran_008009,31296,random
ran_008010,8893,random
ran_008010,31317,random
ran_008011,11279,random
ran_008011,31374,random
ran_008012,12472,random
ran_008012,31374,random
ran_008013,28609,random
ran_008013,31381,random
ran_008014,11425,random
ran_008014,11615,random
ran_008014,13059,random
ran_008014,31389,random
ran_008015,11929,random
ran_008015,31389,random
ran_008016,1454,random
ran_008016,31389,random
ran_008017,13907,random
ran_008017,16163,random
ran_008017,31389,random
ran_008018,26004,random
ran_008018,31401,random
ran_008019,25857,random
ran_008019,31428,random
ran_008020,3102,random
ran_008020,10501,random
ran_008020,31439,random
ran_008021,31105,random
ran_008021,31495,random
ran_008022,3487,random
ran_008022,31548,random
ran_008023,10635,random
ran_008023,31549,random
ran_008024,31,random
ran_008024,31581,random
ran_008025,18798,random
ran_008025,26468,random
ran_008025,31581,random
ran_008026,29248,random
ran_008026,31586,random
ran_008027,10050,random
ran_008027,11435,random
ran_008027,31586,random
ran_008028,11878,random
ran_008028,31620,random
ran_008029,1710,random
ran_008029,31647,random
ran_008030,18,random
ran_008030,3306,random
ran_008031,22,random
ran_008031,12360,random
ran_008032,59,random
ran_008032,446,random
ran_008033,77,random
ran_008033,8457,random
ran_008034,77,random
ran_008034,4268,random
ran_008035,81,random
ran_008035,8585,random
ran_008036,100,random
ran_008036,21984,random
ran_008036,27933,random
ran_008037,108,random
ran_008037,1249,random
ran_008038,128,random
ran_008038,2786,random
ran_008039,145,random
ran_008039,12790,random
ran_008040,189,random
ran_008040,8537,random
ran_008041,200,random
ran_008041,955,random
ran_008042,212,random
ran_008042,17700,random
ran_008043,220,random
ran_008043,8783,random
ran_008043,10480,random
ran_008043,23866,random
ran_008044,227,random
ran_008044,4380,random
ran_008045,227,random
ran_008045,4037,random
ran_008046,227,random
ran_008046,6809,random
ran_008046,14693,random
ran_008047,227,random
ran_008047,23291,random
ran_008048,227,random
ran_008048,12383,random
ran_008049,236,random
ran_008049,15713,random
ran_008050,265,random
ran_008050,1882,random
ran_008051,296,random
ran_008051,1609,random
ran_008052,66,random
ran_008052,412,random
ran_008053,175,random
ran_008053,423,random
ran_008054,459,random
ran_008054,19940,random
ran_008055,459,random
ran_008055,10084,random
ran_008056,459,random
ran_008056,6125,random
ran_008057,483,random
ran_008057,30427,random
ran_008058,483,random
ran_008058,31428,random
ran_008059,497,random
ran_008059,6298,random
ran_008060,497,random
ran_008060,2650,random
ran_008061,534,random
ran_008061,12037,random
ran_008062,579,random
ran_008062,19886,random
ran_008063,581,random
ran_008063,13176,random
ran_008064,618,random
ran_008064,12394,random
ran_008065,627,random
ran_008065,10501,random
ran_008066,676,random
ran_008066,3317,random
ran_008067,694,random
ran_008067,4308,random
ran_008068,108,random
ran_008068,786,random
ran_008069,822,random
ran_008069,10184,random
ran_008070,850,random
ran_008070,1820,random
ran_008070,5006,random
ran_008071,867,random
ran_008071,9564,random
ran_008071,20231,random
ran_008072,869,random
ran_008072,14829,random
ran_008073,950,random
ran_008073,3490,random
ran_008074,955,random
ran_008074,12753,random
ran_008075,967,random
ran_008075,16817,random
ran_008076,987,random
ran_008076,20116,random
ran_008077,992,random
ran_008077,10171,random
ran_008078,993,random
ran_008078,26130,random
ran_008079,993,random
ran_008079,10185,random
ran_008080,994,random
ran_008080,4308,random
ran_008081,994,random
ran_008081,5995,random
ran_008082,994,random
ran_008082,1920,random
ran_008083,1006,random
ran_008083,9751,random
ran_008084,1007,random
ran_008084,10300,random
ran_008085,1028,random
ran_008085,8721,random
ran_008086,1055,random
ran_008086,3365,random
ran_008087,1067,random
ran_008087,4048,random
ran_008087,23764,random
ran_008088,1075,random
ran_008088,16071,random
ran_008089,1095,random
ran_008089,9323,random
ran_008090,1104,random
ran_008090,2692,random
ran_008091,1112,random
ran_008091,2586,random
ran_008092,1160,random
ran_008092,28923,random
ran_008093,1173,random
ran_008093,2230,random
ran_008094,1173,random
ran_008094,4334,random
ran_008094,21767,random
ran_008095,1196,random
ran_008095,15570,random
ran_008096,1210,random
ran_008096,21904,random
ran_008096,26594,random
ran_008097,1254,random
ran_008097,12093,random
ran_008098,400,random
ran_008098,1263,random
ran_008099,1273,random
ran_008099,11731,random
ran_008099,14977,random
ran_008100,1281,random
ran_008100,15239,random
ran_008101,1291,random
ran_008101,10858,random
ran_008102,1291,random
ran_008102,20635,random
ran_008103,1291,random
ran_008103,3459,random
ran_008104,1305,random
ran_008104,4789,random
ran_008105,1308,random
ran_008105,4236,random
ran_008106,1374,random
ran_008106,13146,random
ran_008106,27562,random
ran_008107,1386,random
ran_008107,5287,random
ran_008108,1405,random
ran_008108,13122,random
ran_008109,1419,random
ran_008109,12819,random
ran_008110,1439,random
ran_008110,4374,random
ran_008110,5853,random
ran_008111,1487,random
ran_008111,2486,random
ran_008112,1508,random
ran_008112,23682,random
ran_008113,1511,random
ran_008113,10092,random
ran_008114,1523,random
ran_008114,9066,random
ran_008114,16389,random
ran_008115,1564,random
ran_008115,20248,random
ran_008115,27888,random
ran_008116,366,random
ran_008116,1585,random
ran_008116,5167,random
ran_008117,1585,random
ran_008117,18213,random
ran_008118,1608,random
ran_008118,4700,random
ran_008119,1608,random
ran_008119,25366,random
ran_008120,1659,random
ran_008120,2353,random
ran_008120,19533,random
ran_008121,1672,random
ran_008121,12646,random
ran_008121,15369,random
ran_008122,1672,random
ran_008122,5293,random
ran_008123,1692,random
ran_008123,8954,random
ran_008124,497,random
ran_008124,1720,random
ran_008125,1735,random
ran_008125,2514,random
ran_008126,459,random
ran_008126,1772,random
ran_008126,11739,random
ran_008127,1798,random
ran_008127,3702,random
ran_008128,1837,random
ran_008128,13051,random
ran_008129,1842,random
ran_008129,2359,random
ran_008130,1883,random
ran_008130,2090,random
ran_008130,5666,random
ran_008131,1920,random
ran_008131,4365,random
ran_008132,1920,random
ran_008132,14284,random
ran_008133,1941,random
ran_008133,2558,random
ran_008134,1970,random
ran_008134,2997,random
ran_008135,1995,random
ran_008135,6062,random
ran_008136,2019,random
ran_008136,5238,random
ran_008136,6706,random
ran_008137,2019,random
ran_008137,19563,random
ran_008138,2134,random
ran_008138,21201,random
ran_008139,2154,random
ran_008139,17064,random
ran_008140,2240,random
ran_008140,5573,random
ran_008141,2240,random
ran_008141,30836,random
ran_008142,2240,random
ran_008142,21931,random
ran_008143,2240,random
ran_008143,8957,random
ran_008144,2240,random
ran_008144,13207,random
ran_008145,2258,random
ran_008145,7836,random
ran_008146,2288,random
ran_008146,3312,random
ran_008147,2290,random
ran_008147,6589,random
ran_008148,2309,random
ran_008148,17099,random
ran_008149,2311,random
ran_008149,9499,random
ran_008150,1634,random
ran_008150,2314,random
ran_008151,270,random
ran_008151,2336,random
ran_008151,9446,random
ran_008152,2345,random
ran_008152,8819,random
ran_008153,2359,random
ran_008153,18898,random
ran_008154,2359,random
ran_008154,4416,random
ran_008154,18628,random
ran_008155,686,random
ran_008155,2365,random
ran_008155,14383,random
ran_008156,2379,random
ran_008156,9307,random
ran_008157,2379,random
ran_008157,22991,random
ran_008158,2380,random
ran_008158,13530,random
ran_008159,2380,random
ran_008159,3957,random
ran_008160,2381,random
ran_008160,10806,random
ran_008161,2381,random
ran_008161,12370,random
ran_008162,2402,random
ran_008162,11299,random
ran_008162,16877,random
ran_008163,2511,random
ran_008163,13659,random
ran_008164,2511,random
ran_008164,4186,random
ran_008164,22545,random
ran_008165,2511,random
ran_008165,4837,random
ran_008166,2511,random
ran_008166,21143,random
ran_008167,2511,random
ran_008167,24475,random
ran_008168,2511,random
ran_008168,4106,random
ran_008169,2564,random
ran_008169,15301,random
ran_008170,2571,random
ran_008170,12445,random
ran_008171,2622,random
ran_008171,6666,random
ran_008171,13964,random
ran_008172,2376,random
ran_008172,2650,random
ran_008172,15184,random
ran_008173,2667,random
ran_008173,17276,random
ran_008174,2667,random
ran_008174,8191,random
ran_008175,2667,random
ran_008175,23268,random
ran_008176,2707,random
ran_008176,27316,random
ran_008177,2728,random
ran_008177,3346,random
ran_008178,2775,random
ran_008178,12735,random
ran_008179,2780,random
ran_008179,15104,random
ran_008180,2835,random
ran_008180,14256,random
ran_008181,2846,random
ran_008181,19804,random
ran_008182,2898,random
ran_008182,16703,random
ran_008183,2995,random
ran_008183,9981,random
ran_008184,3005,random
ran_008184,20630,random
ran_008185,2171,random
ran_008185,3076,random
ran_008186,3091,random
ran_008186,7426,random
ran_008187,1871,random
ran_008187,3102,random
ran_008188,3110,random
ran_008188,13925,random
ran_008188,23468,random
ran_008189,3145,random
ran_008189,14580,random
ran_008190,3145,random
ran_008190,6499,random
ran_008191,3203,random
ran_008191,7550,random
ran_008192,3214,random
ran_008192,8422,random
ran_008193,3218,random
ran_008193,4012,random
ran_008194,3238,random
ran_008194,25298,random
ran_008195,3280,random
ran_008195,20349,random
ran_008196,3304,random
ran_008196,18880,random
ran_008197,3316,random
ran_008197,20058,random
ran_008198,2667,random
ran_008198,3322,random
ran_008198,17975,random
ran_008199,3343,random
ran_008199,16374,random
ran_008200,1845,random
ran_008200,3365,random
ran_008201,3376,random
ran_008201,9470,random
ran_008202,3376,random
ran_008202,9556,random
ran_008203,3488,random
ran_008203,7421,random
ran_008204,3503,random
ran_008204,10346,random
ran_008205,2846,random
ran_008205,3535,random
ran_008205,14568,random
ran_008206,3551,random
ran_008206,4754,random
ran_008207,3551,random
ran_008207,22855,random
ran_008208,3551,random
ran_008208,15199,random
ran_008209,3610,random
ran_008209,23897,random
ran_008210,3640,random
ran_008210,20587,random
ran_008211,3640,random
ran_008211,21665,random
ran_008212,3652,random
ran_008212,21622,random
ran_008213,581,random
ran_008213,3669,random
ran_008214,3504,random
ran_008214,3669,random
ran_008215,1435,random
ran_008215,3669,random
ran_008215,4259,random
ran_008216,3677,random
ran_008216,16585,random
ran_008217,3073,random
ran_008217,3713,random
ran_008218,208,random
ran_008218,3728,random
ran_008219,1602,random
ran_008219,3747,random
ran_008220,3756,random
ran_008220,12118,random
ran_008221,1186,random
ran_008221,3798,random
ran_008222,3800,random
ran_008222,4163,random
ran_008222,21086,random
ran_008223,3848,random
ran_008223,7662,random
ran_008224,2363,random
ran_008224,3863,random
ran_008225,3903,random
ran_008225,20659,random
ran_008226,3913,random
ran_008226,19453,random
ran_008227,296,random
ran_008227,3954,random
ran_008227,8199,random
ran_008228,3971,random
ran_008228,8866,random
ran_008229,2667,random
ran_008229,3920,random
ran_008229,3990,random
ran_008230,4010,random
ran_008230,11333,random
ran_008231,4045,random
ran_008231,22097,random
ran_008232,4067,random
ran_008232,4865,random
ran_008233,143,random
ran_008233,4069,random
ran_008234,4114,random
ran_008234,8562,random
ran_008235,4147,random
ran_008235,18239,random
ran_008236,4149,random
ran_008236,16481,random
ran_008237,4152,random
ran_008237,16644,random
ran_008238,4160,random
ran_008238,7812,random
ran_008239,255,random
ran_008239,4193,random
ran_008239,23146,random
ran_008240,4196,random
ran_008240,18464,random
ran_008241,4199,random
ran_008241,9280,random
ran_008242,4220,random
ran_008242,21767,random
ran_008243,4228,random
ran_008243,10971,random
ran_008244,4289,random
ran_008244,19395,random
ran_008245,4290,random
ran_008245,14190,random
ran_008246,4308,random
ran_008246,11385,random
ran_008247,4308,random
ran_008247,25438,random
ran_008248,4114,random
ran_008248,4365,random
ran_008249,4380,random
ran_008249,18007,random
ran_008250,4409,random
ran_008250,30727,random
ran_008251,4491,random
ran_008251,16342,random
ran_008252,4516,random
ran_008252,20904,random
ran_008253,4520,random
ran_008253,5621,random
ran_008253,17672,random
ran_008254,4562,random
ran_008254,9231,random
ran_008255,912,random
ran_008255,4567,random
ran_008255,11077,random
ran_008255,13352,random
ran_008256,3041,random
ran_008256,4569,random
ran_008257,4723,random
ran_008257,22174,random
ran_008258,4735,random
ran_008258,13667,random
ran_008259,4787,random
ran_008259,18379,random
ran_008260,4787,random
ran_008260,10940,random
ran_008261,4125,random
ran_008261,4787,random
ran_008262,4465,random
ran_008262,4884,random
ran_008263,1268,random
ran_008263,4918,random
ran_008263,15327,random
ran_008263,25972,random
ran_008264,5037,random
ran_008264,12947,random
ran_008265,5123,random
ran_008265,7370,random
ran_008266,5126,random
ran_008266,21292,random
ran_008267,108,random
ran_008267,5159,random
ran_008268,5199,random
ran_008268,24158,random
ran_008269,5213,random
ran_008269,6165,random
ran_008270,5275,random
ran_008270,12951,random
ran_008271,5275,random
ran_008271,13014,random
ran_008272,3387,random
ran_008272,5305,random
ran_008273,5400,random
ran_008273,25184,random
ran_008274,2220,random
ran_008274,5541,random
ran_008274,14270,random
ran_008275,5554,random
ran_008275,20421,random
ran_008276,5567,random
ran_008276,14791,random
ran_008277,5567,random
ran_008277,28072,random
ran_008278,5570,random
ran_008278,23437,random
ran_008279,4502,random
ran_008279,5630,random
ran_008280,1132,random
ran_008280,5656,random
ran_008281,5661,random
ran_008281,21556,random
ran_008282,5756,random
ran_008282,15646,random
ran_008283,5762,random
ran_008283,17294,random
ran_008284,5787,random
ran_008284,27468,random
ran_008285,5853,random
ran_008285,10245,random
ran_008285,17942,random
ran_008286,4614,random
ran_008286,5950,random
ran_008287,5970,random
ran_008287,6048,random
ran_008287,7535,random
ran_008288,1308,random
ran_008288,6007,random
ran_008289,6007,random
ran_008289,27027,random
ran_008290,708,random
ran_008290,6125,random
ran_008291,6154,random
ran_008291,15945,random
ran_008291,16471,random
ran_008291,17423,random
ran_008291,24094,random
ran_008292,6164,random
ran_008292,9895,random
ran_008293,865,random
ran_008293,6165,random
ran_008294,2934,random
ran_008294,6165,random
ran_008295,6214,random
ran_008295,15379,random
ran_008296,1598,random
ran_008296,6272,random
ran_008297,6309,random
ran_008297,11985,random
ran_008298,6393,random
ran_008298,20138,random
ran_008299,6393,random
ran_008299,18228,random
ran_008300,6457,random
ran_008300,8752,random
ran_008301,5977,random
ran_008301,6458,random
ran_008302,6499,random
ran_008302,21374,random
ran_008303,1346,random
ran_008303,6506,random
ran_008304,6511,random
ran_008304,12955,random
ran_008305,6557,random
ran_008305,14457,random
ran_008305,21241,random
ran_008306,6579,random
ran_008306,18721,random
ran_008307,6587,random
ran_008307,24980,random
ran_008308,5006,random
ran_008308,6604,random
ran_008309,3254,random
ran_008309,3712,random
ran_008309,6636,random
ran_008310,6661,random
ran_008310,20747,random
ran_008311,6672,random
ran_008311,13120,random
ran_008311,21446,random
ran_008312,6672,random
ran_008312,13906,random
ran_008312,28957,random
ran_008313,6764,random
ran_008313,11752,random
ran_008314,6775,random
ran_008314,17594,random
ran_008315,5789,random
ran_008315,6808,random
ran_008316,6813,random
ran_008316,13314,random
ran_008317,6817,random
ran_008317,21046,random
ran_008318,6817,random
ran_008318,17563,random
ran_008319,1676,random
ran_008319,6842,random
ran_008320,6844,random
ran_008320,10880,random
ran_008321,6873,random
ran_008321,8792,random
ran_008321,20738,random
ran_008322,6874,random
ran_008322,9426,random
ran_008323,1493,random
ran_008323,1611,random
ran_008323,6904,random
ran_008323,18205,random
ran_008323,20093,random
ran_008324,1349,random
ran_008324,6938,random
ran_008325,1591,random
ran_008325,7018,random
ran_008326,2185,random
ran_008326,7020,random
ran_008327,5117,random
ran_008327,7054,random
ran_008328,7089,random
ran_008328,7396,random
ran_008329,4563,random
ran_008329,7122,random
ran_008330,4660,random
ran_008330,7140,random
ran_008331,6047,random
ran_008331,7140,random
ran_008332,3329,random
ran_008332,7165,random
ran_008333,7200,random
ran_008333,19408,random
ran_008334,643,random
ran_008334,3899,random
ran_008334,7248,random
ran_008335,7255,random
ran_008335,22362,random
ran_008336,967,random
ran_008336,7278,random
ran_008337,1757,random
ran_008337,7287,random
ran_008338,7326,random
ran_008338,21607,random
ran_008339,7364,random
ran_008339,22171,random
ran_008340,7405,random
ran_008340,8354,random
ran_008341,16,random
ran_008341,7433,random
ran_008342,1544,random
ran_008342,7481,random
ran_008343,6792,random
ran_008343,7509,random
ran_008344,5602,random
ran_008344,7517,random
ran_008345,3898,random
ran_008345,7563,random
ran_008346,7576,random
ran_008346,8503,random
ran_008347,7610,random
ran_008347,12887,random
ran_008347,15218,random
ran_008348,7679,random
ran_008348,7784,random
ran_008349,7711,random
ran_008349,10144,random
ran_008349,20173,random
ran_008350,7765,random
ran_008350,10202,random
ran_008351,7765,random
ran_008351,16471,random
ran_008352,7766,random
ran_008352,15320,random
ran_008353,7058,random
ran_008353,7766,random
ran_008353,8220,random
ran_008354,7766,random
ran_008354,8624,random
ran_008355,7766,random
ran_008355,8941,random
ran_008356,3243,random
ran_008356,7771,random
ran_008357,7795,random
ran_008357,11907,random
ran_008358,7838,random
ran_008358,18207,random
ran_008359,238,random
ran_008359,7838,random
ran_008360,7838,random
ran_008360,28391,random
ran_008361,7840,random
ran_008361,11555,random
ran_008362,7923,random
ran_008362,13616,random
ran_008363,2794,random
ran_008363,7987,random
ran_008364,8107,random
ran_008364,8612,random
ran_008365,8142,random
ran_008365,20951,random
ran_008366,2655,random
ran_008366,8147,random
ran_008367,1511,random
ran_008367,8166,random
ran_008368,8220,random
ran_008368,12394,random
ran_008369,8229,random
ran_008369,15589,random
ran_008370,8283,random
ran_008370,9916,random
ran_008371,8292,random
ran_008371,9897,random
ran_008372,4079,random
ran_008372,8332,random
ran_008373,2369,random
ran_008373,8476,random
ran_008374,8483,random
ran_008374,21608,random
ran_008375,8562,random
ran_008375,19762,random
ran_008376,8574,random
ran_008376,12558,random
ran_008377,4665,random
ran_008377,8597,random
ran_008378,8667,random
ran_008378,15481,random
ran_008378,16837,random
ran_008379,6618,random
ran_008379,8682,random
ran_008380,8763,random
ran_008380,13255,random
ran_008381,1789,random
ran_008381,8478,random
ran_008381,8763,random
ran_008382,8764,random
ran_008382,18576,random
ran_008383,4645,random
ran_008383,8806,random
ran_008384,8868,random
ran_008384,11987,random
ran_008385,8875,random
ran_008385,17262,random
ran_008386,5719,random
ran_008386,8962,random
ran_008387,5370,random
ran_008387,8974,random
ran_008388,8990,random
ran_008388,19625,random
ran_008389,9073,random
ran_008389,30035,random
ran_008390,9129,random
ran_008390,15645,random
ran_008391,9130,random
ran_008391,14771,random
ran_008392,9133,random
ran_008392,15364,random
ran_008393,9176,random
ran_008393,12383,random
ran_008394,9233,random
ran_008394,26715,random
ran_008395,9272,random
ran_008395,15686,random
ran_008396,9288,random
ran_008396,24277,random
ran_008397,8756,random
ran_008397,9307,random
ran_008398,9312,random
ran_008398,20527,random
ran_008399,2546,random
ran_008399,9312,random
ran_008400,4392,random
ran_008400,9323,random
ran_008401,2584,random
ran_008401,9348,random
ran_008402,9382,random
ran_008402,9771,random
ran_008403,6756,random
ran_008403,9398,random
ran_008404,3238,random
ran_008404,9475,random
ran_008404,19332,random
ran_008405,1030,random
ran_008405,9484,random
ran_008406,9496,random
ran_008406,26749,random
ran_008407,310,random
ran_008407,2380,random
ran_008407,9497,random
ran_008408,9502,random
ran_008408,22339,random
ran_008409,2686,random
ran_008409,8166,random
ran_008409,9528,random
ran_008410,7209,random
ran_008410,9611,random
ran_008410,13912,random
ran_008411,58,random
ran_008411,9611,random
ran_008412,9621,random
ran_008412,11320,random
ran_008413,9506,random
ran_008413,9636,random
ran_008414,9638,random
ran_008414,26786,random
ran_008415,1954,random
ran_008415,9653,random
ran_008416,9770,random
ran_008416,28115,random
ran_008417,6007,random
ran_008417,9811,random
ran_008417,10890,random
ran_008418,3703,random
ran_008418,9815,random
ran_008419,2908,random
ran_008419,9817,random
ran_008420,3118,random
ran_008420,9856,random
ran_008420,18861,random
ran_008421,9861,random
ran_008421,15874,random
ran_008422,125,random
ran_008422,9872,random
ran_008423,3073,random
ran_008423,9895,random
ran_008424,9897,random
ran_008424,19305,random
ran_008425,1688,random
ran_008425,9897,random
ran_008426,9924,random
ran_008426,19807,random
ran_008427,6862,random
ran_008427,10053,random
ran_008428,10103,random
ran_008428,13640,random
ran_008429,3444,random
ran_008429,10123,random
ran_008429,18698,random
ran_008430,10132,random
ran_008430,11684,random
ran_008431,8660,random
ran_008431,10132,random
ran_008432,6240,random
ran_008432,10136,random
ran_008433,9074,random
ran_008433,10162,random
ran_008434,10168,random
ran_008434,13193,random
ran_008435,7287,random
ran_008435,10171,random
ran_008436,193,random
ran_008436,10171,random
ran_008437,6383,random
ran_008437,10171,random
ran_008437,17845,random
ran_008438,418,random
ran_008438,10238,random
ran_008439,8628,random
ran_008439,10263,random
ran_008440,1374,random
ran_008440,9611,random
ran_008440,10263,random
ran_008441,10268,random
ran_008441,21415,random
ran_008442,10268,random
ran_008442,27620,random
ran_008443,8404,random
ran_008443,10303,random
ran_008444,10356,random
ran_008444,22441,random
ran_008445,7711,random
ran_008445,10356,random
ran_008446,4108,random
ran_008446,10356,random
ran_008447,10362,random
ran_008447,11400,random
ran_008447,17193,random
ran_008448,10362,random
ran_008448,17139,random
ran_008449,10405,random
ran_008449,11250,random
ran_008450,1531,random
ran_008450,10449,random
ran_008450,14457,random
ran_008451,9411,random
ran_008451,10494,random
ran_008452,10536,random
ran_008452,27749,random
ran_008453,10561,random
ran_008453,27312,random
ran_008454,3760,random
ran_008454,10668,random
ran_008455,10695,random
ran_008455,26987,random
ran_008455,27054,random
ran_008456,10727,random
ran_008456,17052,random
ran_008457,4368,random
ran_008457,10740,random
ran_008458,10835,random
ran_008458,11416,random
ran_008459,777,random
ran_008459,10842,random
ran_008459,14231,random
ran_008460,3675,random
ran_008460,10869,random
ran_008461,10999,random
ran_008461,25735,random
ran_008462,10084,random
ran_008462,11030,random
ran_008463,11111,random
ran_008463,16413,random
ran_008464,7445,random
ran_008464,11122,random
ran_008465,11161,random
ran_008465,15002,random
ran_008466,4196,random
ran_008466,11234,random
ran_008467,9653,random
ran_008467,11242,random
ran_008468,11262,random
ran_008468,20116,random
ran_008469,11286,random
ran_008469,24494,random
ran_008470,11286,random
ran_008470,26874,random
ran_008471,11310,random
ran_008471,26532,random
ran_008472,11310,random
ran_008472,30960,random
ran_008473,8811,random
ran_008473,11346,random
ran_008474,5028,random
ran_008474,11393,random
ran_008475,2827,random
ran_008475,11393,random
ran_008476,2662,random
ran_008476,11506,random
ran_008476,17219,random
ran_008477,9348,random
ran_008477,11517,random
ran_008478,11599,random
ran_008478,23498,random
ran_008479,5853,random
ran_008479,11644,random
ran_008480,3024,random
ran_008480,11644,random
ran_008481,11686,random
ran_008481,20531,random
ran_008482,11739,random
ran_008482,20340,random
ran_008483,92,random
ran_008483,11749,random
ran_008484,1874,random
ran_008484,11793,random
ran_008485,8731,random
ran_008485,11793,random
ran_008486,4567,random
ran_008486,8283,random
ran_008486,11809,random
ran_008487,8178,random
ran_008487,11847,random
ran_008488,1249,random
ran_008488,11895,random
ran_008489,253,random
ran_008489,11917,random
ran_008490,11917,random
ran_008490,26987,random
ran_008491,2249,random
ran_008491,11949,random
ran_008492,6125,random
ran_008492,12000,random
ran_008493,8613,random
ran_008493,12000,random
ran_008494,12119,random
ran_008494,12693,random
ran_008495,12155,random
ran_008495,16136,random
ran_008496,10925,random
ran_008496,12262,random
ran_008497,6813,random
ran_008497,12346,random
ran_008498,12421,random
ran_008498,27545,random
ran_008499,3508,random
ran_008499,6857,random
ran_008499,12446,random
ran_008500,12447,random
ran_008500,17077,random
ran_008501,12554,random
ran_008501,18549,random
ran_008502,8660,random
ran_008502,12569,random
ran_008503,7838,random
ran_008503,12574,random
ran_008504,5783,random
ran_008504,12651,random
ran_008505,994,random
ran_008505,12661,random
ran_008506,238,random
ran_008506,12677,random
ran_008507,2786,random
ran_008507,12690,random
ran_008508,12697,random
ran_008508,14267,random
ran_008509,12716,random
ran_008509,14628,random
ran_008510,12717,random
ran_008510,16693,random
ran_008511,12878,random
ran_008511,13034,random
ran_008512,12894,random
ran_008512,19453,random
ran_008513,13034,random
ran_008513,16203,random
ran_008514,13034,random
ran_008514,21967,random
ran_008515,13055,random
ran_008515,14701,random
ran_008516,3128,random
ran_008516,12551,random
ran_008516,13112,random
ran_008517,3504,random
ran_008517,13117,random
ran_008518,7106,random
ran_008518,13117,random
ran_008519,3818,random
ran_008519,4356,random
ran_008519,13120,random
ran_008520,4995,random
ran_008520,13170,random
ran_008521,9929,random
ran_008521,13324,random
ran_008522,13324,random
ran_008522,21820,random
ran_008523,13343,random
ran_008523,14829,random
ran_008524,13450,random
ran_008524,14458,random
ran_008525,13562,random
ran_008525,14817,random
ran_008525,28199,random
ran_008526,13572,random
ran_008526,20711,random
ran_008527,13640,random
ran_008527,29496,random
ran_008528,5129,random
ran_008528,13640,random
ran_008529,13218,random
ran_008529,13641,random
ran_008530,3622,random
ran_008530,13659,random
ran_008531,3115,random
ran_008531,13685,random
ran_008531,17328,random
ran_008532,13705,random
ran_008532,20717,random
ran_008533,13760,random
ran_008533,17960,random
ran_008534,1529,random
ran_008534,13804,random
ran_008535,8644,random
ran_008535,13813,random
ran_008536,6371,random
ran_008536,11967,random
ran_008536,13815,random
ran_008537,8990,random
ran_008537,13974,random
ran_008538,459,random
ran_008538,14003,random
ran_008539,6727,random
ran_008539,14034,random
ran_008540,720,random
ran_008540,6657,random
ran_008540,14066,random
ran_008541,14270,random
ran_008541,23209,random
ran_008542,4368,random
ran_008542,14320,random
ran_008543,9775,random
ran_008543,14327,random
ran_008544,2493,random
ran_008544,14390,random
ran_008545,2043,random
ran_008545,10666,random
ran_008545,14390,random
ran_008546,14390,random
ran_008546,24275,random
ran_008547,13843,random
ran_008547,14397,random
ran_008548,13967,random
ran_008548,14477,random
ran_008549,5287,random
ran_008549,14521,random
ran_008550,13974,random
ran_008550,14582,random
ran_008551,8502,random
ran_008551,14608,random
ran_008552,2127,random
ran_008552,14627,random
ran_008552,28969,random
ran_008553,14686,random
ran_008553,18915,random
ran_008554,14686,random
ran_008554,18046,random
ran_008555,10514,random
ran_008555,14739,random
ran_008556,10323,random
ran_008556,14747,random
ran_008557,14747,random
ran_008557,20800,random
ran_008558,14766,random
ran_008558,16596,random
ran_008559,9411,random
ran_008559,14791,random
ran_008560,3019,random
ran_008560,14796,random
ran_008561,14812,random
ran_008561,25876,random
ran_008562,676,random
ran_008562,14813,random
ran_008563,227,random
ran_008563,5037,random
ran_008563,14850,random
ran_008564,12398,random
ran_008564,14939,random
ran_008565,5199,random
ran_008565,15018,random
ran_008566,12780,random
ran_008566,15226,random
ran_008567,15319,random
ran_008567,16274,random
ran_008568,12449,random
ran_008568,15322,random
ran_008569,9693,random
ran_008569,15369,random
ran_008570,7902,random
ran_008570,15389,random
ran_008571,15397,random
ran_008571,18768,random
ran_008571,21012,random
ran_008572,9999,random
ran_008572,15475,random
ran_008573,15481,random
ran_008573,17097,random
ran_008574,3097,random
ran_008574,15515,random
ran_008575,15588,random
ran_008575,17775,random
ran_008576,5123,random
ran_008576,15596,random
ran_008577,1661,random
ran_008577,5873,random
ran_008577,15603,random
ran_008578,10999,random
ran_008578,15609,random
ran_008579,1305,random
ran_008579,15699,random
ran_008580,15712,random
ran_008580,15866,random
ran_008581,11385,random
ran_008581,15712,random
ran_008582,15713,random
ran_008582,21590,random
ran_008583,15721,random
ran_008583,22146,random
ran_008584,12269,random
ran_008584,15770,random
ran_008585,4963,random
ran_008585,15779,random
ran_008585,18683,random
ran_008586,6740,random
ran_008586,15785,random
ran_008587,4674,random
ran_008587,11991,random
ran_008587,12821,random
ran_008587,15840,random
ran_008588,15925,random
ran_008588,16481,random
ran_008589,12265,random
ran_008589,16102,random
ran_008590,15993,random
ran_008590,16102,random
ran_008590,19330,random
ran_008590,23468,random
ran_008591,16102,random
ran_008591,27230,random
ran_008592,5123,random
ran_008592,16112,random
ran_008593,16196,random
ran_008593,17328,random
ran_008594,16214,random
ran_008594,19981,random
ran_008595,14521,random
ran_008595,16262,random
ran_008596,11147,random
ran_008596,16275,random
ran_008597,6142,random
ran_008597,11044,random
ran_008597,16315,random
ran_008598,3208,random
ran_008598,16325,random
ran_008599,13638,random
ran_008599,16374,random
ran_008600,16374,random
ran_008600,17757,random
ran_008601,10313,random
ran_008601,16382,random
ran_008602,12689,random
ran_008602,16382,random
ran_008603,6696,random
ran_008603,16382,random
ran_008604,288,random
ran_008604,16400,random
ran_008605,4374,random
ran_008605,6850,random
ran_008605,16403,random
ran_008606,16421,random
ran_008606,23691,random
ran_008607,16260,random
ran_008607,16444,random
ran_008608,16490,random
ran_008608,16566,random
ran_008609,11967,random
ran_008609,16510,random
ran_008610,15979,random
ran_008610,16551,random
ran_008611,14169,random
ran_008611,16587,random
ran_008612,8422,random
ran_008612,16638,random
ran_008613,7140,random
ran_008613,16677,random
ran_008614,16677,random
ran_008614,25049,random
ran_008615,7235,random
ran_008615,16693,random
ran_008615,24015,random
ran_008616,12084,random
ran_008616,16775,random
ran_008617,497,random
ran_008617,16778,random
ran_008618,16903,random
ran_008618,19381,random
ran_008619,12573,random
ran_008619,17085,random
ran_008620,13467,random
ran_008620,17161,random
ran_008621,13112,random
ran_008621,17276,random
ran_008622,16579,random
ran_008622,17276,random
ran_008623,1585,random
ran_008623,1593,random
ran_008623,17276,random
ran_008624,10477,random
ran_008624,17276,random
ran_008625,17277,random
ran_008625,19401,random
ran_008626,1291,random
ran_008626,17277,random
ran_008627,17277,random
ran_008627,29632,random
ran_008628,11330,random
ran_008628,17289,random
ran_008629,1366,random
ran_008629,17363,random
ran_008630,15925,random
ran_008630,17383,random
ran_008631,657,random
ran_008631,17469,random
ran_008632,8860,random
ran_008632,17624,random
ran_008633,1548,random
ran_008633,2077,random
ran_008633,17677,random
ran_008634,7248,random
ran_008634,16262,random
ran_008634,17727,random
ran_008635,2842,random
ran_008635,17767,random
ran_008636,15144,random
ran_008636,17845,random
ran_008637,4507,random
ran_008637,17845,random
ran_008638,6189,random
ran_008638,17869,random
ran_008639,292,random
ran_008639,353,random
ran_008639,17937,random
ran_008640,9982,random
ran_008640,17940,random
ran_008641,2240,random
ran_008641,15712,random
ran_008641,17971,random
ran_008642,7162,random
ran_008642,18027,random
ran_008643,15020,random
ran_008643,18092,random
ran_008644,10574,random
ran_008644,18106,random
ran_008645,13644,random
ran_008645,18239,random
ran_008646,11057,random
ran_008646,18338,random
ran_008647,16421,random
ran_008647,18098,random
ran_008647,18340,random
ran_008648,5103,random
ran_008648,18345,random
ran_008649,6862,random
ran_008649,10869,random
ran_008649,18414,random
ran_008650,18464,random
ran_008650,19358,random
ran_008651,18484,random
ran_008651,18854,random
ran_008652,10019,random
ran_008652,18488,random
ran_008653,4957,random
ran_008653,18488,random
ran_008654,9047,random
ran_008654,18531,random
ran_008655,12307,random
ran_008655,18531,random
ran_008656,1141,random
ran_008656,18693,random
ran_008657,8593,random
ran_008657,18723,random
ran_008658,2379,random
ran_008658,18786,random
ran_008659,2200,random
ran_008659,18786,random
ran_008660,13246,random
ran_008660,18809,random
ran_008661,11323,random
ran_008661,18854,random
ran_008662,17274,random
ran_008662,18861,random
ran_008663,9981,random
ran_008663,18892,random
ran_008664,3541,random
ran_008664,18898,random
ran_008665,18899,random
ran_008665,27091,random
ran_008666,1656,random
ran_008666,11143,random
ran_008666,18913,random
ran_008667,19080,random
ran_008667,26481,random
ran_008668,5172,random
ran_008668,19080,random
ran_008669,13597,random
ran_008669,19167,random
ran_008670,5969,random
ran_008670,19183,random
ran_008671,2995,random
ran_008671,19219,random
ran_008672,10424,random
ran_008672,19435,random
ran_008673,18856,random
ran_008673,19450,random
ran_008674,3852,random
ran_008674,19479,random
ran_008675,18547,random
ran_008675,19516,random
ran_008676,11060,random
ran_008676,19574,random
ran_008677,13546,random
ran_008677,19585,random
ran_008678,3129,random
ran_008678,19603,random
ran_008679,5214,random
ran_008679,19618,random
ran_008680,1173,random
ran_008680,19625,random
ran_008681,19633,random
ran_008681,20829,random
ran_008682,534,random
ran_008682,3564,random
ran_008682,19726,random
ran_008683,7351,random
ran_008683,13955,random
ran_008683,19760,random
ran_008684,1281,random
ran_008684,19760,random
ran_008685,16786,random
ran_008685,19804,random
ran_008686,19810,random
ran_008686,25258,random
ran_008687,17964,random
ran_008687,19813,random
ran_008688,5734,random
ran_008688,19813,random
ran_008689,3853,random
ran_008689,19866,random
ran_008690,13217,random
ran_008690,19872,random
ran_008691,19919,random
ran_008691,25736,random
ran_008692,19783,random
ran_008692,19934,random
ran_008693,1734,random
ran_008693,20009,random
ran_008694,16092,random
ran_008694,20044,random
ran_008694,20833,random
ran_008695,14813,random
ran_008695,20080,random
ran_008696,18863,random
ran_008696,20115,random
ran_008697,12655,random
ran_008697,20119,random
ran_008698,10356,random
ran_008698,20125,random
ran_008699,3257,random
ran_008699,20174,random
ran_008700,17086,random
ran_008700,20200,random
ran_008701,3285,random
ran_008701,20446,random
ran_008702,13432,random
ran_008702,13885,random
ran_008702,20446,random
ran_008702,29761,random
ran_008703,996,random
ran_008703,16822,random
ran_008703,20529,random
ran_008704,11320,random
ran_008704,20529,random
ran_008705,3557,random
ran_008705,20538,random
ran_008706,20576,random
ran_008706,22386,random
ran_008707,1467,random
ran_008707,10353,random
ran_008707,20576,random
ran_008708,11814,random
ran_008708,20603,random
ran_008709,2516,random
ran_008709,9031,random
ran_008709,20782,random
ran_008710,998,random
ran_008710,11971,random
ran_008710,20782,random
ran_008711,18142,random
ran_008711,20882,random
ran_008712,20886,random
ran_008712,25876,random
ran_008713,13425,random
ran_008713,20900,random
ran_008714,5340,random
ran_008714,20964,random
ran_008715,15726,random
ran_008715,20964,random
ran_008716,2584,random
ran_008716,21012,random
ran_008717,8893,random
ran_008717,21047,random
ran_008718,12181,random
ran_008718,21047,random
ran_008719,13576,random
ran_008719,21061,random
ran_008720,4531,random
ran_008720,21191,random
ran_008721,21258,random
ran_008721,23395,random
ran_008722,2085,random
ran_008722,21357,random
ran_008722,24968,random
ran_008723,21058,random
ran_008723,21387,random
ran_008724,12433,random
ran_008724,21414,random
ran_008725,2182,random
ran_008725,11234,random
ran_008725,21416,random
ran_008726,21433,random
ran_008726,23514,random
ran_008727,10494,random
ran_008727,21459,random
ran_008728,21463,random
ran_008728,22253,random
ran_008729,19254,random
ran_008729,21499,random
ran_008730,2451,random
ran_008730,21542,random
ran_008731,13336,random
ran_008731,21561,random
ran_008732,10184,random
ran_008732,21580,random
ran_008733,4228,random
ran_008733,21583,random
ran_008734,8484,random
ran_008734,21617,random
ran_008735,13813,random
ran_008735,21665,random
ran_008736,18914,random
ran_008736,21674,random
ran_008737,16199,random
ran_008737,21738,random
ran_008738,19521,random
ran_008738,21767,random
ran_008738,26961,random
ran_008739,17307,random
ran_008739,21767,random
ran_008740,2951,random
ran_008740,10022,random
ran_008740,21783,random
ran_008741,1534,random
ran_008741,4138,random
ran_008741,15771,random
ran_008741,21830,random
ran_008742,3783,random
ran_008742,21839,random
ran_008743,5764,random
ran_008743,21983,random
ran_008744,12244,random
ran_008744,21985,random
ran_008745,677,random
ran_008745,22156,random
ran_008746,16299,random
ran_008746,22194,random
ran_008747,21879,random
ran_008747,22228,random
ran_008748,13494,random
ran_008748,22321,random
ran_008749,7983,random
ran_008749,22321,random
ran_008750,3417,random
ran_008750,22379,random
ran_008751,5012,random
ran_008751,22502,random
ran_008752,22560,random
ran_008752,23719,random
ran_008753,4308,random
ran_008753,22560,random
ran_008754,12878,random
ran_008754,22578,random
ran_008755,13006,random
ran_008755,22626,random
ran_008756,11503,random
ran_008756,22660,random
ran_008757,21782,random
ran_008757,22758,random
ran_008758,4392,random
ran_008758,22827,random
ran_008759,22897,random
ran_008759,24477,random
ran_008760,5640,random
ran_008760,22902,random
ran_008761,7445,random
ran_008761,22977,random
ran_008762,20628,random
ran_008762,22990,random
ran_008763,3491,random
ran_008763,10888,random
ran_008763,23077,random
ran_008764,23080,random
ran_008764,26106,random
ran_008765,5029,random
ran_008765,23103,random
ran_008766,15165,random
ran_008766,23124,random
ran_008767,23138,random
ran_008767,24686,random
ran_008768,13316,random
ran_008768,15165,random
ran_008768,23138,random
ran_008769,2709,random
ran_008769,23157,random
ran_008770,11224,random
ran_008770,23216,random
ran_008771,20678,random
ran_008771,23290,random
ran_008772,2359,random
ran_008772,23419,random
ran_008773,21544,random
ran_008773,23420,random
ran_008774,9970,random
ran_008774,23471,random
ran_008775,9591,random
ran_008775,23503,random
ran_008776,13295,random
ran_008776,23527,random
ran_008777,989,random
ran_008777,10727,random
ran_008777,23582,random
ran_008778,19756,random
ran_008778,23595,random
ran_008779,1363,random
ran_008779,22683,random
ran_008779,23637,random
ran_008780,1711,random
ran_008780,4187,random
ran_008780,9255,random
ran_008780,23719,random
ran_008780,27816,random
ran_008781,23739,random
ran_008781,28460,random
ran_008782,3053,random
ran_008782,23765,random
ran_008783,579,random
ran_008783,23765,random
ran_008784,23765,random
ran_008784,29493,random
ran_008785,6234,random
ran_008785,23900,random
ran_008786,8750,random
ran_008786,23613,random
ran_008786,23907,random
ran_008786,24844,random
ran_008786,26932,random
ran_008787,1709,random
ran_008787,3810,random
ran_008787,23971,random
ran_008788,15469,random
ran_008788,23999,random
ran_008789,22521,random
ran_008789,24085,random
ran_008790,12736,random
ran_008790,24133,random
ran_008790,28025,random
ran_008791,19981,random
ran_008791,24142,random
ran_008792,13349,random
ran_008792,24200,random
ran_008793,24210,random
ran_008793,26373,random
ran_008794,6763,random
ran_008794,24299,random
ran_008795,5880,random
ran_008795,24308,random
ran_008796,11905,random
ran_008796,24332,random
ran_008797,22714,random
ran_008797,24351,random
ran_008798,4374,random
ran_008798,24385,random
ran_008799,1232,random
ran_008799,2418,random
ran_008799,3702,random
ran_008799,24402,random
ran_008800,13995,random
ran_008800,24440,random
ran_008801,19495,random
ran_008801,24567,random
ran_008802,1983,random
ran_008802,24702,random
ran_008803,2080,random
ran_008803,24744,random
ran_008804,1153,random
ran_008804,24795,random
ran_008805,17595,random
ran_008805,24825,random
ran_008806,11981,random
ran_008806,24860,random
ran_008807,3954,random
ran_008807,24869,random
ran_008808,13326,random
ran_008808,18816,random
ran_008808,24885,random
ran_008809,679,random
ran_008809,24909,random
ran_008810,1500,random
ran_008810,24923,random
ran_008811,5153,random
ran_008811,21714,random
ran_008811,24934,random
ran_008812,6697,random
ran_008812,25047,random
ran_008813,4045,random
ran_008813,25064,random
ran_008814,14809,random
ran_008814,25093,random
ran_008815,108,random
ran_008815,25096,random
ran_008816,5494,random
ran_008816,25249,random
ran_008817,13585,random
ran_008817,25270,random
ran_008818,2738,random
ran_008818,25526,random
ran_008819,3238,random
ran_008819,25543,random
ran_008820,930,random
ran_008820,25552,random
ran_008821,12710,random
ran_008821,25552,random
ran_008822,16207,random
ran_008822,25579,random
ran_008823,2788,random
ran_008823,25908,random
ran_008824,6801,random
ran_008824,11163,random
ran_008824,23257,random
ran_008824,25937,random
ran_008825,10163,random
ran_008825,23691,random
ran_008825,26002,random
ran_008826,9018,random
ran_008826,26025,random
ran_008827,563,random
ran_008827,26061,random
ran_008828,17277,random
ran_008828,26062,random
ran_008829,11990,random
ran_008829,26088,random
ran_008830,18683,random
ran_008830,26204,random
ran_008831,4844,random
ran_008831,14091,random
ran_008831,26215,random
ran_008832,17064,random
ran_008832,26281,random
ran_008833,11108,random
ran_008833,26379,random
ran_008834,7445,random
ran_008834,26445,random
ran_008835,7048,random
ran_008835,26481,random
ran_008836,11630,random
ran_008836,26535,random
ran_008837,6306,random
ran_008837,26541,random
ran_008838,16765,random
ran_008838,26541,random
ran_008839,154,random
ran_008839,852,random
ran_008839,11599,random
ran_008839,26568,random
ran_008840,23954,random
ran_008840,26628,random
ran_008841,12188,random
ran_008841,26692,random
ran_008842,978,random
ran_008842,26765,random
ran_008843,10539,random
ran_008843,26785,random
ran_008843,30334,random
ran_008844,8574,random
ran_008844,26889,random
ran_008845,7474,random
ran_008845,26898,random
ran_008846,4719,random
ran_008846,26910,random
ran_008847,20289,random
ran_008847,26928,random
ran_008848,1169,random
ran_008848,26989,random
ran_008849,2144,random
ran_008849,5177,random
ran_008849,5781,random
ran_008849,27011,random
ran_008850,647,random
ran_008850,27035,random
ran_008851,3695,random
ran_008851,27035,random
ran_008852,23269,random
ran_008852,27051,random
ran_008853,1371,random
ran_008853,27051,random
ran_008854,4413,random
ran_008854,21799,random
ran_008854,27174,random
ran_008855,5749,random
ran_008855,27179,random
ran_008856,7833,random
ran_008856,27195,random
ran_008857,487,random
ran_008857,27201,random
ran_008858,1725,random
ran_008858,13962,random
ran_008858,27320,random
ran_008859,27320,random
ran_008859,29217,random
ran_008860,24732,random
ran_008860,27334,random
ran_008861,21732,random
ran_008861,27379,random
ran_008862,14436,random
ran_008862,27390,random
ran_008863,15683,random
ran_008863,27417,random
ran_008864,1551,random
ran_008864,27494,random
ran_008865,9668,random
ran_008865,27514,random
ran_008866,6764,random
ran_008866,27599,random
ran_008867,17736,random
ran_008867,27639,random
ran_008868,25596,random
ran_008868,27645,random
ran_008869,2851,random
ran_008869,27664,random
ran_008870,7726,random
ran_008870,27685,random
ran_008871,16757,random
ran_008871,27714,random
ran_008872,1239,random
ran_008872,27721,random
ran_008873,4713,random
ran_008873,27810,random
ran_008874,4170,random
ran_008874,27832,random
ran_008875,17987,random
ran_008875,27840,random
ran_008876,8624,random
ran_008876,21899,random
ran_008876,27840,random
ran_008877,3542,random
ran_008877,27881,random
ran_008878,837,random
ran_008878,27884,random
ran_008879,27675,random
ran_008879,27958,random
ran_008880,17626,random
ran_008880,28101,random
ran_008881,25327,random
ran_008881,28103,random
ran_008882,11008,random
ran_008882,15810,random
ran_008882,25552,random
ran_008882,28177,random
ran_008882,29358,random
ran_008883,2363,random
ran_008883,28274,random
ran_008884,2058,random
ran_008884,28316,random
ran_008885,5434,random
ran_008885,28316,random
ran_008886,18605,random
ran_008886,28333,random
ran_008887,9093,random
ran_008887,28338,random
ran_008888,5853,random
ran_008888,28415,random
ran_008889,23269,random
ran_008889,26225,random
ran_008889,28451,random
ran_008889,29767,random
ran_008890,20601,random
ran_008890,28456,random
ran_008891,480,random
ran_008891,2240,random
ran_008891,12276,random
ran_008891,16967,random
ran_008891,28569,random
ran_008892,3098,random
ran_008892,28675,random
ran_008893,3527,random
ran_008893,20386,random
ran_008893,28691,random
ran_008894,24698,random
ran_008894,28728,random
ran_008895,661,random
ran_008895,2600,random
ran_008895,28786,random
ran_008896,1814,random
ran_008896,28810,random
ran_008897,13393,random
ran_008897,28876,random
ran_008898,24098,random
ran_008898,28893,random
ran_008899,19039,random
ran_008899,28923,random
ran_008900,12600,random
ran_008900,28932,random
ran_008901,1075,random
ran_008901,29016,random
ran_008902,10458,random
ran_008902,29041,random
ran_008903,10630,random
ran_008903,29069,random
ran_008904,13374,random
ran_008904,29089,random
ran_008905,19117,random
ran_008905,29124,random
ran_008906,13602,random
ran_008906,29126,random
ran_008907,18030,random
ran_008907,29223,random
ran_008908,18607,random
ran_008908,29241,random
ran_008909,4298,random
ran_008909,29280,random
ran_008910,20756,random
ran_008910,29322,random
ran_008911,5395,random
ran_008911,29493,random
ran_008912,12438,random
ran_008912,29539,random
ran_008913,27551,random
ran_008913,29627,random
ran_008914,24602,random
ran_008914,29629,random
ran_008915,24691,random
ran_008915,29686,random
ran_008916,20877,random
ran_008916,29688,random
ran_008917,6589,random
ran_008917,14251,random
ran_008917,29692,random
ran_008917,30656,random
ran_008918,9887,random
ran_008918,29748,random
ran_008919,20253,random
ran_008919,29765,random
ran_008920,24644,random
ran_008920,29771,random
ran_008920,30761,random
ran_008921,12653,random
ran_008921,29827,random
ran_008922,3110,random
ran_008922,26628,random
ran_008922,30022,random
ran_008923,6604,random
ran_008923,8027,random
ran_008923,30058,random
ran_008924,16018,random
ran_008924,30067,random
ran_008925,30097,random
ran_008925,30799,random
ran_008926,193,random
ran_008926,30130,random
ran_008927,3026,random
ran_008927,13397,random
ran_008927,30202,random
ran_008928,23894,random
ran_008928,30244,random
ran_008929,26031,random
ran_008929,30314,random
ran_008930,2569,random
ran_008930,30325,random
ran_008931,25326,random
ran_008931,30386,random
ran_008932,27799,random
ran_008932,30392,random
ran_008933,5800,random
ran_008933,30421,random
ran_008934,18507,random
ran_008934,30456,random
ran_008935,394,random
ran_008935,30525,random
ran_008936,1920,random
ran_008936,30583,random
ran_008937,8944,random
ran_008937,30629,random
ran_008938,2614,random
ran_008938,30692,random
ran_008939,23132,random
ran_008939,30724,random
ran_008940,4665,random
ran_008940,30726,random
ran_008941,8180,random
ran_008941,30802,random
ran_008942,16178,random
ran_008942,30913,random
ran_008943,10102,random
ran_008943,31028,random
ran_008944,30041,random
ran_008944,31040,random
ran_008945,13759,random
ran_008945,31180,random
ran_008946,5545,random
ran_008946,12000,random
ran_008946,31183,random
ran_008947,25882,random
ran_008947,31242,random
ran_008948,4220,random
ran_008948,31270,random
ran_008949,14607,random
ran_008949,31475,random
ran_008950,3804,random
ran_008950,31586,random
ran_008951,18,random
ran_008951,531,random
ran_008951,8545,random
ran_008952,43,random
ran_008952,23314,random
ran_008953,59,random
ran_008953,7970,random
ran_008953,13316,random
ran_008953,28231,random
ran_008954,64,random
ran_008954,22473,random
ran_008955,75,random
ran_008955,21863,random
ran_008956,75,random
ran_008956,1518,random
ran_008956,7234,random
ran_008957,77,random
ran_008957,18698,random
ran_008958,77,random
ran_008958,8752,random
ran_008959,81,random
ran_008959,9497,random
ran_008960,85,random
ran_008960,21813,random
ran_008961,89,random
ran_008961,27279,random
ran_008962,100,random
ran_008962,18413,random
ran_008963,105,random
ran_008963,3760,random
ran_008964,108,random
ran_008964,3790,random
ran_008965,108,random
ran_008965,20249,random
ran_008966,108,random
ran_008966,7679,random
ran_008967,133,random
ran_008967,11654,random
ran_008968,133,random
ran_008968,12569,random
ran_008969,138,random
ran_008969,8332,random
ran_008970,138,random
ran_008970,2085,random
ran_008971,138,random
ran_008971,26545,random
ran_008972,138,random
ran_008972,29927,random
ran_008973,145,random
ran_008973,17931,random
ran_008974,145,random
ran_008974,14731,random
ran_008975,156,random
ran_008975,28595,random
ran_008976,156,random
ran_008976,23900,random
ran_008977,165,random
ran_008977,9629,random
ran_008978,165,random
ran_008978,26861,random
ran_008979,189,random
ran_008979,5329,random
ran_008979,15241,random
ran_008980,189,random
ran_008980,4828,random
ran_008981,193,random
ran_008981,10625,random
ran_008982,200,random
ran_008982,6460,random
ran_008983,205,random
ran_008983,15562,random
ran_008984,212,random
ran_008984,9790,random
ran_008985,212,random
ran_008985,1920,random
ran_008986,212,random
ran_008986,10875,random
ran_008987,217,random
ran_008987,19445,random
ran_008988,220,random
ran_008988,19872,random
ran_008989,227,random
ran_008989,14578,random
ran_008990,227,random
ran_008990,25227,random
ran_008991,227,random
ran_008991,10476,random
ran_008991,21868,random
ran_008992,228,random
ran_008992,515,random
ran_008993,236,random
ran_008993,18578,random
ran_008994,236,random
ran_008994,18963,random
ran_008995,236,random
ran_008995,423,random
ran_008996,236,random
ran_008996,10507,random
ran_008997,240,random
ran_008997,630,random
ran_008998,254,random
ran_008998,7838,random
ran_008999,254,random
ran_008999,9475,random
ran_009000,265,random
ran_009000,4180,random
ran_009001,265,random
ran_009001,19713,random
ran_009002,265,random
ran_009002,17594,random
ran_009003,265,random
ran_009003,17907,random
ran_009004,265,random
ran_009004,18543,random
ran_009005,265,random
ran_009005,25733,random
ran_009006,273,random
ran_009006,16882,random
ran_009007,288,random
ran_009007,9641,random
ran_009008,289,random
ran_009008,12343,random
ran_009009,296,random
ran_009009,4870,random
ran_009010,297,random
ran_009010,5515,random
ran_009011,301,random
ran_009011,5483,random
ran_009012,312,random
ran_009012,8292,random
ran_009013,353,random
ran_009013,19539,random
ran_009013,20437,random
ran_009014,353,random
ran_009014,15475,random
ran_009014,17279,random
ran_009015,359,random
ran_009015,2983,random
ran_009015,6544,random
ran_009015,24884,random
ran_009016,376,random
ran_009016,5054,random
ran_009017,395,random
ran_009017,2798,random
ran_009018,407,random
ran_009018,22184,random
ran_009019,412,random
ran_009019,6499,random
ran_009020,422,random
ran_009020,4089,random
ran_009021,422,random
ran_009021,23077,random
ran_009022,423,random
ran_009022,2954,random
ran_009023,423,random
ran_009023,8138,random
ran_009024,423,random
ran_009024,5843,random
ran_009024,10059,random
ran_009024,13910,random
ran_009025,423,random
ran_009025,18766,random
ran_009026,430,random
ran_009026,12920,random
ran_009027,459,random
ran_009027,17579,random
ran_009028,459,random
ran_009028,5178,random
ran_009028,15961,random
ran_009029,459,random
ran_009029,14446,random
ran_009029,20611,random
ran_009030,459,random
ran_009030,10675,random
ran_009031,459,random
ran_009031,5800,random
ran_009031,26643,random
ran_009032,465,random
ran_009032,14899,random
ran_009033,480,random
ran_009033,8752,random
ran_009034,497,random
ran_009034,11990,random
ran_009035,497,random
ran_009035,20318,random
ran_009036,533,random
ran_009036,1068,random
ran_009037,555,random
ran_009037,7601,random
ran_009037,11248,random
ran_009038,575,random
ran_009038,2500,random
ran_009039,578,random
ran_009039,2622,random
ran_009040,579,random
ran_009040,9778,random
ran_009040,18785,random
ran_009041,579,random
ran_009041,5111,random
ran_009042,579,random
ran_009042,3976,random
ran_009042,16753,random
ran_009043,581,random
ran_009043,6393,random
ran_009044,581,random
ran_009044,13442,random
ran_009044,28706,random
ran_009045,581,random
ran_009045,21303,random
ran_009046,581,random
ran_009046,14608,random
ran_009047,581,random
ran_009047,17862,random
ran_009048,581,random
ran_009048,2535,random
ran_009048,6906,random
ran_009048,15196,random
ran_009049,588,random
ran_009049,9518,random
ran_009050,600,random
ran_009050,2466,random
ran_009051,611,random
ran_009051,7601,random
ran_009052,627,random
ran_009052,19744,random
ran_009053,627,random
ran_009053,23649,random
ran_009054,631,random
ran_009054,13059,random
ran_009055,641,random
ran_009055,19292,random
ran_009056,643,random
ran_009056,14409,random
ran_009057,649,random
ran_009057,7694,random
ran_009058,657,random
ran_009058,21084,random
ran_009059,673,random
ran_009059,20896,random
ran_009060,675,random
ran_009060,5217,random
ran_009060,19784,random
ran_009061,676,random
ran_009061,30330,random
ran_009062,681,random
ran_009062,1672,random
ran_009063,699,random
ran_009063,4199,random
ran_009064,717,random
ran_009064,2171,random
ran_009065,733,random
ran_009065,5930,random
ran_009066,768,random
ran_009066,3583,random
ran_009066,7014,random
ran_009067,769,random
ran_009067,6097,random
ran_009067,19467,random
ran_009067,24921,random
ran_009068,786,random
ran_009068,12259,random
ran_009069,822,random
ran_009069,27358,random
ran_009070,822,random
ran_009070,6402,random
ran_009071,828,random
ran_009071,18418,random
ran_009072,828,random
ran_009072,9467,random
ran_009072,22219,random
ran_009073,837,random
ran_009073,22286,random
ran_009074,837,random
ran_009074,9074,random
ran_009074,12307,random
ran_009075,837,random
ran_009075,20174,random
ran_009076,865,random
ran_009076,3478,random
ran_009077,867,random
ran_009077,5274,random
ran_009078,867,random
ran_009078,7063,random
ran_009079,867,random
ran_009079,30401,random
ran_009080,871,random
ran_009080,6272,random
ran_009081,891,random
ran_009081,22545,random
ran_009082,904,random
ran_009082,5228,random
ran_009083,904,random
ran_009083,8613,random
ran_009083,18141,random
ran_009084,408,random
ran_009084,906,random
ran_009085,907,random
ran_009085,2157,random
ran_009086,915,random
ran_009086,7449,random
ran_009087,930,random
ran_009087,18571,random
ran_009088,805,random
ran_009088,930,random
ran_009089,934,random
ran_009089,5545,random
ran_009090,942,random
ran_009090,11325,random
ran_009091,955,random
ran_009091,1577,random
ran_009092,955,random
ran_009092,20381,random
ran_009093,955,random
ran_009093,3640,random
ran_009093,10145,random
ran_009094,981,random
ran_009094,10356,random
ran_009095,987,random
ran_009095,5523,random
ran_009096,987,random
ran_009096,18569,random
ran_009097,987,random
ran_009097,2655,random
ran_009098,992,random
ran_009098,24834,random
ran_009099,992,random
ran_009099,9526,random
ran_009100,1004,random
ran_009100,3604,random
ran_009101,1004,random
ran_009101,17757,random
ran_009102,1007,random
ran_009102,17120,random
ran_009103,1007,random
ran_009103,27768,random
ran_009104,1014,random
ran_009104,16794,random
ran_009105,1020,random
ran_009105,7208,random
ran_009106,1024,random
ran_009106,4833,random
ran_009106,9091,random
ran_009106,16775,random
ran_009106,16857,random
ran_009107,1028,random
ran_009107,24200,random
ran_009108,1028,random
ran_009108,5370,random
ran_009109,1028,random
ran_009109,5789,random
ran_009110,1032,random
ran_009110,11891,random
ran_009111,1037,random
ran_009111,9951,random
ran_009112,1037,random
ran_009112,5764,random
ran_009113,1043,random
ran_009113,25310,random
ran_009113,25624,random
ran_009114,1043,random
ran_009114,2988,random
ran_009115,1043,random
ran_009115,16510,random
ran_009116,1043,random
ran_009116,7269,random
ran_009116,9049,random
ran_009117,1043,random
ran_009117,26833,random
ran_009118,1052,random
ran_009118,9727,random
ran_009119,1055,random
ran_009119,7180,random
ran_009120,1056,random
ran_009120,4774,random
ran_009121,1060,random
ran_009121,2162,random
ran_009122,1061,random
ran_009122,13326,random
ran_009123,1091,random
ran_009123,23719,random
ran_009124,1091,random
ran_009124,30966,random
ran_009125,1091,random
ran_009125,15858,random
ran_009125,29958,random
ran_009126,1104,random
ran_009126,7045,random
ran_009127,1105,random
ran_009127,5053,random
ran_009128,1105,random
ran_009128,3238,random
ran_009128,9668,random
ran_009129,1105,random
ran_009129,8307,random
ran_009130,1120,random
ran_009130,12307,random
ran_009131,1135,random
ran_009131,24266,random
ran_009132,1145,random
ran_009132,5883,random
ran_009132,12908,random
ran_009133,1154,random
ran_009133,7110,random
ran_009134,1154,random
ran_009134,3752,random
ran_009135,1157,random
ran_009135,13079,random
ran_009135,23485,random
ran_009136,1167,random
ran_009136,30204,random
ran_009137,1167,random
ran_009137,8365,random
ran_009138,1167,random
ran_009138,7433,random
ran_009139,1173,random
ran_009139,29133,random
ran_009140,1173,random
ran_009140,4422,random
ran_009141,1173,random
ran_009141,20113,random
ran_009142,1173,random
ran_009142,4535,random
ran_009143,1182,random
ran_009143,2240,random
ran_009144,1203,random
ran_009144,13562,random
ran_009145,1207,random
ran_009145,24524,random
ran_009146,1244,random
ran_009146,1915,random
ran_009146,11100,random
ran_009146,21407,random
ran_009147,1249,random
ran_009147,12487,random
ran_009148,1260,random
ran_009148,7605,random
ran_009149,1264,random
ran_009149,10022,random
ran_009150,1270,random
ran_009150,16315,random
ran_009151,1290,random
ran_009151,4700,random
ran_009152,1291,random
ran_009152,16235,random
ran_009153,1305,random
ran_009153,11087,random
ran_009154,1308,random
ran_009154,24409,random
ran_009155,1314,random
ran_009155,2033,random
ran_009156,1324,random
ran_009156,5208,random
ran_009157,1324,random
ran_009157,13508,random
ran_009158,1331,random
ran_009158,13988,random
ran_009159,1349,random
ran_009159,3490,random
ran_009160,1349,random
ran_009160,2637,random
ran_009160,22699,random
ran_009161,1349,random
ran_009161,4724,random
ran_009162,1188,random
ran_009162,1365,random
ran_009162,10955,random
ran_009162,11639,random
ran_009162,15671,random
ran_009163,1371,random
ran_009163,4368,random
ran_009164,1371,random
ran_009164,12719,random
ran_009165,1069,random
ran_009165,1372,random
ran_009166,1374,random
ran_009166,20249,random
ran_009167,1374,random
ran_009167,8680,random
ran_009168,1390,random
ran_009168,28024,random
ran_009169,611,random
ran_009169,1390,random
ran_009170,1415,random
ran_009170,16651,random
ran_009171,1435,random
ran_009171,22177,random
ran_009172,1438,random
ran_009172,25479,random
ran_009173,1457,random
ran_009173,8920,random
ran_009174,1467,random
ran_009174,15371,random
ran_009175,1477,random
ran_009175,4850,random
ran_009176,1491,random
ran_009176,8476,random
ran_009177,1509,random
ran_009177,19035,random
ran_009178,807,random
ran_009178,1510,random
ran_009179,1511,random
ran_009179,27849,random
ran_009180,1516,random
ran_009180,24721,random
ran_009181,1523,random
ran_009181,2002,random
ran_009181,12708,random
ran_009182,1019,random
ran_009182,1523,random
ran_009182,21930,random
ran_009183,1534,random
ran_009183,2012,random
ran_009184,1534,random
ran_009184,5329,random
ran_009185,1546,random
ran_009185,10727,random
ran_009186,1560,random
ran_009186,9130,random
ran_009187,1577,random
ran_009187,1620,random
ran_009188,1585,random
ran_009188,22184,random
ran_009189,1585,random
ran_009189,20877,random
ran_009190,1585,random
ran_009190,7336,random
ran_009190,13177,random
ran_009191,1593,random
ran_009191,26651,random
ran_009192,1603,random
ran_009192,8792,random
ran_009193,1608,random
ran_009193,27383,random
ran_009194,1608,random
ran_009194,2202,random
ran_009194,21568,random
ran_009195,1634,random
ran_009195,21319,random
ran_009195,25033,random
ran_009195,27917,random
ran_009196,1634,random
ran_009196,4567,random
ran_009197,1670,random
ran_009197,3392,random
ran_009198,1672,random
ran_009198,2511,random
ran_009199,947,random
ran_009199,1672,random
ran_009200,1672,random
ran_009200,6862,random
ran_009200,26535,random
ran_009200,27316,random
ran_009200,27562,random
ran_009201,1693,random
ran_009201,6412,random
ran_009202,1694,random
ran_009202,5679,random
ran_009203,1725,random
ran_009203,19071,random
ran_009204,812,random
ran_009204,1757,random
ran_009205,1789,random
ran_009205,19025,random
ran_009206,1799,random
ran_009206,3349,random
ran_009207,1822,random
ran_009207,10477,random
ran_009208,1842,random
ran_009208,10709,random
ran_009209,1848,random
ran_009209,25198,random
ran_009210,1871,random
ran_009210,27573,random
ran_009211,1871,random
ran_009211,19156,random
ran_009212,1871,random
ran_009212,6457,random
ran_009212,19401,random
ran_009212,19919,random
ran_009213,1871,random
ran_009213,20069,random
ran_009214,1871,random
ran_009214,9993,random
ran_009214,20793,random
ran_009215,1173,random
ran_009215,1871,random
ran_009216,1883,random
ran_009216,29781,random
ran_009217,1915,random
ran_009217,20451,random
ran_009218,1916,random
ran_009218,8752,random
ran_009219,1920,random
ran_009219,22710,random
ran_009220,1920,random
ran_009220,3435,random
ran_009220,17709,random
ran_009221,1920,random
ran_009221,22108,random
ran_009222,1817,random
ran_009222,1920,random
ran_009223,1920,random
ran_009223,18093,random
ran_009223,25731,random
ran_009224,1920,random
ran_009224,9629,random
ran_009224,18479,random
ran_009225,1920,random
ran_009225,10240,random
ran_009225,22171,random
ran_009226,1943,random
ran_009226,9672,random
ran_009227,1943,random
ran_009227,31242,random
ran_009228,1944,random
ran_009228,13038,random
ran_009229,1972,random
ran_009229,10940,random
ran_009230,1972,random
ran_009230,21163,random
ran_009231,1789,random
ran_009231,1972,random
ran_009231,23765,random
ran_009232,643,random
ran_009232,1608,random
ran_009232,1972,random
ran_009232,26502,random
ran_009233,2019,random
ran_009233,8157,random
ran_009233,9422,random
ran_009234,2033,random
ran_009234,9957,random
ran_009235,2033,random
ran_009235,7073,random
ran_009236,1261,random
ran_009236,2033,random
ran_009237,2033,random
ran_009237,14587,random
ran_009238,2043,random
ran_009238,7083,random
ran_009239,2049,random
ran_009239,28407,random
ran_009240,2052,random
ran_009240,20717,random
ran_009241,2075,random
ran_009241,4636,random
ran_009242,2085,random
ran_009242,13413,random
ran_009243,2129,random
ran_009243,2184,random
ran_009244,2134,random
ran_009244,3385,random
ran_009245,2134,random
ran_009245,9901,random
ran_009246,2147,random
ran_009246,25203,random
ran_009247,2170,random
ran_009247,7050,random
ran_009248,2192,random
ran_009248,5966,random
ran_009248,10156,random
ran_009249,2202,random
ran_009249,25399,random
ran_009250,2220,random
ran_009250,16757,random
ran_009251,2230,random
ran_009251,6095,random
ran_009252,2240,random
ran_009252,18798,random
ran_009253,2240,random
ran_009253,2970,random
ran_009254,2240,random
ran_009254,4308,random
ran_009255,2270,random
ran_009255,15628,random
ran_009256,2270,random
ran_009256,2867,random
ran_009257,2270,random
ran_009257,25474,random
ran_009258,2282,random
ran_009258,3544,random
ran_009259,2288,random
ran_009259,4407,random
ran_009260,2290,random
ran_009260,23599,random
ran_009261,540,random
ran_009261,2290,random
ran_009262,178,random
ran_009262,2295,random
ran_009263,2311,random
ran_009263,15721,random
ran_009264,2314,random
ran_009264,4818,random
ran_009264,8856,random
ran_009265,2314,random
ran_009265,2539,random
ran_009266,2320,random
ran_009266,27172,random
ran_009267,2336,random
ran_009267,21247,random
ran_009268,200,random
ran_009268,2336,random
ran_009269,2339,random
ran_009269,3298,random
ran_009270,2345,random
ran_009270,3456,random
ran_009270,10573,random
ran_009271,869,random
ran_009271,2346,random
ran_009272,2346,random
ran_009272,17672,random
ran_009273,2359,random
ran_009273,17683,random
ran_009274,2359,random
ran_009274,6679,random
ran_009275,2360,random
ran_009275,11987,random
ran_009276,2363,random
ran_009276,18845,random
ran_009277,2363,random
ran_009277,3015,random
ran_009278,2363,random
ran_009278,23010,random
ran_009278,27595,random
ran_009279,2365,random
ran_009279,13725,random
ran_009280,75,random
ran_009280,2369,random
ran_009281,2369,random
ran_009281,16432,random
ran_009282,2369,random
ran_009282,25731,random
ran_009283,418,random
ran_009283,2379,random
ran_009283,2923,random
ran_009284,2380,random
ran_009284,10274,random
ran_009285,2380,random
ran_009285,6460,random
ran_009286,2402,random
ran_009286,17299,random
ran_009287,2412,random
ran_009287,8256,random
ran_009288,2425,random
ran_009288,12626,random
ran_009289,2451,random
ran_009289,5199,random
ran_009290,2452,random
ran_009290,17000,random
ran_009291,2456,random
ran_009291,4228,random
ran_009292,36,random
ran_009292,2474,random
ran_009293,2495,random
ran_009293,15331,random
ran_009294,1824,random
ran_009294,2503,random
ran_009295,353,random
ran_009295,2511,random
ran_009296,2511,random
ran_009296,3989,random
ran_009296,4106,random
ran_009296,5287,random
ran_009297,2511,random
ran_009297,12941,random
ran_009297,26769,random
ran_009298,2511,random
ran_009298,29539,random
ran_009299,2525,random
ran_009299,5744,random
ran_009300,2526,random
ran_009300,5734,random
ran_009301,2536,random
ran_009301,20395,random
ran_009302,2546,random
ran_009302,4884,random
ran_009303,2546,random
ran_009303,29000,random
ran_009304,2558,random
ran_009304,30941,random
ran_009305,1734,random
ran_009305,2560,random
ran_009305,13940,random
ran_009306,2561,random
ran_009306,11696,random
ran_009307,2564,random
ran_009307,13208,random
ran_009307,22473,random
ran_009308,2568,random
ran_009308,4870,random
ran_009308,15196,random
ran_009309,2584,random
ran_009309,8976,random
ran_009310,25,random
ran_009310,2584,random
ran_009311,2614,random
ran_009311,24587,random
ran_009312,2614,random
ran_009312,13460,random
ran_009313,1647,random
ran_009313,2614,random
ran_009313,6644,random
ran_009314,2526,random
ran_009314,2614,random
ran_009315,2614,random
ran_009315,9496,random
ran_009316,2614,random
ran_009316,21247,random
ran_009317,1972,random
ran_009317,2667,random
ran_009318,2667,random
ran_009318,20951,random
ran_009319,2681,random
ran_009319,7882,random
ran_009320,2681,random
ran_009320,10106,random
ran_009321,2681,random
ran_009321,2939,random
ran_009322,2707,random
ran_009322,7035,random
ran_009323,2707,random
ran_009323,17383,random
ran_009323,20082,random
ran_009324,2707,random
ran_009324,6604,random
ran_009324,22146,random
ran_009325,2729,random
ran_009325,15321,random
ran_009326,2729,random
ran_009326,10405,random
ran_009327,2732,random
ran_009327,21875,random
ran_009328,2767,random
ran_009328,20780,random
ran_009329,2767,random
ran_009329,17845,random
ran_009330,2767,random
ran_009330,6471,random
ran_009331,2767,random
ran_009331,19488,random
ran_009332,2767,random
ran_009332,8080,random
ran_009332,18966,random
ran_009333,2771,random
ran_009333,3218,random
ran_009334,2778,random
ran_009334,4244,random
ran_009335,2780,random
ran_009335,19340,random
ran_009336,2780,random
ran_009336,19877,random
ran_009337,2780,random
ran_009337,16770,random
ran_009338,2780,random
ran_009338,9895,random
ran_009339,2780,random
ran_009339,20540,random
ran_009340,1910,random
ran_009340,2786,random
ran_009341,2786,random
ran_009341,7300,random
ran_009342,2788,random
ran_009342,24451,random
ran_009343,2798,random
ran_009343,5755,random
ran_009344,497,random
ran_009344,2800,random
ran_009345,2811,random
ran_009345,10724,random
ran_009345,19625,random
ran_009346,2811,random
ran_009346,10110,random
ran_009347,2827,random
ran_009347,3190,random
ran_009348,2828,random
ran_009348,4418,random
ran_009349,265,random
ran_009349,2834,random
ran_009350,1842,random
ran_009350,2842,random
ran_009351,2846,random
ran_009351,6636,random
ran_009352,43,random
ran_009352,2852,random
ran_009353,2876,random
ran_009353,20795,random
ran_009354,2892,random
ran_009354,3810,random
ran_009354,17801,random
ran_009355,2892,random
ran_009355,11820,random
ran_009356,2923,random
ran_009356,25327,random
ran_009357,2943,random
ran_009357,17068,random
ran_009358,2951,random
ran_009358,20129,random
ran_009359,2954,random
ran_009359,4955,random
ran_009360,2955,random
ran_009360,6799,random
ran_009360,15230,random
ran_009360,17219,random
ran_009361,2995,random
ran_009361,27652,random
ran_009362,2995,random
ran_009362,10224,random
ran_009363,2995,random
ran_009363,27658,random
ran_009364,3005,random
ran_009364,8890,random
ran_009365,3023,random
ran_009365,28496,random
ran_009366,3026,random
ran_009366,7063,random
ran_009367,3053,random
ran_009367,14380,random
ran_009368,3083,random
ran_009368,11904,random
ran_009369,3089,random
ran_009369,7518,random
ran_009370,3102,random
ran_009370,7140,random
ran_009371,3110,random
ran_009371,18049,random
ran_009371,28338,random
ran_009372,1801,random
ran_009372,2174,random
ran_009372,3141,random
ran_009373,3142,random
ran_009373,7917,random
ran_009373,16748,random
ran_009374,3145,random
ran_009374,7278,random
ran_009375,1457,random
ran_009375,3145,random
ran_009376,3145,random
ran_009376,6232,random
ran_009377,3166,random
ran_009377,25135,random
ran_009378,3186,random
ran_009378,6609,random
ran_009378,14766,random
ran_009379,331,random
ran_009379,3190,random
ran_009380,1374,random
ran_009380,3190,random
ran_009381,3190,random
ran_009381,8685,random
ran_009382,3190,random
ran_009382,16300,random
ran_009383,3191,random
ran_009383,4180,random
ran_009384,3203,random
ran_009384,18623,random
ran_009385,3227,random
ran_009385,20387,random
ran_009386,2876,random
ran_009386,3238,random
ran_009387,3238,random
ran_009387,18414,random
ran_009388,692,random
ran_009388,3254,random
ran_009388,3753,random
ran_009388,17339,random
ran_009389,3282,random
ran_009389,19019,random
ran_009390,3285,random
ran_009390,5230,random
ran_009391,3292,random
ran_009391,10007,random
ran_009392,3304,random
ran_009392,20025,random
ran_009393,3306,random
ran_009393,20082,random
ran_009394,3306,random
ran_009394,22089,random
ran_009395,3312,random
ran_009395,9629,random
ran_009396,3314,random
ran_009396,6065,random
ran_009397,2927,random
ran_009397,3346,random
ran_009398,3365,random
ran_009398,8804,random
ran_009399,3373,random
ran_009399,22631,random
ran_009400,3375,random
ran_009400,14072,random
ran_009401,3375,random
ran_009401,6177,random
ran_009402,3375,random
ran_009402,23503,random
ran_009403,3375,random
ran_009403,15906,random
ran_009404,3448,random
ran_009404,30130,random
ran_009405,3448,random
ran_009405,3700,random
ran_009406,3459,random
ran_009406,6598,random
ran_009406,16756,random
ran_009407,3459,random
ran_009407,31153,random
ran_009408,2380,random
ran_009408,3473,random
ran_009409,1815,random
ran_009409,3488,random
ran_009410,3504,random
ran_009410,7471,random
ran_009411,3535,random
ran_009411,6901,random
ran_009412,3551,random
ran_009412,18785,random
ran_009413,3551,random
ran_009413,27334,random
ran_009414,2485,random
ran_009414,3551,random
ran_009415,3551,random
ran_009415,7162,random
ran_009416,3566,random
ran_009416,10662,random
ran_009417,3600,random
ran_009417,7384,random
ran_009418,3495,random
ran_009418,3604,random
ran_009419,3613,random
ran_009419,20780,random
ran_009420,3633,random
ran_009420,8683,random
ran_009421,3639,random
ran_009421,4902,random
ran_009421,16734,random
ran_009422,3640,random
ran_009422,17506,random
ran_009423,3645,random
ran_009423,5003,random
ran_009424,3652,random
ran_009424,4417,random
ran_009424,18265,random
ran_009425,1585,random
ran_009425,3666,random
ran_009426,3685,random
ran_009426,7722,random
ran_009427,2291,random
ran_009427,3707,random
ran_009428,3713,random
ran_009428,10903,random
ran_009429,3713,random
ran_009429,17672,random
ran_009430,3731,random
ran_009430,4837,random
ran_009431,3753,random
ran_009431,18291,random
ran_009432,3764,random
ran_009432,26204,random
ran_009433,3781,random
ran_009433,28810,random
ran_009434,1277,random
ran_009434,3781,random
ran_009435,3798,random
ran_009435,9299,random
ran_009435,14221,random
ran_009436,3798,random
ran_009436,4617,random
ran_009437,3417,random
ran_009437,3799,random
ran_009437,4963,random
ran_009437,19375,random
ran_009438,3801,random
ran_009438,10464,random
ran_009439,3811,random
ran_009439,23143,random
ran_009440,3817,random
ran_009440,12005,random
ran_009441,3821,random
ran_009441,17794,random
ran_009442,2939,random
ran_009442,3869,random
ran_009443,3890,random
ran_009443,11400,random
ran_009444,3898,random
ran_009444,9575,random
ran_009445,3898,random
ran_009445,24642,random
ran_009446,2359,random
ran_009446,3902,random
ran_009446,14635,random
ran_009447,3905,random
ran_009447,15550,random
ran_009447,22366,random
ran_009448,3920,random
ran_009448,15944,random
ran_009449,1043,random
ran_009449,3954,random
ran_009450,3954,random
ran_009450,22521,random
ran_009451,2892,random
ran_009451,3954,random
ran_009452,3954,random
ran_009452,4652,random
ran_009453,3954,random
ran_009453,9763,random
ran_009454,3954,random
ran_009454,25913,random
ran_009455,3954,random
ran_009455,29635,random
ran_009456,3954,random
ran_009456,9363,random
ran_009457,3971,random
ran_009457,4422,random
ran_009458,3976,random
ran_009458,6699,random
ran_009459,3979,random
ran_009459,10991,random
ran_009460,3990,random
ran_009460,16445,random
ran_009461,617,random
ran_009461,3992,random
ran_009462,1592,random
ran_009462,4012,random
ran_009463,4036,random
ran_009463,13217,random
ran_009464,4037,random
ran_009464,4813,random
ran_009465,4045,random
ran_009465,16510,random
ran_009466,4045,random
ran_009466,4876,random
ran_009467,4069,random
ran_009467,4585,random
ran_009468,315,random
ran_009468,2147,random
ran_009468,4079,random
ran_009468,6817,random
ran_009469,4089,random
ran_009469,15469,random
ran_009470,4106,random
ran_009470,18130,random
ran_009471,4106,random
ran_009471,4636,random
ran_009472,673,random
ran_009472,4112,random
ran_009472,4320,random
ran_009473,423,random
ran_009473,4138,random
ran_009474,4147,random
ran_009474,8103,random
ran_009475,1608,random
ran_009475,4180,random
ran_009475,20119,random
ran_009476,4196,random
ran_009476,21965,random
ran_009477,4196,random
ran_009477,6431,random
ran_009478,4196,random
ran_009478,13843,random
ran_009479,4196,random
ran_009479,13919,random
ran_009480,4196,random
ran_009480,15596,random
ran_009481,4199,random
ran_009481,12574,random
ran_009482,1300,random
ran_009482,4199,random
ran_009482,25882,random
ran_009483,4220,random
ran_009483,16001,random
ran_009484,2511,random
ran_009484,4228,random
ran_009484,26136,random
ran_009485,4243,random
ran_009485,6112,random
ran_009486,4289,random
ran_009486,18475,random
ran_009486,21083,random
ran_009487,4289,random
ran_009487,13177,random
ran_009488,4289,random
ran_009488,4787,random
ran_009489,1949,random
ran_009489,4290,random
ran_009490,4291,random
ran_009490,7011,random
ran_009491,4309,random
ran_009491,10752,random
ran_009492,4324,random
ran_009492,8378,random
ran_009492,22222,random
ran_009493,1202,random
ran_009493,4332,random
ran_009493,15552,random
ran_009493,22766,random
ran_009493,25219,random
ran_009494,3375,random
ran_009494,4334,random
ran_009495,2939,random
ran_009495,4335,random
ran_009496,4339,random
ran_009496,8519,random
ran_009497,4339,random
ran_009497,12595,random
ran_009497,17938,random
ran_009498,418,random
ran_009498,4347,random
ran_009498,18367,random
ran_009499,4347,random
ran_009499,21243,random
ran_009500,4365,random
ran_009500,9506,random
ran_009501,4365,random
ran_009501,8716,random
ran_009502,4368,random
ran_009502,29014,random
ran_009503,4386,random
ran_009503,16775,random
ran_009504,193,random
ran_009504,4418,random
ran_009505,4422,random
ran_009505,28985,random
ran_009506,786,random
ran_009506,4423,random
ran_009507,2522,random
ran_009507,4426,random
ran_009508,554,random
ran_009508,4449,random
ran_009509,4452,random
ran_009509,8518,random
ran_009510,4456,random
ran_009510,11242,random
ran_009510,16481,random
ran_009511,4489,random
ran_009511,21596,random
ran_009512,4491,random
ran_009512,22587,random
ran_009513,4502,random
ran_009513,21672,random
ran_009514,4511,random
ran_009514,19445,random
ran_009515,4511,random
ran_009515,23063,random
ran_009516,4515,random
ran_009516,20591,random
ran_009517,2925,random
ran_009517,4531,random
ran_009518,4534,random
ran_009518,7200,random
ran_009519,1371,random
ran_009519,4539,random
ran_009520,4559,random
ran_009520,8312,random
ran_009521,4559,random
ran_009521,23437,random
ran_009522,3129,random
ran_009522,4567,random
ran_009523,4568,random
ran_009523,27431,random
ran_009524,4569,random
ran_009524,11731,random
ran_009525,993,random
ran_009525,4569,random
ran_009525,5287,random
ran_009526,2012,random
ran_009526,4569,random
ran_009527,3975,random
ran_009527,4569,random
ran_009528,4580,random
ran_009528,9888,random
ran_009529,4585,random
ran_009529,23589,random
ran_009530,4588,random
ran_009530,24597,random
ran_009531,1831,random
ran_009531,3657,random
ran_009531,4603,random
ran_009532,4617,random
ran_009532,20722,random
ran_009533,4627,random
ran_009533,15596,random
ran_009534,4629,random
ran_009534,5505,random
ran_009535,4636,random
ran_009535,7372,random
ran_009536,890,random
ran_009536,4324,random
ran_009536,4651,random
ran_009537,4483,random
ran_009537,4700,random
ran_009538,3503,random
ran_009538,4761,random
ran_009539,1969,random
ran_009539,4783,random
ran_009540,4787,random
ran_009540,11996,random
ran_009541,4787,random
ran_009541,6696,random
ran_009542,4787,random
ran_009542,8799,random
ran_009542,25320,random
ran_009543,4787,random
ran_009543,24871,random
ran_009544,4787,random
ran_009544,16003,random
ran_009545,4790,random
ran_009545,7208,random
ran_009546,4816,random
ran_009546,11468,random
ran_009547,4838,random
ran_009547,6351,random
ran_009548,4859,random
ran_009548,5391,random
ran_009549,4859,random
ran_009549,22274,random
ran_009550,1735,random
ran_009550,4859,random
ran_009551,4859,random
ran_009551,17187,random
ran_009552,4884,random
ran_009552,15301,random
ran_009553,4884,random
ran_009553,10705,random
ran_009554,4894,random
ran_009554,11881,random
ran_009555,724,random
ran_009555,4957,random
ran_009556,4991,random
ran_009556,5402,random
ran_009556,22615,random
ran_009557,2558,random
ran_009557,5006,random
ran_009558,5012,random
ran_009558,13003,random
ran_009559,5017,random
ran_009559,26491,random
ran_009560,5029,random
ran_009560,14502,random
ran_009561,5029,random
ran_009561,24220,random
ran_009562,5040,random
ran_009562,15409,random
ran_009563,5054,random
ran_009563,25844,random
ran_009564,1107,random
ran_009564,5054,random
ran_009564,20116,random
ran_009565,5064,random
ran_009565,10290,random
ran_009565,11700,random
ran_009566,5110,random
ran_009566,7681,random
ran_009567,5123,random
ran_009567,6008,random
ran_009567,9063,random
ran_009568,5123,random
ran_009568,19455,random
ran_009569,5123,random
ran_009569,24386,random
ran_009570,5123,random
ran_009570,22626,random
ran_009571,5123,random
ran_009571,6393,random
ran_009572,5123,random
ran_009572,7600,random
ran_009573,4106,random
ran_009573,5123,random
ran_009574,3005,random
ran_009574,4355,random
ran_009574,5123,random
ran_009575,2369,random
ran_009575,3180,random
ran_009575,5126,random
ran_009576,5126,random
ran_009576,22493,random
ran_009577,5146,random
ran_009577,16092,random
ran_009578,1671,random
ran_009578,5146,random
ran_009579,5150,random
ran_009579,6588,random
ran_009580,5159,random
ran_009580,8121,random
ran_009581,5159,random
ran_009581,24338,random
ran_009582,1695,random
ran_009582,5167,random
ran_009583,2185,random
ran_009583,5172,random
ran_009584,5199,random
ran_009584,25913,random
ran_009585,1537,random
ran_009585,5199,random
ran_009586,5208,random
ran_009586,10869,random
ran_009587,5208,random
ran_009587,9527,random
ran_009588,5209,random
ran_009588,18426,random
ran_009589,5230,random
ran_009589,10507,random
ran_009590,5275,random
ran_009590,9470,random
ran_009590,20833,random
ran_009591,5275,random
ran_009591,7681,random
ran_009592,297,random
ran_009592,5275,random
ran_009593,189,random
ran_009593,5275,random
ran_009594,5275,random
ran_009594,16393,random
ran_009594,31394,random
ran_009595,5275,random
ran_009595,19516,random
ran_009595,19930,random
ran_009596,5282,random
ran_009596,21335,random
ran_009597,5287,random
ran_009597,9571,random
ran_009598,2821,random
ran_009598,5296,random
ran_009599,5301,random
ran_009599,17974,random
ran_009600,5301,random
ran_009600,25742,random
ran_009601,5301,random
ran_009601,11972,random
ran_009602,681,random
ran_009602,5301,random
ran_009603,5301,random
ran_009603,15002,random
ran_009604,1659,random
ran_009604,5301,random
ran_009605,5303,random
ran_009605,11879,random
ran_009606,5305,random
ran_009606,23994,random
ran_009607,1126,random
ran_009607,5305,random
ran_009608,5377,random
ran_009608,17561,random
ran_009609,1004,random
ran_009609,5377,random
ran_009610,5391,random
ran_009610,5395,random
ran_009611,5391,random
ran_009611,10683,random
ran_009611,25712,random
ran_009612,5391,random
ran_009612,31326,random
ran_009613,1375,random
ran_009613,5393,random
ran_009614,1561,random
ran_009614,5395,random
ran_009615,2018,random
ran_009615,5402,random
ran_009616,5416,random
ran_009616,10293,random
ran_009617,5110,random
ran_009617,5416,random
ran_009618,5434,random
ran_009618,9074,random
ran_009619,5474,random
ran_009619,9030,random
ran_009620,1531,random
ran_009620,5474,random
ran_009621,5506,random
ran_009621,25327,random
ran_009622,5506,random
ran_009622,13500,random
ran_009623,3551,random
ran_009623,5506,random
ran_009624,5527,random
ran_009624,18929,random
ran_009625,4701,random
ran_009625,5534,random
ran_009626,5541,random
ran_009626,27808,random
ran_009627,730,random
ran_009627,5545,random
ran_009628,5570,random
ran_009628,7433,random
ran_009629,5621,random
ran_009629,23437,random
ran_009630,5630,random
ran_009630,12433,random
ran_009631,5630,random
ran_009631,18059,random
ran_009632,4783,random
ran_009632,5630,random
ran_009633,5661,random
ran_009633,13580,random
ran_009633,27693,random
ran_009634,5667,random
ran_009634,6756,random
ran_009635,5677,random
ran_009635,29200,random
ran_009636,2978,random
ran_009636,5704,random
ran_009637,5755,random
ran_009637,22438,random
ran_009638,5762,random
ran_009638,8974,random
ran_009639,5764,random
ran_009639,21897,random
ran_009640,777,random
ran_009640,5766,random
ran_009641,5781,random
ran_009641,17676,random
ran_009642,5783,random
ran_009642,13699,random
ran_009643,5788,random
ran_009643,20336,random
ran_009644,5822,random
ran_009644,17508,random
ran_009645,5843,random
ran_009645,6610,random
ran_009646,5853,random
ran_009646,16230,random
ran_009647,5853,random
ran_009647,23140,random
ran_009648,3391,random
ran_009648,3669,random
ran_009648,5853,random
ran_009648,21729,random
ran_009649,5853,random
ran_009649,12172,random
ran_009649,22562,random
ran_009649,26884,random
ran_009650,5853,random
ran_009650,23861,random
ran_009651,5853,random
ran_009651,22750,random
ran_009652,5888,random
ran_009652,10917,random
ran_009653,5894,random
ran_009653,26076,random
ran_009654,2889,random
ran_009654,5894,random
ran_009655,5920,random
ran_009655,15114,random
ran_009655,17672,random
ran_009656,5921,random
ran_009656,12379,random
ran_009657,5968,random
ran_009657,23008,random
ran_009658,5970,random
ran_009658,25350,random
ran_009659,1376,random
ran_009659,5970,random
ran_009660,5970,random
ran_009660,21456,random
ran_009661,5970,random
ran_009661,11310,random
ran_009662,5970,random
ran_009662,10096,random
ran_009663,5973,random
ran_009663,13183,random
ran_009664,5973,random
ran_009664,8981,random
ran_009665,5973,random
ran_009665,14567,random
ran_009666,5973,random
ran_009666,21415,random
ran_009667,5977,random
ran_009667,9236,random
ran_009668,6007,random
ran_009668,25474,random
ran_009669,6007,random
ran_009669,17606,random
ran_009670,6007,random
ran_009670,26832,random
ran_009671,6026,random
ran_009671,25809,random
ran_009672,6057,random
ran_009672,12346,random
ran_009673,6078,random
ran_009673,15488,random
ran_009674,1921,random
ran_009674,6114,random
ran_009675,6125,random
ran_009675,17478,random
ran_009676,992,random
ran_009676,6125,random
ran_009676,17988,random
ran_009677,6125,random
ran_009677,25512,random
ran_009678,6149,random
ran_009678,23323,random
ran_009679,1173,random
ran_009679,6164,random
ran_009680,5282,random
ran_009680,6165,random
ran_009681,6165,random
ran_009681,16805,random
ran_009682,2127,random
ran_009682,6165,random
ran_009683,1404,random
ran_009683,6165,random
ran_009684,6173,random
ran_009684,7162,random
ran_009685,2311,random
ran_009685,6182,random
ran_009686,6182,random
ran_009686,16592,random
ran_009686,17252,random
ran_009687,6182,random
ran_009687,22326,random
ran_009688,3356,random
ran_009688,5704,random
ran_009688,6189,random
ran_009689,6190,random
ran_009689,20346,random
ran_009690,6214,random
ran_009690,14429,random
ran_009691,6232,random
ran_009691,8572,random
ran_009691,9474,random
ran_009692,5570,random
ran_009692,6294,random
ran_009693,4445,random
ran_009693,6356,random
ran_009693,9096,random
ran_009693,12520,random
ran_009694,6356,random
ran_009694,7563,random
ran_009695,6367,random
ran_009695,12953,random
ran_009696,6402,random
ran_009696,15693,random
ran_009697,6402,random
ran_009697,19732,random
ran_009698,6402,random
ran_009698,20055,random
ran_009699,6405,random
ran_009699,13112,random
ran_009700,6412,random
ran_009700,25114,random
ran_009701,6412,random
ran_009701,9433,random
ran_009701,13511,random
ran_009702,6457,random
ran_009702,26323,random
ran_009703,6457,random
ran_009703,12953,random
ran_009704,1379,random
ran_009704,6457,random
ran_009704,18311,random
ran_009705,915,random
ran_009705,6457,random
ran_009706,555,random
ran_009706,6457,random
ran_009707,6458,random
ran_009707,23897,random
ran_009708,2841,random
ran_009708,6460,random
ran_009708,19488,random
ran_009709,6460,random
ran_009709,7970,random
ran_009710,6499,random
ran_009710,20256,random
ran_009711,6503,random
ran_009711,12852,random
ran_009712,133,random
ran_009712,6509,random
ran_009713,6509,random
ran_009713,19429,random
ran_009714,6517,random
ran_009714,14814,random
ran_009715,5729,random
ran_009715,6557,random
ran_009716,359,random
ran_009716,6562,random
ran_009717,6576,random
ran_009717,15466,random
ran_009718,6579,random
ran_009718,10903,random
ran_009719,6579,random
ran_009719,18538,random
ran_009719,20366,random
ran_009720,6598,random
ran_009720,12507,random
ran_009721,6604,random
ran_009721,11751,random
ran_009721,17631,random
ran_009722,6607,random
ran_009722,8250,random
ran_009723,6608,random
ran_009723,27409,random
ran_009724,6625,random
ran_009724,12722,random
ran_009725,6629,random
ran_009725,9465,random
ran_009726,6636,random
ran_009726,14945,random
ran_009726,20446,random
ran_009727,4559,random
ran_009727,6653,random
ran_009728,6653,random
ran_009728,13628,random
ran_009729,6672,random
ran_009729,23156,random
ran_009730,6672,random
ran_009730,15619,random
ran_009731,4535,random
ran_009731,6672,random
ran_009732,6719,random
ran_009732,16786,random
ran_009733,6719,random
ran_009733,11210,random
ran_009734,1145,random
ran_009734,2134,random
ran_009734,6739,random
ran_009734,7528,random
ran_009734,24949,random
ran_009735,6089,random
ran_009735,6771,random
ran_009736,1954,random
ran_009736,6792,random
ran_009737,1598,random
ran_009737,6792,random
ran_009738,6792,random
ran_009738,18814,random
ran_009739,6798,random
ran_009739,15686,random
ran_009740,6808,random
ran_009740,27524,random
ran_009741,6844,random
ran_009741,10434,random
ran_009742,6844,random
ran_009742,18118,random
ran_009743,6862,random
ran_009743,10145,random
ran_009743,12348,random
ran_009744,6863,random
ran_009744,12953,random
ran_009745,6863,random
ran_009745,22146,random
ran_009746,6874,random
ran_009746,14061,random
ran_009747,540,random
ran_009747,6897,random
ran_009748,465,random
ran_009748,6918,random
ran_009749,2398,random
ran_009749,6943,random
ran_009750,6959,random
ran_009750,13849,random
ran_009751,6969,random
ran_009751,7853,random
ran_009751,19292,random
ran_009752,7019,random
ran_009752,24559,random
ran_009753,7045,random
ran_009753,10562,random
ran_009754,3803,random
ran_009754,7047,random
ran_009755,822,random
ran_009755,7060,random
ran_009755,19410,random
ran_009756,7077,random
ran_009756,18414,random
ran_009757,4586,random
ran_009757,7089,random
ran_009758,3345,random
ran_009758,7110,random
ran_009759,1443,random
ran_009759,7110,random
ran_009760,1443,random
ran_009760,7122,random
ran_009761,5629,random
ran_009761,7122,random
ran_009762,4566,random
ran_009762,7123,random
ran_009763,2270,random
ran_009763,7131,random
ran_009764,7137,random
ran_009764,16784,random
ran_009765,7140,random
ran_009765,17125,random
ran_009766,3374,random
ran_009766,7154,random
ran_009767,4252,random
ran_009767,7200,random
ran_009768,7200,random
ran_009768,22771,random
ran_009769,1375,random
ran_009769,7200,random
ran_009770,6062,random
ran_009770,7200,random
ran_009771,992,random
ran_009771,7208,random
ran_009772,7214,random
ran_009772,27438,random
ran_009773,2621,random
ran_009773,6458,random
ran_009773,7230,random
ran_009773,7816,random
ran_009774,7248,random
ran_009774,20617,random
ran_009775,5163,random
ran_009775,7252,random
ran_009776,6724,random
ran_009776,7276,random
ran_009777,7296,random
ran_009777,12722,random
ran_009778,1670,random
ran_009778,7302,random
ran_009779,7302,random
ran_009779,13112,random
ran_009780,7312,random
ran_009780,19372,random
ran_009781,3022,random
ran_009781,7312,random
ran_009782,7326,random
ran_009782,7989,random
ran_009783,7326,random
ran_009783,14309,random
ran_009784,7326,random
ran_009784,8293,random
ran_009785,7332,random
ran_009785,8411,random
ran_009786,3355,random
ran_009786,7332,random
ran_009786,9363,random
ran_009787,7340,random
ran_009787,10703,random
ran_009788,1760,random
ran_009788,7352,random
ran_009789,7367,random
ran_009789,25799,random
ran_009790,7376,random
ran_009790,14372,random
ran_009791,7384,random
ran_009791,13535,random
ran_009792,7384,random
ran_009792,13223,random
ran_009793,7384,random
ran_009793,20366,random
ran_009794,7396,random
ran_009794,17697,random
ran_009795,7405,random
ran_009795,11281,random
ran_009796,7405,random
ran_009796,25698,random
ran_009797,7447,random
ran_009797,28338,random
ran_009798,7459,random
ran_009798,16778,random
ran_009799,7459,random
ran_009799,16421,random
ran_009800,7461,random
ran_009800,15226,random
ran_009801,6575,random
ran_009801,7473,random
ran_009802,7488,random
ran_009802,26201,random
ran_009803,7020,random
ran_009803,7535,random
ran_009804,5888,random
ran_009804,7539,random
ran_009805,7220,random
ran_009805,7543,random
ran_009806,7549,random
ran_009806,22436,random
ran_009807,5402,random
ran_009807,7555,random
ran_009808,4296,random
ran_009808,7563,random
ran_009809,7600,random
ran_009809,29077,random
ran_009810,7605,random
ran_009810,11178,random
ran_009811,7610,random
ran_009811,15643,random
ran_009812,7660,random
ran_009812,24777,random
ran_009813,7668,random
ran_009813,17384,random
ran_009814,7679,random
ran_009814,13177,random
ran_009815,7248,random
ran_009815,7696,random
ran_009816,7722,random
ran_009816,20262,random
ran_009817,2709,random
ran_009817,7722,random
ran_009817,11716,random
ran_009818,7722,random
ran_009818,29341,random
ran_009819,7722,random
ran_009819,9501,random
ran_009820,7722,random
ran_009820,24742,random
ran_009821,4199,random
ran_009821,7739,random
ran_009821,10649,random
ran_009821,13304,random
ran_009822,7766,random
ran_009822,11430,random
ran_009823,7766,random
ran_009823,18658,random
ran_009824,7766,random
ran_009824,25727,random
ran_009825,220,random
ran_009825,7771,random
ran_009826,3503,random
ran_009826,7790,random
ran_009827,3557,random
ran_009827,7838,random
ran_009828,7110,random
ran_009828,7838,random
ran_009828,31028,random
ran_009829,4114,random
ran_009829,7917,random
ran_009830,395,random
ran_009830,7933,random
ran_009831,5283,random
ran_009831,7951,random
ran_009832,7957,random
ran_009832,18517,random
ran_009833,8002,random
ran_009833,13193,random
ran_009834,8084,random
ran_009834,8343,random
ran_009834,24564,random
ran_009835,8088,random
ran_009835,14809,random
ran_009836,8088,random
ran_009836,19674,random
ran_009837,8088,random
ran_009837,19770,random
ran_009838,8088,random
ran_009838,13659,random
ran_009838,23212,random
ran_009839,5295,random
ran_009839,8142,random
ran_009839,20984,random
ran_009840,5048,random
ran_009840,8147,random
ran_009841,8149,random
ran_009841,18007,random
ran_009842,8149,random
ran_009842,12762,random
ran_009843,8149,random
ran_009843,10727,random
ran_009844,2522,random
ran_009844,8149,random
ran_009845,4133,random
ran_009845,8149,random
ran_009846,5360,random
ran_009846,8166,random
ran_009846,10586,random
ran_009847,8166,random
ran_009847,15481,random
ran_009847,16778,random
ran_009848,7673,random
ran_009848,8178,random
ran_009849,8178,random
ran_009849,22287,random
ran_009850,1634,random
ran_009850,8191,random
ran_009851,4816,random
ran_009851,8191,random
ran_009852,8191,random
ran_009852,16807,random
ran_009853,8158,random
ran_009853,8191,random
ran_009854,8191,random
ran_009854,31162,random
ran_009855,8191,random
ran_009855,27023,random
ran_009856,8192,random
ran_009856,16468,random
ran_009857,8192,random
ran_009857,26011,random
ran_009858,3322,random
ran_009858,8193,random
ran_009859,8220,random
ran_009859,23490,random
ran_009860,8244,random
ran_009860,17231,random
ran_009861,8257,random
ran_009861,16651,random
ran_009861,27577,random
ran_009862,8292,random
ran_009862,11654,random
ran_009862,15847,random
ran_009863,8312,random
ran_009863,9084,random
ran_009864,8316,random
ran_009864,9350,random
ran_009865,8335,random
ran_009865,17994,random
ran_009865,21368,random
ran_009866,8350,random
ran_009866,24564,random
ran_009867,1060,random
ran_009867,8350,random
ran_009868,8365,random
ran_009868,22288,random
ran_009869,8488,random
ran_009869,22921,random
ran_009870,8502,random
ran_009870,15539,random
ran_009871,2709,random
ran_009871,8537,random
ran_009872,8537,random
ran_009872,19134,random
ran_009873,8537,random
ran_009873,20646,random
ran_009874,8537,random
ran_009874,14397,random
ran_009875,8537,random
ran_009875,20833,random
ran_009876,8562,random
ran_009876,27236,random
ran_009877,6570,random
ran_009877,8566,random
ran_009878,8574,random
ran_009878,14247,random
ran_009879,8590,random
ran_009879,10860,random
ran_009880,8590,random
ran_009880,13374,random
ran_009881,8593,random
ran_009881,16444,random
ran_009882,8593,random
ran_009882,25320,random
ran_009883,8593,random
ran_009883,22399,random
ran_009884,8593,random
ran_009884,9530,random
ran_009885,8594,random
ran_009885,27929,random
ran_009886,8595,random
ran_009886,12654,random
ran_009887,2800,random
ran_009887,8606,random
ran_009888,5892,random
ran_009888,8612,random
ran_009889,5395,random
ran_009889,8612,random
ran_009889,26984,random
ran_009890,1660,random
ran_009890,8615,random
ran_009891,5551,random
ran_009891,8616,random
ran_009892,8624,random
ran_009892,22313,random
ran_009893,8626,random
ran_009893,30582,random
ran_009894,3375,random
ran_009894,8644,random
ran_009895,1872,random
ran_009895,8670,random
ran_009896,6214,random
ran_009896,8705,random
ran_009897,8758,random
ran_009897,16596,random
ran_009898,8764,random
ran_009898,11672,random
ran_009899,6182,random
ran_009899,8837,random
ran_009900,6262,random
ran_009900,8840,random
ran_009901,8682,random
ran_009901,8862,random
ran_009902,807,random
ran_009902,8875,random
ran_009903,8900,random
ran_009903,14942,random
ran_009904,5310,random
ran_009904,8946,random
ran_009905,8948,random
ran_009905,25875,random
ran_009905,31157,random
ran_009906,8756,random
ran_009906,8962,random
ran_009907,9033,random
ran_009907,18194,random
ran_009907,18977,random
ran_009908,4943,random
ran_009908,9037,random
ran_009909,9037,random
ran_009909,17930,random
ran_009910,449,random
ran_009910,4371,random
ran_009910,9037,random
ran_009910,17203,random
ran_009911,9037,random
ran_009911,21222,random
ran_009912,9037,random
ran_009912,23719,random
ran_009913,3592,random
ran_009913,9037,random
ran_009914,9060,random
ran_009914,11989,random
ran_009914,30168,random
ran_009915,5478,random
ran_009915,9063,random
ran_009916,9066,random
ran_009916,24732,random
ran_009917,1979,random
ran_009917,9066,random
ran_009918,297,random
ran_009918,9066,random
ran_009918,13097,random
ran_009919,197,random
ran_009919,9074,random
ran_009919,15515,random
ran_009920,40,random
ran_009920,143,random
ran_009920,9075,random
ran_009921,5536,random
ran_009921,9117,random
ran_009921,9295,random
ran_009922,993,random
ran_009922,9146,random
ran_009923,9152,random
ran_009923,10412,random
ran_009924,949,random
ran_009924,9184,random
ran_009924,14076,random
ran_009924,17288,random
ran_009925,9223,random
ran_009925,26031,random
ran_009926,4599,random
ran_009926,9223,random
ran_009926,14850,random
ran_009927,9233,random
ran_009927,13034,random
ran_009928,2560,random
ran_009928,9253,random
ran_009929,136,random
ran_009929,9258,random
ran_009930,9273,random
ran_009930,10341,random
ran_009931,776,random
ran_009931,9278,random
ran_009932,8122,random
ran_009932,9288,random
ran_009933,1371,random
ran_009933,9304,random
ran_009934,35,random
ran_009934,9312,random
ran_009935,649,random
ran_009935,4248,random
ran_009935,8868,random
ran_009935,9312,random
ran_009935,11672,random
ran_009936,8573,random
ran_009936,9323,random
ran_009937,6953,random
ran_009937,9331,random
ran_009938,2162,random
ran_009938,9331,random
ran_009938,20401,random
ran_009939,3238,random
ran_009939,9348,random
ran_009939,23971,random
ran_009940,4958,random
ran_009940,9348,random
ran_009940,15924,random
ran_009940,22758,random
ran_009941,9348,random
ran_009941,14361,random
ran_009942,9358,random
ran_009942,19185,random
ran_009943,9363,random
ran_009943,30230,random
ran_009944,380,random
ran_009944,568,random
ran_009944,9385,random
ran_009945,1394,random
ran_009945,9389,random
ran_009946,9398,random
ran_009946,23684,random
ran_009947,9398,random
ran_009947,26186,random
ran_009948,6607,random
ran_009948,9398,random
ran_009949,9398,random
ran_009949,10709,random
ran_009950,9398,random
ran_009950,26517,random
ran_009951,9417,random
ran_009951,13578,random
ran_009952,9427,random
ran_009952,9454,random
ran_009953,9480,random
ran_009953,20315,random
ran_009954,5217,random
ran_009954,9489,random
ran_009955,1145,random
ran_009955,9496,random
ran_009956,1116,random
ran_009956,1125,random
ran_009956,9496,random
ran_009956,16418,random
ran_009957,9496,random
ran_009957,11224,random
ran_009957,18008,random
ran_009958,9497,random
ran_009958,21742,random
ran_009959,9500,random
ran_009959,12623,random
ran_009960,9501,random
ran_009960,22112,random
ran_009961,9501,random
ran_009961,18659,random
ran_009962,9528,random
ran_009962,10774,random
ran_009963,9528,random
ran_009963,22094,random
ran_009964,9573,random
ran_009964,29368,random
ran_009965,9575,random
ran_009965,10940,random
ran_009966,9578,random
ran_009966,27347,random
ran_009967,9620,random
ran_009967,17125,random
ran_009967,28183,random
ran_009968,683,random
ran_009968,9621,random
ran_009969,9653,random
ran_009969,13027,random
ran_009970,4844,random
ran_009970,9687,random
ran_009970,13144,random
ran_009971,9687,random
ran_009971,24471,random
ran_009972,9687,random
ran_009972,29683,random
ran_009973,1986,random
ran_009973,9693,random
ran_009974,6763,random
ran_009974,9704,random
ran_009975,1874,random
ran_009975,9763,random
ran_009975,13048,random
ran_009976,8279,random
ran_009976,9763,random
ran_009977,9763,random
ran_009977,20356,random
ran_009978,9763,random
ran_009978,25579,random
ran_009979,9779,random
ran_009979,25188,random
ran_009980,9790,random
ran_009980,10123,random
ran_009981,3951,random
ran_009981,9811,random
ran_009982,9133,random
ran_009982,9812,random
ran_009983,9812,random
ran_009983,26914,random
ran_009984,768,random
ran_009984,9815,random
ran_009985,1385,random
ran_009985,9854,random
ran_009986,9856,random
ran_009986,19749,random
ran_009987,9856,random
ran_009987,22269,random
ran_009988,9856,random
ran_009988,13402,random
ran_009989,5305,random
ran_009989,9872,random
ran_009989,15866,random
ran_009990,6505,random
ran_009990,9887,random
ran_009991,5098,random
ran_009991,5103,random
ran_009991,9887,random
ran_009992,8517,random
ran_009992,9887,random
ran_009992,20242,random
ran_009993,5570,random
ran_009993,9895,random
ran_009994,9897,random
ran_009994,23952,random
ran_009995,9897,random
ran_009995,28415,random
ran_009996,5729,random
ran_009996,9901,random
ran_009997,9901,random
ran_009997,21433,random
ran_009998,6177,random
ran_009998,9901,random
ran_009999,9916,random
ran_009999,13607,random
ran_010000,9916,random
ran_010000,19024,random
ran_010001,7933,random
ran_010001,9926,random
ran_010002,5754,random
ran_010002,9940,random
ran_010003,9940,random
ran_010003,24005,random
ran_010004,9972,random
ran_010004,20034,random
ran_010005,9981,random
ran_010005,11940,random
ran_010006,9985,random
ran_010006,18744,random
ran_010007,10019,random
ran_010007,12616,random
ran_010008,10019,random
ran_010008,13342,random
ran_010008,24748,random
ran_010009,10030,random
ran_010009,13448,random
ran_010010,92,random
ran_010010,10061,random
ran_010011,10069,random
ran_010011,11498,random
ran_010011,13448,random
ran_010012,2012,random
ran_010012,10132,random
ran_010012,12357,random
ran_010013,10133,random
ran_010013,22649,random
ran_010014,2776,random
ran_010014,10149,random
ran_010015,10157,random
ran_010015,12589,random
ran_010016,10162,random
ran_010016,12000,random
ran_010017,3920,random
ran_010017,10162,random
ran_010018,10171,random
ran_010018,11468,random
ran_010019,10171,random
ran_010019,13955,random
ran_010020,10171,random
ran_010020,22473,random
ran_010021,10171,random
ran_010021,26152,random
ran_010022,312,random
ran_010022,10171,random
ran_010023,435,random
ran_010023,10171,random
ran_010024,4831,random
ran_010024,6888,random
ran_010024,9351,random
ran_010024,10171,random
ran_010024,20923,random
ran_010025,1922,random
ran_010025,10184,random
ran_010026,10185,random
ran_010026,17653,random
ran_010027,10214,random
ran_010027,14361,random
ran_010028,904,random
ran_010028,10222,random
ran_010029,10224,random
ran_010029,19342,random
ran_010030,10238,random
ran_010030,15469,random
ran_010031,7983,random
ran_010031,10238,random
ran_010032,4345,random
ran_010032,10240,random
ran_010033,10245,random
ran_010033,12322,random
ran_010034,2311,random
ran_010034,10283,random
ran_010035,10283,random
ran_010035,14370,random
ran_010036,9024,random
ran_010036,10312,random
ran_010037,10275,random
ran_010037,10313,random
ran_010038,2052,random
ran_010038,10347,random
ran_010039,1393,random
ran_010039,10355,random
ran_010040,89,random
ran_010040,10356,random
ran_010041,3848,random
ran_010041,7437,random
ran_010041,10356,random
ran_010042,2442,random
ran_010042,10356,random
ran_010043,1768,random
ran_010043,10362,random
ran_010044,197,random
ran_010044,10362,random
ran_010044,23824,random
ran_010045,3267,random
ran_010045,10412,random
ran_010046,10412,random
ran_010046,11999,random
ran_010047,7447,random
ran_010047,10412,random
ran_010047,11811,random
ran_010048,10418,random
ran_010048,11671,random
ran_010049,4268,random
ran_010049,10434,random
ran_010050,10448,random
ran_010050,11418,random
ran_010051,2184,random
ran_010051,10456,random
ran_010052,10477,random
ran_010052,13289,random
ran_010053,7771,random
ran_010053,10477,random
ran_010054,10490,random
ran_010054,19448,random
ran_010055,675,random
ran_010055,10494,random
ran_010056,10494,random
ran_010056,20540,random
ran_010057,5450,random
ran_010057,10528,random
ran_010058,9258,random
ran_010058,10536,random
ran_010059,8990,random
ran_010059,10538,random
ran_010060,5782,random
ran_010060,10561,random
ran_010061,5697,random
ran_010061,10561,random
ran_010061,23862,random
ran_010062,1960,random
ran_010062,10562,random
ran_010063,8822,random
ran_010063,10570,random
ran_010064,6029,random
ran_010064,10586,random
ran_010065,6385,random
ran_010065,10594,random
ran_010066,398,random
ran_010066,10614,random
ran_010067,1022,random
ran_010067,10622,random
ran_010068,1511,random
ran_010068,10642,random
ran_010069,10662,random
ran_010069,14122,random
ran_010069,24818,random
ran_010069,30646,random
ran_010070,10688,random
ran_010070,16648,random
ran_010071,10695,random
ran_010071,13988,random
ran_010071,20505,random
ran_010072,3905,random
ran_010072,10695,random
ran_010073,10774,random
ran_010073,15144,random
ran_010074,7561,random
ran_010074,10811,random
ran_010075,10811,random
ran_010075,23398,random
ran_010076,462,random
ran_010076,10835,random
ran_010077,3947,random
ran_010077,10864,random
ran_010078,3329,random
ran_010078,10869,random
ran_010079,6995,random
ran_010079,10869,random
ran_010080,10869,random
ran_010080,21368,random
ran_010081,10880,random
ran_010081,27107,random
ran_010082,2490,random
ran_010082,10888,random
ran_010083,10892,random
ran_010083,24870,random
ran_010084,9501,random
ran_010084,10892,random
ran_010085,10918,random
ran_010085,14963,random
ran_010086,8752,random
ran_010086,10922,random
ran_010087,10938,random
ran_010087,22087,random
ran_010088,10940,random
ran_010088,13295,random
ran_010089,8990,random
ran_010089,10999,random
ran_010090,11041,random
ran_010090,11444,random
ran_010091,11064,random
ran_010091,16382,random
ran_010092,3624,random
ran_010092,11094,random
ran_010093,3798,random
ran_010093,11103,random
ran_010094,5171,random
ran_010094,6530,random
ran_010094,11139,random
ran_010095,8252,random
ran_010095,11150,random
ran_010096,2085,random
ran_010096,11161,random
ran_010097,9252,random
ran_010097,11174,random
ran_010098,9938,random
ran_010098,11181,random
ran_010099,11217,random
ran_010099,29696,random
ran_010100,11222,random
ran_010100,14297,random
ran_010101,8464,random
ran_010101,11234,random
ran_010102,2544,random
ran_010102,8464,random
ran_010102,11234,random
ran_010103,11250,random
ran_010103,13082,random
ran_010104,578,random
ran_010104,11250,random
ran_010104,16124,random
ran_010105,11256,random
ran_010105,18183,random
ran_010106,2851,random
ran_010106,4645,random
ran_010106,11272,random
ran_010107,7446,random
ran_010107,11315,random
ran_010108,10173,random
ran_010108,11326,random
ran_010109,1993,random
ran_010109,11336,random
ran_010110,11361,random
ran_010110,23584,random
ran_010111,4295,random
ran_010111,11378,random
ran_010112,8501,random
ran_010112,11385,random
ran_010113,9331,random
ran_010113,11408,random
ran_010114,5683,random
ran_010114,11424,random
ran_010115,3409,random
ran_010115,11428,random
ran_010116,11435,random
ran_010116,20657,random
ran_010116,25596,random
ran_010117,11441,random
ran_010117,17865,random
ran_010118,11450,random
ran_010118,18943,random
ran_010119,2976,random
ran_010119,11451,random
ran_010120,2901,random
ran_010120,11455,random
ran_010120,22644,random
ran_010121,11499,random
ran_010121,21048,random
ran_010122,5687,random
ran_010122,11550,random
ran_010123,11599,random
ran_010123,12125,random
ran_010124,11604,random
ran_010124,21368,random
ran_010125,10030,random
ran_010125,11644,random
ran_010126,11644,random
ran_010126,15101,random
ran_010127,7838,random
ran_010127,11644,random
ran_010128,11644,random
ran_010128,24847,random
ran_010129,11644,random
ran_010129,18711,random
ran_010130,11654,random
ran_010130,18752,random
ran_010131,2503,random
ran_010131,11654,random
ran_010131,21556,random
ran_010132,9501,random
ran_010132,11654,random
ran_010133,11671,random
ran_010133,23482,random
ran_010134,1415,random
ran_010134,11684,random
ran_010135,11705,random
ran_010135,18275,random
ran_010136,1256,random
ran_010136,11725,random
ran_010137,9030,random
ran_010137,11739,random
ran_010138,2240,random
ran_010138,11739,random
ran_010139,6000,random
ran_010139,11741,random
ran_010140,4444,random
ran_010140,5172,random
ran_010140,11741,random
ran_010140,21815,random
ran_010141,7584,random
ran_010141,11748,random
ran_010142,10106,random
ran_010142,11749,random
ran_010142,28208,random
ran_010143,11749,random
ran_010143,11792,random
ran_010144,11331,random
ran_010144,11793,random
ran_010145,3535,random
ran_010145,11827,random
ran_010146,842,random
ran_010146,11836,random
ran_010147,11836,random
ran_010147,16972,random
ran_010148,10625,random
ran_010148,11836,random
ran_010149,11847,random
ran_010149,15152,random
ran_010150,6379,random
ran_010150,11847,random
ran_010151,8203,random
ran_010151,11864,random
ran_010152,11864,random
ran_010152,18744,random
ran_010153,5105,random
ran_010153,11879,random
ran_010154,8995,random
ran_010154,11879,random
ran_010155,11879,random
ran_010155,28731,random
ran_010156,11882,random
ran_010156,18609,random
ran_010157,311,random
ran_010157,11883,random
ran_010158,11884,random
ran_010158,21004,random
ran_010159,2379,random
ran_010159,11884,random
ran_010160,1721,random
ran_010160,11917,random
ran_010161,11917,random
ran_010161,29116,random
ran_010162,7430,random
ran_010162,11917,random
ran_010163,1856,random
ran_010163,11949,random
ran_010164,10145,random
ran_010164,11949,random
ran_010164,14963,random
ran_010165,11949,random
ran_010165,20630,random
ran_010165,21902,random
ran_010166,11949,random
ran_010166,14850,random
ran_010167,11949,random
ran_010167,25941,random
ran_010168,11949,random
ran_010168,26673,random
ran_010169,11985,random
ran_010169,17469,random
ran_010170,11987,random
ran_010170,27301,random
ran_010171,11987,random
ran_010171,13432,random
ran_010172,11987,random
ran_010172,13055,random
ran_010172,30895,random
ran_010173,12000,random
ran_010173,19494,random
ran_010174,5950,random
ran_010174,12010,random
ran_010175,12020,random
ran_010175,19358,random
ran_010176,12037,random
ran_010176,16382,random
ran_010177,12050,random
ran_010177,18457,random
ran_010178,12074,random
ran_010178,12433,random
ran_010178,17085,random
ran_010179,6111,random
ran_010179,12080,random
ran_010180,8867,random
ran_010180,12084,random
ran_010181,4548,random
ran_010181,12101,random
ran_010182,12109,random
ran_010182,20677,random
ran_010183,12153,random
ran_010183,18457,random
ran_010184,8566,random
ran_010184,12155,random
ran_010185,12166,random
ran_010185,18683,random
ran_010186,12172,random
ran_010186,17563,random
ran_010187,8120,random
ran_010187,12172,random
ran_010188,4147,random
ran_010188,12188,random
ran_010189,1222,random
ran_010189,12196,random
ran_010190,1393,random
ran_010190,12246,random
ran_010190,27859,random
ran_010191,353,random
ran_010191,12250,random
ran_010192,3498,random
ran_010192,12257,random
ran_010193,3313,random
ran_010193,12277,random
ran_010194,11126,random
ran_010194,12281,random
ran_010195,1261,random
ran_010195,12281,random
ran_010196,5708,random
ran_010196,12310,random
ran_010197,7722,random
ran_010197,12317,random
ran_010198,4371,random
ran_010198,12336,random
ran_010199,9487,random
ran_010199,12346,random
ran_010200,4400,random
ran_010200,12393,random
ran_010201,2380,random
ran_010201,12393,random
ran_010202,8705,random
ran_010202,12412,random
ran_010203,3731,random
ran_010203,12433,random
ran_010204,12447,random
ran_010204,26462,random
ran_010205,2775,random
ran_010205,12490,random
ran_010206,10103,random
ran_010206,12554,random
ran_010207,12554,random
ran_010207,21054,random
ran_010208,12566,random
ran_010208,18736,random
ran_010209,6799,random
ran_010209,11163,random
ran_010209,12566,random
ran_010209,18472,random
ran_010210,1410,random
ran_010210,12569,random
ran_010211,12569,random
ran_010211,15401,random
ran_010212,5951,random
ran_010212,12574,random
ran_010213,2798,random
ran_010213,12582,random
ran_010214,6612,random
ran_010214,12629,random
ran_010215,12651,random
ran_010215,22902,random
ran_010216,12651,random
ran_010216,20423,random
ran_010217,12654,random
ran_010217,16432,random
ran_010218,12676,random
ran_010218,19507,random
ran_010219,1305,random
ran_010219,12677,random
ran_010220,1371,random
ran_010220,12690,random
ran_010221,12716,random
ran_010221,23170,random
ran_010222,12716,random
ran_010222,23021,random
ran_010223,12722,random
ran_010223,13878,random
ran_010224,12766,random
ran_010224,20009,random
ran_010225,12790,random
ran_010225,29442,random
ran_010226,12790,random
ran_010226,20877,random
ran_010227,6855,random
ran_010227,12798,random
ran_010228,2290,random
ran_010228,12798,random
ran_010229,1049,random
ran_010229,2019,random
ran_010229,12832,random
ran_010230,6079,random
ran_010230,9142,random
ran_010230,12835,random
ran_010231,2880,random
ran_010231,12841,random
ran_010232,12244,random
ran_010232,12841,random
ran_010233,12852,random
ran_010233,16328,random
ran_010234,0,random
ran_010234,12857,random
ran_010235,12953,random
ran_010235,29905,random
ran_010236,12979,random
ran_010236,19539,random
ran_010237,3224,random
ran_010237,13012,random
ran_010238,11231,random
ran_010238,13025,random
ran_010239,1529,random
ran_010239,12120,random
ran_010239,13034,random
ran_010240,499,random
ran_010240,13046,random
ran_010241,13061,random
ran_010241,29673,random
ran_010242,2495,random
ran_010242,13063,random
ran_010243,3254,random
ran_010243,13112,random
ran_010244,13120,random
ran_010244,29906,random
ran_010245,13132,random
ran_010245,31084,random
ran_010246,1038,random
ran_010246,6898,random
ran_010246,13155,random
ran_010247,13176,random
ran_010247,19696,random
ran_010248,8293,random
ran_010248,13176,random
ran_010249,13176,random
ran_010249,25754,random
ran_010250,13176,random
ran_010250,21590,random
ran_010250,26960,random
ran_010251,13212,random
ran_010251,25247,random
ran_010252,1672,random
ran_010252,13239,random
ran_010253,13255,random
ran_010253,13642,random
ran_010254,13291,random
ran_010254,29227,random
ran_010255,13324,random
ran_010255,20617,random
ran_010256,8320,random
ran_010256,13326,random
ran_010256,13383,random
ran_010257,7726,random
ran_010257,13343,random
ran_010258,13376,random
ran_010258,13580,random
ran_010259,8673,random
ran_010259,9990,random
ran_010259,13376,random
ran_010260,7076,random
ran_010260,13386,random
ran_010261,13400,random
ran_010261,14130,random
ran_010262,2794,random
ran_010262,13402,random
ran_010263,13436,random
ran_010263,24756,random
ran_010264,13543,random
ran_010264,14580,random
ran_010265,4121,random
ran_010265,13576,random
ran_010265,22247,random
ran_010266,4244,random
ran_010266,13576,random
ran_010267,13576,random
ran_010267,15458,random
ran_010268,1608,random
ran_010268,13580,random
ran_010269,13580,random
ran_010269,20218,random
ran_010270,1169,random
ran_010270,13628,random
ran_010271,13640,random
ran_010271,30949,random
ran_010272,8517,random
ran_010272,13640,random
ran_010273,1711,random
ran_010273,13640,random
ran_010274,5548,random
ran_010274,13664,random
ran_010275,994,random
ran_010275,13685,random
ran_010276,10642,random
ran_010276,13685,random
ran_010277,13809,random
ran_010277,25513,random
ran_010278,12277,random
ran_010278,13813,random
ran_010279,13820,random
ran_010279,18475,random
ran_010280,13919,random
ran_010280,19319,random
ran_010281,364,random
ran_010281,13955,random
ran_010282,11242,random
ran_010282,13960,random
ran_010283,13999,random
ran_010283,27372,random
ran_010284,3969,random
ran_010284,6855,random
ran_010284,14002,random
ran_010285,14002,random
ran_010285,21470,random
ran_010286,7471,random
ran_010286,14063,random
ran_010287,5143,random
ran_010287,14127,random
ran_010288,14174,random
ran_010288,16770,random
ran_010289,1358,random
ran_010289,14209,random
ran_010290,4828,random
ran_010290,14235,random
ran_010291,7425,random
ran_010291,14261,random
ran_010292,14270,random
ran_010292,26961,random
ran_010293,2020,random
ran_010293,14314,random
ran_010294,4290,random
ran_010294,9051,random
ran_010294,14314,random
ran_010295,14328,random
ran_010295,21774,random
ran_010296,7364,random
ran_010296,14390,random
ran_010297,7166,random
ran_010297,14393,random
ran_010298,13902,random
ran_010298,14430,random
ran_010299,14430,random
ran_010299,30017,random
ran_010300,9591,random
ran_010300,14430,random
ran_010300,19433,random
ran_010300,24912,random
ran_010300,31100,random
ran_010301,9363,random
ran_010301,14434,random
ran_010301,18628,random
ran_010302,14446,random
ran_010302,18805,random
ran_010303,12569,random
ran_010303,14458,random
ran_010304,329,random
ran_010304,14514,random
ran_010305,3117,random
ran_010305,14541,random
ran_010306,14546,random
ran_010306,14829,random
ran_010307,14607,random
ran_010307,23696,random
ran_010308,10888,random
ran_010308,14608,random
ran_010309,8181,random
ran_010309,14642,random
ran_010310,14009,random
ran_010310,14675,random
ran_010311,9653,random
ran_010311,14686,random
ran_010312,4048,random
ran_010312,9924,random
ran_010312,14692,random
ran_010313,14758,random
ran_010313,27027,random
ran_010314,4491,random
ran_010314,14766,random
ran_010314,29467,random
ran_010315,11792,random
ran_010315,14766,random
ran_010316,9097,random
ran_010316,14769,random
ran_010317,7162,random
ran_010317,14773,random
ran_010318,9440,random
ran_010318,14796,random
ran_010319,11585,random
ran_010319,14809,random
ran_010320,11949,random
ran_010320,14809,random
ran_010321,14809,random
ran_010321,27319,random
ran_010321,27803,random
ran_010322,14727,random
ran_010322,14813,random
ran_010323,9323,random
ran_010323,14813,random
ran_010324,6636,random
ran_010324,14828,random
ran_010325,11025,random
ran_010325,14874,random
ran_010326,14875,random
ran_010326,16471,random
ran_010327,2282,random
ran_010327,14875,random
ran_010328,787,random
ran_010328,14953,random
ran_010329,6830,random
ran_010329,14962,random
ran_010330,14963,random
ran_010330,23789,random
ran_010331,14977,random
ran_010331,17171,random
ran_010332,14991,random
ran_010332,23800,random
ran_010333,14991,random
ran_010333,20512,random
ran_010334,12439,random
ran_010334,15031,random
ran_010335,10793,random
ran_010335,15040,random
ran_010336,5089,random
ran_010336,15059,random
ran_010337,7915,random
ran_010337,15086,random
ran_010338,1798,random
ran_010338,15105,random
ran_010339,15174,random
ran_010339,23465,random
ran_010340,15196,random
ran_010340,29283,random
ran_010341,15199,random
ran_010341,21531,random
ran_010342,15199,random
ran_010342,19605,random
ran_010343,11749,random
ran_010343,15211,random
ran_010344,3186,random
ran_010344,15226,random
ran_010345,1592,random
ran_010345,13012,random
ran_010345,15226,random
ran_010346,7206,random
ran_010346,15238,random
ran_010347,15275,random
ran_010347,18418,random
ran_010348,15275,random
ran_010348,16670,random
ran_010349,12252,random
ran_010349,15275,random
ran_010350,3411,random
ran_010350,15327,random
ran_010351,1588,random
ran_010351,2147,random
ran_010351,15332,random
ran_010351,19100,random
ran_010352,15363,random
ran_010352,16332,random
ran_010353,10673,random
ran_010353,15376,random
ran_010354,9928,random
ran_010354,15376,random
ran_010355,15389,random
ran_010355,24708,random
ran_010356,1043,random
ran_010356,9756,random
ran_010356,15469,random
ran_010357,5111,random
ran_010357,15469,random
ran_010358,9664,random
ran_010358,15560,random
ran_010359,7248,random
ran_010359,15560,random
ran_010360,12393,random
ran_010360,15560,random
ran_010361,6499,random
ran_010361,15596,random
ran_010362,11696,random
ran_010362,15596,random
ran_010363,8944,random
ran_010363,15619,random
ran_010364,569,random
ran_010364,15643,random
ran_010365,10224,random
ran_010365,15666,random
ran_010366,8661,random
ran_010366,15676,random
ran_010366,15939,random
ran_010367,10501,random
ran_010367,15687,random
ran_010368,15596,random
ran_010368,15713,random
ran_010369,15713,random
ran_010369,20597,random
ran_010369,23728,random
ran_010370,15713,random
ran_010370,20601,random
ran_010371,15560,random
ran_010371,15713,random
ran_010372,4193,random
ran_010372,9831,random
ran_010372,15713,random
ran_010373,10836,random
ran_010373,14900,random
ran_010373,15713,random
ran_010374,1845,random
ran_010374,15713,random
ran_010375,15713,random
ran_010375,19401,random
ran_010376,14802,random
ran_010376,15718,random
ran_010377,6181,random
ran_010377,8888,random
ran_010377,15741,random
ran_010377,24962,random
ran_010378,15754,random
ran_010378,26140,random
ran_010379,15756,random
ran_010379,21263,random
ran_010380,15814,random
ran_010380,18745,random
ran_010381,15924,random
ran_010381,16228,random
ran_010382,1928,random
ran_010382,7410,random
ran_010382,15924,random
ran_010383,4559,random
ran_010383,6943,random
ran_010383,15925,random
ran_010384,442,random
ran_010384,15934,random
ran_010385,9479,random
ran_010385,15944,random
ran_010386,15588,random
ran_010386,15979,random
ran_010387,4833,random
ran_010387,15990,random
ran_010388,14962,random
ran_010388,16003,random
ran_010389,16017,random
ran_010389,19324,random
ran_010390,15647,random
ran_010390,16056,random
ran_010390,23038,random
ran_010391,1291,random
ran_010391,16102,random
ran_010392,5123,random
ran_010392,16102,random
ran_010393,16102,random
ran_010393,18651,random
ran_010394,1994,random
ran_010394,16102,random
ran_010394,28637,random
ran_010395,10880,random
ran_010395,16112,random
ran_010396,11757,random
ran_010396,14828,random
ran_010396,16153,random
ran_010397,6322,random
ran_010397,16161,random
ran_010397,16794,random
ran_010398,2497,random
ran_010398,2648,random
ran_010398,16178,random
ran_010399,2379,random
ran_010399,16178,random
ran_010400,1404,random
ran_010400,15215,random
ran_010400,16196,random
ran_010401,16206,random
ran_010401,19891,random
ran_010402,16233,random
ran_010402,24320,random
ran_010403,11954,random
ran_010403,16244,random
ran_010404,16244,random
ran_010404,22800,random
ran_010405,7610,random
ran_010405,16259,random
ran_010406,1010,random
ran_010406,16259,random
ran_010407,15258,random
ran_010407,16260,random
ran_010408,16262,random
ran_010408,24611,random
ran_010409,16271,random
ran_010409,21155,random
ran_010410,16275,random
ran_010410,22473,random
ran_010411,14711,random
ran_010411,16326,random
ran_010412,16340,random
ran_010412,20081,random
ran_010413,4196,random
ran_010413,16340,random
ran_010414,5090,random
ran_010414,6857,random
ran_010414,11810,random
ran_010414,16393,random
ran_010415,16418,random
ran_010415,16816,random
ran_010416,6111,random
ran_010416,16418,random
ran_010417,16432,random
ran_010417,25383,random
ran_010418,16467,random
ran_010418,22908,random
ran_010419,2735,random
ran_010419,16481,random
ran_010419,22584,random
ran_010420,10757,random
ran_010420,16481,random
ran_010421,5126,random
ran_010421,16510,random
ran_010422,1666,random
ran_010422,16600,random
ran_010423,16602,random
ran_010423,16683,random
ran_010424,9041,random
ran_010424,16602,random
ran_010425,5930,random
ran_010425,16617,random
ran_010426,5656,random
ran_010426,16618,random
ran_010427,4477,random
ran_010427,16625,random
ran_010428,182,random
ran_010428,16128,random
ran_010428,16628,random
ran_010429,10424,random
ran_010429,16638,random
ran_010430,10727,random
ran_010430,16643,random
ran_010431,3976,random
ran_010431,16647,random
ran_010432,7563,random
ran_010432,16670,random
ran_010433,16677,random
ran_010433,26831,random
ran_010434,3781,random
ran_010434,16677,random
ran_010435,5621,random
ran_010435,9497,random
ran_010435,16677,random
ran_010436,16677,random
ran_010436,23296,random
ran_010437,16687,random
ran_010437,28414,random
ran_010438,16693,random
ran_010438,25230,random
ran_010438,26786,random
ran_010439,3861,random
ran_010439,16734,random
ran_010440,7367,random
ran_010440,16775,random
ran_010441,16775,random
ran_010441,22423,random
ran_010442,530,random
ran_010442,16776,random
ran_010443,3637,random
ran_010443,16778,random
ran_010444,16807,random
ran_010444,31389,random
ran_010445,16807,random
ran_010445,27383,random
ran_010445,29041,random
ran_010446,16807,random
ran_010446,22215,random
ran_010447,12836,random
ran_010447,16817,random
ran_010448,3503,random
ran_010448,15484,random
ran_010448,16817,random
ran_010448,23386,random
ran_010448,30664,random
ran_010449,5089,random
ran_010449,16818,random
ran_010450,16818,random
ran_010450,19024,random
ran_010451,16818,random
ran_010451,23654,random
ran_010452,16818,random
ran_010452,28138,random
ran_010453,16835,random
ran_010453,17780,random
ran_010454,912,random
ran_010454,16889,random
ran_010455,16902,random
ran_010455,16974,random
ran_010456,16972,random
ran_010456,29959,random
ran_010457,16974,random
ran_010457,21416,random
ran_010458,16982,random
ran_010458,22423,random
ran_010459,3180,random
ran_010459,17014,random
ran_010460,2337,random
ran_010460,17023,random
ran_010461,1872,random
ran_010461,17039,random
ran_010462,11686,random
ran_010462,17053,random
ran_010462,28001,random
ran_010463,1261,random
ran_010463,2735,random
ran_010463,15932,random
ran_010463,17085,random
ran_010464,1024,random
ran_010464,17104,random
ran_010464,19852,random
ran_010465,9013,random
ran_010465,16325,random
ran_010465,17104,random
ran_010466,4430,random
ran_010466,17125,random
ran_010467,17125,random
ran_010467,18563,random
ran_010468,1602,random
ran_010468,17139,random
ran_010469,7836,random
ran_010469,17146,random
ran_010470,234,random
ran_010470,766,random
ran_010470,17162,random
ran_010470,22107,random
ran_010471,6855,random
ran_010471,17164,random
ran_010472,6717,random
ran_010472,15686,random
ran_010472,17193,random
ran_010473,17235,random
ran_010473,26036,random
ran_010474,1167,random
ran_010474,2931,random
ran_010474,17256,random
ran_010475,17256,random
ran_010475,26081,random
ran_010476,5502,random
ran_010476,17256,random
ran_010477,114,random
ran_010477,17262,random
ran_010478,217,random
ran_010478,17262,random
ran_010479,17272,random
ran_010479,21924,random
ran_010480,15924,random
ran_010480,17274,random
ran_010481,4305,random
ran_010481,7003,random
ran_010481,17276,random
ran_010482,4562,random
ran_010482,17277,random
ran_010482,17369,random
ran_010482,29440,random
ran_010483,9892,random
ran_010483,17307,random
ran_010484,15602,random
ran_010484,17350,random
ran_010485,7558,random
ran_010485,17383,random
ran_010486,15869,random
ran_010486,17395,random
ran_010487,10857,random
ran_010487,17398,random
ran_010488,6575,random
ran_010488,17412,random
ran_010489,5088,random
ran_010489,17443,random
ran_010490,13695,random
ran_010490,17452,random
ran_010491,11669,random
ran_010491,17487,random
ran_010492,6690,random
ran_010492,17504,random
ran_010493,17563,random
ran_010493,17643,random
ran_010494,5129,random
ran_010494,17563,random
ran_010495,1775,random
ran_010495,17565,random
ran_010496,17576,random
ran_010496,26581,random
ran_010497,2622,random
ran_010497,17584,random
ran_010498,891,random
ran_010498,17593,random
ran_010499,16889,random
ran_010499,17594,random
ran_010500,1758,random
ran_010500,17606,random
ran_010501,1368,random
ran_010501,17617,random
ran_010501,19167,random
ran_010502,3011,random
ran_010502,8312,random
ran_010502,17617,random
ran_010503,17623,random
ran_010503,20080,random
ran_010504,1804,random
ran_010504,17623,random
ran_010505,17624,random
ran_010505,24869,random
ran_010506,17637,random
ran_010506,19101,random
ran_010507,412,random
ran_010507,8857,random
ran_010507,17637,random
ran_010508,8999,random
ran_010508,17643,random
ran_010509,6017,random
ran_010509,6874,random
ran_010509,17647,random
ran_010510,6321,random
ran_010510,17676,random
ran_010511,10929,random
ran_010511,17683,random
ran_010512,10882,random
ran_010512,17728,random
ran_010513,13071,random
ran_010513,15523,random
ran_010513,17728,random
ran_010514,887,random
ran_010514,17738,random
ran_010515,8731,random
ran_010515,17757,random
ran_010515,24005,random
ran_010516,12505,random
ran_010516,17767,random
ran_010517,9153,random
ran_010517,17793,random
ran_010517,24047,random
ran_010518,13224,random
ran_010518,17845,random
ran_010519,4309,random
ran_010519,17850,random
ran_010520,9468,random
ran_010520,17883,random
ran_010521,17899,random
ran_010521,25356,random
ran_010522,17899,random
ran_010522,27727,random
ran_010523,2521,random
ran_010523,17906,random
ran_010524,6431,random
ran_010524,15209,random
ran_010524,17910,random
ran_010525,9638,random
ran_010525,17921,random
ran_010526,256,random
ran_010526,17940,random
ran_010527,6298,random
ran_010527,17987,random
ran_010528,32,random
ran_010528,17987,random
ran_010529,8644,random
ran_010529,17989,random
ran_010529,24477,random
ran_010530,17989,random
ran_010530,23296,random
ran_010531,10132,random
ran_010531,17990,random
ran_010532,6579,random
ran_010532,18007,random
ran_010533,9621,random
ran_010533,18007,random
ran_010534,3600,random
ran_010534,18030,random
ran_010535,18072,random
ran_010535,18216,random
ran_010536,4996,random
ran_010536,18089,random
ran_010537,13059,random
ran_010537,18134,random
ran_010538,6647,random
ran_010538,9272,random
ran_010538,14310,random
ran_010538,18141,random
ran_010538,23290,random
ran_010539,18233,random
ran_010539,25138,random
ran_010540,8334,random
ran_010540,18234,random
ran_010540,18372,random
ran_010541,8990,random
ran_010541,18274,random
ran_010542,18274,random
ran_010542,28343,random
ran_010543,865,random
ran_010543,7561,random
ran_010543,18358,random
ran_010544,423,random
ran_010544,18378,random
ran_010545,3083,random
ran_010545,18378,random
ran_010546,5621,random
ran_010546,18384,random
ran_010547,9470,random
ran_010547,18414,random
ran_010548,5781,random
ran_010548,18446,random
ran_010549,540,random
ran_010549,18463,random
ran_010550,18062,random
ran_010550,18527,random
ran_010551,18538,random
ran_010551,20990,random
ran_010552,2296,random
ran_010552,18553,random
ran_010553,3535,random
ran_010553,18581,random
ran_010554,18597,random
ran_010554,24064,random
ran_010555,18628,random
ran_010555,23993,random
ran_010556,14773,random
ran_010556,18683,random
ran_010557,10720,random
ran_010557,18695,random
ran_010558,18698,random
ran_010558,24133,random
ran_010559,3854,random
ran_010559,18698,random
ran_010560,2442,random
ran_010560,18707,random
ran_010561,17608,random
ran_010561,18785,random
ran_010562,10494,random
ran_010562,18786,random
ran_010563,5602,random
ran_010563,18798,random
ran_010564,18802,random
ran_010564,19516,random
ran_010565,13457,random
ran_010565,18856,random
ran_010566,7237,random
ran_010566,18861,random
ran_010567,14340,random
ran_010567,18875,random
ran_010568,14850,random
ran_010568,18891,random
ran_010569,1534,random
ran_010569,9845,random
ran_010569,18894,random
ran_010570,12901,random
ran_010570,18895,random
ran_010571,9929,random
ran_010571,18895,random
ran_010572,984,random
ran_010572,13434,random
ran_010572,18917,random
ran_010573,18943,random
ran_010573,31606,random
ran_010574,18958,random
ran_010574,20901,random
ran_010575,18963,random
ran_010575,20543,random
ran_010576,2564,random
ran_010576,18963,random
ran_010577,18986,random
ran_010577,19609,random
ran_010578,6390,random
ran_010578,7370,random
ran_010578,19014,random
ran_010579,860,random
ran_010579,19014,random
ran_010579,23812,random
ran_010580,8718,random
ran_010580,19021,random
ran_010581,2467,random
ran_010581,19072,random
ran_010582,10494,random
ran_010582,19080,random
ran_010583,10547,random
ran_010583,19080,random
ran_010584,11749,random
ran_010584,19080,random
ran_010584,30856,random
ran_010585,19115,random
ran_010585,23694,random
ran_010586,17478,random
ran_010586,19116,random
ran_010587,12922,random
ran_010587,19222,random
ran_010588,8764,random
ran_010588,19254,random
ran_010589,2141,random
ran_010589,19312,random
ran_010590,11886,random
ran_010590,19312,random
ran_010591,13003,random
ran_010591,19391,random
ran_010592,1159,random
ran_010592,19409,random
ran_010593,19409,random
ran_010593,21809,random
ran_010593,22698,random
ran_010594,4320,random
ran_010594,19409,random
ran_010595,2311,random
ran_010595,19409,random
ran_010596,7188,random
ran_010596,19417,random
ran_010597,15940,random
ran_010597,16938,random
ran_010597,19435,random
ran_010598,19435,random
ran_010598,30581,random
ran_010599,2431,random
ran_010599,19450,random
ran_010600,13256,random
ran_010600,19462,random
ran_010601,8682,random
ran_010601,19469,random
ran_010602,19479,random
ran_010602,27532,random
ran_010603,7696,random
ran_010603,19479,random
ran_010604,2767,random
ran_010604,19479,random
ran_010605,19488,random
ran_010605,22531,random
ran_010606,1197,random
ran_010606,19488,random
ran_010607,5683,random
ran_010607,19488,random
ran_010608,14003,random
ran_010608,19494,random
ran_010609,19507,random
ran_010609,21824,random
ran_010610,1915,random
ran_010610,19516,random
ran_010611,19516,random
ran_010611,23720,random
ran_010612,19516,random
ran_010612,24206,random
ran_010613,9804,random
ran_010613,19516,random
ran_010614,1391,random
ran_010614,2467,random
ran_010614,4195,random
ran_010614,12863,random
ran_010614,19517,random
ran_010615,15596,random
ran_010615,19517,random
ran_010616,3610,random
ran_010616,19517,random
ran_010617,145,random
ran_010617,19539,random
ran_010618,4754,random
ran_010618,14309,random
ran_010618,15515,random
ran_010618,19539,random
ran_010619,1856,random
ran_010619,19545,random
ran_010620,2402,random
ran_010620,19603,random
ran_010621,19605,random
ran_010621,24907,random
ran_010622,5570,random
ran_010622,19605,random
ran_010623,14967,random
ran_010623,19618,random
ran_010624,6385,random
ran_010624,19641,random
ran_010625,4693,random
ran_010625,19655,random
ran_010626,14344,random
ran_010626,19668,random
ran_010627,2134,random
ran_010627,19225,random
ran_010627,19696,random
ran_010628,18966,random
ran_010628,19760,random
ran_010629,19763,random
ran_010629,20529,random
ran_010630,3190,random
ran_010630,19768,random
ran_010631,3453,random
ran_010631,19779,random
ran_010632,7581,random
ran_010632,19779,random
ran_010633,14446,random
ran_010633,19779,random
ran_010634,12172,random
ran_010634,19782,random
ran_010635,7162,random
ran_010635,19804,random
ran_010636,17260,random
ran_010636,19813,random
ran_010637,17621,random
ran_010637,19813,random
ran_010637,23723,random
ran_010638,7663,random
ran_010638,19813,random
ran_010639,19813,random
ran_010639,23649,random
ran_010640,7302,random
ran_010640,19813,random
ran_010641,9133,random
ran_010641,19861,random
ran_010642,3954,random
ran_010642,19887,random
ran_010643,2616,random
ran_010643,19905,random
ran_010644,10303,random
ran_010644,19910,random
ran_010645,12172,random
ran_010645,19915,random
ran_010646,4949,random
ran_010646,19919,random
ran_010646,30468,random
ran_010647,5731,random
ran_010647,19919,random
ran_010648,19919,random
ran_010648,22108,random
ran_010649,19919,random
ran_010649,23245,random
ran_010650,10461,random
ran_010650,19919,random
ran_010650,25395,random
ran_010650,29629,random
ran_010651,19875,random
ran_010651,19930,random
ran_010652,3376,random
ran_010652,19973,random
ran_010653,4422,random
ran_010653,19973,random
ran_010654,20019,random
ran_010654,29905,random
ran_010655,8012,random
ran_010655,20019,random
ran_010656,514,random
ran_010656,20020,random
ran_010657,1256,random
ran_010657,20035,random
ran_010658,20036,random
ran_010658,23720,random
ran_010659,17593,random
ran_010659,20044,random
ran_010659,27970,random
ran_010660,1754,random
ran_010660,20044,random
ran_010661,8867,random
ran_010661,20058,random
ran_010661,20517,random
ran_010662,8491,random
ran_010662,20067,random
ran_010663,11780,random
ran_010663,20080,random
ran_010664,3798,random
ran_010664,20080,random
ran_010665,7408,random
ran_010665,20084,random
ran_010665,25139,random
ran_010666,10068,random
ran_010666,20084,random
ran_010667,14409,random
ran_010667,20113,random
ran_010668,11803,random
ran_010668,20116,random
ran_010669,3241,random
ran_010669,5048,random
ran_010669,20116,random
ran_010670,233,random
ran_010670,20116,random
ran_010671,3785,random
ran_010671,20126,random
ran_010672,20153,random
ran_010672,29877,random
ran_010673,9246,random
ran_010673,20175,random
ran_010674,1579,random
ran_010674,2977,random
ran_010674,11022,random
ran_010674,20202,random
ran_010675,14568,random
ran_010675,20202,random
ran_010676,4586,random
ran_010676,20214,random
ran_010677,20242,random
ran_010677,23329,random
ran_010678,9452,random
ran_010678,20248,random
ran_010679,6155,random
ran_010679,20256,random
ran_010680,20296,random
ran_010680,23781,random
ran_010681,18443,random
ran_010681,20296,random
ran_010682,20296,random
ran_010682,24925,random
ran_010683,4837,random
ran_010683,20366,random
ran_010684,8763,random
ran_010684,11967,random
ran_010684,20366,random
ran_010685,17691,random
ran_010685,20366,random
ran_010685,28434,random
ran_010686,561,random
ran_010686,12630,random
ran_010686,20386,random
ran_010687,13117,random
ran_010687,20392,random
ran_010688,20406,random
ran_010688,22153,random
ran_010689,13177,random
ran_010689,20446,random
ran_010690,7477,random
ran_010690,14809,random
ran_010690,20446,random
ran_010691,8166,random
ran_010691,20447,random
ran_010692,20449,random
ran_010692,24098,random
ran_010693,100,random
ran_010693,20459,random
ran_010694,12162,random
ran_010694,20504,random
ran_010695,6636,random
ran_010695,20505,random
ran_010696,5336,random
ran_010696,20522,random
ran_010697,3753,random
ran_010697,20527,random
ran_010698,5765,random
ran_010698,20082,random
ran_010698,20527,random
ran_010698,28385,random
ran_010699,20529,random
ran_010699,21463,random
ran_010700,9668,random
ran_010700,20529,random
ran_010701,5915,random
ran_010701,20529,random
ran_010702,5390,random
ran_010702,9233,random
ran_010702,20540,random
ran_010703,11369,random
ran_010703,12115,random
ran_010703,20540,random
ran_010704,1510,random
ran_010704,17383,random
ran_010704,20543,random
ran_010705,20576,random
ran_010705,30127,random
ran_010706,8615,random
ran_010706,20591,random
ran_010707,1467,random
ran_010707,20597,random
ran_010708,4558,random
ran_010708,20599,random
ran_010709,20614,random
ran_010709,27584,random
ran_010710,10727,random
ran_010710,20622,random
ran_010711,17469,random
ran_010711,20630,random
ran_010711,27334,random
ran_010711,27635,random
ran_010712,10063,random
ran_010712,20648,random
ran_010713,931,random
ran_010713,20659,random
ran_010714,14584,random
ran_010714,20672,random
ran_010714,22450,random
ran_010715,20723,random
ran_010715,26857,random
ran_010716,5672,random
ran_010716,20777,random
ran_010717,20819,random
ran_010717,24131,random
ran_010718,9515,random
ran_010718,20829,random
ran_010719,7468,random
ran_010719,20833,random
ran_010719,24956,random
ran_010720,20833,random
ran_010720,22217,random
ran_010721,108,random
ran_010721,20845,random
ran_010722,20896,random
ran_010722,24705,random
ran_010723,20896,random
ran_010723,22269,random
ran_010724,5619,random
ran_010724,15978,random
ran_010724,20951,random
ran_010725,7838,random
ran_010725,20951,random
ran_010726,2360,random
ran_010726,20964,random
ran_010727,11994,random
ran_010727,20980,random
ran_010728,15618,random
ran_010728,20993,random
ran_010729,12646,random
ran_010729,21012,random
ran_010730,12476,random
ran_010730,21012,random
ran_010731,17277,random
ran_010731,21047,random
ran_010732,21056,random
ran_010732,22758,random
ran_010733,17191,random
ran_010733,21069,random
ran_010734,6646,random
ran_010734,21069,random
ran_010735,2309,random
ran_010735,21132,random
ran_010736,15487,random
ran_010736,21191,random
ran_010736,21357,random
ran_010737,16123,random
ran_010737,21316,random
ran_010738,11882,random
ran_010738,21344,random
ran_010739,4581,random
ran_010739,21347,random
ran_010740,21357,random
ran_010740,22388,random
ran_010741,21357,random
ran_010741,21738,random
ran_010741,23307,random
ran_010742,1249,random
ran_010742,21368,random
ran_010743,21376,random
ran_010743,26338,random
ran_010744,6173,random
ran_010744,8155,random
ran_010744,21405,random
ran_010745,13738,random
ran_010745,21405,random
ran_010746,17277,random
ran_010746,21415,random
ran_010746,22855,random
ran_010747,3303,random
ran_010747,21531,random
ran_010748,7433,random
ran_010748,21548,random
ran_010749,20576,random
ran_010749,21590,random
ran_010750,6820,random
ran_010750,9147,random
ran_010750,21590,random
ran_010751,2989,random
ran_010751,21590,random
ran_010752,4732,random
ran_010752,21593,random
ran_010753,21597,random
ran_010753,23818,random
ran_010754,13277,random
ran_010754,21314,random
ran_010754,21665,random
ran_010755,11396,random
ran_010755,21665,random
ran_010755,28814,random
ran_010756,9273,random
ran_010756,21729,random
ran_010757,2402,random
ran_010757,10750,random
ran_010757,21767,random
ran_010758,8836,random
ran_010758,21767,random
ran_010759,9812,random
ran_010759,21767,random
ran_010760,1126,random
ran_010760,21767,random
ran_010761,5282,random
ran_010761,21767,random
ran_010762,21778,random
ran_010762,22855,random
ran_010763,21783,random
ran_010763,25736,random
ran_010764,14289,random
ran_010764,21783,random
ran_010765,10494,random
ran_010765,21826,random
ran_010766,284,random
ran_010766,1447,random
ran_010766,21830,random
ran_010767,18578,random
ran_010767,21843,random
ran_010768,4539,random
ran_010768,21906,random
ran_010769,6011,random
ran_010769,21914,random
ran_010770,13386,random
ran_010770,21965,random
ran_010771,10433,random
ran_010771,21965,random
ran_010772,4125,random
ran_010772,11153,random
ran_010772,11604,random
ran_010772,21980,random
ran_010773,2381,random
ran_010773,8714,random
ran_010773,21983,random
ran_010774,193,random
ran_010774,22106,random
ran_010775,1430,random
ran_010775,22111,random
ran_010776,5844,random
ran_010776,18736,random
ran_010776,22112,random
ran_010777,18732,random
ran_010777,22121,random
ran_010778,22134,random
ran_010778,25616,random
ran_010779,2749,random
ran_010779,12756,random
ran_010779,22146,random
ran_010780,7251,random
ran_010780,22184,random
ran_010781,3005,random
ran_010781,22185,random
ran_010782,14468,random
ran_010782,22185,random
ran_010783,22215,random
ran_010783,28929,random
ran_010784,3557,random
ran_010784,22222,random
ran_010785,22250,random
ran_010785,27231,random
ran_010786,17665,random
ran_010786,22274,random
ran_010786,22324,random
ran_010787,22286,random
ran_010787,22977,random
ran_010788,7058,random
ran_010788,8763,random
ran_010788,22308,random
ran_010789,575,random
ran_010789,22311,random
ran_010790,16080,random
ran_010790,22333,random
ran_010791,7209,random
ran_010791,22353,random
ran_010792,15083,random
ran_010792,22360,random
ran_010793,1308,random
ran_010793,22374,random
ran_010794,12632,random
ran_010794,22379,random
ran_010794,25256,random
ran_010795,9556,random
ran_010795,19546,random
ran_010795,22399,random
ran_010796,12155,random
ran_010796,22420,random
ran_010797,1608,random
ran_010797,22443,random
ran_010798,1659,random
ran_010798,22443,random
ran_010799,245,random
ran_010799,22473,random
ran_010799,23386,random
ran_010799,24748,random
ran_010800,4147,random
ran_010800,22473,random
ran_010801,743,random
ran_010801,17845,random
ran_010801,22483,random
ran_010802,17584,random
ran_010802,22493,random
ran_010803,4228,random
ran_010803,13450,random
ran_010803,22502,random
ran_010803,31036,random
ran_010804,19875,random
ran_010804,22502,random
ran_010805,4427,random
ran_010805,22520,random
ran_010806,9432,random
ran_010806,10263,random
ran_010806,22521,random
ran_010807,19134,random
ran_010807,22521,random
ran_010808,6035,random
ran_010808,22545,random
ran_010809,16467,random
ran_010809,22545,random
ran_010810,1818,random
ran_010810,22552,random
ran_010811,5109,random
ran_010811,22560,random
ran_010811,27174,random
ran_010812,6062,random
ran_010812,18198,random
ran_010812,22563,random
ran_010813,22626,random
ran_010813,27309,random
ran_010814,1638,random
ran_010814,22631,random
ran_010815,7312,random
ran_010815,22634,random
ran_010816,3292,random
ran_010816,22634,random
ran_010817,14138,random
ran_010817,22634,random
ran_010818,11817,random
ran_010818,22644,random
ran_010819,15483,random
ran_010819,22664,random
ran_010820,6707,random
ran_010820,22666,random
ran_010821,11256,random
ran_010821,22675,random
ran_010822,699,random
ran_010822,22715,random
ran_010823,17793,random
ran_010823,22725,random
ran_010824,14247,random
ran_010824,22750,random
ran_010824,26906,random
ran_010825,18279,random
ran_010825,22760,random
ran_010826,6493,random
ran_010826,7509,random
ran_010826,22767,random
ran_010827,5119,random
ran_010827,22767,random
ran_010828,22796,random
ran_010828,27198,random
ran_010829,16207,random
ran_010829,22796,random
ran_010830,5945,random
ran_010830,22796,random
ran_010831,22802,random
ran_010831,28308,random
ran_010832,3783,random
ran_010832,22834,random
ran_010833,92,random
ran_010833,2234,random
ran_010833,22849,random
ran_010834,22853,random
ran_010834,25412,random
ran_010835,6792,random
ran_010835,22855,random
ran_010836,19516,random
ran_010836,22897,random
ran_010836,23717,random
ran_010837,22941,random
ran_010837,27986,random
ran_010838,1608,random
ran_010838,22971,random
ran_010839,17030,random
ran_010839,23010,random
ran_010840,23017,random
ran_010840,24972,random
ran_010841,6850,random
ran_010841,23036,random
ran_010841,28415,random
ran_010842,15932,random
ran_010842,18304,random
ran_010842,23036,random
ran_010843,9927,random
ran_010843,23043,random
ran_010844,11926,random
ran_010844,23045,random
ran_010845,23077,random
ran_010845,25508,random
ran_010846,331,random
ran_010846,23080,random
ran_010847,644,random
ran_010847,23091,random
ran_010848,4392,random
ran_010848,23107,random
ran_010848,28683,random
ran_010849,3465,random
ran_010849,23138,random
ran_010850,23143,random
ran_010850,26102,random
ran_010851,23143,random
ran_010851,27737,random
ran_010852,23146,random
ran_010852,25033,random
ran_010853,13425,random
ran_010853,23150,random
ran_010854,2270,random
ran_010854,23170,random
ran_010855,8612,random
ran_010855,23170,random
ran_010856,23170,random
ran_010856,26062,random
ran_010857,23176,random
ran_010857,26003,random
ran_010858,7003,random
ran_010858,10245,random
ran_010858,23231,random
ran_010859,5659,random
ran_010859,23268,random
ran_010860,4323,random
ran_010860,23314,random
ran_010861,14210,random
ran_010861,23315,random
ran_010862,9074,random
ran_010862,23315,random
ran_010863,6740,random
ran_010863,23342,random
ran_010864,23349,random
ran_010864,24705,random
ran_010864,28360,random
ran_010865,12278,random
ran_010865,23349,random
ran_010866,23357,random
ran_010866,29294,random
ran_010867,1236,random
ran_010867,23420,random
ran_010867,24549,random
ran_010868,7953,random
ran_010868,23437,random
ran_010869,4449,random
ran_010869,23437,random
ran_010870,7140,random
ran_010870,23438,random
ran_010871,906,random
ran_010871,23468,random
ran_010872,1940,random
ran_010872,3137,random
ran_010872,23468,random
ran_010873,467,random
ran_010873,23468,random
ran_010874,1721,random
ran_010874,13457,random
ran_010874,23468,random
ran_010875,4322,random
ran_010875,23520,random
ran_010876,3647,random
ran_010876,23520,random
ran_010877,15320,random
ran_010877,23527,random
ran_010878,12717,random
ran_010878,23563,random
ran_010879,10261,random
ran_010879,23595,random
ran_010880,692,random
ran_010880,5613,random
ran_010880,23597,random
ran_010881,3447,random
ran_010881,23602,random
ran_010882,17593,random
ran_010882,23649,random
ran_010883,676,random
ran_010883,23649,random
ran_010884,22902,random
ran_010884,23649,random
ran_010885,3640,random
ran_010885,23696,random
ran_010886,20237,random
ran_010886,23696,random
ran_010887,10753,random
ran_010887,17309,random
ran_010887,23726,random
ran_010888,2875,random
ran_010888,23741,random
ran_010889,347,random
ran_010889,15649,random
ran_010889,23765,random
ran_010890,10171,random
ran_010890,23765,random
ran_010891,23784,random
ran_010891,25219,random
ran_010892,21100,random
ran_010892,23785,random
ran_010893,5719,random
ran_010893,23806,random
ran_010894,23806,random
ran_010894,28360,random
ran_010895,3411,random
ran_010895,6672,random
ran_010895,23818,random
ran_010896,9018,random
ran_010896,23843,random
ran_010897,2325,random
ran_010897,23862,random
ran_010898,9035,random
ran_010898,23895,random
ran_010899,23896,random
ran_010899,25187,random
ran_010900,6812,random
ran_010900,23907,random
ran_010901,2181,random
ran_010901,23971,random
ran_010902,2451,random
ran_010902,17276,random
ran_010902,23971,random
ran_010903,24005,random
ran_010903,29359,random
ran_010904,24005,random
ran_010904,29390,random
ran_010905,6165,random
ran_010905,24005,random
ran_010906,12719,random
ran_010906,24029,random
ran_010907,20543,random
ran_010907,24047,random
ran_010908,17883,random
ran_010908,24068,random
ran_010909,9404,random
ran_010909,11713,random
ran_010909,24092,random
ran_010910,17793,random
ran_010910,24115,random
ran_010911,17983,random
ran_010911,24164,random
ran_010912,8624,random
ran_010912,24200,random
ran_010913,11455,random
ran_010913,12725,random
ran_010913,24210,random
ran_010914,6570,random
ran_010914,24243,random
ran_010915,14189,random
ran_010915,24271,random
ran_010916,10625,random
ran_010916,24308,random
ran_010917,15919,random
ran_010917,24313,random
ran_010918,15694,random
ran_010918,24351,random
ran_010919,8131,random
ran_010919,24403,random
ran_010920,11064,random
ran_010920,24413,random
ran_010920,27303,random
ran_010920,28728,random
ran_010921,13815,random
ran_010921,24440,random
ran_010922,24477,random
ran_010922,25093,random
ran_010923,12662,random
ran_010923,19014,random
ran_010923,24477,random
ran_010924,24494,random
ran_010924,27727,random
ran_010925,12298,random
ran_010925,24507,random
ran_010926,2379,random
ran_010926,24540,random
ran_010927,10811,random
ran_010927,24622,random
ran_010928,23255,random
ran_010928,24622,random
ran_010929,11280,random
ran_010929,24653,random
ran_010930,13061,random
ran_010930,24705,random
ran_010931,15961,random
ran_010931,24707,random
ran_010932,13905,random
ran_010932,24742,random
ran_010933,3611,random
ran_010933,24748,random
ran_010934,4787,random
ran_010934,24756,random
ran_010935,14909,random
ran_010935,24818,random
ran_010936,21489,random
ran_010936,24846,random
ran_010937,8705,random
ran_010937,24868,random
ran_010938,16756,random
ran_010938,24869,random
ran_010939,18311,random
ran_010939,24869,random
ran_010940,17495,random
ran_010940,24903,random
ran_010941,3019,random
ran_010941,24907,random
ran_010942,21315,random
ran_010942,24907,random
ran_010943,20586,random
ran_010943,24921,random
ran_010944,555,random
ran_010944,7539,random
ran_010944,24921,random
ran_010945,5911,random
ran_010945,24921,random
ran_010946,17161,random
ran_010946,24921,random
ran_010947,24923,random
ran_010947,30018,random
ran_010948,24934,random
ran_010948,26557,random
ran_010949,8593,random
ran_010949,24956,random
ran_010949,30295,random
ran_010950,15713,random
ran_010950,24956,random
ran_010951,3256,random
ran_010951,24985,random
ran_010952,13957,random
ran_010952,24988,random
ran_010953,19294,random
ran_010953,19439,random
ran_010953,24988,random
ran_010954,5976,random
ran_010954,9890,random
ran_010954,25026,random
ran_010955,5781,random
ran_010955,25037,random
ran_010955,26911,random
ran_010956,10144,random
ran_010956,25042,random
ran_010956,29968,random
ran_010957,14227,random
ran_010957,25080,random
ran_010958,15055,random
ran_010958,25080,random
ran_010958,29875,random
ran_010959,20643,random
ran_010959,25082,random
ran_010960,19,random
ran_010960,25142,random
ran_010961,25142,random
ran_010961,25908,random
ran_010962,15401,random
ran_010962,25151,random
ran_010963,17139,random
ran_010963,25158,random
ran_010964,5446,random
ran_010964,25187,random
ran_010965,19492,random
ran_010965,25189,random
ran_010966,10394,random
ran_010966,25213,random
ran_010967,15928,random
ran_010967,25228,random
ran_010968,25239,random
ran_010968,25438,random
ran_010969,1261,random
ran_010969,25249,random
ran_010970,16240,random
ran_010970,25284,random
ran_010971,13956,random
ran_010971,25310,random
ran_010972,11905,random
ran_010972,25325,random
ran_010973,2770,random
ran_010973,25327,random
ran_010974,23595,random
ran_010974,25365,random
ran_010975,18418,random
ran_010975,25390,random
ran_010976,12153,random
ran_010976,25399,random
ran_010977,2337,random
ran_010977,25424,random
ran_010978,24659,random
ran_010978,25483,random
ran_010979,16879,random
ran_010979,25483,random
ran_010980,17339,random
ran_010980,25519,random
ran_010981,25525,random
ran_010981,30802,random
ran_010982,2932,random
ran_010982,13300,random
ran_010982,25525,random
ran_010983,16133,random
ran_010983,25533,random
ran_010984,5438,random
ran_010984,25542,random
ran_010985,1167,random
ran_010985,25543,random
ran_010986,25552,random
ran_010986,29567,random
ran_010987,4541,random
ran_010987,25596,random
ran_010988,20492,random
ran_010988,25604,random
ran_010989,6420,random
ran_010989,25616,random
ran_010990,7180,random
ran_010990,24205,random
ran_010990,25616,random
ran_010991,12835,random
ran_010991,21368,random
ran_010991,25624,random
ran_010992,2650,random
ran_010992,25624,random
ran_010993,4903,random
ran_010993,25642,random
ran_010994,13628,random
ran_010994,25702,random
ran_010995,22153,random
ran_010995,25712,random
ran_010996,24766,random
ran_010996,25714,random
ran_010997,20877,random
ran_010997,25718,random
ran_010998,25718,random
ran_010998,26672,random
ran_010999,20011,random
ran_010999,25718,random
ran_011000,17396,random
ran_011000,25718,random
ran_011001,1369,random
ran_011001,25773,random
ran_011002,24888,random
ran_011002,25773,random
ran_011003,25809,random
ran_011003,28072,random
ran_011004,2202,random
ran_011004,25813,random
ran_011005,5853,random
ran_011005,25836,random
ran_011006,21819,random
ran_011006,25855,random
ran_011007,12532,random
ran_011007,25855,random
ran_011008,21813,random
ran_011008,25874,random
ran_011009,15173,random
ran_011009,25908,random
ran_011010,22314,random
ran_011010,25908,random
ran_011011,443,random
ran_011011,24956,random
ran_011011,25937,random
ran_011012,18304,random
ran_011012,26011,random
ran_011013,24275,random
ran_011013,26015,random
ran_011014,11060,random
ran_011014,26025,random
ran_011015,20449,random
ran_011015,26085,random
ran_011016,2072,random
ran_011016,26085,random
ran_011017,236,random
ran_011017,26088,random
ran_011018,26088,random
ran_011018,29943,random
ran_011019,26100,random
ran_011019,30514,random
ran_011020,21292,random
ran_011020,26104,random
ran_011021,23124,random
ran_011021,26116,random
ran_011022,14018,random
ran_011022,26116,random
ran_011023,25729,random
ran_011023,26130,random
ran_011024,1263,random
ran_011024,26131,random
ran_011025,14608,random
ran_011025,26173,random
ran_011026,6699,random
ran_011026,24748,random
ran_011026,26173,random
ran_011027,213,random
ran_011027,16551,random
ran_011027,26191,random
ran_011028,18861,random
ran_011028,26200,random
ran_011029,6437,random
ran_011029,17659,random
ran_011029,26200,random
ran_011030,22217,random
ran_011030,26200,random
ran_011031,26242,random
ran_011031,26260,random
ran_011032,3854,random
ran_011032,26352,random
ran_011033,26353,random
ran_011033,26860,random
ran_011034,19699,random
ran_011034,26384,random
ran_011035,4449,random
ran_011035,26405,random
ran_011036,26425,random
ran_011036,27717,random
ran_011037,11387,random
ran_011037,26445,random
ran_011038,5163,random
ran_011038,16920,random
ran_011038,26500,random
ran_011038,30743,random
ran_011039,13348,random
ran_011039,26521,random
ran_011040,2065,random
ran_011040,26521,random
ran_011041,241,random
ran_011041,26606,random
ran_011042,17994,random
ran_011042,26625,random
ran_011043,21100,random
ran_011043,26656,random
ran_011044,24046,random
ran_011044,26667,random
ran_011045,9035,random
ran_011045,26672,random
ran_011046,7200,random
ran_011046,26673,random
ran_011047,21163,random
ran_011047,26673,random
ran_011048,8636,random
ran_011048,26763,random
ran_011049,17256,random
ran_011049,26763,random
ran_011050,26777,random
ran_011050,29047,random
ran_011051,24308,random
ran_011051,26797,random
ran_011052,8954,random
ran_011052,26803,random
ran_011053,19252,random
ran_011053,26814,random
ran_011054,10971,random
ran_011054,26832,random
ran_011055,26833,random
ran_011055,30434,random
ran_011056,15904,random
ran_011056,26857,random
ran_011057,10802,random
ran_011057,26860,random
ran_011058,11812,random
ran_011058,26911,random
ran_011059,1592,random
ran_011059,26914,random
ran_011060,12968,random
ran_011060,26945,random
ran_011061,7513,random
ran_011061,26961,random
ran_011062,26961,random
ran_011062,28575,random
ran_011063,16358,random
ran_011063,26973,random
ran_011064,4627,random
ran_011064,9792,random
ran_011064,21179,random
ran_011064,26989,random
ran_011065,26990,random
ran_011065,27092,random
ran_011066,9825,random
ran_011066,26990,random
ran_011067,3373,random
ran_011067,27011,random
ran_011068,6862,random
ran_011068,9762,random
ran_011068,27011,random
ran_011069,4253,random
ran_011069,10481,random
ran_011069,25554,random
ran_011069,27011,random
ran_011070,8848,random
ran_011070,27023,random
ran_011071,687,random
ran_011071,27041,random
ran_011072,2085,random
ran_011072,27056,random
ran_011072,29908,random
ran_011073,12849,random
ran_011073,27080,random
ran_011074,12265,random
ran_011074,27084,random
ran_011075,5797,random
ran_011075,27174,random
ran_011076,22699,random
ran_011076,27182,random
ran_011077,6000,random
ran_011077,27182,random
ran_011078,1192,random
ran_011078,27195,random
ran_011079,2788,random
ran_011079,27201,random
ran_011080,21188,random
ran_011080,27267,random
ran_011081,2547,random
ran_011081,27267,random
ran_011081,28673,random
ran_011082,193,random
ran_011082,27316,random
ran_011083,21062,random
ran_011083,27319,random
ran_011084,13063,random
ran_011084,27320,random
ran_011085,6390,random
ran_011085,27379,random
ran_011086,1920,random
ran_011086,27403,random
ran_011087,16748,random
ran_011087,27403,random
ran_011088,5459,random
ran_011088,8517,random
ran_011088,27409,random
ran_011089,7934,random
ran_011089,27423,random
ran_011090,13636,random
ran_011090,27511,random
ran_011091,8890,random
ran_011091,27560,random
ran_011092,10892,random
ran_011092,27560,random
ran_011092,27810,random
ran_011093,6829,random
ran_011093,27607,random
ran_011094,27714,random
ran_011094,29631,random
ran_011095,20447,random
ran_011095,27721,random
ran_011096,3129,random
ran_011096,27768,random
ran_011097,19435,random
ran_011097,27768,random
ran_011098,27768,random
ran_011098,29416,random
ran_011099,11204,random
ran_011099,27783,random
ran_011100,24409,random
ran_011100,27799,random
ran_011101,4225,random
ran_011101,27802,random
ran_011102,12074,random
ran_011102,27840,random
ran_011103,11752,random
ran_011103,27863,random
ran_011104,1195,random
ran_011104,27884,random
ran_011105,16002,random
ran_011105,27977,random
ran_011106,9611,random
ran_011106,21425,random
ran_011106,28024,random
ran_011107,4286,random
ran_011107,28025,random
ran_011108,3875,random
ran_011108,28039,random
ran_011109,16671,random
ran_011109,25891,random
ran_011109,28103,random
ran_011110,11719,random
ran_011110,28103,random
ran_011111,7367,random
ran_011111,28111,random
ran_011112,26384,random
ran_011112,28111,random
ran_011113,5551,random
ran_011113,8373,random
ran_011113,28170,random
ran_011114,12574,random
ran_011114,28199,random
ran_011115,6166,random
ran_011115,28316,random
ran_011116,23374,random
ran_011116,28360,random
ran_011117,4535,random
ran_011117,28389,random
ran_011118,27607,random
ran_011118,28415,random
ran_011119,11809,random
ran_011119,28434,random
ran_011120,27860,random
ran_011120,28434,random
ran_011121,3586,random
ran_011121,28451,random
ran_011122,1749,random
ran_011122,28457,random
ran_011123,25500,random
ran_011123,28496,random
ran_011124,11567,random
ran_011124,28528,random
ran_011125,16003,random
ran_011125,28545,random
ran_011126,19272,random
ran_011126,28561,random
ran_011127,64,random
ran_011127,28634,random
ran_011128,2055,random
ran_011128,28651,random
ran_011129,3440,random
ran_011129,28721,random
ran_011130,386,random
ran_011130,28748,random
ran_011131,3431,random
ran_011131,28757,random
ran_011132,10971,random
ran_011132,28766,random
ran_011133,5708,random
ran_011133,28786,random
ran_011134,5599,random
ran_011134,28786,random
ran_011135,2526,random
ran_011135,28857,random
ran_011136,1609,random
ran_011136,28857,random
ran_011137,19401,random
ran_011137,28857,random
ran_011138,3334,random
ran_011138,28871,random
ran_011139,4265,random
ran_011139,28893,random
ran_011140,1823,random
ran_011140,28937,random
ran_011141,83,random
ran_011141,28984,random
ran_011142,4655,random
ran_011142,29016,random
ran_011143,612,random
ran_011143,29017,random
ran_011144,16230,random
ran_011144,17897,random
ran_011144,29032,random
ran_011145,13572,random
ran_011145,29069,random
ran_011146,5744,random
ran_011146,29069,random
ran_011147,955,random
ran_011147,7296,random
ran_011147,29069,random
ran_011148,4656,random
ran_011148,29069,random
ran_011149,15211,random
ran_011149,29085,random
ran_011150,16182,random
ran_011150,29110,random
ran_011151,19134,random
ran_011151,29128,random
ran_011152,28343,random
ran_011152,29151,random
ran_011153,15439,random
ran_011153,29168,random
ran_011154,8734,random
ran_011154,28063,random
ran_011154,29168,random
ran_011155,25142,random
ran_011155,29168,random
ran_011156,4163,random
ran_011156,29175,random
ran_011157,9454,random
ran_011157,29197,random
ran_011158,21697,random
ran_011158,29219,random
ran_011159,11820,random
ran_011159,29223,random
ran_011160,2288,random
ran_011160,11144,random
ran_011160,29280,random
ran_011161,10485,random
ran_011161,29283,random
ran_011162,192,random
ran_011162,29283,random
ran_011163,14468,random
ran_011163,29283,random
ran_011164,15743,random
ran_011164,15837,random
ran_011164,29368,random
ran_011165,20631,random
ran_011165,29390,random
ran_011166,4567,random
ran_011166,22267,random
ran_011166,29392,random
ran_011167,3089,random
ran_011167,29422,random
ran_011168,4918,random
ran_011168,29424,random
ran_011169,28316,random
ran_011169,29424,random
ran_011170,28411,random
ran_011170,29440,random
ran_011171,29440,random
ran_011171,30546,random
ran_011172,10579,random
ran_011172,29492,random
ran_011173,24967,random
ran_011173,29536,random
ran_011174,5050,random
ran_011174,29569,random
ran_011175,24176,random
ran_011175,29582,random
ran_011176,12178,random
ran_011176,29629,random
ran_011177,3905,random
ran_011177,29631,random
ran_011178,6830,random
ran_011178,25192,random
ran_011178,29649,random
ran_011179,10424,random
ran_011179,29688,random
ran_011180,23013,random
ran_011180,29748,random
ran_011181,11217,random
ran_011181,29767,random
ran_011182,27507,random
ran_011182,29770,random
ran_011183,15718,random
ran_011183,29787,random
ran_011184,8613,random
ran_011184,29906,random
ran_011185,23116,random
ran_011185,29993,random
ran_011186,1366,random
ran_011186,30035,random
ran_011187,7671,random
ran_011187,18335,random
ran_011187,19614,random
ran_011187,30074,random
ran_011188,9331,random
ran_011188,30118,random
ran_011189,344,random
ran_011189,30121,random
ran_011190,720,random
ran_011190,30159,random
ran_011191,7071,random
ran_011191,9846,random
ran_011191,30187,random
ran_011192,20395,random
ran_011192,24298,random
ran_011192,30191,random
ran_011193,5237,random
ran_011193,30194,random
ran_011194,19754,random
ran_011194,30285,random
ran_011195,7093,random
ran_011195,30354,random
ran_011196,7563,random
ran_011196,30389,random
ran_011197,9759,random
ran_011197,30392,random
ran_011198,20356,random
ran_011198,30409,random
ran_011199,6908,random
ran_011199,30501,random
ran_011200,7776,random
ran_011200,30519,random
ran_011201,5145,random
ran_011201,30548,random
ran_011202,2359,random
ran_011202,30590,random
ran_011203,30590,random
ran_011203,31182,random
ran_011204,9206,random
ran_011204,30593,random
ran_011205,16055,random
ran_011205,30611,random
ran_011206,1227,random
ran_011206,21717,random
ran_011206,30619,random
ran_011207,17130,random
ran_011207,30623,random
ran_011208,14026,random
ran_011208,30629,random
ran_011209,12963,random
ran_011209,30662,random
ran_011210,11441,random
ran_011210,30710,random
ran_011211,29385,random
ran_011211,30710,random
ran_011212,3128,random
ran_011212,30726,random
ran_011213,1345,random
ran_011213,30862,random
ran_011214,24996,random
ran_011214,30879,random
ran_011215,17266,random
ran_011215,30899,random
ran_011216,253,random
ran_011216,30913,random
ran_011217,7840,random
ran_011217,30914,random
ran_011218,14020,random
ran_011218,19561,random
ran_011218,30933,random
ran_011219,23630,random
ran_011219,30934,random
ran_011220,2561,random
ran_011220,30960,random
ran_011221,2851,random
ran_011221,31007,random
ran_011222,2173,random
ran_011222,12114,random
ran_011222,31091,random
ran_011223,26545,random
ran_011223,31182,random
ran_011224,14546,random
ran_011224,31198,random
ran_011225,27170,random
ran_011225,31198,random
ran_011226,21103,random
ran_011226,31201,random
ran_011227,8479,random
ran_011227,31242,random
