group_id,user_id
0,5037
0,10084
1,3954
1,7200
2,11234
2,22274
3,17853
3,17872
4,2033
4,2755
5,1177
5,7535
6,12636
6,12746
7,265
7,700
8,136
8,597
8,869
9,459
9,2811
10,1871
10,2282
11,6437
11,7619
12,1154
12,1531
13,5037
13,10929
14,2569
14,7110
15,10740
15,10839
16,4567
16,18452
16,18459
17,2240
17,12120
18,15481
18,16315
19,10918
19,11792
20,2085
20,9556
21,2380
21,2811
22,4567
22,15377
23,344
23,534
24,14541
24,18769
25,1758
25,14489
26,3954
26,7200
27,376
27,4339
27,9502
28,3835
28,12867
28,12898
29,8164
29,9418
30,9556
30,17277
31,5797
31,7025
32,2569
32,7110
33,43
33,6607
34,2452
34,17450
35,634
35,24338
36,14397
36,15319
36,15327
37,24788
37,27192
38,29012
38,29016
39,5677
39,22259
40,6
40,788
41,3400
41,4627
42,1531
42,3586
42,4236
43,7318
43,8273
44,517
44,18913
45,8769
45,10570
46,17594
46,21325
47,2166
47,8594
48,7318
48,20148
49,20601
49,22423
50,24173
50,24243
51,24788
51,27192
52,8615
52,19615
53,955
53,1487
54,459
54,5781
55,5037
55,10929
56,459
56,10238
57,43
57,11891
58,43
58,6607
59,29012
59,29016
60,459
60,733
61,955
61,1488
62,459
62,5443
63,627
63,5699
64,459
64,5602
65,459
65,5443
66,8987
66,9441
67,459
67,5443
68,1366
68,13576
69,459
69,9132
70,7184
70,10303
70,10506
71,14939
71,14952
72,1564
72,2126
72,16863
73,459
73,19630
74,6061
74,6116
75,7110
75,11106
76,1365
76,2380
76,15466
77,8769
77,10570
78,17594
78,21100
79,1758
79,14489
80,3954
80,7200
81,376
81,22002
82,1531
82,3586
83,10890
83,12997
84,1662
84,7328
85,20601
85,22423
86,8724
86,11049
86,16602
87,23023
87,23669
88,43
88,11891
89,3185
89,10750
90,450
90,23017
91,869
91,16259
92,3316
92,22578
93,14980
93,17450
94,1247
94,15321
95,12221
95,14535
96,11882
96,12938
97,987
97,20833
98,17892
98,20951
99,14397
99,15319
99,15327
100,23502
100,25119
101,8331
101,14397
102,12790
102,24629
103,6713
103,10562
104,2811
104,23469
104,25179
105,8705
105,23728
106,27592
106,27595
107,25080
107,27239
108,4445
108,28385
109,10451
109,23017
110,147
110,21955
111,29012
111,29016
112,28434
112,28443
113,21466
113,27616
114,25633
114,31036
115,18450
115,19524
116,10528
116,29197
117,13635
117,31296
118,350
118,426
119,779
119,923
120,353
120,5385
121,13108
121,14723
122,353
122,2233
122,14679
123,353
123,5675
123,6503
123,6740
123,7535
123,14679
124,885
124,14915
125,7605
125,7656
126,4632
126,5446
127,7605
127,7656
128,4772
128,8408
128,14298
128,15466
128,16266
128,17124
129,407
129,10243
129,16127
129,16723
130,4041
130,8408
130,9190
130,9439
131,3238
131,5446
131,6865
131,10505
131,10680
131,10879
131,12703
132,3322
132,13667
132,14186
133,11559
133,12298
134,3238
134,7137
134,10243
134,12576
135,745
135,4918
135,5296
136,7667
136,10243
136,10505
137,5446
137,7478
137,10327
137,15503
137,16715
138,5296
138,9504
139,1429
139,7618
139,11680
139,15603
139,15986
139,16428
140,3322
140,7832
140,11096
140,14123
141,1429
141,12621
141,12747
141,16005
142,1005
142,7326
142,7618
142,9693
142,17947
143,4218
143,5296
144,7488
144,16723
145,3322
145,9693
145,17284
146,59
146,7667
147,1277
147,10243
148,7488
148,8008
148,9693
148,16919
149,6048
149,11001
150,3322
150,4632
150,14795
150,17319
151,5574
151,5581
152,407
152,10505
153,353
153,11273
153,14823
153,18322
154,2950
154,6648
154,12220
155,10243
155,13342
155,14808
156,9871
156,15927
156,19254
157,6719
157,8396
158,7656
158,13910
158,15634
159,2126
159,5296
159,8320
160,4772
160,16652
161,6696
161,7794
161,8307
161,11042
161,11424
162,3053
162,5574
162,18269
163,3322
163,7137
163,9687
163,11272
163,15144
163,17322
164,5147
164,7521
164,8408
164,12289
164,15927
164,19254
165,1741
165,17276
165,17913
166,3322
166,8408
167,1741
167,3286
167,5296
167,18164
168,4632
168,5296
169,407
169,4507
169,4520
169,5487
169,12736
169,16657
169,18391
169,19210
170,2235
170,7478
170,8064
170,9379
170,13910
170,15683
170,19254
171,3322
171,7137
171,8436
172,2972
172,5296
172,10888
172,18057
172,18938
173,7794
173,8192
173,16030
173,16524
173,16807
173,17964
173,18414
174,1599
174,3238
174,6789
174,7135
174,10312
174,15603
174,19254
175,4632
175,7137
175,15885
175,17738
175,18008
175,20471
176,3322
176,8714
177,4918
177,9074
177,10505
177,11908
178,7135
178,8408
178,9812
178,15603
178,15986
179,407
179,1277
179,4632
179,4918
179,7624
180,9812
180,20314
181,7116
181,8694
181,10312
181,18205
182,7137
182,7674
182,19254
183,2912
183,4426
183,5078
184,407
184,9693
184,11234
184,12736
184,15466
184,16080
184,19254
184,20431
185,10242
185,20654
185,21235
186,5574
186,15059
186,15458
186,19254
186,19647
187,9693
187,15466
187,19650
188,5078
188,9330
188,15458
188,19254
189,6402
189,7137
190,725
190,4838
190,11234
190,16407
190,19254
191,407
191,9423
192,4499
192,5078
192,9138
192,10445
193,1602
193,15970
193,19695
193,21617
194,4507
194,4520
195,4228
195,10312
195,11234
195,16125
195,18164
195,21655
196,19958
196,19967
197,3322
197,11798
197,17171
198,5145
198,12576
199,5078
199,7137
200,10312
200,18164
201,8130
201,8408
202,11234
202,22274
203,12298
203,17127
204,3322
204,5962
204,7137
204,7817
204,17799
205,5078
205,15199
205,16727
205,21492
205,21521
206,13511
206,22563
207,21671
207,22629
208,407
208,1649
208,3604
208,5894
208,10398
208,11084
208,20471
209,1823
209,6719
209,19254
210,14376
210,22631
211,14123
211,14375
212,7137
212,21920
212,23405
213,2230
213,9470
213,15466
213,16421
214,492
214,1599
214,6789
214,13546
214,15798
215,18620
215,21719
215,21818
215,23035
216,7264
216,19254
216,23223
216,23744
217,9244
217,20208
218,11234
218,22274
219,19
219,407
220,10312
220,20471
220,22470
221,60
221,23438
222,22987
222,28036
223,29304
223,30356
224,21000
224,22648
224,30159
225,26345
225,27637
226,29347
226,30207
227,24587
227,26667
227,29297
228,18271
228,26152
228,26635
228,28857
228,29615
228,30432
228,30556
229,17725
229,24748
230,8158
230,13098
231,6277
231,19838
232,22957
232,28279
233,25782
233,27579
234,6496
234,16945
234,29347
235,26533
235,28888
236,5574
236,29427
237,29297
237,29542
237,30721
238,30498
238,30604
238,30636
239,6659
239,27516
240,27055
240,31088
241,27833
241,29460
242,13212
242,27433
242,28150
243,7588
243,18000
244,26384
244,30392
245,26096
245,29158
246,7897
246,28150
247,29155
247,30704
248,7139
248,31495
249,28922
249,29677
250,30355
250,30399
251,20652
251,23316
251,25648
252,459
252,1693
253,459
253,5443
254,10946
254,11177
255,5353
255,10238
256,376
256,17323
257,3148
257,12021
258,24173
258,24243
259,15341
259,16381
260,14543
260,27338
261,28434
261,28443
262,2142
262,2173
263,1159
263,1223
264,4441
264,7471
265,5037
265,10084
266,1068
266,2379
267,4844
267,6794
268,6707
268,7110
268,13700
269,13700
269,13825
270,284
270,13751
271,5936
271,7471
272,652
272,7184
272,10303
273,619
273,4362
274,2714
274,7206
275,18250
275,18480
276,1564
276,7838
276,16863
277,18452
277,18459
278,7251
278,18804
279,8397
279,19275
280,11310
280,17262
281,3501
281,4418
282,1608
282,20241
283,10224
283,18018
284,10224
284,17910
284,18018
284,18046
285,19462
285,20241
286,2380
286,19724
287,8769
287,10570
287,12123
288,9645
288,17892
288,20951
289,18530
289,20241
290,19462
290,19605
291,1758
291,14489
292,3431
292,14541
293,21263
293,21325
293,21447
294,3954
294,7200
295,3835
295,9963
295,10224
295,18018
296,15206
296,15416
296,15890
297,1366
297,13815
298,5853
298,10288
298,12867
298,16240
299,1095
299,21535
300,1020
300,17262
300,18379
301,474
301,7622
301,21330
302,627
302,2240
303,18
303,21819
304,18810
304,19883
305,19170
305,19324
306,6479
306,13034
307,11049
307,16602
308,10224
308,17315
309,15619
309,22544
310,5797
310,7025
311,4425
311,23313
312,43
312,6607
313,6124
313,9133
314,8057
314,9024
314,16259
315,23477
315,23829
316,20168
316,24593
317,1095
317,21535
318,6842
318,21996
319,156
319,4415
320,14397
320,15319
320,15327
320,25119
321,2834
321,17892
322,2326
322,3227
322,20449
323,4305
323,25438
324,6177
324,9198
325,16112
325,17989
326,4876
326,23907
327,25909
327,25936
328,23841
328,25213
329,1095
329,21535
330,24173
330,24243
330,24468
331,24988
331,25026
332,23907
332,24567
332,24988
332,25026
333,23907
333,24567
334,24988
334,25026
335,8199
335,23845
336,25166
336,28377
337,17343
337,29012
337,29016
338,17361
338,20476
339,8615
339,26213
340,156
340,2642
341,28434
341,28443
342,2596
342,28052
343,22234
343,28254
344,4020
344,28528
345,20729
345,28876
346,16851
346,19999
347,28360
347,30675
348,31296
348,31395
349,29371
349,29923
350,14289
350,29923
351,6225
351,24509
352,11315
352,17985
353,7318
353,8273
354,15481
354,16315
355,27033
355,29532
356,7471
356,8312
356,8585
357,11969
357,12338
358,1531
358,3586
359,1753
359,4671
359,8795
360,11752
360,13214
361,10839
361,11022
362,578
362,6437
363,581
363,3327
364,6635
364,6727
365,4483
365,8422
366,17910
366,19397
367,344
367,534
368,1693
368,17594
369,4837
369,7200
370,13270
370,19134
371,17656
371,18360
372,1662
372,13298
373,11066
373,15538
374,43
374,11891
375,12790
375,20835
376,6166
376,6181
376,6341
377,1021
377,17110
378,9024
378,16259
379,12478
379,13390
379,17450
380,16742
380,17961
381,14055
381,25092
382,14397
382,15327
382,21046
382,25119
383,1889
383,26041
384,16155
384,20110
384,23583
385,24788
385,27192
386,28989
386,29073
387,16230
387,25856
388,22794
388,26176
388,27574
389,20053
389,20054
390,21265
390,30089
391,9184
391,10075
391,26607
392,27033
392,29532
393,4432
393,25939
394,396
394,397
395,742
395,6643
396,3971
396,6705
397,1435
397,6874
398,5037
398,10084
399,1531
399,3586
400,4461
400,8255
401,7318
401,8273
401,15397
402,13273
402,14802
403,10740
403,10839
403,11022
404,14336
404,14943
405,992
405,1435
406,1608
406,6855
407,16481
407,19813
408,13533
408,17176
409,6061
409,6116
410,1357
410,13172
411,6635
411,6727
412,12118
412,14029
413,4483
413,8422
414,17910
414,19397
415,8769
415,16481
415,19813
416,12361
416,12867
416,12898
416,18945
417,1758
417,14489
418,3954
418,7200
419,21263
419,21325
420,16481
420,19813
421,20019
421,21590
422,7909
422,15569
422,20918
423,6873
423,8779
423,22016
424,4058
424,15982
425,7348
425,12790
426,21280
426,21924
427,9739
427,10614
427,22544
427,22578
427,22833
428,43
428,11891
429,6705
429,12790
429,14708
429,20994
429,21388
429,23952
430,6124
430,6166
430,6341
431,8057
431,12790
431,23799
432,8150
432,21563
433,14397
433,15319
433,15327
433,25119
434,2811
434,12790
435,13290
435,20019
436,581
436,9198
436,19152
437,3314
437,24313
438,3835
438,6424
438,23845
439,12153
439,17298
439,20951
440,1595
440,25619
441,22217
441,23862
442,25178
442,27590
443,6873
443,7317
443,18412
444,310
444,6424
445,6424
445,12790
445,26851
446,6424
446,8397
446,12153
446,15237
446,23597
447,26176
447,27574
448,29450
448,29699
449,29696
449,29965
450,23589
450,23612
451,4588
451,29223
452,783
452,21361
453,9184
453,26607
454,265
454,700
455,1386
455,3861
456,1871
456,2282
456,3803
457,1256
457,1454
458,955
458,4138
459,1435
459,6873
460,491
460,514
460,2141
461,10238
461,12819
462,1585
462,1608
463,1014
463,1291
464,4599
464,9795
465,1531
465,3586
466,9831
466,12719
467,955
467,6178
468,2843
468,14347
469,2561
469,13988
470,6177
470,7184
470,10303
470,17259
471,4377
471,9469
472,8238
472,16976
473,3217
473,3523
474,5109
474,6426
475,18601
475,20258
476,8769
476,10570
477,344
477,534
478,4837
478,6061
478,18769
479,1758
479,14489
480,3954
480,5853
480,7200
481,16481
481,19813
482,6667
482,20783
483,1531
483,3586
484,8931
484,13298
484,13787
485,18
485,20746
486,20601
486,22423
487,54
487,13389
487,15057
488,11066
488,15538
489,5473
489,5853
490,11049
490,16602
491,22204
491,22305
492,23023
492,23669
493,6587
493,13163
493,20829
494,43
494,6607
495,10610
495,19973
496,15303
496,15886
496,20783
497,7278
497,10750
497,19605
498,100
498,741
498,2200
499,595
499,4371
499,7567
499,18149
500,20168
500,23222
500,24593
501,240
501,14397
502,29012
502,29016
503,9159
503,25080
504,7549
504,30722
505,9114
505,18450
506,8667
506,26516
507,2775
507,7039
508,4272
508,4541
508,6874
509,992
509,1435
510,598
510,9948
511,3897
511,10496
512,5369
512,9154
513,1531
513,3586
514,4870
514,15572
515,4362
515,11347
516,11717
516,16921
517,581
517,3327
518,4483
518,8422
519,17892
519,20951
520,344
520,534
521,1531
521,18530
522,1758
522,14489
523,4837
523,7200
524,16481
524,19813
525,3798
525,14365
526,263
526,9766
527,7328
527,14093
528,6479
528,20766
529,43
529,6607
529,11891
530,3233
530,20829
531,8594
531,18507
532,2009
532,2841
532,23201
533,3495
533,9024
533,16259
534,13390
534,17450
535,13640
535,14962
536,14397
536,15319
536,15327
536,21046
536,25119
537,19329
537,25767
538,10019
538,10020
539,940
539,23043
540,24788
540,27192
541,24756
541,27863
542,22794
542,27574
543,2738
543,26176
544,13686
544,27760
545,23907
545,24567
546,19753
546,28528
547,9184
547,14708
548,9560
548,24976
549,5756
549,11315
550,545
550,8321
551,4783
551,8585
552,992
552,1435
553,10538
553,12292
554,13273
554,14802
555,992
555,1435
556,10869
556,10918
556,14393
557,14393
557,19813
558,9739
558,19064
559,10869
559,10918
560,16481
560,19813
561,1871
561,2282
562,1256
562,1454
563,1435
563,7336
564,17892
564,19462
565,16481
565,19813
566,6166
566,6341
567,4461
567,8255
568,628
568,1531
568,3586
569,1758
569,14489
570,4461
570,8255
571,628
571,1531
571,3586
572,10288
572,16240
573,608
573,6437
574,4483
574,8422
575,4339
575,19021
576,1531
576,3586
577,54
577,17987
578,43
578,11891
579,14397
579,15319
579,15327
579,25119
580,15110
580,15741
581,16828
581,29199
582,25780
582,31364
583,1871
583,2282
584,11256
584,11362
585,344
585,534
586,9474
586,10536
587,4601
587,18338
588,4448
588,29030
589,28172
589,31296
590,136
590,597
590,869
591,955
591,1487
592,15478
592,23017
593,14397
593,15327
594,29012
594,29016
595,4943
595,5382
596,4498
596,4548
597,4055
597,5686
598,12387
598,12790
599,13273
599,14802
600,7214
600,20169
601,5853
601,22725
602,1585
602,1608
602,21280
603,1095
603,21535
604,14397
604,15327
605,24385
605,25246
606,12790
606,25213
607,25246
607,25714
608,7759
608,25714
609,1525
609,23907
610,25080
610,30418
611,16212
611,30418
612,17895
612,28619
613,1379
613,1799
613,1940
614,43
614,6607
615,1871
615,2282
616,1871
616,2282
617,992
617,1435
618,2282
618,9040
619,5037
619,10084
620,6598
620,12867
620,12898
620,13172
620,15590
620,15747
621,4400
621,8338
622,1871
622,13885
623,1410
623,9770
623,13751
623,15209
624,1871
624,9165
624,10992
625,4461
625,8255
626,7318
626,8273
627,15730
627,15916
628,6635
628,6727
629,1789
629,1871
630,13714
630,14999
631,1410
631,16230
632,1871
632,10992
632,15694
633,1871
633,3976
634,2962
634,8822
634,10615
635,3647
635,17647
636,3976
636,15275
637,13273
637,14802
638,12867
638,12898
639,3976
639,8338
639,17647
639,17777
640,2061
640,10535
640,12210
640,15237
641,13533
641,17176
642,4894
642,13576
642,14747
642,16200
642,20287
643,1871
643,13661
644,1871
644,9463
645,17910
645,19397
646,1410
646,6598
646,11333
646,11455
646,14576
646,20289
647,1871
647,3976
647,4400
647,8543
648,1871
648,18530
649,253
649,627
649,15436
650,17360
650,18257
650,19329
651,20705
651,21051
652,3954
652,7200
653,14541
653,21263
653,21325
654,3971
654,21590
655,7716
655,8537
655,21590
656,1410
656,1871
657,1043
657,5126
657,19329
658,20705
658,21051
659,4400
659,13647
659,15436
660,1871
660,19804
660,21677
661,8338
661,11792
661,17777
662,5797
662,7025
663,1871
663,22016
664,3314
664,12361
664,14393
665,12790
665,14350
666,14393
666,20103
667,3314
667,5089
667,22204
667,22715
667,22833
668,3976
668,5247
668,22305
668,22725
669,43
669,6607
670,43
670,6607
671,1531
671,16235
671,22514
672,10999
672,15569
673,2811
673,18128
674,19605
674,20518
675,6295
675,23143
676,20705
676,21051
677,2841
677,18112
678,24173
678,24243
679,14487
679,23870
680,11882
680,12938
681,1525
681,19380
682,24861
682,27816
683,17361
683,20476
684,29450
684,29699
685,29696
685,29965
686,27048
686,28302
687,28480
687,29876
688,783
688,29990
689,230
689,245
689,249
690,917
690,7123
690,14439
691,9398
691,12256
692,1592
692,2744
692,11320
692,11677
692,11972
692,15002
693,2933
693,2948
693,3784
694,8252
694,10800
694,11696
694,12256
695,4306
695,8812
695,13813
696,9264
696,13249
697,11323
697,15226
698,6026
698,7563
699,2681
699,3784
700,10914
700,14521
700,15237
701,227
701,16889
702,6458
702,17508
703,7523
703,16059
704,3784
704,9171
705,6026
705,13646
706,10494
706,10569
706,18007
707,77
707,8944
707,9398
708,6091
708,6165
708,13013
708,13249
709,8769
709,16247
710,2568
710,17261
711,9901
711,15101
712,6091
712,10171
712,13249
713,10306
713,11820
713,19455
714,786
714,20078
715,359
715,850
715,10434
716,11054
716,15699
716,18338
717,6704
717,11467
718,8149
718,18416
718,21826
719,6091
719,10171
719,13249
720,5213
720,21927
721,7775
721,16374
721,19144
721,19900
721,21586
722,18464
722,18581
723,9003
723,22840
724,15704
724,18243
725,19340
725,22637
726,22830
726,22836
727,10317
727,14846
727,19765
728,16374
728,23357
729,14810
729,15101
729,19765
730,852
730,2426
730,6863
731,14209
731,15860
732,4100
732,6555
732,8531
732,21129
732,23151
732,23315
732,24665
732,25537
733,19679
733,20304
734,2424
734,10042
735,64
735,17277
736,23517
736,29017
737,25860
737,27802
738,17071
738,27802
739,27802
739,30594
740,30960
740,31213
741,21007
741,30673
741,30865
742,7941
742,30594
743,25526
743,29524
744,230
744,249
745,230
745,245
745,249
746,4406
746,4478
747,230
747,245
748,1591
748,9550
749,14703
749,14809
750,8763
750,14809
750,16683
750,16774
751,8763
751,14254
752,2360
752,6639
753,1374
753,13386
753,13646
753,14607
753,17303
754,5666
754,13646
754,13798
754,17940
755,5920
755,6902
755,10556
755,15669
755,17757
756,7997
756,8763
757,6935
757,10596
758,359
758,2740
758,8763
758,15659
758,15662
758,17783
759,11926
759,16374
760,77
760,1353
761,13045
761,17940
762,11441
762,14766
763,15659
763,15662
764,10778
764,16178
765,10865
765,18335
766,1905
766,16877
767,359
767,2740
767,4335
767,19183
768,2065
768,6866
768,16262
769,14266
769,18082
770,4713
770,8772
770,17493
771,14809
771,17139
771,17493
772,3306
772,13003
773,9550
773,16683
773,17493
773,19012
774,1905
774,16464
775,14809
775,19536
776,8096
776,8763
776,13013
777,7237
777,8900
778,7890
778,11336
778,17139
779,7405
779,19930
780,8763
780,9349
780,14809
780,18243
780,18914
780,20711
781,5301
781,14809
782,2267
782,6969
782,14518
783,11336
783,13117
783,16951
783,19972
784,3189
784,18963
785,3954
785,7200
786,9901
786,14809
787,12258
787,18963
787,20912
788,108
788,16274
789,9832
789,18527
790,14859
790,17940
790,21132
791,3842
791,5053
791,18464
792,436
792,573
792,19691
793,1097
793,9901
794,1268
794,18963
794,20634
795,4910
795,18963
796,4735
796,6609
797,17940
797,18963
798,7200
798,15420
799,9901
799,19477
800,10179
800,22383
801,6763
801,10171
801,13055
801,16274
802,10346
802,20172
803,10474
803,10493
803,11884
803,14809
803,17940
804,2019
804,13089
805,17139
805,21622
806,92
806,11816
806,12878
806,13117
807,14809
807,21288
808,16262
808,22324
809,6458
809,6460
810,6438
810,21129
811,14809
811,17940
812,12953
812,16464
812,19930
813,11949
813,13176
813,14809
813,20591
814,7530
814,10068
814,19340
814,22897
815,16913
815,19612
816,14809
816,22046
816,22646
817,3459
817,5576
817,20672
818,8763
818,14809
818,21586
818,23795
818,23872
819,13034
819,18595
820,681
820,18963
821,14810
821,16178
821,17940
822,3842
822,8763
823,555
823,19930
823,20044
823,21176
824,837
824,1714
824,3898
824,7739
824,8511
824,19252
825,1180
825,22264
826,13012
826,23613
826,23688
827,12724
827,14809
827,17940
827,24178
828,8478
828,12396
828,16104
828,22483
828,23994
829,14809
829,20690
829,21020
830,8763
830,13205
830,19930
830,21124
830,23460
831,850
831,8763
831,12786
831,14810
832,1173
832,11936
833,10098
833,19930
833,23721
834,23477
834,25184
835,17837
835,20784
836,1509
836,25597
836,26052
836,26117
836,26232
837,942
837,20865
838,22184
838,24115
839,989
839,7732
840,8181
840,10157
840,17030
841,6866
841,25765
842,9432
842,17484
843,22814
843,23187
843,29085
844,19393
844,19654
845,10423
845,22596
845,22597
845,22814
846,6779
846,25833
847,17940
847,25833
848,20174
848,20202
849,23259
849,28339
850,20189
850,30161
851,4625
851,6866
851,29778
852,25618
852,31324
853,4052
853,10189
853,26475
854,707
854,30091
855,21881
855,22316
855,25921
856,230
856,249
857,230
857,245
858,16683
858,16774
859,13003
859,17493
860,20044
860,22443
861,230
861,249
862,16683
862,16774
863,11926
863,16374
864,13003
864,17139
865,230
865,245
866,7825
866,14091
867,13854
867,14091
868,230
868,245
869,36
869,68
870,64
870,294
871,1760
871,3505
872,3869
872,25093
872,27011
873,14430
873,28814
874,29781
874,30401
875,10310
875,26002
876,64
876,294
877,606
877,1187
878,4067
878,14072
879,14546
879,16644
879,16648
880,3600
880,12005
881,9264
881,16178
882,6902
882,7200
883,1141
883,6434
884,368
884,8756
885,4585
885,9042
886,1760
886,3505
887,4389
887,4391
888,1070
888,17359
889,743
889,7376
890,1173
890,4635
891,13055
891,17421
892,5206
892,9108
893,17938
893,19691
894,6696
894,18809
895,6609
895,7045
896,12507
896,17908
897,11761
897,23413
898,4430
898,13816
898,23296
899,13682
899,13987
900,15541
900,15597
901,2147
901,2149
902,5972
902,6798
903,16902
903,25383
904,505
904,3844
904,22142
905,3869
905,25093
905,27011
906,14397
906,14430
906,28814
907,11812
907,22438
908,8836
908,8861
909,19448
909,30159
909,30283
910,22473
910,23584
911,1537
911,9312
912,21980
912,29030
913,8771
913,21980
914,2864
914,29359
915,8207
915,27051
916,29781
916,30401
917,28748
917,31153
918,15367
918,21980
919,3821
919,20132
920,2528
920,9721
921,13550
921,14916
922,64
922,294
923,212
923,8959
924,5206
924,9108
925,22346
925,27302
925,30062
926,64
926,294
927,11308
927,11314
928,9452
928,11398
929,478
929,12005
930,13918
930,13964
931,2314
931,3226
932,3920
932,5801
933,3457
933,7243
934,1070
934,12392
935,2590
935,23296
936,1804
936,7087
936,23077
937,3399
937,25061
938,9940
938,13804
939,1915
939,25583
940,11812
940,22438
941,2835
941,12042
942,24831
942,24832
943,22318
943,28881
944,18284
944,28876
945,13446
945,27419
946,20805
946,30409
947,19343
947,19674
948,230
948,249
949,36
949,68
950,64
950,294
951,14546
951,16644
952,64
952,294
953,1920
953,2511
954,265
954,4787
955,16644
955,16648
956,478
956,8995
957,14397
957,14430
957,28814
958,36
958,68
959,64
959,294
960,230
960,245
961,36
961,68
962,64
962,294
963,5303
963,5304
964,2353
964,2773
965,8088
965,8191
966,9582
966,14607
967,14546
967,16644
967,16648
968,6883
968,8191
969,8191
969,16677
970,8191
970,14607
971,8191
971,14607
972,2202
972,14607
973,9041
973,9042
974,1760
974,3505
975,5483
975,7200
976,8191
976,16677
977,1376
977,19696
978,36
978,68
979,64
979,294
980,36
980,68
981,230
981,245
982,36
982,68
983,64
983,294
984,6883
984,8191
985,11926
985,14332
986,8191
986,16677
987,21596
987,21604
988,26914
988,27562
988,27715
989,26914
989,27562
989,27715
990,64
990,294
991,14546
991,16644
991,16648
992,1760
992,3505
993,196
993,409
994,14397
994,14430
994,28814
995,11812
995,22438
996,989
996,7732
997,64
997,294
998,6458
998,6460
999,64
999,294
1000,15040
1000,17350
1001,64
1001,294
1002,1173
1002,1591
1003,1591
1003,3854
1004,3954
1004,7200
1005,3954
1005,7200
1006,4389
1006,4391
1007,19372
1007,20286
1008,3954
1008,7200
1008,10936
1008,10937
1009,21665
1009,21980
1010,5603
1010,8825
1011,51
1011,10156
1011,13351
1011,16382
1012,13450
1012,21980
1013,11761
1013,15781
1014,22461
1014,22635
1015,18880
1015,19891
1016,21143
1016,23655
1017,21980
1017,23153
1018,3954
1018,7200
1019,479
1019,2622
1020,10769
1020,11749
1021,5972
1021,6798
1022,3844
1022,5213
1023,14397
1023,14430
1023,28814
1024,21980
1024,25284
1025,29781
1025,30401
1026,13291
1026,23453
1027,5639
1027,10715
1028,64
1028,294
1029,3640
1029,12445
1030,743
1030,7376
1031,4389
1031,4391
1032,6
1032,459
1033,220
1033,2844
1033,3314
1034,661
1034,4595
1035,2012
1035,7591
1036,6842
1036,6904
1036,7420
1037,1256
1037,1454
1038,955
1038,1487
1039,5037
1039,10084
1039,10302
1039,10929
1040,6906
1040,8283
1041,2569
1041,7110
1042,1014
1042,1291
1043,1531
1043,3586
1043,11985
1044,4371
1044,7567
1045,4060
1045,7278
1046,937
1046,7278
1047,992
1047,1435
1048,7668
1048,8147
1049,1154
1049,4655
1050,2843
1050,14347
1051,8454
1051,8580
1052,7184
1052,10303
1052,10506
1053,11068
1053,17914
1054,5728
1054,12574
1055,1043
1055,1585
1056,8867
1056,10509
1057,10740
1057,10839
1057,11022
1058,2714
1058,7206
1059,12662
1059,14539
1060,1564
1060,6437
1060,13962
1061,18452
1061,18459
1062,2927
1062,3737
1063,581
1063,3565
1064,289
1064,6061
1064,6116
1064,7370
1064,11369
1065,13769
1065,14029
1065,18601
1066,992
1066,1435
1066,9556
1067,17910
1067,18046
1068,16867
1068,20289
1069,261
1069,20401
1070,2380
1070,2811
1071,8769
1071,12123
1071,17892
1071,18421
1071,20951
1072,10570
1072,17738
1073,344
1073,534
1074,8090
1074,8779
1075,17594
1075,18769
1076,4837
1076,9065
1077,1758
1077,14489
1078,3954
1078,7200
1079,8487
1079,13815
1080,1093
1080,1460
1080,1693
1081,11420
1081,11727
1081,17164
1081,20678
1082,6125
1082,8148
1082,13647
1083,3835
1083,4339
1084,6667
1084,12867
1084,12898
1085,18663
1085,18781
1086,6078
1086,8397
1087,7278
1087,13298
1087,17401
1088,3148
1088,17277
1089,1662
1089,6405
1090,1757
1090,14858
1091,54
1091,20601
1091,22423
1092,263
1092,3835
1092,20584
1093,7891
1093,17357
1094,8658
1094,10746
1095,11049
1095,14776
1095,16602
1096,6587
1096,22464
1096,23143
1097,43
1097,6607
1097,11891
1097,21924
1097,23023
1097,23669
1098,1585
1098,13539
1099,21050
1099,21322
1100,6166
1100,6181
1101,19605
1101,23017
1102,9024
1102,16259
1103,608
1103,18658
1104,20322
1104,24173
1104,24243
1105,23143
1105,24702
1106,14397
1106,15327
1106,25119
1107,13355
1107,14397
1107,15319
1107,15327
1108,24173
1108,24243
1109,2811
1109,10892
1110,15110
1110,15741
1111,220
1111,3005
1112,240
1112,21973
1113,24173
1113,24243
1114,18272
1114,25597
1115,25909
1115,25936
1116,8705
1116,23728
1117,12249
1117,27052
1118,19039
1118,19632
1119,9815
1119,9820
1120,26507
1120,27471
1121,6364
1121,23080
1122,649
1122,6190
1123,10436
1123,14956
1124,29012
1124,29016
1125,11064
1125,13584
1126,8615
1126,19615
1127,29696
1127,29965
1128,23589
1128,23612
1129,27353
1129,30960
1130,29913
1130,30623
1131,8667
1131,16795
1131,26516
1131,29371
1132,25935
1132,25950
1133,36
1133,68
1134,673
1134,3237
1135,5194
1135,5195
1136,3669
1136,5738
1137,1972
1137,4462
1138,154
1138,197
1139,5261
1139,7093
1140,2511
1140,7018
1141,1591
1141,1592
1142,5973
1142,8166
1143,7018
1143,8347
1143,9916
1144,5973
1144,9763
1145,5973
1145,9763
1146,2681
1146,2792
1147,2991
1147,7018
1147,9398
1148,5159
1148,13896
1149,1024
1149,9763
1150,5973
1150,6732
1151,9037
1151,15904
1152,504
1152,9631
1153,9452
1153,11398
1154,3954
1154,7200
1155,8868
1155,11174
1156,227
1156,16889
1157,8191
1157,9763
1158,2360
1158,5973
1159,4045
1159,11299
1160,1543
1160,13046
1161,8191
1161,9763
1162,8191
1162,9763
1163,8191
1163,9763
1163,13813
1164,9763
1164,17421
1165,1353
1165,8191
1165,9763
1165,18696
1166,8191
1166,9763
1167,9037
1167,17421
1168,3954
1168,5973
1168,7200
1169,3954
1169,7200
1170,6517
1170,17231
1171,1548
1171,2202
1172,16262
1172,17624
1173,1173
1173,13381
1174,4152
1174,7366
1174,18929
1175,8990
1175,11441
1176,3427
1176,3898
1176,11782
1177,2584
1177,5226
1177,8683
1177,17574
1178,3535
1178,19934
1179,2412
1179,3178
1179,16670
1180,10334
1180,18986
1181,5973
1181,15643
1182,5473
1182,8191
1183,16677
1183,17476
1184,8191
1184,20505
1185,20193
1185,20207
1186,743
1186,6499
1186,7376
1187,8191
1187,20505
1188,5474
1188,5973
1189,7045
1189,12132
1189,19861
1190,5123
1190,5159
1191,8061
1191,14809
1191,18963
1192,11445
1192,12109
1193,2325
1193,9074
1193,19479
1194,1376
1194,15484
1195,8837
1195,20990
1196,2120
1196,17783
1197,227
1197,20044
1198,8084
1198,17938
1199,1173
1199,5973
1200,8191
1200,15293
1201,13659
1201,21819
1202,14704
1202,20740
1203,7045
1203,14809
1203,18963
1203,19861
1204,5306
1204,8191
1205,9487
1205,13772
1206,15551
1206,19706
1207,14809
1207,18963
1208,13117
1208,15275
1209,8191
1209,21820
1210,9759
1210,18016
1211,2359
1211,18963
1212,10156
1212,13351
1213,18963
1213,20168
1214,2798
1214,18570
1215,9348
1215,21316
1216,18963
1216,23077
1217,2402
1217,19479
1218,9223
1218,21514
1219,11761
1219,13494
1219,23413
1220,16567
1220,18311
1221,12209
1221,20386
1222,18880
1222,19891
1223,4430
1223,13759
1224,3385
1224,16178
1224,17478
1224,23296
1225,16775
1225,20991
1226,13138
1226,20964
1227,5766
1227,21767
1228,3459
1228,6974
1228,10103
1229,12394
1229,14361
1229,14430
1229,21173
1230,196
1230,409
1231,8612
1231,13034
1232,4374
1232,13768
1233,19574
1233,19585
1234,12724
1234,24234
1235,4502
1235,22176
1236,7739
1236,8511
1237,14809
1237,18963
1238,6618
1238,24047
1239,1173
1239,23921
1240,1221
1240,22983
1240,22986
1241,0
1241,58
1242,1769
1242,6764
1242,23107
1243,19625
1243,22324
1244,5399
1244,18963
1245,14809
1245,18963
1246,3954
1246,16161
1247,11326
1247,24921
1248,12695
1248,24921
1249,18963
1249,25190
1250,19603
1250,24541
1251,9410
1251,9528
1251,11912
1252,9005
1252,17258
1253,11803
1253,19527
1254,359
1254,1173
1254,10888
1254,23143
1255,4248
1255,4386
1255,23921
1256,2761
1256,4876
1257,18963
1257,22797
1258,1154
1258,4655
1259,3551
1259,6817
1259,18963
1260,328
1260,3495
1260,12673
1260,14313
1260,21982
1261,2981
1261,23719
1262,4876
1262,14622
1263,1265
1263,2149
1264,6817
1264,18698
1265,14149
1265,18963
1266,16902
1266,26078
1267,23765
1267,24455
1268,22
1268,22473
1269,21047
1269,21237
1270,24971
1270,27512
1271,21983
1271,24705
1272,6925
1272,14791
1273,630
1273,27799
1274,17938
1274,24269
1275,18963
1275,26521
1276,8428
1276,22443
1277,4095
1277,5976
1278,18963
1278,22521
1279,8344
1279,9421
1280,909
1280,910
1281,18530
1281,18963
1282,200
1282,25560
1283,22481
1283,24705
1284,18702
1284,22346
1284,29275
1285,14397
1285,14430
1285,28814
1286,16112
1286,18963
1286,28422
1287,22519
1287,28072
1288,10888
1288,27084
1289,351
1289,5054
1290,11812
1290,22438
1291,17987
1291,18963
1292,989
1292,7732
1293,18273
1293,18963
1294,8612
1294,19726
1295,2835
1295,17882
1296,24831
1296,24832
1297,27768
1297,28103
1298,842
1298,12716
1298,30053
1299,9288
1299,18031
1299,25281
1300,9817
1300,13046
1300,29130
1301,3572
1301,16638
1301,26672
1302,1032
1302,7061
1302,19448
1303,18963
1303,23349
1304,16555
1304,19603
1305,16555
1305,19603
1306,8031
1306,17594
1306,28721
1306,29083
1307,18286
1307,30504
1308,26282
1308,26284
1309,25573
1309,30713
1310,6739
1310,16628
1311,19343
1311,29958
1312,699
1312,27984
1313,23720
1313,31087
1314,1312
1314,24642
1314,27003
1314,31048
1315,24742
1315,25833
1316,20219
1316,23559
1316,25833
1317,20174
1317,20202
1318,8147
1318,11590
1319,146
1319,564
1319,3621
1319,13739
1319,29830
1320,9073
1320,24090
1321,12157
1321,19785
1321,31141
1322,16089
1322,24565
1323,27438
1323,29707
1324,8817
1324,30000
1325,3588
1325,29993
1326,13550
1326,22551
1327,3842
1327,5478
1328,3465
1328,5524
1329,694
1329,699
1329,13046
1330,23161
1330,28475
1331,3147
1331,7130
1331,8817
1332,4441
1332,8312
1333,1608
1333,6855
1334,36
1334,68
1335,64
1335,294
1336,768
1336,3288
1337,606
1337,1187
1338,3531
1338,3623
1339,6369
1339,8334
1340,265
1340,6579
1341,11308
1341,11314
1342,8191
1342,9763
1343,14546
1343,16644
1343,16648
1344,3677
1344,14607
1345,478
1345,12005
1346,8191
1346,16677
1347,3954
1347,7200
1348,8191
1348,16677
1349,8191
1349,16677
1350,14607
1350,16677
1351,8191
1351,14607
1352,3640
1352,12445
1353,2202
1353,14607
1353,16677
1354,7366
1354,18929
1355,9041
1355,9042
1356,7722
1356,8166
1357,8191
1357,16677
1358,1070
1358,12392
1359,8191
1359,16677
1360,8191
1360,16677
1361,6645
1361,7376
1362,8191
1362,16677
1363,8191
1363,16677
1364,8191
1364,16677
1365,6696
1365,8191
1365,18809
1366,6609
1366,7045
1367,5881
1367,8191
1368,15718
1368,22236
1369,19815
1369,22582
1370,1560
1370,1573
1370,13450
1371,18880
1371,19891
1372,4350
1372,10145
1372,10356
1372,14510
1373,14607
1373,16677
1374,7739
1374,13682
1374,13987
1375,15541
1375,15597
1376,43
1376,58
1377,22605
1377,22792
1378,9349
1378,13804
1379,20218
1379,22150
1379,22672
1380,8186
1380,18393
1381,20248
1381,23237
1382,4876
1382,14267
1382,19364
1383,8561
1383,24907
1384,5972
1384,6798
1385,24924
1385,25613
1386,25952
1386,26062
1387,2024
1387,27390
1388,23765
1388,24455
1389,19072
1389,19542
1390,27888
1390,28016
1391,2015
1391,17844
1391,23231
1391,26062
1392,26914
1392,27562
1393,27562
1393,27715
1394,13038
1394,28689
1395,11282
1395,14360
1396,22346
1396,29275
1397,14397
1397,14430
1397,28814
1398,18184
1398,29501
1399,989
1399,7732
1400,22346
1400,30099
1401,3790
1401,7708
1402,2835
1402,11883
1403,24831
1403,24832
1404,16148
1404,18812
1404,23584
1405,6053
1405,19448
1406,13742
1406,25933
1407,26189
1407,27057
1408,25664
1408,28338
1409,9312
1409,28913
1410,22318
1410,28881
1411,26282
1411,26284
1412,2864
1412,17423
1413,8791
1413,14762
1413,27852
1414,29781
1414,30401
1415,29201
1415,30626
1416,20159
1416,26821
1417,9918
1417,27810
1417,30742
1418,23264
1418,23265
1419,9381
1419,31592
1420,14038
1420,14340
1420,24046
1420,29993
1421,212
1421,8121
1422,2721
1422,3450
1423,154
1423,331
1424,7071
1424,7164
1425,4159
1425,5282
1425,7428
1426,2889
1426,5634
1427,2564
1427,7266
1427,8734
1428,230
1428,245
1428,9331
1429,6214
1429,6457
1430,4048
1430,10149
1431,4736
1431,6457
1432,3975
1432,6214
1432,13136
1433,6091
1433,9037
1434,5973
1434,15474
1435,9041
1435,9042
1436,227
1436,685
1436,2379
1436,3375
1436,3376
1436,4199
1437,10822
1437,17174
1438,5766
1438,7563
1439,8191
1439,9763
1440,5920
1440,17119
1441,10662
1441,15971
1441,18596
1442,326
1442,10642
1443,4335
1443,11820
1444,8191
1444,9763
1445,2258
1445,10284
1445,11739
1446,11886
1446,12392
1447,9044
1447,18530
1448,743
1448,7376
1449,5707
1449,5948
1450,4289
1450,20885
1451,10485
1451,11994
1452,12420
1452,14704
1453,3375
1453,3376
1453,13377
1454,21162
1454,21261
1455,2560
1455,7722
1456,8475
1456,16925
1457,16677
1457,18426
1457,22324
1458,19521
1458,22861
1459,1854
1459,17029
1460,2810
1460,5295
1461,22478
1461,23348
1462,12505
1462,15040
1463,23613
1463,23688
1464,20800
1464,21495
1465,694
1465,699
1465,11401
1466,14209
1466,15860
1467,2448
1467,12042
1468,17031
1468,18683
1469,19252
1469,19332
1470,3954
1470,25851
1471,5147
1471,16972
1472,1711
1472,17277
1473,24225
1473,24705
1473,25620
1474,17897
1474,26062
1475,6480
1475,16972
1476,13246
1476,14779
1476,24275
1477,2311
1477,12835
1477,21143
1477,21983
1478,5972
1478,6798
1479,865
1479,15889
1479,23064
1480,3449
1480,8001
1480,16972
1481,23721
1481,23890
1482,16972
1482,27753
1483,4196
1483,16365
1483,25836
1484,1374
1484,3364
1484,21845
1485,16972
1485,24269
1486,21662
1486,22941
1487,24273
1487,27384
1488,6026
1488,28757
1489,909
1489,910
1490,22519
1490,28072
1491,4579
1491,16972
1492,2424
1492,6571
1493,989
1493,7732
1494,8836
1494,8861
1495,9288
1495,16972
1496,17157
1496,27768
1497,9288
1497,29897
1497,30053
1498,18353
1498,21868
1499,9288
1499,18031
1500,25424
1500,27768
1501,221
1501,8551
1502,23321
1502,24164
1502,27768
1503,8031
1503,27857
1504,24094
1504,28338
1505,19887
1505,27799
1505,30354
1506,4066
1506,4568
1507,25270
1507,30862
1508,2864
1508,12914
1509,3989
1509,6217
1510,26860
1510,30041
1511,13934
1511,17348
1512,26884
1512,27051
1513,3342
1513,30966
1514,4501
1514,7757
1515,27003
1515,31048
1516,10423
1516,24690
1517,6779
1517,25213
1518,20174
1518,20202
1519,7941
1519,9025
1520,564
1520,30351
1521,9576
1521,17227
1521,20124
1521,28725
1522,10310
1522,26002
1523,27111
1523,28666
1524,13517
1524,24990
1525,20132
1525,31198
1526,3879
1526,8946
1527,7821
1527,20659
1528,6402
1528,8115
1528,31132
1529,12086
1529,29593
1530,9919
1530,11315
1531,64
1531,294
1532,2365
1532,2550
1533,245
1533,2033
1534,7028
1534,18520
1535,1760
1535,3505
1536,24316
1536,24317
1537,64
1537,294
1538,1173
1538,1197
1539,108
1539,2270
1540,2297
1540,5764
1541,1972
1541,5782
1542,2827
1542,2889
1543,6457
1543,7722
1544,14462
1544,16262
1545,12505
1545,17350
1546,3459
1546,19340
1547,6817
1547,26062
1548,22184
1548,26062
1549,18038
1549,27857
1550,64
1550,294
1551,2365
1551,3427
1552,265
1552,3713
1553,2297
1553,5764
1554,154
1554,331
1555,8177
1555,8322
1556,1591
1556,7836
1557,3798
1557,5511
1558,994
1558,3798
1559,10720
1559,10737
1560,3954
1560,7200
1561,1591
1561,1592
1562,1024
1562,9270
1563,2328
1563,3975
1564,8412
1564,9037
1565,3954
1565,7200
1566,227
1566,2369
1567,5920
1567,12507
1568,2771
1568,2803
1569,8040
1569,13003
1570,1760
1570,3505
1571,19574
1571,19585
1572,11445
1572,12109
1573,1376
1573,4863
1574,2560
1574,19340
1575,1048
1575,1337
1576,23765
1576,24455
1577,26914
1577,27562
1578,1808
1578,1810
1579,13550
1579,14883
1579,14916
1580,478
1580,6011
1581,9897
1581,13685
1582,12835
1582,24275
1583,19845
1583,24085
1584,25208
1584,28176
1585,26282
1585,26284
1586,10740
1586,11022
1586,19343
1586,22990
1586,25545
1587,4066
1587,4568
1588,26398
1588,27011
1588,27746
1588,30862
1589,4343
1589,13932
1590,18
1590,27631
1591,11315
1591,31512
1592,2511
1592,3913
1593,1898
1593,2033
1594,1725
1594,1898
1595,145
1595,189
1596,6011
1596,6928
1597,2737
1597,5755
1597,10247
1598,1411
1598,16459
1599,12835
1599,24275
1600,1808
1600,1810
1601,1597
1601,1915
1602,786
1602,2995
1603,606
1603,1187
1604,3515
1604,5762
1605,1944
1605,4787
1606,197
1606,2767
1607,2827
1607,2889
1608,1324
1608,1920
1609,1365
1609,1898
1609,3491
1610,9518
1610,12796
1611,6775
1611,10362
1612,9257
1612,10084
1613,3798
1613,10356
1613,14589
1614,2767
1614,6959
1615,8482
1615,13813
1616,6575
1616,13494
1617,4837
1617,8763
1618,1374
1618,4539
1618,11041
1619,8482
1619,9880
1620,3954
1620,7200
1620,13813
1621,4335
1621,16290
1622,5383
1622,16245
1623,4335
1623,5358
1624,478
1624,6011
1625,2345
1625,5383
1625,9037
1626,3153
1626,9037
1627,3353
1627,4452
1628,4547
1628,5091
1629,3565
1629,9348
1630,4220
1630,14276
1631,1692
1631,8685
1631,13341
1632,1173
1632,13823
1633,2767
1633,11249
1634,4220
1634,9348
1635,6969
1635,7722
1635,11936
1636,5438
1636,10925
1636,16570
1637,108
1637,16290
1638,3375
1638,3376
1639,2908
1639,3640
1640,10925
1640,17757
1641,1224
1641,18619
1642,475
1642,16178
1643,8191
1643,9763
1643,19044
1644,10171
1644,19494
1644,20027
1645,7299
1645,16000
1645,19349
1646,743
1646,7376
1646,15718
1647,3954
1647,7200
1648,7643
1648,18475
1649,12835
1649,13457
1650,227
1650,20044
1651,13494
1651,17139
1652,2511
1652,19331
1653,13659
1653,21819
1653,21820
1654,227
1654,9066
1654,20044
1655,2560
1655,5213
1655,19625
1656,7539
1656,9348
1656,15551
1657,2511
1657,9496
1657,21316
1658,8166
1658,14991
1659,4735
1659,19044
1659,22560
1660,1374
1660,18581
1661,14991
1661,22873
1662,14650
1662,23352
1663,1991
1663,9003
1664,7679
1664,7711
1664,9223
1664,15642
1665,8612
1665,8673
1666,5203
1666,19625
1667,7200
1667,22914
1668,2767
1668,13494
1669,10356
1669,22629
1670,11884
1670,18507
1671,17085
1671,19625
1672,2767
1672,12878
1672,19044
1673,15909
1673,21820
1674,15541
1674,15597
1675,6095
1675,8612
1676,23124
1676,24477
1677,17501
1677,23831
1678,17994
1678,24500
1679,13494
1679,19141
1680,679
1680,3244
1681,5293
1681,21258
1682,9940
1682,17579
1683,9528
1683,11860
1683,20218
1684,9003
1684,9410
1685,20810
1685,23856
1686,20242
1686,25294
1687,19845
1687,24085
1688,9003
1688,13120
1689,4601
1689,18338
1690,3303
1690,3304
1691,462
1691,1091
1692,7151
1692,16424
1692,18832
1693,16902
1693,27126
1694,18553
1694,24413
1695,14430
1695,19872
1696,2798
1696,5213
1696,11768
1697,23296
1697,26481
1698,7558
1698,11318
1699,19845
1699,24085
1700,1374
1700,9421
1701,14397
1701,28814
1702,10849
1702,24629
1703,989
1703,7732
1704,5087
1704,11625
1705,17467
1705,21063
1706,17643
1706,29995
1707,22561
1707,26438
1707,28744
1708,4491
1708,5155
1709,13894
1709,30734
1710,12902
1710,17929
1711,14192
1711,20909
1712,27685
1712,29282
1713,13718
1713,31394
1714,14227
1714,29087
1715,2138
1715,27313
1716,108
1716,4761
1717,3944
1717,7837
1718,181
1718,9130
1719,1324
1719,1920
1720,3485
1720,6778
1721,1898
1721,9037
1722,4317
1722,9363
1723,9452
1723,11398
1724,478
1724,6011
1725,6711
1725,15896
1726,14309
1726,16342
1727,8191
1727,9763
1728,743
1728,7376
1729,19574
1729,19585
1730,2511
1730,4865
1731,4433
1731,20571
1732,2560
1732,5213
1733,9041
1733,9042
1734,2511
1734,22534
1735,4735
1735,10356
1736,7766
1736,18581
1737,2574
1737,10917
1738,14991
1738,22873
1739,19340
1739,22873
1740,1991
1740,11809
1741,196
1741,409
1742,1920
1742,14607
1742,22362
1743,7739
1743,8511
1744,13321
1744,21083
1745,43
1745,6762
1745,6764
1746,3459
1746,22521
1747,20800
1747,21495
1748,9024
1748,16259
1749,14209
1749,15860
1750,3102
1750,9405
1751,568
1751,2513
1752,6817
1752,12673
1752,14313
1753,9105
1753,15743
1753,16358
1754,7151
1754,16424
1754,22083
1755,2024
1755,27390
1756,1104
1756,23719
1757,8310
1757,18861
1758,7853
1758,17983
1759,26434
1759,27201
1760,17844
1760,23231
1761,1374
1761,8344
1761,9421
1762,2798
1762,6026
1763,909
1763,910
1764,15982
1764,28766
1765,2424
1765,10042
1766,989
1766,7732
1767,989
1767,11625
1768,21063
1768,23342
1769,27768
1769,28103
1770,12716
1770,14582
1770,18031
1771,875
1771,5904
1771,20794
1771,23584
1772,22944
1772,25208
1772,28176
1772,30280
1773,27768
1773,28385
1774,22136
1774,24752
1775,10740
1775,10839
1775,11022
1775,22990
1775,25273
1775,25545
1776,13324
1776,19343
1777,4066
1777,4568
1778,6739
1778,16628
1779,25270
1779,30862
1780,1375
1780,26557
1781,19393
1781,19654
1782,26692
1782,27380
1783,3342
1783,22923
1784,4042
1784,23517
1785,27003
1785,31048
1786,10423
1786,24690
1787,9496
1787,23559
1788,19469
1788,25213
1789,20174
1789,20202
1790,27265
1790,27901
1791,4720
1791,29830
1792,100
1792,31117
1793,20797
1793,30913
1794,11889
1794,14227
1795,23926
1795,28384
1796,1379
1796,1799
1796,1940
1797,2827
1797,2889
1798,227
1798,20044
1799,1379
1799,1799
1799,1940
1800,6095
1800,9038
1801,230
1801,245
1801,249
1802,64
1802,294
1803,768
1803,1372
1804,1656
1804,2379
1805,2033
1805,2733
1806,81
1806,136
1807,1944
1807,2033
1808,2365
1808,2448
1809,1799
1809,4787
1810,1379
1810,1799
1811,3356
1811,4431
1811,5006
1811,5318
1812,1107
1812,1920
1813,1120
1813,5800
1814,5303
1814,5304
1815,5352
1815,6102
1816,5395
1816,5782
1817,154
1817,331
1817,1972
1818,1972
1818,2767
1819,5800
1819,6086
1820,1972
1820,5656
1821,3751
1821,6811
1822,4449
1822,7283
1823,4761
1823,4787
1823,6993
1824,994
1824,3795
1825,1964
1825,9130
1826,245
1826,8899
1827,8751
1827,9398
1828,6369
1828,10137
1829,3387
1829,6457
1830,5977
1830,10427
1831,3811
1831,4787
1832,6063
1832,6579
1833,2369
1833,4787
1834,8343
1834,8761
1835,7018
1835,7184
1836,3954
1836,7200
1837,3070
1837,8094
1838,4280
1838,10362
1839,236
1839,7112
1840,2033
1840,4204
1841,2079
1841,9084
1842,1898
1842,8347
1843,11308
1843,11314
1844,2020
1844,2991
1845,2020
1845,3118
1846,2020
1846,3170
1847,1024
1847,11418
1848,3798
1848,10356
1848,13234
1849,1254
1849,1750
1850,8482
1850,12692
1850,12711
1851,7252
1851,14874
1851,14875
1852,5765
1852,9812
1853,2018
1853,8070
1853,9037
1854,313
1854,715
1854,13552
1855,10303
1855,11461
1856,2328
1856,3257
1856,7722
1857,4787
1857,4968
1857,7934
1858,10356
1858,12271
1859,3528
1859,3987
1860,504
1860,11471
1861,3987
1861,7188
1861,9195
1862,478
1862,6182
1863,10875
1863,15643
1864,1523
1864,9037
1864,11957
1865,69
1865,478
1865,6011
1866,8315
1866,14546
1866,16644
1866,16648
1867,227
1867,2379
1868,2412
1868,6593
1868,8769
1869,2379
1869,9398
1870,3153
1870,13279
1870,15163
1871,6457
1871,6778
1871,10412
1871,15566
1871,16566
1872,5766
1872,7563
1873,2681
1873,15464
1874,3989
1874,11604
1875,6575
1875,13646
1876,717
1876,9264
1877,2379
1877,17077
1878,4787
1878,11369
1879,10495
1879,11967
1879,12463
1880,8040
1880,15767
1881,227
1881,3375
1882,7012
1882,8147
1883,7445
1883,11836
1884,5920
1884,12507
1885,1608
1885,8990
1886,2379
1886,8812
1887,1149
1887,9036
1887,10362
1888,2907
1888,9398
1889,411
1889,2728
1890,728
1890,2379
1891,4522
1891,7563
1891,12109
1892,4522
1892,4535
1892,12109
1893,9398
1893,17249
1894,10662
1894,17501
1895,8139
1895,10298
1896,18895
1896,18896
1897,2379
1897,4289
1898,6812
1898,14091
1899,2126
1899,18520
1900,2016
1900,11602
1901,3640
1901,11654
1901,12445
1902,1158
1902,4152
1902,7366
1902,18929
1903,9348
1903,18240
1904,8837
1904,19494
1905,8040
1905,13003
1906,2344
1906,18546
1907,2379
1907,19736
1908,2379
1908,13117
1909,1760
1909,3505
1909,9270
1910,7007
1910,8763
1910,15724
1911,9223
1911,10356
1912,10290
1912,17493
1913,1190
1913,3457
1914,2258
1914,2511
1914,13580
1915,227
1915,8990
1916,4407
1916,16067
1917,7687
1917,11739
1918,2379
1918,11388
1918,20044
1919,2379
1919,2412
1919,16670
1920,33
1920,15302
1921,4196
1921,17593
1922,10334
1922,14848
1923,2379
1923,4196
1924,4614
1924,13633
1925,4423
1925,20044
1926,7073
1926,20044
1927,2379
1927,18530
1928,2379
1928,4585
1928,20044
1929,5400
1929,6627
1929,15205
1930,2379
1930,15298
1930,20044
1931,743
1931,7376
1932,2379
1932,20044
1933,17277
1933,19627
1934,9348
1934,20044
1935,4635
1935,20848
1936,2379
1936,2763
1937,7722
1937,20044
1938,3476
1938,11336
1938,13012
1938,13759
1938,14091
1938,14386
1939,17637
1939,17971
1939,18581
1940,2379
1940,14645
1941,17809
1941,19516
1941,19574
1941,19585
1942,2379
1942,7481
1942,20044
1943,2379
1943,16972
1944,533
1944,4196
1944,4530
1944,7927
1944,7929
1944,17637
1944,21133
1945,4828
1945,18520
1946,8734
1946,12255
1946,13580
1947,2379
1947,20044
1948,5703
1948,11445
1948,12109
1949,3976
1949,12255
1950,2346
1950,2862
1950,4876
1950,9897
1950,13386
1950,18728
1951,2379
1951,2511
1951,19123
1952,7020
1952,17637
1952,20027
1952,20592
1953,7535
1953,10333
1954,2379
1954,17474
1955,6026
1955,20044
1956,2707
1956,4852
1956,7970
1957,2379
1957,3375
1957,3376
1957,4196
1957,13183
1957,16262
1957,20737
1957,21238
1958,6362
1958,20138
1959,3985
1959,10156
1960,2379
1960,10031
1960,13177
1961,47
1961,227
1962,271
1962,1010
1963,8673
1963,9279
1963,20044
1964,1376
1964,14766
1965,108
1965,12835
1965,17085
1966,227
1966,2019
1966,5054
1966,8508
1966,9832
1966,16508
1966,18527
1967,6362
1967,14348
1967,17759
1967,18914
1967,20387
1968,2120
1968,2511
1968,13376
1968,16382
1969,19443
1969,20044
1970,9645
1970,13349
1971,4522
1971,6385
1972,4522
1972,21046
1973,2379
1973,4433
1973,14813
1974,2379
1974,5087
1974,5662
1974,11994
1974,13349
1974,13457
1974,13494
1975,227
1975,7200
1975,8002
1975,8149
1975,15257
1975,16428
1975,17139
1975,17561
1976,18202
1976,19691
1976,20387
1977,20387
1977,20964
1977,21596
1977,21604
1978,2511
1978,20044
1979,8002
1979,21721
1980,1097
1980,2379
1980,10811
1980,12417
1980,21596
1981,1097
1981,11629
1982,17491
1982,20238
1983,1741
1983,9380
1983,20044
1984,13012
1984,13055
1984,16508
1985,5054
1985,13376
1985,13659
1985,21819
1986,1097
1986,15293
1987,9895
1987,17491
1987,21653
1988,5621
1988,11645
1989,11506
1989,18915
1990,6672
1990,16540
1990,18915
1991,8612
1991,20387
1992,3375
1992,3376
1992,3819
1992,7200
1992,15293
1993,15711
1993,20740
1994,6609
1994,14704
1994,20387
1995,1608
1995,20044
1995,20740
1996,1585
1996,4579
1996,8670
1996,21820
1997,2379
1997,7722
1997,11301
1997,13659
1997,17561
1997,20628
1997,21965
1998,11217
1998,14704
1999,1608
1999,5881
1999,20044
2000,937
2000,10811
2001,10171
2001,20757
2002,2022
2002,7001
2002,22055
2003,11217
2003,20628
2004,1729
2004,2379
2005,2560
2005,5213
2005,20044
2006,428
2006,1424
2006,1529
2006,13158
2006,17646
2006,17974
2007,8811
2007,20044
2008,10285
2008,13377
2008,13968
2009,4102
2009,19105
2010,1348
2010,2231
2010,5551
2011,12786
2011,20044
2012,21162
2012,21261
2013,4787
2013,7953
2013,9556
2013,11044
2013,18158
2014,19421
2014,21067
2015,2379
2015,14766
2016,20176
2016,21688
2016,22153
2017,5275
2017,20639
2018,2379
2018,10811
2019,9556
2019,17637
2019,20044
2019,21965
2019,22183
2020,11820
2020,12878
2020,17397
2021,2898
2021,17579
2022,5688
2022,10171
2022,14766
2022,14769
2023,51
2023,12366
2023,21316
2023,21956
2024,2379
2024,10853
2024,18016
2025,12111
2025,22310
2026,390
2026,456
2026,6168
2026,10156
2026,13813
2027,20990
2027,21316
2028,2511
2028,22534
2029,9496
2029,20027
2029,21807
2030,8875
2030,16925
2031,4960
2031,18828
2031,20044
2031,20387
2032,11041
2032,15935
2033,8166
2033,18338
2034,307
2034,10156
2035,3124
2035,16698
2036,15935
2036,22633
2037,227
2037,16815
2038,3427
2038,3613
2038,5621
2038,15101
2038,21965
2039,2379
2039,20044
2040,3993
2040,14991
2040,22394
2041,2379
2041,21381
2041,22350
2042,227
2042,20044
2043,9496
2043,19833
2043,19877
2043,20044
2043,21930
2044,10356
2044,11305
2045,4125
2045,4735
2045,20387
2045,21767
2045,22174
2046,9175
2046,21032
2047,4529
2047,18426
2047,18978
2048,1374
2048,3272
2048,6672
2048,18581
2049,3563
2049,5407
2049,8990
2049,10129
2049,10362
2049,19026
2050,14913
2050,15563
2051,2379
2051,20044
2052,1854
2052,8752
2052,10673
2052,22797
2053,2379
2053,16262
2054,5640
2054,20044
2055,3875
2055,21143
2056,2379
2056,20044
2056,22511
2057,21308
2057,21606
2058,2379
2058,6438
2059,19905
2059,22429
2060,1134
2060,11336
2060,13117
2060,22816
2060,23124
2061,2798
2061,6438
2061,13952
2061,16822
2061,17923
2062,3898
2062,16687
2062,19252
2063,5078
2063,22914
2063,23139
2064,2402
2064,5523
2064,7583
2065,227
2065,1203
2065,1560
2065,7479
2065,12097
2065,13802
2065,20044
2065,21981
2066,5295
2066,10941
2067,227
2067,9223
2068,4544
2068,19340
2069,13450
2069,16187
2070,2379
2070,14532
2071,227
2071,20387
2072,2379
2072,20044
2073,227
2073,7140
2073,8612
2074,227
2074,2379
2074,4262
2074,8612
2074,18896
2074,20044
2074,21459
2075,2544
2075,20387
2075,21174
2075,23352
2076,2547
2076,20387
2076,21174
2076,23352
2077,2634
2077,12209
2077,15644
2077,18087
2077,19014
2078,2379
2078,2955
2078,20044
2079,14340
2079,17622
2080,227
2080,1929
2080,2379
2080,7140
2080,10515
2080,20044
2081,9308
2081,23553
2082,16567
2082,23357
2083,9432
2083,18228
2084,227
2084,20044
2085,14988
2085,18634
2086,14607
2086,14766
2087,227
2087,2379
2087,20044
2088,7140
2088,20044
2089,2379
2089,20991
2090,17478
2090,20597
2090,22910
2091,13177
2091,20061
2092,227
2092,20672
2092,23376
2093,1794
2093,8612
2094,9523
2094,14069
2094,21736
2095,25
2095,38
2095,13804
2095,23376
2095,23722
2096,18880
2096,19891
2096,20044
2097,1991
2097,16382
2098,227
2098,11809
2098,12777
2098,22247
2099,8612
2099,20044
2100,253
2100,7711
2101,227
2101,2590
2101,14735
2101,20912
2101,21758
2101,22467
2101,22646
2101,23314
2102,208
2102,2379
2102,8483
2102,19704
2102,20044
2103,227
2103,3385
2103,12403
2103,20517
2103,22469
2104,6974
2104,10103
2105,18632
2105,22646
2106,20387
2106,23077
2107,11504
2107,16775
2107,20044
2108,8673
2108,9223
2108,14510
2109,6969
2109,8612
2110,12505
2110,15040
2110,17350
2111,227
2111,22893
2112,1920
2112,14607
2112,23949
2113,2379
2113,20044
2114,12653
2114,17721
2115,227
2115,2379
2115,19207
2116,3553
2116,9991
2117,681
2117,4374
2118,15711
2118,19207
2119,227
2119,3459
2119,13242
2120,2379
2120,8670
2120,10356
2120,18507
2121,5268
2121,20044
2122,22370
2122,24158
2123,10752
2123,18386
2124,5268
2124,9223
2125,1048
2125,8120
2125,15944
2126,20044
2126,23419
2127,10356
2127,17857
2128,227
2128,15909
2128,17146
2128,20996
2129,2379
2129,17260
2130,5766
2130,8506
2131,1614
2131,4674
2131,4719
2131,20833
2132,2379
2132,11281
2132,20044
2132,21430
2132,24266
2133,7140
2133,7709
2134,8824
2134,21815
2135,7245
2135,12651
2135,13120
2135,20822
2136,3224
2136,9348
2137,2379
2137,15376
2138,7739
2138,8511
2139,10274
2139,22473
2140,2379
2140,2621
2140,5172
2140,6548
2140,9530
2140,15412
2140,15541
2140,15597
2141,65
2141,11151
2141,16775
2141,22600
2142,15376
2142,20437
2142,23848
2143,2600
2143,6853
2144,5109
2144,5172
2145,1788
2145,8612
2145,21955
2146,6057
2146,14766
2147,2379
2147,7853
2148,9530
2148,12396
2148,23643
2149,227
2149,548
2149,8763
2149,24477
2150,2426
2150,2547
2150,6095
2150,9038
2151,1920
2151,2379
2152,17994
2152,19670
2153,2379
2153,10214
2153,21012
2154,9924
2154,24154
2155,12407
2155,20437
2156,10362
2156,24665
2157,2379
2157,4036
2158,6542
2158,16776
2158,23281
2158,24772
2159,21459
2159,24533
2160,679
2160,4386
2161,2379
2161,2425
2162,43
2162,2798
2162,4275
2162,22983
2162,22986
2163,1769
2163,6762
2163,6764
2164,24869
2164,24871
2165,11242
2165,20576
2166,487
2166,2379
2166,3293
2167,21943
2167,23107
2168,43
2168,58
2168,22324
2169,2379
2169,11917
2169,13804
2169,15931
2169,22399
2169,24454
2170,9487
2170,20648
2171,3459
2171,18491
2171,22521
2172,20800
2172,21495
2173,11917
2173,19163
2173,22473
2174,8612
2174,10814
2174,22926
2174,23096
2174,23503
2175,2379
2175,24812
2176,5399
2176,11151
2177,2379
2177,19908
2178,5293
2178,9348
2179,2379
2179,12696
2180,10356
2180,10362
2180,20882
2181,7191
2181,8612
2182,18861
2182,20044
2182,23919
2183,4588
2183,5293
2183,16982
2184,2379
2184,24013
2185,2379
2185,23334
2185,24921
2186,254
2186,21324
2186,21690
2187,10356
2187,11326
2187,12908
2187,21132
2188,23502
2188,25087
2189,3616
2189,25071
2190,23765
2190,25189
2191,34
2191,23317
2192,2379
2192,23798
2193,34
2193,1680
2194,2379
2194,15424
2195,568
2195,10446
2196,9024
2196,15558
2196,16259
2197,6429
2197,21382
2198,12359
2198,25061
2199,3042
2199,14209
2199,15860
2200,6672
2200,11401
2200,20446
2201,10146
2201,10180
2202,2332
2202,13120
2203,2379
2203,3848
2204,907
2204,1469
2205,1091
2205,21965
2206,2379
2206,8151
2207,21799
2207,25183
2208,2379
2208,24921
2209,3551
2209,24239
2210,4579
2210,8151
2211,17750
2211,21943
2212,6672
2212,19845
2213,2379
2213,2564
2213,7658
2213,7791
2213,24921
2214,35
2214,2379
2215,17757
2215,20218
2216,9897
2216,18049
2217,3102
2217,9405
2217,9621
2217,19625
2217,19948
2217,23036
2218,9410
2218,9528
2219,2379
2219,7045
2219,22672
2220,16775
2220,25732
2221,5147
2221,15196
2222,227
2222,12754
2222,19113
2223,25384
2223,25617
2224,5308
2224,22320
2225,15683
2225,19014
2226,11749
2226,18393
2226,24540
2227,2761
2227,4876
2227,18686
2228,1269
2228,7534
2228,8186
2228,24770
2229,23040
2229,24503
2230,531
2230,568
2230,11077
2230,20049
2230,23332
2230,25776
2231,6631
2231,14313
2232,1309
2232,20527
2233,182
2233,1262
2233,12822
2234,2761
2234,6817
2235,138
2235,9166
2235,9897
2235,20248
2235,23143
2236,1154
2236,10712
2236,23362
2237,12673
2237,22514
2238,5683
2238,24380
2239,14430
2239,22418
2240,2981
2240,3004
2240,3495
2240,11917
2240,12673
2240,14313
2240,18757
2241,11954
2241,16801
2242,14267
2242,17220
2242,23719
2243,6672
2243,15839
2243,18393
2243,21226
2243,24786
2243,25597
2243,26117
2244,8738
2244,18338
2244,24413
2245,6817
2245,26117
2246,17837
2246,22873
2247,8561
2247,24907
2248,21458
2248,26088
2249,2147
2249,2478
2249,14766
2249,22857
2249,26535
2250,8561
2250,24907
2250,26061
2251,7260
2251,24828
2252,6672
2252,8057
2252,20819
2253,2798
2253,20819
2254,8561
2254,24907
2255,7140
2255,15196
2255,20721
2255,26502
2256,7260
2256,11929
2257,2147
2257,2149
2257,2837
2257,3253
2257,6385
2257,8492
2257,22184
2258,14766
2258,23096
2258,23503
2259,22796
2259,25923
2260,9840
2260,13226
2260,14779
2261,11517
2261,17802
2261,23907
2262,12835
2262,26088
2262,26672
2263,2591
2263,6817
2263,10313
2264,22630
2264,24275
2265,4196
2265,23765
2266,17196
2266,26088
2267,1091
2267,5972
2267,6798
2267,10346
2267,11006
2267,19466
2267,26862
2268,3753
2268,12835
2268,14430
2268,21983
2269,15889
2269,16358
2270,6672
2270,9924
2270,13342
2270,20044
2270,25585
2270,26661
2270,27107
2271,16555
2271,19603
2272,26735
2272,27126
2273,24852
2273,25696
2274,7660
2274,22423
2275,10708
2275,18655
2276,19530
2276,19545
2277,24094
2277,27107
2278,1202
2278,2547
2279,227
2279,25875
2279,26462
2280,4196
2280,26078
2281,2694
2281,23789
2282,6672
2282,7445
2282,27283
2283,1202
2283,24686
2284,4196
2284,16231
2285,17467
2285,20044
2285,25383
2285,26062
2285,26088
2285,27011
2286,10486
2286,13226
2286,18491
2287,1104
2287,3449
2288,1412
2288,9897
2288,10810
2288,20044
2289,2024
2289,4196
2289,10025
2289,15814
2289,23719
2290,11
2290,11445
2290,13332
2290,18073
2290,27034
2291,5240
2291,10826
2292,15174
2292,20044
2292,23719
2292,26094
2292,26231
2293,3626
2293,11361
2293,15699
2293,18789
2293,23216
2293,26088
2293,26712
2293,27390
2294,13646
2294,18829
2294,19377
2294,22991
2294,23107
2295,464
2295,2798
2295,9897
2295,13074
2295,13586
2295,19517
2296,436
2296,20044
2296,22369
2296,26742
2297,4196
2297,14766
2297,18032
2298,3016
2298,13824
2299,18861
2299,23765
2299,24393
2300,2024
2300,4196
2300,15995
2301,12953
2301,20044
2302,10695
2302,15344
2303,4196
2303,27179
2304,7140
2304,11961
2304,14430
2304,21165
2305,18834
2305,20044
2305,20045
2305,22050
2305,27626
2306,15490
2306,19779
2306,23362
2306,26521
2307,1592
2307,22855
2307,23890
2308,8310
2308,18619
2308,21747
2309,20044
2309,20290
2310,7727
2310,17676
2310,26712
2310,26783
2311,4196
2311,19026
2312,8990
2312,21226
2312,27242
2313,24966
2313,26913
2314,19845
2314,20524
2314,21147
2315,7951
2315,21147
2316,4456
2316,11977
2316,17896
2316,25401
2317,18693
2317,23765
2318,15481
2318,16315
2319,4184
2319,15632
2319,21222
2320,3277
2320,4038
2320,4196
2320,12835
2320,16990
2320,20233
2320,22485
2320,22978
2321,1159
2321,4146
2322,12196
2322,12539
2322,25506
2323,18096
2323,20896
2324,6589
2324,6672
2324,14380
2324,24089
2325,4196
2325,25836
2325,26399
2325,27017
2326,3478
2326,5789
2326,9477
2326,22730
2327,27888
2327,28016
2328,6672
2328,21983
2328,22443
2328,22889
2328,25551
2328,28049
2329,25609
2329,26458
2330,1033
2330,21504
2330,26973
2331,14430
2331,17331
2331,24802
2332,6672
2332,19845
2332,23765
2332,24455
2333,16546
2333,26192
2334,1145
2334,19625
2335,5054
2335,6798
2335,9897
2336,20760
2336,24971
2337,22197
2337,27919
2338,4586
2338,8990
2338,21404
2338,24455
2338,26481
2339,21404
2339,26914
2340,26914
2340,27562
2341,26914
2341,27562
2342,26914
2342,27562
2343,23231
2343,25601
2343,26126
2344,27635
2344,28330
2345,463
2345,26914
2345,27562
2346,26914
2346,27562
2347,13316
2347,21350
2348,26914
2348,27562
2349,25657
2349,26914
2350,13376
2350,26186
2350,27715
2351,16908
2351,19321
2352,8101
2352,10888
2353,2398
2353,3889
2354,8529
2354,16112
2354,17277
2355,4166
2355,4417
2355,6207
2355,8017
2356,7140
2356,17736
2357,9432
2357,14430
2357,28472
2358,33
2358,355
2359,3590
2359,23107
2360,5029
2360,20662
2361,13138
2361,24273
2362,3306
2362,6601
2363,1295
2363,12279
2363,14430
2364,8428
2364,10888
2364,20449
2365,9184
2365,16917
2366,12547
2366,16112
2366,22443
2366,24305
2366,24706
2367,25192
2367,25193
2368,12246
2368,25028
2369,28432
2369,28494
2370,16112
2370,27294
2371,9023
2371,21778
2372,6026
2372,24153
2373,13046
2373,20036
2373,23107
2374,1374
2374,1993
2374,5141
2374,9421
2374,26100
2375,4687
2375,26952
2376,909
2376,910
2376,8132
2377,8612
2377,28793
2378,22346
2378,25518
2379,14217
2379,22481
2380,14397
2380,28814
2381,14430
2381,26075
2381,27438
2382,9743
2382,9897
2382,18045
2382,26087
2382,26100
2383,13703
2383,26893
2384,26775
2384,27768
2384,29391
2385,14766
2385,25713
2386,23921
2386,26088
2387,11842
2387,28400
2388,18915
2388,24950
2389,1263
2389,18915
2390,23765
2390,27512
2391,23318
2391,24676
2392,9432
2392,28300
2393,1968
2393,25937
2394,18958
2394,28936
2395,410
2395,26088
2396,9961
2396,18212
2397,5171
2397,21374
2397,22473
2398,2424
2398,10042
2398,28936
2398,28946
2399,6161
2399,7682
2399,19302
2399,27631
2400,16112
2400,20756
2401,24287
2401,29711
2402,3074
2402,11625
2403,8269
2403,26088
2404,989
2404,7732
2404,10849
2404,21381
2405,11328
2405,16638
2406,8661
2406,13341
2406,24377
2406,26088
2407,17467
2407,27774
2408,25284
2408,25463
2409,989
2409,7732
2410,5251
2410,9199
2410,14419
2411,12216
2411,16638
2411,17376
2411,28415
2412,16112
2412,16231
2412,28949
2413,8612
2413,11008
2413,17277
2413,22978
2413,28086
2414,11090
2414,11208
2414,13864
2414,14533
2415,2835
2415,4958
2415,6366
2415,11883
2416,19483
2416,26722
2417,22623
2417,23825
2417,23833
2418,18619
2418,18854
2419,17909
2419,29049
2420,7045
2420,11208
2420,18198
2420,18792
2420,27326
2420,28779
2421,7045
2421,22346
2421,26828
2421,27302
2421,30031
2421,30062
2421,30099
2422,2835
2422,19401
2422,28901
2423,24831
2423,24832
2424,20666
2424,30053
2425,27768
2425,28103
2425,28569
2426,1457
2426,24405
2426,25281
2427,12716
2427,27768
2428,3572
2428,9817
2429,18031
2429,18812
2429,19448
2429,20794
2429,24750
2429,29897
2429,30049
2429,30283
2430,234
2430,7045
2430,9288
2430,18233
2430,22473
2431,26074
2431,26429
2432,21175
2432,27517
2433,14949
2433,25190
2433,25604
2433,26113
2434,2655
2434,11279
2434,22292
2434,24706
2435,19845
2435,24085
2436,27928
2436,30251
2437,20790
2437,23584
2438,7061
2438,26438
2439,5904
2439,9288
2439,22561
2439,22796
2439,29737
2440,18031
2440,20811
2440,24981
2440,25189
2440,26100
2440,27799
2441,842
2441,12716
2441,23940
2441,28113
2442,20679
2442,22944
2442,27643
2442,30280
2443,16112
2443,25208
2444,21714
2444,22272
2445,1032
2445,10528
2445,27768
2446,2
2446,221
2446,27768
2446,28385
2446,30318
2447,24995
2447,26822
2447,28103
2447,28892
2448,21882
2448,27230
2449,8935
2449,13202
2449,27876
2450,26189
2450,26229
2450,27057
2451,27332
2451,30507
2452,8031
2452,25189
2452,28721
2452,29083
2453,12582
2453,18488
2453,24164
2453,26500
2454,5317
2454,26905
2454,30504
2455,17040
2455,30456
2456,9224
2456,23691
2456,27884
2456,30375
2457,17594
2457,21332
2457,27768
2457,29083
2458,25468
2458,28913
2459,23682
2459,26905
2459,29539
2459,30557
2460,15324
2460,20648
2460,27768
2461,18718
2461,18868
2461,26466
2462,24245
2462,29236
2463,21405
2463,29023
2464,17680
2464,27059
2464,30354
2465,1837
2465,18284
2466,26282
2466,26284
2467,24995
2467,28876
2468,14717
2468,19887
2468,26521
2468,27768
2469,10594
2469,26282
2470,18835
2470,28319
2470,29596
2471,6402
2471,7692
2471,19887
2471,21090
2471,28111
2471,28847
2472,2197
2472,19763
2472,29982
2472,30581
2473,15781
2473,17136
2474,24778
2474,29789
2475,30376
2475,30662
2476,1631
2476,8709
2476,16605
2477,10594
2477,20805
2478,25573
2478,30713
2479,7007
2479,28714
2480,10740
2480,10839
2480,11022
2480,16279
2480,22990
2480,23074
2480,25545
2480,25570
2481,6739
2481,15335
2481,16628
2481,26745
2482,20253
2482,26100
2482,29958
2483,26398
2483,29359
2484,25270
2484,30862
2485,4343
2485,13932
2485,15031
2485,27011
2486,13836
2486,26745
2487,2864
2487,22606
2488,15609
2488,20082
2489,5087
2489,17423
2489,20045
2490,3989
2490,24613
2491,21752
2491,23025
2491,23746
2491,26015
2492,16705
2492,27493
2493,8791
2493,14762
2493,22618
2493,23922
2493,30330
2494,4042
2494,29539
2495,3342
2495,22923
2496,15159
2496,26692
2497,9979
2497,18538
2497,21688
2497,26500
2498,16010
2498,31017
2499,21311
2499,24577
2500,8771
2500,26884
2501,947
2501,13562
2501,14726
2501,22134
2501,28843
2501,29079
2502,23517
2502,26357
2503,28011
2503,30966
2503,31051
2504,8207
2504,30644
2505,6217
2505,26062
2506,20082
2506,23720
2506,26988
2506,27003
2506,31048
2507,483
2507,9636
2507,19818
2508,213
2508,299
2508,23654
2509,12573
2509,23292
2510,21980
2510,26500
2511,29201
2511,30626
2512,17333
2512,29056
2513,24917
2513,26707
2514,23559
2514,25833
2515,5451
2515,25032
2516,9496
2516,13137
2517,27884
2517,28111
2518,3332
2518,19469
2519,20659
2519,26260
2520,25213
2520,30200
2521,2078
2521,5812
2521,25213
2522,13155
2522,25213
2523,4384
2523,31201
2524,24960
2524,28545
2525,20174
2525,20202
2525,29066
2526,13291
2526,26239
2527,23734
2527,27479
2528,26679
2528,29066
2529,27291
2529,29196
2530,26500
2530,30187
2531,16477
2531,27435
2532,4720
2532,17088
2532,17602
2532,23590
2533,11811
2533,28543
2534,26500
2534,27901
2535,20189
2535,25733
2535,29830
2536,564
2536,26310
2537,21937
2537,31117
2538,200
2538,23115
2539,8
2539,25526
2539,31117
2540,20124
2540,23575
2540,30707
2541,2814
2541,4720
2541,16866
2541,30915
2542,3310
2542,30707
2543,4720
2543,14204
2544,9704
2544,11757
2545,30913
2545,31117
2546,10310
2546,26002
2547,4149
2547,11967
2548,2221
2548,5309
2548,16061
2548,19407
2548,19450
2549,4149
2549,5806
2549,19450
2549,21381
2549,22955
2549,23131
2550,17437
2550,21376
2550,30421
2551,14241
2551,23354
2551,27213
2551,29219
2552,25526
2552,25696
2552,29689
2553,8909
2553,12573
2553,18146
2553,25021
2553,30933
2554,483
2554,23882
2554,25136
2554,28232
2555,3801
2555,22106
2556,13365
2556,18242
2557,17470
2557,28224
2558,11889
2558,22700
2558,28384
2559,3216
2559,6631
2559,13376
2560,12447
2560,27958
2560,31143
2560,31492
2561,27568
2561,31334
2562,26122
2562,29268
2563,1659
2563,20486
2564,1925
2564,1936
2565,16001
2565,25917
2566,9117
2566,13517
2567,6608
2567,26491
2568,20132
2568,23270
2569,25013
2569,25024
2570,7067
2570,20659
2570,28960
2570,31112
2570,31543
2571,2236
2571,5772
2572,13095
2572,24046
2573,4489
2573,31591
2574,3879
2574,25255
2575,28143
2575,29539
2575,31597
2576,3588
2576,12598
2576,25263
2576,26124
2576,31406
2577,20828
2577,27402
2578,19884
2578,27402
2579,4052
2579,26475
2580,11321
2580,17371
2580,28140
2581,19766
2581,31270
2582,31494
2582,31612
2583,2942
2583,6402
2583,9636
2583,19818
2583,24276
2583,31132
2584,17532
2584,29864
2585,10268
2585,25089
2585,27639
2586,1808
2586,1810
2587,21796
2587,27541
2588,855
2588,15849
2588,17055
2589,12086
2589,19818
2590,7165
2590,25872
2591,16546
2591,30058
2592,18
2592,5639
2592,10715
2592,22316
2593,4424
2593,31512
2594,16997
2594,29039
2595,22060
2595,31574
2596,9237
2596,23879
2597,3314
2597,22722
2598,20221
2598,28356
2599,230
2599,249
2600,64
2600,294
2601,4406
2601,4478
2602,1379
2602,1799
2602,1940
2602,5006
2603,994
2603,3795
2604,181
2604,9130
2605,3457
2605,10095
2606,2379
2606,7200
2607,1134
2607,14444
2608,20800
2608,21495
2609,26914
2609,27562
2610,26914
2610,27562
2611,26914
2611,27562
2612,9023
2612,21778
2613,26189
2613,26229
2613,27057
2614,16978
2614,24245
2614,29236
2615,30376
2615,30662
2616,14762
2616,23922
2617,25013
2617,25024
2618,64
2618,294
2619,994
2619,3795
2620,20800
2620,21495
2621,2033
2621,2098
2622,3541
2622,5697
2623,2827
2623,8789
2624,6457
2624,13869
2625,9037
2625,14174
2626,326
2626,9549
2627,236
2627,4196
2628,6627
2628,20278
2629,10752
2629,22971
2630,12179
2630,22330
2630,24520
2631,20800
2631,21495
2632,12673
2632,14313
2633,2835
2633,11883
2634,30376
2634,30662
2635,64
2635,294
2636,9037
2636,15643
2637,19815
2637,22582
2638,64
2638,294
2639,196
2639,409
2640,64
2640,294
2641,540
2641,987
2642,3060
2642,3136
2643,1339
2643,3280
2644,4021
2644,4027
2645,1213
2645,5123
2646,1379
2646,1799
2646,1940
2647,1120
2647,5800
2648,157
2648,2396
2649,3954
2649,4559
2649,4837
2650,465
2650,7699
2651,3713
2651,7634
2652,1591
2652,3835
2653,6965
2653,7543
2654,4280
2654,6924
2655,1254
2655,9879
2656,2145
2656,4036
2656,6695
2656,9681
2657,7523
2657,8166
2658,1024
2658,5966
2658,11418
2659,6732
2659,8718
2660,7140
2660,8760
2661,1415
2661,11570
2661,13425
2662,12271
2662,15661
2663,8990
2663,11041
2664,478
2664,5159
2665,227
2665,2379
2665,3375
2665,3376
2666,13741
2666,16889
2667,1944
2667,16817
2668,17077
2668,17328
2669,768
2669,7445
2670,8837
2670,12532
2670,17654
2671,50
2671,53
2672,9371
2672,17751
2673,1160
2673,8412
2674,5093
2674,18895
2675,2511
2675,5780
2676,554
2676,3640
2677,2240
2677,11739
2678,1760
2678,3505
2678,16067
2679,8957
2679,10811
2680,4614
2680,13633
2681,6458
2681,6460
2682,4585
2682,6627
2682,18530
2682,18904
2683,2379
2683,4428
2684,743
2684,2511
2684,7376
2684,17277
2685,16424
2685,19325
2686,14645
2686,18986
2687,393
2687,18698
2687,20353
2688,2379
2688,6672
2688,20816
2689,3375
2689,11884
2689,13003
2690,2325
2690,12378
2691,3423
2691,7722
2692,6696
2692,18154
2693,2379
2693,15420
2693,20353
2694,9928
2694,18154
2695,2798
2695,19714
2696,10391
2696,12420
2697,2022
2697,7001
2698,7736
2698,18154
2698,19226
2699,9041
2699,9042
2699,11713
2700,5009
2700,13772
2701,15551
2701,22350
2702,9759
2702,11441
2702,19930
2703,18530
2703,22155
2704,21316
2704,21956
2705,16382
2705,19029
2706,16382
2706,18978
2706,21965
2707,12246
2707,19347
2707,21839
2708,227
2708,19565
2709,47
2709,9520
2709,11336
2710,3898
2710,19252
2711,2810
2711,13802
2712,1560
2712,7479
2712,20353
2713,17593
2713,20467
2714,17622
2714,20080
2715,1991
2715,11809
2716,8939
2716,23685
2717,11809
2717,15671
2718,6969
2718,23468
2719,1592
2719,23681
2720,20125
2720,20126
2721,23036
2721,23357
2722,17146
2722,17260
2723,11749
2723,19029
2723,23851
2724,7140
2724,9825
2725,11151
2725,15376
2726,7739
2726,8511
2727,4289
2727,6057
2728,43
2728,6352
2729,6762
2729,6764
2729,18901
2730,5920
2730,11683
2730,11917
2731,4045
2731,13907
2731,14436
2731,16153
2731,21943
2731,22607
2732,20800
2732,21495
2733,23334
2733,24550
2734,3875
2734,22803
2735,694
2735,2019
2735,11884
2736,7038
2736,16259
2737,14209
2737,15860
2738,8900
2738,24921
2739,23124
2739,23314
2740,20353
2740,21889
2741,7030
2741,9621
2742,2529
2742,3875
2742,20527
2743,31
2743,2714
2744,9166
2744,16397
2744,22418
2745,227
2745,1842
2745,11749
2745,20044
2745,22171
2745,22443
2745,23187
2746,182
2746,18983
2747,138
2747,11217
2748,138
2748,6817
2748,9299
2748,11917
2748,15720
2749,1842
2749,22418
2749,23954
2750,11544
2750,12673
2750,14313
2751,2547
2751,23719
2752,8220
2752,9003
2753,6613
2753,8466
2754,8561
2754,24907
2755,2149
2755,14477
2755,25459
2756,2147
2756,7824
2757,4633
2757,24275
2758,10346
2758,18084
2758,23856
2759,2154
2759,16902
2760,2024
2760,26685
2761,3202
2761,22443
2762,12786
2762,19517
2763,16859
2763,24408
2764,23776
2764,25955
2765,2824
2765,27011
2766,16972
2766,20528
2766,27179
2767,8310
2767,22050
2768,8990
2768,27047
2769,27467
2769,27766
2770,19542
2770,20396
2771,4184
2771,6672
2771,12835
2771,14099
2771,16315
2771,20055
2772,15250
2772,18898
2773,3364
2773,21826
2774,18898
2774,26742
2774,27248
2774,27683
2775,25687
2775,26232
2776,8992
2776,18898
2776,20297
2776,21826
2776,26232
2777,22920
2777,26872
2778,3839
2778,14291
2778,17844
2778,23231
2779,25390
2779,25480
2780,14766
2780,26725
2781,6938
2781,8017
2781,15950
2782,14675
2782,20446
2783,1482
2783,22756
2784,17576
2784,28684
2785,12376
2785,13569
2785,16044
2785,26521
2786,3414
2786,9184
2787,1711
2787,3414
2788,6672
2788,26094
2789,909
2789,910
2790,909
2790,26481
2791,5048
2791,24203
2792,1711
2792,22826
2793,18045
2793,22346
2793,29275
2794,15383
2794,18538
2794,26521
2794,26765
2794,26840
2795,11842
2795,21798
2796,26833
2796,28072
2797,16112
2797,17514
2797,28076
2797,28415
2798,11812
2798,22438
2799,1160
2799,13906
2800,7732
2800,23290
2801,822
2801,989
2801,21063
2802,11208
2802,27810
2803,21867
2803,22623
2804,19401
2804,20666
2804,27768
2804,28103
2805,1905
2805,25604
2806,24094
2806,29820
2807,21714
2807,22272
2808,13652
2808,22939
2809,8031
2809,24427
2810,1837
2810,25679
2810,28243
2810,28487
2810,28605
2811,27598
2811,28199
2811,29598
2812,2202
2812,2340
2812,27802
2813,10740
2813,10839
2813,11022
2813,22990
2813,25545
2814,4066
2814,4568
2815,13932
2815,19895
2816,25270
2816,30862
2817,23783
2817,28389
2818,12246
2818,18606
2818,25425
2819,20082
2819,23517
2820,10295
2820,26357
2821,26884
2821,27051
2821,30966
2822,10423
2822,24690
2823,19469
2823,25213
2824,19743
2824,24611
2825,4720
2825,31141
2826,4149
2826,17929
2827,11034
2827,21430
2828,20797
2828,30913
2829,4489
2829,28224
2830,11315
2830,27004
2831,24051
2831,28410
2832,230
2832,245
2832,249
2833,230
2833,245
2833,249
2834,1972
2834,3053
2835,212
2835,9359
2836,3929
2836,4280
2837,8305
2837,12991
2838,14546
2838,16644
2838,16648
2839,1173
2839,2242
2840,6842
2840,7420
2841,3954
2841,7200
2842,1173
2842,7243
2843,1760
2843,3505
2844,5206
2844,7535
2844,7932
2844,10333
2845,6696
2845,18809
2846,10156
2846,13351
2847,105
2847,5295
2848,22478
2848,23348
2849,12505
2849,17350
2850,4374
2850,12780
2850,12856
2851,7739
2851,8511
2852,3954
2852,7200
2853,11217
2853,20248
2854,2981
2854,3004
2855,10708
2855,17277
2856,13246
2856,14779
2857,16902
2857,26078
2858,3449
2858,8001
2859,9934
2859,18032
2860,26799
2860,27011
2860,27131
2861,1986
2861,6559
2862,3844
2862,5213
2863,19542
2863,27955
2864,13906
2864,16214
2865,17844
2865,23231
2866,909
2866,910
2867,14397
2867,14430
2867,26357
2867,28814
2868,3722
2868,27907
2869,989
2869,7732
2869,26635
2870,3869
2870,25093
2871,234
2871,842
2871,12716
2871,26585
2872,25208
2872,28176
2873,2
2873,221
2873,8551
2874,1537
2874,27768
2874,30468
2875,29936
2875,30183
2876,24642
2876,27003
2876,31087
2877,24713
2877,24806
2878,13507
2878,25833
2879,28748
2879,31153
2880,25756
2880,30834
2881,25876
2881,28031
2882,7060
2882,27110
2883,24445
2883,31117
2884,28844
2884,31317
2885,3147
2885,6538
2886,12981
2886,31483
2887,7535
2887,10333
2888,16644
2888,16648
2889,22714
2889,22717
2889,22726
2890,12505
2890,15040
2890,15041
2890,17350
2891,12505
2891,15040
2892,230
2892,245
2893,14546
2893,16644
2893,16648
2894,1760
2894,3505
2895,7535
2895,10333
2896,6696
2896,18809
2897,12505
2897,15040
2897,17350
2898,2147
2898,2149
2899,13246
2899,14779
2900,3449
2900,8001
2900,18073
2901,29936
2901,30183
2902,29781
2902,30401
2903,28748
2903,31153
2904,64
2904,294
2905,212
2905,1704
2906,3929
2906,4280
2907,4067
2907,14072
2908,13821
2908,14383
2909,14546
2909,16644
2909,16648
2910,3211
2910,11657
2911,14332
2911,15169
2912,1760
2912,3505
2913,12507
2913,17908
2914,22461
2914,22635
2915,2147
2915,2149
2916,19530
2916,19545
2917,17844
2917,23231
2918,14360
2918,14788
2919,8836
2919,8861
2920,18031
2920,30159
2921,18031
2921,19448
2922,8207
2922,27051
2923,29781
2923,30401
2924,1585
2924,1608
2925,220
2925,10342
2926,3462
2926,7089
2927,1167
2927,14063
2928,545
2928,9474
2928,10536
2928,19698
2929,43
2929,23547
2930,6816
2930,8020
2931,11792
2931,15018
2932,1585
2932,1608
2933,22088
2933,23212
2933,26911
2934,9815
2934,9820
2935,11204
2935,24996
2935,25080
2936,29012
2936,29016
2937,24756
2937,27863
2938,21265
2938,28824
2939,8667
2939,26516
2940,2827
2940,2889
2941,2827
2941,2889
2942,17277
2942,21143
2943,2827
2943,2889
2944,2145
2944,4036
2945,2827
2945,2889
2946,5977
2946,6339
2947,2827
2947,2889
2948,17277
2948,21143
2949,2162
2949,6339
2950,5977
2950,6339
2951,8040
2951,13003
2952,2162
2952,6339
2953,2162
2953,6339
2954,5977
2954,6339
2955,8040
2955,13003
2956,5977
2956,6339
2957,5977
2957,6339
2958,8040
2958,13003
2959,5977
2959,6339
2960,2827
2960,2889
2961,5977
2961,6339
2962,5977
2962,6339
2963,2827
2963,2889
2964,5977
2964,6339
2965,2827
2965,2889
2966,5977
2966,6339
2967,2827
2967,2889
2968,2827
2968,2889
2969,2827
2969,2889
2970,5977
2970,6339
2971,2827
2971,2889
2972,1704
2972,9331
2973,4787
2973,9331
2974,1672
2974,13003
2975,18311
2975,22420
2976,989
2976,7732
2977,8040
2977,13003
2978,8040
2978,13003
2979,5977
2979,6339
2980,2827
2980,2889
2981,2827
2981,2889
2982,8040
2982,13003
2983,2827
2983,2889
2984,8040
2984,13003
2985,2827
2985,2889
2986,8040
2986,13003
2987,7200
2987,17085
2988,3954
2988,7200
2989,50
2989,53
2990,8837
2990,19494
2991,8040
2991,13003
2992,9832
2992,18527
2993,26111
2993,26192
2994,27894
2994,27909
2995,31117
2995,31389
2996,5977
2996,6339
2997,2827
2997,2889
2998,8040
2998,13003
2999,8040
2999,13003
3000,14791
3000,22388
3001,1591
3001,9331
3002,8040
3002,13003
3003,14791
3003,22388
3004,17277
3004,22796
3005,154
3005,331
3006,4048
3006,10149
3007,8475
3007,16925
3008,8040
3008,13003
3009,2827
3009,2889
3010,1591
3010,9331
3011,8040
3011,13003
3012,6095
3012,9038
3013,22796
3013,26062
3014,2827
3014,2889
3015,1591
3015,9331
3016,8040
3016,13003
3017,154
3017,331
3018,994
3018,3795
3019,2827
3019,2889
3020,1591
3020,9331
3021,5766
3021,7563
3022,3170
3022,11570
3023,2145
3023,4036
3024,6011
3024,9041
3024,9042
3025,4559
3025,15378
3026,8769
3026,10570
3027,12807
3027,16228
3028,3954
3028,18546
3029,3168
3029,17593
3030,2564
3030,2709
3030,5661
3030,11905
3030,12856
3031,3613
3031,20576
3032,15804
3032,15828
3033,19340
3033,21736
3034,19007
3034,19011
3034,20576
3035,6095
3035,9038
3036,20576
3036,23642
3037,20576
3037,21402
3038,989
3038,7732
3039,20659
3039,25213
3040,5977
3040,6339
3041,2827
3041,2889
3042,8040
3042,13003
3043,19007
3043,19011
3044,6095
3044,9038
3045,989
3045,7732
3046,27003
3046,31048
3047,2162
3047,6339
3048,2827
3048,2889
3049,8040
3049,13003
3050,3954
3050,7200
3051,6665
3051,12111
3052,15804
3052,15828
3053,6665
3053,23418
3054,6095
3054,9038
3055,1173
3055,1340
3056,2827
3056,2889
3057,8040
3057,13003
3058,2827
3058,2889
3059,3954
3059,7200
3060,8040
3060,13003
3061,17277
3061,22796
3062,768
3062,3288
3063,994
3063,3795
3064,2827
3064,2889
3065,8769
3065,10570
3066,3954
3066,7200
3067,8040
3067,13003
3068,19007
3068,19011
3069,989
3069,7732
3070,5766
3070,7563
3071,6059
3071,6672
3072,16262
3072,17624
3073,6095
3073,9038
3074,8769
3074,10570
3075,8040
3075,13003
3076,15040
3076,15041
3077,6095
3077,9038
3078,768
3078,3288
3079,154
3079,331
3080,8252
3080,9042
3081,8769
3081,10570
3082,7745
3082,14230
3082,17870
3083,8040
3083,13003
3084,15040
3084,15041
3084,17350
3085,6095
3085,9038
3086,3869
3086,25093
3087,989
3087,7732
3088,20659
3088,25213
3089,154
3089,331
3090,8769
3090,10570
3091,8040
3091,13003
3092,12505
3092,15040
3092,15041
3092,17350
3093,6095
3093,9038
3094,2311
3094,12835
3095,3869
3095,25093
3096,154
3096,331
3097,2827
3097,2889
3098,1591
3098,9331
3099,6778
3099,7651
3100,8040
3100,13003
3101,15804
3101,15828
3102,15040
3102,17350
3103,6095
3103,9038
3104,989
3104,7732
3105,154
3105,331
3106,8769
3106,10570
3107,7745
3107,17870
3108,8040
3108,13003
3109,15804
3109,15828
3110,989
3110,7732
3111,154
3111,331
3112,2827
3112,2889
3113,5123
3113,11879
3114,225
3114,226
3115,1597
3115,1915
3116,236
3116,2721
3117,3542
3117,5951
3118,154
3118,197
3118,331
3118,5951
3119,5395
3119,5782
3120,1523
3120,5796
3121,5977
3121,6339
3122,4736
3122,7352
3123,4787
3123,7366
3124,3508
3124,3645
3125,868
3125,5159
3126,6993
3126,7672
3127,994
3127,3795
3128,2359
3128,2827
3129,1415
3129,3949
3130,181
3130,9130
3131,181
3131,4535
3131,9130
3132,1591
3132,9331
3133,3610
3133,4732
3134,2033
3134,9331
3135,2270
3135,6719
3136,9917
3136,10356
3137,5766
3137,7184
3137,7563
3137,9427
3137,9924
3138,2369
3138,6579
3139,125
3139,998
3140,4867
3140,7344
3141,3954
3141,7200
3142,2154
3142,6576
3142,6965
3143,6317
3143,9882
3144,1173
3144,2423
3145,944
3145,12379
3146,1365
3146,6575
3146,9341
3147,3473
3147,9270
3147,12589
3147,12655
3148,820
3148,9037
3149,3118
3149,6732
3150,10454
3150,12041
3151,292
3151,1024
3152,4456
3152,14749
3153,717
3153,3676
3154,3459
3154,6313
3155,5632
3155,15333
3156,1173
3156,8893
3157,2933
3157,2948
3158,5123
3158,11879
3159,2512
3159,8166
3160,8769
3160,10570
3161,8347
3161,9130
3162,1212
3162,4656
3163,1692
3163,10171
3163,14200
3164,4937
3164,14467
3165,10405
3165,11820
3165,16664
3166,1638
3166,10271
3167,5414
3167,9672
3167,14701
3168,9321
3168,13824
3169,5245
3169,6844
3169,9169
3170,12693
3170,13055
3171,388
3171,717
3172,1173
3172,3954
3172,7200
3173,5068
3173,11739
3173,13448
3174,8139
3174,9552
3175,4559
3175,18647
3176,3640
3176,9487
3177,4381
3177,16238
3178,1576
3178,7066
3179,13288
3179,15523
3179,18861
3180,12262
3180,14468
3181,4152
3181,18929
3182,2346
3182,16328
3183,4882
3183,10917
3184,3954
3184,17524
3185,8040
3185,13003
3185,15481
3186,6349
3186,8191
3186,12718
3187,713
3187,6915
3187,8120
3187,8204
3187,11987
3187,20027
3188,11996
3188,13003
3189,8354
3189,18530
3190,6672
3190,18138
3191,6182
3191,16142
3192,2284
3192,9769
3193,5483
3193,13386
3194,19574
3194,19585
3195,2170
3195,2325
3195,11445
3195,12109
3196,575
3196,1590
3196,5703
3197,1376
3197,9392
3198,5054
3198,16508
3199,2120
3199,11832
3200,126
3200,21143
3201,8517
3201,21132
3202,11217
3202,14704
3203,1585
3203,1608
3203,21574
3204,8825
3204,15551
3205,9759
3205,14862
3206,12111
3206,20904
3207,8084
3207,21443
3208,16262
3208,20576
3209,21839
3209,22473
3210,3411
3210,11506
3211,21316
3211,21956
3212,3898
3212,19252
3213,17085
3213,17478
3214,12677
3214,22324
3215,79
3215,7306
3215,19340
3215,21736
3216,18491
3216,19294
3216,20672
3216,21335
3217,7279
3217,18861
3218,19678
3218,23314
3219,1461
3219,17478
3220,20891
3220,23077
3221,19007
3221,19011
3221,20576
3221,23909
3222,3316
3222,15376
3223,7739
3223,8511
3223,18834
3223,24332
3224,15541
3224,15597
3225,6095
3225,9038
3225,17994
3225,24500
3226,487
3226,16019
3226,21271
3227,7721
3227,22983
3227,22986
3228,20800
3228,21495
3229,43
3229,15931
3229,20576
3230,21324
3230,24928
3231,16544
3231,25184
3232,10446
3232,14209
3232,15860
3233,16555
3233,19603
3234,14674
3234,14734
3235,20576
3235,21690
3236,9528
3236,11860
3237,18536
3237,18961
3238,997
3238,19332
3238,23296
3239,21904
3239,25805
3240,182
3240,16376
3240,20049
3241,786
3241,16588
3242,2761
3242,4876
3243,2981
3243,3004
3244,6817
3244,20248
3245,3303
3245,3304
3246,7804
3246,23763
3247,10497
3247,11929
3248,12835
3248,21983
3249,16126
3249,16902
3250,19530
3250,19545
3251,1065
3251,27514
3252,2130
3252,22710
3253,1033
3253,16990
3253,19083
3253,20233
3254,4196
3254,6925
3255,15632
3255,21222
3256,3364
3256,27683
3257,9682
3257,25836
3258,3282
3258,26111
3258,26192
3259,24230
3259,28115
3260,1779
3260,26305
3261,26914
3261,27562
3262,25390
3262,28211
3263,942
3263,23362
3264,27894
3264,27909
3265,18861
3265,25093
3266,904
3266,5029
3267,9347
3267,24692
3268,6026
3268,23315
3269,6155
3269,17577
3269,28230
3270,1374
3270,8344
3270,9421
3271,1993
3271,15546
3272,909
3272,910
3273,27834
3273,28422
3274,28072
3274,28400
3275,21798
3275,24209
3276,6571
3276,28202
3277,989
3277,7732
3277,25114
3277,28892
3278,8378
3278,8617
3279,18233
3279,27416
3279,29699
3280,28158
3280,29965
3281,20790
3281,21699
3282,22944
3282,30280
3283,19448
3283,26798
3284,16731
3284,27332
3285,27768
3285,30507
3286,25388
3286,27332
3287,13057
3287,18664
3288,13446
3288,17427
3288,27419
3289,21983
3289,25545
3290,4066
3290,4568
3291,25270
3291,30862
3292,3389
3292,13145
3293,26557
3293,28389
3294,3989
3294,30743
3295,3342
3295,14180
3296,13562
3296,26884
3297,6217
3297,13877
3297,20082
3298,29781
3298,30401
3299,24642
3299,27003
3299,31048
3300,20174
3300,20202
3301,23618
3301,28059
3302,9774
3302,20124
3303,9073
3303,30478
3304,8371
3304,28666
3305,13484
3305,30913
3306,4149
3306,30421
3307,28224
3307,29089
3308,28844
3308,31317
3309,20132
3309,31543
3310,25013
3310,25024
3310,31198
3311,14104
3311,27526
3311,29993
3312,29864
3312,30620
3313,14343
3313,31096
3314,1808
3314,1810
3315,27004
3315,31636
3316,154
3316,331
3317,5977
3317,6339
3318,2827
3318,2889
3319,3954
3319,7200
3320,5123
3320,11879
3321,6437
3321,7745
3322,19574
3322,19585
3323,3613
3323,20576
3324,8974
3324,8976
3325,15804
3325,15828
3326,989
3326,7732
3327,154
3327,331
3328,5977
3328,6339
3329,2827
3329,2889
3330,5123
3330,11879
3331,225
3331,226
3332,5395
3332,5782
3333,2827
3333,2889
3334,3954
3334,7200
3335,1591
3335,1592
3336,4067
3336,14072
3337,292
3337,1024
3337,2512
3337,8347
3338,2826
3338,6851
3339,5123
3339,11879
3340,1141
3340,11739
3341,2778
3341,9689
3342,8040
3342,13003
3342,15481
3343,19574
3343,19585
3344,11217
3344,14704
3345,8974
3345,8976
3346,13816
3346,20446
3347,3303
3347,3304
3348,21143
3348,22796
3349,13486
3349,22443
3350,3364
3350,27683
3351,14430
3351,28814
3352,28642
3352,29324
3353,24629
3353,27084
3354,5977
3354,6339
3355,994
3355,3795
3356,181
3356,9130
3357,3954
3357,7200
3358,1591
3358,1592
3359,292
3359,2512
3360,9279
3360,9763
3361,2512
3361,17085
3362,2778
3362,9689
3363,8040
3363,13003
3363,15481
3364,19815
3364,22582
3365,6095
3365,9038
3366,15860
3366,20576
3367,21143
3367,22796
3368,3364
3368,27683
3369,3869
3369,25093
3370,994
3370,3795
3371,21143
3371,22796
3372,3364
3372,27683
3373,5977
3373,6339
3374,994
3374,3795
3375,2827
3375,2889
3376,3954
3376,7200
3377,1591
3377,1592
3378,8040
3378,13003
3378,15481
3379,1597
3379,1915
3380,5395
3380,5782
3381,3415
3381,4414
3382,5977
3382,6339
3383,4262
3383,5261
3384,1591
3384,7836
3385,6993
3385,7672
3386,3798
3386,5511
3387,994
3387,3795
3388,2827
3388,2889
3389,5766
3389,7563
3390,3954
3390,7200
3391,2154
3391,6965
3392,6317
3392,9882
3393,1227
3393,2423
3394,1591
3394,1592
3395,944
3395,10356
3396,1365
3396,6575
3396,8695
3397,2792
3397,8166
3398,3118
3398,3170
3399,6775
3399,9270
3400,2145
3400,4036
3400,6732
3400,8242
3401,292
3401,1024
3401,1415
3401,8347
3401,9451
3401,14995
3402,6214
3402,15355
3403,5632
3403,15333
3404,2826
3404,6851
3404,15858
3405,2933
3405,2948
3406,5123
3406,11879
3407,4559
3407,8769
3407,10570
3408,6778
3408,7651
3409,3442
3409,13341
3410,16228
3410,17139
3411,9672
3411,14701
3412,6437
3412,7745
3412,17870
3413,12
3413,1051
3413,9169
3414,11864
3414,18698
3415,50
3415,53
3416,3675
3416,16411
3417,12487
3417,18647
3418,3640
3418,9487
3419,4381
3419,17082
3420,1576
3420,7066
3421,8697
3421,11242
3421,13288
3422,2778
3422,4152
3422,7366
3422,9689
3422,18929
3423,8040
3423,13003
3423,15481
3424,9621
3424,16669
3425,108
3425,17574
3426,1684
3426,17493
3427,6915
3427,8837
3427,11987
3427,20027
3428,19574
3428,19585
3429,17637
3429,17971
3430,2325
3430,3976
3431,4863
3431,16508
3432,14720
3432,16434
3433,12677
3433,13813
3434,1585
3434,1608
3435,1348
3435,15275
3436,8974
3436,8976
3437,3898
3437,15596
3437,19252
3438,19815
3438,22582
3439,10356
3439,15298
3440,14069
3440,19294
3440,21335
3440,23296
3441,253
3441,20446
3441,23314
3442,20991
3442,23376
3443,15113
3443,23988
3444,4374
3444,19007
3444,19011
3445,9825
3445,12068
3445,12724
3446,3316
3446,15376
3447,7739
3447,8511
3447,18834
3448,15541
3448,15597
3449,6095
3449,9038
3450,17994
3450,24500
3451,17994
3451,24500
3452,20800
3452,21495
3453,20690
3453,21020
3453,22914
3453,23139
3454,1758
3454,14489
3455,388
3455,14209
3455,15860
3456,16555
3456,19603
3457,9410
3457,9528
3458,16588
3458,25048
3458,25552
3459,5147
3459,25851
3460,2761
3460,4876
3460,25112
3461,18536
3461,18961
3462,2981
3462,3004
3463,16105
3463,20248
3464,3869
3464,25093
3465,1265
3465,17277
3465,22796
3466,10497
3466,11929
3467,865
3467,15889
3468,25619
3468,27011
3469,1091
3469,14326
3470,21572
3470,26062
3471,4196
3471,6925
3472,15632
3472,21222
3473,3364
3473,27683
3474,26111
3474,26192
3475,24230
3475,28115
3476,21404
3476,22473
3477,26914
3477,27562
3478,17844
3478,23231
3479,25390
3479,28211
3480,9347
3480,24692
3481,1993
3481,15546
3481,26550
3482,909
3482,910
3483,14430
3483,28814
3484,28642
3484,29324
3485,27834
3485,28422
3486,27084
3486,28936
3487,989
3487,7732
3488,8378
3488,8617
3489,24831
3489,24832
3490,27416
3490,29699
3491,19401
3491,29897
3492,28158
3492,29965
3493,29943
3493,30163
3494,20790
3494,21699
3495,27768
3495,30507
3496,25151
3496,27768
3497,13446
3497,17427
3497,27419
3498,28714
3498,29359
3499,4066
3499,4568
3500,25270
3500,30862
3501,26557
3501,28389
3502,3989
3502,10378
3503,3601
3503,30743
3504,16705
3504,30121
3505,10423
3505,24690
3506,23559
3506,25833
3507,20174
3507,20202
3508,9812
3508,20189
3509,19785
3509,31286
3510,3801
3510,28993
3511,11889
3511,22285
3512,20132
3512,20659
3512,31543
3513,25013
3513,25024
3513,31198
3514,17371
3514,21171
3515,29864
3515,30620
3516,6402
3516,31132
3517,1808
3517,1810
3518,2827
3518,2889
3519,1591
3519,1592
3520,4067
3520,14072
3521,5123
3521,11879
3522,7200
3522,11739
3523,2120
3523,4289
3524,12505
3524,15040
3524,15041
3524,17350
3525,6095
3525,9038
3526,2425
3526,2540
3527,20800
3527,21495
3528,14209
3528,15860
3529,20576
3529,21402
3530,182
3530,1173
3531,26914
3531,27562
3532,8177
3532,8322
3533,1024
3533,9270
3534,4787
3534,11242
3535,5123
3535,11879
3536,7364
3536,13646
3536,18463
3537,8040
3537,13003
3538,10662
3538,11441
3539,6095
3539,9038
3540,20800
3540,21495
3541,20377
3541,30971
3542,225
3542,226
3543,921
3543,1518
3544,1597
3544,1915
3545,1972
3545,5303
3546,5395
3546,5782
3547,1523
3547,4761
3547,4787
3548,4262
3548,4787
3549,1591
3549,7836
3550,6993
3550,7672
3551,994
3551,3795
3552,2827
3552,2889
3553,1173
3553,4092
3554,5766
3554,7563
3555,3954
3555,7200
3556,2154
3556,6965
3557,6317
3557,8145
3557,9882
3558,1227
3558,2423
3559,944
3559,1365
3559,10356
3560,6575
3560,8695
3561,3118
3561,3170
3562,1024
3562,9270
3563,4067
3563,14072
3564,2145
3564,4036
3564,6732
3564,8242
3565,10454
3565,12041
3566,292
3566,1415
3566,9451
3566,14995
3567,6214
3567,15355
3568,5632
3568,15333
3569,2328
3569,11836
3570,7340
3570,11398
3571,2826
3571,6851
3571,15858
3572,2933
3572,2948
3573,5123
3573,11879
3574,4559
3574,8769
3574,10570
3575,4452
3575,6778
3575,7651
3576,16228
3576,17139
3577,4695
3577,13386
3578,5414
3578,9672
3578,14701
3579,13177
3579,15302
3580,12
3580,1051
3580,9169
3581,11864
3581,18698
3582,50
3582,53
3583,3675
3583,16411
3584,3640
3584,9487
3585,1576
3585,7066
3586,1548
3586,8697
3586,13288
3586,15523
3587,2778
3587,4152
3587,7366
3587,9689
3587,18929
3588,8040
3588,13003
3588,15481
3589,11100
3589,13813
3590,6915
3590,11987
3590,20027
3591,13580
3591,16000
3592,19574
3592,19585
3593,2267
3593,17637
3593,17971
3594,1376
3594,4863
3594,16508
3595,14720
3595,16434
3596,1585
3596,1608
3597,3898
3597,17923
3598,1254
3598,15596
3598,19252
3599,19815
3599,22582
3600,19294
3600,21335
3601,22646
3601,23296
3602,4220
3602,7279
3603,253
3603,18698
3603,20446
3603,20672
3603,23314
3603,23376
3604,8471
3604,20991
3604,22698
3605,4374
3605,19007
3605,19011
3605,23909
3606,17146
3606,17260
3607,3316
3607,15376
3608,7739
3608,8511
3608,18834
3609,15541
3609,15597
3610,6095
3610,9038
3611,17994
3611,24500
3612,2425
3612,2540
3613,1769
3613,22986
3614,20800
3614,21495
3615,20690
3615,21020
3615,22914
3616,20576
3616,25090
3617,23477
3617,25184
3618,388
3618,14209
3618,15860
3619,16555
3619,19603
3619,21382
3620,6570
3620,20576
3621,16588
3621,25384
3622,18536
3622,18961
3623,2981
3623,3004
3624,16105
3624,20248
3625,3869
3625,25093
3626,17277
3626,22796
3627,10497
3627,11929
3628,865
3628,23315
3629,6910
3629,26868
3630,2130
3630,22710
3631,4196
3631,6925
3632,15632
3632,21222
3633,3364
3633,27683
3634,26111
3634,26192
3635,24230
3635,28115
3636,26914
3636,27562
3637,17844
3637,23231
3638,25390
3638,28211
3639,26914
3639,27562
3640,9347
3640,24692
3641,1993
3641,15546
3642,9897
3642,22473
3643,909
3643,910
3644,28642
3644,29324
3645,27834
3645,28422
3646,27084
3646,28936
3647,989
3647,7732
3648,22346
3648,30062
3649,8378
3649,8617
3650,24831
3650,24832
3651,27416
3651,29699
3652,19401
3652,29897
3653,28158
3653,29965
3654,20790
3654,21699
3655,27057
3655,30488
3656,8031
3656,27768
3657,13446
3657,17427
3657,27419
3658,28714
3658,29359
3659,22990
3659,25545
3660,4066
3660,4568
3661,25270
3661,30862
3662,10423
3662,24690
3663,23559
3663,25833
3664,1741
3664,30200
3665,20174
3665,20202
3666,9812
3666,20189
3667,19785
3667,30478
3667,31286
3668,3801
3668,28993
3669,28224
3669,29089
3670,20132
3670,20659
3670,31543
3671,25013
3671,25024
3671,31198
3672,29864
3672,30620
3673,1808
3673,1810
3674,1591
3674,7836
3675,1107
3675,3798
3675,5511
3676,2827
3676,2889
3677,3954
3677,7200
3678,8145
3678,9882
3679,944
3679,10356
3680,1365
3680,6575
3681,7340
3681,11398
3682,2933
3682,2948
3683,4559
3683,8769
3684,5920
3684,12507
3685,2023
3685,17139
3686,2771
3686,2803
3687,50
3687,53
3688,1576
3688,3954
3688,7066
3689,8040
3689,13003
3690,8084
3690,19574
3690,19585
3691,19815
3691,22582
3692,3737
3692,18698
3693,17146
3693,17260
3694,6095
3694,9038
3695,17994
3695,24500
3696,20800
3696,21495
3697,154
3697,331
3698,8177
3698,8322
3699,1591
3699,7836
3700,3798
3700,5511
3701,2827
3701,2889
3702,10720
3702,10737
3703,3954
3703,7200
3704,8145
3704,9882
3705,5920
3705,12507
3706,2771
3706,2803
3707,8040
3707,13003
3708,19574
3708,19585
3709,6095
3709,9038
3710,26794
3710,28957
3711,154
3711,331
3712,2827
3712,2889
3713,10720
3713,10737
3714,3954
3714,7200
3715,8145
3715,9882
3716,5920
3716,12507
3717,2771
3717,2803
3718,8040
3718,13003
3719,1337
3719,1391
3720,6095
3720,9038
3721,14209
3721,15860
3722,26794
3722,28957
3723,1107
3723,2033
3723,3798
3724,2827
3724,2889
3725,1591
3725,1592
3726,50
3726,53
3727,14209
3727,15860
3728,265
3728,2221
3729,154
3729,197
3729,331
3730,5977
3730,6339
3731,994
3731,3795
3732,181
3732,9130
3733,4067
3733,14072
3734,10275
3734,11841
3734,16359
3735,8769
3735,10570
3736,3153
3736,3565
3737,5920
3737,12507
3738,5245
3738,6437
3739,3675
3739,10477
3740,8837
3740,19494
3741,1173
3741,20027
3742,4289
3742,8508
3743,2692
3743,6598
3744,19252
3744,19509
3745,388
3745,14209
3745,15860
3746,182
3746,531
3747,64
3747,294
3748,1107
3748,1161
3749,994
3749,3795
3750,3954
3750,7200
3751,7112
3751,8166
3752,6457
3752,10454
3752,11098
3753,14995
3753,14996
3754,5123
3754,11879
3755,8812
3755,11814
3756,8040
3756,13003
3757,9273
3757,24675
3758,11812
3758,22438
3759,64
3759,294
3760,154
3760,331
3761,5395
3761,5782
3762,3798
3762,5511
3763,994
3763,3795
3764,10720
3764,10737
3765,3954
3765,7200
3766,10454
3766,12462
3767,5123
3767,11879
3768,5920
3768,12507
3769,8040
3769,13003
3770,6095
3770,9038
3771,23765
3771,24455
3772,9410
3772,9528
3773,26794
3773,28957
3774,225
3774,226
3775,64
3775,294
3776,154
3776,331
3777,994
3777,3795
3778,2827
3778,2889
3779,3954
3779,7200
3780,8695
3780,10356
3781,1024
3781,9270
3782,5123
3782,11879
3783,5920
3783,12507
3784,8040
3784,13003
3785,20800
3785,21495
3786,14209
3786,15860
3787,26794
3787,28957
3788,225
3788,226
3789,921
3789,1640
3790,1814
3790,2184
3791,2215
3791,2280
3792,868
3792,1003
3793,154
3793,331
3794,5395
3794,5782
3795,5548
3795,6339
3796,6458
3796,6460
3797,4449
3797,6457
3798,2889
3798,5656
3799,2249
3799,11820
3800,2249
3800,3798
3801,799
3801,9916
3802,14761
3802,14971
3803,7340
3803,11398
3804,478
3804,1523
3804,3006
3805,2826
3805,9037
3806,4199
3806,8166
3807,5123
3807,11879
3808,5920
3808,12507
3809,9847
3809,10635
3810,6327
3810,6437
3810,10799
3811,8084
3811,12324
3812,13965
3812,14415
3813,8084
3813,14994
3814,11739
3814,17757
3815,1173
3815,8139
3815,10298
3816,50
3816,53
3817,3675
3817,10477
3817,15661
3818,5282
3818,5780
3819,18520
3819,18647
3820,2016
3820,11602
3821,14468
3821,15443
3822,7066
3822,7516
3823,2511
3823,7366
3824,8837
3824,19494
3825,2979
3825,13494
3826,8040
3826,13003
3827,9621
3827,11297
3828,6859
3828,7243
3829,960
3829,10971
3829,12347
3829,15805
3830,50
3830,12901
3831,3423
3831,9920
3832,3685
3832,8191
3833,8837
3833,17566
3833,18986
3833,19494
3833,20027
3834,4559
3834,12501
3834,13003
3835,158
3835,14092
3835,17838
3836,11996
3836,18530
3837,3583
3837,11605
3838,17277
3838,17624
3838,20714
3839,7140
3839,17665
3839,20714
3840,2284
3840,5483
3840,16677
3841,3476
3841,4886
3842,17637
3842,17971
3843,6704
3843,7140
3844,1735
3844,4876
3845,4011
3845,4852
3845,10156
3846,12835
3846,20138
3847,5054
3847,16508
3848,7535
3848,10333
3849,7045
3849,13349
3849,13521
3849,17759
3849,19861
3850,1901
3850,20576
3851,14720
3851,16434
3852,1735
3852,4289
3852,8508
3853,2120
3853,4433
3854,2564
3854,18464
3854,21407
3855,2692
3855,6598
3856,2511
3856,7369
3857,16428
3857,19794
3857,21132
3858,744
3858,21596
3858,21604
3859,11629
3859,11713
3860,3375
3860,18150
3861,9410
3861,11860
3861,11912
3862,18876
3862,23416
3863,92
3863,4248
3864,8561
3864,24907
3865,7207
3865,26062
3866,9105
3866,23315
3866,26062
3867,3338
3867,16902
3868,1332
3868,5583
3869,5387
3869,27011
3870,2024
3870,27390
3871,19213
3871,26062
3872,2024
3872,19779
3873,2951
3873,21983
3874,21165
3874,24050
3875,21572
3875,26062
3876,21690
3876,24966
3877,7951
3877,23184
3878,11318
3878,21047
3878,21237
3879,20233
3879,27201
3880,8992
3880,15632
3880,21222
3880,22443
3881,3364
3881,27683
3882,1305
3882,5789
3883,3282
3883,22730
3883,26062
3884,27011
3884,27847
3885,16299
3885,26062
3886,26914
3886,27562
3887,1779
3887,23231
3888,21446
3888,25657
3888,26062
3889,22443
3889,26062
3890,11282
3890,19690
3891,9897
3891,22473
3892,26061
3892,28911
3893,14430
3893,28814
3894,26062
3894,28422
3895,4220
3895,24950
3896,21374
3896,28936
3897,23383
3897,28936
3898,26982
3898,28202
3899,989
3899,7732
3899,25114
3900,2835
3900,10888
3900,17576
3901,64
3901,11208
3901,11883
3901,16638
3901,17277
3901,19726
3901,22411
3901,23825
3902,19401
3902,22346
3902,28196
3902,30030
3902,30031
3902,30062
3903,8836
3903,8861
3904,24831
3904,24832
3905,27416
3905,30053
3906,4217
3906,26113
3907,6120
3907,11279
3907,18031
3907,29934
3908,19448
3908,22266
3908,22796
3909,25208
3909,28176
3909,29094
3910,22944
3910,30280
3911,10888
3911,27876
3912,26189
3912,27057
3913,27332
3913,28721
3913,29875
3914,1246
3914,24164
3914,25284
3915,26062
3915,29936
3915,30183
3916,26062
3916,27768
3917,22318
3917,28881
3918,19887
3918,25470
3918,30354
3919,13446
3919,27419
3920,13562
3920,18561
3920,28103
3921,7417
3921,11999
3922,30376
3922,30662
3923,21466
3923,26635
3924,28714
3924,29359
3925,9496
3925,19343
3926,6739
3926,11999
3926,16628
3926,26805
3926,26908
3927,685
3927,13907
3927,19674
3927,20253
3928,25270
3928,30862
3929,23941
3929,25961
3930,28389
3930,30314
3931,28552
3931,28766
3932,13907
3932,27645
3932,29875
3933,16638
3933,23025
3933,30224
3934,18538
3934,26840
3935,947
3935,21015
3936,26062
3936,26884
3936,27051
3937,3871
3937,23517
3938,28011
3938,30966
3939,27003
3939,31048
3940,9636
3940,19818
3941,12688
3941,26887
3942,26062
3942,31087
3943,26062
3943,31078
3944,23559
3944,25833
3945,25833
3945,26260
3946,281
3946,24680
3946,25213
3947,28027
3947,28273
3948,28748
3948,31153
3949,20659
3949,28111
3950,2078
3950,6455
3950,20659
3951,13291
3951,20174
3951,20202
3951,30548
3952,27479
3952,29066
3953,27602
3953,29440
3954,23264
3954,23265
3955,250
3955,1728
3955,9025
3956,200
3956,6154
3956,15367
3956,17929
3956,27265
3956,29126
3957,23453
3957,30946
3958,20406
3958,27265
3959,21683
3959,26588
3960,12697
3960,20124
3961,21683
3961,30020
3962,4720
3962,17602
3963,6154
3963,20124
3964,564
3964,28637
3965,20614
3965,28151
3965,29830
3966,3621
3966,28339
3967,6154
3967,18993
3968,100
3968,9576
3969,19785
3969,31286
3970,21430
3970,31141
3971,200
3971,1237
3971,1540
3971,13232
3971,15938
3972,10310
3972,26002
3973,13306
3973,13718
3973,27229
3973,30421
3974,4149
3974,19450
3974,21381
3974,22955
3975,16311
3975,21376
3976,3801
3976,22106
3977,12447
3977,30913
3978,9462
3978,20797
3979,29089
3979,29450
3980,11889
3980,28384
3980,28506
3981,1659
3981,29085
3981,30094
3982,1659
3982,14558
3982,16089
3982,31492
3983,9117
3983,11889
3984,13517
3984,30580
3985,2942
3985,29224
3986,8994
3986,31543
3987,20132
3987,25013
3987,25024
3987,31198
3988,23158
3988,29939
3988,30278
3988,31509
3989,2551
3989,9381
3990,29224
3990,30591
3991,29864
3991,30692
3992,17371
3992,28140
3993,7868
3993,26475
3994,9636
3994,19818
3994,31512
3995,10268
3995,28500
3996,7745
3996,21098
3997,1808
3997,1810
3998,5968
3998,12086
3998,19818
3998,27792
3999,5639
3999,10715
4000,4424
4000,11315
4001,25867
4001,31245
4002,13550
4002,14916
4002,29777
4003,225
4003,226
4004,154
4004,331
4005,994
4005,3795
4006,3954
4006,7200
4007,1024
4007,9270
4008,5123
4008,11879
4009,8769
4009,10570
4010,50
4010,53
4011,8040
4011,13003
4012,6095
4012,9038
4013,20800
4013,21495
4014,17277
4014,25923
4015,26794
4015,28957
4016,225
4016,226
4017,64
4017,294
4018,8177
4018,8322
4019,5766
4019,7563
4020,2767
4020,7112
4021,5123
4021,11879
4022,8040
4022,13003
4023,6095
4023,9038
4024,20800
4024,21495
4025,9636
4025,19818
4026,225
4026,226
4027,64
4027,294
4028,994
4028,3795
4029,2827
4029,4449
4030,10720
4030,10737
4031,5123
4031,11879
4032,5920
4032,12507
4033,50
4033,53
4034,8040
4034,13003
4035,19574
4035,19585
4036,3898
4036,19252
4037,19294
4037,21335
4038,6095
4038,9038
4039,20800
4039,21495
4040,26794
4040,28957
4041,225
4041,226
4042,64
4042,294
4043,994
4043,3795
4044,2827
4044,4449
4045,5123
4045,11879
4046,8040
4046,13003
4047,19574
4047,19585
4048,81
4048,13349
4049,19294
4049,21335
4050,6095
4050,9038
4051,20800
4051,21495
4052,26914
4052,27562
4053,26794
4053,28957
4054,1972
4054,7211
4055,994
4055,3795
4056,5123
4056,13061
4057,3898
4057,19252
4058,20800
4058,21495
4059,1972
4059,7211
4060,994
4060,3795
4061,1024
4061,9270
4062,5123
4062,11879
4063,20800
4063,21495
4064,26914
4064,27562
4065,2221
4065,2363
4066,994
4066,3795
4067,1024
4067,9270
4068,5123
4068,11879
4069,7066
4069,10708
4069,14328
4070,10356
4070,16224
4071,3898
4071,19252
4072,20800
4072,21495
4073,29032
4073,30548
4074,2396
4074,7237
4075,994
4075,3795
4076,2328
4076,9916
4077,5123
4077,11879
4078,8040
4078,13003
4079,20800
4079,21495
4080,17277
4080,22796
4081,26914
4081,27562
4082,989
4082,7732
4083,994
4083,3795
4084,4048
4084,10149
4085,8040
4085,13003
4086,6095
4086,9038
4087,17277
4087,22796
4088,26914
4088,27562
4089,6635
4089,6727
4090,1871
4090,2282
4091,241
4091,2282
4091,5835
4092,992
4092,1435
4093,5037
4093,10084
4094,11083
4094,11161
4095,12867
4095,12898
4096,12879
4096,13172
4096,15590
4096,15747
4097,8822
4097,11784
4098,10999
4098,13769
4099,581
4099,11638
4100,6007
4100,8764
4101,3586
4101,14967
4102,7318
4102,8273
4103,10869
4103,10880
4103,10918
4104,1366
4104,1378
4104,17363
4105,10839
4105,11696
4106,11725
4106,18255
4106,18753
4107,17910
4107,19397
4108,3954
4108,7200
4109,14541
4109,21263
4109,21325
4110,8537
4110,21590
4111,43
4111,6607
4112,1095
4112,21535
4113,17892
4113,20951
4114,14397
4114,15319
4114,15327
4114,25119
4115,1095
4115,21535
4116,22217
4116,23862
4117,24861
4117,27816
4118,6964
4118,26199
4119,26199
4119,27861
4120,17361
4120,20476
4121,8615
4121,12188
4121,26213
4122,29450
4122,29699
4123,29696
4123,29965
4124,64
4124,294
4125,1814
4125,2617
4126,1597
4126,1915
4127,236
4127,2511
4128,5303
4128,5304
4128,5352
4128,6102
4129,154
4129,331
4130,7053
4130,7579
4131,3573
4131,7266
4132,181
4132,9130
4133,2793
4133,7722
4134,10379
4134,10848
4135,6579
4135,10251
4136,236
4136,643
4136,5621
4136,9130
4137,2792
4137,5562
4138,1510
4138,3954
4138,7200
4139,3798
4139,11418
4140,4199
4140,13896
4141,292
4141,295
4141,786
4141,3798
4142,9455
4142,10542
4143,1213
4143,2328
4144,7067
4144,9037
4145,4826
4145,11719
4145,11841
4145,12575
4146,2379
4146,8252
4147,14546
4147,16648
4148,681
4148,12364
4149,10922
4149,17077
4149,17328
4150,11715
4150,13823
4151,5920
4151,12507
4152,5109
4152,17676
4153,2425
4153,6327
4154,18895
4154,18896
4155,2442
4155,7300
4156,3640
4156,12445
4156,12567
4157,12262
4157,14468
4158,8459
4158,8468
4159,17912
4159,19322
4160,1760
4160,3316
4160,3505
4161,33
4161,2511
4161,4196
4161,17185
4161,17516
4162,1173
4162,10303
4163,236
4163,2503
4164,18530
4164,18904
4165,80
4165,1419
4165,15205
4166,743
4166,2511
4166,7376
4167,1173
4167,10888
4167,17277
4168,3954
4168,7200
4169,19574
4169,19585
4170,2170
4170,3976
4171,2511
4171,13457
4172,10642
4172,19516
4173,1376
4173,13183
4174,1268
4174,2511
4174,7535
4174,7932
4174,10333
4175,16382
4175,19443
4176,2120
4176,17085
4177,21596
4177,21604
4178,2511
4178,20628
4178,21303
4179,12507
4179,17908
4180,5213
4180,17969
4181,21162
4181,21261
4182,6693
4182,22093
4183,4960
4183,21316
4183,21956
4184,19487
4184,21040
4185,4129
4185,8456
4185,14035
4185,21767
4185,22174
4185,22783
4186,4529
4186,16815
4187,22499
4187,22840
4188,13952
4188,21606
4189,2511
4189,22478
4189,23348
4190,19340
4190,22859
4191,20080
4191,23357
4192,1991
4192,11809
4193,7184
4193,8483
4194,258
4194,3847
4195,20125
4195,20126
4196,8483
4196,23100
4197,12505
4197,15040
4197,17350
4198,13034
4198,14430
4199,20833
4199,23107
4200,7739
4200,8511
4201,14820
4201,15990
4202,5945
4202,20437
4203,5945
4203,8516
4204,6095
4204,9038
4205,548
4205,6756
4206,0
4206,43
4206,58
4206,6762
4206,6764
4206,16608
4207,9797
4207,10974
4207,11917
4208,3459
4208,22521
4209,9024
4209,16259
4210,14209
4210,15860
4210,23035
4211,6809
4211,14826
4212,11675
4212,12673
4212,14313
4212,26004
4213,18861
4213,24282
4214,2981
4214,3004
4215,23129
4215,26394
4216,2147
4216,2149
4217,3303
4217,3304
4218,7046
4218,23907
4219,5972
4219,6798
4219,13246
4219,24094
4220,7934
4220,16555
4220,19230
4220,19603
4220,25585
4221,2154
4221,16902
4222,26078
4222,26831
4223,8001
4223,18073
4224,7445
4224,10826
4225,2024
4225,27390
4226,1986
4226,6559
4227,14683
4227,25528
4228,4196
4228,25836
4229,5570
4229,26742
4230,1305
4230,9477
4230,21222
4231,17844
4231,27919
4232,11793
4232,12047
4233,9347
4233,24692
4234,909
4234,910
4235,22346
4235,22481
4235,29275
4236,6026
4236,15982
4236,28991
4237,18455
4237,22195
4238,18045
4238,27878
4239,18184
4239,29501
4240,10849
4240,21374
4241,2424
4241,10042
4242,23383
4242,27631
4242,28936
4243,11812
4243,22438
4244,12864
4244,18273
4245,989
4245,8810
4245,9199
4245,9475
4245,21063
4246,9407
4246,13864
4247,5251
4247,11008
4247,17277
4248,4958
4248,6366
4249,2835
4249,11883
4250,28196
4250,30032
4251,19845
4251,24085
4252,12550
4252,29820
4253,30144
4253,30199
4254,14430
4254,27768
4254,28103
4255,842
4255,12716
4255,19401
4256,24123
4256,29021
4257,23584
4257,25281
4258,1457
4258,20794
4258,25190
4259,18031
4259,19448
4259,24750
4259,30283
4260,2853
4260,18031
4260,29094
4261,25208
4261,28176
4262,21714
4262,22272
4263,2
4263,221
4264,2460
4264,9312
4264,27230
4265,8935
4265,27332
4265,28338
4266,17427
4266,28876
4267,10740
4267,10839
4267,11022
4267,22990
4267,25545
4268,19343
4268,28103
4269,20253
4269,29359
4270,23941
4270,26398
4271,2864
4271,8771
4272,2864
4272,15609
4273,9067
4273,13287
4273,16705
4274,23025
4274,29875
4275,15031
4275,29320
4276,15159
4276,26692
4277,3342
4277,22923
4278,3632
4278,24093
4279,26884
4279,27051
4279,30966
4280,26062
4280,27003
4281,29781
4281,30401
4282,9636
4282,19818
4283,25525
4283,25765
4284,23389
4284,25756
4285,17333
4285,29056
4286,28748
4286,31153
4287,20174
4287,20202
4288,12635
4288,21683
4288,23261
4289,9812
4289,11811
4290,28646
4290,30478
4291,13232
4291,15938
4291,21430
4292,29511
4292,30913
4293,11874
4293,15108
4294,11889
4294,14227
4295,17470
4295,28224
4296,12447
4296,28384
4297,27958
4297,31317
4298,25013
4298,25024
4299,13225
4299,31270
4300,13963
4300,29864
4301,17371
4301,28140
4302,27639
4302,28500
4302,29207
4303,3275
4303,6661
4303,30348
4304,1808
4304,1810
4305,5968
4305,7165
4306,11315
4306,31636
4307,225
4307,226
4308,1597
4308,1915
4309,1972
4309,5303
4310,331
4310,2297
4311,5395
4311,5782
4312,1523
4312,4787
4313,6993
4313,7672
4314,3798
4314,5511
4315,994
4315,3795
4316,5766
4316,7563
4317,3954
4317,7200
4318,2154
4318,6965
4319,1227
4319,2423
4320,1591
4320,1592
4321,944
4321,2369
4321,8695
4321,10356
4322,1024
4322,9270
4323,4067
4323,14072
4324,2145
4324,4036
4324,6732
4324,8242
4325,1415
4325,9451
4326,5632
4326,15333
4327,2826
4327,15858
4328,2933
4328,2948
4329,5123
4329,11879
4330,4559
4330,8769
4330,10570
4331,6778
4331,7651
4332,16228
4332,17139
4333,9672
4333,14701
4334,13177
4334,15302
4335,1051
4335,9169
4336,12693
4336,13055
4337,50
4337,53
4338,3675
4338,16411
4339,3640
4339,9487
4340,4381
4340,17082
4341,1576
4341,15523
4342,8697
4342,13288
4343,4152
4343,7366
4343,18929
4344,13003
4344,15481
4345,1684
4345,17493
4346,713
4346,6915
4346,11987
4346,20027
4347,19574
4347,19585
4348,17637
4348,17971
4349,4863
4349,16508
4350,14720
4350,16434
4351,1585
4351,1608
4352,3898
4352,19252
4353,19815
4353,22582
4354,19294
4354,21335
4355,18698
4355,23314
4356,20991
4356,23376
4357,4374
4357,19007
4357,19011
4358,3316
4358,15376
4359,7739
4359,8511
4360,15541
4360,15597
4361,6095
4361,9038
4362,17994
4362,24500
4363,2425
4363,2540
4364,20800
4364,21495
4365,20690
4365,21020
4366,1758
4366,14489
4367,388
4367,14209
4367,15860
4368,15961
4368,16555
4368,19603
4369,18536
4369,18961
4370,2981
4370,3004
4371,16105
4371,20248
4372,3869
4372,25093
4373,17277
4373,22796
4374,10497
4374,11929
4375,26462
4375,26719
4376,25619
4376,27011
4377,23719
4377,26231
4378,4196
4378,6925
4379,15632
4379,21222
4380,3364
4380,27683
4381,26111
4381,26192
4382,24230
4382,28115
4383,26914
4383,27562
4384,17844
4384,23231
4385,27415
4385,28211
4386,1482
4386,5029
4387,9347
4387,24692
4388,1993
4388,15546
4388,26550
4389,909
4389,910
4390,28642
4390,29324
4391,14430
4391,28814
4392,27834
4392,28422
4393,8269
4393,14155
4394,989
4394,7732
4395,11008
4395,17277
4396,8378
4396,8617
4396,30144
4397,27416
4397,28936
4397,29699
4398,28158
4398,29965
4399,20790
4399,21699
4400,27768
4400,28385
4401,8551
4401,21597
4402,16731
4402,27332
4403,22512
4403,30456
4404,8031
4404,27768
4404,30507
4405,25151
4405,27768
4406,13446
4406,17427
4406,27419
4407,28714
4407,29359
4408,22990
4408,25545
4409,4066
4409,4568
4410,25270
4410,30862
4411,26557
4411,28389
4412,3989
4412,6217
4413,27003
4413,31048
4414,10423
4414,24690
4415,23559
4415,25833
4416,6779
4416,25213
4417,9812
4417,20189
4418,19785
4418,30478
4418,31286
4419,3801
4419,28993
4420,30960
4420,31317
4421,20132
4421,20659
4422,25013
4422,25024
4422,31198
4423,6402
4423,31132
4423,31480
4424,1808
4424,1810
4425,36
4425,68
4426,768
4426,3288
4427,5977
4427,6339
4428,2827
4428,2889
4429,181
4429,9130
4430,2369
4430,7344
4431,2188
4431,15539
4432,8045
4432,9130
4433,3986
4433,9321
4434,3954
4434,7200
4435,1057
4435,11739
4436,1444
4436,8679
4437,3640
4437,12445
4438,8166
4438,17575
4439,1224
4439,16178
4440,743
4440,7376
4441,5703
4441,9512
4441,11820
4442,5282
4442,7492
4443,4852
4443,10192
4444,4433
4444,6598
4445,2316
4445,12303
4446,3848
4446,14464
4447,43
4447,20576
4448,608
4448,20218
4449,6672
4449,10769
4450,19530
4450,19545
4451,5029
4451,24273
4452,909
4452,910
4453,14918
4453,22519
4453,23509
4453,28072
4454,989
4454,7732
4454,28892
4455,64
4455,11008
4456,18233
4456,28936
4456,29699
4457,21983
4457,25545
4458,4066
4458,4568
4459,25270
4459,30862
4460,26557
4460,28389
4461,3989
4461,30743
4462,26884
4462,27051
4463,27003
4463,31048
4464,6779
4464,25833
4465,29066
4465,30548
4466,20189
4466,28059
4467,225
4467,226
4468,64
4468,294
4469,848
4469,961
4470,921
4470,1640
4471,1597
4471,1915
4472,1972
4472,5303
4473,154
4473,331
4474,5395
4474,5782
4475,2162
4475,2767
4476,4262
4476,4519
4477,6993
4477,7672
4478,994
4478,3795
4479,6457
4479,6535
4480,5766
4480,7184
4480,7563
4480,9924
4481,10720
4481,10737
4482,3954
4482,7200
4483,2154
4483,6965
4484,6317
4484,9882
4485,1227
4485,2423
4486,944
4486,10356
4487,11308
4487,11314
4488,1365
4488,6575
4489,717
4489,2020
4490,1024
4490,9270
4491,6732
4491,8242
4492,295
4492,1750
4492,6457
4492,8760
4492,9411
4492,10355
4493,1415
4493,9451
4493,14995
4493,14996
4494,5632
4494,15333
4495,2933
4495,2948
4496,5123
4496,11879
4497,8769
4497,10570
4498,4452
4498,6778
4498,7651
4499,4172
4499,9566
4500,5920
4500,12507
4501,4594
4501,17139
4502,2771
4502,2803
4503,4695
4503,15258
4504,9672
4504,14701
4505,12
4505,1051
4505,9169
4505,17009
4506,12693
4506,13055
4507,8139
4507,10298
4508,50
4508,53
4509,3675
4509,16411
4510,12487
4510,18520
4510,18647
4511,3640
4511,9487
4512,1576
4512,15523
4513,8697
4513,10731
4513,13288
4514,4152
4514,7366
4514,18929
4515,8040
4515,13003
4515,15481
4516,2379
4516,9621
4517,12440
4517,17493
4518,1684
4518,17288
4519,6915
4519,11987
4519,19494
4519,20027
4520,8084
4520,19574
4520,19585
4521,17637
4521,17971
4522,6704
4522,7140
4523,13183
4523,20138
4524,1376
4524,5054
4525,4863
4525,10333
4525,16508
4526,14720
4526,16434
4527,1585
4527,1608
4528,1944
4528,13952
4529,1134
4529,3898
4529,17923
4529,19252
4530,19815
4530,22582
4531,1991
4531,8483
4531,20672
4532,14069
4532,19294
4532,21335
4533,253
4533,20446
4533,23314
4533,23376
4534,4440
4534,23077
4535,19007
4535,19011
4536,3316
4536,15376
4537,7739
4537,8511
4538,15541
4538,15597
4539,6095
4539,9038
4540,17994
4540,24500
4541,6762
4541,6764
4542,20800
4542,21495
4543,20690
4543,21020
4543,23719
4544,23765
4544,24455
4544,24538
4545,388
4545,14209
4545,15860
4546,16555
4546,19603
4546,21382
4547,9410
4547,9528
4548,15940
4548,22184
4549,5147
4549,25851
4550,6817
4550,12673
4550,14313
4551,2981
4551,3004
4552,10497
4552,11929
4553,2024
4553,4196
4554,16967
4554,21572
4555,2130
4555,11318
4555,22710
4556,4196
4556,6925
4557,15632
4557,21222
4558,3364
4558,27683
4559,26111
4559,26192
4560,24230
4560,28115
4561,17844
4561,23231
4562,26914
4562,27562
4563,25390
4563,28211
4564,9347
4564,24692
4565,1993
4565,15546
4566,909
4566,910
4567,28642
4567,29324
4568,27834
4568,28422
4569,8269
4569,14155
4570,8378
4570,8617
4571,27768
4571,28103
4572,27416
4572,29699
4573,18031
4573,19448
4573,30283
4574,20790
4574,21699
4575,22944
4575,30280
4576,27768
4576,28385
4577,16731
4577,27332
4578,8031
4578,27768
4578,30507
4579,13446
4579,17427
4579,27419
4580,28714
4580,29359
4581,10740
4581,10839
4581,11022
4581,22990
4581,25545
4582,4066
4582,4568
4583,25270
4583,30862
4584,28389
4584,30314
4585,16705
4585,30743
4586,16638
4586,30224
4587,27003
4587,31048
4588,10423
4588,24690
4589,23559
4589,25833
4590,20174
4590,20202
4591,200
4591,23453
4592,9812
4592,20189
4593,3801
4593,28993
4594,12447
4594,30913
4595,20132
4595,20659
4595,31543
4596,25013
4596,25024
4596,31198
4597,3879
4597,30692
4598,29864
4598,30620
4599,1808
4599,1810
4600,987
4600,1608
4601,5343
4601,6706
4602,8312
4602,8585
4603,5781
4603,5835
4604,1256
4604,1454
4605,992
4605,1435
4606,5037
4606,10084
4607,5126
4607,10706
4608,6007
4608,8764
4608,12790
4608,12997
4608,14771
4608,14850
4608,15046
4608,15916
4609,1349
4609,9489
4610,7318
4610,8273
4611,4461
4611,8255
4612,2044
4612,6629
4613,915
4613,1531
4613,3586
4614,5089
4614,6629
4614,17158
4615,10869
4615,10918
4616,9132
4616,16351
4617,2811
4617,14117
4618,6635
4618,6727
4619,7184
4619,10303
4620,14393
4620,17590
4621,512
4621,2058
4621,10992
4621,11696
4621,13905
4621,17647
4622,1589
4622,15275
4622,16054
4622,16336
4623,1971
4623,8764
4623,16336
4624,5958
4624,10342
4624,11138
4624,13709
4624,13797
4625,10992
4625,13903
4626,6635
4626,6727
4627,3129
4627,12120
4628,2424
4628,16481
4629,1585
4629,6183
4629,6629
4629,10424
4629,17017
4630,4824
4630,6007
4630,9770
4631,942
4631,9310
4632,1871
4632,5126
4632,9910
4632,9958
4632,14448
4632,17647
4633,289
4633,8812
4633,8862
4633,12630
4633,17761
4634,12676
4634,13769
4634,14029
4634,16865
4635,12205
4635,18413
4635,18563
4636,915
4636,12662
4637,14336
4637,14943
4638,5126
4638,18706
4639,1043
4639,7278
4640,2126
4640,2751
4640,9131
4640,11310
4641,8111
4641,12574
4642,627
4642,8804
4642,17883
4643,4681
4643,6827
4643,7191
4643,7214
4643,10342
4643,11987
4643,14095
4644,915
4644,18624
4645,12121
4645,14009
4645,14939
4645,15184
4645,16988
4645,18954
4646,32
4646,5945
4646,13273
4646,14802
4646,19630
4647,5078
4647,10992
4647,14939
4647,18820
4647,19964
4648,3586
4648,12879
4648,13172
4648,19588
4649,7214
4649,20169
4650,5869
4650,10866
4650,12811
4650,19843
4651,4380
4651,11986
4651,13743
4652,4681
4652,17664
4652,19843
4653,2775
4653,2849
4653,6061
4653,6116
4653,19463
4653,20256
4654,5032
4654,6183
4654,11369
4654,15939
4654,18507
4654,19541
4654,20188
4655,1357
4655,3212
4655,7278
4656,16867
4656,18935
4657,5781
4657,20401
4658,1365
4658,8404
4659,2811
4659,16407
4660,13273
4660,14802
4661,2380
4661,6462
4661,10342
4661,16647
4662,2380
4662,9790
4663,10691
4663,12361
4663,20423
4664,1763
4664,3422
4665,9481
4665,13800
4665,15377
4665,20531
4666,8027
4666,8764
4667,17910
4667,19397
4668,2142
4668,2173
4668,9770
4668,13034
4669,6635
4669,6727
4670,8682
4670,8769
4670,10570
4670,11365
4671,14802
4671,17606
4672,1758
4672,14489
4673,3954
4673,7200
4673,10886
4674,15978
4674,16003
4675,1622
4675,4681
4675,14315
4676,1938
4676,6629
4676,14512
4677,87
4677,204
4677,581
4677,3716
4677,12643
4677,12790
4677,20665
4678,10536
4678,13815
4678,15619
4678,16481
4678,19813
4679,9474
4679,15251
4679,15509
4680,17989
4680,17990
4681,18168
4681,21280
4682,6368
4682,10630
4683,1417
4683,2707
4684,18624
4684,18954
4684,18958
4684,20678
4684,21016
4685,915
4685,1291
4685,13393
4685,15237
4686,16632
4686,16878
4686,17612
4686,17656
4686,18360
4687,394
4687,12867
4687,12898
4688,6629
4688,14365
4688,19862
4689,6078
4689,12790
4690,1500
4690,1662
4691,7328
4691,7459
4691,13485
4691,21100
4691,22080
4692,7909
4692,8943
4692,17277
4692,18379
4693,21837
4693,22484
4694,474
4694,5095
4694,18748
4694,21330
4695,8804
4695,14029
4696,1509
4696,22382
4697,7317
4697,18958
4698,15067
4698,15427
4698,22719
4699,6410
4699,22928
4700,2707
4700,15239
4700,22881
4701,1745
4701,4791
4701,6410
4701,6873
4701,8658
4701,22928
4702,7082
4702,19843
4703,6410
4703,8329
4703,22928
4704,2751
4704,5567
4704,20791
4705,9123
4705,19170
4705,19324
4706,1536
4706,11213
4707,6635
4707,6727
4708,15652
4708,21563
4708,21857
4709,22715
4709,22725
4710,22006
4710,22107
4711,4158
4711,4168
4711,22305
4711,23557
4712,10614
4712,14029
4712,17262
4712,19973
4713,7278
4713,13019
4714,1585
4714,4380
4714,5781
4714,19813
4714,21684
4715,2526
4715,9739
4715,11696
4715,14608
4715,23023
4715,23669
4716,1627
4716,10763
4716,23743
4717,4425
4717,23718
4718,1095
4718,21535
4719,43
4719,6607
4719,12457
4719,20529
4720,6007
4720,11270
4721,1608
4721,12965
4721,19973
4722,450
4722,2009
4722,2077
4722,3314
4722,3463
4722,16792
4722,23143
4722,23516
4723,6007
4723,23201
4723,23475
4723,23841
4724,1695
4724,23516
4725,450
4725,13161
4725,13686
4725,21658
4726,1095
4726,21535
4727,13410
4727,17876
4727,23647
4728,240
4728,9024
4728,13487
4728,16259
4728,18257
4729,1282
4729,11569
4730,6635
4730,6727
4731,1311
4731,24398
4732,4681
4732,13410
4732,14980
4732,21914
4732,24385
4733,4371
4733,7227
4733,7567
4733,9785
4733,14302
4733,17872
4734,379
4734,4410
4734,12790
4734,14608
4734,23212
4734,23768
4735,627
4735,23386
4736,9668
4736,12393
4737,5126
4737,13743
4737,17351
4737,23017
4738,15327
4738,25119
4739,507
4739,5334
4740,2811
4740,8615
4741,4681
4741,4791
4742,2526
4742,18140
4743,19275
4743,22074
4744,29012
4744,29016
4745,17361
4745,20476
4746,29012
4746,29016
4747,12188
4747,22074
4748,29450
4748,29699
4749,29696
4749,29965
4750,23845
4750,27707
4750,27760
4750,30423
4751,12596
4751,24110
4751,29767
4752,28434
4752,28443
4753,21265
4753,29089
4754,2526
4754,30956
4755,29629
4755,29688
4756,13398
4756,21713
4756,21857
4756,23011
4756,24330
4756,31012
4757,24763
4757,30602
4758,9513
4758,24432
4759,20784
4759,28360
4760,11691
4760,22795
4761,29322
4761,29629
4761,31252
4762,30555
4762,30738
4763,6906
4763,27839
4764,20053
4764,20054
4765,19314
4765,29484
4766,9184
4766,30685
4767,10868
4767,26864
4768,25939
4768,31581
4769,27538
4769,29715
4769,31495
4770,31506
4770,31643
4771,7766
4771,8595
4772,64
4772,294
4773,3070
4773,8094
4774,478
4774,6011
4775,227
4775,2379
4775,3375
4776,6631
4776,15497
4777,182
4777,6631
4778,4987
4778,5683
4779,26328
4779,26538
4780,7260
4780,22515
4781,3303
4781,3304
4782,19845
4782,24085
4783,21047
4783,21237
4784,1033
4784,21348
4785,1374
4785,8344
4785,9421
4786,26884
4786,27051
4787,213
4787,299
4788,15975
4788,24911
4789,1158
4789,1466
4790,1107
4790,1734
4791,1107
4791,1359
4792,1324
4792,2270
4793,1324
4793,2033
4794,1597
4794,1915
4794,2811
4795,1597
4795,1915
4795,2270
4796,3142
4796,3427
4797,673
4797,2649
4798,388
4798,1944
4799,812
4799,1291
4799,4138
4800,265
4800,984
4801,3052
4801,3753
4802,2752
4802,4778
4803,2369
4803,4778
4804,1920
4804,2752
4805,1372
4805,3416
4806,1521
4806,3945
4807,1521
4807,3945
4808,3146
4808,4618
4809,2676
4809,3427
4810,2569
4810,6236
4811,4100
4811,7753
4812,3005
4812,8244
4813,233
4813,2676
4814,3005
4814,4268
4815,265
4815,2377
4816,2314
4816,3566
4817,465
4817,8093
4818,1920
4818,8166
4819,1920
4819,2270
4819,7085
4820,1057
4820,4533
4820,7193
4821,2744
4821,4585
4822,2270
4822,4533
4823,230
4823,245
4824,2766
4824,6369
4824,6606
4824,8334
4824,9775
4825,2766
4825,2992
4826,3005
4826,3208
4827,1630
4827,6844
4828,3728
4828,8612
4829,6359
4829,10341
4830,2681
4830,5474
4831,643
4831,4850
4831,7563
4832,4423
4832,5935
4833,3979
4833,5637
4833,8112
4834,3019
4834,6296
4835,862
4835,1647
4836,1647
4836,12389
4837,2314
4837,3566
4838,2976
4838,9901
4839,145
4839,189
4840,7405
4840,13211
4841,5614
4841,9270
4842,3005
4842,10843
4843,2744
4843,3005
4844,3306
4844,11815
4844,11817
4844,13176
4844,13418
4845,8990
4845,12176
4845,12655
4845,13581
4845,14366
4846,2288
4846,6575
4846,13301
4847,2314
4847,3566
4847,4284
4847,8716
4847,13013
4848,1748
4848,11336
4848,13117
4848,13157
4848,14346
4849,5755
4849,8510
4850,3142
4850,3170
4850,8305
4851,9432
4851,11741
4852,1592
4852,11150
4853,6014
4853,8318
4853,8510
4854,2328
4854,14157
4855,10602
4855,12595
4856,8868
4856,11987
4857,443
4857,8211
4858,9582
4858,9869
4858,11815
4858,14022
4859,2364
4859,15278
4860,11461
4860,11991
4861,443
4861,3440
4861,11583
4862,14409
4862,14589
4863,4601
4863,5632
4863,8590
4863,15460
4864,4968
4864,10811
4864,12835
4865,7123
4865,10727
4866,8590
4866,12181
4866,12835
4866,15572
4867,2988
4867,4323
4867,4713
4867,4757
4868,3172
4868,3677
4869,8232
4869,8590
4869,9037
4869,12081
4870,5172
4870,11565
4871,10727
4871,12109
4872,2802
4872,4187
4872,7250
4872,11410
4872,14919
4873,13109
4873,15858
4874,4199
4874,9834
4875,13761
4875,16551
4876,10727
4876,12155
4877,571
4877,12625
4878,8590
4878,12109
4878,12990
4879,6711
4879,9441
4880,3400
4880,11991
4881,10495
4881,14547
4881,15049
4881,16318
4881,16548
4882,2412
4882,14561
4883,825
4883,10727
4884,868
4884,3089
4884,16702
4885,145
4885,3153
4885,4452
4885,6620
4886,5755
4886,9850
4886,10222
4886,17081
4887,142
4887,1696
4887,3920
4887,11816
4887,15667
4888,257
4888,3142
4889,5766
4889,10727
4890,3298
4890,3565
4891,13842
4891,16370
4892,1944
4892,11249
4893,768
4893,825
4893,6457
4894,9264
4894,12676
4895,6883
4895,9411
4896,2341
4896,3565
4897,7753
4897,7859
4897,12622
4898,8000
4898,13209
4899,5598
4899,6252
4899,12953
4900,443
4900,8748
4900,15417
4901,1692
4901,8783
4902,11570
4902,13049
4903,16775
4903,17294
4904,2236
4904,7543
4905,2341
4905,2365
4905,5970
4906,9348
4906,13539
4907,359
4907,8868
4907,11200
4907,17065
4908,5161
4908,14221
4909,4199
4909,5474
4910,3306
4910,15237
4911,7012
4911,8147
4911,8868
4912,8941
4912,10727
4913,6561
4913,11965
4914,2503
4914,4601
4915,2345
4915,16906
4916,359
4916,3306
4916,17138
4917,6842
4917,6904
4918,5662
4918,14221
4919,6457
4919,15669
4920,14701
4920,15258
4920,16221
4921,7420
4921,10448
4921,13809
4922,2786
4922,5172
4923,6978
4923,15394
4924,5391
4924,16667
4925,6842
4925,6904
4926,692
4926,11266
4926,11814
4926,16370
4927,2907
4927,5245
4928,227
4928,8112
4929,10727
4929,14045
4930,2425
4930,11189
4930,14701
4931,5172
4931,14332
4932,108
4932,12109
4933,2574
4933,13544
4933,14221
4933,18111
4934,1944
4934,16738
4934,17416
4935,2399
4935,8868
4935,11817
4936,8206
4936,8513
4937,5795
4937,9152
4937,12697
4937,16370
4938,11817
4938,15371
4938,16121
4939,5172
4939,12109
4940,7592
4940,16551
4941,6561
4941,10727
4941,14070
4941,15669
4942,3473
4942,8941
4942,8944
4943,10860
4943,14791
4944,1057
4944,12324
4945,2887
4945,13177
4946,1465
4946,1920
4946,2988
4947,8121
4947,13153
4947,15669
4948,5172
4948,14221
4949,1057
4949,5416
4950,3898
4950,11905
4951,4737
4951,11223
4952,3890
4952,5161
4952,7806
4953,6261
4953,13177
4954,8612
4954,13947
4955,7806
4955,13175
4956,3473
4956,9650
4957,1920
4957,3675
4958,9465
4958,10210
4958,16777
4958,17510
4959,13177
4959,17295
4960,3179
4960,13873
4961,2569
4961,4585
4961,7405
4962,11200
4962,14063
4963,14685
4963,18703
4964,22
4964,15330
4965,1672
4965,1920
4966,2313
4966,4757
4966,16370
4967,11905
4967,15844
4968,14685
4968,16247
4968,18703
4969,10185
4969,13873
4970,572
4970,3898
4971,4249
4971,7663
4971,12980
4972,10261
4972,11815
4973,2442
4973,4180
4973,8997
4974,10185
4974,11716
4975,10727
4975,15711
4976,856
4976,1548
4976,18334
4977,13448
4977,18982
4978,3427
4978,6032
4978,13448
4979,17384
4979,18277
4980,7722
4980,16224
4981,13177
4981,13448
4982,10727
4982,13983
4983,10007
4983,13632
4984,17001
4984,18297
4985,17187
4985,18896
4986,2240
4986,11055
4986,18297
4987,5970
4987,10727
4988,1224
4988,2683
4988,4585
4988,14774
4988,15201
4988,15417
4989,1094
4989,6757
4990,6964
4990,19241
4991,1022
4991,6165
4991,19736
4992,1943
4992,11847
4992,12622
4992,15297
4993,5925
4993,9465
4994,1370
4994,5015
4994,8783
4995,13177
4995,18007
4996,6964
4996,10805
4997,10507
4997,17735
4998,3473
4998,17493
4999,2365
4999,15222
5000,1022
5000,5161
5001,3457
5001,10642
5002,12622
5002,14208
5003,3179
5003,3725
5003,13809
5004,1760
5004,3505
5005,2311
5005,12540
5006,4020
5006,10727
5007,4389
5007,4391
5008,9414
5008,12347
5008,19536
5009,9270
5009,12109
5010,3986
5010,13177
5011,10642
5011,19539
5012,14901
5012,16838
5013,8772
5013,9621
5014,1920
5014,8084
5015,9611
5015,10727
5016,11987
5016,14901
5016,19852
5017,2412
5017,5161
5017,16670
5017,17922
5018,1920
5018,10727
5019,2412
5019,16670
5020,5191
5020,8084
5020,11987
5020,19828
5021,359
5021,4601
5021,15669
5021,16782
5021,19667
5022,236
5022,19423
5023,5474
5023,6896
5023,12317
5023,20020
5024,5172
5024,12570
5025,3300
5025,16617
5025,17164
5026,18049
5026,19915
5026,20011
5027,3212
5027,10727
5027,18530
5028,11817
5028,12953
5029,3459
5029,6542
5030,10287
5030,14511
5030,16188
5030,17757
5031,1268
5031,18488
5032,5172
5032,11817
5032,17192
5032,18359
5033,10727
5033,20020
5034,2584
5034,6499
5035,11947
5035,16472
5035,19915
5036,8675
5036,20011
5037,3583
5037,17876
5038,2500
5038,9348
5038,12953
5039,6944
5039,12010
5040,5657
5040,12766
5040,13932
5041,9414
5041,17217
5041,20593
5042,1920
5042,4011
5043,6240
5043,9611
5044,9611
5044,13529
5045,7140
5045,19259
5046,227
5046,12486
5047,15585
5047,20636
5048,3806
5048,6499
5049,15669
5049,20708
5050,1920
5050,11082
5051,270
5051,13289
5052,4079
5052,10888
5053,4559
5053,15078
5053,17223
5053,19183
5054,239
5054,6965
5055,13003
5055,18292
5056,12307
5056,20336
5056,20935
5057,16224
5057,17757
5058,22
5058,533
5058,11445
5058,18427
5058,19537
5059,1672
5059,15078
5059,20336
5060,227
5060,9512
5061,3976
5061,4869
5061,5172
5061,18573
5062,533
5062,13103
5062,14949
5062,17757
5063,2170
5063,14561
5064,7372
5064,18573
5065,6842
5065,6904
5065,11445
5065,15195
5066,1920
5066,4559
5066,4852
5066,18292
5066,18363
5067,8590
5067,8944
5067,18952
5068,2993
5068,6969
5068,7140
5069,6842
5069,6904
5070,302
5070,3256
5070,6704
5070,7504
5071,2707
5071,19934
5072,47
5072,4869
5072,5925
5072,13278
5073,4304
5073,13503
5074,15511
5074,18427
5075,3954
5075,7200
5075,9832
5075,18527
5075,19232
5076,1268
5076,1920
5076,21304
5077,10727
5077,10865
5077,18285
5078,6354
5078,14157
5078,17759
5079,5054
5079,7137
5079,8590
5079,16508
5079,19222
5080,8673
5080,20460
5081,2616
5081,3100
5081,10276
5082,4528
5082,10071
5083,15484
5083,18775
5084,412
5084,11629
5084,11817
5084,11884
5085,242
5085,7200
5085,15290
5085,16874
5086,4046
5086,6956
5086,10412
5086,12155
5087,837
5087,2308
5087,9499
5088,533
5088,8002
5089,12953
5089,19305
5090,9382
5090,9611
5091,412
5091,8517
5091,18427
5092,5087
5092,18775
5093,19516
5093,21137
5094,18277
5094,18427
5094,18744
5095,3099
5095,5474
5095,12953
5095,19553
5096,9611
5096,17938
5096,20136
5096,20610
5097,16617
5097,21622
5098,4445
5098,17938
5098,18896
5098,20710
5098,21802
5099,18427
5099,20740
5100,3819
5100,8002
5100,11629
5100,20238
5101,393
5101,13097
5102,6696
5102,13376
5103,12155
5103,17593
5104,11062
5104,19516
5105,1920
5105,4528
5106,1585
5106,1608
5106,18416
5107,1920
5107,5744
5108,5755
5108,20259
5109,13659
5109,21660
5109,21819
5110,13180
5110,17235
5111,9519
5111,12850
5111,20467
5112,1920
5112,21049
5113,1585
5113,1608
5113,2314
5114,3852
5114,16551
5114,19554
5115,7420
5115,7882
5116,10787
5116,14190
5117,9855
5117,14862
5118,3566
5118,15275
5118,16054
5119,20528
5119,21622
5120,4477
5120,13544
5121,1729
5121,9855
5121,21793
5122,51
5122,390
5122,13544
5122,18143
5122,20636
5123,2564
5123,5311
5123,21066
5124,4528
5124,6040
5125,8084
5125,19421
5125,19707
5126,17987
5126,18234
5126,21132
5127,1205
5127,3068
5127,12303
5128,14219
5128,21156
5129,4869
5129,18896
5130,12257
5130,14901
5131,1920
5131,4528
5131,16370
5131,21793
5132,6125
5132,14991
5132,17762
5133,19183
5133,22146
5134,3068
5134,5845
5135,2049
5135,21957
5136,9985
5136,17757
5136,20459
5137,92
5137,9689
5137,22146
5138,3375
5138,8180
5138,17757
5139,10865
5139,18359
5140,930
5140,12754
5140,16864
5141,18359
5141,18426
5142,22
5142,4129
5142,14035
5142,16000
5142,22783
5143,4125
5143,15689
5143,20831
5144,15599
5144,16907
5145,13979
5145,19423
5146,10673
5146,13726
5147,1920
5147,22183
5148,16991
5148,20312
5149,7031
5149,8590
5149,17129
5150,9428
5150,13117
5151,16
5151,3215
5151,18427
5152,11139
5152,21556
5152,21606
5153,1173
5153,10507
5154,5473
5154,11158
5154,21195
5155,89
5155,19509
5156,1282
5156,20865
5157,2732
5157,8590
5157,20913
5158,1134
5158,5970
5158,8582
5159,1920
5159,22208
5160,18254
5160,18531
5160,21459
5160,21820
5161,5970
5161,10727
5161,17801
5162,1173
5162,21477
5163,11654
5163,16782
5164,1920
5164,2917
5164,5998
5165,19765
5165,21965
5166,16617
5166,21459
5167,3954
5167,7200
5167,19239
5168,5570
5168,14991
5168,18254
5168,22873
5169,12209
5169,19014
5170,10515
5170,21996
5171,7766
5171,8590
5171,11393
5172,13608
5172,20991
5173,3005
5173,18951
5174,20672
5174,21736
5175,9523
5175,13816
5175,23159
5175,23606
5176,6106
5176,7941
5176,22646
5177,20220
5177,20517
5178,3566
5178,3954
5179,2314
5179,6106
5180,229
5180,23314
5181,1200
5181,4693
5182,1982
5182,20517
5183,21622
5183,23681
5184,1979
5184,14430
5185,3005
5185,22823
5186,196
5186,409
5187,22
5187,1392
5188,3728
5188,21934
5189,2798
5189,13034
5190,21459
5190,22891
5191,4440
5191,20387
5191,23443
5192,15756
5192,21773
5193,7707
5193,22718
5193,24094
5194,3186
5194,21889
5195,571
5195,2798
5195,8766
5195,13242
5196,23741
5196,23994
5197,2707
5197,4168
5197,14430
5198,7629
5198,22718
5199,11367
5199,24109
5200,1391
5200,2789
5200,8670
5201,1048
5201,13413
5201,19765
5202,1920
5202,2044
5203,7707
5203,19207
5204,7900
5204,11902
5205,6842
5205,6904
5206,17857
5206,19517
5207,8336
5207,9502
5208,23114
5208,23682
5209,1696
5209,23741
5209,23994
5210,22
5210,8180
5210,13585
5211,1920
5211,21459
5212,9825
5212,15756
5212,17857
5212,23609
5213,5123
5213,8506
5213,10184
5213,14015
5214,15028
5214,17277
5214,21540
5215,5123
5215,12591
5215,22108
5216,8220
5216,20386
5216,20833
5216,24094
5217,7735
5217,11281
5218,4601
5218,16374
5218,23357
5219,15925
5219,17565
5220,12068
5220,12383
5220,12724
5220,20822
5221,2718
5221,4843
5221,8506
5221,15569
5222,6842
5222,6904
5222,12591
5223,22
5223,2718
5223,21155
5224,4601
5224,15906
5224,23613
5224,23688
5225,12379
5225,19252
5226,1788
5226,13857
5227,14820
5227,15990
5228,1920
5228,5137
5228,20386
5228,21459
5229,1349
5229,5172
5230,11151
5230,23606
5231,1074
5231,5123
5231,24149
5232,2526
5232,21955
5233,7787
5233,10774
5233,22544
5234,4601
5234,5172
5234,20386
5235,6095
5235,9038
5235,17383
5236,9003
5236,18359
5236,21955
5237,1074
5237,1920
5237,5123
5237,8900
5238,9621
5238,20809
5239,6057
5239,24149
5240,4601
5240,8900
5240,9991
5241,11768
5241,21746
5242,7664
5242,10074
5243,9621
5243,20726
5244,3049
5244,3459
5244,13857
5245,1920
5245,21459
5245,23328
5246,6542
5246,21746
5246,23682
5247,3440
5247,9901
5247,18099
5248,177
5248,2786
5248,11151
5249,2425
5249,21459
5250,2241
5250,14094
5250,24394
5251,8612
5251,14912
5251,23682
5251,24673
5252,1411
5252,6542
5253,1998
5253,16948
5254,43
5254,22983
5254,22986
5255,6762
5255,6764
5255,17792
5255,21225
5255,22963
5256,1920
5256,11917
5256,16829
5257,4458
5257,5384
5258,9348
5258,14865
5259,552
5259,9348
5260,1430
5260,17762
5261,6764
5261,14685
5262,2740
5262,5491
5262,21258
5262,24812
5263,56
5263,21459
5263,23107
5263,23296
5264,6756
5264,19207
5265,20844
5265,21083
5266,1758
5266,14489
5267,6844
5267,13544
5267,18049
5268,2311
5268,20386
5269,4601
5269,12889
5269,13413
5270,1173
5270,4693
5270,7031
5271,359
5271,1920
5271,3566
5271,6756
5271,11814
5271,21083
5271,21826
5272,5759
5272,11214
5272,19207
5273,4601
5273,5743
5273,6844
5273,13842
5273,14685
5273,18338
5274,8900
5274,11326
5274,12383
5275,3478
5275,22873
5276,21820
5276,23098
5277,34
5277,83
5278,13355
5278,21826
5279,8670
5279,10507
5280,11814
5280,16765
5281,552
5281,11768
5282,1173
5282,12786
5282,18292
5283,6804
5283,13177
5284,10446
5284,11868
5284,15558
5285,10507
5285,22320
5286,8944
5286,9607
5287,6756
5287,12383
5287,12786
5287,17236
5288,21826
5288,24262
5289,359
5289,5474
5289,12014
5290,5275
5290,24538
5291,14209
5291,15860
5292,11336
5292,24603
5293,479
5293,2622
5294,10945
5294,17593
5295,359
5295,21826
5296,1173
5296,5755
5297,17987
5297,19425
5298,12878
5298,18444
5299,13376
5299,20791
5299,24634
5300,8944
5300,22446
5301,13305
5301,18785
5302,18802
5302,24936
5303,1828
5303,24505
5304,21609
5304,22654
5305,12641
5305,12835
5306,11000
5306,23176
5306,23606
5306,25558
5307,9410
5307,9528
5307,11860
5308,1979
5308,6526
5309,6458
5309,7882
5309,20326
5309,20386
5310,3459
5310,3536
5311,1411
5311,19332
5312,10185
5312,20833
5313,4837
5313,5517
5313,7787
5313,11000
5313,24149
5314,23143
5314,25384
5315,359
5315,5308
5315,16193
5315,23905
5316,14708
5316,23719
5317,31
5317,2714
5318,92
5318,182
5318,2776
5318,25799
5319,2513
5319,2571
5319,13557
5319,23077
5320,2206
5320,25520
5320,25919
5321,293
5321,25093
5322,4309
5322,16193
5323,6817
5323,18553
5324,18181
5324,23065
5325,18338
5325,18531
5326,2981
5326,3004
5327,5937
5327,23065
5328,942
5328,21982
5329,23143
5329,24170
5330,26328
5330,26538
5331,8057
5331,14430
5332,6458
5332,6460
5332,6817
5332,25552
5333,22873
5333,23795
5334,10313
5334,18719
5335,23260
5335,23907
5336,13272
5336,26058
5337,19466
5337,26862
5338,12835
5338,17802
5338,26672
5338,26905
5339,15889
5339,24367
5340,12024
5340,20868
5341,6553
5341,23606
5342,328
5342,19495
5342,25489
5343,4196
5343,17857
5343,25325
5344,11536
5344,26386
5345,10486
5345,10982
5346,2288
5346,14630
5346,19492
5347,1511
5347,23371
5348,18867
5348,19207
5349,14072
5349,26197
5350,3361
5350,5474
5351,4196
5351,18338
5351,26062
5352,24439
5352,26541
5353,1091
5353,22443
5354,14991
5354,15196
5355,2313
5355,18161
5356,2526
5356,27703
5357,9712
5357,15184
5358,6589
5358,15184
5358,20718
5359,13917
5359,27156
5360,22873
5360,24691
5361,2526
5361,28018
5362,1305
5362,18328
5363,12257
5363,24413
5364,5888
5364,14627
5365,13931
5365,22194
5366,11159
5366,19333
5367,19314
5367,23605
5367,27613
5368,1926
5368,13857
5369,1449
5369,25749
5370,13343
5370,19166
5370,26043
5370,27016
5370,28673
5371,14642
5371,14918
5371,22346
5372,22346
5372,27459
5373,19756
5373,29368
5374,22519
5374,27878
5374,28072
5374,28413
5375,14549
5375,28202
5375,28300
5376,19845
5376,24085
5377,6550
5377,13490
5378,24022
5378,29824
5379,24022
5379,26075
5380,4464
5380,24995
5381,3285
5381,13641
5381,13907
5382,19888
5382,29440
5383,1842
5383,13739
5384,17277
5384,29686
5385,13250
5385,25064
5386,25596
5386,26786
5387,15649
5387,29049
5388,16219
5388,27060
5389,18792
5389,25652
5390,26805
5390,30009
5391,27416
5391,29699
5391,29965
5392,8612
5392,26874
5393,27175
5393,30159
5394,15284
5394,29627
5395,842
5395,22945
5395,23164
5395,26265
5396,8115
5396,27645
5397,16112
5397,29006
5398,8181
5398,23682
5399,22318
5399,28881
5400,24995
5400,30400
5401,27666
5401,29958
5402,25270
5402,30796
5402,30862
5403,26239
5403,27645
5404,15153
5404,26902
5405,12573
5405,30707
5406,24690
5406,30707
5407,26243
5407,29676
5408,18242
5408,29770
5409,1943
5409,23734
5410,11990
5410,13641
5411,3110
5411,19536
5412,8244
5412,24022
5413,1502
5413,30707
5414,24610
5414,29253
5414,30707
5415,3726
5415,8521
5416,17088
5416,29928
5416,29981
5416,30340
5417,23722
5417,30351
5418,25021
5418,31342
5419,21507
5419,30042
5420,691
5420,898
5420,11582
5420,25513
5420,29076
5421,7663
5421,31171
5422,17799
5422,23019
5423,20481
5423,27113
5423,30707
5424,5916
5424,21982
5425,30042
5425,31448
5426,7056
5426,19066
5427,9362
5427,30042
5428,20828
5428,22015
5429,21542
5429,30042
5430,3395
5430,30042
5431,18339
5431,30042
5432,145
5432,189
5433,483
5433,4217
5434,3954
5434,7200
5435,27512
5435,27859
5436,64
5436,17277
5437,3954
5437,7200
5438,27512
5438,27859
5439,3954
5439,7200
5440,3869
5440,25093
5441,27512
5441,27859
5442,64
5442,17277
5443,3869
5443,25093
5444,64
5444,17277
5445,787
5445,1839
5446,423
5446,2297
5447,3218
5447,5395
5447,5782
5448,7140
5448,8812
5449,5656
5449,6844
5450,227
5450,16889
5451,16262
5451,17624
5452,2761
5452,4876
5453,3110
5453,3343
5454,1368
5454,2157
5455,4761
5455,5006
5455,5318
5456,1940
5456,4196
5457,3491
5457,3508
5457,3624
5457,3645
5457,3784
5457,3923
5458,1079
5458,5473
5459,1069
5459,5356
5460,2353
5460,6678
5461,57
5461,6138
5462,2345
5462,5369
5463,4152
5463,7366
5464,1897
5464,6663
5465,2569
5465,4618
5465,5951
5465,6127
5466,1293
5466,2314
5467,786
5467,7713
5468,2402
5468,7448
5468,8178
5469,4494
5469,8178
5470,994
5470,3795
5470,3986
5470,5459
5471,181
5471,9130
5472,1351
5472,1382
5473,1815
5473,8623
5474,4456
5474,6416
5475,6719
5475,8675
5476,3610
5476,9689
5477,77
5477,837
5477,8603
5478,3387
5478,9917
5479,77
5479,2369
5479,5668
5480,4092
5480,10252
5481,1192
5481,6579
5482,5200
5482,6681
5483,904
5483,4867
5484,125
5484,998
5485,4170
5485,9895
5486,10494
5486,10569
5486,10570
5487,3595
5487,4280
5488,8088
5488,9895
5489,3610
5489,9229
5490,4837
5490,6059
5491,9689
5491,10356
5492,6972
5492,9928
5492,11952
5493,5159
5493,6340
5494,7170
5494,7200
5495,2020
5495,14497
5495,14537
5496,6775
5496,11098
5497,9455
5497,10542
5498,1105
5498,3645
5499,10508
5499,13957
5500,5123
5500,5159
5500,8593
5500,14958
5501,1047
5501,7200
5502,2018
5502,8070
5503,8464
5503,9164
5504,1716
5504,8962
5505,9037
5505,9358
5506,8012
5506,11207
5506,11280
5506,13552
5506,13813
5506,15008
5507,6518
5507,14484
5508,2788
5508,8363
5509,3282
5509,14778
5510,6604
5510,11654
5511,13435
5511,15572
5512,4826
5512,4837
5513,7247
5513,15539
5514,3954
5514,11949
5515,2954
5515,8974
5515,8976
5516,13761
5516,13813
5516,16770
5517,77
5517,13741
5518,3035
5518,11127
5518,13772
5519,28
5519,6566
5520,5159
5520,14589
5521,13341
5521,14844
5522,9264
5522,17052
5523,12816
5523,15298
5524,1692
5524,11369
5525,8868
5525,15648
5526,2767
5526,5370
5527,10765
5527,16209
5528,717
5528,6561
5528,7200
5528,17561
5528,17623
5529,3954
5529,7200
5530,762
5530,2017
5531,15036
5531,15055
5532,6434
5532,17191
5532,18063
5533,925
5533,14553
5534,2472
5534,7200
5534,17085
5535,2643
5535,3348
5536,7806
5536,9914
5536,18505
5537,8497
5537,16684
5537,17751
5538,12143
5538,13813
5539,6672
5539,17231
5540,1920
5540,13813
5541,8459
5541,13580
5542,8837
5542,19494
5543,13813
5543,17879
5544,5271
5544,13969
5545,2059
5545,2213
5545,8271
5546,6859
5546,7243
5547,2258
5547,2547
5548,2555
5548,3848
5548,17823
5549,2564
5549,20067
5550,13580
5550,20294
5551,743
5551,7376
5551,13580
5552,10247
5552,17665
5552,20848
5553,7033
5553,17085
5554,2170
5554,14695
5555,9832
5555,18527
5556,1376
5556,16354
5557,81
5557,6672
5557,20576
5558,5054
5558,16508
5559,4728
5559,16388
5559,20740
5560,3954
5560,7200
5561,9759
5561,11522
5561,14862
5562,6517
5562,9897
5562,10356
5562,18795
5563,15599
5563,16907
5564,1544
5564,21574
5565,1134
5565,21518
5566,2732
5566,23138
5567,1374
5567,21845
5568,9895
5568,23413
5569,12209
5569,19014
5570,201
5570,208
5571,258
5571,3847
5572,3954
5572,7200
5573,11067
5573,21428
5573,21430
5574,12396
5574,20081
5575,15541
5575,15597
5575,22112
5576,6618
5576,17994
5576,24500
5577,20576
5577,24559
5578,6762
5578,6764
5578,17256
5579,9895
5579,22824
5580,5708
5580,23176
5581,16544
5581,23596
5582,3848
5582,9895
5583,3954
5583,8824
5583,21815
5584,9895
5584,13041
5584,17031
5584,17085
5585,18536
5585,18961
5586,2513
5586,10239
5587,6631
5587,17085
5588,182
5588,11917
5588,12822
5589,2981
5589,3004
5590,4220
5590,17987
5591,13734
5591,24760
5592,20721
5592,22939
5593,18922
5593,24705
5594,15743
5594,16902
5595,4220
5595,26998
5596,4220
5596,27179
5597,15490
5597,16967
5597,18834
5597,26926
5597,27626
5598,18619
5598,18770
5599,6589
5599,11641
5600,11768
5600,19810
5601,21983
5601,22623
5602,17844
5602,23231
5603,23330
5603,25066
5604,4417
5604,6207
5605,3308
5605,15589
5606,1285
5606,1295
5607,2798
5607,26521
5608,22346
5608,22481
5609,6844
5609,26285
5610,5708
5610,14551
5610,26023
5611,9363
5611,27894
5612,23509
5612,27733
5613,6550
5613,12953
5614,989
5614,7732
5615,29858
5615,29859
5616,22623
5616,22901
5617,8836
5617,8861
5618,1457
5618,20522
5619,483
5619,12729
5620,14852
5620,25402
5621,21405
5621,29023
5622,2340
5622,29676
5623,21597
5623,27150
5624,6739
5624,16628
5625,499
5625,12914
5626,3989
5626,25523
5627,17423
5627,23025
5628,8771
5628,24642
5628,27003
5629,25833
5629,30584
5630,10099
5630,23590
5630,27442
5631,27265
5631,29960
5631,30946
5632,5109
5632,27925
5633,12741
5633,15409
5634,22888
5634,30913
5635,16061
5635,19450
5635,29277
5636,20974
5636,21300
5636,25445
5637,9261
5637,16546
5637,19536
5638,219
5638,5150
5639,64
5639,294
5640,154
5640,331
5641,2244
5641,4987
5642,181
5642,9130
5643,1979
5643,3954
5643,7200
5644,2988
5644,4204
5645,11308
5645,11314
5646,9270
5646,11418
5647,4067
5647,6457
5647,14072
5648,2364
5648,12140
5649,4199
5649,11841
5650,14546
5650,16644
5651,3400
5651,3731
5652,8769
5652,10570
5653,4045
5653,11299
5654,8697
5654,10731
5655,1376
5655,12835
5656,5123
5656,19443
5657,8475
5657,16925
5658,2732
5658,13952
5659,1048
5659,1337
5659,1391
5660,17994
5660,24500
5661,14447
5661,21271
5662,10769
5662,15683
5663,5972
5663,6798
5664,25383
5664,27390
5665,23107
5665,23921
5666,18861
5666,27011
5667,6026
5667,23362
5668,14397
5668,14430
5668,28814
5669,2835
5669,11883
5670,12447
5670,30913
5671,4097
5671,9541
5672,8595
5672,11940
5673,856
5673,5408
5674,3954
5674,7200
5675,717
5675,2584
5676,3954
5676,7200
5677,15804
5677,15828
5678,3869
5678,25093
5679,64
5679,11008
5680,10423
5680,24690
5681,250
5681,1728
5682,154
5682,331
5683,178
5683,657
5684,1734
5684,1874
5685,1688
5685,2033
5686,1107
5686,1359
5687,1656
5687,2363
5688,1597
5688,1915
5688,2280
5689,893
5689,1814
5690,2878
5690,2902
5691,236
5691,3213
5692,4406
5692,4478
5693,2383
5693,2749
5694,308
5694,731
5695,1799
5695,1940
5696,2767
5696,4674
5696,4719
5697,4787
5697,5636
5698,5303
5698,5304
5698,5352
5698,6102
5699,154
5699,331
5700,197
5700,331
5701,3415
5701,3633
5702,2402
5702,3218
5703,2353
5703,2808
5704,2808
5704,5977
5705,3285
5705,5261
5706,5218
5706,7506
5706,7507
5707,1037
5707,5800
5707,6535
5708,6972
5708,8278
5709,661
5709,1591
5710,6993
5710,7672
5711,4268
5711,8088
5712,2345
5712,5511
5713,994
5713,2971
5713,3795
5713,3798
5714,465
5714,2252
5714,2827
5714,8919
5715,1415
5715,8919
5716,3459
5716,7140
5717,25
5717,181
5717,9130
5718,181
5718,8919
5718,9130
5719,5589
5719,7193
5720,265
5720,2270
5720,7252
5721,6142
5721,7140
5722,3835
5722,4199
5722,6457
5722,7140
5722,9380
5723,2137
5723,2147
5723,8327
5724,1902
5724,3640
5725,1591
5725,2270
5726,8499
5726,9358
5727,1920
5727,9895
5728,2033
5728,9358
5729,87
5729,5218
5729,5549
5730,5973
5730,6457
5730,6799
5731,2731
5731,7184
5731,9924
5732,6579
5732,7344
5733,2033
5733,10477
5734,266
5734,8758
5735,904
5735,3544
5735,6778
5736,2154
5736,5621
5737,9916
5737,10720
5737,10737
5738,3954
5738,6576
5738,7200
5738,8575
5739,4833
5739,9358
5740,1924
5740,1979
5740,10341
5740,10356
5741,2154
5741,7722
5741,8479
5741,9710
5742,786
5742,3595
5743,2369
5743,4019
5743,6972
5743,9130
5743,9928
5744,1385
5744,2170
5745,1591
5745,11739
5745,11741
5746,2033
5746,3338
5746,3387
5747,1591
5747,1592
5747,11739
5747,11741
5747,11749
5748,1898
5748,2792
5748,11301
5749,2369
5749,6575
5749,11308
5749,11314
5750,6458
5750,6460
5751,145
5751,189
5751,3724
5751,8837
5751,9878
5752,2137
5752,9270
5753,2137
5753,6671
5754,2020
5754,5621
5754,12595
5755,10586
5755,12772
5756,9455
5756,10542
5757,7058
5757,8242
5758,8482
5758,9358
5759,292
5759,295
5759,6457
5759,10454
5760,292
5760,295
5761,8149
5761,14995
5761,14996
5762,1024
5762,7038
5762,10218
5763,9358
5763,9888
5764,8883
5764,9037
5765,8045
5765,10084
5766,11207
5766,15008
5767,1358
5767,8347
5767,11280
5767,12084
5767,13552
5768,913
5768,4968
5768,11471
5769,2790
5769,9037
5769,15744
5770,3987
5770,9195
5771,2123
5771,3409
5771,12569
5771,14778
5772,504
5772,7067
5772,7188
5773,913
5773,11471
5773,14126
5774,11836
5774,15572
5775,913
5775,4832
5775,10871
5775,11471
5776,7067
5776,8621
5777,3144
5777,7067
5777,11471
5778,727
5778,13869
5779,2369
5779,3073
5779,4539
5779,4861
5779,6457
5779,7140
5780,685
5780,4199
5780,6898
5780,12575
5780,13907
5781,1748
5781,8067
5782,15474
5782,16132
5783,6215
5783,9452
5783,10797
5783,11398
5783,16382
5784,1415
5784,4940
5785,824
5785,9398
5785,11398
5785,12890
5786,3376
5786,9358
5786,11836
5787,9037
5787,11398
5788,2826
5788,7140
5788,8812
5788,15643
5789,227
5789,10171
5790,11262
5790,11878
5791,2346
5791,2369
5791,5755
5791,8166
5791,8458
5791,11684
5791,16328
5791,16770
5792,8315
5792,14546
5792,15166
5792,16651
5793,2933
5793,2948
5793,9037
5794,5123
5794,6575
5794,11879
5795,8464
5795,10480
5795,15286
5796,8769
5796,10570
5797,7601
5797,11694
5798,4823
5798,9037
5799,6593
5799,16677
5800,2038
5800,5519
5800,7651
5800,9037
5801,2363
5801,3153
5801,3565
5802,8045
5802,9037
5802,15127
5803,9130
5803,13891
5803,14607
5804,10193
5804,14607
5805,9264
5805,10356
5806,1212
5806,4656
5807,612
5807,12084
5808,5598
5808,6252
5809,9037
5809,9985
5810,8411
5810,14716
5811,4045
5811,11299
5812,3690
5812,3691
5813,6466
5813,12463
5814,2447
5814,12646
5815,5119
5815,9037
5815,9998
5816,533
5816,6457
5817,2771
5817,17142
5818,6844
5818,11684
5819,5920
5819,12507
5820,7445
5820,10131
5821,717
5821,10271
5822,4695
5822,4833
5823,5414
5823,9930
5824,2728
5824,4833
5825,8758
5825,11814
5825,14153
5826,6437
5826,7745
5826,10799
5827,3732
5827,9924
5827,10140
5828,13813
5828,14042
5829,12015
5829,12109
5830,9037
5830,17751
5831,8302
5831,17751
5832,3954
5832,7200
5833,8121
5833,11055
5834,50
5834,53
5835,3106
5835,16411
5836,11045
5836,16684
5837,14430
5837,16132
5837,18647
5838,326
5838,10642
5839,7370
5839,11716
5839,16262
5840,2132
5840,14991
5841,3338
5841,5120
5841,15443
5842,1576
5842,7200
5842,15596
5843,11836
5843,14809
5843,15523
5843,18963
5844,2971
5844,11820
5845,2511
5845,17231
5845,18240
5846,1313
5846,8459
5846,13535
5847,1474
5847,19494
5848,2240
5848,17575
5849,108
5849,1798
5849,5301
5850,3316
5850,3375
5850,3376
5850,8796
5850,9041
5850,9042
5850,13969
5851,12394
5851,14361
5852,8040
5852,13003
5852,14809
5853,2311
5853,6088
5853,6672
5854,4196
5854,9621
5855,10971
5855,11032
5855,15805
5856,9621
5856,10083
5857,2249
5857,6672
5858,6859
5858,7243
5859,4389
5859,4391
5860,10356
5860,16329
5860,19407
5861,11741
5861,11749
5861,19029
5862,960
5862,8141
5862,11032
5863,6915
5863,15101
5864,7372
5864,16536
5865,8191
5865,12440
5866,2754
5866,5594
5867,12394
5867,13580
5868,8837
5868,10721
5868,20027
5869,7096
5869,7439
5869,8191
5869,14328
5869,19852
5870,6844
5870,11987
5871,2176
5871,15718
5872,4196
5872,5191
5873,2379
5873,12953
5874,2971
5874,8612
5875,5621
5875,6672
5876,937
5876,3265
5877,9895
5877,15762
5878,5400
5878,9985
5879,6672
5879,15205
5880,4289
5880,9966
5881,6672
5881,14822
5882,8763
5882,13813
5882,14719
5883,743
5883,2971
5883,17665
5884,6182
5884,20714
5885,14153
5885,16677
5886,7140
5886,9223
5886,17637
5886,17971
5887,11445
5887,12109
5888,4196
5888,4530
5889,7927
5889,7929
5890,3167
5890,4196
5891,3976
5891,4196
5891,13103
5891,20857
5892,2170
5892,2971
5893,9897
5893,13288
5894,11881
5894,18823
5895,18363
5895,20592
5896,17637
5896,17971
5897,6362
5897,6672
5898,1010
5898,9832
5898,12835
5898,18527
5899,2120
5899,5123
5899,17759
5900,14720
5900,16434
5901,8002
5901,15257
5902,17971
5902,21559
5903,6672
5903,10485
5904,3375
5904,18150
5905,11994
5905,12677
5906,1585
5906,4039
5907,2022
5907,11217
5908,12507
5908,17908
5909,9066
5909,10345
5909,10939
5909,14809
5909,18633
5909,21865
5909,21951
5910,14190
5910,15551
5911,17646
5911,18158
5912,14361
5912,21067
5913,2316
5913,16551
5914,852
5914,8900
5914,12366
5914,21956
5915,51
5915,5688
5915,8191
5916,8475
5916,16925
5917,3124
5917,16698
5918,7534
5918,15935
5919,2861
5919,5762
5919,12042
5920,2798
5920,21381
5921,7537
5921,9897
5922,3954
5922,15588
5923,7853
5923,15596
5924,3330
5924,17029
5925,1120
5925,17129
5925,21355
5926,6226
5926,18570
5927,5473
5927,7900
5928,16
5928,20201
5929,2019
5929,16262
5930,16883
5930,21944
5931,19905
5931,22429
5932,1560
5932,1573
5933,9328
5933,13450
5934,1560
5934,1573
5935,7369
5935,21767
5935,23124
5936,21094
5936,22478
5936,23348
5937,10546
5937,10696
5937,11443
5937,15552
5938,11441
5938,17478
5938,18228
5939,15804
5939,15828
5940,11038
5940,17478
5941,16567
5941,18634
5942,18880
5942,19891
5943,18880
5943,19891
5944,1991
5944,6672
5944,8483
5944,13400
5944,20672
5945,3737
5945,15671
5946,6719
5946,8471
5946,23376
5947,2648
5947,8483
5948,5203
5948,6974
5948,10103
5949,2949
5949,22420
5950,8612
5950,20658
5951,1337
5951,8336
5951,15944
5952,17277
5952,24266
5953,6842
5953,23124
5954,6672
5954,16744
5954,23865
5955,1661
5955,7709
5955,16296
5955,19445
5956,7739
5956,8511
5957,15541
5957,15597
5958,6672
5958,8091
5959,15541
5959,15597
5960,8516
5960,15541
5960,15597
5961,6095
5961,9038
5962,4469
5962,7183
5963,2547
5963,19375
5964,17994
5964,18840
5965,17994
5965,24500
5966,6863
5966,8064
5967,16019
5967,16677
5968,679
5968,21271
5969,6762
5969,6764
5970,4638
5970,11917
5971,15931
5971,23289
5972,18933
5972,24837
5973,3459
5973,11918
5973,23921
5974,6672
5974,18020
5975,20690
5975,21020
5975,23719
5976,16900
5976,23213
5977,1758
5977,14489
5978,24190
5978,24272
5979,4023
5979,4481
5979,6578
5979,9170
5980,10203
5980,11151
5980,17139
5980,20576
5981,1894
5981,2995
5982,22324
5982,24921
5983,4588
5983,16982
5984,9897
5984,13685
5984,21965
5985,6672
5985,10446
5986,388
5986,1225
5986,14209
5986,15860
5986,20576
5987,3042
5987,3848
5987,5708
5988,6467
5988,9897
5988,13685
5989,15424
5989,25330
5990,907
5990,1469
5991,14674
5991,14734
5992,4108
5992,10592
5992,21258
5993,19620
5993,21851
5994,18011
5994,23943
5995,9417
5995,20576
5996,3102
5996,9405
5997,12382
5997,13076
5997,16611
5997,24734
5998,2379
5998,22672
5999,2918
5999,12382
5999,25702
6000,14842
6000,14845
6001,6672
6001,25762
6002,997
6002,5147
6002,20344
6003,15940
6003,19332
6004,138
6004,5308
6005,19332
6005,20542
6005,23765
6006,10769
6006,11435
6007,1474
6007,7534
6007,18876
6008,182
6008,18236
6009,10321
6009,10741
6009,10769
6010,2513
6010,14267
6010,14394
6010,14455
6010,16289
6010,16588
6011,2820
6011,22418
6012,2761
6012,4876
6013,2513
6013,5898
6013,15624
6014,4382
6014,13316
6015,11077
6015,11262
6015,14313
6015,25794
6015,25978
6015,26004
6016,25956
6016,25966
6017,708
6017,4109
6017,6817
6017,10321
6017,12673
6018,3043
6018,20248
6019,6631
6019,15497
6020,22320
6020,25851
6021,1154
6021,3495
6021,4655
6022,3253
6022,11675
6022,16801
6023,6817
6023,20248
6024,21306
6024,25597
6025,12826
6025,16801
6026,8561
6026,24907
6027,2147
6027,2149
6028,8561
6028,24907
6029,8561
6029,24907
6030,9718
6030,21536
6031,6672
6031,7910
6031,21576
6031,22617
6032,9273
6032,24675
6033,14430
6033,14779
6034,2401
6034,4196
6034,21693
6034,24275
6035,20418
6035,21415
6036,21143
6036,26462
6037,18963
6037,25765
6038,11962
6038,22784
6039,5972
6039,6798
6040,16902
6040,25182
6041,3338
6041,5570
6041,27107
6042,867
6042,11361
6043,19530
6043,19545
6044,4196
6044,25952
6045,26078
6045,27011
6046,1104
6046,10025
6047,4196
6047,10810
6048,1412
6048,6120
6048,6672
6048,10826
6049,2024
6049,27390
6050,7529
6050,27019
6051,4196
6051,25298
6052,4334
6052,23890
6052,25601
6053,4196
6053,6785
6054,26799
6054,27131
6055,2824
6055,4196
6056,19872
6056,21165
6056,24050
6057,30
6057,6593
6057,8230
6057,16967
6058,2942
6058,19779
6058,27054
6059,20290
6059,22855
6060,8310
6060,15490
6061,277
6061,4196
6062,1986
6062,6559
6062,18894
6063,505
6063,3844
6063,4196
6063,6120
6063,7727
6063,22142
6064,21831
6064,26868
6065,6171
6065,8990
6065,27544
6066,5213
6066,21034
6066,24966
6067,7951
6067,24113
6068,12630
6068,19542
6069,6120
6069,11651
6070,4184
6070,6182
6070,21975
6071,15632
6071,21222
6072,1159
6072,27201
6073,3277
6073,4146
6073,24971
6074,18096
6074,21247
6075,1270
6075,27995
6076,8201
6076,9636
6076,19845
6076,23176
6077,1146
6077,1305
6078,6120
6078,25836
6079,24230
6079,28115
6080,27888
6080,28016
6081,10971
6081,11032
6081,15805
6082,6120
6082,27919
6083,17844
6083,23231
6083,25104
6084,20776
6084,26914
6085,2958
6085,13095
6085,22285
6086,26914
6086,27562
6087,26914
6087,27562
6088,25390
6088,26062
6089,25657
6089,25669
6090,13376
6090,23530
6091,2191
6091,6210
6092,12047
6092,26462
6093,8797
6093,12354
6094,16044
6094,16378
6094,17205
6095,11282
6095,24706
6096,9023
6096,21778
6097,8041
6097,13095
6098,6155
6098,16638
6099,6120
6099,9897
6099,15546
6099,22473
6100,1432
6100,6026
6100,27336
6100,28675
6101,8988
6101,26362
6102,909
6102,910
6103,6026
6103,6120
6104,2218
6104,2655
6105,5708
6105,14551
6105,21384
6106,993
6106,3319
6107,6120
6107,25914
6108,592
6108,9572
6109,14430
6109,24766
6110,24950
6110,25027
6111,6120
6111,16231
6111,26983
6112,11812
6112,22438
6113,12788
6113,21456
6113,25284
6114,2424
6114,6571
6114,21374
6114,23635
6115,12788
6115,28946
6116,483
6116,23383
6117,6120
6117,11625
6118,10159
6118,25565
6119,2392
6119,13864
6119,26827
6120,6120
6120,14430
6121,11008
6121,16112
6121,17277
6121,18078
6121,24210
6121,25027
6121,29995
6122,6120
6122,9272
6122,11090
6122,11208
6122,23602
6123,4958
6123,6366
6124,1570
6124,8666
6124,14706
6124,17277
6124,22411
6124,26460
6125,17576
6125,21955
6126,2835
6126,11883
6127,8836
6127,8861
6128,6120
6128,11147
6129,18198
6129,18854
6129,19310
6129,19401
6129,22346
6130,6120
6130,28800
6131,24831
6131,24832
6132,8378
6132,8617
6133,20666
6133,27768
6133,28103
6133,30053
6134,21714
6134,22272
6135,483
6135,4217
6136,12716
6136,27768
6137,25604
6137,25632
6138,18031
6138,19448
6138,30283
6139,18031
6139,22561
6139,28105
6140,19845
6140,24085
6141,483
6141,842
6141,20790
6142,22944
6142,30280
6143,1983
6143,27768
6143,28385
6144,6120
6144,8935
6144,16731
6144,28103
6145,2509
6145,26822
6145,27230
6146,2460
6146,9312
6147,22136
6147,24752
6148,22561
6148,27768
6149,8551
6149,26113
6150,2
6150,221
6151,6120
6151,25891
6152,15646
6152,28431
6153,9932
6153,29875
6154,8031
6154,20503
6155,1246
6155,18037
6155,24164
6156,1787
6156,30557
6157,6120
6157,27768
6158,30340
6158,30646
6159,6120
6159,27768
6160,2655
6160,16166
6161,1837
6161,18835
6162,22318
6162,28881
6163,21983
6163,27799
6164,6120
6164,28103
6165,13446
6165,17427
6166,6120
6166,17136
6167,15781
6167,22740
6168,5355
6168,6120
6168,19370
6168,19422
6169,2340
6169,21033
6170,25573
6170,30713
6171,483
6171,27799
6172,10740
6172,10839
6172,11022
6172,25545
6173,9027
6173,27746
6174,2815
6174,29359
6175,25270
6175,30862
6176,10321
6176,23941
6176,27011
6177,23010
6177,24865
6178,6120
6178,9528
6179,2596
6179,22793
6180,1563
6180,9220
6180,13836
6181,6120
6181,15031
6181,20082
6182,14831
6182,15609
6183,3989
6183,16458
6184,8791
6184,14762
6184,27852
6185,2197
6185,29890
6186,14762
6186,16705
6186,27852
6187,2655
6187,6120
6188,4491
6188,5155
6189,3342
6189,22923
6189,26884
6189,27051
6190,947
6190,29079
6191,3871
6191,23517
6192,28011
6192,30966
6193,3342
6193,6217
6193,19547
6193,22923
6194,2494
6194,7132
6195,19496
6195,26988
6195,27003
6196,23654
6196,28724
6197,10099
6197,17645
6198,483
6198,23720
6198,31059
6199,12573
6199,25525
6199,25657
6200,483
6200,27011
6201,2535
6201,19469
6202,28748
6202,31153
6203,2078
6203,5812
6203,6455
6203,23342
6203,25213
6204,30268
6204,30448
6205,20174
6205,20202
6206,15727
6206,27884
6207,13291
6207,27925
6208,20406
6208,20909
6209,21683
6209,29490
6210,20124
6210,26252
6211,4720
6211,17602
6212,20124
6212,23602
6212,26017
6213,25772
6213,28564
6214,564
6214,11811
6215,25468
6215,28151
6215,31309
6216,483
6216,29830
6217,26500
6217,31259
6218,25809
6218,31117
6219,25809
6219,31117
6220,19299
6220,31141
6221,4149
6221,19450
6222,12447
6222,20797
6223,23602
6223,29089
6224,20486
6224,27754
6225,11889
6225,16089
6226,2055
6226,2395
6227,8399
6227,23602
6228,15600
6228,15601
6229,1906
6229,31270
6230,4052
6230,17371
6231,9721
6231,25523
6232,10268
6232,21834
6232,25567
6233,1808
6233,1810
6234,2971
6234,3809
6235,3795
6235,3798
6236,2363
6236,4381
6237,236
6237,6499
6238,21083
6238,21084
6239,6499
6239,7089
6240,27512
6240,27859
6241,64
6241,294
6242,13078
6242,13079
6243,1825
6243,4558
6244,8624
6244,14587
6245,618
6245,5123
6246,4674
6246,4719
6247,14809
6247,18963
6248,10679
6248,23157
6249,16804
6249,16836
6250,423
6250,1372
6251,1379
6251,1799
6251,1940
6252,1648
6252,23483
6253,8232
6253,12081
6254,15843
6254,17816
6255,11077
6255,25978
6256,890
6256,984
6257,265
6257,897
6258,2462
6258,26748
6259,3954
6259,7200
6260,64
6260,17277
6261,6059
6261,7200
6262,9136
6262,10400
6263,10922
6263,14254
6264,22
6264,2314
6265,22
6265,2667
6266,3954
6266,7200
6267,3280
6267,13012
6268,8518
6268,9689
6269,14208
6269,17876
6270,7329
6270,7555
6271,4142
6271,6775
6272,14409
6272,14589
6273,643
6273,9419
6274,2033
6274,2363
6275,1376
6275,22796
6276,154
6276,331
6277,154
6277,331
6278,154
6278,331
6279,154
6279,331
6280,637
6280,6637
6281,4142
6281,6775
6282,3954
6282,4837
6283,10793
6283,14446
6284,9005
6284,17258
6285,9005
6285,17258
6286,22781
6286,29623
6287,64
6287,294
6288,2681
6288,3378
6288,3645
6288,5303
6288,5304
6289,5304
6289,5352
6290,3378
6290,3713
6291,154
6291,197
6291,331
6292,1059
6292,5473
6293,3795
6293,3798
6294,2827
6294,3951
6295,2827
6295,2889
6296,2359
6296,6792
6297,2511
6297,6792
6298,2270
6298,2369
6299,2154
6299,6965
6300,1510
6300,11895
6301,5226
6301,8683
6302,3954
6302,7200
6303,2512
6303,5966
6304,2613
6304,4199
6305,11418
6305,13896
6306,11280
6306,13552
6307,2402
6307,4968
6308,3654
6308,11071
6309,9037
6309,13122
6310,1944
6310,16817
6311,17077
6311,17328
6312,4733
6312,7722
6313,1760
6313,3505
6314,743
6314,7376
6314,11882
6315,1173
6315,10888
6315,20714
6316,5123
6316,13386
6317,6704
6317,21118
6318,1213
6318,3423
6319,16508
6319,19691
6320,19516
6320,21665
6321,3411
6321,14991
6322,4125
6322,18570
6323,4289
6323,13608
6323,23107
6324,1920
6324,14430
6325,7739
6325,8511
6326,6095
6326,9038
6327,6762
6327,6764
6328,2513
6328,6631
6329,6817
6329,12673
6329,14313
6330,8561
6330,24907
6331,3303
6331,3304
6332,5972
6332,6798
6333,16555
6333,19603
6334,17844
6334,23231
6335,1711
6335,16112
6336,909
6336,910
6337,14397
6337,14430
6337,28814
6338,13046
6338,29130
6339,11812
6339,22438
6340,989
6340,21063
6341,5251
6341,11008
6342,27768
6342,28103
6343,21714
6343,22272
6344,27768
6344,28385
6345,22318
6345,28881
6346,22990
6346,25545
6347,24642
6347,27003
6348,10423
6348,24690
6349,6779
6349,25213
6350,11590
6350,20124
6351,11889
6351,30913
6352,11315
6352,31636
6353,5304
6353,5352
6354,154
6354,331
6355,5395
6355,5782
6356,5973
6356,6457
6357,479
6357,2622
6358,21263
6358,21325
6359,3869
6359,25093
6360,1597
6360,1915
6361,2365
6361,2971
6362,308
6362,315
6363,1799
6363,1940
6364,5304
6364,5352
6365,197
6365,331
6366,5395
6366,5782
6367,3218
6367,5638
6368,661
6368,3347
6369,994
6369,3795
6369,3798
6370,145
6370,189
6371,8149
6371,14995
6371,14996
6372,6653
6372,14685
6373,10971
6373,15805
6374,5688
6374,8191
6375,6095
6375,9038
6376,23765
6376,24538
6377,1225
6377,2533
6378,6570
6378,13376
6379,9410
6379,9528
6379,11860
6380,7534
6380,23765
6381,24532
6381,26884
6382,27026
6382,28064
6383,423
6383,665
6384,921
6384,1920
6385,987
6385,2898
6386,1597
6386,1915
6387,787
6387,3288
6388,2878
6388,2902
6388,3622
6389,2431
6389,4289
6390,4406
6390,4478
6391,2564
6391,4787
6392,2288
6392,4100
6393,3945
6393,4113
6394,5163
6394,5318
6395,3945
6395,5673
6396,5159
6396,5163
6396,5303
6396,5304
6396,5621
6396,5752
6397,5163
6397,5656
6398,921
6398,3515
6398,4787
6399,555
6399,5621
6400,108
6400,2971
6401,4761
6401,5621
6402,154
6402,197
6403,683
6403,6357
6403,6637
6404,555
6404,3752
6405,510
6405,3752
6406,3945
6406,4683
6406,7256
6407,4683
6407,5621
6408,3944
6408,5621
6409,555
6409,1037
6410,2319
6410,5621
6411,974
6411,4562
6412,3945
6412,8093
6413,6993
6413,7672
6414,694
6414,6844
6415,4289
6415,8868
6416,1854
6416,4535
6417,5621
6417,8478
6418,868
6418,9331
6419,2772
6419,5621
6420,5163
6420,7722
6421,5673
6421,8894
6422,1806
6422,1949
6422,9556
6423,6369
6423,8334
6424,9917
6424,10356
6425,3242
6425,6579
6425,7722
6426,2288
6426,3084
6426,3335
6426,5977
6427,9363
6427,9917
6428,5208
6428,7722
6429,2369
6429,5549
6429,5621
6430,7344
6430,11041
6431,8478
6431,11167
6432,5422
6432,7112
6433,4959
6433,11021
6434,2511
6434,5163
6435,5621
6435,11046
6436,3198
6436,3947
6437,2033
6437,10084
6438,1898
6438,9257
6439,1365
6439,1725
6439,2792
6439,9847
6440,7584
6440,9427
6441,5422
6441,11046
6442,189
6442,9363
6443,6097
6443,8166
6444,189
6444,5163
6444,5621
6444,7934
6444,9950
6445,145
6445,3954
6445,7200
6446,7523
6446,10487
6446,11972
6447,7722
6447,9033
6447,12886
6448,3473
6448,11383
6449,5163
6449,11570
6450,296
6450,1415
6450,12336
6451,3947
6451,5163
6451,11972
6452,3842
6452,7170
6452,13489
6453,2270
6453,8478
6454,386
6454,13927
6455,13646
6455,13927
6456,6682
6456,13234
6457,9037
6457,12336
6457,14361
6458,4199
6458,12389
6459,6732
6459,14206
6460,6575
6460,7038
6461,8149
6461,14995
6461,14996
6462,2511
6462,9037
6463,8012
6463,9037
6464,7722
6464,8012
6464,12336
6464,14097
6465,9037
6465,15499
6466,8962
6466,10362
6466,14521
6467,3765
6467,9037
6467,15499
6468,2033
6468,3600
6469,694
6469,13494
6470,2328
6470,4291
6470,9950
6471,1105
6471,13494
6472,10084
6472,10356
6473,9037
6473,12336
6473,15127
6474,4562
6474,7563
6474,10356
6475,6144
6475,12484
6476,12336
6476,13408
6476,15499
6477,504
6477,4030
6477,4289
6477,14971
6478,5163
6478,8478
6479,9037
6479,15127
6479,15499
6480,5123
6480,8868
6480,10132
6480,11046
6480,16228
6481,5163
6481,12394
6482,7563
6482,9037
6483,6573
6483,13927
6484,2288
6484,4826
6485,1419
6485,13328
6486,10953
6486,12336
6486,13006
6487,8478
6487,14521
6488,8252
6488,8763
6488,14711
6488,15858
6489,478
6489,6011
6489,12886
6490,9037
6490,15101
6491,7859
6491,12336
6492,1173
6492,7563
6493,9037
6493,16582
6494,2288
6494,8769
6494,10570
6495,9037
6495,10222
6495,12336
6495,14607
6496,2650
6496,9430
6497,5621
6497,9037
6497,12336
6498,6778
6498,9037
6499,2898
6499,5621
6500,9037
6500,12336
6501,2805
6501,9130
6502,2805
6502,9037
6503,6639
6503,13646
6504,2288
6504,9037
6504,9264
6505,717
6505,5621
6506,9037
6506,14607
6507,2511
6507,5621
6508,1419
6508,12336
6508,14607
6509,5621
6509,5970
6509,11967
6509,13646
6510,7722
6510,13646
6511,12336
6511,14607
6512,4045
6512,11299
6512,13925
6513,4790
6513,5621
6514,2288
6514,8478
6515,4787
6515,13927
6516,2017
6516,5621
6516,12484
6517,762
6517,13927
6518,1132
6518,12336
6519,533
6519,5621
6520,11570
6520,13927
6521,7563
6521,9847
6521,13177
6522,9037
6522,9847
6523,9847
6523,11336
6524,5621
6524,14731
6525,1608
6525,7354
6525,10131
6526,14731
6526,16817
6527,1348
6527,5621
6528,5621
6528,11570
6529,4700
6529,6437
6529,13965
6530,77
6530,6437
6530,9037
6531,2402
6531,6327
6532,9037
6532,10901
6533,9037
6533,18052
6534,6509
6534,11590
6535,5621
6535,10858
6536,227
6536,4651
6536,9152
6537,3473
6537,14607
6538,9037
6538,14607
6539,9398
6539,10727
6540,3898
6540,5621
6540,12883
6540,16786
6541,85
6541,13927
6542,9152
6542,11864
6543,13646
6543,18052
6544,9037
6544,18052
6545,3890
6545,13927
6545,18832
6546,4289
6546,5621
6547,7563
6547,9037
6548,108
6548,9037
6549,108
6549,5621
6549,9037
6550,5621
6550,16784
6551,7563
6551,8990
6551,16178
6552,5621
6552,13927
6553,2288
6553,15172
6554,13927
6554,18802
6555,3640
6555,18531
6556,5621
6556,12366
6557,77
6557,1679
6558,5621
6558,18900
6559,8837
6559,10487
6559,14607
6559,19494
6560,1173
6560,6509
6561,5301
6561,8040
6561,13003
6562,7563
6562,19322
6563,475
6563,11847
6563,18463
6564,4787
6564,5301
6565,13927
6565,16703
6566,7200
6566,7563
6567,2709
6567,6509
6568,6509
6568,14607
6568,17757
6569,2240
6569,19044
6570,7007
6570,9270
6570,15724
6571,13927
6571,19044
6572,4700
6572,14521
6572,17139
6573,8191
6573,9763
6573,10095
6573,16018
6574,10494
6574,11739
6574,12542
6574,19536
6575,2258
6575,4289
6575,18832
6575,19044
6576,6509
6576,19044
6577,6509
6577,19494
6578,2412
6578,4196
6578,8683
6578,10727
6578,11987
6578,16670
6579,2511
6579,17064
6580,1070
6580,11820
6581,8900
6581,19915
6582,2709
6582,17516
6583,108
6583,6509
6583,17064
6584,11336
6584,13117
6584,18832
6585,10727
6585,15718
6586,6458
6586,10287
6587,6509
6587,17647
6588,4585
6588,18530
6589,6509
6589,17139
6590,3485
6590,5621
6590,17064
6591,6509
6591,8765
6592,6499
6592,13927
6593,14822
6593,17064
6594,3933
6594,14370
6595,15718
6595,20714
6596,6509
6596,20714
6597,17277
6597,20714
6598,3954
6598,7200
6599,6509
6599,20714
6600,743
6600,7376
6601,6509
6601,17421
6602,13927
6602,17421
6603,2267
6603,13352
6604,19574
6604,19585
6605,5614
6605,6509
6605,7481
6606,2325
6606,19625
6607,227
6607,4713
6608,4196
6608,4713
6609,1173
6609,8478
6609,17064
6609,18456
6610,4528
6610,4852
6610,13927
6611,887
6611,6509
6611,7142
6611,8766
6612,15718
6612,17064
6613,6509
6613,12835
6614,9392
6614,17064
6615,1376
6615,13183
6616,3985
6616,14859
6617,2511
6617,14720
6617,16434
6618,5900
6618,7853
6619,13006
6619,17930
6619,19044
6620,8478
6620,11336
6621,10668
6621,12953
6622,6696
6622,18809
6623,12677
6623,15293
6624,13659
6624,18150
6625,21576
6625,21927
6626,9041
6626,13813
6627,12878
6627,18531
6628,15551
6628,18633
6628,21865
6629,1348
6629,21965
6630,7953
6630,18158
6631,15551
6631,20639
6632,555
6632,21794
6633,2511
6633,21316
6634,11666
6634,22534
6635,6168
6635,19625
6636,8180
6636,13927
6637,8180
6637,18581
6637,22693
6638,14913
6638,15563
6639,3411
6639,12111
6640,17477
6640,19872
6641,2288
6641,23124
6642,12477
6642,17139
6643,9897
6643,13185
6644,17139
6644,23352
6645,1419
6645,21084
6646,14370
6646,22897
6647,25
6647,8483
6648,11809
6648,19872
6649,1794
6649,18698
6650,201
6650,208
6651,18802
6651,20819
6652,19625
6652,23637
6653,2934
6653,14693
6653,23357
6654,258
6654,3847
6655,14693
6655,20044
6655,23357
6656,20576
6656,23443
6657,15909
6657,20529
6658,12724
6658,20576
6659,8180
6659,19872
6660,14010
6660,17139
6661,8516
6661,19024
6661,21074
6662,19765
6662,20576
6662,20591
6663,6618
6663,7474
6664,6095
6664,9038
6665,14693
6665,21902
6666,20576
6666,24792
6667,13217
6667,16608
6668,9349
6668,20648
6669,43
6669,58
6669,3632
6669,6762
6669,6764
6670,22983
6670,22986
6671,11768
6671,19872
6672,20800
6672,21495
6673,3459
6673,22521
6674,15931
6674,23719
6675,23818
6675,24607
6676,3644
6676,14693
6677,2311
6677,24234
6678,20576
6678,20677
6679,1529
6679,14276
6679,21324
6680,13646
6680,14693
6681,1173
6681,9024
6681,16259
6681,23035
6682,14810
6682,16544
6683,1842
6683,25163
6684,10146
6684,10180
6685,9528
6685,11860
6685,11912
6686,1173
6686,16608
6687,7045
6687,11912
6687,14693
6688,4406
6688,6390
6688,8612
6688,22150
6689,10062
6689,24131
6690,14693
6690,20833
6691,5147
6691,20576
6691,25869
6692,568
6692,2513
6693,182
6693,11151
6694,6817
6694,11917
6695,1154
6695,4655
6696,8561
6696,24907
6697,8990
6697,26462
6698,2837
6698,3931
6699,1265
6699,11929
6700,1173
6700,18702
6701,8809
6701,9487
6702,17085
6702,21049
6703,21693
6703,24275
6704,5088
6704,9487
6704,23994
6705,5972
6705,6798
6706,12582
6706,19872
6706,24343
6706,25202
6707,16371
6707,23419
6708,4196
6708,16902
6709,14630
6709,25837
6710,1091
6710,3306
6711,3626
6711,18619
6711,24094
6712,25955
6712,27567
6713,7140
6713,9074
6713,27011
6714,15940
6714,24413
6714,27059
6715,16424
6715,17139
6716,6593
6716,16967
6716,26541
6717,9432
6717,12477
6718,20290
6718,21747
6719,17415
6719,17983
6720,13165
6720,17287
6721,4456
6721,11651
6721,13893
6722,1374
6722,13646
6722,15632
6722,21222
6722,24971
6723,1270
6723,9477
6724,26111
6724,26192
6725,12582
6725,13089
6726,25554
6726,25601
6727,15681
6727,16112
6728,6185
6728,24273
6729,6120
6729,12978
6730,19845
6730,24085
6731,9023
6731,21778
6732,27294
6732,28994
6733,1374
6733,9023
6733,9421
6733,21778
6734,22481
6734,22826
6735,9743
6735,22346
6735,29275
6736,14397
6736,15184
6737,24766
6737,28814
6738,18045
6738,22941
6739,16112
6739,22519
6739,28072
6740,8269
6740,9003
6741,13046
6741,29130
6742,15048
6742,20644
6743,26131
6743,27631
6744,17258
6744,28936
6745,989
6745,7732
6746,12216
6746,29222
6747,8612
6747,10888
6747,11008
6747,16112
6747,17277
6747,26722
6747,29915
6748,8836
6748,8861
6749,8378
6749,8617
6750,9817
6750,18031
6750,27001
6750,29897
6751,234
6751,18233
6752,9288
6752,13046
6753,18031
6753,28744
6754,20790
6754,20811
6755,19845
6755,24085
6756,22944
6756,24934
6756,30280
6757,26822
6757,27230
6758,26113
6758,27768
6759,27768
6759,28699
6760,8031
6760,27332
6761,26785
6761,27161
6762,10740
6762,10839
6762,11022
6762,19343
6762,22990
6762,25545
6763,11999
6763,27352
6764,4066
6764,4568
6765,13046
6765,23048
6765,29130
6766,6739
6766,16628
6767,20624
6767,25270
6767,30862
6768,19895
6768,30314
6769,2864
6769,22814
6770,1842
6770,21303
6771,2197
6771,23517
6772,29781
6772,30401
6773,2717
6773,10099
6774,10423
6774,24690
6775,20659
6775,26260
6776,28748
6776,31153
6777,4720
6777,28339
6778,25959
6778,31394
6779,15957
6779,24565
6779,27059
6780,320
6780,11088
6781,11315
6781,31512
6782,25042
6782,25587
6783,25042
6783,25587
6784,3449
6784,25042
6785,25042
6785,25587
6786,2494
6786,7132
6787,19625
6787,19768
6788,22
6788,2314
6789,5303
6789,5304
6790,265
6790,1775
6791,500
6791,2713
6791,2726
6791,2901
6791,3026
6792,519
6792,1339
6793,887
6793,7142
6793,10192
6794,12879
6794,12898
6794,13172
6795,11333
6795,11455
6796,627
6796,1871
6797,21263
6797,21325
6798,8537
6798,21590
6799,77
6799,2033
6800,988
6800,1381
6801,136
6801,869
6802,3503
6802,5040
6803,13533
6803,17176
6804,54
6804,6125
6805,20601
6805,22423
6806,7025
6806,10625
6807,741
6807,13576
6808,10892
6808,13576
6808,21732
6808,23307
6809,11735
6809,26597
6810,9556
6810,25749
6811,22185
6811,27512
6812,4272
6812,4541
6813,1608
6813,8263
6814,13769
6814,14029
6815,3764
6815,7089
6816,14541
6816,21325
6817,1095
6817,21535
6818,7862
6818,7864
6819,20601
6819,22423
6820,1589
6820,20725
6821,344
6821,534
6822,1585
6822,1608
6823,3954
6823,7200
6824,14397
6824,15327
6825,12551
6825,16230
6826,29012
6826,29016
6827,1488
6827,4452
6828,10971
6828,11032
6829,225
6829,226
6830,8425
6830,17710
6831,8178
6831,13447
6832,2995
6832,17382
6833,7722
6833,16882
6834,326
6834,10642
6835,2778
6835,9689
6836,3306
6836,9689
6837,8837
6837,19494
6838,6165
6838,10171
6838,11055
6839,1748
6839,3306
6840,5621
6840,16638
6841,2314
6841,3566
6841,16687
6841,17315
6842,14099
6842,17940
6843,18464
6843,19044
6844,12209
6844,19014
6845,14430
6845,19222
6846,13312
6846,22556
6847,6762
6847,6764
6848,989
6848,7732
6849,225
6849,226
6850,955
6850,7707
6851,9955
6851,15592
6852,2288
6852,2314
6852,3566
6853,769
6853,24451
6854,1256
6854,1454
6855,11752
6855,11987
6855,13214
6856,1564
6856,16863
6857,1608
6857,6855
6858,13533
6858,17176
6859,18601
6859,20258
6860,6061
6860,6116
6861,13769
6861,14029
6862,1366
6862,4412
6863,17910
6863,18046
6864,8769
6864,10999
6865,7089
6865,17793
6866,17892
6866,18421
6866,20951
6867,17684
6867,17761
6868,344
6868,534
6869,1758
6869,14489
6870,3954
6870,7200
6871,16481
6871,19813
6872,1531
6872,3586
6872,6667
6872,19804
6873,14858
6873,21816
6874,10890
6874,12997
6875,15057
6875,20601
6875,22423
6876,12609
6876,16428
6877,7891
6877,17357
6878,11049
6878,16602
6879,1435
6879,21924
6880,43
6880,11891
6881,6587
6881,6607
6881,21819
6882,23023
6882,23669
6883,6166
6883,6181
6883,6341
6884,8705
6884,24173
6884,24243
6885,2200
6885,14443
6886,13355
6886,14397
6886,15319
6886,15327
6886,25119
6887,11068
6887,24629
6888,12153
6888,20110
6889,29012
6889,29016
6890,26176
6890,27574
6891,28443
6891,28973
6892,26937
6892,26968
6893,8667
6893,26516
6893,29371
6894,4432
6894,25939
6895,1608
6895,6855
6896,1095
6896,21535
6897,344
6897,534
6897,21127
6898,3954
6898,7200
6899,43
6899,6607
6900,17606
6900,21489
6901,17361
6901,20476
6902,344
6902,534
6902,21127
6903,3954
6903,7200
6904,43
6904,6607
6905,3971
6905,6125
6906,17361
6906,20476
6907,344
6907,534
6907,21127
6908,3954
6908,7200
6909,43
6909,6607
6910,3971
6910,6125
6911,1585
6911,1608
6912,344
6912,21127
6913,3954
6913,7200
6914,43
6914,6607
6915,3971
6915,6125
6916,3954
6916,7200
6917,43
6917,6607
6918,3971
6918,6125
6919,344
6919,534
6919,21127
6920,3954
6920,7200
6921,43
6921,6607
6922,3971
6922,6125
6923,29688
6923,29692
6924,3954
6924,7200
6925,43
6925,6607
6926,3971
6926,6125
6927,1585
6927,1608
6928,4371
6928,7567
6929,13533
6929,17176
6930,4837
6930,9065
6931,3954
6931,7200
6932,20601
6932,22423
6933,43
6933,6607
6934,3971
6934,6125
6935,27354
6935,30458
6936,22217
6936,23454
6937,27033
6937,29532
6938,344
6938,534
6938,21127
6939,3954
6939,7200
6940,43
6940,6607
6941,3971
6941,6125
6942,627
6942,1931
6943,942
6943,6008
6944,6635
6944,6727
6945,1871
6945,2282
6945,2847
6945,2848
6945,6389
6945,7414
6946,1971
6946,5835
6946,6857
6947,241
6947,1371
6947,2282
6948,992
6948,1435
6949,742
6949,5755
6949,10155
6950,2012
6950,7021
6951,5037
6951,10084
6952,9394
6952,11083
6953,3677
6953,5864
6954,11083
6954,11161
6955,6707
6955,6955
6956,12719
6956,12846
6957,4400
6957,6598
6958,2605
6958,7459
6958,12867
6958,12879
6958,12898
6958,13172
6958,15590
6958,15747
6959,3647
6959,6007
6960,10536
6960,12719
6961,8822
6961,11784
6962,11161
6962,14771
6963,6062
6963,6705
6963,14959
6964,12468
6964,12526
6965,6007
6965,8764
6966,4461
6966,8255
6967,3586
6967,14967
6968,7318
6968,8273
6969,10869
6969,10880
6969,10918
6970,1378
6970,1789
6970,17363
6971,10869
6971,10918
6971,11725
6972,10740
6972,10839
6972,11022
6972,11696
6973,7191
6973,11725
6973,18255
6973,18753
6974,13533
6974,17176
6975,17910
6975,19397
6976,3954
6976,7200
6977,14541
6977,21263
6977,21325
6978,8537
6978,21590
6979,43
6979,6607
6980,1095
6980,21535
6981,17892
6981,20951
6982,14397
6982,15319
6982,15327
6982,25119
6983,15225
6983,21732
6983,24223
6983,24646
6984,6635
6984,6727
6985,1095
6985,21535
6986,17053
6986,24646
6987,1095
6987,21535
6988,6635
6988,6727
6989,5126
6989,25588
6989,25685
6989,26199
6990,16102
6990,20214
6990,25213
6991,1595
6991,8705
6991,21316
6992,22217
6992,23862
6993,4400
6993,21100
6994,25824
6994,27578
6995,24861
6995,27816
6996,26199
6996,27891
6997,12153
6997,24201
6998,7838
6998,27789
6999,6964
6999,26199
7000,22234
7000,22785
7000,25603
7001,6190
7001,26813
7001,29198
7002,7916
7002,7918
7003,26199
7003,27861
7003,29702
7004,20287
7004,25094
7005,17361
7005,20476
7006,15209
7006,25714
7006,26213
7006,29073
7007,2738
7007,8615
7007,12188
7008,29696
7008,29965
7009,25603
7009,26652
7010,3314
7010,29245
7011,15491
7011,30685
7011,31278
7012,13398
7012,31166
7013,3073
7013,4861
7014,12741
7014,15409
7015,3971
7015,5915
7015,6125
7016,955
7016,2012
7016,5226
7017,6765
7017,20650
7018,24398
7018,28360
7019,3640
7019,6719
7020,5766
7020,7563
7021,1358
7021,11820
7022,2767
7022,4289
7023,4733
7023,6602
7024,3600
7024,8938
7025,2767
7025,11814
7026,14607
7026,17303
7027,1576
7027,18698
7028,8593
7028,9496
7029,2288
7029,3911
7029,4220
7030,4220
7030,5275
7031,12172
7031,19625
7032,6863
7032,19104
7033,3954
7033,7200
7034,11814
7034,14810
7035,5972
7035,6798
7036,23765
7036,24455
7037,11889
7037,29076
7038,26147
7038,26388
7039,1055
7039,1056
7040,2876
7040,3007
7041,11752
7041,13214
7042,1055
7042,1056
7043,1055
7043,1056
7044,1055
7044,1056
7045,2876
7045,3007
7046,3013
7046,3396
7047,1491
7047,4504
7048,3053
7048,3817
7049,1055
7049,1056
7050,1055
7050,1056
7051,9866
7051,9917
7051,10988
7052,1303
7052,11897
7053,1818
7053,12419
7054,12433
7054,15850
7055,8912
7055,14314
7056,11752
7056,13214
7057,12209
7057,19014
7058,16602
7058,20313
7059,3990
7059,18205
7060,8192
7060,11381
7060,20923
7060,20969
7061,19
7061,20
7061,2005
7062,494
7062,12398
7063,11234
7063,22274
7064,9265
7064,22877
7065,5866
7065,7468
7066,21069
7066,21086
7067,2788
7067,13734
7067,24721
7068,13749
7068,25251
7069,16025
7069,16026
7070,20780
7070,24949
7071,24365
7071,24844
7072,26147
7072,26388
7073,7662
7073,25203
7074,11234
7074,19559
7075,24844
7075,26130
7076,12856
7076,27309
7077,14633
7077,22475
7078,830
7078,6471
7079,25175
7079,25498
7080,28741
7080,28791
7081,7578
7081,24582
7082,21630
7082,27124
7083,8911
7083,22006
7084,3793
7084,6471
7085,25937
7085,28720
7086,10086
7086,28011
7087,3454
7087,7570
7087,15774
7088,12987
7088,30761
7089,1959
7089,5273
7090,600
7090,631
7091,7960
7091,8261
7092,26904
7092,31542
7093,29449
7093,30355
7093,30399
7093,30935
7094,27949
7094,31588
7095,7353
7095,20652
7096,7353
7096,20652
7096,25648
7097,992
7097,1435
7098,992
7098,1435
7099,23157
7099,24956
7100,5528
7100,10402
7101,3346
7101,7208
7101,7302
7102,6412
7102,20777
7103,11224
7103,16425
7104,15470
7104,16025
7104,16026
7105,2036
7105,2037
7106,3083
7106,3190
7106,3238
7107,1599
7107,6789
7108,7739
7108,8511
7109,7739
7109,8511
7110,1261
7110,3941
7111,15470
7111,16026
7112,9442
7112,11086
7113,15470
7113,16026
7114,6412
7114,20777
7115,13286
7115,13538
7116,1067
7116,1070
7117,2036
7117,2037
7118,1261
7118,2295
7118,5590
7119,2033
7119,2295
7120,3190
7120,3238
7121,5452
7121,7360
7122,1491
7122,4504
7123,1599
7123,6789
7124,10386
7124,10387
7125,1491
7125,4859
7126,3180
7126,9864
7127,1491
7127,4504
7127,8448
7128,6677
7128,9497
7128,9501
7129,1491
7129,2123
7130,9885
7130,9893
7131,3456
7131,5766
7132,4891
7132,10902
7133,7739
7133,8511
7134,1261
7134,3763
7135,7739
7135,8511
7136,7739
7136,8511
7137,1768
7137,3346
7137,10243
7137,12519
7138,5378
7138,5862
7138,12137
7138,15894
7139,1261
7139,15363
7140,3776
7140,7739
7140,8511
7141,1261
7141,15363
7142,1261
7142,15750
7143,1261
7143,15363
7144,8621
7144,15363
7145,1261
7145,15363
7146,1261
7146,6740
7146,14902
7147,2005
7147,6688
7148,9501
7148,15363
7149,14821
7149,15363
7150,2127
7150,15363
7151,5378
7151,11802
7152,18802
7152,19762
7153,1261
7153,3843
7154,3346
7154,7302
7155,7208
7155,16109
7156,2846
7156,16727
7157,6412
7157,6557
7157,20777
7158,6740
7158,20778
7158,20827
7159,7480
7159,21865
7160,21533
7160,21788
7161,373
7161,965
7162,2295
7162,4859
7163,2306
7163,22235
7164,5667
7164,12346
7165,1007
7165,12346
7166,2295
7166,5059
7166,13507
7167,1007
7167,8566
7168,822
7168,1670
7169,1007
7169,3593
7170,3236
7170,8350
7171,9442
7171,11086
7172,5166
7172,5278
7173,6412
7173,20777
7174,1261
7174,15199
7175,16807
7175,17964
7176,1261
7176,25908
7177,6412
7177,20777
7178,1823
7178,19957
7179,7578
7179,24582
7180,27078
7180,31264
7181,7960
7181,8261
7182,7602
7182,24797
7182,30785
7183,2036
7183,2037
7184,3083
7184,3190
7184,3238
7185,1599
7185,6789
7186,12636
7186,12746
7186,12749
7187,2755
7187,14610
7188,1516
7188,1954
7188,8330
7189,2745
7189,19681
7190,9627
7190,25167
7191,23069
7191,30682
7192,9615
7192,11030
7193,3083
7193,3190
7193,3238
7194,5365
7194,6114
7195,11730
7195,11786
7196,133
7196,13943
7197,1153
7197,9693
7198,6720
7198,18736
7199,6114
7199,15666
7200,6720
7200,18736
7201,26699
7201,27417
7202,9687
7202,27933
7203,3190
7203,3238
7204,27379
7204,28829
7205,27379
7205,28829
7206,64
7206,294
7207,2033
7207,2723
7208,2365
7208,2448
7209,5006
7209,5159
7210,1799
7210,1940
7210,3541
7211,5352
7211,6102
7212,154
7212,197
7213,5395
7213,5782
7214,3531
7214,3623
7215,994
7215,3795
7216,1944
7216,9188
7217,904
7217,8990
7218,8145
7218,10341
7219,2033
7219,8145
7220,8094
7220,8145
7221,236
7221,1169
7222,1591
7222,1592
7222,11739
7222,11741
7223,5966
7223,8347
7224,2988
7224,13896
7225,5123
7225,7140
7226,9037
7226,10245
7227,4559
7227,12140
7228,9411
7228,10405
7229,13821
7229,14383
7230,3954
7230,7200
7231,478
7231,6011
7232,14546
7232,16644
7232,16648
7233,2767
7233,9130
7234,2379
7234,4284
7235,8040
7235,11132
7235,12528
7236,5920
7236,12507
7237,2771
7237,2803
7238,10901
7238,13159
7239,4045
7239,14766
7240,4502
7240,8612
7241,5541
7241,8464
7241,9066
7241,9924
7241,13012
7241,14766
7241,17912
7241,19485
7242,4389
7242,4391
7243,9621
7243,9763
7244,3280
7244,4559
7244,6091
7244,13012
7244,13249
7245,743
7245,7376
7246,4196
7246,11445
7247,1376
7247,12835
7248,412
7248,2379
7249,13659
7249,21819
7250,1585
7250,1608
7251,7953
7251,18158
7252,5383
7252,7722
7252,9175
7253,1134
7253,2732
7253,23124
7254,1991
7254,8483
7255,20125
7255,20126
7256,12960
7256,19331
7257,23909
7257,24266
7258,428
7258,15999
7259,9005
7259,10494
7259,13205
7259,14378
7259,14847
7259,17258
7260,17994
7260,24500
7261,2379
7261,15704
7262,14766
7262,23994
7263,2379
7263,6762
7263,6764
7264,10356
7264,24814
7265,2379
7265,11917
7265,22983
7265,22986
7266,20800
7266,21495
7267,3459
7267,15625
7267,22521
7267,23984
7268,359
7268,2740
7268,13046
7269,15931
7269,23719
7270,9024
7270,16259
7271,14209
7271,15860
7272,10769
7272,15940
7273,531
7273,568
7273,2513
7273,4991
7273,11077
7273,22399
7274,14313
7274,18393
7275,6817
7275,12673
7276,2149
7276,6613
7277,5972
7277,6798
7277,19394
7278,9841
7278,26862
7279,4196
7279,23719
7280,13646
7280,18553
7280,23216
7280,24413
7280,26088
7281,14991
7281,22443
7281,22873
7282,2024
7282,4196
7283,4196
7283,5474
7284,16424
7284,21983
7285,4220
7285,6593
7286,17396
7286,19878
7287,7727
7287,11888
7287,13697
7288,4196
7288,6171
7289,532
7289,18118
7290,17932
7290,27767
7291,24113
7291,27201
7292,17896
7292,27201
7293,1145
7293,16546
7294,17844
7294,23231
7295,1842
7295,22473
7296,822
7296,3722
7296,24030
7296,27907
7297,6026
7297,29014
7298,909
7298,910
7299,14397
7299,28814
7300,2424
7300,10042
7301,7682
7301,18212
7301,27666
7302,23383
7302,28936
7303,989
7303,7732
7304,24760
7304,29126
7305,9288
7305,27768
7305,28103
7306,18031
7306,19845
7306,24085
7307,12716
7307,18698
7307,20679
7307,20790
7308,22944
7308,30280
7309,18983
7309,25281
7310,23590
7310,24760
7310,28385
7311,26822
7311,28103
7312,16731
7312,27332
7312,30507
7313,8031
7313,27332
7314,29936
7314,30183
7315,13446
7315,17427
7316,8531
7316,17396
7317,10740
7317,10839
7317,11022
7317,19343
7317,22990
7317,25545
7318,4066
7318,4568
7319,6739
7319,16628
7320,25270
7320,30862
7321,16705
7321,27493
7322,8791
7322,14762
7322,27852
7323,26884
7323,27051
7324,8771
7324,27003
7324,31048
7325,10423
7325,24690
7326,4489
7326,20659
7326,25833
7327,19469
7327,25213
7328,18993
7328,28637
7329,1540
7329,21430
7330,20797
7330,30913
7331,768
7331,1372
7332,1597
7332,1915
7333,1597
7333,1915
7334,921
7334,1814
7335,2721
7335,2778
7336,3951
7336,4761
7337,2174
7337,4761
7338,4345
7338,5159
7339,606
7339,1187
7340,1799
7340,1940
7341,4787
7341,4940
7342,5303
7342,5304
7343,4462
7343,4761
7344,5352
7344,6102
7345,154
7345,331
7346,5301
7346,5638
7347,3531
7347,3623
7347,4761
7348,3600
7348,6678
7349,2808
7349,4444
7350,2569
7350,5117
7351,607
7351,2655
7351,4761
7352,994
7352,3795
7353,2827
7353,2889
7354,1972
7354,4809
7354,6807
7355,25
7355,7140
7356,1944
7356,8149
7357,2270
7357,6457
7358,2140
7358,5977
7359,1920
7359,10252
7360,904
7360,8990
7361,266
7361,7344
7362,1
7362,6778
7363,3954
7363,7200
7364,1898
7364,9066
7364,9847
7365,12693
7365,13055
7366,2020
7366,13055
7367,11418
7367,14003
7368,4067
7368,5966
7368,8347
7369,8142
7369,8482
7370,6457
7370,8510
7371,2402
7371,14072
7371,14995
7371,14996
7372,5123
7372,7140
7373,9037
7373,15157
7374,1358
7374,4968
7375,504
7375,2511
7376,5969
7376,9452
7376,11398
7377,11441
7377,12693
7378,478
7378,6011
7379,14546
7379,16644
7379,16648
7380,2933
7380,2948
7381,5930
7381,11684
7382,2412
7382,8769
7383,3153
7383,4452
7384,3853
7384,8045
7384,12693
7385,9130
7385,13891
7386,612
7386,717
7387,11967
7387,12693
7388,4045
7388,11299
7389,1692
7389,8783
7390,5920
7390,12507
7391,2907
7391,6437
7392,4535
7392,9152
7393,50
7393,53
7394,18647
7394,18698
7395,17898
7395,18131
7396,3640
7396,14650
7397,3954
7397,7200
7398,10731
7398,16254
7399,9066
7399,13003
7400,6859
7400,7243
7401,14848
7401,14945
7402,9966
7402,20589
7403,743
7403,7376
7404,5973
7404,18581
7405,3976
7405,4196
7405,7020
7405,11445
7405,12109
7406,2325
7406,17068
7406,20027
7407,1376
7407,13183
7408,2120
7408,7535
7408,7932
7408,10333
7409,17759
7409,19443
7410,11713
7410,12677
7411,13659
7411,21819
7412,7045
7412,19861
7413,10939
7413,15551
7413,20044
7414,21316
7414,21956
7415,8456
7415,16925
7416,16
7416,1842
7417,5640
7417,17029
7418,13952
7418,23124
7419,15596
7419,18872
7420,15083
7420,21931
7421,21174
7421,23352
7422,16567
7422,18698
7422,19340
7423,1991
7423,8483
7423,18880
7424,11809
7424,12777
7425,3385
7425,7184
7425,10303
7426,6974
7426,10103
7427,15040
7427,17350
7428,6844
7428,14607
7429,7739
7429,14820
7430,17994
7430,22469
7431,58
7431,22983
7431,22986
7432,6762
7432,6764
7433,10356
7433,11041
7433,11917
7434,3459
7434,22521
7435,20800
7435,21495
7436,12696
7436,24413
7437,12908
7437,24013
7438,6429
7438,24921
7439,9024
7439,16259
7440,14209
7440,15860
7441,907
7441,1469
7442,21258
7442,25375
7443,9528
7443,11912
7444,6809
7444,24413
7445,2761
7445,4876
7446,568
7446,2513
7447,6817
7447,12673
7447,14313
7448,7260
7448,18069
7449,5972
7449,6798
7450,5972
7450,9105
7451,19466
7451,26122
7451,26862
7452,7660
7452,23107
7453,4196
7453,23268
7454,14430
7454,26078
7455,13120
7455,26075
7456,13646
7456,26088
7457,14991
7457,22873
7458,2024
7458,4196
7459,21983
7459,26197
7460,11961
7460,18834
7460,27626
7461,15490
7461,16967
7461,20045
7462,3361
7462,12878
7463,20044
7463,22443
7464,24113
7464,27201
7465,1033
7465,21147
7466,6608
7466,25401
7467,15481
7467,16315
7468,4184
7468,21222
7468,23758
7469,1305
7469,16365
7470,1145
7470,26192
7471,17844
7471,23231
7472,9285
7472,12651
7472,24269
7473,8017
7473,26094
7474,6185
7474,24273
7475,9184
7475,20449
7476,6155
7476,24692
7477,909
7477,910
7477,27802
7478,18045
7478,26100
7479,14397
7479,28814
7480,2424
7480,10042
7481,19625
7481,23383
7481,28936
7482,989
7482,7732
7483,11812
7483,22438
7484,11008
7484,17277
7485,11883
7485,18198
7486,27768
7486,28103
7487,12716
7487,17643
7487,27768
7488,18233
7488,29897
7489,18812
7489,28415
7490,17305
7490,18031
7490,19448
7490,19845
7490,24085
7490,26672
7490,30283
7491,7061
7491,22796
7492,22944
7492,23765
7492,30280
7493,18983
7493,25281
7494,24085
7494,27230
7495,16731
7495,27332
7496,16555
7496,19603
7496,23691
7496,25891
7496,27648
7496,27768
7497,29936
7497,30183
7498,14852
7498,25402
7499,27768
7499,28876
7500,17680
7500,19625
7501,27768
7501,28103
7502,15781
7502,20603
7503,10740
7503,10839
7503,11022
7503,16279
7503,19343
7503,22990
7503,25545
7504,4066
7504,4568
7505,6739
7505,16628
7505,23048
7506,20253
7506,29359
7507,25270
7507,30862
7508,23010
7508,24865
7509,26500
7509,26557
7510,29454
7510,30868
7511,6120
7511,30121
7512,29664
7512,30743
7513,16705
7513,27493
7514,8791
7514,14762
7514,27852
7515,15159
7515,26692
7516,26884
7516,27051
7516,29336
7517,24577
7517,28011
7518,23654
7518,27003
7518,31048
7519,10423
7519,24690
7520,28748
7520,31153
7521,24654
7521,25833
7522,2462
7522,26748
7523,20174
7523,20202
7524,25900
7524,26505
7525,24266
7525,27357
7526,7060
7526,11814
7527,25733
7527,29830
7528,2814
7528,31001
7529,19785
7529,31286
7530,8371
7530,25809
7531,21430
7531,29282
7532,12447
7532,30913
7533,28224
7533,29089
7533,31466
7534,320
7534,11088
7535,17371
7535,28140
7535,30620
7536,1808
7536,1810
7536,10268
7537,9848
7537,12831
7538,988
7538,1080
7539,4854
7539,11349
7540,17563
7540,25616
7541,28223
7541,28246
7542,1871
7542,2282
7543,6672
7543,17439
7544,9223
7544,10356
7545,20800
7545,21495
7546,25551
7546,25552
7547,8933
7547,27656
7548,8791
7548,14762
7549,64
7549,294
7550,2033
7550,2767
7551,1940
7551,3541
7552,1468
7552,5301
7553,3850
7553,8013
7553,10018
7553,10132
7554,0
7554,1
7555,5920
7555,12507
7556,4389
7556,4391
7557,20800
7557,21495
7558,2525
7558,22469
7559,11874
7559,14334
7560,14829
7560,15469
7561,5216
7561,17240
7562,16807
7562,17964
7563,11234
7563,22274
7564,26204
7564,26221
7565,60
7565,23438
7566,30355
7566,30399
7567,412
7567,978
7568,1055
7568,1056
7569,659
7569,3169
7570,4673
7570,4676
7571,5256
7571,5285
7572,4106
7572,4288
7573,577
7573,6545
7573,6679
7574,4426
7574,5973
7575,3884
7575,6890
7575,6998
7576,4106
7576,6890
7576,7429
7577,2075
7577,4106
7578,4094
7578,6702
7579,59
7579,3484
7579,7400
7579,7832
7580,7010
7580,7246
7581,7790
7581,8025
7582,6114
7582,7400
7583,5754
7583,6998
7584,830
7584,5124
7584,7400
7585,5970
7585,6474
7586,5005
7586,7400
7587,8481
7587,8775
7588,3936
7588,4121
7588,5667
7588,5739
7589,7015
7589,7400
7589,7832
7589,8546
7590,1602
7590,9135
7591,2636
7591,3640
7591,7400
7592,4629
7592,4889
7592,4918
7592,5452
7592,7400
7593,5584
7593,7015
7593,9439
7594,1157
7594,4094
7594,7400
7594,8332
7594,10243
7595,7693
7595,9480
7595,9657
7596,6402
7596,9028
7596,9135
7597,3563
7597,10161
7598,4902
7598,7650
7599,2950
7599,4106
7600,6866
7600,8775
7601,6503
7601,6865
7602,5581
7602,9074
7603,6803
7603,7186
7604,7400
7604,7478
7604,8396
7604,10827
7605,353
7605,9135
7606,1157
7606,7400
7607,12858
7607,14084
7608,9435
7608,10711
7608,11381
7609,4632
7609,5124
7609,7400
7610,2755
7610,12636
7610,12746
7610,12749
7611,7400
7611,14758
7612,2077
7612,4516
7612,7016
7612,7400
7612,8185
7612,11234
7612,11997
7613,1886
7613,7911
7613,15011
7613,15024
7614,6747
7614,7131
7614,9074
7615,6648
7615,8954
7616,1438
7616,2451
7617,7400
7617,9844
7618,2153
7618,5504
7618,10055
7619,2677
7619,3456
7619,4177
7619,4296
7619,9264
7619,9674
7619,10161
7620,7400
7620,16510
7621,4772
7621,16652
7622,9691
7622,12331
7623,7400
7623,15983
7623,16510
7624,696
7624,1005
7624,4632
7624,5037
7624,9693
7625,7280
7625,10243
7626,13134
7626,13436
7626,14084
7626,15873
7626,16127
7627,8697
7627,13735
7628,795
7628,4403
7628,4632
7628,7400
7628,16510
7629,10243
7629,11234
7629,14782
7629,15458
7630,1815
7630,3563
7631,2912
7631,14541
7632,4632
7632,4772
7632,7400
7632,16510
7633,4632
7633,4772
7633,5556
7633,7400
7633,7702
7633,9693
7633,14782
7633,16510
7634,6545
7634,6679
7635,14829
7635,15469
7636,2126
7636,3563
7636,15469
7636,18406
7636,18966
7637,3199
7637,11741
7638,14829
7638,15695
7639,1195
7639,1196
7639,13627
7640,3687
7640,9957
7641,16807
7641,17964
7642,3286
7642,11089
7642,13585
7642,17762
7642,19115
7643,11396
7643,15666
7644,3322
7644,5968
7644,15695
7645,554
7645,1184
7645,1463
7645,5968
7646,887
7646,3563
7646,7535
7646,9556
7646,15341
7646,18822
7647,5199
7647,9693
7648,10107
7648,10263
7649,1157
7649,7253
7650,1157
7650,16510
7650,20543
7651,8012
7651,8714
7652,9693
7652,11234
7653,6164
7653,20723
7654,1649
7654,19283
7655,6204
7655,11234
7656,1097
7656,11644
7657,11234
7657,22274
7658,11181
7658,17862
7658,18046
7658,20500
7658,21875
7659,2846
7659,3346
7659,7020
7659,9705
7659,10489
7659,11234
7659,22274
7660,830
7660,16428
7661,6813
7661,9693
7662,11234
7662,22274
7663,11234
7663,22274
7664,11234
7664,22274
7665,11234
7665,22274
7666,633
7666,23625
7667,5802
7667,11252
7668,11234
7668,18414
7668,22274
7669,12629
7669,12895
7669,16119
7669,16381
7670,11234
7670,22274
7671,11234
7671,22274
7672,4918
7672,6964
7672,8332
7672,11234
7672,22274
7673,10092
7673,10678
7674,7400
7674,13546
7674,14829
7674,15469
7674,15798
7674,25110
7675,7522
7675,20500
7675,22961
7676,1152
7676,4673
7676,4676
7677,3295
7677,11834
7678,11234
7678,22274
7679,4632
7679,7400
7679,20543
7680,18737
7680,19220
7681,24457
7681,24587
7682,10521
7682,12431
7682,13212
7683,18031
7683,23170
7684,217
7684,16661
7685,1508
7685,23776
7686,4632
7686,4918
7686,7400
7686,20723
7686,22156
7686,25200
7687,2077
7687,23619
7688,1804
7688,20208
7689,7650
7689,18489
7689,25288
7690,7400
7690,25675
7691,4632
7691,6964
7691,22826
7692,6471
7692,7400
7692,18620
7692,25675
7692,25691
7693,4094
7693,5331
7693,7400
7693,8332
7693,8466
7694,4094
7694,8332
7695,4632
7695,4918
7695,7400
7695,11286
7695,19970
7695,21798
7696,5331
7696,23485
7696,24754
7697,2200
7697,10412
7698,12499
7698,20036
7699,4094
7699,8332
7700,3563
7700,25387
7701,16807
7701,17964
7701,26134
7702,1823
7702,24161
7703,6037
7703,11426
7703,14197
7703,18046
7704,7572
7704,19511
7705,4507
7705,4520
7706,15059
7706,20894
7707,8466
7707,20617
7707,25142
7707,26204
7707,26221
7707,26900
7708,5256
7708,7016
7708,10517
7708,16919
7708,19577
7708,26157
7708,27082
7709,26488
7709,26702
7710,511
7710,18365
7710,25350
7711,9977
7711,26359
7712,7016
7712,8626
7712,27082
7713,23170
7713,27480
7714,18915
7714,23091
7714,26780
7714,26947
7715,15059
7715,19647
7716,4918
7716,7447
7716,18620
7717,60
7717,15798
7717,23438
7718,6973
7718,14918
7718,26421
7719,26488
7719,26702
7720,5256
7720,8332
7720,20543
7720,25288
7720,26632
7720,27890
7721,6471
7721,9062
7722,15062
7722,20543
7722,21733
7722,25256
7722,27820
7723,27082
7723,28234
7724,21583
7724,27824
7725,2570
7725,14407
7726,7016
7726,11286
7726,27082
7727,11085
7727,25782
7728,7990
7728,23006
7729,6037
7729,16868
7729,19614
7730,8626
7730,16871
7730,20785
7731,21733
7731,27820
7732,585
7732,27110
7733,23042
7733,24961
7734,7255
7734,17444
7734,18966
7734,22058
7734,26105
7735,4632
7735,26617
7735,27082
7736,19967
7736,27182
7737,211
7737,26157
7737,27919
7738,4632
7738,27082
7739,7752
7739,24626
7739,26123
7739,27431
7740,4632
7740,7800
7740,20543
7740,24412
7740,25675
7740,29347
7741,29347
7741,29393
7742,556
7742,28493
7743,5256
7743,7016
7743,7800
7743,27082
7744,18103
7744,27110
7745,24626
7745,29347
7745,29863
7745,30367
7746,7800
7746,20431
7746,24748
7746,29863
7747,11035
7747,26157
7747,27082
7747,30048
7748,11192
7748,23311
7748,27558
7749,16816
7749,28494
7749,28838
7749,29258
7750,10832
7750,26656
7750,29602
7751,26157
7751,26598
7751,26608
7752,28923
7752,30629
7753,2966
7753,29877
7754,22664
7754,27884
7755,28795
7755,28803
7756,6234
7756,23510
7756,26157
7756,29526
7757,26322
7757,28767
7757,28783
7758,7960
7758,8261
7759,3040
7759,13963
7759,30355
7759,30399
7760,556
7760,25850
7761,538
7761,565
7762,2851
7762,4426
7763,5256
7763,5285
7764,3640
7764,4288
7765,9435
7765,10711
7766,1195
7766,1196
7767,554
7767,1463
7768,5924
7768,11164
7769,9610
7769,11906
7770,16807
7770,17964
7771,15144
7771,26656
7772,29347
7772,29467
7773,29688
7773,29692
7774,12393
7774,17351
7775,2827
7775,2889
7776,3954
7776,7200
7777,50
7777,53
7778,8837
7778,19494
7779,17844
7779,23231
7780,989
7780,7732
7780,28892
7781,7269
7781,29988
7782,18233
7782,29699
7783,2827
7783,2889
7784,3954
7784,7200
7785,8837
7785,19494
7786,989
7786,7732
7787,3954
7787,7200
7788,50
7788,53
7789,8837
7789,19494
7790,16403
7790,16464
7791,258
7791,3847
7792,989
7792,28892
7793,18233
7793,29699
7794,20790
7794,21699
7795,64
7795,294
7796,1544
7796,11736
7797,1192
7797,1890
7798,3150
7798,3688
7799,2668
7799,5966
7800,1047
7800,9278
7801,3954
7801,7200
7801,13157
7802,3645
7802,4512
7802,10097
7803,13012
7803,13922
7804,4733
7804,6602
7804,11967
7805,2023
7805,8518
7806,8990
7806,11988
7807,1173
7807,2040
7808,8990
7808,9895
7808,12084
7809,8641
7809,17631
7810,3280
7810,8149
7811,14261
7811,18802
7812,14685
7812,18703
7813,8149
7813,13012
7814,1576
7814,8875
7814,18698
7815,3954
7815,17258
7816,669
7816,1944
7816,8990
7816,16817
7817,4371
7817,7567
7818,2555
7818,13813
7819,11174
7819,13012
7820,9895
7820,19479
7821,1173
7821,1413
7821,10888
7822,7142
7822,21438
7823,18628
7823,18856
7824,16382
7824,18861
7825,17637
7825,17971
7826,1585
7826,1608
7827,3852
7827,4045
7828,9290
7828,19872
7829,2729
7829,20201
7830,5708
7830,12281
7830,23140
7831,16972
7831,18581
7832,20672
7832,23257
7833,25
7833,13084
7834,1804
7834,12878
7835,6719
7835,8483
7836,5167
7836,23077
7836,23100
7837,2798
7837,16638
7838,21767
7838,23124
7839,15711
7839,22303
7840,3954
7840,7200
7841,6095
7841,9038
7842,6762
7842,6764
7842,20648
7843,43
7843,487
7843,21324
7844,20800
7844,21495
7845,1758
7845,14489
7846,17085
7846,24503
7847,25042
7847,25587
7848,6817
7848,12673
7848,14313
7849,19530
7849,19545
7850,22852
7850,22853
7851,27977
7851,28277
7852,17844
7852,23231
7853,909
7853,910
7854,694
7854,699
7855,11812
7855,22438
7856,989
7856,7732
7857,2392
7857,16638
7858,27768
7858,28103
7859,13641
7859,17987
7860,21714
7860,22272
7861,26822
7861,27230
7862,483
7862,27768
7863,3900
7863,12729
7864,13046
7864,29130
7865,17680
7865,30590
7866,9846
7866,18835
7866,30134
7867,1563
7867,24052
7868,19034
7868,29030
7869,4220
7869,28415
7870,13932
7870,30862
7871,26557
7871,30932
7872,15439
7872,25961
7873,24642
7873,27003
7874,10423
7874,24690
7875,31002
7875,31124
7876,16311
7876,21430
7876,30913
7877,2342
7877,3821
7877,11889
7877,29504
7878,11876
7878,27792
7879,36
7879,68
7880,64
7880,294
7881,3387
7881,11996
7882,1415
7882,14687
7883,9452
7883,11398
7884,11719
7884,14897
7885,14546
7885,16644
7885,16648
7886,3954
7886,7200
7887,1070
7887,12392
7888,3954
7888,7200
7889,18633
7889,21865
7890,15551
7890,22183
7891,10156
7891,13351
7892,12209
7892,19014
7893,989
7893,7732
7894,26282
7894,26284
7895,8191
7895,9763
7896,8191
7896,9763
7897,8191
7897,9763
7898,8191
7898,9763
7899,8191
7899,9763
7900,8191
7900,9763
7901,8191
7901,9763
7902,8191
7902,9763
7903,8191
7903,9763
7904,694
7904,699
7905,265
7905,912
7906,5005
7906,8089
7907,5244
7907,5515
7908,9530
7908,10386
7909,2442
7909,3414
7910,5574
7910,5581
7911,11234
7911,22274
7912,11234
7912,15713
7912,22274
7913,1190
7913,3320
7914,3401
7914,6412
7915,9687
7915,27933
7916,26600
7916,27735
7917,4691
7917,8088
7918,2564
7918,8812
7919,2648
7919,8088
7920,4262
7920,8088
7921,2511
7921,8088
7922,4502
7922,9985
7923,13585
7923,18989
7924,2511
7924,18989
7925,2616
7925,10276
7926,7739
7926,8511
7927,6762
7927,6764
7928,14209
7928,15860
7929,6817
7929,12673
7929,14313
7930,1154
7930,3495
7930,4655
7931,6817
7931,23216
7932,17277
7932,21143
7933,6844
7933,16902
7934,4196
7934,16902
7935,20776
7935,21867
7936,2024
7936,4196
7937,4196
7937,16262
7938,909
7938,910
7939,27768
7939,28103
7940,22944
7940,30280
7941,27768
7941,28385
7942,10740
7942,10839
7942,11022
7942,22990
7943,6779
7943,26491
7944,353
7944,10573
7945,3564
7945,4903
7946,21782
7946,22353
7947,21782
7947,22353
7948,1585
7948,19973
7949,11123
7949,18535
7950,1564
7950,16863
7951,2878
7951,2902
7952,5019
7952,5656
7953,1234
7953,1920
7954,7386
7954,7446
7955,3306
7955,5625
7956,26420
7956,26934
7957,2365
7957,2971
7958,1799
7958,1940
7959,5977
7959,6339
7960,994
7960,3795
7960,3798
7961,4389
7961,4391
7962,1145
7962,15369
7963,236
7963,4370
7964,75
7964,8593
7965,9033
7965,9541
7966,22
7966,2314
7966,3566
7967,579
7967,4193
7968,22636
7968,23642
7969,3869
7969,25093
7970,13355
7970,22636
7971,2197
7971,2653
7971,30581
7972,1688
7972,5541
7973,12693
7973,13055
7974,12693
7974,13055
7975,1218
7975,1222
7976,5123
7976,6575
7976,11879
7976,11957
7976,16952
7977,5123
7977,13386
7978,1944
7978,16817
7979,5123
7979,22849
7980,10215
7980,11400
7981,9854
7981,12304
7982,24642
7982,27003
7982,31048
7983,10423
7983,24690
7984,25833
7984,31002
7985,50
7985,53
7986,15804
7986,15828
7987,768
7987,1814
7988,1814
7988,2884
7989,732
7989,1105
7990,4159
7990,5282
7991,5282
7991,6114
7992,6457
7992,9916
7993,2369
7993,6214
7994,2565
7994,8613
7995,944
7995,1647
7995,8613
7996,2512
7996,14687
7997,3954
7997,7200
7998,478
7998,6011
7999,1173
7999,12632
8000,4806
8000,8191
8000,9763
8001,5766
8001,7563
8002,3954
8002,7200
8003,11299
8003,13869
8004,8191
8004,9763
8005,3306
8005,9895
8006,1173
8006,18303
8007,3954
8007,7200
8008,1173
8008,1679
8009,3954
8009,8837
8009,11739
8009,19494
8010,509
8010,5301
8011,4045
8011,15481
8012,9066
8012,19049
8013,3954
8013,19945
8014,3168
8014,19609
8015,9496
8015,17626
8016,6499
8016,15700
8016,20589
8017,743
8017,7376
8018,2325
8018,7020
8018,16224
8019,2616
8019,3100
8020,13813
8020,16363
8021,13659
8021,21457
8021,21819
8021,21820
8022,1585
8022,1608
8023,20885
8023,21820
8024,2316
8024,5123
8025,7045
8025,19861
8026,632
8026,14512
8027,2767
8027,23949
8028,3954
8028,7200
8029,3954
8029,21662
8030,1544
8030,14693
8031,1842
8031,3920
8032,10215
8032,11400
8033,7739
8033,8511
8034,6095
8034,9038
8035,0
8035,58
8036,679
8036,3244
8037,43
8037,21943
8038,14436
8038,20576
8039,20882
8039,23919
8040,568
8040,1091
8040,1173
8041,708
8041,11217
8042,26191
8042,27374
8043,19845
8043,24085
8044,24705
8044,26906
8045,2424
8045,10042
8046,11008
8046,17376
8047,938
8047,27878
8048,8147
8048,11590
8049,9812
8049,20189
8050,15409
8050,28151
8051,11889
8051,19450
8052,29993
8052,31105
8053,19
8053,20
8053,6303
8054,7078
8054,8014
8055,832
8055,2927
8055,3737
8056,8911
8056,15713
8057,14829
8057,15469
8058,12315
8058,14107
8059,18698
8059,22274
8060,2121
8060,6708
8061,2788
8061,23590
8061,24721
8062,6351
8062,26152
8063,27180
8063,27411
8064,1208
8064,12315
8065,29024
8065,29027
8066,1207
8066,1208
8066,1229
8066,3957
8066,12315
8066,13181
8067,27721
8067,27884
8068,29449
8068,30355
8068,30399
8068,30935
8069,29241
8069,29673
8070,2036
8070,2037
8071,4592
8071,4738
8072,1954
8072,6393
8073,3666
8073,9886
8074,7776
8074,9779
8075,3700
8075,11017
8076,3640
8076,12398
8077,3584
8077,4850
8078,12094
8078,12162
8079,17964
8079,18414
8080,14672
8080,20029
8081,12804
8081,14371
8082,622
8082,15080
8083,9931
8083,17907
8084,11217
8084,22168
8085,2798
8085,11748
8085,13144
8086,4491
8086,4726
8087,5973
8087,16807
8088,7400
8088,7447
8089,12377
8089,14039
8090,14834
8090,22866
8091,5866
8091,6696
8092,433
8092,21896
8093,21069
8093,21086
8094,1483
8094,12877
8095,11234
8095,22274
8096,8975
8096,24482
8097,23538
8097,24279
8098,3780
8098,3800
8098,12000
8099,11234
8099,22274
8100,23091
8100,24682
8101,5894
8101,23891
8102,25155
8102,25350
8103,175
8103,2451
8104,25155
8104,25328
8105,12762
8105,25155
8106,10563
8106,19260
8107,23170
8107,25782
8108,25350
8108,26185
8109,3562
8109,4404
8110,25257
8110,26656
8111,25282
8111,27806
8112,27481
8112,27533
8113,26130
8113,26282
8114,22885
8114,27824
8115,25622
8115,26200
8116,82
8116,26352
8117,27403
8117,28011
8118,17899
8118,25068
8119,21264
8119,21281
8120,12690
8120,29394
8121,29255
8121,29373
8122,18035
8122,23891
8123,8973
8123,20550
8124,23576
8124,31197
8125,24797
8125,30785
8126,7962
8126,17701
8127,10386
8127,10421
8128,27462
8128,28960
8129,64
8129,294
8130,478
8130,6011
8131,4347
8131,6883
8132,3954
8132,7200
8133,17637
8133,17971
8134,24642
8134,27003
8135,28748
8135,31153
8136,145
8136,189
8137,7142
8137,18504
8138,2412
8138,16670
8139,1591
8139,1592
8140,3954
8140,7200
8141,4072
8141,6771
8142,4072
8142,6771
8143,64
8143,294
8144,2878
8144,2902
8145,5303
8145,5304
8146,665
8146,932
8147,2827
8147,2889
8147,3645
8147,7252
8148,1949
8148,7252
8149,145
8149,189
8150,1118
8150,10243
8150,10902
8151,579
8151,5473
8151,10454
8152,2767
8152,12182
8153,504
8153,2821
8154,3954
8154,7200
8155,1820
8155,2103
8155,2402
8155,16281
8156,1415
8156,3669
8156,7523
8156,9401
8157,5159
8157,11824
8158,478
8158,6011
8159,2933
8159,2948
8160,4837
8160,6055
8161,1944
8161,16817
8162,11719
8162,13448
8163,681
8163,3375
8163,12364
8164,11242
8164,15163
8165,2729
8165,13046
8166,5621
8166,14766
8167,15618
8167,16817
8167,17863
8168,6208
8168,15754
8169,15963
8169,17153
8169,17177
8170,3291
8170,3308
8170,5621
8171,8837
8171,19494
8172,509
8172,510
8172,2240
8173,2511
8173,11882
8174,2511
8174,8683
8175,2412
8175,16670
8176,1587
8176,9044
8177,14587
8177,15762
8178,5123
8178,13386
8179,22
8179,2314
8180,17637
8180,17971
8181,1376
8181,3551
8182,5054
8182,16508
8183,4196
8183,21091
8184,9066
8184,10787
8185,2767
8185,15934
8186,4125
8186,18570
8187,10494
8187,23357
8188,11882
8188,13336
8189,867
8189,11361
8190,681
8190,14430
8191,7739
8191,8511
8192,6095
8192,9038
8193,6762
8193,6764
8194,19845
8194,24085
8195,9024
8195,16259
8196,14209
8196,18234
8197,92
8197,19414
8198,4464
8198,6112
8198,6526
8199,6817
8199,12673
8199,14313
8200,25042
8200,25587
8201,5303
8201,21693
8202,7369
8202,11917
8203,233
8203,8017
8204,5054
8204,8970
8205,13046
8205,20581
8206,909
8206,910
8207,14397
8207,14430
8207,28814
8208,10888
8208,23361
8209,25908
8209,29168
8210,9961
8210,18212
8211,1439
8211,2424
8212,11812
8212,22438
8213,27768
8213,28103
8214,12716
8214,29897
8215,16112
8215,19448
8216,2509
8216,27230
8216,28545
8217,10740
8217,11022
8217,22990
8217,25545
8218,28415
8218,29958
8219,1239
8219,23720
8220,10423
8220,24690
8221,29681
8221,30913
8222,3261
8222,28508
8223,212
8223,8959
8224,14546
8224,16648
8225,2584
8225,11878
8226,4347
8226,6883
8227,22
8227,2314
8228,3385
8228,4430
8229,26914
8229,27562
8230,22346
8230,29275
8231,22346
8231,27302
8231,28196
8231,30030
8231,30062
8231,30080
8232,26189
8232,26229
8232,27057
8233,26282
8233,26284
8234,24642
8234,27003
8235,4159
8235,5282
8236,8191
8236,9763
8237,26914
8237,27562
8238,308
8238,315
8239,308
8239,315
8240,1183
8240,1419
8241,606
8241,1187
8242,1854
8242,3365
8243,3932
8243,4289
8244,423
8244,3187
8245,2564
8245,2949
8246,1591
8246,1592
8247,4199
8247,4381
8248,2147
8248,7154
8248,9916
8249,81
8249,402
8250,6675
8250,12213
8251,4773
8251,8593
8252,11826
8252,12842
8253,644
8253,10600
8254,643
8254,10168
8255,4199
8255,9259
8256,1024
8256,14996
8257,75
8257,3500
8258,4199
8258,14628
8259,5500
8259,6901
8260,13902
8260,15101
8261,478
8261,11046
8261,16262
8262,7161
8262,16087
8263,10097
8263,10953
8263,12555
8264,2341
8264,2933
8265,16374
8265,17187
8266,12613
8266,16889
8267,1871
8267,9013
8268,5950
8268,12079
8269,14230
8269,18303
8270,9672
8270,12394
8270,16923
8271,9037
8271,10117
8272,10671
8272,17963
8273,1263
8273,8097
8273,15184
8274,852
8274,4694
8275,1374
8275,18021
8276,11249
8276,12563
8277,1173
8277,4479
8278,5801
8278,17657
8279,475
8279,14309
8280,3175
8280,15054
8281,19987
8281,19996
8282,15676
8282,19987
8283,4084
8283,19517
8284,19517
8284,20446
8285,10811
8285,11492
8285,19024
8286,10662
8286,18693
8287,19517
8287,19987
8288,3024
8288,9658
8289,2564
8289,20446
8290,23649
8290,23860
8291,19517
8291,23649
8292,5777
8292,23649
8293,9611
8293,16374
8293,23357
8294,14686
8294,19517
8295,5405
8295,23649
8296,4968
8296,5405
8297,156
8297,13412
8298,19517
8298,23649
8299,20446
8299,24972
8300,12394
8300,20896
8301,20446
8301,26399
8302,4038
8302,25718
8303,20446
8303,25718
8304,1439
8304,25718
8305,20446
8305,23705
8305,24566
8306,13226
8306,20446
8307,20446
8307,25718
8308,22941
8308,25718
8309,17576
8309,20446
8310,20446
8310,29539
8311,21713
8311,25718
8312,483
8312,25718
8313,21713
8313,25718
8314,5052
8314,25718
8315,20550
8315,29905
8316,30244
8316,30898
8317,13612
8317,30898
8318,11234
8318,22274
8319,11234
8319,22274
8320,64
8320,294
8321,3181
8321,6125
8322,726
8322,19434
8323,64
8323,294
8324,197
8324,331
8324,2511
8325,2512
8325,10084
8325,13059
8326,10243
8326,12991
8326,14114
8326,14521
8327,579
8327,6575
8327,10355
8328,2512
8328,5966
8328,14114
8329,12456
8329,13434
8330,77
8330,11242
8331,3954
8331,7200
8332,2512
8332,13059
8333,3669
8333,9401
8334,1173
8334,2512
8335,2560
8335,5358
8335,13813
8336,478
8336,2613
8337,967
8337,4774
8337,6165
8337,11878
8338,1173
8338,16817
8339,13916
8339,15163
8340,3153
8340,10490
8341,2511
8341,4289
8342,77
8342,1173
8342,12046
8343,12046
8343,13813
8344,14603
8344,15754
8344,17073
8345,2511
8345,10362
8345,13813
8346,6437
8346,10362
8347,8763
8347,15298
8348,3551
8348,13813
8349,3954
8349,7200
8350,22
8350,2314
8351,8837
8351,19494
8352,475
8352,2511
8353,510
8353,3306
8354,2134
8354,8758
8355,9066
8355,9223
8356,2511
8356,11882
8357,2511
8357,10171
8358,2503
8358,15762
8359,6645
8359,18530
8360,7200
8360,9066
8361,19574
8361,19585
8362,17593
8362,21118
8363,19222
8363,21518
8364,13813
8364,14190
8365,399
8365,16822
8366,2740
8366,2798
8367,4262
8367,21767
8368,2511
8368,3551
8368,13813
8369,20672
8369,23211
8370,2798
8370,6349
8371,1173
8371,18861
8372,6095
8372,9038
8373,0
8373,58
8374,9487
8374,20576
8375,21258
8375,24371
8376,1173
8376,11868
8377,6526
8377,13076
8378,20810
8378,24067
8379,18536
8379,18961
8380,462
8380,7369
8381,25042
8381,25587
8382,10888
8382,27799
8383,1564
8383,26062
8384,20659
8384,27878
8385,2535
8385,19469
8386,19743
8386,24611
8387,25526
8387,31279
8388,11889
8388,27685
8389,2680
8389,14890
8390,20132
8390,24290
8391,14544
8391,31640
8392,469
8392,28733
8393,64
8393,294
8394,7471
8394,8312
8394,8585
8395,6125
8395,7235
8396,7668
8396,8147
8397,13769
8397,14029
8398,16481
8398,19813
8399,43
8399,11891
8400,308
8400,315
8401,478
8401,6011
8402,2876
8402,3007
8403,4507
8403,4520
8404,7302
8404,9974
8405,10084
8405,16914
8406,5802
8406,11252
8407,64
8407,294
8408,11308
8408,11314
8409,26189
8409,27057
8410,28748
8410,31153
8411,308
8411,315
8412,17637
8412,17971
8413,21823
8413,21824
8414,21782
8414,22353
8415,26625
8415,26633
8416,480
8416,953
8417,20800
8417,21495
8418,20800
8418,21495
8419,10662
8419,16340
8419,19340
8420,426
8420,3018
8421,112
8421,3190
8421,5142
8422,7693
8422,9480
8423,7605
8423,7656
8424,8896
8424,9063
8424,11089
8424,12065
8425,4891
8425,13660
8425,14293
8426,2005
8426,6688
8426,11327
8427,10642
8427,14387
8428,338
8428,3238
8429,12371
8429,13370
8430,1157
8430,13720
8430,17563
8431,8436
8431,8602
8432,8702
8432,15225
8433,19
8433,20
8433,2005
8433,19853
8433,20442
8433,22590
8434,16807
8434,17964
8435,6577
8435,7650
8436,21373
8436,21383
8437,4629
8437,4889
8437,4918
8438,10618
8438,13231
8439,30352
8439,30363
8440,64
8440,294
8441,1940
8441,3541
8442,1468
8442,5301
8443,5123
8443,5159
8444,1055
8444,1056
8445,1055
8445,1056
8446,1055
8446,1056
8447,1055
8447,1056
8448,7208
8448,7302
8448,8476
8449,14061
8449,22215
8450,3208
8450,4284
8451,11836
8451,13699
8452,64
8452,294
8453,579
8453,4193
8454,14991
8454,22873
8455,3954
8455,7200
8456,14209
8456,15860
8456,23765
8456,24455
8457,20576
8457,22446
8458,23765
8458,24455
8459,5029
8459,23765
8460,23765
8460,24455
8461,18619
8461,22250
8462,13046
8462,29130
8463,64
8463,294
8464,1218
8464,1222
8465,1107
8465,1359
8466,308
8466,315
8467,465
8467,8756
8468,2767
8468,4502
8469,6457
8469,9380
8470,8041
8470,9661
8471,81
8471,402
8471,683
8472,7200
8472,9916
8473,1920
8473,6719
8474,1591
8474,5973
8474,7457
8475,108
8475,7722
8476,125
8476,998
8476,8593
8476,9916
8477,7722
8477,8575
8477,9916
8478,2123
8478,8593
8479,4719
8479,11963
8480,3954
8480,7200
8481,3954
8481,10218
8482,9916
8482,10871
8483,15173
8483,16314
8484,75
8484,2664
8484,7766
8484,8593
8484,10275
8484,15106
8484,16359
8485,1447
8485,1459
8485,7067
8486,12260
8486,13170
8487,4539
8487,6513
8487,13813
8488,993
8488,5123
8489,6165
8489,11336
8489,13117
8490,9452
8490,11398
8490,16322
8491,5973
8491,13869
8492,1346
8492,10477
8493,7200
8493,10168
8493,13869
8494,5144
8494,13813
8495,4514
8495,7200
8496,3566
8496,5370
8496,17751
8497,1173
8497,11836
8498,3954
8498,7200
8499,4502
8499,11836
8500,5123
8500,13386
8500,17898
8501,12567
8501,19071
8502,11739
8502,17104
8503,6672
8503,16244
8504,5301
8504,8067
8505,3062
8505,8191
8506,2402
8506,6822
8507,2402
8507,2908
8508,10971
8508,11032
8508,15805
8509,4386
8509,19804
8510,3375
8510,3376
8511,4502
8511,18614
8512,1920
8512,6604
8513,4539
8513,6672
8514,17637
8514,17971
8515,6704
8515,10040
8516,2798
8516,8191
8516,10333
8517,6604
8517,9832
8517,18527
8517,20990
8518,8002
8518,9422
8519,3370
8519,13813
8520,2313
8520,18142
8521,13680
8521,21660
8522,2681
8522,15588
8523,11336
8523,13117
8524,1560
8524,1573
8525,8900
8525,22636
8526,201
8526,6672
8526,24126
8527,1942
8527,13300
8528,6672
8528,14685
8529,9897
8529,13685
8529,15424
8530,11396
8530,20984
8531,3102
8531,9405
8531,23176
8532,6672
8532,22672
8533,13041
8533,17031
8534,11393
8534,12332
8535,6817
8535,9299
8536,4386
8536,9487
8536,9993
8537,16902
8537,22784
8538,2288
8538,3954
8539,822
8539,3282
8540,4804
8540,6672
8541,26191
8541,27374
8542,21165
8542,24050
8543,9146
8543,9335
8544,15632
8544,21222
8545,2191
8545,6304
8545,24227
8546,694
8546,699
8547,2564
8547,3319
8547,14397
8547,14430
8547,28814
8548,22519
8548,28072
8549,14543
8549,27338
8549,29559
8550,23290
8550,29789
8551,694
8551,23747
8552,7538
8552,8708
8553,10594
8553,21983
8554,25032
8554,29572
8555,27920
8555,28576
8556,20174
8556,20202
8557,23264
8557,23265
8558,2466
8558,8125
8559,7067
8559,24290
8560,64
8560,294
8561,4295
8561,12041
8562,7825
8562,13957
8563,993
8563,3830
8564,3375
8564,7722
8565,11849
8565,13099
8566,8139
8566,10298
8567,1760
8567,3505
8568,10405
8568,11820
8569,6517
8569,19877
8570,10696
8570,11443
8571,6458
8571,15963
8572,6352
8572,21271
8573,24882
8573,25011
8574,1154
8574,18393
8575,993
8575,6844
8575,16902
8576,12065
8576,17921
8577,989
8577,7732
8578,13446
8578,17427
8579,25876
8579,28031
8580,12741
8580,15409
8581,64
8581,294
8582,23741
8582,23994
8583,23741
8583,23994
8584,9003
8584,23994
8585,64
8585,294
8586,96
8586,987
8587,1379
8587,1799
8587,1940
8588,994
8588,3795
8589,7038
8589,11920
8590,2
8590,4740
8591,2
8591,4740
8592,64
8592,294
8593,4067
8593,14072
8594,11812
8594,22438
8595,64
8595,294
8596,64
8596,294
8597,64
8597,294
8598,14546
8598,16648
8599,4389
8599,4391
8600,0
8600,58
8601,989
8601,7732
8602,64
8602,294
8603,1048
8603,1391
8604,10740
8604,10839
8604,11022
8605,3103
8605,5908
8606,14541
8606,21325
8607,1758
8607,14489
8608,23947
8608,24098
8609,29012
8609,29016
8610,5677
8610,22259
8611,3491
8611,3508
8611,3624
8611,3645
8611,3923
8612,994
8612,3795
8613,2369
8613,5977
8614,292
8614,295
8615,5123
8615,5159
8616,14103
8616,14176
8617,24642
8617,27003
8618,1591
8618,7836
8619,2827
8619,2889
8620,3954
8620,7200
8621,944
8621,8695
8621,10356
8622,50
8622,53
8623,8040
8623,13003
8624,6095
8624,9038
8625,20800
8625,21495
8626,768
8626,3288
8627,1972
8627,7211
8628,994
8628,3795
8629,14497
8629,14537
8630,1415
8630,8149
8631,4968
8631,9869
8632,2328
8632,9916
8633,3713
8633,6457
8634,478
8634,3006
8635,4199
8635,8501
8635,13426
8636,5123
8636,11879
8637,3457
8637,14991
8638,743
8638,7376
8639,19815
8639,22582
8640,2425
8640,2540
8641,679
8641,3244
8642,3459
8642,21820
8643,2767
8643,5708
8644,20800
8644,21495
8645,1758
8645,14489
8646,1376
8646,8492
8647,17277
8647,22796
8648,1332
8648,17085
8649,24380
8649,26062
8650,20044
8650,22443
8651,17844
8651,23231
8652,26914
8652,27562
8653,27834
8653,28422
8654,11812
8654,22438
8655,989
8655,7732
8656,22346
8656,30062
8657,26189
8657,27057
8658,18538
8658,26840
8659,26884
8659,27051
8660,27011
8660,29875
8661,17371
8661,28140
8662,1107
8662,1359
8663,4968
8663,9869
8664,11217
8664,22055
8665,1758
8665,14489
8666,1376
8666,8492
8667,4184
8667,21975
8668,22346
8668,30062
8669,154
8669,331
8669,6339
8670,154
8670,331
8671,5395
8671,5782
8672,2827
8672,2889
8673,3954
8673,7200
8674,5123
8674,11879
8675,11217
8675,14704
8676,989
8676,7732
8677,10386
8677,10387
8678,4177
8678,4355
8679,5526
8679,5528
8679,5862
8680,1105
8680,1890
8680,5209
8680,8301
8681,3190
8681,3238
8682,4760
8682,5482
8683,353
8683,1004
8684,140
8684,1765
8684,3022
8684,6221
8684,8306
8685,7492
8685,9497
8685,9501
8686,4583
8686,9885
8686,9893
8687,7475
8687,9137
8688,3456
8688,5766
8689,6036
8689,6322
8690,1966
8690,7367
8691,1277
8691,7739
8692,7208
8692,7302
8693,13628
8693,16807
8694,9687
8694,11089
8695,7915
8695,16904
8696,5498
8696,13436
8697,5064
8697,14356
8698,3429
8698,18822
8699,381
8699,5520
8700,11752
8700,13214
8701,6474
8701,15466
8701,16080
8702,2451
8702,2598
8702,6114
8702,20142
8703,13757
8703,20350
8704,1261
8704,11644
8705,2381
8705,16067
8705,21617
8705,21788
8706,6412
8706,20777
8707,22457
8707,23013
8708,6412
8708,18698
8709,13554
8709,16665
8709,23246
8710,6412
8710,20777
8711,12346
8711,25908
8712,1173
8712,15230
8713,26414
8713,26425
8714,3401
8714,6412
8715,2451
8715,18927
8716,2937
8716,25616
8717,25142
8717,27309
8718,10888
8718,25158
8719,19361
8719,24888
8720,13286
8720,13538
8721,7578
8721,26928
8722,29280
8722,29296
8723,2165
8723,9595
8724,27675
8724,31189
8725,27078
8725,31264
8726,1127
8726,1128
8727,497
8727,5910
8728,3604
8728,17679
8729,29241
8729,29673
8730,5817
8730,5839
8731,140
8731,1364
8732,353
8732,9500
8733,3504
8733,3637
8734,4072
8734,6771
8735,1056
8735,1596
8735,6220
8736,3640
8736,9500
8737,9500
8737,11644
8738,5843
8738,12346
8738,12779
8739,5843
8739,10424
8740,4072
8740,6771
8740,12219
8740,12346
8741,11644
8741,13798
8742,955
8742,11644
8743,2336
8743,11644
8743,15670
8744,10449
8744,11644
8745,11644
8745,12445
8746,11644
8746,13732
8747,4072
8747,11644
8748,5852
8748,13798
8749,5843
8749,13628
8749,14541
8750,10424
8750,15693
8751,10449
8751,11644
8752,11644
8752,12346
8753,1546
8753,9497
8754,11644
8754,14314
8755,11644
8755,19899
8756,3640
8756,11644
8757,12346
8757,16807
8757,17964
8757,18414
8758,11644
8758,12346
8758,16407
8759,11644
8759,12346
8759,16693
8760,544
8760,9501
8761,11644
8761,19899
8762,11644
8762,19899
8763,11644
8763,12346
8764,7866
8764,9887
8765,1514
8765,11644
8765,15713
8766,4563
8766,11644
8766,15713
8767,11644
8767,12346
8767,15713
8768,11644
8768,19899
8768,20751
8769,11644
8769,12346
8769,15713
8769,19899
8770,11644
8770,15713
8771,1602
8771,7020
8772,1157
8772,11644
8772,15713
8773,9855
8773,16602
8774,11644
8774,12346
8774,15713
8775,1609
8775,11644
8775,15713
8776,11644
8776,15713
8777,11644
8777,15713
8777,19899
8777,20751
8778,8138
8778,8502
8778,17728
8778,21297
8779,11644
8779,15713
8779,19899
8780,11644
8780,15713
8780,19899
8781,11644
8781,15713
8781,19899
8782,11644
8782,15713
8782,21625
8783,11644
8783,15713
8784,11644
8784,12346
8784,15713
8784,19899
8785,11234
8785,11644
8785,15713
8785,19899
8786,11644
8786,19899
8787,11644
8787,15713
8788,7020
8788,11644
8788,15713
8788,19899
8789,11644
8789,15713
8789,19899
8790,11644
8790,15713
8790,19899
8791,11644
8791,13910
8791,15713
8791,19899
8792,11644
8792,15713
8793,11644
8793,15713
8793,19683
8794,11644
8794,15713
8794,19899
8794,21625
8795,2798
8795,14909
8796,19
8796,20
8796,2005
8797,9779
8797,11644
8797,15713
8797,19899
8798,11234
8798,22274
8799,5843
8799,11644
8799,13910
8799,15713
8799,19899
8800,11644
8800,15713
8800,19899
8801,5843
8801,13214
8802,11644
8802,15713
8803,11644
8803,15713
8803,19899
8804,5843
8804,11644
8804,15713
8805,11234
8805,17728
8805,22274
8806,11644
8806,15713
8806,17728
8807,8353
8807,13214
8808,5843
8808,15713
8809,5843
8809,15713
8810,5843
8810,15713
8811,11644
8811,15713
8812,8012
8812,11644
8812,15713
8813,5843
8813,7866
8814,11644
8814,17728
8815,19
8815,20
8816,1609
8816,15713
8817,1609
8817,15713
8818,1609
8818,15713
8819,11644
8819,15713
8820,5843
8820,15713
8821,15713
8821,24142
8822,11644
8822,24142
8823,5843
8823,14977
8824,231
8824,10289
8825,15713
8825,24479
8826,1438
8826,7255
8827,11644
8827,15713
8828,12346
8828,15713
8829,5843
8829,15713
8830,8502
8830,14690
8831,14690
8831,19498
8832,7324
8832,10333
8833,5843
8833,15713
8834,12165
8834,23538
8835,21219
8835,23438
8836,1296
8836,27721
8837,25282
8837,27806
8838,5199
8838,12281
8839,2757
8839,3697
8840,8626
8840,14775
8840,28985
8840,29305
8841,11035
8841,18096
8842,13098
8842,16693
8843,29297
8843,29542
8844,29545
8844,29590
8845,29308
8845,30143
8846,17162
8846,30143
8847,1056
8847,1596
8848,19
8848,20
8849,25282
8849,27806
8850,395
8850,435
8851,4507
8851,4520
8852,11234
8852,22274
8853,11234
8853,22274
8854,2693
8854,6050
8855,14674
8855,14734
8856,1871
8856,2282
8857,1107
8857,1993
8857,2033
8858,2033
8858,2614
8859,6653
8859,7200
8860,5973
8860,7563
8861,2314
8861,6828
8862,1044
8862,8990
8863,2369
8863,9348
8864,2314
8864,9348
8865,5766
8865,7563
8866,7200
8866,10163
8867,6059
8867,9348
8867,11041
8868,4787
8868,7563
8869,7563
8869,9348
8870,2369
8870,7563
8871,9348
8871,11041
8872,7563
8872,10163
8873,9348
8873,11041
8874,7563
8874,11041
8874,12784
8875,7563
8875,11174
8876,8347
8876,9348
8877,11320
8877,13328
8878,5973
8878,7563
8879,4837
8879,9348
8879,13328
8880,1419
8880,7563
8881,8347
8881,9763
8882,7563
8882,9348
8882,13328
8883,2314
8883,14361
8884,1750
8884,7563
8885,9348
8885,13328
8886,3954
8886,9348
8887,9348
8887,13328
8888,7563
8888,9763
8889,11336
8889,13117
8890,1419
8890,9348
8890,13328
8891,3657
8891,9348
8891,14919
8892,5159
8892,9348
8893,9348
8893,13328
8894,1173
8894,7563
8894,9348
8895,7563
8895,9763
8896,9763
8896,13046
8897,8191
8897,9763
8897,11041
8898,7563
8898,10922
8899,5973
8899,9763
8900,9763
8900,13328
8901,7563
8901,9348
8902,7563
8902,13328
8903,8191
8903,9763
8904,3954
8904,7200
8905,8191
8905,9763
8906,9348
8906,14361
8907,9763
8907,16687
8908,7563
8908,9348
8909,2360
8909,5766
8909,7563
8910,5766
8910,7563
8910,9348
8911,5766
8911,7563
8911,9348
8912,7563
8912,10922
8913,9348
8913,10171
8913,17421
8914,7563
8914,17421
8915,8191
8915,9763
8916,7895
8916,9348
8916,17421
8917,9348
8917,11174
8917,17421
8918,7563
8918,9348
8918,17421
8919,9348
8919,17421
8920,7563
8920,9348
8921,7563
8921,13117
8922,9348
8922,17421
8923,3954
8923,7200
8924,4787
8924,9763
8925,9348
8925,17421
8926,2667
8926,17421
8927,9348
8927,17421
8928,7563
8928,9066
8929,3551
8929,13117
8930,8191
8930,9763
8930,16178
8931,2511
8931,2512
8932,16262
8932,17624
8932,19151
8933,8191
8933,9763
8934,1631
8934,9763
8935,3898
8935,9348
8936,2258
8936,17421
8937,17421
8937,18161
8938,6458
8938,6460
8939,11336
8939,14582
8940,1419
8940,9746
8941,5973
8941,20505
8942,19625
8942,19768
8943,227
8943,20044
8944,19144
8944,21622
8945,8837
8945,20027
8946,11336
8946,21622
8947,3068
8947,12042
8948,11336
8948,21622
8949,13117
8949,21820
8950,2511
8950,5973
8951,11336
8951,13117
8952,9348
8952,11336
8952,13117
8953,11041
8953,21622
8954,13117
8954,23138
8955,14809
8955,18963
8956,11336
8956,13117
8957,8612
8957,11336
8958,11336
8958,23138
8959,5766
8959,23138
8960,3954
8960,7200
8961,7200
8961,8166
8962,1213
8962,23138
8963,1769
8963,23107
8963,23138
8964,23107
8964,23138
8965,23138
8965,24921
8966,23138
8966,24705
8967,2288
8967,5147
8968,11041
8968,26062
8969,23765
8969,24455
8970,19625
8970,23138
8971,1052
8971,15713
8972,8073
8972,8167
8972,9040
8973,4362
8973,17780
8974,13034
8974,20875
8975,4184
8975,21975
8976,2834
8976,25119
8977,27592
8977,27595
8978,24988
8978,25026
8979,459
8979,813
8980,459
8980,2376
8981,459
8981,2376
8982,3312
8982,3981
8983,459
8983,3803
8984,459
8984,3312
8985,955
8985,1487
8986,459
8986,3312
8987,459
8987,3312
8988,459
8988,3312
8989,241
8989,5699
8990,459
8990,5602
8991,459
8991,4138
8992,459
8992,5602
8993,223
8993,581
8994,1110
8994,1871
8995,6857
8995,6955
8996,459
8996,7225
8997,459
8997,7343
8998,459
8998,5443
8999,5443
8999,9578
9000,5443
9000,9578
9001,5755
9001,7343
9002,955
9002,4138
9003,7343
9003,9778
9004,459
9004,581
9004,5755
9005,459
9005,11138
9006,6587
9006,11121
9007,459
9007,5755
9008,955
9008,13589
9009,9770
9009,12577
9010,3128
9010,5127
9011,955
9011,5844
9012,459
9012,5755
9013,5660
9013,6961
9014,459
9014,3803
9015,3803
9015,16782
9016,459
9016,9474
9017,982
9017,9770
9017,16974
9018,16288
9018,16782
9019,459
9019,16782
9020,459
9020,16782
9021,459
9021,16782
9022,459
9022,3128
9022,10288
9022,16240
9023,8537
9023,12596
9024,459
9024,3128
9024,5230
9025,459
9025,16413
9026,459
9026,18239
9027,4780
9027,8537
9027,18051
9028,7225
9028,17883
9029,5230
9029,18239
9030,459
9030,3312
9031,6587
9031,9467
9031,18609
9032,459
9032,581
9032,17883
9033,2811
9033,19021
9034,6061
9034,6116
9035,10776
9035,15220
9036,5230
9036,17777
9036,17883
9036,19055
9037,4894
9037,17883
9038,15466
9038,17883
9039,5755
9039,15275
9040,9126
9040,17883
9041,5230
9041,17883
9042,10886
9042,15004
9043,17883
9043,19462
9044,12832
9044,17883
9045,17262
9045,21554
9046,192
9046,1531
9046,3586
9047,1531
9047,3586
9048,21280
9048,22298
9049,5853
9049,6479
9050,18239
9050,23968
9051,13644
9051,18239
9052,1095
9052,21535
9053,14397
9053,15319
9053,15327
9054,8502
9054,14690
9055,22127
9055,22800
9056,15110
9056,15741
9057,11987
9057,18935
9058,14058
9058,15982
9059,13790
9059,15982
9060,16196
9060,23784
9061,24133
9061,25603
9062,3250
9062,25080
9063,11111
9063,21365
9064,25166
9064,28377
9064,30079
9065,19193
9065,22603
9066,10434
9066,16587
9067,3283
9067,10746
9068,16180
9068,31296
9069,11838
9069,22008
9070,385
9070,459
9071,459
9071,1608
9072,1052
9072,8911
9072,15713
9073,1546
9073,4422
9074,3511
9074,17862
9075,1052
9075,16739
9076,4177
9076,4296
9076,4355
9077,4417
9077,6207
9078,20
9078,11089
9078,13044
9079,6744
9079,16860
9080,6508
9080,10108
9081,10296
9081,10938
9082,10296
9082,13024
9083,4560
9083,7581
9084,2108
9084,17265
9085,12346
9085,12409
9086,6508
9086,10108
9087,12856
9087,22599
9088,20894
9088,24128
9089,17849
9089,22661
9089,22869
9089,28874
9090,25395
9090,27198
9091,25935
9091,25950
9092,5037
9092,10929
9093,459
9093,10238
9094,581
9094,2380
9095,1531
9095,3586
9096,10890
9096,12997
9097,22643
9097,22644
9098,15067
9098,15427
9098,22719
9099,22715
9099,22725
9100,43
9100,23313
9101,43
9101,6607
9102,25909
9102,25936
9103,25909
9103,25936
9104,22514
9104,24173
9104,24243
9104,25106
9105,7251
9105,8397
9106,29012
9106,29016
9107,5395
9107,5782
9108,1720
9108,6972
9109,1429
9109,6063
9110,181
9110,1704
9110,9130
9111,4449
9111,8121
9112,1591
9112,8041
9113,643
9113,2546
9114,3954
9114,7200
9115,3150
9115,13811
9116,2668
9116,5966
9117,7523
9117,9689
9118,5275
9118,13112
9118,15173
9119,5275
9119,8149
9119,9037
9120,13310
9120,15841
9121,643
9121,5275
9121,7067
9121,9419
9122,967
9122,1944
9123,3163
9123,3546
9123,8993
9124,5275
9124,7369
9124,13112
9125,3090
9125,5275
9125,6165
9126,8121
9126,13077
9127,9037
9127,13077
9128,3471
9128,5275
9129,1735
9129,2288
9129,9037
9129,9422
9130,3471
9130,12953
9131,1944
9131,5275
9131,13112
9132,1944
9132,16817
9133,7200
9133,9171
9134,382
9134,3306
9135,5275
9135,6959
9136,423
9136,1944
9136,15181
9137,4820
9137,8149
9138,326
9138,9924
9139,1576
9139,18698
9140,5275
9140,11739
9141,8149
9141,18384
9142,4371
9142,7567
9143,1070
9143,15487
9144,8149
9144,15487
9145,2546
9145,4910
9145,15487
9146,643
9146,5741
9146,6627
9146,8149
9146,9419
9147,2971
9147,3280
9147,19186
9148,8149
9148,15487
9149,2546
9149,8149
9150,8149
9150,15487
9151,17637
9151,17971
9152,887
9152,8149
9153,8149
9153,19638
9154,8149
9154,16428
9155,5115
9155,6672
9156,9611
9156,10432
9157,1560
9157,1573
9158,5998
9158,23077
9159,15804
9159,15828
9160,5275
9160,23608
9161,5576
9161,23077
9162,1006
9162,20576
9163,2333
9163,23124
9164,5275
9164,23077
9165,23498
9165,23863
9166,3954
9166,7200
9167,6672
9167,23077
9168,2361
9168,6672
9169,5275
9169,23649
9170,6672
9170,23608
9171,5275
9171,23077
9172,6762
9172,6764
9173,5275
9173,20984
9174,2529
9174,20527
9175,5275
9175,23033
9176,8990
9176,17396
9177,5275
9177,13112
9178,6420
9178,28082
9179,2958
9179,13095
9179,22285
9180,3285
9180,27461
9181,483
9181,12729
9182,13046
9182,29130
9183,2078
9183,6455
9184,2078
9184,5812
9185,20174
9185,20202
9186,308
9186,315
9187,5938
9187,6110
9188,2336
9188,2755
9188,14610
9189,10004
9189,15199
9190,2336
9190,23204
9191,8519
9191,8520
9192,8519
9192,8520
9193,6091
9193,14270
9194,879
9194,21409
9195,2827
9195,3622
9196,3640
9196,6719
9196,9142
9197,8837
9197,19494
9198,14409
9198,14589
9199,700
9199,8312
9200,3130
9200,21197
9201,6137
9201,6138
9202,2314
9202,3566
9203,247
9203,2778
9203,7266
9204,2103
9204,2794
9205,423
9205,9130
9206,1030
9206,6400
9207,265
9207,5545
9208,871
9208,8664
9209,871
9209,10796
9210,5473
9210,6400
9211,2511
9211,4732
9211,12152
9212,13915
9212,14150
9213,607
9213,6850
9214,2511
9214,6775
9214,12545
9215,2314
9215,3566
9215,5370
9216,7045
9216,19861
9217,7045
9217,19861
9218,7045
9218,19861
9219,7045
9219,19861
9220,7045
9220,19861
9221,7045
9221,13813
9222,9223
9222,10356
9223,3954
9223,7200
9224,9223
9224,10356
9225,13616
9225,22897
9226,4193
9226,15196
9227,19845
9227,24085
9228,4754
9228,27420
9229,7558
9229,27601
9230,6120
9230,28624
9231,26575
9231,26645
9232,480
9232,7400
9233,4184
9233,7693
9233,9480
9234,4507
9234,4520
9235,5145
9235,9213
9236,2200
9236,7186
9236,11686
9237,1438
9237,1493
9237,6747
9237,15842
9238,5037
9238,15358
9239,5145
9239,10263
9240,19
9240,20
9241,14829
9241,15469
9242,10669
9242,11724
9243,1514
9243,1517
9243,1559
9244,6402
9244,21698
9245,11234
9245,22274
9246,3780
9246,3800
9247,13749
9247,25251
9248,22006
9248,22107
9249,60
9249,23438
9250,297
9250,25923
9251,7139
9251,31495
9252,30355
9252,30399
9253,13
9253,1755
9254,8396
9254,10273
9255,364
9255,2852
9256,7131
9256,10407
9257,1366
9257,7110
9257,11754
9258,3217
9258,3523
9259,4498
9259,4901
9260,7312
9260,7812
9260,9800
9261,8755
9261,13364
9262,43
9262,11891
9263,43
9263,11891
9264,13078
9264,13079
9265,8843
9265,20032
9266,3954
9266,7200
9267,15958
9267,23683
9268,27512
9268,27859
9269,64
9269,17277
9270,3954
9270,7200
9271,75
9271,8593
9272,2303
9272,2508
9273,13078
9273,13079
9274,154
9274,331
9275,2827
9275,2889
9275,3645
9276,2359
9276,6792
9277,22
9277,7200
9278,6095
9278,9038
9279,18279
9279,20248
9280,20794
9280,23584
9281,6792
9281,9130
9282,1430
9282,17762
9283,31
9283,2714
9284,1105
9284,1890
9285,3729
9285,7690
9286,9272
9286,19726
9287,6059
9287,7200
9288,75
9288,8593
9289,17187
9289,18896
9290,16262
9290,17624
9291,16822
9291,21665
9292,15711
9292,22071
9293,2511
9293,15711
9294,11749
9294,19029
9294,23851
9295,23649
9295,24760
9296,21499
9296,25596
9297,22519
9297,28072
9298,5395
9298,5782
9299,113
9299,862
9299,8191
9299,9763
9300,5123
9300,5159
9301,4547
9301,9037
9302,8191
9302,9763
9303,8191
9303,9763
9304,5123
9304,13386
9305,14685
9305,18703
9306,14809
9306,18963
9307,6095
9307,9038
9308,20800
9308,21495
9309,24750
9309,30049
9310,24990
9310,27958
9311,227
9311,3375
9312,4286
9312,9411
9313,1630
9313,3665
9313,3909
9314,4286
9314,10355
9314,10405
9315,3954
9315,4837
9315,6059
9316,1943
9316,14572
9317,853
9317,3338
9318,7208
9318,7302
9318,7696
9319,15632
9319,21222
9320,17844
9320,23231
9321,1254
9321,1260
9322,8510
9322,8595
9322,8774
9323,14458
9323,14490
9324,8589
9324,12963
9325,5275
9325,6863
9326,842
9326,12716
9327,268
9327,1219
9328,1491
9328,6029
9329,3584
9329,9501
9330,16807
9330,17964
9331,14758
9331,22855
9332,11234
9332,22274
9333,11234
9333,22274
9334,11234
9334,22274
9335,9199
9335,9475
9336,11234
9336,22274
9337,1765
9337,16807
9337,17964
9338,5894
9338,17277
9339,31426
9339,31450
9340,30807
9340,31427
9341,75
9341,212
9342,4273
9342,10163
9343,6211
9343,13563
9344,75
9344,8593
9345,50
9345,53
9346,1869
9346,17826
9347,1920
9347,20387
9348,12209
9348,19014
9349,994
9349,3795
9350,7184
9350,9924
9351,904
9351,6458
9351,6460
9352,17077
9352,17328
9353,18895
9353,18896
9354,11739
9354,17384
9355,7007
9355,15724
9356,4635
9356,5483
9357,13759
9357,14091
9358,1134
9358,23124
9359,20800
9359,21495
9360,2149
9360,2478
9361,19530
9361,19545
9362,23324
9362,23383
9363,410
9363,27001
9363,30049
9364,26189
9364,26229
9365,20253
9365,26398
9366,3989
9366,8791
9366,14762
9366,23922
9367,18538
9367,26840
9368,26884
9368,27051
9369,9636
9369,19818
9370,21381
9370,22955
9371,9636
9371,19818
9372,23876
9372,24903
9373,787
9373,1839
9374,8190
9374,8846
9375,6458
9375,6460
9376,6458
9376,6460
9377,7679
9377,14785
9378,913
9378,11471
9379,3375
9379,3376
9380,2732
9380,11463
9381,1048
9381,1337
9381,1391
9382,7474
9382,21285
9383,679
9383,3244
9384,18031
9384,30283
9385,28721
9385,29083
9386,20974
9386,21300
9386,25445
9387,10971
9387,11032
9387,15805
9388,265
9388,423
9389,76
9389,648
9390,37
9390,1201
9391,1749
9391,1920
9392,238
9392,1441
9392,1944
9393,236
9393,1928
9394,489
9394,1920
9395,2002
9395,2405
9396,2046
9396,2862
9397,72
9397,112
9398,1183
9398,1419
9399,868
9399,1977
9399,2406
9400,1920
9400,4077
9401,1510
9401,3208
9402,1870
9402,1920
9402,4138
9403,509
9403,4979
9404,1801
9404,4506
9405,5303
9405,5304
9406,1434
9406,1801
9407,3356
9407,4606
9407,4940
9408,1189
9408,4289
9409,897
9409,1749
9410,1749
9410,4940
9411,2369
9411,2796
9412,2870
9412,3026
9413,2359
9413,6138
9414,510
9414,5782
9415,423
9415,4828
9416,498
9416,1739
9417,61
9417,2808
9417,3384
9418,5395
9418,5782
9419,2379
9419,5309
9420,423
9420,1118
9420,3146
9421,3383
9421,6063
9422,5275
9422,5977
9423,1591
9423,3577
9424,4971
9424,7753
9425,6388
9425,6728
9426,1739
9426,8769
9427,1964
9427,6092
9427,7405
9428,3986
9428,6641
9429,1374
9429,2812
9430,1591
9430,1592
9431,4199
9431,4381
9432,4199
9432,5190
9433,2359
9433,9398
9434,77
9434,3610
9435,1591
9435,1592
9436,6068
9436,9398
9437,77
9437,4584
9438,1949
9438,7766
9439,9398
9439,9556
9440,400
9440,3374
9441,3184
9441,3481
9442,2140
9442,4924
9443,2359
9443,4199
9443,9398
9444,238
9444,4199
9445,1150
9445,5190
9446,4199
9446,5200
9446,8343
9447,1185
9447,2614
9447,3505
9447,8191
9447,9763
9448,1784
9448,5190
9449,6681
9449,7142
9450,238
9450,4077
9451,3026
9451,10903
9452,3026
9452,4199
9453,1150
9453,2569
9453,11720
9454,7111
9454,7784
9455,2079
9455,9084
9456,2359
9456,4199
9457,81
9457,402
9458,934
9458,967
9458,3198
9459,2359
9459,9427
9460,1684
9460,4199
9461,4204
9461,6063
9462,6089
9462,9729
9463,5190
9463,9454
9464,1510
9464,8683
9465,3924
9465,6572
9465,8943
9465,9323
9466,2511
9466,11781
9466,12974
9467,4143
9467,8683
9468,5226
9468,6288
9469,7784
9469,12192
9469,12689
9470,4199
9470,9338
9471,720
9471,7405
9472,2511
9472,5142
9473,11774
9473,12616
9474,1024
9474,9398
9475,643
9475,3783
9475,10168
9476,11936
9476,14328
9477,14077
9477,14193
9478,2546
9478,13540
9478,13889
9479,7058
9479,10508
9480,77
9480,3066
9480,14679
9481,4790
9481,10811
9481,14497
9481,14996
9482,6050
9482,8644
9483,7037
9483,8142
9484,1593
9484,7069
9484,11654
9485,2328
9485,3285
9485,10178
9486,369
9486,3181
9487,14383
9487,15373
9488,6057
9488,8761
9488,12354
9488,14183
9489,3715
9489,13154
9490,1593
9490,9323
9491,763
9491,9398
9492,4026
9492,4199
9493,913
9493,11471
9493,13448
9493,14521
9494,1045
9494,3823
9495,5592
9495,9398
9496,4832
9496,8930
9496,10964
9497,2547
9497,6674
9498,11445
9498,12109
9498,15101
9499,9398
9499,11640
9500,7067
9500,11471
9500,14679
9501,4199
9501,4713
9502,4199
9502,9699
9503,3975
9503,7247
9504,9398
9504,13230
9505,4775
9505,8501
9506,438
9506,2019
9506,9348
9507,897
9507,7681
9507,8252
9508,6063
9508,15869
9508,16563
9509,3035
9509,7753
9510,2933
9510,2948
9510,12620
9511,5592
9511,13925
9512,6115
9512,6182
9513,825
9513,3034
9513,12620
9513,16884
9514,6806
9514,15909
9515,1056
9515,13154
9516,967
9516,1798
9517,6174
9517,8201
9518,1920
9518,9398
9518,13154
9519,967
9519,10087
9520,3397
9520,13448
9521,1964
9521,4199
9522,0
9522,1
9522,13448
9523,4262
9523,6806
9524,10662
9524,11677
9525,4585
9525,10565
9526,0
9526,1
9526,9398
9527,1477
9527,5237
9528,10662
9528,11174
9528,11677
9529,2923
9529,13927
9530,11147
9530,12476
9531,4585
9531,10284
9531,11849
9532,8783
9532,15439
9533,10811
9533,12610
9534,4392
9534,5329
9535,1150
9535,4837
9535,9037
9536,7445
9536,15396
9537,4787
9537,5507
9538,9398
9538,15503
9539,11320
9539,17295
9540,9037
9540,17451
9541,6165
9541,7187
9541,8842
9542,1916
9542,2472
9543,9398
9543,14795
9544,689
9544,3986
9544,5438
9545,4787
9545,5578
9546,4199
9546,9672
9547,4304
9547,5578
9548,205
9548,8120
9549,2152
9549,10901
9550,4522
9550,12956
9551,2561
9551,9398
9552,5289
9552,8147
9553,4522
9553,15428
9554,11739
9554,11741
9554,11749
9555,10688
9555,16559
9556,4563
9556,5321
9556,13176
9557,1944
9557,4305
9558,8308
9558,11654
9559,4559
9559,11174
9560,10660
9560,10925
9560,16538
9561,10061
9561,14137
9562,11040
9562,13412
9562,14137
9563,14097
9563,18861
9564,5524
9564,5827
9564,17941
9565,65
9565,4199
9565,7413
9565,17565
9566,11174
9566,11302
9567,89
9567,9398
9568,519
9568,2891
9569,172
9569,1345
9569,3024
9569,9398
9570,4199
9570,10096
9570,13012
9571,1
9571,14587
9571,17597
9572,4872
9572,10190
9573,1916
9573,6812
9573,14328
9573,17623
9574,554
9574,3563
9574,5226
9575,1
9575,9398
9576,1345
9576,1916
9577,3640
9577,4199
9577,9398
9577,14119
9578,993
9578,12262
9578,14468
9578,15881
9579,4152
9579,4381
9579,5123
9579,6157
9580,6275
9580,18378
9581,5037
9581,5945
9582,89
9582,9522
9582,16681
9583,8615
9583,19615
9584,687
9584,4585
9584,7166
9585,3241
9585,6385
9586,687
9586,4199
9587,6653
9587,11587
9588,1429
9588,6756
9588,16794
9589,3175
9589,15054
9590,3323
9590,5543
9590,18142
9591,1190
9591,12689
9592,4558
9592,17783
9593,4585
9593,11587
9593,17960
9594,1
9594,18823
9595,4713
9595,19900
9596,11361
9596,11890
9597,9486
9597,11739
9597,11741
9598,2285
9598,4330
9599,4199
9599,18207
9600,8187
9600,8683
9600,10245
9600,12878
9601,5282
9601,8606
9601,8944
9601,19517
9602,3410
9602,6079
9602,15676
9603,3869
9603,4664
9604,4693
9604,19124
9605,12677
9605,15827
9606,7313
9606,11974
9607,3420
9607,11974
9608,3235
9608,18716
9609,10194
9609,10195
9609,20318
9610,4199
9610,18851
9611,8149
9611,8204
9611,10811
9612,9541
9612,20314
9613,7221
9613,8159
9614,8220
9614,14003
9614,18908
9614,20446
9615,1173
9615,3528
9615,16401
9616,824
9616,15718
9616,17164
9617,2021
9617,3604
9617,8644
9617,13205
9618,9497
9618,14281
9618,15596
9619,81
9619,13448
9619,16518
9619,20099
9620,15205
9620,20075
9621,4199
9621,20058
9622,5034
9622,14335
9622,15979
9623,11974
9623,19517
9624,1091
9624,16403
9625,2628
9625,3265
9625,15383
9626,9414
9626,20184
9627,5034
9627,19517
9628,428
9628,1132
9628,2737
9628,10811
9628,16747
9628,18488
9628,19934
9629,6182
9629,20606
9630,10171
9630,17430
9631,4199
9631,12613
9631,20593
9632,5172
9632,10811
9633,528
9633,4886
9634,187
9634,19517
9635,575
9635,3306
9636,2267
9636,4199
9636,4664
9637,270
9637,521
9637,11954
9638,5876
9638,9746
9638,17637
9639,9901
9639,19678
9640,9611
9640,20446
9641,16775
9641,20953
9642,2571
9642,4199
9642,13006
9642,15718
9643,10434
9643,20446
9644,4502
9644,5125
9644,12116
9644,12300
9644,18998
9645,19517
9645,20446
9646,89
9646,8593
9647,4199
9647,10323
9647,13003
9648,4458
9648,20387
9649,4828
9649,4869
9649,8875
9649,15771
9650,7481
9650,8257
9651,3920
9651,16403
9651,18908
9652,4713
9652,18207
9653,9074
9653,10354
9654,4199
9654,11654
9654,20541
9655,6704
9655,10434
9655,11012
9656,18571
9656,20294
9657,522
9657,2129
9657,8084
9657,8241
9657,16464
9657,19183
9658,9160
9658,15962
9658,19517
9659,15553
9659,20128
9660,1561
9660,12625
9661,4196
9661,7535
9661,10333
9661,20275
9662,4713
9662,8407
9662,10811
9662,20541
9663,482
9663,522
9663,2019
9664,19183
9664,19517
9665,1376
9665,7221
9665,7323
9665,8159
9665,18345
9666,10811
9666,11492
9666,12009
9666,15718
9666,19024
9667,4706
9667,10156
9668,5707
9668,16775
9669,8644
9669,21337
9670,16353
9670,19517
9671,2567
9671,7321
9672,887
9672,15238
9672,19602
9673,6704
9673,7593
9673,10662
9673,12856
9673,18693
9674,6598
9674,11461
9674,16353
9674,19517
9674,20764
9674,21131
9675,12852
9675,20460
9675,20932
9676,271
9676,1010
9676,2442
9676,10707
9677,2949
9677,13006
9678,11756
9678,17593
9678,19517
9679,7535
9679,10333
9680,2442
9680,13543
9680,18775
9681,4869
9681,5617
9681,6696
9681,17039
9682,4522
9682,5570
9682,19517
9683,9057
9683,10829
9683,16428
9683,17757
9683,19915
9684,428
9684,9411
9684,15738
9684,16579
9684,19517
9685,2019
9685,10858
9686,1374
9686,2564
9686,3435
9687,3155
9687,5947
9687,11063
9687,19691
9687,20547
9688,76
9688,7593
9689,10662
9689,11492
9689,18693
9689,19024
9689,19987
9690,4199
9690,9928
9690,16579
9691,9652
9691,15476
9691,16428
9692,2616
9692,3100
9692,21143
9692,21764
9693,3155
9693,4199
9693,10356
9693,20553
9694,16388
9694,19517
9695,2828
9695,8407
9696,6696
9696,13012
9697,13705
9697,18864
9698,12878
9698,19517
9699,4199
9699,7321
9700,10811
9700,16511
9701,9928
9701,21826
9702,2564
9702,20391
9703,1741
9703,1748
9703,21556
9704,19517
9704,20104
9705,11217
9705,17733
9705,21091
9706,5015
9706,6715
9707,687
9707,3563
9707,19124
9708,2957
9708,5973
9709,10727
9709,12442
9709,18416
9710,20467
9710,21556
9711,687
9711,2501
9711,3367
9712,2798
9712,8341
9712,19640
9713,1920
9713,4199
9713,5737
9713,7886
9713,12576
9713,21863
9714,1529
9714,16822
9715,18688
9715,19421
9716,2862
9716,7882
9716,8233
9717,13017
9717,19517
9717,19729
9718,6717
9718,7091
9718,12394
9718,15775
9719,8488
9719,16353
9720,6259
9720,6782
9721,13671
9721,13842
9721,20387
9722,2231
9722,10048
9723,3550
9723,7138
9724,19517
9724,20902
9725,10156
9725,21807
9726,4102
9726,12042
9727,8766
9727,15604
9727,17078
9728,10811
9728,20055
9729,9918
9729,19228
9729,19567
9730,4401
9730,4559
9731,19531
9731,21452
9732,3131
9732,4009
9732,21316
9732,22393
9733,1920
9733,3911
9733,22507
9734,10719
9734,17938
9735,535
9735,10356
9735,11820
9735,20055
9735,21316
9735,21956
9736,21956
9736,22553
9737,3550
9737,7091
9737,15596
9738,5037
9738,9759
9738,18864
9738,19531
9739,2501
9739,3124
9739,10811
9739,17796
9740,238
9740,13738
9740,21930
9741,2674
9741,18142
9742,174
9742,16551
9743,17851
9743,22480
9744,13671
9744,21674
9745,800
9745,20896
9746,2831
9746,5840
9747,18309
9747,21839
9748,6751
9748,11654
9749,227
9749,4079
9750,7347
9750,22398
9751,2786
9751,17952
9752,12014
9752,17904
9752,18722
9752,19517
9752,20168
9752,22587
9753,12592
9753,20964
9754,3411
9754,15588
9755,1160
9755,12878
9756,643
9756,4694
9757,19517
9757,20519
9758,6674
9758,15144
9758,18416
9759,3920
9759,20055
9759,22553
9760,14686
9760,18176
9760,21956
9761,11820
9761,15144
9761,21698
9762,786
9762,930
9763,238
9763,22545
9764,16886
9764,21826
9765,3920
9765,21179
9766,1160
9766,9924
9767,3563
9767,14686
9767,21179
9768,2786
9768,9447
9768,22545
9769,6165
9769,19479
9770,2789
9770,9924
9770,20446
9770,22870
9770,23221
9771,8383
9771,18207
9771,20446
9772,254
9772,22469
9773,11385
9773,21129
9774,12878
9774,13416
9775,4385
9775,7677
9776,17478
9776,21174
9777,2917
9777,5123
9777,5608
9777,19862
9777,20446
9778,2564
9778,15596
9778,18050
9779,9400
9779,19026
9780,18852
9780,19479
9781,422
9781,20446
9782,8678
9782,9129
9782,18864
9783,6738
9783,7766
9784,5123
9784,13103
9785,3024
9785,22167
9786,1794
9786,18171
9786,20446
9787,19517
9787,23557
9788,4009
9788,5840
9788,16262
9788,19596
9789,4502
9789,17593
9789,23457
9790,6253
9790,9129
9791,1275
9791,9611
9792,5034
9792,20446
9793,993
9793,20387
9793,21996
9794,4617
9794,19596
9795,2564
9795,6336
9795,17757
9796,79
9796,3024
9796,7306
9796,11821
9797,14497
9797,15979
9797,17799
9797,18207
9797,19479
9798,10667
9798,17358
9799,1006
9799,2564
9799,19517
9800,1461
9800,11137
9800,19330
9800,20446
9801,1380
9801,6756
9802,19517
9802,23637
9803,13813
9803,23722
9804,2236
9804,6719
9804,17550
9805,4617
9805,6185
9806,12500
9806,20446
9807,6087
9807,16703
9807,17757
9807,22870
9808,9544
9808,23649
9808,23860
9809,20446
9809,23221
9810,1263
9810,23221
9811,1190
9811,2949
9811,3762
9811,4467
9811,19330
9812,3024
9812,5167
9812,22893
9813,1313
9813,7681
9814,1374
9814,2949
9814,3665
9814,3909
9815,12505
9815,15040
9815,15041
9815,17350
9816,17747
9816,19517
9816,22629
9817,12965
9817,14295
9818,1896
9818,4374
9819,5203
9819,19517
9819,23649
9820,2526
9820,8180
9821,19517
9821,19930
9822,2934
9822,5098
9822,11137
9822,18864
9823,3762
9823,11393
9823,12011
9824,18502
9824,20446
9825,560
9825,12653
9826,10549
9826,14295
9826,14951
9826,18864
9826,20262
9827,7437
9827,18571
9827,20896
9828,8180
9828,19517
9829,22637
9829,23090
9829,23649
9830,201
9830,3553
9830,6681
9830,17593
9830,20446
9830,23220
9831,13543
9831,16175
9832,3665
9832,3909
9832,12965
9833,14521
9833,18530
9834,807
9834,23283
9834,23649
9835,867
9835,14702
9836,541
9836,3399
9836,9129
9837,23885
9837,23888
9838,12878
9838,13034
9839,4374
9839,19200
9840,2564
9840,4502
9840,7437
9840,13477
9841,4252
9841,10752
9842,76
9842,5268
9843,3665
9843,3909
9843,13412
9844,5777
9844,23649
9845,3553
9845,5098
9846,16374
9846,23357
9847,4374
9847,6349
9847,6681
9847,9687
9848,2862
9848,17277
9849,8824
9849,9487
9850,887
9850,19670
9851,2798
9851,5950
9851,14686
9851,19517
9852,3566
9852,6756
9852,10184
9852,18864
9853,15909
9853,20896
9853,21540
9854,81
9854,201
9854,1190
9854,19517
9855,3762
9855,20996
9855,23836
9856,3665
9856,6292
9856,11151
9856,12827
9856,23855
9857,7739
9857,16775
9858,3920
9858,13516
9858,19517
9858,23274
9859,1947
9859,16203
9859,22194
9859,23649
9860,3316
9860,8180
9860,20381
9860,22419
9860,22457
9861,4856
9861,12878
9861,13103
9862,1173
9862,5950
9863,4968
9863,5405
9863,12736
9864,3762
9864,6292
9865,839
9865,7245
9865,13412
9865,15376
9865,21428
9865,22112
9865,23736
9865,23758
9866,5332
9866,24378
9867,81
9867,14311
9868,12836
9868,17243
9869,1700
9869,11506
9870,3448
9870,12396
9870,21822
9871,579
9871,2019
9871,3665
9871,13285
9871,16029
9872,4502
9872,5777
9872,14010
9873,65
9873,2798
9873,8824
9874,19517
9874,21074
9875,8180
9875,18864
9875,20160
9876,6499
9876,7089
9876,7437
9876,16157
9876,17940
9876,20215
9877,9167
9877,23649
9878,9003
9878,13120
9878,22276
9878,23090
9878,24042
9878,24126
9879,13485
9879,17747
9879,20515
9880,16775
9880,21430
9881,4629
9881,13412
9881,20125
9881,20126
9882,9605
9882,21558
9883,1571
9883,3547
9884,1896
9884,22324
9884,24583
9885,6079
9885,13215
9886,3604
9886,3665
9886,3762
9886,5777
9886,6292
9887,2426
9887,4713
9887,4784
9888,18342
9888,19517
9889,8155
9889,10619
9889,11530
9890,1672
9890,1896
9890,8180
9890,19670
9890,21152
9891,12908
9891,21041
9892,81
9892,3024
9893,4220
9893,5405
9893,5701
9893,13120
9893,19517
9894,579
9894,14053
9895,3999
9895,21041
9896,9003
9896,15241
9896,23640
9897,6458
9897,6460
9897,9993
9897,10184
9897,13947
9898,12095
9898,14137
9898,18460
9899,8180
9899,22324
9899,24266
9900,4784
9900,12908
9900,19517
9901,1173
9901,3999
9902,5405
9902,21902
9902,22242
9902,24447
9903,3440
9903,5666
9903,12095
9903,15925
9903,21902
9904,7347
9904,21052
9905,2637
9905,12011
9905,14137
9905,17940
9905,24091
9905,24564
9906,13072
9906,24126
9907,9985
9907,22314
9908,3999
9908,19517
9908,21632
9908,23649
9909,7347
9909,7590
9909,19290
9910,11683
9910,23497
9910,23649
9911,5730
9911,7271
9912,0
9912,58
9912,579
9912,24640
9913,5701
9913,15144
9913,16153
9913,17593
9914,15540
9914,19290
9914,21062
9915,19163
9915,21324
9916,432
9916,1943
9917,6165
9917,15667
9918,4079
9918,24731
9919,10812
9919,15241
9919,22623
9920,16505
9920,24583
9921,11748
9921,11917
9921,13144
9922,679
9922,22629
9923,13894
9923,17776
9923,24625
9924,3644
9924,4079
9924,12878
9925,5293
9925,6906
9925,16542
9926,3061
9926,4693
9927,579
9927,19517
9928,8900
9928,11884
9929,15788
9929,24603
9930,12908
9930,13894
9930,23471
9931,7792
9931,10203
9931,18161
9931,18785
9931,21974
9931,22446
9932,4869
9932,22637
9933,3506
9933,23097
9934,579
9934,1648
9934,22733
9934,23483
9935,3061
9935,12908
9935,13842
9935,14137
9935,17773
9935,20896
9936,11686
9936,12261
9937,20722
9937,23649
9938,894
9938,19517
9938,23471
9938,24542
9939,14137
9939,17757
9939,21632
9940,1714
9940,9924
9940,16822
9940,18666
9940,22629
9941,3553
9941,23477
9941,25184
9942,5780
9942,20446
9942,20722
9943,10547
9943,19517
9943,21974
9944,15446
9944,17705
9945,1477
9945,9024
9945,16259
9945,23775
9945,24538
9946,7445
9946,20446
9946,21155
9946,25199
9947,2564
9947,16542
9947,17192
9948,3999
9948,21382
9948,22941
9949,16114
9949,23678
9950,16178
9950,24731
9951,1477
9951,20446
9951,25093
9952,11683
9952,14209
9952,15860
9952,18915
9952,19517
9953,3999
9953,19625
9954,3553
9954,6021
9955,3999
9955,15925
9955,20446
9956,3131
9956,9230
9956,24384
9957,1699
9957,10547
9958,1356
9958,23678
9959,3557
9959,13652
9960,6756
9960,22419
9961,18915
9961,20446
9961,22419
9962,614
9962,833
9962,25461
9963,1173
9963,20744
9964,4601
9964,13835
9965,2736
9965,6570
9965,7783
9966,7934
9966,12394
9967,5447
9967,6854
9968,21230
9968,23221
9969,4869
9969,10859
9970,20446
9970,24972
9971,18161
9971,19517
9972,11089
9972,20446
9972,20896
9973,9417
9973,20974
9974,14572
9974,19948
9975,1477
9975,21965
9975,25587
9976,23649
9976,25093
9977,1045
9977,19517
9978,14137
9978,20446
9979,13941
9979,20744
9979,23214
9980,6402
9980,20218
9980,20446
9981,8446
9981,20372
9982,9621
9982,21820
9982,22672
9983,81
9983,10708
9983,21199
9984,19517
9984,20896
9984,21262
9985,13894
9985,14453
9985,15820
9986,22215
9986,25299
9987,9940
9987,19517
9987,20864
9988,3536
9988,9205
9988,20446
9989,24803
9989,25027
9990,6809
9990,14826
9991,11158
9991,20218
9991,20446
9992,1477
9992,5147
9992,21014
9992,22314
9992,24131
9993,4356
9993,20446
9994,1477
9994,11768
9994,16535
9994,16762
9994,20446
9994,22314
9995,18861
9995,20446
9996,15783
9996,15940
9997,22184
9997,23315
9998,3942
9998,19416
9999,19517
9999,23446
10000,9490
10000,25093
10000,25795
10001,13894
10001,20896
10001,24413
10002,25587
10002,25742
10003,1374
10003,2529
10003,2761
10003,8186
10003,20527
10004,10741
10004,18640
10005,708
10005,9587
10006,2372
10006,2513
10006,14455
10006,21853
10006,25851
10007,12064
10007,18488
10007,21354
10008,2525
10008,3100
10008,7715
10008,8229
10008,12332
10008,13190
10008,15881
10009,13705
10009,16163
10009,18861
10010,12608
10010,15683
10010,21672
10011,20446
10011,25299
10012,15783
10012,23603
10012,25647
10013,11217
10013,16732
10014,14430
10014,19517
10014,20896
10015,20446
10015,22935
10016,11917
10016,24413
10016,25789
10017,9299
10017,15720
10017,20446
10017,20527
10017,21042
10018,3534
10018,10184
10018,20722
10018,21826
10018,25289
10019,10507
10019,20446
10020,10637
10020,16163
10020,16410
10021,11633
10021,26050
10022,6631
10022,22418
10023,23194
10023,23962
10024,23689
10024,26014
10024,26253
10025,1045
10025,19517
10026,17828
10026,19517
10027,13477
10027,22954
10028,2069
10028,6021
10028,15881
10028,20864
10029,227
10029,15400
10030,3551
10030,22098
10031,14818
10031,15035
10032,20722
10032,23194
10033,2147
10033,2149
10034,1376
10034,4713
10034,5570
10034,26014
10035,3303
10035,3304
10036,7203
10036,8553
10037,2525
10037,11480
10038,19517
10038,24578
10039,9273
10039,24675
10039,25798
10040,389
10040,17277
10040,25805
10041,552
10041,12993
10041,15484
10041,25923
10042,12321
10042,19517
10043,6068
10043,21916
10044,8949
10044,26061
10045,1376
10045,10921
10046,18488
10046,21974
10047,6027
10047,25459
10048,22778
10048,22902
10049,3303
10049,3304
10050,5570
10050,9940
10050,25554
10051,26658
10051,26659
10052,3605
10052,8090
10052,25093
10053,7806
10053,18785
10054,3605
10054,16358
10055,7660
10055,10438
10056,3448
10056,11393
10057,6798
10057,20788
10058,879
10058,6301
10058,15864
10059,25754
10059,26433
10060,879
10060,4754
10060,21111
10060,24686
10061,1412
10061,11441
10061,23712
10062,18073
10062,19671
10063,138
10063,10304
10063,17810
10064,6862
10064,7886
10064,13226
10064,16902
10065,238
10065,2404
10066,3285
10066,25596
10066,26941
10066,26977
10067,1412
10067,27427
10068,9003
10068,11441
10069,27203
10069,27258
10070,757
10070,27203
10071,19663
10071,27468
10072,26245
10072,27507
10073,11917
10073,12467
10074,22314
10074,26075
10075,15940
10075,25164
10075,26103
10076,15344
10076,19517
10077,3610
10077,18838
10077,23631
10078,8136
10078,22750
10079,8361
10079,15185
10079,18770
10079,19670
10080,9475
10080,13652
10081,12394
10081,27163
10082,20896
10082,27203
10083,9940
10083,20446
10084,1993
10084,4184
10084,21975
10085,3002
10085,25718
10086,7975
10086,25718
10087,21532
10087,24999
10088,9363
10088,19807
10089,9636
10089,27242
10090,19517
10090,23789
10091,19517
10091,27512
10092,25718
10092,26874
10092,27014
10093,238
10093,769
10094,8891
10094,13862
10094,17787
10094,21815
10095,1993
10095,27223
10096,3578
10096,25718
10097,20446
10097,21974
10098,12281
10098,13190
10099,5884
10099,25718
10100,5888
10100,25810
10101,3604
10101,25601
10102,8729
10102,18756
10103,24070
10103,25283
10104,19896
10104,25718
10105,12376
10105,23214
10105,28267
10106,20895
10106,21580
10107,16163
10107,22264
10108,9940
10108,25718
10109,25334
10109,26172
10109,26680
10110,7048
10110,17938
10110,27907
10110,28407
10111,1125
10111,27677
10112,2444
10112,13705
10113,12681
10113,19333
10113,28413
10114,17277
10114,24578
10115,1851
10115,2942
10116,1993
10116,13437
10116,17736
10116,23765
10116,24455
10117,14470
10117,17736
10118,13190
10118,25718
10119,9636
10119,27716
10120,2798
10120,25718
10121,4531
10121,28487
10122,3652
10122,14005
10122,20896
10122,23221
10123,8204
10123,19625
10123,25911
10124,16816
10124,21986
10125,19622
10125,24707
10125,28668
10126,24719
10126,27759
10127,238
10127,20446
10128,20446
10128,25718
10129,17576
10129,20446
10130,2564
10130,20446
10131,25027
10131,27004
10132,5432
10132,14360
10132,14788
10133,18345
10133,19432
10134,25770
10134,26500
10134,27827
10135,13226
10135,15931
10135,28901
10136,1993
10136,7308
10137,20446
10137,20894
10138,9223
10138,25820
10138,28609
10139,19396
10139,20036
10139,25718
10140,22314
10140,24740
10141,3869
10141,25093
10142,17810
10142,18530
10143,7762
10143,23416
10144,11159
10144,28076
10145,1160
10145,20883
10146,275
10146,769
10146,3652
10147,8970
10147,15160
10147,15184
10147,17736
10147,22636
10147,27645
10148,16638
10148,25718
10149,18045
10149,25718
10150,8763
10150,9753
10151,22659
10151,25718
10152,6944
10152,29225
10153,20446
10153,26075
10154,24629
10154,29095
10154,29701
10155,25718
10155,28936
10156,24210
10156,24578
10156,25718
10157,14791
10157,28076
10158,7538
10158,10760
10159,5888
10159,20052
10159,25713
10160,483
10160,11990
10160,20446
10161,17707
10161,18378
10162,11159
10162,25718
10163,21111
10163,28413
10164,27559
10164,30053
10165,29943
10165,30163
10166,8670
10166,17799
10167,5409
10167,11279
10167,30159
10168,7964
10168,18801
10168,28647
10169,28892
10169,29953
10170,9817
10170,25718
10171,8115
10171,25424
10172,24925
10172,26963
10172,27332
10173,1787
10173,7635
10174,1217
10174,27884
10175,26874
10175,29023
10176,483
10176,1282
10176,30481
10177,21713
10177,25718
10178,9949
10178,19132
10178,27813
10179,1124
10179,8709
10179,27810
10179,30095
10179,30481
10180,29259
10180,30095
10181,18488
10181,19190
10181,25513
10182,7635
10182,7686
10182,25718
10183,12717
10183,29850
10184,11799
10184,26098
10184,30938
10185,183
10185,1714
10186,23517
10186,29227
10187,15156
10187,31087
10188,10423
10188,24690
10189,20797
10189,25718
10189,30898
10189,31028
10190,1217
10190,2551
10191,10053
10191,12323
10192,7660
10192,30946
10193,30221
10193,30793
10194,9812
10194,20189
10195,24336
10195,30331
10195,31117
10196,19065
10196,29190
10197,23926
10197,28384
10198,17468
10198,29621
10199,19622
10199,31115
10200,14714
10200,20580
10201,6612
10201,31285
10202,7189
10202,16231
10202,23131
10203,23616
10203,27189
10204,24357
10204,30489
10205,20659
10205,29645
10206,4164
10206,20659
10207,16997
10207,24448
10208,25152
10208,30404
10209,23034
10209,28258
10210,14083
10210,28589
10211,1249
10211,1990
10212,2032
10212,2172
10213,635
10213,717
10214,711
10214,2085
10214,2620
10215,2677
10215,2983
10216,942
10216,1249
10217,1531
10217,3203
10218,869
10218,1154
10218,3642
10219,1731
10219,3222
10219,3503
10220,1531
10220,1664
10221,1291
10221,2152
10222,869
10222,1000
10222,1154
10223,1291
10223,1642
10223,4138
10224,1249
10224,4446
10225,1041
10225,2353
10225,4459
10226,1642
10226,3633
10227,1550
10227,3203
10228,1097
10228,4794
10229,471
10229,472
10230,60
10230,118
10231,1249
10231,3222
10231,5051
10232,1324
10232,6152
10233,471
10233,472
10233,1249
10234,2843
10234,3850
10235,827
10235,1249
10236,60
10236,118
10237,3222
10237,5781
10238,1249
10238,2509
10239,1236
10239,6035
10240,1110
10240,3428
10241,1990
10241,4606
10242,2980
10242,3491
10243,4459
10243,6542
10244,1073
10244,6290
10244,7843
10245,2633
10245,6447
10246,6032
10246,7160
10247,1249
10247,2801
10248,1897
10248,8010
10249,1249
10249,3181
10250,2412
10250,3704
10251,3744
10251,5781
10252,2412
10252,3181
10252,5655
10253,1291
10253,3744
10254,5589
10254,6034
10255,2566
10255,4596
10256,5781
10256,7110
10257,4458
10257,5384
10258,1110
10258,3400
10259,3584
10259,4850
10260,5420
10260,5571
10260,6145
10261,1249
10261,5305
10262,4376
10262,5282
10262,6906
10263,3078
10263,7083
10264,3677
10264,4458
10265,416
10265,7919
10266,4646
10266,4648
10266,8604
10267,8604
10267,10014
10268,992
10268,11728
10269,2379
10269,12011
10270,583
10270,3647
10271,581
10271,11218
10272,11248
10272,12588
10273,3013
10273,9917
10274,992
10274,5305
10275,1110
10275,1572
10275,3197
10275,11862
10275,12990
10276,1491
10276,1751
10276,7018
10276,12080
10277,145
10277,189
10277,9601
10278,598
10278,869
10279,293
10279,1291
10279,3170
10280,1366
10280,5853
10281,12080
10281,13255
10282,13416
10282,13724
10283,3744
10283,13032
10284,5941
10284,12685
10285,5425
10285,6581
10285,13119
10286,992
10286,3003
10286,3629
10286,12399
10286,13092
10286,14055
10286,14058
10286,14312
10287,598
10287,869
10287,8943
10287,9093
10287,11688
10288,1014
10288,5412
10288,9784
10289,216
10289,1236
10290,9672
10290,12968
10291,3677
10291,12652
10292,11083
10292,11161
10293,1014
10293,3707
10293,9916
10293,11072
10294,77
10294,14557
10295,9030
10295,9672
10295,11094
10295,12968
10295,13724
10295,14097
10296,11331
10296,12588
10297,1579
10297,14863
10298,4147
10298,11036
10299,4428
10299,5420
10299,13257
10300,5729
10300,7415
10300,11857
10300,14557
10300,15170
10301,5420
10301,15559
10302,5619
10302,15074
10303,3344
10303,4236
10303,7544
10304,2543
10304,11841
10305,4147
10305,5370
10305,7193
10306,6286
10306,12003
10306,12202
10307,942
10307,7193
10307,9023
10307,10686
10308,1564
10308,1809
10309,11331
10309,16062
10310,1236
10310,5619
10310,11347
10311,5392
10311,6950
10311,9060
10312,3677
10312,7922
10313,11279
10313,11331
10314,1005
10314,12308
10315,100
10315,9221
10316,5619
10316,10918
10316,13885
10317,7544
10317,16590
10318,8204
10318,12308
10319,8133
10319,12997
10320,284
10320,288
10320,13717
10321,6950
10321,10999
10321,13301
10322,9441
10322,16396
10323,5619
10323,13268
10323,15730
10324,7156
10324,8204
10325,6060
10325,8324
10326,982
10326,3939
10326,7544
10327,145
10327,15374
10328,5619
10328,6146
10328,7156
10328,15006
10329,9264
10329,13858
10330,879
10330,3390
10330,14701
10330,15293
10331,6537
10331,6754
10332,4110
10332,17268
10333,2843
10333,8031
10333,9132
10333,16351
10334,8454
10334,8580
10335,7251
10335,10520
10335,12599
10335,16288
10336,7504
10336,13168
10337,4384
10337,13669
10338,2353
10338,12202
10339,5619
10339,11502
10340,13126
10340,13325
10341,2561
10341,13168
10342,6329
10342,11279
10343,10924
10343,16750
10344,3416
10344,14095
10345,6177
10345,13064
10346,15237
10346,16102
10347,6629
10347,13064
10348,619
10348,4674
10348,5193
10348,11846
10348,12596
10349,2049
10349,5134
10349,14330
10350,2984
10350,16476
10350,17806
10351,10302
10351,12918
10352,7110
10352,17914
10353,619
10353,9995
10353,15252
10354,4674
10354,16011
10354,17048
10355,2049
10355,15526
10355,15558
10356,16740
10356,17398
10357,5743
10357,18111
10358,14467
10358,17138
10359,4249
10359,5134
10360,8892
10360,17893
10361,2558
10361,2561
10362,1949
10362,17647
10363,3948
10363,16976
10364,3971
10364,15021
10364,17485
10364,17729
10365,6114
10365,8590
10365,17647
10366,12990
10366,14467
10367,3031
10367,13867
10368,2325
10368,10424
10369,3906
10369,6542
10370,1312
10370,8099
10370,10424
10370,18539
10371,1748
10371,6074
10371,12970
10372,9214
10372,16428
10372,18201
10373,10659
10373,13853
10373,16974
10374,10869
10374,10918
10375,216
10375,1291
10376,7278
10376,13255
10377,10869
10377,10880
10378,17295
10378,18603
10379,3677
10379,9512
10379,12114
10379,13695
10380,1812
10380,3416
10380,7149
10380,11983
10381,16078
10381,19165
10382,5781
10382,13161
10383,1585
10383,1608
10384,1138
10384,2558
10384,18563
10385,4674
10385,8628
10386,4753
10386,17579
10387,4674
10387,5945
10388,6191
10388,13814
10389,11960
10389,17579
10390,19126
10390,19341
10391,3416
10391,8673
10391,19611
10392,2973
10392,10084
10393,8673
10393,14947
10394,4424
10394,15481
10394,16315
10395,2973
10395,10230
10396,4853
10396,6968
10396,7004
10396,15481
10396,16315
10397,10866
10397,18018
10397,19611
10398,1726
10398,9098
10399,5474
10399,13088
10399,19120
10400,11910
10400,15939
10401,5032
10401,19831
10402,7705
10402,19968
10403,208
10403,2001
10404,1871
10404,17677
10405,7530
10405,7731
10406,9790
10406,20003
10407,12254
10407,14599
10408,8724
10408,16918
10409,15125
10409,16102
10410,8769
10410,10570
10411,1695
10411,12030
10412,1291
10412,20493
10413,1417
10413,1826
10413,2707
10413,3459
10413,5816
10413,17395
10414,1236
10414,5874
10414,6788
10415,20834
10415,20846
10416,15778
10416,17847
10417,6125
10417,12317
10418,16114
10418,17594
10419,1435
10419,20925
10420,1291
10420,8385
10421,3431
10421,13954
10421,20287
10422,11450
10422,13509
10422,21355
10423,4304
10423,19787
10424,7893
10424,11450
10425,1939
10425,10773
10425,12428
10426,17759
10426,20874
10427,7515
10427,19800
10428,7156
10428,18168
10429,2393
10429,11987
10430,16594
10430,17291
10431,10783
10431,15526
10432,4304
10432,17563
10433,98
10433,7806
10434,3099
10434,12114
10435,10630
10435,17921
10436,15206
10436,15416
10437,18403
10437,20918
10438,14393
10438,17677
10439,16811
10439,21775
10440,6007
10440,6683
10441,87
10441,1022
10441,17395
10442,15275
10442,16054
10443,16102
10443,16381
10444,2500
10444,4534
10445,14177
10445,20148
10446,10562
10446,17330
10447,4400
10447,10562
10447,17888
10448,10557
10448,14858
10448,21816
10449,1662
10449,20771
10450,16102
10450,18764
10450,20952
10451,2600
10451,22217
10452,20601
10452,22423
10453,11609
10453,16428
10454,7515
10454,8787
10454,9294
10454,12838
10454,14112
10455,2600
10455,3614
10455,5577
10455,16147
10456,18
10456,17606
10457,16428
10457,18433
10458,3553
10458,5231
10459,2065
10459,14858
10460,18
10460,3355
10461,1695
10461,18485
10462,10287
10462,19605
10462,22423
10463,18276
10463,21996
10464,1695
10464,8229
10464,20383
10465,2569
10465,11066
10465,15538
10465,17883
10465,20975
10465,22673
10466,594
10466,3707
10466,21630
10467,2569
10467,7110
10467,8229
10468,2500
10468,9377
10469,6079
10469,14947
10470,1110
10470,13031
10470,21460
10471,10726
10471,19705
10472,628
10472,20383
10473,7079
10473,17993
10474,4567
10474,5425
10474,23144
10474,23152
10475,7728
10475,17800
10476,8724
10476,11933
10476,13840
10477,2600
10477,10918
10478,3553
10478,13150
10479,22204
10479,22305
10480,1110
10480,3503
10481,869
10481,17094
10481,18804
10482,13150
10482,22137
10483,11933
10483,16288
10484,20509
10484,20611
10485,4211
10485,13150
10485,14694
10486,19927
10486,21460
10487,942
10487,13220
10488,13664
10488,15397
10489,1247
10489,10145
10490,1247
10490,12346
10491,3756
10491,21341
10492,8375
10492,12151
10493,2305
10493,13161
10494,598
10494,869
10494,942
10494,5535
10495,1546
10495,21359
10496,747
10496,19046
10497,11111
10497,24129
10498,2686
10498,5916
10498,9073
10498,24090
10499,598
10499,869
10499,16759
10500,3983
10500,19046
10501,21356
10501,21609
10501,23277
10502,1531
10502,11111
10503,412
10503,15243
10503,23143
10504,7856
10504,23277
10505,15965
10505,17876
10506,3603
10506,10446
10506,24094
10507,17164
10507,17876
10508,3312
10508,16232
10509,4228
10509,16102
10510,4371
10510,7567
10511,945
10511,17175
10512,9
10512,3627
10513,12878
10513,17175
10514,10892
10514,17450
10515,5517
10515,21179
10516,1247
10516,6095
10516,9038
10516,20512
10517,18957
10517,21886
10518,6542
10518,22982
10519,12598
10519,18203
10519,24580
10520,1247
10520,5186
10521,18291
10521,20335
10521,21167
10521,24580
10522,15211
10522,18338
10523,15645
10523,24646
10524,13161
10524,13410
10525,6007
10525,21111
10526,22983
10526,22986
10527,5781
10527,24855
10528,4458
10528,11802
10528,23845
10529,7193
10529,20538
10530,21328
10530,21827
10531,1549
10531,8870
10532,8598
10532,22217
10533,16399
10533,21167
10534,10626
10534,11743
10535,2944
10535,18573
10535,20346
10536,1247
10536,7782
10537,3603
10537,5781
10537,21179
10537,21280
10538,628
10538,8331
10539,6308
10539,14397
10539,15319
10539,15327
10539,25119
10540,2065
10540,9606
10540,10449
10541,8331
10541,14359
10541,16811
10541,21179
10542,5781
10542,14397
10542,15327
10543,3811
10543,25080
10544,569
10544,2807
10545,12661
10545,13691
10545,21192
10546,17997
10546,19887
10547,48
10547,2457
10547,6584
10548,60
10548,23767
10549,5599
10549,23901
10550,14317
10550,21779
10550,22549
10551,5361
10551,12573
10552,10892
10552,23902
10552,25238
10552,25264
10553,2569
10553,14985
10553,20349
10553,24457
10553,25366
10554,8229
10554,13065
10555,8229
10555,12705
10556,60
10556,3336
10557,12790
10557,23176
10558,10892
10558,18403
10558,25054
10558,25597
10559,7251
10559,12790
10560,2326
10560,4305
10561,7251
10561,20449
10562,2326
10562,8277
10563,507
10563,5334
10563,25285
10563,25317
10564,3222
10564,11000
10565,6177
10565,25249
10566,9972
10566,24313
10566,25394
10567,19014
10567,24385
10568,21433
10568,23930
10569,7838
10569,25468
10570,25975
10570,25982
10571,12563
10571,19249
10572,20100
10572,20725
10573,25310
10573,25595
10574,22211
10574,25213
10574,25322
10574,25597
10574,25650
10575,942
10575,11007
10575,13161
10575,18181
10576,5289
10576,20100
10577,1949
10577,24129
10577,25213
10578,6428
10578,15526
10579,24129
10579,25597
10580,2558
10580,4192
10581,15656
10581,20643
10582,2600
10582,2781
10583,18338
10583,27091
10584,3038
10584,21886
10585,2600
10585,2781
10585,26469
10586,21433
10586,23841
10587,13161
10587,17553
10587,23841
10588,3711
10588,12661
10589,24400
10589,27095
10590,1031
10590,4636
10590,21331
10591,18443
10591,21319
10592,20423
10592,24506
10593,12254
10593,25673
10594,12650
10594,22775
10595,8345
10595,27656
10596,17993
10596,18443
10596,26176
10597,9315
10597,27680
10598,18891
10598,22162
10599,5234
10599,21494
10600,15425
10600,23845
10600,26151
10601,10913
10601,25301
10602,5848
10602,21275
10603,15266
10603,22217
10604,2519
10604,21275
10605,2161
10605,25714
10606,1519
10606,23841
10607,26333
10607,29074
10608,25249
10608,29074
10609,15959
10609,28670
10610,10952
10610,29203
10611,28900
10611,28937
10612,26673
10612,29716
10613,13664
10613,29074
10614,630
10614,2526
10615,12661
10615,12870
10615,26975
10615,27035
10615,28132
10616,5710
10616,28490
10617,11111
10617,27760
10618,5415
10618,28779
10619,24995
10619,28937
10619,29716
10620,4001
10620,23845
10621,20487
10621,29688
10622,26200
10622,29612
10623,14777
10623,29722
10624,17212
10624,30076
10625,28040
10625,29688
10626,25472
10626,29078
10626,29692
10627,16427
10627,29074
10628,22681
10628,25622
10629,2224
10629,16918
10629,27574
10630,20242
10630,27040
10631,3726
10631,20119
10632,26673
10632,27760
10633,26099
10633,26589
10633,28937
10634,23845
10634,26271
10635,8691
10635,20287
10635,30326
10636,4001
10636,21779
10637,13537
10637,28497
10638,2596
10638,23340
10639,26673
10639,29688
10640,25080
10640,27035
10641,7928
10641,29688
10642,2526
10642,29688
10643,25660
10643,29692
10644,1859
10644,30418
10645,26673
10645,29688
10646,4001
10646,25473
10647,12348
10647,30427
10648,6700
10648,30870
10649,13730
10649,26898
10650,29536
10650,30870
10651,5393
10651,30234
10652,23902
10652,28206
10653,26258
10653,29413
10654,29074
10654,29692
10655,3283
10655,29197
10656,14786
10656,26312
10657,12805
10657,20114
10657,30364
10658,28304
10658,31464
10659,20037
10659,21673
10660,8766
10660,18773
10661,28862
10661,28863
10662,350
10662,426
10663,426
10663,497
10664,1067
10664,1070
10665,1530
10665,1767
10666,4253
10666,5910
10667,6718
10667,6719
10668,497
10668,4253
10669,5258
10669,7326
10669,7766
10670,497
10670,7302
10671,7208
10671,7302
10672,7208
10672,7302
10673,2576
10673,7604
10674,100
10674,7208
10675,7208
10675,7302
10676,7208
10676,7302
10677,9793
10677,10759
10678,17276
10678,18275
10679,17276
10679,18275
10680,1298
10680,11827
10681,21961
10681,21976
10682,21961
10682,21976
10683,914
10683,11827
10684,4253
10684,17527
10685,4253
10685,24549
10686,4253
10686,26858
10687,29241
10687,29673
10688,29241
10688,29673
10689,29241
10689,29673
10690,29241
10690,29673
10691,29241
10691,29673
10692,29241
10692,29673
10693,30352
10693,30363
10694,29241
10694,29673
10695,8
10695,49
10696,5138
10696,7335
10697,7089
10697,7459
10698,1410
10698,10133
10699,5719
10699,15215
10700,7838
10700,15046
10701,4659
10701,7838
10701,8727
10702,1502
10702,16155
10703,11094
10703,11696
10704,7838
10704,12967
10705,3130
10705,21197
10706,16633
10706,18752
10707,17989
10707,17990
10708,1662
10708,7328
10709,4380
10709,23017
10710,43
10710,11891
10711,7838
10711,12393
10711,17351
10712,12702
10712,21245
10712,21341
10713,308
10713,315
10714,18624
10714,18958
10715,1585
10715,6855
10716,18624
10716,18958
10717,5797
10717,7025
10718,11346
10718,28504
10719,989
10719,7732
10720,1564
10720,2468
10721,4392
10721,5329
10722,5012
10722,5977
10723,5261
10723,7093
10724,3795
10724,3798
10725,14607
10725,20661
10726,3869
10726,25093
10727,5977
10727,6339
10728,4389
10728,4391
10729,24276
10729,28365
10730,197
10730,331
10731,5977
10731,6339
10732,994
10732,3795
10732,3798
10733,4389
10733,4391
10734,5006
10734,5318
10735,5977
10735,6339
10736,3660
10736,14685
10736,18703
10737,4389
10737,4391
10738,16095
10738,19443
10739,10356
10739,23296
10740,9528
10740,11860
10740,11912
10741,2525
10741,24866
10742,8561
10742,24907
10743,26914
10743,27562
10744,11208
10744,22411
10745,26017
10745,31309
10746,1597
10746,1915
10747,292
10747,295
10748,8149
10748,14995
10748,14996
10749,913
10749,11471
10750,5920
10750,12507
10751,3348
10751,15298
10752,15523
10752,15596
10753,2120
10753,17759
10753,19443
10754,18880
10754,19891
10755,9528
10755,11860
10755,11912
10756,24882
10756,25011
10757,25557
10757,25681
10758,19530
10758,19545
10759,21747
10759,27011
10760,2794
10760,6120
10760,22941
10761,6120
10761,23921
10762,6120
10762,26362
10763,19845
10763,24085
10764,6120
10764,28415
10765,18031
10765,19448
10765,30283
10766,9496
10766,28444
10767,20253
10767,29359
10768,3989
10768,8791
10768,27852
10769,28011
10769,31051
10770,17333
10770,29056
10770,30891
10771,12447
10771,30913
10772,22311
10772,29207
10773,308
10773,315
10774,5304
10774,5352
10775,197
10775,331
10776,994
10776,3795
10776,3798
10777,178
10777,657
10778,1597
10778,1915
10779,2363
10779,2878
10779,2902
10780,4406
10780,4478
10781,308
10781,315
10782,1799
10782,1940
10783,5303
10783,5304
10783,5352
10783,6102
10784,197
10784,331
10785,2808
10785,5977
10785,6339
10786,1037
10786,5800
10787,994
10787,2971
10787,3795
10787,3798
10788,25
10788,181
10788,9130
10789,181
10789,9130
10790,5446
10790,6162
10791,3835
10791,4199
10792,6369
10792,9358
10793,1920
10793,5668
10794,904
10794,3544
10794,6778
10795,2154
10795,5621
10796,2767
10796,3947
10796,9358
10797,1979
10797,2123
10797,10341
10798,7722
10798,8479
10799,6972
10799,9130
10799,9928
10800,1592
10800,11739
10800,11741
10801,583
10801,6575
10802,145
10802,8837
10803,292
10803,295
10803,6457
10803,13957
10804,292
10804,295
10805,8149
10805,14995
10805,14996
10806,11280
10806,13552
10807,3409
10807,12569
10808,504
10808,7188
10809,913
10809,11471
10810,727
10810,13869
10811,3954
10811,7200
10812,9452
10812,11398
10813,7140
10813,8812
10814,5123
10814,11879
10815,8769
10815,10570
10816,2363
10816,3153
10817,2767
10817,9130
10818,10914
10818,12646
10819,5920
10819,12507
10820,50
10820,53
10821,7370
10821,11716
10822,3640
10822,12445
10823,8040
10823,13003
10824,2379
10824,12109
10825,4389
10825,4391
10826,4196
10826,13580
10827,17637
10827,17971
10828,4530
10828,6704
10829,7323
10829,20138
10830,14720
10830,16434
10831,3375
10831,18150
10832,5688
10832,8191
10833,51
10833,8475
10833,16925
10834,1573
10834,21767
10834,23124
10835,1991
10835,8483
10835,13400
10835,20672
10836,7739
10836,8511
10836,22914
10836,23139
10837,17994
10837,24500
10838,6762
10838,6764
10838,24855
10839,20800
10839,21495
10840,1672
10840,11326
10840,18101
10841,10446
10841,14209
10841,15860
10841,24444
10842,10769
10842,15683
10843,1474
10843,7194
10843,18876
10844,2513
10844,8186
10845,2820
10845,22418
10846,1154
10846,3495
10846,4655
10847,21306
10847,25597
10848,2147
10848,2149
10848,13625
10849,3303
10849,3304
10850,8561
10850,24907
10851,3869
10851,9273
10851,25093
10852,4196
10852,24275
10853,5972
10853,6798
10854,19530
10854,19545
10855,26078
10855,27011
10856,11
10856,13332
10857,2024
10857,4196
10858,8310
10858,17084
10859,20290
10859,23315
10860,3399
10860,15180
10861,15481
10861,16315
10862,1305
10862,5789
10863,26914
10863,27562
10864,9023
10864,21778
10865,15546
10865,22473
10866,909
10866,910
10867,11812
10867,22438
10868,2424
10868,21374
10869,64
10869,11008
10870,11090
10870,11208
10871,17576
10871,21955
10872,8836
10872,8861
10873,18198
10873,18854
10873,22346
10873,27302
10874,28196
10874,30032
10874,30062
10875,27768
10875,28103
10876,18031
10876,30283
10877,22944
10877,29094
10877,30280
10878,19448
10878,19845
10878,24085
10879,21714
10879,22272
10880,27768
10880,28385
10881,8551
10881,26113
10882,2
10882,221
10883,16731
10883,27332
10884,27332
10884,30456
10885,22318
10885,28881
10886,13446
10886,27419
10887,10740
10887,10839
10887,11022
10887,16279
10887,22990
10888,4066
10888,4568
10889,19370
10889,27746
10890,20253
10890,29359
10891,25270
10891,30862
10892,28389
10892,30314
10893,27493
10893,30743
10894,28011
10894,31051
10895,23654
10895,24266
10896,9636
10896,19818
10897,10423
10897,24690
10898,28748
10898,31153
10899,23264
10899,23265
10900,564
10900,25468
10901,1237
10901,21430
10902,13517
10902,26889
10903,10835
10903,20132
10904,10268
10904,28500
10905,2365
10905,2971
10906,154
10906,331
10907,5977
10907,6339
10908,994
10908,3795
10908,3798
10909,295
10909,6457
10910,1212
10910,4656
10911,687
10911,8900
10911,16262
10912,4389
10912,4391
10913,10546
10913,10696
10913,11443
10914,6974
10914,10103
10915,483
10915,29359
10916,5688
10916,8191
10917,6993
10917,7672
10918,5977
10918,6339
10919,21767
10919,23124
10920,787
10920,1839
10921,13950
10921,13962
10922,459
10922,2012
10923,12142
10923,14802
10924,13769
10924,14029
10925,9024
10925,16259
10926,17692
10926,18498
10927,41
10927,22353
10928,27388
10928,27887
10929,29012
10929,29016
10930,29010
10930,30819
10931,9859
10931,31056
10932,18450
10932,19524
10933,5677
10933,22259
10933,27277
10934,3954
10934,7200
10935,64
10935,17277
10936,992
10936,1435
10937,4681
10937,7862
10937,7864
10938,5037
10938,10929
10939,10302
10939,11016
10940,4681
10940,7348
10941,581
10941,2811
10941,4450
10941,8027
10941,12144
10941,16196
10942,5807
10942,6125
10943,1585
10943,1608
10944,2142
10944,2173
10945,10890
10945,12997
10946,43
10946,11891
10947,19240
10947,24212
10948,6125
10948,23696
10949,915
10949,16196
10950,1738
10950,10892
10951,4415
10951,9385
10952,12412
10952,14608
10953,29012
10953,29016
10954,5443
10954,9389
10955,13273
10955,14802
10956,15730
10956,15916
10957,13273
10957,14802
10958,9910
10958,9958
10959,23222
10959,24564
10959,24593
10960,19929
10960,22906
10961,4787
10961,8868
10962,4159
10962,5282
10963,13821
10963,14383
10964,4159
10964,8191
10965,12841
10965,16875
10966,5766
10966,7563
10967,4220
10967,17451
10968,4220
10968,7140
10969,5147
10969,6908
10970,18698
10970,21767
10971,17085
10971,22939
10972,3665
10972,3762
10973,24854
10973,29356
10974,4067
10974,14072
10975,7140
10975,10477
10976,3954
10976,7200
10977,5037
10977,15173
10978,3954
10978,7200
10979,4787
10979,12256
10980,13946
10980,18963
10981,8612
10981,21472
10982,16555
10982,19603
10983,9410
10983,9528
10983,11860
10984,27512
10984,27859
10985,5977
10985,6339
10986,2827
10986,2889
10987,8040
10987,13003
10988,350
10988,426
10989,1768
10989,1966
10990,540
10990,2033
10991,1429
10991,8149
10992,14546
10992,16644
10993,11713
10993,15293
10994,1808
10994,1810
10995,4787
10995,14587
10996,994
10996,3795
10997,8660
10997,15675
10998,4816
10998,27532
10999,13915
10999,14150
11000,3375
11000,3376
11001,4045
11001,15481
11002,7045
11002,19861
11003,7045
11003,19861
11004,7045
11004,19861
11005,14430
11005,28814
11006,16061
11006,19450
11007,17989
11007,17990
11008,10171
11008,13013
11009,21767
11009,23124
11010,679
11010,3244
11011,23023
11011,23669
11012,43
11012,11891
11013,15319
11013,25119
11014,23589
11014,23612
11015,1591
11015,3835
11016,6457
11016,10641
11017,8488
11017,10641
11018,3798
11018,6732
11019,3954
11019,7200
11020,10171
11020,15150
11021,4614
11021,13633
11022,4585
11022,18530
11023,743
11023,7224
11023,7376
11023,9539
11024,1376
11024,18030
11025,1991
11025,11809
11026,1074
11026,1943
11026,3547
11026,24149
11027,6499
11027,6887
11027,7089
11027,18359
11028,5137
11028,5547
11029,16159
11029,20809
11030,6817
11030,12673
11030,14313
11031,2154
11031,16902
11032,1993
11032,5141
11033,909
11033,910
11034,989
11034,7732
11035,27768
11035,28103
11036,18233
11036,25281
11037,2
11037,28385
11038,221
11038,4740
11039,4740
11039,27768
11040,27768
11040,29440
11041,17427
11041,28495
11042,10740
11042,10839
11042,11022
11042,22990
11042,25545
11043,25270
11043,30862
11044,10423
11044,24690
11045,22021
11045,28875
11046,100
11046,31389
11047,154
11047,331
11048,3861
11048,7838
11049,13273
11049,14802
11050,5797
11050,7025
11051,987
11051,1608
11052,992
11052,4783
11053,3005
11053,4844
11054,955
11054,8537
11055,992
11055,1435
11056,5443
11056,9389
11057,8283
11057,8537
11058,13273
11058,14802
11059,1585
11059,1608
11060,13273
11060,14802
11061,5126
11061,18319
11062,15481
11062,16315
11063,1585
11063,8862
11064,9668
11064,12050
11065,5126
11065,9668
11065,12050
11066,9668
11066,12050
11067,22715
11067,22725
11068,15619
11068,22578
11069,23475
11069,23541
11070,4371
11070,8705
11070,22578
11071,779
11071,2029
11072,3637
11072,11585
11073,12164
11073,18205
11074,1760
11074,3505
11075,7810
11075,28724
11076,644
11076,3142
11077,675
11077,932
11078,665
11078,932
11079,644
11079,665
11079,934
11079,1105
11080,77
11080,665
11081,7978
11081,8990
11082,6604
11082,9005
11082,13725
11083,1591
11083,8590
11084,2778
11084,9689
11085,5123
11085,13386
11086,633
11086,1463
11087,633
11087,3990
11088,497
11088,4253
11089,5188
11089,5402
11090,8990
11090,13705
11091,742
11091,6407
11092,742
11092,9839
11093,742
11093,4221
11094,742
11094,9839
11095,344
11095,534
11096,10431
11096,10999
11097,7793
11097,10959
11098,386
11098,2583
11099,11295
11099,11697
11100,3222
11100,5853
11101,7405
11101,11739
11102,5888
11102,25668
11103,5888
11103,14278
11104,29563
11104,30914
11105,6
11105,48
11106,6
11106,604
11107,6
11107,52
11107,915
11108,6
11108,52
11108,604
11108,915
11109,8065
11109,8066
11109,9009
11110,2569
11110,7110
11111,6816
11111,12847
11112,9497
11112,9501
11113,16775
11113,17294
11114,4894
11114,18902
11115,15206
11115,15890
11116,595
11116,3567
11117,2569
11117,7110
11117,8229
11117,16288
11117,22881
11117,22882
11118,6114
11118,20591
11119,22204
11119,22305
11120,29012
11120,29016
11121,31256
11121,31291
11122,265
11122,540
11123,253
11123,11325
11124,2085
11124,9668
11125,23907
11125,24567
11126,21782
11126,22353
11127,29913
11127,30623
11128,606
11128,1187
11129,5303
11129,5304
11130,6965
11130,10137
11131,3798
11131,8142
11132,3798
11132,6732
11133,993
11133,8142
11134,2018
11134,8070
11135,1920
11135,8412
11136,2033
11136,11949
11137,3954
11137,7200
11138,2379
11138,14766
11139,521
11139,16817
11140,0
11140,1
11140,14462
11140,16262
11141,7300
11141,11967
11142,2379
11142,3375
11143,6281
11143,8518
11144,2379
11144,18464
11145,4719
11145,6940
11146,2511
11146,7066
11147,7338
11147,18802
11147,19186
11148,8837
11148,19494
11149,8040
11149,13003
11150,2412
11150,16670
11151,4614
11151,13633
11152,4585
11152,18530
11153,4539
11153,20353
11154,743
11154,7376
11155,19183
11155,20353
11156,4539
11156,9901
11157,4539
11157,8612
11158,15565
11158,20885
11159,4539
11159,20353
11160,17085
11160,18030
11161,20353
11161,20885
11162,20353
11162,20885
11163,10356
11163,15262
11164,11242
11164,17478
11165,1991
11165,11809
11166,7709
11166,9825
11167,7787
11167,10934
11168,43
11168,11917
11169,3459
11169,22521
11170,11749
11170,21258
11171,6570
11171,8151
11171,13376
11172,15683
11172,19014
11173,182
11173,20527
11174,138
11174,20248
11175,2798
11175,22418
11176,6817
11176,12673
11176,14313
11177,10826
11177,23107
11178,6026
11178,16112
11179,1993
11179,5141
11180,909
11180,910
11181,989
11181,7732
11181,21381
11182,64
11182,11008
11183,24831
11183,24832
11184,27768
11184,28103
11185,234
11185,18031
11186,2
11186,27768
11186,28385
11187,26822
11187,28103
11187,28892
11188,4321
11188,27768
11189,27332
11189,30507
11190,20648
11190,27768
11191,17258
11191,28876
11192,10740
11192,10839
11192,11022
11192,22990
11192,25545
11193,4066
11193,4568
11194,20253
11194,29359
11195,25270
11195,30862
11196,10423
11196,24690
11197,6779
11197,25213
11198,20174
11198,20202
11199,4149
11199,19450
11200,20797
11200,30913
11201,20132
11201,31198
11202,25626
11202,31270
11203,11907
11203,17207
11204,2546
11204,6079
11205,2546
11205,6079
11206,16481
11206,19813
11207,3954
11207,7200
11208,17910
11208,19397
11209,579
11209,4193
11210,579
11210,4193
11211,955
11211,4138
11211,5915
11212,9629
11212,9639
11213,18400
11213,19449
11214,24950
11214,25158
11215,987
11215,1585
11216,1386
11216,1393
11217,1386
11217,1393
11218,5719
11218,15215
11219,4483
11219,8422
11220,5567
11220,14608
11221,241
11221,265
11222,1002
11222,6927
11223,11752
11223,13214
11224,29340
11224,30230
11225,59
11225,1135
11226,1135
11226,2780
11226,4884
11226,5220
11226,5735
11227,59
11227,1463
11228,2780
11228,5717
11229,2780
11229,3329
11230,2780
11230,5717
11231,4884
11231,5717
11232,59
11232,3091
11232,9623
11233,1463
11233,1467
11234,9217
11234,9573
11235,3091
11235,12629
11236,59
11236,12629
11237,16755
11237,16757
11238,1463
11238,6508
11239,1404
11239,3456
11240,59
11240,12554
11241,2780
11241,11060
11242,1467
11242,3712
11243,12554
11243,19633
11244,4884
11244,17156
11245,59
11245,12564
11246,59
11246,14402
11247,14402
11247,22349
11248,11234
11248,22274
11249,16025
11249,16026
11250,59
11250,5147
11250,12554
11250,12629
11251,59
11251,24844
11252,23162
11252,25832
11253,12629
11253,13628
11254,4354
11254,12667
11254,29656
11255,26183
11255,30619
11256,5037
11256,10084
11257,8273
11257,15756
11258,17892
11258,18421
11258,20951
11259,3954
11259,7200
11260,4837
11260,9065
11261,27033
11261,29532
11262,1597
11262,1915
11263,1107
11263,2365
11264,5194
11264,5195
11265,5446
11265,6162
11265,8149
11266,8242
11266,10106
11267,5123
11267,5159
11268,478
11268,6011
11269,2933
11269,2948
11270,7045
11270,19861
11271,23719
11271,23984
11272,6570
11272,14674
11273,24869
11273,24871
11274,2761
11274,4876
11275,20044
11275,22443
11276,14360
11276,14788
11277,14430
11277,28814
11278,11812
11278,22438
11279,11008
11279,17277
11280,21597
11280,27150
11281,938
11281,10316
11282,1808
11282,1810
11283,4014
11283,4064
11284,125
11284,918
11285,2214
11285,6787
11286,18628
11286,18856
11287,1585
11287,1608
11288,22217
11288,23454
11288,27354
11288,30466
11289,599
11289,684
11290,5395
11290,5782
11291,2431
11291,8149
11292,5451
11292,10097
11293,3954
11293,7200
11294,4067
11294,14072
11295,1047
11295,3306
11296,4494
11296,13854
11297,8990
11297,9611
11298,4494
11298,18897
11299,10137
11299,11739
11300,10668
11300,15596
11301,14093
11301,16403
11302,1173
11302,1413
11302,10888
11303,17637
11303,17971
11304,17207
11304,17637
11305,3124
11305,5275
11305,16698
11306,3375
11306,12171
11307,12370
11307,20201
11307,23077
11308,15804
11308,15828
11309,23077
11309,23140
11310,12209
11310,19014
11311,20672
11311,23077
11311,23257
11312,1006
11312,3566
11312,5275
11313,5275
11313,23100
11314,867
11314,11361
11315,13260
11315,22457
11316,6762
11316,6764
11316,20648
11317,679
11317,3244
11318,43
11318,487
11319,20800
11319,21495
11320,58
11320,20648
11321,6112
11321,6526
11322,1173
11322,11158
11323,9528
11323,11860
11323,11912
11324,3102
11324,5123
11324,9405
11324,16013
11324,23856
11325,997
11325,15940
11326,23765
11326,24455
11327,10662
11327,11151
11328,14295
11328,26913
11329,20418
11329,21415
11330,26191
11330,27374
11331,22852
11331,22853
11332,9961
11332,18212
11333,3074
11333,25937
11334,16638
11334,19845
11334,24085
11335,17277
11335,27814
11336,7061
11336,27814
11337,9432
11337,30394
11338,30145
11338,30582
11339,27598
11339,28199
11340,9528
11340,13932
11341,1564
11341,16941
11341,25729
11342,6452
11342,27814
11343,2494
11343,7132
11344,24760
11344,25833
11345,281
11345,9918
11346,21472
11346,29939
11347,3275
11347,31084
11348,1585
11348,1608
11349,13533
11349,17176
11350,22217
11350,23454
11350,27354
11351,459
11351,1386
11352,459
11352,3635
11353,16481
11353,19813
11354,687
11354,1684
11355,1107
11355,2270
11356,154
11356,331
11357,81
11357,402
11358,154
11358,331
11359,2346
11359,16328
11360,11882
11360,12938
11361,10355
11361,11746
11362,1184
11362,2233
11363,1055
11363,1056
11364,5944
11364,6001
11365,59
11365,5147
11366,2233
11366,4884
11367,1186
11367,16321
11368,6412
11368,20777
11369,4365
11369,23347
11370,15470
11370,16025
11371,869
11371,1107
11372,2314
11372,3566
11373,4177
11373,4451
11374,15474
11374,15539
11375,2546
11375,5045
11375,6079
11376,14221
11376,15528
11377,24834
11377,26102
11378,469
11378,28733
11379,5422
11379,11041
11379,11336
11380,6091
11380,13249
11381,2709
11381,3535
11382,3535
11382,6938
11383,10084
11383,10929
11383,10930
11384,2946
11384,4141
11385,2134
11385,3750
11386,2134
11386,2946
11387,2033
11387,3750
11388,3383
11388,3750
11389,3383
11389,3750
11390,6972
11390,9928
11391,1634
11391,4662
11392,2379
11392,10922
11393,7563
11393,8948
11393,17256
11394,2379
11394,18244
11395,5661
11395,11041
11396,10156
11396,13351
11397,4502
11397,13176
11398,18986
11398,22247
11399,679
11399,22629
11400,22629
11400,24351
11401,21974
11401,23789
11402,8001
11402,19671
11403,5888
11403,20819
11404,11949
11404,15591
11405,937
11405,7369
11406,3954
11406,7200
11407,21596
11407,21604
11408,1379
11408,1799
11408,1940
11409,3491
11409,3645
11410,2830
11410,10245
11411,108
11411,2767
11412,21767
11412,23124
11413,12827
11413,15840
11414,43
11414,11917
11415,1528
11415,4890
11416,989
11416,7732
11417,2078
11417,5812
11417,6455
11418,423
11418,6339
11419,4195
11419,4246
11420,10470
11420,11021
11421,3473
11421,11531
11422,1024
11422,14686
11423,715
11423,12354
11424,715
11424,12689
11425,2019
11425,12850
11426,5524
11426,5827
11427,14686
11427,16411
11428,2019
11428,5394
11429,14686
11429,17443
11430,2019
11430,4177
11431,14686
11431,15205
11432,3330
11432,9611
11433,9520
11433,14686
11434,2638
11434,18840
11435,177
11435,6762
11435,6764
11436,1477
11436,15963
11437,31
11437,2714
11438,25042
11438,25587
11439,25042
11439,25587
11440,16638
11440,25773
11441,9272
11441,16638
11442,27598
11442,28199
11443,23254
11443,30705
11444,483
11444,11159
11445,17333
11445,29056
11446,21280
11446,22708
11447,8228
11447,8324
11448,321
11448,1291
11449,21263
11449,21325
11450,9024
11450,16259
11451,23907
11451,24567
11452,11064
11452,13584
11453,825
11453,5187
11454,579
11454,4193
11455,20148
11455,21104
11456,18954
11456,18958
11457,18443
11457,26975
11458,3981
11458,5719
11459,81
11459,402
11460,2876
11460,3007
11461,203
11461,4564
11462,4106
11462,5452
11463,3346
11463,9497
11464,6393
11464,6489
11465,8562
11465,10070
11466,4324
11466,11834
11467,1138
11467,11199
11468,346
11468,2524
11469,14084
11469,15713
11470,9687
11470,10695
11470,14758
11471,3564
11471,4903
11472,348
11472,6412
11473,5498
11473,7288
11474,11731
11474,15363
11474,15668
11475,6036
11475,6322
11476,10790
11476,15789
11477,6412
11477,13758
11478,11591
11478,17506
11479,7875
11479,14804
11479,14841
11480,7400
11480,7447
11481,11632
11481,18414
11482,5970
11482,11341
11483,21069
11483,21086
11484,6412
11484,14963
11484,20777
11485,231
11485,3359
11486,21069
11486,24365
11487,2788
11487,13734
11488,6412
11488,20777
11489,3401
11489,6412
11490,15389
11490,27172
11491,23424
11491,26148
11492,26414
11492,26425
11493,17862
11493,27417
11494,297
11494,25923
11495,24119
11495,28791
11496,17849
11496,26667
11496,29341
11496,29354
11497,29241
11497,29673
11498,26414
11498,26425
11499,29255
11499,29373
11500,3954
11500,4837
11501,3954
11501,7200
11502,3535
11502,4502
11503,17844
11503,23231
11504,14991
11504,22873
11505,9497
11505,16078
11506,9885
11506,9893
11507,14829
11507,15469
11508,2473
11508,2523
11509,2473
11509,2523
11510,59
11510,5377
11511,4601
11511,18338
11512,2788
11512,13734
11512,23590
11513,2788
11513,13734
11513,22826
11513,23590
11514,1000
11514,25477
11515,1376
11515,7422
11516,24018
11516,24967
11517,1105
11517,1890
11518,994
11518,3795
11519,6672
11519,14766
11520,236
11520,4196
11521,17845
11521,24878
11522,9066
11522,14650
11523,5123
11523,11879
11524,295
11524,3798
11525,992
11525,6374
11526,770
11526,17053
11527,15018
11527,15020
11528,1117
11528,1943
11528,13916
11529,306
11529,890
11530,2336
11530,2755
11531,411
11531,3640
11531,7351
11531,7797
11531,8528
11532,11634
11532,14787
11532,15702
11533,626
11533,1609
11533,14610
11534,626
11534,2336
11535,626
11535,2336
11536,297
11536,13300
11537,27197
11537,27198
11538,8595
11538,10857
11539,10171
11539,23468
11540,2365
11540,4674
11541,8626
11541,28985
11542,136
11542,597
11543,347
11543,415
11544,1871
11544,2282
11545,661
11545,2012
11545,7885
11546,955
11546,4627
11547,2012
11547,6437
11547,7619
11548,7277
11548,7279
11549,3835
11549,4272
11550,1154
11550,1531
11550,9770
11551,992
11551,8484
11552,9380
11552,10238
11553,1585
11553,1608
11554,1043
11554,10238
11555,5103
11555,10559
11556,5037
11556,10929
11557,2347
11557,2811
11558,6317
11558,11333
11559,491
11559,514
11560,931
11560,5781
11560,10238
11561,2811
11561,5103
11562,1693
11562,5693
11563,3503
11563,6953
11564,1014
11564,13700
11564,13825
11565,1531
11565,3586
11566,931
11566,8056
11567,992
11567,1435
11568,992
11568,1435
11569,2600
11569,10238
11570,13661
11570,15297
11571,1154
11571,4655
11572,7312
11572,7318
11572,8273
11573,2600
11573,17098
11574,9132
11574,17404
11575,9792
11575,17645
11576,4362
11576,14701
11577,3139
11577,8320
11578,5230
11578,8537
11579,2238
11579,11987
11579,12847
11580,10740
11580,10839
11580,11022
11581,931
11581,12662
11582,6124
11582,12114
11582,18744
11583,1043
11583,18452
11583,18459
11584,517
11584,11987
11585,9975
11585,11599
11585,14701
11585,19541
11586,10869
11586,10918
11587,18601
11587,20258
11588,9656
11588,10224
11589,1585
11589,2085
11589,18018
11590,581
11590,4567
11590,10224
11590,18018
11591,11697
11591,15018
11592,2811
11592,8724
11593,8769
11593,10570
11594,1871
11594,17892
11595,534
11595,11987
11596,2337
11596,5853
11597,14541
11597,21325
11598,3954
11598,7200
11598,8537
11599,17761
11599,21614
11600,15426
11600,18168
11601,8574
11601,8764
11602,1093
11602,1460
11603,8045
11603,13815
11603,18940
11604,1022
11604,3835
11604,8764
11604,17395
11605,376
11605,4339
11605,10110
11606,192
11606,5853
11607,12867
11607,12898
11608,178
11608,3835
11608,10110
11609,22005
11609,22366
11610,8084
11610,9556
11611,371
11611,12609
11612,627
11612,22042
11613,54
11613,8336
11614,20601
11614,22423
11615,3835
11615,21819
11616,5167
11616,7891
11617,1693
11617,6421
11618,2569
11618,7110
11619,1836
11619,15619
11620,5473
11620,6479
11621,43
11621,6607
11621,11891
11622,22464
11622,23143
11623,5797
11623,7025
11623,10625
11624,5853
11624,14702
11625,240
11625,2009
11625,2841
11626,450
11626,1220
11627,13576
11627,14608
11628,2998
11628,10010
11629,17692
11629,18498
11630,1247
11630,1608
11631,156
11631,8981
11632,14397
11632,15319
11632,15327
11633,12690
11633,22653
11634,10019
11634,25366
11635,15398
11635,25092
11636,2326
11636,3386
11636,19428
11637,9770
11637,23077
11638,2349
11638,3918
11639,4876
11639,23907
11640,8705
11640,19360
11641,8705
11641,23728
11642,9770
11642,19488
11643,3116
11643,7734
11644,23907
11644,24567
11645,2526
11645,9770
11646,915
11646,4723
11646,6499
11647,940
11647,11294
11648,24788
11648,27192
11649,24860
11649,27954
11650,8168
11650,23080
11651,27680
11651,28582
11651,28813
11652,649
11652,18045
11653,10436
11653,10561
11653,13664
11653,13698
11653,25080
11654,13664
11654,29513
11655,12037
11655,25227
11656,4001
11656,5672
11657,29012
11657,30129
11658,29941
11658,30225
11659,17361
11659,20476
11660,12188
11660,26911
11661,27768
11661,30058
11662,28434
11662,28443
11663,28052
11663,28973
11663,30129
11664,26932
11664,30129
11665,26076
11665,28528
11666,1032
11666,24330
11667,9859
11667,31056
11668,27033
11668,29532
11669,5677
11669,22259
11669,27277
11669,28170
11670,15622
11670,21081
11671,37
11671,599
11672,37
11672,599
11673,6653
11673,7978
11674,5238
11674,5873
11675,2412
11675,16670
11676,1359
11676,2668
11677,1379
11677,1799
11677,1940
11678,994
11678,3795
11679,2658
11679,3306
11680,8868
11680,9130
11681,611
11681,1118
11682,7200
11682,7563
11683,4114
11683,11242
11684,3669
11684,10765
11685,8191
11685,9763
11686,2346
11686,16328
11687,1105
11687,7563
11688,4262
11688,9763
11689,7563
11689,14462
11689,16262
11690,10168
11690,11677
11690,11972
11691,1173
11691,7563
11692,382
11692,3280
11693,1526
11693,1638
11694,8121
11694,11814
11695,14230
11695,18303
11696,2258
11696,3848
11697,1173
11697,22560
11698,21195
11698,23107
11699,7184
11699,23741
11700,3306
11700,15840
11701,2564
11701,4252
11702,11768
11702,25294
11702,25320
11703,3478
11703,23315
11704,48
11704,788
11704,877
11705,604
11705,789
11706,6
11706,888
11707,11750
11707,16632
11708,8843
11708,20032
11709,7214
11709,20261
11710,13576
11710,14608
11711,24756
11711,27863
11711,28937
11712,867
11712,2614
11713,867
11713,3019
11714,867
11714,6604
11715,867
11715,6604
11715,11654
11716,867
11716,6604
11717,867
11717,6604
11718,867
11718,6604
11719,867
11719,6604
11720,867
11720,6604
11721,867
11721,6604
11722,867
11722,6604
11723,11654
11723,12849
11724,867
11724,6604
11725,867
11725,6604
11726,867
11726,6604
11727,2616
11727,10276
11728,867
11728,20498
11729,867
11729,20498
11730,867
11730,20498
11731,3083
11731,5910
11732,1596
11732,5064
11733,9497
11733,9501
11734,4403
11734,7062
11735,4403
11735,5970
11736,1004
11736,12094
11737,2075
11737,5630
11737,7062
11738,4302
11738,9693
11739,4302
11739,5630
11740,12398
11740,21739
11741,2336
11741,18698
11742,4253
11742,5630
11743,10162
11743,25616
11744,217
11744,2904
11745,8316
11745,9843
11746,7945
11746,20976
11747,8316
11747,26414
11748,30355
11748,30399
11749,3954
11749,7200
11750,11234
11750,19348
11751,9929
11751,10162
11752,9929
11752,14673
11753,11234
11753,22274
11754,14829
11754,15469
11755,12804
11755,14371
11756,12094
11756,18089
11757,14829
11757,15469
11758,1004
11758,6579
11759,1915
11759,2033
11760,5352
11760,6102
11761,5395
11761,5782
11762,5395
11762,5782
11763,14546
11763,16644
11764,2933
11764,2948
11765,9924
11765,15302
11766,6844
11766,15257
11766,16095
11767,2147
11767,2149
11768,18553
11768,24413
11769,15211
11769,23362
11770,10594
11770,21597
11770,27150
11771,3491
11771,3624
11772,5395
11772,5782
11773,994
11773,3795
11774,2827
11774,2889
11775,9452
11775,11398
11776,2933
11776,2948
11777,8501
11777,13426
11777,13813
11778,14091
11778,16382
11779,2120
11779,3985
11780,14842
11780,21751
11781,21165
11781,24050
11782,1270
11782,4146
11783,26914
11783,27562
11784,989
11784,7732
11785,64
11785,11008
11786,11208
11786,17277
11787,27768
11787,28103
11788,22944
11788,28113
11788,30280
11789,21714
11789,22272
11790,2
11790,28385
11791,8551
11791,26113
11792,21983
11792,27768
11793,13446
11793,17427
11794,10740
11794,10839
11794,11022
11794,22990
11794,25545
11795,19674
11795,24925
11796,25270
11796,30862
11797,6120
11797,30471
11798,26884
11798,27051
11799,23654
11799,27003
11800,9636
11800,19818
11801,10423
11801,24690
11802,20124
11802,23115
11803,4720
11803,31141
11804,20797
11804,30913
11805,8641
11805,8685
11806,3145
11806,3317
11807,7208
11807,7302
11808,25042
11808,25587
11809,11705
11809,11708
11810,29522
11810,30368
11811,11827
11811,24575
11812,29241
11812,29673
11813,7535
11813,27403
11814,934
11814,1315
11815,3596
11815,3645
11816,3596
11816,3645
11817,3624
11817,3645
11818,3491
11818,3508
11819,3491
11819,3508
11819,3596
11819,3645
11820,3596
11820,3645
11821,3491
11821,3508
11822,3596
11822,3624
11822,3645
11823,3491
11823,3508
11823,3624
11824,3491
11824,3624
11824,3645
11825,3491
11825,3624
11826,3491
11826,3508
11827,15730
11827,15916
11828,5797
11828,7025
11829,59
11829,3091
11830,9815
11830,9820
11831,22525
11831,22554
11832,9815
11832,9820
11833,7208
11833,7302
11834,5079
11834,7698
11834,8292
11835,6719
11835,9236
11836,8856
11836,9236
11836,13307
11837,1602
11837,17982
11838,7063
11838,7288
11839,8626
11839,28985
11840,5969
11840,27023
11841,3190
11841,3238
11842,6412
11842,20777
11843,15470
11843,16025
11844,3190
11844,3238
11845,18553
11845,24413
11846,3119
11846,3120
11847,16178
11847,16182
11848,24869
11848,24871
11849,22362
11849,23633
11850,1055
11850,1056
11851,5079
11851,8934
11852,11627
11852,11639
11853,779
11853,2077
11854,1436
11854,3091
11855,7535
11855,7932
11856,7015
11856,7667
11857,2108
11857,14260
11857,17265
11858,2912
11858,10673
11859,1565
11859,3053
11859,12948
11859,17322
11859,23792
11860,11390
11860,15144
11860,21471
11861,16807
11861,17964
11862,11234
11862,22274
11863,11234
11863,22274
11864,5147
11864,7650
11864,12564
11864,22736
11865,9779
11865,24161
11866,11234
11866,22274
11867,7255
11867,20645
11867,23895
11867,24526
11868,13300
11868,20944
11868,24161
11869,6813
11869,13233
11869,24627
11870,4507
11870,4520
11871,9411
11871,10405
11872,14809
11872,18963
11873,13046
11873,29130
11874,987
11874,1585
11875,4844
11875,6794
11876,8594
11876,13636
11877,4048
11877,10149
11878,2363
11878,13887
11879,2495
11879,2505
11880,140
11880,143
11881,12094
11881,18089
11882,308
11882,315
11883,994
11883,3795
11883,3798
11884,3869
11884,25093
11885,787
11885,1431
11886,1599
11886,6789
11887,3584
11887,4850
11888,21069
11888,21086
11889,1871
11889,2282
11890,5037
11890,10084
11890,10929
11891,1014
11891,1291
11891,3976
11892,4371
11892,7567
11893,1394
11893,1456
11894,7184
11894,10303
11894,10506
11895,1564
11895,16863
11896,13769
11896,14029
11897,17910
11897,18046
11898,17892
11898,18421
11898,20951
11899,4837
11899,18769
11900,1758
11900,14489
11901,3954
11901,7200
11902,18663
11902,18781
11903,20601
11903,22423
11904,5473
11904,5853
11904,20116
11905,43
11905,6607
11905,11891
11906,6166
11906,6181
11907,23143
11907,23830
11908,14397
11908,15319
11908,15327
11908,25119
11909,29012
11909,29016
11910,8615
11910,19615
11911,4844
11911,6794
11912,8837
11912,20027
11913,14058
11913,15982
11914,1055
11914,1056
11915,3145
11915,15059
11916,10330
11916,23103
11917,9124
11917,19507
11918,459
11918,4111
11919,988
11919,1080
11919,5137
11920,3091
11920,5870
11921,614
11921,1347
11922,1980
11922,6220
11923,6545
11923,11451
11924,10574
11924,11780
11925,4757
11925,11780
11926,1195
11926,1196
11927,8721
11927,17762
11928,15666
11928,17019
11929,9556
11929,17542
11930,647
11930,8721
11930,9556
11930,16153
11931,544
11931,2233
11931,5109
11931,5216
11931,10249
11931,11752
11932,3322
11932,7404
11932,13239
11932,15695
11933,554
11933,1463
11933,2233
11933,5968
11933,11566
11934,59
11934,3456
11935,1520
11935,5147
11935,9556
11935,11089
11936,8721
11936,16153
11937,1195
11937,9556
11937,11752
11937,15666
11938,1768
11938,3346
11939,10592
11939,15983
11940,8597
11940,15983
11941,3241
11941,13212
11942,8982
11942,9063
11943,1896
11943,4180
11943,7020
11943,7548
11943,20933
11944,7020
11944,15888
11945,2964
11945,15920
11946,4180
11946,16751
11947,8597
11947,14670
11948,7020
11948,10634
11949,11089
11949,16381
11950,3811
11950,11321
11951,11234
11951,22274
11952,6845
11952,15230
11953,11234
11953,22274
11954,14829
11954,15469
11955,5166
11955,5278
11955,25142
11956,565
11956,13318
11956,17401
11957,16661
11957,18031
11958,1508
11958,16361
11959,18031
11959,21397
11960,21397
11960,22612
11961,9470
11961,16807
11961,16849
11962,928
11962,2935
11962,14801
11962,26053
11963,1248
11963,1320
11963,25459
11964,26101
11964,26134
11964,26266
11965,16807
11965,17964
11965,23891
11966,3782
11966,10162
11966,12233
11967,20617
11967,22648
11968,17171
11968,21531
11969,22675
11969,23520
11970,1602
11970,2451
11970,8197
11971,14376
11971,20283
11972,18518
11972,25219
11973,338
11973,25925
11974,26147
11974,26388
11975,13652
11975,22446
11976,29415
11976,30018
11977,7960
11977,8261
11978,13963
11978,24845
11979,5362
11979,5730
11979,7259
11979,15546
11980,11030
11980,20886
11981,17762
11981,23329
11981,26211
11982,15770
11982,29449
11982,30298
11982,30935
11983,18268
11983,21450
11984,1430
11984,3059
11985,6405
11985,11030
11985,12444
11985,13963
11985,15770
11985,20083
11985,30298
11986,11454
11986,14299
11987,1430
11987,11030
11988,6405
11988,30399
11989,45
11989,395
11990,8292
11990,8573
11991,3564
11991,4903
11992,7535
11992,27403
11993,26130
11993,28741
11994,28343
11994,30955
11995,1314
11995,1892
11996,832
11996,2336
11996,2876
11996,3007
11997,3864
11997,8949
11998,6585
11998,6586
11999,5244
11999,5515
11999,5706
11999,8728
12000,10440
12000,11587
12001,6036
12001,6322
12002,70
12002,8138
12002,10522
12003,1148
12003,10440
12004,8058
12004,8911
12004,16080
12005,7326
12005,10047
12005,11614
12005,16082
12006,1151
12006,5475
12006,13239
12006,13585
12007,8911
12007,9074
12007,18913
12008,6250
12008,8053
12008,10081
12009,17277
12009,21540
12010,7683
12010,9603
12010,23806
12011,7400
12011,7447
12012,12629
12012,24622
12012,25014
12013,2956
12013,3800
12014,10449
12014,24950
12015,19
12015,25360
12016,15247
12016,15315
12017,12564
12017,12629
12017,21000
12017,25908
12018,7042
12018,12629
12019,12564
12019,18605
12019,24950
12020,25200
12020,28041
12021,28835
12021,30702
12022,20030
12022,24572
12023,14360
12023,14788
12024,24750
12024,30049
12025,1107
12025,2270
12026,154
12026,331
12027,4048
12027,10149
12028,2826
12028,7140
12029,25551
12029,25552
12030,1546
12030,8593
12031,17215
12031,17767
12032,11827
12032,18414
12033,17767
12033,23752
12034,1379
12034,1799
12034,1940
12035,994
12035,3795
12036,145
12036,189
12037,19521
12037,22861
12038,8561
12038,24907
12039,22136
12039,24752
12040,540
12040,1135
12041,2036
12041,2037
12042,1028
12042,1241
12043,9530
12043,10386
12044,3022
12044,8306
12045,7475
12045,9137
12046,14829
12046,15469
12047,5504
12047,7808
12048,16606
12048,16977
12048,17234
12049,7801
12049,8873
12050,3349
12050,3640
12051,2005
12051,11327
12052,14829
12052,15469
12053,9124
12053,10522
12054,9435
12054,17024
12055,6658
12055,8407
12056,14559
12056,21696
12057,16050
12057,18414
12058,6508
12058,10108
12059,25215
12059,25244
12060,3782
12060,12233
12061,2904
12061,25612
12062,6412
12062,20777
12063,21988
12063,25747
12064,9809
12064,26223
12065,19756
12065,29368
12066,20608
12066,29804
12067,30083
12067,30320
12068,9497
12068,9501
12068,10011
12069,16407
12069,20605
12070,9497
12070,16078
12071,9497
12071,9779
12072,2442
12072,7261
12073,301
12073,7561
12073,7576
12074,301
12074,7561
12075,12094
12075,18089
12076,11748
12076,13144
12077,1173
12077,24950
12078,11739
12078,11741
12079,6402
12079,8115
12079,31132
12080,26414
12080,26425
12081,29388
12081,29389
12082,1871
12082,2047
12083,6007
12083,8574
12083,8764
12084,6007
12084,8764
12085,14608
12085,14850
12086,970
12086,7158
12087,14829
12087,15469
12088,1007
12088,14481
12089,21069
12089,21086
12090,13923
12090,14020
12091,5797
12091,7025
12092,955
12092,1487
12093,955
12093,1487
12094,955
12094,1487
12095,955
12095,4138
12096,1013
12096,5623
12097,1299
12097,7668
12097,8147
12097,8204
12098,3312
12098,23390
12099,7558
12099,13170
12100,1438
12100,7255
12101,236
12101,4370
12102,1218
12102,1222
12103,50
12103,53
12104,7711
12104,22621
12105,22636
12105,23642
12106,22636
12106,23642
12107,4417
12107,6207
12108,6270
12108,9533
12109,11752
12109,13214
12110,2495
12110,6567
12111,24815
12111,27992
12112,154
12112,331
12113,1379
12113,1940
12114,6969
12114,8074
12115,4787
12115,7722
12116,2369
12116,3994
12117,478
12117,6011
12118,768
12118,16182
12119,2511
12119,2786
12120,3427
12120,7198
12121,4125
12121,14991
12122,83
12122,10356
12123,18861
12123,25216
12124,14991
12124,22873
12125,10362
12125,25042
12126,26191
12126,27374
12127,22941
12127,26437
12128,30376
12128,30662
12129,11999
12129,26389
12130,459
12130,3976
12131,22624
12131,22644
12132,15067
12132,15427
12133,6857
12133,7312
12134,10929
12134,10930
12135,20181
12135,23017
12136,14397
12136,15319
12137,347
12137,415
12138,1154
12138,4655
12139,598
12139,869
12139,3495
12140,10943
12140,12389
12141,867
12141,11361
12142,4774
12142,7517
12143,13659
12143,21819
12144,2365
12144,4674
12145,1415
12145,5208
12146,2018
12146,8070
12147,95
12147,1061
12148,95
12148,1061
12149,3365
12149,5027
12150,4008
12150,4998
12151,308
12151,315
12152,75
12152,1920
12153,3640
12153,6719
12154,3544
12154,11240
12155,3954
12155,7200
12156,14221
12156,15528
12157,18025
12157,19049
12158,16403
12158,16464
12159,5054
12159,16508
12160,3954
12160,7200
12161,16711
12161,19051
12162,1173
12162,10888
12163,23101
12163,24611
12164,10888
12164,23634
12165,24326
12165,26068
12166,16804
12166,16836
12167,581
12167,1101
12168,459
12168,3981
12169,8764
12169,10238
12170,13848
12170,14476
12171,10946
12171,11177
12172,10238
12172,13848
12172,14796
12173,2600
12173,14796
12174,2600
12174,10238
12174,14796
12175,2600
12175,14796
12176,2600
12176,14796
12177,2600
12177,13848
12178,5089
12178,9739
12179,13845
12179,15034
12180,16467
12180,18190
12181,5834
12181,6864
12182,608
12182,16467
12183,2811
12183,18190
12184,2600
12184,18190
12185,9739
12185,16778
12186,9246
12186,12393
12187,15837
12187,16467
12188,16778
12188,20289
12189,5834
12189,22279
12190,5834
12190,22279
12191,5834
12191,16778
12191,22279
12192,5834
12192,17351
12193,17125
12193,18276
12194,6873
12194,9739
12194,20783
12195,5834
12195,16778
12196,5834
12196,22279
12197,608
12197,6873
12198,6181
12198,6341
12199,23108
12199,23168
12200,4681
12200,16778
12201,4415
12201,5089
12201,16778
12202,16778
12202,20423
12203,3005
12203,23386
12204,11923
12204,18107
12205,9556
12205,16778
12206,955
12206,4138
12207,955
12207,1371
12208,581
12208,8503
12209,17989
12209,17990
12210,8574
12210,8764
12211,992
12211,1435
12212,9727
12212,10659
12213,17989
12213,17990
12214,2558
12214,28731
12215,2558
12215,29120
12216,28731
12216,29120
12217,28731
12217,29120
12218,375
12218,10943
12219,17989
12219,17990
12220,17989
12220,17990
12221,24756
12221,27863
12222,13769
12222,14029
12223,375
12223,10943
12224,1799
12224,1940
12225,994
12225,3795
12226,14360
12226,14788
12227,3342
12227,22923
12228,1218
12228,1222
12229,7597
12229,7688
12230,91
12230,10607
12231,5969
12231,10748
12232,12543
12232,14282
12233,18488
12233,21278
12234,643
12234,3746
12234,5621
12235,5110
12235,7201
12236,2577
12236,5110
12237,2511
12237,5282
12238,2345
12238,9916
12239,2971
12239,9916
12240,4719
12240,11963
12241,8888
12241,14686
12242,2995
12242,11046
12243,75
12243,8593
12244,2345
12244,8363
12245,4220
12245,4579
12246,3675
12246,8497
12247,4220
12247,13983
12248,2995
12248,8837
12249,7140
12249,25599
12250,18698
12250,21767
12251,18698
12251,21767
12252,11151
12252,17085
12253,4220
12253,24705
12254,5147
12254,25377
12255,7140
12255,12878
12255,25634
12256,3610
12256,26062
12257,6155
12257,26786
12258,989
12258,7732
12259,20800
12259,21495
12260,189
12260,6457
12261,1349
12261,6457
12261,15515
12262,1349
12262,9727
12263,1349
12263,9727
12264,15303
12264,15886
12265,11064
12265,13584
12266,9929
12266,12357
12267,3640
12267,10016
12268,2794
12268,22941
12269,2794
12269,25457
12270,3989
12270,8685
12271,15661
12271,17359
12272,10727
12272,19035
12273,18628
12273,18856
12274,26575
12274,26645
12275,1477
12275,28613
12276,14991
12276,22873
12277,308
12277,315
12278,14223
12278,21357
12279,4308
12279,4439
12280,1118
12280,6947
12281,9411
12281,10405
12282,75
12282,8593
12283,6690
12283,23872
12284,9005
12284,17258
12285,1091
12285,2628
12286,95
12286,1061
12287,25773
12287,27659
12288,1060
12288,1767
12289,1060
12289,6128
12290,1060
12290,11722
12291,5244
12291,5515
12292,1670
12292,22806
12293,3780
12293,3800
12294,59
12294,1135
12295,988
12295,1080
12296,2677
12296,9674
12297,1069
12297,1079
12298,509
12298,510
12299,4126
12299,10780
12300,12209
12300,19014
12301,1043
12301,2033
12302,4787
12302,9130
12303,8837
12303,17575
12304,9496
12304,20636
12305,6274
12305,10525
12306,4114
12306,4268
12307,10243
12307,12176
12308,9348
12308,15138
12309,685
12309,13907
12310,2314
12310,3566
12311,4199
12311,17753
12312,8644
12312,11587
12313,12300
12313,18998
12314,17385
12314,19526
12315,25908
12315,27310
12316,25400
12316,29875
12317,30340
12317,30930
12318,23014
12318,24700
12319,20959
12319,21009
12320,11595
12320,30021
12321,540
12321,2511
12322,4559
12322,14458
12323,17085
12323,19637
12324,23765
12324,27799
12325,1291
12325,4210
12326,6457
12326,7722
12327,478
12327,6011
12328,19574
12328,19585
12329,2511
12329,12303
12330,10156
12330,13351
12331,12209
12331,19014
12332,6095
12332,9038
12333,0
12333,43
12333,58
12334,1592
12334,4334
12334,27011
12335,11032
12335,15805
12336,14397
12336,28814
12337,2424
12337,10042
12338,989
12338,21063
12339,5251
12339,11208
12340,27768
12340,28103
12341,7061
12341,20794
12341,23584
12342,22944
12342,30280
12343,21714
12343,22272
12344,10740
12344,10839
12344,11022
12344,19343
12344,22990
12344,25545
12345,25270
12345,30862
12346,27003
12346,28701
12347,10423
12347,24690
12348,19469
12348,25213
12349,1808
12349,1810
12350,11315
12350,31512
12350,31636
12351,5089
12351,11987
12352,459
12352,1291
12353,1186
12353,10401
12354,5147
12354,12564
12355,5147
12355,12564
12356,59
12356,5147
12356,12564
12356,12629
12357,59
12357,12564
12358,59
12358,5147
12358,12564
12359,12564
12359,12629
12360,28094
12360,31393
12361,3091
12361,5870
12362,1135
12362,2780
12363,1135
12363,2780
12364,3091
12364,4884
12364,6689
12365,59
12365,16128
12366,7351
12366,7797
12367,3346
12367,6168
12368,7400
12368,7447
12369,8396
12369,15788
12370,12398
12370,19136
12371,7400
12371,7447
12372,8626
12372,28985
12373,1218
12373,1222
12374,308
12374,315
12375,1173
12375,10888
12376,10888
12376,24950
12376,25908
12377,23765
12377,24455
12378,2033
12378,3271
12379,994
12379,3795
12380,18868
12380,26466
12381,1609
12381,10240
12382,10162
12382,14084
12383,921
12383,1814
12384,6458
12384,6460
12385,3117
12385,11285
12386,90
12386,10796
12387,10586
12387,12772
12387,13434
12388,13957
12388,14958
12389,4347
12389,6883
12390,227
12390,16889
12391,4231
12391,10193
12392,5950
12392,17778
12393,227
12393,3375
12393,3376
12394,89
12394,5541
12394,10642
12394,13982
12395,9474
12395,10430
12396,14809
12396,18963
12397,5657
12397,6499
12398,89
12398,5541
12399,9832
12399,18527
12400,20479
12400,20517
12401,258
12401,3847
12402,7658
12402,7791
12403,3449
12403,8001
12404,993
12404,25898
12405,22519
12405,28072
12406,18184
12406,18293
12406,29501
12407,694
12407,699
12408,26707
12408,27708
12409,2889
12409,8121
12410,6457
12410,9226
12411,227
12411,16889
12412,353
12412,4121
12413,3640
12413,6719
12414,1043
12414,2012
12415,1386
12415,1393
12416,5443
12416,9389
12417,7066
12417,14070
12418,1154
12418,4655
12419,2914
12419,5755
12420,4087
12420,11267
12421,1509
12421,1525
12422,10929
12422,10930
12423,581
12423,5781
12424,17604
12424,29287
12425,23222
12425,24593
12426,3317
12426,5527
12427,480
12427,953
12428,1055
12428,1056
12429,1055
12429,1056
12430,1055
12430,1056
12431,8476
12431,14166
12432,1236
12432,16293
12433,12915
12433,22313
12434,10888
12434,23361
12434,25908
12435,1596
12435,3640
12436,95
12436,1061
12437,8012
12437,8731
12438,7535
12438,10333
12439,1195
12439,1196
12440,18318
12440,20448
12441,7535
12441,27403
12442,27702
12442,27749
12443,265
12443,554
12444,1055
12444,1056
12445,1055
12445,1056
12445,5129
12446,1055
12446,1416
12447,10202
12447,10573
12448,3346
12448,9501
12448,11337
12449,1055
12449,1056
12450,9501
12450,11337
12451,11731
12451,20471
12452,24161
12452,24255
12452,24302
12453,26273
12453,27174
12454,17979
12454,28587
12455,26425
12455,31021
12456,12849
12456,13922
12457,9005
12457,17258
12458,9005
12458,17258
12459,12849
12459,13012
12460,14340
12460,17622
12461,9005
12461,17258
12462,29991
12462,29992
12463,544
12463,554
12464,26395
12464,27671
12465,108
12465,1173
12466,4100
12466,6657
12467,3798
12467,4449
12468,6369
12468,8334
12469,1591
12469,9882
12470,108
12470,227
12470,2379
12470,3375
12470,3376
12471,9541
12471,11693
12472,11836
12472,15869
12473,8769
12473,10570
12474,4559
12474,11905
12475,11836
12475,14537
12476,326
12476,10642
12477,3583
12477,16242
12478,10434
12478,16403
12479,14809
12479,18963
12480,227
12480,20044
12481,4559
12481,18914
12482,227
12482,2313
12482,20044
12483,17029
12483,20425
12484,14991
12484,22873
12485,23613
12485,23688
12486,19332
12486,24751
12487,14991
12487,22873
12488,18861
12488,26987
12489,5977
12489,6339
12490,2827
12490,2889
12491,16199
12491,16206
12492,10406
12492,10407
12493,9832
12493,18527
12494,6974
12494,10103
12495,16199
12495,16206
12496,743
12496,7376
12497,4863
12497,4865
12498,2681
12498,11450
12499,6974
12499,10103
12500,23831
12500,23856
12501,11882
12501,12938
12502,26884
12502,27051
12503,13763
12503,30774
12504,7020
12504,7548
12505,5166
12505,5278
12506,546
12506,7513
12507,683
12507,6637
12508,683
12508,2497
12508,6637
12509,683
12509,6637
12509,9967
12510,2927
12510,3737
12511,25937
12511,28720
12512,627
12512,1043
12513,5816
12513,7471
12514,8911
12514,15713
12515,254
12515,6412
12516,9367
12516,22180
12517,1052
12517,2934
12517,4482
12517,9666
12517,14197
12518,11234
12518,22274
12519,3320
12519,21347
12520,350
12520,426
12521,12398
12521,12433
12522,12398
12522,12433
12523,12398
12523,12433
12524,12398
12524,19136
12525,21002
12525,22286
12526,4253
12526,9408
12527,521
12527,897
12528,575
12528,9689
12529,9024
12529,16259
12530,16807
12530,17964
12531,14390
12531,30756
12532,1972
12532,3713
12532,7211
12533,2369
12533,15576
12534,11684
12534,11996
12535,4422
12535,4564
12536,7475
12536,9137
12537,3056
12537,3612
12538,18731
12538,22535
12539,250
12539,1728
12540,1028
12540,1241
12541,1186
12541,3456
12542,1028
12542,1241
12542,3776
12543,5944
12543,6001
12544,5822
12544,7963
12545,1186
12545,16321
12546,26625
12546,26633
12547,2511
12547,2546
12548,3795
12548,3798
12549,2036
12549,2037
12550,3190
12550,3238
12551,1599
12551,6789
12552,10386
12552,10387
12552,10421
12553,9497
12553,9501
12554,3706
12554,3760
12555,1078
12555,11037
12556,17000
12556,19794
12557,17989
12557,17990
12558,24047
12558,24137
12559,21782
12559,22353
12560,11204
12560,19256
12560,24996
12561,22112
12561,23758
12562,9410
12562,9528
12562,11860
12562,11912
12563,21714
12563,22272
12564,13046
12564,29130
12565,3346
12565,9196
12566,26506
12566,26523
12566,28943
12567,1599
12567,9438
12568,412
12568,538
12569,1186
12569,3451
12570,5504
12570,7808
12571,16807
12571,18414
12572,3322
12572,5968
12573,9719
12573,10961
12574,5924
12574,11164
12575,1097
12575,7532
12576,4094
12576,8332
12577,22501
12577,25459
12578,357
12578,13856
12578,13963
12579,8607
12579,17317
12580,95
12580,1061
12581,2185
12581,2385
12582,364
12582,1190
12582,3320
12582,21347
12583,13188
12583,22927
12584,1055
12584,1056
12584,1596
12585,1055
12585,1056
12586,1055
12586,1056
12587,7107
12587,7460
12588,11234
12588,22274
12589,1378
12589,17363
12590,3954
12590,7200
12591,8040
12591,13003
12592,12505
12592,15040
12592,17350
12593,6095
12593,9038
12594,26914
12594,27562
12595,8837
12595,19494
12596,1067
12596,1070
12597,395
12597,435
12598,353
12598,12244
12599,2788
12599,13734
12599,23590
12599,24721
12600,31020
12600,31021
12601,600
12601,631
12602,5123
12602,5159
12603,4389
12603,4391
12604,9790
12604,15018
12605,1417
12605,2707
12606,15018
12606,15020
12607,15018
12607,15020
12608,26625
12608,26633
12609,7605
12609,7656
12610,5147
12610,12346
12611,1502
12611,12661
12611,16155
12612,987
12612,1585
12612,1608
12613,13270
12613,19134
12614,3148
12614,12021
12615,967
12615,7766
12615,8593
12615,13296
12616,1447
12616,1459
12617,4152
12617,7366
12618,19640
12618,21863
12619,1067
12619,1070
12620,16252
12620,17276
12621,8488
12621,14403
12622,10156
12622,13351
12623,23096
12623,23503
12624,6007
12624,7087
12624,8764
12625,12879
12625,13172
12626,955
12626,2012
12627,6842
12627,6904
12627,7420
12628,9672
12628,12968
12629,14850
12629,15046
12630,6007
12630,7087
12630,8764
12630,15292
12631,1971
12631,6462
12632,5755
12632,17105
12633,4377
12633,4427
12633,12661
12634,8682
12634,8769
12634,10570
12635,5853
12635,21280
12636,16196
12636,21489
12637,2526
12637,11696
12638,8705
12638,23728
12638,27114
12639,16367
12639,24722
12639,26909
12640,11792
12640,23143
12641,18376
12641,25018
12641,29785
12642,350
12642,426
12643,497
12643,7640
12644,497
12644,8999
12645,1218
12645,1222
12646,3954
12646,7200
12647,4045
12647,15481
12648,3954
12648,7200
12649,15481
12649,16315
12650,24756
12650,27863
12651,24756
12651,27863
12652,5443
12652,9389
12653,4087
12653,11267
12654,18676
12654,18841
12655,24756
12655,27863
12656,1218
12656,1222
12657,1173
12657,11996
12658,5123
12658,10897
12659,11297
12659,11587
12660,694
12660,699
12661,2197
12661,30581
12662,1585
12662,1608
12663,8862
12663,17761
12664,1585
12664,6855
12665,15619
12665,22578
12666,19742
12666,25080
12667,1055
12667,1056
12668,1055
12668,1056
12669,1055
12669,1056
12670,3465
12670,5296
12671,7488
12671,8316
12672,25622
12672,26200
12673,25622
12673,26200
12674,25622
12674,26200
12675,3954
12675,7200
12676,412
12676,565
12677,2933
12677,2948
12678,14103
12678,14176
12679,22778
12679,22902
12680,469
12680,19187
12681,1218
12681,1222
12682,2933
12682,2948
12683,2827
12683,2889
12684,5123
12684,13386
12685,3954
12685,7200
12686,733
12686,1487
12687,1871
12687,2282
12688,4483
12688,8422
12689,24173
12689,24243
12690,27388
12690,27887
12691,14829
12691,15469
12692,32
12692,17579
12693,24756
12693,27863
12694,538
12694,565
12695,1760
12695,2892
12696,9323
12696,9348
12697,12094
12697,12162
12698,13239
12698,17114
12699,7480
12699,19115
12700,2224
12700,15983
12701,6164
12701,7480
12702,11375
12702,21578
12703,565
12703,24622
12704,14833
12704,18031
12705,14833
12705,22884
12706,18031
12706,21941
12707,29309
12707,29339
12708,6319
12708,10832
12709,24488
12709,24553
12710,1055
12710,1056
12711,8405
12711,8609
12712,1429
12712,7618
12713,8033
12713,14108
12714,14829
12714,15469
12715,1732
12715,1896
12716,3640
12716,13342
12717,1732
12717,1896
12718,7557
12718,18155
12719,2108
12719,17265
12720,2788
12720,13734
12720,23590
12720,24721
12721,7786
12721,18399
12722,17265
12722,21031
12723,6471
12723,25410
12724,20449
12724,26406
12725,28238
12725,28239
12725,28241
12725,28255
12725,28256
12726,23039
12726,28359
12727,11341
12727,15798
12728,28043
12728,28473
12729,22735
12729,29341
12729,29354
12730,1597
12730,1915
12731,154
12731,197
12732,1979
12732,10341
12733,189
12733,12927
12734,8068
12734,14716
12735,18063
12735,18064
12736,12
12736,1051
12737,3640
12737,15172
12738,5925
12738,10140
12739,1048
12739,1337
12739,1391
12740,1048
12740,1337
12740,1391
12741,22787
12741,22792
12742,23719
12742,25383
12743,24015
12743,30139
12744,10594
12744,23638
12745,1055
12745,1056
12746,395
12746,435
12747,22286
12747,22313
12748,994
12748,3795
12749,7694
12749,14546
12749,16644
12750,20811
12750,21569
12751,1758
12751,14489
12752,1691
12752,16232
12753,3813
12753,6230
12754,4296
12754,6540
12755,4422
12755,6684
12755,7131
12755,7400
12755,7447
12755,7798
12756,7133
12756,8476
12757,772
12757,7645
12758,7400
12758,7447
12759,1052
12759,8911
12760,5105
12760,7103
12761,7832
12761,13170
12762,10406
12762,10407
12763,10879
12763,11686
12764,1004
12764,4426
12764,8476
12765,18086
12765,19568
12766,8012
12766,20894
12767,1099
12767,12001
12768,14977
12768,15810
12769,20646
12769,22649
12770,1052
12770,15713
12771,6508
12771,10108
12772,20645
12772,24161
12772,24526
12773,20785
12773,21219
12774,10872
12774,15882
12774,22690
12775,24950
12775,25908
12776,29834
12776,29908
12777,14390
12777,30756
12778,1055
12778,1056
12779,5003
12779,7131
12780,8257
12780,11092
12781,3456
12781,13849
12782,3484
12782,13166
12782,14421
12783,8443
12783,10593
12784,12098
12784,13396
12785,2943
12785,18822
12786,6412
12786,8466
12786,9124
12786,20777
12787,10522
12787,12515
12788,18927
12788,25349
12789,398
12789,5092
12789,10692
12790,1705
12790,10240
12791,1188
12791,8874
12792,7696
12792,9532
12793,9674
12793,15693
12794,8874
12794,10240
12794,11634
12795,4757
12795,11780
12796,15686
12796,17337
12797,14829
12797,15469
12798,3429
12798,6812
12799,9556
12799,18378
12800,1943
12800,8048
12801,7540
12801,13970
12802,1320
12802,12186
12803,2598
12803,30007
12804,5980
12804,29986
12805,2732
12805,9253
12806,1404
12806,7696
12807,1793
12807,11199
12808,17215
12808,17767
12809,6491
12809,8850
12809,9497
12809,11938
12809,15874
12809,16078
12809,20262
12810,14434
12810,17203
12811,7208
12811,12483
12812,9497
12812,9779
12813,9684
12813,10047
12814,15481
12814,15713
12815,7514
12815,7540
12816,9497
12816,9779
12816,10047
12817,21053
12817,25782
12817,25974
12818,16418
12818,27138
12819,21000
12819,22927
12820,12987
12820,20873
12821,10793
12821,14446
12822,10793
12822,14446
12823,13097
12823,16176
12824,79
12824,21996
12825,6458
12825,6460
12826,108
12826,4774
12827,4774
12827,6959
12828,1251
12828,1254
12829,1107
12829,3437
12830,3566
12830,4683
12831,5163
12831,9192
12832,5163
12832,9192
12833,10151
12833,10153
12834,3566
12834,10153
12835,5163
12835,10153
12836,5163
12836,10805
12836,10823
12836,10857
12837,32
12837,5163
12838,14206
12838,14346
12839,3566
12839,6457
12840,3566
12840,14346
12841,825
12841,2889
12842,10494
12842,19801
12843,7711
12843,22621
12844,1461
12844,20672
12845,2425
12845,9556
12846,1005
12846,9693
12847,9615
12847,11030
12848,236
12848,1583
12849,412
12849,538
12850,3640
12850,7605
12851,554
12851,1463
12852,1186
12852,16321
12853,9610
12853,11381
12853,20923
12854,6164
12854,6170
12855,3811
12855,11321
12856,22156
12856,25142
12857,1508
12857,23726
12858,5715
12858,21397
12859,7650
12859,18489
12860,25622
12860,26200
12861,16807
12861,17964
12862,23170
12862,24622
12863,165
12863,22664
12864,5395
12864,5782
12865,10235
12865,22124
12866,6000
12866,6186
12867,3954
12867,7200
12868,3954
12868,7200
12869,1014
12869,1291
12870,9474
12870,10536
12871,7184
12871,10303
12871,10506
12872,11752
12872,13214
12873,7089
12873,9790
12874,5443
12874,9389
12875,11907
12875,17207
12875,18611
12876,19743
12876,24611
12877,2328
12877,7252
12878,4635
12878,20505
12879,13158
12879,17974
12880,3427
12880,7722
12881,6974
12881,10103
12882,6974
12882,10103
12883,3954
12883,22362
12884,11882
12884,12938
12885,18861
12885,20810
12886,1735
12886,3954
12887,138
12887,25064
12887,26060
12888,7333
12888,26062
12889,20418
12889,21415
12890,138
12890,25289
12891,7721
12891,9713
12891,23446
12892,17844
12892,23231
12893,22362
12893,28414
12894,26062
12894,27043
12895,8840
12895,14875
12896,14875
12896,25526
12897,9347
12897,10888
12898,20052
12898,26062
12899,989
12899,7732
12900,25064
12900,25189
12901,10712
12901,30946
12902,3110
12902,3989
12902,26062
12903,30808
12903,30946
12904,26062
12904,30639
12905,16705
12905,30946
12906,15003
12906,30946
12907,20197
12907,26988
12908,4272
12908,4541
12908,5729
12909,2827
12909,2889
12910,6873
12910,10491
12911,9668
12911,19662
12912,662
12912,1960
12913,15481
12913,16315
12914,8705
12914,23728
12915,8705
12915,23728
12916,8705
12916,23728
12917,8705
12917,23728
12918,8705
12918,24629
12919,108
12919,11174
12919,11320
12919,11677
12920,108
12920,10662
12920,11174
12920,11320
12920,11677
12920,11820
12921,1591
12921,11677
12922,108
12922,11320
12922,11677
12922,11765
12922,11820
12923,108
12923,11320
12924,11174
12924,11677
12925,108
12925,11751
12926,108
12926,11320
12927,10662
12927,11765
12927,11820
12928,108
12928,850
12929,108
12929,850
12929,11765
12929,15090
12930,11320
12930,11677
12931,2789
12931,13381
12932,11751
12932,13381
12933,10662
12933,11677
12934,10662
12934,11174
12934,11677
12935,19340
12935,19487
12936,14991
12936,19340
12937,20794
12937,23584
12938,2933
12938,2948
12939,15227
12939,17503
12940,918
12940,8906
12941,12841
12941,16875
12942,3435
12942,6604
12943,11393
12943,21904
12944,1091
12944,2628
12945,22781
12945,29623
12946,14430
12946,28814
12947,95
12947,1061
12948,3087
12948,6489
12949,4072
12949,6771
12950,1768
12950,1966
12951,9864
12951,11780
12952,2934
12952,20966
12953,8216
12953,12638
12954,565
12954,1438
12954,14833
12955,22221
12955,22599
12956,13652
12956,20942
12957,10174
12957,10552
12958,297
12958,25923
12959,297
12959,25923
12960,8626
12960,29145
12961,29340
12961,30230
12962,2039
12962,28992
12963,1004
12963,1273
12963,3563
12963,5509
12963,10150
12963,15686
12964,9497
12964,9779
12964,10047
12965,14434
12965,17203
12966,614
12966,9693
12967,5730
12967,7259
12968,13963
12968,17762
12968,28141
12969,1394
12969,1456
12970,17989
12970,17990
12971,13270
12971,19134
12972,1254
12972,1260
12973,2847
12973,2848
12974,5188
12974,5402
12975,2677
12975,9674
12976,9063
12976,11089
12977,1004
12977,8874
12978,14002
12978,25142
12979,13440
12979,16361
12980,8619
12980,26211
12981,5099
12981,8874
12982,626
12982,14610
12983,14829
12983,15469
12984,1184
12984,1463
12985,6164
12985,6170
12986,1004
12986,8874
12987,6628
12987,13445
12988,5797
12988,7025
12988,10625
12989,15392
12989,25514
12990,108
12990,11174
12990,11765
12991,9037
12991,12336
12991,15643
12992,10662
12992,11174
12993,213
12993,299
12994,6269
12994,7978
12995,6604
12995,11654
12996,3954
12996,7200
12997,3954
12997,6604
12998,6604
12998,16637
12999,6604
12999,11654
13000,6604
13000,16637
13001,6604
13001,16637
13002,6499
13002,20589
13003,89
13003,18345
13004,11361
13004,20498
13005,26814
13005,27080
13006,1055
13006,1056
13007,1055
13007,1056
13008,1055
13008,1056
13009,21742
13009,26129
13010,1371
13010,8390
13011,1154
13011,4655
13012,1154
13012,4655
13013,8164
13013,9418
13014,5797
13014,7025
13015,6114
13015,20591
13016,942
13016,22514
13017,17692
13017,21921
13018,17692
13018,21921
13019,17692
13019,18498
13020,11882
13020,12938
13021,11882
13021,12938
13022,22217
13022,27160
13023,16161
13023,16795
13024,3491
13024,3645
13025,26975
13025,28132
13026,8312
13026,8585
13027,3190
13027,3238
13028,11224
13028,16425
13029,1028
13029,1241
13030,27403
13030,28057
13031,7317
13031,8762
13031,10224
13031,18018
13032,24391
13032,28338
13033,4106
13033,7698
13034,30355
13034,30399
13035,5781
13035,7705
13036,8312
13036,8585
13037,6363
13037,7556
13038,2744
13038,6792
13039,11197
13039,12689
13040,4534
13040,19843
13041,1167
13041,16432
13042,4837
13042,7200
13043,153
13043,923
13044,1055
13044,1056
13044,1596
13045,1055
13045,1056
13046,8581
13046,9213
13047,576
13047,7820
13048,1438
13048,4931
13048,7798
13049,301
13049,7561
13049,11731
13050,5344
13050,14819
13051,8138
13051,12629
13052,19
13052,20
13052,10877
13053,7137
13053,16407
13054,9751
13054,10651
13055,4422
13055,7400
13055,7447
13056,7400
13056,7447
13057,148
13057,15022
13058,772
13058,3817
13059,11917
13059,16630
13059,20257
13060,7367
13060,12988
13061,5147
13061,12564
13062,1004
13062,6511
13063,59
13063,6164
13063,6170
13063,11917
13063,12629
13064,1052
13064,15713
13065,13300
13065,24622
13066,12697
13066,25782
13067,3401
13067,6412
13067,20777
13068,8911
13068,22006
13069,24327
13069,24934
13070,21116
13070,28573
13071,22006
13071,30309
13072,2309
13072,29673
13073,8806
13073,8913
13074,12094
13074,12162
13075,554
13075,1463
13076,7535
13076,10333
13077,18518
13077,25219
13078,2349
13078,25219
13079,10419
13079,13440
13079,16361
13080,5715
13080,16232
13080,16661
13081,24513
13081,27320
13082,28550
13082,31484
13083,13963
13083,14299
13084,13963
13084,25439
13085,412
13085,538
13086,1438
13086,7255
13087,30355
13087,30399
13088,412
13088,538
13089,988
13089,1080
13090,14829
13090,15469
13091,1740
13091,14463
13092,6402
13092,21698
13093,6164
13093,6170
13094,4094
13094,8332
13095,11234
13095,22274
13096,16232
13096,16361
13096,17401
13097,5123
13097,5159
13098,5123
13098,13386
13099,7555
13099,7919
13100,6675
13100,12213
13101,10662
13101,11820
13101,13381
13102,20399
13102,20582
13103,8475
13103,16925
13104,9497
13104,16078
13105,11634
13105,15702
13106,2114
13106,2463
13107,9497
13107,20606
13108,11234
13108,22274
13109,22458
13109,27398
13110,4392
13110,5329
13111,4142
13111,6775
13112,4392
13112,5329
13113,11320
13113,14857
13113,15002
13114,15290
13114,16874
13115,16842
13115,18311
13116,4754
13116,27420
13117,1634
13117,2134
13118,8191
13118,9763
13119,18414
13119,24866
13120,1189
13120,2876
13121,8519
13121,8520
13122,6865
13122,7778
13123,12094
13123,12162
13124,4422
13124,7400
13125,23630
13125,23726
13126,23630
13126,23726
13127,27231
13127,28603
13128,4774
13128,7517
13129,3954
13129,7200
13130,2078
13130,5812
13130,6455
13131,2876
13131,3145
13131,3317
13131,5917
13132,5970
13132,6221
13133,353
13133,4106
13134,14577
13134,14672
13135,11459
13135,11659
13136,2876
13136,3007
13137,2876
13137,3007
13138,4374
13138,7288
13139,13300
13139,17023
13140,6412
13140,20777
13141,6412
13141,20777
13142,6412
13142,20777
13143,395
13143,435
13144,3145
13144,3317
13144,7208
13144,7302
13145,7208
13145,7302
13146,3145
13146,7302
13147,7208
13147,12483
13148,7208
13148,7302
13148,12483
13149,7208
13149,7302
13150,12398
13150,19136
13151,627
13151,1931
13152,4567
13152,8724
13153,14701
13153,20488
13154,5226
13154,8683
13155,23295
13155,24075
13156,9940
13156,24936
13157,20648
13157,23682
13158,6604
13158,19078
13159,108
13159,6792
13160,8064
13160,10001
13161,18698
13161,21767
13162,2778
13162,9689
13163,3674
13163,14221
13163,15528
13164,27598
13164,28199
13165,25773
13165,27659
13166,5123
13166,11879
13167,5766
13167,7563
13168,4045
13168,11299
13168,13386
13169,4045
13169,15481
13170,15481
13170,16315
13171,15481
13171,16315
13172,1591
13172,1592
13173,6830
13173,8166
13174,3488
13174,7405
13175,2614
13175,3488
13176,967
13176,3488
13177,1647
13177,3488
13177,3658
13178,3488
13178,7405
13179,3488
13179,7405
13180,13918
13180,13964
13181,14521
13181,17515
13182,8191
13182,9763
13183,14809
13183,18963
13184,5998
13184,9223
13185,13336
13185,22338
13186,479
13186,2622
13187,867
13187,3488
13188,9410
13188,9528
13189,1173
13189,10888
13190,4386
13190,25861
13191,552
13191,3399
13192,21047
13192,21237
13193,1374
13193,9421
13194,27834
13194,28422
13195,22519
13195,28072
13196,12741
13196,15409
13197,10310
13197,26002
13198,4853
13198,8817
13199,1940
13199,3541
13200,626
13200,11029
13201,9687
13201,27933
13202,96
13202,2033
13203,1379
13203,1799
13203,1940
13203,3541
13204,994
13204,3795
13205,988
13205,1080
13206,988
13206,1080
13207,988
13207,1080
13208,988
13208,1080
13209,22355
13209,22505
13210,11234
13210,22274
13211,11234
13211,22274
13212,11234
13212,22274
13213,11234
13213,22274
13214,955
13214,4138
13215,4844
13215,6794
13216,6874
13216,14393
13217,253
13217,12794
13218,1167
13218,15721
13219,13270
13219,19134
13220,21823
13220,21824
13221,8705
13221,23728
13222,8705
13222,25179
13223,8705
13223,23728
13224,8705
13224,23728
13225,8705
13225,26348
13226,7838
13226,20487
13227,9770
13227,26041
13228,5199
13228,8316
13229,14829
13229,15469
13230,3957
13230,5315
13231,10002
13231,17164
13232,11234
13232,22274
13233,11192
13233,17506
13233,23485
13234,11234
13234,22274
13235,11234
13235,22274
13236,5199
13236,21988
13237,1438
13237,9595
13238,19756
13238,29368
13239,5977
13239,6339
13240,1591
13240,7836
13241,994
13241,3795
13242,1591
13242,1592
13243,3118
13243,3170
13244,292
13244,8347
13245,5123
13245,11879
13246,4563
13246,11739
13247,6095
13247,9038
13248,20800
13248,21495
13249,3364
13249,27683
13250,989
13250,7732
13251,10144
13251,10147
13252,10144
13252,10147
13253,5089
13253,7838
13254,1167
13254,16432
13255,5781
13255,8943
13256,24564
13256,24593
13257,24756
13257,27863
13258,24756
13258,27863
13259,24756
13259,27863
13260,24756
13260,28937
13261,24756
13261,27863
13262,24756
13262,27863
13263,24756
13263,27863
13263,28937
13264,24756
13264,28937
13265,988
13265,1080
13266,95
13266,6747
13267,364
13267,2852
13268,7208
13268,7302
13269,1190
13269,3320
13270,11286
13270,21561
13271,14633
13271,22475
13272,25908
13272,26273
13272,27174
13273,2876
13273,3007
13274,5037
13274,10084
13275,891
13275,11339
13276,4991
13276,9446
13277,6628
13277,13445
13278,25937
13278,28720
13279,29388
13279,29389
13280,26266
13280,26678
13281,5378
13281,11802
13282,301
13282,7561
13282,11731
13283,24161
13283,24302
13284,1055
13284,1056
13285,1055
13285,1056
13286,1056
13286,1596
13287,5244
13287,5515
13288,1055
13288,1056
13289,1055
13289,1056
13289,8775
13289,13401
13290,1056
13290,4650
13291,10678
13291,14000
13291,14002
13292,7471
13292,8312
13293,7471
13293,8312
13294,10144
13294,10147
13295,7208
13295,7302
13296,10754
13296,16947
13297,3145
13297,7208
13297,7302
13298,7208
13298,7302
13299,7208
13299,7302
13299,7326
13300,15059
13300,19687
13301,8528
13301,11481
13302,253
13302,1693
13303,10538
13303,12292
13304,18601
13304,20258
13305,376
13305,17323
13306,1379
13306,1799
13307,2798
13307,21767
13308,12748
13308,13996
13309,1597
13309,1915
13310,2939
13310,3788
13311,1789
13311,8183
13312,7184
13312,10303
13312,10506
13313,10302
13313,14330
13313,17546
13314,8896
13314,19146
13315,18452
13315,18459
13316,17892
13316,20951
13317,3954
13317,7200
13318,10430
13318,10536
13318,11599
13319,10110
13319,10478
13320,10557
13320,14858
13320,21816
13321,20169
13321,20945
13322,21322
13322,21341
13323,7971
13323,23696
13324,18452
13324,18459
13325,23907
13325,24567
13326,24788
13326,27192
13327,6458
13327,19728
13328,24756
13328,28937
13329,29012
13329,29016
13330,17361
13330,20476
13331,12130
13331,29906
13332,28434
13332,28443
13333,491
13333,514
13334,2569
13334,7110
13334,8229
13334,16288
13335,1055
13335,1056
13335,1416
13336,4422
13336,4564
13337,1055
13337,1056
13338,1055
13338,1056
13339,10145
13339,23508
13340,8911
13340,22006
13341,7318
13341,8273
13342,1085
13342,1771
13343,1085
13343,1771
13344,1085
13344,1771
13345,1085
13345,1771
13346,1085
13346,1771
13347,1085
13347,1771
13348,6412
13348,20777
13349,6412
13349,20777
13350,7208
13350,7302
13351,7208
13351,7696
13352,17989
13352,17990
13353,17989
13353,17990
13354,23907
13354,24567
13355,994
13355,3795
13356,6422
13356,8773
13357,9398
13357,14766
13358,16900
13358,19408
13359,2332
13359,23741
13360,9273
13360,24675
13361,13170
13361,15560
13362,10872
13362,15882
13363,12186
13363,24934
13364,27397
13364,27403
13365,8626
13365,29145
13366,1254
13366,1260
13367,2632
13367,4121
13368,3091
13368,5870
13369,1660
13369,4590
13369,5739
13370,5005
13370,5305
13371,4190
13371,4355
13372,14162
13372,15894
13373,3145
13373,16393
13373,17799
13374,554
13374,1463
13375,2425
13375,3209
13375,3241
13375,9556
13375,11632
13375,14059
13376,8257
13376,18822
13377,11381
13377,13187
13377,20923
13377,20969
13378,2525
13378,16428
13378,17862
13379,8850
13379,21013
13379,23556
13380,1508
13380,1691
13380,7686
13380,13440
13380,16361
13380,16661
13381,22127
13381,22800
13382,4747
13382,16232
13382,21397
13383,7540
13383,18031
13383,23630
13384,1851
13384,21397
13385,1691
13385,18031
13385,23630
13386,15770
13386,17762
13386,20683
13386,29449
13387,13963
13387,30355
13387,30399
13388,1085
13388,1771
13389,2874
13389,6958
13390,9874
13390,10021
13391,6545
13391,6679
13391,11451
13392,11451
13392,15816
13393,13627
13393,19650
13394,1005
13394,9693
13395,23630
13395,23726
13395,24122
13396,1374
13396,13652
13396,22491
13397,787
13397,3604
13398,987
13398,1585
13399,626
13399,2336
13399,14610
13400,2755
13400,16860
13401,6508
13401,10108
13402,7557
13402,18155
13403,297
13403,25923
13404,24391
13404,24617
13405,350
13405,426
13406,3018
13406,7954
13407,2336
13407,9687
13407,23204
13408,5526
13408,6003
13409,2576
13409,7133
13409,8476
13410,13757
13410,20350
13411,1085
13411,1771
13412,1085
13412,1771
13413,23341
13413,23444
13414,253
13414,567
13415,5037
13415,10084
13416,12393
13416,15756
13417,3764
13417,15756
13418,3954
13418,7200
13419,21782
13419,22353
13420,4142
13420,6775
13421,75
13421,7766
13421,8593
13422,14103
13422,14176
13423,17085
13423,23705
13423,24956
13424,15877
13424,19351
13425,988
13425,1381
13426,1028
13426,1241
13427,16755
13427,16757
13428,284
13428,288
13429,1247
13429,12383
13430,478
13430,6011
13431,154
13431,331
13432,4048
13432,10149
13433,1871
13433,2282
13434,20287
13434,27507
13435,1758
13435,14489
13436,10557
13436,19493
13436,21816
13437,19358
13437,23023
13437,23669
13438,5797
13438,7025
13438,10625
13439,10610
13439,21697
13440,20895
13440,21580
13441,4184
13441,20322
13442,4876
13442,23907
13443,853
13443,26906
13444,150
13444,1113
13445,21782
13445,22353
13446,240
13446,16778
13447,24385
13447,25246
13448,11310
13448,12130
13448,29906
13449,11310
13449,29906
13450,11310
13450,29906
13451,11310
13451,29906
13452,11310
13452,29906
13453,11310
13453,29906
13454,5443
13454,9389
13455,2632
13455,3990
13456,5944
13456,6001
13457,59
13457,12629
13458,4884
13458,6527
13459,11234
13459,22274
13460,5147
13460,26523
13461,18518
13461,27197
13462,5797
13462,7025
13462,10625
13463,24788
13463,27192
13464,150
13464,608
13465,3181
13465,3744
13466,6617
13466,6919
13467,517
13467,9496
13468,6007
13468,8764
13469,4380
13469,13022
13470,6410
13470,22928
13471,5952
13471,22279
13472,5126
13472,19358
13473,2526
13473,16029
13474,3222
13474,3428
13474,21782
13474,22353
13475,18443
13475,26975
13475,28132
13476,24984
13476,28497
13477,2526
13477,16029
13478,395
13478,435
13479,733
13479,1386
13480,220
13480,1223
13481,7862
13481,7864
13482,1585
13482,1608
13483,15481
13483,16315
13484,25080
13484,27239
13485,994
13485,3795
13486,22346
13486,29275
13487,21823
13487,21824
13488,7838
13488,8537
13489,6672
13489,10356
13490,20800
13490,21495
13491,2761
13491,4876
13492,19845
13492,24085
13493,19845
13493,24085
13494,19845
13494,24085
13495,364
13495,2852
13496,364
13496,2852
13497,364
13497,2852
13498,364
13498,2852
13499,364
13499,2852
13500,364
13500,2852
13501,17913
13501,28253
13502,30950
13502,31372
13503,13700
13503,13825
13504,18250
13504,18480
13505,15619
13505,22578
13506,6177
13506,9198
13507,29012
13507,29016
13508,988
13508,1381
13509,17892
13509,20951
13510,17606
13510,21489
13511,2558
13511,21782
13511,22353
13512,18542
13512,23986
13513,21782
13513,22353
13514,21782
13514,22353
13515,308
13515,315
13516,15730
13516,15916
13517,1022
13517,17395
13518,23907
13518,24567
13519,22374
13519,26041
13520,22374
13520,26041
13521,25356
13521,27863
13522,5037
13522,10084
13523,1417
13523,2707
13524,13695
13524,14806
13525,3954
13525,7200
13526,43
13526,4425
13526,6607
13527,43
13527,6607
13528,1167
13528,11792
13529,12488
13529,20242
13530,23630
13530,23726
13531,25622
13531,26200
13532,7471
13532,8312
13532,8585
13533,1055
13533,1056
13534,1055
13534,1056
13535,5283
13535,5781
13536,7471
13536,8585
13537,5781
13537,9972
13538,5781
13538,8147
13539,982
13539,10869
13539,10918
13540,10880
13540,17318
13541,581
13541,8590
13542,15018
13542,16185
13543,2834
13543,25119
13544,2314
13544,3566
13545,6690
13545,10805
13545,17289
13546,9895
13546,17289
13547,2560
13547,17398
13547,19432
13548,9895
13548,23214
13549,20189
13549,28151
13549,31309
13550,22781
13550,29623
13551,867
13551,3019
13552,611
13552,637
13553,5209
13553,5450
13554,7053
13554,8919
13555,3282
13555,8090
13556,2681
13556,3551
13557,4152
13557,7366
13558,19167
13558,19804
13559,19574
13559,19585
13560,12836
13560,23994
13561,1430
13561,17762
13562,23741
13562,23994
13563,8824
13563,21815
13564,21852
13564,28151
13564,31309
13565,29913
13565,30623
13566,31481
13566,31482
13567,3222
13567,3428
13568,6842
13568,6904
13568,7420
13569,6842
13569,7420
13570,14055
13570,25092
13571,14956
13571,28169
13572,680
13572,30598
13573,3019
13573,7836
13574,2402
13574,2667
13575,717
13575,12798
13576,3954
13576,7200
13577,2288
13577,7733
13578,1592
13578,27011
13579,3869
13579,25093
13580,14850
13580,15046
13581,136
13581,597
13581,869
13582,869
13582,3495
13583,21369
13583,25975
13583,25982
13583,25983
13584,5252
13584,5289
13585,12894
13585,17795
13586,1591
13586,2369
13587,6457
13587,8613
13588,4010
13588,12093
13589,6457
13589,9037
13590,4262
13590,14813
13591,5632
13591,15333
13592,1684
13592,5973
13592,14848
13592,14945
13593,1376
13593,20576
13594,3954
13594,7200
13595,2288
13595,9348
13596,3459
13596,10356
13597,20800
13597,21495
13598,7140
13598,21504
13599,20044
13599,22443
13600,26340
13600,27969
13601,19845
13601,24085
13602,8791
13602,14762
13603,1760
13603,3505
13604,21472
13604,21773
13605,1028
13605,1241
13606,1028
13606,1241
13607,1028
13607,1241
13608,1028
13608,1241
13609,1028
13609,1241
13610,6503
13610,12012
13611,1028
13611,1241
13612,1028
13612,1241
13613,1028
13613,1241
13614,1028
13614,1241
13615,1028
13615,1241
13616,1028
13616,1241
13617,1028
13617,1241
13618,1028
13618,1241
13619,1028
13619,1241
13620,1028
13620,1241
13621,1028
13621,1241
13622,1028
13622,1241
13623,1028
13623,1241
13624,1028
13624,1241
13625,1028
13625,1241
13626,1028
13626,1241
13627,1028
13627,1241
13628,1028
13628,1241
13629,1028
13629,1241
13630,1028
13630,1241
13631,1028
13631,1241
13632,1028
13632,1241
13633,1028
13633,1241
13634,1028
13634,1241
13635,1028
13635,1241
13636,1028
13636,1241
13637,1028
13637,1241
13638,1028
13638,1241
13639,1028
13639,1241
13640,1028
13640,1241
13641,1028
13641,1241
13642,1028
13642,1463
13643,25031
13643,26236
13644,20585
13644,22449
13645,3416
13645,11520
13646,3607
13646,11520
13647,1531
13647,3586
13648,8363
13648,11130
13649,4045
13649,15481
13650,3303
13650,3304
13651,26094
13651,26126
13652,26079
13652,26268
13653,12690
13653,14393
13654,15730
13654,15916
13655,1366
13655,1378
13655,1789
13656,8397
13656,12690
13657,14939
13657,14952
13658,581
13658,2775
13659,18018
13659,18943
13660,517
13660,18018
13661,10224
13661,18018
13662,10224
13662,18018
13663,10224
13663,18018
13664,11599
13664,19462
13665,10224
13665,18018
13665,20241
13666,17989
13666,17990
13667,10224
13667,13325
13667,18018
13668,17989
13668,17990
13669,931
13669,10224
13670,23946
13670,24098
13671,10224
13671,12551
13672,19804
13672,24763
13673,4601
13673,18338
13674,3222
13674,22353
13675,4876
13675,23907
13676,25909
13676,25936
13677,10224
13677,12393
13678,2526
13678,18443
13678,20951
13679,6007
13679,10224
13680,12393
13680,17351
13681,3222
13681,8594
13682,10224
13682,26777
13682,28358
13683,23907
13683,24567
13684,23907
13684,24567
13685,13560
13685,30162
13686,27029
13686,31581
13687,3190
13687,3238
13688,19256
13688,24996
13689,395
13689,435
13690,9497
13690,9501
13691,1609
13691,8307
13692,9497
13692,9501
13693,9497
13693,16078
13694,6720
13694,18736
13695,6720
13695,18736
13696,18736
13696,19503
13697,11234
13697,22274
13698,3817
13698,25563
13699,1207
13699,13181
13700,1028
13700,1241
13701,2780
13701,5735
13702,353
13702,3091
13703,1463
13703,3563
13704,353
13704,1467
13705,7162
13705,17156
13706,4884
13706,17156
13707,2381
13707,4884
13708,2381
13708,7162
13709,59
13709,5147
13710,59
13710,12564
13711,3795
13711,3798
13712,6842
13712,6904
13713,26914
13713,27562
13714,18031
13714,19448
13714,30283
13715,20253
13715,26398
13715,30057
13716,2033
13716,3753
13717,6339
13717,6637
13718,11812
13718,22438
13719,27973
13719,29242
13720,1158
13720,1466
13721,459
13721,742
13722,9845
13722,10999
13723,11630
13723,13159
13724,12423
13724,15570
13725,10243
13725,18869
13726,18117
13726,20968
13727,3214
13727,18658
13728,3227
13728,3386
13729,869
13729,1154
13730,7252
13730,8613
13731,4489
13731,9738
13732,10464
13732,10518
13733,10310
13733,26002
13734,606
13734,1187
13735,714
13735,4196
13736,743
13736,7376
13737,4129
13737,14035
13738,12505
13738,17350
13739,15541
13739,15597
13740,20800
13740,21495
13741,11435
13741,25869
13742,16801
13742,17220
13743,2024
13743,27390
13744,22610
13744,29040
13745,23584
13745,29737
13746,26884
13746,27051
13747,3222
13747,3428
13748,2569
13748,7110
13749,6007
13749,18239
13750,11987
13750,18239
13751,17490
13751,18239
13752,18601
13752,20258
13753,907
13753,13298
13754,11049
13754,16602
13755,43
13755,6607
13755,11891
13756,43
13756,11891
13757,1585
13757,9798
13758,11987
13758,18239
13759,6
13759,19965
13760,10892
13760,12393
13761,7626
13761,11987
13762,3227
13762,3386
13763,18450
13763,19524
13764,18450
13764,19524
13765,313
13765,478
13766,1842
13766,26921
13767,16112
13767,23107
13768,26457
13768,28044
13769,17226
13769,17228
13770,12790
13770,13034
13771,8673
13771,21332
13772,5502
13772,19256
13773,2011
13773,8865
13774,5502
13774,8865
13775,13510
13775,14312
13776,96
13776,2033
13777,1107
13777,1920
13778,26914
13778,27562
13779,10743
13779,12131
13780,1107
13780,1359
13781,1107
13781,1359
13782,1107
13782,1359
13783,1107
13783,1359
13784,540
13784,1107
13785,1359
13785,2033
13786,1359
13786,6830
13787,989
13787,7732
13788,16687
13788,17256
13789,1254
13789,1260
13790,108
13790,2249
13790,11320
13790,11677
13790,11907
13791,257
13791,14547
13791,14667
13792,1091
13792,24950
13793,1871
13793,2282
13794,17910
13794,19397
13795,3954
13795,7200
13796,95
13796,1061
13797,395
13797,435
13798,7208
13798,7302
13799,7208
13799,7302
13800,7208
13800,7302
13801,7208
13801,7302
13802,29834
13802,29908
13803,435
13803,1060
13804,1028
13804,1241
13805,1028
13805,1241
13806,1028
13806,1241
13807,1028
13807,1241
13808,1028
13808,1241
13809,1028
13809,1241
13810,1028
13810,1241
13811,1028
13811,1241
13812,1028
13812,1241
13813,1028
13813,1241
13814,1028
13814,1241
13815,7137
13815,12012
13816,7208
13816,7302
13817,5244
13817,5515
13818,5244
13818,5515
13819,3145
13819,15059
13820,2788
13820,13734
13820,23590
13820,24721
13821,308
13821,315
13822,6458
13822,6460
13823,18895
13823,18896
13824,27598
13824,28199
13825,9528
13825,13932
13826,1173
13826,4386
13827,867
13827,11361
13828,2889
13828,2995
13829,2681
13829,9226
13830,15474
13830,15539
13831,14361
13831,20307
13832,22
13832,2314
13832,3566
13832,5370
13833,8673
13833,9279
13834,15804
13834,15828
13835,4008
13835,4998
13836,18628
13836,18856
13837,5394
13837,15963
13838,459
13838,1487
13839,1585
13839,1608
13840,21263
13840,21325
13841,17656
13841,18360
13842,1345
13842,12661
13843,662
13843,1960
13844,14397
13844,15319
13844,15327
13845,3227
13845,3386
13846,23907
13846,24567
13847,3190
13847,3238
13848,1599
13848,6789
13849,3180
13849,9864
13850,6412
13850,20777
13851,9442
13851,11086
13852,6412
13852,20777
13853,13286
13853,13538
13854,8216
13854,12638
13855,787
13855,1521
13856,312
13856,4399
13857,3470
13857,11514
13858,3401
13858,3475
13859,3401
13859,6412
13860,9855
13860,18782
13861,9520
13861,21037
13862,15470
13862,16025
13863,13297
13863,18068
13864,579
13864,4193
13865,26848
13865,27089
13866,6412
13866,20777
13867,8240
13867,22419
13868,27174
13868,28620
13869,3094
13869,5433
13869,13210
13870,27462
13870,28960
13871,10254
13871,27579
13871,29188
13872,24421
13872,31100
13873,423
13873,1518
13874,17077
13874,17328
13875,4389
13875,4391
13876,7722
13876,15596
13877,21258
13877,24921
13878,6817
13878,19081
13879,3016
13879,27011
13880,19845
13880,24085
13880,25284
13881,21983
13881,25470
13882,540
13882,1107
13883,12939
13883,13136
13884,1757
13884,12939
13885,1757
13885,9066
13886,9066
13886,13136
13887,7609
13887,17474
13888,5275
13888,13112
13889,15226
13889,23396
13890,989
13890,7732
13891,1261
13891,15363
13892,77
13892,243
13893,85
13893,2729
13894,3954
13894,7200
13895,19167
13895,19804
13896,11336
13896,13117
13897,1845
13897,3954
13897,7200
13898,2288
13898,2565
13898,4502
13899,2288
13899,3491
13899,3645
13899,4142
13899,6127
13899,6775
13899,7266
13900,1677
13900,2431
13900,8178
13901,361
13901,3285
13901,8990
13902,611
13902,1299
13902,2767
13902,12108
13903,2288
13903,3280
13903,3645
13904,3645
13904,3954
13904,11774
13905,7405
13905,10793
13905,12693
13906,3535
13906,8990
13906,10171
13907,867
13907,10793
13908,867
13908,11361
13909,5147
13909,22264
13910,18378
13910,26906
13911,2798
13911,3652
13912,13046
13912,29130
13913,6458
13913,6460
13913,13687
13914,3569
13914,9454
13915,11336
13915,13117
13915,16842
13916,6604
13916,19078
13917,10859
13917,16670
13918,3954
13918,7200
13919,2695
13919,11966
13920,867
13920,6604
13921,8191
13921,9763
13922,3535
13922,8990
13923,5167
13923,18378
13924,89
13924,4502
13925,26814
13925,27080
13926,3954
13926,7200
13927,1944
13927,16817
13928,17844
13928,23231
13929,11874
13929,15108
13930,6458
13930,6460
13931,994
13931,3795
13932,14674
13932,14734
13933,25998
13933,25999
13933,26000
13934,2853
13934,29094
13935,30376
13935,30662
13936,1254
13936,1260
13937,3954
13937,7200
13938,8166
13938,9763
13939,3731
13939,11878
13940,8191
13940,9763
13941,18698
13941,21767
13942,24028
13942,24176
13943,1028
13943,1326
13943,1423
13944,1597
13944,1915
13945,2939
13945,3788
13946,8769
13946,10570
13947,17656
13947,18360
13948,15303
13948,15886
13949,1021
13949,17110
13950,11706
13950,23452
13950,23829
13951,22364
13951,22536
13952,17970
13952,30196
13953,14880
13953,26076
13953,26242
13954,5677
13954,22259
13954,24492
13954,27277
13955,81
13955,136
13955,623
13956,3640
13956,6719
13956,9142
13957,209
13957,402
13958,136
13958,489
13958,869
13958,1076
13959,14766
13959,15002
13960,1972
13960,3713
13961,6165
13961,8868
13962,11045
13962,16684
13963,1920
13963,6165
13964,13138
13964,20964
13965,6165
13965,28001
13966,423
13966,1107
13967,1107
13967,2033
13968,1371
13968,10238
13969,2843
13969,14347
13970,18601
13970,20258
13971,17910
13971,18046
13972,10890
13972,12997
13972,21191
13973,43
13973,19973
13974,29012
13974,29016
13975,6726
13975,25935
13975,25950
13976,19845
13976,24085
13977,7024
13977,11388
13978,9037
13978,15643
13979,5383
13979,8998
13980,4045
13980,14587
13981,9901
13981,17443
13982,5275
13982,12766
13983,2798
13983,9895
13984,258
13984,3847
13985,201
13985,12878
13986,227
13986,9104
13987,16019
13987,24126
13988,5275
13988,6906
13989,4108
13989,12264
13990,25049
13990,25295
13990,25296
13990,25297
13991,2154
13991,18963
13992,14038
13992,30620
13993,15483
13993,31405
13994,1371
13994,11341
13995,43
13995,11891
13996,13
13996,1755
13997,10386
13997,10387
13998,12632
13998,17242
13999,3640
13999,11951
14000,6771
14000,16339
14001,15022
14001,20823
14002,26625
14002,26633
14003,25782
14003,25974
14004,25782
14004,25974
14005,30083
14005,30320
14006,212
14006,9226
14007,24622
14007,25014
14008,1207
14008,1229
14008,12315
14009,9364
14009,9429
14010,14809
14010,18963
14011,19810
14011,22941
14012,359
14012,2740
14013,5123
14013,6575
14014,5123
14014,5159
14015,5123
14015,5159
14016,5123
14016,5159
14017,3401
14017,3475
14018,3401
14018,3475
14019,13922
14019,16637
14020,1055
14020,1056
14020,2153
14021,2876
14021,3007
14022,2876
14022,3007
14023,1201
14023,3036
14024,1055
14024,1056
14025,3604
14025,4374
14025,4468
14026,1056
14026,5452
14027,4374
14027,4422
14028,4177
14028,4292
14028,4296
14028,4849
14028,5819
14029,1055
14029,1056
14029,4451
14030,2876
14030,5917
14031,1697
14031,4422
14031,4564
14032,203
14032,5105
14033,787
14033,1055
14033,1056
14034,3884
14034,4177
14035,1055
14035,1056
14035,3346
14036,1055
14036,1056
14036,1416
14037,1602
14037,8103
14038,5244
14038,5515
14039,1055
14039,1056
14040,1055
14040,1056
14041,5527
14041,5970
14041,7778
14042,10573
14042,11788
14043,1055
14043,1056
14044,5713
14044,6545
14044,6679
14045,2153
14045,12219
14046,2336
14046,2755
14047,11587
14047,14977
14048,6393
14048,12164
14049,10004
14049,13436
14050,7288
14050,14977
14051,10266
14051,12162
14052,1138
14052,5527
14053,7288
14053,14381
14054,10695
14054,15560
14055,1768
14055,4418
14055,9687
14055,11250
14056,1007
14056,8408
14057,11951
14057,13370
14058,7208
14058,7302
14058,7400
14058,11587
14058,14814
14059,7062
14059,9501
14060,1261
14060,8257
14061,6048
14061,9079
14062,11250
14062,11951
14063,11234
14063,14963
14064,14829
14064,15469
14065,353
14065,11802
14065,16078
14066,4807
14066,18825
14067,7288
14067,17907
14068,6720
14068,18736
14068,20320
14069,2224
14069,18578
14070,1157
14070,5630
14071,1602
14071,18469
14072,5630
14072,6720
14072,18736
14073,7696
14073,13300
14074,17899
14074,21533
14075,6720
14075,18736
14076,7208
14076,7302
14077,6393
14077,11250
14078,12398
14078,12433
14079,7288
14079,17907
14080,14071
14080,14963
14081,7063
14081,7288
14081,12398
14081,12433
14082,2337
14082,17907
14082,21762
14083,11224
14083,14963
14084,5713
14084,20543
14085,5630
14085,14402
14086,15810
14086,26287
14087,11286
14087,26150
14088,3059
14088,5630
14089,19115
14089,26174
14090,13300
14090,26414
14090,26425
14091,5862
14091,24997
14092,15799
14092,27403
14093,16368
14093,24367
14094,8626
14094,25142
14095,19920
14095,19957
14096,175
14096,17862
14096,27417
14097,19920
14097,19957
14098,2598
14098,30007
14099,1602
14099,19994
14099,20008
14099,20471
14100,3630
14100,15231
14101,27803
14101,30558
14102,4028
14102,4071
14103,3491
14103,3508
14103,3624
14103,3645
14104,2314
14104,3566
14105,987
14105,1585
14106,1585
14106,1608
14107,1585
14107,1608
14108,5794
14108,8734
14109,2560
14109,8734
14110,8734
14110,16677
14111,3535
14111,13381
14112,16677
14112,19000
14113,3954
14113,7200
14114,14607
14114,16677
14115,13120
14115,16677
14116,3535
14116,16677
14117,16677
14117,19252
14118,837
14118,10412
14119,837
14119,3535
14120,6844
14120,23107
14121,21597
14121,27150
14122,987
14122,1585
14123,17910
14123,18046
14124,987
14124,1585
14125,1585
14125,3822
14126,1585
14126,1608
14127,23589
14127,23612
14128,435
14128,1229
14129,15081
14129,15092
14130,16807
14130,18414
14131,4491
14131,4726
14132,26282
14132,26284
14133,4042
14133,4447
14134,26349
14134,26351
14135,25622
14135,26200
14136,7535
14136,27403
14137,26130
14137,28741
14138,26112
14138,26690
14138,27445
14139,29545
14139,29590
14140,29545
14140,29590
14141,6616
14141,6821
14142,4079
14142,4662
14143,4262
14143,6236
14144,10662
14144,11441
14144,11492
14144,11721
14145,2360
14145,10337
14145,15163
14146,6902
14146,7126
14147,6756
14147,19915
14148,11445
14148,12109
14149,18311
14149,22989
14150,3089
14150,3186
14151,1648
14151,23483
14152,200
14152,11041
14153,17847
14153,18109
14154,24950
14154,25908
14155,3110
14155,3343
14156,987
14156,1585
14156,1608
14157,13769
14157,14029
14158,1585
14158,1608
14159,1585
14159,1608
14160,987
14160,1014
14161,1207
14161,1229
14161,12315
14162,987
14162,1608
14163,7312
14163,7812
14163,9800
14164,1078
14164,2506
14165,1585
14165,1608
14166,9431
14166,13472
14167,1014
14167,1291
14168,15046
14168,16511
14169,7838
14169,12393
14170,21782
14170,22353
14171,1585
14171,1608
14172,5123
14172,6575
14172,11879
14172,11957
14172,13386
14172,16952
14173,1944
14173,16817
14174,1944
14174,16817
14175,1944
14175,16817
14176,2495
14176,2505
14177,6617
14177,6919
14178,1609
14178,7083
14179,1609
14179,8307
14180,15466
14180,16080
14181,19675
14181,19677
14182,27304
14182,28550
14183,3798
14183,8142
14184,606
14184,1187
14185,3024
14185,5277
14186,7902
14186,8464
14187,10405
14187,11820
14188,3798
14188,14521
14189,2798
14189,25189
14190,685
14190,13907
14191,31478
14191,31485
14192,4787
14192,5662
14193,1951
14193,6795
14194,8534
14194,8920
14195,8499
14195,9440
14196,265
14196,607
14197,2328
14197,8685
14198,3375
14198,20044
14199,1374
14199,4787
14200,227
14200,20044
14201,15113
14201,23988
14202,20800
14202,21495
14203,22560
14203,23362
14204,19845
14204,24085
14205,19845
14205,24085
14206,19845
14206,24085
14207,23720
14207,26062
14208,26575
14208,26645
14209,26575
14209,26645
14210,31342
14210,31389
14211,2379
14211,3375
14211,3376
14212,25013
14212,25024
14213,25013
14213,25024
14214,1379
14214,1799
14215,1107
14215,1920
14216,181
14216,9130
14217,4067
14217,14072
14218,13400
14218,20220
14219,2612
14219,3361
14220,22346
14220,29275
14221,5109
14221,27925
14222,26756
14222,28488
14222,31203
14223,26100
14223,29026
14224,1379
14224,1799
14224,1940
14225,13540
14225,13889
14226,22153
14226,22350
14227,23096
14227,23503
14228,3449
14228,8001
14228,18073
14229,30376
14229,30662
14230,29454
14230,30868
14231,1379
14231,1799
14231,1940
14232,10218
14232,13046
14233,7745
14233,14205
14234,13112
14234,22698
14235,9895
14235,13112
14236,9604
14236,9738
14237,1254
14237,2778
14237,4000
14238,639
14238,4393
14239,994
14239,3795
14240,2425
14240,9556
14241,3306
14241,8765
14242,3070
14242,8094
14242,8145
14243,3070
14243,7518
14244,8094
14244,9882
14245,77
14245,3060
14245,7753
14246,1920
14246,8847
14247,145
14247,5973
14248,10362
14248,12748
14249,478
14249,3400
14250,9270
14250,18721
14251,15101
14251,17064
14251,17999
14252,7481
14252,18464
14253,18837
14253,19001
14254,23362
14254,26860
14255,26362
14255,27438
14256,8233
14256,16219
14257,1714
14257,28092
14258,12573
14258,25021
14259,3879
14259,7043
14260,6836
14260,24911
14261,96
14261,2033
14262,1379
14262,1799
14262,1940
14262,3541
14263,994
14263,3795
14264,4601
14264,18338
14265,277
14265,9499
14266,2033
14266,2448
14267,1379
14267,1799
14267,1940
14268,6993
14268,7672
14269,994
14269,3795
14270,14546
14270,16644
14271,19530
14271,19545
14272,24831
14272,24832
14273,26282
14273,26284
14274,10740
14274,10839
14274,11022
14274,22990
14274,23074
14274,25545
14275,1379
14275,1940
14276,5303
14276,5304
14277,3387
14277,9358
14278,1365
14278,4345
14279,6518
14279,12692
14280,7252
14280,14875
14281,6422
14281,9920
14282,3257
14282,7722
14283,5123
14283,12835
14284,14546
14284,16644
14284,16648
14285,1543
14285,1692
14286,7440
14286,14521
14287,93
14287,9042
14287,12835
14288,18895
14288,18896
14289,8040
14289,13003
14290,7007
14290,15724
14291,8191
14291,9763
14292,13759
14292,14091
14293,19123
14293,20592
14294,47
14294,1376
14295,2120
14295,2511
14296,8149
14296,18202
14297,12417
14297,21596
14298,9895
14298,19691
14299,1424
14299,1529
14300,7953
14300,11044
14300,18158
14301,21162
14301,21261
14302,6974
14302,10103
14303,15541
14303,15597
14304,20800
14304,21495
14305,2147
14305,2149
14306,2478
14306,23907
14307,19530
14307,19545
14308,1202
14308,2547
14309,2024
14309,27390
14310,15632
14310,21222
14311,26111
14311,26192
14312,26914
14312,27562
14313,26914
14313,27562
14314,14397
14314,28814
14315,10828
14315,14430
14316,5708
14316,14551
14317,2
14317,221
14318,26229
14318,27057
14319,8791
14319,14762
14319,23922
14320,12635
14320,30216
14321,1379
14321,1799
14321,1940
14322,5303
14322,5304
14323,2771
14323,2803
14324,9041
14324,9042
14325,3280
14325,20356
14326,3280
14326,20356
14327,14397
14327,28814
14328,1379
14328,1940
14329,1379
14329,1799
14329,1940
14330,1107
14330,1920
14331,6799
14331,7184
14332,9323
14332,9941
14333,5054
14333,16508
14334,5688
14334,10853
14335,994
14335,3795
14336,1870
14336,3331
14337,4159
14337,4262
14337,5282
14338,6458
14338,6460
14339,5766
14339,7563
14340,2249
14340,11823
14341,2249
14341,11320
14342,9037
14342,13634
14343,11570
14343,13381
14344,9264
14344,14256
14345,6575
14345,13972
14346,13580
14346,14766
14347,10061
14347,13580
14348,236
14348,3613
14349,4220
14349,7140
14350,3869
14350,25093
14351,3303
14351,3304
14352,18861
14352,23765
14353,4284
14353,6165
14354,2584
14354,3954
14354,7200
14355,16374
14355,17187
14355,18895
14356,5123
14356,5159
14357,23596
14357,25311
14358,6575
14358,7753
14359,9323
14359,9941
14360,16092
14360,16099
14361,1585
14361,1608
14362,2295
14362,21617
14363,26414
14363,26425
14364,19920
14364,30556
14365,987
14365,1585
14366,987
14366,1585
14367,1585
14367,1608
14368,1585
14368,1608
14369,1585
14369,1608
14370,13273
14370,14802
14371,13273
14371,14802
14372,4608
14372,4684
14373,987
14373,1585
14374,1379
14374,1799
14374,1940
14375,2761
14375,4876
14375,7534
14376,10828
14376,26100
14376,26126
14376,26952
14377,154
14377,331
14378,4106
14378,6205
14379,11627
14379,11639
14380,14800
14380,15801
14381,12094
14381,12162
14382,2732
14382,17276
14383,2732
14383,3640
14383,10695
14384,1186
14384,16321
14385,15666
14385,16938
14386,1005
14386,9693
14387,15666
14387,23792
14388,23630
14388,23726
14389,23630
14389,23726
14390,25622
14390,26200
14391,16868
14391,26656
14392,28985
14392,29790
14393,19920
14393,19957
14394,29492
14394,31381
14395,12798
14395,13927
14396,29241
14396,29673
14397,12878
14397,18785
14398,2412
14398,16670
14399,2946
14399,3122
14400,2033
14400,2946
14401,2946
14401,3142
14402,2946
14402,3142
14403,2946
14403,3142
14404,2946
14404,3142
14405,2946
14405,3142
14406,1585
14406,1608
14407,26328
14407,26538
14408,3954
14408,7200
14409,1647
14409,9586
14410,868
14410,8084
14411,3179
14411,3725
14411,13719
14411,13781
14411,17484
14412,11654
14412,14686
14413,3869
14413,25093
14414,19452
14414,29440
14415,1173
14415,10888
14416,8293
14416,8944
14417,2314
14417,3566
14418,459
14418,3635
14419,1366
14419,5853
14420,987
14420,1585
14420,1608
14421,19845
14421,24085
14422,4048
14422,10149
14423,4048
14423,11895
14424,8191
14424,9763
14425,10506
14425,11174
14426,8811
14426,12786
14427,17146
14427,17260
14428,20794
14428,23584
14429,29781
14429,30401
14430,2451
14430,9384
14431,12823
14431,12829
14432,13757
14432,20350
14433,3346
14433,19823
14434,6514
14434,6984
14435,17899
14435,28561
14436,28187
14436,29263
14437,1871
14437,2282
14438,1662
14438,7328
14439,1379
14439,1940
14440,11445
14440,12109
14441,176
14441,2712
14442,8132
14442,18398
14443,3142
14443,4077
14444,1105
14444,1890
14445,868
14445,2564
14446,2565
14446,7252
14447,10405
14447,11820
14447,11836
14448,8088
14448,12360
14449,9037
14449,9358
14450,14809
14450,15596
14450,18963
14451,227
14451,3375
14452,10405
14452,11174
14453,8758
14453,11713
14453,15596
14454,15596
14454,20044
14455,227
14455,3375
14455,3819
14455,20044
14456,227
14456,20044
14457,14991
14457,22873
14458,14991
14458,22873
14459,3869
14459,25093
14460,1374
14460,4386
14461,16290
14461,17085
14462,3954
14462,17085
14463,2130
14463,8284
14463,22710
14463,25898
14464,4754
14464,27420
14465,14991
14465,22873
14465,23231
14466,3869
14466,20776
14466,25093
14467,14991
14467,22873
14468,26575
14468,26645
14469,13078
14469,13079
14470,20525
14470,20745
14471,1004
14471,24365
14472,25782
14472,25974
14473,1158
14473,1466
14474,3070
14474,8094
14475,2379
14475,3375
14476,24230
14476,28115
14477,3190
14477,3238
14478,24327
14478,26070
14479,16687
14479,19810
14480,1158
14480,1466
14481,75
14481,8593
14482,22112
14482,23758
14483,4142
14483,4553
14484,5144
14484,11441
14485,19186
14485,20387
14486,2709
14486,5744
14487,5766
14487,7563
14488,4142
14488,6775
14489,27033
14489,29532
14490,1379
14490,1799
14491,15481
14491,16315
14492,15377
14492,17892
14493,308
14493,315
14494,23907
14494,24567
14495,2402
14495,2667
14496,2402
14496,2667
14497,11174
14497,11302
14498,2314
14498,11336
14499,2402
14499,2667
14500,2402
14500,17421
14501,2402
14501,2667
14502,3954
14502,7200
14503,227
14503,3375
14504,193
14504,2402
14505,227
14505,20044
14505,22443
14506,301
14506,7561
14507,203
14507,1177
14508,3190
14508,3238
14509,1261
14509,4797
14510,1463
14510,4797
14511,1177
14511,5064
14511,5630
14512,1005
14512,1491
14512,4504
14512,9693
14513,5630
14513,12162
14514,2306
14514,22235
14515,6412
14515,20777
14516,1261
14516,12346
14517,9687
14517,27933
14518,9595
14518,9638
14519,9595
14519,9638
14520,30355
14520,30399
14521,95
14521,1061
14522,6707
14522,10238
14523,13700
14523,13825
14524,13700
14524,13825
14525,2142
14525,2173
14526,1022
14526,17395
14527,43
14527,11891
14528,24173
14528,24243
14529,23907
14529,24567
14530,17361
14530,20476
14531,1105
14531,1890
14532,4837
14532,6059
14533,685
14533,13907
14534,22781
14534,29623
14535,8673
14535,21332
14536,43
14536,11891
14537,2425
14537,9556
14538,590
14538,610
14539,992
14539,1435
14540,992
14540,1435
14541,4135
14541,5303
14541,5304
14542,3569
14542,9454
14543,9363
14543,14261
14544,22
14544,2288
14544,2314
14544,3566
14545,14991
14545,22873
14546,1028
14546,1241
14547,1028
14547,1241
14548,1028
14548,1241
14549,1028
14549,1241
14550,1028
14550,1241
14551,1028
14551,1241
14552,95
14552,1061
14553,2075
14553,3874
14554,5188
14554,5212
14555,8583
14555,16539
14556,13374
14556,15810
14556,19124
14557,16082
14557,17074
14558,22215
14558,29241
14559,30968
14559,31063
14560,7208
14560,7302
14561,9929
14561,12357
14562,7089
14562,7294
14563,643
14563,8090
14564,8149
14564,14995
14564,14996
14565,12222
14565,24705
14566,1585
14566,1608
14567,21433
14567,24494
14568,4969
14568,5039
14569,8066
14569,8503
14569,9009
14570,5126
14570,9093
14571,459
14571,7284
14571,11347
14572,12128
14572,16778
14573,5089
14573,8273
14574,4844
14574,6874
14575,16778
14575,16980
14576,6125
14576,6707
14576,16632
14577,992
14577,13863
14578,4180
14578,6629
14579,13
14579,1291
14579,9939
14580,1291
14580,9939
14581,18250
14581,18480
14582,13
14582,14005
14583,3607
14583,11520
14584,6007
14584,8673
14585,3425
14585,3431
14586,9790
14586,16481
14586,19813
14587,15645
14587,21819
14588,1531
14588,3586
14589,9026
14589,12348
14590,7443
14590,15095
14591,4830
14591,5372
14592,4415
14592,14535
14592,24507
14593,2809
14593,11987
14594,11004
14594,21328
14595,23022
14595,23060
14596,11735
14596,17298
14597,19329
14597,25767
14598,7108
14598,17411
14599,3314
14599,29217
14600,8397
14600,26777
14601,4636
14601,21955
14601,23080
14602,18935
14602,21713
14603,13020
14603,27413
14604,30196
14604,30344
14605,21336
14605,30196
14606,26428
14606,26744
14607,1432
14607,13551
14607,14528
14607,25783
14608,25783
14608,30636
14609,4198
14609,6049
14610,4797
14610,6049
14611,4198
14611,9497
14612,4198
14612,8934
14613,1609
14613,8934
14614,9497
14614,9501
14615,11634
14615,14596
14615,14721
14616,6309
14616,15877
14617,11634
14617,17015
14618,11634
14618,14215
14619,9497
14619,14215
14620,1823
14620,15771
14621,5970
14621,7135
14622,9497
14622,20606
14623,7581
14623,20543
14624,1823
14624,9779
14624,15877
14625,7135
14625,9074
14626,24815
14626,27992
14627,7711
14627,22621
14628,308
14628,315
14629,308
14629,315
14630,7681
14630,9107
14631,7681
14631,9107
14632,7696
14632,11730
14633,5129
14633,12298
14634,12398
14634,12433
14635,1552
14635,7155
14636,2033
14636,2343
14637,1972
14637,3713
14638,994
14638,3795
14639,3070
14639,8094
14640,24642
14640,27003
14641,10890
14641,12997
14642,6181
14642,6341
14643,7471
14643,8312
14643,8585
14644,5360
14644,14952
14645,1871
14645,2282
14646,18452
14646,18459
14647,20601
14647,22423
14648,5797
14648,7025
14648,10625
14649,5797
14649,7025
14650,7471
14650,8312
14650,8585
14651,14541
14651,21325
14652,5797
14652,7025
14652,10625
14653,992
14653,1435
14654,7471
14654,8312
14654,8585
14655,4461
14655,8255
14656,15619
14656,22578
14657,5797
14657,7025
14657,10625
14658,8705
14658,23728
14659,1871
14659,2282
14660,1531
14660,3586
14661,10869
14661,10918
14662,20601
14662,22423
14663,4876
14663,23907
14664,23907
14664,24567
14665,23907
14665,24567
14666,1871
14666,2282
14667,955
14667,4627
14667,7885
14668,5037
14668,10929
14669,1531
14669,3586
14670,7318
14670,8273
14671,13769
14671,14029
14672,10869
14672,10918
14673,10224
14673,18018
14674,3103
14674,5908
14675,6125
14675,10224
14675,18018
14676,1758
14676,14489
14677,14541
14677,17594
14677,18769
14677,21100
14677,21263
14678,11757
14678,12867
14678,12898
14679,1095
14679,21535
14680,1095
14680,21535
14681,5797
14681,7025
14682,20601
14682,22423
14683,1020
14683,7891
14684,6805
14684,18190
14685,5372
14685,24507
14686,14397
14686,15319
14687,4876
14687,23907
14688,6635
14688,6727
14689,23728
14689,25201
14690,9578
14690,10584
14691,25246
14691,28260
14692,20182
14692,21100
14692,27740
14693,27388
14693,27887
14694,29012
14694,29016
14695,23907
14695,24567
14696,12225
14696,24691
14697,26176
14697,31491
14698,5677
14698,22259
14698,27277
14699,5677
14699,22259
14699,27277
14700,347
14700,415
14701,8574
14701,17883
14702,15086
14702,17441
14703,7838
14703,15184
14703,15289
14704,13905
14704,15289
14705,27645
14705,28233
14705,29120
14706,11895
14706,12096
14707,8595
14707,11940
14708,6616
14708,6821
14709,229
14709,3566
14710,22605
14710,22792
14711,23741
14711,23994
14712,1439
14712,23994
14713,1055
14713,1056
14714,2576
14714,7604
14715,7208
14715,7302
14716,7832
14716,10695
14717,301
14717,7561
14718,5452
14718,8875
14718,9045
14719,1602
14719,4287
14720,5630
14720,7798
14721,9435
14721,10711
14722,10651
14722,12094
14722,12162
14723,1052
14723,8911
14724,626
14724,2336
14724,3145
14724,13436
14724,14808
14725,8930
14725,13166
14726,1894
14726,7400
14726,18347
14727,3053
14727,13342
14728,6402
14728,21698
14729,3145
14729,14808
14729,22631
14730,4507
14730,4520
14730,14829
14731,5666
14731,5713
14731,12451
14732,12747
14732,24302
14733,1585
14733,1608
14734,2847
14734,2848
14735,1585
14735,8660
14736,1014
14736,1291
14736,3764
14737,1608
14737,5178
14738,2921
14738,16078
14739,9497
14739,19301
14740,9497
14740,16078
14741,1585
14741,7731
14742,20678
14742,21016
14743,578
14743,1585
14744,9972
14744,24985
14745,12383
14745,20598
14746,24860
14746,27954
14747,13763
14747,30774
14748,787
14748,1582
14749,1491
14749,4504
14750,9435
14750,10711
14751,6508
14751,10108
14752,9314
14752,16486
14752,18602
14752,19350
14753,18602
14753,19350
14754,16486
14754,18602
14755,9314
14755,16486
14756,1379
14756,1799
14757,1379
14757,1799
14757,1940
14758,5446
14758,6162
14759,8837
14759,19494
14760,9270
14760,9621
14761,18081
14761,18234
14762,21495
14762,23899
14763,20800
14763,21495
14764,9410
14764,11860
14764,11912
14765,29539
14765,30078
14766,96
14766,2033
14767,1379
14767,1799
14768,1376
14768,5662
14769,14766
14769,16464
14770,7191
14770,20882
14770,23919
14771,21047
14771,21237
14772,2
14772,221
14773,4067
14773,14072
14774,7191
14774,20882
14774,23919
14775,20800
14775,21495
14776,989
14776,7732
14777,1808
14777,1810
14778,5093
14778,6812
14778,12161
14779,14685
14779,18703
14780,2120
14780,13376
14781,23096
14781,23503
14782,994
14782,3795
14783,4196
14783,7722
14784,2365
14784,2448
14785,717
14785,4516
14786,1591
14786,4516
14787,1972
14787,3713
14788,181
14788,9130
14789,3954
14789,11000
14790,478
14790,6011
14791,2315
14791,9398
14792,2017
14792,6989
14793,382
14793,7445
14794,1085
14794,1771
14795,3954
14795,4837
14795,7200
14796,581
14796,1971
14797,14850
14797,15046
14798,1085
14798,1771
14799,1085
14799,1771
14800,1085
14800,1771
14801,1085
14801,1771
14802,459
14802,3635
14803,459
14803,5602
14804,1608
14804,9790
14805,20601
14805,22423
14806,478
14806,6011
14807,5037
14807,10929
14808,9790
14808,11857
14809,15619
14809,20934
14810,12393
14810,17351
14811,649
14811,25286
14812,1173
14812,1720
14813,5208
14813,7722
14814,478
14814,6011
14815,265
14815,1720
14816,7711
14816,22621
14817,7711
14817,22621
14818,8911
14818,15713
14819,2755
14819,6406
14820,1697
14820,2336
14821,626
14821,2336
14822,2755
14822,16860
14823,12115
14823,13188
14824,2755
14824,10923
14825,2336
14825,5244
14825,5515
14826,21865
14826,21951
14827,21865
14827,21951
14828,11752
14828,13214
14829,12398
14829,12433
14830,626
14830,2336
14830,11029
14831,24327
14831,26070
14831,26856
14832,9595
14832,9638
14833,9595
14833,9638
14834,1585
14834,1608
14835,1871
14835,2282
14836,4272
14836,4541
14837,5037
14837,10084
14837,10930
14838,10224
14838,18018
14839,1093
14839,1460
14840,240
14840,20895
14841,8705
14841,23728
14842,23907
14842,24567
14843,1085
14843,1771
14844,1085
14844,1771
14845,4507
14845,4520
14846,2788
14846,24721
14847,344
14847,534
14848,17989
14848,17990
14849,21823
14849,21824
14850,21280
14850,23525
14851,7787
14851,10934
14852,5703
14852,9512
14853,16481
14853,19813
14854,43
14854,6607
14855,3971
14855,6125
14856,955
14856,1487
14857,13270
14857,19134
14858,21837
14858,21864
14859,7766
14859,8595
14860,14763
14860,15157
14861,3954
14861,7200
14862,10156
14862,13351
14863,15113
14863,23988
14864,3954
14864,7200
14865,3954
14865,7200
14866,5032
14866,18007
14866,18008
14867,1530
14867,1767
14868,13
14868,6435
14869,1028
14869,1241
14870,1028
14870,1241
14871,10743
14871,12131
14872,1379
14872,1799
14872,1940
14873,1107
14873,1920
14874,1173
14874,1399
14875,1379
14875,1799
14875,1940
14876,4774
14876,7517
14877,23010
14877,24865
14878,540
14878,2511
14879,7722
14879,9847
14880,23477
14880,25184
14881,17333
14881,29056
14881,30891
14882,2680
14882,14890
14883,7112
14883,11567
14884,948
14884,1283
14885,987
14885,1920
14886,4674
14886,4719
14887,4674
14887,4719
14888,291
14888,5815
14888,6457
14889,243
14889,6457
14890,3811
14890,8990
14891,1855
14891,10490
14892,5422
14892,11041
14893,3872
14893,13249
14893,14361
14894,2976
14894,12394
14894,13157
14895,12277
14895,13117
14895,15869
14896,4011
14896,11523
14897,967
14897,5265
14898,1943
14898,2709
14899,4011
14899,20393
14900,11128
14900,19090
14900,20939
14901,2365
14901,2511
14902,5562
14902,11823
14903,4601
14903,7180
14903,8510
14903,8774
14904,6014
14904,7180
14905,368
14905,3298
14906,384
14906,4601
14907,12132
14907,16588
14907,18236
14908,2529
14908,20527
14909,2513
14909,16588
14910,867
14910,11361
14910,23040
14911,708
14911,867
14911,7715
14911,11361
14911,14432
14911,16588
14912,5147
14912,12132
14913,708
14913,867
14913,14432
14914,708
14914,7715
14914,14432
14914,23040
14915,2311
14915,16126
14916,1531
14916,3586
14917,994
14917,3795
14918,2238
14918,18001
14918,18564
14919,2142
14919,2173
14920,3103
14920,5908
14921,43
14921,11891
14922,20895
14922,21580
14923,24173
14923,24243
14923,25106
14924,27680
14924,28813
14925,29012
14925,29016
14926,17361
14926,20476
14927,27669
14927,28282
14928,4461
14928,8255
14929,4816
14929,8039
14930,992
14930,1435
14931,7838
14931,9246
14932,7838
14932,23212
14933,3954
14933,7200
14934,1030
14934,2369
14935,1030
14935,3731
14936,1030
14936,2369
14937,2369
14937,15548
14938,2369
14938,6509
14939,2514
14939,6509
14940,2514
14940,6509
14941,3954
14941,7200
14942,1107
14942,1359
14943,2431
14943,6493
14944,8595
14944,12155
14945,10697
14945,17940
14946,17940
14946,17948
14947,830
14947,11714
14948,15156
14948,21548
14949,11234
14949,22274
14950,3089
14950,3292
14951,579
14951,5275
14952,270
14952,3535
14952,6457
14953,200
14953,9895
14954,17064
14954,19071
14955,12010
14955,17064
14955,19071
14956,200
14956,3292
14957,200
14957,3186
14958,2596
14958,27060
14959,1585
14959,1608
14960,581
14960,6477
14961,3240
14961,5126
14962,1585
14962,9578
14963,5103
14963,9790
14963,15730
14964,627
14964,5126
14965,5126
14965,18609
14966,14817
14966,16778
14967,22715
14967,23475
14968,23475
14968,23541
14969,7089
14969,19428
14970,83
14970,1330
14970,13161
14971,25356
14971,29629
14972,5677
14972,27277
14973,1871
14973,2282
14974,5797
14974,7025
14975,1871
14975,2282
14976,1043
14976,2811
14977,13700
14977,13825
14978,7318
14978,8273
14979,10869
14979,10918
14980,17892
14980,20951
14981,12904
14981,14541
14981,21325
14982,1093
14982,1460
14983,2166
14983,8045
14984,22005
14984,22366
14985,5797
14985,7025
14986,5797
14986,7025
14986,10625
14987,43
14987,11891
14988,17692
14988,18498
14989,3227
14989,3386
14990,8168
14990,23080
14991,17361
14991,20476
14992,28434
14992,28443
14993,5677
14993,27277
14994,1256
14994,1454
14995,20601
14995,22423
14996,22204
14996,22305
14997,5797
14997,7025
14997,10625
14998,1249
14998,3706
14999,4783
14999,8312
15000,1531
15000,3586
15001,27524
15001,27525
15002,1585
15002,1608
15003,14802
15003,15777
15004,17692
15004,18498
15005,11728
15005,11792
15006,10224
15006,18018
15007,5797
15007,7025
15007,10625
15008,20601
15008,22423
15009,5797
15009,7025
15010,386
15010,2012
15011,20601
15011,22423
15012,386
15012,2012
15013,1531
15013,3586
15014,7025
15014,10625
15015,21782
15015,22353
15016,25166
15016,30079
15017,28434
15017,28443
15018,5797
15018,7025
15019,136
15019,402
15019,623
15020,81
15020,402
15021,5920
15021,11917
15022,43
15022,22607
15023,24698
15023,24705
15024,994
15024,3795
15025,31
15025,2714
15026,25281
15026,25287
15027,2
15027,221
15028,59
15028,1463
15029,2780
15029,3091
15030,1135
15030,3091
15031,59
15031,1135
15032,2780
15032,3091
15033,1135
15033,4884
15033,5220
15034,59
15034,4884
15035,3091
15035,4884
15036,59
15036,3091
15036,4884
15036,5444
15037,2780
15037,4884
15037,5735
15038,2780
15038,3091
15039,2780
15039,3091
15040,5735
15040,6523
15041,3091
15041,4884
15042,1135
15042,3091
15042,4884
15043,3091
15043,4884
15044,1135
15044,3091
15045,59
15045,2780
15046,59
15046,1463
15047,2780
15047,3091
15048,1135
15048,2780
15048,3091
15049,59
15049,3091
15050,1135
15050,2780
15051,3091
15051,5870
15052,59
15052,1135
15053,1135
15053,2780
15053,3091
15054,1135
15054,2780
15055,2780
15055,3091
15056,5147
15056,12564
15057,3091
15057,12629
15058,2780
15058,12554
15059,2780
15059,3091
15060,2780
15060,8008
15061,3091
15061,12554
15062,3091
15062,12554
15063,2780
15063,12554
15064,3091
15064,12554
15065,12554
15065,12629
15066,12629
15066,16128
15067,59
15067,2780
15067,5147
15067,12564
15068,12554
15068,16757
15069,59
15069,12629
15070,12554
15070,17156
15071,2780
15071,12554
15072,12554
15072,17156
15073,12554
15073,12629
15074,2780
15074,17156
15075,2780
15075,12554
15076,59
15076,12629
15077,4884
15077,12554
15078,59
15078,2780
15078,12554
15079,4884
15079,12629
15080,12554
15080,17156
15081,4884
15081,6744
15082,59
15082,2780
15082,12554
15082,12629
15083,2780
15083,12554
15084,4884
15084,12554
15085,2780
15085,12554
15086,2780
15086,4884
15086,14751
15087,2780
15087,12554
15088,2780
15088,12554
15089,59
15089,5017
15090,59
15090,2780
15091,59
15091,12629
15092,59
15092,12554
15093,59
15093,12564
15094,59
15094,23000
15095,3559
15095,12629
15096,5303
15096,5304
15097,2145
15097,4036
15098,4787
15098,13828
15098,19609
15099,9924
15099,17085
15100,12209
15100,19014
15101,13322
15101,23314
15102,23765
15102,24455
15103,23765
15103,24455
15104,27888
15104,28016
15105,28748
15105,31153
15106,2827
15106,2889
15107,14991
15107,22873
15108,1085
15108,1771
15109,8574
15109,8764
15110,21782
15110,22353
15111,8680
15111,15901
15112,627
15112,1931
15113,459
15113,1488
15114,2592
15114,2775
15115,5343
15115,6706
15116,8312
15116,8585
15117,9800
15117,9883
15118,13
15118,12423
15119,2775
15119,11987
15120,17910
15120,18046
15121,43
15121,6607
15122,43
15122,11891
15123,8862
15123,12630
15123,17761
15124,1477
15124,10224
15125,2326
15125,16196
15126,5853
15126,21336
15127,11987
15127,27263
15128,11064
15128,13584
15129,13415
15129,26646
15130,1055
15130,1056
15131,9497
15131,9501
15132,8405
15132,8609
15133,7121
15133,13570
15134,301
15134,7561
15135,4374
15135,11458
15136,346
15136,2524
15137,19
15137,20
15138,16807
15138,17964
15139,18472
15139,20051
15140,3035
15140,21189
15141,4640
15141,17673
15142,21061
15142,23971
15143,2788
15143,13734
15144,16807
15144,17964
15145,20780
15145,24949
15146,9887
15146,23077
15147,3401
15147,6412
15148,24679
15148,24717
15149,2598
15149,30007
15150,20008
15150,27734
15151,17844
15151,23231
15152,4142
15152,6775
15153,75
15153,8593
15153,16035
15154,12849
15154,13922
15155,9411
15155,13381
15156,16687
15156,17315
15157,9895
15157,23214
15158,867
15158,2600
15159,4754
15159,27420
15160,12798
15160,13170
15161,16687
15161,17256
15162,12849
15162,16637
15162,17160
15163,10144
15163,10147
15164,1167
15164,16432
15165,364
15165,2852
15166,364
15166,2852
15167,364
15167,2852
15168,364
15168,2852
15169,364
15169,2852
15170,364
15170,2852
15171,364
15171,2852
15172,364
15172,2852
15173,364
15173,2852
15174,364
15174,2852
15175,364
15175,2852
15176,364
15176,2852
15177,2827
15177,2889
15178,326
15178,10642
15179,19625
15179,19768
15180,16178
15180,16182
15181,3954
15181,7200
15182,5766
15182,7563
15183,5766
15183,7563
15184,459
15184,1386
15185,9030
15185,9672
15185,12968
15186,4392
15186,5329
15187,4392
15187,5963
15188,11174
15188,11302
15189,8191
15189,9763
15190,8191
15190,9763
15190,11174
15191,13659
15191,21819
15192,18378
15192,22146
15193,3954
15193,7200
15194,4456
15194,30038
15195,1028
15195,1241
15196,11752
15196,13214
15197,14390
15197,29369
15198,1105
15198,5159
15199,1105
15199,5159
15200,12554
15200,14751
15201,59
15201,12564
15202,12564
15202,12629
15203,10151
15203,10152
15204,5054
15204,16508
15205,17989
15205,17990
15206,3971
15206,6125
15207,6718
15207,7173
15208,6718
15208,7173
15209,8644
15209,10754
15210,8012
15210,10449
15211,29834
15211,29908
15212,598
15212,869
15212,1154
15213,20148
15213,21104
15213,22012
15214,2892
15214,3484
15215,6412
15215,9410
15216,6412
15216,20777
15217,9497
15217,11250
15218,600
15218,631
15219,4374
15219,4468
15220,23567
15220,24200
15221,23150
15221,23567
15221,24200
15222,787
15222,1431
15223,9435
15223,10711
15224,9435
15224,9509
15224,10711
15225,9435
15225,10711
15226,10296
15226,10938
15226,11408
15227,9435
15227,10885
15227,11452
15228,8265
15228,10073
15228,20827
15229,7208
15229,7302
15230,7208
15230,7302
15231,5071
15231,6073
15232,3798
15232,8142
15233,154
15233,331
15234,10720
15234,10737
15235,14546
15235,15331
15236,478
15236,6011
15237,4347
15237,6883
15238,2511
15238,7028
15239,3954
15239,7200
15240,11445
15240,12109
15241,27003
15241,31048
15242,24642
15242,27003
15243,23264
15243,23265
15244,2680
15244,14890
15245,14038
15245,24046
15246,10720
15246,10737
15247,9452
15247,11398
15248,478
15248,6011
15248,16770
15249,2813
15249,4837
15250,8191
15250,9763
15251,3954
15251,7200
15252,11445
15252,12109
15253,9897
15253,13685
15254,22519
15254,28072
15255,24642
15255,27003
15255,31048
15256,28748
15256,31153
15257,23280
15257,29111
15258,308
15258,315
15259,265
15259,1254
15259,1260
15260,265
15260,2511
15261,2788
15261,13734
15262,1173
15262,10888
15263,3640
15263,6719
15264,14039
15264,22286
15265,5969
15265,27023
15266,21767
15266,23124
15267,15481
15267,16315
15268,10642
15268,12155
15269,1592
15269,27011
15270,459
15270,1291
15271,5473
15271,9194
15272,7722
15272,9422
15273,28642
15273,29324
15274,24950
15274,25908
15275,8519
15275,8520
15276,3954
15276,7200
15277,4586
15277,11041
15278,909
15278,910
15279,989
15279,7732
15280,27768
15280,28103
15281,24642
15281,27003
15281,31048
15282,10423
15282,24690
15283,250
15283,1728
15284,8147
15284,11590
15285,3879
15285,20659
15286,5395
15286,5782
15287,14809
15287,18963
15288,8824
15288,21815
15289,1882
15289,7870
15290,8499
15290,9440
15291,359
15291,2740
15292,1085
15292,1771
15293,4386
15293,22560
15294,1085
15294,1771
15295,154
15295,331
15296,154
15296,197
15296,331
15297,59
15297,16755
15297,16757
15298,2827
15298,2889
15299,1173
15299,10888
15300,15481
15300,16315
15301,1314
15301,1892
15302,6412
15302,20777
15303,6412
15303,20777
15304,7255
15304,11111
15305,9727
15305,12060
15306,1095
15306,21535
15307,3971
15307,6125
15308,8590
15308,12343
15309,8590
15309,24691
15310,7142
15310,11065
15311,5226
15311,8683
15312,4774
15312,7517
15313,7787
15313,10774
15314,25020
15314,25554
15315,9435
15315,9509
15315,10711
15316,1028
15316,1326
15317,1422
15317,1521
15318,1074
15318,11758
15319,13937
15319,16749
15320,14397
15320,15319
15320,15327
15321,1055
15321,1056
15322,7208
15322,7302
15323,772
15323,11017
15324,9508
15324,17719
15325,5734
15325,9508
15325,17719
15326,3817
15326,5734
15327,7959
15327,22898
15328,7959
15328,29337
15329,145
15329,2767
15330,2981
15330,3004
15331,16178
15331,16182
15332,4206
15332,23154
15333,3640
15333,11951
15334,1908
15334,3393
15335,14324
15335,15108
15336,59
15336,12629
15337,8502
15337,14690
15338,4110
15338,17268
15339,7007
15339,15724
15340,1107
15340,1920
15341,2391
15341,2643
15342,9897
15342,13685
15343,5972
15343,6798
15344,308
15344,315
15345,308
15345,315
15346,8191
15346,9763
15347,8191
15347,9763
15348,9299
15348,15720
15349,2314
15349,3566
15350,16374
15350,17187
15350,18895
15350,18896
15351,15036
15351,15055
15352,12172
15352,20020
15353,20020
15353,21155
15354,838
15354,2280
15355,540
15355,838
15355,987
15356,1107
15356,2270
15357,154
15357,331
15358,3577
15358,6811
15359,4585
15359,6811
15360,3354
15360,8427
15361,904
15361,4309
15362,904
15362,2387
15362,3669
15362,6375
15362,8761
15363,1784
15363,4246
15364,2387
15364,7142
15365,4174
15365,4301
15366,904
15366,8343
15366,9728
15367,4195
15367,4246
15368,13540
15368,13889
15368,14077
15368,14193
15369,1144
15369,2648
15370,6458
15370,6460
15371,5144
15371,7523
15371,16245
15372,14473
15372,16245
15373,16447
15373,16576
15374,8837
15374,16581
15375,897
15375,2933
15375,2948
15376,852
15376,9037
15376,15643
15377,655
15377,11653
15378,9281
15378,16775
15379,655
15379,16775
15380,4180
15380,14254
15381,3175
15381,9901
15382,8823
15382,18081
15383,19640
15383,21863
15384,12407
15384,23328
15385,8064
15385,12407
15385,21662
15386,16153
15386,21062
15387,1430
15387,10732
15387,12754
15387,23360
15387,24024
15388,4275
15388,5275
15388,6762
15388,6764
15388,11917
15388,18698
15388,21767
15389,14650
15389,16829
15390,21504
15390,21995
15391,43
15391,1430
15391,1668
15391,7689
15391,13919
15391,17762
15391,23716
15392,11917
15392,21324
15393,21965
15393,22521
15394,10531
15394,18454
15394,21767
15394,23468
15395,20800
15395,21495
15396,8948
15396,16972
15397,9912
15397,19765
15398,16053
15398,23506
15399,837
15399,4108
15400,6187
15400,22909
15401,14572
15401,15639
15402,35
15402,1943
15402,15639
15403,16362
15403,19336
15404,7407
15404,7534
15404,18049
15405,8957
15405,10412
15405,23342
15406,15639
15406,18049
15407,10412
15407,14137
15407,16896
15407,19479
15408,6458
15408,13076
15408,19346
15409,26914
15409,27562
15410,26914
15410,27562
15410,27715
15411,26914
15411,27562
15412,26914
15412,27562
15413,27715
15413,28001
15414,5141
15414,20036
15414,24348
15414,29007
15415,879
15415,20036
15416,18915
15416,28786
15417,23765
15417,25830
15418,10781
15418,28667
15419,14198
15419,29227
15420,26111
15420,29440
15421,19763
15421,24589
15422,1600
15422,11889
15423,6305
15423,28232
15424,12931
15424,31379
15424,31473
15425,459
15425,1386
15426,459
15426,5443
15427,1531
15427,3586
15428,212
15428,8919
15429,15481
15429,16315
15430,6356
15430,6808
15431,3320
15431,21347
15432,3776
15432,23263
15433,3338
15433,26906
15434,2424
15434,10042
15435,17994
15435,24500
15436,1254
15436,1260
15437,308
15437,315
15438,3145
15438,3317
15439,16374
15439,18895
15439,18896
15440,3459
15440,8149
15441,3280
15441,13012
15442,3280
15442,17160
15443,326
15443,10642
15444,3566
15444,16687
15444,19810
15445,822
15445,8840
15446,154
15446,331
15447,23247
15447,30996
15448,9739
15448,14850
15448,15694
15449,12879
15449,13172
15450,14829
15450,15469
15451,31
15451,2714
15452,359
15452,2740
15453,11739
15453,11741
15454,779
15454,4106
15455,12094
15455,12162
15456,16807
15456,18414
15457,19
15457,20
15458,30190
15458,30725
15458,30765
15459,5343
15459,6706
15460,6756
15460,20444
15461,4723
15461,19883
15462,9013
15462,17380
15463,1034
15463,5129
15464,1184
15464,2233
15465,1056
15465,5944
15466,9874
15466,10021
15467,5944
15467,6001
15468,59
15468,5147
15469,1804
15469,5822
15470,18597
15470,18620
15471,1195
15471,13187
15472,3222
15472,3428
15473,9672
15473,14701
15473,20488
15474,14701
15474,20488
15475,14701
15475,20488
15476,14701
15476,20488
15477,1516
15477,1727
15478,2755
15478,6406
15479,12094
15479,12162
15480,4177
15480,4296
15481,13968
15481,15514
15482,2835
15482,11883
15483,2033
15483,11949
15484,8012
15484,16938
15485,8911
15485,15713
15486,4991
15486,9446
15487,15466
15487,16421
15488,12409
15488,18318
15488,20448
15489,787
15489,3666
15490,4422
15490,4564
15491,3640
15491,6718
15491,6719
15491,7173
15492,203
15492,3666
15493,1491
15493,4504
15494,626
15494,2336
15495,5009
15495,8528
15495,12964
15496,14899
15496,17435
15497,14800
15497,17804
15498,6508
15498,10108
15499,2788
15499,13734
15499,23590
15500,2788
15500,13734
15501,626
15501,2336
15502,6508
15502,10108
15503,7570
15503,15774
15504,29241
15504,29673
15505,15474
15505,15539
15506,10423
15506,24690
15507,12393
15507,17351
15508,4779
15508,4834
15509,243
15509,3024
15510,1944
15510,6202
15511,1577
15511,5548
15512,6811
15512,7836
15513,465
15513,1577
15514,1944
15514,4323
15515,1924
15515,10362
15516,8888
15516,13896
15517,295
15517,3798
15518,1024
15518,12689
15518,14686
15519,8888
15519,12689
15520,8045
15520,11996
15521,1757
15521,13191
15522,8868
15522,11686
15522,12155
15523,1105
15523,15417
15524,4562
15524,15211
15525,6800
15525,15211
15526,14221
15526,15528
15527,15036
15527,15055
15528,5142
15528,10283
15529,14221
15529,15934
15530,1944
15530,16817
15531,5524
15531,5827
15532,5524
15532,5827
15532,14235
15533,2683
15533,15201
15534,1493
15534,16428
15535,4177
15535,4451
15536,2503
15536,20011
15537,9759
15537,10179
15538,2019
15538,16262
15539,2729
15539,11768
15540,1920
15540,7369
15541,0
15541,58
15542,9797
15542,10362
15543,6762
15543,6764
15544,3061
15544,10362
15545,11686
15545,19479
15546,25357
15546,25806
15547,25042
15547,25587
15548,25042
15548,25587
15549,89
15549,2729
15550,11672
15550,25042
15551,89
15551,8654
15551,11672
15552,89
15552,822
15553,9347
15553,24692
15554,769
15554,27418
15555,8378
15555,17643
15556,27768
15556,28103
15557,27011
15557,28892
15558,26822
15558,27230
15559,27598
15559,28199
15560,25554
15560,27768
15561,27598
15561,28199
15562,483
15562,21983
15563,10740
15563,10839
15563,11022
15563,22990
15564,29181
15564,29878
15565,10423
15565,24690
15566,9272
15566,28501
15567,29052
15567,30314
15568,32
15568,1502
15569,250
15569,1728
15570,3458
15570,28059
15571,15180
15571,26468
15572,3640
15572,8043
15573,15363
15573,15668
15574,17356
15574,18086
15574,19568
15574,19882
15575,1666
15575,17356
15576,1359
15576,3019
15577,2345
15577,3285
15578,1046
15578,1173
15579,6214
15579,7722
15580,108
15580,2511
15581,5483
15581,10356
15582,6036
15582,6322
15583,9497
15583,9501
15584,1597
15584,1915
15585,1920
15585,3446
15586,483
15586,4217
15587,1585
15587,1608
15588,1771
15588,1835
15589,1085
15589,1771
15590,308
15590,315
15591,4347
15591,6883
15592,743
15592,7376
15593,14829
15593,15469
15594,10521
15594,12431
15595,7475
15595,9137
15596,11234
15596,24710
15597,5123
15597,5159
15598,14187
15598,14641
15599,955
15599,4567
15600,955
15600,8574
15601,4567
15601,6794
15602,942
15602,11792
15603,240
15603,7707
15604,4567
15604,7838
15605,4567
15605,9770
15606,27379
15606,28829
15607,350
15607,426
15608,3190
15608,3238
15609,1261
15609,1463
15610,3954
15610,7200
15611,1871
15611,2282
15612,11752
15612,13214
15613,19212
15613,20947
15614,5395
15614,5782
15615,3073
15615,4861
15616,18895
15616,18896
15617,11336
15617,13117
15618,14850
15618,15046
15619,12965
15619,13380
15620,1379
15620,1799
15620,1940
15621,994
15621,3795
15622,12363
15622,13203
15623,1693
15623,13724
15624,12551
15624,12735
15624,12928
15625,12661
15625,13801
15626,12630
15626,17761
15627,16647
15627,16862
15628,8537
15628,13576
15629,83
15629,1330
15629,8945
15630,24842
15630,25726
15631,13576
15631,23307
15632,20476
15632,21713
15633,29450
15633,29664
15634,18450
15634,19524
15635,17062
15635,17204
15636,787
15636,1431
15637,140
15637,143
15638,301
15638,7561
15639,4177
15639,4355
15640,1596
15640,10440
15641,1055
15641,1056
15642,13370
15642,15923
15643,16807
15643,18414
15644,1514
15644,1517
15645,1768
15645,17899
15646,1514
15646,1559
15647,11234
15647,22274
15648,5894
15648,23891
15649,8946
15649,26500
15650,17899
15650,19875
15650,26171
15650,27534
15651,26293
15651,26384
15651,27456
15652,7295
15652,25974
15653,3568
15653,25257
15654,26131
15654,26354
15654,27646
15655,13923
15655,14020
15656,26130
15656,26282
15656,26543
15657,25622
15657,26200
15658,26130
15658,28741
15659,28923
15659,30629
15660,30025
15660,30026
15661,1254
15661,1260
15662,5129
15662,12298
15663,8396
15663,10827
15664,5129
15664,12298
15665,26625
15665,26633
15665,27600
15666,1768
15666,1966
15667,14829
15667,15469
15668,18036
15668,18540
15669,1028
15669,1241
15669,5794
15670,59
15670,5147
15670,12564
15671,12629
15671,16128
15672,1195
15672,1196
15673,91
15673,10607
15674,5888
15674,8191
15674,9763
15675,27977
15675,28277
15676,12394
15676,14361
15677,1475
15677,1676
15678,2147
15678,2149
15679,11083
15679,11161
15680,11083
15680,11161
15681,1798
15681,2033
15682,236
15682,4290
15683,3713
15683,4290
15684,1591
15684,1592
15685,2771
15685,2803
15686,8837
15686,19494
15686,20027
15687,743
15687,7376
15688,11445
15688,12109
15689,1585
15689,1608
15690,6672
15690,10356
15691,6672
15691,14766
15692,17994
15692,24500
15693,17903
15693,21904
15694,22545
15694,24772
15695,6672
15695,10356
15696,14209
15696,15860
15697,5123
15697,11879
15698,22443
15698,26075
15699,26061
15699,26062
15700,25270
15700,30862
15701,28389
15701,30314
15702,26884
15702,27051
15703,22134
15703,23517
15704,10423
15704,24690
15705,20174
15705,20202
15706,100
15706,31117
15707,4424
15707,31636
15708,5395
15708,5782
15709,6369
15709,8334
15710,4309
15710,6076
15711,292
15711,295
15712,2379
15712,21238
15713,12111
15713,18581
15714,14050
15714,15644
15715,4601
15715,18338
15716,1160
15716,26094
15717,18045
15717,29368
15718,2480
15718,22528
15719,13446
15719,17427
15720,21597
15720,27150
15721,21300
15721,25445
15722,16687
15722,19810
15723,395
15723,435
15724,85
15724,1688
15725,69
15725,16770
15726,9411
15726,10405
15727,227
15727,20044
15728,227
15728,20044
15729,227
15729,20044
15730,349
15730,2872
15731,308
15731,315
15732,5395
15732,5782
15733,265
15733,9454
15734,7766
15734,11567
15735,5123
15735,13012
15736,13821
15736,14383
15737,1374
15737,12890
15738,2568
15738,5370
15738,12271
15738,16168
15739,4539
15739,11487
15739,13296
15739,13813
15740,4539
15740,15539
15741,8501
15741,13426
15742,4045
15742,4733
15743,1477
15743,12849
15744,1920
15744,12532
15745,3106
15745,3954
15745,7200
15745,16178
15746,89
15746,3675
15747,22
15747,3566
15748,3954
15748,7200
15749,5543
15749,19049
15750,10642
15750,20067
15751,16403
15751,16464
15752,2798
15752,7535
15753,13217
15753,21457
15754,3600
15754,13520
15754,13547
15754,21054
15755,5970
15755,7200
15756,3954
15756,7200
15757,7200
15757,11955
15758,10662
15758,18693
15759,12281
15759,13226
15760,3954
15760,12281
15761,15481
15761,16315
15762,22211
15762,24765
15763,1402
15763,12788
15763,27799
15763,29365
15764,30220
15764,30346
15765,16061
15765,19450
15766,6596
15766,16001
15767,13333
15767,30508
15768,2819
15768,2822
15769,11336
15769,13117
15770,11990
15770,30389
15771,306
15771,4142
15772,2681
15772,3551
15773,2681
15773,3551
15774,2511
15774,2681
15774,3551
15775,1871
15775,2282
15776,1871
15776,2282
15777,1871
15777,2282
15778,1871
15778,2282
15779,1871
15779,2282
15780,1871
15780,2282
15781,1871
15781,2282
15782,1871
15782,2282
15783,1871
15783,2282
15784,1871
15784,2282
15785,1871
15785,2282
15786,1871
15786,2282
15787,1871
15787,2282
15788,992
15788,1435
15789,992
15789,7109
15790,992
15790,1435
15791,15275
15791,16055
15792,8705
15792,23728
15793,4752
15793,8705
15794,6124
15794,23017
15795,8705
15795,23728
15796,8705
15796,12393
15797,23570
15797,29688
15798,25080
15798,29688
15799,1212
15799,4656
15800,12942
15800,22720
15801,9024
15801,16259
15802,12673
15802,14313
15803,12486
15803,13012
15804,15804
15804,15828
15805,3869
15805,25093
15806,3869
15806,25093
15807,3869
15807,25093
15808,3869
15808,25093
15809,3869
15809,25093
15810,3869
15810,25093
15811,3869
15811,25093
15812,19785
15812,31286
15813,11336
15813,13117
15814,11336
15814,13117
15815,1379
15815,1799
15815,1940
15816,14809
15816,18963
15817,5766
15817,18696
15818,11739
15818,11741
15819,268
15819,2713
15820,887
15820,4106
15821,4417
15821,6207
15822,2442
15822,2445
15822,7261
15823,772
15823,11017
15824,3286
15824,11407
15825,4903
15825,17719
15826,1740
15826,17274
15827,4668
15827,8820
15828,3969
15828,12276
15829,12094
15829,18089
15830,4177
15830,4355
15830,18406
15831,11748
15831,13144
15832,10774
15832,21312
15833,19
15833,20
15834,1438
15834,11686
15835,7255
15835,11686
15836,11234
15836,22274
15837,1173
15837,25908
15838,8946
15838,26500
15839,29492
15839,31381
15840,8177
15840,8322
15841,181
15841,9130
15842,6095
15842,9038
15843,24642
15843,27003
15844,1107
15844,1920
15845,478
15845,6011
15846,7007
15846,15724
15847,8475
15847,16925
15848,23324
15848,23383
15849,26189
15849,26229
15850,9636
15850,19818
15851,2827
15851,2889
15852,17077
15852,17328
15853,50
15853,2379
15854,22983
15854,22986
15855,20800
15855,21495
15856,2827
15856,2889
15857,3190
15857,3238
15858,3190
15858,3238
15859,955
15859,1487
15860,308
15860,315
15861,16262
15861,17624
15862,308
15862,315
15863,308
15863,315
15864,17207
15864,22013
15865,1337
15865,1391
15866,23789
15866,23796
15867,59
15867,540
15868,59
15868,2780
15869,6689
15869,8731
15870,6744
15870,14679
15871,3484
15871,3990
15872,8775
15872,16393
15873,15686
15873,17337
15874,4884
15874,16128
15875,7208
15875,7302
15875,12483
15876,11686
15876,21739
15877,8216
15877,12638
15878,13546
15878,18707
15879,8626
15879,28985
15880,165
15880,22664
15881,30083
15881,30320
15882,10999
15882,13009
15883,185
15883,466
15884,2278
15884,10523
15885,13273
15885,14802
15886,2775
15886,14939
15887,23868
15887,23870
15888,2827
15888,2889
15889,850
15889,10405
15890,9496
15890,20636
15891,687
15891,2019
15891,16262
15891,19080
15891,22750
15892,459
15892,1386
15893,154
15893,331
15894,1608
15894,10866
15895,185
15895,466
15896,17896
15896,19314
15897,2412
15897,3178
15898,140
15898,143
15899,3013
15899,3396
15900,3456
15900,5766
15901,11730
15901,11863
15902,3584
15902,4850
15903,13370
15903,15923
15904,4903
15904,6310
15905,480
15905,10790
15906,6720
15906,18736
15907,16807
15907,17964
15908,10696
15908,14180
15909,5037
15909,20957
15910,5377
15910,21820
15911,15470
15911,16025
15911,16026
15912,7786
15912,18399
15913,11234
15913,22274
15914,20780
15914,24949
15915,6628
15915,13445
15916,26131
15916,26354
15916,27646
15917,19994
15917,20008
15918,19875
15918,23751
15919,26690
15919,27445
15920,8973
15920,20550
15921,23132
15921,23196
15922,28021
15922,29006
15923,27964
15923,27966
15923,27968
15924,27078
15924,27930
15925,26295
15925,27328
15926,29449
15926,30355
15926,30399
15926,30935
15927,24797
15927,30785
15928,7353
15928,20652
15929,7962
15929,17701
15930,787
15930,1431
15931,451
15931,3655
15932,6316
15932,6318
15932,6759
15933,8292
15933,8573
15934,1261
15934,2336
15934,15363
15935,12162
15935,18089
15936,14324
15936,15108
15936,21627
15936,23596
15937,4320
15937,4452
15938,2939
15938,3788
15939,4221
15939,9839
15940,6401
15940,7839
15941,1167
15941,16432
15942,1167
15942,16432
15943,7793
15943,10431
15944,1167
15944,16432
15945,18667
15945,23390
15946,227
15946,3375
15946,3376
15946,6849
15947,22778
15947,22902
15948,694
15948,23747
15949,3488
15949,7405
15950,3954
15950,4837
15951,13112
15951,18516
15952,9689
15952,18722
15953,1871
15953,2282
15954,189
15954,8537
15955,2811
15955,5103
15956,15481
15956,16315
15957,10890
15957,12997
15958,1049
15958,12609
15959,43
15959,6607
15959,11891
15960,24173
15960,24243
15961,1422
15961,1521
15962,435
15962,1608
15962,3314
15963,3312
15963,3503
15964,1043
15964,6294
15965,5037
15965,10929
15966,4236
15966,5167
15966,14557
15967,11750
15967,16632
15968,1291
15968,16632
15969,12662
15969,16632
15970,517
15970,16632
15971,22006
15971,22107
15972,43
15972,6607
15972,11891
15973,14397
15973,15327
15974,25909
15974,25936
15975,11853
15975,16632
15976,26850
15976,26912
15977,16632
15977,25356
15978,29012
15978,29016
15979,3492
15979,20527
15980,27762
15980,28052
15981,955
15981,1487
15982,9727
15982,10659
15983,12662
15983,16863
15984,1564
15984,9812
15985,9197
15985,10478
15986,907
15986,2498
15987,907
15987,10890
15987,12997
15988,1049
15988,12609
15989,5473
15989,20116
15990,24173
15990,24243
15991,13560
15991,13664
15992,28434
15992,28443
15993,6393
15993,10263
15994,9832
15994,18527
15995,5443
15995,9389
15996,5443
15996,9389
15997,787
15997,1431
15998,1599
15998,6789
15999,3584
15999,4850
16000,5772
16000,18388
16001,23082
16001,23672
16002,5894
16002,23891
16002,24754
16003,21264
16003,21281
16004,23576
16004,31197
16005,5443
16005,9389
16006,5443
16006,9389
16007,994
16007,3795
16008,7722
16008,11949
16009,13969
16009,14169
16010,5688
16010,14769
16011,19845
16011,24085
16012,2456
16012,16085
16013,1379
16013,1940
16014,11905
16014,13051
16015,3376
16015,15166
16016,10822
16016,17174
16017,1560
16017,7479
16018,4392
16018,5012
16019,4142
16019,6775
16020,13014
16020,18802
16020,19186
16021,14809
16021,18963
16022,2616
16022,3100
16023,694
16023,699
16024,4142
16024,6775
16025,6084
16025,19167
16026,1069
16026,5995
16027,13012
16027,13922
16028,11336
16028,13117
16029,2345
16029,11336
16030,5422
16030,11336
16030,13117
16031,4986
16031,17085
16032,11336
16032,13117
16033,17820
16033,18019
16034,3954
16034,4837
16035,786
16035,17085
16036,14578
16036,16816
16037,12042
16037,28807
16038,5888
16038,27977
16039,3900
16039,14582
16040,8292
16040,8573
16041,2108
16041,17265
16042,2108
16042,17265
16042,21031
16043,1055
16043,1056
16044,1055
16044,1056
16044,1416
16045,9497
16045,9501
16046,1085
16046,1771
16047,1379
16047,1799
16047,1940
16048,994
16048,3795
16049,140
16049,143
16050,15686
16050,17337
16051,4560
16051,10460
16052,15081
16052,15092
16053,11234
16053,22274
16054,787
16054,1431
16055,3795
16055,3798
16056,4389
16056,4391
16057,10971
16057,15805
16058,1379
16058,1940
16059,994
16059,3795
16060,19521
16060,22861
16060,22892
16061,11917
16061,20044
16062,2480
16062,9312
16063,24642
16063,27003
16064,17333
16064,29056
16065,2529
16065,16588
16065,20527
16066,4048
16066,10149
16067,12262
16067,14468
16068,59
16068,8528
16068,15686
16069,4284
16069,10171
16070,11410
16070,14328
16071,19620
16071,21851
16072,7471
16072,8312
16072,8585
16073,8590
16073,24691
16074,14829
16074,15469
16075,154
16075,331
16076,2827
16076,2889
16077,4048
16077,10149
16078,4588
16078,16982
16079,4374
16079,5970
16080,12000
16080,26185
16081,4903
16081,6310
16082,12094
16082,18089
16083,30352
16083,30363
16084,236
16084,1107
16085,9854
16085,12304
16086,3954
16086,7200
16087,59
16087,2780
16088,16755
16088,16757
16089,1463
16089,11752
16090,16755
16090,16757
16091,4045
16091,11299
16092,2976
16092,3392
16093,2681
16093,3551
16094,2798
16094,8365
16095,758
16095,11041
16096,401
16096,3604
16097,6393
16097,12094
16098,7535
16098,7932
16099,21742
16099,26129
16100,10793
16100,14446
16101,3954
16101,7200
16101,15046
16102,1650
16102,7539
16103,9005
16103,17258
16104,1386
16104,3861
16105,1386
16105,1777
16105,6477
16106,5037
16106,8119
16107,1871
16107,10238
16108,11331
16108,16062
16109,253
16109,11325
16110,253
16110,11325
16111,8590
16111,12317
16112,18452
16112,18459
16113,9875
16113,19605
16114,43
16114,23313
16115,1585
16115,19973
16116,8229
16116,8705
16117,4601
16117,18338
16117,26964
16118,1167
16118,12393
16119,7251
16119,27680
16120,25201
16120,26199
16121,10584
16121,26911
16122,23907
16122,24567
16123,25080
16123,27239
16124,25080
16124,25227
16125,29012
16125,29016
16126,13355
16126,22636
16127,28456
16127,29128
16128,1135
16128,2780
16129,59
16129,1135
16129,3091
16130,1135
16130,3091
16131,1135
16131,2780
16132,1135
16132,2780
16133,2780
16133,3091
16134,2780
16134,3091
16135,2780
16135,16393
16136,9815
16136,9820
16137,786
16137,3798
16138,478
16138,9398
16139,26914
16139,27562
16140,19845
16140,24085
16141,18516
16141,18721
16142,7766
16142,11940
16143,8837
16143,19494
16144,26799
16144,27131
16145,2780
16145,6744
16145,12554
16146,4772
16146,16652
16147,12629
16147,17156
16148,27304
16148,28550
16149,5944
16149,6001
16150,4392
16150,5329
16151,1463
16151,1467
16152,1463
16152,1467
16153,1463
16153,1467
16154,1871
16154,11157
16155,1944
16155,16817
16156,967
16156,1916
16156,3115
16157,6137
16157,6138
16158,1916
16158,2472
16158,7485
16159,1585
16159,1608
16160,5888
16160,8535
16161,3572
16161,9817
16162,1585
16162,1608
16163,1392
16163,3535
16163,11041
16164,4982
16164,24705
16164,26906
16165,2827
16165,2889
16166,1944
16166,16817
16167,1105
16167,1890
16168,13078
16168,13079
16169,81
16169,402
16170,2056
16170,2822
16171,7555
16171,9049
16172,11174
16172,11302
16173,8191
16173,9763
16174,4528
16174,5123
16175,3375
16175,11719
16176,6946
16176,9763
16177,3375
16177,4502
16178,8191
16178,9763
16179,1634
16179,10353
16179,10897
16180,16374
16180,17187
16180,18895
16180,18896
16181,16374
16181,18895
16181,18896
16182,8191
16182,8612
16183,6458
16183,6460
16184,1634
16184,4528
16185,8191
16185,9763
16186,2560
16186,8837
16187,9901
16187,17443
16188,4539
16188,17563
16189,108
16189,13342
16190,20193
16190,20207
16191,2546
16191,13176
16192,11467
16192,17443
16193,108
16193,8837
16193,20990
16194,8837
16194,20027
16194,20990
16195,17646
16195,19144
16196,8837
16196,20027
16197,17443
16197,18311
16198,18311
16198,19222
16199,17443
16199,21732
16200,7200
16200,24956
16201,23161
16201,28475
16202,2122
16202,13201
16203,11256
16203,20831
16203,22595
16204,1048
16204,1337
16205,1048
16205,1337
16206,308
16206,315
16207,5167
16207,6007
16207,15730
16208,1366
16208,4844
16208,16196
16208,16230
16209,12546
16209,14817
16210,9474
16210,10536
16211,12128
16211,14850
16212,21280
16212,23525
16213,7971
16213,16196
16214,18445
16214,28282
16215,23841
16215,28282
16216,14094
16216,17113
16217,4014
16217,4064
16218,3640
16218,6719
16219,3610
16219,14795
16220,18628
16220,18856
16221,6379
16221,9363
16222,2695
16222,11966
16223,14809
16223,18963
16224,110
16224,1620
16225,3145
16225,3317
16226,3145
16226,3317
16227,1055
16227,1056
16228,3145
16228,3317
16229,3145
16229,3317
16229,7302
16230,3145
16230,3317
16230,14808
16231,1056
16231,12483
16232,3145
16232,3317
16232,14808
16233,3145
16233,3317
16233,14808
16234,3145
16234,14808
16235,2852
16235,5783
16236,7302
16236,15059
16237,15466
16237,16421
16238,81
16238,402
16239,75
16239,8593
16240,50
16240,53
16241,4045
16241,15481
16242,11077
16242,25978
16243,2197
16243,30581
16244,3306
16244,9897
16245,16345
16245,17289
16246,4114
16246,12133
16247,27598
16247,28199
16248,1688
16248,5541
16248,5664
16249,3954
16249,7200
16250,1585
16250,1608
16251,1291
16251,9474
16252,253
16252,10238
16252,11325
16253,253
16253,11325
16254,1564
16254,16863
16255,1585
16255,1608
16256,14397
16256,15319
16256,15327
16256,25119
16257,26975
16257,28132
16258,22259
16258,24492
16259,81
16259,402
16260,6974
16260,10103
16261,21904
16261,24706
16262,29036
16262,29764
16263,9910
16263,9958
16264,2827
16264,2889
16265,2876
16265,3007
16266,5574
16266,5581
16267,1705
16267,2677
16268,8138
16268,12675
16268,16937
16269,9296
16269,10092
16269,11271
16269,17403
16270,14829
16270,15469
16271,6036
16271,6322
16272,59
16272,381
16272,12536
16272,17506
16272,18115
16273,11234
16273,17511
16274,11084
16274,11234
16274,11731
16275,17767
16275,19129
16276,5630
16276,7208
16276,7302
16276,10522
16277,18495
16277,19875
16278,4859
16278,8676
16278,11084
16278,11234
16278,16602
16279,5082
16279,16938
16280,10150
16280,10489
16280,16339
16280,21204
16281,11281
16281,19568
16282,4471
16282,21105
16283,10150
16283,17779
16284,4366
16284,9446
16284,16425
16285,19
16285,20
16285,2230
16285,4418
16285,4991
16286,1005
16286,8216
16286,9693
16286,12638
16286,20853
16287,7116
16287,7447
16287,19518
16288,3570
16288,5630
16289,15919
16289,19641
16289,20448
16290,6393
16290,7137
16290,19589
16291,933
16291,7020
16291,10047
16291,11422
16291,16938
16291,22287
16292,1508
16292,7107
16292,21521
16293,1195
16293,1196
16294,7020
16294,7137
16294,14002
16295,7020
16295,7137
16295,13370
16295,15850
16296,10408
16296,11224
16296,16425
16296,20351
16297,8850
16297,12786
16298,2077
16298,12164
16298,18970
16298,20314
16299,11234
16299,22274
16300,4838
16300,5377
16301,3637
16301,8440
16301,8914
16301,15923
16302,5145
16302,9074
16302,12911
16303,14504
16303,17182
16303,17413
16303,20365
16304,1883
16304,20619
16305,3969
16305,4859
16305,7020
16305,16726
16306,7288
16306,9378
16306,22987
16307,10505
16307,11752
16308,11234
16308,22274
16309,8856
16309,23030
16310,3817
16310,7488
16311,933
16311,1326
16311,13374
16311,22344
16311,24038
16312,15810
16312,17779
16312,20283
16313,13212
16313,19675
16313,19677
16313,24142
16313,24306
16314,7744
16314,8138
16314,11686
16314,14808
16314,15059
16314,16619
16314,21292
16314,22631
16315,12248
16315,24300
16316,10408
16316,16537
16317,2200
16317,12029
16317,12629
16317,14197
16317,15469
16317,24038
16317,24622
16318,16021
16318,17732
16318,18950
16318,22313
16318,24934
16319,3377
16319,26785
16319,27721
16319,29241
16320,27176
16320,27609
16320,29989
16321,16799
16321,29545
16321,29590
16322,3886
16322,4796
16322,13963
16322,31113
16322,31138
16323,1399
16323,1441
16324,1399
16324,1441
16325,1399
16325,2172
16326,4406
16326,4478
16327,6792
16327,9130
16328,2412
16328,16670
16329,19746
16329,20714
16330,81
16330,402
16331,2827
16331,2889
16332,14261
16332,14309
16333,14103
16333,14176
16334,17820
16334,28911
16335,27231
16335,28603
16336,3949
16336,5258
16337,15546
16337,15931
16338,11384
16338,16807
16339,29449
16339,30935
16340,17095
16340,31542
16341,22778
16341,22902
16342,230
16342,245
16343,921
16343,1814
16344,993
16344,3830
16345,3954
16345,7200
16346,3954
16346,7200
16347,1148
16347,1959
16347,5273
16347,11250
16348,14197
16348,15810
16349,11234
16349,22274
16350,5145
16350,7400
16350,7447
16350,22806
16351,11234
16351,22274
16352,1602
16352,6719
16352,18909
16353,4094
16353,8332
16354,23512
16354,23513
16355,2165
16355,21471
16356,13300
16356,24622
16357,3957
16357,5667
16357,9074
16357,12629
16357,21920
16357,24622
16357,25014
16358,26558
16358,26639
16359,3954
16359,6059
16359,7200
16359,17085
16360,9897
16360,21415
16361,17085
16361,24956
16362,7045
16362,19861
16363,643
16363,3146
16364,643
16364,3146
16365,81
16365,402
16365,643
16366,575
16366,643
16367,8305
16367,10218
16368,12262
16368,14468
16369,3285
16369,8990
16370,4417
16370,6207
16371,842
16371,12716
16372,29428
16372,29709
16373,16061
16373,19450
16374,6412
16374,20777
16375,15470
16375,16025
16375,16026
16376,627
16376,1931
16377,2761
16377,4876
16378,1028
16378,1326
16379,81
16379,643
16380,13078
16380,13079
16381,6412
16381,20777
16382,2314
16382,3566
16383,2314
16383,22049
16384,2314
16384,3566
16385,875
16385,8088
16386,254
16386,8166
16387,5329
16387,7426
16388,5123
16388,5159
16389,2564
16389,14328
16389,15754
16390,4159
16390,5282
16390,15238
16391,3073
16391,3488
16391,4861
16392,3645
16392,4159
16392,5282
16393,17697
16393,18143
16394,4011
16394,8097
16395,3296
16395,17575
16396,15014
16396,19637
16397,2560
16397,19487
16398,3285
16398,7900
16398,8990
16399,4023
16399,14830
16400,15481
16400,16315
16401,25326
16401,25771
16402,4220
16402,17065
16403,1437
16403,8990
16403,11917
16403,23412
16404,993
16404,13324
16404,27351
16405,12884
16405,18378
16406,128
16406,18125
16407,10309
16407,27645
16408,7269
16408,29988
16409,1564
16409,27240
16409,29181
16409,29878
16410,1055
16410,1056
16411,1055
16411,1056
16412,1055
16412,5079
16413,7208
16413,7302
16414,4374
16414,4468
16415,1055
16415,1056
16415,5452
16416,4106
16416,5452
16417,4374
16417,4468
16418,17561
16418,17623
16418,18417
16419,987
16419,1920
16420,3365
16420,17575
16421,81
16421,402
16422,8868
16422,12155
16423,16699
16423,18476
16424,2402
16424,2667
16424,13813
16425,2402
16425,2667
16426,2402
16426,2667
16426,20353
16427,2402
16427,2667
16428,16112
16428,26786
16429,6198
16429,17892
16429,20951
16430,1839
16430,3271
16431,1871
16431,2282
16432,5395
16432,5782
16433,993
16433,3908
16434,10586
16434,12456
16434,13434
16435,75
16435,8593
16436,1022
16436,10727
16437,1760
16437,3505
16438,4603
16438,5306
16439,9689
16439,18721
16439,18722
16440,154
16440,331
16441,1871
16441,3346
16442,1871
16442,2282
16443,1871
16443,2282
16444,1871
16444,2282
16445,992
16445,1435
16446,8705
16446,23728
16447,4389
16447,4391
16448,2790
16448,15744
16449,8191
16449,9763
16450,7005
16450,7011
16451,14809
16451,18963
16452,14809
16452,18963
16453,8136
16453,23468
16454,4272
16454,4541
16455,5395
16455,5782
16456,14193
16456,14587
16457,22112
16457,23758
16458,994
16458,3795
16459,1991
16459,11809
16460,19489
16460,21865
16460,21951
16461,19489
16461,21865
16462,23317
16462,23798
16463,4129
16463,14035
16463,22783
16464,19905
16464,22429
16465,19905
16465,22429
16466,23324
16466,23383
16467,423
16467,6339
16468,157
16468,2033
16469,8837
16469,17654
16470,17623
16470,18417
16471,21518
16471,23795
16472,26094
16472,26232
16473,181
16473,9130
16474,2778
16474,9689
16475,3675
16475,8497
16476,359
16476,2740
16477,17637
16477,17971
16478,10897
16478,21430
16479,25
16479,38
16480,1048
16480,1337
16480,1391
16481,23765
16481,24455
16482,19845
16482,24085
16483,579
16483,4193
16484,14674
16484,14734
16485,9410
16485,9528
16485,11860
16486,24869
16486,24871
16487,2761
16487,4876
16488,24869
16488,24871
16489,16822
16489,24004
16490,9528
16490,13932
16491,10468
16491,28843
16492,16340
16492,25833
16493,1379
16493,1799
16493,1940
16494,1920
16494,4769
16495,1107
16495,1634
16496,8191
16496,9763
16497,1634
16497,2134
16498,8191
16498,8837
16498,9763
16499,395
16499,435
16500,9005
16500,17258
16501,24908
16501,25078
16502,6631
16502,15497
16503,13763
16503,30774
16504,1028
16504,1241
16505,1028
16505,1326
16506,6714
16506,8934
16507,8874
16507,12964
16508,308
16508,315
16509,1014
16509,1291
16510,8590
16510,12317
16510,12343
16511,24212
16511,24704
16512,5443
16512,9389
16513,3392
16513,6457
16514,5123
16514,5159
16515,16061
16515,19450
16516,21468
16516,21469
16517,11234
16517,22274
16518,11234
16518,22274
16519,11234
16519,22274
16520,1768
16520,1966
16520,11245
16521,3563
16521,18381
16522,11250
16522,14782
16522,15719
16523,20586
16523,21014
16524,7535
16524,16807
16524,17964
16525,3817
16525,16418
16526,14018
16526,15679
16527,9074
16527,10651
16527,25095
16527,25128
16528,20525
16528,20745
16529,26293
16529,26384
16530,4673
16530,4676
16531,26293
16531,26384
16532,26293
16532,26384
16533,26282
16533,26284
16534,27600
16534,27919
16535,27304
16535,28550
16536,26293
16536,26384
16537,211
16537,27619
16537,28729
16537,29304
16538,7945
16538,20976
16538,27833
16539,5894
16539,18597
16540,26130
16540,27560
16541,11591
16541,28608
16542,26130
16542,27303
16543,25278
16543,27560
16544,5894
16544,27527
16545,29255
16545,29373
16546,1599
16546,6789
16547,29845
16547,30866
16548,27750
16548,30475
16549,13436
16549,26533
16549,31024
16550,28718
16550,29304
16551,26754
16551,27039
16552,4159
16552,5282
16553,1768
16553,1966
16554,5888
16554,27977
16555,1666
16555,17356
16556,11234
16556,22274
16557,13769
16557,14029
16558,17910
16558,18046
16559,43
16559,6607
16559,11891
16560,3954
16560,7200
16561,6629
16561,14771
16562,6124
16562,9133
16563,3954
16563,4837
16564,50
16564,53
16565,7372
16565,19049
16566,14093
16566,16403
16567,1871
16567,2282
16568,1055
16568,1056
16569,988
16569,1080
16570,4507
16570,4520
16571,3807
16571,4847
16572,11234
16572,22274
16573,11234
16573,22274
16574,2788
16574,24721
16575,3780
16575,3800
16576,1055
16576,1056
16577,2876
16577,3007
16578,11234
16578,22274
16579,6471
16579,26647
16580,11905
16580,19784
16581,2314
16581,3566
16582,22
16582,2314
16583,5097
16583,20733
16584,9023
16584,21778
16585,5783
16585,16560
16586,11066
16586,15538
16587,4791
16587,23171
16588,1429
16588,7618
16589,15363
16589,15668
16589,15983
16590,6835
16590,6879
16591,10869
16591,10918
16592,154
16592,331
16593,284
16593,288
16594,15481
16594,16315
16595,8769
16595,10570
16596,4371
16596,7567
16597,14397
16597,15319
16597,15327
16598,2717
16598,10099
16599,24215
16599,27424
16600,1585
16600,1608
16601,955
16601,1487
16602,695
16602,1608
16603,8594
16603,11987
16604,6000
16604,6186
16605,1585
16605,1608
16606,3954
16606,7200
16607,3954
16607,7200
16608,2569
16608,7110
16609,200
16609,236
16609,4196
16610,1799
16610,1940
16610,3541
16611,1468
16611,5301
16612,994
16612,3795
16613,743
16613,7376
16614,1592
16614,21980
16615,1808
16615,1810
16616,6363
16616,7556
16617,20193
16617,20207
16618,9348
16618,9487
16619,14809
16619,18963
16620,20425
16620,21687
16621,16902
16621,26078
16622,14397
16622,14430
16622,28814
16623,11812
16623,22438
16624,10532
16624,29553
16625,26282
16625,26284
16626,25573
16626,30713
16627,6065
16627,9061
16628,13919
16628,17492
16629,4142
16629,6775
16630,3640
16630,6719
16631,5123
16631,5159
16631,11320
16631,11677
16631,11972
16631,15002
16632,423
16632,15036
16632,15055
16633,7927
16633,7929
16634,3954
16634,7200
16635,8191
16635,9763
16636,8475
16636,16925
16637,3130
16637,21197
16638,1043
16638,14588
16639,27471
16639,28242
16640,25356
16640,29629
16641,6007
16641,8615
16642,10053
16642,11435
16643,1028
16643,1241
16644,1749
16644,2033
16645,14409
16645,14589
16646,12849
16646,13922
16647,3073
16647,4045
16647,4861
16648,16374
16648,17187
16649,8837
16649,20990
16650,1173
16650,1335
16651,23297
16651,24956
16652,822
16652,5054
16653,12697
16653,28456
16654,13979
16654,14043
16655,786
16655,18986
16656,4833
16656,6214
16657,643
16657,6457
16658,81
16658,402
16659,2772
16659,14521
16660,13965
16660,14415
16661,1531
16661,3586
16662,1055
16662,1056
16663,6842
16663,6904
16664,9895
16664,12084
16665,1758
16665,14489
16666,10053
16666,11435
16667,308
16667,315
16668,14221
16668,16471
16669,24190
16669,24272
16670,15481
16670,16315
16671,907
16671,1469
16672,15481
16672,16315
16673,9636
16673,19818
16674,994
16674,3795
16675,1417
16675,2707
16676,6654
16676,11227
16677,4844
16677,6794
16678,7913
16678,15756
16679,4001
16679,27953
16680,5844
16680,6654
16681,14939
16681,14952
16682,3764
16682,4844
16683,8312
16683,8585
16684,8312
16684,8503
16685,8312
16685,8585
16686,13273
16686,14802
16687,435
16687,1608
16688,1585
16688,1608
16689,4844
16689,6794
16690,1585
16690,1608
16691,402
16691,489
16691,869
16692,5194
16692,5195
16693,1521
16693,5111
16694,967
16694,1030
16695,3660
16695,9363
16696,3015
16696,10068
16697,1585
16697,1608
16698,12505
16698,15040
16698,17350
16699,23477
16699,25184
16700,3303
16700,3304
16701,19845
16701,24085
16702,2835
16702,11883
16703,18698
16703,21767
16704,11174
16704,11302
16705,8312
16705,8585
16706,4844
16706,6794
16707,4345
16707,5621
16708,9832
16708,18527
16709,3375
16709,3376
16710,154
16710,331
16711,7623
16711,8301
16712,6458
16712,6460
16713,913
16713,11471
16714,11836
16714,14989
16715,19372
16715,20286
16716,14809
16716,18963
16717,14397
16717,14430
16717,28814
16718,18031
16718,30283
16719,26457
16719,29789
16720,9636
16720,19818
16721,29215
16721,31360
16722,1217
16722,2551
16723,12867
16723,12898
16724,14766
16724,20081
16725,5545
16725,7405
16726,2363
16726,3001
16727,5395
16727,5782
16728,5395
16728,5782
16729,4558
16729,6792
16730,108
16730,1591
16730,1592
16730,11174
16731,3954
16731,7200
16732,7810
16732,28724
16733,5772
16733,14674
16734,26799
16734,27131
16735,1223
16735,1608
16736,359
16736,2740
16737,8641
16737,8685
16738,1055
16738,1056
16739,1055
16739,1056
16740,1055
16740,1056
16741,1055
16741,1056
16742,1055
16742,1056
16743,1055
16743,1056
16744,13179
16744,15717
16744,17132
16745,9497
16745,14421
16746,3145
16746,15059
16747,9497
16747,10362
16748,9497
16748,10362
16749,13337
16749,17000
16750,2788
16750,13734
16750,23590
16750,24721
16751,2788
16751,13734
16751,23590
16752,1585
16752,1608
16753,12144
16753,17315
16754,11234
16754,22274
16755,11234
16755,22274
16756,5303
16756,5304
16757,154
16757,331
16758,20964
16758,22214
16759,7535
16759,7932
16760,24161
16760,24255
16761,18880
16761,19891
16762,18880
16762,19891
16763,14809
16763,18963
16764,25998
16764,26000
16765,25998
16765,26000
16766,77
16766,9845
16767,7936
16767,31296
16768,19625
16768,19768
16769,18628
16769,18856
16770,4392
16770,5329
16771,4392
16771,5963
16772,2314
16772,3566
16773,2314
16773,3566
16774,22
16774,5370
16775,2314
16775,22049
16776,3190
16776,3238
16777,2365
16777,4210
16778,5445
16778,10642
16778,14387
16779,6275
16779,12756
16780,1195
16780,1196
16781,353
16781,12346
16782,1055
16782,1056
16783,2852
16783,5783
16783,16560
16784,5379
16784,6244
16785,2569
16785,7110
16786,5797
16786,7025
16786,10625
16787,23907
16787,24567
16788,3190
16788,3238
16789,203
16789,3703
16790,203
16790,3703
16791,3087
16791,3955
16792,4177
16792,4355
16793,6714
16793,6740
16794,5064
16794,7696
16794,8915
16795,1777
16795,7698
16796,2079
16796,9084
16797,6036
16797,6322
16797,11234
16798,2075
16798,4253
16799,1155
16799,2677
16800,1155
16800,11234
16801,6595
16801,9433
16802,4859
16802,15842
16803,6036
16803,6322
16803,18621
16804,254
16804,21002
16805,21069
16805,21086
16806,22501
16806,23527
16807,19794
16807,22314
16808,3593
16808,23740
16809,19975
16809,22987
16810,3401
16810,5630
16810,6412
16810,24327
16811,2632
16811,8626
16812,2943
16812,12926
16813,2451
16813,9384
16814,12000
16814,25555
16815,26414
16815,28773
16816,27986
16816,28054
16817,26539
16817,27756
16818,627
16818,1931
16819,13432
16819,13905
16820,13273
16820,14802
16821,4567
16821,5167
16821,12062
16822,23386
16822,24846
16823,994
16823,3795
16824,0
16824,1
16824,14462
16825,15599
16825,16907
16826,27247
16826,27315
16827,18184
16827,18293
16828,26500
16828,28806
16829,5968
16829,7165
16830,236
16830,4280
16831,6095
16831,9038
16832,4184
16832,9480
16833,2511
16833,6400
16834,713
16834,8347
16835,423
16835,4787
16836,10488
16836,18898
16837,8837
16837,19494
16838,4289
16838,19625
16839,15804
16839,15828
16840,26061
16840,28757
16841,28456
16841,29128
16842,459
16842,5699
16843,915
16843,8752
16844,145
16844,189
16845,3783
16845,9037
16846,1849
16846,2371
16847,6422
16847,6972
16847,9928
16848,6972
16848,9928
16849,4196
16849,14848
16849,14945
16850,11445
16850,12109
16851,1075
16851,18552
16852,6095
16852,9038
16853,679
16853,3244
16854,13246
16854,14779
16855,18538
16855,26840
16856,17371
16856,28140
16857,29036
16857,29764
16858,1078
16858,2506
16859,5755
16859,8027
16859,12125
16859,13472
16860,1394
16860,1456
16861,2558
16861,10659
16862,8594
16862,18573
16863,1212
16863,4656
16864,8837
16864,17654
16865,18194
16865,19000
16866,22499
16866,22840
16867,154
16867,331
16868,154
16868,331
16869,154
16869,331
16870,3190
16870,3238
16871,13757
16871,20350
16872,364
16872,2852
16873,19392
16873,20543
16874,7471
16874,8312
16874,8585
16875,8537
16875,21590
16876,1055
16876,1056
16877,1634
16877,14607
16878,96
16878,1107
16879,1634
16879,2511
16880,1634
16880,2134
16881,2546
16881,5301
16882,1634
16882,2134
16883,1634
16883,2134
16884,1634
16884,2134
16885,8962
16885,14473
16886,14546
16886,16648
16887,108
16887,14607
16888,1634
16888,14607
16889,11739
16889,11741
16890,1560
16890,1573
16891,955
16891,4138
16892,955
16892,4138
16893,1585
16893,1608
16894,7318
16894,8273
16895,8273
16895,13298
16896,18798
16896,24846
16897,20800
16897,21495
16898,1028
16898,2381
16899,13362
16899,13729
16899,13733
16900,29012
16900,29016
16901,11987
16901,16647
16902,2811
16902,15674
16903,11083
16903,11161
16904,1971
16904,12120
16905,11083
16905,11161
16906,2811
16906,15674
16907,11083
16907,11161
16908,1417
16908,2707
16909,11083
16909,11161
16910,23475
16910,23541
16911,11083
16911,11161
16912,18880
16912,19891
16913,6974
16913,10103
16914,24870
16914,24901
16915,15632
16915,21222
16916,29936
16916,30183
16917,26884
16917,27051
16918,27003
16918,31048
16919,6779
16919,25833
16920,27884
16920,28388
16921,20659
16921,29864
16922,108
16922,1591
16922,11174
16922,11765
16923,11174
16923,11765
16924,10662
16924,11174
16924,11677
16925,11174
16925,11765
16926,11083
16926,11161
16927,23475
16927,23541
16928,23475
16928,23541
16929,23475
16929,23541
16930,24756
16930,27863
16931,24756
16931,27863
16932,8167
16932,9040
16933,1417
16933,2707
16934,23280
16934,29111
16935,1074
16935,1849
16936,5247
16936,8204
16937,1753
16937,14090
16938,17606
16938,21489
16939,24756
16939,27863
16940,1379
16940,1940
16941,9041
16941,9042
16942,6457
16942,17412
16943,26914
16943,27562
16944,26914
16944,27562
16945,26914
16945,27562
16946,31590
16946,31591
16947,3798
16947,8142
16948,17989
16948,17990
16949,17989
16949,17990
16950,13821
16950,14383
16951,13821
16951,14383
16952,13821
16952,14383
16953,13821
16953,14383
16954,8990
16954,14531
16955,8900
16955,15596
16956,2369
16956,9411
16957,0
16957,1
16958,2288
16958,15979
16959,1173
16959,10430
16960,459
16960,2151
16961,11752
16961,13214
16962,26625
16962,26633
16963,1883
16963,14927
16964,1491
16964,4504
16965,5226
16965,8683
16966,5226
16966,8683
16967,540
16967,1107
16968,2971
16968,17975
16969,5126
16969,11161
16970,1379
16970,1799
16970,1940
16971,1107
16971,1920
16972,1109
16972,13592
16973,1379
16973,1799
16973,1940
16974,994
16974,3795
16975,2314
16975,3566
16976,2288
16976,2314
16976,3566
16977,14261
16977,14309
16978,11336
16978,13117
16978,14261
16979,3954
16979,4837
16979,7200
16980,236
16980,2209
16981,2819
16981,2822
16981,3815
16982,181
16982,9130
16983,2033
16983,13136
16984,20800
16984,21495
16985,7535
16985,27403
16986,1944
16986,16817
16987,8947
16987,13358
16988,7838
16988,12393
16989,7838
16989,9831
16990,3693
16990,13819
16990,20490
16991,581
16991,23386
16992,24391
16992,24617
16993,2526
16993,29968
16994,891
16994,18183
16995,8626
16995,29145
16996,11424
16996,12355
16997,11424
16997,12355
16998,11424
16998,12355
16999,27243
16999,27449
17000,7208
17000,7302
17001,7208
17001,7302
17001,7696
17002,7208
17002,7302
17003,7208
17003,7302
17004,7208
17004,7302
17005,7208
17005,7302
17006,7208
17006,7302
17007,3145
17007,15059
17008,7208
17008,7302
17009,3145
17009,14808
17009,15059
17009,22631
17010,6356
17010,23272
17011,10945
17011,22599
17012,24327
17012,26070
17013,29251
17013,29347
17014,236
17014,4196
17015,4196
17015,24275
17016,1920
17016,2184
17017,3640
17017,6719
17018,7344
17018,10319
17019,15599
17019,16907
17020,1402
17020,12788
17020,29365
17021,7722
17021,9037
17022,2363
17022,2369
17023,5637
17023,9453
17024,3306
17024,27878
17025,2798
17025,3285
17025,24449
17026,787
17026,1431
17027,2248
17027,7173
17028,5969
17028,27023
17029,11234
17029,22274
17030,1871
17030,2282
17031,1585
17031,1608
17032,75
17032,8593
17033,24831
17033,24832
17034,921
17034,2482
17035,14261
17035,16342
17036,25020
17036,27144
17037,2036
17037,2037
17038,8810
17038,9199
17038,9475
17039,7386
17039,7446
17040,3954
17040,4837
17041,11336
17041,13117
17042,3491
17042,3596
17043,3491
17043,3645
17044,11990
17044,13641
17045,13641
17045,24742
17046,627
17046,1931
17047,2876
17047,3145
17048,4422
17048,4564
17049,7400
17049,7447
17050,1055
17050,1056
17051,1510
17051,2275
17052,1055
17052,1056
17052,1596
17053,25158
17053,25908
17054,27304
17054,28550
17055,30355
17055,30399
17056,7514
17056,7540
17056,13970
17057,22965
17057,30801
17058,4899
17058,5291
17059,879
17059,5444
17060,779
17060,1804
17061,7681
17061,9107
17062,3474
17062,7832
17063,3484
17063,10592
17064,8396
17064,10827
17065,6128
17065,9674
17066,63
17066,317
17067,5129
17067,12298
17067,12443
17068,6367
17068,16723
17069,2780
17069,12554
17070,1873
17070,14002
17071,11091
17071,11766
17072,681
17072,18971
17073,5129
17073,12443
17073,18205
17074,1195
17074,1196
17075,4374
17075,21497
17076,7020
17076,7548
17077,21221
17077,22287
17078,3320
17078,21347
17079,1195
17079,1196
17080,12024
17080,12762
17081,20785
17081,27877
17082,25639
17082,27197
17083,1423
17083,29649
17084,11627
17084,11639
17085,627
17085,1931
17086,3355
17086,20488
17087,1055
17087,1056
17088,3145
17088,3317
17089,887
17089,7798
17090,3640
17090,12432
17091,13665
17091,13702
17092,14829
17092,15469
17093,1596
17093,12276
17094,2099
17094,19675
17094,19677
17095,11381
17095,17862
17095,20923
17095,20969
17096,17062
17096,17204
17097,1670
17097,9497
17097,11084
17097,19875
17097,21875
17098,7535
17098,8138
17098,11381
17098,13396
17098,14829
17099,7137
17099,16407
17100,24453
17100,24950
17101,29340
17101,29828
17102,8896
17102,9063
17103,25350
17103,25703
17104,1871
17104,2282
17105,8574
17105,8764
17106,17989
17106,17990
17107,1379
17107,1799
17107,1940
17107,3541
17108,994
17108,3795
17109,4386
17109,5438
17110,2147
17110,2149
17111,23096
17111,23503
17112,1871
17112,2282
17113,1871
17113,2282
17114,1871
17114,2282
17115,459
17115,2282
17116,1871
17116,2282
17116,4089
17117,1871
17117,2282
17118,2546
17118,6079
17119,9673
17119,10448
17120,308
17120,315
17121,4938
17121,24567
17122,308
17122,315
17123,1758
17123,14489
17124,20601
17124,22423
17125,677
17125,2497
17126,677
17126,683
17126,2497
17127,677
17127,1331
17128,324
17128,683
17129,324
17129,4142
17130,324
17130,2497
17131,677
17131,683
17132,683
17132,6637
17133,683
17133,2497
17134,324
17134,677
17134,683
17135,324
17135,683
17136,324
17136,2497
17137,683
17137,6637
17138,683
17138,2497
17139,683
17139,2497
17140,9323
17140,9348
17140,11074
17141,6458
17141,13687
17142,10168
17142,11410
17143,22951
17143,24698
17144,9176
17144,24795
17145,7208
17145,7302
17146,7208
17146,7302
17147,7208
17147,7302
17148,7208
17148,7302
17149,7208
17149,7302
17150,7208
17150,15693
17151,7208
17151,7302
17151,14084
17152,7208
17152,7302
17153,7208
17153,7302
17154,7208
17154,7302
17155,7208
17155,7302
17156,7208
17156,7302
17157,7208
17157,7302
17158,7208
17158,7302
17159,7208
17159,7302
17160,7208
17160,7302
17161,7255
17161,26425
17162,24622
17162,25014
17163,382
17163,1107
17164,154
17164,3982
17165,6946
17165,8427
17166,2546
17166,8427
17167,3070
17167,8094
17168,1213
17168,4579
17169,6946
17169,10541
17170,3005
17170,6946
17171,6946
17171,11949
17172,6946
17172,7925
17173,2788
17173,6946
17174,913
17174,6458
17174,8478
17174,11471
17175,11882
17175,12938
17176,14546
17176,16644
17176,16648
17177,2546
17177,10925
17178,1173
17178,6946
17179,4335
17179,9763
17180,5920
17180,12507
17181,12
17181,1051
17182,6437
17182,15298
17183,8191
17183,9763
17183,13995
17184,2511
17184,13424
17185,3535
17185,13940
17186,108
17186,10083
17187,2145
17187,3535
17187,17443
17188,2546
17188,18705
17189,4614
17189,13633
17190,743
17190,7376
17190,11882
17191,743
17191,7376
17192,8673
17192,9279
17193,2022
17193,2511
17194,13206
17194,15025
17195,22914
17195,23036
17196,12677
17196,18581
17197,7664
17197,8403
17198,22521
17198,23291
17199,7191
17199,20882
17200,12673
17200,14313
17201,26088
17201,26173
17202,20078
17202,25556
17203,26088
17203,26173
17204,26088
17204,26173
17205,17595
17205,23291
17205,26481
17206,13586
17206,26094
17207,4293
17207,6608
17208,23765
17208,24455
17209,23416
17209,26094
17210,16990
17210,22485
17210,22978
17211,989
17211,7732
17212,22630
17212,22978
17213,28196
17213,30099
17214,26189
17214,26229
17214,27057
17215,13652
17215,22939
17216,4501
17216,13120
17217,1386
17217,1393
17218,1107
17218,1920
17218,2033
17219,10151
17219,10152
17220,29952
17220,30159
17221,3378
17221,4769
17222,1159
17222,1223
17222,1953
17223,308
17223,315
17224,203
17224,1326
17225,11627
17225,11639
17226,7208
17226,7302
17227,7400
17227,7447
17228,7400
17228,7447
17229,7400
17229,7447
17230,1634
17230,2134
17231,308
17231,315
17232,627
17232,1931
17233,1069
17233,1079
17234,3440
17234,11949
17235,3640
17235,6719
17236,402
17236,11523
17237,612
17237,1173
17238,1173
17238,10888
17239,1173
17239,9710
17240,4048
17240,8613
17240,10149
17241,2495
17241,2505
17242,15389
17242,27172
17243,8528
17243,12964
17244,14829
17244,15469
17245,364
17245,2852
17246,364
17246,2852
17247,364
17247,2852
17248,364
17248,2852
17249,16262
17249,23705
17250,10538
17250,12292
17251,3954
17251,7200
17252,3529
17252,5853
17253,2019
17253,11720
17254,2019
17254,3674
17255,14809
17255,18963
17256,14991
17256,22873
17257,20811
17257,21569
17258,2729
17258,8868
17259,359
17259,2740
17260,20418
17260,21415
17261,1371
17261,10238
17262,9672
17262,12968
17263,15730
17263,15916
17264,13078
17264,13079
17265,11752
17265,13214
17266,9595
17266,9638
17267,9595
17267,9638
17268,480
17268,953
17269,250
17269,1728
17270,4371
17270,4380
17271,5167
17271,9727
17271,10659
17272,9431
17272,10671
17273,2526
17273,5167
17274,1207
17274,1229
17275,1207
17275,1229
17276,1207
17276,1229
17277,3295
17277,11834
17278,1207
17278,1229
17279,1207
17279,1229
17280,16807
17280,17964
17281,1207
17281,1208
17281,1229
17282,4629
17282,4889
17282,4918
17283,4751
17283,4765
17284,301
17284,7561
17285,14823
17285,16726
17286,1208
17286,19906
17287,17727
17287,17728
17288,3957
17288,15174
17289,11234
17289,16807
17289,17964
17290,1207
17290,1229
17291,1230
17291,10577
17291,25937
17292,10174
17292,10552
17293,787
17293,1582
17294,4859
17294,15931
17295,24327
17295,26070
17296,1531
17296,3586
17297,12478
17297,13390
17298,15319
17298,15327
17298,25119
17299,5209
17299,8301
17300,7208
17300,7302
17301,7208
17301,7302
17302,7208
17302,7302
17303,3569
17303,9454
17304,3569
17304,9454
17305,2971
17305,4196
17306,994
17306,3795
17307,47
17307,23087
17308,11739
17308,11741
17309,359
17309,2740
17310,14991
17310,22873
17311,904
17311,9654
17312,5123
17312,11879
17313,8837
17313,19494
17314,20800
17314,21495
17315,26914
17315,27562
17316,23907
17316,24567
17317,23907
17317,24567
17318,2827
17318,2889
17319,181
17319,9130
17320,181
17320,9130
17321,13821
17321,14383
17322,2667
17322,5973
17323,2402
17323,2667
17324,3488
17324,14521
17325,2511
17325,2546
17326,627
17326,1931
17327,8191
17327,9763
17328,2442
17328,5064
17329,12636
17329,12746
17330,6412
17330,20777
17331,6412
17331,20777
17332,6412
17332,20777
17333,17910
17333,18046
17334,2771
17334,2803
17335,12281
17335,22941
17336,5766
17336,7563
17337,22519
17337,28072
17338,1105
17338,3170
17339,2462
17339,26748
17340,4159
17340,5282
17341,7184
17341,9924
17341,10056
17342,308
17342,315
17343,16061
17343,19450
17344,308
17344,315
17345,4159
17345,6000
17346,2182
17346,24844
17347,9438
17347,24844
17348,24844
17348,26928
17349,24844
17349,26928
17350,9820
17350,10232
17351,308
17351,315
17352,10224
17352,18018
17353,7025
17353,10625
17354,10423
17354,24690
17355,3392
17355,5973
17356,579
17356,4193
17357,5123
17357,5159
17358,11719
17358,16485
17359,478
17359,6011
17360,1256
17360,1454
17361,1167
17361,16432
17362,8769
17362,20531
17363,1758
17363,14489
17364,4876
17364,23907
17365,23907
17365,24567
17366,2268
17366,2304
17367,4392
17367,5329
17368,2936
17368,22657
17369,1597
17369,1915
17370,7766
17370,8593
17371,7766
17371,8593
17372,7766
17372,8593
17373,7711
17373,22621
17374,14991
17374,22873
17375,14991
17375,22873
17376,14991
17376,22873
17377,5395
17377,5782
17378,9961
17378,18212
17379,87
17379,10097
17380,9411
17380,10405
17381,1028
17381,1241
17382,364
17382,2852
17383,364
17383,2852
17384,364
17384,2852
17385,2852
17385,5783
17386,364
17386,2852
17387,364
17387,2852
17388,364
17388,2852
17389,364
17389,2852
17390,364
17390,2852
17391,364
17391,2852
17392,364
17392,2852
17393,364
17393,2852
17394,364
17394,2852
17395,364
17395,2852
17396,364
17396,2852
17397,2495
17397,2505
17398,9497
17398,9501
17399,23751
17399,30232
17400,1634
17400,2134
17401,13988
17401,14459
17402,377
17402,13274
17403,17736
17403,26801
17404,1091
17404,2481
17405,637
17405,2314
17406,7386
17406,7446
17407,4045
17407,11299
17408,22
17408,2314
17408,5370
17409,7739
17409,8511
17410,7739
17410,8511
17411,2614
17411,11774
17412,75
17412,8593
17413,75
17413,8593
17414,3091
17414,11937
17415,16755
17415,16757
17416,6604
17416,8347
17417,6672
17417,11957
17418,7045
17418,13813
17418,19861
17419,11336
17419,13117
17420,13138
17420,20964
17421,568
17421,10362
17422,18628
17422,18856
17423,18628
17423,18856
17424,18628
17424,18856
17425,18628
17425,18856
17426,11234
17426,22274
17427,9497
17427,9501
17428,11286
17428,12398
17429,20586
17429,21014
17430,29492
17430,31381
17431,6457
17431,9037
17432,5888
17432,8535
17433,4159
17433,5282
17434,15113
17434,23988
17435,2291
17435,11768
17436,28220
17436,29882
17437,3821
17437,28960
17438,15784
17438,29952
17439,921
17439,1814
17440,21767
17440,23124
17441,18308
17441,21001
17442,504
17442,11905
17443,11000
17443,11256
17444,6631
17444,15497
17445,27878
17445,30513
17446,987
17446,1107
17447,324
17447,677
17447,2497
17448,324
17448,2497
17449,12849
17449,13922
17449,16637
17450,31
17450,2714
17451,787
17451,1431
17452,2732
17452,8365
17453,6672
17453,14766
17454,6739
17454,16628
17455,386
17455,13813
17456,5766
17456,7563
17457,14809
17457,18963
17458,3954
17458,7200
17459,7184
17459,10303
17460,18628
17460,18856
17461,18628
17461,18856
17462,9897
17462,13685
17463,11425
17463,16735
17463,29933
17464,8769
17464,10570
17465,16374
17465,17626
17466,9343
17466,9487
17467,20517
17467,25646
17468,955
17468,1487
17468,3129
17469,26975
17469,28132
17470,1328
17470,1329
17471,43
17471,12177
17471,24904
17472,26975
17472,28132
17473,2546
17473,11949
17474,3890
17474,16677
17475,3954
17475,7200
17476,627
17476,1931
17477,6476
17477,8871
17478,25622
17478,26200
17479,1028
17479,1241
17480,1991
17480,11809
17481,3019
17481,8668
17482,30355
17482,30399
17483,9497
17483,9501
17484,11234
17484,22274
17485,30355
17485,30399
17486,301
17486,7561
17486,7576
17487,626
17487,2336
17488,626
17488,2336
17489,3401
17489,6412
17489,20777
17490,24950
17490,25908
17491,29255
17491,29373
17492,27551
17492,28888
17493,30355
17493,30399
17494,1107
17494,2363
17495,1379
17495,1799
17496,10019
17496,10020
17497,1399
17497,2172
17498,11256
17498,11362
17499,10662
17499,11174
17499,16340
17500,14991
17500,22873
17501,9343
17501,9654
17502,11950
17502,19455
17503,8084
17503,19707
17504,2547
17504,23214
17505,23341
17505,23444
17506,1688
17506,5541
17506,5664
17507,5541
17507,5664
17508,2632
17508,3990
17509,26523
17509,29835
17510,9674
17510,15693
17511,3780
17511,3800
17512,3780
17512,3800
17513,30756
17513,31090
17514,11766
17514,13479
17515,395
17515,435
17516,3190
17516,3238
17517,5123
17517,5159
17518,5123
17518,6575
17518,11879
17518,11957
17518,13386
17518,15924
17518,16952
17519,3566
17519,5370
17520,1944
17520,16817
17521,3015
17521,10068
17521,13039
17522,1944
17522,18900
17523,2798
17523,22873
17524,626
17524,2336
17525,3817
17525,25563
17526,23806
17526,23842
17527,96
17527,1107
17528,1379
17528,1940
17529,3356
17529,5873
17530,18464
17530,18547
17531,18464
17531,18547
17532,30376
17532,30662
17533,14077
17533,14193
17534,14546
17534,16644
17535,0
17535,1
17536,2771
17536,2803
17537,692
17537,7123
17538,11522
17538,20557
17539,2767
17539,4252
17539,10308
17540,200
17540,1555
17541,13342
17541,15534
17542,4601
17542,18338
17543,907
17543,1469
17544,2138
17544,27313
17545,2033
17545,2511
17546,1368
17546,4787
17547,1468
17547,5301
17548,25
17548,181
17548,9130
17549,904
17549,6457
17550,236
17550,4280
17551,15227
17551,17503
17552,1758
17552,14489
17553,6631
17553,15497
17554,4196
17554,24275
17555,13759
17555,14091
17556,19574
17556,19585
17557,15159
17557,23458
17557,27493
17558,3640
17558,19151
17559,359
17559,19151
17560,3795
17560,3798
17561,9444
17561,22388
17562,7538
17562,13341
17563,3731
17563,4823
17564,5275
17564,6079
17565,1563
17565,24052
17566,5159
17566,9033
17567,8191
17567,9763
17568,8191
17568,11046
17569,8191
17569,9763
17570,8191
17570,9763
17571,1105
17571,8868
17572,2314
17572,3566
17573,8191
17573,9763
17574,11336
17574,13117
17574,13813
17575,8191
17575,9763
17576,9763
17576,13813
17577,8191
17577,12089
17578,8191
17578,15290
17578,16874
17579,15290
17579,16874
17580,12155
17580,13813
17581,4252
17581,13813
17582,1173
17582,4252
17583,3954
17583,4252
17584,3954
17584,7200
17585,2314
17585,3566
17586,2767
17586,5123
17586,5159
17587,13494
17587,20505
17588,19340
17588,22941
17589,10159
17589,25565
17590,3954
17590,7200
17591,23765
17591,24455
17592,7538
17592,8708
17593,787
17593,1431
17594,1599
17594,6789
17595,12675
17595,16937
17596,4042
17596,4447
17597,7962
17597,19721
17598,2402
17598,2667
17599,2402
17599,2667
17600,7200
17600,11500
17601,2402
17601,10922
17602,2402
17602,2667
17603,2402
17603,22121
17604,75
17604,8593
17605,1028
17605,1241
17606,8396
17606,10827
17607,3190
17607,3238
17608,497
17608,7133
17609,7208
17609,7302
17610,1871
17610,2282
17611,992
17611,1435
17612,18279
17612,20248
17613,2511
17613,3551
17614,154
17614,331
17614,2511
17615,2827
17615,2889
17616,2511
17616,3551
17617,2511
17617,3551
17618,2511
17618,3551
17619,2511
17619,3551
17620,2511
17620,3551
17621,2511
17621,3551
17622,2511
17622,2681
17623,2681
17623,3551
17624,2681
17624,3551
17625,2511
17625,3551
17626,2511
17626,3551
17627,3551
17627,15944
17628,6095
17628,9038
17629,989
17629,7732
17630,1801
17630,4506
17631,1523
17631,3531
17631,3623
17632,181
17632,9130
17633,4761
17633,5110
17634,6457
17634,8613
17635,6457
17635,6959
17635,8284
17636,1653
17636,2237
17637,1169
17637,2170
17638,6457
17638,12250
17639,5986
17639,6133
17640,12250
17640,12589
17641,2402
17641,12250
17642,9037
17642,9358
17643,108
17643,2402
17644,2402
17644,9037
17645,108
17645,10871
17646,108
17646,6023
17647,6457
17647,11836
17648,871
17648,6215
17648,9710
17648,11836
17649,2954
17649,8974
17650,8769
17650,10570
17651,6959
17651,9037
17652,5766
17652,6959
17652,7563
17653,6457
17653,10356
17654,1608
17654,6842
17654,7722
17655,7745
17655,11814
17655,17870
17656,108
17656,18520
17657,14809
17657,18963
17658,227
17658,20044
17659,108
17659,18832
17660,11905
17660,18138
17661,17637
17661,17971
17662,8974
17662,8976
17663,1735
17663,13288
17664,17637
17664,17971
17665,8758
17665,15596
17666,3954
17666,7200
17667,1560
17667,1573
17668,4262
17668,14991
17669,13034
17669,15979
17670,17146
17670,17260
17671,359
17671,22356
17672,6817
17672,9317
17673,22778
17673,22902
17674,7140
17674,21057
17675,16972
17675,27011
17676,464
17676,27319
17677,15632
17677,21222
17678,9023
17678,21778
17679,30032
17679,30062
17680,27768
17680,27857
17681,16816
17681,21983
17682,19887
17682,27768
17683,3342
17683,22923
17684,23264
17684,23265
17685,308
17685,315
17686,2584
17686,15036
17687,3954
17687,7200
17688,8191
17688,12155
17689,4389
17689,4391
17690,1107
17690,2365
17691,10662
17691,11677
17692,19743
17692,24611
17693,24385
17693,25246
17694,11310
17694,12130
17695,11310
17695,29906
17696,11943
17696,16428
17697,16481
17697,19813
17698,18144
17698,19928
17699,29617
17699,30230
17700,5766
17700,7563
17701,7563
17701,8450
17702,1576
17702,18698
17703,21767
17703,22699
17704,1195
17704,1196
17705,1107
17705,2922
17706,1372
17706,2922
17707,1379
17707,1799
17707,1940
17708,5303
17708,5304
17709,994
17709,3795
17710,4196
17710,9042
17711,1591
17711,9882
17712,478
17712,2345
17713,5920
17713,12507
17714,2412
17714,16670
17715,5054
17715,16508
17716,22153
17716,22350
17717,2345
17717,22174
17718,24883
17718,24899
17719,989
17719,7732
17720,16638
17720,28379
17721,8771
17721,28111
17722,125
17722,918
17723,250
17723,1728
17724,6595
17724,9433
17725,4787
17725,5621
17726,5656
17726,7140
17727,4159
17727,9331
17728,2033
17728,3640
17728,5995
17729,2365
17729,9264
17730,9895
17730,11800
17731,19340
17731,23765
17732,15481
17732,16315
17733,4738
17733,5505
17734,8138
17734,10739
17735,7400
17735,7447
17736,575
17736,1590
17737,1217
17737,2551
17738,17277
17738,20093
17739,7400
17739,23282
17740,11250
17740,23527
17741,12690
17741,16146
17742,9666
17742,28932
17743,23522
17743,28932
17744,29171
17744,30744
17745,1379
17745,1940
17746,3491
17746,3645
17746,6127
17747,994
17747,3795
17748,17077
17748,17328
17749,154
17749,331
17750,6224
17750,10708
17751,23765
17751,24455
17752,1758
17752,14489
17753,26884
17753,27051
17754,2584
17754,6165
17755,30355
17755,30399
17756,1530
17756,1609
17757,7696
17757,11730
17758,23438
17758,24549
17759,25022
17759,25142
17760,2363
17760,2369
17761,6859
17761,7243
17762,1972
17762,3713
17763,9270
17763,10356
17764,6457
17764,9037
17765,10356
17765,14766
17766,5121
17766,6301
17767,27969
17767,27971
17768,13120
17768,13734
17769,24956
17769,29137
17770,11739
17770,11741
17771,10805
17771,11249
17772,3375
17772,3376
17773,2511
17773,11949
17774,2511
17774,14809
17774,18963
17775,3954
17775,7200
17776,14809
17776,18963
17777,16262
17777,24705
17778,18553
17778,24413
17779,24956
17779,25126
17780,395
17780,435
17781,29241
17781,29673
17782,27607
17782,29241
17783,626
17783,2336
17784,5090
17784,5336
17785,5003
17785,6694
17786,3640
17786,8043
17787,1491
17787,10704
17788,1188
17788,4758
17788,7351
17788,8874
17789,6803
17789,7186
17790,1004
17790,8950
17791,1153
17791,3640
17792,4758
17792,14280
17793,14963
17793,18205
17794,26789
17794,27440
17795,154
17795,331
17796,3726
17796,11792
17797,8641
17797,8685
17798,22121
17798,22621
17799,5888
17799,27977
17800,29982
17800,31425
17801,581
17801,10238
17802,3128
17802,7509
17803,9474
17803,10536
17804,10536
17804,17262
17805,581
17805,23696
17806,28027
17806,28273
17807,24988
17807,25026
17808,15290
17808,16874
17809,2033
17809,2767
17810,26111
17810,26192
17810,26260
17811,9474
17811,10536
17812,9672
17812,14701
17813,26975
17813,28132
17814,14800
17814,15801
17815,12094
17815,18089
17816,8172
17816,8194
17817,7696
17817,9779
17818,4106
17818,7302
17819,12398
17819,12419
17820,1004
17820,5675
17821,9779
17821,11634
17822,1004
17822,11634
17823,1004
17823,19985
17824,12398
17824,17341
17825,23189
17825,25142
17826,1004
17826,23189
17827,1004
17827,23438
17828,1004
17828,6356
17829,540
17829,2280
17830,500
17830,1425
17830,1870
17830,2257
17830,2653
17830,2901
17830,3115
17831,3060
17831,3136
17832,540
17832,838
17832,987
17832,1870
17832,2257
17832,2653
17833,540
17833,2280
17834,987
17834,1866
17835,108
17835,2889
17836,1055
17836,1056
17837,1688
17837,5541
17837,5664
17837,7292
17838,1688
17838,5664
17839,10178
17839,10182
17840,20972
17840,26001
17841,1254
17841,1260
17842,11336
17842,13117
17843,14809
17843,18963
17844,3954
17844,4837
17844,7200
17845,867
17845,11361
17846,1176
17846,1550
17847,5271
17847,6169
17848,2412
17848,16670
17849,2314
17849,3566
17850,3869
17850,25093
17851,2827
17851,2889
17852,14809
17852,18963
17853,10151
17853,10152
17854,11627
17854,11639
17855,4507
17855,4520
17856,9124
17856,11731
17857,7557
17857,18155
17858,9124
17858,11731
17858,19507
17859,9124
17859,19507
17860,2788
17860,13734
17860,23590
17861,2876
17861,3007
17862,2876
17862,3007
17863,2876
17863,3007
17864,11739
17864,11741
17865,5138
17865,7335
17866,7312
17866,7812
17866,9800
17867,4567
17867,11037
17868,1394
17868,1456
17868,8090
17869,9727
17869,10659
17870,2714
17870,5167
17871,9727
17871,10659
17872,2684
17872,16003
17873,7838
17873,16196
17874,587
17874,17989
17874,17990
17875,43
17875,11891
17876,7838
17876,17351
17877,12661
17877,29507
17878,14521
17878,17515
17879,1588
17879,2033
17880,12179
17880,22330
17880,24520
17881,14991
17881,22873
17882,5570
17882,8944
17883,11749
17883,19674
17884,5888
17884,27977
17885,13659
17885,21819
17886,1048
17886,1337
17887,5123
17887,5159
17887,13386
17888,989
17888,7732
17889,3488
17889,3658
17890,12394
17890,14361
17891,1554
17891,1856
17892,11424
17892,12355
17893,27243
17893,27449
17894,27243
17894,27449
17895,11424
17895,12355
17896,5574
17896,5581
17897,786
17897,11098
17898,8758
17898,9066
17899,955
17899,2012
17900,955
17900,2012
17901,236
17901,4014
17902,7305
17902,20910
17903,17326
17903,17331
17904,23318
17904,24676
17905,25772
17905,28564
17906,364
17906,2852
17907,13337
17907,17000
17908,11730
17908,11786
17908,11863
17909,5630
17909,21533
17910,11234
17910,22274
17911,1379
17911,1799
17911,1940
17912,7722
17912,11949
17913,8561
17913,24907
17914,166
17914,236
17915,1379
17915,1799
17915,1940
17916,994
17916,3795
17917,81
17917,1591
17918,7722
17918,11949
17919,3073
17919,4861
17920,308
17920,315
17921,1799
17921,1940
17922,5352
17922,6102
17923,154
17923,197
17923,331
17924,5977
17924,6339
17925,994
17925,3795
17925,3798
17926,2154
17926,8479
17927,292
17927,295
17928,4389
17928,4391
17929,4520
17929,5487
17930,3797
17930,6022
17931,11424
17931,12355
17932,18274
17932,29591
17933,921
17933,2681
17934,4159
17934,5282
17935,7623
17935,8084
17936,2402
17936,2667
17937,2402
17937,2667
17937,3685
17938,2314
17938,3566
17939,2346
17939,16328
17940,13117
17940,16784
17941,359
17941,2740
17942,22
17942,5370
17943,4252
17943,22560
17944,8974
17944,8976
17945,8365
17945,22636
17946,7711
17946,22621
17947,2767
17947,11336
17947,13117
17948,22939
17948,23602
17949,15632
17949,21222
17950,694
17950,699
17951,2197
17951,17940
17952,2369
17952,11242
17953,743
17953,7376
17954,3954
17954,7200
17955,1173
17955,21156
17956,1173
17956,10888
17957,19530
17957,19545
17958,6842
17958,6904
17959,18698
17959,21767
17960,7475
17960,9137
17961,1871
17961,3346
17962,1871
17962,3346
17963,1871
17963,2282
17964,1871
17964,2282
17965,1871
17965,2282
17966,359
17966,2740
17967,359
17967,2740
17968,359
17968,2740
17969,359
17969,2740
17970,6859
17970,7243
17971,359
17971,2740
17972,359
17972,2740
17973,359
17973,2740
17974,6675
17974,12213
17975,6191
17975,6458
17976,2288
17976,2511
17977,11336
17977,13117
17978,6125
17978,7278
17979,21265
17979,31086
17980,2876
17980,3007
17981,2876
17981,3007
17982,2876
17982,3007
17983,2876
17983,3007
17984,2876
17984,3007
17985,2876
17985,3007
17986,2876
17986,3007
17987,2946
17987,3142
17988,22473
17988,24956
17989,3604
17989,8156
17990,14000
17990,14002
17991,14000
17991,18495
17992,12276
17992,14377
17992,17356
17993,11234
17993,22274
17994,1438
17994,7255
17994,20283
17995,11042
17995,12451
17995,14197
17995,24622
17996,530
17996,1105
17997,1105
17997,9541
17998,16687
17998,17256
17999,9895
17999,12084
17999,23214
18000,23741
18000,23994
18001,308
18001,315
18002,22636
18002,23642
18003,2862
18003,22636
18004,364
18004,2852
18005,364
18005,2852
18006,364
18006,2852
18007,364
18007,2852
18008,364
18008,2852
18009,364
18009,2852
18010,364
18010,2852
18011,364
18011,2852
18012,364
18012,2852
18013,364
18013,2852
18014,364
18014,2852
18015,364
18015,2852
18016,364
18016,2852
18017,364
18017,2852
18018,364
18018,2852
18019,364
18019,2852
18020,364
18020,2852
18021,364
18021,2852
18022,8911
18022,15713
18023,364
18023,2852
18024,364
18024,2852
18025,364
18025,2852
18026,8911
18026,15713
18027,364
18027,2852
18028,364
18028,11644
18029,364
18029,2852
18030,364
18030,2852
18031,1055
18031,1056
18032,1055
18032,1056
18033,1055
18033,1056
18034,4507
18034,4520
18035,9435
18035,10711
18036,3401
18036,6412
18037,5473
18037,9194
18038,4100
18038,6947
18039,871
18039,2794
18040,1634
18040,2134
18041,2346
18041,16328
18042,9897
18042,17561
18043,1870
18043,5973
18044,4588
18044,16982
18045,2529
18045,20527
18046,2024
18046,27390
18047,1554
18047,1856
18048,11424
18048,12355
18049,11424
18049,12355
18050,8012
18050,16085
18051,987
18051,1920
18052,22781
18052,29623
18053,11424
18053,12355
18054,11424
18054,12355
18055,11424
18055,12355
18056,154
18056,331
18057,3954
18057,7200
18058,12394
18058,14361
18059,14809
18059,18963
18060,8312
18060,8585
18061,386
18061,5623
18062,20705
18062,21051
18063,987
18063,1920
18064,13078
18064,13079
18065,26541
18065,27011
18066,14409
18066,14589
18067,683
18067,6637
18068,5888
18068,27977
18069,1591
18069,1592
18070,2778
18070,9689
18071,1944
18071,16817
18072,14991
18072,22873
18073,7681
18073,9107
18074,96
18074,1107
18075,22519
18075,28072
18076,2778
18076,9689
18077,987
18077,1920
18078,0
18078,1
18079,77
18079,6457
18080,12256
18080,14396
18081,308
18081,315
18082,20393
18082,20505
18083,12394
18083,14361
18084,1055
18084,1056
18085,6590
18085,7351
18086,301
18086,7576
18087,8396
18087,10827
18088,1107
18088,2033
18089,12849
18089,16637
18090,8590
18090,12317
18091,75
18091,465
18092,3285
18092,10178
18093,650
18093,5541
18094,12152
18094,13170
18095,967
18095,3535
18096,2314
18096,3566
18097,1105
18097,3535
18098,6457
18098,6458
18098,6604
18098,11055
18098,13813
18098,17064
18098,17412
18099,7045
18099,19861
18100,10144
18100,10147
18101,1417
18101,2707
18102,17989
18102,17990
18103,1417
18103,2707
18104,1014
18104,23014
18105,27379
18105,28829
18106,29913
18106,30623
18107,81
18107,643
18108,166
18108,3808
18109,5123
18109,13386
18110,7045
18110,19861
18111,4714
18111,12393
18112,3693
18112,6007
18113,8590
18113,12317
18113,12343
18114,12317
18114,12343
18115,8590
18115,24691
18116,5244
18116,5515
18117,2677
18117,9674
18118,353
18118,12346
18119,1055
18119,1056
18120,1055
18120,1056
18121,3250
18121,4116
18122,3222
18122,3428
18123,5972
18123,6798
18124,19530
18124,19545
18125,3160
18125,8905
18126,3954
18126,7200
18127,8537
18127,17277
18128,24173
18128,24243
18129,5395
18129,5782
18130,9452
18130,11398
18130,16322
18131,1633
18131,6822
18132,31
18132,9166
18133,2130
18133,22710
18134,22519
18134,28072
18135,1107
18135,2365
18136,1799
18136,1940
18136,3541
18137,20044
18137,22443
18138,6369
18138,8334
18139,1415
18139,7026
18139,14897
18140,14546
18140,16648
18141,2369
18141,5761
18142,6609
18142,7045
18143,20418
18143,21415
18144,5972
18144,6798
18145,11812
18145,22438
18146,154
18146,197
18146,331
18147,3365
18147,8990
18148,14991
18148,22873
18149,10310
18149,26002
18150,5443
18150,9389
18151,987
18151,1585
18151,1608
18152,1055
18152,1056
18153,1055
18153,1056
18154,1055
18154,1056
18155,1055
18155,1056
18156,1055
18156,1056
18157,5377
18157,6351
18158,16807
18158,17964
18159,22345
18159,22348
18160,22389
18160,22396
18161,22407
18161,22408
18162,11234
18162,22274
18163,29449
18163,30935
18164,8191
18164,9763
18165,1634
18165,2134
18166,25622
18166,26200
18167,2104
18167,14151
18168,25593
18168,29772
18169,3954
18169,7200
18170,22714
18170,22717
18171,3954
18171,7200
18172,157
18172,6959
18173,359
18173,2740
18174,5123
18174,11879
18175,5123
18175,5159
18175,13386
18176,17637
18176,17971
18177,7208
18177,7302
18178,4977
18178,8776
18179,1055
18179,1056
18180,29757
18180,29758
18181,45
18181,395
18182,5129
18182,8377
18183,1599
18183,6789
18184,14829
18184,15469
18185,7107
18185,7460
18186,1390
18186,26159
18187,20073
18187,27370
18188,7488
18188,27301
18189,29255
18189,29373
18190,14829
18190,15469
18191,5145
18191,7581
18192,10983
18192,23170
18193,35
18193,3503
18194,11094
18194,15635
18195,11094
18195,18247
18196,13295
18196,21191
18197,43
18197,6607
18197,11891
18198,14829
18198,15469
18199,18988
18199,21372
18200,29388
18200,29389
18201,2878
18201,2902
18202,1591
18202,2249
18203,8191
18203,9763
18204,359
18204,2740
18205,4774
18205,7517
18206,994
18206,3795
18207,20800
18207,21495
18208,992
18208,1435
18209,8705
18209,23728
18210,10793
18210,14446
18211,1263
18211,13922
18212,7535
18212,7932
18212,10333
18213,4177
18213,4296
18214,1815
18214,14814
18215,16571
18215,17370
18216,11591
18216,17506
18217,1871
18217,2282
18218,13270
18218,19134
18219,9474
18219,10536
18220,3222
18220,8682
18221,1435
18221,17262
18222,23907
18222,24567
18223,23907
18223,24567
18224,23907
18224,24567
18225,24459
18225,24714
18226,136
18226,869
18227,8147
18227,8452
18228,20336
18228,20935
18229,2303
18229,2508
18230,9023
18230,21778
18231,81
18231,402
18231,623
18232,7711
18232,22621
18233,11256
18233,11362
18234,158
18234,1107
18234,1976
18234,2197
18234,2448
18235,3119
18235,3120
18236,869
18236,3126
18236,3138
18237,8191
18237,9763
18238,517
18238,1871
18239,4755
18239,21590
18240,24988
18240,25026
18241,23907
18241,24567
18242,4392
18242,5329
18243,8191
18243,9763
18244,8191
18244,9763
18245,8191
18245,9763
18246,8191
18246,9763
18247,8191
18247,9763
18248,2614
18248,2681
18249,2614
18249,4654
18250,11418
18250,13386
18251,478
18251,16178
18252,3525
18252,3589
18253,3508
18253,6127
18254,3657
18254,9955
18255,17232
18255,23107
18256,6112
18256,6526
18257,4069
18257,22567
18258,14103
18258,14176
18259,81
18259,402
18259,869
18260,1597
18260,1915
18261,12673
18261,14313
18262,0
18262,1
18262,14462
18263,8009
18263,9183
18264,5123
18264,5159
18265,21767
18265,23124
18266,852
18266,6850
18266,14247
18267,9411
18267,10405
18268,3954
18268,7200
18269,18342
18269,23831
18270,3954
18270,4837
18271,19
18271,20
18272,4558
18272,6792
18273,108
18273,1591
18273,1592
18273,11174
18274,1647
18274,6457
18275,10243
18275,10902
18276,3954
18276,7200
18277,1560
18277,1573
18278,18880
18278,19891
18279,14991
18279,19340
18280,9410
18280,11860
18280,11912
18281,18553
18281,24413
18282,1303
18282,11897
18283,1195
18283,1196
18284,11752
18284,13214
18285,3145
18285,3317
18286,7208
18286,7302
18287,1138
18287,3145
18288,3222
18288,3428
18289,9672
18289,12968
18290,17262
18290,20918
18291,22204
18291,22305
18292,10019
18292,10020
18293,2526
18293,29968
18294,6316
18294,6759
18295,59
18295,9638
18296,5147
18296,12564
18297,11752
18297,13214
18298,1207
18298,1229
18299,14977
18299,22314
18300,7208
18300,7302
18301,7133
18301,8476
18302,16633
18302,18752
18303,8911
18303,15713
18304,15668
18304,15983
18305,14061
18305,24934
18306,26621
18306,30604
18307,1597
18307,1915
18308,14809
18308,18963
18309,1910
18309,2448
18310,1034
18310,2295
18311,14494
18311,14495
18312,6534
18312,8912
18313,19853
18313,20442
18314,21181
18314,21184
18315,15470
18315,16025
18316,626
18316,2336
18317,1000
18317,25477
18318,16807
18318,17964
18319,21578
18319,24298
18320,6813
18320,25863
18321,26349
18321,26351
18322,29834
18322,29908
18323,18367
18323,22739
18324,30352
18324,30363
18325,1127
18325,1128
18325,20796
18326,26965
18326,30226
18327,7960
18327,8261
18328,6752
18328,9120
18329,96
18329,1107
18330,1379
18330,1799
18330,1940
18331,2876
18331,3007
18332,2876
18332,3145
18333,2876
18333,3007
18333,3145
18334,2876
18334,3007
18334,3145
18335,2876
18335,3007
18335,3145
18336,2876
18336,3007
18336,3145
18337,2876
18337,3007
18337,3145
18338,2876
18338,3007
18338,3145
18339,3007
18339,3145
18340,2876
18340,3007
18340,3145
18341,2876
18341,3007
18341,3145
18342,2876
18342,3145
18343,3007
18343,3145
18344,3007
18344,3145
18345,2876
18345,3007
18345,3145
18346,2876
18346,3007
18347,2876
18347,3007
18348,2876
18348,3145
18349,2876
18349,3145
18350,395
18350,435
18351,1379
18351,1940
18352,1597
18352,1915
18353,984
18353,2365
18354,308
18354,315
18355,154
18355,331
18356,5395
18356,5782
18357,994
18357,3795
18358,14340
18358,17622
18359,1808
18359,1810
18360,423
18360,1107
18361,681
18361,2977
18362,1379
18362,1799
18362,1940
18363,16755
18363,16757
18364,627
18364,1931
18365,16481
18365,19813
18366,2314
18366,3982
18367,4008
18367,4924
18368,611
18368,4787
18369,3387
18369,4940
18370,4079
18370,4787
18370,5123
18371,423
18371,4787
18372,3640
18372,9916
18373,643
18373,9130
18374,7563
18374,8888
18375,2995
18375,4787
18376,2314
18376,2346
18377,3654
18377,7563
18378,3392
18378,8363
18379,5087
18379,13046
18380,643
18380,8191
18380,9763
18381,8347
18381,10275
18382,10922
18382,12172
18383,11719
18383,13117
18384,108
18384,4787
18385,1593
18385,5621
18385,6457
18385,11878
18386,2346
18386,7563
18386,16328
18387,5973
18387,6778
18388,1509
18388,14607
18389,3375
18389,9901
18389,10356
18390,7563
18390,14607
18391,2346
18391,4220
18391,8990
18391,13925
18391,15754
18392,6466
18392,16182
18393,871
18393,8084
18394,2346
18394,6059
18395,11814
18395,15754
18396,4011
18396,10494
18397,3375
18397,16411
18398,5945
18398,8612
18399,3954
18399,7200
18400,4152
18400,18929
18401,13813
18401,17274
18402,8796
18402,11847
18403,10356
18403,19494
18404,579
18404,15596
18405,2511
18405,19494
18406,4220
18406,17757
18407,1735
18407,10171
18408,13117
18408,14361
18408,20285
18409,6576
18409,20058
18410,4617
18410,12878
18411,743
18411,5370
18411,20020
18412,8257
18412,10339
18413,19494
18413,21133
18414,200
18414,6704
18415,676
18415,2402
18415,10156
18416,1376
18416,8673
18416,19080
18417,7200
18417,15596
18418,16000
18418,21518
18419,16000
18419,17235
18420,2402
18420,4045
18421,16178
18421,21665
18422,200
18422,19625
18423,12042
18423,18549
18424,227
18424,20044
18425,9496
18425,20576
18426,9895
18426,12042
18426,19044
18427,2511
18427,12172
18428,579
18428,13813
18429,21767
18429,22621
18430,10494
18430,10569
18431,20576
18431,21606
18432,579
18432,14521
18433,8900
18433,19024
18434,14809
18434,18963
18435,2590
18435,20672
18436,7184
18436,14991
18436,22873
18437,20479
18437,22893
18438,579
18438,12878
18439,1173
18439,24127
18440,1048
18440,1337
18441,17146
18441,17260
18442,5766
18442,8824
18442,21815
18442,23789
18443,7739
18443,8511
18443,20529
18443,24413
18444,4629
18444,9005
18444,17258
18445,5945
18445,12172
18446,2564
18446,6095
18447,7755
18447,8166
18448,6352
18448,15196
18449,1769
18449,24308
18450,6304
18450,11917
18451,15196
18451,18619
18452,10390
18452,23097
18453,3338
18453,23649
18454,579
18454,2862
18455,6526
18455,15196
18456,2761
18456,4876
18457,3303
18457,3304
18458,20819
18458,25923
18459,13843
18459,26906
18460,3954
18460,12172
18461,8612
18461,20529
18461,26906
18462,14397
18462,14430
18462,28814
18463,3306
18463,27834
18464,11328
18464,27799
18465,11008
18465,23315
18466,9312
18466,11999
18466,18303
18467,17427
18467,28876
18468,17396
18468,28714
18469,28545
18469,29349
18470,89
18470,29928
18471,9636
18471,19818
18472,10446
18472,28967
18473,19469
18473,27814
18474,17929
18474,31204
18475,706
18475,21430
18476,1659
18476,11889
18477,17396
18477,27958
18478,4732
18478,7140
18479,4732
18479,13046
18480,20174
18480,20202
18481,1028
18481,1241
18482,1135
18482,7295
18483,59
18483,1361
18484,3375
18484,3376
18485,154
18485,331
18486,2206
18486,25919
18487,27336
18487,28675
18488,8836
18488,8861
18489,8293
18489,8944
18490,11254
18490,16927
18491,19288
18491,19309
18492,8875
18492,9895
18493,2590
18493,16823
18494,435
18494,1608
18495,5844
18495,6654
18496,2827
18496,2889
18497,6616
18497,6821
18498,14991
18498,22873
18499,1585
18499,1608
18500,1585
18500,1608
18501,11599
18501,19462
18502,9972
18502,27524
18503,489
18503,1107
18504,169
18504,3086
18505,869
18505,2588
18506,2827
18506,2889
18507,11604
18507,14270
18508,8510
18508,11905
18509,4559
18509,11905
18510,227
18510,16889
18511,20125
18511,20126
18512,8824
18512,21815
18513,7305
18513,20910
18514,2513
18514,2571
18515,9938
18515,20527
18516,293
18516,4382
18516,5147
18516,25794
18516,25989
18517,2529
18517,3043
18517,3875
18517,5683
18517,20527
18517,25851
18517,26009
18518,989
18518,7732
18519,21472
18519,29939
18520,2036
18520,2037
18521,3190
18521,3238
18522,9497
18522,9501
18523,6412
18523,20777
18524,1599
18524,6789
18524,9438
18525,3954
18525,4837
18526,19118
18526,19143
18527,2876
18527,3007
18528,11990
18528,13641
18529,1972
18529,3713
18530,2662
18530,15626
18531,14674
18531,14734
18532,1376
18532,24828
18532,26502
18533,3722
18533,27907
18534,28086
18534,29915
18535,2876
18535,3007
18536,2876
18536,5917
18537,3145
18537,3317
18538,1206
18538,2208
18539,5533
18539,11559
18540,9674
18540,15693
18541,1908
18541,3393
18541,6554
18542,8257
18542,16266
18543,15560
18543,17297
18544,9961
18544,22017
18545,24950
18545,25158
18546,830
18546,26856
18547,3488
18547,7200
18548,3488
18548,7405
18549,3488
18549,7405
18550,11336
18550,13247
18551,11336
18551,13117
18552,3338
18552,26906
18553,8531
18553,9067
18554,9348
18554,11336
18555,9348
18555,11336
18556,9348
18556,11336
18557,9348
18557,11336
18558,9348
18558,11336
18559,9348
18559,11336
18560,9348
18560,11336
18561,9348
18561,11336
18562,9348
18562,11336
18563,3954
18563,7200
18564,3954
18564,7200
18565,4392
18565,5329
18566,2314
18566,3566
18567,5329
18567,11171
18568,3954
18568,7200
18569,3954
18569,7200
18570,11445
18570,12109
18571,23765
18571,24455
18572,2033
18572,2919
18573,28011
18573,31051
18574,2892
18574,3484
18575,1107
18575,3060
18576,987
18576,1107
18577,3142
18577,4626
18578,9474
18578,10536
18579,9474
18579,10536
18580,1109
18580,13592
18581,9672
18581,20488
18582,2892
18582,3484
18583,6457
18583,9226
18584,6744
18584,17156
18585,9874
18585,10021
18586,4884
18586,19633
18587,27397
18587,27403
18588,165
18588,22664
18589,154
18589,331
18590,4048
18590,10149
18591,2876
18591,3007
18592,2876
18592,3007
18593,3145
18593,4374
18593,8877
18594,5970
18594,18578
18595,4719
18595,5784
18596,626
18596,2336
18597,236
18597,1107
18598,5395
18598,5782
18599,950
18599,967
18599,2197
18599,2712
18599,2862
18600,9041
18600,9042
18601,10494
18601,25425
18602,7535
18602,27403
18603,22664
18603,29656
18604,1597
18604,1915
18605,1379
18605,1799
18605,1940
18606,6137
18606,6138
18607,9223
18607,10356
18608,3060
18608,3136
18609,1107
18609,2033
18610,5123
18610,6575
18611,2564
18611,12622
18612,402
18612,869
18612,967
18612,2968
18613,3119
18613,3120
18614,489
18614,3060
18614,3115
18614,3136
18615,9037
18615,15643
18616,2363
18616,2369
18617,3869
18617,25093
18618,6457
18618,17412
18619,11045
18619,16684
18620,6631
18620,15497
18621,15541
18621,15597
18622,15541
18622,15597
18623,1799
18623,1940
18624,994
18624,3795
18625,12673
18625,25357
18626,11752
18626,13214
18627,14829
18627,15469
18628,3145
18628,3317
18629,3145
18629,3317
18630,3145
18630,3317
18630,7208
18630,7302
18631,3145
18631,3317
18632,3145
18632,3317
18633,3145
18633,3317
18634,3145
18634,14808
18635,7208
18635,7302
18635,15059
18635,21291
18635,21292
18636,21291
18636,21292
18637,1107
18637,2033
18638,7151
18638,16424
18639,14360
18639,14788
18640,136
18640,402
18640,869
18641,1379
18641,1799
18641,1940
18642,2033
18642,11949
18643,29275
18643,29376
18644,26799
18644,27131
18645,489
18645,967
18646,967
18646,2653
18647,6792
18647,7555
18648,2744
18648,3713
18648,5183
18648,7473
18649,967
18649,1150
18650,9455
18650,10542
18651,9455
18651,10542
18652,2786
18652,7445
18653,10184
18653,21767
18654,1509
18654,14991
18654,22873
18655,3989
18655,28415
18655,29085
18656,2827
18656,2889
18657,8593
18657,8595
18658,9924
18658,10056
18659,7180
18659,8510
18659,8774
18660,10171
18660,13761
18661,3645
18661,15302
18662,6842
18662,6904
18663,2546
18663,16353
18664,14103
18664,14176
18665,9033
18665,9427
18666,1105
18666,7919
18667,16262
18667,17624
18668,2846
18668,9705
18669,720
18669,1956
18670,3864
18670,6131
18671,7696
18671,8915
18672,8396
18672,10827
18673,5320
18673,7797
18674,6131
18674,10827
18675,8396
18675,10827
18676,6131
18676,10827
18677,6131
18677,10827
18678,8396
18678,10055
18679,25158
18679,25908
18680,2876
18680,3007
18680,3145
18681,18472
18681,20051
18682,9497
18682,16807
18683,27304
18683,28550
18684,28550
18684,30262
18685,3954
18685,7200
18686,2511
18686,3623
18687,3528
18687,3987
18687,9195
18688,5524
18688,5827
18689,3954
18689,7200
18690,694
18690,699
18691,9763
18691,11174
18692,5506
18692,6320
18693,1491
18693,4504
18694,2892
18694,9217
18695,2892
18695,9217
18696,2892
18696,13374
18697,6393
18697,13374
18698,2892
18698,13374
18699,12000
18699,13374
18700,2036
18700,2037
18701,832
18701,4702
18702,1599
18702,6789
18703,395
18703,435
18704,26171
18704,28450
18705,24018
18705,24967
18706,2955
18706,6755
18707,11634
18707,15702
18708,9497
18708,10047
18709,7400
18709,7447
18710,4422
18710,13597
18711,5969
18711,30157
18712,20646
18712,22649
18713,1107
18713,2033
18714,2314
18714,3566
18715,992
18715,1435
18716,9474
18716,10536
18717,9874
18717,10021
18718,1028
18718,1241
18719,1028
18719,8396
18720,11686
18720,13214
18720,21739
18721,59
18721,12629
18722,11381
18722,20969
18723,26414
18723,26425
18724,30355
18724,30399
18725,994
18725,3795
18726,8862
18726,12630
18726,17761
18727,15018
18727,15020
18728,85
18728,9161
18729,2033
18729,2363
18730,4159
18730,5282
18731,11336
18731,13117
18732,14497
18732,14537
18733,967
18733,2280
18734,1105
18734,1415
18735,1150
18735,6214
18736,14991
18736,22873
18737,23741
18737,23994
18738,14991
18738,22873
18739,13096
18739,29277
18740,13078
18740,13079
18741,6065
18741,9061
18742,8939
18742,23685
18743,20800
18743,21495
18744,24882
18744,25011
18745,1376
18745,10157
18746,989
18746,7732
18747,1560
18747,1573
18748,11280
18748,13552
18749,887
18749,7142
18750,2695
18750,11966
18751,22112
18751,23758
18752,2036
18752,2037
18753,395
18753,435
18754,1954
18754,6393
18755,626
18755,2336
18756,29492
18756,31381
18757,2876
18757,3145
18757,3317
18757,4592
18758,9674
18758,15693
18759,4560
18759,10460
18760,3954
18760,7200
18761,4159
18761,5282
18762,3954
18762,7200
18763,11739
18763,11741
18764,1005
18764,9693
18765,1005
18765,9693
18766,24327
18766,26070
18767,5702
18767,29161
18768,2876
18768,3007
18769,2876
18769,3007
18770,2876
18770,3007
18771,2876
18771,3007
18772,1379
18772,1799
18772,1940
18773,12593
18773,22941
18774,243
18774,3024
18775,3190
18775,3238
18776,11730
18776,11786
18777,9217
18777,9448
18778,7162
18778,7696
18779,13660
18779,14293
18780,7162
18780,14307
18781,2301
18781,6803
18782,59
18782,2904
18782,12554
18782,16218
18783,7137
18783,14679
18784,891
18784,6881
18785,891
18785,5666
18786,11752
18786,13214
18787,6412
18787,20777
18788,18518
18788,25219
18789,1028
18789,1241
18790,11752
18790,13214
18791,7020
18791,7137
18792,9595
18792,9638
18793,1379
18793,1799
18793,1940
18794,994
18794,3795
18795,16807
18795,17964
18796,2788
18796,13734
18796,24721
18797,25622
18797,26200
18798,4012
18798,5775
18799,4733
18799,6602
18800,2363
18800,2369
18801,2363
18801,2465
18802,1379
18802,1799
18802,1940
18803,4389
18803,4391
18804,26914
18804,27562
18805,2346
18805,8501
18805,13426
18806,6458
18806,8101
18806,8990
18806,11041
18807,4296
18807,6540
18808,112
18808,3205
18809,8519
18809,8520
18810,3640
18810,6719
18810,9142
18811,6943
18811,9323
18811,9941
18812,3090
18812,6732
18813,10084
18813,10356
18814,10662
18814,11972
18815,6943
18815,10193
18816,4152
18816,7366
18816,18929
18817,16403
18817,16464
18818,177
18818,2786
18819,559
18819,3389
18820,16044
18820,16378
18821,1107
18821,2033
18822,1055
18822,1056
18823,1055
18823,1056
18824,22664
18824,30392
18825,6351
18825,16082
18826,11585
18826,22286
18827,13050
18827,13300
18828,19994
18828,20008
18829,3145
18829,15059
18829,21291
18830,3145
18830,22631
18831,2511
18831,5474
18832,1794
18832,7389
18833,10171
18833,17328
18834,4284
18834,5149
18835,3954
18835,7200
18836,4385
18836,5845
18836,11041
18837,16274
18837,19187
18838,4502
18838,7681
18839,2894
18839,9602
18840,18633
18840,21865
18841,579
18841,4193
18842,2363
18842,2369
18843,2363
18843,8166
18844,3375
18844,3376
18845,3375
18845,3376
18846,7679
18846,17085
18847,13138
18847,20964
18848,2363
18848,2369
18849,2363
18849,2369
18850,14991
18850,22873
18851,203
18851,2919
18852,7121
18852,12398
18852,13570
18853,13949
18853,14823
18854,3640
18854,15199
18855,9314
18855,16486
18855,18602
18856,6412
18856,20777
18857,21988
18857,25747
18858,3346
18858,9497
18859,4374
18859,8314
18860,7681
18860,9107
18861,9217
18861,10704
18862,913
18862,11471
18863,7121
18863,13570
18864,14713
18864,15348
18865,6508
18865,10108
18866,7400
18866,7447
18867,10440
18867,14601
18868,7208
18868,7302
18869,6808
18869,14758
18870,1195
18870,1196
18871,297
18871,25923
18872,26293
18872,26384
18873,26273
18873,27174
18874,27304
18874,28550
18875,26273
18875,27174
18876,27397
18876,27403
18877,2919
18877,3473
18878,2525
18878,5794
18879,12564
18879,12629
18880,16444
18880,18892
18881,967
18881,6457
18881,8990
18882,3285
18882,4170
18882,7473
18882,10176
18882,10178
18882,10182
18883,3535
18883,6457
18883,6938
18883,17064
18883,17412
18884,3365
18884,8990
18885,154
18885,331
18886,8510
18886,8758
18886,8774
18886,11098
18887,1944
18887,16817
18888,5123
18888,5570
18889,2971
18889,3795
18889,3798
18890,3713
18890,7211
18891,7679
18891,14785
18892,9194
18892,9254
18893,2314
18893,3566
18894,4177
18894,4355
18895,2927
18895,3737
18896,3584
18896,4850
18897,6720
18897,18736
18898,7400
18898,7447
18899,2876
18899,3805
18900,3083
18900,3145
18901,3083
18901,3145
18902,3083
18902,3145
18903,1055
18903,1056
18904,5394
18904,15963
18905,349
18905,2872
18906,2876
18906,3007
18907,2876
18907,5917
18908,771
18908,6862
18909,1055
18909,1056
18909,1416
18910,4253
18910,10004
18911,9199
18911,9475
18912,29845
18912,30866
18913,14223
18913,21357
18914,5888
18914,27977
18915,1055
18915,1056
18916,1055
18916,1056
18917,1055
18917,1056
18917,1416
18918,1055
18918,1056
18919,8896
18919,9063
18919,11089
18920,353
18920,10804
18921,8896
18921,9063
18921,11089
18921,12065
18922,2005
18922,6688
18922,11327
18923,25522
18923,26233
18924,3776
18924,29392
18925,26191
18925,27374
18926,2398
18926,3889
18927,2398
18927,3889
18928,1907
18928,2462
18928,26748
18929,154
18929,331
18930,154
18930,197
18930,331
18931,19574
18931,19585
18932,10805
18932,11249
18933,10386
18933,10387
18934,1004
18934,5212
18935,13769
18935,14029
18936,9815
18936,9820
18937,1871
18937,2282
18938,1871
18938,2282
18939,1871
18939,2282
18940,15275
18940,16054
18941,1944
18941,16817
18942,1331
18942,6621
18943,75
18943,7766
18943,8593
18944,12849
18944,13922
18945,154
18945,331
18946,4048
18946,10149
18947,1750
18947,10481
18948,1602
18948,2075
18949,5802
18949,11252
18950,27210
18950,29601
18951,13078
18951,13079
18952,5970
18952,11005
18953,2365
18953,2971
18954,308
18954,315
18955,1799
18955,1940
18956,3949
18956,5159
18957,5304
18957,5352
18958,331
18958,1972
18959,994
18959,3795
18959,3798
18960,295
18960,6457
18961,18880
18961,19891
18962,683
18962,6637
18963,287
18963,8781
18963,8826
18963,8906
18964,1871
18964,3346
18965,4308
18965,4439
18966,4142
18966,6775
18967,9411
18967,10405
18968,14809
18968,18963
18969,14991
18969,22873
18970,2794
18970,22941
18971,10224
18971,18018
18972,10224
18972,18018
18972,20241
18973,4870
18973,14337
18974,2077
18974,18551
18975,14397
18975,15319
18976,1157
18976,10312
18977,10144
18977,10147
18978,2365
18978,2971
18979,5977
18979,6339
18980,913
18980,11471
18981,8458
18981,16770
18982,9895
18982,13580
18983,7739
18983,8511
18984,15541
18984,15597
18985,26914
18985,27562
18986,6120
18986,7708
18987,2535
18987,19469
18988,20800
18988,21495
18989,20800
18989,21495
18990,1920
18990,2033
18991,3073
18991,4861
18992,15240
18992,15362
18993,28786
18993,29442
18994,579
18994,4193
18995,3190
18995,3238
18996,2558
18996,10671
18997,8862
18997,12630
18998,24756
18998,27863
18999,13078
18999,13079
19000,17333
19000,29056
19001,1055
19001,1056
19002,1055
19002,1056
19003,2153
19003,7248
19004,198
19004,16807
19005,216
19005,3174
19006,7003
19006,9981
19007,12794
19007,21439
19008,1028
19008,7106
19009,17561
19009,18417
19010,1394
19010,1456
19011,23023
19011,23669
19012,43
19012,11891
19013,12728
19013,14000
19013,20622
19014,6412
19014,20777
19015,6508
19015,10108
19016,7300
19016,25142
19017,9323
19017,9348
19018,1105
19018,1890
19019,8593
19019,8868
19020,1039
19020,11097
19021,26725
19021,27577
19022,1871
19022,2282
19022,2847
19023,1871
19023,2282
19023,2847
19023,2848
19024,5468
19024,16258
19025,14991
19025,22873
19026,8537
19026,21590
19027,21245
19027,21322
19028,8911
19028,15713
19029,12554
19029,12629
19030,24339
19030,30875
19031,2897
19031,3234
19031,4041
19032,2778
19032,9689
19033,15619
19033,20934
19034,24860
19034,27954
19035,29388
19035,29389
19036,5209
19036,8301
19037,3954
19037,7200
19038,4837
19038,9065
19039,3954
19039,7200
19040,4837
19040,9065
19041,3954
19041,7200
19042,29688
19042,29692
19043,1560
19043,1573
19044,4382
19044,18545
19045,1907
19045,26748
19046,14103
19046,14176
19047,579
19047,4193
19048,3954
19048,7200
19049,12849
19049,16637
19050,12849
19050,16637
19051,14809
19051,18963
19052,955
19052,1487
19053,29012
19053,29016
19054,4142
19054,6775
19055,4392
19055,5329
19056,4392
19056,5329
19057,4392
19057,5329
19058,1028
19058,1241
19059,467
19059,4893
19060,3456
19060,5766
19061,13660
19061,14293
19062,2525
19062,8687
19063,26625
19063,26633
19064,24018
19064,24967
19065,661
19065,4595
19066,8769
19066,10570
19067,18663
19067,18781
19068,11367
19068,12383
19069,1585
19069,1608
19070,1107
19070,4286
19071,8763
19071,15190
19072,2369
19072,10925
19073,10662
19073,11441
19074,3566
19074,16687
19075,459
19075,3635
19076,459
19076,10238
19077,154
19077,331
19078,5123
19078,11879
19079,12070
19079,14003
19080,7122
19080,14003
19081,9444
19081,16299
19082,23341
19082,23444
19083,970
19083,7158
19084,3729
19084,7766
19085,6165
19085,14848
19086,22519
19086,28072
19087,14720
19087,16434
19088,906
19088,14640
19089,3954
19089,7200
19090,14720
19090,16434
19091,14720
19091,16434
19092,16735
19092,29933
19093,29260
19093,29416
19094,2564
19094,6457
19095,2363
19095,2369
19096,5037
19096,10929
19097,1107
19097,2033
19098,2709
19098,5744
19099,2564
19099,17045
19100,402
19100,7154
19100,9618
19101,21961
19101,21976
19102,10494
19102,10569
19103,3954
19103,7200
19103,11425
19104,9037
19104,15643
19105,3172
19105,10732
19106,1871
19106,2282
19107,1871
19107,2282
19108,72
19108,112
19109,2778
19109,9689
19110,7133
19110,8476
19111,7394
19111,9929
19111,15560
19112,10938
19112,12629
19112,12911
19113,11591
19113,17506
19113,17862
19113,18884
19114,11250
19114,15560
19115,2778
19115,9689
19116,3869
19116,25093
19117,1585
19117,1608
19118,992
19118,1435
19119,1095
19119,21535
19120,6369
19120,8334
19121,13821
19121,14383
19122,14546
19122,16644
19123,10688
19123,16559
19124,236
19124,4196
19125,6182
19125,20708
19126,11761
19126,23413
19127,21495
19127,23899
19128,20800
19128,21495
19129,26799
19129,27131
19130,22610
19130,29040
19131,20811
19131,30278
19132,30376
19132,30662
19133,308
19133,315
19134,308
19134,315
19135,12505
19135,15040
19135,17350
19136,23101
19136,24611
19137,320
19137,11088
19138,19370
19138,19422
19139,3954
19139,7200
19140,22583
19140,22584
19141,11217
19141,11333
19142,6726
19142,25935
19143,1105
19143,2511
19144,75
19144,8593
19145,2767
19145,5973
19146,3338
19146,26906
19147,27799
19147,28786
19148,988
19148,1080
19149,10662
19149,11721
19150,11999
19150,28415
19151,1944
19151,16817
19152,7475
19152,9137
19153,12074
19153,12629
19154,6287
19154,7565
19155,2314
19155,3566
19156,6842
19156,6904
19156,7420
19157,17606
19157,21489
19158,970
19158,7158
19158,8178
19159,4837
19159,7722
19160,3954
19160,7200
19161,7679
19161,12689
19162,1577
19162,2172
19163,2995
19163,10727
19164,20044
19164,22443
19164,26457
19165,9781
19165,18513
19166,14809
19166,18963
19167,1028
19167,1241
19168,26625
19168,26633
19169,435
19169,3087
19170,4072
19170,6771
19170,12346
19171,5843
19171,11644
19172,11644
19172,15713
19173,5843
19173,15713
19174,11644
19174,15713
19175,11644
19175,15713
19176,5843
19176,15713
19177,5843
19177,15713
19178,5843
19178,15713
19179,5843
19179,15713
19180,5843
19180,15713
19181,11644
19181,15713
19182,11644
19182,15713
19183,15713
19183,24142
19184,11644
19184,15713
19185,5843
19185,15713
19186,11234
19186,15713
19187,14930
19187,31586
19188,2576
19188,7133
19188,7604
19189,1135
19189,3145
19190,3456
19190,7137
19191,2033
19191,3142
19192,3428
19192,6007
19192,8574
19193,2946
19193,3142
19194,1379
19194,1799
19194,1940
19195,308
19195,315
19196,555
19196,2773
19197,555
19197,10097
19197,13959
19198,9066
19198,11996
19199,555
19199,23741
19200,555
19200,13959
19201,555
19201,22507
19202,26914
19202,27562
19203,1591
19203,11570
19204,11174
19204,19340
19204,19487
19205,2379
19205,19186
19206,227
19206,20044
19207,16638
19207,20044
19208,25295
19208,25296
19208,25297
19209,14991
19209,22873
19210,14766
19210,20044
19211,18698
19211,21767
19212,14397
19212,14430
19212,28814
19213,2033
19213,2946
19214,15290
19214,16874
19215,2346
19215,16328
19216,1801
19216,4506
19217,5977
19217,6339
19218,50
19218,53
19219,8837
19219,19494
19220,8040
19220,13003
19221,9832
19221,18527
19222,22362
19222,23633
19223,7732
19223,28892
19224,3869
19224,25093
19225,31117
19225,31389
19226,2827
19226,2889
19227,6943
19227,11903
19228,6943
19228,12490
19229,4199
19229,4304
19230,4392
19230,5329
19231,6601
19231,9527
19232,8673
19232,8683
19233,7539
19233,13595
19234,4330
19234,10362
19235,1920
19235,5737
19236,994
19236,3795
19237,28434
19237,28443
19238,13078
19238,13079
19239,3954
19239,4837
19240,1379
19240,1940
19241,3222
19241,3428
19242,14850
19242,15046
19242,18413
19243,14336
19243,14943
19244,5853
19244,15046
19245,25310
19245,29035
19246,2495
19246,2505
19247,1922
19247,7645
19248,25158
19248,25908
19249,24421
19249,31100
19250,6458
19250,6460
19251,13918
19251,13964
19252,23318
19252,24676
19253,5305
19253,7296
19254,2714
19254,9812
19255,1160
19255,15875
19256,24624
19256,24648
19257,5252
19257,5289
19258,3190
19258,3238
19259,3799
19259,9323
19260,6412
19260,20777
19261,140
19261,143
19262,11308
19262,11314
19263,989
19263,7732
19264,2036
19264,2037
19265,3190
19265,3238
19266,3190
19266,3238
19267,459
19267,5443
19268,2778
19268,9689
19269,7722
19269,13157
19270,8167
19270,9040
19271,27388
19271,27887
19272,27388
19272,27887
19273,921
19273,1814
19274,4159
19274,5282
19275,10171
19275,11936
19276,3183
19276,22560
19277,1491
19277,4504
19278,3417
19278,5316
19279,1491
19279,4504
19280,1005
19280,9693
19281,1005
19281,9693
19282,12298
19282,18205
19283,7471
19283,8312
19284,359
19284,2740
19285,9146
19285,9335
19285,26026
19286,2560
19286,19432
19287,3142
19287,11124
19288,4291
19288,12840
19289,16625
19289,24210
19290,16625
19290,24210
19291,15018
19291,15020
19292,10171
19292,11039
19293,3392
19293,10171
19294,23907
19294,24567
19295,23907
19295,24567
19296,8615
19296,19615
19297,10238
19297,12790
19298,15303
19298,15886
19299,1591
19299,1592
19300,1808
19300,1810
19301,9887
19301,19010
19302,3564
19302,4903
19303,3488
19303,7405
19304,1379
19304,1799
19305,4012
19305,5775
19306,3926
19306,5303
19307,110
19307,1620
19308,2221
19308,5309
19309,1150
19309,6313
19310,8565
19310,17676
19311,11739
19311,11741
19312,9834
19312,16617
19313,4009
19313,22383
19314,21316
19314,22553
19315,579
19315,4193
19316,21817
19316,23649
19317,20446
19317,29452
19318,6117
19318,25718
19319,4816
19319,8039
19320,4816
19320,6874
19321,4816
19321,6874
19322,5037
19322,10084
19322,10929
19323,4844
19323,6794
19324,4816
19324,13472
19325,1014
19325,1291
19326,4320
19326,16143
19327,5167
19327,10671
19328,4236
19328,11970
19329,915
19329,8660
19330,13273
19330,14802
19331,3848
19331,5167
19332,578
19332,23048
19333,24685
19333,26397
19334,19929
19334,22906
19335,24756
19335,27863
19336,8667
19336,26516
19337,471
19337,472
19338,284
19338,288
19339,3971
19339,6035
19340,3427
19340,5764
19341,6859
19341,7243
19342,2018
19342,8070
19343,1358
19343,2000
19344,10875
19344,15643
19345,14685
19345,18703
19346,1246
19346,27884
19346,28338
19347,1531
19347,3203
19348,471
19348,472
19349,60
19349,118
19350,416
19350,7919
19351,284
19351,288
19352,25213
19352,25322
19353,26178
19353,26390
19354,5848
19354,15266
19355,306
19355,921
19355,4142
19355,4454
19356,4323
19356,6551
19357,324
19357,683
19357,2497
19357,6637
19358,5473
19358,5816
19359,2681
19359,3551
19360,57
19360,1075
19361,3566
19361,7045
19362,15481
19362,16315
19363,3553
19363,11686
19364,25042
19364,25587
19365,993
19365,13641
19366,3261
19366,4035
19367,423
19367,1379
19368,9497
19368,9501
19369,2827
19369,2889
19370,2667
19370,3685
19371,2288
19371,2511
19372,11234
19372,22274
19373,11234
19373,22274
19374,11234
19374,22274
19375,11234
19375,22274
19376,11234
19376,22274
19377,11234
19377,22274
19378,6813
19378,16807
19378,17964
19379,2934
19379,4358
19380,9687
19380,27933
19381,21278
19381,21685
19382,9874
19382,10021
19383,9593
19383,9598
19384,1056
19384,11272
19385,3637
19385,17563
19386,459
19386,4111
19387,75
19387,3783
19388,2369
19388,6214
19389,2314
19389,3566
19390,3322
19390,13207
19391,13546
19391,15798
19392,18414
19392,18971
19393,11234
19393,22274
19394,16807
19394,17964
19395,18282
19395,22056
19395,23771
19395,23852
19396,26131
19396,26354
19396,26356
19397,26131
19397,27646
19398,2314
19398,3566
19399,12281
19399,22941
19400,5103
19400,12415
19400,13156
19401,10224
19401,18018
19402,934
19402,993
19402,6795
19403,1944
19403,4045
19404,12041
19404,12849
19404,14429
19404,16637
19404,16739
19405,4045
19405,11299
19406,8990
19406,9681
19406,14587
19406,14620
19407,2788
19407,17492
19408,1944
19408,4045
19409,993
19409,4045
19410,10662
19410,11441
19411,4571
19411,6518
19411,16687
19411,17104
19411,18920
19412,4045
19412,18698
19413,227
19413,20044
19414,4045
19414,18698
19414,21767
19415,17277
19415,21143
19415,24413
19416,1075
19416,10494
19416,18553
19416,24413
19417,18698
19417,21767
19418,18698
19418,21767
19419,10321
19419,10769
19419,18378
19420,57
19420,2729
19421,853
19421,3338
19421,20063
19422,16044
19422,16378
19423,17820
19423,23214
19424,21867
19424,28456
19425,28487
19425,28898
19426,685
19426,9010
19426,13907
19426,29240
19427,26832
19427,28487
19428,685
19428,13907
19429,22870
19429,24760
19430,3365
19430,8990
19431,8752
19431,17318
19432,7143
19432,9790
19433,967
19433,1126
19433,6091
19433,11127
19433,11905
19433,14180
19433,17064
19434,227
19434,20044
19435,3954
19435,7200
19435,17421
19436,3954
19436,7200
19437,1345
19437,1375
19438,606
19438,1187
19439,3531
19439,3623
19440,994
19440,3795
19441,8510
19441,14995
19442,478
19442,6011
19443,5920
19443,12507
19444,1070
19444,12440
19445,743
19445,7376
19446,11217
19446,20628
19447,1173
19447,21156
19448,6974
19448,10103
19449,12505
19449,15040
19449,17350
19450,7191
19450,20882
19450,23919
19451,1270
19451,27087
19452,14397
19452,14430
19452,28814
19453,3869
19453,25093
19454,2835
19454,11883
19455,15646
19455,28431
19456,24642
19456,27003
19457,19785
19457,31286
19458,20132
19458,28135
19459,21269
19459,26054
19460,1871
19460,2282
19461,1871
19461,2282
19462,1693
19462,6125
19463,992
19463,1435
19464,8705
19464,14393
19465,8705
19465,23728
19466,8705
19466,23728
19467,8705
19467,23728
19468,8705
19468,23728
19469,8705
19469,23728
19470,8705
19470,23728
19471,8705
19471,23728
19472,5241
19472,8705
19473,869
19473,1154
19474,471
19474,472
19475,2412
19475,3704
19476,598
19476,869
19477,284
19477,288
19478,3971
19478,17729
19479,364
19479,2852
19480,364
19480,2852
19481,493
19481,3706
19482,308
19482,315
19483,5194
19483,5195
19484,154
19484,197
19485,7028
19485,16000
19486,22461
19486,22635
19487,22112
19487,23758
19488,1775
19488,5464
19489,2511
19489,3913
19490,14314
19490,16818
19491,11011
19491,12163
19492,11234
19492,22274
19493,25097
19493,25871
19494,23807
19494,23895
19495,25622
19495,26200
19496,18274
19496,28288
19497,7960
19497,8261
19498,157
19498,2033
19499,1107
19499,2511
19500,2412
19500,16670
19501,2147
19501,2149
19502,1720
19502,8664
19503,16178
19503,16182
19504,4458
19504,5384
19504,20020
19505,13734
19505,24760
19506,26523
19506,29835
19507,869
19507,1154
19508,11083
19508,11161
19509,5853
19509,6874
19510,4567
19510,13167
19511,5853
19511,24980
19512,633
19512,24513
19513,25622
19513,26200
19514,2363
19514,2369
19515,154
19515,197
19515,331
19516,994
19516,3795
19516,3798
19517,1591
19517,1592
19518,2363
19518,2369
19519,3869
19519,25093
19520,3869
19520,25093
19521,353
19521,9367
19522,9367
19522,9687
19523,1463
19523,2036
19523,2037
19524,4884
19524,7137
19525,2780
19525,12554
19526,5147
19526,12564
19527,59
19527,5147
19527,12564
19528,5147
19528,12564
19529,3320
19529,21347
19530,59
19530,5147
19530,12564
19530,12629
19531,165
19531,22664
19531,29656
19532,493
19532,3706
19533,13607
19533,16012
19534,11752
19534,13214
19535,14094
19535,16473
19536,3233
19536,4168
19537,24926
19537,25137
19538,14094
19538,17113
19539,992
19539,1435
19540,7318
19540,8273
19541,29012
19541,29016
19542,2827
19542,2889
19543,5986
19543,6133
19544,5080
19544,8400
19545,5080
19545,7140
19546,11740
19546,24890
19547,29943
19547,30163
19548,8244
19548,8935
19549,15730
19549,15916
19550,5071
19550,6073
19551,13640
19551,14962
19552,23907
19552,24567
19553,295
19553,3798
19554,20628
19554,21965
19555,13652
19555,22939
19556,1688
19556,5541
19557,5656
19557,10477
19558,14809
19558,18963
19559,14809
19559,18963
19560,23765
19560,24455
19561,13046
19561,29130
19562,24642
19562,27003
19563,11424
19563,12355
19564,11820
19564,15090
19565,1776
19565,2033
19565,14766
19566,1871
19566,2282
19567,992
19567,1435
19568,1871
19568,2282
19569,992
19569,1435
19570,4958
19570,6366
19571,1634
19571,2134
19571,3750
19572,1634
19572,2134
19573,1634
19573,2134
19574,1634
19574,2134
19575,1634
19575,2134
19576,1634
19576,2134
19577,1634
19577,2134
19578,8837
19578,19494
19578,20027
19579,5783
19579,16560
19580,24162
19580,25256
19581,26344
19581,27067
19582,5783
19582,16560
19583,1055
19583,1056
19584,5783
19584,16560
19585,2847
19585,2848
19586,742
19586,1386
19587,6007
19587,7568
19588,1634
19588,2134
19588,3750
19589,4159
19589,5282
19590,10171
19590,16400
19591,5123
19591,13386
19592,22636
19592,23642
19593,10386
19593,10387
19594,9687
19594,27933
19595,11045
19595,16684
19596,1246
19596,27240
19597,23416
19597,24928
19598,11441
19598,23416
19599,2314
19599,3566
19600,8837
19600,20027
19601,3303
19601,3304
19602,4012
19602,5775
19603,1634
19603,2134
19603,3750
19604,25551
19604,25552
19605,3869
19605,25093
19606,493
19606,3706
19607,9672
19607,12968
19608,2847
19608,2848
19609,1693
19609,7296
19610,1693
19610,7296
19611,8590
19611,12317
19611,12343
19612,8590
19612,24691
19613,21265
19613,24664
19614,4159
19614,7784
19615,579
19615,4193
19616,579
19616,4193
19617,579
19617,2862
19618,12741
19618,15409
19619,4392
19619,5329
19620,9037
19620,13651
19621,3527
19621,3535
19622,17948
19622,23846
19623,364
19623,2852
19624,364
19624,2852
19625,364
19625,2852
19626,2847
19626,2848
19627,20601
19627,22423
19628,15619
19628,20934
19629,14209
19629,15860
19630,14766
19630,22478
19631,2439
19631,4936
19632,4067
19632,14072
19633,8475
19633,16925
19634,3954
19634,7200
19635,8837
19635,19494
19636,6458
19636,6460
19637,717
19637,5826
19638,8191
19638,9763
19639,13659
19639,21819
19640,5400
19640,6627
19641,19530
19641,19545
19642,12543
19642,14282
19643,5144
19643,13494
19644,2288
19644,15378
19645,1592
19645,27011
19646,3869
19646,25093
19647,27802
19647,30587
19648,27977
19648,29130
19649,459
19649,1386
19650,359
19650,2740
19651,13446
19651,17427
19652,11083
19652,11161
19653,4837
19653,6059
19653,7200
19654,24956
19654,29137
19655,11083
19655,11161
19656,17542
19656,17601
19657,994
19657,3795
19658,8012
19658,9751
19659,1005
19659,2701
19659,9693
19660,27462
19660,28960
19661,2446
19661,2507
19662,154
19662,331
19663,6211
19663,13563
19664,11761
19664,23413
19665,3110
19665,3343
19666,3954
19666,7200
19667,4045
19667,15481
19668,22941
19668,23719
19669,4048
19669,10149
19670,12262
19670,14468
19671,5416
19671,13887
19672,9037
19672,10727
19673,1371
19673,8390
19674,1531
19674,3586
19675,10951
19675,13576
19676,937
19676,1435
19677,1154
19677,4655
19678,8769
19678,10570
19679,1758
19679,14489
19680,10233
19680,10471
19681,43
19681,6607
19682,10892
19682,15140
19683,2600
19683,24685
19683,26397
19684,8338
19684,17777
19685,11333
19685,11455
19685,28481
19686,986
19686,1164
19686,25769
19687,26133
19687,31136
19688,9731
19688,10075
19689,5677
19689,5756
19689,22259
19689,27277
19690,2771
19690,2803
19691,16374
19691,17187
19691,18895
19691,18896
19692,13273
19692,14802
19693,3954
19693,7200
19694,3488
19694,7405
19695,1597
19695,1915
19696,7109
19696,12142
19697,10288
19697,16240
19698,2834
19698,14397
19698,25119
19699,17361
19699,20476
19700,3954
19700,17085
19701,4844
19701,6794
19702,3971
19702,6125
19703,13273
19703,14802
19704,13273
19704,14802
19705,13273
19705,14802
19706,13273
19706,14802
19707,12861
19707,12884
19708,3551
19708,23257
19709,6137
19709,6138
19710,9323
19710,9348
19711,5123
19711,5159
19711,13386
19712,6842
19712,6904
19713,1254
19713,1260
19714,7366
19714,18929
19715,8837
19715,19494
19716,1871
19716,2282
19717,619
19717,13008
19718,13950
19718,13962
19719,14397
19719,15319
19719,15327
19719,25119
19720,6808
19720,20519
19721,59
19721,12629
19721,20519
19722,5843
19722,17878
19723,20065
19723,20519
19724,11234
19724,22274
19725,15666
19725,20519
19726,3712
19726,10558
19727,5147
19727,7650
19727,12564
19727,15144
19727,23188
19728,11917
19728,20519
19729,11234
19729,22274
19730,20519
19730,24847
19731,14829
19731,15469
19732,13923
19732,20645
19732,22736
19733,6579
19733,6808
19733,22701
19734,7367
19734,25624
19735,6508
19735,10108
19736,6808
19736,23077
19737,25203
19737,26656
19738,3913
19738,26656
19739,10300
19739,23170
19739,26656
19740,9976
19740,17862
19741,4628
19741,26656
19742,6508
19742,22215
19743,217
19743,26656
19744,4243
19744,19523
19745,6808
19745,26656
19746,19361
19746,26656
19747,19361
19747,28926
19748,27723
19748,29790
19749,25624
19749,26656
19750,26656
19750,30474
19751,26656
19751,30583
19752,27231
19752,28603
19753,24442
19753,29241
19754,11473
19754,27551
19754,29241
19755,870
19755,28725
19755,29688
19755,29692
19756,30355
19756,30399
19757,5123
19757,5159
19758,12000
19758,24949
19759,8191
19759,9763
19760,2667
19760,3685
19761,3713
19761,7211
19762,19294
19762,21335
19763,20800
19763,21495
19764,3303
19764,3304
19765,994
19765,3795
19766,3971
19766,6007
19767,24855
19767,26911
19768,8425
19768,17710
19769,12415
19769,13156
19770,1055
19770,1056
19771,3666
19771,5452
19772,1055
19772,1056
19773,8911
19773,15713
19774,1596
19774,16938
19775,8911
19775,22006
19776,8911
19776,15713
19777,6412
19777,20777
19778,8911
19778,22006
19779,26149
19779,26750
19780,8398
19780,9431
19781,6294
19781,10238
19782,6294
19782,10238
19783,19845
19783,24085
19784,3869
19784,25093
19785,9223
19785,10356
19786,1055
19786,1056
19786,3633
19787,3190
19787,3238
19788,1005
19788,9693
19789,2927
19789,3737
19790,1818
19790,12419
19791,7882
19791,12062
19792,1597
19792,1915
19793,598
19793,9948
19794,9727
19794,10659
19795,10464
19795,10518
19796,7605
19796,7656
19797,1755
19797,10243
19798,6412
19798,20777
19799,8312
19799,8585
19800,955
19800,1487
19801,16878
19801,18360
19802,6635
19802,6727
19803,29012
19803,29016
19804,154
19804,331
19805,2396
19805,7237
19806,77
19806,6457
19807,16374
19807,17187
19807,18895
19808,7143
19808,7294
19809,6499
19809,7143
19810,5729
19810,22828
19811,17105
19811,26813
19812,6458
19812,8990
19813,243
19813,3024
19814,808
19814,4998
19815,2802
19815,5930
19816,13324
19816,15592
19817,13965
19817,14415
19818,270
19818,10727
19819,28456
19819,29128
19820,19887
19820,30134
19821,549
19821,26856
19822,12433
19822,12613
19823,17542
19823,17634
19824,23806
19824,23842
19825,1055
19825,1056
19826,3640
19826,6719
19827,1491
19827,5764
19828,15247
19828,15315
19829,2363
19829,2369
19830,8837
19830,19494
19831,181
19831,9130
19832,2786
19832,8868
19833,6359
19833,10922
19834,1107
19834,3945
19835,6369
19835,8334
19836,579
19836,1227
19837,5123
19837,5159
19837,15754
19838,14809
19838,18963
19839,3491
19839,3596
19839,3645
19840,11000
19840,21651
19841,17273
19841,17574
19842,1560
19842,1573
19843,25746
19843,28711
19844,3954
19844,7200
19845,50
19845,53
19846,8837
19846,19494
19847,989
19847,7732
19847,28892
19848,18233
19848,29699
19849,31117
19849,31389
19850,1379
19850,1799
19850,1940
19851,5144
19851,14582
19852,22
19852,2314
19852,3566
19853,11424
19853,12355
19854,11424
19854,12355
19855,11424
19855,12355
19856,17319
19856,17321
19857,1920
19857,2033
19858,1597
19858,1915
19859,2067
19859,6261
19860,5230
19860,6348
19861,10839
19861,11022
19862,3227
19862,3386
19863,27680
19863,28582
19863,28813
19864,8425
19864,17710
19865,3018
19865,7954
19866,7922
19866,10424
19867,9687
19867,27933
19868,154
19868,331
19869,3798
19869,4449
19870,12505
19870,15040
19870,15041
19870,17350
19871,1758
19871,14489
19872,16807
19872,17964
19873,77
19873,8616
19874,3869
19874,25093
19875,955
19875,1487
19876,1491
19876,4504
19877,1491
19877,4504
19878,9501
19878,9687
19879,3971
19879,6125
19880,308
19880,315
19881,1379
19881,1940
19882,4769
19882,5187
19883,994
19883,3795
19884,2328
19884,11949
19885,13652
19885,22939
19886,308
19886,315
19887,14543
19887,29559
19888,10662
19888,11441
19889,308
19889,315
19890,2314
19890,3566
19891,1920
19891,2033
19892,2314
19892,3566
19892,8347
19893,2314
19893,3566
19893,5370
19894,2314
19894,5370
19895,4359
19895,5347
19896,6972
19896,9928
19897,677
19897,2497
19898,4152
19898,7366
19898,18929
19899,203
19899,1186
19900,16807
19900,17964
19901,1308
19901,14758
19902,10869
19902,10880
19902,10918
19902,14393
19903,4483
19903,8422
19904,1167
19904,16432
19904,20298
19905,43
19905,11891
19906,21782
19906,22353
19907,28208
19907,30749
19908,5118
19908,5302
19909,7400
19909,7447
19910,7400
19910,7447
19911,5754
19911,15895
19912,1657
19912,7400
19913,19853
19913,20442
19914,7400
19914,7447
19915,27462
19915,28960
19916,43
19916,6607
19916,11891
19917,955
19917,1487
19918,2142
19918,2173
19919,4094
19919,8332
19920,6808
19920,24280
19921,29688
19921,29692
19922,579
19922,4193
19923,5400
19923,6627
19924,19574
19924,19585
19925,17478
19925,21499
19926,4177
19926,4355
19927,4177
19927,4355
19928,1186
19928,14590
19929,12094
19929,12162
19930,4094
19930,8332
19931,10092
19931,10678
19932,18268
19932,21450
19933,12094
19933,12162
19934,9556
19934,14059
19935,988
19935,1080
19936,4094
19936,6702
19937,10092
19937,10678
19938,6870
19938,15801
19939,1005
19939,9693
19940,25622
19940,26200
19941,11739
19941,11741
19942,1871
19942,2282
19943,1871
19943,2282
19944,1871
19944,2282
19945,992
19945,1435
19946,5755
19946,10362
19947,5142
19947,12689
19948,19539
19948,22699
19949,5394
19949,15963
19950,182
19950,708
19950,867
19950,2372
19950,2466
19950,11361
19951,1074
19951,14129
19952,27598
19952,28199
19953,1979
19953,10341
19954,138
19954,4837
19955,5921
19955,27799
19956,11990
19956,13324
19957,626
19957,2336
19958,13078
19958,13079
19959,2755
19959,6406
19960,9595
19960,9638
19961,1801
19961,4506
19962,5395
19962,5782
19963,3954
19963,4837
19963,7200
19964,1739
19964,10694
19965,10805
19965,11249
19966,5142
19966,13536
19967,10084
19967,10356
19968,12027
19968,13427
19969,10765
19969,14764
19970,65
19970,15608
19971,9223
19971,10356
19972,3954
19972,7200
19973,8132
19973,18398
19974,23765
19974,24455
19975,994
19975,3795
19976,19574
19976,19585
19977,19845
19977,24085
19978,9687
19978,27933
19979,955
19979,1487
19979,2012
19980,5945
19980,17579
19981,1591
19981,1592
19982,12300
19982,18998
19983,2402
19983,2667
19984,6095
19984,9038
19985,13046
19985,29130
19986,1972
19986,3713
19987,2402
19987,2667
19988,1591
19988,1592
19989,1267
19989,17565
19990,20800
19990,21495
19991,7810
19991,28724
19992,2147
19992,2149
19993,154
19993,331
19994,14991
19994,22873
19995,9455
19995,10542
19996,6817
19996,11917
19997,1160
19997,8824
19998,989
19998,7732
19999,10233
19999,10471
20000,5797
20000,7025
20001,4371
20001,7567
20002,14397
20002,15319
20002,15327
20003,24173
20003,24243
20004,484
20004,1690
20005,16807
20005,17964
20006,15481
20006,16315
20007,1585
20007,1608
20008,2288
20008,2648
20009,30376
20009,30662
20010,1107
20010,1634
20011,7386
20011,7446
20012,5217
20012,6873
20013,17793
20013,17817
20014,23907
20014,30749
20015,11083
20015,11161
20016,12483
20016,18315
20017,16262
20017,17624
20018,12394
20018,14361
20019,1091
20019,2628
20020,11234
20020,22274
20021,1386
20021,3803
20022,24385
20022,25246
20023,24385
20023,25246
20024,108
20024,3142
20025,1972
20025,3713
20026,227
20026,20044
20027,18880
20027,19891
20028,20800
20028,21495
20029,8866
20029,14766
20030,14766
20030,19924
20031,8191
20031,9763
20032,8191
20032,16677
20033,19845
20033,24085
20034,423
20034,3685
20035,1920
20035,3685
20036,282
20036,3685
20037,3654
20037,16233
20038,15481
20038,16315
20039,9097
20039,23107
20040,459
20040,3803
20041,497
20041,6976
20042,497
20042,8644
20043,308
20043,315
20044,423
20044,1866
20045,20800
20045,21495
20046,14829
20046,15469
20047,14829
20047,15469
20048,11011
20048,12163
20049,13759
20049,14091
20050,644
20050,3024
20051,4777
20051,7136
20052,8519
20052,8520
20053,3089
20053,3292
20054,2363
20054,17065
20055,3089
20055,3186
20056,1349
20056,23138
20057,200
20057,3186
20058,200
20058,3186
20059,1477
20059,13387
20060,10946
20060,11177
20061,8705
20061,23728
20062,1346
20062,8990
20063,28044
20063,28045
20064,994
20064,3795
20065,8612
20065,10583
20066,5138
20066,7335
20067,598
20067,869
20068,2827
20068,2889
20069,5123
20069,5159
20070,5123
20070,5159
20071,8519
20071,8520
20072,25773
20072,27659
20073,43
20073,11891
20074,13576
20074,14747
20074,14850
20075,13576
20075,14850
20076,14747
20076,17093
20077,14608
20077,14747
20078,2380
20078,14747
20079,8537
20079,14747
20080,8537
20080,14747
20081,8705
20081,14608
20082,459
20082,1386
20083,459
20083,1386
20084,459
20084,8537
20085,18452
20085,18459
20086,18452
20086,18459
20087,11836
20087,12193
20088,14809
20088,18963
20089,1419
20089,6653
20090,7045
20090,19861
20091,1972
20091,5782
20092,6457
20092,8603
20093,7523
20093,8837
20094,2402
20094,4067
20094,14072
20095,1750
20095,10362
20096,7722
20096,15173
20097,7031
20097,14573
20098,579
20098,9195
20099,9710
20099,10481
20100,10662
20100,14573
20101,13055
20101,15858
20102,2249
20102,11677
20103,2948
20103,16182
20104,9066
20104,15085
20105,2472
20105,16182
20106,8612
20106,16000
20107,8040
20107,13003
20108,13813
20108,17493
20109,8837
20109,20027
20110,227
20110,8191
20111,19044
20111,19784
20112,2346
20112,3535
20113,10356
20113,15596
20114,4876
20114,6672
20115,11044
20115,15298
20115,19625
20116,2560
20116,18590
20116,20044
20117,4125
20117,18590
20118,18590
20118,20044
20119,2560
20119,16187
20119,17930
20120,16638
20120,20044
20121,15558
20121,17624
20122,13400
20122,20672
20123,6672
20123,16070
20124,12505
20124,15040
20124,15041
20124,17350
20125,1048
20125,1337
20126,23477
20126,25184
20127,23765
20127,24455
20128,18876
20128,24540
20129,3875
20129,15940
20129,22214
20130,17277
20130,24705
20130,26062
20131,4334
20131,15490
20132,7140
20132,16638
20133,4184
20133,21975
20133,27766
20134,9854
20134,12304
20135,26914
20135,27562
20136,7732
20136,28786
20137,8378
20137,30144
20138,25270
20138,30862
20139,28389
20139,30314
20140,19207
20140,28786
20141,20132
20141,29939
20141,31198
20142,1808
20142,1810
20143,12449
20143,16761
20144,17853
20144,17872
20145,1329
20145,4011
20146,2729
20146,4011
20147,258
20147,3847
20148,1060
20148,12858
20148,14084
20149,59
20149,1195
20149,1196
20150,626
20150,2336
20151,26629
20151,29772
20152,12673
20152,14313
20153,6227
20153,17547
20154,12394
20154,14361
20155,22
20155,2314
20155,5370
20156,8136
20156,23468
20157,4253
20157,10004
20158,1107
20158,3945
20159,5037
20159,10929
20160,15293
20160,16778
20161,8862
20161,12630
20162,43
20162,11891
20163,1095
20163,21535
20164,1095
20164,21535
20165,21328
20165,24507
20166,7151
20166,16424
20167,2365
20167,2511
20168,23765
20168,24455
20169,13350
20169,15872
20170,14674
20170,14734
20171,25399
20171,26733
20172,2036
20172,2037
20173,2456
20173,16085
20174,2104
20174,26296
20174,26380
20174,26667
20175,7766
20175,8595
20176,6458
20176,12849
20177,3954
20177,7200
20178,4045
20178,15481
20179,7200
20179,17085
20180,7766
20180,8593
20181,145
20181,189
20182,1107
20182,2365
20183,1379
20183,1799
20183,1940
20184,308
20184,315
20185,643
20185,9419
20186,579
20186,4193
20187,2398
20187,3889
20188,306
20188,890
20188,4142
20189,4142
20189,6775
20190,1379
20190,1799
20190,1940
20191,1920
20191,4769
20192,1107
20192,2033
20193,1385
20193,7766
20193,8593
20194,75
20194,1105
20194,8593
20195,7766
20195,8593
20196,9687
20196,26135
20197,29102
20197,30266
20198,3954
20198,7200
20199,19222
20199,21767
20200,23
20200,984
20200,2365
20201,4345
20201,4761
20202,265
20202,3951
20202,4761
20203,1107
20203,3215
20204,2167
20204,4323
20205,1799
20205,1940
20206,3356
20206,5697
20207,1419
20207,4431
20207,4940
20208,5303
20208,5304
20209,4462
20209,4761
20210,5352
20210,6102
20211,369
20211,5366
20212,154
20212,331
20213,5395
20213,5782
20214,3531
20214,3623
20214,4761
20215,1523
20215,2639
20216,607
20216,2140
20216,2655
20217,2995
20217,4761
20218,14430
20218,26871
20219,227
20219,6096
20219,21822
20220,11882
20220,20044
20221,4196
20221,23719
20222,4196
20222,16902
20222,20044
20223,7558
20223,13120
20223,17554
20223,26075
20224,1412
20224,2024
20224,10826
20224,18829
20224,27390
20225,1091
20225,5240
20225,20044
20225,25383
20226,13646
20226,18553
20226,18826
20226,21088
20226,22443
20226,23216
20226,24413
20226,26088
20227,2788
20227,4788
20227,12786
20227,13586
20227,19517
20227,26737
20228,11917
20228,13682
20228,14991
20228,22369
20228,22443
20228,22873
20229,464
20229,9897
20229,25525
20229,26742
20230,4196
20230,17085
20231,3016
20231,13824
20232,4196
20232,5474
20232,6938
20232,13919
20232,23362
20232,27179
20233,2824
20233,4334
20233,21983
20233,26197
20233,26926
20234,26191
20234,27374
20235,11961
20235,18834
20235,27626
20236,15490
20236,16967
20236,20045
20236,21165
20236,21867
20236,24050
20237,19779
20237,26081
20238,2824
20238,3494
20238,4601
20238,9475
20238,18338
20239,6559
20239,8310
20239,21747
20239,25083
20239,27011
20240,6593
20240,17334
20240,20044
20241,7727
20241,26921
20242,3361
20242,12878
20242,17983
20243,277
20243,4196
20244,1155
20244,20044
20244,22443
20245,18065
20245,25195
20246,20664
20246,24380
20247,23765
20247,27799
20248,532
20248,8990
20248,22941
20249,6120
20249,21256
20250,4293
20250,6608
20250,25401
20251,15481
20251,16315
20252,21047
20252,21237
20253,254
20253,3954
20253,25093
20254,1159
20254,4184
20254,12835
20254,15632
20254,21222
20254,23758
20255,20055
20255,26094
20256,4196
20256,25305
20256,25836
20257,5570
20257,9692
20257,16365
20257,25687
20257,27827
20258,166
20258,359
20258,934
20258,1105
20258,2753
20258,4142
20258,4644
20259,1591
20259,1592
20260,6063
20260,15373
20261,11547
20261,17261
20262,14720
20262,16434
20263,9895
20263,23214
20264,4220
20264,23214
20265,20677
20265,25596
20266,5921
20266,18345
20267,921
20267,4142
20268,5977
20268,6339
20269,1055
20269,1056
20270,6457
20270,17412
20271,1379
20271,1799
20271,1940
20272,994
20272,3795
20273,9037
20273,15643
20274,2771
20274,2803
20275,8193
20275,14091
20276,236
20276,4196
20277,14991
20277,22873
20278,2732
20278,22244
20279,8939
20279,23685
20280,989
20280,7732
20281,292
20281,295
20282,29012
20282,29016
20283,26454
20283,26496
20284,9924
20284,10056
20285,7180
20285,8510
20285,8774
20286,5123
20286,13386
20287,5037
20287,10084
20287,10929
20287,10930
20288,5037
20288,10084
20289,2270
20289,8812
20290,112
20290,5142
20291,2314
20291,3566
20291,7045
20292,4837
20292,24956
20293,2282
20293,2847
20294,2314
20294,3566
20295,17166
20295,23921
20296,22519
20296,28072
20297,15362
20297,30473
20298,643
20298,9419
20299,306
20299,890
20300,993
20300,3830
20301,1349
20301,10451
20302,12870
20302,29739
20303,7184
20303,31238
20304,4837
20304,7200
20305,4159
20305,5282
20306,284
20306,288
20307,2971
20307,6339
20308,4626
20308,6339
20309,10356
20309,25123
20310,6396
20310,7395
20311,5129
20311,12298
20312,21292
20312,22631
20313,11234
20313,22274
20314,28408
20314,28478
20315,10404
20315,10406
20315,10407
20316,16900
20316,25087
20317,19845
20317,24085
20318,1603
20318,2618
20319,1602
20319,16018
20320,994
20320,3795
20321,15481
20321,16315
20322,4640
20322,17673
20323,26131
20323,26354
20324,25622
20324,26200
20325,25622
20325,26200
20325,26459
20326,696
20326,4504
20327,19507
20327,19577
20328,3954
20328,7200
20329,1920
20329,2584
20330,3954
20330,7200
20331,3954
20331,7200
20332,22560
20332,23416
20333,13700
20333,13825
20334,1379
20334,1799
20335,1379
20335,1799
20336,1585
20336,1608
20336,3803
20337,23765
20337,24455
20338,909
20338,910
20339,25438
20339,28892
20340,10423
20340,24690
20341,955
20341,1487
20342,5303
20342,5304
20343,1447
20343,1459
20344,459
20344,3981
20345,471
20345,472
20346,284
20346,288
20347,3971
20347,17729
20348,471
20348,472
20349,284
20349,288
20350,6819
20350,23047
20351,2365
20351,2511
20352,478
20352,6011
20353,2365
20353,2511
20354,890
20354,984
20355,2365
20355,2511
20356,1758
20356,14489
20357,306
20357,4142
20358,21767
20358,23357
20359,16000
20359,21518
20360,11990
20360,13641
20361,5123
20361,5159
20362,13447
20362,14887
20363,5123
20363,6575
20363,6999
20363,11879
20364,10586
20364,12456
20364,12772
20365,13576
20365,14747
20366,4072
20366,6771
20367,8820
20367,13362
20367,14787
20367,15702
20368,6402
20368,21698
20369,4091
20369,12660
20370,23893
20370,24587
20371,19958
20371,19967
20372,1379
20372,1799
20373,9347
20373,24692
20374,1379
20374,1799
20374,1940
20375,994
20375,3795
20376,800
20376,18581
20377,8939
20377,14766
20377,23685
20378,1379
20378,1940
20379,4769
20379,5187
20380,5381
20380,11388
20381,1107
20381,2033
20382,308
20382,315
20383,5977
20383,6339
20384,20800
20384,21495
20385,3954
20385,7200
20386,10586
20386,12456
20387,4417
20387,6207
20388,1107
20388,2033
20389,75
20389,465
20390,2314
20390,5370
20391,459
20391,1386
20392,459
20392,1585
20393,987
20393,1585
20394,1105
20394,1890
20395,308
20395,315
20396,5303
20396,5304
20397,5395
20397,5782
20398,5395
20398,5782
20399,1591
20399,1592
20399,2503
20400,685
20400,12109
20401,12300
20401,18998
20402,2917
20402,5123
20403,17736
20403,25114
20404,23691
20404,25209
20404,27648
20405,27625
20405,30915
20406,5395
20406,5782
20407,1591
20407,1592
20408,10793
20408,14446
20409,13012
20409,13922
20410,3954
20410,4837
20410,7200
20411,1758
20411,14489
20412,1531
20412,3586
20413,9294
20413,10890
20414,43
20414,6607
20414,11891
20415,680
20415,30598
20416,994
20416,3795
20417,4844
20417,6794
20418,16403
20418,16464
20419,459
20419,3726
20420,308
20420,315
20421,1417
20421,2707
20422,18609
20422,19541
20423,1585
20423,1608
20424,3549
20424,18608
20425,6125
20425,7235
20426,6125
20426,7235
20427,3019
20427,8668
20428,3987
20428,9195
20429,1760
20429,3505
20430,13046
20430,29130
20431,1760
20431,3505
20432,154
20432,331
20433,395
20433,435
20434,157
20434,2033
20435,1661
20435,22146
20436,5853
20436,9030
20436,14701
20437,17606
20437,21489
20438,17892
20438,20951
20439,5570
20439,7375
20440,2798
20440,3551
20440,23296
20441,18628
20441,18856
20442,994
20442,3795
20443,292
20443,295
20444,2771
20444,2803
20445,20800
20445,21495
20446,1758
20446,14489
20447,308
20447,315
20448,987
20448,1014
20449,1379
20449,1799
20449,1940
20450,994
20450,3795
20451,24230
20451,28115
20452,29241
20452,29673
20453,2314
20453,3566
20454,3954
20454,7200
20455,5708
20455,14551
20456,3472
20456,15758
20457,3954
20457,7200
20458,7200
20458,17085
20458,24956
20459,853
20459,26906
20460,21915
20460,21922
20461,13041
20461,17031
20462,14829
20462,15469
20463,3640
20463,6719
20464,4504
20464,6719
20465,497
20465,3640
20466,9929
20466,10240
20467,12409
20467,18318
20467,20448
20468,7785
20468,27749
20469,8636
20469,8637
20470,2667
20470,7405
20471,2667
20471,7405
20472,2667
20472,7405
20473,2402
20473,2667
20474,694
20474,699
20475,1105
20475,8121
20476,1419
20476,4077
20477,1379
20477,1940
20478,1920
20478,4769
20479,4371
20479,7567
20480,236
20480,4196
20481,423
20481,6811
20482,4569
20482,8084
20483,236
20483,4280
20484,702
20484,4196
20484,14886
20485,1593
20485,1716
20486,12606
20486,13006
20487,4790
20487,9164
20487,14254
20488,702
20488,1593
20488,1716
20489,9164
20489,11150
20489,14254
20490,14254
20490,14473
20490,15480
20491,13813
20491,16738
20492,11817
20492,16738
20493,11739
20493,16536
20493,20076
20494,4196
20494,16536
20495,4196
20495,9496
20496,4477
20496,11213
20497,51
20497,7477
20497,17796
20498,7143
20498,14740
20499,7477
20499,14226
20500,2049
20500,2621
20501,51
20501,11336
20502,20800
20502,21495
20503,20800
20503,21495
20504,8612
20504,21690
20505,4196
20505,26862
20506,14766
20506,27312
20507,20253
20507,26398
20508,20882
20508,23919
20509,12382
20509,25702
20510,890
20510,984
20511,81
20511,402
20512,1173
20512,10888
20513,694
20513,699
20514,75
20514,2033
20515,579
20515,4193
20516,555
20516,13959
20517,2197
20517,30581
20518,1379
20518,1940
20519,4769
20519,5187
20520,4389
20520,4391
20521,459
20521,1386
20522,1107
20522,2033
20523,12636
20523,12746
20524,5800
20524,5805
20525,10586
20525,13434
20526,3783
20526,5985
20527,12841
20527,16875
20528,13918
20528,13964
20529,519
20529,2891
20530,1944
20530,16817
20531,5275
20531,13112
20532,20418
20532,21415
20533,26953
20533,26973
20534,10888
20534,25908
20535,9411
20535,10405
20536,1585
20536,19973
20537,1368
20537,2174
20538,5395
20538,5782
20539,674
20539,11739
20540,10171
20540,12835
20541,20800
20541,21495
20542,20800
20542,21495
20543,20690
20543,21020
20544,26189
20544,26229
20544,27057
20545,110
20545,1249
20545,1620
20546,11233
20546,11792
20547,1417
20547,2707
20548,17992
20548,21663
20549,1107
20549,1920
20550,10171
20550,13157
20551,10171
20551,11145
20552,5831
20552,10171
20553,459
20553,1386
20554,459
20554,3222
20555,2960
20555,6647
20556,652
20556,8351
20557,22005
20557,22366
20558,955
20558,6125
20559,1585
20559,1608
20560,459
20560,3635
20561,459
20561,1386
20562,11083
20562,11161
20563,9636
20563,19818
20564,14823
20564,16726
20565,9364
20565,9429
20566,9446
20566,13213
20567,7581
20567,25713
20568,29388
20568,29389
20569,3160
20569,6214
20570,11990
20570,13641
20571,2314
20571,3566
20572,967
20572,3640
20572,6457
20572,9901
20572,10164
20573,993
20573,4386
20574,4308
20574,4439
20575,1979
20575,19433
20576,14230
20576,18303
20577,2995
20577,3518
20578,11884
20578,11949
20579,359
20579,2740
20580,359
20580,2740
20581,3954
20581,7200
20582,19640
20582,21863
20583,21495
20583,23899
20584,20800
20584,21495
20585,989
20585,7732
20586,8791
20586,27852
20587,3971
20587,20492
20588,3971
20588,6125
20589,11677
20589,11972
20590,12693
20590,13055
20591,14700
20591,19981
20592,19167
20592,19804
20593,13078
20593,13079
20594,4392
20594,5329
20595,5282
20595,7492
20596,3954
20596,7200
20597,6458
20597,18619
20598,359
20598,2740
20599,24239
20599,24589
20600,1208
20600,3957
20601,69
20601,16566
20601,16770
20602,3401
20602,6412
20603,6412
20603,20777
20604,9615
20604,11030
20605,17727
20605,17728
20606,5147
20606,22448
20607,29347
20607,29464
20607,30298
20608,4424
20608,5347
20609,3083
20609,3190
20609,3238
20610,6320
20610,7120
20611,5365
20611,6114
20612,1599
20612,6789
20612,9687
20613,10386
20613,10387
20613,10421
20614,3180
20614,9864
20615,3484
20615,10421
20616,1491
20616,7058
20617,5282
20617,6677
20617,6760
20617,9501
20618,7475
20618,9137
20619,9497
20619,9501
20620,7208
20620,7302
20621,7739
20621,8511
20622,1277
20622,7739
20623,7739
20623,8511
20624,7208
20624,7302
20624,16109
20625,12137
20625,15334
20625,15894
20626,1261
20626,15363
20627,7739
20627,8511
20627,15660
20628,133
20628,9509
20628,10711
20629,6393
20629,15660
20630,9501
20630,16807
20631,13409
20631,15144
20632,3484
20632,7302
20633,2005
20633,18913
20634,1004
20634,14215
20634,14633
20635,3429
20635,6812
20635,18822
20636,381
20636,1261
20637,3456
20637,7062
20638,6114
20638,15666
20639,7367
20639,15363
20640,3346
20640,16109
20641,2846
20641,16727
20641,18007
20642,9138
20642,10445
20643,5515
20643,17907
20644,6412
20644,6557
20644,12829
20644,20777
20645,4331
20645,10162
20646,9138
20646,11084
20646,20128
20647,7300
20647,21531
20648,19750
20648,20128
20649,2114
20649,3817
20649,9520
20650,7302
20650,21533
20651,2381
20651,21788
20652,1823
20652,7541
20652,10678
20653,2295
20653,21533
20654,373
20654,965
20655,1335
20655,9773
20655,21533
20656,11224
20656,16425
20657,10673
20657,20128
20658,10162
20658,20128
20659,7581
20659,14180
20660,7581
20660,15683
20660,21429
20661,2306
20661,22235
20662,21061
20662,21533
20663,5667
20663,12346
20664,3346
20664,20252
20665,11210
20665,21533
20665,22501
20666,3969
20666,14730
20667,22457
20667,23013
20668,12346
20668,22877
20669,12346
20669,22274
20670,17862
20670,22761
20671,15470
20671,16026
20672,1007
20672,8566
20673,9438
20673,21002
20674,23703
20674,23729
20675,8910
20675,11468
20675,15560
20676,1007
20676,23517
20677,3665
20677,3909
20678,9779
20678,23703
20679,11234
20679,22274
20680,6164
20680,6170
20681,1007
20681,3593
20681,18166
20682,5165
20682,23527
20683,9442
20683,11086
20684,15199
20684,25158
20685,3320
20685,21347
20686,6412
20686,20777
20687,5667
20687,13628
20688,22728
20688,25158
20689,24950
20689,25908
20690,23282
20690,26053
20691,24861
20691,24888
20692,16807
20692,17964
20693,5661
20693,26425
20694,23077
20694,25266
20695,2937
20695,11029
20696,6808
20696,10312
20697,6412
20697,20777
20698,26560
20698,27417
20699,12926
20699,27301
20700,6351
20700,12564
20700,26344
20701,5506
20701,6813
20702,10418
20702,18927
20703,25142
20703,27309
20704,5666
20704,18966
20705,24622
20705,27619
20706,16799
20706,28138
20707,26656
20707,26908
20708,5894
20708,23862
20708,28011
20709,13348
20709,24888
20710,25453
20710,25829
20711,13286
20711,13538
20711,27417
20712,4383
20712,27600
20713,20777
20713,25173
20714,7097
20714,16693
20714,28011
20715,29280
20715,29296
20716,1599
20716,6789
20716,9438
20717,5613
20717,5954
20718,18367
20718,22739
20719,27550
20719,30915
20720,27607
20720,31118
20721,5969
20721,12770
20722,25234
20722,27077
20723,25789
20723,31409
20724,600
20724,631
20725,6514
20725,24804
20726,7960
20726,8261
20727,13963
20727,17959
20728,19374
20728,27304
20729,26573
20729,27377
20730,26022
20730,27410
20731,8821
20731,24182
20732,7962
20732,19721
20732,21790
20733,11448
20733,29724
20734,27102
20734,31656
20735,2442
20735,7300
20736,271
20736,1010
20737,20061
20737,23671
20738,16807
20738,17964
20739,21642
20739,23459
20740,1195
20740,1196
20741,27897
20741,28094
20742,29255
20742,29373
20743,110
20743,1620
20744,114
20744,5719
20744,15215
20745,4320
20745,4452
20746,6675
20746,12213
20747,955
20747,2012
20748,8705
20748,23728
20749,4320
20749,4452
20750,4142
20750,4454
20751,19167
20751,19804
20752,568
20752,3338
20752,3875
20753,1225
20753,6804
20754,1225
20754,2288
20754,7792
20754,16043
20755,351
20755,1091
20756,154
20756,331
20757,1105
20757,1890
20758,897
20758,8013
20759,18311
20759,22989
20760,154
20760,331
20761,18628
20761,18856
20762,7766
20762,9454
20763,6508
20763,10108
20764,4422
20764,7696
20764,11730
20765,16407
20765,20605
20766,24950
20766,25908
20767,955
20767,1487
20768,22287
20768,23897
20769,4844
20769,6794
20770,1394
20770,1456
20771,43
20771,6607
20772,11336
20772,13117
20773,13336
20773,22338
20774,9348
20774,9419
20775,308
20775,315
20776,5977
20776,6457
20777,867
20777,11361
20778,867
20778,11361
20779,867
20779,11361
20780,867
20780,11361
20781,867
20781,11361
20782,867
20782,11361
20783,867
20783,11361
20784,867
20784,11361
20785,867
20785,11361
20786,867
20786,11361
20787,867
20787,11361
20788,867
20788,11361
20789,867
20789,11361
20790,867
20790,11361
20791,867
20791,11361
20792,867
20792,11361
20793,867
20793,11361
20794,867
20794,11361
20795,867
20795,11361
20796,22346
20796,27302
20797,970
20797,7158
20798,11336
20798,13117
20799,1871
20799,2282
20800,1871
20800,2282
20801,1871
20801,2282
20802,308
20802,315
20803,253
20803,11325
20804,2763
20804,2903
20805,994
20805,3795
20806,4320
20806,4604
20807,16061
20807,19450
20808,16089
20808,29524
20809,292
20809,295
20810,8896
20810,9063
20811,154
20811,331
20812,2016
20812,11602
20813,20201
20813,20778
20814,13246
20814,14779
20815,9636
20815,19818
20816,5853
20816,24398
20817,10296
20817,10938
20818,10296
20818,10938
20818,13024
20819,22816
20819,22841
20820,18861
20820,23214
20821,11250
20821,11770
20822,7089
20822,9790
20823,7089
20823,9790
20824,7089
20824,9790
20825,2380
20825,9790
20826,7089
20826,9790
20827,11739
20827,11741
20828,2943
20828,8466
20829,13659
20829,21819
20830,26707
20830,27708
20831,2033
20831,2270
20832,10163
20832,11567
20833,3400
20833,3783
20834,9934
20834,18119
20834,18120
20835,12394
20835,14361
20836,679
20836,3244
20837,23941
20837,25961
20838,14809
20838,18963
20839,1379
20839,1940
20840,1920
20840,4769
20841,7535
20841,10333
20842,6095
20842,9038
20843,9687
20843,27933
20844,14409
20844,14589
20845,18861
20845,24332
20846,23789
20846,23796
20847,4048
20847,10149
20848,27003
20848,31048
20849,4048
20849,10149
20850,19029
20850,23851
20851,4159
20851,5282
20852,1173
20852,10888
20853,11336
20853,13117
20854,10888
20854,23634
20855,1592
20855,27011
20856,1055
20856,1056
20856,1416
20857,1055
20857,1056
20858,1056
20858,8292
20859,8528
20859,8874
20860,13672
20860,13968
20861,3145
20861,15059
20862,23806
20862,23842
20863,7045
20863,19861
20864,7535
20864,10333
20865,3954
20865,7200
20866,16699
20866,18476
20867,821
20867,2511
20868,3954
20868,7200
20869,7471
20869,8312
20869,8585
20870,1014
20870,1291
20871,8981
20871,17582
20872,1491
20872,4504
20873,10296
20873,11657
20874,10938
20874,11408
20875,27986
20875,28054
20876,7369
20876,13614
20877,6457
20877,8590
20877,8661
20878,6457
20878,17412
20879,6457
20879,17412
20880,9005
20880,17258
20881,4601
20881,18338
20882,13246
20882,14779
20883,3869
20883,25093
20884,14766
20884,20391
20885,3190
20885,3238
20886,11836
20886,13077
20887,1871
20887,2282
20888,9323
20888,9941
20889,12861
20889,12884
20890,6458
20890,8990
20891,308
20891,315
20892,4837
20892,9710
20893,3954
20893,7200
20894,1487
20894,1675
20894,3877
20895,16481
20895,19813
20896,530
20896,5985
20897,3280
20897,20356
20898,3566
20898,16687
20899,4142
20899,4454
20899,4553
20900,4392
20900,5329
20901,5529
20901,11696
20902,11094
20902,11696
20903,28548
20903,31034
20904,5194
20904,5195
20905,13915
20905,14150
20906,6762
20906,6764
20907,25622
20907,26130
20907,26200
20908,154
20908,331
20909,8862
20909,17761
20910,15619
20910,22578
20911,27983
20911,28010
20912,4714
20912,8236
20913,11739
20913,11741
20914,1107
20914,2270
20915,4048
20915,10149
20916,3086
20916,14942
20917,10662
20917,11174
20918,27005
20918,29763
20919,994
20919,3795
20920,0
20920,1
20920,2019
20921,5244
20921,5515
20922,1379
20922,1799
20922,1940
20923,1107
20923,1920
20924,3640
20924,6719
20925,12841
20925,16875
20926,12841
20926,17819
20927,364
20927,2852
20928,364
20928,2852
20929,364
20929,2852
20930,364
20930,2852
20931,364
20931,2852
20932,364
20932,2852
20933,364
20933,2852
20934,9593
20934,9598
20935,786
20935,23251
20936,8254
20936,9946
20937,3954
20937,7200
20938,12856
20938,22362
20939,3954
20939,7200
20940,22519
20940,28072
20941,24956
20941,29137
20942,9497
20942,9501
20943,8667
20943,26516
20944,3317
20944,7208
20944,7302
20944,7696
20945,7208
20945,7302
20946,21468
20946,21469
20947,364
20947,2852
20948,8292
20948,8573
20949,2798
20949,13144
20950,11672
20950,12092
20951,20448
20951,20763
20951,24833
20952,10404
20952,10407
20953,2108
20953,17265
20954,308
20954,315
20955,308
20955,315
20956,5977
20956,6339
20957,4809
20957,6807
20958,292
20958,295
20959,913
20959,11471
20960,17333
20960,29056
20961,157
20961,2033
20962,25042
20962,25587
20963,8191
20963,9763
20964,11174
20964,11302
20965,359
20965,2740
20966,8593
20966,8595
20967,18802
20967,19186
20968,11150
20968,19954
20969,15481
20969,16315
20970,19845
20970,24085
20971,19845
20971,24085
20972,19845
20972,24085
20973,3798
20973,11098
20974,3392
20974,12155
20975,3392
20975,12155
20976,15036
20976,15055
20977,2308
20977,13395
20978,955
20978,1487
20979,955
20979,1487
20980,10133
20980,14094
20981,1972
20981,3713
20982,994
20982,3795
20983,1991
20983,11809
20984,5123
20984,5159
20985,989
20985,7732
20986,3861
20986,4320
20987,2314
20987,3566
20988,2288
20988,2314
20989,6091
20989,13249
20990,26743
20990,26761
20991,25551
20991,25552
20992,3160
20992,8905
20993,3190
20993,3238
20994,1599
20994,6789
20994,9438
20995,27077
20995,27078
20996,7960
20996,8261
20997,4392
20997,5329
20998,12346
20998,18915
20999,8156
20999,18915
21000,7471
21000,8312
21001,992
21001,1435
21002,19170
21002,19324
21003,507
21003,5334
21004,181
21004,9130
21005,18345
21005,19371
21006,12394
21006,14361
21007,5888
21007,27977
21008,5888
21008,20872
21008,27977
21009,13046
21009,29130
21010,23789
21010,24351
21011,1379
21011,1799
21011,1940
21012,3190
21012,3238
21013,4838
21013,7324
21014,9348
21014,10355
21015,3306
21015,14991
21016,23264
21016,23265
21017,16252
21017,17276
21018,579
21018,4193
21019,3566
21019,5370
21020,6157
21020,7516
21021,12741
21021,15409
21022,1491
21022,4504
21023,13769
21023,14029
21024,16481
21024,19813
21025,43
21025,11891
21026,4371
21026,7567
21027,1883
21027,14927
21028,1883
21028,14927
21029,1883
21029,14927
21030,1883
21030,14927
21031,1883
21031,14927
21032,7471
21032,8312
21033,15619
21033,22578
21033,24047
21034,15619
21034,22578
21035,154
21035,331
21036,4253
21036,7785
21036,9271
21037,59
21037,1135
21038,7535
21038,27397
21039,27403
21039,27431
21040,297
21040,25923
21041,4295
21041,12410
21042,4067
21042,14072
21043,2130
21043,22710
21044,4371
21044,7567
21045,3053
21045,3190
21046,3637
21046,17563
21047,2456
21047,16085
21048,5888
21048,7329
21048,7555
21049,4837
21049,6059
21050,11336
21050,13117
21051,2729
21051,19035
21052,12912
21052,22267
21053,27977
21053,28277
21054,23154
21054,26906
21055,1043
21055,5936
21056,13273
21056,14802
21057,12968
21057,14701
21058,13273
21058,14802
21059,4844
21059,6794
21060,4844
21060,6794
21061,2314
21061,3566
21062,12849
21062,16637
21062,17160
21063,17989
21063,17990
21064,364
21064,2852
21065,1028
21065,1241
21066,1055
21066,1056
21067,4374
21067,9264
21068,3564
21068,4903
21069,1514
21069,1559
21070,1514
21070,1517
21070,1559
21071,19260
21071,25350
21072,30355
21072,30399
21073,3456
21073,5766
21074,13660
21074,14293
21075,2328
21075,7722
21076,10464
21076,10518
21077,5054
21077,9832
21077,18527
21078,2024
21078,13824
21078,14430
21078,27390
21079,2846
21079,9705
21080,9497
21080,10047
21081,626
21081,2336
21082,1491
21082,4504
21083,3073
21083,4861
21084,13246
21084,14779
21085,8256
21085,11684
21086,3954
21086,7200
21086,11949
21087,4371
21087,7567
21088,3954
21088,7200
21089,1374
21089,21845
21090,21767
21090,23124
21091,13138
21091,20964
21092,20800
21092,21495
21093,20800
21093,21495
21094,7658
21094,7791
21095,8836
21095,8861
21096,1585
21096,1608
21097,16734
21097,22715
21098,2558
21098,5853
21099,28282
21099,29223
21100,1491
21100,4504
21101,2927
21101,3737
21102,7121
21102,13570
21103,10240
21103,11637
21104,13570
21104,15702
21105,988
21105,1381
21106,5037
21106,10084
21106,10930
21107,3049
21107,5103
21108,1304
21108,10238
21109,11752
21109,13214
21110,10557
21110,14858
21111,20601
21111,22423
21112,6410
21112,22928
21113,5797
21113,7025
21114,1021
21114,17110
21115,885
21115,19813
21116,23589
21116,23612
21117,24860
21117,27954
21118,24996
21118,25080
21119,8911
21119,15713
21120,8911
21120,15713
21121,1028
21121,1241
21122,3666
21122,6320
21123,7823
21123,8359
21124,11234
21124,22274
21125,2402
21125,2667
21126,1379
21126,1799
21126,1940
21127,1107
21127,1920
21128,2369
21128,3458
21128,5160
21128,6535
21128,6947
21129,8084
21129,9653
21130,5656
21130,10477
21131,6535
21131,8778
21132,6079
21132,21935
21133,5394
21133,21935
21134,24380
21134,26535
21135,26491
21135,27003
21135,31124
21135,31125
21135,31126
21135,31127
21135,31128
21136,20659
21136,31150
21137,5275
21137,13112
21138,2424
21138,10042
21139,11234
21139,22274
21140,405
21140,1850
21141,4498
21141,4548
21142,11774
21142,18378
21143,12281
21143,22941
21144,24642
21144,27003
21145,331
21145,3669
21146,9452
21146,11398
21147,4347
21147,6883
21148,227
21148,3375
21149,17637
21149,17971
21150,22461
21150,22635
21151,5704
21151,13539
21152,24642
21152,27003
21153,6318
21153,6759
21154,1034
21154,2295
21155,2755
21155,6406
21156,4028
21156,11371
21157,10263
21157,12742
21158,6534
21158,8912
21159,16807
21159,17964
21160,13546
21160,15798
21161,15389
21161,27172
21162,26204
21162,26221
21163,11473
21163,28651
21164,25247
21164,25443
21165,18367
21165,22739
21166,7960
21166,8261
21167,29449
21167,30935
21168,3399
21168,8990
21168,13616
21169,4940
21169,5159
21170,4588
21170,16982
21171,479
21171,2622
21172,3954
21172,7200
21173,994
21173,3795
21174,1991
21174,11809
21175,9636
21175,19818
21176,3491
21176,3645
21177,1386
21177,3945
21178,459
21178,1386
21179,29012
21179,29016
21180,4344
21180,4756
21181,15164
21181,16035
21182,23597
21182,27050
21183,1372
21183,4210
21184,1760
21184,3505
21185,10171
21185,13948
21186,9073
21186,24090
21187,1463
21187,3990
21188,3295
21188,11834
21189,9595
21189,9638
21190,2442
21190,3414
21190,5064
21191,11705
21191,11708
21192,11234
21192,22274
21193,3954
21193,7200
21194,3954
21194,7200
21195,3954
21195,7200
21196,14103
21196,14176
21197,17929
21197,28220
21198,459
21198,1386
21199,6672
21199,14766
21200,1256
21200,1454
21201,1531
21201,3586
21202,982
21202,10869
21202,10918
21202,12128
21203,10880
21203,17318
21204,13273
21204,14802
21205,16878
21205,18360
21206,1509
21206,2065
21207,4158
21207,22305
21207,23557
21208,22105
21208,22143
21209,21433
21209,24494
21210,83
21210,1330
21211,3222
21211,3428
21212,4618
21212,6339
21213,7671
21213,7683
21214,4629
21214,4889
21214,4918
21214,4989
21215,4629
21215,4889
21216,7650
21216,10558
21217,4420
21217,5243
21218,166
21218,3808
21218,4777
21219,10869
21219,10918
21219,14393
21220,19804
21220,21677
21221,19804
21221,22692
21222,10869
21222,10880
21222,10918
21222,14393
21223,2511
21223,10171
21224,4284
21224,13616
21225,4284
21225,13616
21226,10171
21226,13013
21227,4284
21227,10171
21228,4284
21228,13623
21229,10171
21229,11055
21230,4284
21230,16400
21231,10171
21231,16400
21232,10171
21232,16400
21233,10171
21233,16400
21234,10171
21234,11055
21234,13015
21235,4284
21235,10171
21236,11055
21236,17579
21237,10171
21237,13013
21238,10171
21238,13015
21239,10171
21239,13623
21240,10171
21240,13623
21241,10171
21241,13623
21242,10171
21242,13623
21243,6763
21243,10171
21244,6763
21244,10171
21245,6763
21245,13623
21246,10171
21246,13623
21247,10171
21247,13623
21248,10171
21248,13623
21249,10171
21249,13623
21250,10171
21250,13623
21251,10171
21251,13623
21252,10171
21252,23468
21253,10171
21253,23468
21254,10171
21254,23468
21255,13623
21255,23468
21256,10171
21256,23468
21257,10171
21257,23468
21258,10171
21258,23468
21259,13623
21259,23468
21260,10171
21260,23468
21261,13623
21261,23468
21262,8136
21262,13250
21262,23468
21263,11936
21263,13250
21264,8136
21264,23468
21265,8136
21265,23468
21266,8136
21266,23468
21267,8136
21267,23468
21268,994
21268,3795
21269,50
21269,837
21270,21578
21270,23244
21271,9331
21271,10059
21272,2282
21272,8010
21273,459
21273,1386
21274,4520
21274,5487
21275,11336
21275,16739
21276,21094
21276,23342
21277,989
21277,7732
21278,2033
21278,9226
21279,1815
21279,7919
21280,1546
21280,12346
21281,24622
21281,25014
21282,21291
21282,21292
21283,24453
21283,25017
21284,9478
21284,9510
21285,12741
21285,15409
21286,1379
21286,1940
21287,10796
21287,12145
21288,459
21288,5602
21289,459
21289,5443
21290,459
21290,5699
21291,915
21291,19965
21292,227
21292,3375
21293,2511
21293,3551
21294,2971
21294,17975
21295,994
21295,3795
21296,13446
21296,17427
21297,95
21297,923
21298,7097
21298,14151
21299,1107
21299,4761
21300,994
21300,3795
21301,154
21301,331
21302,1055
21302,1056
21303,2511
21303,2564
21304,5800
21304,5805
21305,12281
21305,22941
21306,1871
21306,2282
21307,1662
21307,7328
21308,459
21308,847
21309,459
21309,1386
21310,3693
21310,13819
21311,29012
21311,29016
21312,4816
21312,8660
21312,15675
21313,59
21313,12564
21314,8868
21314,14521
21315,14091
21315,14261
21316,381
21316,2511
21317,20591
21317,21622
21318,6634
21318,7314
21318,8990
21319,3285
21319,11999
21320,12
21320,1051
21321,716
21321,983
21322,27336
21322,28675
21323,3110
21323,3343
21324,3640
21324,6201
21325,14991
21325,22873
21326,18698
21326,21767
21326,24760
21327,26189
21327,26229
21328,308
21328,315
21328,7312
21329,1236
21329,2802
21330,1236
21330,2802
21331,14718
21331,16096
21332,7054
21332,23268
21333,4985
21333,8930
21334,1714
21334,27182
21335,89
21335,6596
21335,28415
21336,308
21336,315
21337,157
21337,2033
21338,8716
21338,16400
21339,7814
21339,10171
21340,2827
21340,2889
21341,643
21341,3146
21342,7053
21342,7579
21343,643
21343,5621
21344,19521
21344,22861
21345,6095
21345,9038
21346,2918
21346,25702
21347,8660
21347,9484
21348,1585
21348,1608
21349,1585
21349,1608
21350,8396
21350,9571
21350,9864
21350,9874
21350,10055
21351,3374
21351,6131
21352,9874
21352,10021
21353,3681
21353,5005
21354,15214
21354,15878
21355,11312
21355,14922
21356,4350
21356,15877
21357,9751
21357,15546
21357,15931
21358,1666
21358,5713
21359,12564
21359,12629
21360,23759
21360,27721
21361,16754
21361,17696
21362,6318
21362,6759
21363,3180
21363,9571
21363,9864
21364,4984
21364,23094
21365,1107
21365,2270
21366,154
21366,331
21367,867
21367,11361
21368,8191
21368,9763
21369,1560
21369,1573
21370,989
21370,7732
21371,3026
21371,4559
21372,4304
21372,4315
21373,837
21373,1331
21374,7544
21374,9834
21375,15474
21375,15539
21376,11089
21376,14679
21377,3026
21377,16563
21378,274
21378,13508
21379,5666
21379,10596
21380,5069
21380,18762
21381,6381
21381,9414
21382,3491
21382,3596
21383,4456
21383,6416
21384,1811
21384,9895
21385,6762
21385,6764
21386,25042
21386,25587
21387,12673
21387,14313
21388,154
21388,331
21389,4902
21389,5296
21390,4902
21390,5296
21391,4902
21391,5296
21392,4902
21392,5296
21393,4902
21393,5296
21394,4902
21394,5296
21395,4902
21395,5296
21396,2827
21396,2889
21397,25080
21397,27239
21398,1969
21398,4936
21399,3473
21399,5506
21400,5506
21400,11705
21400,11708
21401,955
21401,7110
21402,17692
21402,21921
21403,27471
21403,28242
21404,459
21404,581
21405,581
21405,5755
21406,581
21406,5755
21407,581
21407,5755
21408,581
21408,5755
21409,581
21409,5755
21410,581
21410,5755
21411,581
21411,11970
21412,189
21412,581
21413,581
21413,14967
21414,581
21414,5755
21415,581
21415,5755
21416,581
21416,5755
21417,581
21417,5755
21418,581
21418,5755
21419,10047
21419,11337
21420,353
21420,7790
21421,6562
21421,14127
21422,1503
21422,6137
21422,6138
21423,1491
21423,4504
21424,10162
21424,24038
21425,9687
21425,27933
21426,8962
21426,11949
21427,8347
21427,8962
21428,5123
21428,10897
21429,5123
21429,5159
21430,4539
21430,20467
21431,6412
21431,20777
21431,21548
21432,6402
21432,8115
21433,15481
21433,16315
21434,75
21434,8593
21435,579
21435,4193
21436,19574
21436,19585
21437,19574
21437,19585
21438,227
21438,3375
21438,11336
21438,13117
21438,20044
21439,19574
21439,19585
21440,4481
21440,9170
21441,1386
21441,1393
21442,3227
21442,3386
21443,24980
21443,28282
21444,4008
21444,4998
21445,16882
21445,27060
21446,1361
21446,1920
21447,1775
21447,3306
21448,3798
21448,7679
21449,5123
21449,13386
21450,2363
21450,12956
21451,15804
21451,15828
21452,15804
21452,15828
21453,25745
21453,26745
21454,145
21454,189
21455,5209
21455,8301
21456,1775
21456,3491
21456,3645
21456,6127
21457,2995
21457,10068
21458,1419
21458,2767
21459,5395
21459,5782
21460,4142
21460,4392
21460,5012
21461,4392
21461,5963
21462,3954
21462,4837
21463,4392
21463,5329
21463,7426
21464,4392
21464,5144
21465,4392
21465,5329
21466,3954
21466,4837
21466,7200
21466,17085
21467,1236
21467,1845
21468,1811
21468,16579
21469,17891
21469,22805
21470,5126
21470,14608
21471,3240
21471,5126
21472,2876
21472,3007
21473,24950
21473,25908
21474,24950
21474,25908
21475,1055
21475,1056
21476,9138
21476,10445
21477,12433
21477,22286
21478,9497
21478,9779
21479,1002
21479,7172
21480,5488
21480,11234
21481,16807
21481,17964
21482,26171
21482,28450
21483,154
21483,331
21484,395
21484,435
21485,16807
21485,17964
21486,11234
21486,22274
21487,157
21487,2033
21488,9455
21488,10542
21489,18538
21489,26840
21490,867
21490,5973
21491,2667
21491,3685
21492,14809
21492,18963
21493,694
21493,699
21494,271
21494,1010
21494,2442
21495,5123
21495,11879
21496,2827
21496,2889
21497,6719
21497,8990
21498,2314
21498,2667
21499,2145
21499,4036
21500,21040
21500,21132
21500,22621
21501,1871
21501,2047
21502,992
21502,1435
21503,18007
21503,23520
21504,18007
21504,23520
21505,5032
21505,18008
21506,4456
21506,6416
21507,4389
21507,4391
21508,4392
21508,5329
21509,4392
21509,5329
21510,3713
21510,7211
21511,2369
21511,11132
21512,3795
21512,3798
21513,1972
21513,5395
21514,1684
21514,11174
21515,15558
21515,19340
21516,13400
21516,20672
21517,1991
21517,4430
21517,19294
21518,12505
21518,15040
21518,15041
21518,17350
21519,1048
21519,1337
21520,7140
21520,9897
21520,19024
21520,23765
21521,7140
21521,12835
21522,22778
21522,22902
21523,25596
21523,26062
21524,4334
21524,23124
21525,7140
21525,16638
21526,2794
21526,22941
21527,1413
21527,14766
21528,14430
21528,29382
21529,19845
21529,24085
21530,11083
21530,11161
21531,2314
21531,3566
21532,10084
21532,10356
21533,1681
21533,5974
21534,20800
21534,21495
21535,19845
21535,24085
21536,11874
21536,15108
21536,17083
21537,1808
21537,1810
21538,2140
21538,4770
21539,11234
21539,22274
21540,11234
21540,22274
21541,11234
21541,12878
21541,22274
21542,13969
21542,14169
21543,14333
21543,14442
21544,769
21544,2734
21545,769
21545,5615
21546,9176
21546,9456
21547,1379
21547,1799
21547,1940
21548,792
21548,3093
21549,5090
21549,5112
21550,12841
21550,16875
21551,12693
21551,13055
21552,16687
21552,17256
21553,3280
21553,13012
21554,5400
21554,6627
21555,3566
21555,16687
21556,3566
21556,16687
21556,19810
21557,12171
21557,21195
21558,1871
21558,2282
21559,5103
21559,6125
21560,24788
21560,27192
21561,5677
21561,22259
21561,27277
21562,17844
21562,23231
21563,3222
21563,4596
21564,6183
21564,9579
21565,5532
21565,10999
21565,16632
21566,992
21566,14599
21567,2077
21567,16792
21568,12596
21568,28282
21569,2933
21569,2948
21570,3584
21570,4850
21571,907
21571,1469
21572,907
21572,1469
21573,4768
21573,15990
21574,7115
21574,8173
21575,15549
21575,17689
21576,3375
21576,18463
21577,6595
21577,9433
21578,1173
21578,10888
21579,544
21579,554
21580,15165
21580,20248
21581,11234
21581,22274
21582,11234
21582,22274
21583,11234
21583,22274
21584,11234
21584,22274
21585,11234
21585,22274
21586,11234
21586,22274
21587,11234
21587,22274
21588,11234
21588,22274
21589,16807
21589,17964
21590,4626
21590,6339
21591,385
21591,386
21592,4627
21592,6261
21593,1531
21593,3586
21594,54
21594,21104
21595,11845
21595,13740
21596,2840
21596,22163
21597,4938
21597,14776
21598,28781
21598,29273
21599,13141
21599,16479
21600,2728
21600,11249
21601,1017
21601,4777
21602,3954
21602,4837
21602,7200
21603,1870
21603,3365
21603,4987
21603,6457
21604,12811
21604,13088
21605,11336
21605,13117
21606,11336
21606,13117
21607,2379
21607,4787
21608,2363
21608,2369
21609,2761
21609,4876
21610,25622
21610,26200
21611,988
21611,1080
21612,13088
21612,13440
21612,16361
21613,4422
21613,4564
21614,59
21614,4884
21615,7693
21615,9480
21616,1028
21616,1241
21617,988
21617,1080
21618,395
21618,435
21619,14829
21619,15469
21620,605
21620,5281
21620,7221
21621,23765
21621,24455
21622,1055
21622,1056
21623,12433
21623,12613
21624,15059
21624,19647
21625,4422
21625,7400
21625,7447
21626,9687
21626,27933
21627,27403
21627,27431
21628,25553
21628,25930
21629,6916
21629,10788
21630,4177
21630,4451
21631,11094
21631,11157
21632,353
21632,1463
21633,3053
21633,21151
21634,4389
21634,4391
21635,3222
21635,3428
21636,3222
21636,3428
21637,1871
21637,4452
21638,992
21638,1435
21639,10538
21639,12292
21640,6007
21640,8764
21641,1435
21641,20918
21642,1871
21642,2282
21643,1871
21643,2282
21644,1871
21644,2282
21645,1871
21645,2282
21646,1871
21646,2282
21647,1871
21647,2282
21648,1871
21648,17793
21648,17817
21649,3013
21649,3396
21649,3783
21649,5826
21649,6211
21650,14521
21650,17515
21651,4389
21651,4391
21652,3640
21652,6719
21653,308
21653,315
21654,75
21654,5985
21655,75
21655,2033
21656,606
21656,1187
21657,25557
21657,25681
21658,6499
21658,9882
21659,3633
21659,9348
21660,9341
21660,14484
21661,913
21661,11471
21662,12262
21662,14468
21663,1633
21663,6822
21664,12627
21664,19161
21664,20058
21665,1585
21665,1608
21666,1091
21666,2481
21667,4890
21667,7894
21667,26725
21668,2078
21668,6455
21669,22326
21669,24445
21670,4008
21670,4998
21671,13324
21671,17160
21672,4787
21672,5159
21673,5006
21673,5159
21674,1870
21674,7473
21674,8990
21675,6457
21675,8013
21676,13718
21676,14334
21676,17083
21677,11874
21677,15108
21677,17437
21678,308
21678,315
21679,4023
21679,14830
21680,992
21680,1435
21680,20918
21681,1585
21681,1608
21682,606
21682,1187
21683,18628
21683,18856
21684,1173
21684,21156
21685,1173
21685,10888
21686,23765
21686,24455
21687,12209
21687,19014
21688,22519
21688,28072
21689,1107
21689,1920
21690,4048
21690,10149
21691,13273
21691,14802
21692,13273
21692,14802
21693,1006
21693,23257
21694,988
21694,1080
21695,13910
21695,15713
21696,16807
21696,17964
21697,94
21697,6497
21698,467
21698,4171
21699,395
21699,435
21700,14829
21700,15469
21701,29255
21701,29373
21702,5019
21702,5656
21703,2033
21703,5656
21704,5019
21704,5656
21705,11308
21705,11314
21706,3954
21706,7200
21707,579
21707,4193
21708,579
21708,4193
21709,10892
21709,15220
21710,3645
21710,4012
21711,11820
21711,13071
21712,8875
21712,11336
21713,2268
21713,2304
21714,3795
21714,3798
21715,9496
21715,20636
21716,6719
21716,23392
21717,14829
21717,15469
21718,12433
21718,12613
21719,606
21719,1187
21720,7200
21720,17085
21721,9763
21721,15226
21722,2936
21722,22657
21723,154
21723,331
21724,992
21724,1435
21725,5225
21725,7239
21726,6007
21726,8764
21727,6007
21727,8764
21728,21782
21728,22353
21729,8502
21729,14690
21730,13576
21730,14608
21731,7369
21731,15870
21732,8837
21732,19494
21733,17146
21733,17260
21734,7664
21734,8403
21735,3303
21735,3304
21736,19845
21736,24085
21737,21597
21737,27150
21738,9636
21738,19818
21739,1585
21739,1608
21740,5123
21740,5159
21741,19494
21741,20027
21742,5420
21742,5619
21742,15559
21743,10890
21743,12997
21744,13389
21744,15057
21745,8705
21745,11917
21746,13078
21746,13079
21747,9024
21747,16259
21748,5972
21748,6798
21749,5123
21749,5159
21750,5123
21750,5159
21751,5123
21751,5159
21752,5123
21752,5159
21753,5123
21753,5271
21754,5123
21754,13386
21755,5123
21755,13386
21755,15924
21756,313
21756,5123
21756,6575
21756,11879
21757,5123
21757,6575
21757,11879
21757,11957
21757,16817
21757,16952
21758,5123
21758,13386
21759,1944
21759,16817
21760,11336
21760,13117
21761,1944
21761,16817
21762,5123
21762,22849
21763,606
21763,1187
21764,3026
21764,3713
21765,14685
21765,18703
21766,24852
21766,25696
21767,30376
21767,30662
21768,3632
21768,24093
21769,22127
21769,22800
21770,27908
21770,30330
21771,786
21771,11949
21772,16000
21772,19349
21773,16000
21773,19349
21774,308
21774,315
21775,7288
21775,16807
21776,3160
21776,8905
21777,4215
21777,4436
21778,13446
21778,17427
21779,913
21779,11471
21780,2529
21780,20527
21781,154
21781,331
21782,1091
21782,2628
21783,11256
21783,24743
21784,6007
21784,13905
21784,15186
21785,8574
21785,8764
21786,22573
21786,23952
21787,296
21787,9348
21788,4008
21788,4998
21788,5249
21789,7471
21789,8312
21790,22715
21790,22725
21791,11595
21791,30021
21792,3869
21792,25093
21793,154
21793,331
21794,3795
21794,3798
21795,9529
21795,9667
21796,3145
21796,3317
21797,4215
21797,4436
21798,7561
21798,16911
21799,4347
21799,6883
21800,24642
21800,27003
21801,579
21801,8120
21802,900
21802,1920
21803,75
21803,1107
21804,13821
21804,14383
21805,13355
21805,22636
21806,2862
21806,13355
21807,10886
21807,12997
21808,17976
21808,18168
21809,15237
21809,15908
21810,19170
21810,19324
21811,17892
21811,20951
21812,4636
21812,19779
21813,21828
21813,27900
21814,2402
21814,2667
21815,2314
21815,2402
21816,2402
21816,2667
21817,1932
21817,6339
21818,3954
21818,4837
21819,12849
21819,16637
21820,7200
21820,17085
21821,3954
21821,7200
21822,4837
21822,7200
21822,24956
21823,6063
21823,6235
21824,4142
21824,6775
21825,2945
21825,24705
21826,22750
21826,27908
21826,30330
21827,27888
21827,28016
21828,6095
21828,13857
21829,10497
21829,11929
21830,955
21830,6125
21831,4844
21831,6794
21832,4844
21832,6794
21833,8705
21833,23728
21834,308
21834,315
21835,4539
21835,16158
21835,18614
21836,15804
21836,15828
21837,2314
21837,3566
21838,1591
21838,1592
21839,3954
21839,7200
21840,22750
21840,27908
21841,3954
21841,7200
21842,22714
21842,22717
21843,10303
21843,10506
21844,8837
21844,20027
21845,22750
21845,27908
21846,717
21846,15302
21847,154
21847,331
21848,2709
21848,5744
21849,3954
21849,7200
21850,5835
21850,6857
21851,4142
21851,6775
21852,4559
21852,15836
21853,23831
21853,23856
21854,12026
21854,15340
21855,5093
21855,12161
21856,1529
21856,17861
21857,679
21857,15625
21857,23984
21858,8101
21858,15658
21859,27512
21859,27859
21860,3869
21860,25093
21861,16877
21861,20849
21862,22750
21862,27908
21862,30330
21863,4539
21863,20467
21864,5123
21864,5159
21865,5123
21865,5159
21866,5844
21866,6654
21867,7278
21867,12383
21868,13640
21868,14962
21869,2134
21869,5301
21870,59
21870,540
21871,1542
21871,1566
21872,540
21872,1542
21873,2412
21873,3178
21874,8715
21874,10376
21875,3456
21875,5766
21876,8058
21876,9529
21877,13370
21877,15923
21878,6036
21878,14541
21879,4903
21879,17469
21880,5070
21880,11452
21881,8487
21881,17907
21882,16807
21882,17964
21882,18414
21883,4176
21883,18698
21884,15470
21884,16025
21885,7540
21885,13970
21886,20780
21886,24949
21887,579
21887,4193
21888,579
21888,4193
21889,7471
21889,8312
21889,8585
21890,11944
21890,14602
21891,5123
21891,5159
21892,5123
21892,5159
21892,6575
21892,11879
21892,11957
21892,13386
21892,15924
21892,16952
21893,4844
21893,6794
21894,1585
21894,1608
21895,1055
21895,1056
21896,1052
21896,15713
21897,10945
21897,22599
21898,250
21898,1728
21899,5123
21899,5159
21900,5123
21900,13386
21901,5123
21901,6575
21901,11879
21901,11957
21901,15924
21901,16952
21902,8837
21902,19494
21903,18311
21903,22420
21904,20248
21904,20446
21904,21042
21905,5123
21905,5159
21905,6575
21905,11879
21905,11957
21905,13386
21905,15924
21906,11900
21906,19556
21907,1585
21907,1608
21908,308
21908,315
21909,8868
21909,9130
21910,265
21910,7563
21911,1379
21911,1940
21912,994
21912,3795
21913,5123
21913,5159
21914,5123
21914,5159
21915,4045
21915,15481
21916,1585
21916,1608
21917,9502
21917,18941
21918,8510
21918,8774
21919,5123
21919,5159
21920,5123
21920,13386
21921,14829
21921,15469
21922,2036
21922,2037
21923,364
21923,2852
21924,1261
21924,2336
21924,15363
21925,6381
21925,12804
21926,11234
21926,22274
21927,8721
21927,16153
21928,1491
21928,4504
21929,1379
21929,1940
21930,12162
21930,18089
21931,5989
21931,19080
21932,1799
21932,1940
21933,606
21933,1187
21934,10538
21934,12292
21935,25773
21935,27659
21936,14829
21936,15469
21937,30083
21937,30320
21938,1291
21938,20454
21939,1662
21939,7328
21940,5844
21940,6654
21941,13273
21941,14802
21942,13273
21942,14802
21943,3971
21943,6125
21944,14939
21944,14952
21945,16481
21945,19813
21946,13273
21946,14802
21947,987
21947,1585
21948,17692
21948,21921
21949,2314
21949,3566
21950,21767
21950,22816
21951,4601
21951,15999
21952,182
21952,18378
21953,16044
21953,16378
21954,3869
21954,25093
21955,13078
21955,13079
21956,2314
21956,3566
21957,683
21957,6637
21958,5977
21958,7722
21959,9037
21959,11972
21960,11972
21960,14607
21961,17272
21961,18111
21962,9136
21962,10400
21963,15227
21963,17503
21964,20800
21964,21495
21965,18279
21965,20248
21966,10494
21966,10569
21966,10570
21967,6902
21967,7126
21968,5677
21968,22259
21968,24492
21968,27277
21969,4142
21969,6775
21970,2402
21970,2667
21971,5400
21971,11920
21972,6965
21972,19255
21973,11445
21973,12109
21974,359
21974,2740
21975,14809
21975,18963
21976,4045
21976,15481
21976,16315
21977,5972
21977,6798
21978,23765
21978,24455
21978,27799
21979,15481
21979,16315
21980,28151
21980,31309
21981,5303
21981,5304
21982,2363
21982,2369
21983,6575
21983,6989
21983,13972
21984,8009
21984,9183
21985,9497
21985,20606
21986,17994
21986,24500
21987,3488
21987,7405
21988,3488
21988,3658
21989,3488
21989,19092
21990,1920
21990,5282
21991,5282
21991,5459
21992,9454
21992,9461
21993,85
21993,7058
21994,1688
21994,3954
21995,7722
21995,12816
21996,75
21996,2584
21996,8593
21997,4159
21997,5282
21998,14991
21998,22873
21999,988
21999,1080
22000,5445
22000,7693
22000,9480
22001,4072
22001,6771
22002,3145
22002,7208
22002,9974
22003,4507
22003,4520
22004,20
22004,21734
22005,14977
22005,15810
22006,3828
22006,7535
22007,21876
22007,22314
22008,9364
22008,9429
22009,20894
22009,21784
22009,24128
22010,3401
22010,6412
22011,250
22011,1728
22012,28223
22012,28246
22013,497
22013,11272
22014,6412
22014,20777
22015,6412
22015,20777
22016,4308
22016,4439
22017,6943
22017,7769
22018,12849
22018,13922
22018,16637
22019,988
22019,1080
22020,43
22020,10610
22020,11891
22021,988
22021,1080
22022,8697
22022,10731
22023,4787
22023,22469
22024,9037
22024,15643
22025,4135
22025,4303
22026,14103
22026,14176
22027,16807
22027,17964
22028,994
22028,3795
22029,7045
22029,19861
22030,1799
22030,1940
22031,154
22031,197
22032,5395
22032,5782
22033,994
22033,3795
22034,14546
22034,16644
22035,2412
22035,16670
22035,17288
22036,13659
22036,21819
22037,20125
22037,20126
22038,15625
22038,23984
22039,7191
22039,23919
22040,6844
22040,14580
22041,1529
22041,23776
22042,24870
22042,24901
22043,14674
22043,23776
22044,13246
22044,25923
22045,16902
22045,19230
22046,20044
22046,22443
22047,19779
22047,23776
22048,21404
22048,23362
22049,26914
22049,27562
22050,22443
22050,28556
22051,1374
22051,9421
22052,22346
22052,29275
22053,14397
22053,14430
22053,28814
22054,989
22054,7732
22055,4958
22055,6366
22055,19625
22056,9224
22056,17594
22057,24642
22057,27003
22058,25213
22058,25833
22059,4417
22059,5534
22060,1491
22060,4504
22061,9595
22061,9638
22062,28550
22062,30262
22063,2564
22063,5977
22064,988
22064,1080
22065,4228
22065,20688
22066,4510
22066,17899
22066,28561
22067,2288
22067,3566
22068,2827
22068,2889
22069,2709
22069,5744
22070,16481
22070,19813
22071,3053
22071,3190
22072,2616
22072,3100
22072,10276
22073,3531
22073,3623
22074,3531
22074,3623
22075,994
22075,3795
22076,2827
22076,2889
22077,20800
22077,21495
22078,16481
22078,19813
22079,22750
22079,27908
22080,22750
22080,27908
22080,30330
22081,2130
22081,22710
22082,3491
22082,3596
22083,20882
22083,23919
22084,6165
22084,13324
22085,6165
22085,21012
22086,26996
22086,27220
22087,4844
22087,6794
22088,4844
22088,6794
22089,17989
22089,17990
22090,113
22090,862
22091,22750
22091,27908
22092,5123
22092,5159
22093,5395
22093,5782
22094,2767
22094,13953
22095,16001
22095,31475
22096,27888
22096,28016
22097,3954
22097,7200
22098,3954
22098,7200
22099,1871
22099,2282
22100,344
22100,21127
22101,8705
22101,23728
22102,11508
22102,14254
22103,284
22103,288
22104,1523
22104,2511
22105,5977
22105,6339
22106,295
22106,2584
22107,14660
22107,15363
22108,1491
22108,4504
22109,24327
22109,26070
22110,24327
22110,26070
22111,24327
22111,26070
22112,1055
22112,1056
22113,497
22113,6412
22114,25622
22114,26200
22115,3503
22115,4627
22116,8045
22116,15777
22117,15619
22117,22578
22118,4601
22118,18338
22119,308
22119,315
22120,14103
22120,14176
22121,1167
22121,16432
22122,344
22122,534
22123,1167
22123,16432
22124,4159
22124,5282
22125,8363
22125,11130
22126,2569
22126,7110
22126,8229
22126,16288
22127,7208
22127,7302
22128,3145
22128,3317
22129,7208
22129,7302
22130,7208
22130,7302
22131,7208
22131,7302
22132,7208
22132,7302
22133,7208
22133,7302
22134,10805
22134,11249
22135,1173
22135,21156
22136,227
22136,20044
22136,22443
22137,25551
22137,25552
22138,7776
22138,10202
22138,16418
22139,9497
22139,11250
22139,16418
22140,4045
22140,15481
22141,9497
22141,11250
22141,24592
22142,12000
22142,27749
22143,395
22143,435
22144,8856
22144,16323
22145,9323
22145,9348
22146,2846
22146,16573
22147,26975
22147,27035
22148,26975
22148,27035
22149,18443
22149,26975
22150,26975
22150,27035
22151,26975
22151,27035
22152,26975
22152,27035
22153,26975
22153,27035
22154,26975
22154,27035
22155,26975
22155,27035
22156,18443
22156,26975
22157,26975
22157,27035
22158,26975
22158,27035
22159,26975
22159,27035
22160,26975
22160,27035
22161,26975
22161,27035
22162,26975
22162,27035
22163,26975
22163,27035
22164,26975
22164,27035
22165,157
22165,2033
22166,21839
22166,22174
22167,8561
22167,24907
22168,24239
22168,24589
22169,28721
22169,29083
22170,1379
22170,1799
22170,1940
22171,2827
22171,2889
22172,1379
22172,1799
22173,2379
22173,3375
22173,3376
22174,2446
22174,2507
22175,3376
22175,3819
22176,3795
22176,3798
22177,5656
22177,10477
22178,292
22178,295
22179,3795
22179,3798
22180,4389
22180,4391
22181,2511
22181,3551
22182,3954
22182,7200
22183,2511
22183,3551
22184,2511
22184,3551
22185,2511
22185,3551
22186,2511
22186,3551
22187,2681
22187,3551
22188,2681
22188,3551
22189,6095
22189,9038
22190,2681
22190,3551
22191,2288
22191,3551
22192,4975
22192,5355
22193,10586
22193,12456
22193,12772
22194,10586
22194,12772
22195,12456
22195,12772
22195,13434
22196,5301
22196,19590
22197,3954
22197,7200
22198,10486
22198,11536
22199,5352
22199,6102
22200,154
22200,2511
22201,5209
22201,8301
22202,4389
22202,4391
22203,2314
22203,2511
22203,5370
22204,81
22204,13648
22205,15040
22205,17350
22206,18279
22206,20248
22207,1842
22207,25063
22208,1105
22208,1890
22209,1593
22209,12849
22209,16637
22210,12849
22210,16637
22211,1972
22211,3713
22212,2033
22212,3387
22213,1760
22213,3505
22214,9005
22214,17258
22215,12673
22215,14313
22216,1379
22216,1799
22216,1940
22217,3713
22217,7354
22218,10662
22218,14991
22219,157
22219,2033
22220,1107
22220,3798
22221,2827
22221,2889
22222,4535
22222,8756
22223,4067
22223,14072
22224,8769
22224,10570
22225,2771
22225,2803
22226,8040
22226,13003
22227,14209
22227,15860
22228,28642
22228,29324
22229,8040
22229,13003
22230,20800
22230,21495
22231,1591
22231,7836
22232,2827
22232,2889
22233,3954
22233,7200
22234,50
22234,53
22235,8040
22235,13003
22236,19574
22236,19585
22237,20800
22237,21495
22238,14209
22238,15860
22239,988
22239,1080
22240,4094
22240,8332
22241,8177
22241,8322
22242,3954
22242,7200
22243,8040
22243,13003
22244,11217
22244,14704
22245,8769
22245,10570
22246,3954
22246,7200
22247,8040
22247,13003
22248,14209
22248,15860
22249,13046
22249,29130
22250,5395
22250,5782
22251,20800
22251,21495
22252,20800
22252,21495
22253,395
22253,435
22254,2827
22254,2889
22255,227
22255,20044
22256,227
22256,2379
22256,20044
22257,2379
22257,20044
22258,2379
22258,4196
22259,18202
22259,20044
22260,2379
22260,14766
22261,2379
22261,20044
22262,227
22262,2379
22262,20044
22263,227
22263,20044
22264,20044
22264,22443
22265,154
22265,331
22266,9097
22266,10106
22266,24371
22267,11900
22267,19556
22268,25282
22268,27806
22269,27516
22269,30432
22270,3954
22270,7200
22271,14823
22271,18322
22272,212
22272,2862
22273,2862
22273,9993
22274,2862
22274,18299
22275,18299
22275,23642
22276,579
22276,23642
22277,2862
22277,23642
22278,579
22278,23642
22278,23721
22279,23642
22279,23721
22280,579
22280,23721
22281,579
22281,22636
22282,2248
22282,5258
22283,11234
22283,22274
22284,3222
22284,3428
22285,1871
22285,10238
22286,13778
22286,15075
22287,15110
22287,15741
22288,994
22288,3795
22289,2268
22289,2304
22290,30220
22290,30346
22291,402
22291,7154
22292,402
22292,9331
22293,1630
22293,3665
22293,3762
22293,3909
22294,3566
22294,3665
22295,2314
22295,8990
22296,402
22296,7154
22297,402
22297,11596
22298,8990
22298,11041
22298,23138
22299,7369
22299,9037
22300,20800
22300,21495
22301,6457
22301,9037
22302,2794
22302,22941
22303,14991
22303,22873
22304,665
22304,932
22305,10805
22305,11249
22306,993
22306,3830
22306,8593
22307,3073
22307,4861
22307,12849
22307,16637
22308,12849
22308,16637
22309,3365
22309,17104
22309,17930
22310,5097
22310,9161
22311,1871
22311,2282
22312,10918
22312,14393
22313,8561
22313,24907
22314,12841
22314,16875
22315,3491
22315,3645
22316,14991
22316,22873
22317,15804
22317,15828
22318,3869
22318,25093
22319,2033
22319,8084
22320,14261
22320,14309
22321,1688
22321,5541
22322,1688
22322,5541
22323,5541
22323,5664
22324,18589
22324,18619
22325,12598
22325,31270
22326,4392
22326,5329
22327,6616
22327,6821
22328,18553
22328,24413
22329,385
22329,386
22330,581
22330,5755
22330,14967
22331,6007
22331,24494
22332,579
22332,4193
22333,243
22333,3024
22334,4640
22334,17673
22335,6412
22335,20777
22336,2442
22336,7261
22337,13179
22337,13362
22337,13729
22338,12094
22338,18089
22339,6381
22339,12804
22340,26131
22340,26354
22340,27646
22341,29822
22341,30180
22342,10850
22342,21114
22343,3436
22343,17398
22344,8673
22344,21332
22345,14829
22345,15469
22346,1666
22346,17356
22347,7400
22347,13300
22348,20920
22348,21190
22349,4253
22349,4693
22350,4970
22350,5486
22351,5110
22351,5218
22352,1414
22352,3880
22353,29449
22353,30935
22354,491
22354,514
22355,81
22355,402
22356,5304
22356,5352
22357,8310
22357,21165
22357,24050
22358,25
22358,8427
22359,1213
22359,8427
22360,2145
22360,10541
22361,6946
22361,8256
22362,4048
22362,10149
22363,8621
22363,11441
22364,11882
22364,12938
22365,14546
22365,16644
22365,16648
22366,5265
22366,7354
22367,7354
22367,10245
22368,8191
22368,9763
22369,2016
22369,11602
22370,1920
22370,4371
22371,2546
22371,11949
22372,3175
22372,9901
22373,2546
22373,9496
22374,11882
22374,12245
22375,2448
22375,24705
22376,632
22376,22184
22377,26088
22377,26173
22378,26088
22378,26173
22379,26088
22379,26173
22380,4293
22380,26462
22381,26362
22381,26913
22382,21381
22382,26088
22383,26189
22383,26229
22384,13652
22384,22939
22385,238
22385,25554
22386,913
22386,11471
22387,14546
22387,16644
22388,19530
22388,19545
22389,26914
22389,27562
22390,154
22390,331
22391,994
22391,3795
22391,3798
22392,3795
22392,3798
22393,1386
22393,4970
22394,14055
22394,25092
22395,1954
22395,6393
22396,1516
22396,1954
22397,324
22397,677
22397,683
22397,2497
22398,4837
22398,7200
22399,11761
22399,23413
22400,197
22400,331
22401,10464
22401,10518
22402,2511
22402,3551
22403,2511
22403,3551
22404,2511
22404,3551
22405,2511
22405,3551
22406,10586
22406,12772
22407,10586
22407,12772
22408,2511
22408,3551
22409,2511
22409,3551
22410,2511
22410,3551
22411,2511
22411,3551
22412,2511
22412,3551
22413,2511
22413,3551
22414,2511
22414,3551
22415,2511
22415,3551
22416,2511
22416,3551
22417,2511
22417,3551
22418,2511
22418,3551
22419,2511
22419,3551
22420,2511
22420,3551
22421,2511
22421,2681
22421,3551
22422,2511
22422,3551
22423,2511
22423,3551
22424,2511
22424,3551
22425,2681
22425,3551
22426,459
22426,1871
22427,24385
22427,25246
22428,12456
22428,13434
22429,16576
22429,16581
22430,16687
22430,17256
22431,11720
22431,11898
22432,2421
22432,2465
22433,2421
22433,2465
22434,2421
22434,2465
22435,308
22435,315
22436,1256
22436,1454
22437,7336
22437,9883
22438,2775
22438,9883
22439,15481
22439,16315
22440,28439
22440,30110
22441,4859
22441,10022
22442,4859
22442,5348
22443,5303
22443,5304
22444,5303
22444,5304
22445,13918
22445,13964
22446,7
22446,8
22447,2033
22447,2295
22448,3190
22448,3238
22449,1599
22449,6789
22450,2755
22450,11911
22451,1599
22451,6789
22451,9438
22452,27392
22452,29471
22453,4991
22453,9446
22454,10348
22454,12766
22455,43
22455,11891
22456,11595
22456,30021
22457,29617
22457,30230
22458,2330
22458,4602
22459,4902
22459,9313
22460,11336
22460,13247
22461,2402
22461,16178
22462,11336
22462,13117
22463,3954
22463,7200
22464,7200
22464,14361
22465,1378
22465,17363
22466,3795
22466,3798
22467,292
22467,295
22468,1056
22468,5554
22469,16694
22469,24809
22470,12841
22470,17845
22471,23391
22471,23456
22472,1944
22472,16817
22473,5123
22473,5159
22474,14055
22474,25092
22475,1920
22475,5117
22476,3026
22476,4674
22476,4719
22477,3535
22477,8990
22478,2033
22478,5717
22479,4743
22479,9763
22480,786
22480,3535
22481,1920
22481,4769
22482,9901
22482,17508
22483,994
22483,3795
22484,24094
22484,26062
22485,3551
22485,14196
22486,11041
22486,27784
22487,29991
22487,29992
22488,6214
22488,7722
22489,3375
22489,20044
22490,4392
22490,5329
22491,5977
22491,6339
22492,10793
22492,14446
22493,10793
22493,14446
22494,5123
22494,5159
22495,5123
22495,5159
22496,5766
22496,7563
22497,3954
22497,7200
22498,9217
22498,9448
22499,772
22499,7645
22500,30025
22500,30026
22501,9506
22501,19947
22502,7115
22502,8173
22503,11234
22503,22274
22504,3320
22504,7535
22504,21347
22505,1190
22505,3320
22506,8600
22506,25908
22507,26136
22507,26504
22508,18258
22508,25908
22509,9591
22509,11591
22510,29491
22510,29877
22511,11677
22511,11972
22512,6412
22512,20777
22513,23724
22513,28058
22514,14390
22514,29369
22515,26625
22515,26633
22516,14390
22516,29369
22517,2876
22517,3007
22518,22221
22518,22599
22519,10945
22519,22599
22520,4135
22520,5303
22520,5304
22521,4836
22521,11234
22521,16909
22522,11234
22522,22274
22523,3776
22523,29392
22524,18731
22524,22535
22525,1105
22525,4705
22526,75
22526,8593
22527,1435
22527,20918
22528,3954
22528,7200
22529,154
22529,331
22530,1871
22530,2282
22531,8690
22531,11817
22532,970
22532,7158
22533,18194
22533,18863
22534,4743
22534,9763
22535,324
22535,683
22536,683
22536,6637
22537,324
22537,683
22538,683
22538,6637
22539,1107
22539,1920
22540,994
22540,3795
22541,3990
22541,4859
22542,108
22542,11174
22543,10405
22543,11820
22544,581
22544,1058
22545,581
22545,18319
22546,13273
22546,14802
22547,581
22547,9790
22548,15619
22548,22578
22549,15619
22549,22578
22550,13533
22550,17176
22551,10869
22551,10918
22552,1167
22552,16432
22553,4787
22553,10362
22554,3190
22554,3238
22555,459
22555,955
22556,5303
22556,5304
22557,3375
22557,3376
22558,11083
22558,11161
22559,471
22559,472
22560,60
22560,118
22561,471
22561,472
22562,284
22562,288
22563,471
22563,472
22564,60
22564,118
22565,471
22565,472
22566,284
22566,288
22567,3375
22567,3376
22568,3375
22568,18463
22569,11083
22569,11161
22570,2456
22570,16085
22571,5303
22571,5304
22572,2363
22572,2369
22573,4774
22573,7517
22574,5835
22574,6857
22575,5835
22575,6857
22576,11083
22576,11161
22577,15481
22577,16315
22578,2852
22578,5783
22579,22563
22579,22684
22580,11234
22580,22274
22581,2456
22581,16085
22582,887
22582,2363
22583,5261
22583,7093
22584,1324
22584,3541
22585,3971
22585,6125
22586,9929
22586,17907
22586,21061
22587,1069
22587,1079
22588,1920
22588,20387
22589,6114
22589,20591
22590,4159
22590,5282
22591,7722
22591,17421
22592,154
22592,331
22593,11336
22593,13117
22594,25042
22594,25587
22595,25042
22595,25587
22596,913
22596,11471
22597,4152
22597,7366
22598,19494
22598,20990
22599,7197
22599,13634
22600,6690
22600,17289
22601,11336
22601,17421
22602,11336
22602,17421
22603,11336
22603,17421
22604,11336
22604,17421
22605,11336
22605,17421
22606,11336
22606,17421
22607,11336
22607,17421
22608,11336
22608,17421
22609,11336
22609,17421
22610,11336
22610,17421
22611,11336
22611,17421
22612,11336
22612,17421
22613,227
22613,20044
22614,10288
22614,16240
22615,4196
22615,16290
22616,4116
22616,4853
22617,1017
22617,4777
22618,3954
22618,4837
22619,89
22619,5541
22620,7200
22620,17085
22621,3954
22621,4837
22621,7200
22622,7200
22622,17085
22622,24956
22623,4392
22623,5329
22624,154
22624,331
22625,579
22625,4193
22626,1091
22626,2628
22627,8073
22627,8167
22627,9040
22628,4674
22628,4719
22629,10084
22629,10356
22630,471
22630,472
22631,2412
22631,3704
22632,284
22632,288
22633,1435
22633,1568
22634,645
22634,24985
22635,3190
22635,3238
22636,18274
22636,29591
22637,15048
22637,22560
22638,7766
22638,8593
22638,8595
22639,643
22639,9419
22640,7766
22640,8593
22641,13071
22641,15179
22642,75
22642,8593
22643,75
22643,7766
22643,8593
22643,11940
22644,4837
22644,24956
22645,2314
22645,3566
22646,2314
22646,3566
22647,11174
22647,11302
22648,3954
22648,7200
22649,17989
22649,17990
22650,18311
22650,22989
22651,3640
22651,6718
22651,6719
22652,3640
22652,6718
22652,6719
22653,15470
22653,16025
22653,16026
22654,8590
22654,12343
22654,24691
22655,20895
22655,21580
22656,14397
22656,15327
22657,24788
22657,27192
22658,28938
22658,28977
22659,25166
22659,28377
22660,29012
22660,29016
22661,5303
22661,5304
22662,423
22662,3685
22663,3685
22663,4569
22664,2033
22664,11949
22665,4995
22665,7077
22666,1207
22666,12315
22667,5977
22667,6339
22668,1591
22668,1592
22669,4389
22669,4391
22670,10151
22670,10152
22671,3795
22671,3798
22672,81
22672,1376
22672,20138
22673,1371
22673,8390
22674,5019
22674,5656
22675,3356
22675,5832
22676,5832
22676,5888
22677,994
22677,3795
22678,15302
22678,16300
22679,4562
22679,17757
22680,20800
22680,21495
22681,27247
22681,27315
22682,402
22682,8499
22683,81
22683,402
22684,26061
22684,26062
22685,20174
22685,20202
22686,13738
22686,19191
22687,22945
22687,30280
22688,11812
22688,22438
22689,5019
22689,5656
22690,1920
22690,6830
22691,2288
22691,7733
22692,2288
22692,3566
22692,7733
22693,725
22693,18469
22694,850
22694,11174
22694,11765
22695,11174
22695,11765
22696,17989
22696,17990
22697,16647
22697,16862
22698,18421
22698,20951
22699,23222
22699,24593
22700,1014
22700,17892
22701,459
22701,1386
22702,16275
22702,22560
22703,4392
22703,5963
22704,15290
22704,16874
22705,15290
22705,16874
22706,15290
22706,16874
22707,2402
22707,2667
22708,15290
22708,16874
22709,4674
22709,4719
22710,459
22710,1386
22710,3945
22711,4048
22711,10149
22712,2314
22712,3566
22713,8191
22713,9763
22714,8191
22714,12089
22715,11336
22715,13117
22716,8365
22716,16178
22716,22636
22717,1920
22717,6830
22718,4389
22718,4391
22719,3954
22719,7200
22720,5054
22720,16508
22721,17844
22721,23231
22722,13446
22722,17427
22723,992
22723,1435
22724,17989
22724,17990
22725,10019
22725,10020
22726,8089
22726,9217
22727,13919
22727,23716
22728,1069
22728,1079
22728,1105
22729,11336
22729,13117
22730,14829
22730,15469
22731,12564
22731,12629
22732,22664
22732,29656
22733,1069
22733,1079
22734,17637
22734,17971
22735,20549
22735,20643
22736,1028
22736,1241
22737,2421
22737,2465
22738,1069
22738,1079
22739,8040
22739,13003
22740,3808
22740,4777
22741,4142
22741,6775
22742,2976
22742,11041
22743,13078
22743,13079
22744,9024
22744,16259
22745,75
22745,2358
22746,5973
22746,16092
22747,1225
22747,2533
22748,5656
22748,5865
22749,5380
22749,5807
22749,8375
22749,13778
22749,15075
22750,8862
22750,12630
22751,23330
22751,25066
22752,2421
22752,2465
22753,2421
22753,2465
22754,2421
22754,2465
22755,2421
22755,2465
22756,3190
22756,3238
22757,5822
22757,20674
22758,20674
22758,20728
22759,994
22759,3795
22760,459
22760,5602
22761,8987
22761,9441
22762,7225
22762,8537
22763,14829
22763,15469
22764,4253
22764,7820
22764,9408
22765,2695
22765,11966
22766,3861
22766,3971
22767,2270
22767,4142
22768,6762
22768,6764
22769,3954
22769,7200
22770,6817
22770,12673
22770,14313
22771,909
22771,910
22772,24742
22772,29686
22773,989
22773,7732
22774,27768
22774,28103
22775,27768
22775,28385
22776,24742
22776,27230
22777,24742
22777,30145
22778,10423
22778,24690
22779,100
22779,31389
22780,5968
22780,10268
22781,13769
22781,14029
22782,20549
22782,20643
22783,5970
22783,6393
22784,5970
22784,6393
22785,5970
22785,13348
22786,3795
22786,3798
22787,26414
22787,30686
22788,23759
22788,29772
22788,30527
22789,27174
22789,29143
22789,29347
22789,30037
22790,9595
22790,9638
22791,27721
22791,30784
22792,22735
22792,26414
22793,551
22793,30902
22793,31376
22794,2314
22794,3566
22794,7766
22795,3729
22795,5370
22796,7045
22796,19861
22797,14991
22797,22873
22798,14829
22798,15469
22799,11424
22799,12355
22800,994
22800,3795
22801,20800
22801,21495
22802,20800
22802,21495
22803,994
22803,3795
22804,1212
22804,4656
22805,2379
22805,7200
22806,1032
22806,28892
22807,28059
22807,30551
22808,4462
22808,4611
22809,4177
22809,4355
22810,7535
22810,7932
22810,10013
22811,14977
22811,21295
22812,6412
22812,20777
22813,17989
22813,17990
22814,14409
22814,14589
22815,5977
22815,6339
22816,2827
22816,2889
22817,1688
22817,5541
22818,14809
22818,18963
22819,14209
22819,15860
22820,6643
22820,6878
22821,12693
22821,13055
22822,5766
22822,7563
22823,1256
22823,1454
22824,4837
22824,9065
22825,23023
22825,23669
22826,668
22826,16587
22827,18450
22827,19524
22828,16828
22828,29199
22829,396
22829,397
22830,4674
22830,4719
22831,385
22831,386
22832,11041
22832,11336
22833,1394
22833,1456
22834,11325
22834,15635
22835,10671
22835,12953
22836,3553
22836,14858
22837,29617
22837,30230
22838,12094
22838,12162
22839,19919
22839,22179
22840,26425
22840,31039
22841,12094
22841,12162
22842,2104
22842,25908
22843,5977
22843,6339
22844,967
22844,3285
22844,5907
22845,1760
22845,3505
22846,15795
22846,26521
22847,909
22847,910
22848,7089
22848,18210
22849,3637
22849,9811
22850,30355
22850,30399
22851,627
22851,1931
22852,3190
22852,3238
22853,2876
22853,3145
22854,1591
22854,1592
22855,3954
22855,7200
22856,1173
22856,10888
22857,1560
22857,1573
22858,10888
22858,22184
22859,4674
22859,4719
22860,955
22860,1903
22861,8312
22861,8585
22862,459
22862,3859
22863,11486
22863,14180
22864,18553
22864,24413
22865,994
22865,3795
22865,7140
22866,1991
22866,11809
22867,5973
22867,15460
22868,1725
22868,7146
22869,17547
22869,17552
22870,241
22870,1366
22871,6635
22871,6727
22872,43
22872,11891
22873,4627
22873,6152
22874,994
22874,3795
22875,154
22875,331
22876,4048
22876,10149
22877,5019
22877,5656
22878,154
22878,2971
22879,331
22879,4787
22880,5303
22880,5304
22881,5123
22881,14607
22882,15481
22882,19494
22883,23941
22883,25961
22884,197
22884,331
22885,10362
22885,24351
22886,4011
22886,18060
22887,5303
22887,5304
22888,4347
22888,6883
22889,24642
22889,27003
22889,31048
22890,5261
22890,7093
22891,3528
22891,3987
22891,9195
22892,15257
22892,16095
22893,2942
22893,2951
22894,6762
22894,6764
22895,2761
22895,4876
22896,9023
22896,21778
22897,22706
22897,30107
22898,25773
22898,27659
22899,5977
22899,6339
22900,6457
22900,9331
22901,359
22901,2740
22902,359
22902,2740
22903,4159
22903,6000
22904,3640
22904,6719
22904,9142
22905,9474
22905,10536
22906,4159
22906,6000
22907,579
22907,2862
22908,3190
22908,3238
22909,3685
22909,17235
22910,4159
22910,6000
22911,81
22911,402
22912,3117
22912,11285
22913,9363
22913,11487
22914,5054
22914,16508
22915,19530
22915,19545
22916,26191
22916,27374
22917,2681
22917,3551
22918,11159
22918,28664
22919,9689
22919,18722
22920,13321
22920,24834
22921,13046
22921,29130
22922,4159
22922,6000
22923,5303
22923,5304
22924,8191
22924,16677
22925,8191
22925,16677
22926,8191
22926,16677
22927,8191
22927,16677
22928,3954
22928,7200
22929,11800
22929,12693
22930,12693
22930,13055
22931,27247
22931,27315
22932,1592
22932,27011
22933,3990
22933,4477
22934,11677
22934,11972
22935,2314
22935,3566
22936,6458
22936,6460
22937,6458
22937,6460
22938,2295
22938,3484
22939,10386
22939,10387
22940,955
22940,1487
22941,14823
22941,16726
22942,2388
22942,21241
22943,10144
22943,10147
22943,11107
22944,6294
22944,10238
22945,6007
22945,8764
22946,7145
22946,29883
22947,13664
22947,13698
22948,1055
22948,1056
22949,1055
22949,1056
22950,9674
22950,15693
22951,3145
22951,15059
22952,3798
22952,8142
22953,11809
22953,23100
22954,5719
22954,15212
22954,15215
22955,8952
22955,10624
22956,308
22956,315
22957,4147
22957,4150
22957,5040
22957,5853
22957,7838
22957,10144
22958,9497
22958,9687
22959,1920
22959,7018
22960,10865
22960,17295
22961,17187
22961,18896
22962,3954
22962,7200
22963,3954
22963,7200
22964,11
22964,13332
22965,1591
22965,4516
22966,8190
22966,8846
22967,4159
22967,5282
22968,5977
22968,6339
22969,5972
22969,6798
22970,15589
22970,24455
22971,4159
22971,5282
22972,28196
22972,30032
22973,6570
22973,9897
22974,8191
22974,9763
22975,8191
22975,9763
22976,8191
22976,9763
22977,8191
22977,9763
22978,1417
22978,2707
22979,10224
22979,18018
22979,20241
22980,10224
22980,18018
22981,2834
22981,25119
22982,17989
22982,17990
22983,2558
22983,10224
22984,3222
22984,3428
22985,1366
22985,1378
22985,1789
22986,3130
22986,21197
22987,17989
22987,17990
22988,10429
22988,20019
22989,4601
22989,9198
22989,25975
22990,25982
22990,25983
22991,25909
22991,25936
22992,23907
22992,24567
22993,31481
22993,31482
22994,12398
22994,19136
22995,13813
22995,19183
22996,5159
22996,14809
22997,10146
22997,10180
22998,10146
22998,10180
22999,1871
22999,2282
23000,212
23000,9359
23001,3854
23001,11500
23002,3387
23002,3854
23003,12507
23003,17908
23004,12505
23004,17350
23005,13769
23005,14029
23006,5797
23006,7025
23007,308
23007,315
23008,24788
23008,27192
23009,717
23009,10922
23010,9005
23010,17258
23011,14397
23011,14430
23011,28814
23012,10342
23012,12310
23013,3102
23013,9405
23014,3102
23014,9405
23015,227
23015,20044
23016,14397
23016,15327
23017,12849
23017,16637
23018,27471
23018,28242
23019,1871
23019,2282
23020,7277
23020,7279
23021,5037
23021,10929
23022,1585
23022,1608
23023,1531
23023,3586
23024,10224
23024,18018
23025,17594
23025,21325
23026,7318
23026,20148
23027,18
23027,263
23028,608
23028,2811
23029,7025
23029,10625
23030,1095
23030,21535
23031,24173
23031,24243
23032,4876
23032,23907
23033,24788
23033,27192
23034,21466
23034,29914
23035,18954
23035,18958
23035,20325
23036,8911
23036,15713
23037,2788
23037,13734
23037,23590
23037,24721
23038,2794
23038,22941
23039,5977
23039,6339
23040,3375
23040,3376
23041,3375
23041,3376
23042,2569
23042,7110
23042,8229
23042,16288
23043,7025
23043,10625
23044,4177
23044,4355
23045,1055
23045,1056
23046,1055
23046,1056
23047,1055
23047,1056
23048,2827
23048,2889
23049,2794
23049,22941
23050,1055
23050,1056
23051,3785
23051,11690
23052,28849
23052,28884
23053,8292
23053,8573
23054,1055
23054,1056
23055,14991
23055,22873
23056,1634
23056,2134
23057,6508
23057,10108
23058,7184
23058,9924
23058,10056
23059,9672
23059,14701
23060,992
23060,1435
23061,23589
23061,23612
23062,1599
23062,6789
23063,12094
23063,18089
23064,20800
23064,21495
23065,24869
23065,24871
23066,2571
23066,16355
23067,3303
23067,3304
23068,10386
23068,10387
23068,10421
23069,19
23069,20
23070,4272
23070,4541
23071,7318
23071,8273
23072,17892
23072,20951
23073,26975
23073,28132
23074,236
23074,4280
23075,4253
23075,9408
23076,1688
23076,5541
23077,23765
23077,24455
23078,21965
23078,24258
23079,2767
23079,7140
23080,2933
23080,2948
23081,6835
23081,6879
23082,27304
23082,28550
23083,6458
23083,6460
23084,1972
23084,3713
23085,3491
23085,4345
23086,6680
23086,9245
23087,3170
23087,10586
23088,14469
23088,14763
23089,2364
23089,15643
23090,3654
23090,14126
23091,1212
23091,4656
23092,9829
23092,17077
23092,17328
23093,1692
23093,4787
23094,6466
23094,17065
23095,2017
23095,17139
23096,533
23096,4530
23097,26914
23097,27562
23098,26914
23098,27562
23099,25255
23099,30011
23100,3954
23100,4837
23101,2314
23101,3566
23102,22
23102,2314
23102,3566
23103,7200
23103,24956
23104,3954
23104,4837
23105,4345
23105,6457
23106,4177
23106,4296
23106,4355
23107,5977
23107,6339
23108,3971
23108,6125
23109,955
23109,1487
23110,10133
23110,10147
23111,24756
23111,27863
23112,289
23112,8283
23113,1417
23113,2707
23114,7089
23114,9790
23115,16235
23115,20620
23116,12806
23116,15179
23117,7766
23117,8593
23118,12841
23118,16875
23119,5147
23119,12564
23120,12248
23120,24300
23121,7503
23121,14407
23121,26368
23122,14655
23122,27721
23123,2369
23123,6214
23124,227
23124,2379
23125,4970
23125,5486
23126,9924
23126,10056
23127,8534
23127,8920
23128,1735
23128,7722
23129,15625
23129,23984
23130,1430
23130,17762
23131,24380
23131,26535
23132,5395
23132,5782
23133,1920
23133,6535
23134,1944
23134,16817
23135,2405
23135,2481
23136,3350
23136,20528
23137,15639
23137,15795
23138,4320
23138,6558
23139,29688
23139,29692
23140,12237
23140,16356
23141,7278
23141,16196
23142,2526
23142,24756
23143,4970
23143,5486
23144,8312
23144,8585
23145,2569
23145,7110
23145,8229
23145,16288
23146,3346
23146,9497
23146,9501
23147,5402
23147,9687
23148,4422
23148,9497
23148,10047
23148,11250
23149,3346
23149,9501
23149,9687
23149,9779
23149,10011
23149,10047
23150,1818
23150,9497
23150,9899
23150,12398
23150,12419
23151,9687
23151,11805
23151,12398
23152,10047
23152,11337
23153,4422
23153,9687
23154,6491
23154,15874
23155,15874
23155,16418
23156,6356
23156,9501
23156,11805
23157,11938
23157,15874
23158,9497
23158,16078
23159,9497
23159,16418
23160,9501
23160,11938
23161,1761
23161,10047
23161,15874
23162,9497
23162,16418
23163,9501
23163,9687
23164,9497
23164,15874
23165,14434
23165,17203
23166,8316
23166,9687
23167,9497
23167,11250
23168,9687
23168,23971
23169,11250
23169,20586
23170,8316
23170,9687
23171,11234
23171,16418
23171,22563
23171,22684
23172,17812
23172,26971
23173,6351
23173,16418
23174,9687
23174,27933
23175,4471
23175,6356
23175,27537
23176,9687
23176,27933
23177,26296
23177,26380
23178,14434
23178,17203
23179,9024
23179,16259
23180,4320
23180,4452
23181,17256
23181,17561
23182,17256
23182,17561
23183,9146
23183,9335
23184,955
23184,4089
23185,1666
23185,17356
23186,10720
23186,10737
23187,478
23187,6011
23188,4347
23188,6883
23189,16461
23189,19620
23190,24642
23190,27003
23190,31048
23191,6842
23191,6904
23191,7420
23192,11445
23192,12109
23193,5123
23193,5159
23194,1688
23194,5541
23195,1688
23195,5541
23196,5797
23196,7025
23197,15668
23197,15983
23198,2511
23198,17838
23199,24882
23199,25011
23200,24870
23200,24901
23201,10321
23201,10769
23202,989
23202,7732
23203,3145
23203,3317
23204,2402
23204,2667
23205,2402
23205,2667
23206,2402
23206,2667
23207,3073
23207,4861
23208,3954
23208,7200
23209,4048
23209,10149
23210,8191
23210,9763
23211,26914
23211,27562
23211,27715
23212,26914
23212,27562
23213,26914
23213,27562
23214,6007
23214,13255
23215,581
23215,2240
23215,6007
23216,1078
23216,2506
23217,8106
23217,8515
23218,1591
23218,1592
23219,994
23219,3795
23220,2933
23220,8166
23221,5797
23221,7025
23222,6457
23222,6637
23223,3954
23223,7200
23224,5483
23224,7200
23225,23765
23225,24455
23226,26914
23226,27562
23227,23941
23227,25961
23228,6000
23228,6186
23229,1055
23229,1056
23230,1055
23230,1056
23231,2402
23231,2667
23232,2402
23232,2667
23233,2402
23233,2667
23234,2402
23234,2667
23235,2402
23235,2667
23236,2402
23236,2667
23237,4045
23237,15481
23238,8786
23238,9363
23239,22112
23239,23758
23240,3241
23240,15866
23241,11336
23241,13117
23242,2313
23242,26921
23243,1585
23243,1608
23244,3400
23244,4627
23245,1871
23245,2282
23246,4272
23246,4541
23247,5103
23247,6125
23248,5037
23248,6580
23248,10084
23248,10929
23248,10930
23249,2569
23249,7110
23250,491
23250,514
23251,1531
23251,3586
23252,7318
23252,8273
23253,5230
23253,11987
23254,1564
23254,16863
23255,6437
23255,9812
23256,8769
23256,10570
23257,1758
23257,14489
23258,3954
23258,7200
23259,1693
23259,15426
23259,18168
23260,3835
23260,11784
23260,21307
23261,17656
23261,18360
23262,3835
23262,12867
23262,16820
23263,22005
23263,22366
23264,20601
23264,22423
23265,2569
23265,7110
23265,8229
23266,11049
23266,16602
23267,43
23267,6607
23268,6166
23268,6181
23269,2009
23269,2841
23269,10750
23270,641
23270,23827
23271,634
23271,20322
23272,14397
23272,15319
23272,15327
23273,2344
23273,12382
23273,16611
23274,2326
23274,3227
23275,13664
23275,16545
23276,10561
23276,27388
23276,27887
23277,29012
23277,29016
23278,17361
23278,20476
23279,16033
23279,25246
23280,9859
23280,25007
23281,5677
23281,22259
23281,27277
23282,14829
23282,15469
23283,2456
23283,16085
23284,19
23284,20
23284,6303
23285,8911
23285,15713
23286,14829
23286,15469
23287,12315
23287,14107
23288,2121
23288,6708
23289,27462
23289,28960
23290,1207
23290,1208
23290,1229
23290,3957
23290,12315
23290,13181
23291,3208
23291,3663
23292,28642
23292,29324
23293,4456
23293,6416
23294,154
23294,331
23295,994
23295,3795
23295,3798
23296,2033
23296,10477
23297,6457
23297,13957
23298,14991
23298,22873
23299,9146
23299,9335
23300,5400
23300,6627
23301,8990
23301,11041
23302,18698
23302,21312
23303,11234
23303,22274
23304,16807
23304,17964
23305,15086
23305,17441
23305,30279
23306,3190
23306,3238
23307,19758
23307,27532
23308,9474
23308,10536
23309,17215
23309,17767
23310,7696
23310,17767
23311,14804
23311,14841
23312,12398
23312,12433
23312,19136
23313,12398
23313,12433
23314,12398
23314,12433
23315,11234
23315,22274
23316,4243
23316,24997
23317,6679
23317,11451
23318,14829
23318,15469
23319,14829
23319,22675
23320,11011
23320,12163
23321,9895
23321,23214
23322,342
23322,423
23323,1591
23323,1592
23324,11677
23324,11972
23325,14991
23325,22873
23326,11083
23326,11161
23327,12741
23327,15409
23328,3945
23328,5935
23329,10238
23329,10538
23330,2008
23330,8382
23331,14055
23331,25092
23332,8312
23332,8585
23333,386
23333,5623
23334,1022
23334,17395
23335,6763
23335,8726
23336,2033
23336,9518
23337,11077
23337,25978
23338,2942
23338,2951
23339,2808
23339,4444
23340,3795
23340,3798
23341,4067
23341,14072
23342,9037
23342,10356
23343,19530
23343,19545
23344,1704
23344,5621
23345,1591
23345,1592
23346,12507
23346,17908
23347,2122
23347,5103
23348,43
23348,11891
23349,28434
23349,28443
23350,2569
23350,7110
23351,7184
23351,10303
23352,2569
23352,7110
23353,3227
23353,3386
23354,1249
23354,9040
23355,114
23355,15215
23356,5037
23356,10929
23357,10145
23357,23508
23358,5123
23358,5159
23359,1254
23359,1260
23360,154
23360,331
23361,3798
23361,8142
23362,5920
23362,12507
23363,11174
23363,11302
23364,282
23364,1591
23365,5123
23365,5159
23366,5054
23366,16508
23367,23765
23367,24455
23368,19
23368,6303
23369,9501
23369,9687
23370,8911
23370,15713
23371,9314
23371,16486
23371,18602
23371,19350
23372,18602
23372,19350
23373,16486
23373,18602
23374,12315
23374,14107
23375,16486
23375,19350
23376,28255
23376,28256
23377,27462
23377,28960
23378,1207
23378,1208
23378,1229
23378,3957
23378,12315
23378,13181
23379,2618
23379,4228
23380,19
23380,20
23381,2576
23381,7604
23382,29834
23382,29908
23383,26425
23383,31020
23383,31021
23384,15585
23384,19076
23385,22287
23385,23897
23386,6270
23386,10386
23387,301
23387,7561
23387,7576
23387,10240
23388,10004
23388,14963
23388,15199
23389,11286
23389,23282
23390,1207
23390,1229
23390,12315
23390,13181
23391,3807
23391,28655
23392,5969
23392,30157
23393,6859
23393,7243
23394,20800
23394,21495
23395,108
23395,3713
23396,4159
23396,6000
23397,8716
23397,10171
23397,13157
23398,22636
23398,23642
23399,853
23399,26906
23400,3854
23400,11500
23401,867
23401,6604
23402,22
23402,2314
23402,3566
23403,2402
23403,2667
23404,2402
23404,17631
23405,3085
23405,9016
23406,18628
23406,18856
23407,867
23407,11361
23408,4754
23408,27420
23409,23765
23409,24455
23410,1871
23410,2282
23411,7196
23411,7235
23412,3693
23412,13819
23413,11049
23413,16602
23414,3566
23414,7045
23415,3869
23415,25093
23416,22345
23416,22348
23417,23907
23417,24567
23418,17153
23418,17177
23419,17153
23419,17177
23420,5888
23420,27977
23421,31344
23421,31351
23422,11336
23422,13117
23423,1871
23423,2282
23424,11752
23424,13214
23425,16633
23425,18752
23426,1531
23426,3586
23427,1531
23427,3586
23428,22715
23428,22725
23429,43
23429,6607
23430,867
23430,11361
23431,8191
23431,9763
23432,2667
23432,3685
23433,6604
23433,14254
23434,2402
23434,8067
23435,2667
23435,3685
23436,867
23436,11361
23437,867
23437,11361
23438,11990
23438,13641
23439,13
23439,429
23440,6131
23440,10827
23441,8396
23441,10827
23442,8396
23442,10827
23443,8396
23443,10055
23444,26273
23444,27174
23445,18744
23445,29103
23446,12094
23446,12162
23447,554
23447,1463
23448,4507
23448,4520
23449,2679
23449,10419
23450,3954
23450,4837
23450,7200
23451,8233
23451,12748
23452,743
23452,7376
23453,3449
23453,8001
23454,5754
23454,6567
23455,8312
23455,8585
23456,5719
23456,15215
23457,3954
23457,5652
23457,7200
23458,10773
23458,15238
23459,7610
23459,22105
23460,2511
23460,3551
23461,2033
23461,4046
23462,9834
23462,10222
23463,6095
23463,9038
23464,7523
23464,27100
23465,10171
23465,13623
23466,2033
23466,8084
23467,1972
23467,3713
23468,8758
23468,9066
23469,10146
23469,10180
23470,5977
23470,6339
23471,4601
23471,18338
23472,2569
23472,7110
23473,27592
23473,27595
23474,24348
23474,28570
23475,13659
23475,21819
23476,13919
23476,24275
23477,1871
23477,2282
23478,8537
23478,21590
23479,1944
23479,16817
23480,994
23480,3795
23481,9727
23481,10659
23482,9727
23482,10659
23483,9727
23483,10659
23484,11838
23484,22008
23485,8390
23485,11201
23486,9672
23486,12968
23487,5437
23487,6457
23487,12968
23487,13201
23488,12968
23488,13201
23489,9672
23489,14568
23490,12968
23490,14568
23491,12968
23491,14027
23492,9672
23492,12968
23493,9672
23493,12968
23494,13286
23494,13538
23495,24956
23495,29126
23495,29137
23496,1371
23496,13700
23497,16546
23497,22700
23498,3672
23498,13860
23499,2756
23499,2823
23500,6676
23500,8287
23501,7766
23501,8593
23502,7766
23502,11940
23503,17362
23503,17802
23504,763
23504,30147
23505,30355
23505,30399
23506,324
23506,677
23506,683
23506,2497
23507,7329
23507,7555
23508,10084
23508,10356
23509,9005
23509,17258
23510,5708
23510,14551
23511,30355
23511,30399
23512,2288
23512,7733
23513,11774
23513,18378
23514,2288
23514,7733
23515,2288
23515,7733
23516,2288
23516,7733
23517,2288
23517,7733
23518,3665
23518,3909
23519,7078
23519,8014
23520,1005
23520,9693
23521,8911
23521,15713
23522,3612
23522,23282
23523,8911
23523,22006
23524,27462
23524,28960
23525,24018
23525,24967
23526,1207
23526,1208
23526,1229
23526,3957
23526,12315
23526,13181
23527,1212
23527,4656
23528,10793
23528,14446
23529,10793
23529,14446
23530,10793
23530,14446
23531,3566
23531,16687
23532,11686
23532,21961
23533,1378
23533,17363
23534,554
23534,1463
23535,10092
23535,10678
23536,297
23536,25923
23537,26414
23537,26425
23538,26414
23538,26425
23539,5119
23539,9998
23540,16481
23540,19813
23541,1055
23541,1056
23542,1055
23542,1056
23543,3640
23543,6719
23543,8880
23544,3640
23544,6719
23545,3640
23545,6719
23546,3640
23546,6719
23547,25782
23547,25974
23548,3954
23548,7200
23549,3954
23549,7200
23550,2314
23550,3566
23551,2314
23551,3566
23552,2314
23552,3566
23553,2314
23553,3566
23554,2314
23554,3566
23555,77
23555,6457
23556,23517
23556,29017
23557,2033
23557,4559
23558,13447
23558,14887
23559,10405
23559,11746
23560,10405
23560,13381
23561,28721
23561,29083
23562,23124
23562,26672
23563,1386
23563,3491
23564,1871
23564,2282
23565,8167
23565,9040
23566,2308
23566,13395
23567,10405
23567,11820
23568,669
23568,17488
23568,19101
23569,13078
23569,13079
23570,17276
23570,18505
23571,3954
23571,7200
23572,5123
23572,5159
23573,4048
23573,10149
23574,14991
23574,22873
23575,14991
23575,22873
23576,203
23576,7326
23577,2381
23577,7360
23578,7535
23578,27397
23579,9815
23579,9820
23580,4699
23580,9102
23581,14850
23581,15046
23582,21823
23582,21824
23583,154
23583,331
23584,26914
23584,27562
23585,16755
23585,16757
23586,1195
23586,1196
23587,459
23587,2282
23588,9497
23588,9501
23589,5261
23589,7093
23590,1871
23590,2282
23591,11752
23591,13214
23592,1662
23592,7328
23593,2009
23593,2841
23594,26625
23594,26633
23595,11234
23595,22274
23596,11234
23596,22274
23597,4159
23597,5282
23597,5459
23598,8868
23598,12155
23599,4011
23599,13122
23600,5123
23600,11879
23600,16934
23601,4011
23601,18060
23602,10171
23602,18060
23603,4011
23603,10171
23603,20393
23604,6499
23604,19399
23605,1173
23605,20589
23606,1173
23606,10171
23606,10888
23607,1173
23607,10171
23608,3954
23608,7200
23609,22
23609,3566
23610,1173
23610,10171
23611,1173
23611,10888
23612,1173
23612,10888
23613,26061
23613,26062
23614,10888
23614,23634
23615,6511
23615,10888
23616,10888
23616,23361
23617,10888
23617,24950
23618,221
23618,10888
23619,17071
23619,25833
23620,5882
23620,5905
23621,9727
23621,10659
23622,994
23622,3795
23623,2365
23623,2379
23624,2314
23624,5370
23625,4048
23625,10149
23626,18488
23626,21278
23627,6468
23627,8166
23628,5271
23628,8166
23629,11041
23629,17757
23630,1055
23630,1056
23631,9674
23631,15693
23632,9687
23632,27933
23633,5977
23633,6339
23634,6457
23634,9331
23635,3459
23635,6457
23636,8471
23636,20576
23637,3869
23637,25093
23638,17277
23638,21143
23639,18861
23639,24033
23640,18861
23640,27383
23641,13376
23641,18861
23642,8641
23642,8685
23643,29982
23643,31425
23644,955
23644,7838
23645,17989
23645,17990
23646,1055
23646,1056
23646,5452
23647,1055
23647,1056
23647,1416
23647,5079
23648,77
23648,3383
23649,2827
23649,7368
23650,28282
23650,28528
23651,3954
23651,7200
23652,22987
23652,28036
23653,14261
23653,16342
23654,11083
23654,11161
23655,14991
23655,22873
23656,12281
23656,26502
23657,7681
23657,9916
23658,11693
23658,16931
23659,33
23659,180
23659,8606
23660,10156
23660,13351
23661,1173
23661,23445
23662,15113
23662,23988
23663,15481
23663,16315
23664,15481
23664,16315
23665,694
23665,30145
23666,8566
23666,8570
23667,5395
23667,5782
23668,2586
23668,5275
23669,5275
23669,8990
23669,13112
23670,5275
23670,13112
23671,6762
23671,6764
23672,8566
23672,8570
23672,13160
23673,8566
23673,8570
23674,11424
23674,12355
23675,11424
23675,12355
23676,11424
23676,12355
23677,25712
23677,25766
23678,18274
23678,29591
23679,30194
23679,31014
23680,108
23680,4761
23681,9358
23681,14766
23682,227
23682,20044
23683,227
23683,20044
23684,17637
23684,17971
23685,227
23685,20044
23686,227
23686,20044
23687,15979
23687,23077
23688,5797
23688,7025
23689,15619
23689,22578
23690,8705
23690,23728
23691,4410
23691,27535
23692,22018
23692,22019
23693,5123
23693,5159
23694,59
23694,5147
23695,13273
23695,14802
23696,17793
23696,17817
23697,23907
23697,24567
23698,23907
23698,24567
23699,25622
23699,26200
23700,5187
23700,5275
23701,994
23701,3795
23702,7024
23702,11388
23703,12710
23703,13051
23704,14809
23704,18963
23705,14809
23705,18963
23706,157
23706,2033
23707,5972
23707,6798
23708,20794
23708,21078
23708,23584
23709,2424
23709,10042
23710,23264
23710,23265
23711,3551
23711,12798
23712,643
23712,9419
23713,9874
23713,10021
23714,15247
23714,15315
23715,14230
23715,18303
23716,5395
23716,5782
23717,28058
23717,29189
23718,12841
23718,16875
23719,8837
23719,19494
23719,20027
23720,6379
23720,9363
23721,200
23721,3186
23722,16061
23722,19450
23723,5395
23723,5782
23724,5395
23724,5782
23725,13821
23725,14383
23726,108
23726,2493
23727,359
23727,6756
23728,136
23728,359
23729,18274
23729,29591
23730,1591
23730,1592
23731,4389
23731,4391
23732,3869
23732,25093
23733,4320
23733,4452
23734,994
23734,3795
23734,3798
23735,5123
23735,11879
23736,20690
23736,21020
23737,26914
23737,27562
23738,5977
23738,6339
23739,994
23739,3795
23739,3798
23740,25
23740,9130
23741,2033
23741,10477
23742,2369
23742,6575
23743,2584
23743,6457
23744,7140
23744,9037
23745,4787
23745,10356
23746,3334
23746,17191
23747,8040
23747,13003
23748,4389
23748,4391
23749,11445
23749,12109
23750,15804
23750,15828
23751,17994
23751,24500
23752,23765
23752,24455
23753,26914
23753,27562
23754,30062
23754,30099
23755,2249
23755,4196
23756,1591
23756,1592
23757,9854
23757,12304
23758,1591
23758,5274
23759,4389
23759,4391
23760,19905
23760,22429
23761,4876
23761,10769
23762,1591
23762,1592
23763,1591
23763,1592
23764,10869
23764,10880
23764,10918
23765,10880
23765,14393
23766,1591
23766,1592
23767,11424
23767,12355
23768,11424
23768,12355
23769,11424
23769,12355
23770,11424
23770,12355
23771,11424
23771,12355
23772,11424
23772,12355
23773,22675
23773,23520
23774,28047
23774,28051
23775,154
23775,331
23776,1173
23776,10888
23777,18651
23777,18744
23778,1591
23778,1592
23779,28642
23779,29324
23780,16061
23780,19450
23780,21430
23781,77
23781,1972
23782,1105
23782,1890
23783,292
23783,295
23784,5977
23784,6339
23785,5977
23785,6339
23786,5977
23786,6339
23787,1591
23787,1592
23788,1591
23788,1592
23789,1591
23789,1592
23790,1591
23790,1592
23791,1587
23791,15762
23792,23124
23792,24477
23792,25126
23792,26672
23793,5977
23793,6339
23794,3600
23794,9037
23795,6974
23795,10103
23796,1634
23796,2134
23797,8292
23797,8573
23798,301
23798,7561
23799,236
23799,2363
23800,1105
23800,1890
23801,2314
23801,3566
23802,5123
23802,5159
23803,13446
23803,17427
23804,6762
23804,6764
23805,9023
23805,21778
23806,2494
23806,7132
23807,25622
23807,26200
23808,4067
23808,14072
23809,15041
23809,17350
23810,14209
23810,15860
23811,989
23811,7732
23812,14209
23812,15860
23813,5977
23813,6339
23814,3795
23814,3798
23815,1173
23815,9037
23816,687
23816,16262
23817,1376
23817,22796
23818,3795
23818,3798
23819,5977
23819,6339
23820,3795
23820,3798
23821,3795
23821,3798
23822,292
23822,295
23823,10793
23823,14446
23824,19007
23824,19011
23825,7180
23825,8510
23826,14829
23826,15469
23827,5395
23827,5782
23828,11739
23828,11741
23829,9299
23829,15720
23830,7045
23830,19861
23831,7113
23831,8406
23832,7619
23832,9095
23833,6946
23833,9763
23834,6972
23834,9928
23835,7140
23835,13176
23836,2033
23836,7722
23837,2511
23837,13176
23838,6946
23838,13176
23839,2946
23839,15667
23840,50
23840,53
23840,18648
23841,5275
23841,8734
23842,5275
23842,8734
23843,5275
23843,8734
23844,5275
23844,8734
23845,5275
23845,8734
23846,8939
23846,23685
23847,16972
23847,23330
23848,18194
23848,18863
23849,4045
23849,24282
23850,3954
23850,7200
23851,12673
23851,14313
23852,717
23852,8951
23853,8191
23853,9763
23854,8191
23854,9763
23855,21767
23855,22621
23856,4970
23856,5486
23857,3415
23857,5376
23858,994
23858,3795
23859,3954
23859,7200
23860,5395
23860,5782
23861,994
23861,3795
23862,21120
23862,22645
23863,1871
23863,2282
23864,3954
23864,7200
23865,771
23865,6862
23866,4426
23866,10386
23866,10421
23867,9530
23867,10386
23868,9391
23868,9530
23869,353
23869,4797
23869,7351
23870,7797
23870,10240
23871,8405
23871,8609
23872,1908
23872,3393
23873,1804
23873,8593
23874,11234
23874,14427
23875,11234
23875,22274
23876,11234
23876,22274
23877,6164
23877,6170
23877,6511
23877,8757
23878,11234
23878,22274
23879,10145
23879,23508
23880,18744
23880,29103
23881,18744
23881,29103
23882,23161
23882,28475
23883,1871
23883,2282
23884,5835
23884,6857
23885,1871
23885,2282
23886,8073
23886,8167
23887,459
23887,5167
23888,10538
23888,12292
23889,1871
23889,12790
23889,14608
23890,1435
23890,17262
23891,12690
23891,19397
23892,10869
23892,10918
23892,14393
23893,10892
23893,17761
23894,4752
23894,14393
23895,27379
23895,28829
23896,20476
23896,30058
23897,2827
23897,2889
23898,2788
23898,13734
23898,23590
23898,24721
23899,29757
23899,29758
23900,29297
23900,29542
23900,30721
23901,29297
23901,29542
23902,11234
23902,22274
23903,29757
23903,29758
23904,12841
23904,16875
23905,5395
23905,5782
23906,5395
23906,5782
23907,5376
23907,6742
23908,5395
23908,5782
23909,16061
23909,19450
23910,5395
23910,5782
23911,18628
23911,18856
23912,8911
23912,22006
23913,3795
23913,3798
23914,483
23914,4217
23915,1531
23915,3586
23916,4415
23916,18658
23917,17989
23917,17990
23918,8705
23918,23728
23919,19530
23919,19545
23920,3190
23920,3238
23921,359
23921,2740
23922,4142
23922,6775
23923,359
23923,2740
23924,9918
23924,15009
23925,14809
23925,18963
23926,13302
23926,13368
23927,11234
23927,22274
23928,26147
23928,26388
23929,6412
23929,20777
23930,11739
23930,11741
23931,6635
23931,6727
23932,5781
23932,12292
23933,15730
23933,15916
23934,4048
23934,10149
23935,7747
23935,10175
23936,4837
23936,24956
23937,9005
23937,17258
23938,5167
23938,8027
23939,10151
23939,10152
23940,9501
23940,10202
23941,9501
23941,10202
23942,6636
23942,7722
23943,5395
23943,5782
23944,5395
23944,5782
23945,5395
23945,5782
23946,5395
23946,5782
23947,14977
23947,18909
23948,6590
23948,8528
23948,11481
23949,9497
23949,16078
23950,16439
23950,16568
23951,29143
23951,29151
23952,6720
23952,18736
23953,1005
23953,9693
23954,22778
23954,22902
23955,1055
23955,1056
23956,7177
23956,8424
23957,1055
23957,1056
23958,2425
23958,9556
23959,25622
23959,26200
23960,25622
23960,26200
23961,25622
23961,26200
23962,26131
23962,28091
23963,28902
23963,28942
23964,25622
23964,26200
23965,25622
23965,26200
23966,7535
23966,7932
23967,301
23967,7561
23968,12179
23968,22330
23969,12179
23969,22330
23970,15646
23970,28431
23971,8587
23971,9819
23972,11991
23972,16003
23973,8862
23973,12630
23974,1591
23974,1592
23975,10302
23975,11016
23976,11233
23976,12142
23977,9474
23977,10536
23978,992
23978,1435
23978,18601
23978,20258
23979,192
23979,10110
23980,22105
23980,22143
23981,7025
23981,10625
23982,2009
23982,2841
23983,24623
23983,24624
23983,24648
23984,28938
23984,28977
23985,23907
23985,24567
23986,6225
23986,17711
23987,658
23987,4029
23988,17898
23988,18131
23989,8893
23989,15236
23990,8292
23990,8573
23991,5123
23991,5159
23992,5123
23992,5159
23993,5123
23993,6575
23993,11879
23993,11957
23993,16952
23994,6999
23994,11957
23994,13621
23995,6575
23995,11879
23995,11957
23995,13386
23995,15924
23995,16952
23996,1173
23996,2771
23996,2803
23997,402
23997,7154
23997,9618
23998,6379
23998,9363
23999,18628
23999,18856
24000,3954
24000,4837
24000,6059
24000,7200
24001,643
24001,9419
24002,4809
24002,6807
24003,14230
24003,18303
24004,9897
24004,13685
24005,483
24005,564
24006,14543
24006,27338
24007,227
24007,3375
24007,3376
24008,992
24008,1435
24009,5062
24009,5129
24009,12298
24010,5129
24010,12443
24011,11686
24011,14963
24012,11705
24012,11708
24013,5129
24013,12443
24014,22287
24014,23897
24015,3365
24015,8990
24015,12277
24016,14907
24016,16617
24017,451
24017,4228
24018,5324
24018,8644
24018,9399
24019,10263
24019,10333
24020,2033
24020,2270
24021,14397
24021,15327
24022,14397
24022,15319
24022,15327
24023,15319
24023,15327
24024,14397
24024,15319
24024,15327
24025,14397
24025,15327
24026,15319
24026,15327
24027,9013
24027,17380
24028,679
24028,3244
24029,5123
24029,5159
24030,3640
24030,4738
24031,9885
24031,9893
24032,15363
24032,15668
24033,9895
24033,16670
24034,16403
24034,16464
24035,575
24035,1590
24036,16464
24036,22621
24037,9621
24037,14380
24038,18698
24038,25042
24039,21069
24039,21086
24040,22
24040,2314
24040,3566
24040,7766
24041,853
24041,26906
24042,22945
24042,23164
24043,30807
24043,31426
24043,31427
24043,31450
24044,5754
24044,6567
24045,3640
24045,7173
24046,364
24046,2852
24047,364
24047,2852
24048,14991
24048,22873
24049,2778
24049,9689
24050,27397
24050,27403
24051,12094
24051,12162
24051,18089
24052,21069
24052,21086
24053,23538
24053,24279
24054,6628
24054,13445
24055,4106
24055,5452
24056,9497
24056,9501
24057,25622
24057,26200
24058,23765
24058,24455
24059,3488
24059,7405
24060,1173
24060,26060
24061,29982
24061,31425
24062,4456
24062,6416
24063,3117
24063,11285
24064,1920
24064,11200
24065,6458
24065,6460
24066,227
24066,16889
24067,7045
24067,19861
24068,579
24068,4193
24069,24750
24069,30049
24070,11234
24070,22274
24071,25553
24071,25930
24072,3869
24072,25093
24073,1055
24073,1056
24074,6458
24074,6460
24075,7960
24075,8261
24076,23671
24076,25033
24077,6718
24077,6719
24078,7208
24078,7302
24079,29241
24079,29673
24080,11677
24080,11972
24081,11677
24081,11972
24082,5395
24082,5782
24083,284
24083,288
24084,364
24084,2852
24085,2268
24085,2304
24086,3306
24086,27878
24087,364
24087,2852
24088,364
24088,2852
24089,364
24089,2852
24090,364
24090,2852
24091,364
24091,2852
24092,364
24092,2852
24093,364
24093,2852
24094,364
24094,2852
24095,364
24095,2852
24096,364
24096,2852
24097,364
24097,2852
24098,364
24098,2852
24099,364
24099,2852
24100,364
24100,2852
24101,364
24101,2852
24102,9687
24102,16444
24103,25356
24103,29629
24104,25356
24104,29629
24105,25356
24105,29629
24106,25356
24106,29629
24107,25356
24107,29629
24108,25356
24108,29629
24109,15039
24109,15045
24110,8476
24110,8593
24111,24161
24111,24302
24112,29834
24112,29908
24113,4859
24113,11396
24114,385
24114,386
24115,14852
24115,25402
24116,3954
24116,7200
24117,5797
24117,7025
24118,20601
24118,22423
24119,7110
24119,16288
24120,15619
24120,18561
24121,21924
24121,22833
24122,43
24122,6607
24122,11891
24123,5797
24123,7025
24123,10625
24124,17692
24124,18498
24125,14397
24125,15327
24126,3227
24126,3386
24127,10258
24127,19765
24128,9668
24128,12249
24129,29012
24129,29016
24130,7600
24130,25514
24131,24050
24131,27538
24132,4323
24132,9427
24133,2328
24133,7722
24133,11949
24134,17637
24134,18030
24135,5275
24135,6672
24136,24698
24136,24705
24137,21767
24137,23124
24138,850
24138,14991
24139,138
24139,26462
24140,26575
24140,26645
24141,2033
24141,4204
24142,478
24142,6011
24143,19007
24143,19011
24144,4389
24144,4391
24145,994
24145,3795
24146,5688
24146,14769
24147,17077
24147,17328
24148,2546
24148,11654
24149,5123
24149,16952
24150,5395
24150,5782
24151,5395
24151,5782
24152,677
24152,683
24153,994
24153,3795
24154,1979
24154,10341
24155,3303
24155,3304
24156,24642
24156,27003
24157,2402
24157,2667
24158,2667
24158,3685
24159,227
24159,3375
24159,3376
24160,3375
24160,3376
24161,2402
24161,2667
24162,2667
24162,3685
24163,2402
24163,2667
24164,227
24164,3375
24164,3376
24164,20044
24165,227
24165,3375
24165,20044
24166,227
24166,20044
24167,227
24167,20044
24167,22443
24168,992
24168,1435
24169,14809
24169,18963
24170,14809
24170,18963
24171,8824
24171,21815
24172,5395
24172,5782
24173,10685
24173,12413
24174,1576
24174,18698
24175,5213
24175,18770
24176,992
24176,1435
24177,5443
24177,9389
24178,21480
24178,21768
24179,20601
24179,22423
24180,75
24180,465
24180,3783
24181,22112
24181,23758
24182,1871
24182,2282
24183,4347
24183,6883
24184,24642
24184,27003
24185,1871
24185,2282
24186,7471
24186,8312
24186,8585
24187,157
24187,2033
24187,3898
24188,17606
24188,21489
24189,8574
24189,8764
24190,994
24190,3795
24191,3563
24191,5077
24192,2442
24192,7300
24193,533
24193,7927
24193,7929
24194,8875
24194,16925
24195,3414
24195,4544
24196,7535
24196,27403
24197,1516
24197,8330
24198,8911
24198,15713
24199,1028
24199,1241
24200,59
24200,12564
24201,59
24201,5147
24201,12564
24202,59
24202,5147
24202,12564
24203,4884
24203,19633
24204,994
24204,3795
24205,25
24205,2033
24206,295
24206,14174
24207,292
24207,295
24208,3898
24208,19252
24209,994
24209,3795
24210,181
24210,9130
24211,20800
24211,21495
24212,20800
24212,21495
24213,3566
24213,16687
24213,17256
24213,19810
24214,1463
24214,3990
24215,5395
24215,5782
24216,3722
24216,27907
24217,21782
24217,22353
24218,4389
24218,4391
24219,10971
24219,11032
24219,15805
24220,2314
24220,3566
24220,7045
24221,683
24221,1944
24221,6637
24222,19845
24222,24085
24223,4710
24223,5085
24224,23150
24224,24200
24225,1261
24225,23150
24226,2130
24226,22710
24227,16807
24227,17964
24228,3938
24228,3971
24229,4048
24229,10149
24230,683
24230,6637
24231,8122
24231,17107
24232,17989
24232,17990
24233,8911
24233,15713
24234,8911
24234,15713
24235,5977
24235,6339
24236,19845
24236,24085
24237,10171
24237,13157
24238,13607
24238,16012
24239,12393
24239,17351
24240,12393
24240,17351
24241,17351
24241,23728
24242,12393
24242,17351
24243,12393
24243,17351
24244,5416
24244,8166
24245,4159
24245,7369
24246,5245
24246,9487
24247,5282
24247,7492
24248,2788
24248,6756
24248,13734
24249,9024
24249,16259
24250,685
24250,13907
24251,7535
24251,27403
24252,2336
24252,2755
24253,358
24253,8971
24254,1055
24254,1056
24255,5443
24255,9389
24256,4844
24256,6794
24257,13273
24257,14802
24258,13273
24258,14802
24259,1920
24259,5548
24260,6653
24260,6898
24261,1591
24261,4719
24262,2369
24262,6214
24263,1871
24263,2282
24264,5230
24264,10999
24265,13576
24265,14608
24266,907
24266,1469
24267,2506
24267,7003
24268,6007
24268,12790
24269,6007
24269,8764
24270,21823
24270,21824
24271,20601
24271,22423
24272,1871
24272,2282
24273,1871
24273,10238
24274,1531
24274,3586
24275,8487
24275,19843
24276,7318
24276,20148
24277,1095
24277,21535
24278,23907
24278,24567
24279,27029
24279,28633
24280,1871
24280,2282
24281,5797
24281,7025
24282,5677
24282,27277
24283,5019
24283,5656
24284,13138
24284,20964
24285,13821
24285,14383
24286,200
24286,3292
24287,3869
24287,25093
24288,16555
24288,19603
24289,948
24289,1283
24290,619
24290,12120
24290,14330
24291,15426
24291,15509
24292,10233
24292,10471
24292,20116
24293,601
24293,3063
24294,227
24294,20044
24295,15362
24295,30473
24296,4606
24296,4844
24296,5781
24296,8807
24297,9442
24297,11086
24298,1871
24298,2282
24299,1871
24299,2282
24300,5395
24300,5782
24301,3954
24301,7200
24302,18868
24302,26466
24303,992
24303,1435
24304,992
24304,1435
24305,43
24305,11891
24306,2834
24306,5535
24307,14055
24307,25092
24308,14397
24308,15327
24309,459
24309,2282
24310,15804
24310,15828
24311,4048
24311,10149
24312,25404
24312,25407
24313,9496
24313,20636
24314,1901
24314,2630
24315,1173
24315,21156
24316,5395
24316,5782
24317,10888
24317,23107
24318,3869
24318,25093
24319,3869
24319,25093
24320,13078
24320,13079
24321,5844
24321,6654
24322,8590
24322,16435
24323,265
24323,5200
24324,14230
24324,18303
24325,4417
24325,6207
24326,9497
24326,16078
24327,9497
24327,16078
24328,12398
24328,19136
24329,6689
24329,7137
24330,59
24330,11937
24331,59
24331,7137
24332,59
24332,5147
24332,7162
24333,59
24333,7162
24334,7162
24334,12554
24335,7137
24335,12554
24336,6585
24336,6586
24337,7535
24337,27403
24338,2709
24338,5744
24339,994
24339,3795
24340,11234
24340,22274
24341,11234
24341,22274
24342,25080
24342,25227
24343,2937
24343,7167
24344,2314
24344,3566
24345,7711
24345,22621
24346,4117
24346,6199
24347,4072
24347,6771
24348,14823
24348,16726
24349,14823
24349,16726
24350,4803
24350,7474
24351,14251
24351,14296
24352,12690
24352,25434
24353,918
24353,13051
24354,1748
24354,6422
24355,4045
24355,13077
24356,9689
24356,15348
24357,11907
24357,17207
24358,19845
24358,24085
24359,57
24359,18552
24360,16112
24360,19845
24360,24085
24361,18553
24361,24413
24362,3640
24362,6114
24363,5515
24363,17913
24364,1037
24364,6127
24365,1107
24365,1359
24366,9270
24366,12109
24367,6457
24367,6575
24368,15227
24368,17503
24369,8040
24369,13003
24370,3954
24370,7200
24371,13925
24371,14449
24372,1374
24372,12849
24373,9895
24373,12084
24374,8191
24374,9763
24375,14103
24375,14176
24376,18698
24376,21767
24377,7
24377,8
24378,5395
24378,5782
24379,994
24379,3795
24380,10642
24380,14003
24381,5395
24381,5782
24382,27888
24382,28016
24383,1560
24383,1573
24384,11677
24384,11972
24385,108
24385,3365
24386,478
24386,6011
24387,11000
24387,11256
24388,994
24388,3795
24389,5137
24389,14820
24390,3459
24390,23719
24391,10053
24391,11435
24392,19845
24392,24085
24393,1531
24393,3586
24394,23023
24394,23669
24395,1531
24395,3586
24396,5126
24396,6125
24397,7214
24397,20169
24398,8682
24398,8769
24399,11450
24399,15020
24400,3373
24400,20116
24401,9739
24401,16778
24402,1095
24402,21535
24403,15619
24403,22578
24404,4371
24404,7567
24405,29012
24405,29016
24406,28434
24406,28443
24407,1531
24407,3586
24408,13576
24408,14850
24409,13429
24409,13478
24410,7214
24410,20169
24411,16778
24411,22715
24412,16778
24412,23696
24413,14397
24413,15327
24414,459
24414,2282
24415,12574
24415,16993
24416,12979
24416,17855
24417,6089
24417,10138
24418,5109
24418,8673
24419,13769
24419,14029
24420,2380
24420,9611
24421,1662
24421,3553
24421,7328
24422,1536
24422,19170
24422,19324
24423,23023
24423,23669
24424,23023
24424,23669
24425,23023
24425,23669
24426,8229
24426,16288
24427,662
24427,1960
24428,8721
24428,21666
24429,21100
24429,25773
24430,29012
24430,29016
24431,21375
24431,27762
24432,994
24432,3795
24433,18601
24433,20258
24434,11356
24434,27035
24435,2827
24435,2889
24436,22583
24436,22584
24437,22714
24437,22717
24437,22726
24438,14829
24438,15469
24439,2033
24439,9226
24440,3035
24440,7186
24441,388
24441,16919
24442,11224
24442,16425
24443,16979
24443,27174
24444,29241
24444,29673
24445,10034
24445,29591
24446,11234
24446,22274
24447,1173
24447,10888
24448,22121
24448,22621
24449,17160
24449,17438
24450,2511
24450,3623
24451,14458
24451,14490
24452,10805
24452,11249
24453,23558
24453,28720
24454,4788
24454,6792
24455,3208
24455,4284
24456,1491
24456,4504
24457,1491
24457,4504
24458,2396
24458,7237
24459,8177
24459,8322
24460,994
24460,3795
24461,5123
24461,11879
24462,8040
24462,13003
24463,20800
24463,21495
24464,1758
24464,14489
24465,17277
24465,22796
24466,26914
24466,27562
24467,989
24467,7732
24468,26189
24468,27057
24469,1531
24469,3586
24470,1688
24470,5541
24470,5664
24471,5123
24471,5159
24472,26625
24472,26633
24473,4048
24473,10149
24474,994
24474,3795
24475,2033
24475,10442
24476,8084
24476,10171
24476,19128
24477,1560
24477,1573
24478,27054
24478,27290
24479,5888
24479,6063
24480,3665
24480,3909
24481,342
24481,343
24482,6137
24482,6138
24483,13789
24483,14265
24484,1871
24484,2282
24485,2808
24485,4444
24486,324
24486,7005
24487,2197
24487,30581
24488,3798
24488,13353
24489,9455
24489,10542
24490,483
24490,12729
24491,1871
24491,2282
24492,1871
24492,2282
24493,384
24493,5977
24494,5209
24494,8301
24495,1591
24495,1592
24496,9422
24496,13680
24497,2396
24497,7237
24498,23789
24498,23796
24499,14991
24499,22873
24500,2197
24500,30581
24501,23264
24501,23265
24502,75
24502,8593
24503,994
24503,3795
24504,18045
24504,29368
24505,236
24505,4280
24506,7208
24506,7302
24507,7603
24507,16515
24508,29241
24508,29673
24509,4837
24509,7200
24510,3954
24510,4837
24510,6059
24510,7200
24511,3954
24511,4837
24512,7200
24512,17085
24513,4837
24513,24956
24514,24956
24514,29137
24515,7535
24515,10013
24516,9435
24516,10711
24516,11452
24517,6931
24517,7233
24517,20623
24517,23542
24518,5969
24518,27023
24519,5421
24519,7278
24520,459
24520,1386
24521,24210
24521,24226
24522,12393
24522,17351
24523,2537
24523,7749
24524,7766
24524,8593
24525,12209
24525,19014
24526,2576
24526,7604
24527,10263
24527,11217
24527,22168
24528,12398
24528,19136
24529,9497
24529,9687
24529,10242
24529,11250
24529,21961
24530,11827
24530,12244
24531,11234
24531,22274
24532,11011
24532,12163
24533,60
24533,23438
24534,29449
24534,30935
24535,2827
24535,2889
24536,1336
24536,5497
24537,14103
24537,14176
24538,6589
24538,26062
24539,5443
24539,9389
24540,17756
24540,18432
24541,29280
24541,29296
24542,8312
24542,8585
24543,5123
24543,5159
24544,5123
24544,22849
24545,1394
24545,1456
24546,16633
24546,18752
24547,1705
24547,14541
24548,8626
24548,28985
24549,6137
24549,6138
24550,15362
24550,30473
24551,16807
24551,17964
24552,7208
24552,7302
24553,7208
24553,7302
24554,7208
24554,7302
24555,3145
24555,7302
24556,7208
24556,7696
24557,7208
24557,7302
24558,7302
24558,7696
24559,3145
24559,14808
24559,21291
24560,22983
24560,22986
24561,8715
24561,9099
24561,10280
24562,8715
24562,9099
24562,10376
24563,9529
24563,9667
24564,14829
24564,15469
24565,8040
24565,13003
24566,1022
24566,17395
24567,1022
24567,17395
24568,2740
24568,14270
24569,359
24569,2740
24570,359
24570,2740
24571,4220
24571,14270
24572,359
24572,12850
24573,359
24573,2740
24574,359
24574,2740
24575,2827
24575,2889
24576,4048
24576,10149
24577,1871
24577,2282
24578,8073
24578,9040
24579,992
24579,1435
24580,15303
24580,15886
24581,8990
24581,15963
24582,993
24582,3830
24583,3798
24583,8142
24584,18045
24584,29368
24584,29396
24585,6653
24585,15607
24586,3563
24586,12298
24587,11851
24587,12536
24588,11234
24588,15514
24589,579
24589,4193
24590,579
24590,4193
24591,579
24591,4193
24592,6457
24592,9331
24593,6457
24593,9331
24594,1184
24594,16240
24595,3954
24595,7200
24596,59
24596,5147
24597,3954
24597,7200
24598,907
24598,1469
24599,2079
24599,9084
24600,2134
24600,3750
24601,8837
24601,19494
24602,1602
24602,2058
24603,3954
24603,4837
24604,13078
24604,13079
24605,23157
24605,27031
24606,14675
24606,27545
24607,27031
24607,28566
24608,989
24608,7732
24609,8715
24609,9099
24609,10376
24610,359
24610,2740
24611,22346
24611,29376
24612,181
24612,9130
24613,3954
24613,7200
24614,8040
24614,13003
24615,245
24615,2033
24616,9411
24616,10405
24617,9411
24617,10405
24618,8660
24618,9484
24619,6499
24619,7143
24620,3861
24620,6125
24621,6125
24621,7781
24622,581
24622,16435
24623,12636
24623,12746
24624,5977
24624,6339
24625,14608
24625,14850
24626,1585
24626,19973
24627,2314
24627,3566
24627,8347
24628,22
24628,2314
24629,1055
24629,1056
24630,10793
24630,14446
24631,10793
24631,14446
24632,10793
24632,14446
24633,3954
24633,4837
24633,7200
24634,6458
24634,6460
24635,24207
24635,24210
24636,4048
24636,10149
24637,643
24637,9419
24638,2314
24638,3566
24639,2314
24639,3566
24640,2681
24640,3551
24640,14196
24641,18345
24641,27876
24642,15646
24642,28431
24643,8501
24643,13426
24644,22
24644,2314
24645,479
24645,2622
24646,16374
24646,17187
24646,18895
24647,994
24647,3795
24648,20800
24648,21495
24649,20800
24649,21495
24650,4159
24650,5282
24651,3076
24651,13813
24652,3861
24652,4675
24653,4396
24653,8741
24654,1093
24654,1460
24655,16587
24655,30047
24656,7471
24656,8312
24657,579
24657,4193
24658,579
24658,4193
24659,579
24659,4193
24660,5844
24660,6654
24661,5443
24661,9389
24662,4142
24662,6775
24663,13078
24663,13079
24664,11990
24664,13641
24665,9595
24665,9638
24666,8574
24666,8764
24667,14169
24667,17549
24668,1558
24668,2019
24669,627
24669,1931
24670,1417
24670,2707
24671,643
24671,9419
24672,4159
24672,5282
24673,4308
24673,4439
24674,4844
24674,6794
24675,2526
24675,11696
24676,2526
24676,30129
24677,14607
24677,17039
24678,994
24678,3795
24679,11700
24679,12360
24680,1055
24680,1056
24681,3780
24681,3800
24682,5797
24682,7025
24683,6566
24683,15934
24684,18628
24684,18856
24685,4289
24685,8868
24686,2033
24686,10084
24687,13448
24687,15643
24688,6954
24688,7414
24689,992
24689,1435
24690,6007
24690,8764
24691,8673
24691,21332
24692,17237
24692,17247
24693,7184
24693,31238
24694,2033
24694,9226
24695,19845
24695,24085
24696,3954
24696,7200
24697,22461
24697,22635
24698,2827
24698,2889
24699,8040
24699,13003
24700,17277
24700,21143
24701,2827
24701,2889
24702,2827
24702,2889
24703,6457
24703,9331
24704,994
24704,3795
24705,5123
24705,11879
24706,20800
24706,21495
24707,26914
24707,27562
24708,2328
24708,9916
24709,5920
24709,12507
24710,20800
24710,21495
24711,26914
24711,27562
24712,2827
24712,2889
24713,1591
24713,9331
24714,2145
24714,4036
24715,15804
24715,15828
24716,6095
24716,9038
24717,989
24717,7732
24718,1374
24718,8344
24718,9421
24719,27834
24719,28422
24720,5781
24720,7705
24721,2569
24721,7110
24721,8229
24721,16288
24722,1563
24722,24052
24723,9452
24723,11398
24724,1920
24724,20067
24725,5228
24725,8220
24726,14720
24726,16434
24727,7535
24727,8191
24728,5054
24728,5973
24728,16508
24729,15599
24729,16907
24730,1048
24730,23471
24731,479
24731,2622
24732,11739
24732,11741
24733,3375
24733,3376
24734,3375
24734,3376
24735,6842
24735,6904
24736,483
24736,4217
24737,2456
24737,16085
24738,992
24738,1435
24739,24173
24739,24243
24740,994
24740,3795
24741,3954
24741,7200
24742,5123
24742,11879
24743,5920
24743,12507
24744,8040
24744,13003
24745,1107
24745,2511
24746,11739
24746,11741
24747,5188
24747,10243
24748,17220
24748,20208
24749,19675
24749,19677
24750,9687
24750,27933
24751,4159
24751,5282
24752,992
24752,1435
24753,3488
24753,7405
24754,9496
24754,20636
24755,11739
24755,11741
24756,8380
24756,13984
24757,10538
24757,12292
24758,1073
24758,6395
24758,7792
24758,15260
24758,17814
24759,7792
24759,15260
24760,1531
24760,3586
24761,9211
24761,16140
24762,17989
24762,17990
24763,6713
24763,15982
24764,28282
24764,29629
24765,22425
24765,28945
24766,1438
24766,7255
24767,5123
24767,5159
24768,598
24768,9948
24769,11336
24769,13117
24770,20972
24770,21965
24771,994
24771,2033
24772,21597
24772,27150
24773,6036
24773,6322
24774,6412
24774,20777
24775,11234
24775,22274
24776,6412
24776,20777
24777,16403
24777,16464
24778,907
24778,2498
24779,4142
24779,6775
24780,2314
24780,3566
24781,1491
24781,4504
24782,18736
24782,19503
24783,6412
24783,20777
24784,4159
24784,5282
24785,12171
24785,21195
24786,29982
24786,31425
24787,14000
24787,14002
24787,20622
24788,9501
24788,11337
24789,6412
24789,20777
24790,14261
24790,14309
24790,18244
24791,14261
24791,14309
24792,11336
24792,13117
24793,11336
24793,13117
24794,11336
24794,13117
24795,11336
24795,13117
24796,11336
24796,13117
24797,11336
24797,13117
24798,11336
24798,13117
24799,11256
24799,11362
24800,6718
24800,7173
24801,10151
24801,10152
24802,17879
24802,19584
24803,3713
24803,7140
24804,2033
24804,2270
24805,3346
24805,7574
24806,2827
24806,2889
24807,8775
24807,9571
24808,25158
24808,28691
24809,16262
24809,19080
24810,994
24810,3795
24811,292
24811,295
24812,14050
24812,15644
24813,1758
24813,14489
24814,16978
24814,29236
24815,1531
24815,3586
24816,5945
24816,17579
24817,5781
24817,15334
24818,12879
24818,13172
24819,7214
24819,20169
24820,9474
24820,10536
24821,1417
24821,2707
24822,14209
24822,15860
24823,12841
24823,16875
24824,994
24824,3795
24825,5688
24825,14769
24826,994
24826,3795
24827,14991
24827,22873
24828,994
24828,3795
24829,994
24829,3795
24830,994
24830,3795
24831,1991
24831,11809
24832,994
24832,3795
24833,1991
24833,11809
24834,3954
24834,7200
24835,694
24835,699
24836,694
24836,699
24837,694
24837,699
24838,694
24838,699
24839,694
24839,699
24840,694
24840,699
24841,3954
24841,7200
24842,5888
24842,27977
24843,2412
24843,10494
24844,17274
24844,25042
24845,8312
24845,8585
24846,11424
24846,12355
24847,11424
24847,12355
24848,9470
24848,11424
24849,11424
24849,12355
24850,11424
24850,12355
24851,11424
24851,12355
24852,11424
24852,12355
24853,11424
24853,12355
24854,9470
24854,11424
24854,12355
24855,27243
24855,27449
24856,12849
24856,16637
24857,869
24857,1154
24857,3495
24857,4655
24858,5209
24858,8301
24859,4142
24859,6775
24860,5144
24860,8247
24861,5123
24861,13386
24862,13628
24862,16377
24863,10263
24863,15230
24864,6036
24864,7706
24864,13300
24865,7280
24865,15925
24866,15477
24866,22448
24867,4837
24867,7200
24868,4837
24868,7200
24869,3954
24869,7200
24870,3954
24870,7200
24871,3954
24871,7200
24872,3160
24872,8905
24873,3954
24873,7200
24874,24956
24874,29137
24875,6036
24875,6322
24876,1055
24876,1056
24877,7208
24877,7302
24878,7208
24878,7302
24879,7208
24879,7302
24880,12398
24880,19136
24881,6036
24881,6322
24882,8177
24882,8322
24883,2827
24883,2889
24884,9916
24884,10720
24884,10737
24885,8769
24885,10570
24886,5920
24886,12507
24887,8040
24887,13003
24888,19574
24888,19585
24889,6095
24889,9038
24890,20800
24890,21495
24891,26794
24891,28957
24892,8177
24892,8322
24893,1591
24893,1592
24894,8040
24894,13003
24895,20800
24895,21495
24896,1024
24896,9270
24897,8040
24897,13003
24898,6095
24898,9038
24899,8769
24899,10570
24900,3954
24900,7200
24901,6214
24901,7722
24902,13494
24902,16280
24903,3954
24903,4837
24903,7200
24904,9005
24904,17258
24905,2197
24905,30581
24906,14995
24906,14996
24907,579
24907,4193
24908,579
24908,4193
24909,579
24909,4193
24910,579
24910,4193
24911,579
24911,4193
24912,579
24912,4193
24913,4193
24913,8149
24914,579
24914,4193
24915,579
24915,4193
24916,579
24916,4193
24917,579
24917,4193
24918,579
24918,4193
24919,4193
24919,8149
24920,579
24920,4193
24921,17989
24921,17990
24922,14380
24922,26535
24923,6363
24923,7556
24924,16305
24924,17139
24925,3672
24925,13860
24926,19574
24926,19585
24927,14397
24927,14430
24927,28814
24928,2221
24928,5309
24929,17637
24929,17971
24930,1055
24930,1056
24931,1055
24931,1056
24931,1416
24932,3317
24932,7208
24932,7302
24933,3145
24933,7208
24933,7302
24934,9674
24934,15693
24935,7208
24935,12483
24936,5844
24936,6654
24937,6705
24937,28260
24938,27033
24938,29532
24939,18731
24939,22535
24940,7277
24940,7279
24941,5797
24941,7025
24942,5123
24942,13386
24943,7208
24943,7302
24944,3145
24944,14808
24944,22631
24945,29241
24945,29673
24946,26425
24946,31020
24946,31021
24947,22778
24947,22902
24948,23477
24948,25184
24949,2681
24949,3551
24949,14196
24950,5888
24950,27977
24951,7208
24951,7302
24952,11250
24952,11258
24953,3429
24953,6812
24954,11084
24954,22216
24955,3145
24955,21292
24956,7045
24956,19861
24957,125
24957,998
24958,9689
24958,18722
24959,1173
24959,10888
24960,2130
24960,22710
24961,1055
24961,1056
24962,1491
24962,4504
24963,7133
24963,8476
24964,11234
24964,22274
24965,683
24965,6637
24966,13078
24966,13079
24967,6803
24967,7015
24968,1873
24968,9230
24968,17114
24969,6519
24969,17475
24970,1004
24970,8874
24970,11396
24970,12368
24971,10475
24971,18566
24972,5843
24972,18642
24973,1430
24973,13963
24973,15770
24974,17609
24974,24845
24975,8312
24975,8585
24976,23907
24976,24567
24977,13078
24977,13079
24978,3954
24978,7200
24979,13061
24979,13953
24980,5188
24980,7163
24981,12409
24981,20448
24982,2456
24982,16085
24983,22675
24983,23520
24984,22675
24984,23520
24985,23907
24985,24567
24986,23907
24986,24567
24987,23907
24987,24567
24988,133
24988,14787
24989,19530
24989,19545
24990,7208
24990,7302
24991,7208
24991,7302
24991,7696
24991,10202
24992,3145
24992,7208
24992,7302
24992,10202
24993,7302
24993,9124
24993,12483
24994,7208
24994,7302
24995,21767
24995,23124
24995,24477
24996,20800
24996,21495
24997,4048
24997,10149
24998,6842
24998,6904
24999,3954
24999,4837
25000,4837
25000,7200
25001,4837
25001,7200
25002,3954
25002,4837
25002,7200
25003,3954
25003,7200
25004,694
25004,699
25005,1585
25005,1608
25006,11310
25006,29906
25007,9859
25007,31056
25008,3954
25008,7200
25009,364
25009,2852
25010,12629
25010,29772
25011,2314
25011,5370
25012,4048
25012,10149
25013,23765
25013,24455
25014,5123
25014,5159
25015,14209
25015,15860
25016,23765
25016,24455
25017,4145
25017,4253
25018,28223
25018,28246
25019,1516
25019,1954
25020,5970
25020,6393
25021,5970
25021,9217
25022,5970
25022,9217
25023,5970
25023,9217
25024,1758
25024,14489
25025,292
25025,295
25026,1871
25026,2282
25027,1371
25027,8390
25028,17910
25028,18046
25029,20601
25029,22423
25030,23907
25030,24567
25031,2402
25031,3685
25032,1634
25032,2134
25033,2954
25033,19715
25034,7722
25034,7972
25035,3640
25035,8043
25036,75
25036,7766
25036,8593
25037,4145
25037,4209
25038,27304
25038,28550
25039,9895
25039,12084
25040,4837
25040,7200
25041,14991
25041,22873
25042,7045
25042,19861
25043,4045
25043,15481
25043,16315
25044,5970
25044,11005
25045,8350
25045,11941
25046,175
25046,12295
25047,29449
25047,30935
25048,10107
25048,10263
25048,17123
25049,1585
25049,3503
25050,4837
25050,7200
25051,994
25051,3795
25052,2827
25052,2889
25053,5920
25053,12507
25054,12507
25054,17908
25055,20800
25055,21495
25056,14397
25056,14430
25056,28814
25057,24642
25057,27003
25058,9854
25058,12304
25059,994
25059,3795
25060,994
25060,3795
25061,13821
25061,14383
25062,10053
25062,11435
25063,837
25063,10412
25064,837
25064,10412
25065,837
25065,10412
25066,145
25066,189
25067,1516
25067,1954
25068,2827
25068,2889
25069,13250
25069,26984
25070,2773
25070,4787
25071,227
25071,7722
25072,14740
25072,17593
25073,25
25073,4787
25074,7722
25074,11949
25075,994
25075,3795
25076,918
25076,13476
25077,7722
25077,13896
25078,17637
25078,17971
25079,22362
25079,28414
25080,19466
25080,26862
25081,2827
25081,2889
25082,24642
25082,27003
25083,14209
25083,15860
25084,5130
25084,6831
25085,994
25085,3795
25086,6095
25086,9038
25087,8540
25087,25379
25088,20124
25088,31389
25089,1591
25089,1592
25090,4048
25090,10149
25091,2584
25091,7200
25091,13974
25092,3470
25092,11514
25093,3798
25093,8142
25094,743
25094,7376
25095,18880
25095,19891
25096,11739
25096,11741
25097,4045
25097,15481
25098,2729
25098,19035
25099,7184
25099,10303
25100,8724
25100,11263
25101,43
25101,6607
25102,14829
25102,15469
25103,16858
25103,16876
25104,1599
25104,6789
25105,6862
25105,7131
25106,8929
25106,16260
25107,11739
25107,11741
25108,5123
25108,5159
25109,10362
25109,25773
25110,2288
25110,2314
25110,3729
25111,22
25111,5370
25112,3222
25112,3428
25113,4448
25113,29030
25114,11268
25114,24885
25115,23907
25115,24567
25116,23907
25116,24567
25117,7507
25117,7767
25118,994
25118,3795
25119,19845
25119,24085
25120,11151
25120,28177
25121,77
25121,13708
25122,14261
25122,15211
25123,14686
25123,22699
25124,227
25124,3375
25124,20044
25125,18589
25125,18619
25126,4719
25126,5784
25127,13345
25127,14597
25128,2278
25128,10523
25129,3954
25129,7200
25130,16403
25130,16464
25131,14829
25131,15469
25132,3640
25132,6719
25133,2511
25133,7682
25134,2767
25134,14270
25135,14607
25135,17303
25136,14829
25136,15469
25137,14000
25137,20622
25138,21961
25138,21976
25139,6718
25139,7173
25140,4374
25140,8476
25141,21961
25141,21976
25142,994
25142,3795
25143,2033
25143,2270
25144,994
25144,3795
25145,1591
25145,6901
25146,7838
25146,9389
25147,11748
25147,13144
25148,108
25148,11174
25149,108
25149,11174
25150,9778
25150,10476
25151,9778
25151,10476
25152,8086
25152,9778
25153,9778
25153,10476
25154,9778
25154,10476
25155,1167
25155,22279
25156,240
25156,1167
25157,240
25157,1167
25158,240
25158,1167
25159,240
25159,22279
25160,240
25160,1167
25160,22279
25161,2456
25161,16085
25162,2402
25162,2667
25163,2402
25163,2667
25164,2402
25164,2667
25165,2402
25165,2667
25166,994
25166,3795
25167,19845
25167,24085
25168,5301
25168,13003
25169,9496
25169,20636
25170,11041
25170,12884
25171,459
25171,1386
25172,10151
25172,10152
25173,11987
25173,17883
25174,1167
25174,17883
25175,16378
25175,24706
25176,5126
25176,6794
25177,18885
25177,22064
25178,4177
25178,4451
25179,23342
25179,24995
25180,7113
25180,8406
25181,2788
25181,13734
25182,1467
25182,9253
25183,13179
25183,13362
25183,13729
25183,13733
25184,26506
25184,26523
25185,13660
25185,14293
25186,3459
25186,16677
25187,4371
25187,7567
25188,459
25188,7612
25189,575
25189,3146
25190,353
25190,8192
25190,10150
25191,9674
25191,10150
25192,6496
25192,13546
25192,16868
25192,24841
25193,165
25193,5579
25194,165
25194,6862
25195,165
25195,22664
25196,165
25196,22664
25197,165
25197,6862
25198,165
25198,6862
25198,22664
25199,6862
25199,22664
25200,6862
25200,22664
25201,6862
25201,22664
25202,165
25202,22664
25203,5888
25203,7426
25204,4732
25204,7902
25205,955
25205,2282
25206,8537
25206,11987
25207,1105
25207,5985
25208,544
25208,19675
25209,554
25209,1463
25210,18031
25210,24622
25211,3600
25211,8938
25212,5037
25212,10084
25213,5838
25213,12012
25214,4392
25214,5329
25214,7426
25215,7208
25215,7302
25216,2576
25216,7604
25217,7208
25217,7302
25218,7208
25218,7302
25219,7208
25219,7302
25220,10084
25220,10356
25221,7045
25221,14521
25221,19861
25222,16061
25222,19450
25223,9895
25223,12084
25224,27834
25224,28422
25225,7535
25225,27431
25226,4159
25226,5282
25227,7766
25227,8595
25228,200
25228,3186
25229,994
25229,3795
25230,994
25230,3795
25230,3798
25231,25
25231,181
25231,9130
25232,2270
25232,7252
25233,181
25233,9130
25234,1591
25234,2270
25235,2033
25235,5656
25236,1979
25236,10356
25237,2154
25237,8479
25238,2369
25238,6575
25238,11314
25239,8242
25239,9358
25240,5123
25240,11879
25241,10356
25241,15298
25242,5920
25242,12507
25243,8040
25243,13003
25244,4389
25244,4391
25245,5688
25245,8191
25246,15804
25246,15828
25247,1758
25247,14489
25248,9897
25248,13685
25249,23765
25249,24455
25250,3102
25250,9405
25251,11262
25251,14313
25252,26914
25252,27562
25253,18198
25253,19401
25254,1591
25254,2511
25255,196
25255,409
25256,459
25256,7612
25257,2761
25257,4876
25258,11336
25258,14328
25259,11083
25259,11161
25260,90
25260,10796
25261,2160
25261,18436
25262,7045
25262,19861
25263,4196
25263,14704
25264,24642
25264,27003
25265,26975
25265,28132
25266,26975
25266,28132
25267,1173
25267,10888
25268,15845
25268,16968
25269,15845
25269,16968
25270,9629
25270,9639
25271,26328
25271,26538
25272,7140
25272,23765
25272,24455
25273,1107
25273,7426
25274,4511
25274,18095
25275,1386
25275,7278
25276,22715
25276,22725
25277,12841
25277,16875
25278,10805
25278,11249
25279,14829
25279,15469
25280,385
25280,386
25281,2827
25281,2889
25282,11739
25282,11741
25283,7122
25283,7722
25284,478
25284,6011
25285,17844
25285,23231
25286,4567
25286,16230
25287,5803
25287,8004
25288,3508
25288,3645
25289,2771
25289,2803
25290,1585
25290,6855
25291,3954
25291,4837
25291,7200
25292,359
25292,2740
25293,7089
25293,9790
25294,10494
25294,10569
25295,4389
25295,4391
25296,24651
25296,24786
25297,313
25297,11800
25298,1871
25298,2282
25299,11234
25299,22274
25300,14209
25300,15860
25301,6095
25301,19375
25302,2827
25302,2889
25303,145
25303,189
25304,18279
25304,20248
25305,2431
25305,6493
25306,1591
25306,7836
25307,2827
25307,2889
25308,3954
25308,7200
25309,1591
25309,1592
25310,5123
25310,11879
25311,8040
25311,13003
25312,19574
25312,19585
25313,20800
25313,21495
25314,1591
25314,7836
25315,2827
25315,2889
25316,5123
25316,11879
25317,20800
25317,21495
25318,5972
25318,6798
25319,2130
25319,22710
25320,2147
25320,2149
25321,6057
25321,15658
25322,6480
25322,27011
25323,28456
25323,29128
25324,4347
25324,6883
25325,24642
25325,27003
25326,3180
25326,9864
25327,14814
25327,14979
25328,27986
25328,28054
25329,5296
25329,7162
25330,21531
25330,21636
25331,2336
25331,2755
25332,3346
25332,6104
25333,2755
25333,16860
25334,3346
25334,4146
25335,19845
25335,24085
25336,19845
25336,24085
25337,19845
25337,24085
25338,12209
25338,19014
25339,4563
25339,20572
25340,7288
25340,10263
25341,15746
25341,17069
25342,11224
25342,16425
25343,16807
25343,17964
25344,25350
25344,25703
25345,4048
25345,10149
25346,5390
25346,9763
25347,8040
25347,13003
25348,8191
25348,9763
25349,12505
25349,15040
25349,17350
25350,27003
25350,31048
25351,4417
25351,6207
25352,25
25352,2033
25353,4308
25353,4439
25354,4308
25354,4439
25355,227
25355,18050
25356,18782
25356,22984
25357,2
25357,221
25358,17844
25358,23231
25359,2827
25359,2889
25360,5123
25360,5159
25361,5639
25361,10715
25362,2709
25362,4011
25363,7960
25363,8261
25364,27949
25364,31588
25365,22983
25365,22986
25366,579
25366,4193
25366,11884
25367,822
25367,26927
25368,4031
25368,11295
25369,9474
25369,10536
25370,3222
25370,3428
25371,17783
25371,18052
25372,4048
25372,10149
25373,2827
25373,2889
25374,57
25374,8191
25375,8088
25375,8191
25376,478
25376,8995
25377,3731
25377,14607
25378,8191
25378,15362
25379,14607
25379,16677
25380,8191
25380,14607
25381,18194
25381,18863
25382,22
25382,2314
25383,16677
25383,18060
25384,8191
25384,16677
25385,8191
25385,16677
25385,20027
25386,10955
25386,20027
25387,8191
25387,16677
25387,20027
25388,16677
25388,20027
25389,16677
25389,20027
25390,8191
25390,16677
25390,20027
25391,8191
25391,16677
25392,8191
25392,16677
25393,8191
25393,16677
25394,8191
25394,16677
25395,8191
25395,20027
25396,8191
25396,20027
25397,8191
25397,16677
25397,20027
25398,8191
25398,16677
25398,20027
25399,8191
25399,16677
25400,16677
25400,20027
25401,8191
25401,16677
25402,8191
25402,16677
25402,20027
25403,8191
25403,16677
25404,13120
25404,16677
25405,14607
25405,22321
25406,1634
25406,3005
25407,14607
25407,16677
25408,3954
25408,17085
25409,1634
25409,24210
25410,28748
25410,31153
25411,1585
25411,1608
25412,992
25412,5781
25412,13034
25413,3954
25413,7200
25414,43
25414,6607
25415,15303
25415,15886
25416,29012
25416,29016
25417,1585
25417,1608
25418,11739
25418,11741
25419,27553
25419,31201
25420,12094
25420,17171
25421,1634
25421,2134
25422,1173
25422,10888
25423,3665
25423,3762
25424,6732
25424,13176
25425,2511
25425,4502
25425,13176
25426,4502
25426,13176
25427,13176
25427,18142
25428,4502
25428,18142
25429,4502
25429,22994
25430,4502
25430,22994
25431,3971
25431,6125
25432,4240
25432,9265
25433,11234
25433,22274
25434,6412
25434,20777
25435,15297
25435,25472
25436,24642
25436,27003
25437,3954
25437,7200
25438,3569
25438,9454
25439,3569
25439,9454
25440,1105
25440,7766
25440,9454
25441,7919
25441,10805
25441,11249
25442,3954
25442,7200
25443,8312
25443,8585
25444,13273
25444,14802
25445,2359
25445,6792
25446,295
25446,3798
25447,3722
25447,27907
25448,13446
25448,17427
25449,265
25449,3146
25450,401
25450,6503
25451,157
25451,7722
25452,157
25452,7722
25453,22
25453,2314
25454,4389
25454,4391
25455,22778
25455,22902
25456,8191
25456,9763
25457,1920
25457,20387
25458,2778
25458,9689
25459,5123
25459,6575
25459,11879
25460,5123
25460,5159
25461,13078
25461,13079
25462,8868
25462,12155
25463,12841
25463,16875
25464,7326
25464,7766
25465,6931
25465,7233
25465,20623
25466,3751
25466,8278
25467,4816
25467,6874
25467,8039
25468,3971
25468,6125
25469,23386
25469,24846
25469,26348
25470,23386
25470,26348
25471,29494
25471,29588
25472,643
25472,3146
25473,7045
25473,19861
25474,7045
25474,19861
25475,7832
25475,11686
25476,7838
25476,12393
25476,17351
25477,16931
25477,16957
25478,1491
25478,4504
25479,8837
25479,20027
25480,7960
25480,8261
25481,6842
25481,6904
25482,8952
25482,10624
25483,517
25483,3001
25484,9961
25484,18212
25485,12172
25485,17969
25486,5570
25486,17908
25487,9042
25487,19432
25488,1735
25488,20115
25489,10345
25489,20067
25490,8811
25490,13377
25490,19421
25491,18633
25491,21865
25492,15551
25492,19625
25493,20576
25493,21665
25494,2359
25494,21665
25495,4477
25495,18234
25495,21665
25495,21938
25496,5311
25496,12042
25497,3459
25497,7722
25497,12366
25497,21956
25498,51
25498,5688
25498,21665
25499,2316
25499,9444
25499,19222
25499,19567
25499,20904
25500,3306
25500,6168
25500,8191
25500,14446
25500,21066
25500,21316
25500,21622
25500,21956
25501,16718
25501,18530
25501,19574
25501,19585
25502,6912
25502,16925
25502,20576
25503,5458
25503,6763
25503,8726
25503,22155
25504,2995
25504,10670
25504,12042
25504,18016
25504,18549
25505,3124
25505,16698
25505,20576
25506,14991
25506,16925
25507,2861
25507,12042
25508,6168
25508,15262
25509,8166
25509,18534
25510,7537
25510,14991
25511,9444
25511,15596
25512,8084
25512,12111
25512,14991
25512,20576
25513,4220
25513,18426
25513,21143
25514,4125
25514,16382
25514,19026
25515,14991
25515,20576
25516,17622
25516,22473
25516,22611
25516,22814
25517,657
25517,3375
25517,12136
25518,6672
25518,20576
25519,20425
25519,21316
25519,21956
25520,9003
25520,21105
25520,23077
25521,1920
25521,21143
25522,8974
25522,8976
25523,4220
25523,13952
25523,14991
25523,20528
25523,20576
25523,22244
25523,22557
25523,22873
25524,19815
25524,22582
25525,1560
25525,4544
25525,8900
25525,15262
25525,22628
25526,11662
25526,16972
25527,1842
25527,19340
25528,9003
25528,11336
25528,12677
25528,13117
25529,3459
25529,13944
25530,2634
25530,12953
25530,16638
25530,18877
25530,23418
25531,15804
25531,15828
25532,238
25532,9573
25532,10356
25532,13518
25532,15711
25532,17593
25533,4036
25533,18634
25534,9003
25534,10362
25534,14510
25535,16677
25535,23418
25536,1672
25536,21736
25537,79
25537,7306
25537,16382
25537,19340
25538,9580
25538,13813
25539,19294
25539,21335
25540,1991
25540,3459
25540,9432
25541,4430
25541,9737
25541,14510
25541,19294
25541,20672
25541,21335
25541,22046
25541,23296
25542,1173
25542,1794
25542,11964
25542,12084
25542,22646
25543,3737
25543,16299
25543,23418
25544,253
25544,4220
25544,13400
25545,13816
25545,19678
25545,20446
25545,20672
25545,21758
25545,23314
25546,3385
25546,8784
25546,19704
25546,20991
25546,23376
25546,23418
25547,201
25547,208
25547,423
25547,18632
25547,19487
25547,22362
25547,23257
25548,1461
25548,14497
25549,2190
25549,3459
25550,20576
25550,23418
25551,20576
25551,21173
25552,19361
25552,22388
25553,14791
25553,16638
25553,22388
25554,12505
25554,15041
25554,17350
25555,14607
25555,23642
25556,21518
25556,22252
25557,13034
25557,20576
25558,1173
25558,4440
25559,9003
25559,20891
25560,7437
25560,20576
25561,5268
25561,18386
25562,16677
25562,20576
25563,1124
25563,2951
25563,19007
25563,19011
25563,20576
25564,9003
25564,10662
25564,17277
25565,1048
25565,1337
25565,1391
25565,7140
25565,17146
25565,21012
25566,16677
25566,20576
25567,4617
25567,24266
25568,16677
25568,20576
25569,17146
25569,17260
25570,16677
25570,18225
25570,20576
25571,6842
25571,7709
25571,16744
25571,23865
25572,9825
25572,15909
25573,10215
25573,11400
25573,12172
25574,2288
25574,7739
25574,18834
25574,19872
25574,23831
25574,24332
25575,16299
25575,24332
25576,6756
25576,14693
25576,20576
25577,21459
25577,22759
25578,16677
25578,20576
25579,16677
25579,20576
25580,9003
25580,14464
25580,15597
25581,3560
25581,9530
25582,11611
25582,20576
25583,8516
25583,15597
25584,1536
25584,2426
25585,6095
25585,9038
25585,24500
25586,2862
25586,6458
25586,12908
25586,21285
25587,2168
25587,13300
25587,15487
25587,20726
25588,2564
25588,3954
25588,10708
25588,17994
25588,20353
25589,2241
25589,20576
25590,2425
25590,2540
25590,14912
25590,22242
25591,679
25591,14447
25591,24266
25592,487
25592,21271
25593,3459
25593,24266
25594,58
25594,1340
25594,6863
25594,8412
25595,20648
25595,23289
25596,3459
25596,11917
25597,22983
25597,22986
25598,1769
25598,3459
25598,7721
25598,14991
25598,18378
25598,19908
25598,23921
25599,1998
25599,9003
25600,20800
25600,21495
25601,43
25601,1173
25601,3459
25601,14983
25601,20576
25602,2709
25602,17987
25602,20690
25602,21020
25602,23077
25603,10531
25603,16677
25603,20576
25604,3459
25604,9003
25605,16677
25605,20576
25606,17277
25606,21143
25607,16677
25607,20576
25608,8670
25608,13285
25608,23851
25609,20576
25609,24088
25609,24413
25610,3459
25610,10283
25610,11326
25610,11882
25610,18861
25610,21324
25611,16982
25611,17917
25611,23919
25611,24413
25612,7140
25612,11814
25612,14991
25612,23334
25613,16677
25613,20576
25614,13869
25614,20576
25615,1173
25615,21967
25615,25294
25616,694
25616,1842
25617,7038
25617,23765
25617,24455
25618,388
25618,3042
25618,10446
25618,14209
25618,15860
25618,16299
25618,24444
25619,5708
25619,15961
25619,21382
25619,24349
25620,3557
25620,9003
25620,20446
25620,21967
25621,1173
25621,17381
25622,9897
25622,13685
25622,23785
25623,479
25623,2622
25624,9003
25624,21402
25625,6570
25625,24413
25626,21799
25626,22792
25627,1173
25627,23296
25628,1711
25628,4133
25628,12878
25629,18538
25629,23406
25629,25042
25630,6390
25630,7045
25630,8446
25631,2681
25631,17085
25631,20810
25632,1173
25632,14380
25633,6908
25633,9003
25633,25296
25633,25297
25634,1173
25634,5308
25635,8186
25635,19332
25636,1711
25636,3875
25636,4220
25636,17987
25636,23831
25637,31
25637,182
25637,1173
25637,2776
25637,3869
25637,3954
25637,10741
25637,25093
25638,568
25638,16588
25638,25048
25638,25552
25639,9897
25639,22418
25639,25851
25640,4876
25640,9003
25640,12673
25640,25112
25641,9003
25641,9166
25641,18686
25642,6817
25642,20248
25643,16801
25643,25597
25644,12826
25644,23143
25644,26062
25645,1711
25645,23442
25646,8492
25646,26062
25647,1711
25647,18069
25648,3303
25648,3304
25649,9821
25649,16750
25649,23096
25649,26062
25650,7260
25650,17277
25650,26062
25651,1376
25651,17277
25651,21143
25652,1265
25652,17277
25652,21143
25652,22796
25652,25923
25653,14477
25653,24705
25653,25596
25653,26062
25654,17277
25654,22796
25655,1711
25655,24789
25656,26062
25656,26462
25657,10313
25657,26062
25658,994
25658,3795
25659,4048
25659,10149
25660,8040
25660,13003
25661,17277
25661,22796
25662,13918
25662,13964
25663,227
25663,20044
25664,8191
25664,9763
25665,4220
25665,24451
25666,994
25666,3795
25667,20425
25667,21687
25668,20800
25668,21495
25669,20800
25669,21495
25670,9273
25670,24675
25671,1758
25671,14489
25672,4876
25672,23907
25673,7535
25673,27403
25673,27431
25674,7184
25674,10303
25674,10506
25675,4048
25675,10149
25676,258
25676,3847
25677,13576
25677,14747
25677,14850
25677,15130
25678,8769
25678,10570
25679,25909
25679,25936
25680,8191
25680,9763
25681,3569
25681,9454
25682,112
25682,5142
25683,14809
25683,18963
25684,14809
25684,18963
25685,14809
25685,18963
25686,14809
25686,18963
25687,4048
25687,10149
25688,1871
25688,2282
25689,3954
25689,7200
25690,7681
25690,9107
25691,3712
25691,5343
25692,25020
25692,27144
25693,21472
25693,29939
25694,23157
25694,30590
25695,5797
25695,7025
25696,2456
25696,16085
25697,4392
25697,5329
25697,7426
25698,14208
25698,14340
25698,17622
25699,17146
25699,17260
25700,64
25700,294
25701,1291
25701,2511
25702,2668
25702,2971
25703,236
25703,2511
25704,4787
25704,5195
25705,1379
25705,1799
25705,1940
25706,1920
25706,4674
25707,5303
25707,5304
25708,2056
25708,2297
25709,3037
25709,3713
25710,2145
25710,3685
25711,2546
25711,5301
25712,3898
25712,5305
25713,2162
25713,3951
25714,1854
25714,8603
25715,108
25715,2033
25716,1920
25716,8145
25717,10358
25717,11836
25718,12772
25718,13234
25719,7722
25719,11441
25720,2511
25720,2767
25721,4187
25721,12109
25722,2346
25722,2926
25723,3989
25723,4559
25724,7092
25724,9350
25724,16014
25725,5920
25725,12507
25726,227
25726,12247
25727,8084
25727,16120
25728,4502
25728,8997
25729,4389
25729,4391
25730,7722
25730,10290
25731,4125
25731,14991
25732,1203
25732,1560
25732,1573
25733,10226
25733,20388
25734,3869
25734,25093
25735,9410
25735,9528
25736,2918
25736,25702
25737,8561
25737,24907
25738,2147
25738,2149
25738,6672
25739,7157
25739,26169
25740,14612
25740,18213
25741,27017
25741,27126
25742,6798
25742,14991
25742,22873
25742,24852
25742,25696
25743,26078
25743,26831
25743,27032
25744,11
25744,13332
25745,18553
25745,24413
25746,2024
25746,27019
25746,27390
25747,14430
25747,19779
25748,532
25748,5213
25748,18118
25749,8373
25749,17932
25749,27201
25750,15632
25750,21222
25751,17085
25751,19625
25752,11032
25752,15805
25753,26914
25753,27562
25754,22941
25754,26437
25755,14991
25755,22873
25756,24749
25756,26102
25757,23635
25757,27802
25758,18198
25758,18238
25759,18812
25759,22292
25760,19845
25760,24085
25761,9027
25761,26100
25762,23010
25762,24865
25763,2864
25763,3989
25764,20132
25764,24290
25765,3879
25765,23720
25766,13963
25766,24290
25767,359
25767,2740
25768,7045
25768,19861
25769,359
25769,2740
25770,18553
25770,24413
25771,6458
25771,6460
25772,994
25772,3795
25773,8837
25773,19494
25774,15041
25774,17350
25775,14209
25775,15860
25776,2369
25776,9130
25777,4067
25777,14072
25778,50
25778,53
25779,8040
25779,13003
25780,14209
25780,15860
25781,10330
25781,16444
25782,31
25782,2714
25783,2827
25783,2889
25784,8040
25784,13003
25785,989
25785,7732
25786,19494
25786,20990
25787,5093
25787,12161
25788,3220
25788,3394
25789,9005
25789,17258
25790,7471
25790,8312
25790,8585
25791,994
25791,3795
25792,3130
25792,21197
25793,4389
25793,4391
25794,1417
25794,2707
25795,16481
25795,19813
25796,1055
25796,1056
25797,12419
25797,12433
25798,12398
25798,12419
25799,12398
25799,12419
25800,12433
25800,23527
25801,491
25801,514
25802,10146
25802,10180
25803,8499
25803,9440
25804,5656
25804,10477
25805,1871
25805,2282
25806,7208
25806,7302
25807,7208
25807,7302
25808,695
25808,9481
25809,27379
25809,28829
25810,258
25810,3847
25811,25158
25811,25908
25812,10094
25812,10297
25813,627
25813,1931
25814,28369
25814,28885
25814,28886
25815,23907
25815,24567
25816,2278
25816,10523
25817,7471
25817,8312
25818,22519
25818,28072
25819,15789
25819,23353
25820,297
25820,25923
25821,10945
25821,22599
25822,1842
25822,11949
25823,7475
25823,9137
25824,14360
25824,14788
25825,2033
25825,2270
25826,2033
25826,9142
25827,3544
25827,11240
25828,2314
25828,3566
25829,12
25829,1051
25830,9041
25830,9042
25831,7305
25831,20910
25832,14991
25832,22873
25833,5209
25833,8301
25834,7681
25834,8121
25835,4045
25835,15481
25836,3640
25836,8043
25837,12346
25837,18414
25838,4196
25838,7722
25839,2529
25839,20527
25840,8312
25840,8585
25841,11094
25841,11696
25842,10224
25842,18018
25843,4228
25843,20688
25844,994
25844,3795
25845,20174
25845,20202
25846,11739
25846,11741
25847,4199
25847,4407
25848,6458
25848,6460
25849,1979
25849,10341
25850,6530
25850,9553
25851,1979
25851,10341
25852,10793
25852,14446
25853,75
25853,8593
25854,12849
25854,16637
25855,18308
25855,21001
25856,11234
25856,22274
25857,14809
25857,18963
25858,14409
25858,14589
25859,14409
25859,14589
25860,59
25860,12629
25861,25622
25861,26200
25862,25622
25862,26200
25863,25622
25863,26200
25864,25622
25864,26200
25865,25622
25865,26200
25866,11416
25866,28223
25866,28246
25867,994
25867,3795
25868,227
25868,20044
25869,21303
25869,28691
25870,24018
25870,24967
25871,13273
25871,14802
25872,1291
25872,15916
25873,9668
25873,16632
25874,15619
25874,20934
25875,16778
25875,23976
25876,28434
25876,28443
25877,284
25877,288
25878,3971
25878,17729
25879,1726
25879,9098
25880,20509
25880,20611
25881,4011
25881,18060
25882,5209
25882,8301
25883,1688
25883,5541
25884,18628
25884,18856
25885,7652
25885,8857
25886,1591
25886,1592
25887,4159
25887,5282
25887,11361
25888,1591
25888,1592
25889,3954
25889,7200
25889,9763
25890,24521
25890,24522
25891,1591
25891,1592
25892,227
25892,16889
25893,676
25893,1173
25894,23765
25894,24455
25895,3798
25895,8142
25896,3954
25896,7200
25897,2827
25897,2889
25898,19193
25898,22603
25899,2075
25899,4253
25900,7766
25900,8593
25901,75
25901,8593
25902,8593
25902,11940
25903,17989
25903,17990
25904,7113
25904,8406
25905,1591
25905,1592
25906,6412
25906,20777
25907,26975
25907,28132
25908,2525
25908,5794
25909,6744
25909,19633
25910,8040
25910,13003
25911,364
25911,2852
25912,2852
25912,6114
25913,364
25913,2852
25914,8911
25914,15713
25915,364
25915,2852
25916,364
25916,2852
25917,8911
25917,15713
25918,364
25918,2852
25919,8911
25919,15713
25920,7581
25920,15713
25921,25622
25921,26200
25922,465
25922,3783
25923,18628
25923,18856
25924,4092
25924,4352
25925,1365
25925,4345
25926,2512
25926,7722
25927,2933
25927,3677
25928,15481
25928,16315
25929,26914
25929,27562
25930,6719
25930,9142
25931,9950
25931,10168
25932,1463
25932,15514
25933,7535
25933,27403
25934,1920
25934,7504
25935,1577
25935,4979
25936,1920
25936,2270
25936,9177
25937,1057
25937,2270
25937,9130
25938,2264
25938,2546
25939,5144
25939,8690
25940,1979
25940,9913
25941,2369
25941,6169
25942,3979
25942,6296
25943,12655
25943,13296
25944,4284
25944,11039
25944,11145
25944,13013
25945,8149
25945,12486
25946,2270
25946,8716
25946,9611
25946,13249
25946,13623
25947,7359
25947,8888
25948,6901
25948,14022
25949,75
25949,8211
25950,8995
25950,11630
25951,4448
25951,6243
25952,9185
25952,16504
25953,3898
25953,8690
25954,17187
25954,18896
25955,1585
25955,1608
25956,4869
25956,18896
25957,21459
25957,24673
25958,2473
25958,2523
25959,20141
25959,25910
25960,1261
25960,21533
25960,21617
25961,3640
25961,8043
25962,25064
25962,25189
25963,23691
25963,25209
25963,27648
25964,301
25964,7561
25964,7576
25965,364
25965,2852
25966,14000
25966,20622
25967,7766
25967,9454
25968,18963
25968,23765
25969,23765
25969,24455
25970,14809
25970,18963
25971,2033
25971,2270
25972,2794
25972,22941
25973,4816
25973,8039
25973,8660
25974,4816
25974,8660
25975,22634
25975,27236
25976,4816
25976,22634
25976,26813
25976,27236
25977,22634
25977,26813
25978,24642
25978,27003
25979,8191
25979,9763
25980,14809
25980,18963
25981,2695
25981,11966
25982,2314
25982,3566
25983,181
25983,9130
25984,4092
25984,8084
25985,5123
25985,14958
25986,5159
25986,8888
25987,3600
25987,9358
25988,9834
25988,10222
25989,1758
25989,14489
25990,10053
25990,11435
25991,1376
25991,21536
25992,24642
25992,27003
25993,16061
25993,19450
25994,81
25994,643
25995,11900
25995,19556
25996,994
25996,3795
25997,5123
25997,5159
25998,8824
25998,21815
25999,6873
25999,10491
26000,18515
26000,22002
26001,14397
26001,15319
26001,15327
26001,25119
26002,994
26002,3795
26003,6719
26003,9142
26004,13540
26004,13889
26005,2933
26005,2948
26006,9005
26006,17258
26007,22809
26007,24828
26008,3729
26008,5370
26009,16374
26009,17187
26009,18895
26010,7766
26010,8593
26011,5494
26011,21556
26012,57
26012,1075
26013,3428
26013,18659
26013,25356
26014,12094
26014,12162
26015,12094
26015,12162
26016,12094
26016,12162
26017,12094
26017,12162
26018,12094
26018,12162
26019,4142
26019,6775
26020,10602
26020,14521
26021,19794
26021,21474
26022,12505
26022,15040
26022,17350
26023,3473
26023,8043
26024,12094
26024,12162
26025,7326
26025,7794
26026,15859
26026,21416
26027,11686
26027,21976
26028,6718
26028,7173
26029,551
26029,1524
26030,11234
26030,22274
26031,1585
26031,1608
26032,19640
26032,21863
26033,2729
26033,16902
26034,3798
26034,8142
26035,3488
26035,3658
26036,3488
26036,12213
26037,85
26037,3488
26038,3488
26038,7405
26039,3488
26039,7792
26040,694
26040,699
26041,694
26041,699
26042,16481
26042,19813
26043,4320
26043,4452
26044,17793
26044,17817
26045,17793
26045,17817
26046,6036
26046,6322
26047,14829
26047,15469
26048,27462
26048,28960
26049,27247
26049,27315
26050,236
26050,15596
26051,22362
26051,28414
26052,11310
26052,12130
26052,29906
26053,4196
26053,27011
26054,1591
26054,7836
26055,3798
26055,5511
26056,2827
26056,2889
26057,10720
26057,10737
26058,3954
26058,7200
26059,5920
26059,12507
26060,2771
26060,2803
26061,8040
26061,13003
26062,19574
26062,19585
26063,6095
26063,9038
26064,1107
26064,3798
26064,5511
26065,2827
26065,2889
26066,10720
26066,10737
26067,3954
26067,7200
26068,5920
26068,12507
26069,2771
26069,2803
26070,8040
26070,13003
26071,19574
26071,19585
26072,6095
26072,9038
26073,26794
26073,28957
26074,2511
26074,2681
26075,16374
26075,18895
26076,1591
26076,1592
26077,2569
26077,7110
26078,21823
26078,21824
26079,6007
26079,8764
26080,21782
26080,22353
26081,994
26081,3795
26082,1024
26082,9270
26083,5123
26083,11879
26084,8040
26084,13003
26085,20800
26085,21495
26086,26914
26086,27562
26087,989
26087,7732
26088,8312
26088,8585
26089,6348
26089,9129
26090,14858
26090,16074
26090,19493
26091,3614
26091,5577
26091,12511
26092,13224
26092,30986
26093,2033
26093,9037
26094,20601
26094,22423
26095,5797
26095,7025
26096,1261
26096,11909
26097,5498
26097,13436
26098,26273
26098,27174
26099,5209
26099,8301
26100,75
26100,8593
26101,694
26101,699
26102,296
26102,9746
26103,21767
26103,23357
26104,2650
26104,18156
26104,22941
26105,5743
26105,13996
26106,12281
26106,22446
26106,22941
26107,8191
26107,9763
26108,8191
26108,9763
26109,8191
26109,9763
26110,8191
26110,9763
26111,8191
26111,9763
26112,8191
26112,9763
26113,8191
26113,9763
26114,8191
26114,9763
26115,8191
26115,9763
26116,8191
26116,9763
26117,8191
26117,9763
26118,8191
26118,9763
26119,8191
26119,9763
26120,8191
26120,9763
26121,8191
26121,9763
26122,14829
26122,15469
26123,7960
26123,8261
26124,7960
26124,8261
26125,236
26125,768
26126,11809
26126,23100
26127,30376
26127,30662
26128,1055
26128,1056
26129,21714
26129,22272
26130,11011
26130,12163
26131,14829
26131,15469
26132,4272
26132,4427
26132,4541
26133,20653
26133,20970
26134,4371
26134,7567
26135,28938
26135,28977
26136,23907
26136,24567
26137,994
26137,3795
26138,994
26138,3795
26139,5208
26139,6579
26140,20800
26140,21495
26141,236
26141,4280
26142,17910
26142,18046
26143,75
26143,8593
26144,236
26144,4280
26145,12693
26145,13055
26146,23907
26146,24567
26147,3954
26147,4837
26148,6458
26148,6460
26149,12693
26149,13055
26150,28786
26150,29442
26151,6508
26151,10108
26152,5147
26152,12564
26153,7766
26153,8593
26153,8595
26154,7766
26154,8593
26155,7766
26155,8593
26156,3729
26156,8595
26156,11940
26157,75
26157,8593
26158,75
26158,7766
26158,8593
26158,11940
26159,6508
26159,10108
26160,7012
26160,8147
26161,6616
26161,6821
26162,15541
26162,15597
26163,15541
26163,15597
26164,17678
26164,24834
26165,14852
26165,25402
26166,14582
26166,16178
26167,295
26167,3798
26168,733
26168,8537
26169,13576
26169,14747
26170,13576
26170,14747
26170,14850
26171,13576
26171,14608
26172,14747
26172,14850
26173,13576
26173,14747
26173,14850
26174,13576
26174,14608
26174,14747
26175,1531
26175,3586
26176,13576
26176,14608
26177,13576
26177,14608
26177,14850
26178,8537
26178,13576
26178,14608
26179,13576
26179,14850
26180,13576
26180,14608
26181,13576
26181,14608
26182,13576
26182,14608
26183,14608
26183,14850
26184,13576
26184,14747
26184,17883
26185,13576
26185,14608
26185,17883
26186,13576
26186,17883
26187,13576
26187,14747
26187,17883
26188,14747
26188,17883
26189,14608
26189,14850
26190,14747
26190,17883
26191,4608
26191,4684
26192,14397
26192,15327
26193,23907
26193,24400
26194,478
26194,6011
26195,8537
26195,10641
26196,4159
26196,5282
26197,8191
26197,9763
26198,4389
26198,4391
26199,21596
26199,21604
26200,4844
26200,6794
26201,2363
26201,8616
26202,8312
26202,8585
26203,11310
26203,12130
26204,11310
26204,12130
26204,29906
26205,11310
26205,29906
26206,11310
26206,29906
26207,11310
26207,29906
26208,11310
26208,30418
26209,11310
26209,29906
26210,8636
26210,8637
26210,8640
26211,385
26211,386
26212,1591
26212,1920
26213,3954
26213,7200
26214,7045
26214,19861
26215,15424
26215,25330
26216,7552
26216,14675
26217,21714
26217,22272
26218,6154
26218,29789
26219,19994
26219,20008
26220,10151
26220,10152
26221,743
26221,7376
26222,11336
26222,13117
26223,2402
26223,2667
26224,867
26224,11361
26225,14270
26225,15711
26226,11424
26226,12355
26227,2033
26227,3391
26227,6728
26228,236
26228,4280
26229,478
26229,6011
26230,4347
26230,6883
26231,24642
26231,27003
26231,31048
26232,994
26232,3795
26233,227
26233,20044
26234,7535
26234,7932
26235,955
26235,10133
26236,3954
26236,10171
26237,3954
26237,7200
26238,7045
26238,19861
26239,994
26239,3795
26240,3070
26240,8094
26241,19574
26241,19585
26242,20800
26242,21495
26243,6091
26243,13249
26244,386
26244,5623
26245,17898
26245,18131
26246,8944
26246,15728
26247,10662
26247,14991
26247,21499
26248,955
26248,1487
26249,5443
26249,9389
26250,14829
26250,15469
26251,35
26251,6047
26252,7312
26252,7812
26253,145
26253,189
26254,16199
26254,16206
26254,16226
26255,7316
26255,20721
26256,6726
26256,25935
26256,25950
26257,4142
26257,6775
26258,4142
26258,6775
26259,3303
26259,3304
26260,364
26260,2852
26261,364
26261,2852
26262,4296
26262,6540
26263,2852
26263,4296
26264,5126
26264,10706
26265,1095
26265,21535
26266,29012
26266,29016
26267,480
26267,953
26268,12398
26268,18578
26269,5199
26269,5970
26270,10011
26270,10047
26271,20586
26271,21014
26272,2569
26272,7110
26273,8636
26273,8637
26274,1585
26274,3503
26275,7214
26275,20261
26276,994
26276,3795
26277,8040
26277,13003
26278,15804
26278,15828
26279,459
26279,8283
26280,11234
26280,22274
26281,11234
26281,22274
26282,11234
26282,22274
26283,353
26283,7790
26284,7020
26284,7137
26285,4816
26285,6874
26286,4816
26286,6874
26287,24642
26287,27003
26288,18802
26288,19044
26289,24642
26289,27003
26290,292
26290,295
26291,1028
26291,1241
26292,2197
26292,30581
26293,1585
26293,1608
26294,4837
26294,9065
26295,7400
26295,7447
26296,575
26296,1590
26297,16403
26297,16464
26298,2827
26298,3622
26299,4048
26299,10149
26300,1585
26300,1608
26301,3971
26301,6125
26302,22217
26302,23454
26302,27354
26302,30466
26303,5719
26303,15215
26304,6557
26304,14314
26305,6557
26305,14314
26306,2667
26306,3685
26307,23765
26307,24455
26308,23765
26308,24455
26309,23765
26309,24455
26310,14209
26310,15860
26311,23765
26311,24455
26312,23765
26312,24455
26313,23765
26313,24455
26314,23765
26314,24455
26315,7208
26315,7302
26316,3798
26316,8142
26317,8561
26317,24907
26318,3869
26318,25093
26319,8191
26319,9763
26320,16374
26320,18895
26320,18896
26321,2402
26321,2667
26322,2442
26322,5064
26323,3414
26323,8968
26324,2442
26324,5064
26325,2442
26325,3225
26326,9496
26326,9554
26327,9496
26327,20636
26328,3875
26328,11361
26329,6007
26329,8574
26329,8764
26330,8574
26330,8764
26331,1250
26331,10749
26332,6007
26332,8764
26333,4094
26333,8332
26334,3811
26334,16739
26335,181
26335,643
26336,5621
26336,6214
26337,643
26337,12632
26338,3375
26338,15754
26339,359
26339,2017
26340,3375
26340,3376
26341,2412
26341,7200
26341,10494
26342,7045
26342,19861
26343,2827
26343,2889
26344,11676
26344,14194
26345,2827
26345,2889
26346,11451
26346,15816
26347,29388
26347,29389
26348,2033
26348,9226
26349,2033
26349,3979
26350,2827
26350,2889
26351,2514
26351,16603
26352,3563
26352,7254
26353,687
26353,2019
26353,16262
26354,4023
26354,14830
26355,10280
26355,10376
26356,5570
26356,8756
26357,18628
26357,18856
26358,579
26358,3535
26358,4193
26359,3954
26359,4837
26359,7200
26360,5888
26360,27977
26361,5888
26361,27977
26362,9037
26362,11800
26363,4588
26363,16982
26364,10386
26364,10387
26364,10421
26365,28239
26365,28241
26365,28256
26366,3640
26366,8043
26367,14829
26367,15469
26368,2576
26368,7133
26368,7604
26369,17987
26369,24997
26370,904
26370,9654
26371,19574
26371,19585
26372,20800
26372,21495
26373,10238
26373,14067
26374,1596
26374,5092
26375,1596
26375,4004
26376,1596
26376,5713
26376,8476
26377,1195
26377,1196
26378,20300
26378,22737
26379,25616
26379,27702
26380,6628
26380,13445
26381,1007
26381,13445
26382,17692
26382,21921
26383,16643
26383,24623
26383,24624
26384,4816
26384,26813
26385,7696
26385,8915
26386,1871
26386,2282
26387,10999
26387,16432
26388,8574
26388,8764
26389,8574
26389,8764
26390,8574
26390,8764
26391,8574
26391,8764
26392,6007
26392,8764
26393,6007
26393,8764
26394,8574
26394,8764
26395,6007
26395,8615
26396,1358
26396,2000
26397,554
26397,1463
26398,1591
26398,1592
26399,8040
26399,13003
26400,21143
26400,22796
26401,459
26401,955
26402,6946
26402,10163
26403,7711
26403,22621
26404,7711
26404,22621
26405,2456
26405,16085
26406,2788
26406,13734
26406,24721
26407,16481
26407,19813
26408,16481
26408,19813
26409,8084
26409,12609
26410,8312
26410,8585
26411,6458
26411,6460
26412,59
26412,12629
26413,6972
26413,9928
26414,10805
26414,11249
26415,994
26415,3795
26416,4048
26416,10149
26417,3795
26417,5973
26418,11424
26418,12355
26419,8040
26419,13003
26420,4863
26420,4865
26421,19294
26421,21335
26422,26794
26422,28957
26423,1585
26423,1608
26424,1585
26424,1608
26425,13273
26425,14802
26426,12393
26426,17351
26427,19641
26427,19899
26428,19641
26428,19899
26429,19641
26429,19899
26430,19641
26430,19899
26431,19641
26431,19899
26432,19641
26432,19899
26433,19641
26433,19899
26434,19641
26434,19899
26435,19641
26435,19899
26436,19641
26436,19899
26437,9223
26437,15733
26438,4816
26438,6874
26438,8039
26439,10238
26439,10873
26440,2346
26440,16328
26441,15632
26441,21222
26442,23831
26442,23856
26443,7658
26443,7791
26444,23765
26444,24455
26445,29314
26445,29316
26446,19845
26446,24085
26447,227
26447,3375
26447,3376
26448,227
26448,20044
26449,1688
26449,5541
26450,145
26450,1415
26451,1417
26451,2707
26452,2009
26452,2841
26453,4601
26453,12120
26454,1634
26454,2134
26455,13120
26455,23590
26456,13078
26456,13079
26457,1688
26457,5541
26458,13078
26458,13079
26459,13918
26459,13964
26460,23124
26460,26672
26461,21415
26461,22749
26462,4159
26462,5282
26462,8149
26463,5093
26463,12161
26464,12632
26464,13448
26465,12209
26465,19014
26466,8073
26466,8167
26466,9040
26467,24421
26467,31100
26468,30355
26468,30399
26469,14829
26469,15469
26470,7797
26470,11585
26471,2231
26471,5551
26472,16420
26472,20082
26473,1117
26473,30481
26474,772
26474,11017
26475,15363
26475,15668
26476,4803
26476,7474
26477,12841
26477,16875
26478,10778
26478,17064
26479,89
26479,5541
26479,12878
26480,10888
26480,24950
26480,25908
26481,5188
26481,10902
26482,1688
26482,5541
26483,13646
26483,14607
26484,4048
26484,10149
26485,908
26485,3920
26486,364
26486,2852
26487,23074
26487,25570
26488,8191
26488,9763
26489,4347
26489,6883
26490,24642
26490,27003
26491,16374
26491,23357
26492,904
26492,8990
26493,3220
26493,3394
26494,4067
26494,14072
26495,9037
26495,11461
26496,11398
26496,16382
26497,478
26497,6011
26497,8252
26498,4289
26498,12693
26499,14546
26499,16644
26500,2933
26500,2948
26501,5920
26501,12507
26502,17994
26502,24500
26503,3459
26503,14991
26504,9432
26504,13184
26505,8824
26505,9410
26505,21815
26506,14842
26506,22672
26507,20044
26507,22443
26508,4567
26508,27379
26509,9347
26509,24692
26510,14829
26510,15469
26511,12399
26511,23017
26512,15619
26512,22578
26513,16481
26513,19813
26514,14095
26514,17740
26515,14939
26515,14952
26516,1585
26516,19973
26517,5781
26517,15220
26518,19929
26518,22906
26519,16481
26519,19813
26520,2314
26520,3566
26521,11320
26521,15002
26522,10051
26522,22126
26523,18345
26523,19371
26524,1591
26524,1592
26525,17844
26525,23231
26526,23765
26526,24455
26527,955
26527,1487
26528,2144
26528,5864
26529,17910
26529,18046
26530,20601
26530,22423
26531,26975
26531,28132
26532,9410
26532,11860
26532,11912
26533,28011
26533,31051
26534,867
26534,11361
26535,3954
26535,7200
26536,4392
26536,5329
26537,11174
26537,15861
26538,23765
26538,24455
26539,359
26539,2740
26540,867
26540,11361
26541,5524
26541,5827
26542,10171
26542,21435
26543,22914
26543,23139
26544,4275
26544,5920
26545,227
26545,20044
26546,1591
26546,1592
26547,2341
26547,2933
26548,4159
26548,5282
26549,6972
26549,9928
26550,7252
26550,12056
26551,257
26551,14547
26551,15211
26552,2379
26552,3375
26552,4539
26553,8518
26553,15618
26554,3375
26554,3376
26554,4539
26554,18464
26555,6457
26555,16790
26555,18802
26556,77
26556,6887
26556,16441
26557,227
26557,20044
26558,2019
26558,16262
26559,19479
26559,22600
26560,2681
26560,6901
26561,5797
26561,7025
26562,13246
26562,14779
26563,3160
26563,8905
26564,1895
26564,7469
26565,15067
26565,15427
26566,9347
26566,24692
26567,1591
26567,2270
26568,5920
26568,12507
26569,20800
26569,21495
26570,17277
26570,22796
26571,20800
26571,21495
26572,30376
26572,30662
26573,16481
26573,19813
26574,3222
26574,3428
26575,17262
26575,20918
26576,6499
26576,15300
26577,1417
26577,2707
26578,8843
26578,20032
26579,13078
26579,13079
26580,497
26580,14186
26581,3346
26581,4146
26581,5369
26582,3798
26582,8998
26583,8837
26583,17654
26584,554
26584,3640
26585,8312
26585,8585
26586,2827
26586,2889
26587,5123
26587,13386
26588,5123
26588,13386
26589,29012
26589,29016
26590,11336
26590,13117
26591,14991
26591,22873
26592,4427
26592,4541
26593,10414
26593,25830
26594,4286
26594,10355
26595,14991
26595,22873
26596,23765
26596,24455
26597,364
26597,2852
26598,13273
26598,14802
26599,7696
26599,8915
26600,7121
26600,13570
26601,6835
26601,6879
26602,27077
26602,27078
26602,31264
26603,11697
26603,16980
26604,6457
26604,9037
26605,11999
26605,26481
26606,13273
26606,14802
26607,25622
26607,26200
26608,25622
26608,26200
26609,25622
26609,26200
26610,25622
26610,26200
26611,7671
26611,7683
26612,8975
26612,24482
26613,16807
26613,17964
26614,1406
26614,20700
26615,25399
26615,26733
26616,23280
26616,29111
26617,23280
26617,29111
26618,23280
26618,29111
26619,30355
26619,30399
26620,24360
26620,24463
26621,3729
26621,11895
26622,2314
26622,3566
26622,5370
26623,480
26623,953
26624,250
26624,1728
26625,7535
26625,7932
26626,1585
26626,3503
26627,1109
26627,13592
26628,5797
26628,7025
26628,10625
26629,13576
26629,14608
26630,10386
26630,10387
26631,8443
26631,10593
26632,22583
26632,22584
26633,22714
26633,22717
26633,22726
26634,13270
26634,19134
26635,7471
26635,8312
26635,8585
26636,9079
26636,11163
26637,575
26637,1590
26638,2778
26638,9689
26639,8149
26639,23077
26640,8312
26640,8585
26641,4142
26641,6775
26642,7208
26642,7302
26642,7696
26643,7208
26643,7696
26644,16445
26644,16764
26645,7208
26645,12483
26646,1491
26646,5764
26647,7302
26647,7696
26648,25
26648,8084
26649,14607
26649,17303
26650,14607
26650,17303
26651,5494
26651,14607
26652,19144
26652,19455
26653,19144
26653,19455
26654,13120
26654,23590
26655,17879
26655,19584
26656,7089
26656,9790
26657,7089
26657,9790
26658,7089
26658,9790
26659,27024
26659,27263
26660,478
26660,6011
26661,9130
26661,10864
26662,3028
26662,8503
26663,10538
26663,12292
26664,13695
26664,14806
26665,13273
26665,14802
26666,1871
26666,2282
26667,4320
26667,4452
26668,13845
26668,15034
26669,8862
26669,12630
26670,8191
26670,9763
26671,8191
26671,9763
26672,4290
26672,14521
26673,8641
26673,8685
26674,4511
26674,18059
26675,4511
26675,18059
26676,4511
26676,18059
26677,4511
26677,18059
26678,4511
26678,18059
26679,4511
26679,18059
26680,4511
26680,18059
26681,4511
26681,18059
26682,4511
26682,18059
26683,4511
26683,18059
26684,4511
26684,18059
26685,4511
26685,18059
26686,4511
26686,18059
26687,1871
26687,2282
26688,1055
26688,1416
26689,28723
26689,30439
26690,6412
26690,20777
26691,6412
26691,20777
26692,6412
26692,20777
26693,6412
26693,20777
26694,1256
26694,1454
26695,1531
26695,3586
26696,7089
26696,9790
26697,32
26697,5945
26697,17579
26698,7214
26698,20169
26699,6061
26699,6116
26700,1622
26700,14315
26701,29012
26701,29016
26702,7920
26702,8043
26702,8210
26703,14829
26703,15469
26704,992
26704,1435
26705,992
26705,1435
26706,992
26706,1435
26707,992
26707,1435
26708,992
26708,1435
26709,992
26709,1435
26710,992
26710,1435
26711,992
26711,1435
26712,992
26712,1435
26713,992
26713,1435
26714,992
26714,1435
26715,992
26715,1435
26716,1435
26716,20918
26717,16481
26717,19813
26718,5524
26718,5827
26719,14397
26719,14430
26719,28814
26720,1055
26720,1056
26721,2827
26721,2889
26722,2372
26722,13557
26722,19092
26723,4389
26723,4391
26724,25551
26724,25552
26725,13078
26725,13079
26726,5209
26726,8301
26727,4456
26727,6416
26728,3117
26728,11285
26729,9474
26729,10430
26730,13659
26730,21819
26731,694
26731,699
26732,694
26732,699
26733,24161
26733,24302
26734,5888
26734,8535
26735,8293
26735,8944
26736,2546
26736,8944
26737,2020
26737,8613
26738,227
26738,2379
26738,3375
26739,8191
26739,9763
26740,5888
26740,7555
26740,8535
26741,643
26741,9419
26742,13012
26742,16637
26743,11752
26743,13214
26744,12520
26744,22410
26745,165
26745,22664
26746,1585
26746,1608
26747,8191
26747,9763
26748,8191
26748,9763
26749,8191
26749,9763
26750,7020
26750,7137
26751,30083
26751,30320
26752,2369
26752,6214
26753,7776
26753,9497
26754,11250
26754,12244
26755,9497
26755,11250
26756,4615
26756,9497
26756,16078
26757,9497
26757,16418
26758,12398
26758,19136
26759,9497
26759,16078
26760,12398
26760,19136
26761,9497
26761,11250
26761,16078
26762,11250
26762,16418
26762,20586
26763,11805
26763,23971
26764,480
26764,953
26765,27974
26765,27975
26766,14995
26766,14996
26767,284
26767,288
26768,16481
26768,19813
26769,8191
26769,9763
26770,17844
26770,23231
26771,7386
26771,7446
26772,8040
26772,13003
26773,9917
26773,10427
26774,22485
26774,22978
26775,11424
26775,12355
26776,14397
26776,15319
26776,15327
26777,4142
26777,6775
26778,2778
26778,9689
26779,11000
26779,23154
26780,14796
26780,15391
26781,14850
26781,15046
26782,9910
26782,9958
26783,1291
26783,13393
26784,8191
26784,9763
26785,2681
26785,5370
26786,6142
26786,16182
26787,5945
26787,16178
26787,18898
26788,14209
26788,15860
26789,26104
26789,30543
26790,12636
26790,12746
26791,6696
26791,18809
26792,18031
26792,19448
26793,21620
26793,27135
26794,1591
26794,1592
26795,27397
26795,27403
26796,3375
26796,3376
26796,18463
26797,3375
26797,3376
26798,3375
26798,3376
26799,2369
26799,6214
26800,364
26800,2852
26801,3798
26801,8142
26802,4601
26802,18338
26803,2033
26803,8084
26804,6842
26804,7420
26805,3303
26805,3304
26806,2933
26806,2948
26807,4774
26807,7517
26808,11336
26808,13117
26809,11000
26809,21651
26810,993
26810,3830
26811,3861
26811,8574
26811,8764
26812,10147
26812,10671
26813,8574
26813,8764
26814,10538
26814,12292
26815,12398
26815,12419
26816,30355
26816,30399
26817,14351
26817,15467
26818,4452
26818,6558
26819,6458
26819,6460
26820,3375
26820,3376
26820,18463
26821,6458
26821,6460
26822,6458
26822,6460
26823,6458
26823,6460
26824,7804
26824,23763
26825,9834
26825,16617
26826,16178
26826,18488
26826,21278
26827,14261
26827,14309
26828,9217
26828,10243
26829,887
26829,5948
26829,9575
26830,1666
26830,17356
26831,1666
26831,17356
26832,7514
26832,7540
26832,13970
26833,14874
26833,14875
26834,15596
26834,20505
26835,22362
26835,28414
26836,7252
26836,9229
26837,14991
26837,22873
26838,7208
26838,7302
26838,12483
26839,8626
26839,28985
26840,1173
26840,10769
26841,17146
26841,17260
26842,24642
26842,27003
26843,13576
26843,14608
26843,14850
26844,13576
26844,14608
26844,14850
26845,1055
26845,1056
26846,1055
26846,1056
26847,581
26847,7089
26848,13580
26848,14766
26849,8167
26849,9040
26850,2488
26850,5324
26851,8837
26851,17654
26852,11752
26852,13214
26853,3954
26853,7200
26854,1870
26854,2369
26855,12281
26855,22941
26856,3254
26856,16178
26857,15481
26857,16315
26858,948
26858,1283
26859,13046
26859,29130
26860,579
26860,4193
26861,4142
26861,6775
26862,4142
26862,6775
26863,8191
26863,9763
26864,8191
26864,9763
26865,8191
26865,9763
26866,8191
26866,9763
26867,8191
26867,9763
26868,8191
26868,9763
26869,579
26869,4193
26870,579
26870,4193
26870,11041
26870,13269
26870,13372
26871,28456
26871,29128
26872,1105
26872,1890
26873,1591
26873,1592
26874,24028
26874,24176
26875,1427
26875,3488
26876,4011
26876,18060
26877,6616
26877,6821
26878,11256
26878,11362
26879,21504
26879,23296
26880,3864
26880,3878
26880,9217
26881,12841
26881,17819
26882,12841
26882,17819
26883,480
26883,953
26884,18250
26884,18480
26885,4601
26885,18338
26886,236
26886,15596
26887,6690
26887,17289
26888,12849
26888,16637
26889,16687
26889,19810
26890,3954
26890,4252
26890,7200
26891,3798
26891,8142
26892,1592
26892,4381
26893,12300
26893,18998
26894,25718
26894,28936
26895,3288
26895,14640
26896,11445
26896,12109
26897,2402
26897,2667
26898,643
26898,9419
26899,643
26899,9419
26900,643
26900,9419
26901,2670
26901,9254
26902,9194
26902,9254
26903,9411
26903,10355
26903,10405
26903,11746
26904,1943
26904,6887
26905,2511
26905,3551
26906,2511
26906,3551
26907,6165
26907,8191
26908,181
26908,9130
26909,22362
26909,23633
26910,7206
26910,16589
26911,992
26911,1435
26912,11331
26912,16062
26913,8454
26913,8580
26914,22204
26914,22305
26915,43
26915,6607
26916,8705
26916,11987
26917,10019
26917,10020
26918,1032
26918,24652
26919,478
26919,6011
26920,1167
26920,6062
26921,16900
26921,19408
26922,1056
26922,1596
26923,402
26923,7154
26924,3117
26924,11285
26925,81
26925,402
26926,25
26926,8427
26927,4048
26927,10149
26928,8191
26928,9763
26929,13829
26929,22910
26930,13120
26930,13734
26931,13270
26931,19134
26932,992
26932,1435
26933,992
26933,1435
26934,992
26934,1435
26935,3954
26935,4837
26935,7200
26935,24956
26936,1531
26936,3586
26937,3375
26937,3376
26938,24239
26938,24589
26939,853
26939,26906
26940,17637
26940,17971
26941,14543
26941,27338
26941,29559
26942,16633
26942,18752
26943,3148
26943,12021
26944,992
26944,1435
26945,16481
26945,19813
26946,14829
26946,15469
26947,1212
26947,4656
26948,4389
26948,4391
26949,8191
26949,9763
26950,385
26950,386
26951,7252
26951,8613
26952,22362
26952,28414
26953,6974
26953,10103
26954,4286
26954,10355
26955,22362
26955,23633
26956,22362
26956,23633
26957,12969
26957,13105
26958,4682
26958,8990
26959,364
26959,2852
26960,7278
26960,13955
26961,18452
26961,18459
26962,10869
26962,10918
26963,43
26963,11891
26964,3971
26964,6125
26965,3971
26965,6125
26966,6324
26966,9307
26967,12094
26967,12162
26968,15040
26968,17350
26969,12673
26969,14313
26970,2095
26970,26934
26971,543
26971,10415
26972,16481
26972,19813
26973,581
26973,9556
26973,23952
26974,5123
26974,11879
26975,284
26975,288
26976,6458
26976,6460
26977,5123
26977,13386
26978,579
26978,4193
26978,13269
26978,13372
26979,1394
26979,1456
26980,12693
26980,13055
26981,12693
26981,13055
26982,17506
26982,28555
26983,6412
26983,20777
26984,6412
26984,20777
26985,6214
26985,9331
26986,8040
26986,13003
26987,6412
26987,20777
26988,17899
26988,25595
26989,9389
26989,10238
26990,13576
26990,14850
26991,1371
26991,13576
26992,992
26992,1435
26993,212
26993,8499
26994,7766
26994,8593
26995,7668
26995,8147
26996,8178
26996,8641
26996,8685
26997,20811
26997,21569
26998,9223
26998,19872
26999,6946
26999,10163
27000,6946
27000,10163
27001,3375
27001,3376
27001,18463
27002,28027
27002,28273
27003,4534
27003,19843
27004,27024
27004,27263
27005,955
27005,4138
27006,1585
27006,1608
27007,15084
27007,21144
27008,4142
27008,6775
27009,6164
27009,7137
27010,26414
27010,26817
27011,11336
27011,13117
27012,11336
27012,13117
27013,11336
27013,13117
27014,11336
27014,13117
27015,8641
27015,8685
27016,694
27016,699
27017,8079
27017,14284
27018,12841
27018,16875
27019,3602
27019,10386
27019,10387
27020,24327
27020,26070
27021,8040
27021,13003
27022,17277
27022,22796
27023,245
27023,2033
27024,2412
27024,3704
27025,2412
27025,3704
27026,284
27026,288
27027,9895
27027,12084
27028,19640
27028,21863
27029,3954
27029,7200
27030,13576
27030,14608
27030,14850
27031,14608
27031,14850
27032,284
27032,288
27033,24642
27033,27003
27034,16481
27034,19813
27035,6457
27035,9331
27035,10059
27036,17277
27036,21143
27037,6457
27037,9331
27038,1585
27038,1608
27039,1531
27039,3586
27040,4159
27040,5282
27041,3825
27041,9331
27042,75
27042,7766
27042,8593
27043,4244
27043,10565
27044,11336
27044,13117
27045,16670
27045,23644
27046,3954
27046,7200
27047,3954
27047,7200
27048,2402
27048,6457
27049,1024
27049,2402
27050,193
27050,2402
27051,16588
27051,20527
27052,2270
27052,4533
27053,2535
27053,19469
27054,6457
27054,9331
27054,10059
27055,22006
27055,22107
27056,4392
27056,5329
27057,4850
27057,11718
27058,10097
27058,14270
27059,6999
27059,16934
27060,1944
27060,16817
27061,6437
27061,8718
27062,1944
27062,16817
27063,5766
27063,7563
27064,5766
27064,7563
27065,292
27065,295
27066,6653
27066,7257
27067,10171
27067,11055
27067,11936
27067,13013
27067,16400
27068,14397
27068,15319
27069,236
27069,4280
27070,22
27070,2314
27070,3566
27071,12394
27071,14361
27072,12209
27072,19014
27073,478
27073,6011
27074,30375
27074,30504
27075,2288
27075,3566
27076,2034
27076,16238
27076,19402
27077,16699
27077,18476
27078,3320
27078,21347
27079,23765
27079,24455
27080,13046
27080,29130
27081,3488
27081,3658
27082,3488
27082,7978
27083,6874
27083,27035
27084,18443
27084,27035
27085,4448
27085,29030
27086,13078
27086,13079
27087,22
27087,2314
27088,6189
27088,8019
27089,8012
27089,8731
27090,16633
27090,18752
27091,8012
27091,8731
27092,8012
27092,8731
27093,8012
27093,8731
27094,11234
27094,22274
27095,11234
27095,12346
27096,11234
27096,15785
27097,7960
27097,8261
27098,29012
27098,29016
27099,364
27099,2852
27100,364
27100,2852
27101,364
27101,2852
27102,364
27102,2852
27103,364
27103,2852
27104,364
27104,2852
27105,21047
27105,21237
27106,298
27106,826
27107,5071
27107,6073
27108,1758
27108,14489
27109,11845
27109,13740
27110,19593
27110,24821
27111,8519
27111,8520
27112,1871
27112,11157
27113,10224
27113,18018
27113,20241
27114,10595
27114,11478
27115,6036
27115,6322
27116,8769
27116,10570
27117,4228
27117,20688
27118,11907
27118,17207
27119,2075
27119,6393
27120,12953
27120,13892
27121,14829
27121,15469
27122,7191
27122,20882
27122,23919
27123,8040
27123,13003
27124,6457
27124,11719
27125,8040
27125,13003
27126,6457
27126,9130
27127,3954
27127,7200
27128,8040
27128,13003
27129,6457
27129,9130
27130,8040
27130,13003
27131,1491
27131,3640
27131,4504
27131,6590
27131,6719
27131,8856
27132,16481
27132,19813
27133,8040
27133,13003
27134,8758
27134,9226
27135,8363
27135,11130
27136,2778
27136,9689
27137,1944
27137,18410
27138,2811
27138,5103
27139,4520
27139,5487
27140,2729
27140,8868
27141,3954
27141,4837
27141,7160
27141,7200
27142,11207
27142,15008
27143,3954
27143,7200
27144,3954
27144,7200
27145,6739
27145,16628
27146,8537
27146,21590
27147,3456
27147,5766
27148,59
27148,12554
27149,4699
27149,9102
27150,16001
27150,31336
27151,15481
27151,16315
27152,8769
27152,10570
27153,11752
27153,13214
27154,12630
27154,17761
27155,19765
27155,25080
27156,5123
27156,13386
27157,18084
27157,25325
27158,4682
27158,8990
27159,2249
27159,12408
27160,85
27160,2474
27161,5123
27161,13386
27161,19035
27162,25042
27162,25587
27163,23157
27163,30590
27164,2677
27164,5588
27165,5914
27165,16407
27166,5123
27166,6457
27167,2314
27167,3566
27167,5370
27168,5505
27168,7693
27168,9480
27169,11234
27169,22274
27170,5123
27170,9740
27171,1376
27171,26502
27172,955
27172,10238
27173,6294
27173,10238
27174,65
27174,6165
27175,13258
27175,14444
27176,10310
27176,26002
27177,14829
27177,15469
27178,2270
27178,2369
27179,8040
27179,13003
27180,14791
27180,22388
27181,17277
27181,22796
27182,8475
27182,16925
27183,1212
27183,4656
27184,2314
27184,3566
27185,4048
27185,10149
27186,8040
27186,13003
27187,8537
27187,21590
27188,2369
27188,6214
27189,944
27189,1647
27190,478
27190,6011
27191,4806
27191,9763
27192,5766
27192,7563
27193,17077
27193,17328
27194,8191
27194,9763
27195,3954
27195,7200
27196,8837
27196,11739
27196,19494
27197,4045
27197,15481
27198,17493
27198,19939
27199,4389
27199,4391
27200,7739
27200,8511
27201,6095
27201,9038
27202,43
27202,21943
27203,11217
27203,23138
27204,5123
27204,11879
27205,20800
27205,21495
27206,17277
27206,22796
27207,26914
27207,27562
27208,7693
27208,9480
27209,14823
27209,16726
27210,8191
27210,9763
27211,3954
27211,7200
27212,994
27212,3795
27213,5766
27213,7563
27214,3954
27214,7200
27215,944
27215,8695
27215,10356
27216,4048
27216,10149
27217,3798
27217,14072
27218,4787
27218,8347
27219,4968
27219,9869
27220,6851
27220,15858
27221,5123
27221,11879
27222,50
27222,53
27223,19574
27223,19585
27224,3613
27224,20576
27225,19815
27225,22582
27226,6095
27226,9038
27227,17994
27227,24500
27228,2425
27228,2540
27229,20800
27229,21495
27230,14209
27230,15860
27231,26914
27231,27562
27232,1808
27232,1810
27233,5123
27233,13386
27234,5123
27234,22849
27235,5123
27235,11879
27236,3675
27236,8497
27237,8040
27237,13003
27238,6095
27238,9038
27239,20800
27239,21495
27240,3954
27240,7200
27241,26914
27241,27562
27242,2033
27242,3387
27243,3954
27243,7200
27244,12505
27244,15040
27244,15041
27244,17350
27245,6095
27245,9038
27246,26914
27246,27562
27247,3954
27247,7200
27248,8040
27248,13003
27249,20800
27249,21495
27250,2981
27250,3004
27251,26914
27251,27562
27252,4371
27252,7567
27253,26914
27253,27562
27254,4507
27254,4520
27255,576
27255,4324
27256,4507
27256,4520
27256,5630
27257,250
27257,1728
27258,786
27258,11098
27259,227
27259,3375
27259,3376
27260,13769
27260,14029
27261,989
27261,7732
27262,7471
27262,8312
27263,4272
27263,4541
27264,423
27264,4787
27265,4272
27265,5729
27266,3954
27266,4837
27267,5123
27267,22849
27268,3954
27268,7200
27269,9895
27269,23214
27270,685
27270,13907
27270,29858
27271,14397
27271,15327
27272,7137
27272,14828
27273,20
27273,12654
27274,19
27274,9508
27275,4838
27275,6720
27275,7696
27275,8593
27276,5630
27276,18578
27277,18317
27277,19518
27278,14804
27278,14841
27279,5145
27279,13050
27280,11234
27280,22274
27281,1438
27281,7255
27282,21069
27282,21086
27282,23353
27283,2788
27283,13734
27284,5630
27284,9886
27284,11234
27284,12409
27284,25006
27285,19925
27285,20723
27286,30217
27286,30527
27287,29034
27287,31298
27287,31525
27288,4142
27288,6775
27289,13046
27289,29130
27290,4844
27290,6794
27291,2598
27291,30007
27292,683
27292,6637
27293,75
27293,8593
27294,12849
27294,16637
27295,12849
27295,16637
27296,7535
27296,7932
27297,7535
27297,7932
27298,7535
27298,7932
27299,1704
27299,6457
27300,8167
27300,9040
27301,3954
27301,6059
27301,7200
27302,4177
27302,4355
27303,10084
27303,10356
27304,519
27304,2891
27305,19845
27305,24085
27306,2497
27306,2549
27306,9524
27307,2846
27307,16573
27308,108
27308,10662
27308,11677
27309,5468
27309,14850
27309,15046
27310,14850
27310,15046
27311,21489
27311,23386
27312,9497
27312,9501
27313,9497
27313,9501
27314,9497
27314,9501
27315,9497
27315,9501
27316,1028
27316,1241
27317,12437
27317,12740
27318,19680
27318,19752
27319,14000
27319,20622
27320,20471
27320,22470
27321,13012
27321,13922
27322,5766
27322,7563
27323,26328
27323,26538
27324,22
27324,2314
27325,7711
27325,22621
27326,11336
27326,13117
27327,1055
27327,1056
27328,9497
27328,9779
27329,9497
27329,9501
27330,9497
27330,9501
27331,9497
27331,9501
27331,9779
27332,9497
27332,9779
27333,9501
27333,10047
27334,9501
27334,10047
27334,12419
27335,9497
27335,11234
27336,9497
27336,16078
27337,9497
27337,16078
27338,11234
27338,16078
27339,9497
27339,11234
27339,16078
27340,11234
27340,22274
27341,9779
27341,10047
27342,9497
27342,16078
27343,11234
27343,22274
27344,9497
27344,11234
27344,22274
27345,11234
27345,22274
27346,11234
27346,22274
27347,11234
27347,25000
27348,3145
27348,7302
27349,7208
27349,7302
27350,3145
27350,14808
27350,21292
27350,22631
27351,11234
27351,22274
27352,26130
27352,28741
27353,20895
27353,21580
27354,11739
27354,11741
27355,7200
27355,17085
27356,11677
27356,11972
27357,5718
27357,6938
27358,1105
27358,1890
27359,4142
27359,6775
27360,12849
27360,16637
27361,12849
27361,16637
27362,4861
27362,16637
27363,245
27363,2033
27364,1105
27364,1890
27365,9874
27365,10021
27366,59
27366,12629
27367,2412
27367,2519
27367,3704
27368,2519
27368,3704
27369,6007
27369,8615
27370,4844
27370,5781
27370,6794
27371,22715
27371,22725
27372,6178
27372,6183
27373,10224
27373,18018
27374,7838
27374,12393
27375,16054
27375,16055
27376,8705
27376,23728
27377,24756
27377,27863
27378,16481
27378,19813
27379,16481
27379,19813
27380,2379
27380,3375
27381,22370
27381,24158
27382,9410
27382,9528
27382,11860
27382,11912
27383,24750
27383,30049
27384,284
27384,288
27385,25213
27385,25322
27386,4699
27386,9102
27387,14055
27387,25092
27388,9331
27388,10059
27389,1435
27389,20918
27390,20897
27390,22713
27391,1291
27391,2775
27391,16230
27392,4422
27392,12121
27393,1531
27393,3586
27394,8705
27394,23017
27395,4831
27395,23841
27395,29532
27396,16481
27396,19813
27397,9136
27397,10400
27398,7208
27398,7302
27399,1055
27399,1056
27400,23508
27400,23543
27401,20800
27401,21495
27402,12317
27402,12343
27403,364
27403,2852
27404,9223
27404,10356
27405,6859
27405,7243
27406,3954
27406,7200
27407,27969
27407,27971
27408,1107
27408,7283
27408,7354
27408,7426
27409,6086
27409,7140
27409,7354
27410,2288
27410,7140
27410,7354
27411,7354
27411,7426
27412,4449
27412,7426
27413,7283
27413,8427
27414,8427
27414,8464
27415,1854
27415,8427
27416,8256
27416,10356
27417,4579
27417,10925
27418,1820
27418,8256
27419,1415
27419,4850
27420,4691
27420,7175
27420,8256
27421,10149
27421,14141
27422,4691
27422,8256
27423,8142
27423,14422
27424,3798
27424,5208
27424,6732
27424,8347
27424,10925
27424,11820
27424,13112
27424,14003
27425,3798
27425,8256
27425,14521
27426,6699
27426,8256
27427,7678
27427,8256
27428,3006
27428,15226
27429,478
27429,10245
27430,8256
27430,10356
27430,12005
27431,10245
27431,10925
27432,227
27432,16889
27433,2546
27433,10245
27433,10405
27433,11820
27434,10925
27434,11041
27435,9264
27435,10245
27436,236
27436,8256
27437,7300
27437,10612
27438,8107
27438,10245
27439,8107
27439,10245
27440,8107
27440,10356
27441,2511
27441,5037
27441,10356
27442,2546
27442,15226
27443,3535
27443,8107
27444,17595
27444,17975
27445,743
27445,7376
27446,743
27446,7376
27447,14003
27447,18030
27448,13659
27448,16274
27449,5761
27449,22025
27450,9556
27450,10612
27451,13112
27451,14003
27452,10356
27452,13112
27453,13120
27453,23036
27454,8763
27454,13112
27455,5683
27455,26173
27456,13112
27456,26088
27457,8057
27457,26173
27458,13112
27458,26088
27459,26088
27459,26173
27460,26088
27460,26173
27461,5789
27461,23765
27461,24455
27462,12376
27462,28231
27463,16890
27463,26088
27464,9425
27464,23720
27465,284
27465,288
27466,9895
27466,22824
27466,23214
27467,7400
27467,7447
27468,992
27468,1435
27469,16481
27469,19813
27470,16481
27470,19813
27471,3346
27471,9497
27471,9501
27472,11250
27472,11258
27473,5129
27473,12443
27474,8626
27474,28985
27475,3346
27475,9497
27475,9501
27476,9497
27476,9501
27477,8316
27477,11234
27478,11234
27478,19650
27479,9497
27479,11234
27480,11234
27480,22274
27481,11234
27481,22274
27482,11234
27482,22274
27483,11234
27483,22274
27484,1213
27484,12856
27484,18463
27485,12209
27485,19014
27486,1091
27486,12651
27487,1091
27487,5888
27488,5888
27488,12651
27489,5888
27489,12651
27490,5888
27490,12651
27491,1091
27491,12651
27492,5888
27492,12651
27493,5888
27493,14278
27494,8537
27494,21590
27495,12433
27495,12613
27496,9501
27496,9687
27497,9687
27497,18007
27498,3145
27498,3317
27499,2846
27499,9687
27500,2846
27500,22087
27501,2846
27501,14977
27502,9497
27502,9501
27503,9497
27503,9501
27504,9497
27504,10047
27505,9497
27505,9501
27506,9779
27506,10011
27507,9497
27507,9501
27507,9779
27508,9497
27508,9501
27509,9779
27509,10047
27510,9497
27510,16078
27511,9497
27511,20606
27512,9497
27512,20606
27513,6813
27513,9497
27514,9497
27514,9779
27515,7475
27515,9137
27516,2811
27516,15674
27517,5443
27517,9389
27518,13273
27518,14802
27519,20800
27519,21495
27520,8191
27520,9763
27521,11381
27521,20969
27522,13286
27522,13538
27523,364
27523,2852
27524,13286
27524,13538
27525,989
27525,7732
27526,989
27526,7732
27527,3703
27527,7920
27528,26414
27528,26425
27529,7200
27529,17085
27530,50
27530,53
27531,7200
27531,17085
27532,50
27532,53
27533,3954
27533,7200
27534,50
27534,53
27535,7200
27535,17085
27536,3954
27536,7200
27537,8837
27537,19494
27538,1991
27538,11809
27539,284
27539,288
27540,284
27540,288
27541,12094
27541,18089
27542,7184
27542,10303
27543,2270
27543,4533
27544,955
27544,1487
27544,4138
27545,955
27545,4138
27546,9727
27546,10659
27547,4534
27547,19843
27548,683
27548,1964
27548,2565
27549,6604
27549,11336
27549,13117
27550,6604
27550,17930
27551,2709
27551,2767
27551,17930
27552,7208
27552,7302
27553,19994
27553,20008
27554,3954
27554,7200
27555,3375
27555,3376
27556,3375
27556,3376
27556,18463
27557,1376
27557,2988
27558,6974
27558,10103
27559,23765
27559,24455
27560,4152
27560,7366
27561,10087
27561,17246
27562,17326
27562,17331
27563,3954
27563,7200
27564,15860
27564,24444
27565,5123
27565,11879
27566,8191
27566,9763
27567,3954
27567,7200
27568,15804
27568,15828
27569,989
27569,7732
27570,5123
27570,11879
27571,8045
27571,8347
27572,3954
27572,7200
27573,989
27573,7732
27574,11634
27574,14795
27575,5316
27575,6221
27575,9951
27576,5970
27576,6221
27577,4991
27577,9446
27578,643
27578,4850
27579,14467
27579,17138
27580,17187
27580,18896
27581,3954
27581,7200
27582,992
27582,1435
27583,459
27583,1608
27584,227
27584,20044
27585,9501
27585,12094
27586,2369
27586,3285
27586,3640
27586,6457
27586,9901
27587,1831
27587,10178
27587,10182
27588,4389
27588,4391
27589,2681
27589,3551
27590,16481
27590,19813
27591,43
27591,11891
27592,20053
27592,20054
27593,10945
27593,22599
27594,2488
27594,5506
27595,3604
27595,3665
27596,16374
27596,23357
27597,3954
27597,4837
27597,7200
27598,12394
27598,14361
27599,4142
27599,6775
27600,428
27600,14458
27601,27986
27601,28054
27602,5443
27602,9389
27603,12841
27603,17845
27604,23765
27604,24455
27605,6499
27605,7143
27606,2314
27606,3566
27607,2853
27607,29094
27608,2407
27608,7312
27609,13950
27609,13962
27610,24205
27610,24207
27611,81
27611,7030
27611,9060
27612,3488
27612,7663
27612,18378
27612,27562
27613,9005
27613,17258
27614,12598
27614,31270
27615,581
27615,10999
27616,13664
27616,13698
27617,11845
27617,13740
27618,3455
27618,10287
27619,7838
27619,7839
27620,301
27620,7561
27621,1028
27621,1241
27622,1028
27622,1241
27623,1028
27623,1241
27624,1028
27624,1241
27625,2328
27625,11949
27626,2995
27626,3898
27627,554
27627,14169
27628,3375
27628,3376
27629,15481
27629,16315
27630,5037
27630,10084
27631,17910
27631,18046
27632,14055
27632,25092
27633,14397
27633,15327
27634,5853
27634,12690
27635,12415
27635,12423
27636,11310
27636,12130
27637,11310
27637,12130
27637,29906
27638,12130
27638,29906
27639,11310
27639,12130
27640,11310
27640,29906
27641,10137
27641,11147
27642,6762
27642,6764
27643,1920
27643,7722
27644,5755
27644,10356
27645,3954
27645,7200
27646,3954
27646,7200
27647,23765
27647,24455
27648,2521
27648,13112
27649,18628
27649,18856
27650,10214
27650,16677
27651,1190
27651,3320
27652,9023
27652,21778
27653,28151
27653,31309
27654,359
27654,2740
27655,3954
27655,7200
27656,11990
27656,13641
27657,1135
27657,3091
27658,8012
27658,8731
27659,382
27659,8191
27660,6883
27660,8191
27661,5504
27661,7808
27662,16807
27662,17964
27662,18414
27663,27964
27663,27966
27663,27968
27664,21555
27664,22609
27665,1991
27665,11809
27666,8191
27666,9763
27667,8191
27667,9763
27668,8191
27668,9763
27669,8191
27669,9763
27670,43
27670,6607
27670,11891
27671,8837
27671,20027
27672,5632
27672,9323
27672,9348
27673,3535
27673,11041
27673,21965
27674,3954
27674,7200
27675,26191
27675,27374
27676,27338
27676,29559
27677,9273
27677,24675
27678,24651
27678,24786
27679,25622
27679,26200
27680,7208
27680,7302
27681,14397
27681,15327
27682,868
27682,1491
27683,10685
27683,12413
27684,17362
27684,17802
27685,22519
27685,28072
27686,26104
27686,30543
27687,626
27687,2336
27688,12398
27688,19136
27689,1028
27689,1241
27690,5944
27690,6001
27691,1186
27691,16321
27692,59
27692,12629
27693,5324
27693,8644
27694,3640
27694,6719
27695,4094
27695,8332
27696,23573
27696,28837
27697,9497
27697,9501
27698,7312
27698,7812
27699,1585
27699,1608
27700,12393
27700,17351
27701,11204
27701,19256
27701,24996
27702,6499
27702,15300
27702,26911
27703,1430
27703,17762
27704,25080
27704,27239
27705,6636
27705,9229
27706,6636
27706,9229
27707,402
27707,8943
27708,9454
27708,9461
27709,4520
27709,5487
27710,11424
27710,12355
27711,11424
27711,12355
27712,4943
27712,5382
27713,31240
27713,31314
27714,9066
27714,10642
27715,10642
27715,17595
27716,5506
27716,11234
27717,14209
27717,15860
27718,12505
27718,15040
27718,17350
27719,24642
27719,27003
27720,2425
27720,9556
27721,245
27721,9838
27722,10047
27722,11337
27723,6545
27723,8103
27724,10047
27724,11337
27725,11234
27725,22274
27726,26130
27726,27560
27727,59
27727,4884
27728,3954
27728,7200
27729,8040
27729,13003
27730,6095
27730,9038
27731,989
27731,7732
27732,7200
27732,17085
27733,8040
27733,13003
27734,2060
27734,9861
27735,15220
27735,16435
27736,1871
27736,2282
27737,1634
27737,2134
27738,10494
27738,10569
27739,10494
27739,10569
27740,12360
27740,17400
27741,10494
27741,10569
27742,14809
27742,18963
27743,11739
27743,11741
27744,10144
27744,10147
27745,8191
27745,9763
27746,3729
27746,7766
27746,8593
27746,8595
27746,11940
27747,7766
27747,11940
27748,7766
27748,8595
27749,75
27749,8593
27749,11940
27750,4844
27750,6794
27751,4844
27751,6794
27752,7045
27752,19861
27753,7154
27753,9618
27754,8606
27754,10805
27755,30841
27755,30860
27756,28938
27756,28977
27757,23630
27757,23726
27758,4296
27758,6540
27759,9497
27759,9501
27759,9779
27760,5320
27760,11837
27761,7459
27761,9875
27762,9497
27762,9687
27763,7776
27763,9497
27763,9501
27763,10047
27764,3346
27764,9501
27765,9497
27765,10047
27765,11337
27766,9497
27766,10047
27767,9501
27767,11234
27768,1818
27768,3346
27768,9497
27768,9687
27768,10047
27768,12398
27768,12419
27769,9501
27769,12398
27769,12419
27770,9497
27770,9501
27771,7739
27771,8511
27772,4422
27772,10047
27772,10202
27772,11337
27773,9501
27773,9687
27773,11234
27774,9501
27774,9687
27775,5630
27775,9687
27776,9779
27776,10047
27777,15874
27777,17311
27778,6356
27778,9497
27779,9497
27779,14421
27780,9497
27780,11250
27781,7208
27781,7302
27781,9501
27781,9687
27782,8316
27782,9501
27782,9687
27783,9687
27783,16418
27784,9497
27784,9501
27784,16078
27785,9501
27785,9687
27786,4422
27786,11250
27787,8316
27787,9687
27788,8316
27788,9687
27789,8316
27789,9687
27790,6356
27790,11250
27790,14127
27791,9497
27791,11250
27792,10311
27792,11250
27792,20262
27793,8316
27793,9687
27794,11234
27794,22274
27795,9497
27795,16418
27796,8316
27796,9687
27796,15785
27797,5630
27797,16418
27798,9501
27798,9779
27798,9899
27799,27516
27799,30432
27800,11644
27800,16693
27801,11644
27801,16693
27802,1591
27802,1592
27803,11445
27803,12109
27804,8561
27804,24907
27805,7838
27805,10144
27806,3375
27806,3376
27807,8944
27807,10171
27808,9411
27808,10405
27809,2761
27809,4876
27810,20617
27810,24256
27811,2249
27811,13177
27812,1173
27812,10888
27813,2345
27813,11346
27814,15110
27814,15741
27815,4844
27815,6794
27816,1648
27816,23483
27817,4048
27817,10149
27818,27003
27818,31048
27819,4392
27819,5329
27820,3954
27820,4837
27821,5123
27821,13386
27822,2308
27822,13395
27823,8499
27823,9440
27824,402
27824,7154
27825,7154
27825,9618
27826,5160
27826,11617
27826,14270
27826,15548
27826,17064
27827,486
27827,3920
27828,11672
27828,24294
27829,26329
27829,26674
27830,14829
27830,15469
27831,386
27831,14328
27832,2314
27832,5370
27833,15290
27833,16874
27834,14328
27834,15290
27835,15290
27835,16874
27836,15290
27836,16874
27837,15290
27837,16874
27838,19222
27838,19810
27839,2346
27839,16328
27840,2767
27840,7722
27841,483
27841,4217
27842,7810
27842,28724
27843,14083
27843,28589
27844,5275
27844,13112
27845,5275
27845,13112
27846,5275
27846,13112
27847,5275
27847,13112
27848,3869
27848,25093
27849,4142
27849,6775
27850,3355
27850,9895
27851,3640
27851,6718
27851,6719
27851,7173
27852,14829
27852,15469
27853,2788
27853,13734
27853,23590
27854,22221
27854,22599
27855,1916
27855,2472
27856,654
27856,3278
27857,9895
27857,12084
27858,2847
27858,2848
27859,13138
27859,20964
27860,5968
27860,10592
27861,81
27861,643
27861,9419
27862,519
27862,1082
27862,1916
27862,2891
27862,3530
27862,10150
27862,12542
27863,18194
27863,18863
27864,8952
27864,10624
27865,8952
27865,10624
27866,5853
27866,10238
27866,14044
27867,9739
27867,17125
27868,7535
27868,27434
27869,12094
27869,12162
27870,13324
27870,13761
27871,9497
27871,9501
27872,21005
27872,21254
27873,11234
27873,22274
27874,10668
27874,17930
27875,301
27875,7561
27875,7576
27876,6131
27876,8396
27877,8396
27877,10273
27878,579
27878,4193
27879,8574
27879,8764
27880,9005
27880,17258
27881,992
27881,1435
27882,992
27882,1435
27883,6065
27883,9061
27884,8191
27884,9763
27885,20193
27885,20207
27886,11083
27886,11161
27887,26914
27887,27562
27888,2835
27888,11883
27889,575
27889,1590
27890,13273
27890,14802
27891,1154
27891,4655
27892,81
27892,402
27893,1920
27893,20387
27894,13138
27894,20964
27895,20193
27895,20207
27896,19574
27896,19585
27897,4456
27897,6416
27898,7221
27898,29201
27899,6369
27899,8334
27900,10586
27900,12772
27901,3657
27901,14484
27902,14546
27902,16644
27903,3153
27903,4452
27904,5920
27904,12507
27905,6457
27905,16670
27906,1614
27906,4674
27907,2547
27907,20598
27908,20800
27908,21495
27909,997
27909,19845
27909,24085
27909,25384
27910,1376
27910,9432
27911,2147
27911,2149
27911,3931
27912,5972
27912,6798
27913,20290
27913,23140
27913,24566
27914,4293
27914,6608
27915,15481
27915,16315
27916,26914
27916,27562
27917,16638
27917,24413
27918,14397
27918,14430
27918,28814
27919,25604
27919,25632
27920,17594
27920,30375
27921,1808
27921,1810
27922,1591
27922,2511
27923,14829
27923,15469
27924,2456
27924,16085
27925,6351
27925,22196
27926,3869
27926,25093
27927,16439
27927,16568
27928,27397
27928,27403
27928,27702
27929,25746
27929,28711
27930,24642
27930,27003
27931,10494
27931,10941
27932,89
27932,5541
27933,11256
27933,12256
27934,14809
27934,18963
27935,1104
27935,8101
27936,10310
27936,26002
27937,6915
27937,19124
27938,2569
27938,7110
27938,8229
27939,4507
27939,4520
27940,1055
27940,1056
27941,5037
27941,10695
27942,5123
27942,5159
27943,3954
27943,4837
27944,7329
27944,7555
27945,1225
27945,2533
27946,2794
27946,22941
27947,8499
27947,9440
27948,11083
27948,11161
27949,7766
27949,8593
27950,10805
27950,11249
27951,4241
27951,4603
27952,4241
27952,4603
27953,22346
27953,29275
27954,6412
27954,20777
27955,6412
27955,20777
27956,13179
27956,15717
27957,11234
27957,22274
27958,9874
27958,10021
27959,4970
27959,5486
27960,1815
27960,2525
27961,5944
27961,6001
27962,10242
27962,11937
27963,3488
27963,3658
27963,7543
27964,2786
27964,8868
27965,3488
27965,19071
27966,11336
27966,13117
27967,5888
27967,27977
27968,7386
27968,7446
27969,11037
27969,11636
27970,12248
27970,24300
27971,6519
27971,11396
27972,1371
27972,13905
27973,2442
27973,3414
27974,10296
27974,10938
27975,4640
27975,17673
27976,8824
27976,21815
27977,7208
27977,7302
27978,1585
27978,19973
27979,17153
27979,17177
27980,17153
27980,17177
27981,20817
27981,21552
27982,18880
27982,19891
27983,18880
27983,19891
27984,29255
27984,29373
27985,8626
27985,28985
27986,180
27986,8606
27987,81
27987,402
27988,13580
27988,14766
27989,12094
27989,12162
27990,5766
27990,7563
27991,10151
27991,10152
27992,6062
27992,7054
27993,10705
27993,11743
27994,23330
27994,25066
27995,1591
27995,1592
27996,9924
27996,10056
27997,14991
27997,22873
27998,8040
27998,13003
27999,20800
27999,21495
28000,2369
28000,6214
28001,4392
28001,5329
28002,19167
28002,19804
28003,2369
28003,6214
28004,91
28004,10607
28005,3785
28005,11690
28006,10432
28006,17646
28007,1048
28007,1337
28007,1391
28008,4126
28008,4357
28009,22112
28009,23758
28010,867
28010,11361
28011,4961
28011,24053
28012,13447
28012,14887
28013,14991
28013,22873
28014,9497
28014,9501
28015,2369
28015,6214
28016,23765
28016,24455
28017,19756
28017,28524
28018,1516
28018,1954
28019,12114
28019,21590
28020,8705
28020,23728
28021,18628
28021,18856
28022,7045
28022,19861
28023,26575
28023,26645
28024,4011
28024,18898
28025,4011
28025,18898
28026,14209
28026,15860
28027,4389
28027,4391
28028,11812
28028,22438
28029,2369
28029,6214
28030,16262
28030,17624
28031,1585
28031,1608
28032,2369
28032,6214
28033,3015
28033,10068
28034,3954
28034,7200
28035,2291
28035,2729
28036,9474
28036,10536
28037,3971
28037,20492
28038,6007
28038,8764
28039,24756
28039,27863
28040,8667
28040,26516
28041,18516
28041,18721
28042,21767
28042,23124
28042,24477
28043,9687
28043,27933
28044,21837
28044,21864
28045,227
28045,16889
28046,14521
28046,17515
28047,23765
28047,24455
28048,2402
28048,2667
28049,2402
28049,2667
28050,4491
28050,4726
28051,21069
28051,21086
28052,19
28052,20446
28052,20946
28053,26282
28053,26284
28054,27077
28054,27078
28054,31264
28055,9497
28055,9501
28056,9497
28056,9501
28057,12841
28057,16875
28058,14991
28058,22873
28059,10754
28059,16947
28060,2667
28060,13117
28061,1991
28061,11809
28062,8206
28062,12257
28063,3179
28063,3725
28063,11142
28064,22714
28064,22717
28064,22726
28065,2933
28065,2948
28066,2314
28066,5370
28067,12673
28067,14313
28068,10133
28068,10144
28068,10147
28069,10144
28069,10147
28070,10144
28070,10147
28071,10133
28071,10144
28072,1236
28072,10147
28073,10144
28073,10147
28074,10133
28074,10144
28075,10133
28075,10144
28075,10147
28076,10023
28076,10144
28077,10133
28077,10144
28077,11107
28078,10144
28078,10147
28079,10144
28079,10147
28080,10133
28080,11107
28081,10133
28081,10147
28081,20493
28082,10023
28082,19528
28083,10133
28083,18257
28084,10892
28084,20709
28085,1366
28085,1585
28085,1608
28086,21245
28086,21322
28086,21341
28087,1845
28087,21322
28088,1788
28088,1831
28089,2402
28089,2667
28090,11336
28090,13117
28091,2846
28091,9705
28092,236
28092,4280
28093,20800
28093,21495
28094,8974
28094,8976
28095,21339
28095,26541
28096,17561
28096,17623
28096,18417
28097,1871
28097,2282
28098,2456
28098,16085
28099,6351
28099,22196
28100,8818
28100,10018
28101,10355
28101,11746
28102,6764
28102,22194
28103,992
28103,1435
28104,992
28104,1435
28105,108
28105,14686
28106,2019
28106,16262
28107,4159
28107,5282
28108,13046
28108,29130
28109,3306
28109,4329
28110,2144
28110,5864
28111,4335
28111,14844
28112,4045
28112,11299
28113,14991
28113,22873
28114,532
28114,18118
28115,26743
28115,26761
28116,25284
28116,31081
28117,8837
28117,20027
28118,16744
28118,23865
28119,8574
28119,8764
28120,10494
28120,10569
28121,6489
28121,10173
28122,1585
28122,1608
28123,196
28123,409
28124,3640
28124,6719
28125,7400
28125,7447
28126,2456
28126,16085
28127,7535
28127,27403
28128,2033
28128,11949
28129,16061
28129,19450
28130,2402
28130,2667
28131,8595
28131,10519
28132,75
28132,8593
28133,1173
28133,25908
28134,18258
28134,25908
28135,16374
28135,23357
28136,16374
28136,18895
28137,16374
28137,23357
28138,6458
28138,6460
28139,5853
28139,7838
28140,16374
28140,23357
28141,3954
28141,7200
28142,50
28142,53
28143,3954
28143,7200
28144,14829
28144,15469
28145,1463
28145,12629
28146,59
28146,12564
28147,59
28147,12564
28148,1589
28148,4674
28149,1496
28149,14330
28149,15318
28150,14330
28150,15318
28151,1589
28151,8320
28152,1589
28152,16740
28153,11064
28153,13584
28154,13766
28154,13999
28155,1589
28155,29807
28156,5677
28156,22259
28156,27277
28157,6458
28157,6460
28158,22519
28158,28072
28159,8666
28159,26460
28160,4461
28160,8255
28161,8660
28161,15756
28162,6294
28162,10238
28163,955
28163,10238
28164,6294
28164,10238
28165,847
28165,10238
28166,16413
28166,16467
28167,6294
28167,10238
28168,459
28168,6294
28169,6294
28169,10238
28170,967
28170,6457
28171,18628
28171,18856
28172,23765
28172,24455
28173,5089
28173,25603
28174,21332
28174,28175
28175,13769
28175,14029
28176,9411
28176,11746
28177,145
28177,189
28178,2019
28178,12956
28179,13158
28179,17974
28180,2709
28180,5744
28181,12209
28181,19014
28182,25622
28182,26200
28183,25622
28183,26200
28184,25622
28184,26200
28185,992
28185,1435
28186,6166
28186,6181
28186,6341
28187,8974
28187,8976
28188,19845
28188,24085
28189,1521
28189,5123
28189,5159
28190,2442
28190,8968
28190,14814
28191,4271
28191,14814
28192,7208
28192,7302
28193,16374
28193,23357
28194,10238
28194,13955
28195,10238
28195,13955
28196,581
28196,13955
28197,19845
28197,24085
28198,2341
28198,2777
28199,16374
28199,23357
28200,2341
28200,2777
28201,20148
28201,21104
28202,1920
28202,20387
28203,11083
28203,11161
28204,992
28204,1435
28205,2511
28205,3551
28206,2511
28206,3551
28207,2511
28207,3551
28208,2511
28208,3551
28209,29012
28209,29016
28210,12036
28210,16534
28211,29443
28211,29457
28212,23907
28212,24567
28213,5725
28213,6214
28214,955
28214,1487
28214,4138
28215,11037
28215,11636
28216,955
28216,7838
28217,9727
28217,10659
28218,10538
28218,12292
28219,14850
28219,15046
28220,5089
28220,5167
28221,4659
28221,8727
28222,4567
28222,12551
28223,13576
28223,14608
28224,14850
28224,15046
28225,15978
28225,16003
28226,1531
28226,3586
28227,158
28227,26902
28228,5089
28228,11111
28229,20784
28229,29767
28230,25158
28230,27749
28231,27197
28231,28932
28232,19593
28232,24821
28233,1591
28233,1592
28234,3019
28234,8668
28235,359
28235,2740
28236,6842
28236,6904
28237,18698
28237,21767
28238,4844
28238,6794
28239,15018
28239,15020
28240,23765
28240,24455
28241,6007
28241,8615
28242,6007
28242,8764
28243,13337
28243,17000
28244,13078
28244,13079
28245,2546
28245,6079
28246,14809
28246,18963
28247,18861
28247,20810
28248,8191
28248,9763
28249,145
28249,189
28250,6816
28250,7200
28251,16374
28251,17187
28251,18895
28251,18896
28252,17187
28252,18896
28253,459
28253,10238
28254,459
28254,6294
28255,847
28255,10238
28256,28238
28256,28239
28257,992
28257,1435
28258,1234
28258,1920
28259,75
28259,8593
28260,75
28260,8593
28261,7405
28261,8191
28262,17052
28262,17054
28263,11424
28263,12355
28264,4520
28264,5487
28265,11424
28265,12355
28266,1546
28266,12355
28267,11424
28267,12355
28268,3799
28268,8466
28269,11234
28269,22274
28270,14808
28270,21292
28270,22631
28271,669
28271,11635
28271,17488
28271,17758
28271,18012
28271,19101
28272,12281
28272,22941
28273,12281
28273,22941
28274,12281
28274,22941
28275,14829
28275,15469
28276,2958
28276,13095
28277,14103
28277,14176
28278,19845
28278,24085
28279,1585
28279,1608
28280,4371
28280,7567
28281,6457
28281,10018
28282,6457
28282,12622
28282,14686
28283,8990
28283,12010
28284,2145
28284,4036
28285,4844
28285,6794
28286,4844
28286,6794
28287,4844
28287,6794
28288,4844
28288,6794
28289,11739
28289,11741
28290,1599
28290,6789
28291,989
28291,7732
28292,9099
28292,10376
28293,13046
28293,29130
28294,1361
28294,10695
28295,1390
28295,25110
28296,85
28296,9037
28297,891
28297,18183
28298,24642
28298,27003
28299,1944
28299,16817
28300,359
28300,2740
28301,25294
28301,25320
28302,13957
28302,14958
28303,10053
28303,11435
28304,3869
28304,25093
28305,1371
28305,3731
28306,3954
28306,7200
28307,6294
28307,10238
28308,1585
28308,1608
28309,21837
28309,21864
28310,9815
28310,9820
28311,11204
28311,24996
28312,2511
28312,2681
28313,9500
28313,11644
28314,9500
28314,11644
28315,9500
28315,11644
28316,9500
28316,11644
28317,11644
28317,16871
28318,1591
28318,1592
28319,2363
28319,2369
28320,7766
28320,17508
28321,8191
28321,9763
28322,20193
28322,20207
28323,5570
28323,5704
28324,10662
28324,18693
28325,11812
28325,22438
28326,10532
28326,29553
28327,25573
28327,30713
28328,20174
28328,20202
28329,17844
28329,23231
28330,10386
28330,10387
28330,10421
28331,4456
28331,30038
28332,6059
28332,7200
28333,14829
28333,15469
28334,9917
28334,10427
28335,14809
28335,18963
28336,108
28336,11677
28336,11972
28337,108
28337,1798
28338,992
28338,1435
28339,10538
28339,12292
28340,5037
28340,10084
28341,1585
28341,1608
28342,955
28342,13203
28343,13270
28343,19134
28344,13270
28344,19134
28345,16000
28345,21518
28346,253
28346,4837
28346,9065
28347,20601
28347,22423
28348,3811
28348,6460
28349,1337
28349,1391
28350,302
28350,992
28350,16765
28350,18136
28351,2008
28351,8382
28352,9474
28352,10536
28353,14701
28353,20488
28354,8501
28354,13426
28355,7386
28355,7446
28356,13874
28356,14855
28356,14857
28357,12849
28357,16637
28358,12849
28358,16637
28359,22
28359,2314
28359,3566
28360,3722
28360,27907
28361,17989
28361,17990
28362,4816
28362,27532
28363,6458
28363,8990
28363,22446
28364,9530
28364,10386
28365,1908
28365,3393
28366,75
28366,1118
28366,3013
28366,3783
28366,6224
28366,8593
28366,10708
28367,7766
28367,13927
28368,227
28368,3375
28368,20044
28369,11256
28369,11362
28370,1439
28370,23138
28371,23590
28371,24760
28372,6007
28372,8574
28373,12794
28373,21439
28374,23143
28374,24263
28375,4047
28375,11465
28376,6209
28376,18630
28377,1599
28377,6789
28378,6007
28378,8574
28379,8106
28379,8515
28380,43
28380,6607
28381,20800
28381,21495
28382,16403
28382,16464
28383,14991
28383,22873
28384,21767
28384,23124
28385,7668
28385,8147
28386,15018
28386,15020
28387,15018
28387,15020
28388,15018
28388,15020
28389,15018
28389,15020
28390,15018
28390,15020
28391,15018
28391,15020
28392,15018
28392,19779
28393,8537
28393,21590
28394,10538
28394,12292
28395,12172
28395,15711
28396,676
28396,4100
28397,7668
28397,8147
28398,21782
28398,22353
28399,21782
28399,22353
28400,43
28400,6607
28401,21782
28401,22353
28402,21782
28402,22353
28403,26855
28403,27379
28403,28829
28404,7208
28404,7302
28405,3954
28405,7200
28406,4193
28406,9895
28406,17064
28407,4048
28407,10149
28408,145
28408,189
28409,8667
28409,26516
28410,1371
28410,8390
28411,1014
28411,1291
28412,1394
28412,1456
28413,1043
28413,16734
28414,13273
28414,14802
28415,5853
28415,16734
28416,14251
28416,14296
28417,3954
28417,7200
28418,11049
28418,16602
28419,5661
28419,11949
28420,5661
28420,11949
28421,13095
28421,24046
28422,14409
28422,14589
28423,2314
28423,3566
28424,326
28424,5973
28424,9549
28424,10642
28425,265
28425,7563
28426,26914
28426,27562
28427,3954
28427,7200
28428,1585
28428,1608
28429,13273
28429,14802
28430,7045
28430,19861
28431,15632
28431,21222
28432,1091
28432,2481
28433,469
28433,28733
28434,3375
28434,3376
28435,11336
28435,13117
28436,11000
28436,21651
28437,21961
28437,22728
28438,30025
28438,30026
28439,7208
28439,7302
28440,7208
28440,7302
28441,7208
28441,7302
28442,7208
28442,7302
28443,7208
28443,7302
28444,7208
28444,7302
28445,7208
28445,7302
28446,7208
28446,7302
28447,7208
28447,7302
28448,3145
28448,15059
28449,7208
28449,7302
28449,7696
28450,15978
28450,16003
28451,7535
28451,7932
28452,18601
28452,20258
28453,13078
28453,13079
28454,8837
28454,20027
28455,14809
28455,18963
28456,11077
28456,25978
28457,8667
28457,26516
28458,3693
28458,13819
28459,8673
28459,21332
28460,5888
28460,7555
28461,2197
28461,13324
28461,29890
28462,1971
28462,4461
28462,8255
28463,4461
28463,8255
28464,12879
28464,13172
28465,24380
28465,26535
28466,4072
28466,6771
28467,4072
28467,6771
28468,5403
28468,9431
28469,22346
28469,29376
28470,26425
28470,31020
28470,31021
28471,15730
28471,15916
28472,8590
28472,12343
28473,1585
28473,6855
28474,5445
28474,11001
28475,2959
28475,7756
28476,11234
28476,16720
28477,11207
28477,15008
28478,14829
28478,15469
28479,22519
28479,28072
28480,7206
28480,16589
28481,1022
28481,17395
28482,12550
28482,29820
28483,13078
28483,13079
28484,18628
28484,18856
28485,18628
28485,18856
28486,14809
28486,18963
28487,27078
28487,27930
28488,10047
28488,11337
28489,4347
28489,6883
28490,24642
28490,27003
28491,7475
28491,9137
28492,19756
28492,28524
28493,6036
28493,6322
28494,10174
28494,10552
28495,7514
28495,7540
28495,13970
28496,12806
28496,15179
28497,12693
28497,13055
28498,9452
28498,11398
28499,11644
28499,12101
28500,4146
28500,5369
28501,13660
28501,14293
28502,353
28502,1954
28503,227
28503,20044
28504,227
28504,20044
28505,227
28505,20044
28506,20044
28506,22443
28507,19640
28507,21863
28508,25215
28508,25244
28509,15845
28509,16968
28510,9054
28510,9458
28511,5252
28511,5289
28512,10202
28512,10573
28513,3015
28513,10068
28514,3015
28514,10068
28515,3015
28515,10068
28516,3015
28516,10068
28517,22345
28517,22348
28518,22389
28518,22396
28519,22407
28519,22408
28520,29449
28520,30935
28521,10423
28521,24690
28522,10464
28522,10518
28523,11083
28523,11161
28524,2314
28524,8088
28525,7538
28525,13341
28526,12507
28526,17908
28527,2314
28527,3566
28528,14829
28528,15469
28529,8715
28529,9099
28529,10376
28530,459
28530,10238
28531,16374
28531,17187
28531,18895
28532,395
28532,6648
28533,3749
28533,20332
28534,3954
28534,7200
28535,3954
28535,7200
28536,7200
28536,7722
28537,3954
28537,17085
28537,26860
28538,10595
28538,11478
28539,22286
28539,24365
28540,2456
28540,16085
28541,8086
28541,9778
28542,2614
28542,11774
28543,14791
28543,16670
28544,3954
28544,7200
28545,28044
28545,28045
28546,3954
28546,7200
28547,8837
28547,20027
28548,23765
28548,24455
28549,2771
28549,2803
28550,13078
28550,13079
28551,3130
28551,21197
28552,743
28552,7376
28553,24642
28553,27003
28554,13078
28554,13079
28555,1585
28555,1608
28556,2165
28556,30498
28557,7397
28557,8346
28557,10640
28558,4520
28558,5487
28559,14209
28559,15860
28560,10243
28560,14881
28561,15275
28561,16054
28562,15275
28562,16054
28562,16055
28563,18628
28563,18856
28564,10133
28564,10147
28565,10144
28565,10147
28566,10133
28566,19528
28567,6209
28567,18630
28568,9636
28568,19818
28569,14829
28569,15469
28570,14829
28570,15469
28571,497
28571,8644
28572,497
28572,8644
28573,497
28573,15332
28574,497
28574,8644
28574,16297
28575,497
28575,16297
28576,497
28576,16297
28577,8644
28577,15332
28578,497
28578,16297
28579,497
28579,15332
28580,497
28580,16297
28581,497
28581,8644
28581,15332
28582,497
28582,8644
28583,497
28583,8644
28584,497
28584,8644
28585,497
28585,8644
28586,497
28586,8644
28587,497
28587,8644
28588,497
28588,8644
28589,6458
28589,6460
28590,14829
28590,15469
28591,27598
28591,28199
28592,3954
28592,7200
28593,3954
28593,7200
28594,13078
28594,13079
28595,7045
28595,19861
28596,6616
28596,6821
28597,20655
28597,23214
28598,5708
28598,14551
28599,8396
28599,10273
28600,13166
28600,15356
28601,5533
28601,12432
28602,3971
28602,6125
28603,5420
28603,5619
28603,15559
28604,6294
28604,10238
28605,10869
28605,10918
28606,9859
28606,31056
28607,27969
28607,27971
28608,22519
28608,28072
28609,7711
28609,22621
28610,353
28610,1463
28611,8705
28611,23728
28612,694
28612,699
28613,3788
28613,4452
28614,20044
28614,22443
28615,5797
28615,7025
28615,10625
28616,20895
28616,21580
28617,4876
28617,23907
28618,26176
28618,27680
28618,28582
28618,28813
28619,17361
28619,20476
28620,17692
28620,18498
28621,4876
28621,23907
28622,5677
28622,24492
28622,27277
28623,10720
28623,10737
28624,2544
28624,22658
28625,23318
28625,24676
28626,5282
28626,5459
28627,13078
28627,13079
28628,69
28628,16770
28629,4045
28629,15481
28630,2314
28630,3566
28631,4220
28631,5972
28631,6798
28632,22
28632,2288
28633,20800
28633,21495
28634,9030
28634,9672
28634,12968
28635,8837
28635,19494
28636,14809
28636,18963
28637,43
28637,11891
28638,9593
28638,9598
28639,26754
28639,27039
28640,10494
28640,10569
28641,11234
28641,22274
28642,11970
28642,12801
28643,7184
28643,10303
28644,9792
28644,10302
28645,15481
28645,16315
28646,10890
28646,12997
28647,43
28647,6607
28647,11891
28648,23023
28648,23143
28648,23669
28649,6166
28649,6181
28650,24173
28650,24243
28651,22698
28651,25213
28652,989
28652,7732
28653,17830
28653,24312
28654,9727
28654,10659
28655,12596
28655,30179
28656,23907
28656,24567
28657,28044
28657,28045
28658,28044
28658,28045
28659,10706
28659,10789
28660,24722
28660,26909
28661,4837
28661,6059
28662,18214
28662,19043
28663,5797
28663,7025
28664,3954
28664,7200
28665,1491
28665,4504
28666,12719
28666,16435
28667,1531
28667,3586
28668,8931
28668,12997
28669,43
28669,11891
28670,852
28670,10797
28671,1738
28671,5627
28671,9246
28672,10233
28672,10471
28673,9024
28673,16259
28674,20549
28674,20643
28675,16374
28675,17187
28676,7766
28676,8593
28677,75
28677,7766
28677,8593
28677,11940
28678,75
28678,8593
28679,4045
28679,15481
28680,3954
28680,7200
28681,18698
28681,21767
28681,23124
28682,16555
28682,19603
28683,7161
28683,16087
28684,9497
28684,9501
28685,11732
28685,16938
28686,2314
28686,3566
28687,9223
28687,10356
28688,5864
28688,8505
28689,18955
28689,18956
28690,10536
28690,11923
28691,4448
28691,29030
28692,1843
28692,3503
28693,5677
28693,27277
28694,24492
28694,28170
28695,6931
28695,7233
28696,11077
28696,25978
28697,3954
28697,7200
28698,2033
28698,10847
28699,11320
28699,15002
28700,5037
28700,10084
28701,11083
28701,11161
28702,3629
28702,6629
28703,5199
28703,8316
28704,5613
28704,10695
28705,10695
28705,17906
28706,26204
28706,26221
28707,10695
28707,27270
28708,10695
28708,27270
28709,27372
28709,27373
28710,10695
28710,27270
28711,25164
28711,27503
28712,16481
28712,19813
28713,16481
28713,19813
28714,992
28714,1435
28715,5766
28715,7563
28716,5766
28716,7563
28717,955
28717,4138
28718,3566
28718,16687
28718,19810
28719,2314
28719,5370
28720,6063
28720,7236
28721,7012
28721,8147
28722,21837
28722,21864
28723,17879
28723,19584
28724,24756
28724,27863
28724,28937
28725,8816
28725,12746
28726,11066
28726,15538
28727,5037
28727,10084
28728,3160
28728,8905
28729,23765
28729,24455
28730,13046
28730,29130
28731,9005
28731,17258
28732,9501
28732,9687
28733,14829
28733,15469
28734,30355
28734,30399
28735,30220
28735,30346
28736,8191
28736,9763
28737,13789
28737,14265
28738,11234
28738,22274
28739,11234
28739,22274
28740,11234
28740,22274
28741,11234
28741,22274
28742,11234
28742,22274
28743,11234
28743,22274
28744,9887
28744,14970
28745,9887
28745,29281
28746,17994
28746,24500
28747,17561
28747,17584
28747,17623
28748,7184
28748,9924
28749,5656
28749,10477
28750,24756
28750,27863
28751,4072
28751,6771
28752,4094
28752,8332
28753,25573
28753,30713
28754,7012
28754,8147
28755,15804
28755,15828
28756,28136
28756,28137
28757,22816
28757,22841
28758,4067
28758,14072
28759,11920
28759,20885
28760,21047
28760,21237
28761,4309
28761,6076
28762,4371
28762,7567
28763,16155
28763,23583
28764,955
28764,4138
28765,4048
28765,10149
28766,5766
28766,7563
28767,10405
28767,10662
28767,11320
28767,15971
28767,18596
28768,16972
28768,27011
28769,22519
28769,28072
28770,27003
28770,31048
28771,10918
28771,17621
28772,2363
28772,2369
28773,3015
28773,10068
28774,4837
28774,7200
28775,517
28775,9496
28776,1056
28776,1463
28776,1596
28776,4094
28776,8332
28777,7535
28777,8651
28778,4198
28778,10240
28779,4560
28779,10460
28780,7208
28780,7302
28781,4199
28781,6214
28782,7563
28782,10494
28783,7563
28783,18463
28784,227
28784,12798
28785,10642
28785,14063
28786,7338
28786,11739
28787,19574
28787,19585
28788,23765
28788,24455
28789,14397
28789,28814
28790,14055
28790,25092
28791,2314
28791,3566
28792,4977
28792,8776
28793,1531
28793,3586
28794,15481
28794,16315
28795,2336
28795,4471
28796,579
28796,3987
28797,519
28797,2126
28797,3024
28797,4622
28798,6165
28798,26832
28799,5656
28799,10477
28800,627
28800,1931
28801,1056
28801,1596
28802,13659
28802,21819
28802,21820
28803,1055
28803,1056
28804,2336
28804,2755
28804,14610
28805,11805
28805,24711
28806,11021
28806,16099
28807,11178
28807,15307
28808,4876
28808,23907
28809,9454
28809,15711
28810,6499
28810,20589
28811,3022
28811,8306
28812,2576
28812,7604
28813,4284
28813,10171
28813,13013
28813,13249
28813,16400
28814,14230
28814,18303
28815,4458
28815,5384
28816,364
28816,1157
28817,10869
28817,10918
28818,10869
28818,10880
28818,10918
28819,31481
28819,31482
28820,26135
28820,26226
28821,2314
28821,3566
28821,3729
28821,5370
28822,5422
28822,11041
28823,20646
28823,22649
28824,5910
28824,10202
28825,14829
28825,15469
28826,6125
28826,7235
28827,1564
28827,16863
28828,13533
28828,17176
28829,13769
28829,14029
28829,18601
28830,1585
28830,19973
28831,17910
28831,18046
28832,2380
28832,17910
28832,18046
28832,19403
28833,14747
28833,16407
28834,3565
28834,17793
28835,992
28835,12615
28836,9645
28836,15377
28836,17892
28836,20951
28837,17684
28837,17761
28837,17989
28837,17990
28838,344
28838,534
28839,10892
28839,12361
28840,1758
28840,14489
28841,3954
28841,5853
28841,7200
28842,21263
28842,21325
28843,16481
28843,19813
28844,1366
28844,1435
28845,1531
28845,3586
28846,1531
28846,21863
28847,10890
28847,12997
28848,10890
28848,17401
28849,10890
28849,18748
28850,8787
28850,15057
28850,16428
28850,21196
28851,1662
28851,5853
28851,8673
28851,9294
28851,13389
28851,17277
28851,21191
28852,9785
28852,22423
28853,6405
28853,12609
28854,8084
28854,8673
28854,13298
28854,13389
28854,15057
28854,16428
28854,17989
28854,21332
28855,5797
28855,7025
28856,12609
28856,15057
28857,3553
28857,22423
28858,16160
28858,17809
28858,18810
28859,11049
28859,16602
28860,22204
28860,22305
28861,43
28861,11891
28862,6587
28862,6607
28862,10892
28863,6166
28863,6181
28863,6341
28864,11599
28864,17837
28865,10892
28865,14535
28866,608
28866,10562
28867,14397
28867,15319
28868,15319
28868,15327
28868,25119
28869,3005
28869,10892
28870,18265
28870,20248
28871,2326
28871,13432
28871,23784
28871,25137
28872,25909
28872,25936
28873,13664
28873,29322
28874,29012
28874,29016
28875,29696
28875,29965
28876,23907
28876,24567
28877,26937
28877,26968
28878,4977
28878,8776
28879,4977
28879,8776
28880,14829
28880,15469
28881,10215
28881,11400
28882,907
28882,1469
28883,1634
28883,2134
28884,10379
28884,10848
28885,4347
28885,6883
28886,24642
28886,27003
28887,14991
28887,22873
28888,2778
28888,9689
28889,867
28889,11361
28890,25042
28890,25587
28891,75
28891,8593
28892,75
28892,8593
28893,2144
28893,5864
28894,6575
28894,11879
28894,11957
28894,15924
28894,16952
28895,9497
28895,9501
28896,29280
28896,29296
28897,554
28897,1184
28897,1463
28897,5362
28897,10249
28897,12629
28897,14463
28898,5968
28898,15514
28899,1195
28899,20116
28900,3811
28900,21897
28901,26134
28901,26266
28902,16919
28902,23891
28903,17317
28903,20886
28904,18318
28904,20448
28905,1028
28905,1241
28906,198
28906,18414
28907,1585
28907,1608
28908,3954
28908,4837
28908,7200
28909,14209
28909,15860
28910,81
28910,643
28910,2953
28911,8510
28911,8774
28912,5123
28912,5159
28913,5037
28913,10084
28914,4837
28914,9065
28915,3954
28915,7200
28916,13576
28916,23307
28917,2288
28917,3566
28918,5037
28918,8390
28918,10084
28919,3954
28919,7200
28920,18367
28920,22739
28921,26965
28921,30226
28922,7960
28922,8261
28923,3504
28923,4106
28924,8008
28924,13319
28924,13735
28925,10174
28925,10552
28926,6007
28926,8574
28926,8764
28927,6007
28927,8764
28928,992
28928,1435
28929,8740
28929,13281
28930,7668
28930,8147
28931,1898
28931,15606
28932,20895
28932,21580
28933,23765
28933,24455
28934,2369
28934,6214
28935,13312
28935,22556
28936,5037
28936,10084
28937,1585
28937,1608
28938,14397
28938,15327
28939,14055
28939,25092
28940,13874
28940,14857
28941,1348
28941,13539
28942,3491
28942,4345
28943,22153
28943,22350
28944,5123
28944,5159
28945,9264
28945,13386
28946,3954
28946,7200
28947,8191
28947,9763
28948,5123
28948,5159
28949,5656
28949,10477
28950,13046
28950,29130
28951,5797
28951,7025
28952,29012
28952,29016
28953,17361
28953,20476
28954,5677
28954,22259
28954,27277
28955,5677
28955,22259
28956,1063
28956,11652
28956,12041
28957,9895
28957,23214
28958,6762
28958,6764
28959,1585
28959,1608
28960,23831
28960,23856
28961,8510
28961,8774
28962,12673
28962,14313
28963,1991
28963,11809
28964,1531
28964,3586
28965,1531
28965,3586
28966,5123
28966,11879
28966,11957
28966,13386
28966,16952
28967,6575
28967,15924
28968,25773
28968,27659
28969,5123
28969,5159
28969,6575
28969,11879
28969,11957
28969,13386
28969,15924
28970,5123
28970,5159
28970,6575
28970,11879
28970,11957
28970,13386
28970,15924
28970,16934
28971,868
28971,9348
28972,15481
28972,16315
28973,385
28973,386
28974,459
28974,10238
28975,1760
28975,2892
28976,6367
28976,14314
28977,9252
28977,14463
28978,6164
28978,6170
28979,1277
28979,10678
28980,2679
28980,13440
28981,12024
28981,23682
28982,13652
28982,22446
28982,23893
28983,12281
28983,14472
28984,13652
28984,22446
28985,12281
28985,14472
28986,23042
28986,24961
28987,7073
28987,10722
28988,694
28988,23747
28989,694
28989,699
28990,3503
28990,11094
28991,292
28991,295
28992,2033
28992,11949
28993,21733
28993,27820
28994,196
28994,409
28995,28456
28995,29440
28995,30943
28996,17989
28996,17990
28997,6457
28997,6458
28997,6460
28997,10771
28997,13687
28998,9916
28998,12394
28999,12394
28999,14361
29000,5945
29000,19204
29001,9593
29001,9598
29002,364
29002,2852
29003,364
29003,2852
29004,364
29004,2852
29005,15363
29005,15668
29006,18257
29006,22566
29007,19370
29007,19422
29008,292
29008,295
29009,4389
29009,4391
29010,4389
29010,4391
29011,4195
29011,4246
29012,3954
29012,7200
29013,19640
29013,21863
29014,6294
29014,10238
29015,6294
29015,10238
29016,284
29016,288
29017,3971
29017,17729
29018,24642
29018,27003
29019,14524
29019,14587
29020,6499
29020,17876
29020,18874
29021,9763
29021,10171
29022,10171
29022,13623
29023,8974
29023,8976
29024,19845
29024,24085
29025,6412
29025,20777
29026,10047
29026,11337
29027,708
29027,3875
29027,4109
29028,20044
29028,22443
29029,10171
29029,11145
29030,11999
29030,20052
29031,4502
29031,13176
29031,22994
29032,11094
29032,11696
29033,18250
29033,18480
29034,465
29034,1845
29035,11987
29035,26001
29036,4601
29036,18338
29037,28434
29037,28443
29038,1130
29038,7696
29039,13436
29039,15199
29040,7288
29040,10217
29041,9497
29041,24393
29042,837
29042,10412
29043,6585
29043,6586
29044,13939
29044,15750
29045,1954
29045,15686
29046,13436
29046,15199
29047,4500
29047,11217
29048,8392
29048,10838
29049,549
29049,18169
29050,29255
29050,29373
29051,12693
29051,13055
29052,12693
29052,13055
29053,12693
29053,13055
29054,6458
29054,6460
29055,14809
29055,18963
29056,14809
29056,18963
29057,14809
29057,18963
29058,14809
29058,18963
29059,14809
29059,18963
29060,14809
29060,18963
29061,14809
29061,18963
29062,14809
29062,18963
29063,5656
29063,10477
29064,24642
29064,27003
29065,7184
29065,10303
29066,7012
29066,8147
29067,14852
29067,25402
29068,4389
29068,4391
29069,24642
29069,27003
29070,967
29070,1150
29071,13659
29071,21819
29072,955
29072,4138
29073,11477
29073,16252
29074,1591
29074,1592
29075,3640
29075,9685
29076,1546
29076,3145
29077,904
29077,6458
29078,459
29078,8537
29079,17876
29079,18530
29079,18874
29080,17876
29080,18874
29081,2456
29081,16085
29082,2456
29082,16085
29083,227
29083,20044
29084,907
29084,1469
29085,24230
29085,28115
29086,26884
29086,27051
29087,5301
29087,7354
29088,8929
29088,16260
29089,29143
29089,29151
29090,24642
29090,27003
29091,5392
29091,5755
29091,6457
29091,16318
29091,17081
29092,77
29092,1696
29092,15222
29093,6457
29093,15222
29093,16318
29094,5392
29094,5545
29095,8868
29095,12155
29096,16044
29096,16378
29097,11256
29097,19074
29098,5910
29098,10704
29099,12094
29099,12162
29100,1585
29100,1608
29101,7776
29101,9501
29102,9497
29102,9501
29102,11234
29103,19192
29103,20061
29104,8191
29104,16677
29105,24642
29105,27003
29106,4389
29106,4391
29107,17637
29107,17971
29108,21596
29108,21604
29109,10720
29109,10737
29110,1944
29110,16817
29111,24642
29111,27003
29112,2846
29112,9705
29113,1514
29113,1559
29114,284
29114,288
29115,16481
29115,19813
29116,9037
29116,15643
29117,14829
29117,15469
29118,6835
29118,6879
29119,22112
29119,23758
29120,1758
29120,14489
29121,3954
29121,7200
29122,3954
29122,7200
29123,19
29123,20
29123,2005
29124,11234
29124,22274
29125,16807
29125,17964
29126,25282
29126,27806
29127,29757
29127,29758
29128,29542
29128,30721
29129,4977
29129,8776
29130,4844
29130,6794
29131,8705
29131,23728
29132,2558
29132,28731
29133,1916
29133,2472
29133,7485
29134,3954
29134,6059
29134,7200
29135,1979
29135,10341
29136,5159
29136,5329
29137,3954
29137,4837
29138,21245
29138,21322
29139,12702
29139,21732
29140,8350
29140,9138
29140,9479
29140,9610
29141,3604
29141,8156
29141,9610
29141,11286
29142,13050
29142,13597
29143,11286
29143,13050
29144,8172
29144,11286
29144,13050
29145,12115
29145,13188
29146,8590
29146,12317
29146,12343
29147,20959
29147,21009
29148,8590
29148,24691
29149,14829
29149,15469
29150,19680
29150,19681
29151,9030
29151,12832
29152,8590
29152,12317
29152,12343
29153,6125
29153,24540
29154,517
29154,1138
29155,10224
29155,18018
29156,10224
29156,18018
29157,10224
29157,18018
29157,20241
29158,22204
29158,22305
29159,8705
29159,23728
29160,24623
29160,24624
29161,1167
29161,16432
29162,23597
29162,27050
29163,301
29163,7561
29163,7576
29164,3954
29164,7200
29165,8191
29165,9763
29166,16374
29166,17187
29166,18895
29166,18896
29167,13046
29167,29130
29168,13078
29168,13079
29169,11836
29169,13448
29170,3954
29170,7200
29171,23613
29171,23688
29172,23613
29172,23688
29173,1585
29173,1608
29174,3117
29174,11285
29175,3117
29175,11285
29176,3954
29176,7200
29177,19593
29177,24821
29178,24988
29178,25026
29179,2525
29179,10613
29180,14991
29180,22873
29181,7208
29181,7302
29181,7696
29182,1195
29182,1196
29183,9790
29183,19813
29184,29688
29184,29692
29185,7208
29185,7302
29185,7696
29186,10805
29186,11249
29187,8974
29187,8976
29188,3971
29188,6125
29189,18452
29189,18459
29190,20601
29190,22423
29191,10019
29191,10020
29192,7208
29192,7302
29192,7696
29193,989
29193,7732
29194,10679
29194,23157
29195,4048
29195,10149
29196,18452
29196,18459
29197,1374
29197,9421
29198,27077
29198,27078
29198,31264
29199,14000
29199,20622
29200,8537
29200,21590
29201,11083
29201,11161
29202,5656
29202,10477
29203,2529
29203,20527
29204,8537
29204,21590
29205,9497
29205,9501
29206,3566
29206,16687
29206,17256
29207,13046
29207,29130
29208,13819
29208,14110
29209,23017
29209,26911
29210,23017
29210,26911
29211,23017
29211,27379
29212,22
29212,2314
29213,2560
29213,19432
29214,14430
29214,28814
29215,11990
29215,13641
29216,9859
29216,31056
29217,1979
29217,10341
29218,799
29218,15796
29219,1109
29219,13592
29220,1167
29220,16432
29221,7200
29221,17085
29222,32
29222,17579
29223,8510
29223,8774
29224,301
29224,7576
29225,16481
29225,19813
29226,1208
29226,28655
29227,386
29227,13813
29228,5159
29228,5973
29229,7722
29229,9916
29230,2933
29230,2948
29231,25042
29231,25587
29232,5972
29232,6798
29233,2363
29233,2369
29234,5656
29234,10477
29235,8561
29235,24907
29236,6458
29236,6460
29237,14829
29237,15469
29238,2976
29238,5422
29238,6458
29238,6460
29238,8990
29238,11150
29239,6458
29239,11041
29240,10805
29240,11249
29241,364
29241,2852
29242,8191
29242,9763
29243,8191
29243,9763
29244,8191
29244,9763
29245,17727
29245,17728
29246,364
29246,2852
29247,13336
29247,22338
29247,23802
29248,364
29248,2852
29249,9847
29249,10852
29250,483
29250,4217
29251,326
29251,9549
29252,4066
29252,4568
29253,5888
29253,7555
29254,772
29254,7645
29255,1195
29255,1196
29256,2904
29256,16755
29257,2525
29257,25624
29258,20800
29258,21495
29259,23477
29259,25184
29260,8001
29260,12395
29261,4347
29261,6883
29262,1560
29262,1573
29263,18880
29263,19891
29264,3385
29264,13816
29265,24642
29265,27003
29266,1585
29266,1608
29267,17910
29267,18046
29268,21047
29268,21237
29269,4389
29269,4391
29270,8561
29270,24907
29271,24642
29271,27003
29272,3073
29272,4861
29273,24642
29273,27003
29274,1991
29274,11809
29275,7475
29275,9137
29276,10711
29276,11452
29277,4520
29277,5487
29278,11739
29278,11741
29279,2511
29279,3765
29280,365
29280,5265
29280,11127
29280,14180
29281,3535
29281,4790
29281,8411
29281,8990
29282,18802
29282,23682
29282,24266
29283,7230
29283,9496
29283,13594
29283,20077
29283,20949
29284,9003
29284,17902
29284,24449
29285,17742
29285,30628
29286,2511
29286,3765
29286,6938
29286,14098
29287,9382
29287,9973
29287,11359
29287,13974
29287,17449
29288,3535
29288,4790
29288,8411
29288,8990
29288,16857
29288,17443
29289,2450
29289,5718
29289,8783
29289,10168
29289,12812
29289,13185
29290,3954
29290,7200
29291,6937
29291,10238
29292,75
29292,8593
29293,13659
29293,21819
29294,13979
29294,14043
29294,21273
29295,1585
29295,1608
29296,17553
29296,25472
29297,1117
29297,13343
29298,1943
29298,13916
29299,8191
29299,9763
29300,11234
29300,22274
29301,20601
29301,22423
29302,15067
29302,15427
29303,20601
29303,22423
29304,1585
29304,1608
29305,7112
29305,11195
29306,11820
29306,15090
29307,17989
29307,17990
29308,17989
29308,17990
29309,20601
29309,22423
29310,20601
29310,22423
29311,7184
29311,10303
29312,5577
29312,6405
29313,1167
29313,16432
29314,3102
29314,9405
29315,5123
29315,6575
29315,11879
29316,11336
29316,13117
29317,11336
29317,13117
29318,4502
29318,13176
29319,22636
29319,23642
29320,1516
29320,1954
29321,11234
29321,22274
29322,2456
29322,16085
29323,14829
29323,15469
29324,14829
29324,15469
29325,9593
29325,9598
29326,13270
29326,19134
29327,12794
29327,21439
29328,75
29328,8593
29329,3470
29329,11556
29330,1845
29330,10892
29331,284
29331,288
29332,11336
29332,13117
29333,18698
29333,21767
29334,8705
29334,23784
29335,385
29335,386
29336,10586
29336,12456
29336,13434
29337,24642
29337,27003
29338,12629
29338,20543
29339,17576
29339,23233
29340,10356
29340,12383
29341,3869
29341,25093
29342,1591
29342,1592
29343,8040
29343,13003
29344,11083
29344,11161
29345,284
29345,11161
29346,8837
29346,20027
29346,20990
29347,10053
29347,11435
29348,23765
29348,24455
29349,24642
29349,27003
29350,1634
29350,2134
29351,6457
29351,6499
29351,17064
29352,16481
29352,19813
29353,16374
29353,17187
29353,18895
29354,8045
29354,13896
29355,3672
29355,13860
29356,3566
29356,16687
29357,3869
29357,25093
29358,3954
29358,7200
29359,2535
29359,19469
29360,10890
29360,12997
29361,43
29361,6607
29361,11891
29362,14209
29362,15860
29363,23765
29363,27799
29364,284
29364,288
29365,11627
29365,11639
29366,6412
29366,20777
29367,6412
29367,20777
29368,2681
29368,11336
29369,11336
29369,13117
29370,2667
29370,2681
29371,11336
29371,13117
29372,2681
29372,13117
29373,17077
29373,17328
29374,227
29374,20044
29375,20646
29375,22649
29376,11336
29376,12394
29376,13117
29377,10793
29377,14446
29378,10793
29378,14446
29379,10793
29379,14446
29380,10793
29380,14446
29381,14829
29381,15469
29382,8080
29382,8379
29383,11634
29383,15702
29384,11408
29384,17124
29385,10004
29385,15702
29386,19853
29386,20442
29387,29492
29387,31381
29388,2456
29388,16085
29389,8952
29389,10624
29390,9136
29390,10400
29391,9136
29391,10400
29392,13718
29392,15108
29393,1808
29393,1810
29394,8166
29394,11684
29395,21316
29395,21956
29396,24642
29396,27003
29397,236
29397,4280
29398,6007
29398,8764
29399,1920
29399,7405
29400,16374
29400,18895
29401,11250
29401,11770
29402,6036
29402,6322
29403,6036
29403,6322
29404,3566
29404,16687
29405,236
29405,17256
29406,1944
29406,15725
29407,12841
29407,16875
29408,1944
29408,16817
29409,12171
29409,21195
29410,9363
29410,17064
29411,13813
29411,17421
29412,10999
29412,19435
29413,1920
29413,20387
29414,14209
29414,15860
29415,23765
29415,24455
29416,21433
29416,24494
29417,1589
29417,4674
29418,869
29418,3495
29419,1589
29419,8018
29420,7386
29420,7446
29421,6036
29421,6322
29422,2314
29422,3566
29423,7305
29423,20910
29424,227
29424,20044
29424,22443
29425,6720
29425,19503
29426,7722
29426,9398
29427,8837
29427,20027
29428,236
29428,4196
29429,9223
29429,10356
29430,13646
29430,14607
29431,6165
29431,16859
29432,7007
29432,9270
29433,850
29433,9897
29434,2197
29434,29890
29435,14829
29435,15469
29436,227
29436,20044
29437,7696
29437,11786
29438,4152
29438,7366
29438,18929
29439,3346
29439,9803
29440,21578
29440,24298
29441,428
29441,5545
29442,31
29442,2714
29443,6036
29443,6322
29444,10770
29444,23077
29445,3564
29445,4903
29446,11250
29446,11770
29447,2511
29447,2977
29448,1492
29448,1540
29448,3021
29449,2546
29449,2884
29450,2752
29450,3622
29451,2448
29451,4141
29452,2577
29452,3645
29453,3750
29453,4113
29454,2794
29454,3142
29455,1940
29455,3142
29456,1944
29456,3645
29457,2565
29457,4113
29458,2946
29458,3006
29458,4371
29458,4761
29459,243
29459,509
29459,3378
29460,1799
29460,3587
29460,5024
29461,1368
29461,1801
29461,4506
29462,4113
29462,4769
29463,1379
29463,1799
29463,1940
29464,1799
29464,5503
29465,308
29465,3685
29466,178
29466,3750
29467,2134
29467,3755
29468,4769
29468,4940
29468,5187
29469,1920
29469,3479
29470,3378
29470,5800
29471,4674
29471,4719
29472,1972
29472,3026
29473,2056
29473,5981
29474,1972
29474,2056
29474,2768
29475,3383
29475,4761
29475,5275
29476,607
29476,3685
29477,5275
29477,5697
29478,3685
29478,5187
29479,108
29479,714
29479,4546
29480,2056
29480,5301
29481,3898
29481,5305
29482,2134
29482,6918
29483,108
29483,3750
29483,4114
29483,6849
29484,3383
29484,5275
29484,7164
29485,2546
29485,4054
29485,6101
29486,4761
29486,5884
29487,1951
29487,3383
29488,4761
29488,5548
29488,6114
29489,3383
29489,7140
29490,4719
29490,7354
29491,2773
29491,5548
29492,423
29492,3685
29492,4694
29493,3383
29493,4719
29494,5275
29494,6969
29495,1107
29495,2773
29495,3898
29496,2134
29496,5503
29496,7623
29497,2650
29497,6969
29498,2056
29498,7595
29499,2586
29499,4743
29500,2134
29500,6969
29501,3685
29501,5275
29501,6214
29502,994
29502,3795
29503,2773
29503,3798
29504,2827
29504,6100
29505,2827
29505,8624
29506,3387
29506,8734
29507,5275
29507,6080
29508,25
29508,2773
29508,4562
29509,2134
29509,8734
29510,2773
29510,5880
29511,2134
29511,7117
29512,7722
29512,9398
29513,758
29513,9003
29513,9556
29514,4562
29514,7722
29515,1591
29515,2172
29516,5123
29516,8291
29517,2134
29517,8734
29518,3784
29518,9398
29519,4528
29519,10356
29520,2442
29520,10356
29521,8959
29521,10494
29522,9728
29522,11040
29523,5275
29523,6465
29523,10541
29524,2402
29524,7465
29525,3384
29525,5621
29526,2648
29526,9763
29527,1944
29527,4787
29527,10541
29528,3685
29528,4719
29529,8723
29529,11263
29530,2804
29530,12072
29531,6509
29531,6695
29532,1173
29532,1725
29532,4732
29533,5275
29533,7146
29534,758
29534,3685
29535,4719
29535,9398
29536,758
29536,3685
29537,4719
29537,5275
29538,2134
29538,3208
29539,758
29539,12651
29540,6972
29540,9928
29541,6340
29541,12651
29542,2898
29542,3784
29543,296
29543,2668
29543,9873
29544,5275
29544,12651
29545,11492
29545,11721
29546,8624
29546,12651
29547,1336
29547,6680
29547,10662
29548,758
29548,10243
29549,8734
29549,13016
29550,6509
29550,12651
29551,3798
29551,7180
29552,5966
29552,8242
29552,14422
29553,1024
29553,3685
29553,4559
29553,11418
29553,13176
29554,3798
29554,4562
29555,758
29555,2134
29555,5275
29555,11882
29556,11388
29556,12651
29556,14297
29557,3535
29557,4569
29558,5123
29558,5275
29559,2668
29559,3685
29559,10171
29559,12339
29560,11197
29560,14318
29561,5275
29561,11197
29562,2767
29562,3685
29562,4562
29563,11873
29563,14473
29563,15480
29564,449
29564,14711
29565,3535
29565,7925
29565,10084
29566,2134
29566,3685
29566,5275
29566,8412
29566,12710
29567,3600
29567,15407
29568,1479
29568,11884
29569,3535
29569,11654
29570,2328
29570,7017
29570,8024
29571,5313
29571,12832
29572,9076
29572,15292
29573,6710
29573,14458
29574,3685
29574,9037
29574,11197
29574,15506
29575,8734
29575,13381
29576,758
29576,1486
29576,2134
29576,5275
29576,12651
29576,13623
29577,822
29577,11197
29578,2134
29578,8734
29578,11197
29579,3073
29579,4861
29580,2134
29580,7898
29580,14686
29581,4199
29581,13381
29582,2134
29582,7123
29583,9398
29583,13016
29584,2802
29584,5275
29585,5223
29585,13176
29586,4719
29586,5275
29586,8734
29587,11197
29587,12651
29587,16683
29588,227
29588,2379
29588,10708
29588,14711
29589,5275
29589,6604
29590,4304
29590,13176
29591,5275
29591,11197
29591,13381
29592,1944
29592,8769
29592,10098
29592,16817
29593,77
29593,3685
29593,3954
29593,7200
29593,10171
29594,10570
29594,15596
29595,681
29595,8734
29596,145
29596,189
29596,579
29597,2668
29597,9398
29597,12364
29597,13381
29598,837
29598,5275
29598,8716
29598,11197
29599,13381
29599,15211
29600,4732
29600,16382
29601,3685
29601,16182
29602,3685
29602,10662
29603,2898
29603,6509
29604,3073
29604,5275
29604,11197
29604,13249
29605,10822
29605,17174
29606,850
29606,4861
29606,15211
29607,3989
29607,4732
29608,1212
29608,4656
29609,14066
29609,14686
29610,2709
29610,3073
29610,4861
29611,2134
29611,5275
29611,12651
29612,2379
29612,11197
29612,12651
29613,2709
29613,10574
29614,2379
29614,17328
29615,443
29615,4824
29615,9382
29616,5275
29616,13176
29617,2379
29617,12651
29618,2134
29618,5275
29618,10494
29619,2379
29619,13726
29620,1857
29620,3794
29621,2709
29621,4733
29621,6602
29621,10171
29622,2379
29622,17189
29623,1173
29623,17685
29624,2134
29624,5275
29625,868
29625,10662
29625,12155
29626,3073
29626,5275
29626,10171
29626,11197
29627,758
29627,2134
29628,7386
29628,9465
29629,13257
29629,16687
29629,17189
29630,2709
29630,4861
29630,5275
29631,2379
29631,3073
29631,3720
29631,4861
29632,2134
29632,8734
29632,12651
29633,2771
29633,12155
29634,2511
29634,5275
29634,12651
29635,12530
29635,16838
29636,3306
29636,8107
29637,2511
29637,5275
29638,8107
29638,8734
29638,16838
29639,2668
29639,12651
29640,2379
29640,2639
29640,2668
29640,5275
29640,9398
29641,108
29641,9398
29642,2134
29642,8734
29643,3465
29643,4732
29644,837
29644,6849
29645,2668
29645,9398
29646,2379
29646,5275
29646,17963
29647,1526
29647,7745
29648,5275
29648,8107
29648,8734
29648,13681
29649,579
29649,2134
29649,8734
29650,8107
29650,8191
29650,8734
29651,3535
29651,10858
29652,11996
29652,12651
29653,2675
29653,5301
29653,11197
29653,16158
29654,2134
29654,8107
29655,12717
29655,18742
29656,16382
29656,18143
29657,5275
29657,8107
29658,681
29658,8107
29658,8734
29658,16182
29659,5172
29659,8107
29659,8734
29660,3535
29660,3660
29660,11197
29660,18896
29661,5275
29661,8734
29662,2511
29662,5780
29663,5661
29663,14686
29664,5275
29664,7563
29664,7766
29664,8107
29665,3660
29665,3685
29666,4719
29666,5275
29667,1041
29667,2804
29668,4719
29668,8612
29668,14169
29669,554
29669,3640
29670,8107
29670,13641
29671,2650
29671,2709
29672,3685
29672,6100
29672,13641
29673,5275
29673,8107
29674,2709
29674,2995
29675,5275
29675,7563
29675,8107
29675,8468
29676,3073
29676,9348
29677,5275
29677,8107
29677,8734
29678,19024
29678,19497
29679,11654
29679,16224
29680,3280
29680,5599
29681,2568
29681,4559
29681,13580
29681,18619
29681,19007
29681,19011
29682,687
29682,8734
29683,2709
29683,5275
29684,3306
29684,6887
29684,8107
29684,8734
29685,5275
29685,5394
29686,16382
29686,16428
29687,7191
29687,10459
29688,8107
29688,8734
29688,18865
29689,2134
29689,8734
29689,16428
29689,16817
29690,3848
29690,8110
29691,10356
29691,14686
29692,13969
29692,14169
29693,3073
29693,3848
29694,8107
29694,8141
29694,8734
29694,10171
29695,3410
29695,10171
29696,5275
29696,8107
29697,8107
29697,11773
29698,1944
29698,16150
29699,10171
29699,11335
29699,16670
29700,5275
29700,10494
29700,17185
29701,12689
29701,18861
29701,20081
29702,10171
29702,10356
29703,17493
29703,20027
29704,17838
29704,20231
29705,2709
29705,9496
29705,10334
29706,158
29706,18861
29707,2503
29707,2709
29708,6627
29708,12878
29709,4757
29709,17802
29710,8107
29710,11604
29711,2709
29711,5275
29711,14686
29712,6645
29712,13249
29713,3073
29713,3142
29713,13012
29714,4079
29714,14093
29714,16382
29714,18650
29715,2709
29715,3073
29716,5275
29716,8107
29717,3306
29717,5661
29718,793
29718,16424
29719,18167
29719,20231
29720,1634
29720,13919
29721,9306
29721,14766
29722,10171
29722,14649
29722,19868
29723,2607
29723,20885
29724,2134
29724,8734
29725,1944
29725,17274
29726,5275
29726,14301
29727,2134
29727,6165
29727,8734
29728,4495
29728,10811
29728,18463
29729,3306
29729,6604
29729,13288
29730,2709
29730,11662
29731,108
29731,2170
29731,6756
29731,6842
29731,6904
29731,7492
29731,19123
29732,108
29732,2325
29733,200
29733,5275
29733,8734
29734,3375
29734,5275
29735,2709
29735,2988
29736,7479
29736,10171
29736,21046
29737,12878
29737,13183
29738,200
29738,2650
29739,12258
29739,13648
29739,20138
29740,4719
29740,16274
29741,81
29741,5662
29741,20885
29742,5275
29742,21046
29743,2379
29743,21674
29744,5275
29744,10171
29745,10098
29745,11506
29745,21674
29746,2709
29746,20546
29747,19423
29747,19915
29748,5973
29748,9895
29749,6756
29749,11506
29750,126
29750,3048
29751,5275
29751,8765
29752,2709
29752,17940
29753,11815
29753,14686
29753,20819
29754,13176
29754,20819
29755,5213
29755,7853
29756,19861
29756,22117
29757,621
29757,10346
29757,11041
29757,19340
29758,16150
29758,17646
29759,5275
29759,21865
29759,21951
29760,200
29760,18802
29760,21067
29761,5275
29761,22321
29762,8447
29762,10171
29763,5275
29763,6756
29763,10171
29764,5688
29764,8734
29764,14769
29765,4502
29765,10171
29765,12366
29765,15596
29766,5394
29766,21316
29766,21956
29766,22321
29767,2898
29767,12813
29767,17207
29768,5766
29768,10068
29769,5394
29769,13176
29770,5275
29770,10171
29770,13120
29771,5275
29771,13120
29772,22321
29772,22511
29773,2511
29773,5275
29774,2709
29774,3585
29775,5275
29775,22174
29776,7405
29776,11882
29776,15588
29777,16382
29777,21965
29778,14913
29778,15563
29779,12878
29779,17139
29780,11506
29780,19305
29781,5275
29781,14050
29781,15644
29782,2145
29782,5640
29783,5640
29783,22001
29784,5275
29784,15934
29785,22324
29785,23139
29786,12038
29786,13802
29787,7479
29787,14532
29788,9003
29788,22511
29789,5275
29789,10171
29789,10494
29789,15934
29789,22511
29789,23142
29790,2379
29790,16382
29791,2898
29791,5275
29791,8412
29791,21143
29791,22511
29792,9348
29792,20090
29793,1170
29793,5275
29794,5275
29794,22446
29795,2379
29795,10029
29796,2709
29796,20819
29797,3535
29797,5766
29798,3535
29798,5275
29799,1200
29799,3535
29799,5275
29800,758
29800,3206
29801,2709
29801,3535
29801,5275
29802,20125
29802,20126
29803,200
29803,3535
29803,10171
29804,681
29804,9003
29805,8900
29805,23925
29806,837
29806,5275
29807,5275
29807,11335
29808,2898
29808,3535
29809,5275
29809,12353
29810,3535
29810,5275
29810,21046
29810,22629
29811,8612
29811,22362
29812,10662
29812,12353
29813,9502
29813,14766
29813,14949
29813,22446
29814,19368
29814,23036
29814,23455
29815,5275
29815,17368
29816,14870
29816,17260
29816,18225
29816,23925
29817,18802
29817,23925
29818,3535
29818,5275
29818,21046
29819,5275
29819,7805
29819,22419
29820,4848
29820,13312
29821,5275
29821,11246
29821,23789
29822,8180
29822,22595
29823,1170
29823,1369
29824,1263
29824,10494
29824,20819
29825,758
29825,6548
29825,24094
29826,5275
29826,9348
29827,11882
29827,15596
29828,138
29828,13342
29829,6057
29829,18976
29830,850
29830,6057
29831,3848
29831,6887
29831,13342
29832,5275
29832,24653
29833,3535
29833,5275
29834,13177
29834,22446
29835,9003
29835,21007
29836,3535
29836,13120
29837,777
29837,3535
29838,3535
29838,13594
29838,23765
29839,3535
29839,5275
29839,17085
29840,9880
29840,11683
29841,13919
29841,23716
29842,43
29842,6764
29843,8948
29843,10346
29844,10346
29844,20819
29845,3535
29845,5275
29845,24607
29846,3535
29846,5275
29847,3535
29847,5275
29847,24351
29848,3535
29848,5275
29849,20811
29849,21569
29850,5275
29850,22629
29851,7454
29851,9003
29852,10171
29852,10356
29852,13763
29853,2709
29853,21690
29854,3535
29854,5275
29855,4588
29855,9348
29855,16982
29855,22446
29856,3535
29856,5275
29857,694
29857,699
29858,3535
29858,5275
29859,568
29859,24651
29860,18311
29860,22446
29861,12353
29861,20819
29862,1173
29862,2709
29863,3535
29863,13594
29864,3535
29864,5275
29865,13641
29865,25433
29866,3535
29866,5275
29866,25554
29867,3535
29867,5275
29867,11882
29868,7030
29868,13804
29869,3535
29869,5275
29869,6607
29869,24440
29870,3585
29870,15726
29871,8293
29871,22563
29872,5275
29872,21143
29873,20833
29873,22446
29874,5275
29874,18285
29874,23143
29875,11305
29875,16739
29876,8944
29876,15940
29876,18393
29876,24651
29877,3875
29877,23789
29878,19252
29878,21690
29879,5275
29879,11490
29880,5275
29880,22608
29881,138
29881,18553
29881,25093
29882,19497
29882,23789
29883,5275
29883,16972
29884,20784
29884,23741
29884,24651
29885,15013
29885,19319
29885,25388
29886,7565
29886,13120
29887,138
29887,13641
29887,23789
29888,14766
29888,26588
29889,22939
29889,25923
29890,17277
29890,20883
29891,1711
29891,20819
29891,26075
29892,5275
29892,19497
29893,5972
29893,6798
29894,13594
29894,16972
29895,5275
29895,10346
29895,14991
29895,18084
29895,22146
29895,24275
29896,9003
29896,23789
29897,4633
29897,13226
29898,5275
29898,15087
29899,2056
29899,24786
29900,9013
29900,16902
29900,25901
29900,26913
29901,11006
29901,18084
29901,27017
29902,1711
29902,22184
29902,25696
29903,9003
29903,21499
29904,5275
29904,15814
29904,25729
29904,26815
29905,5275
29905,26481
29906,1581
29906,9561
29907,13879
29907,23789
29908,694
29908,11882
29908,12651
29909,23789
29909,25729
29910,5275
29910,20819
29911,8763
29911,13921
29912,12651
29912,27034
29913,6353
29913,26742
29914,14430
29914,22446
29915,5275
29915,24437
29915,27126
29916,5275
29916,23503
29917,23789
29917,26126
29918,11672
29918,16972
29919,1155
29919,8412
29919,16424
29920,18834
29920,19872
29921,13641
29921,26119
29922,13843
29922,24294
29923,158
29923,17396
29923,22941
29924,8310
29924,8990
29925,200
29925,5275
29925,10494
29925,26481
29926,15360
29926,25042
29927,592
29927,5888
29928,5275
29928,14766
29928,24435
29929,23789
29929,24351
29930,2526
29930,15180
29931,19648
29931,20626
29932,10494
29932,11144
29932,11318
29933,12403
29933,16262
29933,22939
29933,27790
29934,24852
29934,27458
29935,12894
29935,19083
29936,19252
29936,25042
29937,13312
29937,27827
29938,25528
29938,27248
29939,10494
29939,17967
29940,5275
29940,23789
29941,5275
29941,12651
29942,10494
29942,12651
29943,9003
29943,12651
29944,23231
29944,24786
29945,694
29945,1711
29946,681
29946,23705
29947,12651
29947,25393
29948,1711
29948,5575
29949,15950
29949,23446
29949,26075
29950,200
29950,12651
29950,27203
29951,1711
29951,24651
29952,9003
29952,10390
29953,9003
29953,13641
29954,22610
29954,29040
29955,10828
29955,26100
29956,1711
29956,26126
29957,5469
29957,26100
29958,15814
29958,26521
29959,1711
29959,27685
29959,27885
29960,14949
29960,27685
29961,1711
29961,21456
29962,3869
29962,24760
29963,11008
29963,19763
29964,17166
29964,19763
29965,26075
29965,26917
29966,2480
29966,26100
29967,16731
29967,21709
29967,25561
29968,11335
29968,29002
29969,6877
29969,27233
29970,16816
29970,30600
29971,24651
29971,24786
29972,19763
29972,27011
29973,12325
29973,26832
29974,9496
29974,27493
29975,27664
29975,27857
29976,26884
29976,27051
29977,13641
29977,14726
29977,26714
29978,12325
29978,27664
29979,200
29979,27664
29980,19743
29980,24611
29981,26100
29981,31509
29982,1808
29982,1810
29982,26100
29983,11234
29983,22274
29984,11234
29984,22274
29985,11990
29985,13641
29986,14829
29986,15469
29987,2379
29987,20044
29988,2379
29988,20044
29989,2379
29989,18202
29989,20044
29990,24230
29990,28115
29991,8501
29991,13426
29992,1634
29992,2134
29993,2788
29993,24760
29994,11730
29994,11786
29995,10538
29995,12292
29996,11234
29996,22274
29997,2788
29997,13734
29997,24721
29998,5969
29998,27023
29999,576
29999,7920
30000,15558
30000,26273
30000,27088
30000,27174
30000,27303
30000,29374
30001,29255
30001,29373
30002,9411
30002,10405
30003,9411
30003,10405
30003,11820
30004,7045
30004,19861
30005,17989
30005,17990
30006,17989
30006,17990
30007,915
30007,8537
30008,75
30008,8593
30009,2612
30009,3361
30010,14829
30010,15469
30011,4323
30011,6551
30012,13138
30012,20964
30013,284
30013,288
30014,1585
30014,1608
30015,9497
30015,9501
30016,9779
30016,10047
30016,14421
30017,9497
30017,11250
30017,14909
30017,21061
30018,23280
30018,29111
30019,23280
30019,25854
30019,29111
30020,3170
30020,11388
30021,3657
30021,7722
30022,11234
30022,22274
30023,227
30023,3376
30024,2363
30024,2369
30025,11234
30025,22274
30026,11336
30026,13247
30027,7208
30027,7302
30028,1944
30028,10362
30029,5123
30029,5159
30029,6575
30029,11879
30029,13386
30029,15924
30029,16934
30030,13117
30030,16784
30031,7208
30031,7302
30032,43
30032,6607
30033,3842
30033,13489
30034,2778
30034,9689
30035,11739
30035,11741
30036,22927
30036,24566
30037,3758
30037,13149
30038,579
30038,4193
30039,11836
30039,13077
30040,11836
30040,13077
30041,11836
30041,13077
30042,11836
30042,13448
30043,11836
30043,13448
30044,11836
30044,13448
30045,11836
30045,13448
30046,11836
30046,13077
30046,13448
30047,11836
30047,13448
30048,11836
30048,13448
30049,11836
30049,13077
30049,13448
30050,11836
30050,13448
30051,11836
30051,13448
30052,11836
30052,13077
30053,11836
30053,13448
30054,11836
30054,13448
30055,11836
30055,13448
30056,11836
30056,13077
30056,13448
30057,11836
30057,13077
30058,11836
30058,13448
30059,11836
30059,13448
30060,11836
30060,13077
30060,13448
30061,11836
30061,13448
30062,11836
30062,13448
30063,11836
30063,13448
30064,11836
30064,13448
30065,11836
30065,13448
30066,11836
30066,13448
30067,11836
30067,13448
30068,11836
30068,13448
30069,11836
30069,13448
30070,11836
30070,13448
30071,11836
30071,13448
30072,2249
30072,11174
30073,1920
30073,7722
30074,9005
30074,17258
30075,9005
30075,17258
30076,2314
30076,3566
30077,2314
30077,5370
30078,2314
30078,3566
30079,4520
30079,5487
30080,6457
30080,17381
30080,17382
30081,6457
30081,17412
30082,6457
30082,17412
30083,6457
30083,17412
30084,6457
30084,17412
30085,15669
30085,17412
30086,6457
30086,17412
30087,15669
30087,20420
30088,6457
30088,19911
30089,6457
30089,19911
30090,6457
30090,19911
30091,6457
30091,19911
30092,25270
30092,30862
30093,3971
30093,6125
30094,50
30094,53
30095,989
30095,7732
30096,10423
30096,24690
30097,13078
30097,13079
30098,10805
30098,11249
30099,772
30099,11017
30100,23765
30100,24455
30101,10310
30101,26002
30102,12647
30102,12651
30103,20055
30103,22553
30104,5781
30104,13200
30105,2569
30105,7110
30105,8229
30106,43
30106,11891
30107,385
30107,386
30108,786
30108,17421
30109,12505
30109,15040
30109,15041
30109,17350
30110,4614
30110,13633
30111,9474
30111,10536
30112,344
30112,534
30113,25080
30113,27239
30114,9474
30114,10536
30115,10869
30115,10918
30116,4803
30116,7474
30117,2033
30117,10356
30118,26625
30118,26633
30119,59
30119,5147
30120,108
30120,10662
30120,11174
30120,11441
30120,11765
30121,11739
30121,11741
30122,8191
30122,9763
30123,14991
30123,22873
30124,4389
30124,4391
30125,1596
30125,3087
30126,5910
30126,10273
30127,13078
30127,13079
30128,8593
30128,8595
30128,11940
30129,28297
30129,31276
30130,17085
30130,22473
30131,11174
30131,11302
30132,11174
30132,11302
30133,8191
30133,9763
30134,14003
30134,16548
30135,5797
30135,7025
30136,8040
30136,13003
30137,4048
30137,10149
30138,11987
30138,11991
30139,1591
30139,1592
30140,23907
30140,24567
30141,1336
30141,2033
30142,3954
30142,7200
30143,4048
30143,10149
30144,1760
30144,2892
30145,9669
30145,10805
30146,11393
30146,22693
30147,11739
30147,11741
30148,26191
30148,27374
30149,6458
30149,6460
30150,90
30150,10796
30151,2778
30151,9689
30152,24642
30152,27003
30153,15275
30153,16054
30154,4389
30154,4391
30155,11234
30155,22274
30156,11234
30156,22274
30157,11234
30157,22274
30158,10538
30158,12005
30159,43
30159,11891
30160,1048
30160,1337
30160,1391
30161,21495
30161,23899
30162,18628
30162,18856
30163,10171
30163,13013
30164,13120
30164,26341
30165,24239
30165,24589
30166,743
30166,7376
30167,1429
30167,10923
30168,3401
30168,6412
30169,30025
30169,30026
30170,8191
30170,9763
30171,8191
30171,9763
30172,145
30172,3724
30173,4389
30173,4391
30174,9840
30174,23503
30175,2365
30175,2379
30176,26065
30176,26301
30177,292
30177,295
30178,3954
30178,7200
30179,10796
30179,12145
30180,359
30180,2740
30181,17793
30181,17817
30182,4774
30182,7517
30183,17756
30183,18432
30184,3954
30184,4837
30185,24956
30185,29137
30186,5797
30186,7025
30187,30083
30187,30320
30188,9223
30188,10356
30189,13576
30189,23307
30190,11234
30190,11279
30191,11234
30191,22274
30192,11234
30192,22274
30193,11234
30193,22274
30194,11234
30194,22274
30195,11234
30195,22274
30196,11234
30196,22274
30197,11234
30197,22274
30198,11234
30198,22274
30199,11234
30199,22274
30200,11234
30200,22274
30201,11234
30201,22274
30202,11234
30202,22274
30203,11234
30203,22274
30204,11234
30204,22274
30205,11234
30205,22274
30206,11234
30206,22274
30207,11234
30207,22274
30208,11234
30208,22274
30209,11234
30209,22274
30210,11234
30210,22274
30211,11234
30211,22274
30212,11234
30212,22274
30213,11234
30213,22274
30214,11234
30214,22274
30215,11234
30215,22274
30216,11234
30216,22274
30217,11234
30217,22274
30218,11234
30218,22274
30219,11234
30219,22274
30220,11234
30220,22274
30221,11234
30221,22274
30222,11234
30222,22274
30223,11234
30223,22274
30224,11234
30224,22274
30225,11752
30225,13214
30226,6412
30226,20777
30227,26625
30227,26633
30228,9501
30228,9687
30229,20586
30229,21014
30230,20193
30230,20207
30231,6007
30231,8574
30231,8764
30232,4389
30232,4391
30233,2511
30233,2804
30233,8723
30233,11263
30234,2546
30234,6079
30235,2546
30235,6079
30236,2546
30236,6079
30237,2546
30237,16353
30238,2918
30238,25702
30239,24642
30239,27003
30240,12181
30240,13199
30241,1603
30241,8015
30242,530
30242,5985
30243,7200
30243,13071
30244,579
30244,4193
30245,14809
30245,18963
30246,18698
30246,21767
30247,1091
30247,2628
30248,1477
30248,27182
30249,18698
30249,21767
30250,14829
30250,15469
30251,21679
30251,23695
30252,4389
30252,4391
30253,108
30253,2249
30254,11083
30254,11161
30255,1591
30255,1592
30256,1024
30256,9270
30257,50
30257,53
30258,8040
30258,13003
30259,6095
30259,9038
30260,9815
30260,9820
30261,12693
30261,15796
30262,11174
30262,11302
30263,11174
30263,11302
30264,1173
30264,14761
30265,4177
30265,4355
30266,27512
30266,27859
30267,21714
30267,22272
30268,4562
30268,9229
30269,2511
30269,3535
30270,478
30270,2134
30270,16182
30271,3502
30271,8734
30272,17077
30272,17328
30273,2379
30273,11197
30274,2379
30274,16262
30275,7445
30275,8107
30276,8734
30276,14914
30277,2145
30277,18207
30278,8734
30278,12255
30279,5275
30279,8734
30280,21839
30280,22174
30281,138
30281,20248
30282,108
30282,11677
30282,11820
30283,108
30283,11677
30284,11320
30284,11820
30285,5656
30285,10477
30286,21767
30286,23124
30287,19574
30287,19585
30288,14991
30288,22873
30289,14991
30289,22873
30290,11677
30290,11972
30291,11677
30291,11972
30292,11677
30292,11972
30293,11677
30293,11972
30294,10662
30294,18693
30295,6458
30295,6460
30296,2033
30296,4204
30297,18488
30297,21278
30298,18488
30298,21278
30299,4147
30299,10288
30300,15363
30300,15668
30301,830
30301,6166
30301,6181
30302,11591
30302,17506
30303,25412
30303,30083
30304,3375
30304,3376
30305,1768
30305,1966
30306,1768
30306,1966
30307,353
30307,8448
30308,1126
30308,5259
30308,17052
30309,5259
30309,17054
30310,1126
30310,5259
30310,17052
30311,12505
30311,15040
30311,17350
30312,6211
30312,13563
30313,579
30313,4193
30314,643
30314,9419
30315,10869
30315,10880
30315,10918
30315,14393
30315,17318
30316,284
30316,288
30317,3971
30317,17729
30318,11174
30318,11302
30319,11174
30319,11302
30320,11174
30320,11302
30321,11174
30321,11302
30322,8191
30322,9763
30323,11083
30323,11161
30324,11450
30324,20256
30325,3729
30325,7766
30326,11677
30326,11972
30327,15084
30327,21144
30328,1167
30328,16432
30329,31148
30329,31517
30330,3124
30330,5275
30331,1376
30331,26502
30332,8191
30332,9763
30333,8191
30333,9763
30334,8191
30334,9763
30335,717
30335,7200
30336,10538
30336,12292
30337,2359
30337,10518
30338,8040
30338,13003
30339,9497
30339,16078
30340,3178
30340,16670
30341,13078
30341,13079
30342,81
30342,643
30343,4045
30343,15481
30344,81
30344,643
30345,4837
30345,6059
30346,292
30346,295
30347,5301
30347,8796
30348,5400
30348,6627
30349,9895
30349,12084
30350,9895
30350,23214
30351,5144
30351,6775
30352,8590
30352,8661
30353,20811
30353,21569
30354,21782
30354,22353
30355,6036
30355,6322
30356,2314
30356,3566
30357,2314
30357,22049
30358,8911
30358,15713
30359,6036
30359,6322
30360,7778
30360,9365
30361,69
30361,16770
30362,18787
30362,24689
30363,852
30363,12271
30364,8191
30364,9763
30365,4389
30365,4391
30366,8475
30366,16925
30367,23941
30367,25961
30368,23264
30368,23265
30369,2402
30369,2667
30370,2667
30370,3685
30371,2667
30371,3685
30372,2402
30372,2667
30373,2402
30373,2667
30374,22174
30374,22398
30375,8191
30375,9763
30376,8191
30376,9763
30377,8191
30377,9763
30378,8191
30378,9763
30379,16481
30379,19813
30380,10662
30380,18693
30381,694
30381,23747
30382,14397
30382,14430
30383,9474
30383,10536
30384,20690
30384,21020
30385,4069
30385,22567
30386,13246
30386,14779
30387,2681
30387,22121
30388,14995
30388,14996
30389,5972
30389,6798
30390,1634
30390,2134
30391,23765
30391,24455
30392,459
30392,3971
30392,6125
30393,13769
30393,14029
30394,17892
30394,18421
30394,20951
30395,3954
30395,7200
30396,1531
30396,3586
30396,6667
30396,12867
30396,12898
30397,12609
30397,16428
30398,20601
30398,22423
30399,43
30399,11891
30399,13163
30399,23143
30400,4701
30400,22342
30401,29696
30401,29965
30402,29913
30402,30623
30403,6007
30403,8764
30404,3729
30404,7766
30404,8593
30405,2314
30405,5370
30405,7766
30406,10754
30406,16947
30407,3954
30407,7200
30408,4389
30408,4391
30409,3629
30409,12436
30410,11336
30410,13117
30411,7711
30411,9348
30412,364
30412,2852
30413,12629
30413,29772
30414,145
30414,189
30415,1180
30415,18861
30416,23907
30416,24567
30417,20800
30417,21495
30418,5123
30418,11879
30419,992
30419,4147
30420,19340
30420,19487
30421,12497
30421,12498
30422,12398
30422,12419
30422,12433
30423,6412
30423,20777
30424,20800
30424,21495
30425,12398
30425,12433
30426,12398
30426,12419
30427,2878
30427,2902
30428,4008
30428,5249
30429,11720
30429,11898
30430,6123
30430,21822
30431,3005
30431,7838
30432,2568
30432,7722
30433,1095
30433,21535
30434,14809
30434,18963
30435,11838
30435,22008
30436,5766
30436,7563
30437,14809
30437,18963
30438,14809
30438,18963
30439,14809
30439,18963
30440,14809
30440,18963
30441,14809
30441,18963
30442,14809
30442,18963
30443,14809
30443,18963
30444,14809
30444,18963
30445,14809
30445,18963
30446,14809
30446,18963
30447,14809
30447,18963
30448,14809
30448,18963
30449,14809
30449,18963
30450,14809
30450,18963
30451,14809
30451,18963
30452,14809
30452,18963
30453,14809
30453,18963
30454,14809
30454,18963
30455,8824
30455,18963
30456,2811
30456,5103
30457,9323
30457,9348
30458,12398
30458,12433
30459,4659
30459,8727
30460,4659
30460,8727
30461,25042
30461,25587
30462,29241
30462,29673
30463,292
30463,295
30463,7140
30464,14000
30464,20622
30465,1390
30465,21742
30466,26296
30466,28042
30467,25622
30467,26200
30468,25622
30468,26200
30469,11926
30469,16374
30470,2134
30470,6697
30471,4392
30471,18082
30472,2033
30472,11949
30473,47
30473,23087
30474,3471
30474,3798
30475,1
30475,2019
30475,14462
30476,2033
30476,11949
30477,4048
30477,10149
30478,3303
30478,3304
30479,6061
30479,6116
30480,4520
30480,5487
30481,11424
30481,12293
30482,17000
30482,19794
30483,8292
30483,8573
30484,11234
30484,22274
30485,11234
30485,22274
30486,16807
30486,17964
30487,4754
30487,27420
30488,12647
30488,12651
30489,12647
30489,12651
30490,12647
30490,12651
30491,12647
30491,12651
30492,1173
30492,11878
30493,15934
30493,16092
30494,1591
30494,2511
30495,47
30495,23087
30496,992
30496,1435
30497,25042
30497,25587
30498,8191
30498,9763
30499,16374
30499,18895
30500,8191
30500,9763
30501,8191
30501,9763
30502,8191
30502,9763
30503,3208
30503,4284
30504,3954
30504,7200
30505,4601
30505,18338
30506,14209
30506,15860
30507,9037
30507,13634
30508,7523
30508,12798
30509,5708
30509,16182
30510,5766
30510,7563
30511,9066
30511,14766
30512,1760
30512,3505
30513,26914
30513,27562
30514,1818
30514,12398
30514,12419
30515,9139
30515,27053
30516,5226
30516,8683
30517,386
30517,9950
30518,11644
30518,16414
30519,11644
30519,12346
30520,12346
30520,16693
30521,544
30521,9501
30522,11644
30522,15713
30523,12346
30523,15713
30524,1157
30524,15713
30525,12346
30525,15713
30526,11644
30526,15713
30527,15713
30527,24142
30528,8975
30528,24482
30529,11644
30529,15713
30530,15713
30530,22179
30531,12346
30531,15713
30532,25622
30532,26200
30533,7960
30533,8261
30534,989
30534,7732
30535,26914
30535,27562
30536,5226
30536,8683
30537,242
30537,12806
30538,6974
30538,10103
30539,5797
30539,7025
30540,4844
30540,6794
30541,3954
30541,7200
30542,7681
30542,12849
30542,16637
30543,13922
30543,13925
30544,14809
30544,18963
30545,6412
30545,20777
30546,6412
30546,20777
30547,4691
30547,11207
30547,12860
30547,12861
30548,4691
30548,11207
30548,12860
30549,3975
30549,11836
30550,11836
30550,13448
30551,11836
30551,13448
30552,11836
30552,13448
30553,11174
30553,17002
30554,9474
30554,10536
30555,8191
30555,9763
30556,5226
30556,8683
30557,31100
30557,31154
30558,14913
30558,15563
30559,3954
30559,7200
30560,17692
30560,18498
30561,3227
30561,3386
30562,6508
30562,10108
30562,12219
30563,3303
30563,3304
30564,14209
30564,15860
30565,579
30565,4193
30566,9897
30566,28111
30567,23324
30567,23383
30568,9435
30568,17024
30569,6508
30569,10108
30570,145
30570,189
30571,145
30571,189
30572,11174
30572,11302
30573,13246
30573,14779
30574,10412
30574,14696
30575,11905
30575,19784
30576,19784
30576,20203
30577,11905
30577,19784
30578,4837
30578,24956
30579,993
30579,2197
30580,8594
30580,14701
30581,743
30581,7376
30582,253
30582,11325
30583,253
30583,11325
30584,5071
30584,6073
30585,1585
30585,1608
30586,1608
30586,19973
30587,7180
30587,8510
30587,8774
30588,3015
30588,10068
30589,1585
30589,1608
30590,11000
30590,11256
30591,5226
30591,8683
30592,1634
30592,2134
30593,24377
30593,26705
30594,9363
30594,27309
30595,31271
30595,31272
30596,478
30596,6011
30597,11234
30597,22274
30598,8191
30598,9763
30599,5944
30599,6001
30600,17876
30600,18530
30601,11917
30601,20722
30602,3606
30602,11739
30602,11741
30603,3280
30603,13012
30604,3303
30604,3304
30605,10538
30605,12292
30606,20646
30606,22649
30607,20646
30607,22649
30608,3954
30608,7200
30609,2314
30609,3566
30610,1173
30610,21156
30611,25542
30611,30022
30612,15666
30612,23724
30613,301
30613,7561
30614,301
30614,7561
30615,301
30615,7561
30616,301
30616,7561
30617,301
30617,7561
30618,15247
30618,15315
30619,8626
30619,29145
30620,28297
30620,31276
30621,5123
30621,11879
30622,8040
30622,13003
30623,25622
30623,26200
30624,25622
30624,26200
30625,25622
30625,26200
30626,4347
30626,6883
30627,24642
30627,27003
30628,13273
30628,14802
30629,4588
30629,16982
30630,145
30630,9030
30630,9672
30630,12968
30631,1095
30631,21535
30632,26914
30632,27562
30632,27715
30633,16374
30633,17187
30634,4844
30634,6794
30635,13612
30635,28792
30636,3640
30636,4422
30637,14679
30637,14814
30637,14828
30638,3346
30638,14758
30639,11634
30639,17881
30640,14635
30640,14814
30641,12398
30641,19136
30642,6412
30642,20777
30643,3401
30643,6412
30644,9497
30644,25908
30645,24950
30645,25908
30646,30025
30646,30026
30647,30355
30647,30399
30648,5123
30648,11879
30649,11234
30649,22274
30650,10999
30650,11987
30651,344
30651,534
30652,14209
30652,15860
30653,23765
30653,24455
30654,17077
30654,17328
30655,4502
30655,13176
30656,6165
30656,13176
30657,5123
30657,13386
30658,1920
30658,5111
30659,1760
30659,3505
30660,4389
30660,4391
30661,867
30661,11654
30662,19574
30662,19585
30663,18698
30663,21767
30664,3566
30664,17256
30665,3954
30665,7200
30666,6842
30666,6904
30667,10494
30667,10569
30668,12806
30668,15179
30669,89
30669,5541
30670,7208
30670,7302
30671,7208
30671,7302
30672,15059
30672,21291
30673,18443
30673,26975
30674,16481
30674,19813
30675,1634
30675,2134
30676,21837
30676,21864
30677,15303
30677,15886
30678,1634
30678,2134
30679,2365
30679,3254
30680,6412
30680,20777
30681,16882
30681,27060
30682,1435
30682,1568
30683,13769
30683,14029
30684,629
30684,750
30685,28731
30685,29120
30686,16481
30686,19813
30687,22
30687,3566
30687,5370
30688,2811
30688,5103
30689,9497
30689,9501
30690,386
30690,13813
30691,2402
30691,2667
30692,7825
30692,8613
30693,284
30693,288
30694,7184
30694,10303
30695,8769
30695,10570
30696,10288
30696,16240
30697,8843
30697,20032
30698,5797
30698,7025
30699,13640
30699,14962
30700,14397
30700,15319
30700,15327
30701,2834
30701,25119
30702,27778
30702,28426
30703,29012
30703,29016
30704,1109
30704,13592
30705,5244
30705,5515
30706,14991
30706,22873
30707,14991
30707,22873
30708,4392
30708,5329
30709,15206
30709,15416
30710,8566
30710,8570
30711,8566
30711,8570
30712,8566
30712,8570
30713,8566
30713,8570
30714,8566
30714,8570
30714,13160
30715,8570
30715,13160
30716,165
30716,22664
30717,165
30717,22664
30718,3869
30718,25093
30719,1195
30719,1196
30720,29623
30720,29750
30721,14166
30721,14310
30722,9497
30722,9501
30723,3564
30723,4903
30724,11234
30724,22274
30725,11234
30725,22274
30726,11234
30726,22274
30727,11234
30727,22274
30728,11234
30728,22274
30729,11234
30729,22274
30730,11234
30730,22274
30731,11234
30731,22274
30732,2471
30732,16597
30733,23264
30733,23265
30734,23264
30734,23265
30735,2379
30735,16182
30736,18628
30736,18856
30737,3954
30737,7200
30738,15363
30738,15668
30739,14991
30739,22873
30740,3954
30740,4837
30741,14939
30741,14952
30742,3954
30742,7200
30743,3073
30743,4861
30744,3954
30744,7200
30745,1055
30745,1056
30746,2412
30746,16670
30747,25042
30747,25587
30748,14991
30748,22873
30749,284
30749,288
30750,3971
30750,17729
30751,20509
30751,20611
30752,10772
30752,27379
30753,12673
30753,14313
30754,1014
30754,1291
30755,2456
30755,16085
30756,15290
30756,16874
30757,4392
30757,5329
30758,15290
30758,16874
30759,2452
30759,21580
30760,22653
30760,25067
30761,1585
30761,1608
30762,13533
30762,17176
30763,9024
30763,16259
30764,9024
30764,16259
30765,9497
30765,9501
30766,7208
30766,7302
30767,7208
30767,7302
30768,7208
30768,7302
30769,7208
30769,7302
30769,12483
30770,5123
30770,5159
30771,7180
30771,8510
30771,8774
30772,196
30772,409
30773,9961
30773,18212
30774,4196
30774,8142
30775,12841
30775,17845
30776,11774
30776,18378
30777,897
30777,11905
30778,10695
30778,17906
30778,25164
30779,3665
30779,3762
30780,478
30780,6011
30781,2801
30781,10727
30782,15201
30782,15417
30783,12867
30783,12898
30784,2314
30784,3566
30785,284
30785,288
30786,12841
30786,16875
30787,13664
30787,13698
30788,14829
30788,15469
30789,5797
30789,7025
30790,474
30790,21330
30791,22461
30791,22635
30792,11331
30792,16062
30793,292
30793,295
30794,24642
30794,27003
30795,9013
30795,17380
30796,8064
30796,10001
30797,22583
30797,22584
30798,989
30798,7732
30799,250
30799,1728
30799,11999
30800,8837
30800,19494
30801,1412
30801,27427
30802,1435
30802,20918
30803,20800
30803,21495
30804,10238
30804,13200
30805,11336
30805,13117
30806,9541
30806,19035
30807,13494
30807,18378
30808,5167
30808,11336
30809,3954
30809,23831
30810,9474
30810,10536
30811,907
30811,1469
30812,4859
30812,5675
30813,5797
30813,7025
30814,14809
30814,18963
30815,5123
30815,13386
30816,5123
30816,13386
30817,5123
30817,13386
30818,12741
30818,15409
30819,1173
30819,10888
30820,5123
30820,13386
30821,2249
30821,11820
30822,9280
30822,17697
30823,4844
30823,6794
30824,3954
30824,7200
30825,13874
30825,14857
30826,10263
30826,14723
30827,3703
30827,14828
30828,2904
30828,25612
30829,4563
30829,12398
30830,17910
30830,18046
30831,297
30831,25923
30832,21561
30832,28494
30833,12398
30833,12419
30834,10238
30834,13955
30835,18279
30835,20248
30836,17579
30836,22146
30837,483
30837,4217
30838,3365
30838,8990
30838,12277
30839,14166
30839,14310
30840,22778
30840,22902
30841,8191
30841,9763
30842,8191
30842,9763
30843,9672
30843,14701
30843,20488
30844,15730
30844,15916
30845,5252
30845,5289
30846,13034
30846,18935
30847,284
30847,288
30848,30376
30848,30662
30849,5123
30849,5159
30850,25773
30850,27659
30851,14809
30851,18963
30852,2681
30852,14409
30853,16178
30853,16182
30854,4910
30854,14098
30855,14098
30855,19940
30856,14098
30856,19940
30857,8705
30857,23728
30858,7715
30858,14357
30858,16996
30859,25356
30859,29629
30860,12443
30860,17907
30861,7264
30861,17728
30862,992
30862,1435
30863,13977
30863,14431
30864,13977
30864,14431
30865,14431
30865,16479
30866,3954
30866,7200
30867,7161
30867,16087
30868,15319
30868,15327
30869,9689
30869,18516
30869,18721
30869,18722
30870,4638
30870,24912
30871,21767
30871,23124
30871,25126
30872,10890
30872,12997
30873,258
30873,3847
30874,598
30874,869
30875,284
30875,288
30876,1126
30876,5259
30877,5022
30877,17052
30877,17054
30878,1126
30878,5259
30878,17052
30879,13576
30879,14747
30880,11178
30880,15307
30881,25935
30881,25950
30882,301
30882,7561
30883,5123
30883,5159
30884,9347
30884,24692
30885,28434
30885,28443
30886,948
30886,1283
30887,4048
30887,10149
30888,2412
30888,16670
30889,2511
30889,8811
30890,11083
30890,11161
30891,11083
30891,11161
30892,11424
30892,12293
30893,11424
30893,12355
30894,12209
30894,19014
30895,8088
30895,9037
30896,19397
30896,19541
30897,5781
30897,5853
30898,5797
30898,7025
30898,10625
30899,10163
30899,14844
30900,4335
30900,14844
30901,14991
30901,22873
30902,4253
30902,7255
30903,8040
30903,13003
30904,26794
30904,28957
30905,8191
30905,9763
30906,11234
30906,22274
30907,7115
30907,8173
30908,1195
30908,1196
30909,364
30909,2852
30910,5504
30910,7808
30911,10975
30911,10976
30912,20780
30912,24949
30913,16807
30913,17964
30914,28922
30914,29677
30915,3954
30915,7200
30916,4567
30916,14850
30917,13075
30917,13984
30918,12841
30918,16875
30919,12841
30919,16875
30920,12841
30920,17819
30921,4193
30921,5456
30922,13646
30922,14607
30923,5123
30923,5159
30924,6672
30924,24042
30925,21069
30925,21086
30926,10494
30926,10569
30927,16374
30927,18895
30928,292
30928,295
30929,24514
30929,24924
30930,6458
30930,6460
30931,6458
30931,6460
30932,26914
30932,27562
30933,57
30933,1075
30934,14171
30934,14592
30935,10424
30935,14592
30936,9556
30936,22573
30936,23952
30937,25622
30937,26200
30938,25622
30938,26200
30939,25622
30939,26200
30940,7208
30940,7302
30941,8999
30941,9074
30942,9474
30942,10536
30943,28685
30943,28686
30944,14708
30944,14729
30945,8537
30945,21590
30946,1531
30946,3586
30947,13312
30947,22556
30948,10171
30948,13157
30949,13324
30949,13476
30950,7200
30950,17085
30951,575
30951,1590
30952,15481
30952,16315
30953,10869
30953,10918
30954,12867
30954,12898
30955,4196
30955,8142
30956,8574
30956,8764
30957,14497
30957,14537
30958,3503
30958,10238
30959,6305
30959,29833
30960,8217
30960,11424
30960,12293
30961,11424
30961,12293
30962,11424
30962,12293
30963,14829
30963,15469
30964,14067
30964,14747
30964,14850
30965,459
30965,14608
30965,14850
30966,2668
30966,14270
30967,14255
30967,16444
30968,11234
30968,22274
30969,11234
30969,22274
30970,6091
30970,13249
30971,3338
30971,7405
30972,11234
30972,22274
30973,3365
30973,3535
30973,6457
30974,9455
30974,10542
30975,8040
30975,13003
30976,6095
30976,9038
30977,17277
30977,22796
30978,9455
30978,10542
30979,13769
30979,14029
30980,26975
30980,28132
30981,29688
30981,29692
30982,25542
30982,31443
30983,17125
30983,20324
30984,4496
30984,15569
30985,14991
30985,22873
30986,3954
30986,7200
30987,6604
30987,8783
30987,15302
30988,7668
30988,8147
30989,9474
30989,10536
30990,20601
30990,22423
30991,8574
30991,8764
30992,24173
30992,24243
30993,10243
30993,18869
30994,21433
30994,24494
30995,11174
30995,11302
30996,1768
30996,1966
30997,2677
30997,9674
30998,2456
30998,16085
30999,14829
30999,15469
31000,1514
31000,1517
31001,16262
31001,19080
31002,11424
31002,12355
31003,14939
31003,14952
31004,5797
31004,7025
31005,14000
31005,14002
31006,22563
31006,22684
31007,12398
31007,12419
31008,20800
31008,21495
31009,7045
31009,19861
31010,9323
31010,9348
31011,2979
31011,17575
31012,7986
31012,19653
31013,8791
31013,14762
31013,23922
31014,292
31014,295
31015,9940
31015,27645
31016,1430
31016,17762
31017,8040
31017,13003
31018,3364
31018,27683
31019,989
31019,7732
31020,867
31020,11361
31021,16403
31021,16464
31022,14991
31022,22873
31023,22
31023,3566
31024,28044
31024,28045
31025,23630
31025,23726
31026,4067
31026,14072
31027,14809
31027,18963
31028,14809
31028,18963
31029,14809
31029,18963
31030,14809
31030,18963
31031,14809
31031,18963
31032,14809
31032,18963
31033,14809
31033,18963
31034,14809
31034,18963
31035,14809
31035,18963
31036,14809
31036,18963
31037,14809
31037,18963
31038,14809
31038,18963
31039,14809
31039,18963
31040,14809
31040,18963
31041,14809
31041,18963
31042,14809
31042,18963
31043,14809
31043,18963
31044,14809
31044,18963
31045,14809
31045,18963
31046,14809
31046,18963
31047,14809
31047,18963
31048,14809
31048,18963
31049,14809
31049,18963
31050,20646
31050,22649
31051,8142
31051,9473
31052,4067
31052,14072
31053,14546
31053,16644
31054,1021
31054,17110
31055,14209
31055,15860
31056,23765
31056,24455
31057,8191
31057,14153
31058,9763
31058,14919
31059,8191
31059,9763
31060,8191
31060,9763
31061,8191
31061,9763
31062,1944
31062,16817
31063,8040
31063,13003
31064,17277
31064,22796
31065,2033
31065,3097
31066,4386
31066,5969
31067,2134
31067,4386
31068,10748
31068,17697
31069,6349
31069,6672
31070,8974
31070,8976
31071,9411
31071,10405
31072,14847
31072,14907
31073,18698
31073,21767
31074,18553
31074,24413
31075,907
31075,1469
31076,1005
31076,9693
31077,7180
31077,8774
31078,2288
31078,7733
31079,22326
31079,26019
31080,15363
31080,15668
31081,10731
31081,16254
31082,17029
31082,20044
31083,22478
31083,23348
31084,6974
31084,10103
31084,20044
31085,14397
31085,28814
31086,17594
31086,30375
31087,24642
31087,27003
31088,1808
31088,1810
31089,18173
31089,20285
31090,10146
31090,10180
31091,23691
31091,25209
31092,554
31092,1463
31093,15290
31093,16874
31094,10094
31094,10297
31095,2933
31095,2948
31096,18880
31096,19891
31097,20800
31097,21495
31098,2761
31098,4876
31098,25235
31099,2314
31099,3566
31100,2314
31100,3566
31101,4392
31101,5329
31102,22
31102,2314
31103,2314
31103,3566
31104,4011
31104,20393
31105,4365
31105,7326
31106,13187
31106,17340
31107,11234
31107,22274
31108,3280
31108,9895
31109,579
31109,4193
31110,3375
31110,3376
31111,7045
31111,19861
31112,7045
31112,19861
31113,7745
31113,17870
31114,10235
31114,22124
31115,3130
31115,21197
31116,702
31116,12090
31117,1417
31117,2707
31118,43
31118,11891
31119,1585
31119,1608
31120,3584
31120,4850
31121,7227
31121,12719
31122,2456
31122,16085
31123,11242
31123,17484
31124,3869
31124,25093
31125,8191
31125,9763
31126,4837
31126,7200
31127,3160
31127,8905
31128,21597
31128,27150
31129,292
31129,295
31130,11761
31130,23413
31131,11336
31131,13117
31132,11336
31132,13117
31133,1394
31133,1456
31134,11752
31134,13214
31135,16633
31135,18752
31136,18276
31136,21107
31137,17989
31137,17990
31138,1585
31138,19973
31139,43
31139,11891
31140,1405
31140,16196
31141,11207
31141,15008
31142,4159
31142,5282
31143,4371
31143,7567
31144,5123
31144,5159
31145,5123
31145,5159
31146,1358
31146,2000
31147,4284
31147,13249
31147,16763
31148,14208
31148,14340
31148,17622
31149,2019
31149,23705
31150,5123
31150,5159
31151,10494
31151,10569
31152,23765
31152,24455
31153,1374
31153,8344
31153,9421
31154,4837
31154,11207
31154,15008
31155,1195
31155,1196
31156,16807
31156,17964
31157,4507
31157,4520
31157,11536
31158,27077
31158,27078
31159,5123
31159,5159
31160,11424
31160,12355
31161,11424
31161,12355
31162,11424
31162,12355
31163,11424
31163,12355
31164,11424
31164,12355
31165,6437
31165,8718
31166,8769
31166,10570
31167,8040
31167,13003
31168,713
31168,8837
31169,8974
31169,8976
31170,15804
31170,15828
31171,989
31171,7732
31172,11424
31172,12355
31173,443
31173,15844
31174,7045
31174,19861
31175,8758
31175,9066
31176,579
31176,4193
31177,11424
31177,12355
31178,5123
31178,5159
31179,17844
31179,23231
31180,15018
31180,15020
31181,931
31181,11696
31182,18452
31182,18459
31183,8705
31183,12125
31184,11792
31184,15018
31184,23728
31185,22374
31185,25080
31186,3726
31186,25080
31187,9859
31187,31056
31188,5123
31188,5159
31189,9832
31189,18527
31190,5054
31190,16508
31191,16925
31191,18016
31192,24642
31192,27003
31193,15541
31193,15597
31194,11320
31194,15002
31195,14809
31195,18963
31196,1173
31196,10888
31197,25050
31197,28113
31198,2314
31198,3566
31199,14261
31199,14309
31199,18244
31200,9727
31200,10659
31201,626
31201,2336
31202,626
31202,2336
31203,626
31203,2336
31204,18308
31204,21001
31205,7894
31205,26725
31206,2771
31206,2803
31207,11748
31207,13144
31208,4389
31208,4391
31209,9347
31209,24692
31210,14977
31210,28722
31211,14977
31211,28722
31212,22715
31212,22725
31213,28439
31213,30110
31214,992
31214,1435
31215,2616
31215,3100
31216,13576
31216,14608
31216,14850
31217,108
31217,1798
31218,6842
31218,6904
31218,7420
31219,2681
31219,3551
31220,24651
31220,24786
31221,17333
31221,29056
31222,196
31222,409
31223,24642
31223,27003
31224,3954
31224,7200
31225,7732
31225,22630
31226,3954
31226,7200
31227,20800
31227,21495
31227,23899
31228,7140
31228,23765
31228,24455
31229,25295
31229,25296
31230,16807
31230,17964
31231,4987
31231,5930
31231,10168
31232,3535
31232,6091
31232,6457
31232,10168
31232,13651
31233,12136
31233,16718
31234,2813
31234,6901
31235,227
31235,16889
31236,11336
31236,13117
31237,4837
31237,18378
31238,18378
31238,20387
31239,7184
31239,9223
31240,5766
31240,13494
31241,14809
31241,18963
31242,568
31242,11441
31243,29627
31243,31425
31244,14809
31244,18963
31245,14397
31245,28814
31246,2346
31246,16328
31247,3563
31247,6131
31248,2288
31248,2511
31249,22112
31249,23758
31250,1195
31250,1196
31251,1195
31251,1196
31252,1195
31252,1196
31253,15599
31253,16907
31254,24391
31254,24617
31255,19853
31255,20442
31256,3954
31256,7200
31257,8191
31257,9763
31258,14829
31258,15469
31259,554
31259,1463
31260,4010
31260,12093
31261,12398
31261,12419
31262,1716
31262,9164
31263,20800
31263,21495
31264,2724
31264,11932
31265,1943
31265,5108
31265,8874
31265,18355
31266,8649
31266,9011
31266,24365
31266,24367
31267,7255
31267,23103
31268,6182
31268,20714
31269,643
31269,9419
31270,14397
31270,14430
31270,28814
31271,11280
31271,13552
31272,2511
31272,11197
31273,12398
31273,12433
31274,30194
31274,31014
31275,9687
31275,12419
31276,20027
31276,20191
31277,19783
31277,19934
31278,15470
31278,16025
31279,6972
31279,9928
31280,250
31280,1728
31281,25622
31281,26200
31282,25622
31282,26200
31283,743
31283,7376
31284,7872
31284,7955
31285,4601
31285,18338
31286,3632
31286,24093
31287,6412
31287,20777
31288,6412
31288,20777
31289,4389
31289,4391
31290,4389
31290,4391
31291,24642
31291,27003
31292,6095
31292,9038
31293,989
31293,7732
31294,11336
31294,13117
31295,7200
31295,23157
31296,18202
31296,20044
31297,2511
31297,3551
31298,702
31298,4196
31299,558
31299,20138
31300,20800
31300,21495
31301,20800
31301,21495
31302,9501
31302,9687
31303,15363
31303,15668
31304,17077
31304,17328
31305,11041
31305,25042
31306,989
31306,7732
31307,8817
31307,30000
31308,3013
31308,3783
31309,14809
31309,18963
31310,3375
31310,3376
31311,227
31311,3375
31311,3376
31311,20044
31312,227
31312,20044
31313,4374
31313,23909
31314,14991
31314,22873
31315,26743
31315,26761
31316,16199
31316,16206
31317,13012
31317,16637
31318,3566
31318,22049
31319,2314
31319,16687
31320,4754
31320,27420
31321,16374
31321,17187
31322,13769
31322,14029
31323,20601
31323,22423
31324,1516
31324,8330
31325,2142
31325,2173
31326,22539
31326,22574
31327,7045
31327,19861
31328,7045
31328,19861
31329,7045
31329,19861
31330,22944
31330,30280
31331,10538
31331,12292
31332,3411
31332,21430
31333,1595
31333,20884
31334,20800
31334,21495
31335,20800
31335,21495
31336,480
31336,953
31337,21245
31337,21341
31338,13046
31338,29130
31339,18345
31339,27876
31340,27003
31340,31048
31341,11424
31341,12355
31342,5383
31342,11197
31343,13580
31343,16670
31344,3954
31344,7200
31345,989
31345,7732
31346,313
31346,449
31347,25622
31347,26200
31348,25622
31348,26200
31349,25622
31349,26200
31350,25622
31350,26200
31351,25622
31351,26200
31352,25622
31352,26200
31353,1138
31353,5843
31354,11174
31354,11302
31355,9575
31355,14162
31356,14543
31356,29559
31357,1531
31357,3586
31358,2521
31358,13634
31359,2526
31359,26851
31360,29952
31360,30378
31361,2369
31361,2821
31361,10168
31362,6061
31362,6116
31363,17594
31363,21100
31364,20601
31364,22423
31365,22715
31365,22725
31366,43
31366,6607
31366,11891
31367,15341
31367,16381
31368,6726
31368,25950
31369,25633
31369,31036
31370,5123
31370,6575
31371,12693
31371,13055
31372,20800
31372,21495
31373,20800
31373,21495
31374,3729
31374,7690
31375,7208
31375,7302
31376,7208
31376,7302
31377,5071
31377,6073
31378,85
31378,8868
31379,16481
31379,19813
31380,284
31380,288
31381,2328
31381,11949
31382,5274
31382,9037
31383,913
31383,11471
31384,14829
31384,15469
31385,18895
31385,18896
31386,16374
31386,17187
31386,18895
31386,18896
31387,555
31387,13959
31388,7045
31388,19861
31389,14000
31389,20622
31390,43
31390,22521
31391,24642
31391,27003
31391,31048
31392,4159
31392,5282
31393,907
31393,1469
31394,6412
31394,7535
31395,6412
31395,20777
31396,12094
31396,12162
31397,12693
31397,13055
31398,13518
31398,17579
31399,687
31399,5383
31400,2398
31400,3889
31401,5123
31401,5159
31402,3015
31402,10068
31403,227
31403,3375
31403,3376
31404,1818
31404,6720
31405,1118
31405,13012
31406,11234
31406,22274
31407,28857
31407,28872
31408,28857
31408,28872
31409,12394
31409,14361
31410,12394
31410,14361
31411,12394
31411,14361
31412,2314
31412,3566
31413,7711
31413,22621
31414,227
31414,20044
31415,2456
31415,16085
31416,7535
31416,27403
31417,14829
31417,15469
31418,14829
31418,15469
31419,1048
31419,1337
31419,1391
31420,8355
31420,15702
31421,15470
31421,16025
31421,16026
31422,15470
31422,16026
31423,15470
31423,16025
31423,16026
31424,15470
31424,16025
31425,15470
31425,16025
31425,16026
31426,227
31426,16889
31427,14829
31427,15469
31428,17561
31428,17623
31429,6690
31429,17289
31430,12841
31430,16875
31431,57
31431,1075
31432,3145
31432,14808
31433,24788
31433,27192
31434,14209
31434,15860
31435,2709
31435,5744
31436,2709
31436,10362
31437,11234
31437,22274
31438,1
31438,2019
31439,0
31439,14462
31439,16262
31440,23124
31440,26672
31441,11424
31441,12355
31442,11424
31442,12355
31443,2364
31443,15643
31444,10464
31444,10518
31445,14829
31445,15469
31446,5129
31446,16807
31446,17964
31446,18414
31447,1585
31447,1608
31448,50
31448,53
31449,24642
31449,27003
31450,2512
31450,9033
31451,77
31451,4385
31452,2729
31452,20061
31453,19370
31453,19422
31454,5920
31454,12507
31455,8040
31455,13003
31456,20800
31456,21495
31457,26794
31457,28957
31458,1095
31458,21535
31459,27388
31459,27887
31460,29012
31460,29016
31461,2314
31461,3566
31462,3657
31462,7628
31463,1758
31463,14489
31464,9497
31464,10362
31465,3295
31465,11834
31466,1991
31466,11809
31467,20800
31467,21495
31468,14829
31468,15469
31469,14991
31469,22873
31470,14209
31470,15860
31471,7007
31471,15724
31472,8990
31472,11041
31473,12685
31473,19056
31474,8769
31474,10570
31475,14541
31475,21325
31476,3954
31476,7200
31477,10430
31477,10536
31478,16481
31478,19813
31479,8843
31479,20032
31480,1049
31480,8084
31481,4125
31481,7262
31482,5797
31482,7025
31483,43
31483,6607
31483,23547
31484,15327
31484,25119
31485,2834
31485,14397
31485,15319
31486,29012
31486,29016
31487,11064
31487,13584
31488,20986
31488,20989
31489,579
31489,4193
31490,8561
31490,24907
31491,1173
31491,21156
31492,24756
31492,27863
31493,20800
31493,21495
31493,23899
31494,20800
31494,21495
31495,9136
31495,10400
31496,11234
31496,22274
31497,11234
31497,22274
31498,11234
31498,22274
31499,11234
31499,22274
31500,11234
31500,22274
31501,11234
31501,22274
31502,11234
31502,22274
31503,13789
31503,14265
31504,21201
31504,21614
31505,5328
31505,25010
31506,23878
31506,30656
31507,1925
31507,1936
31508,7208
31508,7302
31509,7020
31509,7137
31510,9727
31510,10659
31511,15711
31511,17272
31512,15711
31512,15958
31513,15711
31513,22177
31514,27270
31514,27661
31515,8397
31515,9972
31516,6412
31516,20777
31517,6412
31517,20777
31518,6412
31518,20777
31519,6412
31519,20777
31520,6412
31520,20777
31521,6412
31521,20777
31522,6412
31522,20777
31523,8363
31523,11130
31524,9474
31524,10536
31525,5123
31525,5159
31526,8769
31526,10570
31527,5123
31527,5159
31528,3954
31528,7200
31529,5123
31529,5159
31530,6458
31530,6460
31531,14829
31531,15469
31532,3365
31532,8990
31533,20193
31533,20207
31534,12693
31534,13055
31535,3015
31535,10068
31536,3971
31536,6125
31537,11424
31537,12355
31538,11424
31538,12355
31539,11424
31539,12355
31540,11424
31540,12355
31541,11424
31541,12355
31542,5822
31542,14732
31543,3954
31543,7200
31544,3954
31544,7200
31545,9299
31545,15720
31546,8040
31546,13003
31547,14791
31547,22388
31548,6095
31548,9038
31549,3954
31549,4837
31550,12673
31550,14313
31551,7045
31551,19861
31551,19874
31552,7045
31552,19861
31552,19874
31553,7045
31553,19861
31554,14829
31554,15469
31555,11234
31555,22274
31556,9672
31556,14701
31557,3153
31557,14766
31558,2981
31558,3004
31559,24831
31559,24832
31560,3971
31560,6125
31561,12507
31561,17908
31562,30355
31562,30399
31563,1585
31563,1608
31564,14991
31564,22873
31565,14991
31565,22873
31566,20800
31566,21495
31567,11949
31567,15713
31568,3717
31568,15756
31569,1585
31569,16867
31570,19845
31570,24085
31571,10929
31571,10930
31572,11739
31572,11741
31573,20895
31573,21580
31574,284
31574,459
31575,3675
31575,8497
31576,127
31576,11820
31577,4152
31577,7366
31578,14409
31578,14589
31579,15036
31579,15055
31580,10538
31580,12292
31581,3488
31581,7405
31582,3338
31582,3875
31582,18600
31583,568
31583,6804
31584,26131
31584,26354
31585,250
31585,1728
31586,16199
31586,16206
31586,16226
31587,8836
31587,8861
31588,15275
31588,16054
31589,10671
31589,11696
31590,2939
31590,3971
31590,6125
31590,17262
31591,4567
31591,5167
31591,7278
31591,8764
31591,17761
31592,3565
31592,19897
31593,1291
31593,8397
31594,13769
31594,14029
31594,18601
31595,992
31595,1435
31596,2380
31596,8768
31597,13034
31597,17892
31597,18421
31597,20951
31598,17594
31598,18769
31599,3954
31599,7200
31600,1693
31600,17976
31601,1531
31601,3586
31601,6667
31602,7278
31602,17277
31603,20601
31603,22423
31604,263
31604,20584
31605,11049
31605,16602
31606,6587
31606,13163
31607,6607
31607,11891
31608,1167
31608,11696
31609,4371
31609,7567
31610,24173
31610,24243
31611,14397
31611,15319
31612,29696
31612,29965
31613,29913
31613,30623
31614,10869
31614,10918
31615,4371
31615,7567
31616,227
31616,20044
31617,227
31617,20044
31618,17277
31618,21143
31619,7563
31619,9037
31620,4187
31620,13761
31621,478
31621,6011
31622,9037
31622,16770
31623,6227
31623,17547
31624,7563
31624,10356
31625,14685
31625,18703
31626,15227
31626,17503
31627,7802
31627,10356
31627,18463
31628,11279
31628,18531
31629,10727
31629,15934
31630,2511
31630,12303
31631,1854
31631,17477
31632,17593
31632,18531
31633,14532
31633,20591
31633,21176
31634,2147
31634,2149
31635,4184
31635,21975
31636,20794
31636,23584
31637,26484
31637,29915
31638,2680
31638,14890
31639,5973
31639,9786
31640,5123
31640,11879
31641,16374
31641,17187
31641,18895
31641,18896
31642,4636
31642,11987
31643,1043
31643,5729
31644,19294
31644,21335
31645,3693
31645,13819
31646,14850
31646,15046
31647,14608
31647,14850
31648,284
31648,288
31649,1195
31649,1196
31650,5797
31650,7025
31651,6901
31651,13636
31652,1207
31652,1229
31652,12315
31653,1207
31653,1229
31653,3807
31654,5123
31654,11879
31655,1634
31655,5123
31655,5159
31656,3954
31656,7200
31657,3535
31657,16677
31657,21056
31658,3535
31658,24705
31659,5506
31659,20543
31660,913
31660,11471
31661,3807
31661,28655
31662,662
31662,1960
31663,15481
31663,16315
31664,5853
31664,24385
31665,24756
31665,27863
31665,28937
31666,24756
31666,27863
31667,3954
31667,7200
31668,14850
31668,15046
31668,15694
31669,9556
31669,22573
31670,2456
31670,16085
31671,3954
31671,7200
31672,4389
31672,4391
31673,15619
31673,22578
31674,4636
31674,19779
31675,20601
31675,22423
31676,3971
31676,6125
31677,18412
31677,26625
31677,26633
31678,22217
31678,23454
31679,3954
31679,7200
31680,3954
31680,27011
31681,16151
31681,16292
31682,284
31682,288
31683,284
31683,288
31684,3322
31684,17203
31685,3073
31685,4861
31686,6672
31686,9611
31687,3954
31687,7200
31688,913
31688,11471
31689,3869
31689,25093
31690,13117
31690,14458
31691,913
31691,11471
31692,16807
31692,17964
31693,3254
31693,8783
31694,989
31694,7732
31695,28748
31695,31153
31696,12392
31696,14447
31697,989
31697,7732
31698,10695
31698,11686
31699,11686
31699,21976
31700,5523
31700,7583
31701,13273
31701,14802
31702,1944
31702,16817
31703,8191
31703,9763
31704,2569
31704,16288
31704,22882
31705,478
31705,6011
31706,8191
31706,9763
31707,2314
31707,3566
31708,1105
31708,13117
31709,11336
31709,13117
31710,6059
31710,17085
31711,3954
31711,4837
31712,3954
31712,4837
31712,7200
31713,2709
31713,5744
31714,14766
31714,18202
31715,9474
31715,10536
31716,5123
31716,5159
31717,5688
31717,14769
31718,913
31718,11471
31719,6379
31719,9363
31720,9895
31720,23214
31721,18628
31721,18856
31722,7208
31722,7302
31723,14261
31723,14309
31724,14309
31724,18378
31725,2288
31725,7733
31726,14829
31726,15469
31727,16807
31727,17964
31728,11234
31728,22274
31729,1675
31729,12790
31730,17892
31730,20012
31730,20951
31731,1167
31731,15515
31732,12673
31732,14313
31733,5968
31733,7165
31734,6631
31734,15497
31735,2019
31735,16262
31735,16821
31736,0
31736,1
31736,14462
31736,16262
31737,2019
31737,16262
31738,16262
31738,19080
31739,16262
31739,19080
31740,16262
31740,19080
31741,13046
31741,29130
31742,14829
31742,15469
31743,1091
31743,24705
31744,16403
31744,16464
31745,11234
31745,22274
31746,11652
31746,21452
31746,26818
31747,20446
31747,21042
31748,16439
31748,16568
31749,16439
31749,16568
31750,16199
31750,16206
31751,3954
31751,7200
31752,43
31752,11891
31753,24788
31753,27192
31754,11336
31754,13117
31755,11336
31755,13117
31756,11336
31756,13117
31757,11336
31757,13117
31758,3640
31758,6719
31759,8191
31759,9763
31760,8191
31760,9763
31761,1105
31761,13813
31762,132
31762,4392
31762,5329
31763,4392
31763,5329
31764,4392
31764,5329
31765,4392
31765,5329
31766,3954
31766,4837
31766,7200
31766,17085
31767,8191
31767,9763
31768,16481
31768,19813
31769,6832
31769,13922
31770,13046
31770,29130
31771,13046
31771,29130
31772,6125
31772,7235
31773,6125
31773,7235
31774,2775
31774,15275
31775,15481
31775,16315
31776,26554
31776,26609
31777,992
31777,1435
31778,554
31778,1463
31779,2939
31779,3788
31780,23023
31780,23669
31781,24756
31781,27863
31782,22338
31782,23802
31783,18698
31783,21767
31784,27977
31784,28277
31785,59
31785,1135
31786,2036
31786,2037
31787,7400
31787,7447
31788,7020
31788,7137
31789,9323
31789,9348
31790,98
31790,24587
31791,11234
31791,22274
31792,11234
31792,22274
31793,13381
31793,16677
31794,2053
31794,11197
31795,284
31795,288
31796,685
31796,2369
31796,3073
31796,4861
31796,7140
31796,13907
31797,3376
31797,9358
31798,4389
31798,4391
31799,11749
31799,19029
31800,6182
31800,20714
31801,7668
31801,8147
31802,2843
31802,14347
31803,8454
31803,8580
31804,7184
31804,10303
31804,10506
31805,6177
31805,17259
31806,4362
31806,14747
31807,14291
31807,18128
31808,1564
31808,16863
31809,18452
31809,18459
31810,2240
31810,2651
31811,2939
31811,3971
31811,6125
31811,17262
31812,5853
31812,12393
31812,15730
31813,7278
31813,12088
31814,6228
31814,7278
31815,6061
31815,6116
31815,7370
31815,10776
31816,13769
31816,14029
31816,18601
31817,17910
31817,18046
31818,8862
31818,12630
31819,3565
31819,17684
31820,10691
31820,13800
31820,20531
31821,8769
31821,12123
31821,17738
31821,17892
31821,18421
31821,20951
31822,9645
31822,10570
31823,19454
31823,19528
31824,7278
31824,15018
31824,17594
31825,2337
31825,14541
31826,627
31826,5853
31826,16196
31826,21191
31827,1758
31827,14489
31828,3954
31828,7200
31829,8487
31829,13815
31829,14747
31830,13270
31830,19134
31831,1093
31831,1460
31831,1693
31831,17976
31832,6125
31832,13647
31833,1531
31833,3586
31833,6667
31833,12867
31833,12898
31834,9502
31834,21863
31835,18663
31835,18781
31836,6078
31836,8397
31837,10890
31837,12997
31838,7278
31838,13298
31839,263
31839,3312
31840,7278
31840,17277
31841,5853
31841,6405
31841,11450
31842,1757
31842,20601
31843,3005
31843,8786
31844,3355
31844,18798
31845,9258
31845,10143
31846,7278
31846,14947
31847,19170
31847,19324
31848,5473
31848,10601
31849,2558
31849,9764
31850,6341
31850,7728
31850,11049
31850,14776
31850,16602
31851,18977
31851,21924
31852,6587
31852,13163
31852,19209
31852,22464
31852,23143
31853,43
31853,6607
31853,11891
31853,21819
31853,21924
31853,23023
31853,23669
31854,1585
31854,19358
31855,21050
31855,21245
31855,21322
31856,6166
31856,6181
31856,6341
31857,23143
31857,24173
31858,9024
31858,16259
31859,4371
31859,7567
31860,3316
31860,23390
31861,23222
31861,24593
31862,5126
31862,18658
31863,634
31863,19843
31864,24173
31864,24243
31865,4146
31865,4567
31865,13560
31866,240
31866,13355
31866,14397
31866,15319
31866,15327
31866,25119
31867,24173
31867,24243
31868,15110
31868,15741
31869,24173
31869,24243
31870,25909
31870,25936
31871,8705
31871,23907
31872,8294
31872,17591
31873,29012
31873,29016
31874,11064
31874,13584
31875,8615
31875,19615
31876,29696
31876,29965
31877,5544
31877,27035
31878,29913
31878,30623
31879,26937
31879,26968
31880,16828
31880,29199
31881,8667
31881,16795
31881,26516
31881,29371
31882,23878
31882,27647
31883,25346
31883,30606
31883,31274
31884,1634
31884,2134
31885,24651
31885,24786
31886,7045
31886,19861
31887,16178
31887,16182
31888,3729
31888,5370
31889,5662
31889,14521
31890,1160
31890,28151
31890,31309
31891,913
31891,8590
31891,8661
31891,11471
31892,13520
31892,13547
31893,17727
31893,17728
31894,3073
31894,4861
31895,2767
31895,8191
31895,9763
31896,4159
31896,5282
31897,7771
31897,14766
31898,3823
31898,13869
31899,108
31899,10888
31900,8726
31900,8872
31901,43
31901,679
31902,22024
31902,24461
31903,28456
31903,29128
31904,2468
31904,29934
31905,11336
31905,13494
31905,16178
31906,11336
31906,13117
31907,11046
31907,13494
31907,16178
31907,18898
31908,16092
31908,16178
31909,12912
31909,13494
31909,16178
31909,18898
31910,5394
31910,12912
31910,13494
31910,16178
31911,12136
31911,12912
31911,13494
31912,12136
31912,12912
31913,7711
31913,12136
31913,12912
31913,13494
31913,16178
31914,12912
31914,13494
31914,16178
31914,22267
31915,12912
31915,13494
31916,2681
31916,12912
31916,16178
31916,18898
31917,10312
31917,23981
31918,10312
31918,23981
31919,9323
31919,9348
31920,8396
31920,10273
31920,10827
31921,4601
31921,18338
31922,643
31922,9419
31923,3073
31923,4861
31924,3954
31924,7200
31925,13273
31925,14802
31926,7340
31926,14652
31927,4601
31927,18338
31928,31378
31928,31399
31929,3954
31929,7200
31930,15227
31930,17503
31931,9444
31931,16299
31932,22778
31932,22902
31933,24642
31933,27003
31934,16199
31934,16206
31935,12790
31935,24398
31936,3869
31936,25093
31937,15711
31937,17452
31938,7184
31938,9924
31939,9474
31939,10536
31940,3073
31940,4861
31941,4343
31941,20861
31942,20678
31942,21016
31943,6508
31943,10108
31944,891
31944,18183
31945,6508
31945,10108
31946,12159
31946,12160
31947,25080
31947,25227
31948,9497
31948,10202
31949,11174
31949,11302
31950,2402
31950,2667
31951,4392
31951,5329
31952,12849
31952,16637
31953,8590
31953,16435
31954,2314
31954,3566
31955,8191
31955,9763
31956,14587
31956,21457
31957,13802
31957,17085
31958,3954
31958,7200
31959,2147
31959,2149
31960,6155
31960,9347
31961,2835
31961,11883
31962,6739
31962,16628
31963,18279
31963,20248
31964,10869
31964,10880
31964,10918
31965,3954
31965,7200
31966,8537
31966,21590
31967,1095
31967,21535
31968,3954
31968,7200
31969,8040
31969,13003
31970,26914
31970,27562
31971,7535
31971,10333
31972,77
31972,12632
31973,786
31973,19915
31974,2564
31974,8623
31975,12172
31975,17757
31976,1842
31976,4220
31977,2786
31977,17085
31978,24882
31978,25011
31979,989
31979,7732
31980,11999
31980,25549
31981,7469
31981,27958
31982,3954
31982,7200
31983,12505
31983,15040
31983,15041
31983,17350
31984,6095
31984,9038
31985,26914
31985,27562
31986,4382
31986,18545
31987,3954
31987,7200
31988,2933
31988,2948
31989,8040
31989,13003
31990,26914
31990,27562
31991,13968
31991,19105
31992,12693
31992,13055
31993,9024
31993,16259
31994,24642
31994,27003
31995,17989
31995,17990
31996,11333
31996,11455
31997,24642
31997,27003
31998,12898
31998,13172
31999,4461
31999,8255
32000,12867
32000,12898
32001,11333
32001,11455
32002,8537
32002,21590
32003,5123
32003,11879
32004,4511
32004,18059
32004,18095
32005,3971
32005,6125
32006,17910
32006,18046
32007,1758
32007,14489
32008,16481
32008,19813
32009,2569
32009,7110
32010,18507
32010,19170
32010,19324
32011,11049
32011,16602
32012,2834
32012,15327
32012,25119
32013,18450
32013,19524
32014,12636
32014,12746
32015,8705
32015,23728
32016,6412
32016,20777
32017,9763
32017,19340
32017,19487
32018,6457
32018,15669
32019,10662
32019,16340
32020,3954
32020,7200
32021,26996
32021,27220
32022,19170
32022,19324
32023,8232
32023,12081
32024,6095
32024,9038
32025,3266
32025,4116
32026,1842
32026,8232
32026,13833
32027,6928
32027,11696
32027,12005
32027,12109
32028,359
32028,2740
32028,8868
32028,17065
32029,227
32029,12850
32030,12109
32030,13493
32031,6085
32031,17164
32032,3566
32032,17164
32033,17187
32033,18896
32034,1305
32034,5570
32035,2879
32035,31270
32036,11234
32036,13391
32037,2346
32037,16328
32038,9455
32038,10542
32039,3954
32039,7200
32040,1173
32040,21156
32041,22461
32041,22635
32042,17277
32042,26059
32043,17897
32043,22266
32044,13446
32044,17427
32045,10423
32045,24690
32046,3954
32046,7200
32047,30819
32047,31086
32048,2729
32048,10670
32048,10727
32049,2729
32049,10727
32050,2729
32050,10727
32051,17844
32051,23231
32052,23765
32052,24455
32053,4284
32053,6091
32053,10171
32054,75
32054,8593
32055,3169
32055,6089
32056,13187
32056,17340
32057,5504
32057,7808
32057,8349
32058,14809
32058,18963
32059,8191
32059,9763
32060,5797
32060,7025
32061,8566
32061,13160
32062,8769
32062,10570
32063,3192
32063,9482
32064,16681
32064,16682
32065,14247
32065,16681
32065,16682
32066,14247
32066,16681
32066,16682
32067,14247
32067,16681
32068,14247
32068,16681
32069,14247
32069,16681
32070,10971
32070,11032
32071,10971
32071,11032
32071,15805
32072,11032
32072,15805
32073,10971
32073,11032
32074,5483
32074,7200
32075,3375
32075,3376
32076,3280
32076,20356
32077,4671
32077,11378
32078,1753
32078,11378
32079,22128
32079,22129
32080,2363
32080,15861
32081,459
32081,11161
32082,937
32082,1585
32083,14991
32083,22873
32084,3303
32084,3304
32085,964
32085,13386
32086,2933
32086,2948
32086,11696
32087,359
32087,2740
32088,10171
32088,21927
32089,18194
32089,18863
32090,16713
32090,16714
32091,7959
32091,22898
32092,2456
32092,16085
32093,10296
32093,10938
32094,26558
32094,26639
32095,4491
32095,4726
32095,5155
32096,2892
32096,3484
32097,21132
32097,22621
32098,18861
32098,24332
32099,50
32099,53
32100,5123
32100,18150
32101,11905
32101,17359
32102,2412
32102,16670
32103,8837
32103,19494
32104,2798
32104,13948
32105,11894
32105,16723
32106,15470
32106,16025
32106,16026
32107,16687
32107,17256
32108,236
32108,967
32109,11234
32109,22274
32110,11234
32110,22274
32111,11234
32111,22274
32112,11234
32112,22274
32113,11234
32113,22274
32114,11234
32114,22274
32115,19
32115,20
32116,19517
32116,25718
32117,2019
32117,12956
32118,12878
32118,17085
32119,5483
32119,7200
32120,4220
32120,5972
32120,6798
32121,26189
32121,26229
32121,27057
32122,25573
32122,30713
32123,11874
32123,13718
32123,15108
32123,17083
32124,11424
32124,12355
32125,11424
32125,12355
32126,24642
32126,27003
32127,5123
32127,11879
32128,4172
32128,9566
32129,7161
32129,16087
32130,6393
32130,6870
32131,24756
32131,27863
32132,2962
32132,8822
32133,12867
32133,12898
32134,11333
32134,11455
32135,25633
32135,31036
32136,21495
32136,23899
32137,20800
32137,21495
32138,1093
32138,1460
32139,6595
32139,9433
32140,5822
32140,7963
32141,21531
32141,21636
32142,19625
32142,19768
32143,8414
32143,12852
32144,9497
32144,12852
32145,3145
32145,10047
32145,12852
32145,14808
32146,6545
32146,8103
32147,4147
32147,5247
32148,1589
32148,4674
32148,14330
32148,15318
32149,1589
32149,13766
32149,29807
32150,8018
32150,29959
32151,4562
32151,18222
32152,8837
32152,19494
32152,20027
32153,3954
32153,7200
32154,227
32154,2379
32155,19574
32155,19585
32156,3954
32156,7200
32157,3954
32157,7200
32158,227
32158,20044
32159,227
32159,20044
32160,14524
32160,16834
32161,10171
32161,13015
32162,10171
32162,13015
32163,19625
32163,19768
32164,15247
32164,15315
32165,25213
32165,25322
32166,10346
32166,11041
32167,743
32167,7376
32168,14829
32168,15469
32169,29428
32169,29709
32170,8929
32170,14795
32171,8929
32171,14795
32172,14795
32172,16260
32173,8929
32173,14795
32173,16260
32174,14795
32174,16260
32175,14795
32175,16260
32176,8929
32176,14795
32176,16260
32177,14795
32177,16260
32178,14795
32178,16260
32179,8929
32179,14795
32179,16260
32180,14795
32180,16260
32181,14795
32181,16260
32182,14795
32182,16260
32183,14795
32183,16260
32184,14795
32184,16260
32185,14795
32185,16260
32186,14795
32186,16260
32187,14795
32187,16260
32188,14795
32188,16260
32189,14795
32189,16260
32190,14795
32190,16260
32191,14795
32191,16260
32192,14795
32192,16260
32193,14795
32193,16260
32194,14795
32194,16260
32195,14795
32195,16260
32196,14795
32196,16260
32197,6616
32197,6821
32198,6458
32198,6460
32199,1585
32199,1608
32200,11677
32200,11972
32201,438
32201,1593
32202,14809
32202,18963
32203,13012
32203,13922
32204,3954
32204,4837
32204,7200
32205,3572
32205,9817
32206,13646
32206,14607
32207,4507
32207,4520
32207,6619
32208,2379
32208,7200
32209,14829
32209,15469
32210,1052
32210,15713
32211,7471
32211,8585
32212,1074
32212,17150
32213,25042
32213,25587
32214,11424
32214,12355
32215,11424
32215,12355
32216,14577
32216,14672
32217,14577
32217,14672
32218,25622
32218,26200
32219,3954
32219,7200
32220,1126
32220,17052
32221,16199
32221,16206
32222,50
32222,53
32223,4389
32223,4391
32224,7369
32224,10356
32225,85
32225,13922
32226,8191
32226,16687
32227,5568
32227,8191
32227,11174
32227,11302
32228,8191
32228,11174
32229,5161
32229,17783
32230,4611
32230,8149
32231,85
32231,4494
32231,18897
32232,187
32232,3427
32233,7479
32233,18378
32234,13813
32234,22788
32235,5998
32235,22146
32236,8365
32236,25569
32237,20800
32237,21495
32238,11336
32238,13117
32238,13247
32238,16784
32239,21050
32239,21322
32240,11424
32240,12355
32241,11424
32241,12355
32242,11424
32242,12355
32243,25215
32243,25244
32244,11336
32244,13117
32244,13247
32244,16784
32245,4195
32245,4246
32246,3954
32246,7200
32247,16245
32247,16447
32248,16481
32248,19813
32249,16481
32249,19813
32250,11336
32250,13117
32251,8933
32251,8944
32252,50
32252,53
32253,992
32253,1435
32254,16481
32254,19813
32255,8667
32255,26516
32256,1095
32256,21535
32257,1095
32257,21535
32258,14829
32258,15469
32259,4461
32259,8255
32260,1173
32260,10888
32261,8191
32261,9763
32262,17892
32262,18421
32262,20951
32263,1022
32263,17395
32264,22005
32264,22366
32265,11891
32265,23718
32266,1624
32266,3484
32266,10243
32267,19961
32267,20194
32267,20888
32268,59
32268,12564
32269,2933
32269,2948
32270,8621
32270,15619
32271,16477
32271,27435
32272,4347
32272,6883
32273,24642
32273,27003
32274,14000
32274,14002
32275,5703
32275,9512
32276,24860
32276,27954
32277,2197
32277,30581
32278,2933
32278,2948
32279,12841
32279,16875
32280,10408
32280,26767
32281,2933
32281,2948
32282,18414
32282,24866
32283,14494
32283,14495
32284,6412
32284,20777
32285,6679
32285,11451
32286,2456
32286,16085
32287,301
32287,7561
32288,15303
32288,15886
32289,3954
32289,7200
32290,10156
32290,13351
32291,4347
32291,6883
32292,24642
32292,27003
32293,8769
32293,10570
32294,3954
32294,7200
32295,3954
32295,4837
32296,1531
32296,3586
32297,43
32297,11891
32298,4045
32298,24282
32299,43
32299,11891
32300,3954
32300,7200
32301,9136
32301,10400
32302,1757
32302,6359
32303,3954
32303,7200
32304,3282
32304,16638
32305,2546
32305,14003
32306,5123
32306,5159
32307,3954
32307,7200
32308,3303
32308,3304
32309,11424
32309,12355
32310,3954
32310,7200
32311,17077
32311,17328
32312,75
32312,8593
32313,4045
32313,15481
32314,12741
32314,15409
32315,6974
32315,10103
32316,8191
32316,9763
32317,15084
32317,21144
32318,4452
32318,6558
32319,2511
32319,4196
32320,1173
32320,10888
32321,2346
32321,16328
32322,24173
32322,24243
32323,17987
32323,21048
32324,11224
32324,16425
32325,6457
32325,17412
32326,3566
32326,16687
32327,24869
32327,24871
32328,5123
32328,11879
32329,186
32329,6851
32330,13270
32330,19134
32331,18880
32331,19891
32332,27386
32332,27464
32333,23765
32333,24455
32334,15643
32334,16178
32335,24831
32335,24832
32336,1944
32336,16817
32337,1944
32337,16817
32338,236
32338,13995
32339,3375
32339,3376
32340,11336
32340,13117
32341,11336
32341,13117
32342,1052
32342,15713
32343,8191
32343,16677
32344,8191
32344,16677
32345,1126
32345,17052
32346,5259
32346,17052
32347,1126
32347,17052
32348,3338
32348,26906
32349,11336
32349,13117
32350,11234
32350,22274
32351,26961
32351,28667
32352,27623
32352,29028
32353,7137
32353,15060
32354,25944
32354,26656
32355,6457
32355,15222
32355,17081
32356,77
32356,15222
32357,15995
32357,25020
32357,27144
32358,11178
32358,15307
32359,2402
32359,2667
32360,20800
32360,21495
32361,2456
32361,17728
32362,10310
32362,26002
32363,402
32363,7154
32364,9955
32364,15592
32365,1173
32365,21156
32366,4023
32366,14830
32367,4389
32367,4391
32368,227
32368,16889
32369,227
32369,20044
32370,227
32370,20044
32371,3375
32371,20044
32372,227
32372,20044
32373,227
32373,20044
32374,227
32374,20044
32375,227
32375,20044
32376,227
32376,20044
32377,227
32377,20044
32378,227
32378,20044
32379,227
32379,20044
32380,227
32380,20044
32381,227
32381,20044
32382,227
32382,20044
32383,227
32383,20044
32384,227
32384,20044
32385,227
32385,20044
32386,227
32386,20044
32387,227
32387,20044
32388,227
32388,20044
32389,227
32389,20044
32390,227
32390,20044
32391,227
32391,22443
32392,227
32392,20044
32392,22443
32393,20044
32393,22443
32394,20800
32394,21495
32395,14991
32395,22873
32396,3869
32396,25093
32397,23814
32397,24147
32398,3776
32398,29392
32399,11445
32399,12109
32400,2511
32400,17838
32401,2892
32401,3484
32402,14809
32402,18963
32403,14809
32403,18963
32404,10869
32404,10918
32404,11725
32405,2402
32405,2667
32406,2402
32406,2667
32407,2667
32407,3685
32408,2402
32408,2667
32409,2402
32409,2667
32410,2755
32410,16860
32411,24622
32411,25014
32412,4563
32412,21421
32413,8191
32413,16677
32414,8191
32414,16677
32415,8191
32415,16677
32416,8191
32416,16677
32417,731
32417,7238
32418,21823
32418,21824
32419,22944
32419,30280
32420,3954
32420,7200
32421,18045
32421,29368
32422,7318
32422,8273
32423,22
32423,5370
32424,10805
32424,16687
32424,17256
32425,16687
32425,17256
32426,16687
32426,17089
32427,16687
32427,17256
32427,17509
32428,6791
32428,17213
32429,6164
32429,6170
32430,7318
32430,8273
32431,8191
32431,9763
32432,8191
32432,9763
32433,4461
32433,8255
32434,992
32434,1435
32435,7172
32435,10481
32436,1
32436,967
32436,17064
32437,12811
32437,13088
32438,2456
32438,16085
32439,6351
32439,22196
32440,13097
32440,16176
32441,626
32441,2336
32442,14829
32442,15469
32443,7045
32443,19861
32444,7045
32444,19861
32445,11234
32445,22274
32446,11234
32446,22274
32447,11234
32447,22274
32448,11234
32448,22274
32449,1067
32449,1748
32450,24230
32450,28115
32451,9467
32451,23080
32452,24121
32452,24388
32453,9467
32453,23080
32454,24121
32454,24388
32455,5766
32455,7563
32456,20406
32456,27265
32457,14462
32457,16262
32458,694
32458,699
32459,2197
32459,16805
32460,4389
32460,4391
32461,3954
32461,12240
32462,11907
32462,17207
32463,2709
32463,4011
32464,10171
32464,11055
32464,13013
32465,11662
32465,16274
32466,10156
32466,13351
32467,10822
32467,17174
32468,9174
32468,24893
32469,12281
32469,22941
32470,22346
32470,29275
32471,14209
32471,15860
32472,20800
32472,21495
32473,11861
32473,13341
32473,14547
32474,867
32474,11361
32475,11325
32475,13873
32475,15374
32476,4791
32476,27956
32477,23907
32477,24567
32478,7971
32478,23696
32479,11234
32479,22274
32480,5766
32480,7563
32481,13013
32481,13623
32482,1531
32482,3586
32483,15804
32483,15828
32484,2798
32484,15001
32485,7960
32485,8261
32486,22287
32486,23897
32487,17899
32487,28561
32488,3015
32488,10068
32488,13039
32489,2981
32489,3004
32490,1815
32490,3563
32491,8191
32491,9763
32492,14991
32492,22873
32493,14991
32493,22662
32494,3869
32494,25093
32495,579
32495,4193
32496,579
32496,4193
32497,5123
32497,20819
32498,16481
32498,19813
32499,12675
32499,16937
32500,29012
32500,29016
32501,28011
32501,31051
32502,992
32502,1435
32503,5119
32503,9998
32504,11336
32504,13117
32505,13117
32505,16784
32506,7711
32506,22621
32507,3954
32507,4837
32507,7200
32508,9236
32508,10240
32509,7208
32509,7302
32509,12483
32510,5498
32510,23320
32511,30875
32511,31189
32512,7349
32512,23917
32513,24882
32513,25011
32514,989
32514,7732
32515,11333
32515,11455
32516,27372
32516,27373
32517,14809
32517,18963
32518,21961
32518,21976
32519,13769
32519,14029
32520,16481
32520,19813
32521,16481
32521,19813
32522,2755
32522,16860
32523,17637
32523,17971
32524,8273
32524,13273
32525,4844
32525,5089
32525,7318
32525,14802
32526,6874
32526,11325
32526,12128
32527,992
32527,17262
32528,7221
32528,10635
32529,1452
32529,4114
32530,9471
32530,15739
32531,3954
32531,7200
32532,3954
32532,7200
32533,1067
32533,15713
32534,29241
32534,29673
32535,75
32535,8593
32536,9547
32536,9765
32537,29012
32537,29016
32538,13763
32538,30774
32539,4837
32539,6059
32540,22778
32540,22902
32541,16481
32541,19813
32542,9501
32542,9687
32543,1207
32543,1208
32543,1229
32543,3957
32543,13181
32544,1991
32544,11809
32545,13055
32545,18052
32546,8191
32546,9763
32547,23837
32547,26951
32548,14607
32548,17303
32549,21782
32549,22353
32550,867
32550,11361
32551,24453
32551,25017
32552,14043
32552,21273
32553,12841
32553,16875
32554,1871
32554,2282
32555,21263
32555,21325
32556,5822
32556,14732
32557,2525
32557,5147
32558,978
32558,1187
32559,412
32559,1076
32560,412
32560,978
32561,14829
32561,15469
32562,8566
32562,9779
32563,3811
32563,13021
32564,11234
32564,22274
32565,565
32565,18435
32566,12786
32566,13318
32567,10834
32567,12516
32567,13088
32568,565
32568,7686
32569,13318
32569,21397
32570,18732
32570,21838
32571,5362
32571,7259
32572,1430
32572,17762
32573,6007
32573,7087
32573,8764
32574,14209
32574,15860
32575,11234
32575,22274
32576,11234
32576,22274
32577,11234
32577,22274
32578,11234
32578,22274
32579,11234
32579,22274
32580,11234
32580,22274
32581,11234
32581,22274
32582,11234
32582,22274
32583,11234
32583,22274
32584,11234
32584,22274
32585,11234
32585,22274
32586,3145
32586,22274
32587,11234
32587,22274
32588,11234
32588,22274
32589,11234
32589,22274
32590,11234
32590,22274
32591,11234
32591,22274
32592,11234
32592,22274
32593,11234
32593,22274
32594,11234
32594,22274
32595,11234
32595,22274
32596,11234
32596,22274
32597,11234
32597,22274
32598,11234
32598,22274
32599,11234
32599,22274
32600,11234
32600,22274
32601,23806
32601,23842
32602,5244
32602,5515
32603,24679
32603,24717
32604,18628
32604,18856
32605,18628
32605,18856
32606,18628
32606,18856
32607,18628
32607,18856
32608,18628
32608,18856
32609,11336
32609,13117
32610,8705
32610,23728
32611,14829
32611,15469
32612,23517
32612,29017
32613,3954
32613,7200
32614,8191
32614,9763
32615,4787
32615,10356
32616,3954
32616,7200
32617,7766
32617,8595
32617,11940
32618,14462
32618,16262
32619,20800
32619,21495
32620,20800
32620,21495
32621,364
32621,2852
32622,364
32622,2852
32623,2529
32623,16588
32623,20527
32624,7960
32624,8261
32625,8824
32625,21815
32626,8836
32626,8861
32627,11234
32627,22274
32628,11234
32628,22274
32629,11234
32629,22274
32630,11234
32630,22274
32631,11234
32631,22274
32632,11234
32632,22274
32633,11234
32633,22274
32634,11234
32634,22274
32635,11234
32635,22274
32636,11234
32636,22274
32637,11234
32637,22274
32638,11803
32638,19527
32639,11482
32639,29844
32640,28844
32640,31317
32641,0
32641,5161
32641,6457
32641,14462
32641,17381
32641,17382
32642,2456
32642,16085
32643,16687
32643,17256
32644,459
32644,581
32645,14607
32645,17303
32646,16555
32646,19603
32647,6457
32647,12622
32648,7206
32648,16589
32649,1
32649,3502
32649,6457
32649,8990
32650,13078
32650,13079
32651,25071
32651,25123
32652,22461
32652,22635
32653,22461
32653,22635
32654,4011
32654,8990
32655,2511
32655,8830
32656,1806
32656,3535
32656,4790
32656,11486
32657,2363
32657,9382
32657,12812
32657,17449
32658,14809
32658,18963
32659,3954
32659,7200
32660,24651
32660,24786
32661,24651
32661,24786
32662,24651
32662,24786
32663,24651
32663,24786
32664,26156
32664,26455
32665,1212
32665,4656
32666,17104
32666,18302
32667,8837
32667,20027
32668,19845
32668,24085
32669,1634
32669,2134
32670,6830
32670,7784
32671,5123
32671,13386
32672,6764
32672,22194
32673,15481
32673,16315
32674,25622
32674,26200
32675,20800
32675,21495
32676,20800
32676,21495
32677,19256
32677,24996
32678,3564
32678,4903
32678,17469
32679,3971
32679,17729
32680,7045
32680,19861
32681,9829
32681,17077
32682,5920
32682,12507
32683,9041
32683,9042
32684,18880
32684,19891
32685,26914
32685,27562
32686,26914
32686,27562
32687,8191
32687,9763
32688,17077
32688,17328
32689,7535
32689,27403
32690,16374
32690,18895
32691,2314
32691,3566
32692,3566
32692,16687
32692,17256
32693,11990
32693,13641
32694,2363
32694,5159
32695,3285
32695,6457
32695,8990
32695,17412
32696,12394
32696,14361
32697,25049
32697,25294
32697,25295
32697,25296
32697,25297
32698,25294
32698,25296
32699,25294
32699,25296
32699,25297
32700,43
32700,11891
32701,28434
32701,28443
32702,5797
32702,7025
32703,21915
32703,21922
32704,24161
32704,24302
32705,271
32705,1010
32706,17326
32706,17331
32707,26914
32707,27562
32707,27715
32708,24245
32708,29236
32709,16978
32709,29236
32710,1608
32710,6855
32711,14829
32711,15469
32712,1378
32712,1789
32712,17053
32712,17363
32713,10171
32713,13249
32713,13623
32714,16262
32714,17624
32715,2402
32715,2667
32716,4045
32716,13012
32717,9005
32717,17258
32718,4754
32718,27420
32719,6628
32719,13445
32720,15798
32720,23170
32721,8593
32721,18463
32722,3954
32722,7200
32723,23492
32723,23580
32724,10019
32724,10020
32725,23593
32725,27463
32726,3869
32726,25093
32727,3869
32727,25093
32728,2288
32728,3566
32729,5123
32729,13386
32730,10880
32730,10918
32731,14829
32731,15469
32732,27386
32732,27464
32733,14829
32733,15469
32734,11234
32734,22274
32735,3971
32735,17729
32736,27989
32736,28066
32736,28067
32737,16687
32737,19810
32738,3954
32738,7200
32739,17994
32739,24500
32740,15481
32740,16315
32741,28043
32741,28473
32742,11336
32742,20576
32743,14430
32743,19222
32744,16158
32744,16190
32745,15303
32745,15886
32746,25042
32746,25587
32747,25042
32747,25587
32748,8191
32748,9763
32749,8191
32749,9763
32750,13270
32750,19134
32751,9832
32751,18527
32752,13138
32752,20964
32753,8191
32753,9763
32754,12394
32754,14361
32755,12673
32755,14313
32756,17561
32756,17623
32757,7208
32757,7302
32758,2314
32758,3566
32759,1366
32759,4844
32760,4045
32760,11299
32761,6937
32761,11696
32762,16374
32762,19900
32762,21586
32763,16374
32763,23357
32764,17623
32764,18417
32765,13099
32765,15302
32766,10936
32766,10937
32767,8837
32767,20473
32768,17646
32768,21863
32769,3954
32769,22174
32770,3852
32770,5123
32771,555
32771,14190
32772,8475
32772,16925
32773,5311
32773,20990
32774,22583
32774,22584
32775,2511
32775,7711
32776,11262
32776,20734
32777,12209
32777,19014
32778,9804
32778,19294
32778,19340
32778,21335
32779,25
32779,20672
32780,4430
32780,7651
32781,3737
32781,20446
32782,6974
32782,10103
32782,20517
32782,23314
32783,14430
32783,16178
32784,5268
32784,19006
32785,852
32785,13768
32786,1048
32786,1337
32787,1696
32787,15028
32787,23107
32788,10215
32788,11400
32789,579
32789,21430
32790,23954
32790,24331
32791,23789
32791,23796
32792,20070
32792,22112
32792,23758
32793,5391
32793,9621
32794,7654
32794,23765
32795,2379
32795,5391
32795,22686
32796,43
32796,6764
32797,14436
32797,24837
32798,14983
32798,23655
32799,14580
32799,23334
32800,23477
32800,25184
32801,568
32801,15558
32801,16262
32801,25061
32802,479
32802,2622
32803,907
32803,1469
32804,9528
32804,23803
32805,23176
32805,23406
32806,9410
32806,22150
32807,24908
32807,25078
32808,24440
32808,25717
32809,18393
32809,18545
32810,11217
32810,12673
32810,14313
32810,23143
32811,6613
32811,15720
32812,1376
32812,7140
32812,8057
32812,12993
32813,16902
32813,26062
32814,19530
32814,19545
32815,4535
32815,23216
32816,11536
32816,13332
32817,1511
32817,23371
32818,2824
32818,16967
32818,22050
32818,26431
32818,27097
32819,26191
32819,27374
32820,7140
32820,24004
32821,4293
32821,6608
32821,9432
32822,4904
32822,12539
32823,27888
32823,28016
32824,131
32824,19409
32825,11999
32825,22395
32826,9003
32826,24589
32827,128
32827,19409
32828,909
32828,910
32829,3766
32829,23719
32829,29130
32830,14397
32830,14430
32830,28814
32831,19409
32831,22346
32832,23161
32832,28475
32833,989
32833,7732
32833,11328
32833,21063
32834,18238
32834,26886
32834,29901
32835,12716
32835,28113
32836,10986
32836,23584
32837,25573
32837,30713
32838,20253
32838,26398
32839,15609
32839,26062
32840,26988
32840,28843
32841,2814
32841,26898
32842,10310
32842,26002
32843,2534
32843,12447
32844,6305
32844,6866
32845,765
32845,16001
32846,2680
32846,14890
32847,2055
32847,15605
32848,14883
32848,30581
32849,14521
32849,17085
32850,3954
32850,7200
32851,989
32851,7732
32852,8837
32852,14587
32853,21767
32853,23124
32854,11336
32854,13117
32854,13494
32855,20800
32855,21495
32856,4108
32856,21402
32857,26794
32857,28957
32858,2379
32858,3375
32858,14318
32859,1596
32859,15560
32860,4884
32860,8946
32860,9598
32860,15603
32860,16449
32861,11424
32861,12355
32862,14521
32862,17515
32863,75
32863,8593
32864,2126
32864,7480
32865,29688
32865,29692
32866,13659
32866,21819
32867,2379
32867,7200
32867,20044
32868,227
32868,5087
32868,18202
32869,2379
32869,20044
32870,21596
32870,21604
32871,15551
32871,20176
32872,22153
32872,22350
32873,3898
32873,19252
32874,7739
32874,8511
32875,26914
32875,27562
32876,3375
32876,3376
32877,14607
32877,17303
32878,1944
32878,16817
32879,75
32879,7766
32879,8593
32879,8595
32879,11940
32880,867
32880,11361
32881,1005
32881,9693
32882,453
32882,20629
32883,9501
32883,11337
32884,9779
32884,11337
32885,1761
32885,11337
32886,9005
32886,17258
32887,6007
32887,7087
32888,17561
32888,17584
32889,17561
32889,17623
32890,17561
32890,17623
32890,18417
32891,11677
32891,11972
32892,17262
32892,20918
32893,15715
32893,19885
32894,17989
32894,17990
32895,23789
32895,23796
32896,11996
32896,17697
32897,14829
32897,15469
32898,9595
32898,9638
32899,8191
32899,9763
32900,7535
32900,10333
32901,5054
32901,16508
32902,15303
32902,15886
32903,1634
32903,2134
32904,20601
32904,22423
32905,3954
32905,7200
32906,7711
32906,22621
32907,17623
32907,18417
32908,8537
32908,17594
32909,579
32909,4193
32910,11566
32910,21113
32911,8191
32911,9763
32912,8191
32912,9763
32913,8191
32913,9763
32914,10505
32914,14808
32915,11234
32915,22274
32916,7264
32916,11234
32916,22274
32917,11234
32917,22274
32918,16807
32918,18414
32919,11234
32919,22274
32920,11234
32920,22274
32921,11234
32921,22274
32922,11234
32922,22274
32923,11234
32923,22274
32924,11234
32924,22274
32925,11234
32925,22274
32926,11234
32926,22274
32927,11234
32927,22274
32928,14829
32928,15469
32929,11234
32929,22274
32930,11234
32930,22274
32931,11234
32931,18414
32932,2755
32932,16444
32933,9887
32933,19010
32934,1546
32934,11234
32935,15165
32935,20248
32936,11234
32936,22274
32937,11234
32937,20617
32937,22274
32938,15059
32938,22631
32939,14808
32939,22631
32940,11234
32940,22274
32941,11234
32941,22274
32942,11234
32942,22274
32943,11234
32943,22274
32944,20785
32944,23438
32945,15290
32945,16874
32946,15290
32946,16874
32947,685
32947,13907
32948,16713
32948,16892
32949,8040
32949,13003
32950,6095
32950,9038
32951,3954
32951,7200
32952,8040
32952,13003
32953,15804
32953,15828
32954,19007
32954,19011
32955,6095
32955,9038
32956,989
32956,7732
32957,8537
32957,21590
32958,19
32958,20
32959,8040
32959,13003
32960,4389
32960,4391
32961,8191
32961,9763
32962,8868
32962,17104
32963,10497
32963,11929
32964,14829
32964,15469
32965,21767
32965,23124
32966,652
32966,12850
32967,2379
32967,18202
32968,227
32968,20044
32969,227
32969,2379
32969,20044
32970,2379
32970,20044
32971,2379
32971,20044
32972,2379
32972,20044
32973,2379
32973,20044
32974,227
32974,20044
32975,227
32975,2379
32976,2379
32976,20044
32977,227
32977,2379
32977,20044
32978,227
32978,20044
32979,227
32979,20044
32980,20044
32980,22443
32981,22
32981,2314
32981,3566
32981,12119
32982,5797
32982,7025
32983,15036
32983,15055
32984,8191
32984,9763
32985,20800
32985,21495
32986,17277
32986,22796
32987,20800
32987,21495
32988,17277
32988,22796
32989,989
32989,7732
32990,9474
32990,10536
32991,27388
32991,27887
32992,28044
32992,28045
32993,5797
32993,7025
32994,7397
32994,21392
32995,21415
32995,22749
32996,7480
32996,12827
32997,11234
32997,22274
32998,1430
32998,5968
32998,13963
32998,17762
32998,26795
32999,14608
32999,14850
33000,19580
33000,22073
33001,14829
33001,15469
33002,1195
33002,1196
33003,11234
33003,22274
33004,17793
33004,17817
33005,8040
33005,13003
33006,20800
33006,21495
33007,16262
33007,19080
33007,23705
33008,16262
33008,19080
33009,850
33009,2249
33009,10405
33009,11820
33010,2529
33010,20527
33011,497
33011,16761
33012,3640
33012,12445
33013,16481
33013,19813
33014,2719
33014,2838
33015,16828
33015,27032
33015,29199
33016,17319
33016,17321
33017,581
33017,3726
33017,5089
33017,5755
33017,11987
33018,11336
33018,13117
33019,4588
33019,16982
33020,14991
33020,21499
33021,5093
33021,12161
33022,8040
33022,13003
33023,17277
33023,22796
33024,227
33024,2379
33024,3375
33024,3720
33025,18628
33025,18856
33026,7012
33026,8147
33027,4218
33027,17854
33028,24642
33028,27003
33028,31048
33029,9497
33029,12165
33030,4241
33030,4603
33031,1349
33031,26154
33032,14795
33032,16260
33033,17793
33033,17817
33034,1585
33034,1608
33035,14829
33035,15469
33036,11234
33036,22274
33037,11234
33037,22274
33038,9887
33038,11234
33038,22274
33039,11234
33039,22274
33040,11234
33040,22274
33041,11234
33041,22274
33042,11234
33042,22274
33043,11234
33043,22274
33044,11234
33044,22274
33045,11234
33045,22274
33046,11234
33046,24430
33047,3954
33047,7200
33048,6287
33048,7565
33049,27054
33049,27290
33050,14983
33050,24834
33051,7288
33051,14002
33052,25350
33052,25703
33053,3954
33053,7200
33054,8837
33054,19494
33055,992
33055,1435
33056,4539
33056,17554
33057,4539
33057,20467
33058,13652
33058,22446
33059,11424
33059,12355
33060,2616
33060,3100
33061,5713
33061,9497
33061,14434
33062,14766
33062,15596
33063,2359
33063,10156
33064,1048
33064,1337
33065,3303
33065,3304
33066,20800
33066,21495
33067,11606
33067,12022
33067,19376
33068,17277
33068,22796
33069,17844
33069,23231
33070,989
33070,7732
33071,26884
33071,27051
33072,2511
33072,7028
33073,1313
33073,16670
33074,24642
33074,27003
33075,10869
33075,10918
33076,8673
33076,21332
33077,5567
33077,17357
33078,11774
33078,18378
33079,3954
33079,7200
33080,9411
33080,10405
33081,2535
33081,19469
33082,23765
33082,24455
33083,3954
33083,7200
33084,13769
33084,14029
33085,20601
33085,22423
33086,22464
33086,23143
33087,43
33087,11891
33088,13646
33088,14607
33089,15934
33089,16092
33089,22174
33090,1589
33090,4674
33091,6887
33091,13999
33091,20725
33091,27430
33091,28904
33092,13999
33092,28904
33093,27003
33093,31048
33094,24642
33094,27003
33095,24190
33095,24272
33096,2971
33096,17975
33097,24642
33097,27003
33098,1371
33098,5729
33099,8191
33099,9763
33100,3954
33100,11739
33101,16555
33101,19603
33102,16555
33102,19603
33103,3306
33103,27878
33104,8867
33104,10509
33105,413
33105,24477
33106,19625
33106,19768
33107,1991
33107,11809
33108,20800
33108,21495
33109,20800
33109,21495
33110,6437
33110,8718
33111,3954
33111,7200
33112,17561
33112,17623
33112,18417
33113,2795
33113,10333
33113,19254
33114,1944
33114,16817
33115,14587
33115,17359
33116,5123
33116,5159
33117,5123
33117,5159
33118,17207
33118,22013
33119,23386
33119,24846
33120,23386
33120,24846
33121,3954
33121,7200
33122,10156
33122,13351
33123,29012
33123,29016
33124,9832
33124,18527
33125,19080
33125,22750
33126,989
33126,7732
33127,16481
33127,19813
33128,3898
33128,8084
33129,17910
33129,18046
33130,11049
33130,16602
33131,11336
33131,13117
33132,1195
33132,1196
33133,1195
33133,1196
33134,7233
33134,23542
33135,6545
33135,6679
33136,19845
33136,24085
33137,5422
33137,6458
33137,6460
33138,5422
33138,6458
33138,6460
33139,2206
33139,25919
33140,17793
33140,17817
33141,11120
33141,26852
33142,9350
33142,15377
33143,14076
33143,25526
33144,12693
33144,13055
33145,3954
33145,7200
33146,11749
33146,23851
33147,19252
33147,19332
33148,3954
33148,25851
33149,16972
33149,27011
33150,27003
33150,31048
33151,4392
33151,5329
33152,14809
33152,18963
33153,14809
33153,18963
33154,5123
33154,5159
33155,18063
33155,18064
33156,4389
33156,4391
33157,14209
33157,15860
33158,23765
33158,24455
33159,26425
33159,31020
33159,31021
33160,3306
33160,4329
33161,23765
33161,24455
33162,26191
33162,27374
33163,3954
33163,7200
33164,2314
33164,3566
33165,479
33165,2622
33166,3954
33166,7200
33167,694
33167,699
33168,11234
33168,22274
33169,626
33169,2336
33170,8862
33170,12630
33171,24788
33171,27192
33172,10224
33172,18018
33173,18018
33173,20241
33174,18018
33174,20241
33175,22
33175,2314
33176,18279
33176,20248
33177,227
33177,20044
33178,3303
33178,3304
33179,11234
33179,22274
33180,10243
33180,17563
33181,14829
33181,15469
33182,4389
33182,4391
33183,23765
33183,24455
33184,23765
33184,24455
33185,20124
33185,31389
33186,11686
33186,21976
33187,21961
33187,21976
33188,6351
33188,11686
33189,10805
33189,11249
33190,15713
33190,24142
33191,16693
33191,18274
33192,4389
33192,4391
33193,1167
33193,16432
33194,21220
33194,25249
33195,14829
33195,15469
33196,3954
33196,7200
33197,14209
33197,15860
33198,14829
33198,15469
33199,7206
33199,16589
33200,4389
33200,4391
33201,227
33201,20044
33202,3869
33202,25093
33203,8771
33203,24642
33203,27003
33204,22861
33204,22892
33205,19574
33205,19585
33206,3954
33206,8191
33206,9763
33207,227
33207,20044
33208,50
33208,53
33209,6095
33209,9038
33210,26914
33210,27562
33211,9348
33211,9763
33212,19845
33212,24085
33213,11894
33213,16723
33214,12841
33214,17845
33215,23765
33215,24455
33216,4177
33216,4355
33217,16481
33217,19813
33218,3401
33218,3475
33219,23741
33219,23994
33220,8191
33220,9763
33221,7143
33221,9790
33222,77
33222,11041
33223,8837
33223,19494
33224,5766
33224,15840
33225,14829
33225,15469
33226,7045
33226,19861
33227,2892
33227,17144
33228,10156
33228,18530
33229,10171
33229,13623
33230,29248
33230,29397
33231,3954
33231,4837
33231,6059
33232,9474
33232,10536
33233,11336
33233,13117
33234,11336
33234,13117
33235,11336
33235,13117
33236,14000
33236,16403
33237,9124
33237,19507
33238,9832
33238,18527
33239,26061
33239,26062
33240,2197
33240,29890
33241,12300
33241,18998
33242,364
33242,2852
33243,364
33243,2852
33244,364
33244,2852
33245,3375
33245,3376
33246,227
33246,20044
33247,3375
33247,3376
33247,20044
33248,227
33248,20044
33249,227
33249,20044
33250,227
33250,20044
33251,227
33251,20044
33252,20044
33252,22443
33253,20044
33253,22443
33254,9924
33254,20840
33255,6681
33255,13097
33256,12505
33256,15040
33256,15041
33256,17350
33257,26914
33257,27562
33258,7464
33258,20658
33259,5945
33259,17579
33260,26425
33260,31020
33260,31021
33261,10869
33261,10880
33261,10918
33261,14393
33262,12867
33262,12898
33263,29696
33263,29965
33264,17793
33264,17817
33265,10107
33265,10263
33266,6975
33266,8430
33267,3954
33267,7200
33268,8040
33268,13003
33269,12505
33269,15040
33269,15041
33270,6095
33270,9038
33271,26914
33271,27562
33272,3869
33272,25093
33273,10869
33273,10880
33273,10918
33273,14393
33274,9508
33274,17719
33275,10869
33275,10880
33275,10918
33275,14393
33276,8911
33276,15713
33277,24642
33277,27003
33278,21683
33278,29490
33279,14693
33279,23765
33280,23765
33280,24455
33281,23765
33281,24455
33282,23765
33282,24455
33283,23765
33283,24455
33284,10104
33284,23765
33285,23765
33285,24455
33286,23765
33286,24455
33287,23765
33287,28766
33288,11336
33288,13117
33289,2834
33289,25119
33290,3954
33290,7200
33291,12867
33291,12898
33292,11333
33292,11455
33293,5797
33293,7025
33294,17989
33294,17990
33295,17989
33295,17990
33296,1599
33296,6789
33296,9438
33297,7787
33297,10774
33297,10934
33297,19148
33298,13448
33298,14396
33299,8191
33299,9763
33300,1374
33300,8344
33300,9421
33301,8191
33301,9763
33302,10171
33302,12015
33303,2995
33303,15669
33304,16199
33304,16206
33305,9832
33305,18527
33306,7200
33306,17085
33307,16199
33307,16206
33308,29280
33308,29296
33309,11234
33309,22274
33310,26859
33310,27035
33311,20800
33311,21495
33312,20800
33312,21495
33313,20800
33313,21495
33314,9687
33314,27933
33315,4045
33315,15481
33316,20800
33316,21495
33317,22318
33317,28881
33318,24379
33318,24419
33319,554
33319,1463
33320,5032
33320,18008
33321,5301
33321,14174
33322,867
33322,11361
33323,22259
33323,24492
33324,12300
33324,18998
33325,22346
33325,29275
33326,29781
33326,30401
33327,1871
33327,9501
33328,992
33328,1435
33329,29781
33329,30401
33330,54
33330,6125
33331,11336
33331,13117
33332,3375
33332,3376
33333,3375
33333,18463
33334,3375
33334,3376
33335,16262
33335,17624
33336,1564
33336,16863
33337,13769
33337,14029
33338,1900
33338,2380
33339,17892
33339,18421
33339,20951
33340,8769
33340,10570
33341,18530
33341,19482
33342,3976
33342,11000
33342,12904
33343,3954
33343,5853
33343,7200
33344,16481
33344,19813
33345,1460
33345,1693
33345,21527
33346,1531
33346,3586
33346,6667
33347,8084
33347,12609
33348,4125
33348,12609
33349,20601
33349,22423
33350,43
33350,11891
33351,450
33351,23728
33352,641
33352,8705
33353,2200
33353,17837
33354,3316
33354,4371
33354,7567
33355,24173
33355,24243
33356,14397
33356,18312
33357,29012
33357,29016
33358,17361
33358,20476
33359,29450
33359,29699
33360,21375
33360,27762
33361,4588
33361,16982
33362,1564
33362,16863
33363,2380
33363,15635
33364,17892
33364,18421
33364,20951
33365,3954
33365,5853
33365,7200
33366,1531
33366,3586
33366,6667
33367,1693
33367,8537
33368,12609
33368,16428
33369,43
33369,11891
33370,3954
33370,7200
33371,50
33371,53
33372,8837
33372,19494
33373,8040
33373,13003
33374,26111
33374,26192
33375,7732
33375,28892
33376,31117
33376,31389
33377,3954
33377,7200
33378,50
33378,53
33379,8837
33379,19494
33380,989
33380,7732
33381,20659
33381,26491
33382,31117
33382,31389
33383,9501
33383,11337
33384,3954
33384,7200
33385,8837
33385,19494
33386,989
33386,7732
33386,28892
33387,3954
33387,7200
33388,8837
33388,19494
33389,989
33389,7732
33390,28158
33390,29965
33391,18036
33391,18540
33392,1067
33392,1748
33393,2238
33393,2939
33393,6062
33393,18001
33393,18564
33394,1366
33394,5834
33394,6816
33394,6864
33394,8644
33394,12790
33395,11739
33395,18553
33396,2142
33396,2173
33397,2379
33397,6633
33398,17910
33398,19397
33399,3954
33399,7200
33400,26914
33400,27562
33401,21495
33401,23899
33402,20800
33402,21495
33403,23014
33403,23979
33404,8911
33404,15713
33405,8911
33405,15713
33406,16413
33406,16467
33407,11336
33407,13117
33408,1268
33408,9901
33409,20418
33409,21415
33410,5704
33410,16178
33411,18345
33411,19371
33412,13012
33412,17104
33412,20582
33413,4986
33413,9620
33414,9895
33414,12172
33415,4220
33415,4837
33415,6059
33415,22155
33416,4196
33416,17085
33417,236
33417,4196
33418,3954
33418,17085
33418,24956
33419,24642
33419,27003
33420,10662
33420,11441
33421,3954
33421,4252
33422,2313
33422,4837
33423,5888
33423,27977
33424,2197
33424,29890
33425,3954
33425,7200
33426,6369
33426,8334
33427,25302
33427,29906
33428,10406
33428,10407
33429,1195
33429,1196
33430,3348
33430,6722
33431,18428
33431,18614
33432,8574
33432,8764
33433,16481
33433,19813
33434,5377
33434,6351
33435,11234
33435,22274
33436,6114
33436,20591
33437,1170
33437,1369
33438,10405
33438,10662
33438,11320
33438,11972
33438,15971
33439,3375
33439,3376
33440,2314
33440,3566
33441,5766
33441,7563
33442,14809
33442,18963
33443,14809
33443,18963
33444,14809
33444,18963
33445,14809
33445,18963
33446,25
33446,38
33447,7400
33447,7447
33448,26843
33448,31261
33449,18472
33449,20051
33450,27379
33450,28829
33451,5766
33451,7563
33452,14809
33452,18963
33453,14809
33453,18963
33454,7652
33454,8857
33455,5766
33455,7563
33456,11094
33456,11696
33457,992
33457,14850
33458,3971
33458,11696
33459,634
33459,23014
33459,24507
33460,2659
33460,11696
33461,4392
33461,5329
33462,4389
33462,4391
33463,10423
33463,24690
33464,14000
33464,14002
33465,22956
33465,23177
33466,3954
33466,7200
33467,11752
33467,13214
33468,7208
33468,7302
33469,11336
33469,13117
33470,11336
33470,13117
33471,11336
33471,13117
33472,11336
33472,13117
33473,11000
33473,23154
33474,3954
33474,7200
33475,27005
33475,29763
33476,443
33476,15844
33477,14829
33477,15469
33478,26425
33478,31021
33479,9435
33479,10885
33480,8871
33480,9449
33481,14829
33481,15469
33482,8769
33482,16374
33482,17187
33482,17999
33483,7535
33483,10333
33484,989
33484,7732
33485,11752
33485,13214
33486,18488
33486,21278
33487,3954
33487,7200
33488,22778
33488,22902
33489,8769
33489,10570
33490,628
33490,1531
33490,3586
33491,16481
33491,19813
33492,11049
33492,16602
33493,20800
33493,21495
33494,628
33494,1531
33494,3586
33495,1758
33495,14489
33496,16481
33496,19813
33497,43
33497,11891
33498,19329
33498,25767
33499,23907
33499,24567
33500,11752
33500,12573
33501,10210
33501,12573
33501,13006
33502,9583
33502,12305
33503,1564
33503,6007
33503,16863
33504,9512
33504,16288
33505,1585
33505,1608
33506,9179
33506,11051
33507,9179
33507,11051
33508,19126
33508,19341
33509,2834
33509,4424
33510,15481
33510,16315
33511,1726
33511,9098
33512,690
33512,3976
33513,6007
33513,10886
33514,7251
33514,21134
33515,6007
33515,21914
33516,3038
33516,26315
33517,21737
33517,26151
33518,23845
33518,24472
33519,2126
33519,7480
33520,227
33520,20044
33521,227
33521,3375
33522,8207
33522,27011
33523,11265
33523,15666
33524,9139
33524,27053
33525,29688
33525,29692
33526,2681
33526,3551
33527,2314
33527,3566
33528,1585
33528,1608
33529,3954
33529,7200
33530,21269
33530,26054
33531,10869
33531,10918
33532,10869
33532,10918
33533,989
33533,7732
33534,13641
33534,24742
33535,11990
33535,13641
33536,11990
33536,13641
33537,1
33537,98
33537,7480
33538,2402
33538,2667
33539,18274
33539,29591
33540,27832
33540,28069
33541,1944
33541,16817
33542,18452
33542,18459
33543,18452
33543,18459
33544,13273
33544,14802
33545,12609
33545,13022
33546,18452
33546,18459
33547,23765
33547,24455
33548,3954
33548,7200
33549,5380
33549,8375
33549,13778
33550,8375
33550,13778
33551,23907
33551,24567
33552,7142
33552,17565
33553,1
33553,1790
33553,1798
33553,1916
33553,8990
33554,519
33554,8753
33554,12542
33555,2891
33555,2931
33555,3024
33555,3958
33555,8213
33555,12542
33555,14097
33555,16613
33556,1387
33556,1916
33557,2899
33557,17597
33558,3987
33558,4114
33558,4622
33558,8990
33559,519
33559,3024
33559,10545
33559,14097
33560,579
33560,10150
33560,14372
33560,19180
33561,1585
33561,1608
33562,3375
33562,3376
33563,13187
33563,17340
33564,15730
33564,15916
33565,18414
33565,20931
33566,24684
33566,25905
33567,6855
33567,16230
33568,11333
33568,11455
33569,22715
33569,22725
33570,12867
33570,12898
33571,3227
33571,3386
33572,24642
33572,27003
33573,11336
33573,13117
33574,3890
33574,10662
33574,11441
33575,15625
33575,23984
33576,24642
33576,27003
33577,364
33577,2852
33578,364
33578,2852
33579,364
33579,2852
33580,364
33580,2852
33581,364
33581,2852
33582,364
33582,2852
33583,364
33583,2852
33584,364
33584,2852
33584,17563
33585,364
33585,2852
33586,364
33586,2852
33587,364
33587,2852
33588,364
33588,2852
33589,364
33589,2852
33590,364
33590,2852
33591,364
33591,2852
33592,26303
33592,29390
33593,13270
33593,19134
33594,5380
33594,5807
33595,3954
33595,17085
33596,12394
33596,14361
33597,1291
33597,5807
33597,9735
33597,9939
33598,15713
33598,16693
33599,15713
33599,24142
33600,18194
33600,18863
33601,18194
33601,18863
33602,19000
33602,20816
33603,14809
33603,18963
33604,15290
33604,16874
33605,3145
33605,7208
33605,7302
33606,497
33606,3286
33607,3954
33607,7200
33608,3954
33608,7200
33609,3954
33609,7200
33610,3954
33610,7200
33611,3954
33611,7200
33612,14685
33612,18703
33613,2667
33613,3685
33614,11333
33614,11455
33615,11333
33615,11455
33616,11479
33616,19942
33617,11234
33617,22274
33618,20780
33618,24949
33619,13923
33619,14020
33620,16807
33620,17964
33621,13923
33621,14020
33622,3954
33622,7200
33623,3954
33623,7200
33624,27512
33624,27859
33625,3640
33625,15713
33626,7028
33626,16000
33627,2379
33627,3375
33628,11479
33628,19942
33629,18628
33629,18856
33630,1585
33630,1608
33631,15599
33631,16907
33632,18194
33632,18863
33632,19000
33633,5797
33633,7025
33634,23907
33634,24567
33635,1845
33635,10892
33636,26095
33636,28052
33637,10356
33637,16877
33638,20601
33638,22423
33639,26975
33639,28132
33640,3954
33640,7200
33641,5147
33641,12564
33642,6540
33642,10263
33643,14209
33643,15860
33644,4248
33644,25185
33645,253
33645,18943
33646,3954
33646,7200
33647,20800
33647,21495
33648,9763
33648,12089
33649,2024
33649,27390
33650,11812
33650,22438
33651,22346
33651,30080
33652,17561
33652,17623
33653,4774
33653,7517
33654,11336
33654,13117
33655,20174
33655,20202
33656,227
33656,3375
33657,8191
33657,9763
33658,14397
33658,15327
33659,17561
33659,17623
33660,5123
33660,13386
33661,1376
33661,26502
33662,17989
33662,17990
33663,7110
33663,7348
33664,1095
33664,21535
33665,1366
33665,19462
33665,21698
33666,16196
33666,17125
33667,15303
33667,15886
33668,25080
33668,29012
33668,29016
33669,5123
33669,13386
33670,326
33670,10642
33670,13982
33671,4389
33671,4391
33672,2019
33672,16262
33673,11262
33673,14313
33674,77
33674,8765
33675,20800
33675,21495
33676,22956
33676,23177
33677,7208
33677,7302
33678,8045
33678,19827
33679,4507
33679,4520
33680,2786
33680,8868
33681,2511
33681,19241
33682,20872
33682,24440
33683,13594
33683,19497
33684,5983
33684,15983
33685,8354
33685,17359
33686,19845
33686,24085
33687,6379
33687,14099
33688,19461
33688,24332
33689,24950
33689,25908
33690,6154
33690,22285
33691,11336
33691,12542
33691,13117
33692,2709
33692,11662
33692,16763
33693,11041
33693,11336
33693,13117
33694,2412
33694,16670
33695,7030
33695,9621
33696,9934
33696,18032
33697,2085
33697,8736
33698,8705
33698,23784
33699,9989
33699,13436
33699,14798
33699,19254
33700,20800
33700,21495
33700,23899
33701,4389
33701,4391
33702,3954
33702,7200
33703,3954
33703,7200
33704,18488
33704,21278
33705,3954
33705,7200
33706,10423
33706,24690
33707,3954
33707,7200
33708,8837
33708,19494
33709,8837
33709,19494
33710,19640
33710,21863
33711,3954
33711,7200
33712,3954
33712,7200
33713,48
33713,915
33713,13310
33714,6
33714,48
33715,915
33715,13341
33716,121
33716,8990
33717,9005
33717,17258
33718,31599
33718,31600
33719,6007
33719,8764
33720,18283
33720,18996
33721,1585
33721,1608
33722,11907
33722,17207
33723,48
33723,19965
33724,9223
33724,10356
33725,364
33725,2852
33726,482
33726,2198
33727,12209
33727,19014
33728,24642
33728,27003
33729,24385
33729,25246
33730,6007
33730,8764
33730,18563
33731,20601
33731,22423
33732,20895
33732,21580
33733,5677
33733,22259
33733,27277
33734,11234
33734,22274
33735,11234
33735,22274
33736,11234
33736,22274
33737,11234
33737,22274
33738,11234
33738,22274
33739,11234
33739,22274
33740,11234
33740,22274
33741,11234
33741,22274
33742,11234
33742,22274
33743,11234
33743,22274
33744,11234
33744,22274
33745,11234
33745,22274
33746,11234
33746,22274
33747,11234
33747,22274
33748,11234
33748,22274
33749,11234
33749,22274
33750,11234
33750,22274
33751,11234
33751,22274
33752,11234
33752,22274
33753,11234
33753,22274
33754,11234
33754,22274
33755,11234
33755,22274
33756,11234
33756,22274
33757,4943
33757,5382
33758,867
33758,11361
33759,23831
33759,23856
33760,20800
33760,21495
33761,20800
33761,21495
33762,10869
33762,10918
33763,9610
33763,11634
33764,11336
33764,13117
33765,7366
33765,18929
33766,50
33766,2379
33767,13533
33767,17176
33768,9023
33768,21778
33769,11424
33769,12355
33770,22464
33770,23143
33771,8943
33771,12609
33772,20646
33772,22649
33773,20646
33773,22649
33774,1186
33774,16321
33775,11234
33775,22274
33776,16374
33776,23357
33777,4152
33777,7366
33777,18929
33778,18628
33778,18856
33779,3954
33779,7200
33780,22
33780,3566
33781,17215
33781,17767
33782,3954
33782,7200
33783,3429
33783,6812
33784,13286
33784,13538
33785,19
33785,20
33786,17989
33786,17990
33787,5853
33787,12577
33788,14000
33788,20622
33789,2456
33789,16085
33790,13312
33790,22556
33791,4943
33791,5382
33792,4943
33792,5382
33793,6604
33793,16637
33794,6412
33794,20777
33795,20800
33795,21495
33796,20800
33796,21495
33797,8837
33797,19494
33798,29280
33798,29296
33799,28044
33799,28045
33800,24788
33800,27192
33801,16807
33801,17964
33802,7535
33802,10333
33803,227
33803,17637
33804,13112
33804,26088
33805,25
33805,38
33806,26191
33806,27374
33807,17901
33807,19775
33808,727
33808,6457
33808,7687
33808,11739
33808,20076
33808,20077
33808,20080
33809,85
33809,6359
33809,8464
33809,8819
33810,18698
33810,19007
33810,19011
33811,2346
33811,11336
33811,13012
33811,13117
33811,16328
33812,23101
33812,24611
33813,6653
33813,9763
33814,20800
33814,21495
33815,1419
33815,6653
33816,16481
33816,19813
33817,2346
33817,16328
33818,9897
33818,13685
33819,1585
33819,1608
33820,8705
33820,23728
33821,4567
33821,26911
33822,17961
33822,22982
33823,6412
33823,20777
33824,20800
33824,21495
33825,17910
33825,19397
33826,11234
33826,22274
33827,15713
33827,16693
33828,15713
33828,24142
33829,26914
33829,27562
33830,17561
33830,18417
33831,3954
33831,7200
33832,8763
33832,18698
33833,23124
33833,24477
33834,8763
33834,26049
33835,3375
33835,3376
33835,18463
33836,11336
33836,13117
33837,11336
33837,13117
33838,9556
33838,14463
33838,15931
33838,16153
33839,2526
33839,29968
33840,14209
33840,15860
33841,497
33841,8644
33842,3869
33842,25093
33843,2126
33843,2451
33843,18966
33844,18609
33844,19541
33845,11234
33845,11275
33846,5781
33846,17579
33846,19512
33846,19522
33847,32
33847,5945
33847,17579
33847,19512
33847,19522
33847,19587
33848,5781
33848,10098
33848,13518
33848,15334
33848,17549
33848,19659
33849,5945
33849,19522
33850,1944
33850,16817
33851,236
33851,4614
33852,1991
33852,11809
33853,8182
33853,14802
33853,16765
33853,18609
33853,19541
33854,18609
33854,19541
33855,992
33855,14802
33856,3672
33856,13860
33857,14991
33857,22873
33858,13494
33858,17085
33859,9350
33859,13927
33860,8990
33860,13813
33861,6458
33861,9895
33861,19819
33862,75
33862,5708
33862,6898
33862,8593
33862,18989
33863,8593
33863,8612
33864,6604
33864,9895
33865,9223
33865,20576
33866,2709
33866,13494
33867,13813
33867,17104
33867,22816
33867,22841
33868,13084
33868,22897
33869,24756
33869,28937
33870,28439
33870,30110
33871,12867
33871,12898
33872,9474
33872,10536
33873,23280
33873,29111
33874,23280
33874,29111
33875,1941
33875,21221
33876,8837
33876,19494
33877,24642
33877,27003
33878,16481
33878,19813
33879,11295
33879,11697
33880,4601
33880,18338
33881,11450
33881,13503
33882,5328
33882,25010
33883,28434
33883,28443
33884,3954
33884,7200
33885,3954
33885,7200
33886,2846
33886,9705
33887,11234
33887,22274
33888,2846
33888,9705
33889,14829
33889,15469
33890,24642
33890,27003
33891,9474
33891,10430
33892,8621
33892,17117
33893,19507
33893,19577
33894,2110
33894,4248
33894,10321
33894,14267
33894,14455
33894,23996
33894,24770
33894,25851
33895,1262
33895,14432
33895,25794
33895,26050
33896,8294
33896,17591
33897,18628
33897,18856
33898,18628
33898,18856
33899,18628
33899,18856
33900,18628
33900,18856
33901,6007
33901,16196
33901,18943
33902,24642
33902,27003
33903,9763
33903,11046
33904,26914
33904,27562
33905,989
33905,7732
33906,8191
33906,9763
33906,14098
33907,14809
33907,20505
33908,1261
33908,2336
33909,11256
33909,19074
33910,5123
33910,5159
33911,11234
33911,22274
33912,17756
33912,18432
33913,20585
33913,22449
33914,18628
33914,18856
33915,18628
33915,18856
33916,17844
33916,23231
33917,3954
33917,7200
33918,6835
33918,6879
33919,24018
33919,24967
33920,9895
33920,12084
33921,1091
33921,2628
33922,4045
33922,15481
33923,10869
33923,10880
33923,10918
33923,14393
33924,554
33924,1463
33925,16807
33925,17964
33925,23891
33926,77
33926,6457
33926,10256
33927,21263
33927,21325
33928,19530
33928,19545
33929,6457
33929,17412
33930,6089
33930,8149
33931,20800
33931,21495
33932,26914
33932,27562
33933,3971
33933,6125
33934,3971
33934,20492
33935,6457
33935,8819
33935,9176
33936,108
33936,2345
33936,3535
33937,24642
33937,27003
33938,18628
33938,18856
33939,4045
33939,15481
33940,5783
33940,16560
33941,16807
33941,17964
33942,29341
33942,29354
33943,4045
33943,15481
33944,1864
33944,3416
33944,11520
33945,10140
33945,10412
33946,270
33946,4011
33946,14521
33946,15302
33947,270
33947,4011
33947,11949
33947,14686
33947,17930
33947,19101
33948,2767
33948,11041
33948,17549
33949,270
33949,15302
33950,21620
33950,27404
33951,20659
33951,20985
33951,24618
33951,27135
33952,3879
33952,16234
33952,25255
33952,31028
33953,3147
33953,27278
33954,18031
33954,30283
33955,20800
33955,21495
33956,29913
33956,30623
33957,579
33957,4193
33957,13269
33957,13372
33958,23362
33958,26124
33959,28864
33959,29878
33960,4321
33960,28864
33961,3954
33961,7200
33962,3954
33962,7200
33963,3954
33963,7200
33964,989
33964,7732
33965,17989
33965,17990
33966,16236
33966,17320
33967,18628
33967,18856
33968,5797
33968,7025
33969,364
33969,2852
33970,9497
33970,9779
33970,9899
33970,10047
33970,16078
33971,23907
33971,24567
33972,3607
33972,8673
33972,11520
33973,14397
33973,15327
33974,4196
33974,7191
33975,20800
33975,21495
33976,20800
33976,21495
33977,7110
33977,21819
33978,13576
33978,14608
33978,14850
33979,14608
33979,14850
33980,3954
33980,7200
33981,18274
33981,29591
33982,18628
33982,18856
33983,10171
33983,17930
33984,10171
33984,17930
33985,7151
33985,16424
33986,5797
33986,7025
33987,5755
33987,8673
33988,5109
33988,11520
33988,19912
33989,28044
33989,28045
33990,2147
33990,2149
33990,3931
33991,3401
33991,6412
33992,4389
33992,4391
33993,15541
33993,15597
33994,23765
33994,24455
33995,11424
33995,12355
33996,11424
33996,12355
33997,15713
33997,17276
33998,19
33998,20
33999,8064
33999,9379
34000,1366
34000,8537
34000,11696
34000,13325
34001,19435
34001,19446
34002,21269
34002,26054
34003,12879
34003,15747
34004,26707
34004,27708
34005,22190
34005,22192
34006,3954
34006,7200
34007,21714
34007,22272
34008,24642
34008,27003
34009,24831
34009,24832
34010,18367
34010,22739
34011,10171
34011,11055
34012,8191
34012,9763
34013,3329
34013,8721
34013,15546
34014,4146
34014,15666
34015,6769
34015,9556
34015,17542
34015,17633
34015,17634
34015,18378
34016,1520
34016,2233
34016,3241
34016,3969
34016,5362
34016,9556
34016,14463
34016,17240
34017,887
34017,5362
34017,9556
34017,16153
34017,17019
34017,17730
34017,19115
34018,8721
34018,15341
34018,15931
34018,16938
34019,11450
34019,19964
34020,11450
34020,19964
34021,6095
34021,9038
34022,26914
34022,27562
34023,1760
34023,3505
34024,8590
34024,12317
34024,12343
34025,9803
34025,10162
34026,4389
34026,4391
34027,108
34027,6165
34028,2258
34028,4386
34028,8464
34028,10356
34029,8990
34029,9621
34029,14696
34029,19222
34030,9621
34030,13225
34030,14521
34031,4787
34031,5661
34031,9066
34031,9223
34031,9924
34031,10917
34031,16067
34032,108
34032,13262
34033,10356
34033,14132
34034,7722
34034,8990
34035,694
34035,699
34036,13533
34036,17176
34037,4389
34037,4391
34038,19340
34038,19487
34039,6458
34039,6460
34040,15481
34040,16315
34041,28439
34041,30110
34042,9474
34042,10536
34043,18628
34043,18856
34044,18628
34044,18856
34045,253
34045,7838
34046,6007
34046,16734
34047,7838
34047,16734
34048,915
34048,12661
34049,17992
34049,21663
34050,3222
34050,3428
34050,21782
34051,1525
34051,28282
34051,30857
34052,18452
34052,18459
34053,19845
34053,24085
34054,29012
34054,29016
34055,2402
34055,2667
34056,4389
34056,4391
34057,15290
34057,16874
34058,15290
34058,16874
34059,15290
34059,16874
34060,15290
34060,16874
34061,3954
34061,7200
34062,10971
34062,11032
34063,10971
34063,15805
34064,10971
34064,11032
34064,15805
34065,10971
34065,11032
34065,15805
34066,7857
34066,7999
34067,18628
34067,18856
34068,24642
34068,27003
34069,994
34069,3795
34070,18628
34070,18856
34071,18628
34071,18856
34072,4458
34072,5384
34072,20020
34073,20020
34073,21155
34074,22715
34074,22725
34075,8191
34075,9763
34076,9467
34076,23080
34077,3954
34077,7200
34078,9556
34078,23952
34079,9556
34079,23952
34080,9556
34080,23952
34081,10869
34081,10918
34082,10224
34082,18018
34083,14939
34083,14947
34084,24239
34084,24589
34085,22519
34085,28072
34086,12790
34086,14939
34086,14952
34087,16807
34087,17964
34088,4507
34088,4520
34089,11234
34089,22274
34090,6931
34090,7233
34090,20623
34090,23542
34091,11234
34091,23091
34092,26204
34092,26221
34093,4253
34093,11473
34093,11863
34093,16693
34093,18274
34094,7097
34094,25257
34095,5969
34095,27023
34095,28581
34096,11768
34096,20528
34097,19675
34097,19677
34098,24642
34098,27003
34099,14821
34099,15546
34099,15931
34100,7367
34100,20631
34101,3954
34101,7200
34102,16807
34102,17964
34102,18414
34103,554
34103,1184
34103,1463
34104,16807
34104,17964
34104,18414
34105,16807
34105,17964
34105,18414
34106,4977
34106,8776
34107,16807
34107,17964
34107,18414
34108,554
34108,1463
34109,9629
34109,9639
34110,16807
34110,17964
34110,18414
34111,16807
34111,17964
34111,18414
34112,16807
34112,17964
34112,18414
34113,16807
34113,17964
34113,18414
34114,16807
34114,17964
34114,18414
34115,7447
34115,23075
34116,1151
34116,17918
34117,8040
34117,13003
34118,3954
34118,7200
34119,22362
34119,28414
34120,2402
34120,2667
34121,544
34121,4146
34122,3322
34122,5968
34123,554
34123,1463
34124,3329
34124,15931
34125,1430
34125,6514
34125,11030
34125,13963
34125,17762
34125,20683
34125,23329
34125,26211
34126,17085
34126,24956
34127,2425
34127,9556
34128,3322
34128,5968
34129,29688
34129,29692
34130,22
34130,2314
34131,3306
34131,27878
34132,3322
34132,12276
34133,3954
34133,7200
34134,14127
34134,22806
34135,23630
34135,23726
34136,2699
34136,2966
34137,17542
34137,17633
34138,2425
34138,9556
34139,4469
34139,7183
34140,14463
34140,15666
34141,3563
34141,7535
34142,20800
34142,21495
34143,20800
34143,21495
34144,3168
34144,18359
34144,19438
34144,19479
34144,19748
34144,20263
34144,20441
34145,20424
34145,20457
34145,20459
34146,20800
34146,21495
34147,1193
34147,17463
34148,12353
34148,23705
34149,2456
34149,16085
34150,20800
34150,21495
34151,26914
34151,27562
34152,1808
34152,1810
34153,14809
34153,18963
34154,14809
34154,18963
34155,549
34155,18169
34156,1184
34156,14463
34157,24642
34157,27003
34158,4220
34158,12172
34159,20113
34159,20256
34160,20113
34160,20256
34161,20113
34161,20256
34162,2564
34162,3566
34163,12505
34163,15040
34163,17350
34164,7045
34164,19861
34165,1398
34165,5398
34166,20800
34166,21495
34167,20549
34167,20643
34168,6095
34168,9038
34169,20601
34169,22423
34170,9467
34170,23907
34171,23907
34171,24567
34172,13769
34172,14029
34173,20601
34173,22423
34174,22464
34174,23143
34175,43
34175,6607
34175,11891
34176,4701
34176,22342
34177,29913
34177,30623
34178,3954
34178,7200
34179,10811
34179,17593
34180,18802
34180,20313
34181,16807
34181,17964
34182,22274
34182,22855
34183,7468
34183,11917
34184,21069
34184,21086
34184,23353
34185,27721
34185,27884
34186,108
34186,19494
34187,5781
34187,7705
34188,14758
34188,20735
34189,12398
34189,12433
34190,26414
34190,26425
34191,26414
34191,26425
34192,5523
34192,7583
34193,26914
34193,27562
34194,6412
34194,20777
34195,2077
34195,16499
34195,18970
34196,12941
34196,19330
34197,4869
34197,7558
34198,7191
34198,20882
34198,23919
34199,992
34199,1435
34200,3640
34200,7288
34201,17692
34201,18498
34202,29555
34202,29982
34203,364
34203,2852
34204,25158
34204,25908
34205,2220
34205,2222
34206,15619
34206,20934
34207,4816
34207,27532
34208,25356
34208,29629
34209,15481
34209,16315
34210,1173
34210,10888
34211,14209
34211,15860
34212,20800
34212,21495
34213,19861
34213,19874
34214,14809
34214,18963
34215,14809
34215,18963
34216,20794
34216,23584
34217,13769
34217,14029
34218,21823
34218,21824
34219,20601
34219,22423
34220,43
34220,11891
34221,14397
34221,15319
34221,15327
34221,25119
34222,29913
34222,30623
34223,22944
34223,22945
34223,23164
34223,30280
34224,28721
34224,29083
34225,10890
34225,12997
34226,5797
34226,7025
34227,10464
34227,20239
34228,10464
34228,20239
34229,10464
34229,20239
34230,10464
34230,20239
34231,10464
34231,20239
34232,6842
34232,6904
34233,6863
34233,13217
34234,21823
34234,21824
34235,6842
34235,7420
34236,27332
34236,30507
34237,20253
34237,29359
34238,25270
34238,30862
34239,7045
34239,19861
34240,19217
34240,20429
34241,18317
34241,20463
34242,11803
34242,19527
34243,24642
34243,27003
34244,20125
34244,20126
34245,867
34245,11361
34246,867
34246,11361
34247,7535
34247,11644
34248,3728
34248,10161
34248,20378
34248,20429
34249,20378
34249,20380
34250,11256
34250,11362
34251,18628
34251,18856
34252,3640
34252,7480
34252,10695
34252,11951
34253,7882
34253,15568
34254,7810
34254,28724
34255,25042
34255,25587
34256,24121
34256,24388
34257,25622
34257,26200
34258,25622
34258,26200
34259,25622
34259,26200
34260,25622
34260,26200
34261,12486
34261,15230
34262,3375
34262,20044
34263,11234
34263,22274
34264,11234
34264,22274
34265,11234
34265,22274
34266,1173
34266,4011
34266,10171
34267,10464
34267,20239
34268,20446
34268,24053
34269,18411
34269,20534
34270,14829
34270,15469
34271,5797
34271,7025
34272,3685
34272,17235
34273,19748
34273,20424
34274,11803
34274,19527
34275,3535
34275,17064
34276,10171
34276,13249
34277,837
34277,10412
34278,16807
34278,17964
34279,14829
34279,15469
34280,24642
34280,27003
34281,24642
34281,27003
34282,8310
34282,18861
34283,11333
34283,11455
34284,21596
34284,21604
34285,15040
34285,17350
34286,18628
34286,18856
34287,18628
34287,18856
34288,1097
34288,20634
34289,8837
34289,19494
34290,17039
34290,20027
34291,17910
34291,18046
34292,2402
34292,2667
34293,14397
34293,15327
34294,15424
34294,25330
34295,4481
34295,9170
34296,7135
34296,15603
34297,7135
34297,15603
34298,9367
34298,14782
34299,9330
34299,9660
34299,19057
34300,3322
34300,15191
34301,3322
34301,7817
34302,579
34302,4193
34303,643
34303,9419
34304,7045
34304,19861
34305,23324
34305,23383
34306,253
34306,5952
34307,2456
34307,16085
34308,19574
34308,19585
34309,20800
34309,21495
34310,18628
34310,18856
34311,9668
34311,20256
34312,10224
34312,18018
34313,16867
34313,17910
34313,18046
34313,20289
34314,10494
34314,10569
34315,9934
34315,18032
34316,9497
34316,20606
34317,17910
34317,18046
34318,22464
34318,28282
34319,29012
34319,29016
34320,1585
34320,8590
34320,12317
34320,12343
34321,16403
34321,16464
34322,1517
34322,1559
34323,8837
34323,19494
34324,5888
34324,6063
34324,27977
34325,12237
34325,16356
34325,16640
34326,4160
34326,27397
34327,30192
34327,30193
34328,21165
34328,24050
34329,9496
34329,15847
34329,16338
34329,20636
34329,20637
34329,20708
34330,11739
34330,20627
34331,5123
34331,5159
34332,2379
34332,4196
34333,9496
34333,20708
34334,2379
34334,20636
34335,20636
34335,20708
34336,743
34336,7376
34336,17277
34337,18194
34337,20020
34338,1291
34338,1417
34338,1585
34338,1608
34338,15619
34339,8705
34339,23728
34340,14809
34340,18963
34341,14809
34341,18963
34342,14809
34342,18963
34343,14809
34343,18963
34344,4728
34344,17921
34345,20027
34345,22030
34346,852
34346,15925
34347,2761
34347,4876
34348,23765
34348,26058
34349,19530
34349,19545
34350,26823
34350,27201
34351,17205
34351,28861
34352,2424
34352,10042
34353,18198
34353,22346
34353,27302
34353,30062
34354,24750
34354,30049
34355,11450
34355,15635
34355,20401
34356,2380
34356,17910
34356,18046
34357,8191
34357,20387
34358,579
34358,4193
34359,2794
34359,22941
34360,14991
34360,22873
34361,3364
34361,27683
34362,1291
34362,5781
34363,1585
34363,1608
34364,22004
34364,22601
34365,2526
34365,30129
34366,22004
34366,22601
34367,17692
34367,18498
34368,12130
34368,29906
34369,11310
34369,12130
34369,29906
34370,11310
34370,29906
34371,11310
34371,12130
34371,29906
34372,11310
34372,29906
34373,11310
34373,29906
34374,11310
34374,29906
34375,11310
34375,29906
34376,11424
34376,12355
34377,4520
34377,5487
34378,17910
34378,18046
34379,7045
34379,19861
34380,7045
34380,19861
34381,11424
34381,12355
34382,19815
34382,22582
34383,12209
34383,19014
34384,10224
34384,18018
34385,9146
34385,9335
34386,3954
34386,7200
34387,4837
34387,9065
34388,13270
34388,19134
34389,8537
34389,21590
34390,1531
34390,3586
34391,20601
34391,22423
34392,23023
34392,23669
34393,43
34393,6607
34393,11891
34394,15067
34394,15427
34395,7278
34395,15837
34396,21713
34396,23784
34397,19370
34397,27352
34398,11174
34398,19340
34399,2145
34399,16340
34400,227
34400,16340
34400,20044
34401,20800
34401,21495
34402,26088
34402,26457
34403,989
34403,7732
34404,20193
34404,20207
34405,2380
34405,15466
34406,5797
34406,7025
34407,7224
34407,9539
34407,15226
34408,3954
34408,7200
34409,3954
34409,7200
34410,3954
34410,7200
34411,3898
34411,19252
34412,8537
34412,21590
34413,3557
34413,18234
34414,14397
34414,14430
34414,28814
34415,28748
34415,31153
34416,4483
34416,8422
34417,16481
34417,19813
34418,20053
34418,20054
34419,24173
34419,24243
34420,11752
34420,13214
34421,23416
34421,24928
34422,8769
34422,10570
34422,10999
34423,15275
34423,18018
34424,2061
34424,15459
34424,18703
34425,7089
34425,16467
34425,19724
34425,20510
34426,3565
34426,17793
34427,10224
34427,12615
34427,13034
34427,17738
34427,18018
34428,5242
34428,18935
34429,8713
34429,17684
34429,17989
34429,17990
34429,20531
34430,1332
34430,12794
34430,17761
34431,16481
34431,19813
34432,14397
34432,15327
34433,743
34433,5483
34433,7376
34433,13249
34433,13623
34433,20077
34434,6457
34434,12010
34434,20081
34435,3535
34435,19071
34436,1173
34436,10171
34436,10888
34437,13015
34437,16407
34438,1592
34438,14829
34439,7140
34439,17930
34440,2355
34440,7290
34441,7140
34441,18345
34442,8837
34442,19494
34442,20027
34443,1376
34443,13591
34443,18030
34444,5123
34444,18150
34445,20800
34445,21495
34446,7045
34446,19861
34447,14209
34447,15860
34448,15619
34448,22578
34449,24642
34449,27003
34450,14809
34450,18963
34451,23765
34451,24455
34452,18589
34452,18619
34453,8537
34453,21590
34454,3535
34454,10171
34454,17064
34455,6351
34455,22196
34456,989
34456,7732
34457,5797
34457,7025
34458,21165
34458,24050
34459,14209
34459,15860
34460,992
34460,1435
34461,24642
34461,27003
34462,24623
34462,24624
34462,24648
34463,5541
34463,19479
34464,9689
34464,19479
34465,19487
34465,20115
34466,11333
34466,11455
34467,10869
34467,10918
34467,14393
34468,11336
34468,13117
34469,14434
34469,17203
34470,2456
34470,16085
34471,6351
34471,22196
34472,17910
34472,19397
34473,11473
34473,28651
34474,8911
34474,15713
34475,5123
34475,5159
34476,992
34476,1435
34476,20918
34477,23947
34477,24098
34478,5123
34478,5159
34479,24173
34479,24243
34480,179
34480,6610
34481,29012
34481,29016
34482,3954
34482,7200
34483,10379
34483,10848
34484,10310
34484,26002
34485,6635
34485,6727
34486,3954
34486,7200
34487,3954
34487,7200
34488,11424
34488,12355
34489,17440
34489,21634
34490,4491
34490,4726
34491,19
34491,20
34492,8975
34492,24482
34493,7786
34493,18399
34494,5166
34494,5278
34495,16807
34495,17964
34496,20780
34496,24949
34497,82
34497,26352
34498,21395
34498,23862
34499,29255
34499,29373
34500,27964
34500,27966
34500,27968
34501,23749
34501,27077
34502,26295
34502,27328
34503,15397
34503,31542
34504,29449
34504,30935
34505,25440
34505,28257
34506,7962
34506,24211
34507,4386
34507,11336
34508,2142
34508,2173
34509,12794
34509,13273
34509,14802
34510,4458
34510,20020
34511,14809
34511,18963
34512,14809
34512,18963
34513,14809
34513,18963
34514,18628
34514,18856
34515,16481
34515,19813
34516,19625
34516,19768
34517,19625
34517,19768
34518,19625
34518,19768
34519,17994
34519,24500
34520,19756
34520,29368
34521,1022
34521,17395
34522,23765
34522,24455
34523,14809
34523,18963
34524,25622
34524,26200
34525,7353
34525,20652
34525,25648
34526,628
34526,1531
34526,3586
34527,12867
34527,12898
34528,1366
34528,5567
34529,20835
34529,21280
34530,17125
34530,19329
34531,1531
34531,3586
34532,11336
34532,13117
34533,3954
34533,7200
34534,6007
34534,8764
34535,5729
34535,22828
34536,5853
34536,12661
34537,3684
34537,11987
34538,575
34538,1590
34539,22
34539,2314
34539,3566
34539,5370
34540,12439
34540,26577
34541,18628
34541,18856
34542,14760
34542,15272
34543,14809
34543,18963
34544,14809
34544,18963
34545,989
34545,7732
34546,13295
34546,21191
34547,3954
34547,7200
34548,3954
34548,7200
34549,8824
34549,21815
34550,8836
34550,8861
34551,19488
34551,19596
34552,3954
34552,7200
34553,3954
34553,7200
34554,20601
34554,22423
34555,5166
34555,5278
34556,3954
34556,4837
34556,7200
34556,23157
34557,6625
34557,28848
34558,7045
34558,19861
34559,20800
34559,21495
34560,1435
34560,20918
34561,19961
34561,20194
34561,20888
34562,11234
34562,22274
34563,19961
34563,20194
34563,20888
34564,29012
34564,29016
34565,14991
34565,22873
34566,5115
34566,7636
34567,12867
34567,12898
34568,8537
34568,21590
34569,5797
34569,7025
34570,19574
34570,19585
34571,3954
34571,7200
34572,14809
34572,18963
34573,2456
34573,16085
34574,7302
34574,12483
34575,7045
34575,19861
34576,4507
34576,4520
34577,6125
34577,24173
34577,24243
34578,14809
34578,18963
34579,25573
34579,30713
34580,3375
34580,3376
34581,29280
34581,29296
34582,20800
34582,21495
34583,17277
34583,22796
34584,17844
34584,23231
34585,17277
34585,22796
34586,17277
34586,22796
34587,2456
34587,16085
34588,11234
34588,22274
34589,16807
34589,18414
34590,11234
34590,22274
34591,11234
34591,18414
34592,11234
34592,22274
34593,11234
34593,22274
34594,11234
34594,22274
34595,11234
34595,22274
34596,11234
34596,22274
34597,9887
34597,11234
34597,26706
34598,6672
34598,17085
34599,1374
34599,21845
34600,21965
34600,24258
34601,3954
34601,7200
34602,3954
34602,7200
34603,3375
34603,3376
34603,3819
34604,13659
34604,21819
34605,359
34605,2740
34606,5621
34606,14766
34607,1075
34607,2231
34608,1804
34608,10171
34608,11936
34609,12505
34609,15040
34609,17350
34610,1555
34610,8824
34610,21815
34611,15990
34611,24536
34612,5275
34612,13112
34612,18665
34613,568
34613,15961
34614,19845
34614,24085
34615,19845
34615,24085
34616,11077
34616,23332
34617,12673
34617,14313
34618,4562
34618,4991
34619,5972
34619,6798
34620,4562
34620,26812
34621,11
34621,13332
34622,1155
34622,18619
34623,14766
34623,27919
34624,1439
34624,14766
34625,3110
34625,3343
34626,6305
34626,12325
34626,18242
34627,25021
34627,30946
34628,27774
34628,28633
34629,5570
34629,9417
34630,24642
34630,27003
34631,16374
34631,23357
34632,21191
34632,26975
34633,1585
34633,1608
34634,21179
34634,22374
34635,11838
34635,22008
34636,5123
34636,5159
34637,1173
34637,17593
34638,25042
34638,25587
34639,8670
34639,18031
34640,3425
34640,3431
34641,16481
34641,19813
34642,26204
34642,26221
34643,10695
34643,12654
34644,9063
34644,13073
34644,21861
34644,21862
34645,5734
34645,21322
34645,21732
34646,6814
34646,8911
34646,10263
34646,12774
34646,15713
34647,19
34647,20
34647,21734
34648,24459
34648,24714
34649,21596
34649,21604
34650,14809
34650,18963
34651,14809
34651,18963
34652,14000
34652,20622
34653,21263
34653,21325
34654,20601
34654,22423
34655,14809
34655,18963
34656,8574
34656,8764
34657,395
34657,16807
34658,3954
34658,7200
34659,19530
34659,19545
34660,20800
34660,21495
34661,452
34661,7665
34662,18628
34662,18856
34663,11336
34663,13117
34664,11336
34664,13117
34665,11336
34665,13117
34666,14809
34666,18963
34667,14809
34667,18963
34668,3693
34668,13819
34669,25909
34669,25936
34670,3693
34670,13819
34670,20490
34671,21495
34671,23899
34672,20800
34672,21495
34673,3954
34673,7200
34674,3954
34674,7200
34675,29688
34675,29692
34676,27794
34676,31595
34677,5797
34677,7025
34678,5652
34678,15238
34678,16195
34678,18319
34679,20690
34679,21020
34680,25573
34680,30713
34681,16262
34681,17624
34682,16000
34682,21518
34683,4588
34683,16982
34684,3954
34684,7200
34685,5797
34685,7025
34686,5054
34686,16508
34687,14209
34687,15860
34688,31271
34688,31272
34688,31273
34689,5729
34689,16196
34689,21196
34689,21484
34690,5853
34690,8385
34690,9325
34690,9385
34690,10892
34690,14110
34690,21201
34690,21614
34691,2063
34691,3693
34691,14850
34692,4837
34692,9065
34693,2569
34693,7110
34693,8229
34693,16288
34694,6007
34694,21433
34695,16481
34695,19813
34696,4069
34696,22567
34697,6412
34697,20777
34698,1531
34698,3586
34699,17727
34699,17728
34700,15558
34700,19340
34701,22802
34701,24646
34702,23280
34702,29111
34703,13270
34703,19134
34704,15555
34704,21614
34705,5729
34705,21196
34706,253
34706,5853
34706,7388
34706,9385
34706,14110
34706,18257
34707,9668
34707,14850
34708,16481
34708,19813
34709,11336
34709,13117
34710,9030
34710,14701
34711,3015
34711,10068
34711,13039
34712,3015
34712,10068
34713,24744
34713,25142
34714,2598
34714,30007
34715,23576
34715,31197
34716,600
34716,631
34717,17989
34717,17990
34718,17989
34718,17990
34719,17989
34719,17990
34720,17989
34720,17990
34721,14809
34721,18963
34722,14809
34722,18963
34723,10662
34723,18693
34724,8471
34724,23376
34725,15041
34725,17350
34726,15541
34726,15597
34727,20800
34727,21495
34728,14209
34728,15860
34729,9273
34729,24675
34730,2024
34730,27390
34731,24831
34731,24832
34732,9025
34732,17686
34733,18993
34733,28637
34734,227
34734,20044
34735,24320
34735,24358
34736,8574
34736,8764
34737,5123
34737,18150
34738,5853
34738,14608
34739,11424
34739,12355
34740,12398
34740,19136
34741,6835
34741,6879
34742,4126
34742,4357
34742,6676
34742,10780
34743,3954
34743,7200
34744,2616
34744,3100
34745,4385
34745,21407
34746,8537
34746,21590
34747,6264
34747,10446
34748,29056
34748,30891
34749,2667
34749,3685
34750,2402
34750,2667
34751,23124
34751,26672
34752,5781
34752,21590
34753,17989
34753,17990
34754,21823
34754,21824
34755,21823
34755,21824
34756,18605
34756,20785
34757,7514
34757,7540
34757,13970
34758,7255
34758,14151
34759,1815
34759,11752
34760,1423
34760,25742
34761,27302
34761,28196
34761,30030
34761,30032
34762,11234
34762,22274
34763,353
34763,1157
34764,22326
34764,24445
34764,26019
34765,12505
34765,15040
34765,15041
34765,17350
34766,1048
34766,1337
34766,1391
34767,19845
34767,24085
34768,17637
34768,17971
34769,21837
34769,21864
34770,16262
34770,17624
34771,236
34771,3613
34772,29012
34772,29016
34773,227
34773,20044
34774,19743
34774,24611
34775,16063
34775,17942
34776,14430
34776,28814
34777,14209
34777,15860
34778,7535
34778,27403
34779,694
34779,699
34779,3875
34780,7045
34780,19861
34781,7045
34781,19861
34782,5797
34782,7025
34783,13659
34783,21819
34784,626
34784,2336
34785,5797
34785,7025
34786,5797
34786,7025
34787,13325
34787,21590
34788,7110
34788,14939
34789,12209
34789,19014
34790,11874
34790,13718
34791,21961
34791,21976
34792,21961
34792,21976
34793,21961
34793,21976
34794,21961
34794,21976
34795,21961
34795,21976
34796,21961
34796,21976
34797,8705
34797,23728
34798,14809
34798,18963
34799,13659
34799,21819
34800,2066
34800,2085
34801,12393
34801,17351
34802,12370
34802,22199
34803,14397
34803,15319
34804,6
34804,13310
34805,915
34805,21974
34806,10662
34806,11820
34806,20802
34807,23395
34807,23543
34808,10288
34808,16240
34809,227
34809,20044
34810,20800
34810,21495
34811,10662
34811,11820
34811,20802
34812,5677
34812,22259
34812,27277
34813,11234
34813,22274
34814,15619
34814,16981
34814,22544
34815,9467
34815,23080
34816,27680
34816,28582
34817,29012
34817,29016
34818,23454
34818,27354
34818,27382
34819,3954
34819,7200
34820,22714
34820,22717
34820,22726
34821,7812
34821,8140
34822,3954
34822,7200
34823,22714
34823,22717
34823,22726
34824,26625
34824,26633
34825,2709
34825,5744
34826,3954
34826,7200
34827,3954
34827,7200
34828,22714
34828,22717
34829,3954
34829,7200
34830,22714
34830,22717
34830,22726
34831,3954
34831,7200
34832,22714
34832,22717
34833,22345
34833,22348
34834,22389
34834,22396
34835,22407
34835,22408
34836,22624
34836,22643
34836,22644
34837,15067
34837,15427
34837,22719
34838,22715
34838,22725
34839,22624
34839,22643
34839,22644
34840,15067
34840,15427
34840,22719
34841,22715
34841,22725
34842,15067
34842,15427
34842,22719
34843,22624
34843,22643
34843,22644
34844,15067
34844,15427
34844,22719
34845,29010
34845,30819
34846,22583
34846,22584
34847,22714
34847,22717
34847,22726
34848,989
34848,7732
34849,22076
34849,22077
34850,22583
34850,22584
34851,22076
34851,22077
34852,22362
34852,28414
34853,24642
34853,27003
34854,29012
34854,29016
34855,11234
34855,22274
34856,29241
34856,29673
34857,16807
34857,17964
34858,549
34858,18169
34859,5797
34859,7025
34860,15711
34860,15958
34861,13286
34861,13538
34862,29280
34862,29296
34863,28439
34863,30110
34864,3954
34864,7200
34865,21533
34865,22274
34866,14075
34866,22200
34867,19845
34867,24085
34868,19845
34868,24085
34869,17277
34869,21143
34870,3954
34870,7200
34871,22190
34871,22192
34872,1531
34872,3586
34873,2560
34873,19432
34874,200
34874,3186
34875,1095
34875,21535
34876,9886
34876,17885
34877,2912
34877,10673
34877,20890
34877,21660
34878,1531
34878,3586
34879,5797
34879,7025
34880,27379
34880,28829
34881,3954
34881,7200
34882,3954
34882,7200
34883,3954
34883,7200
34884,8837
34884,19494
34885,3954
34885,7200
34886,11234
34886,22274
34887,16374
34887,23357
34888,20148
34888,21104
34889,5797
34889,7025
34890,3954
34890,4837
34890,7200
34890,17085
34891,1374
34891,9421
34892,11812
34892,22438
34893,19845
34893,24085
34894,6508
34894,10108
34895,6508
34895,10108
34896,1097
34896,7867
34897,20148
34897,21104
34897,22012
34898,1531
34898,3586
34899,7838
34899,12819
34900,4787
34900,20576
34901,2138
34901,27313
34902,14809
34902,18963
34903,8824
34903,21815
34904,11882
34904,12938
34905,14809
34905,18963
34906,9595
34906,9638
34907,6412
34907,20777
34908,6412
34908,20777
34909,11234
34909,22274
34910,1173
34910,21156
34911,6808
34911,10461
34912,9139
34912,27053
34913,9139
34913,27053
34914,5797
34914,7025
34915,9066
34915,12136
34916,20509
34916,20611
34917,7838
34917,12393
34917,17351
34918,24642
34918,27003
34919,19347
34919,20055
34919,21316
34919,21956
34919,22553
34920,24756
34920,25739
34920,27863
34921,11234
34921,22274
34922,11234
34922,22274
34923,11234
34923,22274
34924,51
34924,4157
34924,4196
34924,7477
34924,18530
34925,2316
34925,4477
34925,20636
34926,2501
34926,7143
34926,20636
34927,4477
34927,7477
34927,11522
34927,18802
34927,21793
34928,390
34928,2621
34929,11336
34929,13117
34929,18530
34930,4157
34930,14740
34931,3550
34931,4477
34931,7477
34931,11522
34931,13117
34931,20557
34931,21807
34932,11336
34932,13117
34933,227
34933,20044
34934,5797
34934,7025
34935,4491
34935,4726
34936,16839
34936,16924
34937,3869
34937,17078
34938,7288
34938,15668
34938,16807
34938,17964
34939,20601
34939,22423
34940,20601
34940,22423
34941,20601
34941,22423
34942,23831
34942,23856
34943,5676
34943,10890
34944,22005
34944,22366
34945,6405
34945,7529
34945,8397
34945,12609
34945,13290
34946,1585
34946,5541
34946,13877
34947,5797
34947,7025
34948,54
34948,627
34948,5577
34948,12077
34948,14029
34948,16432
34948,19429
34949,18
34949,16481
34949,19184
34949,19813
34950,3553
34950,8385
34950,9474
34950,13290
34950,20746
34950,21280
34951,4125
34951,5853
34951,12560
34952,11234
34952,22274
34953,11234
34953,22274
34954,11234
34954,22274
34955,11234
34955,22274
34956,11234
34956,22274
34957,11234
34957,22274
34958,11234
34958,22274
34959,11234
34959,22274
34960,11234
34960,22274
34961,11234
34961,22274
34962,20800
34962,21495
34963,20800
34963,21495
34964,10053
34964,11435
34965,20601
34965,22423
34966,20601
34966,22423
34967,24642
34967,27003
34968,16807
34968,17964
34969,21316
34969,21956
34970,3954
34970,7200
34971,29012
34971,29016
34972,20476
34972,26213
34973,1049
34973,12609
34974,15303
34974,15886
34975,26273
34975,27174
34976,3954
34976,7200
34977,3954
34977,7200
34978,7200
34978,8612
34978,10171
34979,6763
34979,10171
34980,28757
34980,29441
34981,8946
34981,26500
34982,25782
34982,25974
34983,465
34983,1845
34984,11234
34984,22274
34985,6007
34985,11792
34986,3222
34986,3428
34987,24756
34987,28937
34988,24756
34988,28937
34989,24756
34989,28937
34990,24756
34990,28937
34991,24756
34991,28937
34992,3428
34992,21782
34993,22374
34993,24756
34994,24756
34994,28937
34995,24756
34995,27863
34996,21823
34996,21824
34997,2871
34997,16787
34998,21823
34998,21824
34999,867
34999,4502
34999,11361
35000,994
35000,3795
35001,22204
35001,22305
35002,8590
35002,21768
35003,15619
35003,22544
35004,12609
35004,15057
35005,26914
35005,27562
35006,9595
35006,9638
35007,9595
35007,9638
35008,16262
35008,17624
35009,8911
35009,15713
35010,11336
35010,13117
35011,11234
35011,22274
35012,8475
35012,16925
35013,13046
35013,29130
35014,22275
35014,24136
35015,8673
35015,21332
35016,8673
35016,21332
35017,4305
35017,10224
35017,20951
35017,25438
35018,18338
35018,20951
35019,20601
35019,22423
35020,27388
35020,27887
35021,9972
35021,22423
35022,19843
35022,20601
35022,22423
35023,15303
35023,15886
35024,20601
35024,22423
35025,19592
35025,21708
35025,22620
35026,24642
35026,27003
35027,20353
35027,23856
35028,13389
35028,15057
35029,14809
35029,18963
35030,14991
35030,22873
35031,22914
35031,23139
35032,20800
35032,21495
35033,9410
35033,11912
35034,1412
35034,27427
35035,20601
35035,22423
35036,20601
35036,22423
35037,4588
35037,16982
35038,20601
35038,22423
35039,20601
35039,22423
35040,27003
35040,31048
35041,20601
35041,22423
35042,14397
35042,15319
35042,15327
35042,25119
35043,18367
35043,22739
35044,22786
35044,22788
35045,3954
35045,7200
35046,23765
35046,24455
35047,20601
35047,22423
35048,7045
35048,19861
35049,17023
35049,23524
35050,11234
35050,22274
35051,11234
35051,22274
35052,3954
35052,7200
35053,13984
35053,23014
35054,22715
35054,22725
35055,21518
35055,22511
35056,22511
35056,22771
35057,22511
35057,22771
35058,21518
35058,22511
35059,21518
35059,22511
35060,21518
35060,22511
35061,21518
35061,22511
35062,21518
35062,22511
35063,15470
35063,16025
35063,16026
35064,5661
35064,10171
35065,1585
35065,19973
35066,3640
35066,6719
35067,1229
35067,3807
35068,23538
35068,24279
35069,11234
35069,22274
35070,11234
35070,22274
35071,11234
35071,22274
35072,11234
35072,22274
35073,11234
35073,22274
35074,11234
35074,22274
35075,11234
35075,22274
35076,24642
35076,27003
35077,59
35077,12629
35078,14829
35078,15469
35079,3954
35079,7200
35080,11000
35080,11256
35081,769
35081,29825
35082,1095
35082,21535
35083,126
35083,10999
35084,4507
35084,4520
35085,14018
35085,15679
35086,25022
35086,25142
35087,1366
35087,4567
35087,9668
35088,13325
35088,21433
35089,21069
35089,21086
35090,30899
35090,30935
35091,7045
35091,19861
35092,22715
35092,22725
35093,11882
35093,12938
35094,22715
35094,22725
35095,5729
35095,22828
35096,14209
35096,15860
35097,11234
35097,22274
35098,25
35098,16670
35099,201
35099,3399
35100,6095
35100,9038
35100,23107
35101,5123
35101,22560
35102,3632
35102,6304
35103,1842
35103,11041
35104,1920
35104,11749
35105,23124
35105,24921
35106,1842
35106,19948
35107,6112
35107,6526
35108,18698
35108,21767
35109,1173
35109,10888
35110,6817
35110,22418
35111,1592
35111,7682
35112,18104
35112,22446
35113,28044
35113,28045
35114,10888
35114,16112
35115,904
35115,12047
35116,909
35116,910
35117,1842
35117,16112
35118,14543
35118,27338
35118,29559
35119,2424
35119,10042
35120,989
35120,7732
35121,1842
35121,10888
35122,27768
35122,28103
35123,27276
35123,27768
35124,27230
35124,28892
35125,2
35125,221
35126,27645
35126,27768
35127,24015
35127,27768
35128,24618
35128,26745
35129,1842
35129,16705
35130,27003
35130,31059
35131,24642
35131,31048
35132,10423
35132,24690
35133,25833
35133,31002
35134,2534
35134,23791
35135,4640
35135,16089
35136,29277
35136,31096
35137,3879
35137,16234
35138,1585
35138,1608
35139,2794
35139,22941
35140,15040
35140,17350
35141,20800
35141,21495
35142,7960
35142,8261
35143,7960
35143,8261
35144,22779
35144,22981
35145,1007
35145,24200
35146,1195
35146,5630
35147,15389
35147,27172
35148,15666
35148,23724
35149,25908
35149,27195
35150,20800
35150,21495
35151,24908
35151,25078
35152,23315
35152,25064
35153,11234
35153,22274
35154,29492
35154,31381
35155,7020
35155,7137
35156,7020
35156,7137
35157,7020
35157,10263
35158,21083
35158,21084
35159,21083
35159,22160
35160,21083
35160,21084
35160,22160
35161,22461
35161,22635
35162,23477
35162,25184
35163,8561
35163,24907
35164,3844
35164,22142
35165,9139
35165,27053
35166,23765
35166,24455
35167,3954
35167,7200
35168,27388
35168,27887
35169,3954
35169,4837
35169,7200
35170,4837
35170,7200
35171,23157
35171,30590
35172,43
35172,11891
35173,43
35173,11891
35174,23907
35174,24567
35175,1374
35175,9421
35176,25042
35176,25587
35177,12171
35177,21195
35178,7200
35178,17085
35179,43
35179,3459
35180,8344
35180,9421
35181,29368
35181,29396
35182,20586
35182,21014
35183,10233
35183,10471
35184,10233
35184,10471
35185,22105
35185,22143
35186,15619
35186,22578
35187,19170
35187,19324
35188,14809
35188,18963
35189,2709
35189,5744
35190,11234
35190,22274
35191,13652
35191,22939
35192,24642
35192,27003
35193,10708
35193,14991
35194,23765
35194,24455
35195,1758
35195,14489
35196,11424
35196,12355
35197,3869
35197,25093
35198,11882
35198,12938
35199,8974
35199,8976
35200,3145
35200,15059
35201,11827
35201,14808
35201,22631
35202,11234
35202,22274
35203,11234
35203,22274
35204,10662
35204,11441
35204,12056
35205,11400
35205,21315
35206,14103
35206,14176
35207,6095
35207,9038
35208,20800
35208,21495
35209,15632
35209,21222
35210,3364
35210,27683
35211,3898
35211,19252
35212,842
35212,12716
35213,842
35213,22945
35213,30280
35214,14991
35214,22873
35215,14809
35215,18963
35216,21086
35216,23353
35217,30875
35217,31189
35218,29034
35218,31298
35218,31525
35219,2544
35219,22658
35220,2547
35220,2898
35221,3047
35221,13716
35221,16949
35222,5766
35222,20301
35223,405
35223,21173
35224,16374
35224,23357
35225,43
35225,11891
35226,22715
35226,22725
35227,11234
35227,22274
35228,22715
35228,22725
35229,22715
35229,22725
35230,21837
35230,21864
35231,13095
35231,22285
35232,2958
35232,13095
35232,22285
35233,23080
35233,28673
35234,22006
35234,22107
35235,22519
35235,28072
35236,24642
35236,27003
35237,11234
35237,22274
35238,11234
35238,22274
35239,20181
35239,24213
35240,23075
35240,23122
35241,9985
35241,23850
35242,13314
35242,16732
35243,16381
35243,27317
35244,25164
35244,26364
35245,25925
35245,26749
35246,8412
35246,12281
35247,2544
35247,23124
35248,422
35248,2544
35249,14650
35249,23124
35250,11158
35250,14650
35251,21767
35251,22171
35251,23124
35251,23418
35252,2560
35252,3047
35252,13716
35252,20393
35252,23649
35253,8784
35253,10029
35254,1313
35254,19331
35254,22646
35255,13352
35255,23679
35256,6974
35256,10103
35257,837
35257,23124
35258,29688
35258,29692
35259,19625
35259,19768
35260,20617
35260,24256
35261,22788
35261,23061
35262,24642
35262,27003
35263,11234
35263,22274
35264,11234
35264,22274
35265,11234
35265,22274
35266,15470
35266,16025
35266,16026
35267,15470
35267,16025
35268,2681
35268,3551
35269,2681
35269,3551
35270,18698
35270,22262
35271,21767
35271,23124
35272,8149
35272,19479
35273,837
35273,1173
35274,16775
35274,23831
35275,9444
35275,16299
35276,16775
35276,23831
35277,7200
35277,9487
35278,14991
35278,22873
35279,6844
35279,26961
35280,18894
35280,23362
35281,17844
35281,23231
35282,28757
35282,28766
35283,13046
35283,29130
35284,7526
35284,25552
35285,22781
35285,31389
35286,13963
35286,14343
35287,23477
35287,25184
35288,14809
35288,18963
35289,11987
35289,24985
35290,4715
35290,11987
35291,27379
35291,28829
35292,2794
35292,22941
35293,2600
35293,13354
35294,3954
35294,7200
35295,14991
35295,22873
35296,11049
35296,16602
35297,43
35297,11891
35298,6095
35298,9038
35299,23765
35299,24455
35300,23765
35300,24455
35301,3875
35301,19332
35302,26794
35302,28957
35303,8412
35303,12281
35304,3047
35304,4757
35304,13716
35305,6974
35305,10103
35306,16546
35306,22700
35307,21514
35307,22683
35308,15804
35308,15828
35309,18274
35309,29591
35310,19340
35310,22941
35311,15804
35311,15828
35312,14809
35312,18963
35313,14809
35313,18963
35314,14809
35314,18963
35315,23143
35315,24263
35316,15424
35316,25330
35317,11336
35317,13117
35318,15804
35318,15828
35319,2709
35319,5744
35320,13084
35320,22897
35320,23785
35321,1435
35321,5755
35321,7707
35321,17262
35321,20918
35322,11224
35322,16425
35323,17277
35323,21143
35324,19
35324,20
35325,20780
35325,24949
35326,18488
35326,21278
35327,6095
35327,9038
35328,20800
35328,21495
35329,2404
35329,4754
35330,14883
35330,14916
35331,27003
35331,31048
35332,24642
35332,27003
35333,16807
35333,17964
35334,7962
35334,24211
35335,23765
35335,24455
35336,25880
35336,27665
35337,16882
35337,27060
35338,5325
35338,25484
35339,23475
35339,23541
35340,23765
35340,24455
35341,27302
35341,30062
35341,30080
35342,13829
35342,22910
35343,497
35343,4253
35344,28297
35344,31276
35345,2814
35345,9528
35346,13829
35346,22910
35347,2379
35347,20044
35348,25
35348,20044
35349,9363
35349,28220
35350,20646
35350,22649
35351,6067
35351,6937
35352,11234
35352,22274
35353,12788
35353,29365
35354,16262
35354,23705
35355,1201
35355,7300
35356,15481
35356,16315
35357,11882
35357,12938
35358,11333
35358,11455
35359,11234
35359,22274
35360,11011
35360,12163
35361,6379
35361,9363
35362,8705
35362,23728
35363,8705
35363,23784
35364,8705
35364,23728
35364,23784
35365,8705
35365,23784
35366,14397
35366,15319
35366,15327
35366,25119
35367,24756
35367,27863
35368,27888
35368,28016
35369,17478
35369,23765
35370,11336
35370,13117
35371,22464
35371,23143
35372,43
35372,11891
35373,43
35373,6607
35373,11891
35373,21924
35373,23023
35373,23669
35374,11234
35374,22274
35375,3053
35375,3238
35376,26303
35376,29390
35377,43
35377,6607
35377,11891
35378,23010
35378,24865
35379,11234
35379,22274
35380,20800
35380,21495
35381,3364
35381,27683
35382,6739
35382,16628
35383,20794
35383,23584
35384,15470
35384,16025
35384,16026
35385,11234
35385,22274
35386,11234
35386,22274
35387,11234
35387,22274
35388,6816
35388,21154
35389,1173
35389,23138
35390,6379
35390,9363
35391,930
35391,17622
35392,989
35392,7732
35393,993
35393,13324
35394,2197
35394,29890
35394,30581
35395,24956
35395,29126
35396,20800
35396,21495
35397,20800
35397,21495
35398,16262
35398,19080
35399,7535
35399,27403
35399,27431
35400,994
35400,3795
35401,24642
35401,27003
35402,2681
35402,3551
35403,2681
35403,3551
35404,2681
35404,3551
35405,22346
35405,27302
35405,28196
35406,1376
35406,17277
35406,26502
35407,9897
35407,27439
35408,14991
35408,22873
35409,2379
35409,19080
35410,10380
35410,21669
35411,22346
35411,29275
35412,2494
35412,7132
35413,10145
35413,10171
35413,23395
35413,23543
35414,907
35414,1469
35415,9897
35415,20418
35416,9897
35416,20418
35417,20418
35417,21415
35418,21415
35418,22749
35419,20418
35419,22749
35420,20418
35420,22749
35421,20418
35421,22749
35422,9897
35422,22749
35423,9897
35423,22749
35424,22230
35424,27928
35425,10880
35425,14393
35426,10880
35426,14393
35427,227
35427,20044
35428,581
35428,24392
35429,8705
35429,23728
35430,2526
35430,13034
35431,24788
35431,27192
35432,27388
35432,27887
35433,17932
35433,27767
35434,17333
35434,29056
35434,30891
35435,22778
35435,22902
35436,31271
35436,31272
35436,31273
35437,3869
35437,25093
35438,28862
35438,28863
35439,28862
35439,29200
35440,24230
35440,28115
35441,26189
35441,26229
35442,26229
35442,27057
35443,24870
35443,24901
35444,989
35444,7732
35445,4943
35445,5382
35446,11234
35446,22274
35447,3320
35447,21347
35448,6412
35448,20777
35449,469
35449,28733
35450,16374
35450,23357
35451,8943
35451,11596
35452,8824
35452,21815
35453,2197
35453,30581
35454,6412
35454,20777
35455,11234
35455,22274
35456,14913
35456,15563
35457,5853
35457,14608
35458,17277
35458,21143
35459,5853
35459,7838
35459,8705
35459,12393
35459,17351
35459,21322
35459,21732
35459,23728
35460,1020
35460,3684
35460,8764
35460,11987
35460,12551
35460,17164
35460,20987
35460,21050
35461,3222
35461,6062
35462,15303
35462,15886
35463,19845
35463,24085
35464,11803
35464,19527
35465,12702
35465,21732
35466,23907
35466,24567
35467,196
35467,409
35468,15424
35468,25330
35469,19961
35469,20194
35469,20888
35470,13300
35470,15603
35471,7960
35471,8261
35472,15619
35472,22578
35473,22286
35473,22313
35474,29053
35474,29169
35475,27397
35475,27403
35476,8911
35476,22006
35477,27429
35477,31095
35478,2998
35478,10010
35479,15303
35479,15886
35480,15756
35480,24047
35481,12172
35481,22446
35482,10675
35482,27060
35483,14209
35483,15860
35484,21518
35484,22771
35485,14430
35485,26807
35486,4177
35486,4451
35487,25173
35487,29317
35488,9887
35488,29281
35489,29757
35489,29758
35490,24129
35490,24130
35491,9411
35491,10405
35492,483
35492,4217
35493,11234
35493,22274
35494,11242
35494,24282
35495,3553
35495,15963
35496,14991
35496,22873
35497,24642
35497,27003
35498,662
35498,1960
35499,18274
35499,29591
35500,18274
35500,29591
35501,14209
35501,15860
35502,13046
35502,29130
35503,2943
35503,3057
35503,4980
35503,8649
35503,9011
35503,24365
35503,24367
35504,59
35504,8048
35504,12629
35504,22435
35505,227
35505,24786
35506,24651
35506,24786
35507,4837
35507,7200
35508,31344
35508,31351
35509,23150
35509,24200
35510,23150
35510,24200
35511,20471
35511,22470
35512,20780
35512,24949
35513,13210
35513,16107
35514,24998
35514,25586
35515,14209
35515,15860
35516,18045
35516,19756
35517,13718
35517,17083
35518,2794
35518,22941
35519,22286
35519,22313
35520,5729
35520,11696
35520,23017
35521,29241
35521,29673
35522,14397
35522,14430
35522,28814
35523,1048
35523,1337
35523,1391
35524,10662
35524,11441
35525,741
35525,13422
35526,6842
35526,6904
35527,14829
35527,15469
35528,5582
35528,11353
35529,24162
35529,25256
35530,11234
35530,22274
35531,11234
35531,22274
35532,11234
35532,22274
35533,11234
35533,22274
35534,11234
35534,22274
35535,11234
35535,22274
35536,11234
35536,22274
35537,11234
35537,22274
35538,11234
35538,22274
35539,11234
35539,22274
35540,11234
35540,22274
35541,11234
35541,22274
35542,11234
35542,22274
35543,11234
35543,22274
35544,3954
35544,7200
35545,17146
35545,17260
35546,12394
35546,14361
35547,17146
35547,17260
35548,15424
35548,25330
35549,549
35549,18169
35550,25080
35550,29012
35550,29016
35551,17820
35551,18019
35552,11644
35552,12101
35553,6412
35553,20777
35554,11234
35554,22274
35555,4066
35555,4568
35556,4588
35556,16982
35557,3320
35557,21347
35558,22286
35558,22313
35559,1311
35559,10231
35559,11738
35559,18667
35559,23390
35560,11706
35560,23390
35561,100
35561,1311
35561,6988
35562,23789
35562,24351
35563,23789
35563,24351
35564,23789
35564,24351
35565,17146
35565,17260
35566,10310
35566,26002
35567,14397
35567,15319
35567,15327
35567,25119
35568,23765
35568,24455
35569,9024
35569,16259
35570,23096
35570,23503
35571,11008
35571,27814
35572,23150
35572,24200
35573,16807
35573,17964
35574,18414
35574,22855
35575,1585
35575,1608
35576,1585
35576,1608
35577,14430
35577,28814
35578,19166
35578,27016
35579,20525
35579,20745
35580,23613
35580,23688
35581,12673
35581,14313
35582,3954
35582,7200
35583,17692
35583,21921
35584,15470
35584,16026
35585,15470
35585,16025
35585,16026
35586,11234
35586,22274
35587,20800
35587,21495
35588,26814
35588,27080
35589,22941
35589,26814
35590,14209
35590,15860
35591,23318
35591,24676
35592,1195
35592,1196
35593,23765
35593,24455
35594,23613
35594,23688
35595,15619
35595,22578
35596,3954
35596,7200
35596,17085
35597,15619
35597,22578
35598,23765
35598,24455
35599,4045
35599,24282
35600,3227
35600,3386
35601,5252
35601,5289
35602,7838
35602,12393
35603,23728
35603,25301
35604,23613
35604,23688
35605,14209
35605,15860
35606,14125
35606,22600
35607,5041
35607,28712
35608,907
35608,1469
35609,1247
35609,5872
35610,7437
35610,13261
35611,5230
35611,13991
35612,867
35612,11361
35613,19785
35613,31286
35614,24173
35614,24243
35615,20659
35615,26491
35616,6499
35616,7089
35617,11234
35617,22274
35618,549
35618,18169
35619,2600
35619,9530
35620,13342
35620,15534
35620,21074
35621,1943
35621,10663
35622,16807
35622,17964
35623,3094
35623,26749
35624,7960
35624,8261
35625,24642
35625,27003
35626,14390
35626,30756
35627,5109
35627,15534
35628,23765
35628,24455
35629,10146
35629,10180
35630,20800
35630,21495
35631,20800
35631,21495
35631,23899
35632,20800
35632,21495
35633,579
35633,2862
35634,579
35634,2288
35635,4193
35635,8990
35635,11041
35635,11917
35636,989
35636,7732
35637,11234
35637,22274
35638,479
35638,2622
35639,16262
35639,17584
35639,18417
35640,227
35640,20044
35641,17994
35641,24500
35642,9887
35642,11234
35643,11234
35643,22274
35644,11234
35644,22274
35645,11234
35645,22274
35646,11234
35646,22274
35647,11234
35647,22274
35648,11234
35648,22274
35649,8946
35649,19135
35650,11234
35650,22274
35651,11234
35651,22274
35652,11234
35652,21734
35652,22274
35653,9887
35653,11234
35654,13748
35654,19634
35655,17692
35655,18498
35656,17994
35656,24500
35657,20800
35657,21495
35658,20800
35658,21495
35659,17994
35659,24500
35660,4507
35660,4520
35661,7305
35661,20910
35662,11256
35662,11362
35662,24743
35663,6412
35663,20777
35664,3971
35664,6125
35665,1195
35665,1196
35666,1195
35666,1196
35667,17994
35667,24500
35668,11041
35668,19810
35669,2981
35669,3004
35670,24380
35670,26535
35671,6672
35671,20819
35672,5972
35672,6798
35673,10662
35673,18693
35674,8791
35674,14762
35675,10662
35675,14991
35676,14991
35676,21499
35677,14991
35677,21499
35678,10662
35678,14991
35678,21499
35679,14991
35679,21499
35680,14991
35680,21499
35681,7357
35681,14991
35681,21499
35682,14991
35682,21499
35683,10662
35683,21499
35684,989
35684,7732
35685,10060
35685,10562
35685,20372
35685,21975
35686,9273
35686,24675
35687,12307
35687,21904
35688,21415
35688,22749
35689,21415
35689,22749
35690,6762
35690,6764
35691,989
35691,7732
35692,9797
35692,10974
35692,24742
35693,4386
35693,5920
35693,6762
35693,6764
35693,9880
35693,11917
35693,19163
35694,20800
35694,21495
35695,19593
35695,24821
35696,19044
35696,24480
35697,2794
35697,22941
35698,14209
35698,15860
35699,20418
35699,21415
35700,2890
35700,8990
35701,3285
35701,5921
35702,23096
35702,23503
35703,19845
35703,24085
35704,1998
35704,5920
35704,17762
35705,1668
35705,4275
35705,11917
35705,18698
35705,21767
35705,21965
35705,24024
35705,24669
35706,16829
35706,21965
35707,14209
35707,15860
35708,14209
35708,15860
35709,16262
35709,17624
35710,24908
35710,25078
35711,16061
35711,19450
35712,1430
35712,1668
35712,7689
35712,10732
35712,17762
35712,21767
35712,22607
35712,23716
35713,11917
35713,13919
35713,15154
35713,22124
35713,24024
35713,24920
35714,13046
35714,16972
35714,18619
35715,21965
35715,22521
35716,20800
35716,21495
35717,23765
35717,24455
35718,23765
35718,24455
35719,11234
35719,22274
35720,24642
35720,27003
35721,18279
35721,20248
35722,24698
35722,24705
35723,3954
35723,7200
35724,6412
35724,20777
35725,11234
35725,22274
35726,608
35726,24071
35727,19249
35727,23784
35728,608
35728,24173
35728,24243
35729,8948
35729,18619
35730,16972
35730,19765
35731,29012
35731,29016
35732,14991
35732,22873
35733,3303
35733,3304
35734,23150
35734,24974
35735,17062
35735,19351
35736,2788
35736,13734
35737,13652
35737,22446
35738,4045
35738,24282
35739,29781
35739,30401
35740,11234
35740,22274
35741,6304
35741,24227
35742,694
35742,699
35743,250
35743,1728
35744,7475
35744,9137
35745,240
35745,3005
35746,629
35746,750
35747,7838
35747,12393
35748,26975
35748,28132
35749,26975
35749,28132
35750,2681
35750,3551
35751,6007
35751,24494
35752,23831
35752,23856
35753,3757
35753,18573
35754,11234
35754,22274
35755,17166
35755,23921
35756,31481
35756,31482
35757,26074
35757,26429
35758,27332
35758,30507
35759,13446
35759,27419
35760,20253
35760,29359
35761,25270
35761,30862
35762,8771
35762,27051
35763,25833
35763,27708
35764,89
35764,2477
35765,19507
35765,19577
35766,8561
35766,24907
35767,24642
35767,27003
35768,2788
35768,13734
35769,2788
35769,13734
35770,24173
35770,24243
35771,989
35771,7732
35772,24385
35772,25246
35773,24385
35773,25246
35774,20000
35774,20555
35775,20882
35775,23919
35776,6420
35776,28082
35777,29656
35777,30377
35778,16896
35778,19302
35779,17940
35779,31242
35780,29858
35780,29859
35781,20882
35781,23919
35782,7200
35782,24956
35783,7200
35783,24956
35784,14397
35784,15327
35785,19845
35785,24085
35786,19845
35786,24085
35787,18274
35787,29591
35788,14397
35788,15319
35788,15327
35788,25119
35789,16481
35789,19813
35790,10092
35790,10678
35790,13851
35791,989
35791,7732
35792,14209
35792,15860
35793,4100
35793,21129
35793,23315
35794,19679
35794,20304
35795,2564
35795,6555
35796,14397
35796,15327
35797,14397
35797,15327
35798,9556
35798,22573
35799,989
35799,7732
35800,8001
35800,12395
35800,18073
35801,24642
35801,27003
35802,5089
35802,17860
35803,931
35803,11696
35804,6439
35804,25597
35805,10019
35805,10020
35806,9859
35806,31056
35807,11234
35807,22274
35808,19530
35808,19545
35809,23765
35809,24455
35810,24642
35810,27003
35811,16061
35811,19450
35812,842
35812,12716
35813,24161
35813,24302
35814,136
35814,359
35814,3848
35814,3875
35815,568
35815,1225
35815,2533
35815,6804
35815,7792
35815,7987
35815,16043
35815,24814
35816,694
35816,699
35817,14209
35817,24455
35818,23765
35818,24455
35818,26437
35819,9363
35819,19810
35820,11151
35820,11686
35821,24455
35821,26437
35822,23765
35822,26437
35823,23765
35823,26437
35824,23765
35824,26437
35825,694
35825,699
35826,26303
35826,29390
35827,3869
35827,25093
35828,10662
35828,18693
35829,15481
35829,16315
35830,10146
35830,10180
35831,5166
35831,12008
35832,19845
35832,24085
35833,24642
35833,27003
35834,2526
35834,11696
35835,23765
35835,24455
35836,23765
35836,24455
35837,27417
35837,28071
35838,3780
35838,3800
35839,24756
35839,27863
35839,28937
35840,24756
35840,27863
35841,12673
35841,14313
35842,22519
35842,28072
35843,26273
35843,27174
35844,24173
35844,24243
35844,25106
35845,29280
35845,29296
35846,2628
35846,12516
35846,13318
35846,13440
35846,14140
35846,16309
35847,10834
35847,16661
35847,17401
35847,18031
35847,23630
35847,23726
35848,22127
35848,22800
35849,4747
35849,7540
35849,14833
35849,16232
35849,16361
35849,21397
35850,1236
35850,24552
35851,13088
35851,13544
35851,18246
35852,1851
35852,13544
35853,5166
35853,18031
35854,11064
35854,13584
35855,18045
35855,29396
35856,26229
35856,27057
35857,22563
35857,22684
35858,1438
35858,7255
35859,19845
35859,24085
35860,479
35860,2622
35861,24988
35861,25026
35862,24988
35862,25026
35863,24988
35863,25026
35864,24642
35864,27003
35865,24505
35865,24826
35866,5715
35866,7540
35866,14833
35866,18031
35867,1851
35867,13544
35868,25213
35868,25322
35869,989
35869,7732
35870,26648
35870,27083
35871,2717
35871,10099
35872,11696
35872,21336
35873,16230
35873,24745
35874,7540
35874,13970
35875,22648
35875,23805
35876,3869
35876,25093
35877,27512
35877,27859
35878,22750
35878,27908
35879,16807
35879,17964
35880,8590
35880,12343
35880,24691
35881,16807
35881,17964
35882,26914
35882,27562
35883,16807
35883,17964
35884,12393
35884,17351
35885,3079
35885,9318
35886,1907
35886,2462
35886,26748
35887,20780
35887,24949
35888,20895
35888,21580
35889,20895
35889,21580
35890,579
35890,4193
35891,1585
35891,1608
35892,24230
35892,28115
35893,11513
35893,12166
35894,20780
35894,24949
35895,23765
35895,24455
35896,23765
35896,24455
35897,13576
35897,14608
35898,20780
35898,24949
35899,23341
35899,23444
35900,27302
35900,28196
35900,30030
35901,1828
35901,21609
35902,26582
35902,26619
35903,26582
35903,26619
35904,26582
35904,26619
35905,10321
35905,10769
35906,867
35906,10599
35906,11361
35906,14432
35906,23040
35906,25991
35907,25998
35907,26000
35908,708
35908,4109
35909,10793
35909,13316
35910,24774
35910,24777
35911,12330
35911,23099
35912,14991
35912,17837
35912,22873
35913,7140
35913,10157
35914,26075
35914,26100
35915,23907
35915,26126
35916,26074
35916,26429
35917,16902
35917,24852
35917,25696
35918,26977
35918,27390
35919,2024
35919,23362
35920,26094
35920,26124
35920,26231
35921,13682
35921,14991
35921,22873
35921,26742
35922,7140
35922,17537
35922,26431
35923,22730
35923,26111
35923,26192
35924,24094
35924,26126
35925,1993
35925,10828
35925,26100
35925,26126
35926,10828
35926,26100
35927,2835
35927,11883
35928,9636
35928,19818
35929,16836
35929,26192
35929,26260
35930,12635
35930,30216
35931,29026
35931,29534
35932,24642
35932,27003
35933,81
35933,1041
35933,7030
35934,5853
35934,23696
35935,22664
35935,29656
35936,867
35936,11361
35937,19166
35937,27016
35938,19928
35938,22671
35939,14397
35939,14430
35939,28814
35940,23063
35940,25155
35941,10695
35941,25155
35942,11860
35942,11912
35943,14762
35943,27852
35944,7960
35944,8261
35945,7960
35945,8261
35946,7960
35946,8261
35947,11912
35947,19018
35948,14397
35948,28814
35949,14397
35949,28814
35950,1195
35950,1196
35951,7600
35951,10547
35952,2681
35952,15795
35952,17085
35952,20810
35953,1173
35953,6458
35953,9572
35953,14380
35954,9687
35954,27933
35955,25213
35955,25322
35956,6762
35956,6764
35957,1173
35957,1335
35958,24642
35958,27003
35959,31106
35959,31645
35960,24756
35960,27863
35961,9779
35961,10047
35962,23765
35962,24455
35963,21472
35963,29939
35964,22750
35964,27908
35964,30330
35965,25746
35965,28711
35966,25975
35966,25982
35967,21369
35967,25982
35967,25983
35968,21369
35968,25975
35969,9687
35969,27933
35970,59
35970,12629
35971,59
35971,12629
35972,59
35972,12629
35973,3559
35973,23000
35974,27270
35974,27661
35975,20543
35975,25616
35976,5969
35976,27023
35977,23765
35977,24455
35978,23765
35978,24455
35979,12550
35979,29820
35980,23765
35980,24455
35981,7810
35981,28724
35982,23161
35982,28475
35983,989
35983,7732
35984,12673
35984,14313
35985,12673
35985,14313
35986,25622
35986,26200
35987,25622
35987,26200
35988,25622
35988,26200
35989,25622
35989,26200
35990,25622
35990,26200
35991,25622
35991,26200
35992,25622
35992,26200
35993,25622
35993,26200
35994,25622
35994,26200
35995,25622
35995,26200
35996,25622
35996,26200
35997,25622
35997,26200
35998,25622
35998,26200
35999,25622
35999,26200
36000,25622
36000,26200
36001,25622
36001,26200
36002,25622
36002,26200
36003,11077
36003,25978
36004,12673
36004,14313
36005,2147
36005,2149
36006,26191
36006,27374
36007,17396
36007,23151
36008,4977
36008,8776
36009,4977
36009,8776
36010,2981
36010,3004
36011,22852
36011,22853
36012,24756
36012,27863
36013,17361
36013,20476
36014,23907
36014,24567
36015,26584
36015,26619
36016,24651
36016,24786
36017,4625
36017,29778
36018,12790
36018,18092
36019,24173
36019,24243
36019,25106
36020,15059
36020,22631
36021,16807
36021,17964
36022,16807
36022,23891
36023,21236
36023,29467
36024,16807
36024,17964
36025,16807
36025,23891
36026,16807
36026,17964
36027,21236
36027,29467
36028,6813
36028,16807
36028,17964
36029,16807
36029,17964
36029,23891
36029,26134
36030,16807
36030,17964
36031,549
36031,18169
36032,7960
36032,8261
36033,18414
36033,24866
36034,19625
36034,26075
36035,8561
36035,8612
36035,12993
36035,13625
36035,22796
36035,24907
36035,26142
36036,9924
36036,14766
36036,18963
36036,21143
36036,23216
36036,26588
36037,2798
36037,6817
36038,3869
36038,25093
36039,22362
36039,23633
36040,2147
36040,2149
36041,29012
36041,29016
36042,24642
36042,27003
36043,3401
36043,6412
36044,24988
36044,25026
36045,3303
36045,3304
36046,694
36046,17023
36047,3303
36047,3304
36048,9854
36048,12304
36049,989
36049,7732
36050,29280
36050,29296
36051,5147
36051,26523
36052,1374
36052,9421
36053,27003
36053,31048
36054,26914
36054,27562
36055,3303
36055,3304
36056,20449
36056,27656
36057,18518
36057,25219
36058,8705
36058,23728
36059,15481
36059,16315
36060,20446
36060,21042
36061,11936
36061,23468
36062,27047
36062,27323
36063,27047
36063,27166
36063,27323
36064,17326
36064,17331
36065,26914
36065,27562
36066,26914
36066,27562
36067,26914
36067,27562
36068,25876
36068,28031
36069,16170
36069,31361
36070,5972
36070,6798
36071,5972
36071,6798
36072,5972
36072,6798
36073,5972
36073,6798
36074,694
36074,699
36075,9139
36075,27053
36076,1438
36076,7255
36077,26147
36077,26388
36078,23318
36078,24676
36079,2130
36079,22710
36080,5972
36080,6798
36081,4066
36081,4568
36082,18084
36082,25325
36083,867
36083,11361
36084,21165
36084,24050
36085,24642
36085,27003
36086,9897
36086,20418
36087,5972
36087,6798
36088,5972
36088,6798
36089,26625
36089,26633
36090,20525
36090,20745
36091,10019
36091,10020
36092,24642
36092,27003
36093,28659
36093,28915
36094,25097
36094,25871
36095,694
36095,699
36096,694
36096,699
36097,694
36097,699
36098,23765
36098,24455
36099,29606
36099,30938
36100,24642
36100,27003
36101,3954
36101,17085
36102,3954
36102,24956
36103,4531
36103,11041
36104,769
36104,8531
36104,8990
36104,11917
36105,25551
36105,25552
36106,21332
36106,28175
36107,19530
36107,19545
36108,19530
36108,19545
36109,19845
36109,24085
36110,769
36110,8990
36111,18836
36111,25023
36112,6014
36112,30134
36113,31344
36113,31351
36114,22362
36114,23633
36115,22519
36115,28072
36116,24642
36116,27003
36117,3320
36117,21347
36118,24622
36118,25014
36119,989
36119,7732
36120,3954
36120,17085
36121,11721
36121,26931
36122,10662
36122,18693
36123,9497
36123,9779
36123,21014
36124,2424
36124,10042
36125,9497
36125,26971
36126,18531
36126,22121
36127,18518
36127,27198
36128,19845
36128,24085
36129,19845
36129,24085
36130,2451
36130,9384
36131,19256
36131,24996
36132,26914
36132,27562
36133,15666
36133,23724
36134,10695
36134,25164
36135,4754
36135,27420
36136,27512
36136,27859
36137,22346
36137,29275
36138,5921
36138,16577
36138,27014
36139,13324
36139,27014
36140,11768
36140,11990
36140,13641
36141,3110
36141,7469
36141,8859
36141,11154
36142,16234
36142,26889
36143,1925
36143,1936
36144,21269
36144,26054
36145,26250
36145,29184
36146,25356
36146,28375
36147,23765
36147,26437
36148,989
36148,7732
36149,4196
36149,24649
36149,26559
36149,27233
36150,4334
36150,8412
36150,21983
36151,8220
36151,8990
36151,20819
36151,24649
36151,26559
36152,7535
36152,27397
36153,27512
36153,27859
36154,26191
36154,27374
36155,26191
36155,27374
36156,17457
36156,17663
36157,26191
36157,27374
36158,23907
36158,24567
36159,11888
36159,13697
36160,28434
36160,28443
36161,23789
36161,24351
36162,19193
36162,22603
36163,740
36163,9937
36163,18898
36164,23765
36164,24455
36164,27799
36165,25622
36165,26200
36166,25622
36166,26200
36167,25622
36167,26200
36168,20617
36168,23146
36169,24121
36169,24388
36170,11333
36170,11455
36171,13546
36171,15798
36172,21047
36172,21237
36173,2535
36173,19469
36174,19845
36174,24085
36175,19845
36175,24085
36176,6420
36176,28082
36177,25622
36177,26200
36178,25622
36178,26200
36179,25622
36179,26200
36180,25622
36180,26200
36181,25622
36181,26200
36182,46
36182,6973
36182,22832
36183,25551
36183,25552
36184,24642
36184,27003
36185,9687
36185,27933
36186,5888
36186,27977
36187,3869
36187,25093
36188,2794
36188,22941
36189,11333
36189,11455
36190,5677
36190,22259
36190,27277
36191,4343
36191,20861
36192,26914
36192,27562
36193,26914
36193,27562
36194,26914
36194,27562
36195,18542
36195,23986
36196,16758
36196,19930
36196,28116
36196,28174
36197,23765
36197,27799
36198,17844
36198,23231
36199,17844
36199,23231
36200,694
36200,699
36201,694
36201,699
36202,24642
36202,27003
36203,26914
36203,27562
36204,26914
36204,27562
36205,26914
36205,27562
36206,26914
36206,27562
36207,26914
36207,27562
36208,26914
36208,27562
36209,27003
36209,31048
36210,17899
36210,25219
36211,9687
36211,27933
36212,8626
36212,29145
36213,5894
36213,23891
36214,26914
36214,27562
36214,27715
36215,26914
36215,27562
36216,17085
36216,24956
36217,1091
36217,2628
36218,14991
36218,22873
36219,26523
36219,29835
36220,297
36220,25923
36221,6625
36221,28848
36222,14441
36222,26914
36222,27562
36223,26914
36223,27562
36224,867
36224,11361
36225,26148
36225,27702
36226,26914
36226,27562
36227,27379
36227,28829
36228,24642
36228,27003
36229,11151
36229,28177
36230,2943
36230,9595
36230,9638
36230,12000
36231,200
36231,3186
36231,3285
36231,23107
36232,26914
36232,27562
36233,17844
36233,23231
36234,26884
36234,27051
36235,22362
36235,23633
36236,22519
36236,28072
36237,9139
36237,27053
36238,20785
36238,26656
36239,24220
36239,28344
36240,21742
36240,27573
36241,27003
36241,31048
36242,24642
36242,27003
36243,3869
36243,25093
36244,7535
36244,27403
36245,27077
36245,27078
36246,1808
36246,1810
36247,26908
36247,27047
36247,27323
36248,11000
36248,23154
36249,7153
36249,8030
36250,250
36250,1728
36251,5888
36251,27977
36252,29026
36252,29534
36253,915
36253,4723
36254,13763
36254,30774
36255,7153
36255,8030
36256,21742
36256,27573
36257,21742
36257,27573
36258,23907
36258,24567
36259,25622
36259,26200
36260,26625
36260,26633
36261,7535
36261,27431
36262,11838
36262,22008
36263,24956
36263,29126
36264,11990
36264,13641
36265,27598
36265,28199
36266,26860
36266,27645
36267,24956
36267,29126
36268,25622
36268,26200
36269,993
36269,13324
36270,9595
36270,9638
36271,7960
36271,8261
36272,13286
36272,13538
36273,12237
36273,27652
36274,297
36274,25923
36275,28642
36275,29324
36276,13046
36276,29130
36277,12870
36277,23327
36277,27690
36277,28122
36278,25622
36278,26200
36279,25622
36279,26200
36280,14390
36280,30756
36281,29053
36281,29169
36282,6356
36282,25923
36283,19920
36283,19957
36284,7353
36284,20652
36285,25553
36285,25930
36286,25553
36286,25930
36287,23907
36287,24567
36288,25622
36288,26200
36289,25622
36289,26200
36290,25622
36290,26200
36291,25622
36291,26200
36292,7960
36292,8261
36293,19562
36293,29587
36294,2309
36294,5894
36294,22769
36294,23891
36294,26353
36294,26382
36295,19920
36295,19957
36296,21742
36296,27573
36297,13286
36297,13538
36298,23765
36298,27799
36299,28857
36299,28872
36300,24642
36300,27003
36301,9595
36301,9638
36302,19845
36302,24085
36303,26904
36303,28361
36304,23341
36304,23444
36305,23907
36305,24567
36306,4588
36306,16982
36307,25622
36307,26200
36308,24756
36308,27863
36309,24756
36309,27863
36310,24756
36310,27863
36310,28937
36311,24756
36311,27863
36311,28937
36312,13210
36312,27203
36313,24642
36313,27003
36314,24642
36314,27003
36315,9528
36315,13932
36316,27294
36316,29021
36317,28439
36317,30110
36318,22664
36318,30392
36319,23316
36319,28276
36320,16112
36320,24705
36321,18031
36321,19448
36321,30283
36322,18274
36322,26449
36323,9636
36323,19818
36324,9139
36324,27053
36325,6154
36325,9937
36325,10888
36325,18898
36325,23107
36325,26061
36326,11310
36326,12130
36327,24956
36327,29126
36328,28434
36328,28443
36329,11812
36329,22438
36330,13343
36330,27236
36331,23907
36331,24567
36332,417
36332,20287
36332,26829
36333,27553
36333,31201
36334,6402
36334,31132
36335,2104
36335,13436
36335,21742
36335,22975
36336,15491
36336,16807
36337,10136
36337,24587
36338,16807
36338,28718
36339,10136
36339,24587
36340,24847
36340,26137
36341,16807
36341,28718
36342,28076
36342,29126
36343,9887
36343,29281
36344,18198
36344,18854
36345,2655
36345,27768
36346,947
36346,27011
36347,9636
36347,19818
36348,27429
36348,31095
36349,28140
36349,28365
36350,1808
36350,1810
36351,24756
36351,27863
36352,26250
36352,29184
36353,21713
36353,25010
36354,23417
36354,27632
36354,28822
36355,9815
36355,9820
36356,29348
36356,29594
36357,29348
36357,29594
36358,29398
36358,29399
36359,19756
36359,28524
36359,29368
36360,13098
36360,17899
36361,14390
36361,30756
36362,29492
36362,31381
36363,26794
36363,28957
36364,25622
36364,26200
36365,23558
36365,28720
36366,18538
36366,26521
36366,26840
36367,11310
36367,25252
36368,11310
36368,12130
36369,11310
36369,25302
36370,11310
36370,25302
36371,7960
36371,8261
36372,26975
36372,28132
36373,694
36373,23747
36374,29314
36374,29316
36375,10888
36375,24950
36376,23765
36376,24455
36377,4816
36377,27532
36378,27740
36378,28003
36379,24642
36379,27003
36380,11416
36380,28223
36381,24642
36381,27003
36382,24018
36382,24967
36383,18274
36383,29591
36384,18274
36384,29591
36385,2535
36385,19469
36386,630
36386,11120
36386,14791
36386,18943
36386,22374
36386,27203
36387,179
36387,1974
36387,5502
36387,6610
36388,8865
36388,24996
36388,26852
36389,5502
36389,18943
36390,179
36390,1974
36390,6610
36390,9542
36390,10314
36390,22374
36391,2542
36391,11204
36391,16230
36391,17945
36391,19256
36391,25773
36392,831
36392,5074
36392,6610
36392,7490
36392,9013
36392,22374
36393,18943
36393,26852
36394,649
36394,6610
36394,8865
36394,19256
36394,22374
36395,12788
36395,29365
36396,29688
36396,29692
36397,13046
36397,29130
36398,694
36398,699
36399,3869
36399,25093
36400,206
36400,481
36400,4167
36400,4661
36400,8378
36400,25833
36401,619
36401,4149
36401,28892
36402,4387
36402,10862
36402,11155
36402,15903
36402,29057
36403,1782
36403,2702
36403,27512
36404,15256
36404,25873
36405,168
36405,1604
36405,7860
36405,25525
36406,919
36406,2289
36407,18093
36407,25643
36407,28936
36408,3
36408,564
36408,8653
36409,1133
36409,30175
36410,3549
36410,10862
36410,13283
36410,20656
36410,24817
36410,27416
36410,30055
36410,30084
36411,28189
36411,28876
36411,29444
36412,25649
36412,25833
36412,29897
36413,206
36413,13713
36413,13933
36413,14240
36413,22860
36413,28908
36413,29057
36414,29089
36414,29635
36415,25568
36415,26822
36415,29051
36416,2265
36416,14849
36416,27768
36417,19814
36417,25584
36418,16503
36418,24476
36419,18700
36419,20775
36420,2124
36420,2193
36420,13526
36420,27768
36420,30052
36421,12330
36421,23099
36422,3454
36422,13807
36422,27579
36423,352
36423,1480
36424,1604
36424,13526
36425,24427
36425,28908
36426,28739
36426,28954
36427,29074
36427,29788
36428,4215
36428,4436
36429,23765
36429,27799
36430,694
36430,23747
36431,5672
36431,8104
36431,10077
36431,15018
36432,26554
36432,26609
36433,16647
36433,16862
36434,12237
36434,27652
36435,3776
36435,29392
36436,8836
36436,8861
36437,16061
36437,19450
36438,11874
36438,13718
36438,15108
36438,17083
36438,17134
36438,17437
36439,26414
36439,26425
36440,17899
36440,29656
36441,6726
36441,25935
36441,25950
36442,25935
36442,25950
36443,25935
36443,25950
36444,483
36444,4217
36445,483
36445,4217
36446,1091
36446,17643
36447,11064
36447,13584
36448,24642
36448,27003
36449,13873
36449,30129
36450,31265
36450,31549
36451,483
36451,4217
36452,11064
36452,13584
36452,13873
36452,23589
36452,27532
36453,19193
36453,22603
36454,2526
36454,4752
36454,23612
36455,16845
36455,25302
36456,29424
36456,30361
36457,21714
36457,22272
36458,19994
36458,20008
36459,26151
36459,29532
36460,27033
36460,28338
36461,11473
36461,28651
36462,29890
36462,30581
36463,2197
36463,30581
36464,24642
36464,27003
36465,28044
36465,30453
36466,15646
36466,28431
36467,15646
36467,28431
36468,15646
36468,17339
36468,28431
36469,15646
36469,17339
36470,15646
36470,17339
36470,28431
36471,15646
36471,17339
36471,28431
36472,24756
36472,28937
36473,24756
36473,27863
36474,22136
36474,24752
36475,24642
36475,27003
36476,17333
36476,29056
36477,28721
36477,29083
36478,15086
36478,17441
36478,30279
36479,20124
36479,31389
36480,24642
36480,27003
36481,24642
36481,27003
36482,24642
36482,27003
36483,11013
36483,30111
36483,30190
36483,30725
36483,30765
36484,6414
36484,30780
36485,6414
36485,29767
36486,30083
36486,30320
36487,469
36487,28733
36488,13046
36488,29130
36489,3869
36489,25093
36490,13046
36490,29130
36491,23075
36491,23252
36492,12741
36492,15409
36493,29241
36493,29673
36494,16477
36494,27435
36495,24642
36495,27003
36496,5969
36496,27023
36497,25622
36497,26200
36498,21782
36498,22353
36499,21597
36499,27150
36500,24642
36500,27003
36501,27878
36501,30513
36502,16828
36502,29199
36503,13095
36503,24046
36504,26667
36504,30791
36505,29913
36505,30623
36506,31086
36506,31428
36507,31086
36507,31428
36508,1210
36508,29688
36509,9159
36509,30795
36510,9159
36510,29631
36511,21672
36511,25080
36512,4588
36512,16982
36512,29913
36512,30097
36513,23080
36513,28528
36514,7600
36514,26491
36515,1281
36515,12573
36516,28415
36516,29085
36517,28862
36517,28863
36517,29200
36518,28862
36518,28863
36518,29200
36519,27077
36519,27078
36520,7960
36520,8261
36521,2197
36521,29890
36522,5677
36522,22259
36522,27277
36523,29982
36523,31425
36524,18367
36524,22739
36525,18367
36525,22739
36526,24642
36526,27003
36527,2197
36527,30581
36528,2197
36528,30581
36529,2197
36529,30581
36530,24642
36530,27003
36531,29688
36531,29692
36532,213
36532,299
36533,12325
36533,17629
36533,24101
36534,1600
36534,29440
36535,1600
36535,6305
36535,18242
36535,24101
36536,2534
36536,8948
36536,11602
36536,18146
36537,5253
36537,7663
36537,31474
36538,8909
36538,29440
36539,26889
36539,29089
36539,30943
36540,19924
36540,31472
36541,28748
36541,31153
36542,8946
36542,22448
36542,29649
36542,29656
36542,30392
36543,1808
36543,1810
36544,27003
36544,31048
36545,24642
36545,27003
36546,20219
36546,24312
36547,16546
36547,22700
36548,24642
36548,27003
36549,23597
36549,27050
36550,1943
36550,30146
36551,11889
36551,28384
36552,1217
36552,2551
36553,8416
36553,31537
36554,5969
36554,27023
36555,5969
36555,27023
36556,29604
36556,29868
36557,20929
36557,31061
36558,28748
36558,31153
36559,15483
36559,31405
36560,13224
36560,25021
36561,25900
36561,28008
36562,29492
36562,31381
36563,20974
36563,21300
36563,25445
36564,10279
36564,31112
36565,5968
36565,7165
36566,619
36566,28904
36567,26704
36567,30385
36568,31256
36568,31291
36569,25399
36569,31326
36570,619
36570,1117
36570,28904
36571,18744
36571,25467
36572,31282
36572,31289
36573,27077
36573,27078
36574,22259
36574,24492
36574,27277
36575,30442
36575,30445
36576,19930
36576,30202
36577,19452
36577,29440
36578,5362
36578,6514
36579,5968
36579,28751
36579,31457
36580,5899
36580,14593
36580,15770
36580,24797
36580,29449
36580,30298
36581,18268
36581,21450
36582,878
36582,7545
36582,16295
36582,17317
36582,25850
36583,1430
36583,11030
36583,20083
36583,20562
36584,6638
36584,13963
36584,31439
36585,3831
36585,6405
36585,30399
36586,30807
36586,31450
36587,26648
36587,29899
36588,31086
36588,31428
36589,31086
36589,31428
36590,31086
36590,31428
36591,31086
36591,31428
36592,6154
36592,6882
36593,30807
36593,31426
36593,31427
36593,31450
36594,6726
36594,25950
36595,31086
36595,31428
36596,7960
36596,8261
36597,7960
36597,8261
36598,30854
36598,30882
36599,13963
36599,16295
36600,8607
36600,8619
36600,17317
36601,8619
36601,17317
36602,26516
36602,29371
36603,3588
36603,13963
36604,6402
36604,8115
36604,31132
36605,8667
36605,26516
36606,8667
36606,26516
36607,8667
36607,26516
36608,13763
36608,30774
36609,5677
36609,22259
36610,9781
36610,14038
36610,17691
36610,29220
36610,31295
36611,9935
36611,10369
36612,5677
36612,27277
36613,5968
36613,7165
36614,16304
36614,28612
