group_id,venue_id,poi_idx,span_min,size,start_time,end_time,members
0,3fd66200f964a52000e71ee3,0,44,2,2012-05-04 22:46:00+00:00,2012-05-04 23:30:00+00:00,417|421
1,3fd66200f964a52001e81ee3,1,33,2,2012-04-11 23:43:00+00:00,2012-04-12 00:16:00+00:00,415|985
2,3fd66200f964a52003e71ee3,2,0,2,2012-05-04 02:34:00+00:00,2012-05-04 02:34:00+00:00,392|933
3,3fd66200f964a52005eb1ee3,6,35,2,2012-04-19 00:59:00+00:00,2012-04-19 01:34:00+00:00,230|1018
4,3fd66200f964a52005eb1ee3,6,54,2,2012-07-28 03:04:00+00:00,2012-07-28 03:58:00+00:00,532|563
5,3fd66200f964a52008f11ee3,8,33,2,2012-05-12 21:14:00+00:00,2012-05-12 21:47:00+00:00,785|890
6,3fd66200f964a52008f11ee3,8,4,2,2012-05-19 00:37:00+00:00,2012-05-19 00:41:00+00:00,413|442
7,3fd66200f964a52009e61ee3,9,39,2,2012-07-04 02:18:00+00:00,2012-07-04 02:57:00+00:00,416|550
8,3fd66200f964a5200ae61ee3,11,44,2,2012-06-18 00:19:00+00:00,2012-06-18 01:03:00+00:00,413|442
9,3fd66200f964a5200ae91ee3,13,52,2,2012-04-04 00:19:00+00:00,2012-04-04 01:11:00+00:00,372|470
10,3fd66200f964a5200de71ee3,15,22,2,2012-05-12 02:29:00+00:00,2012-05-12 02:51:00+00:00,475|745
11,3fd66200f964a52014e71ee3,18,8,2,2012-07-07 23:48:00+00:00,2012-07-07 23:56:00+00:00,736|905
12,3fd66200f964a52014eb1ee3,19,9,2,2012-05-17 01:34:00+00:00,2012-05-17 01:43:00+00:00,360|361
13,3fd66200f964a52014eb1ee3,19,36,2,2012-05-22 00:13:00+00:00,2012-05-22 00:49:00+00:00,377|966
14,3fd66200f964a52014eb1ee3,19,36,3,2012-06-18 02:59:00+00:00,2012-06-18 03:35:00+00:00,108|235|800
15,3fd66200f964a52015e91ee3,20,46,2,2012-07-08 17:05:00+00:00,2012-07-08 17:51:00+00:00,102|349
16,3fd66200f964a52016e51ee3,21,42,2,2012-06-10 03:56:00+00:00,2012-06-10 04:38:00+00:00,248|280
17,3fd66200f964a5201de61ee3,25,21,2,2012-06-10 20:55:00+00:00,2012-06-10 21:16:00+00:00,20|506
18,3fd66200f964a5201deb1ee3,26,13,2,2012-05-13 00:19:00+00:00,2012-05-13 00:32:00+00:00,112|279
19,3fd66200f964a52020e71ee3,29,12,2,2012-04-03 22:59:00+00:00,2012-04-03 23:11:00+00:00,169|1083
20,3fd66200f964a52020e71ee3,29,55,3,2012-04-13 22:00:00+00:00,2012-04-13 22:55:00+00:00,169|499|1083
21,3fd66200f964a52020e71ee3,29,53,2,2012-05-17 00:52:00+00:00,2012-05-17 01:45:00+00:00,169|1083
22,3fd66200f964a52020e71ee3,29,2,2,2012-05-18 23:45:00+00:00,2012-05-18 23:47:00+00:00,169|1083
23,3fd66200f964a52020e81ee3,30,43,3,2012-04-28 23:59:00+00:00,2012-04-29 00:42:00+00:00,18|152|409
24,3fd66200f964a52020e81ee3,30,12,2,2012-05-05 01:19:00+00:00,2012-05-05 01:31:00+00:00,417|927
25,3fd66200f964a52020e81ee3,30,58,2,2012-05-05 23:04:00+00:00,2012-05-06 00:02:00+00:00,148|683
26,3fd66200f964a52021e41ee3,31,58,2,2012-04-08 01:56:00+00:00,2012-04-08 02:54:00+00:00,574|1007
27,3fd66200f964a52023e41ee3,32,6,2,2012-04-14 21:06:00+00:00,2012-04-14 21:12:00+00:00,295|806
28,3fd66200f964a52023e41ee3,32,25,2,2012-05-11 21:57:00+00:00,2012-05-11 22:22:00+00:00,10|417
29,3fd66200f964a52023e41ee3,32,43,2,2012-05-11 22:22:00+00:00,2012-05-11 23:05:00+00:00,275|417
30,3fd66200f964a52023e41ee3,32,31,3,2012-05-28 21:59:00+00:00,2012-05-28 22:30:00+00:00,131|629|985
31,3fd66200f964a5202be41ee3,38,29,2,2012-04-15 02:44:00+00:00,2012-04-15 03:13:00+00:00,275|491
32,3fd66200f964a5202be41ee3,38,24,2,2012-07-07 01:46:00+00:00,2012-07-07 02:10:00+00:00,420|657
33,3fd66200f964a5202be41ee3,38,37,2,2012-09-15 04:59:00+00:00,2012-09-15 05:36:00+00:00,806|866
34,3fd66200f964a52035e41ee3,48,10,2,2012-04-13 00:02:00+00:00,2012-04-13 00:12:00+00:00,152|804
35,3fd66200f964a52035e41ee3,48,2,2,2012-04-13 04:15:00+00:00,2012-04-13 04:17:00+00:00,230|689
36,3fd66200f964a52035e41ee3,48,34,2,2012-04-14 02:20:00+00:00,2012-04-14 02:54:00+00:00,230|534
37,3fd66200f964a52035e41ee3,48,23,2,2012-04-15 04:15:00+00:00,2012-04-15 04:38:00+00:00,669|689
38,3fd66200f964a52035e41ee3,48,32,2,2012-04-18 23:01:00+00:00,2012-04-18 23:33:00+00:00,967|1007
39,3fd66200f964a52035e41ee3,48,22,2,2012-04-19 03:53:00+00:00,2012-04-19 04:15:00+00:00,230|689
40,3fd66200f964a52035e41ee3,48,23,3,2012-04-21 03:54:00+00:00,2012-04-21 04:17:00+00:00,534|588|689
41,3fd66200f964a52035e41ee3,48,10,2,2012-04-28 04:15:00+00:00,2012-04-28 04:25:00+00:00,534|689
42,3fd66200f964a52035e41ee3,48,6,3,2012-04-29 05:39:00+00:00,2012-04-29 05:45:00+00:00,230|534|978
43,3fd66200f964a52035e41ee3,48,23,2,2012-05-03 23:39:00+00:00,2012-05-04 00:02:00+00:00,230|334
44,3fd66200f964a52035e41ee3,48,32,3,2012-05-05 04:15:00+00:00,2012-05-05 04:47:00+00:00,534|689|1049
45,3fd66200f964a52035e41ee3,48,51,2,2012-05-12 04:15:00+00:00,2012-05-12 05:06:00+00:00,534|689
46,3fd66200f964a52035e41ee3,48,38,2,2012-05-12 05:06:00+00:00,2012-05-12 05:44:00+00:00,534|978
47,3fd66200f964a52035e41ee3,48,37,2,2012-05-19 03:38:00+00:00,2012-05-19 04:15:00+00:00,534|689
48,3fd66200f964a52035e41ee3,48,5,2,2012-05-27 02:13:00+00:00,2012-05-27 02:18:00+00:00,65|230
49,3fd66200f964a52035e41ee3,48,27,2,2012-06-09 03:48:00+00:00,2012-06-09 04:15:00+00:00,534|689
50,3fd66200f964a52035e41ee3,48,43,2,2012-06-17 03:32:00+00:00,2012-06-17 04:15:00+00:00,78|689
51,3fd66200f964a52035e41ee3,48,33,2,2012-08-19 00:34:00+00:00,2012-08-19 01:07:00+00:00,360|420
52,3fd66200f964a52035e41ee3,48,11,2,2012-09-15 04:15:00+00:00,2012-09-15 04:26:00+00:00,534|689
53,3fd66200f964a52036e41ee3,49,54,2,2012-06-10 00:37:00+00:00,2012-06-10 01:31:00+00:00,375|1007
54,3fd66200f964a52038e41ee3,54,42,2,2012-05-31 20:05:00+00:00,2012-05-31 20:47:00+00:00,865|918
55,3fd66200f964a5203ee41ee3,58,44,2,2012-05-12 04:48:00+00:00,2012-05-12 05:32:00+00:00,737|863
56,3fd66200f964a5203ee41ee3,58,31,2,2012-08-12 17:09:00+00:00,2012-08-12 17:40:00+00:00,501|666
57,3fd66200f964a52042e81ee3,63,3,2,2012-07-01 05:54:00+00:00,2012-07-01 05:57:00+00:00,89|651
58,3fd66200f964a52047e71ee3,70,20,2,2012-04-15 00:26:00+00:00,2012-04-15 00:46:00+00:00,401|822
59,3fd66200f964a52051e41ee3,77,31,2,2012-09-14 21:28:00+00:00,2012-09-14 21:59:00+00:00,245|1045
60,3fd66200f964a52053eb1ee3,78,9,2,2012-09-15 02:47:00+00:00,2012-09-15 02:56:00+00:00,407|806
61,3fd66200f964a52056ee1ee3,81,46,2,2012-05-03 20:16:00+00:00,2012-05-03 21:02:00+00:00,406|601
62,3fd66200f964a5205ae91ee3,85,47,2,2012-04-20 03:44:00+00:00,2012-04-20 04:31:00+00:00,387|491
63,3fd66200f964a5205ae91ee3,85,7,2,2012-06-07 06:06:00+00:00,2012-06-07 06:13:00+00:00,106|491
64,3fd66200f964a5205ae91ee3,85,4,2,2012-06-21 08:11:00+00:00,2012-06-21 08:15:00+00:00,238|801
65,3fd66200f964a5205deb1ee3,88,37,2,2012-05-27 19:22:00+00:00,2012-05-27 19:59:00+00:00,888|981
66,3fd66200f964a5205deb1ee3,88,55,2,2012-12-08 18:03:00+00:00,2012-12-08 18:58:00+00:00,223|929
67,3fd66200f964a5205fe41ee3,89,51,2,2012-05-29 22:44:00+00:00,2012-05-29 23:35:00+00:00,457|485
68,3fd66200f964a52069e71ee3,99,13,2,2012-04-28 16:56:00+00:00,2012-04-28 17:09:00+00:00,129|665
69,3fd66200f964a5206ae51ee3,100,13,2,2012-12-08 06:07:00+00:00,2012-12-08 06:20:00+00:00,352|866
70,3fd66200f964a52073e81ee3,111,50,2,2012-05-19 02:35:00+00:00,2012-05-19 03:25:00+00:00,591|681
71,3fd66200f964a5208be41ee3,125,54,2,2012-04-21 01:36:00+00:00,2012-04-21 02:30:00+00:00,611|831
72,3fd66200f964a5208be41ee3,125,47,2,2012-04-26 01:37:00+00:00,2012-04-26 02:24:00+00:00,424|511
73,3fd66200f964a520a2e41ee3,141,25,2,2012-06-17 05:32:00+00:00,2012-06-17 05:57:00+00:00,550|978
74,3fd66200f964a520a4e31ee3,142,50,2,2012-05-29 17:33:00+00:00,2012-05-29 18:23:00+00:00,297|912
75,3fd66200f964a520a7e31ee3,144,18,2,2012-04-22 00:22:00+00:00,2012-04-22 00:40:00+00:00,119|216
76,3fd66200f964a520a9f11ee3,146,22,2,2012-04-14 00:05:00+00:00,2012-04-14 00:27:00+00:00,218|220
77,3fd66200f964a520aae81ee3,148,22,2,2012-04-22 06:50:00+00:00,2012-04-22 07:12:00+00:00,591|681
78,3fd66200f964a520aae81ee3,148,44,2,2012-05-19 00:38:00+00:00,2012-05-19 01:22:00+00:00,317|868
79,3fd66200f964a520abe51ee3,149,15,2,2012-04-15 00:03:00+00:00,2012-04-15 00:18:00+00:00,244|614
80,3fd66200f964a520b0e71ee3,153,1,2,2012-05-16 23:30:00+00:00,2012-05-16 23:31:00+00:00,310|904
81,3fd66200f964a520bbe61ee3,162,46,2,2012-05-09 00:04:00+00:00,2012-05-09 00:50:00+00:00,167|1012
82,3fd66200f964a520bbe61ee3,162,1,2,2012-05-15 02:21:00+00:00,2012-05-15 02:22:00+00:00,51|953
83,3fd66200f964a520bbe61ee3,162,55,2,2012-05-16 00:13:00+00:00,2012-05-16 01:08:00+00:00,167|1021
84,3fd66200f964a520bbe61ee3,162,3,2,2012-05-16 02:27:00+00:00,2012-05-16 02:30:00+00:00,51|283
85,3fd66200f964a520c2e51ee3,167,20,2,2012-05-26 04:07:00+00:00,2012-05-26 04:27:00+00:00,298|954
86,3fd66200f964a520c5e41ee3,168,38,2,2012-05-05 23:39:00+00:00,2012-05-06 00:17:00+00:00,192|680
87,3fd66200f964a520c5f01ee3,169,14,2,2012-06-17 05:07:00+00:00,2012-06-17 05:21:00+00:00,785|1083
88,3fd66200f964a520c5f11ee3,170,47,2,2012-05-06 23:59:00+00:00,2012-05-07 00:46:00+00:00,745|1064
89,3fd66200f964a520cee51ee3,174,27,2,2012-06-09 23:35:00+00:00,2012-06-10 00:02:00+00:00,715|813
90,3fd66200f964a520d1e31ee3,175,1,2,2012-04-17 23:17:00+00:00,2012-04-17 23:18:00+00:00,169|1083
91,3fd66200f964a520d5e31ee3,176,35,2,2012-04-22 15:32:00+00:00,2012-04-22 16:07:00+00:00,449|1023
92,3fd66200f964a520d7f11ee3,179,53,2,2012-04-09 18:49:00+00:00,2012-04-09 19:42:00+00:00,745|1071
93,3fd66200f964a520d7f11ee3,179,50,2,2012-04-09 21:47:00+00:00,2012-04-09 22:37:00+00:00,797|846
94,3fd66200f964a520d7f11ee3,179,31,2,2012-04-09 22:37:00+00:00,2012-04-09 23:08:00+00:00,291|846
95,3fd66200f964a520d7f11ee3,179,14,2,2012-04-16 17:06:00+00:00,2012-04-16 17:20:00+00:00,233|1071
96,3fd66200f964a520d7f11ee3,179,22,2,2012-04-19 21:30:00+00:00,2012-04-19 21:52:00+00:00,519|745
97,3fd66200f964a520d7f11ee3,179,35,2,2012-04-22 15:01:00+00:00,2012-04-22 15:36:00+00:00,119|745
98,3fd66200f964a520d7f11ee3,179,11,2,2012-04-27 17:50:00+00:00,2012-04-27 18:01:00+00:00,187|292
99,3fd66200f964a520d7f11ee3,179,45,2,2012-05-01 20:42:00+00:00,2012-05-01 21:27:00+00:00,175|560
100,3fd66200f964a520d7f11ee3,179,21,2,2012-05-04 17:48:00+00:00,2012-05-04 18:09:00+00:00,81|438
101,3fd66200f964a520d7f11ee3,179,23,2,2012-05-13 00:37:00+00:00,2012-05-13 01:00:00+00:00,130|981
102,3fd66200f964a520d7f11ee3,179,44,2,2012-05-16 15:58:00+00:00,2012-05-16 16:42:00+00:00,187|745
103,3fd66200f964a520d7f11ee3,179,7,2,2012-05-16 18:57:00+00:00,2012-05-16 19:04:00+00:00,265|351
104,3fd66200f964a520d7f11ee3,179,30,2,2012-05-17 16:43:00+00:00,2012-05-17 17:13:00+00:00,56|438
105,3fd66200f964a520d7f11ee3,179,53,2,2012-05-17 17:13:00+00:00,2012-05-17 18:06:00+00:00,10|56
106,3fd66200f964a520d7f11ee3,179,40,2,2012-05-18 22:03:00+00:00,2012-05-18 22:43:00+00:00,84|130
107,3fd66200f964a520d7f11ee3,179,28,2,2012-05-18 22:43:00+00:00,2012-05-18 23:11:00+00:00,130|510
108,3fd66200f964a520d7f11ee3,179,37,2,2012-05-25 18:20:00+00:00,2012-05-25 18:57:00+00:00,231|289
109,3fd66200f964a520d7f11ee3,179,11,2,2012-05-31 17:24:00+00:00,2012-05-31 17:35:00+00:00,280|766
110,3fd66200f964a520d7f11ee3,179,34,2,2012-05-31 21:43:00+00:00,2012-05-31 22:17:00+00:00,48|56
111,3fd66200f964a520d7f11ee3,179,54,2,2012-07-03 22:33:00+00:00,2012-07-03 23:27:00+00:00,81|736
112,3fd66200f964a520d7f11ee3,179,47,2,2012-07-05 16:28:00+00:00,2012-07-05 17:15:00+00:00,438|780
113,3fd66200f964a520d7f11ee3,179,18,2,2012-08-17 00:39:00+00:00,2012-08-17 00:57:00+00:00,313|711
114,3fd66200f964a520d7f11ee3,179,9,2,2012-12-12 23:14:00+00:00,2012-12-12 23:23:00+00:00,490|719
115,3fd66200f964a520daf11ee3,183,54,3,2012-05-18 22:26:00+00:00,2012-05-18 23:20:00+00:00,823|1001|1042
116,3fd66200f964a520dbe31ee3,184,50,2,2012-04-15 00:23:00+00:00,2012-04-15 01:13:00+00:00,240|1055
117,3fd66200f964a520dde31ee3,189,2,2,2012-06-05 00:26:00+00:00,2012-06-05 00:28:00+00:00,115|563
118,3fd66200f964a520ddf01ee3,190,10,2,2012-04-13 16:51:00+00:00,2012-04-13 17:01:00+00:00,361|851
119,3fd66200f964a520ddf01ee3,190,35,2,2012-04-14 15:43:00+00:00,2012-04-14 16:18:00+00:00,1000|1079
120,3fd66200f964a520ddf01ee3,190,37,4,2012-04-14 16:18:00+00:00,2012-04-14 16:55:00+00:00,169|510|890|1000
121,3fd66200f964a520ddf01ee3,190,34,4,2012-04-14 16:51:00+00:00,2012-04-14 17:25:00+00:00,169|279|510|890
122,3fd66200f964a520ddf01ee3,190,52,6,2012-04-17 22:00:00+00:00,2012-04-17 22:52:00+00:00,159|211|710|892|922|1000
123,3fd66200f964a520ddf01ee3,190,56,6,2012-04-17 22:08:00+00:00,2012-04-17 23:04:00+00:00,159|211|413|710|892|922
124,3fd66200f964a520ddf01ee3,190,60,6,2012-04-17 22:10:00+00:00,2012-04-17 23:10:00+00:00,159|182|413|710|892|922
125,3fd66200f964a520ddf01ee3,190,58,7,2012-04-17 22:47:00+00:00,2012-04-17 23:45:00+00:00,182|413|710|831|880|892|922
126,3fd66200f964a520ddf01ee3,190,59,7,2012-04-17 22:51:00+00:00,2012-04-17 23:50:00+00:00,182|413|461|710|831|880|922
127,3fd66200f964a520ddf01ee3,190,56,2,2012-04-18 21:44:00+00:00,2012-04-18 22:40:00+00:00,356|540
128,3fd66200f964a520ddf01ee3,190,51,5,2012-04-18 22:40:00+00:00,2012-04-18 23:31:00+00:00,153|325|421|540|780
129,3fd66200f964a520ddf01ee3,190,17,5,2012-04-18 23:24:00+00:00,2012-04-18 23:41:00+00:00,153|325|421|442|780
130,3fd66200f964a520ddf01ee3,190,14,2,2012-04-19 22:11:00+00:00,2012-04-19 22:25:00+00:00,301|831
131,3fd66200f964a520ddf01ee3,190,58,3,2012-04-19 22:25:00+00:00,2012-04-19 23:23:00+00:00,301|463|713
132,3fd66200f964a520ddf01ee3,190,34,3,2012-04-19 23:18:00+00:00,2012-04-19 23:52:00+00:00,463|713|975
133,3fd66200f964a520ddf01ee3,190,35,6,2012-04-27 22:38:00+00:00,2012-04-27 23:13:00+00:00,151|325|499|852|931|982
134,3fd66200f964a520ddf01ee3,190,56,3,2012-04-27 23:01:00+00:00,2012-04-27 23:57:00+00:00,144|852|931
135,3fd66200f964a520ddf01ee3,190,55,3,2012-04-28 18:53:00+00:00,2012-04-28 19:48:00+00:00,312|622|788
136,3fd66200f964a520ddf01ee3,190,39,5,2012-04-28 19:41:00+00:00,2012-04-28 20:20:00+00:00,110|368|622|696|788
137,3fd66200f964a520ddf01ee3,190,60,5,2012-04-28 19:48:00+00:00,2012-04-28 20:48:00+00:00,110|129|368|696|788
138,3fd66200f964a520ddf01ee3,190,38,3,2012-04-29 16:15:00+00:00,2012-04-29 16:53:00+00:00,43|511|964
139,3fd66200f964a520ddf01ee3,190,34,2,2012-04-29 17:54:00+00:00,2012-04-29 18:28:00+00:00,122|363
140,3fd66200f964a520ddf01ee3,190,25,2,2012-05-01 22:55:00+00:00,2012-05-01 23:20:00+00:00,922|1019
141,3fd66200f964a520ddf01ee3,190,42,2,2012-05-01 23:20:00+00:00,2012-05-02 00:02:00+00:00,144|1019
142,3fd66200f964a520ddf01ee3,190,53,5,2012-05-08 22:38:00+00:00,2012-05-08 23:31:00+00:00,591|681|696|922|981
143,3fd66200f964a520ddf01ee3,190,44,3,2012-05-09 23:07:00+00:00,2012-05-09 23:51:00+00:00,173|461|943
144,3fd66200f964a520ddf01ee3,190,18,3,2012-05-10 22:35:00+00:00,2012-05-10 22:53:00+00:00,244|398|922
145,3fd66200f964a520ddf01ee3,190,48,3,2012-05-10 22:51:00+00:00,2012-05-10 23:39:00+00:00,30|244|922
146,3fd66200f964a520ddf01ee3,190,20,2,2012-05-10 23:39:00+00:00,2012-05-10 23:59:00+00:00,30|827
147,3fd66200f964a520ddf01ee3,190,53,5,2012-05-11 22:22:00+00:00,2012-05-11 23:15:00+00:00,312|325|368|496|510
148,3fd66200f964a520ddf01ee3,190,52,3,2012-05-11 23:09:00+00:00,2012-05-12 00:01:00+00:00,312|496|564
149,3fd66200f964a520ddf01ee3,190,41,4,2012-05-12 19:44:00+00:00,2012-05-12 20:25:00+00:00,286|526|788|1000
150,3fd66200f964a520ddf01ee3,190,56,4,2012-05-12 20:00:00+00:00,2012-05-12 20:56:00+00:00,144|286|788|1000
151,3fd66200f964a520ddf01ee3,190,8,3,2012-05-16 13:57:00+00:00,2012-05-16 14:05:00+00:00,117|509|1020
152,3fd66200f964a520ddf01ee3,190,55,7,2012-05-18 22:43:00+00:00,2012-05-18 23:38:00+00:00,267|325|569|710|768|922|964
153,3fd66200f964a520ddf01ee3,190,60,5,2012-05-18 22:55:00+00:00,2012-05-18 23:55:00+00:00,569|710|922|964|1051
154,3fd66200f964a520ddf01ee3,190,41,2,2012-05-19 15:18:00+00:00,2012-05-19 15:59:00+00:00,65|581
155,3fd66200f964a520ddf01ee3,190,28,3,2012-05-19 16:36:00+00:00,2012-05-19 17:04:00+00:00,309|581|844
156,3fd66200f964a520ddf01ee3,190,12,2,2012-05-21 20:57:00+00:00,2012-05-21 21:09:00+00:00,18|26
157,3fd66200f964a520ddf01ee3,190,12,2,2012-05-21 23:24:00+00:00,2012-05-21 23:36:00+00:00,144|368
158,3fd66200f964a520ddf01ee3,190,52,2,2012-05-23 21:42:00+00:00,2012-05-23 22:34:00+00:00,312|1000
159,3fd66200f964a520ddf01ee3,190,36,3,2012-05-23 22:34:00+00:00,2012-05-23 23:10:00+00:00,201|312|564
160,3fd66200f964a520ddf01ee3,190,44,3,2012-05-23 22:51:00+00:00,2012-05-23 23:35:00+00:00,144|201|564
161,3fd66200f964a520ddf01ee3,190,36,3,2012-06-06 23:32:00+00:00,2012-06-07 00:08:00+00:00,284|368|788
162,3fd66200f964a520ddf01ee3,190,42,5,2012-06-08 22:25:00+00:00,2012-06-08 23:07:00+00:00,210|249|401|922|1017
163,3fd66200f964a520ddf01ee3,190,37,5,2012-06-08 22:49:00+00:00,2012-06-08 23:26:00+00:00,249|401|645|922|1017
164,3fd66200f964a520ddf01ee3,190,45,2,2012-06-09 21:31:00+00:00,2012-06-09 22:16:00+00:00,27|536
165,3fd66200f964a520ddf01ee3,190,48,3,2012-06-09 22:16:00+00:00,2012-06-09 23:04:00+00:00,354|387|536
166,3fd66200f964a520ddf01ee3,190,37,3,2012-06-09 23:01:00+00:00,2012-06-09 23:38:00+00:00,131|354|387
167,3fd66200f964a520ddf01ee3,190,48,2,2012-06-09 23:38:00+00:00,2012-06-10 00:26:00+00:00,131|1000
168,3fd66200f964a520ddf01ee3,190,55,2,2012-06-10 17:28:00+00:00,2012-06-10 18:23:00+00:00,436|847
169,3fd66200f964a520ddf01ee3,190,51,3,2012-06-26 23:19:00+00:00,2012-06-27 00:10:00+00:00,246|927|1067
170,3fd66200f964a520ddf01ee3,190,32,2,2012-06-27 17:17:00+00:00,2012-06-27 17:49:00+00:00,622|636
171,3fd66200f964a520ddf01ee3,190,49,2,2012-07-06 23:26:00+00:00,2012-07-07 00:15:00+00:00,166|664
172,3fd66200f964a520ddf01ee3,190,36,4,2012-07-17 22:41:00+00:00,2012-07-17 23:17:00+00:00,460|591|675|688
173,3fd66200f964a520ddf01ee3,190,34,3,2012-07-27 22:45:00+00:00,2012-07-27 23:19:00+00:00,325|1015|1067
174,3fd66200f964a520ddf01ee3,190,58,3,2012-07-29 22:47:00+00:00,2012-07-29 23:45:00+00:00,249|257|466
175,3fd66200f964a520ddf01ee3,190,54,2,2012-07-29 23:45:00+00:00,2012-07-30 00:39:00+00:00,249|312
176,3fd66200f964a520ddf01ee3,190,16,2,2012-07-30 00:39:00+00:00,2012-07-30 00:55:00+00:00,312|730
177,3fd66200f964a520ddf01ee3,190,48,2,2012-08-16 17:58:00+00:00,2012-08-16 18:46:00+00:00,237|789
178,3fd66200f964a520ddf01ee3,190,52,3,2012-08-17 22:43:00+00:00,2012-08-17 23:35:00+00:00,390|922|960
179,3fd66200f964a520ddf01ee3,190,33,2,2012-08-17 23:35:00+00:00,2012-08-18 00:08:00+00:00,153|390
180,3fd66200f964a520ddf01ee3,190,20,3,2012-09-14 22:25:00+00:00,2012-09-14 22:45:00+00:00,325|533|922
181,3fd66200f964a520ddf01ee3,190,57,2,2012-09-14 22:45:00+00:00,2012-09-14 23:42:00+00:00,692|922
182,3fd66200f964a520ddf01ee3,190,25,2,2012-09-14 23:42:00+00:00,2012-09-15 00:07:00+00:00,692|821
183,3fd66200f964a520ddf01ee3,190,9,4,2012-10-11 23:42:00+00:00,2012-10-11 23:51:00+00:00,361|788|796|960
184,3fd66200f964a520def11ee3,192,28,2,2012-04-03 20:50:00+00:00,2012-04-03 21:18:00+00:00,519|615
185,3fd66200f964a520def11ee3,192,37,2,2012-04-04 19:12:00+00:00,2012-04-04 19:49:00+00:00,612|1013
186,3fd66200f964a520def11ee3,192,56,3,2012-04-10 21:42:00+00:00,2012-04-10 22:38:00+00:00,615|659|756
187,3fd66200f964a520def11ee3,192,46,4,2012-04-12 20:52:00+00:00,2012-04-12 21:38:00+00:00,130|354|615|938
188,3fd66200f964a520def11ee3,192,59,2,2012-04-14 19:18:00+00:00,2012-04-14 20:17:00+00:00,130|235
189,3fd66200f964a520def11ee3,192,58,2,2012-04-14 23:26:00+00:00,2012-04-15 00:24:00+00:00,56|762
190,3fd66200f964a520def11ee3,192,59,2,2012-04-15 16:36:00+00:00,2012-04-15 17:35:00+00:00,33|1001
191,3fd66200f964a520def11ee3,192,18,2,2012-04-15 17:35:00+00:00,2012-04-15 17:53:00+00:00,33|130
192,3fd66200f964a520def11ee3,192,55,2,2012-04-15 19:59:00+00:00,2012-04-15 20:54:00+00:00,190|615
193,3fd66200f964a520def11ee3,192,29,3,2012-04-16 18:24:00+00:00,2012-04-16 18:53:00+00:00,699|742|1013
194,3fd66200f964a520def11ee3,192,0,2,2012-04-16 20:23:00+00:00,2012-04-16 20:23:00+00:00,93|615
195,3fd66200f964a520def11ee3,192,20,2,2012-04-20 19:07:00+00:00,2012-04-20 19:27:00+00:00,615|745
196,3fd66200f964a520def11ee3,192,1,2,2012-04-22 21:52:00+00:00,2012-04-22 21:53:00+00:00,303|615
197,3fd66200f964a520def11ee3,192,12,2,2012-04-23 17:25:00+00:00,2012-04-23 17:37:00+00:00,52|1026
198,3fd66200f964a520def11ee3,192,41,2,2012-04-23 22:51:00+00:00,2012-04-23 23:32:00+00:00,153|519
199,3fd66200f964a520def11ee3,192,1,3,2012-04-25 23:46:00+00:00,2012-04-25 23:47:00+00:00,514|797|940
200,3fd66200f964a520def11ee3,192,55,2,2012-04-28 19:47:00+00:00,2012-04-28 20:42:00+00:00,900|1026
201,3fd66200f964a520def11ee3,192,34,2,2012-04-28 20:42:00+00:00,2012-04-28 21:16:00+00:00,471|900
202,3fd66200f964a520def11ee3,192,55,2,2012-04-28 21:16:00+00:00,2012-04-28 22:11:00+00:00,471|762
203,3fd66200f964a520def11ee3,192,22,2,2012-04-29 18:06:00+00:00,2012-04-29 18:28:00+00:00,148|962
204,3fd66200f964a520def11ee3,192,33,2,2012-05-01 18:33:00+00:00,2012-05-01 19:06:00+00:00,46|615
205,3fd66200f964a520def11ee3,192,60,2,2012-05-01 20:59:00+00:00,2012-05-01 21:59:00+00:00,498|515
206,3fd66200f964a520def11ee3,192,55,4,2012-05-01 21:59:00+00:00,2012-05-01 22:54:00+00:00,330|498|1049|1061
207,3fd66200f964a520def11ee3,192,24,2,2012-05-05 00:38:00+00:00,2012-05-05 01:02:00+00:00,495|514
208,3fd66200f964a520def11ee3,192,59,4,2012-05-05 20:10:00+00:00,2012-05-05 21:09:00+00:00,56|130|664|912
209,3fd66200f964a520def11ee3,192,18,4,2012-05-05 20:54:00+00:00,2012-05-05 21:12:00+00:00,56|130|279|912
210,3fd66200f964a520def11ee3,192,44,2,2012-05-12 18:22:00+00:00,2012-05-12 19:06:00+00:00,823|927
211,3fd66200f964a520def11ee3,192,37,2,2012-05-12 21:50:00+00:00,2012-05-12 22:27:00+00:00,510|639
212,3fd66200f964a520def11ee3,192,15,2,2012-05-19 02:54:00+00:00,2012-05-19 03:09:00+00:00,510|664
213,3fd66200f964a520def11ee3,192,32,2,2012-05-29 21:23:00+00:00,2012-05-29 21:55:00+00:00,519|742
214,3fd66200f964a520def11ee3,192,4,2,2012-05-29 23:29:00+00:00,2012-05-29 23:33:00+00:00,638|786
215,3fd66200f964a520def11ee3,192,5,2,2012-06-05 12:49:00+00:00,2012-06-05 12:54:00+00:00,137|535
216,3fd66200f964a520def11ee3,192,28,2,2012-06-06 22:23:00+00:00,2012-06-06 22:51:00+00:00,742|868
217,3fd66200f964a520def11ee3,192,32,2,2012-06-09 18:28:00+00:00,2012-06-09 19:00:00+00:00,484|640
218,3fd66200f964a520def11ee3,192,54,2,2012-06-09 22:17:00+00:00,2012-06-09 23:11:00+00:00,52|664
219,3fd66200f964a520def11ee3,192,59,2,2012-07-03 21:20:00+00:00,2012-07-03 22:19:00+00:00,154|341
220,3fd66200f964a520def11ee3,192,57,2,2012-07-03 22:19:00+00:00,2012-07-03 23:16:00+00:00,341|664
221,3fd66200f964a520def11ee3,192,1,2,2012-07-08 02:57:00+00:00,2012-07-08 02:58:00+00:00,664|865
222,3fd66200f964a520def11ee3,192,1,2,2012-07-16 17:34:00+00:00,2012-07-16 17:35:00+00:00,999|1012
223,3fd66200f964a520def11ee3,192,21,2,2012-07-16 21:49:00+00:00,2012-07-16 22:10:00+00:00,199|617
224,3fd66200f964a520def11ee3,192,51,2,2012-07-16 22:10:00+00:00,2012-07-16 23:01:00+00:00,199|519
225,3fd66200f964a520e1f01ee3,195,2,2,2012-07-07 23:18:00+00:00,2012-07-07 23:20:00+00:00,187|242
226,3fd66200f964a520ffe81ee3,213,3,2,2012-04-15 04:15:00+00:00,2012-04-15 04:18:00+00:00,649|868
227,3fd66200f964a520ffe81ee3,213,1,2,2012-05-28 15:59:00+00:00,2012-05-28 16:00:00+00:00,51|878
228,40749600f964a52051f21ee3,216,44,2,2012-05-04 03:11:00+00:00,2012-05-04 03:55:00+00:00,593|612
229,4075e780f964a52055f21ee3,217,48,2,2012-10-12 06:30:00+00:00,2012-10-12 07:18:00+00:00,102|759
230,40807380f964a52080f21ee3,222,7,2,2012-06-03 02:54:00+00:00,2012-06-03 03:01:00+00:00,591|681
231,4081c500f964a52081f21ee3,223,14,2,2012-05-14 00:00:00+00:00,2012-05-14 00:14:00+00:00,360|763
232,4081c500f964a52081f21ee3,223,54,2,2012-05-28 18:52:00+00:00,2012-05-28 19:46:00+00:00,563|785
233,40870b00f964a520b7f21ee3,224,1,2,2012-04-28 19:48:00+00:00,2012-04-28 19:49:00+00:00,297|912
234,408da280f964a520d8f21ee3,226,57,2,2012-05-15 21:16:00+00:00,2012-05-15 22:13:00+00:00,231|255
235,40958b80f964a520e6f21ee3,227,32,2,2012-10-22 22:58:00+00:00,2012-10-22 23:30:00+00:00,806|823
236,40abf500f964a52035f31ee3,232,51,4,2012-04-07 18:29:00+00:00,2012-04-07 19:20:00+00:00,413|535|659|979
237,40abf500f964a52035f31ee3,232,18,2,2012-04-07 20:37:00+00:00,2012-04-07 20:55:00+00:00,58|615
238,40abf500f964a52035f31ee3,232,60,2,2012-04-07 20:55:00+00:00,2012-04-07 21:55:00+00:00,58|214
239,40abf500f964a52035f31ee3,232,36,2,2012-04-08 18:30:00+00:00,2012-04-08 19:06:00+00:00,423|674
240,40abf500f964a52035f31ee3,232,54,3,2012-04-08 19:06:00+00:00,2012-04-08 20:00:00+00:00,349|423|615
241,40abf500f964a52035f31ee3,232,3,2,2012-04-13 19:32:00+00:00,2012-04-13 19:35:00+00:00,464|615
242,40abf500f964a52035f31ee3,232,54,2,2012-04-14 19:36:00+00:00,2012-04-14 20:30:00+00:00,114|130
243,40abf500f964a52035f31ee3,232,57,3,2012-04-16 18:59:00+00:00,2012-04-16 19:56:00+00:00,210|937|1013
244,40abf500f964a52035f31ee3,232,16,2,2012-04-19 22:11:00+00:00,2012-04-19 22:27:00+00:00,982|994
245,40abf500f964a52035f31ee3,232,44,2,2012-05-17 02:28:00+00:00,2012-05-17 03:12:00+00:00,214|406
246,40abf500f964a52035f31ee3,232,1,2,2012-06-18 00:06:00+00:00,2012-06-18 00:07:00+00:00,254|1015
247,40abf500f964a52035f31ee3,232,43,2,2012-08-12 19:37:00+00:00,2012-08-12 20:20:00+00:00,442|780
248,40afe980f964a5203bf31ee3,233,20,2,2012-04-15 20:49:00+00:00,2012-04-15 21:09:00+00:00,152|506
249,40afe980f964a5203bf31ee3,233,5,2,2012-04-19 01:53:00+00:00,2012-04-19 01:58:00+00:00,169|1083
250,40afe980f964a5203bf31ee3,233,31,2,2012-05-04 03:02:00+00:00,2012-05-04 03:33:00+00:00,187|1023
251,40afe980f964a5203bf31ee3,233,16,2,2012-05-05 16:57:00+00:00,2012-05-05 17:13:00+00:00,684|941
252,40afe980f964a5203bf31ee3,233,29,2,2012-05-12 18:33:00+00:00,2012-05-12 19:02:00+00:00,951|1056
253,40afe980f964a5203bf31ee3,233,3,2,2012-05-25 22:47:00+00:00,2012-05-25 22:50:00+00:00,324|1004
254,40afe980f964a5203bf31ee3,233,4,2,2012-07-29 16:35:00+00:00,2012-07-29 16:39:00+00:00,36|780
255,40b68100f964a5207d001fe3,234,1,2,2012-04-04 17:24:00+00:00,2012-04-04 17:25:00+00:00,400|601
256,40b68100f964a5207d001fe3,234,16,2,2012-04-08 19:30:00+00:00,2012-04-08 19:46:00+00:00,130|372
257,40b68100f964a5207d001fe3,234,60,2,2012-04-11 22:15:00+00:00,2012-04-11 23:15:00+00:00,173|188
258,40b68100f964a5207d001fe3,234,10,2,2012-04-12 22:04:00+00:00,2012-04-12 22:14:00+00:00,519|969
259,40b68100f964a5207d001fe3,234,29,2,2012-04-12 23:51:00+00:00,2012-04-13 00:20:00+00:00,1039|1068
260,40b68100f964a5207d001fe3,234,56,3,2012-04-14 21:44:00+00:00,2012-04-14 22:40:00+00:00,14|519|906
261,40b68100f964a5207d001fe3,234,33,2,2012-04-14 22:40:00+00:00,2012-04-14 23:13:00+00:00,14|1042
262,40b68100f964a5207d001fe3,234,49,2,2012-04-15 18:07:00+00:00,2012-04-15 18:56:00+00:00,14|130
263,40b68100f964a5207d001fe3,234,27,2,2012-04-15 18:56:00+00:00,2012-04-15 19:23:00+00:00,14|991
264,40b68100f964a5207d001fe3,234,3,2,2012-04-16 20:30:00+00:00,2012-04-16 20:33:00+00:00,283|1072
265,40b68100f964a5207d001fe3,234,39,2,2012-04-17 16:34:00+00:00,2012-04-17 17:13:00+00:00,601|962
266,40b68100f964a5207d001fe3,234,57,3,2012-04-17 17:13:00+00:00,2012-04-17 18:10:00+00:00,377|797|962
267,40b68100f964a5207d001fe3,234,31,2,2012-04-19 11:36:00+00:00,2012-04-19 12:07:00+00:00,14|96
268,40b68100f964a5207d001fe3,234,3,2,2012-04-19 18:32:00+00:00,2012-04-19 18:35:00+00:00,14|377
269,40b68100f964a5207d001fe3,234,18,2,2012-04-19 23:45:00+00:00,2012-04-20 00:03:00+00:00,14|519
270,40b68100f964a5207d001fe3,234,43,2,2012-04-24 10:54:00+00:00,2012-04-24 11:37:00+00:00,14|96
271,40b68100f964a5207d001fe3,234,1,2,2012-04-25 11:55:00+00:00,2012-04-25 11:56:00+00:00,14|96
272,40b68100f964a5207d001fe3,234,12,2,2012-04-25 19:52:00+00:00,2012-04-25 20:04:00+00:00,14|559
273,40b68100f964a5207d001fe3,234,19,2,2012-05-01 18:34:00+00:00,2012-05-01 18:53:00+00:00,14|377
274,40b68100f964a5207d001fe3,234,24,2,2012-05-03 11:17:00+00:00,2012-05-03 11:41:00+00:00,14|96
275,40b68100f964a5207d001fe3,234,23,2,2012-05-04 11:23:00+00:00,2012-05-04 11:46:00+00:00,14|96
276,40b68100f964a5207d001fe3,234,5,2,2012-05-06 19:03:00+00:00,2012-05-06 19:08:00+00:00,135|586
277,40b68100f964a5207d001fe3,234,19,2,2012-05-07 11:26:00+00:00,2012-05-07 11:45:00+00:00,14|96
278,40b68100f964a5207d001fe3,234,44,2,2012-05-10 23:24:00+00:00,2012-05-11 00:08:00+00:00,14|586
279,40b68100f964a5207d001fe3,234,11,2,2012-05-11 11:41:00+00:00,2012-05-11 11:52:00+00:00,14|96
280,40b68100f964a5207d001fe3,234,13,2,2012-05-12 21:45:00+00:00,2012-05-12 21:58:00+00:00,14|912
281,40b68100f964a5207d001fe3,234,60,2,2012-05-13 20:24:00+00:00,2012-05-13 21:24:00+00:00,90|944
282,40b68100f964a5207d001fe3,234,49,2,2012-05-16 10:48:00+00:00,2012-05-16 11:37:00+00:00,14|96
283,40b68100f964a5207d001fe3,234,36,2,2012-05-16 21:29:00+00:00,2012-05-16 22:05:00+00:00,475|519
284,40b68100f964a5207d001fe3,234,59,2,2012-05-16 22:05:00+00:00,2012-05-16 23:04:00+00:00,475|1055
285,40b68100f964a5207d001fe3,234,42,2,2012-05-17 17:19:00+00:00,2012-05-17 18:01:00+00:00,14|962
286,40b68100f964a5207d001fe3,234,14,3,2012-05-18 21:08:00+00:00,2012-05-18 21:22:00+00:00,56|519|601
287,40b68100f964a5207d001fe3,234,53,2,2012-05-23 20:42:00+00:00,2012-05-23 21:35:00+00:00,519|879
288,40b68100f964a5207d001fe3,234,10,2,2012-05-23 21:35:00+00:00,2012-05-23 21:45:00+00:00,14|519
289,40b68100f964a5207d001fe3,234,9,2,2012-05-25 11:26:00+00:00,2012-05-25 11:35:00+00:00,14|96
290,40b68100f964a5207d001fe3,234,53,2,2012-05-29 11:37:00+00:00,2012-05-29 12:30:00+00:00,14|96
291,40b68100f964a5207d001fe3,234,48,2,2012-05-31 17:46:00+00:00,2012-05-31 18:34:00+00:00,646|969
292,40b68100f964a5207d001fe3,234,27,3,2012-06-03 16:59:00+00:00,2012-06-03 17:26:00+00:00,247|329|539
293,40b68100f964a5207d001fe3,234,31,2,2012-06-03 20:36:00+00:00,2012-06-03 21:07:00+00:00,14|811
294,40b68100f964a5207d001fe3,234,27,2,2012-06-04 11:37:00+00:00,2012-06-04 12:04:00+00:00,14|96
295,40b68100f964a5207d001fe3,234,13,2,2012-06-05 11:39:00+00:00,2012-06-05 11:52:00+00:00,14|96
296,40b68100f964a5207d001fe3,234,51,2,2012-06-05 11:52:00+00:00,2012-06-05 12:43:00+00:00,14|435
297,40b68100f964a5207d001fe3,234,32,2,2012-06-06 17:51:00+00:00,2012-06-06 18:23:00+00:00,14|940
298,40b68100f964a5207d001fe3,234,35,2,2012-06-06 18:23:00+00:00,2012-06-06 18:58:00+00:00,14|377
299,40b68100f964a5207d001fe3,234,30,2,2012-06-07 12:06:00+00:00,2012-06-07 12:36:00+00:00,14|435
300,40b68100f964a5207d001fe3,234,31,2,2012-06-09 15:33:00+00:00,2012-06-09 16:04:00+00:00,50|922
301,40b68100f964a5207d001fe3,234,34,2,2012-06-09 17:10:00+00:00,2012-06-09 17:44:00+00:00,175|1076
302,40b68100f964a5207d001fe3,234,48,3,2012-06-09 17:44:00+00:00,2012-06-09 18:32:00+00:00,175|177|626
303,40b68100f964a5207d001fe3,234,29,2,2012-06-10 19:19:00+00:00,2012-06-10 19:48:00+00:00,247|586
304,40b68100f964a5207d001fe3,234,1,2,2012-06-11 11:40:00+00:00,2012-06-11 11:41:00+00:00,14|96
305,40b68100f964a5207d001fe3,234,55,2,2012-06-12 11:36:00+00:00,2012-06-12 12:31:00+00:00,14|96
306,40b68100f964a5207d001fe3,234,0,2,2012-06-18 09:35:00+00:00,2012-06-18 09:35:00+00:00,14|760
307,40b68100f964a5207d001fe3,234,39,2,2012-07-03 11:38:00+00:00,2012-07-03 12:17:00+00:00,14|96
308,40b68100f964a5207d001fe3,234,28,2,2012-07-03 17:49:00+00:00,2012-07-03 18:17:00+00:00,14|56
309,40b68100f964a5207d001fe3,234,17,2,2012-07-09 12:25:00+00:00,2012-07-09 12:42:00+00:00,14|66
310,40b68100f964a5207d001fe3,234,11,2,2012-07-15 14:47:00+00:00,2012-07-15 14:58:00+00:00,14|586
311,40b68100f964a5207d001fe3,234,21,2,2012-07-26 21:05:00+00:00,2012-07-26 21:26:00+00:00,14|519
312,40b68100f964a5207d001fe3,234,8,2,2012-08-12 20:11:00+00:00,2012-08-12 20:19:00+00:00,14|143
313,40d77680f964a52056011fe3,244,38,2,2012-05-04 01:32:00+00:00,2012-05-04 02:10:00+00:00,515|549
314,40d77680f964a52056011fe3,244,34,2,2012-05-27 04:11:00+00:00,2012-05-27 04:45:00+00:00,406|515
315,40de0e00f964a52089011fe3,247,23,2,2012-06-10 00:53:00+00:00,2012-06-10 01:16:00+00:00,274|857
316,40e74880f964a520150a1fe3,249,28,2,2012-04-25 20:55:00+00:00,2012-04-25 21:23:00+00:00,114|940
317,40e9eb80f964a5201c0a1fe3,250,52,3,2012-04-15 02:59:00+00:00,2012-04-15 03:51:00+00:00,152|233|686
318,40e9eb80f964a5201c0a1fe3,250,44,2,2012-05-13 02:44:00+00:00,2012-05-13 03:28:00+00:00,591|681
319,40e9eb80f964a5201c0a1fe3,250,46,2,2012-05-13 03:28:00+00:00,2012-05-13 04:14:00+00:00,681|805
320,40e9eb80f964a5201c0a1fe3,250,23,2,2012-06-03 00:25:00+00:00,2012-06-03 00:48:00+00:00,110|723
321,40ede000f964a5203c0a1fe3,251,23,2,2012-05-12 18:12:00+00:00,2012-05-12 18:35:00+00:00,464|710
322,40ede000f964a5203c0a1fe3,251,59,2,2012-06-16 21:51:00+00:00,2012-06-16 22:50:00+00:00,296|365
323,40f1d480f964a5206a0a1fe3,254,10,2,2012-04-12 21:57:00+00:00,2012-04-12 22:07:00+00:00,130|938
324,40f1d480f964a5206a0a1fe3,254,51,4,2012-04-14 19:23:00+00:00,2012-04-14 20:14:00+00:00,130|244|564|572
325,40f1d480f964a5206a0a1fe3,254,41,2,2012-04-15 16:38:00+00:00,2012-04-15 17:19:00+00:00,130|956
326,40f1d480f964a5206a0a1fe3,254,18,2,2012-04-29 18:29:00+00:00,2012-04-29 18:47:00+00:00,856|953
327,40f1d480f964a5206a0a1fe3,254,31,2,2012-05-13 19:56:00+00:00,2012-05-13 20:27:00+00:00,212|906
328,40f1d480f964a5206a0a1fe3,254,45,2,2012-05-25 20:14:00+00:00,2012-05-25 20:59:00+00:00,298|1061
329,40f1d480f964a5206a0a1fe3,254,51,2,2012-05-27 17:46:00+00:00,2012-05-27 18:37:00+00:00,14|912
330,40f1d480f964a5206a0a1fe3,254,46,2,2012-05-28 19:08:00+00:00,2012-05-28 19:54:00+00:00,629|1030
331,40f1d480f964a5206a0a1fe3,254,26,2,2012-05-28 19:54:00+00:00,2012-05-28 20:20:00+00:00,1012|1030
332,40f1d480f964a5206a0a1fe3,254,55,2,2012-05-28 20:20:00+00:00,2012-05-28 21:15:00+00:00,888|1012
333,40f1d480f964a5206a0a1fe3,254,31,2,2012-05-29 19:53:00+00:00,2012-05-29 20:24:00+00:00,244|506
334,40f1d480f964a5206a0a1fe3,254,21,2,2012-07-08 19:21:00+00:00,2012-07-08 19:42:00+00:00,208|1064
335,40f1d480f964a5206a0a1fe3,254,0,2,2012-07-26 21:41:00+00:00,2012-07-26 21:41:00+00:00,555|617
336,4101a680f964a5205a0b1fe3,265,31,3,2012-04-04 22:51:00+00:00,2012-04-04 23:22:00+00:00,357|989|1042
337,4101a680f964a5205a0b1fe3,265,1,2,2012-05-13 05:29:00+00:00,2012-05-13 05:30:00+00:00,614|857
338,4101a680f964a5205a0b1fe3,265,20,2,2012-06-09 20:13:00+00:00,2012-06-09 20:33:00+00:00,260|465
339,4101a680f964a5205a0b1fe3,265,21,2,2012-12-09 06:16:00+00:00,2012-12-09 06:37:00+00:00,523|858
340,41083e00f964a520980b1fe3,269,17,2,2012-05-09 02:14:00+00:00,2012-05-09 02:31:00+00:00,991|1009
341,41083e00f964a520980b1fe3,269,5,2,2012-05-30 02:11:00+00:00,2012-05-30 02:16:00+00:00,991|1009
342,41083e00f964a520980b1fe3,269,35,2,2012-06-13 02:21:00+00:00,2012-06-13 02:56:00+00:00,991|1009
343,41083e00f964a520980b1fe3,269,6,2,2012-06-27 02:14:00+00:00,2012-06-27 02:20:00+00:00,991|1009
344,41083e00f964a520980b1fe3,269,2,2,2012-07-08 02:20:00+00:00,2012-07-08 02:22:00+00:00,736|905
345,41102700f964a520d60b1fe3,271,59,2,2012-04-03 18:37:00+00:00,2012-04-03 19:36:00+00:00,669|839
346,41102700f964a520d60b1fe3,271,55,2,2012-04-03 22:29:00+00:00,2012-04-03 23:24:00+00:00,598|619
347,41102700f964a520d60b1fe3,271,31,2,2012-04-07 19:41:00+00:00,2012-04-07 20:12:00+00:00,906|1018
348,41102700f964a520d60b1fe3,271,2,2,2012-04-18 14:39:00+00:00,2012-04-18 14:41:00+00:00,245|853
349,41102700f964a520d60b1fe3,271,41,2,2012-04-20 16:53:00+00:00,2012-04-20 17:34:00+00:00,375|579
350,41102700f964a520d60b1fe3,271,11,2,2012-04-21 20:04:00+00:00,2012-04-21 20:15:00+00:00,431|798
351,41102700f964a520d60b1fe3,271,25,2,2012-04-28 20:49:00+00:00,2012-04-28 21:14:00+00:00,511|526
352,41102700f964a520d60b1fe3,271,52,2,2012-05-12 17:09:00+00:00,2012-05-12 18:01:00+00:00,561|579
353,41102700f964a520d60b1fe3,271,11,2,2012-05-12 18:01:00+00:00,2012-05-12 18:12:00+00:00,579|599
354,41102700f964a520d60b1fe3,271,20,2,2012-05-23 22:30:00+00:00,2012-05-23 22:50:00+00:00,513|701
355,41156d00f964a520f40b1fe3,272,6,2,2012-04-21 06:30:00+00:00,2012-04-21 06:36:00+00:00,360|897
356,41156d00f964a520f40b1fe3,272,1,2,2012-05-19 06:33:00+00:00,2012-05-19 06:34:00+00:00,360|830
357,4116be80f964a520f90b1fe3,273,59,3,2012-12-06 01:37:00+00:00,2012-12-06 02:36:00+00:00,22|618|850
358,4116be80f964a520fc0b1fe3,274,46,2,2012-06-08 21:42:00+00:00,2012-06-08 22:28:00+00:00,328|390
359,41196180f964a5200b0c1fe3,275,5,2,2012-05-13 19:28:00+00:00,2012-05-13 19:33:00+00:00,9|459
360,41196180f964a5200b0c1fe3,275,45,2,2012-05-25 14:54:00+00:00,2012-05-25 15:39:00+00:00,255|266
361,41196180f964a5200b0c1fe3,275,15,2,2012-06-09 13:07:00+00:00,2012-06-09 13:22:00+00:00,844|956
362,412d2800f964a520df0c1fe3,279,25,2,2012-04-11 22:13:00+00:00,2012-04-11 22:38:00+00:00,745|922
363,412d2800f964a520df0c1fe3,279,56,2,2012-04-17 21:22:00+00:00,2012-04-17 22:18:00+00:00,55|933
364,412d2800f964a520df0c1fe3,279,44,2,2012-04-17 22:18:00+00:00,2012-04-17 23:02:00+00:00,312|933
365,412d2800f964a520df0c1fe3,279,47,2,2012-05-13 13:38:00+00:00,2012-05-13 14:25:00+00:00,904|944
366,412d2800f964a520df0c1fe3,279,38,2,2012-05-13 18:33:00+00:00,2012-05-13 19:11:00+00:00,303|1061
367,412d2800f964a520df0c1fe3,279,31,2,2012-05-19 21:55:00+00:00,2012-05-19 22:26:00+00:00,519|598
368,412d2800f964a520df0c1fe3,279,8,2,2012-05-27 20:23:00+00:00,2012-05-27 20:31:00+00:00,519|633
369,412d2800f964a520df0c1fe3,279,19,2,2012-05-28 18:28:00+00:00,2012-05-28 18:47:00+00:00,247|280
370,412d2800f964a520df0c1fe3,279,39,2,2012-06-03 17:23:00+00:00,2012-06-03 18:02:00+00:00,120|313
371,412d2800f964a520df0c1fe3,279,5,2,2012-07-29 17:04:00+00:00,2012-07-29 17:09:00+00:00,313|466
372,412d2800f964a520df0c1fe3,279,13,2,2012-09-15 23:00:00+00:00,2012-09-15 23:13:00+00:00,114|942
373,4133bf80f964a520b31a1fe3,281,2,2,2012-11-01 03:26:00+00:00,2012-11-01 03:28:00+00:00,598|1040
374,41390580f964a520dc1a1fe3,284,51,2,2012-04-21 19:06:00+00:00,2012-04-21 19:57:00+00:00,140|868
375,41390580f964a520dc1a1fe3,284,35,2,2012-05-25 18:26:00+00:00,2012-05-25 19:01:00+00:00,298|826
376,4161e400f964a520721d1fe3,287,39,3,2012-04-12 00:30:00+00:00,2012-04-12 01:09:00+00:00,401|499|611
377,4161e400f964a520721d1fe3,287,15,2,2012-04-13 22:24:00+00:00,2012-04-13 22:39:00+00:00,331|335
378,4161e400f964a520721d1fe3,287,23,2,2012-05-05 23:58:00+00:00,2012-05-06 00:21:00+00:00,164|176
379,4161e400f964a520721d1fe3,287,35,5,2012-05-09 00:34:00+00:00,2012-05-09 01:09:00+00:00,164|176|377|832|989
380,4161e400f964a520721d1fe3,287,11,2,2012-05-14 14:27:00+00:00,2012-05-14 14:38:00+00:00,329|887
381,4165d880f964a5207e1d1fe3,288,36,2,2012-06-03 17:14:00+00:00,2012-06-03 17:50:00+00:00,137|282
382,41a12c00f964a5203a1e1fe3,295,11,2,2012-04-14 16:51:00+00:00,2012-04-14 17:02:00+00:00,90|465
383,41a12c00f964a5203a1e1fe3,295,2,2,2012-07-29 17:41:00+00:00,2012-07-29 17:43:00+00:00,47|561
384,41fad200f964a5203f1f1fe3,305,23,2,2012-04-11 22:37:00+00:00,2012-04-11 23:00:00+00:00,233|927
385,41fd7500f964a5204d1f1fe3,306,28,2,2012-07-07 03:08:00+00:00,2012-07-07 03:36:00+00:00,676|737
386,421a7600f964a5209d1f1fe3,309,27,2,2012-04-15 15:30:00+00:00,2012-04-15 15:57:00+00:00,349|800
387,42225f00f964a520ae1f1fe3,310,44,2,2012-06-10 02:37:00+00:00,2012-06-10 03:21:00+00:00,111|925
388,42225f00f964a520ae1f1fe3,310,42,3,2012-06-10 03:49:00+00:00,2012-06-10 04:31:00+00:00,111|638|782
389,422f8e00f964a520f81f1fe3,313,32,2,2012-05-07 17:08:00+00:00,2012-05-07 17:40:00+00:00,196|1045
390,42474900f964a52077201fe3,322,14,2,2012-04-27 22:37:00+00:00,2012-04-27 22:51:00+00:00,375|1051
391,42474900f964a52081201fe3,323,16,2,2012-04-21 16:58:00+00:00,2012-04-21 17:14:00+00:00,365|450
392,424de080f964a520af201fe3,325,4,2,2012-05-05 23:38:00+00:00,2012-05-05 23:42:00+00:00,313|872
393,42699000f964a52047211fe3,331,42,2,2012-04-15 00:35:00+00:00,2012-04-15 01:17:00+00:00,15|368
394,42717900f964a5206f211fe3,335,54,3,2012-04-15 18:23:00+00:00,2012-04-15 19:17:00+00:00,18|161|255
395,42756d80f964a5207d211fe3,336,23,2,2012-05-03 22:45:00+00:00,2012-05-03 23:08:00+00:00,153|1051
396,4276bf00f964a5208b211fe3,337,11,2,2012-04-29 04:21:00+00:00,2012-04-29 04:32:00+00:00,527|823
397,427c0500f964a52097211fe3,339,15,2,2012-04-26 13:15:00+00:00,2012-04-26 13:30:00+00:00,470|567
398,427c0500f964a52097211fe3,339,25,2,2012-05-12 23:07:00+00:00,2012-05-12 23:32:00+00:00,423|544
399,427c0500f964a52097211fe3,339,45,2,2012-06-30 20:05:00+00:00,2012-06-30 20:50:00+00:00,313|918
400,427c0500f964a52097211fe3,339,8,2,2012-08-17 21:15:00+00:00,2012-08-17 21:23:00+00:00,903|1059
401,427c0500f964a52097211fe3,339,3,2,2012-10-08 14:21:00+00:00,2012-10-08 14:24:00+00:00,22|127
402,427c0500f964a52099211fe3,340,2,2,2012-04-07 23:41:00+00:00,2012-04-07 23:43:00+00:00,688|1076
403,427d5680f964a520a8211fe3,342,30,2,2012-04-08 00:58:00+00:00,2012-04-08 01:28:00+00:00,56|390
404,42829c80f964a5205f221fe3,348,59,2,2012-04-23 16:21:00+00:00,2012-04-23 17:20:00+00:00,730|1019
405,42829c80f964a5205f221fe3,348,33,2,2012-05-04 14:13:00+00:00,2012-05-04 14:46:00+00:00,727|1019
406,42829c80f964a5205f221fe3,348,15,2,2012-05-09 17:05:00+00:00,2012-05-09 17:20:00+00:00,730|1019
407,42829c80f964a5205f221fe3,348,14,2,2012-07-17 13:12:00+00:00,2012-07-17 13:26:00+00:00,561|1019
408,42829c80f964a5205f221fe3,348,50,2,2012-10-19 17:20:00+00:00,2012-10-19 18:10:00+00:00,730|1019
409,42829c80f964a5206a221fe3,349,4,2,2012-04-03 22:25:00+00:00,2012-04-03 22:29:00+00:00,402|408
410,42829c80f964a5206a221fe3,349,19,2,2012-04-04 00:54:00+00:00,2012-04-04 01:13:00+00:00,527|570
411,42829c80f964a5206a221fe3,349,29,2,2012-04-04 12:30:00+00:00,2012-04-04 12:59:00+00:00,81|1060
412,42829c80f964a5206a221fe3,349,48,2,2012-04-04 12:59:00+00:00,2012-04-04 13:47:00+00:00,402|1060
413,42829c80f964a5206a221fe3,349,35,2,2012-04-06 14:02:00+00:00,2012-04-06 14:37:00+00:00,402|856
414,42829c80f964a5206a221fe3,349,39,3,2012-04-06 14:37:00+00:00,2012-04-06 15:16:00+00:00,456|856|987
415,42829c80f964a5206a221fe3,349,49,2,2012-04-07 14:12:00+00:00,2012-04-07 15:01:00+00:00,288|475
416,42829c80f964a5206a221fe3,349,30,2,2012-04-07 15:01:00+00:00,2012-04-07 15:31:00+00:00,475|982
417,42829c80f964a5206a221fe3,349,15,3,2012-04-07 16:32:00+00:00,2012-04-07 16:47:00+00:00,176|353|987
418,42829c80f964a5206a221fe3,349,16,2,2012-04-08 17:44:00+00:00,2012-04-08 18:00:00+00:00,686|770
419,42829c80f964a5206a221fe3,349,53,3,2012-04-09 11:34:00+00:00,2012-04-09 12:27:00+00:00,81|402|1058
420,42829c80f964a5206a221fe3,349,31,3,2012-04-09 12:16:00+00:00,2012-04-09 12:47:00+00:00,402|686|1058
421,42829c80f964a5206a221fe3,349,55,2,2012-04-09 12:47:00+00:00,2012-04-09 13:42:00+00:00,539|686
422,42829c80f964a5206a221fe3,349,23,2,2012-04-09 19:54:00+00:00,2012-04-09 20:17:00+00:00,217|288
423,42829c80f964a5206a221fe3,349,2,2,2012-04-09 22:11:00+00:00,2012-04-09 22:13:00+00:00,402|1044
424,42829c80f964a5206a221fe3,349,13,2,2012-04-10 21:09:00+00:00,2012-04-10 21:22:00+00:00,280|650
425,42829c80f964a5206a221fe3,349,9,2,2012-04-10 22:44:00+00:00,2012-04-10 22:53:00+00:00,435|1058
426,42829c80f964a5206a221fe3,349,29,2,2012-04-11 00:11:00+00:00,2012-04-11 00:40:00+00:00,402|527
427,42829c80f964a5206a221fe3,349,15,2,2012-04-11 22:17:00+00:00,2012-04-11 22:32:00+00:00,217|1044
428,42829c80f964a5206a221fe3,349,59,2,2012-04-11 22:32:00+00:00,2012-04-11 23:31:00+00:00,217|527
429,42829c80f964a5206a221fe3,349,52,2,2012-04-11 23:31:00+00:00,2012-04-12 00:23:00+00:00,510|527
430,42829c80f964a5206a221fe3,349,58,3,2012-04-12 12:49:00+00:00,2012-04-12 13:47:00+00:00,81|402|1060
431,42829c80f964a5206a221fe3,349,30,2,2012-04-12 17:32:00+00:00,2012-04-12 18:02:00+00:00,71|922
432,42829c80f964a5206a221fe3,349,15,2,2012-04-12 19:53:00+00:00,2012-04-12 20:08:00+00:00,217|288
433,42829c80f964a5206a221fe3,349,45,3,2012-04-12 22:06:00+00:00,2012-04-12 22:51:00+00:00,402|1044|1060
434,42829c80f964a5206a221fe3,349,55,3,2012-04-13 12:24:00+00:00,2012-04-13 13:19:00+00:00,81|1058|1060
435,42829c80f964a5206a221fe3,349,47,2,2012-04-13 13:19:00+00:00,2012-04-13 14:06:00+00:00,402|1060
436,42829c80f964a5206a221fe3,349,60,2,2012-04-13 19:55:00+00:00,2012-04-13 20:55:00+00:00,288|478
437,42829c80f964a5206a221fe3,349,19,3,2012-04-13 22:09:00+00:00,2012-04-13 22:28:00+00:00,527|1044|1060
438,42829c80f964a5206a221fe3,349,54,2,2012-04-14 20:21:00+00:00,2012-04-14 21:15:00+00:00,87|1079
439,42829c80f964a5206a221fe3,349,44,2,2012-04-14 21:15:00+00:00,2012-04-14 21:59:00+00:00,1077|1079
440,42829c80f964a5206a221fe3,349,47,2,2012-04-17 10:53:00+00:00,2012-04-17 11:40:00+00:00,217|803
441,42829c80f964a5206a221fe3,349,16,2,2012-04-17 13:46:00+00:00,2012-04-17 14:02:00+00:00,402|1060
442,42829c80f964a5206a221fe3,349,38,2,2012-04-17 19:53:00+00:00,2012-04-17 20:31:00+00:00,288|438
443,42829c80f964a5206a221fe3,349,8,2,2012-04-17 22:20:00+00:00,2012-04-17 22:28:00+00:00,402|1060
444,42829c80f964a5206a221fe3,349,18,3,2012-04-18 00:04:00+00:00,2012-04-18 00:22:00+00:00,435|527|1058
445,42829c80f964a5206a221fe3,349,52,2,2012-04-18 00:22:00+00:00,2012-04-18 01:14:00+00:00,912|1058
446,42829c80f964a5206a221fe3,349,45,2,2012-04-18 14:07:00+00:00,2012-04-18 14:52:00+00:00,402|527
447,42829c80f964a5206a221fe3,349,37,2,2012-04-18 21:49:00+00:00,2012-04-18 22:26:00+00:00,217|504
448,42829c80f964a5206a221fe3,349,52,3,2012-04-18 22:26:00+00:00,2012-04-18 23:18:00+00:00,217|539|1058
449,42829c80f964a5206a221fe3,349,48,2,2012-04-18 23:18:00+00:00,2012-04-19 00:06:00+00:00,402|539
450,42829c80f964a5206a221fe3,349,14,2,2012-04-19 14:08:00+00:00,2012-04-19 14:22:00+00:00,402|1060
451,42829c80f964a5206a221fe3,349,15,3,2012-04-19 22:18:00+00:00,2012-04-19 22:33:00+00:00,408|424|1044
452,42829c80f964a5206a221fe3,349,49,3,2012-04-19 22:30:00+00:00,2012-04-19 23:19:00+00:00,402|424|1044
453,42829c80f964a5206a221fe3,349,54,2,2012-04-20 12:26:00+00:00,2012-04-20 13:20:00+00:00,1058|1060
454,42829c80f964a5206a221fe3,349,42,2,2012-04-20 13:20:00+00:00,2012-04-20 14:02:00+00:00,402|1060
455,42829c80f964a5206a221fe3,349,38,2,2012-04-20 18:09:00+00:00,2012-04-20 18:47:00+00:00,130|296
456,42829c80f964a5206a221fe3,349,26,2,2012-04-21 01:18:00+00:00,2012-04-21 01:44:00+00:00,123|435
457,42829c80f964a5206a221fe3,349,9,2,2012-04-23 13:18:00+00:00,2012-04-23 13:27:00+00:00,402|1060
458,42829c80f964a5206a221fe3,349,17,3,2012-04-23 21:51:00+00:00,2012-04-23 22:08:00+00:00,471|1044|1055
459,42829c80f964a5206a221fe3,349,53,4,2012-04-23 22:08:00+00:00,2012-04-23 23:01:00+00:00,402|1044|1055|1060
460,42829c80f964a5206a221fe3,349,27,2,2012-04-24 00:17:00+00:00,2012-04-24 00:44:00+00:00,61|527
461,42829c80f964a5206a221fe3,349,38,2,2012-04-24 12:28:00+00:00,2012-04-24 13:06:00+00:00,368|1060
462,42829c80f964a5206a221fe3,349,57,2,2012-04-24 13:06:00+00:00,2012-04-24 14:03:00+00:00,402|1060
463,42829c80f964a5206a221fe3,349,36,2,2012-04-24 19:57:00+00:00,2012-04-24 20:33:00+00:00,288|346
464,42829c80f964a5206a221fe3,349,57,4,2012-04-24 22:38:00+00:00,2012-04-24 23:35:00+00:00,354|402|527|1058
465,42829c80f964a5206a221fe3,349,27,2,2012-04-25 13:19:00+00:00,2012-04-25 13:46:00+00:00,402|1060
466,42829c80f964a5206a221fe3,349,48,3,2012-04-26 13:01:00+00:00,2012-04-26 13:49:00+00:00,402|408|1060
467,42829c80f964a5206a221fe3,349,45,3,2012-04-27 13:22:00+00:00,2012-04-27 14:07:00+00:00,402|1058|1060
468,42829c80f964a5206a221fe3,349,55,4,2012-04-27 21:58:00+00:00,2012-04-27 22:53:00+00:00,124|527|1044|1060
469,42829c80f964a5206a221fe3,349,11,2,2012-04-28 14:28:00+00:00,2012-04-28 14:39:00+00:00,402|838
470,42829c80f964a5206a221fe3,349,48,3,2012-04-28 20:47:00+00:00,2012-04-28 21:35:00+00:00,92|402|1021
471,42829c80f964a5206a221fe3,349,28,2,2012-04-29 15:54:00+00:00,2012-04-29 16:22:00+00:00,288|363
472,42829c80f964a5206a221fe3,349,33,2,2012-04-29 16:22:00+00:00,2012-04-29 16:55:00+00:00,288|303
473,42829c80f964a5206a221fe3,349,48,2,2012-04-29 16:55:00+00:00,2012-04-29 17:43:00+00:00,176|303
474,42829c80f964a5206a221fe3,349,21,2,2012-04-29 17:43:00+00:00,2012-04-29 18:04:00+00:00,176|260
475,42829c80f964a5206a221fe3,349,33,3,2012-05-01 22:29:00+00:00,2012-05-01 23:02:00+00:00,402|823|1060
476,42829c80f964a5206a221fe3,349,48,2,2012-05-01 23:02:00+00:00,2012-05-01 23:50:00+00:00,402|435
477,42829c80f964a5206a221fe3,349,34,2,2012-05-03 12:36:00+00:00,2012-05-03 13:10:00+00:00,402|408
478,42829c80f964a5206a221fe3,349,26,2,2012-05-04 19:59:00+00:00,2012-05-04 20:25:00+00:00,288|706
479,42829c80f964a5206a221fe3,349,43,2,2012-05-04 20:25:00+00:00,2012-05-04 21:08:00+00:00,650|706
480,42829c80f964a5206a221fe3,349,53,2,2012-05-05 18:57:00+00:00,2012-05-05 19:50:00+00:00,686|838
481,42829c80f964a5206a221fe3,349,7,2,2012-05-06 23:05:00+00:00,2012-05-06 23:12:00+00:00,527|726
482,42829c80f964a5206a221fe3,349,37,2,2012-05-07 13:25:00+00:00,2012-05-07 14:02:00+00:00,402|1060
483,42829c80f964a5206a221fe3,349,57,2,2012-05-07 21:09:00+00:00,2012-05-07 22:06:00+00:00,947|1044
484,42829c80f964a5206a221fe3,349,35,2,2012-05-07 22:06:00+00:00,2012-05-07 22:41:00+00:00,1044|1060
485,42829c80f964a5206a221fe3,349,37,2,2012-05-08 21:52:00+00:00,2012-05-08 22:29:00+00:00,402|1044
486,42829c80f964a5206a221fe3,349,58,2,2012-05-09 12:28:00+00:00,2012-05-09 13:26:00+00:00,402|1060
487,42829c80f964a5206a221fe3,349,26,2,2012-05-09 13:26:00+00:00,2012-05-09 13:52:00+00:00,838|1060
488,42829c80f964a5206a221fe3,349,55,3,2012-05-10 21:44:00+00:00,2012-05-10 22:39:00+00:00,809|1044|1060
489,42829c80f964a5206a221fe3,349,27,3,2012-05-10 22:39:00+00:00,2012-05-10 23:06:00+00:00,435|527|1060
490,42829c80f964a5206a221fe3,349,57,2,2012-05-11 12:01:00+00:00,2012-05-11 12:58:00+00:00,81|160
491,42829c80f964a5206a221fe3,349,40,4,2012-05-11 12:58:00+00:00,2012-05-11 13:38:00+00:00,160|176|982|1060
492,42829c80f964a5206a221fe3,349,42,4,2012-05-11 13:21:00+00:00,2012-05-11 14:03:00+00:00,176|402|982|1060
493,42829c80f964a5206a221fe3,349,30,3,2012-05-11 22:26:00+00:00,2012-05-11 22:56:00+00:00,267|291|1060
494,42829c80f964a5206a221fe3,349,56,2,2012-05-11 22:56:00+00:00,2012-05-11 23:52:00+00:00,527|1060
495,42829c80f964a5206a221fe3,349,56,2,2012-05-11 23:52:00+00:00,2012-05-12 00:48:00+00:00,527|1079
496,42829c80f964a5206a221fe3,349,50,2,2012-05-12 00:48:00+00:00,2012-05-12 01:38:00+00:00,81|1079
497,42829c80f964a5206a221fe3,349,40,2,2012-05-12 14:30:00+00:00,2012-05-12 15:10:00+00:00,288|718
498,42829c80f964a5206a221fe3,349,14,2,2012-05-12 19:19:00+00:00,2012-05-12 19:33:00+00:00,187|233
499,42829c80f964a5206a221fe3,349,53,2,2012-05-12 21:47:00+00:00,2012-05-12 22:40:00+00:00,81|527
500,42829c80f964a5206a221fe3,349,59,2,2012-05-14 00:44:00+00:00,2012-05-14 01:43:00+00:00,485|727
501,42829c80f964a5206a221fe3,349,43,2,2012-05-14 13:22:00+00:00,2012-05-14 14:05:00+00:00,402|1060
502,42829c80f964a5206a221fe3,349,20,2,2012-05-14 19:54:00+00:00,2012-05-14 20:14:00+00:00,288|976
503,42829c80f964a5206a221fe3,349,20,2,2012-05-14 21:21:00+00:00,2012-05-14 21:41:00+00:00,1044|1058
504,42829c80f964a5206a221fe3,349,54,2,2012-05-14 21:41:00+00:00,2012-05-14 22:35:00+00:00,1044|1060
505,42829c80f964a5206a221fe3,349,28,3,2012-05-15 00:13:00+00:00,2012-05-15 00:41:00+00:00,402|527|736
506,42829c80f964a5206a221fe3,349,32,3,2012-05-15 13:50:00+00:00,2012-05-15 14:22:00+00:00,402|772|1060
507,42829c80f964a5206a221fe3,349,47,2,2012-05-15 19:08:00+00:00,2012-05-15 19:55:00+00:00,288|354
508,42829c80f964a5206a221fe3,349,36,2,2012-05-15 21:50:00+00:00,2012-05-15 22:26:00+00:00,1044|1060
509,42829c80f964a5206a221fe3,349,38,2,2012-05-15 22:26:00+00:00,2012-05-15 23:04:00+00:00,994|1060
510,42829c80f964a5206a221fe3,349,30,3,2012-05-15 23:04:00+00:00,2012-05-15 23:34:00+00:00,402|435|994
511,42829c80f964a5206a221fe3,349,46,3,2012-05-16 12:37:00+00:00,2012-05-16 13:23:00+00:00,408|1033|1060
512,42829c80f964a5206a221fe3,349,16,2,2012-05-17 12:33:00+00:00,2012-05-17 12:49:00+00:00,81|408
513,42829c80f964a5206a221fe3,349,39,2,2012-05-17 19:54:00+00:00,2012-05-17 20:33:00+00:00,288|929
514,42829c80f964a5206a221fe3,349,17,3,2012-05-17 22:30:00+00:00,2012-05-17 22:47:00+00:00,435|1044|1060
515,42829c80f964a5206a221fe3,349,54,2,2012-05-18 11:42:00+00:00,2012-05-18 12:36:00+00:00,81|658
516,42829c80f964a5206a221fe3,349,28,4,2012-05-18 12:36:00+00:00,2012-05-18 13:04:00+00:00,81|408|539|1060
517,42829c80f964a5206a221fe3,349,28,2,2012-05-18 22:35:00+00:00,2012-05-18 23:03:00+00:00,402|527
518,42829c80f964a5206a221fe3,349,46,2,2012-05-18 23:03:00+00:00,2012-05-18 23:49:00+00:00,475|527
519,42829c80f964a5206a221fe3,349,28,3,2012-05-19 21:52:00+00:00,2012-05-19 22:20:00+00:00,81|441|534
520,42829c80f964a5206a221fe3,349,55,3,2012-05-21 12:24:00+00:00,2012-05-21 13:19:00+00:00,402|408|1060
521,42829c80f964a5206a221fe3,349,21,2,2012-05-21 14:48:00+00:00,2012-05-21 15:09:00+00:00,464|612
522,42829c80f964a5206a221fe3,349,50,2,2012-05-21 21:38:00+00:00,2012-05-21 22:28:00+00:00,1044|1060
523,42829c80f964a5206a221fe3,349,47,3,2012-05-21 22:28:00+00:00,2012-05-21 23:15:00+00:00,438|527|1060
524,42829c80f964a5206a221fe3,349,53,2,2012-05-21 23:15:00+00:00,2012-05-22 00:08:00+00:00,402|527
525,42829c80f964a5206a221fe3,349,48,2,2012-05-22 12:19:00+00:00,2012-05-22 13:07:00+00:00,408|539
526,42829c80f964a5206a221fe3,349,25,2,2012-05-23 21:19:00+00:00,2012-05-23 21:44:00+00:00,991|1044
527,42829c80f964a5206a221fe3,349,1,2,2012-05-23 23:37:00+00:00,2012-05-23 23:38:00+00:00,435|639
528,42829c80f964a5206a221fe3,349,9,2,2012-05-25 13:54:00+00:00,2012-05-25 14:03:00+00:00,402|650
529,42829c80f964a5206a221fe3,349,48,2,2012-05-25 18:18:00+00:00,2012-05-25 19:06:00+00:00,288|913
530,42829c80f964a5206a221fe3,349,55,2,2012-05-25 20:27:00+00:00,2012-05-25 21:22:00+00:00,405|1044
531,42829c80f964a5206a221fe3,349,20,2,2012-05-26 02:37:00+00:00,2012-05-26 02:57:00+00:00,402|809
532,42829c80f964a5206a221fe3,349,39,2,2012-05-26 05:20:00+00:00,2012-05-26 05:59:00+00:00,473|1077
533,42829c80f964a5206a221fe3,349,18,2,2012-05-29 21:25:00+00:00,2012-05-29 21:43:00+00:00,56|1044
534,42829c80f964a5206a221fe3,349,19,2,2012-06-01 12:04:00+00:00,2012-06-01 12:23:00+00:00,539|1058
535,42829c80f964a5206a221fe3,349,58,2,2012-06-01 12:23:00+00:00,2012-06-01 13:21:00+00:00,408|1058
536,42829c80f964a5206a221fe3,349,3,2,2012-06-01 14:25:00+00:00,2012-06-01 14:28:00+00:00,402|1026
537,42829c80f964a5206a221fe3,349,31,2,2012-06-04 12:18:00+00:00,2012-06-04 12:49:00+00:00,81|408
538,42829c80f964a5206a221fe3,349,21,2,2012-06-05 12:27:00+00:00,2012-06-05 12:48:00+00:00,408|435
539,42829c80f964a5206a221fe3,349,7,3,2012-06-06 22:30:00+00:00,2012-06-06 22:37:00+00:00,364|402|539
540,42829c80f964a5206a221fe3,349,8,2,2012-06-07 19:58:00+00:00,2012-06-07 20:06:00+00:00,288|1070
541,42829c80f964a5206a221fe3,349,35,2,2012-06-07 23:35:00+00:00,2012-06-08 00:10:00+00:00,402|741
542,42829c80f964a5206a221fe3,349,21,2,2012-06-08 17:16:00+00:00,2012-06-08 17:37:00+00:00,130|568
543,42829c80f964a5206a221fe3,349,20,2,2012-06-08 21:36:00+00:00,2012-06-08 21:56:00+00:00,233|1044
544,42829c80f964a5206a221fe3,349,26,2,2012-06-11 12:26:00+00:00,2012-06-11 12:52:00+00:00,408|1058
545,42829c80f964a5206a221fe3,349,33,3,2012-06-12 12:23:00+00:00,2012-06-12 12:56:00+00:00,408|568|1058
546,42829c80f964a5206a221fe3,349,45,2,2012-06-12 12:56:00+00:00,2012-06-12 13:41:00+00:00,221|408
547,42829c80f964a5206a221fe3,349,24,2,2012-06-12 13:41:00+00:00,2012-06-12 14:05:00+00:00,221|402
548,42829c80f964a5206a221fe3,349,33,2,2012-06-12 22:37:00+00:00,2012-06-12 23:10:00+00:00,402|1058
549,42829c80f964a5206a221fe3,349,22,2,2012-06-18 12:27:00+00:00,2012-06-18 12:49:00+00:00,408|1058
550,42829c80f964a5206a221fe3,349,8,2,2012-06-26 23:05:00+00:00,2012-06-26 23:13:00+00:00,435|519
551,42829c80f964a5206a221fe3,349,2,2,2012-06-27 12:24:00+00:00,2012-06-27 12:26:00+00:00,435|1058
552,42829c80f964a5206a221fe3,349,11,3,2012-07-02 12:18:00+00:00,2012-07-02 12:29:00+00:00,81|568|1058
553,42829c80f964a5206a221fe3,349,20,2,2012-07-03 12:22:00+00:00,2012-07-03 12:42:00+00:00,408|1058
554,42829c80f964a5206a221fe3,349,1,2,2012-07-05 20:12:00+00:00,2012-07-05 20:13:00+00:00,288|965
555,42829c80f964a5206a221fe3,349,45,2,2012-07-05 21:54:00+00:00,2012-07-05 22:39:00+00:00,408|970
556,42829c80f964a5206a221fe3,349,56,2,2012-07-10 21:41:00+00:00,2012-07-10 22:37:00+00:00,438|1058
557,42829c80f964a5206a221fe3,349,31,3,2012-07-11 12:21:00+00:00,2012-07-11 12:52:00+00:00,56|408|1058
558,42829c80f964a5206a221fe3,349,28,2,2012-07-12 12:26:00+00:00,2012-07-12 12:54:00+00:00,408|1058
559,42829c80f964a5206a221fe3,349,23,2,2012-07-13 12:25:00+00:00,2012-07-13 12:48:00+00:00,408|1058
560,42829c80f964a5206a221fe3,349,10,2,2012-07-17 22:15:00+00:00,2012-07-17 22:25:00+00:00,402|435
561,42829c80f964a5206a221fe3,349,30,2,2012-08-09 12:23:00+00:00,2012-08-09 12:53:00+00:00,408|1058
562,42829c80f964a5206a221fe3,349,48,2,2012-08-09 12:53:00+00:00,2012-08-09 13:41:00+00:00,402|408
563,42829c80f964a5206a221fe3,349,57,2,2012-08-11 16:56:00+00:00,2012-08-11 17:53:00+00:00,129|519
564,42829c80f964a5206a221fe3,349,24,2,2012-09-13 12:24:00+00:00,2012-09-13 12:48:00+00:00,408|1058
565,42829c80f964a5206a221fe3,349,32,2,2012-11-07 13:26:00+00:00,2012-11-07 13:58:00+00:00,25|81
566,42829c80f964a5206a221fe3,349,57,2,2012-11-16 23:30:00+00:00,2012-11-17 00:27:00+00:00,81|331
567,42829c80f964a5206a221fe3,349,7,2,2012-11-23 15:41:00+00:00,2012-11-23 15:48:00+00:00,223|249
568,4283ee00f964a5209d221fe3,351,2,2,2012-04-15 18:04:00+00:00,2012-04-15 18:06:00+00:00,15|267
569,4283ee00f964a5209d221fe3,351,38,2,2012-10-11 16:54:00+00:00,2012-10-11 17:32:00+00:00,219|1035
570,4283ee00f964a5209d221fe3,351,59,2,2012-10-11 17:32:00+00:00,2012-10-11 18:31:00+00:00,219|239
571,4283ee00f964a5209d221fe3,351,54,3,2012-10-11 18:31:00+00:00,2012-10-11 19:25:00+00:00,239|702|709
572,42893400f964a52052231fe3,354,42,2,2012-04-14 19:26:00+00:00,2012-04-14 20:08:00+00:00,922|1030
573,42893400f964a52052231fe3,354,56,2,2012-04-15 16:50:00+00:00,2012-04-15 17:46:00+00:00,721|1021
574,42893400f964a52052231fe3,354,30,2,2012-04-21 17:58:00+00:00,2012-04-21 18:28:00+00:00,39|1021
575,42893400f964a52052231fe3,354,59,2,2012-05-19 10:31:00+00:00,2012-05-19 11:30:00+00:00,37|356
576,42893400f964a52052231fe3,354,9,2,2012-05-19 11:30:00+00:00,2012-05-19 11:39:00+00:00,37|250
577,42911d00f964a520f5231fe3,357,1,2,2012-04-03 23:03:00+00:00,2012-04-03 23:04:00+00:00,208|619
578,42911d00f964a520f5231fe3,357,53,2,2012-04-04 09:45:00+00:00,2012-04-04 10:38:00+00:00,1021|1074
579,42911d00f964a520f5231fe3,357,51,3,2012-04-06 13:04:00+00:00,2012-04-06 13:55:00+00:00,187|626|1083
580,42911d00f964a520f5231fe3,357,36,2,2012-04-07 12:52:00+00:00,2012-04-07 13:28:00+00:00,48|718
581,42911d00f964a520f5231fe3,357,15,2,2012-04-07 19:32:00+00:00,2012-04-07 19:47:00+00:00,9|372
582,42911d00f964a520f5231fe3,357,58,2,2012-04-07 19:47:00+00:00,2012-04-07 20:45:00+00:00,9|130
583,42911d00f964a520f5231fe3,357,55,3,2012-04-08 14:33:00+00:00,2012-04-08 15:28:00+00:00,569|905|1066
584,42911d00f964a520f5231fe3,357,45,4,2012-04-09 12:33:00+00:00,2012-04-09 13:18:00+00:00,128|187|905|1083
585,42911d00f964a520f5231fe3,357,53,4,2012-04-09 12:44:00+00:00,2012-04-09 13:37:00+00:00,187|291|905|1083
586,42911d00f964a520f5231fe3,357,30,2,2012-04-09 22:55:00+00:00,2012-04-09 23:25:00+00:00,94|626
587,42911d00f964a520f5231fe3,357,50,2,2012-04-10 02:39:00+00:00,2012-04-10 03:29:00+00:00,303|352
588,42911d00f964a520f5231fe3,357,60,2,2012-04-10 21:45:00+00:00,2012-04-10 22:45:00+00:00,80|1021
589,42911d00f964a520f5231fe3,357,51,3,2012-04-10 22:45:00+00:00,2012-04-10 23:36:00+00:00,295|619|1021
590,42911d00f964a520f5231fe3,357,33,2,2012-04-11 01:31:00+00:00,2012-04-11 02:04:00+00:00,291|1005
591,42911d00f964a520f5231fe3,357,2,2,2012-04-11 13:15:00+00:00,2012-04-11 13:17:00+00:00,1005|1083
592,42911d00f964a520f5231fe3,357,48,2,2012-04-11 22:19:00+00:00,2012-04-11 23:07:00+00:00,913|1005
593,42911d00f964a520f5231fe3,357,40,2,2012-04-12 03:56:00+00:00,2012-04-12 04:36:00+00:00,718|974
594,42911d00f964a520f5231fe3,357,49,2,2012-04-12 12:44:00+00:00,2012-04-12 13:33:00+00:00,187|812
595,42911d00f964a520f5231fe3,357,38,3,2012-04-13 04:13:00+00:00,2012-04-13 04:51:00+00:00,295|812|974
596,42911d00f964a520f5231fe3,357,45,2,2012-04-13 12:34:00+00:00,2012-04-13 13:19:00+00:00,187|1000
597,42911d00f964a520f5231fe3,357,60,2,2012-04-13 13:19:00+00:00,2012-04-13 14:19:00+00:00,187|1083
598,42911d00f964a520f5231fe3,357,18,3,2012-04-13 21:45:00+00:00,2012-04-13 22:03:00+00:00,128|492|924
599,42911d00f964a520f5231fe3,357,42,3,2012-04-13 23:12:00+00:00,2012-04-13 23:54:00+00:00,217|619|713
600,42911d00f964a520f5231fe3,357,45,2,2012-04-14 18:00:00+00:00,2012-04-14 18:45:00+00:00,178|383
601,42911d00f964a520f5231fe3,357,28,2,2012-04-14 18:45:00+00:00,2012-04-14 19:13:00+00:00,383|623
602,42911d00f964a520f5231fe3,357,50,2,2012-04-14 21:01:00+00:00,2012-04-14 21:51:00+00:00,325|619
603,42911d00f964a520f5231fe3,357,42,3,2012-04-17 12:36:00+00:00,2012-04-17 13:18:00+00:00,187|924|1000
604,42911d00f964a520f5231fe3,357,45,3,2012-04-17 13:18:00+00:00,2012-04-17 14:03:00+00:00,626|924|1083
605,42911d00f964a520f5231fe3,357,47,2,2012-04-18 12:34:00+00:00,2012-04-18 13:21:00+00:00,187|1000
606,42911d00f964a520f5231fe3,357,53,3,2012-04-18 13:21:00+00:00,2012-04-18 14:14:00+00:00,15|187|1083
607,42911d00f964a520f5231fe3,357,39,3,2012-04-18 21:55:00+00:00,2012-04-18 22:34:00+00:00,295|325|443
608,42911d00f964a520f5231fe3,357,52,2,2012-04-18 22:34:00+00:00,2012-04-18 23:26:00+00:00,443|1005
609,42911d00f964a520f5231fe3,357,8,2,2012-04-19 09:43:00+00:00,2012-04-19 09:51:00+00:00,248|1074
610,42911d00f964a520f5231fe3,357,53,3,2012-04-19 11:48:00+00:00,2012-04-19 12:41:00+00:00,121|405|1000
611,42911d00f964a520f5231fe3,357,35,4,2012-04-19 12:34:00+00:00,2012-04-19 13:09:00+00:00,187|405|626|1000
612,42911d00f964a520f5231fe3,357,60,3,2012-04-19 13:07:00+00:00,2012-04-19 14:07:00+00:00,187|626|1083
613,42911d00f964a520f5231fe3,357,43,3,2012-04-19 22:16:00+00:00,2012-04-19 22:59:00+00:00,71|715|913
614,42911d00f964a520f5231fe3,357,39,2,2012-04-20 13:06:00+00:00,2012-04-20 13:45:00+00:00,80|187
615,42911d00f964a520f5231fe3,357,44,2,2012-04-20 17:46:00+00:00,2012-04-20 18:30:00+00:00,432|892
616,42911d00f964a520f5231fe3,357,16,2,2012-04-21 01:41:00+00:00,2012-04-21 01:57:00+00:00,480|1083
617,42911d00f964a520f5231fe3,357,27,2,2012-04-21 13:20:00+00:00,2012-04-21 13:47:00+00:00,71|659
618,42911d00f964a520f5231fe3,357,41,2,2012-04-22 14:01:00+00:00,2012-04-22 14:42:00+00:00,213|319
619,42911d00f964a520f5231fe3,357,4,2,2012-04-22 23:40:00+00:00,2012-04-22 23:44:00+00:00,659|727
620,42911d00f964a520f5231fe3,357,40,4,2012-04-23 12:38:00+00:00,2012-04-23 13:18:00+00:00,128|187|626|1083
621,42911d00f964a520f5231fe3,357,58,2,2012-04-23 21:03:00+00:00,2012-04-23 22:01:00+00:00,933|1000
622,42911d00f964a520f5231fe3,357,46,2,2012-04-23 23:05:00+00:00,2012-04-23 23:51:00+00:00,708|924
623,42911d00f964a520f5231fe3,357,14,2,2012-04-24 04:17:00+00:00,2012-04-24 04:31:00+00:00,812|974
624,42911d00f964a520f5231fe3,357,39,3,2012-04-24 13:13:00+00:00,2012-04-24 13:52:00+00:00,187|626|924
625,42911d00f964a520f5231fe3,357,51,3,2012-04-25 12:36:00+00:00,2012-04-25 13:27:00+00:00,924|1000|1083
626,42911d00f964a520f5231fe3,357,41,3,2012-04-26 12:34:00+00:00,2012-04-26 13:15:00+00:00,887|924|1000
627,42911d00f964a520f5231fe3,357,48,3,2012-04-26 13:06:00+00:00,2012-04-26 13:54:00+00:00,619|887|924
628,42911d00f964a520f5231fe3,357,20,2,2012-04-27 18:57:00+00:00,2012-04-27 19:17:00+00:00,67|187
629,42911d00f964a520f5231fe3,357,41,4,2012-04-27 20:48:00+00:00,2012-04-27 21:29:00+00:00,48|500|561|1000
630,42911d00f964a520f5231fe3,357,30,3,2012-04-27 22:35:00+00:00,2012-04-27 23:05:00+00:00,291|325|805
631,42911d00f964a520f5231fe3,357,54,2,2012-04-28 23:27:00+00:00,2012-04-29 00:21:00+00:00,181|407
632,42911d00f964a520f5231fe3,357,19,2,2012-04-29 00:21:00+00:00,2012-04-29 00:40:00+00:00,325|407
633,42911d00f964a520f5231fe3,357,43,2,2012-05-01 22:04:00+00:00,2012-05-01 22:47:00+00:00,325|664
634,42911d00f964a520f5231fe3,357,32,2,2012-05-01 22:47:00+00:00,2012-05-01 23:19:00+00:00,664|932
635,42911d00f964a520f5231fe3,357,29,2,2012-05-02 03:43:00+00:00,2012-05-02 04:12:00+00:00,974|1083
636,42911d00f964a520f5231fe3,357,16,3,2012-05-03 12:45:00+00:00,2012-05-03 13:01:00+00:00,187|626|1000
637,42911d00f964a520f5231fe3,357,56,2,2012-05-04 00:20:00+00:00,2012-05-04 01:16:00+00:00,113|1083
638,42911d00f964a520f5231fe3,357,13,2,2012-05-04 01:16:00+00:00,2012-05-04 01:29:00+00:00,113|851
639,42911d00f964a520f5231fe3,357,53,3,2012-05-04 03:41:00+00:00,2012-05-04 04:34:00+00:00,319|638|974
640,42911d00f964a520f5231fe3,357,28,2,2012-05-04 14:03:00+00:00,2012-05-04 14:31:00+00:00,619|1083
641,42911d00f964a520f5231fe3,357,48,2,2012-05-04 21:00:00+00:00,2012-05-04 21:48:00+00:00,1000|1066
642,42911d00f964a520f5231fe3,357,56,2,2012-05-04 21:48:00+00:00,2012-05-04 22:44:00+00:00,931|1066
643,42911d00f964a520f5231fe3,357,3,2,2012-05-06 19:46:00+00:00,2012-05-06 19:49:00+00:00,623|814
644,42911d00f964a520f5231fe3,357,20,2,2012-05-07 12:18:00+00:00,2012-05-07 12:38:00+00:00,331|1000
645,42911d00f964a520f5231fe3,357,41,2,2012-05-07 12:38:00+00:00,2012-05-07 13:19:00+00:00,187|1000
646,42911d00f964a520f5231fe3,357,26,3,2012-05-08 12:34:00+00:00,2012-05-08 13:00:00+00:00,187|1000|1083
647,42911d00f964a520f5231fe3,357,23,2,2012-05-08 22:40:00+00:00,2012-05-08 23:03:00+00:00,95|913
648,42911d00f964a520f5231fe3,357,37,4,2012-05-09 12:38:00+00:00,2012-05-09 13:15:00+00:00,187|325|626|1000
649,42911d00f964a520f5231fe3,357,3,2,2012-05-09 22:00:00+00:00,2012-05-09 22:03:00+00:00,565|913
650,42911d00f964a520f5231fe3,357,17,2,2012-05-09 23:09:00+00:00,2012-05-09 23:26:00+00:00,95|619
651,42911d00f964a520f5231fe3,357,23,2,2012-05-10 20:36:00+00:00,2012-05-10 20:59:00+00:00,319|1000
652,42911d00f964a520f5231fe3,357,29,2,2012-05-10 22:19:00+00:00,2012-05-10 22:48:00+00:00,95|664
653,42911d00f964a520f5231fe3,357,46,4,2012-05-11 12:17:00+00:00,2012-05-11 13:03:00+00:00,221|492|626|1000
654,42911d00f964a520f5231fe3,357,18,2,2012-05-11 18:19:00+00:00,2012-05-11 18:37:00+00:00,178|188
655,42911d00f964a520f5231fe3,357,26,3,2012-05-11 20:35:00+00:00,2012-05-11 21:01:00+00:00,325|664|1000
656,42911d00f964a520f5231fe3,357,56,3,2012-05-11 20:59:00+00:00,2012-05-11 21:55:00+00:00,325|361|1000
657,42911d00f964a520f5231fe3,357,12,3,2012-05-11 21:55:00+00:00,2012-05-11 22:07:00+00:00,348|361|931
658,42911d00f964a520f5231fe3,357,10,2,2012-05-11 23:35:00+00:00,2012-05-11 23:45:00+00:00,492|638
659,42911d00f964a520f5231fe3,357,35,3,2012-05-12 13:44:00+00:00,2012-05-12 14:19:00+00:00,7|206|905
660,42911d00f964a520f5231fe3,357,60,2,2012-05-12 14:19:00+00:00,2012-05-12 15:19:00+00:00,7|67
661,42911d00f964a520f5231fe3,357,15,2,2012-05-12 18:58:00+00:00,2012-05-12 19:13:00+00:00,230|1000
662,42911d00f964a520f5231fe3,357,54,2,2012-05-12 19:13:00+00:00,2012-05-12 20:07:00+00:00,718|1000
663,42911d00f964a520f5231fe3,357,7,2,2012-05-12 23:29:00+00:00,2012-05-12 23:36:00+00:00,812|1000
664,42911d00f964a520f5231fe3,357,2,2,2012-05-13 23:53:00+00:00,2012-05-13 23:55:00+00:00,206|801
665,42911d00f964a520f5231fe3,357,57,2,2012-05-14 11:37:00+00:00,2012-05-14 12:34:00+00:00,405|1000
666,42911d00f964a520f5231fe3,357,14,2,2012-05-14 14:24:00+00:00,2012-05-14 14:38:00+00:00,432|838
667,42911d00f964a520f5231fe3,357,43,3,2012-05-14 22:16:00+00:00,2012-05-14 22:59:00+00:00,494|569|626
668,42911d00f964a520f5231fe3,357,41,3,2012-05-14 22:59:00+00:00,2012-05-14 23:40:00+00:00,626|708|742
669,42911d00f964a520f5231fe3,357,27,3,2012-05-14 23:35:00+00:00,2012-05-15 00:02:00+00:00,291|708|742
670,42911d00f964a520f5231fe3,357,28,2,2012-05-15 12:36:00+00:00,2012-05-15 13:04:00+00:00,626|1000
671,42911d00f964a520f5231fe3,357,25,2,2012-05-16 00:55:00+00:00,2012-05-16 01:20:00+00:00,812|931
672,42911d00f964a520f5231fe3,357,45,3,2012-05-16 12:35:00+00:00,2012-05-16 13:20:00+00:00,187|626|1000
673,42911d00f964a520f5231fe3,357,50,2,2012-05-16 22:23:00+00:00,2012-05-16 23:13:00+00:00,95|913
674,42911d00f964a520f5231fe3,357,4,2,2012-05-17 11:07:00+00:00,2012-05-17 11:11:00+00:00,982|1074
675,42911d00f964a520f5231fe3,357,35,2,2012-05-17 12:31:00+00:00,2012-05-17 13:06:00+00:00,187|1000
676,42911d00f964a520f5231fe3,357,41,2,2012-05-17 21:21:00+00:00,2012-05-17 22:02:00+00:00,913|1000
677,42911d00f964a520f5231fe3,357,51,2,2012-05-18 12:34:00+00:00,2012-05-18 13:25:00+00:00,187|1000
678,42911d00f964a520f5231fe3,357,36,5,2012-05-18 22:03:00+00:00,2012-05-18 22:39:00+00:00,248|291|325|443|569
679,42911d00f964a520f5231fe3,357,45,3,2012-05-19 01:35:00+00:00,2012-05-19 02:20:00+00:00,325|480|992
680,42911d00f964a520f5231fe3,357,54,2,2012-05-19 14:41:00+00:00,2012-05-19 15:35:00+00:00,879|1000
681,42911d00f964a520f5231fe3,357,56,3,2012-05-19 15:35:00+00:00,2012-05-19 16:31:00+00:00,569|869|1000
682,42911d00f964a520f5231fe3,357,39,3,2012-05-19 16:31:00+00:00,2012-05-19 17:10:00+00:00,7|569|688
683,42911d00f964a520f5231fe3,357,52,4,2012-05-19 17:08:00+00:00,2012-05-19 18:00:00+00:00,7|441|688|703
684,42911d00f964a520f5231fe3,357,36,3,2012-05-19 17:37:00+00:00,2012-05-19 18:13:00+00:00,441|703|736
685,42911d00f964a520f5231fe3,357,40,2,2012-05-19 19:42:00+00:00,2012-05-19 20:22:00+00:00,838|1000
686,42911d00f964a520f5231fe3,357,57,2,2012-05-19 20:22:00+00:00,2012-05-19 21:19:00+00:00,178|1000
687,42911d00f964a520f5231fe3,357,31,2,2012-05-21 12:35:00+00:00,2012-05-21 13:06:00+00:00,187|1000
688,42911d00f964a520f5231fe3,357,50,3,2012-05-22 12:37:00+00:00,2012-05-22 13:27:00+00:00,150|187|1000
689,42911d00f964a520f5231fe3,357,36,2,2012-05-25 12:32:00+00:00,2012-05-25 13:08:00+00:00,187|1000
690,42911d00f964a520f5231fe3,357,45,2,2012-05-25 17:01:00+00:00,2012-05-25 17:46:00+00:00,417|992
691,42911d00f964a520f5231fe3,357,56,4,2012-05-25 19:30:00+00:00,2012-05-25 20:26:00+00:00,188|291|312|659
692,42911d00f964a520f5231fe3,357,56,3,2012-05-25 20:03:00+00:00,2012-05-25 20:59:00+00:00,291|312|1000
693,42911d00f964a520f5231fe3,357,47,2,2012-05-25 20:59:00+00:00,2012-05-25 21:46:00+00:00,18|1000
694,42911d00f964a520f5231fe3,357,36,2,2012-05-27 13:51:00+00:00,2012-05-27 14:27:00+00:00,203|319
695,42911d00f964a520f5231fe3,357,35,3,2012-05-27 16:08:00+00:00,2012-05-27 16:43:00+00:00,295|501|799
696,42911d00f964a520f5231fe3,357,5,2,2012-05-28 15:43:00+00:00,2012-05-28 15:48:00+00:00,466|685
697,42911d00f964a520f5231fe3,357,46,2,2012-05-28 16:56:00+00:00,2012-05-28 17:42:00+00:00,206|641
698,42911d00f964a520f5231fe3,357,47,2,2012-05-28 19:26:00+00:00,2012-05-28 20:13:00+00:00,436|641
699,42911d00f964a520f5231fe3,357,24,2,2012-05-29 00:16:00+00:00,2012-05-29 00:40:00+00:00,325|727
700,42911d00f964a520f5231fe3,357,32,3,2012-05-29 12:35:00+00:00,2012-05-29 13:07:00+00:00,187|608|1000
701,42911d00f964a520f5231fe3,357,48,3,2012-05-29 22:45:00+00:00,2012-05-29 23:33:00+00:00,492|502|1054
702,42911d00f964a520f5231fe3,357,42,3,2012-06-01 12:33:00+00:00,2012-06-01 13:15:00+00:00,187|626|1000
703,42911d00f964a520f5231fe3,357,53,2,2012-06-04 11:02:00+00:00,2012-06-04 11:55:00+00:00,719|982
704,42911d00f964a520f5231fe3,357,40,2,2012-06-04 11:55:00+00:00,2012-06-04 12:35:00+00:00,492|719
705,42911d00f964a520f5231fe3,357,44,3,2012-06-04 12:35:00+00:00,2012-06-04 13:19:00+00:00,187|492|626
706,42911d00f964a520f5231fe3,357,31,2,2012-06-05 12:36:00+00:00,2012-06-05 13:07:00+00:00,187|1000
707,42911d00f964a520f5231fe3,357,33,2,2012-06-05 13:07:00+00:00,2012-06-05 13:40:00+00:00,187|291
708,42911d00f964a520f5231fe3,357,6,2,2012-06-06 11:29:00+00:00,2012-06-06 11:35:00+00:00,49|405
709,42911d00f964a520f5231fe3,357,32,2,2012-06-06 12:36:00+00:00,2012-06-06 13:08:00+00:00,187|1000
710,42911d00f964a520f5231fe3,357,19,2,2012-06-06 17:32:00+00:00,2012-06-06 17:51:00+00:00,178|432
711,42911d00f964a520f5231fe3,357,55,3,2012-06-06 22:10:00+00:00,2012-06-06 23:05:00+00:00,52|128|432
712,42911d00f964a520f5231fe3,357,35,2,2012-06-07 00:14:00+00:00,2012-06-07 00:49:00+00:00,319|492
713,42911d00f964a520f5231fe3,357,5,2,2012-06-07 10:51:00+00:00,2012-06-07 10:56:00+00:00,492|1074
714,42911d00f964a520f5231fe3,357,41,3,2012-06-07 12:03:00+00:00,2012-06-07 12:44:00+00:00,221|375|1000
715,42911d00f964a520f5231fe3,357,43,3,2012-06-07 12:36:00+00:00,2012-06-07 13:19:00+00:00,187|375|1000
716,42911d00f964a520f5231fe3,357,3,2,2012-06-08 00:22:00+00:00,2012-06-08 00:25:00+00:00,368|480
717,42911d00f964a520f5231fe3,357,31,2,2012-06-08 11:23:00+00:00,2012-06-08 11:54:00+00:00,49|641
718,42911d00f964a520f5231fe3,357,38,2,2012-06-08 11:54:00+00:00,2012-06-08 12:32:00+00:00,641|1000
719,42911d00f964a520f5231fe3,357,55,4,2012-06-08 12:32:00+00:00,2012-06-08 13:27:00+00:00,187|311|924|1000
720,42911d00f964a520f5231fe3,357,57,4,2012-06-08 13:02:00+00:00,2012-06-08 13:59:00+00:00,187|311|924|1008
721,42911d00f964a520f5231fe3,357,3,2,2012-06-08 21:00:00+00:00,2012-06-08 21:03:00+00:00,480|1000
722,42911d00f964a520f5231fe3,357,60,2,2012-06-08 21:03:00+00:00,2012-06-08 22:03:00+00:00,325|1000
723,42911d00f964a520f5231fe3,357,22,2,2012-06-09 12:29:00+00:00,2012-06-09 12:51:00+00:00,632|986
724,42911d00f964a520f5231fe3,357,57,2,2012-06-09 12:51:00+00:00,2012-06-09 13:48:00+00:00,632|905
725,42911d00f964a520f5231fe3,357,57,2,2012-06-09 15:16:00+00:00,2012-06-09 16:13:00+00:00,206|1083
726,42911d00f964a520f5231fe3,357,17,3,2012-06-09 16:13:00+00:00,2012-06-09 16:30:00+00:00,143|206|888
727,42911d00f964a520f5231fe3,357,60,3,2012-06-09 18:35:00+00:00,2012-06-09 19:35:00+00:00,337|641|814
728,42911d00f964a520f5231fe3,357,55,3,2012-06-09 18:49:00+00:00,2012-06-09 19:44:00+00:00,286|641|814
729,42911d00f964a520f5231fe3,357,55,2,2012-06-11 11:00:00+00:00,2012-06-11 11:55:00+00:00,492|982
730,42911d00f964a520f5231fe3,357,35,2,2012-06-11 11:55:00+00:00,2012-06-11 12:30:00+00:00,492|905
731,42911d00f964a520f5231fe3,357,52,3,2012-06-11 12:30:00+00:00,2012-06-11 13:22:00+00:00,187|626|905
732,42911d00f964a520f5231fe3,357,43,2,2012-06-12 12:35:00+00:00,2012-06-12 13:18:00+00:00,128|187
733,42911d00f964a520f5231fe3,357,57,2,2012-06-13 02:14:00+00:00,2012-06-13 03:11:00+00:00,492|997
734,42911d00f964a520f5231fe3,357,33,3,2012-06-13 12:35:00+00:00,2012-06-13 13:08:00+00:00,187|626|1000
735,42911d00f964a520f5231fe3,357,8,2,2012-06-13 21:02:00+00:00,2012-06-13 21:10:00+00:00,337|1000
736,42911d00f964a520f5231fe3,357,42,2,2012-06-15 12:36:00+00:00,2012-06-15 13:18:00+00:00,187|1000
737,42911d00f964a520f5231fe3,357,41,2,2012-06-17 12:25:00+00:00,2012-06-17 13:06:00+00:00,305|432
738,42911d00f964a520f5231fe3,357,55,2,2012-06-17 13:06:00+00:00,2012-06-17 14:01:00+00:00,305|570
739,42911d00f964a520f5231fe3,357,43,2,2012-06-17 17:50:00+00:00,2012-06-17 18:33:00+00:00,206|368
740,42911d00f964a520f5231fe3,357,49,2,2012-06-17 20:34:00+00:00,2012-06-17 21:23:00+00:00,52|429
741,42911d00f964a520f5231fe3,357,31,2,2012-06-18 12:33:00+00:00,2012-06-18 13:04:00+00:00,626|1000
742,42911d00f964a520f5231fe3,357,9,2,2012-06-20 20:54:00+00:00,2012-06-20 21:03:00+00:00,641|1000
743,42911d00f964a520f5231fe3,357,56,5,2012-06-20 22:45:00+00:00,2012-06-20 23:41:00+00:00,14|52|502|664|857
744,42911d00f964a520f5231fe3,357,47,3,2012-06-21 12:31:00+00:00,2012-06-21 13:18:00+00:00,187|626|1000
745,42911d00f964a520f5231fe3,357,20,3,2012-06-27 12:50:00+00:00,2012-06-27 13:10:00+00:00,187|492|832
746,42911d00f964a520f5231fe3,357,1,2,2012-07-02 12:37:00+00:00,2012-07-02 12:38:00+00:00,187|1000
747,42911d00f964a520f5231fe3,357,10,2,2012-07-02 22:50:00+00:00,2012-07-02 23:00:00+00:00,664|681
748,42911d00f964a520f5231fe3,357,46,2,2012-07-03 11:47:00+00:00,2012-07-03 12:33:00+00:00,712|1000
749,42911d00f964a520f5231fe3,357,29,2,2012-07-03 22:52:00+00:00,2012-07-03 23:21:00+00:00,193|664
750,42911d00f964a520f5231fe3,357,40,2,2012-07-04 03:31:00+00:00,2012-07-04 04:11:00+00:00,712|974
751,42911d00f964a520f5231fe3,357,35,2,2012-07-06 21:04:00+00:00,2012-07-06 21:39:00+00:00,626|1083
752,42911d00f964a520f5231fe3,357,37,2,2012-07-06 21:39:00+00:00,2012-07-06 22:16:00+00:00,626|655
753,42911d00f964a520f5231fe3,357,35,2,2012-07-07 11:04:00+00:00,2012-07-07 11:39:00+00:00,632|655
754,42911d00f964a520f5231fe3,357,30,2,2012-07-07 13:46:00+00:00,2012-07-07 14:16:00+00:00,466|1056
755,42911d00f964a520f5231fe3,357,55,2,2012-07-07 19:59:00+00:00,2012-07-07 20:54:00+00:00,93|876
756,42911d00f964a520f5231fe3,357,25,3,2012-07-07 22:03:00+00:00,2012-07-07 22:28:00+00:00,187|242|736
757,42911d00f964a520f5231fe3,357,16,2,2012-07-08 18:42:00+00:00,2012-07-08 18:58:00+00:00,372|1015
758,42911d00f964a520f5231fe3,357,29,2,2012-07-08 20:56:00+00:00,2012-07-08 21:25:00+00:00,18|432
759,42911d00f964a520f5231fe3,357,59,2,2012-07-10 22:08:00+00:00,2012-07-10 23:07:00+00:00,128|492
760,42911d00f964a520f5231fe3,357,22,2,2012-07-11 12:57:00+00:00,2012-07-11 13:19:00+00:00,187|626
761,42911d00f964a520f5231fe3,357,19,2,2012-07-11 21:40:00+00:00,2012-07-11 21:59:00+00:00,289|701
762,42911d00f964a520f5231fe3,357,34,3,2012-07-12 12:25:00+00:00,2012-07-12 12:59:00+00:00,350|434|655
763,42911d00f964a520f5231fe3,357,40,2,2012-07-13 02:05:00+00:00,2012-07-13 02:45:00+00:00,337|502
764,42911d00f964a520f5231fe3,357,20,2,2012-07-13 14:11:00+00:00,2012-07-13 14:31:00+00:00,288|655
765,42911d00f964a520f5231fe3,357,44,2,2012-07-15 19:14:00+00:00,2012-07-15 19:58:00+00:00,7|350
766,42911d00f964a520f5231fe3,357,7,2,2012-07-15 23:06:00+00:00,2012-07-15 23:13:00+00:00,137|417
767,42911d00f964a520f5231fe3,357,53,2,2012-07-16 20:22:00+00:00,2012-07-16 21:15:00+00:00,137|1061
768,42911d00f964a520f5231fe3,357,29,2,2012-07-16 21:15:00+00:00,2012-07-16 21:44:00+00:00,598|1061
769,42911d00f964a520f5231fe3,357,56,3,2012-07-16 21:44:00+00:00,2012-07-16 22:40:00+00:00,94|598|681
770,42911d00f964a520f5231fe3,357,44,2,2012-07-17 11:08:00+00:00,2012-07-17 11:52:00+00:00,137|1074
771,42911d00f964a520f5231fe3,357,38,2,2012-07-17 11:52:00+00:00,2012-07-17 12:30:00+00:00,137|655
772,42911d00f964a520f5231fe3,357,49,2,2012-07-17 18:03:00+00:00,2012-07-17 18:52:00+00:00,539|641
773,42911d00f964a520f5231fe3,357,57,2,2012-07-17 20:35:00+00:00,2012-07-17 21:32:00+00:00,502|655
774,42911d00f964a520f5231fe3,357,24,2,2012-07-21 22:17:00+00:00,2012-07-21 22:41:00+00:00,350|512
775,42911d00f964a520f5231fe3,357,13,2,2012-07-22 14:35:00+00:00,2012-07-22 14:48:00+00:00,417|512
776,42911d00f964a520f5231fe3,357,39,2,2012-07-24 11:40:00+00:00,2012-07-24 12:19:00+00:00,150|832
777,42911d00f964a520f5231fe3,357,28,2,2012-07-28 02:20:00+00:00,2012-07-28 02:48:00+00:00,325|626
778,42911d00f964a520f5231fe3,357,39,3,2012-07-28 15:07:00+00:00,2012-07-28 15:46:00+00:00,93|632|736
779,42911d00f964a520f5231fe3,357,34,2,2012-08-06 12:00:00+00:00,2012-08-06 12:34:00+00:00,405|655
780,42911d00f964a520f5231fe3,357,32,2,2012-08-06 12:34:00+00:00,2012-08-06 13:06:00+00:00,626|655
781,42911d00f964a520f5231fe3,357,26,2,2012-08-09 12:59:00+00:00,2012-08-09 13:25:00+00:00,350|626
782,42911d00f964a520f5231fe3,357,39,2,2012-08-09 13:25:00+00:00,2012-08-09 14:04:00+00:00,88|350
783,42911d00f964a520f5231fe3,357,5,2,2012-08-10 01:03:00+00:00,2012-08-10 01:08:00+00:00,331|783
784,42911d00f964a520f5231fe3,357,2,2,2012-08-10 12:34:00+00:00,2012-08-10 12:36:00+00:00,350|655
785,42911d00f964a520f5231fe3,357,49,2,2012-08-11 20:08:00+00:00,2012-08-11 20:57:00+00:00,417|866
786,42911d00f964a520f5231fe3,357,56,2,2012-08-12 14:16:00+00:00,2012-08-12 15:12:00+00:00,466|1040
787,42911d00f964a520f5231fe3,357,35,2,2012-08-12 15:12:00+00:00,2012-08-12 15:47:00+00:00,442|1040
788,42911d00f964a520f5231fe3,357,29,2,2012-08-17 21:33:00+00:00,2012-08-17 22:02:00+00:00,325|876
789,42911d00f964a520f5231fe3,357,11,3,2012-08-18 18:59:00+00:00,2012-08-18 19:10:00+00:00,350|632|929
790,42911d00f964a520f5231fe3,357,41,2,2012-09-05 21:17:00+00:00,2012-09-05 21:58:00+00:00,331|1083
791,42911d00f964a520f5231fe3,357,36,2,2012-09-14 21:03:00+00:00,2012-09-14 21:39:00+00:00,325|492
792,42911d00f964a520f5231fe3,357,36,2,2012-09-14 21:39:00+00:00,2012-09-14 22:15:00+00:00,325|502
793,42911d00f964a520f5231fe3,357,56,2,2012-10-12 20:14:00+00:00,2012-10-12 21:10:00+00:00,325|337
794,42911d00f964a520f5231fe3,357,7,2,2012-10-12 21:10:00+00:00,2012-10-12 21:17:00+00:00,337|502
795,42911d00f964a520f5231fe3,357,7,2,2012-10-13 04:36:00+00:00,2012-10-13 04:43:00+00:00,143|325
796,42911d00f964a520f5231fe3,357,19,2,2012-10-17 13:01:00+00:00,2012-10-17 13:20:00+00:00,350|626
797,42911d00f964a520f5231fe3,357,56,2,2012-10-19 11:46:00+00:00,2012-10-19 12:42:00+00:00,465|502
798,42911d00f964a520f5231fe3,357,30,2,2012-10-22 23:51:00+00:00,2012-10-23 00:21:00+00:00,150|293
799,42911d00f964a520f5231fe3,357,36,2,2012-10-24 00:32:00+00:00,2012-10-24 01:08:00+00:00,138|492
800,42911d00f964a520f5231fe3,357,10,2,2012-10-25 00:50:00+00:00,2012-10-25 01:00:00+00:00,138|151
801,42911d00f964a520f5231fe3,357,60,2,2012-10-25 22:32:00+00:00,2012-10-25 23:32:00+00:00,502|539
802,42911d00f964a520f5231fe3,357,50,3,2012-10-26 22:29:00+00:00,2012-10-26 23:19:00+00:00,138|502|674
803,42911d00f964a520f5231fe3,357,19,2,2012-11-09 20:15:00+00:00,2012-11-09 20:34:00+00:00,28|641
804,42911d00f964a520f5231fe3,357,9,2,2012-11-09 22:07:00+00:00,2012-11-09 22:16:00+00:00,239|502
805,42911d00f964a520f5231fe3,357,31,2,2012-12-22 22:41:00+00:00,2012-12-22 23:12:00+00:00,6|1027
806,4297b480f964a52062241fe3,358,19,2,2012-05-19 01:27:00+00:00,2012-05-19 01:46:00+00:00,253|1040
807,4297b480f964a52062241fe3,358,41,2,2012-06-17 01:49:00+00:00,2012-06-17 02:30:00+00:00,824|1016
808,42d1b680f964a5200b261fe3,365,47,2,2012-06-10 20:26:00+00:00,2012-06-10 21:13:00+00:00,115|637
809,42ec1480f964a5209e261fe3,368,27,2,2012-08-12 16:14:00+00:00,2012-08-12 16:41:00+00:00,908|922
810,42f15a80f964a520bf261fe3,371,18,2,2012-04-27 21:50:00+00:00,2012-04-27 22:08:00+00:00,96|1049
811,430d0a00f964a5203e271fe3,375,8,2,2012-07-06 00:33:00+00:00,2012-07-06 00:41:00+00:00,62|484
812,43237380f964a520a6271fe3,382,3,2,2012-07-21 00:05:00+00:00,2012-07-21 00:08:00+00:00,255|800
813,43582f80f964a520de281fe3,389,30,2,2012-05-27 05:35:00+00:00,2012-05-27 06:05:00+00:00,208|518
814,43695300f964a5208c291fe3,391,17,2,2012-04-04 18:26:00+00:00,2012-04-04 18:43:00+00:00,196|793
815,43695300f964a5208c291fe3,391,14,2,2012-04-24 15:27:00+00:00,2012-04-24 15:41:00+00:00,503|793
816,43695300f964a5208c291fe3,391,34,2,2012-04-26 13:41:00+00:00,2012-04-26 14:15:00+00:00,124|619
817,43695300f964a5208c291fe3,391,19,2,2012-04-27 13:32:00+00:00,2012-04-27 13:51:00+00:00,124|793
818,43695300f964a5208c291fe3,391,31,2,2012-05-04 16:35:00+00:00,2012-05-04 17:06:00+00:00,124|793
819,436bf600f964a520ab291fe3,392,4,2,2012-05-08 23:13:00+00:00,2012-05-08 23:17:00+00:00,169|1083
820,438d6b12f964a520322b1fe3,396,0,2,2012-05-01 23:24:00+00:00,2012-05-01 23:24:00+00:00,594|686
821,438d6b12f964a520322b1fe3,396,17,2,2012-10-25 22:25:00+00:00,2012-10-25 22:42:00+00:00,357|701
822,43920486f964a520662b1fe3,398,14,3,2012-04-13 04:08:00+00:00,2012-04-13 04:22:00+00:00,108|646|970
823,43920486f964a520662b1fe3,398,18,2,2012-05-27 05:52:00+00:00,2012-05-27 06:10:00+00:00,266|1075
824,43920486f964a520662b1fe3,398,2,2,2012-06-08 00:43:00+00:00,2012-06-08 00:45:00+00:00,108|689
825,43920486f964a520662b1fe3,398,40,2,2012-06-09 00:45:00+00:00,2012-06-09 01:25:00+00:00,108|689
826,439c437bf964a520f02b1fe3,402,15,2,2012-07-02 18:00:00+00:00,2012-07-02 18:15:00+00:00,70|730
827,439c437bf964a520f02b1fe3,402,55,2,2012-08-17 21:14:00+00:00,2012-08-17 22:09:00+00:00,70|761
828,43a52546f964a520532c1fe3,405,47,2,2012-04-03 19:14:00+00:00,2012-04-03 20:01:00+00:00,143|194
829,43a52546f964a520532c1fe3,405,50,2,2012-04-09 14:40:00+00:00,2012-04-09 15:30:00+00:00,689|724
830,43a52546f964a520532c1fe3,405,23,2,2012-04-11 20:07:00+00:00,2012-04-11 20:30:00+00:00,123|450
831,43a52546f964a520532c1fe3,405,35,2,2012-04-13 20:20:00+00:00,2012-04-13 20:55:00+00:00,172|500
832,43a52546f964a520532c1fe3,405,41,2,2012-04-13 20:55:00+00:00,2012-04-13 21:36:00+00:00,172|175
833,43a52546f964a520532c1fe3,405,7,2,2012-04-14 18:33:00+00:00,2012-04-14 18:40:00+00:00,81|450
834,43a52546f964a520532c1fe3,405,18,2,2012-04-17 10:17:00+00:00,2012-04-17 10:35:00+00:00,143|715
835,43a52546f964a520532c1fe3,405,8,2,2012-04-19 00:15:00+00:00,2012-04-19 00:23:00+00:00,571|715
836,43a52546f964a520532c1fe3,405,37,2,2012-04-19 18:10:00+00:00,2012-04-19 18:47:00+00:00,572|806
837,43a52546f964a520532c1fe3,405,11,2,2012-04-20 09:39:00+00:00,2012-04-20 09:50:00+00:00,682|884
838,43a52546f964a520532c1fe3,405,14,2,2012-04-21 19:00:00+00:00,2012-04-21 19:14:00+00:00,199|450
839,43a52546f964a520532c1fe3,405,56,3,2012-04-22 19:52:00+00:00,2012-04-22 20:48:00+00:00,141|543|644
840,43a52546f964a520532c1fe3,405,19,2,2012-04-23 10:40:00+00:00,2012-04-23 10:59:00+00:00,15|80
841,43a52546f964a520532c1fe3,405,9,2,2012-04-23 13:31:00+00:00,2012-04-23 13:40:00+00:00,450|989
842,43a52546f964a520532c1fe3,405,23,2,2012-04-23 18:55:00+00:00,2012-04-23 19:18:00+00:00,196|361
843,43a52546f964a520532c1fe3,405,43,2,2012-04-23 19:18:00+00:00,2012-04-23 20:01:00+00:00,361|806
844,43a52546f964a520532c1fe3,405,23,2,2012-04-24 15:07:00+00:00,2012-04-24 15:30:00+00:00,689|715
845,43a52546f964a520532c1fe3,405,2,2,2012-04-25 22:22:00+00:00,2012-04-25 22:24:00+00:00,798|915
846,43a52546f964a520532c1fe3,405,39,2,2012-04-27 11:10:00+00:00,2012-04-27 11:49:00+00:00,392|915
847,43a52546f964a520532c1fe3,405,50,3,2012-04-28 15:30:00+00:00,2012-04-28 16:20:00+00:00,171|689|915
848,43a52546f964a520532c1fe3,405,8,2,2012-04-28 23:09:00+00:00,2012-04-28 23:17:00+00:00,450|915
849,43a52546f964a520532c1fe3,405,60,2,2012-05-04 15:30:00+00:00,2012-05-04 16:30:00+00:00,283|689
850,43a52546f964a520532c1fe3,405,13,2,2012-05-04 20:28:00+00:00,2012-05-04 20:41:00+00:00,266|277
851,43a52546f964a520532c1fe3,405,54,2,2012-05-05 09:42:00+00:00,2012-05-05 10:36:00+00:00,269|869
852,43a52546f964a520532c1fe3,405,37,2,2012-05-11 10:58:00+00:00,2012-05-11 11:35:00+00:00,543|869
853,43a52546f964a520532c1fe3,405,43,2,2012-05-13 10:07:00+00:00,2012-05-13 10:50:00+00:00,636|688
854,43a52546f964a520532c1fe3,405,14,2,2012-05-13 18:58:00+00:00,2012-05-13 19:12:00+00:00,543|869
855,43a52546f964a520532c1fe3,405,33,2,2012-05-13 23:44:00+00:00,2012-05-14 00:17:00+00:00,500|550
856,43a52546f964a520532c1fe3,405,8,2,2012-05-14 11:02:00+00:00,2012-05-14 11:10:00+00:00,141|659
857,43a52546f964a520532c1fe3,405,4,2,2012-05-22 11:42:00+00:00,2012-05-22 11:46:00+00:00,516|721
858,43a52546f964a520532c1fe3,405,49,2,2012-05-24 00:20:00+00:00,2012-05-24 01:09:00+00:00,129|138
859,43a52546f964a520532c1fe3,405,42,2,2012-05-25 09:30:00+00:00,2012-05-25 10:12:00+00:00,599|1040
860,43a52546f964a520532c1fe3,405,55,2,2012-05-25 22:00:00+00:00,2012-05-25 22:55:00+00:00,148|526
861,43a52546f964a520532c1fe3,405,15,2,2012-05-27 15:30:00+00:00,2012-05-27 15:45:00+00:00,450|689
862,43a52546f964a520532c1fe3,405,59,2,2012-05-31 16:57:00+00:00,2012-05-31 17:56:00+00:00,838|1042
863,43a52546f964a520532c1fe3,405,51,2,2012-05-31 20:08:00+00:00,2012-05-31 20:59:00+00:00,90|838
864,43a52546f964a520532c1fe3,405,8,2,2012-06-03 09:58:00+00:00,2012-06-03 10:06:00+00:00,644|1042
865,43a52546f964a520532c1fe3,405,31,2,2012-06-03 14:59:00+00:00,2012-06-03 15:30:00+00:00,450|689
866,43a52546f964a520532c1fe3,405,59,2,2012-06-03 20:26:00+00:00,2012-06-03 21:25:00+00:00,141|695
867,43a52546f964a520532c1fe3,405,52,2,2012-06-04 23:54:00+00:00,2012-06-05 00:46:00+00:00,119|530
868,43a52546f964a520532c1fe3,405,39,2,2012-06-05 00:46:00+00:00,2012-06-05 01:25:00+00:00,530|640
869,43a52546f964a520532c1fe3,405,57,2,2012-06-07 11:28:00+00:00,2012-06-07 12:25:00+00:00,90|937
870,43a52546f964a520532c1fe3,405,24,2,2012-06-08 11:23:00+00:00,2012-06-08 11:47:00+00:00,171|399
871,43a52546f964a520532c1fe3,405,38,3,2012-06-08 19:20:00+00:00,2012-06-08 19:58:00+00:00,384|636|683
872,43a52546f964a520532c1fe3,405,29,2,2012-06-13 00:47:00+00:00,2012-06-13 01:16:00+00:00,450|915
873,43a52546f964a520532c1fe3,405,42,3,2012-06-13 12:48:00+00:00,2012-06-13 13:30:00+00:00,282|548|915
874,43a52546f964a520532c1fe3,405,8,2,2012-06-16 23:31:00+00:00,2012-06-16 23:39:00+00:00,388|644
875,43a52546f964a520532c1fe3,405,35,2,2012-06-17 17:35:00+00:00,2012-06-17 18:10:00+00:00,737|772
876,43a52546f964a520532c1fe3,405,46,2,2012-06-17 19:32:00+00:00,2012-06-17 20:18:00+00:00,199|878
877,43a52546f964a520532c1fe3,405,28,2,2012-06-17 23:20:00+00:00,2012-06-17 23:48:00+00:00,193|683
878,43a52546f964a520532c1fe3,405,52,2,2012-06-18 01:13:00+00:00,2012-06-18 02:05:00+00:00,696|782
879,43a52546f964a520532c1fe3,405,56,2,2012-06-27 09:14:00+00:00,2012-06-27 10:10:00+00:00,429|465
880,43a52546f964a520532c1fe3,405,17,2,2012-07-12 17:24:00+00:00,2012-07-12 17:41:00+00:00,921|976
881,43a52546f964a520532c1fe3,405,47,2,2012-07-15 23:50:00+00:00,2012-07-16 00:37:00+00:00,122|143
882,43a52546f964a520532c1fe3,405,16,2,2012-07-22 12:04:00+00:00,2012-07-22 12:20:00+00:00,101|922
883,43a52546f964a520532c1fe3,405,6,2,2012-07-30 11:44:00+00:00,2012-07-30 11:50:00+00:00,101|215
884,43a52546f964a520532c1fe3,405,13,2,2012-08-05 18:17:00+00:00,2012-08-05 18:30:00+00:00,81|970
885,43a52546f964a520532c1fe3,405,53,2,2012-08-05 21:28:00+00:00,2012-08-05 22:21:00+00:00,644|992
886,43a52546f964a520532c1fe3,405,13,2,2012-08-10 20:49:00+00:00,2012-08-10 21:02:00+00:00,349|367
887,43a52546f964a520532c1fe3,405,43,2,2012-09-13 09:53:00+00:00,2012-09-13 10:36:00+00:00,804|921
888,43a52546f964a520532c1fe3,405,59,2,2012-10-11 23:04:00+00:00,2012-10-12 00:03:00+00:00,129|148
889,43a52546f964a520532c1fe3,405,3,2,2012-10-22 10:46:00+00:00,2012-10-22 10:49:00+00:00,81|988
890,43a52546f964a520532c1fe3,405,8,2,2012-11-14 16:30:00+00:00,2012-11-14 16:38:00+00:00,689|967
891,43a52546f964a520532c1fe3,405,12,2,2012-11-30 23:09:00+00:00,2012-11-30 23:21:00+00:00,127|805
892,43a72ba0f964a520672c1fe3,406,32,2,2012-05-04 02:22:00+00:00,2012-05-04 02:54:00+00:00,414|819
893,43a72ba0f964a520672c1fe3,406,57,3,2012-05-05 01:19:00+00:00,2012-05-05 02:16:00+00:00,657|733|906
894,43a72ba0f964a520672c1fe3,406,9,2,2012-05-07 00:53:00+00:00,2012-05-07 01:02:00+00:00,329|737
895,43a72ba0f964a520672c1fe3,406,49,2,2012-05-28 01:17:00+00:00,2012-05-28 02:06:00+00:00,476|653
896,43a72ba0f964a520672c1fe3,406,9,2,2012-06-04 01:06:00+00:00,2012-06-04 01:15:00+00:00,387|550
897,43a72ba0f964a520672c1fe3,406,49,2,2012-06-13 01:43:00+00:00,2012-06-13 02:32:00+00:00,660|939
898,43a72ba0f964a520672c1fe3,406,7,2,2012-07-03 01:27:00+00:00,2012-07-03 01:34:00+00:00,274|532
899,43a72ba0f964a520672c1fe3,406,34,2,2012-07-09 15:11:00+00:00,2012-07-09 15:45:00+00:00,11|416
900,43a72ba0f964a520672c1fe3,406,45,2,2012-07-21 22:03:00+00:00,2012-07-21 22:48:00+00:00,657|918
901,43bba61df964a520eb2c1fe3,407,59,2,2012-04-07 20:44:00+00:00,2012-04-07 21:43:00+00:00,58|728
902,43bba61df964a520eb2c1fe3,407,39,2,2012-04-11 22:41:00+00:00,2012-04-11 23:20:00+00:00,231|260
903,43bba61df964a520eb2c1fe3,407,45,2,2012-07-16 22:10:00+00:00,2012-07-16 22:55:00+00:00,199|519
904,43bba61df964a520eb2c1fe3,407,1,2,2012-08-19 23:19:00+00:00,2012-08-19 23:20:00+00:00,518|856
905,43c922c9f964a520972d1fe3,412,42,3,2012-04-20 00:21:00+00:00,2012-04-20 01:03:00+00:00,92|301|346
906,43c922c9f964a520972d1fe3,412,36,2,2012-05-16 21:14:00+00:00,2012-05-16 21:50:00+00:00,999|1017
907,43d64177f964a5204c2e1fe3,415,21,2,2012-05-10 21:22:00+00:00,2012-05-10 21:43:00+00:00,660|1055
908,43df8ad6f964a520b92e1fe3,417,1,2,2012-06-07 22:39:00+00:00,2012-06-07 22:40:00+00:00,728|750
909,43fe1ba4f964a520f82f1fe3,425,45,3,2012-04-12 22:07:00+00:00,2012-04-12 22:52:00+00:00,362|879|916
910,43fe1ba4f964a520f82f1fe3,425,21,2,2012-04-14 20:22:00+00:00,2012-04-14 20:43:00+00:00,235|246
911,440bdf9cf964a52079301fe3,426,8,2,2012-04-14 00:06:00+00:00,2012-04-14 00:14:00+00:00,7|149
912,440d6b93f964a5208b301fe3,427,0,2,2012-05-24 00:48:00+00:00,2012-05-24 00:48:00+00:00,169|1083
913,441a8599f964a52036311fe3,431,50,2,2012-04-19 00:01:00+00:00,2012-04-19 00:51:00+00:00,905|1059
914,441a8599f964a52036311fe3,431,3,2,2012-04-28 22:13:00+00:00,2012-04-28 22:16:00+00:00,175|1059
915,441a8599f964a52036311fe3,431,13,2,2012-06-04 23:28:00+00:00,2012-06-04 23:41:00+00:00,1055|1059
916,44510be3f964a520a0321fe3,435,9,2,2012-04-20 01:05:00+00:00,2012-04-20 01:14:00+00:00,414|559
917,44510be3f964a520a0321fe3,435,36,2,2012-05-25 22:58:00+00:00,2012-05-25 23:34:00+00:00,1004|1015
918,4459d2f1f964a520d7321fe3,436,41,2,2012-04-22 21:25:00+00:00,2012-04-22 22:06:00+00:00,276|323
919,4459d2f1f964a520d7321fe3,436,35,2,2012-04-24 04:01:00+00:00,2012-04-24 04:36:00+00:00,28|372
920,4459d2f1f964a520d7321fe3,436,55,2,2012-04-29 17:41:00+00:00,2012-04-29 18:36:00+00:00,170|533
921,4459d2f1f964a520d7321fe3,436,26,2,2012-05-04 00:21:00+00:00,2012-05-04 00:47:00+00:00,273|329
922,4459d2f1f964a520d7321fe3,436,60,3,2012-05-06 19:54:00+00:00,2012-05-06 20:54:00+00:00,656|814|943
923,4459d2f1f964a520d7321fe3,436,46,2,2012-05-15 02:10:00+00:00,2012-05-15 02:56:00+00:00,633|781
924,4459d2f1f964a520d7321fe3,436,1,2,2012-05-25 20:10:00+00:00,2012-05-25 20:11:00+00:00,329|533
925,4459d2f1f964a520d7321fe3,436,32,2,2012-05-29 00:14:00+00:00,2012-05-29 00:46:00+00:00,431|616
926,4459d2f1f964a520d7321fe3,436,53,2,2012-05-29 00:46:00+00:00,2012-05-29 01:39:00+00:00,37|616
927,4459d2f1f964a520d7321fe3,436,50,2,2012-05-31 16:28:00+00:00,2012-05-31 17:18:00+00:00,133|582
928,4459d2f1f964a520d7321fe3,436,39,2,2012-06-08 14:09:00+00:00,2012-06-08 14:48:00+00:00,180|608
929,4459d2f1f964a520d7321fe3,436,11,2,2012-08-20 11:26:00+00:00,2012-08-20 11:37:00+00:00,358|492
930,4459d2f1f964a520d7321fe3,436,38,2,2012-08-20 14:00:00+00:00,2012-08-20 14:38:00+00:00,37|674
931,447bf8f1f964a520ec331fe3,439,46,2,2012-04-21 17:21:00+00:00,2012-04-21 18:07:00+00:00,103|216
932,447bf8f1f964a520ec331fe3,439,26,2,2012-05-08 17:26:00+00:00,2012-05-08 17:52:00+00:00,280|992
933,447bf8f1f964a520ec331fe3,439,17,2,2012-05-10 00:47:00+00:00,2012-05-10 01:04:00+00:00,35|294
934,447bf8f1f964a520ec331fe3,439,32,2,2012-05-16 00:20:00+00:00,2012-05-16 00:52:00+00:00,35|463
935,447bf8f1f964a520ec331fe3,439,58,3,2012-05-17 00:58:00+00:00,2012-05-17 01:56:00+00:00,35|294|509
936,447bf8f1f964a520ec331fe3,439,47,2,2012-05-27 16:56:00+00:00,2012-05-27 17:43:00+00:00,3|79
937,447bf8f1f964a520ec331fe3,439,29,2,2012-05-29 00:26:00+00:00,2012-05-29 00:55:00+00:00,35|340
938,447bf8f1f964a520ec331fe3,439,28,2,2012-06-08 00:32:00+00:00,2012-06-08 01:00:00+00:00,35|294
939,447bf8f1f964a520ec331fe3,439,12,2,2012-07-17 01:38:00+00:00,2012-07-17 01:50:00+00:00,340|783
940,44abe943f964a52008351fe3,448,34,2,2012-05-19 18:44:00+00:00,2012-05-19 19:18:00+00:00,407|806
941,44b78a37f964a52070351fe3,451,9,2,2012-05-18 23:59:00+00:00,2012-05-19 00:08:00+00:00,688|1076
942,44b7acf4f964a52073351fe3,452,29,2,2012-05-28 18:10:00+00:00,2012-05-28 18:39:00+00:00,160|1045
943,44d8c155f964a52079361fe3,458,7,2,2012-06-20 21:42:00+00:00,2012-06-20 21:49:00+00:00,666|695
944,44d9e8dbf964a5208a361fe3,459,48,2,2012-05-06 18:12:00+00:00,2012-05-06 19:00:00+00:00,362|393
945,44e454a3f964a52053371fe3,466,10,3,2012-04-29 04:54:00+00:00,2012-04-29 05:04:00+00:00,56|527|1080
946,44e454a3f964a52053371fe3,466,12,2,2012-05-14 03:11:00+00:00,2012-05-14 03:23:00+00:00,195|1080
947,451287ebf964a520a1391fe3,475,58,2,2012-04-04 13:22:00+00:00,2012-04-04 14:20:00+00:00,983|1040
948,451287ebf964a520a1391fe3,475,15,2,2012-04-17 14:15:00+00:00,2012-04-17 14:30:00+00:00,125|983
949,451287ebf964a520a1391fe3,475,31,2,2012-05-07 12:57:00+00:00,2012-05-07 13:28:00+00:00,125|1040
950,451287ebf964a520a1391fe3,475,15,2,2012-05-14 13:14:00+00:00,2012-05-14 13:29:00+00:00,125|1040
951,451287ebf964a520a1391fe3,475,13,2,2012-05-15 12:52:00+00:00,2012-05-15 13:05:00+00:00,125|1040
952,451287ebf964a520a1391fe3,475,34,2,2012-06-07 14:52:00+00:00,2012-06-07 15:26:00+00:00,125|1040
953,451287ebf964a520a1391fe3,475,27,2,2012-06-08 12:51:00+00:00,2012-06-08 13:18:00+00:00,125|1040
954,451287ebf964a520a1391fe3,475,30,2,2012-06-18 12:51:00+00:00,2012-06-18 13:21:00+00:00,125|1040
955,451287ebf964a520a1391fe3,475,10,2,2012-06-21 13:19:00+00:00,2012-06-21 13:29:00+00:00,125|1040
956,451287ebf964a520a1391fe3,475,4,2,2012-06-27 13:19:00+00:00,2012-06-27 13:23:00+00:00,125|1040
957,451287ebf964a520a1391fe3,475,46,2,2012-07-02 14:14:00+00:00,2012-07-02 15:00:00+00:00,125|1040
958,451287ebf964a520a1391fe3,475,14,2,2012-07-11 13:13:00+00:00,2012-07-11 13:27:00+00:00,125|1040
959,451287ebf964a520a1391fe3,475,46,2,2012-07-17 12:48:00+00:00,2012-07-17 13:34:00+00:00,125|1040
960,451d2920f964a5208d3a1fe3,478,15,2,2012-11-22 02:58:00+00:00,2012-11-22 03:13:00+00:00,842|928
961,4528a216f964a520173b1fe3,479,38,2,2012-04-04 16:49:00+00:00,2012-04-04 17:27:00+00:00,34|50
962,4528a216f964a520173b1fe3,479,35,2,2012-06-11 17:50:00+00:00,2012-06-11 18:25:00+00:00,34|50
963,4528a216f964a520173b1fe3,479,31,2,2012-06-11 18:25:00+00:00,2012-06-11 18:56:00+00:00,50|204
964,452d6886f964a5204a3b1fe3,480,51,2,2012-05-10 19:53:00+00:00,2012-05-10 20:44:00+00:00,265|390
965,4531059cf964a520683b1fe3,482,60,2,2012-04-13 22:12:00+00:00,2012-04-13 23:12:00+00:00,90|1053
966,4531059cf964a520683b1fe3,482,23,2,2012-04-28 18:36:00+00:00,2012-04-28 18:59:00+00:00,809|1019
967,45396895f964a520d73b1fe3,485,38,2,2012-11-11 19:31:00+00:00,2012-11-11 20:09:00+00:00,312|496
968,453cacc7f964a520153c1fe3,486,14,2,2012-04-08 22:10:00+00:00,2012-04-08 22:24:00+00:00,10|368
969,453cacc7f964a520153c1fe3,486,6,2,2012-04-21 18:35:00+00:00,2012-04-21 18:41:00+00:00,338|799
970,453cacc7f964a520153c1fe3,486,48,2,2012-05-05 20:48:00+00:00,2012-05-05 21:36:00+00:00,10|1001
971,453cacc7f964a520153c1fe3,486,38,2,2012-06-13 23:00:00+00:00,2012-06-13 23:38:00+00:00,33|462
972,453cacc7f964a520153c1fe3,486,54,2,2012-07-04 20:38:00+00:00,2012-07-04 21:32:00+00:00,279|548
973,4558b83bf964a5204b3d1fe3,490,27,2,2012-04-19 22:40:00+00:00,2012-04-19 23:07:00+00:00,251|577
974,4558b83bf964a5204b3d1fe3,490,21,2,2012-04-21 13:43:00+00:00,2012-04-21 14:04:00+00:00,251|1076
975,4558b83bf964a5204b3d1fe3,490,21,2,2012-04-25 22:39:00+00:00,2012-04-25 23:00:00+00:00,294|577
976,4558b83bf964a5204b3d1fe3,490,43,2,2012-05-14 21:24:00+00:00,2012-05-14 22:07:00+00:00,294|1076
977,4558b83bf964a5204b3d1fe3,490,32,2,2012-06-07 22:39:00+00:00,2012-06-07 23:11:00+00:00,577|917
978,4569264af964a520de3d1fe3,491,44,2,2012-04-14 04:38:00+00:00,2012-04-14 05:22:00+00:00,276|1013
979,4573c09bf964a520893e1fe3,495,21,2,2012-04-09 23:45:00+00:00,2012-04-10 00:06:00+00:00,368|650
980,4573c09bf964a520893e1fe3,495,45,2,2012-06-06 23:21:00+00:00,2012-06-07 00:06:00+00:00,52|164
981,45a62f89f964a52003411fe3,508,31,2,2012-04-28 22:51:00+00:00,2012-04-28 23:22:00+00:00,218|662
982,45b893e3f964a520cf411fe3,512,6,2,2012-06-08 21:49:00+00:00,2012-06-08 21:55:00+00:00,676|737
983,45b893e3f964a520cf411fe3,512,5,2,2012-06-12 01:02:00+00:00,2012-06-12 01:07:00+00:00,108|814
984,45b893e3f964a520cf411fe3,512,21,2,2012-07-07 23:28:00+00:00,2012-07-07 23:49:00+00:00,84|887
985,45d78933f964a520e1421fe3,516,59,2,2012-04-20 19:49:00+00:00,2012-04-20 20:48:00+00:00,644|884
986,4606214ef964a520c6441fe3,524,25,2,2012-04-27 22:07:00+00:00,2012-04-27 22:32:00+00:00,784|992
987,460d4b66f964a52005451fe3,528,31,2,2012-06-07 19:33:00+00:00,2012-06-07 20:04:00+00:00,435|841
988,460d4b66f964a52005451fe3,528,9,2,2012-07-05 17:11:00+00:00,2012-07-05 17:20:00+00:00,140|435
989,46c981bcf964a520224a1fe3,545,26,2,2012-05-23 23:17:00+00:00,2012-05-23 23:43:00+00:00,852|927
990,46dda121f964a520924a1fe3,556,26,2,2012-05-04 00:17:00+00:00,2012-05-04 00:43:00+00:00,417|463
991,46e64370f964a520be4a1fe3,557,55,2,2012-04-28 00:07:00+00:00,2012-04-28 01:02:00+00:00,599|822
992,46e64370f964a520be4a1fe3,557,19,2,2012-10-26 00:48:00+00:00,2012-10-26 01:07:00+00:00,48|401
993,470f3ff0f964a5208e4b1fe3,565,14,3,2012-05-11 00:55:00+00:00,2012-05-11 01:09:00+00:00,35|416|978
994,470f3ff0f964a5208e4b1fe3,565,56,2,2012-05-13 01:46:00+00:00,2012-05-13 02:42:00+00:00,858|978
995,470f3ff0f964a5208e4b1fe3,565,48,2,2012-05-14 00:05:00+00:00,2012-05-14 00:53:00+00:00,230|978
996,470f3ff0f964a5208e4b1fe3,565,9,2,2012-05-23 23:47:00+00:00,2012-05-23 23:56:00+00:00,664|751
997,470f3ff0f964a5208e4b1fe3,565,22,2,2012-07-08 00:37:00+00:00,2012-07-08 00:59:00+00:00,596|989
998,472ba436f964a520ff4b1fe3,567,38,2,2012-05-13 04:59:00+00:00,2012-05-13 05:37:00+00:00,558|730
999,472ba436f964a520ff4b1fe3,567,14,2,2012-06-03 04:16:00+00:00,2012-06-03 04:30:00+00:00,280|461
1000,474d3e5df964a520a24c1fe3,570,22,2,2012-05-26 00:43:00+00:00,2012-05-26 01:05:00+00:00,253|927
1001,4750accef964a520b24c1fe3,571,39,2,2012-05-01 23:24:00+00:00,2012-05-02 00:03:00+00:00,685|703
1002,477a3514f964a520214d1fe3,576,23,2,2012-05-12 03:31:00+00:00,2012-05-12 03:54:00+00:00,170|1007
1003,477a3514f964a520214d1fe3,576,1,2,2012-10-11 23:15:00+00:00,2012-10-11 23:16:00+00:00,689|732
1004,477a3514f964a520214d1fe3,576,4,2,2012-11-06 00:11:00+00:00,2012-11-06 00:15:00+00:00,201|689
1005,47e100b9f964a520414e1fe3,577,20,2,2012-04-28 01:08:00+00:00,2012-04-28 01:28:00+00:00,649|868
1006,4800619cf964a520ec4e1fe3,581,9,2,2012-05-13 08:06:00+00:00,2012-05-13 08:15:00+00:00,279|660
1007,481dfa3af964a5207f4f1fe3,583,36,2,2012-04-24 12:37:00+00:00,2012-04-24 13:13:00+00:00,71|1018
1008,4839a8ddf964a5200e501fe3,586,17,2,2012-04-07 18:05:00+00:00,2012-04-07 18:22:00+00:00,90|1030
1009,4840fe6bf964a52030501fe3,587,40,2,2012-04-04 11:32:00+00:00,2012-04-04 12:12:00+00:00,453|456
1010,4840fe6bf964a52030501fe3,587,31,2,2012-04-04 12:12:00+00:00,2012-04-04 12:43:00+00:00,453|766
1011,4840fe6bf964a52030501fe3,587,11,2,2012-04-07 16:53:00+00:00,2012-04-07 17:04:00+00:00,624|830
1012,4840fe6bf964a52030501fe3,587,8,3,2012-04-07 18:38:00+00:00,2012-04-07 18:46:00+00:00,81|212|766
1013,4840fe6bf964a52030501fe3,587,49,2,2012-04-09 21:18:00+00:00,2012-04-09 22:07:00+00:00,453|766
1014,4840fe6bf964a52030501fe3,587,14,2,2012-04-12 00:39:00+00:00,2012-04-12 00:53:00+00:00,495|593
1015,4840fe6bf964a52030501fe3,587,56,2,2012-04-12 12:39:00+00:00,2012-04-12 13:35:00+00:00,397|766
1016,4840fe6bf964a52030501fe3,587,52,3,2012-04-13 11:52:00+00:00,2012-04-13 12:44:00+00:00,113|478|766
1017,4840fe6bf964a52030501fe3,587,47,2,2012-04-14 19:51:00+00:00,2012-04-14 20:38:00+00:00,113|766
1018,4840fe6bf964a52030501fe3,587,18,2,2012-04-16 12:49:00+00:00,2012-04-16 13:07:00+00:00,210|766
1019,4840fe6bf964a52030501fe3,587,36,2,2012-04-16 19:36:00+00:00,2012-04-16 20:12:00+00:00,391|467
1020,4840fe6bf964a52030501fe3,587,30,3,2012-04-17 12:12:00+00:00,2012-04-17 12:42:00+00:00,453|766|820
1021,4840fe6bf964a52030501fe3,587,23,2,2012-04-18 21:31:00+00:00,2012-04-18 21:54:00+00:00,453|766
1022,4840fe6bf964a52030501fe3,587,59,2,2012-04-19 11:12:00+00:00,2012-04-19 12:11:00+00:00,453|467
1023,4840fe6bf964a52030501fe3,587,9,2,2012-04-23 00:50:00+00:00,2012-04-23 00:59:00+00:00,495|880
1024,4840fe6bf964a52030501fe3,587,50,3,2012-04-24 15:15:00+00:00,2012-04-24 16:05:00+00:00,448|468|495
1025,4840fe6bf964a52030501fe3,587,55,2,2012-04-25 12:28:00+00:00,2012-04-25 13:23:00+00:00,4|453
1026,4840fe6bf964a52030501fe3,587,60,2,2012-04-25 13:23:00+00:00,2012-04-25 14:23:00+00:00,4|939
1027,4840fe6bf964a52030501fe3,587,24,2,2012-04-25 19:44:00+00:00,2012-04-25 20:08:00+00:00,467|495
1028,4840fe6bf964a52030501fe3,587,1,2,2012-04-26 00:37:00+00:00,2012-04-26 00:38:00+00:00,307|593
1029,4840fe6bf964a52030501fe3,587,41,2,2012-04-27 10:41:00+00:00,2012-04-27 11:22:00+00:00,391|443
1030,4840fe6bf964a52030501fe3,587,47,2,2012-04-27 11:22:00+00:00,2012-04-27 12:09:00+00:00,443|820
1031,4840fe6bf964a52030501fe3,587,26,2,2012-04-27 12:09:00+00:00,2012-04-27 12:35:00+00:00,766|820
1032,4840fe6bf964a52030501fe3,587,25,2,2012-04-27 21:30:00+00:00,2012-04-27 21:55:00+00:00,453|766
1033,4840fe6bf964a52030501fe3,587,39,2,2012-04-29 15:15:00+00:00,2012-04-29 15:54:00+00:00,4|1049
1034,4840fe6bf964a52030501fe3,587,22,2,2012-05-07 21:53:00+00:00,2012-05-07 22:15:00+00:00,443|766
1035,4840fe6bf964a52030501fe3,587,56,2,2012-05-09 12:04:00+00:00,2012-05-09 13:00:00+00:00,766|820
1036,4840fe6bf964a52030501fe3,587,23,2,2012-05-11 12:16:00+00:00,2012-05-11 12:39:00+00:00,453|766
1037,4840fe6bf964a52030501fe3,587,19,2,2012-05-11 21:48:00+00:00,2012-05-11 22:07:00+00:00,443|766
1038,4840fe6bf964a52030501fe3,587,55,3,2012-05-12 00:03:00+00:00,2012-05-12 00:58:00+00:00,282|391|613
1039,4840fe6bf964a52030501fe3,587,50,2,2012-05-15 00:02:00+00:00,2012-05-15 00:52:00+00:00,391|492
1040,4840fe6bf964a52030501fe3,587,30,3,2012-05-15 12:10:00+00:00,2012-05-15 12:40:00+00:00,453|744|766
1041,4840fe6bf964a52030501fe3,587,12,2,2012-05-15 22:13:00+00:00,2012-05-15 22:25:00+00:00,443|456
1042,4840fe6bf964a52030501fe3,587,31,2,2012-05-16 12:06:00+00:00,2012-05-16 12:37:00+00:00,453|766
1043,4840fe6bf964a52030501fe3,587,34,3,2012-05-18 22:21:00+00:00,2012-05-18 22:55:00+00:00,358|443|633
1044,4840fe6bf964a52030501fe3,587,60,2,2012-05-19 13:28:00+00:00,2012-05-19 14:28:00+00:00,400|448
1045,4840fe6bf964a52030501fe3,587,5,2,2012-05-27 14:21:00+00:00,2012-05-27 14:26:00+00:00,364|650
1046,4840fe6bf964a52030501fe3,587,14,2,2012-05-27 20:58:00+00:00,2012-05-27 21:12:00+00:00,270|507
1047,4840fe6bf964a52030501fe3,587,32,2,2012-05-28 20:25:00+00:00,2012-05-28 20:57:00+00:00,649|1061
1048,4840fe6bf964a52030501fe3,587,8,2,2012-05-31 22:00:00+00:00,2012-05-31 22:08:00+00:00,443|766
1049,4840fe6bf964a52030501fe3,587,21,2,2012-06-02 22:02:00+00:00,2012-06-02 22:23:00+00:00,270|766
1050,4840fe6bf964a52030501fe3,587,1,2,2012-06-03 23:46:00+00:00,2012-06-03 23:47:00+00:00,443|593
1051,4840fe6bf964a52030501fe3,587,45,2,2012-06-04 09:17:00+00:00,2012-06-04 10:02:00+00:00,593|1012
1052,4840fe6bf964a52030501fe3,587,43,3,2012-06-04 21:23:00+00:00,2012-06-04 22:06:00+00:00,453|490|766
1053,4840fe6bf964a52030501fe3,587,44,2,2012-06-05 12:37:00+00:00,2012-06-05 13:21:00+00:00,766|865
1054,4840fe6bf964a52030501fe3,587,42,2,2012-06-06 12:40:00+00:00,2012-06-06 13:22:00+00:00,766|865
1055,4840fe6bf964a52030501fe3,587,24,2,2012-06-07 13:03:00+00:00,2012-06-07 13:27:00+00:00,766|865
1056,4840fe6bf964a52030501fe3,587,44,2,2012-06-08 11:55:00+00:00,2012-06-08 12:39:00+00:00,641|766
1057,4840fe6bf964a52030501fe3,587,18,2,2012-06-08 23:57:00+00:00,2012-06-09 00:15:00+00:00,596|744
1058,4840fe6bf964a52030501fe3,587,44,2,2012-06-09 00:15:00+00:00,2012-06-09 00:59:00+00:00,282|596
1059,4840fe6bf964a52030501fe3,587,3,2,2012-06-11 12:39:00+00:00,2012-06-11 12:42:00+00:00,453|766
1060,4840fe6bf964a52030501fe3,587,38,2,2012-06-12 11:35:00+00:00,2012-06-12 12:13:00+00:00,453|766
1061,4840fe6bf964a52030501fe3,587,59,2,2012-06-13 11:46:00+00:00,2012-06-13 12:45:00+00:00,443|766
1062,4840fe6bf964a52030501fe3,587,31,2,2012-06-21 12:23:00+00:00,2012-06-21 12:54:00+00:00,453|766
1063,4840fe6bf964a52030501fe3,587,23,2,2012-07-03 21:48:00+00:00,2012-07-03 22:11:00+00:00,358|1045
1064,4840fe6bf964a52030501fe3,587,18,2,2012-07-06 12:00:00+00:00,2012-07-06 12:18:00+00:00,137|453
1065,4840fe6bf964a52030501fe3,587,57,2,2012-07-06 12:18:00+00:00,2012-07-06 13:15:00+00:00,453|865
1066,4840fe6bf964a52030501fe3,587,24,2,2012-07-09 11:45:00+00:00,2012-07-09 12:09:00+00:00,137|453
1067,4840fe6bf964a52030501fe3,587,44,2,2012-08-09 10:37:00+00:00,2012-08-09 11:21:00+00:00,137|343
1068,4840fe6bf964a52030501fe3,587,2,2,2012-08-12 18:44:00+00:00,2012-08-12 18:46:00+00:00,744|1045
1069,4840fe6bf964a52030501fe3,587,18,2,2012-08-17 18:51:00+00:00,2012-08-17 19:09:00+00:00,358|617
1070,4840fe6bf964a52030501fe3,587,13,2,2012-11-09 12:52:00+00:00,2012-11-09 13:05:00+00:00,492|719
1071,4840fe6bf964a52030501fe3,587,31,3,2012-12-08 19:26:00+00:00,2012-12-08 19:57:00+00:00,36|232|821
1072,4840fef8f964a52031501fe3,588,19,2,2012-04-04 23:03:00+00:00,2012-04-04 23:22:00+00:00,368|883
1073,485e640df964a520d7501fe3,592,32,3,2012-07-10 23:10:00+00:00,2012-07-10 23:42:00+00:00,152|804|927
1074,485e640df964a520d7501fe3,592,60,3,2012-07-10 23:36:00+00:00,2012-07-11 00:36:00+00:00,18|152|927
1075,485e640df964a520d7501fe3,592,9,2,2012-07-27 23:12:00+00:00,2012-07-27 23:21:00+00:00,148|563
1076,485e640df964a520d7501fe3,592,28,2,2012-08-10 22:58:00+00:00,2012-08-10 23:26:00+00:00,61|197
1077,4864629bf964a520e6501fe3,594,0,2,2012-05-14 21:32:00+00:00,2012-05-14 21:32:00+00:00,434|669
1078,48821a51f964a52033511fe3,597,11,3,2012-05-11 22:15:00+00:00,2012-05-11 22:26:00+00:00,375|457|1051
1079,48821a51f964a52033511fe3,597,14,2,2012-07-20 22:47:00+00:00,2012-07-20 23:01:00+00:00,375|756
1080,488deef8f964a52058511fe3,598,8,2,2012-05-17 01:00:00+00:00,2012-05-17 01:08:00+00:00,431|612
1081,488deef8f964a52058511fe3,598,28,2,2012-06-07 01:29:00+00:00,2012-06-07 01:57:00+00:00,830|925
1082,488deef8f964a52058511fe3,598,13,3,2012-07-01 03:24:00+00:00,2012-07-01 03:37:00+00:00,166|418|697
1083,48c91543f964a520e4511fe3,602,32,2,2012-05-26 05:50:00+00:00,2012-05-26 06:22:00+00:00,39|970
1084,48e0bd97f964a5201a521fe3,603,21,2,2012-05-01 22:17:00+00:00,2012-05-01 22:38:00+00:00,33|822
1085,48f0fcdcf964a52041521fe3,605,24,2,2012-11-24 05:13:00+00:00,2012-11-24 05:37:00+00:00,89|956
1086,4901ef67f964a5205b521fe3,608,31,2,2012-04-03 23:30:00+00:00,2012-04-04 00:01:00+00:00,255|721
1087,4901ef67f964a5205b521fe3,608,18,2,2012-07-08 18:09:00+00:00,2012-07-08 18:27:00+00:00,856|1001
1088,49a411d4f964a5209b521fe3,613,13,2,2012-05-05 21:01:00+00:00,2012-05-05 21:14:00+00:00,760|1076
1089,49a71dd1f964a520a0521fe3,615,41,2,2012-05-27 23:28:00+00:00,2012-05-28 00:09:00+00:00,688|1064
1090,49b0c608f964a520cd521fe3,616,51,2,2012-06-09 00:29:00+00:00,2012-06-09 01:20:00+00:00,513|530
1091,49b1f97af964a520dd521fe3,618,35,2,2012-04-08 01:21:00+00:00,2012-04-08 01:56:00+00:00,674|727
1092,49b5889bf964a520fa521fe3,620,37,2,2012-04-21 18:41:00+00:00,2012-04-21 19:18:00+00:00,114|858
1093,49b6d0b4f964a52012531fe3,622,15,2,2012-04-04 13:01:00+00:00,2012-04-04 13:16:00+00:00,499|696
1094,49b6d0b4f964a52012531fe3,622,25,2,2012-04-25 13:00:00+00:00,2012-04-25 13:25:00+00:00,57|499
1095,49b79f54f964a5202c531fe3,624,48,2,2012-05-05 18:50:00+00:00,2012-05-05 19:38:00+00:00,313|1013
1096,49b7ed6df964a52030531fe3,625,1,2,2012-04-09 14:22:00+00:00,2012-04-09 14:23:00+00:00,70|176
1097,49b7ed6df964a52030531fe3,625,1,2,2012-04-12 20:32:00+00:00,2012-04-12 20:33:00+00:00,478|495
1098,49b7ed6df964a52030531fe3,625,59,2,2012-04-17 19:09:00+00:00,2012-04-17 20:08:00+00:00,70|1012
1099,49b7ed6df964a52030531fe3,625,26,2,2012-04-18 17:34:00+00:00,2012-04-18 18:00:00+00:00,119|615
1100,49b7ed6df964a52030531fe3,625,59,3,2012-04-18 23:13:00+00:00,2012-04-19 00:12:00+00:00,70|329|389
1101,49b7ed6df964a52030531fe3,625,37,2,2012-04-20 00:43:00+00:00,2012-04-20 01:20:00+00:00,70|660
1102,49b7ed6df964a52030531fe3,625,58,2,2012-04-21 01:37:00+00:00,2012-04-21 02:35:00+00:00,318|389
1103,49b7ed6df964a52030531fe3,625,3,2,2012-04-23 00:32:00+00:00,2012-04-23 00:35:00+00:00,119|880
1104,49b7ed6df964a52030531fe3,625,36,2,2012-04-24 23:27:00+00:00,2012-04-25 00:03:00+00:00,527|730
1105,49b7ed6df964a52030531fe3,625,44,3,2012-04-25 16:16:00+00:00,2012-04-25 17:00:00+00:00,70|497|730
1106,49b7ed6df964a52030531fe3,625,59,3,2012-04-25 16:46:00+00:00,2012-04-25 17:45:00+00:00,70|495|730
1107,49b7ed6df964a52030531fe3,625,49,2,2012-04-25 17:45:00+00:00,2012-04-25 18:34:00+00:00,279|495
1108,49b7ed6df964a52030531fe3,625,19,2,2012-04-25 23:12:00+00:00,2012-04-25 23:31:00+00:00,176|329
1109,49b7ed6df964a52030531fe3,625,31,2,2012-05-01 17:00:00+00:00,2012-05-01 17:31:00+00:00,730|814
1110,49b7ed6df964a52030531fe3,625,18,2,2012-05-08 22:03:00+00:00,2012-05-08 22:21:00+00:00,70|130
1111,49b7ed6df964a52030531fe3,625,52,2,2012-05-13 00:01:00+00:00,2012-05-13 00:53:00+00:00,664|1015
1112,49b7ed6df964a52030531fe3,625,22,2,2012-05-13 00:53:00+00:00,2012-05-13 01:15:00+00:00,441|1015
1113,49b7ed6df964a52030531fe3,625,55,3,2012-05-19 16:41:00+00:00,2012-05-19 17:36:00+00:00,178|730|962
1114,49b7ed6df964a52030531fe3,625,26,2,2012-05-21 23:11:00+00:00,2012-05-21 23:37:00+00:00,254|677
1115,49b7ed6df964a52030531fe3,625,34,2,2012-05-29 22:09:00+00:00,2012-05-29 22:43:00+00:00,216|912
1116,49b7ed6df964a52030531fe3,625,35,2,2012-06-03 16:25:00+00:00,2012-06-03 17:00:00+00:00,730|962
1117,49b7ed6df964a52030531fe3,625,39,3,2012-06-03 17:00:00+00:00,2012-06-03 17:39:00+00:00,663|730|891
1118,49b7ed6df964a52030531fe3,625,45,2,2012-06-04 00:17:00+00:00,2012-06-04 01:02:00+00:00,629|1020
1119,49b7ed6df964a52030531fe3,625,57,2,2012-06-09 16:03:00+00:00,2012-06-09 17:00:00+00:00,730|962
1120,49b7ed6df964a52030531fe3,625,57,2,2012-06-12 17:00:00+00:00,2012-06-12 17:57:00+00:00,52|730
1121,49b7ed6df964a52030531fe3,625,28,3,2012-07-02 17:00:00+00:00,2012-07-02 17:28:00+00:00,2|70|730
1122,49b7ed6df964a52030531fe3,625,28,2,2012-07-09 16:32:00+00:00,2012-07-09 17:00:00+00:00,313|730
1123,49b7ed6df964a52030531fe3,625,52,2,2012-07-12 04:14:00+00:00,2012-07-12 05:06:00+00:00,64|629
1124,49b7ed6df964a52030531fe3,625,59,2,2012-07-16 21:05:00+00:00,2012-07-16 22:04:00+00:00,70|938
1125,49b7ed6df964a52030531fe3,625,40,3,2012-08-11 01:47:00+00:00,2012-08-11 02:27:00+00:00,70|476|900
1126,49b7ed6df964a52030531fe3,625,14,2,2012-08-11 17:00:00+00:00,2012-08-11 17:14:00+00:00,730|972
1127,49b7ed6df964a52030531fe3,625,41,2,2012-10-22 16:19:00+00:00,2012-10-22 17:00:00+00:00,313|730
1128,49b7ed6df964a52030531fe3,625,40,2,2012-11-09 18:00:00+00:00,2012-11-09 18:40:00+00:00,130|730
1129,49b87b8cf964a52044531fe3,627,31,2,2012-05-07 20:14:00+00:00,2012-05-07 20:45:00+00:00,492|953
1130,49b87b8cf964a52044531fe3,627,37,2,2012-10-24 12:29:00+00:00,2012-10-24 13:06:00+00:00,129|953
1131,49bd3095f964a52055541fe3,639,44,2,2012-07-14 03:21:00+00:00,2012-07-14 04:05:00+00:00,295|676
1132,49bd4e25f964a52067541fe3,640,55,2,2012-09-14 21:27:00+00:00,2012-09-14 22:22:00+00:00,614|848
1133,49bed279f964a520e4541fe3,645,1,2,2012-04-15 05:16:00+00:00,2012-04-15 05:17:00+00:00,310|904
1134,49c046f1f964a5205b551fe3,647,9,2,2012-04-25 22:14:00+00:00,2012-04-25 22:23:00+00:00,798|915
1135,49c046f1f964a5205b551fe3,647,17,2,2012-05-23 22:19:00+00:00,2012-05-23 22:36:00+00:00,138|915
1136,49c046f1f964a5205b551fe3,647,53,2,2012-06-07 20:19:00+00:00,2012-06-07 21:12:00+00:00,746|915
1137,49c180edf964a520af551fe3,649,7,2,2012-05-28 06:47:00+00:00,2012-05-28 06:54:00+00:00,491|640
1138,49c27575f964a520f1551fe3,652,0,2,2012-04-07 16:00:00+00:00,2012-04-07 16:00:00+00:00,14|979
1139,49c27575f964a520f1551fe3,652,56,2,2012-04-25 21:02:00+00:00,2012-04-25 21:58:00+00:00,280|833
1140,49c27575f964a520f1551fe3,652,18,2,2012-05-12 17:54:00+00:00,2012-05-12 18:12:00+00:00,155|985
1141,49c27575f964a520f1551fe3,652,38,2,2012-05-16 19:15:00+00:00,2012-05-16 19:53:00+00:00,904|1027
1142,49c27575f964a520f1551fe3,652,54,2,2012-05-25 20:10:00+00:00,2012-05-25 21:04:00+00:00,409|474
1143,49c27575f964a520f1551fe3,652,32,2,2012-06-01 17:04:00+00:00,2012-06-01 17:36:00+00:00,290|577
1144,49c2df9cf964a5203b561fe3,653,33,2,2012-06-08 00:43:00+00:00,2012-06-08 01:16:00+00:00,532|594
1145,49c2df9cf964a5203b561fe3,653,16,2,2012-06-27 00:54:00+00:00,2012-06-27 01:10:00+00:00,268|786
1146,49c2df9cf964a5203b561fe3,653,57,2,2012-08-13 16:50:00+00:00,2012-08-13 17:47:00+00:00,783|1045
1147,49c39ed6f964a52066561fe3,655,48,3,2012-07-04 16:53:00+00:00,2012-07-04 17:41:00+00:00,286|696|918
1148,49c64842f964a5202e571fe3,660,2,2,2012-05-27 22:45:00+00:00,2012-05-27 22:47:00+00:00,150|633
1149,49c64842f964a5202e571fe3,660,1,2,2012-10-24 12:08:00+00:00,2012-10-24 12:09:00+00:00,154|602
1150,49c9358af964a52040581fe3,668,27,2,2012-12-03 17:38:00+00:00,2012-12-03 18:05:00+00:00,229|460
1151,49c9660bf964a5205d581fe3,671,24,2,2012-06-04 12:13:00+00:00,2012-06-04 12:37:00+00:00,201|322
1152,49cbb6f9f964a5200f591fe3,674,53,2,2012-04-07 20:44:00+00:00,2012-04-07 21:37:00+00:00,518|1013
1153,49cbb6f9f964a5200f591fe3,674,8,2,2012-05-05 15:44:00+00:00,2012-05-05 15:52:00+00:00,119|1013
1154,49cbb6f9f964a5200f591fe3,674,21,2,2012-10-11 20:34:00+00:00,2012-10-11 20:55:00+00:00,539|688
1155,49cbcc5cf964a5201d591fe3,675,57,2,2012-04-09 16:05:00+00:00,2012-04-09 17:02:00+00:00,116|164
1156,49ccb947f964a5208c591fe3,678,50,2,2012-06-07 22:27:00+00:00,2012-06-07 23:17:00+00:00,550|564
1157,49ce965bf964a520605a1fe3,685,3,2,2012-04-18 00:40:00+00:00,2012-04-18 00:43:00+00:00,47|659
1158,49cfef8cf964a520e65a1fe3,689,55,2,2012-04-14 14:32:00+00:00,2012-04-14 15:27:00+00:00,778|814
1159,49d012ecf964a520fc5a1fe3,691,2,2,2012-09-09 15:43:00+00:00,2012-09-09 15:45:00+00:00,788|857
1160,49d012ecf964a520fc5a1fe3,691,31,2,2012-09-09 21:15:00+00:00,2012-09-09 21:46:00+00:00,352|866
1161,49d4ce02f964a5204e5c1fe3,701,7,2,2012-05-28 03:14:00+00:00,2012-05-28 03:21:00+00:00,440|943
1162,49d60947f964a520a85c1fe3,702,40,2,2012-04-07 16:40:00+00:00,2012-04-07 17:20:00+00:00,390|536
1163,49d60947f964a520a85c1fe3,702,55,4,2012-04-08 16:38:00+00:00,2012-04-08 17:33:00+00:00,202|368|536|707
1164,49d60947f964a520a85c1fe3,702,31,3,2012-04-10 22:00:00+00:00,2012-04-10 22:31:00+00:00,211|371|428
1165,49d60947f964a520a85c1fe3,702,12,2,2012-04-11 18:00:00+00:00,2012-04-11 18:12:00+00:00,73|419
1166,49d60947f964a520a85c1fe3,702,18,3,2012-04-20 23:58:00+00:00,2012-04-21 00:16:00+00:00,417|863|1028
1167,49d60947f964a520a85c1fe3,702,0,2,2012-04-23 20:07:00+00:00,2012-04-23 20:07:00+00:00,938|949
1168,49d60947f964a520a85c1fe3,702,36,3,2012-04-24 22:17:00+00:00,2012-04-24 22:53:00+00:00,496|938|964
1169,49d60947f964a520a85c1fe3,702,48,5,2012-04-25 21:57:00+00:00,2012-04-25 22:45:00+00:00,211|331|390|398|608
1170,49d60947f964a520a85c1fe3,702,42,5,2012-04-25 22:27:00+00:00,2012-04-25 23:09:00+00:00,206|331|390|398|608
1171,49d60947f964a520a85c1fe3,702,52,4,2012-04-25 22:44:00+00:00,2012-04-25 23:36:00+00:00,54|206|331|608
1172,49d60947f964a520a85c1fe3,702,51,4,2012-05-04 21:47:00+00:00,2012-05-04 22:38:00+00:00,73|365|719|734
1173,49d60947f964a520a85c1fe3,702,57,3,2012-05-04 22:20:00+00:00,2012-05-04 23:17:00+00:00,194|365|734
1174,49d60947f964a520a85c1fe3,702,24,2,2012-05-04 23:17:00+00:00,2012-05-04 23:41:00+00:00,191|194
1175,49d60947f964a520a85c1fe3,702,55,3,2012-05-05 19:31:00+00:00,2012-05-05 20:26:00+00:00,364|504|1028
1176,49d60947f964a520a85c1fe3,702,32,2,2012-05-06 16:33:00+00:00,2012-05-06 17:05:00+00:00,445|938
1177,49d60947f964a520a85c1fe3,702,54,4,2012-05-14 22:11:00+00:00,2012-05-14 23:05:00+00:00,73|260|496|510
1178,49d60947f964a520a85c1fe3,702,33,2,2012-05-16 23:55:00+00:00,2012-05-17 00:28:00+00:00,442|989
1179,49d60947f964a520a85c1fe3,702,24,2,2012-05-25 21:04:00+00:00,2012-05-25 21:28:00+00:00,815|907
1180,49d60947f964a520a85c1fe3,702,43,3,2012-05-25 23:18:00+00:00,2012-05-26 00:01:00+00:00,95|296|624
1181,49d60947f964a520a85c1fe3,702,28,2,2012-05-27 17:18:00+00:00,2012-05-27 17:46:00+00:00,129|827
1182,49d60947f964a520a85c1fe3,702,30,2,2012-05-28 15:13:00+00:00,2012-05-28 15:43:00+00:00,445|553
1183,49d60947f964a520a85c1fe3,702,33,3,2012-05-28 19:24:00+00:00,2012-05-28 19:57:00+00:00,315|364|827
1184,49d60947f964a520a85c1fe3,702,39,3,2012-07-03 22:36:00+00:00,2012-07-03 23:15:00+00:00,95|331|536
1185,49d60947f964a520a85c1fe3,702,57,3,2012-07-03 22:46:00+00:00,2012-07-03 23:43:00+00:00,331|536|727
1186,49d60947f964a520a85c1fe3,702,40,4,2012-07-03 23:15:00+00:00,2012-07-03 23:55:00+00:00,47|331|624|727
1187,49d60947f964a520a85c1fe3,702,41,4,2012-07-06 22:39:00+00:00,2012-07-06 23:20:00+00:00,404|942|999|1042
1188,49d60947f964a520a85c1fe3,702,54,3,2012-07-07 19:36:00+00:00,2012-07-07 20:30:00+00:00,512|588|938
1189,49d60947f964a520a85c1fe3,702,54,2,2012-08-12 23:28:00+00:00,2012-08-13 00:22:00+00:00,223|512
1190,49d7dbf5f964a5206c5d1fe3,708,33,2,2012-06-12 23:19:00+00:00,2012-06-12 23:52:00+00:00,384|674
1191,49d91905f964a520005e1fe3,710,17,2,2012-05-23 22:48:00+00:00,2012-05-23 23:05:00+00:00,459|515
1192,49d95652f964a520235e1fe3,713,3,2,2012-04-04 23:44:00+00:00,2012-04-04 23:47:00+00:00,598|1040
1193,49db721df964a520d35e1fe3,720,1,2,2012-06-13 01:04:00+00:00,2012-06-13 01:05:00+00:00,986|1054
1194,49db721df964a520d35e1fe3,720,32,2,2012-10-26 23:56:00+00:00,2012-10-27 00:28:00+00:00,147|672
1195,49de0156f964a52021601fe3,726,30,2,2012-04-08 17:59:00+00:00,2012-04-08 18:29:00+00:00,176|405
1196,49de0156f964a52021601fe3,726,49,2,2012-04-18 00:42:00+00:00,2012-04-18 01:31:00+00:00,527|987
1197,49de0156f964a52021601fe3,726,28,2,2012-04-29 00:32:00+00:00,2012-04-29 01:00:00+00:00,527|929
1198,49de0156f964a52021601fe3,726,22,2,2012-06-17 16:46:00+00:00,2012-06-17 17:08:00+00:00,804|970
1199,49de0156f964a52021601fe3,726,51,3,2012-07-17 11:48:00+00:00,2012-07-17 12:39:00+00:00,435|451|929
1200,49e17f24f964a520d1611fe3,731,41,2,2012-04-07 23:12:00+00:00,2012-04-07 23:53:00+00:00,731|1001
1201,49e17f24f964a520d1611fe3,731,17,2,2012-04-10 23:32:00+00:00,2012-04-10 23:49:00+00:00,58|409
1202,49e17f24f964a520d1611fe3,731,42,2,2012-04-15 01:57:00+00:00,2012-04-15 02:39:00+00:00,58|632
1203,49e17f24f964a520d1611fe3,731,38,2,2012-05-19 01:39:00+00:00,2012-05-19 02:17:00+00:00,62|244
1204,49e17f24f964a520d1611fe3,731,18,2,2012-05-28 01:53:00+00:00,2012-05-28 02:11:00+00:00,427|1031
1205,49e17f24f964a520d1611fe3,731,42,2,2012-06-09 01:23:00+00:00,2012-06-09 02:05:00+00:00,76|513
1206,49e17f24f964a520d1611fe3,731,7,2,2012-06-17 16:32:00+00:00,2012-06-17 16:39:00+00:00,150|571
1207,49e17f24f964a520d1611fe3,731,60,2,2012-07-05 20:17:00+00:00,2012-07-05 21:17:00+00:00,152|696
1208,49e17f24f964a520d1611fe3,731,28,2,2012-08-13 22:30:00+00:00,2012-08-13 22:58:00+00:00,800|980
1209,49e36914f964a5207b621fe3,735,22,2,2012-04-12 22:14:00+00:00,2012-04-12 22:36:00+00:00,342|681
1210,49e3a2b3f964a520a6621fe3,736,26,2,2012-04-09 17:56:00+00:00,2012-04-09 18:22:00+00:00,280|713
1211,49e3a2b3f964a520a6621fe3,736,17,2,2012-04-19 18:55:00+00:00,2012-04-19 19:12:00+00:00,178|912
1212,49e3a2b3f964a520a6621fe3,736,50,2,2012-05-07 14:47:00+00:00,2012-05-07 15:37:00+00:00,280|311
1213,49e4a769f964a52015631fe3,740,32,2,2012-04-27 14:18:00+00:00,2012-04-27 14:50:00+00:00,354|1021
1214,49e4a769f964a52015631fe3,740,35,2,2012-05-28 22:25:00+00:00,2012-05-28 23:00:00+00:00,474|930
1215,49e4a769f964a52015631fe3,740,39,2,2012-06-10 18:18:00+00:00,2012-06-10 18:57:00+00:00,354|1010
1216,49e4a769f964a52015631fe3,740,48,2,2012-07-05 01:37:00+00:00,2012-07-05 02:25:00+00:00,354|922
1217,49e4a769f964a52015631fe3,740,35,2,2012-07-08 19:44:00+00:00,2012-07-08 20:19:00+00:00,86|709
1218,49e4ec34f964a5206e631fe3,743,56,2,2012-04-12 22:55:00+00:00,2012-04-12 23:51:00+00:00,704|716
1219,49e4ec34f964a5206e631fe3,743,40,2,2012-04-15 17:02:00+00:00,2012-04-15 17:42:00+00:00,188|570
1220,49e4ec34f964a5206e631fe3,743,31,2,2012-04-27 21:36:00+00:00,2012-04-27 22:07:00+00:00,704|916
1221,49e644c6f964a5202f641fe3,746,47,2,2012-04-21 23:22:00+00:00,2012-04-22 00:09:00+00:00,802|1056
1222,49e7c7c6f964a5201b651fe3,750,38,2,2012-04-17 21:34:00+00:00,2012-04-17 22:12:00+00:00,184|746
1223,49e7c7c6f964a5201b651fe3,750,38,2,2012-05-01 20:31:00+00:00,2012-05-01 21:09:00+00:00,746|865
1224,49e7ce15f964a5201d651fe3,751,38,2,2012-05-04 23:04:00+00:00,2012-05-04 23:42:00+00:00,529|788
1225,49e7ce15f964a5201d651fe3,751,9,2,2012-07-29 16:52:00+00:00,2012-07-29 17:01:00+00:00,156|328
1226,49ecd458f964a52099671fe3,764,10,2,2012-04-28 00:03:00+00:00,2012-04-28 00:13:00+00:00,56|864
1227,49ecd458f964a52099671fe3,764,55,2,2012-05-12 11:46:00+00:00,2012-05-12 12:41:00+00:00,278|354
1228,49ecd458f964a52099671fe3,764,6,2,2012-06-17 03:56:00+00:00,2012-06-17 04:02:00+00:00,407|1067
1229,49ecf7f1f964a520ba671fe3,766,16,2,2012-05-12 01:11:00+00:00,2012-05-12 01:27:00+00:00,526|1079
1230,49edd0a5f964a520fa671fe3,767,60,2,2012-04-07 16:42:00+00:00,2012-04-07 17:42:00+00:00,202|1070
1231,49f7456af964a5207b6c1fe3,801,8,2,2012-04-19 21:38:00+00:00,2012-04-19 21:46:00+00:00,273|340
1232,49f7456af964a5207b6c1fe3,801,18,2,2012-04-22 01:11:00+00:00,2012-04-22 01:29:00+00:00,273|783
1233,49f7456af964a5207b6c1fe3,801,22,2,2012-05-17 22:40:00+00:00,2012-05-17 23:02:00+00:00,93|750
1234,49f754c1f964a520896c1fe3,802,3,2,2012-04-07 19:18:00+00:00,2012-04-07 19:21:00+00:00,316|759
1235,49f754c1f964a520896c1fe3,802,56,4,2012-04-19 22:38:00+00:00,2012-04-19 23:34:00+00:00,169|325|512|734
1236,49f754c1f964a520896c1fe3,802,56,2,2012-04-23 22:03:00+00:00,2012-04-23 22:59:00+00:00,569|768
1237,49f754c1f964a520896c1fe3,802,34,2,2012-04-23 22:59:00+00:00,2012-04-23 23:33:00+00:00,387|768
1238,49f754c1f964a520896c1fe3,802,52,2,2012-04-23 23:33:00+00:00,2012-04-24 00:25:00+00:00,293|387
1239,49f754c1f964a520896c1fe3,802,11,2,2012-05-19 17:14:00+00:00,2012-05-19 17:25:00+00:00,708|759
1240,49f754c1f964a520896c1fe3,802,4,2,2012-05-22 00:23:00+00:00,2012-05-22 00:27:00+00:00,417|708
1241,49f754c1f964a520896c1fe3,802,52,2,2012-05-25 22:00:00+00:00,2012-05-25 22:52:00+00:00,512|715
1242,49f754c1f964a520896c1fe3,802,50,2,2012-05-25 22:52:00+00:00,2012-05-25 23:42:00+00:00,512|708
1243,49f76cc2f964a5209d6c1fe3,804,40,2,2012-04-03 23:08:00+00:00,2012-04-03 23:48:00+00:00,215|287
1244,49f76cc2f964a5209d6c1fe3,804,18,2,2012-04-04 02:13:00+00:00,2012-04-04 02:31:00+00:00,287|704
1245,49f76cc2f964a5209d6c1fe3,804,22,2,2012-04-07 18:52:00+00:00,2012-04-07 19:14:00+00:00,316|955
1246,49f76cc2f964a5209d6c1fe3,804,60,3,2012-04-17 21:46:00+00:00,2012-04-17 22:46:00+00:00,215|287|623
1247,49f76cc2f964a5209d6c1fe3,804,35,2,2012-05-08 21:50:00+00:00,2012-05-08 22:25:00+00:00,215|623
1248,49f76cc2f964a5209d6c1fe3,804,19,2,2012-06-05 12:28:00+00:00,2012-06-05 12:47:00+00:00,447|924
1249,49f76cc2f964a5209d6c1fe3,804,42,2,2012-12-09 23:07:00+00:00,2012-12-09 23:49:00+00:00,422|596
1250,49f8f8a2f964a520446d1fe3,808,57,2,2012-04-08 03:07:00+00:00,2012-04-08 04:04:00+00:00,352|912
1251,49f8f8a2f964a520446d1fe3,808,18,2,2012-05-11 00:28:00+00:00,2012-05-11 00:46:00+00:00,591|681
1252,49f8f8a2f964a520446d1fe3,808,42,2,2012-05-25 20:47:00+00:00,2012-05-25 21:29:00+00:00,822|994
1253,49fa554bf964a520ee6d1fe3,811,39,2,2012-06-11 16:43:00+00:00,2012-06-11 17:22:00+00:00,360|427
1254,49fe2f8af964a5207b6f1fe3,817,34,2,2012-04-24 16:58:00+00:00,2012-04-24 17:32:00+00:00,47|847
1255,49ff53e6f964a5200c701fe3,819,26,2,2012-07-17 22:34:00+00:00,2012-07-17 23:00:00+00:00,244|536
1256,4a01af35f964a520ea701fe3,823,6,2,2012-04-22 01:27:00+00:00,2012-04-22 01:33:00+00:00,247|708
1257,4a021207f964a52029711fe3,830,41,2,2012-05-03 22:04:00+00:00,2012-05-03 22:45:00+00:00,142|527
1258,4a03248cf964a52091711fe3,833,39,2,2012-10-17 12:51:00+00:00,2012-10-17 13:30:00+00:00,234|369
1259,4a047a18f964a520ff711fe3,835,9,2,2012-06-13 16:43:00+00:00,2012-06-13 16:52:00+00:00,90|198
1260,4a06ff94f964a52017731fe3,841,58,2,2012-04-22 11:31:00+00:00,2012-04-22 12:29:00+00:00,24|464
1261,4a06ff94f964a52017731fe3,841,59,2,2012-04-22 12:29:00+00:00,2012-04-22 13:28:00+00:00,464|905
1262,4a07ac6af964a5208f731fe3,847,22,2,2012-04-19 18:12:00+00:00,2012-04-19 18:34:00+00:00,716|781
1263,4a07ac6af964a5208f731fe3,847,50,2,2012-05-04 14:40:00+00:00,2012-05-04 15:30:00+00:00,378|468
1264,4a07ac6af964a5208f731fe3,847,34,2,2012-05-29 19:50:00+00:00,2012-05-29 20:24:00+00:00,259|816
1265,4a07ac6af964a5208f731fe3,847,35,2,2012-06-09 18:41:00+00:00,2012-06-09 19:16:00+00:00,179|221
1266,4a07ac6af964a5208f731fe3,847,52,2,2012-06-09 21:52:00+00:00,2012-06-09 22:44:00+00:00,19|816
1267,4a0b04dcf964a520ba741fe3,854,17,2,2012-06-17 17:30:00+00:00,2012-06-17 17:47:00+00:00,406|484
1268,4a0c2e7bf964a52014751fe3,857,28,2,2012-05-03 13:02:00+00:00,2012-05-03 13:30:00+00:00,620|689
1269,4a0c2e7bf964a52014751fe3,857,41,2,2012-06-07 06:30:00+00:00,2012-06-07 07:11:00+00:00,106|689
1270,4a0e0f85f964a520bf751fe3,860,56,2,2012-04-29 04:04:00+00:00,2012-04-29 05:00:00+00:00,18|594
1271,4a0f1baef964a52026761fe3,862,4,2,2012-04-21 01:53:00+00:00,2012-04-21 01:57:00+00:00,20|653
1272,4a14b2acf964a52066781fe3,872,60,2,2012-07-29 02:31:00+00:00,2012-07-29 03:31:00+00:00,337|1029
1273,4a19b507f964a520347a1fe3,877,46,2,2012-04-13 22:57:00+00:00,2012-04-13 23:43:00+00:00,12|601
1274,4a19bdd6f964a520477a1fe3,879,46,2,2012-05-16 20:30:00+00:00,2012-05-16 21:16:00+00:00,342|793
1275,4a19d1edf964a5205a7a1fe3,882,27,2,2012-04-08 05:24:00+00:00,2012-04-08 05:51:00+00:00,413|418
1276,4a19d1edf964a5205a7a1fe3,882,40,2,2012-04-18 02:18:00+00:00,2012-04-18 02:58:00+00:00,413|706
1277,4a1afeb7f964a520b77a1fe3,886,28,2,2012-06-09 17:59:00+00:00,2012-06-09 18:27:00+00:00,410|563
1278,4a1f0bf5f964a520fb7b1fe3,892,17,2,2012-07-03 21:23:00+00:00,2012-07-03 21:40:00+00:00,701|751
1279,4a229fa8f964a520797d1fe3,896,2,2,2012-04-15 17:22:00+00:00,2012-04-15 17:24:00+00:00,244|323
1280,4a229fa8f964a520797d1fe3,896,2,2,2012-05-13 17:34:00+00:00,2012-05-13 17:36:00+00:00,1031|1053
1281,4a242d0ff964a520fd7d1fe3,899,53,2,2012-05-01 16:13:00+00:00,2012-05-01 17:06:00+00:00,312|575
1282,4a27d838f964a5208b911fe3,904,50,2,2012-05-25 23:31:00+00:00,2012-05-26 00:21:00+00:00,746|969
1283,4a318fe7f964a520f2991fe3,914,5,2,2012-05-12 18:50:00+00:00,2012-05-12 18:55:00+00:00,15|260
1284,4a318fe7f964a520f2991fe3,914,35,2,2012-05-28 19:56:00+00:00,2012-05-28 20:31:00+00:00,483|827
1285,4a32c3f9f964a5208c9a1fe3,916,41,2,2012-04-09 17:44:00+00:00,2012-04-09 18:25:00+00:00,121|979
1286,4a32c3f9f964a5208c9a1fe3,916,7,2,2012-04-28 22:48:00+00:00,2012-04-28 22:55:00+00:00,354|1026
1287,4a32c3f9f964a5208c9a1fe3,916,32,2,2012-05-04 13:40:00+00:00,2012-05-04 14:12:00+00:00,319|514
1288,4a32c3f9f964a5208c9a1fe3,916,51,2,2012-05-04 14:12:00+00:00,2012-05-04 15:03:00+00:00,319|507
1289,4a32c3f9f964a5208c9a1fe3,916,43,2,2012-05-10 21:29:00+00:00,2012-05-10 22:12:00+00:00,130|699
1290,4a32c3f9f964a5208c9a1fe3,916,51,2,2012-05-13 03:49:00+00:00,2012-05-13 04:40:00+00:00,181|507
1291,4a3304bcf964a520f29a1fe3,918,6,2,2012-04-14 02:07:00+00:00,2012-04-14 02:13:00+00:00,406|591
1292,4a3304bcf964a520f29a1fe3,918,18,2,2012-06-07 16:55:00+00:00,2012-06-07 17:13:00+00:00,433|1080
1293,4a33eb53f964a5206a9b1fe3,919,17,2,2012-04-11 14:59:00+00:00,2012-04-11 15:16:00+00:00,419|652
1294,4a33eb53f964a5206a9b1fe3,919,53,2,2012-05-08 11:34:00+00:00,2012-05-08 12:27:00+00:00,159|792
1295,4a33eb53f964a5206a9b1fe3,919,3,2,2012-05-13 15:50:00+00:00,2012-05-13 15:53:00+00:00,26|62
1296,4a33eb53f964a5206a9b1fe3,919,16,2,2012-05-18 11:08:00+00:00,2012-05-18 11:24:00+00:00,696|892
1297,4a3449eaf964a5200a9c1fe3,921,17,2,2012-04-12 21:50:00+00:00,2012-04-12 22:07:00+00:00,418|751
1298,4a35c715f964a5205e9d1fe3,927,25,2,2012-06-03 20:14:00+00:00,2012-06-03 20:39:00+00:00,218|406
1299,4a36c1b9f964a520dd9d1fe3,929,11,2,2012-04-04 12:21:00+00:00,2012-04-04 12:32:00+00:00,480|658
1300,4a36c1b9f964a520dd9d1fe3,929,34,2,2012-04-09 12:17:00+00:00,2012-04-09 12:51:00+00:00,480|658
1301,4a36c1b9f964a520dd9d1fe3,929,17,2,2012-04-18 12:42:00+00:00,2012-04-18 12:59:00+00:00,14|480
1302,4a36c1b9f964a520dd9d1fe3,929,18,2,2012-04-19 12:26:00+00:00,2012-04-19 12:44:00+00:00,480|658
1303,4a36c1b9f964a520dd9d1fe3,929,13,2,2012-04-23 13:01:00+00:00,2012-04-23 13:14:00+00:00,373|480
1304,4a36c1b9f964a520dd9d1fe3,929,34,2,2012-04-24 11:41:00+00:00,2012-04-24 12:15:00+00:00,96|480
1305,4a36c1b9f964a520dd9d1fe3,929,33,2,2012-04-25 11:41:00+00:00,2012-04-25 12:14:00+00:00,373|658
1306,4a36c1b9f964a520dd9d1fe3,929,47,2,2012-04-25 12:14:00+00:00,2012-04-25 13:01:00+00:00,480|658
1307,4a36c1b9f964a520dd9d1fe3,929,49,2,2012-04-26 12:21:00+00:00,2012-04-26 13:10:00+00:00,480|658
1308,4a36c1b9f964a520dd9d1fe3,929,47,2,2012-04-27 12:25:00+00:00,2012-04-27 13:12:00+00:00,373|480
1309,4a36c1b9f964a520dd9d1fe3,929,53,2,2012-05-07 12:12:00+00:00,2012-05-07 13:05:00+00:00,373|480
1310,4a36c1b9f964a520dd9d1fe3,929,3,2,2012-05-11 12:00:00+00:00,2012-05-11 12:03:00+00:00,373|658
1311,4a36c1b9f964a520dd9d1fe3,929,47,2,2012-05-16 12:34:00+00:00,2012-05-16 13:21:00+00:00,480|658
1312,4a36c1b9f964a520dd9d1fe3,929,43,2,2012-06-01 12:24:00+00:00,2012-06-01 13:07:00+00:00,403|480
1313,4a36c1b9f964a520dd9d1fe3,929,21,2,2012-06-04 12:20:00+00:00,2012-06-04 12:41:00+00:00,480|658
1314,4a3d29e6f964a520e6a11fe3,938,40,2,2012-04-29 03:51:00+00:00,2012-04-29 04:31:00+00:00,345|497
1315,4a3d29e6f964a520e6a11fe3,938,30,2,2012-04-29 04:31:00+00:00,2012-04-29 05:01:00+00:00,345|846
1316,4a3d29e6f964a520e6a11fe3,938,33,2,2012-06-10 04:48:00+00:00,2012-06-10 05:21:00+00:00,345|846
1317,4a3d735cf964a5204ba21fe3,940,43,2,2012-07-06 23:58:00+00:00,2012-07-07 00:41:00+00:00,4|629
1318,4a3e88a9f964a52006a31fe3,943,30,2,2012-04-10 02:10:00+00:00,2012-04-10 02:40:00+00:00,218|360
1319,4a3ffdc5f964a5202da41fe3,947,17,2,2012-05-31 18:10:00+00:00,2012-05-31 18:27:00+00:00,2|577
1320,4a4108e6f964a520b6a41fe3,950,8,2,2012-04-18 16:16:00+00:00,2012-04-18 16:24:00+00:00,132|206
1321,4a4138ebf964a520f9a41fe3,954,1,2,2012-04-12 01:03:00+00:00,2012-04-12 01:04:00+00:00,407|806
1322,4a4138ebf964a520f9a41fe3,954,20,2,2012-04-24 23:00:00+00:00,2012-04-24 23:20:00+00:00,1019|1042
1323,4a4138ebf964a520f9a41fe3,954,43,2,2012-04-26 01:04:00+00:00,2012-04-26 01:47:00+00:00,265|368
1324,4a4138ebf964a520f9a41fe3,954,32,2,2012-05-15 22:01:00+00:00,2012-05-15 22:33:00+00:00,578|1033
1325,4a4138ebf964a520f9a41fe3,954,33,2,2012-06-03 01:21:00+00:00,2012-06-03 01:54:00+00:00,657|1065
1326,4a414e48f964a52010a51fe3,956,1,2,2012-06-17 21:08:00+00:00,2012-06-17 21:09:00+00:00,254|1015
1327,4a426f82f964a520dca51fe3,962,35,2,2012-04-23 18:57:00+00:00,2012-04-23 19:32:00+00:00,474|791
1328,4a43b04ff964a520afa61fe3,969,0,2,2012-05-21 23:40:00+00:00,2012-05-21 23:40:00+00:00,254|1015
1329,4a43bcb7f964a520bba61fe3,971,10,2,2012-04-20 14:13:00+00:00,2012-04-20 14:23:00+00:00,507|529
1330,4a43bcb7f964a520bba61fe3,971,60,2,2012-04-20 14:23:00+00:00,2012-04-20 15:23:00+00:00,103|529
1331,4a43bcb7f964a520bba61fe3,971,3,2,2012-04-24 17:21:00+00:00,2012-04-24 17:24:00+00:00,507|762
1332,4a43bcb7f964a520bba61fe3,971,6,2,2012-04-29 14:11:00+00:00,2012-04-29 14:17:00+00:00,217|495
1333,4a43bcb7f964a520bba61fe3,971,58,2,2012-05-31 19:42:00+00:00,2012-05-31 20:40:00+00:00,70|841
1334,4a43bd40f964a520bfa61fe3,972,10,2,2012-04-24 04:19:00+00:00,2012-04-24 04:29:00+00:00,741|974
1335,4a43bd40f964a520bfa61fe3,972,33,2,2012-05-03 10:24:00+00:00,2012-05-03 10:57:00+00:00,123|774
1336,4a43bd40f964a520bfa61fe3,972,43,2,2012-05-05 11:56:00+00:00,2012-05-05 12:39:00+00:00,7|773
1337,4a43bd40f964a520bfa61fe3,972,39,2,2012-05-15 22:50:00+00:00,2012-05-15 23:29:00+00:00,921|1047
1338,4a43bd40f964a520bfa61fe3,972,38,2,2012-05-15 23:29:00+00:00,2012-05-16 00:07:00+00:00,773|1047
1339,4a43c0aef964a520c6a61fe3,974,50,2,2012-04-07 18:46:00+00:00,2012-04-07 19:36:00+00:00,319|1047
1340,4a43c0aef964a520c6a61fe3,974,6,2,2012-04-14 22:42:00+00:00,2012-04-14 22:48:00+00:00,783|979
1341,4a43c0aef964a520c6a61fe3,974,9,2,2012-04-15 16:03:00+00:00,2012-04-15 16:12:00+00:00,43|582
1342,4a43c0aef964a520c6a61fe3,974,16,2,2012-05-28 01:27:00+00:00,2012-05-28 01:43:00+00:00,319|583
1343,4a452221f964a520d8a71fe3,975,34,2,2012-08-05 19:58:00+00:00,2012-08-05 20:32:00+00:00,110|516
1344,4a4560a7f964a5201aa81fe3,977,33,2,2012-04-11 02:52:00+00:00,2012-04-11 03:25:00+00:00,484|633
1345,4a4560a7f964a5201aa81fe3,977,6,2,2012-10-27 17:20:00+00:00,2012-10-27 17:26:00+00:00,328|390
1346,4a478d19f964a520d2a91fe3,985,30,2,2012-04-13 18:31:00+00:00,2012-04-13 19:01:00+00:00,592|976
1347,4a478d19f964a520d2a91fe3,985,4,2,2012-04-23 19:05:00+00:00,2012-04-23 19:09:00+00:00,2|592
1348,4a478d19f964a520d2a91fe3,985,55,2,2012-08-16 20:37:00+00:00,2012-08-16 21:32:00+00:00,595|972
1349,4a478d19f964a520d2a91fe3,985,48,2,2012-08-17 22:09:00+00:00,2012-08-17 22:57:00+00:00,595|735
1350,4a48080ff964a52075aa1fe3,986,12,2,2012-04-15 16:56:00+00:00,2012-04-15 17:08:00+00:00,271|332
1351,4a48080ff964a52075aa1fe3,986,42,2,2012-04-22 15:19:00+00:00,2012-04-22 16:01:00+00:00,73|332
1352,4a48080ff964a52075aa1fe3,986,14,2,2012-05-06 16:47:00+00:00,2012-05-06 17:01:00+00:00,271|332
1353,4a4821f5f964a52095aa1fe3,987,29,3,2012-04-17 13:57:00+00:00,2012-04-17 14:26:00+00:00,125|321|495
1354,4a4821f5f964a52095aa1fe3,987,10,2,2012-04-18 21:54:00+00:00,2012-04-18 22:04:00+00:00,125|892
1355,4a4821f5f964a52095aa1fe3,987,52,2,2012-04-18 22:04:00+00:00,2012-04-18 22:56:00+00:00,125|443
1356,4a4821f5f964a52095aa1fe3,987,27,2,2012-04-19 12:48:00+00:00,2012-04-19 13:15:00+00:00,125|456
1357,4a4821f5f964a52095aa1fe3,987,26,2,2012-04-23 15:26:00+00:00,2012-04-23 15:52:00+00:00,129|495
1358,4a4821f5f964a52095aa1fe3,987,53,2,2012-04-24 12:47:00+00:00,2012-04-24 13:40:00+00:00,125|321
1359,4a4821f5f964a52095aa1fe3,987,6,2,2012-04-25 20:16:00+00:00,2012-04-25 20:22:00+00:00,467|495
1360,4a4821f5f964a52095aa1fe3,987,20,2,2012-04-26 00:32:00+00:00,2012-04-26 00:52:00+00:00,495|593
1361,4a4821f5f964a52095aa1fe3,987,48,3,2012-05-07 00:26:00+00:00,2012-05-07 01:14:00+00:00,495|593|596
1362,4a4821f5f964a52095aa1fe3,987,25,2,2012-05-09 00:49:00+00:00,2012-05-09 01:14:00+00:00,495|593
1363,4a4821f5f964a52095aa1fe3,987,26,2,2012-05-10 21:40:00+00:00,2012-05-10 22:06:00+00:00,26|125
1364,4a4821f5f964a52095aa1fe3,987,57,3,2012-05-13 23:39:00+00:00,2012-05-14 00:36:00+00:00,257|593|1021
1365,4a4821f5f964a52095aa1fe3,987,35,2,2012-05-14 15:24:00+00:00,2012-05-14 15:59:00+00:00,495|950
1366,4a4821f5f964a52095aa1fe3,987,37,2,2012-05-15 21:56:00+00:00,2012-05-15 22:33:00+00:00,125|216
1367,4a4821f5f964a52095aa1fe3,987,58,2,2012-05-15 22:33:00+00:00,2012-05-15 23:31:00+00:00,216|644
1368,4a4821f5f964a52095aa1fe3,987,20,2,2012-05-16 21:34:00+00:00,2012-05-16 21:54:00+00:00,125|892
1369,4a4821f5f964a52095aa1fe3,987,59,2,2012-05-18 13:38:00+00:00,2012-05-18 14:37:00+00:00,349|913
1370,4a4821f5f964a52095aa1fe3,987,5,2,2012-05-23 22:05:00+00:00,2012-05-23 22:10:00+00:00,125|443
1371,4a4821f5f964a52095aa1fe3,987,41,2,2012-05-31 21:44:00+00:00,2012-05-31 22:25:00+00:00,593|766
1372,4a4821f5f964a52095aa1fe3,987,33,3,2012-06-03 22:58:00+00:00,2012-06-03 23:31:00+00:00,216|593|830
1373,4a4821f5f964a52095aa1fe3,987,25,2,2012-06-06 12:30:00+00:00,2012-06-06 12:55:00+00:00,125|766
1374,4a4821f5f964a52095aa1fe3,987,15,2,2012-06-09 14:59:00+00:00,2012-06-09 15:14:00+00:00,119|766
1375,4a4821f5f964a52095aa1fe3,987,27,2,2012-06-15 13:00:00+00:00,2012-06-15 13:27:00+00:00,349|766
1376,4a4821f5f964a52095aa1fe3,987,10,2,2012-06-21 12:36:00+00:00,2012-06-21 12:46:00+00:00,476|766
1377,4a4821f5f964a52095aa1fe3,987,27,2,2012-08-19 03:29:00+00:00,2012-08-19 03:56:00+00:00,327|617
1378,4a4821f5f964a52095aa1fe3,987,45,2,2012-12-06 23:24:00+00:00,2012-12-07 00:09:00+00:00,596|634
1379,4a4925b7f964a52008ab1fe3,989,25,2,2012-05-04 00:48:00+00:00,2012-05-04 01:13:00+00:00,136|427
1380,4a4925b7f964a52008ab1fe3,989,0,2,2012-07-09 17:09:00+00:00,2012-07-09 17:09:00+00:00,208|427
1381,4a494ce4f964a5202cab1fe3,990,13,2,2012-04-04 21:29:00+00:00,2012-04-04 21:42:00+00:00,107|787
1382,4a494ce4f964a5202cab1fe3,990,52,2,2012-04-18 17:35:00+00:00,2012-04-18 18:27:00+00:00,107|601
1383,4a4c5c64f964a52030ad1fe3,994,32,2,2012-05-16 14:52:00+00:00,2012-05-16 15:24:00+00:00,683|737
1384,4a4d10fbf964a52082ad1fe3,996,57,2,2012-04-09 18:41:00+00:00,2012-04-09 19:38:00+00:00,93|458
1385,4a4d10fbf964a52082ad1fe3,996,12,2,2012-04-12 00:21:00+00:00,2012-04-12 00:33:00+00:00,458|819
1386,4a4d10fbf964a52082ad1fe3,996,57,2,2012-05-12 09:45:00+00:00,2012-05-12 10:42:00+00:00,458|819
1387,4a4d10fbf964a52082ad1fe3,996,21,2,2012-05-17 10:24:00+00:00,2012-05-17 10:45:00+00:00,458|819
1388,4a4d10fbf964a52082ad1fe3,996,48,2,2012-05-19 10:50:00+00:00,2012-05-19 11:38:00+00:00,458|819
1389,4a513b17f964a520d2b01fe3,1002,10,2,2012-04-19 12:11:00+00:00,2012-04-19 12:21:00+00:00,181|1000
1390,4a513b17f964a520d2b01fe3,1002,57,3,2012-04-25 12:11:00+00:00,2012-04-25 13:08:00+00:00,181|1000|1082
1391,4a513b17f964a520d2b01fe3,1002,21,2,2012-04-26 11:53:00+00:00,2012-04-26 12:14:00+00:00,1000|1082
1392,4a513b17f964a520d2b01fe3,1002,9,2,2012-04-28 22:44:00+00:00,2012-04-28 22:53:00+00:00,181|311
1393,4a513b17f964a520d2b01fe3,1002,47,2,2012-05-01 21:40:00+00:00,2012-05-01 22:27:00+00:00,664|1000
1394,4a513b17f964a520d2b01fe3,1002,42,3,2012-05-03 11:51:00+00:00,2012-05-03 12:33:00+00:00,181|1000|1082
1395,4a513b17f964a520d2b01fe3,1002,20,3,2012-05-07 11:51:00+00:00,2012-05-07 12:11:00+00:00,181|1000|1082
1396,4a513b17f964a520d2b01fe3,1002,2,2,2012-05-09 12:14:00+00:00,2012-05-09 12:16:00+00:00,181|1000
1397,4a513b17f964a520d2b01fe3,1002,52,2,2012-05-10 23:45:00+00:00,2012-05-11 00:37:00+00:00,706|1082
1398,4a513b17f964a520d2b01fe3,1002,52,2,2012-05-11 20:12:00+00:00,2012-05-11 21:04:00+00:00,264|664
1399,4a513b17f964a520d2b01fe3,1002,35,2,2012-05-11 21:04:00+00:00,2012-05-11 21:39:00+00:00,264|1000
1400,4a513b17f964a520d2b01fe3,1002,54,2,2012-05-11 22:55:00+00:00,2012-05-11 23:49:00+00:00,1052|1082
1401,4a513b17f964a520d2b01fe3,1002,56,2,2012-05-13 17:48:00+00:00,2012-05-13 18:44:00+00:00,879|974
1402,4a513b17f964a520d2b01fe3,1002,30,2,2012-05-14 11:58:00+00:00,2012-05-14 12:28:00+00:00,1000|1082
1403,4a513b17f964a520d2b01fe3,1002,25,2,2012-05-15 11:47:00+00:00,2012-05-15 12:12:00+00:00,1000|1082
1404,4a513b17f964a520d2b01fe3,1002,28,2,2012-05-15 23:01:00+00:00,2012-05-15 23:29:00+00:00,664|1082
1405,4a513b17f964a520d2b01fe3,1002,4,3,2012-05-17 12:09:00+00:00,2012-05-17 12:13:00+00:00,181|461|1000
1406,4a513b17f964a520d2b01fe3,1002,50,2,2012-05-17 22:26:00+00:00,2012-05-17 23:16:00+00:00,664|1000
1407,4a513b17f964a520d2b01fe3,1002,17,3,2012-05-21 21:33:00+00:00,2012-05-21 21:50:00+00:00,664|1000|1052
1408,4a513b17f964a520d2b01fe3,1002,1,2,2012-05-23 21:21:00+00:00,2012-05-23 21:22:00+00:00,664|1052
1409,4a513b17f964a520d2b01fe3,1002,21,2,2012-05-24 03:57:00+00:00,2012-05-24 04:18:00+00:00,480|974
1410,4a513b17f964a520d2b01fe3,1002,11,2,2012-05-25 12:10:00+00:00,2012-05-25 12:21:00+00:00,221|1000
1411,4a513b17f964a520d2b01fe3,1002,50,2,2012-05-28 12:37:00+00:00,2012-05-28 13:27:00+00:00,181|270
1412,4a513b17f964a520d2b01fe3,1002,49,2,2012-05-29 11:22:00+00:00,2012-05-29 12:11:00+00:00,181|1000
1413,4a513b17f964a520d2b01fe3,1002,24,2,2012-05-31 17:36:00+00:00,2012-05-31 18:00:00+00:00,838|974
1414,4a513b17f964a520d2b01fe3,1002,19,2,2012-06-04 12:12:00+00:00,2012-06-04 12:31:00+00:00,181|1000
1415,4a513b17f964a520d2b01fe3,1002,33,2,2012-06-08 11:39:00+00:00,2012-06-08 12:12:00+00:00,311|1000
1416,4a513b17f964a520d2b01fe3,1002,27,2,2012-06-09 01:07:00+00:00,2012-06-09 01:34:00+00:00,181|460
1417,4a513b17f964a520d2b01fe3,1002,6,2,2012-06-13 22:58:00+00:00,2012-06-13 23:04:00+00:00,331|664
1418,4a513b17f964a520d2b01fe3,1002,47,4,2012-07-03 11:25:00+00:00,2012-07-03 12:12:00+00:00,181|655|974|1000
1419,4a513b17f964a520d2b01fe3,1002,12,2,2012-07-06 12:22:00+00:00,2012-07-06 12:34:00+00:00,239|655
1420,4a513b17f964a520d2b01fe3,1002,1,2,2012-08-06 12:15:00+00:00,2012-08-06 12:16:00+00:00,554|655
1421,4a513b17f964a520d2b01fe3,1002,0,2,2012-08-09 12:11:00+00:00,2012-08-09 12:11:00+00:00,554|655
1422,4a53d9a7f964a520c7b21fe3,1007,12,2,2012-04-04 13:41:00+00:00,2012-04-04 13:53:00+00:00,169|1083
1423,4a53d9a7f964a520c7b21fe3,1007,2,2,2012-04-09 13:33:00+00:00,2012-04-09 13:35:00+00:00,169|1083
1424,4a53d9a7f964a520c7b21fe3,1007,16,2,2012-04-11 13:29:00+00:00,2012-04-11 13:45:00+00:00,169|1083
1425,4a53d9a7f964a520c7b21fe3,1007,57,2,2012-04-16 13:10:00+00:00,2012-04-16 14:07:00+00:00,169|1083
1426,4a53d9a7f964a520c7b21fe3,1007,37,2,2012-04-17 13:28:00+00:00,2012-04-17 14:05:00+00:00,169|1083
1427,4a53d9a7f964a520c7b21fe3,1007,6,2,2012-04-19 14:11:00+00:00,2012-04-19 14:17:00+00:00,169|1083
1428,4a53d9a7f964a520c7b21fe3,1007,48,2,2012-04-26 13:28:00+00:00,2012-04-26 14:16:00+00:00,169|1083
1429,4a53d9a7f964a520c7b21fe3,1007,1,2,2012-05-03 13:47:00+00:00,2012-05-03 13:48:00+00:00,169|1083
1430,4a53d9a7f964a520c7b21fe3,1007,17,2,2012-05-04 14:13:00+00:00,2012-05-04 14:30:00+00:00,169|1083
1431,4a53d9a7f964a520c7b21fe3,1007,8,2,2012-05-08 13:53:00+00:00,2012-05-08 14:01:00+00:00,169|1083
1432,4a53d9a7f964a520c7b21fe3,1007,9,2,2012-05-15 14:25:00+00:00,2012-05-15 14:34:00+00:00,169|1083
1433,4a53d9a7f964a520c7b21fe3,1007,59,2,2012-05-17 14:08:00+00:00,2012-05-17 15:07:00+00:00,169|1083
1434,4a53d9a7f964a520c7b21fe3,1007,16,2,2012-05-18 14:12:00+00:00,2012-05-18 14:28:00+00:00,169|1083
1435,4a53d9a7f964a520c7b21fe3,1007,16,2,2012-06-18 13:24:00+00:00,2012-06-18 13:40:00+00:00,169|1083
1436,4a5519d5f964a520adb31fe3,1010,33,2,2012-05-19 20:06:00+00:00,2012-05-19 20:39:00+00:00,182|246
1437,4a553eadf964a520ebb31fe3,1011,59,2,2012-04-14 17:11:00+00:00,2012-04-14 18:10:00+00:00,344|949
1438,4a553eadf964a520ebb31fe3,1011,32,2,2012-05-11 23:39:00+00:00,2012-05-12 00:11:00+00:00,535|949
1439,4a57cf98f964a520ddb61fe3,1019,18,2,2012-10-31 23:05:00+00:00,2012-10-31 23:23:00+00:00,336|665
1440,4a58d0acf964a520f6b71fe3,1023,0,2,2012-04-26 12:31:00+00:00,2012-04-26 12:31:00+00:00,326|686
1441,4a5a62dff964a52041ba1fe3,1030,42,2,2012-10-26 12:31:00+00:00,2012-10-26 13:13:00+00:00,88|229
1442,4a5aaff5f964a520c3ba1fe3,1032,14,2,2012-04-18 21:02:00+00:00,2012-04-18 21:16:00+00:00,175|809
1443,4a5e4f41f964a52059be1fe3,1043,15,2,2012-11-09 22:25:00+00:00,2012-11-09 22:40:00+00:00,25|517
1444,4a617558f964a52071c21fe3,1058,34,2,2012-04-14 17:15:00+00:00,2012-04-14 17:49:00+00:00,150|880
1445,4a63d085f964a520dac51fe3,1064,36,2,2012-04-11 22:18:00+00:00,2012-04-11 22:54:00+00:00,440|744
1446,4a652404f964a5205ec71fe3,1068,57,2,2012-05-04 16:40:00+00:00,2012-05-04 17:37:00+00:00,187|272
1447,4a652404f964a5205ec71fe3,1068,10,4,2012-05-13 12:08:00+00:00,2012-05-13 12:18:00+00:00,143|187|272|1075
1448,4a652404f964a5205ec71fe3,1068,38,2,2012-07-16 14:24:00+00:00,2012-07-16 15:02:00+00:00,34|143
1449,4a652404f964a5205ec71fe3,1068,33,2,2012-10-03 14:53:00+00:00,2012-10-03 15:26:00+00:00,34|143
1450,4a652404f964a5205ec71fe3,1068,36,2,2012-10-26 14:23:00+00:00,2012-10-26 14:59:00+00:00,34|143
1451,4a65a823f964a5208cc71fe3,1069,26,2,2012-05-29 21:55:00+00:00,2012-05-29 22:21:00+00:00,569|1054
1452,4a65a823f964a5208cc71fe3,1069,48,2,2012-06-09 17:22:00+00:00,2012-06-09 18:10:00+00:00,569|986
1453,4a65a823f964a5208cc71fe3,1069,40,2,2012-07-12 12:33:00+00:00,2012-07-12 13:13:00+00:00,434|696
1454,4a65a823f964a5208cc71fe3,1069,41,2,2012-09-15 02:51:00+00:00,2012-09-15 03:32:00+00:00,325|876
1455,4a65bd5cf964a52095c71fe3,1071,45,3,2012-05-09 22:24:00+00:00,2012-05-09 23:09:00+00:00,30|85|856
1456,4a663f7cf964a52046c81fe3,1075,5,2,2012-06-17 22:12:00+00:00,2012-06-17 22:17:00+00:00,329|660
1457,4a676435f964a52054c91fe3,1084,53,2,2012-04-03 23:21:00+00:00,2012-04-04 00:14:00+00:00,903|1024
1458,4a676435f964a52054c91fe3,1084,23,2,2012-04-22 11:46:00+00:00,2012-04-22 12:09:00+00:00,470|567
1459,4a676435f964a52054c91fe3,1084,40,2,2012-04-22 19:23:00+00:00,2012-04-22 20:03:00+00:00,37|294
1460,4a676435f964a52054c91fe3,1084,16,2,2012-06-02 22:58:00+00:00,2012-06-02 23:14:00+00:00,903|918
1461,4a689777f964a520a0ca1fe3,1089,36,2,2012-04-17 14:55:00+00:00,2012-04-17 15:31:00+00:00,588|690
1462,4a68fff8f964a5206dcb1fe3,1093,48,2,2012-05-04 10:34:00+00:00,2012-05-04 11:22:00+00:00,373|970
1463,4a69c63bf964a52006cc1fe3,1097,43,2,2012-05-07 12:54:00+00:00,2012-05-07 13:37:00+00:00,463|1066
1464,4a69c63bf964a52006cc1fe3,1097,12,2,2012-05-09 14:04:00+00:00,2012-05-09 14:16:00+00:00,463|1066
1465,4a6a09fcf964a52072cc1fe3,1099,30,2,2012-07-29 03:24:00+00:00,2012-07-29 03:54:00+00:00,90|1072
1466,4a6a09fcf964a52072cc1fe3,1099,43,2,2012-07-29 03:54:00+00:00,2012-07-29 04:37:00+00:00,90|496
1467,4a6b59fbf964a5208ace1fe3,1105,58,2,2012-04-04 00:03:00+00:00,2012-04-04 01:01:00+00:00,234|611
1468,4a6b59fbf964a5208ace1fe3,1105,60,2,2012-05-11 21:11:00+00:00,2012-05-11 22:11:00+00:00,499|577
1469,4a6b8bf4f964a52018cf1fe3,1108,37,2,2012-06-09 18:37:00+00:00,2012-06-09 19:14:00+00:00,728|969
1470,4a6ddef7f964a52033d31fe3,1116,15,2,2012-04-16 20:56:00+00:00,2012-04-16 21:11:00+00:00,391|834
1471,4a6dff78f964a5208dd31fe3,1118,49,2,2012-04-20 13:25:00+00:00,2012-04-20 14:14:00+00:00,203|440
1472,4a6dff78f964a5208dd31fe3,1118,57,2,2012-05-22 12:43:00+00:00,2012-05-22 13:40:00+00:00,203|440
1473,4a6dff78f964a5208dd31fe3,1118,31,2,2012-06-06 12:39:00+00:00,2012-06-06 13:10:00+00:00,203|440
1474,4a6dff78f964a5208dd31fe3,1118,37,2,2012-06-07 12:38:00+00:00,2012-06-07 13:15:00+00:00,203|440
1475,4a6f3aa4f964a520add51fe3,1124,50,2,2012-09-14 12:16:00+00:00,2012-09-14 13:06:00+00:00,344|398
1476,4a6f8c85f964a52079d61fe3,1127,30,2,2012-05-04 13:19:00+00:00,2012-05-04 13:49:00+00:00,374|419
1477,4a706e81f964a52076d71fe3,1130,26,2,2012-05-14 13:53:00+00:00,2012-05-14 14:19:00+00:00,334|903
1478,4a70a76cf964a52017d81fe3,1132,28,2,2012-04-22 21:33:00+00:00,2012-04-22 22:01:00+00:00,951|1028
1479,4a72e5fef964a52050db1fe3,1142,52,2,2012-10-26 15:01:00+00:00,2012-10-26 15:53:00+00:00,30|339
1480,4a737bf8f964a52091dc1fe3,1145,58,3,2012-04-04 11:35:00+00:00,2012-04-04 12:33:00+00:00,467|500|521
1481,4a737bf8f964a52091dc1fe3,1145,53,2,2012-04-05 11:09:00+00:00,2012-04-05 12:02:00+00:00,119|474
1482,4a737bf8f964a52091dc1fe3,1145,52,2,2012-04-09 11:38:00+00:00,2012-04-09 12:30:00+00:00,474|521
1483,4a737bf8f964a52091dc1fe3,1145,16,2,2012-04-09 12:30:00+00:00,2012-04-09 12:46:00+00:00,500|521
1484,4a737bf8f964a52091dc1fe3,1145,55,3,2012-04-16 11:35:00+00:00,2012-04-16 12:30:00+00:00,467|474|521
1485,4a737bf8f964a52091dc1fe3,1145,41,2,2012-04-16 18:58:00+00:00,2012-04-16 19:39:00+00:00,467|947
1486,4a737bf8f964a52091dc1fe3,1145,45,2,2012-04-16 19:39:00+00:00,2012-04-16 20:24:00+00:00,467|474
1487,4a737bf8f964a52091dc1fe3,1145,46,2,2012-04-17 12:15:00+00:00,2012-04-17 13:01:00+00:00,172|521
1488,4a737bf8f964a52091dc1fe3,1145,40,2,2012-04-17 13:01:00+00:00,2012-04-17 13:41:00+00:00,42|172
1489,4a737bf8f964a52091dc1fe3,1145,55,3,2012-04-17 21:39:00+00:00,2012-04-17 22:34:00+00:00,474|722|956
1490,4a737bf8f964a52091dc1fe3,1145,57,2,2012-04-18 12:51:00+00:00,2012-04-18 13:48:00+00:00,42|172
1491,4a737bf8f964a52091dc1fe3,1145,7,2,2012-04-18 21:48:00+00:00,2012-04-18 21:55:00+00:00,172|498
1492,4a737bf8f964a52091dc1fe3,1145,58,2,2012-04-19 11:37:00+00:00,2012-04-19 12:35:00+00:00,467|521
1493,4a737bf8f964a52091dc1fe3,1145,8,2,2012-04-19 12:35:00+00:00,2012-04-19 12:43:00+00:00,172|521
1494,4a737bf8f964a52091dc1fe3,1145,48,3,2012-04-20 11:44:00+00:00,2012-04-20 12:32:00+00:00,172|467|521
1495,4a737bf8f964a52091dc1fe3,1145,12,2,2012-04-22 00:40:00+00:00,2012-04-22 00:52:00+00:00,172|947
1496,4a737bf8f964a52091dc1fe3,1145,19,3,2012-04-23 11:40:00+00:00,2012-04-23 11:59:00+00:00,467|474|521
1497,4a737bf8f964a52091dc1fe3,1145,58,3,2012-04-23 11:51:00+00:00,2012-04-23 12:49:00+00:00,467|474|500
1498,4a737bf8f964a52091dc1fe3,1145,54,3,2012-04-23 11:59:00+00:00,2012-04-23 12:53:00+00:00,172|467|500
1499,4a737bf8f964a52091dc1fe3,1145,53,2,2012-04-23 19:51:00+00:00,2012-04-23 20:44:00+00:00,474|947
1500,4a737bf8f964a52091dc1fe3,1145,10,3,2012-04-24 11:38:00+00:00,2012-04-24 11:48:00+00:00,474|494|521
1501,4a737bf8f964a52091dc1fe3,1145,60,3,2012-04-24 11:48:00+00:00,2012-04-24 12:48:00+00:00,172|474|494
1502,4a737bf8f964a52091dc1fe3,1145,9,2,2012-04-24 13:49:00+00:00,2012-04-24 13:58:00+00:00,42|514
1503,4a737bf8f964a52091dc1fe3,1145,16,3,2012-04-25 11:44:00+00:00,2012-04-25 12:00:00+00:00,474|494|521
1504,4a737bf8f964a52091dc1fe3,1145,32,2,2012-04-25 13:10:00+00:00,2012-04-25 13:42:00+00:00,42|514
1505,4a737bf8f964a52091dc1fe3,1145,41,2,2012-04-26 11:55:00+00:00,2012-04-26 12:36:00+00:00,172|474
1506,4a737bf8f964a52091dc1fe3,1145,28,2,2012-04-26 12:36:00+00:00,2012-04-26 13:04:00+00:00,172|494
1507,4a737bf8f964a52091dc1fe3,1145,49,2,2012-04-26 13:04:00+00:00,2012-04-26 13:53:00+00:00,42|494
1508,4a737bf8f964a52091dc1fe3,1145,36,2,2012-04-27 12:00:00+00:00,2012-04-27 12:36:00+00:00,172|474
1509,4a737bf8f964a52091dc1fe3,1145,21,2,2012-04-28 22:55:00+00:00,2012-04-28 23:16:00+00:00,354|474
1510,4a737bf8f964a52091dc1fe3,1145,48,4,2012-05-03 12:22:00+00:00,2012-05-03 13:10:00+00:00,474|500|514|521
1511,4a737bf8f964a52091dc1fe3,1145,58,2,2012-05-03 21:43:00+00:00,2012-05-03 22:41:00+00:00,42|474
1512,4a737bf8f964a52091dc1fe3,1145,7,2,2012-05-03 22:41:00+00:00,2012-05-03 22:48:00+00:00,42|445
1513,4a737bf8f964a52091dc1fe3,1145,11,2,2012-05-04 03:13:00+00:00,2012-05-04 03:24:00+00:00,121|664
1514,4a737bf8f964a52091dc1fe3,1145,33,3,2012-05-04 13:40:00+00:00,2012-05-04 14:13:00+00:00,42|319|514
1515,4a737bf8f964a52091dc1fe3,1145,16,2,2012-05-07 12:02:00+00:00,2012-05-07 12:18:00+00:00,42|521
1516,4a737bf8f964a52091dc1fe3,1145,52,2,2012-05-07 12:18:00+00:00,2012-05-07 13:10:00+00:00,494|521
1517,4a737bf8f964a52091dc1fe3,1145,50,2,2012-05-08 20:41:00+00:00,2012-05-08 21:31:00+00:00,474|494
1518,4a737bf8f964a52091dc1fe3,1145,36,3,2012-05-09 11:47:00+00:00,2012-05-09 12:23:00+00:00,474|494|521
1519,4a737bf8f964a52091dc1fe3,1145,28,2,2012-05-09 17:14:00+00:00,2012-05-09 17:42:00+00:00,335|498
1520,4a737bf8f964a52091dc1fe3,1145,24,2,2012-05-09 22:59:00+00:00,2012-05-09 23:23:00+00:00,319|474
1521,4a737bf8f964a52091dc1fe3,1145,58,3,2012-05-11 12:23:00+00:00,2012-05-11 13:21:00+00:00,474|514|521
1522,4a737bf8f964a52091dc1fe3,1145,53,2,2012-05-11 21:24:00+00:00,2012-05-11 22:17:00+00:00,498|664
1523,4a737bf8f964a52091dc1fe3,1145,19,2,2012-05-14 12:02:00+00:00,2012-05-14 12:21:00+00:00,474|521
1524,4a737bf8f964a52091dc1fe3,1145,11,2,2012-05-15 12:13:00+00:00,2012-05-15 12:24:00+00:00,474|521
1525,4a737bf8f964a52091dc1fe3,1145,53,2,2012-05-15 12:24:00+00:00,2012-05-15 13:17:00+00:00,521|812
1526,4a737bf8f964a52091dc1fe3,1145,28,3,2012-05-15 13:17:00+00:00,2012-05-15 13:45:00+00:00,42|514|812
1527,4a737bf8f964a52091dc1fe3,1145,43,3,2012-05-15 13:40:00+00:00,2012-05-15 14:23:00+00:00,42|494|514
1528,4a737bf8f964a52091dc1fe3,1145,14,2,2012-05-17 12:00:00+00:00,2012-05-17 12:14:00+00:00,474|521
1529,4a737bf8f964a52091dc1fe3,1145,1,2,2012-05-18 12:09:00+00:00,2012-05-18 12:10:00+00:00,42|521
1530,4a737bf8f964a52091dc1fe3,1145,20,2,2012-05-22 11:44:00+00:00,2012-05-22 12:04:00+00:00,474|521
1531,4a737bf8f964a52091dc1fe3,1145,0,2,2012-05-24 05:10:00+00:00,2012-05-24 05:10:00+00:00,558|664
1532,4a737bf8f964a52091dc1fe3,1145,31,2,2012-05-29 11:47:00+00:00,2012-05-29 12:18:00+00:00,474|521
1533,4a737bf8f964a52091dc1fe3,1145,19,2,2012-06-04 12:05:00+00:00,2012-06-04 12:24:00+00:00,474|521
1534,4a737bf8f964a52091dc1fe3,1145,7,2,2012-06-05 12:06:00+00:00,2012-06-05 12:13:00+00:00,474|521
1535,4a737bf8f964a52091dc1fe3,1145,50,2,2012-06-06 12:02:00+00:00,2012-06-06 12:52:00+00:00,474|500
1536,4a737bf8f964a52091dc1fe3,1145,41,2,2012-06-06 22:07:00+00:00,2012-06-06 22:48:00+00:00,474|521
1537,4a737bf8f964a52091dc1fe3,1145,23,2,2012-06-06 22:48:00+00:00,2012-06-06 23:11:00+00:00,42|521
1538,4a737bf8f964a52091dc1fe3,1145,14,2,2012-06-07 12:00:00+00:00,2012-06-07 12:14:00+00:00,474|521
1539,4a737bf8f964a52091dc1fe3,1145,33,2,2012-06-08 11:26:00+00:00,2012-06-08 11:59:00+00:00,474|521
1540,4a737bf8f964a52091dc1fe3,1145,45,2,2012-06-11 22:43:00+00:00,2012-06-11 23:28:00+00:00,42|664
1541,4a737bf8f964a52091dc1fe3,1145,38,2,2012-06-13 16:09:00+00:00,2012-06-13 16:47:00+00:00,319|498
1542,4a737bf8f964a52091dc1fe3,1145,17,2,2012-06-20 23:01:00+00:00,2012-06-20 23:18:00+00:00,664|847
1543,4a737bf8f964a52091dc1fe3,1145,40,2,2012-06-30 23:35:00+00:00,2012-07-01 00:15:00+00:00,498|664
1544,4a737bf8f964a52091dc1fe3,1145,37,2,2012-07-02 12:18:00+00:00,2012-07-02 12:55:00+00:00,500|521
1545,4a737bf8f964a52091dc1fe3,1145,28,2,2012-07-12 12:13:00+00:00,2012-07-12 12:41:00+00:00,500|521
1546,4a737bf8f964a52091dc1fe3,1145,2,2,2012-11-05 12:50:00+00:00,2012-11-05 12:52:00+00:00,70|1037
1547,4a785251f964a52063e51fe3,1160,21,2,2012-08-13 02:55:00+00:00,2012-08-13 03:16:00+00:00,555|617
1548,4a79f9bcf964a5201ee81fe3,1169,10,2,2012-05-03 22:10:00+00:00,2012-05-03 22:20:00+00:00,198|475
1549,4a7a0b43f964a5204be81fe3,1171,51,2,2012-05-25 23:19:00+00:00,2012-05-26 00:10:00+00:00,262|289
1550,4a7c6d9bf964a52091ec1fe3,1180,59,2,2012-04-29 19:53:00+00:00,2012-04-29 20:52:00+00:00,15|953
1551,4a7c6d9bf964a52091ec1fe3,1180,30,2,2012-07-27 22:18:00+00:00,2012-07-27 22:48:00+00:00,476|594
1552,4a7dff4df964a52091f01fe3,1186,51,2,2012-04-28 20:03:00+00:00,2012-04-28 20:54:00+00:00,463|728
1553,4a7dff4df964a52091f01fe3,1186,10,2,2012-07-12 00:36:00+00:00,2012-07-12 00:46:00+00:00,756|1053
1554,4a7f0913f964a5208af21fe3,1190,35,2,2012-04-04 13:25:00+00:00,2012-04-04 14:00:00+00:00,280|713
1555,4a7f0913f964a5208af21fe3,1190,12,2,2012-04-26 13:41:00+00:00,2012-04-26 13:53:00+00:00,280|713
1556,4a808da6f964a52097f51fe3,1195,42,2,2012-05-18 20:38:00+00:00,2012-05-18 21:20:00+00:00,539|838
1557,4a809c7df964a520b2f51fe3,1196,3,2,2012-06-06 19:45:00+00:00,2012-06-06 19:48:00+00:00,591|640
1558,4a809c7df964a520b2f51fe3,1196,10,2,2012-07-12 19:00:00+00:00,2012-07-12 19:10:00+00:00,591|640
1559,4a81ecabf964a520fdf71fe3,1206,57,2,2012-06-21 13:53:00+00:00,2012-06-21 14:50:00+00:00,415|431
1560,4a81ef97f964a5200af81fe3,1207,48,2,2012-11-18 01:05:00+00:00,2012-11-18 01:53:00+00:00,688|1076
1561,4a836d3bf964a5201dfb1fe3,1215,22,2,2012-05-14 18:18:00+00:00,2012-05-14 18:40:00+00:00,319|415
1562,4a888403f964a520bb0620e3,1234,31,2,2012-05-03 12:52:00+00:00,2012-05-03 13:23:00+00:00,680|783
1563,4a888403f964a520bb0620e3,1234,29,2,2012-05-19 12:27:00+00:00,2012-05-19 12:56:00+00:00,417|783
1564,4a888403f964a520bb0620e3,1234,17,2,2012-05-22 12:46:00+00:00,2012-05-22 13:03:00+00:00,417|783
1565,4a888403f964a520bb0620e3,1234,55,2,2012-07-12 16:13:00+00:00,2012-07-12 17:08:00+00:00,783|888
1566,4a888403f964a520bb0620e3,1234,21,2,2012-07-17 12:34:00+00:00,2012-07-17 12:55:00+00:00,680|783
1567,4a888403f964a520bb0620e3,1234,50,2,2012-10-26 12:36:00+00:00,2012-10-26 13:26:00+00:00,680|783
1568,4a89f04ef964a5206a0920e3,1239,58,2,2012-06-11 22:22:00+00:00,2012-06-11 23:20:00+00:00,824|845
1569,4a8c017df964a520dc0c20e3,1242,26,2,2012-04-16 13:04:00+00:00,2012-04-16 13:30:00+00:00,756|1051
1570,4a8c017df964a520dc0c20e3,1242,17,2,2012-04-25 13:44:00+00:00,2012-04-25 14:01:00+00:00,375|1051
1571,4a8c017df964a520dc0c20e3,1242,7,2,2012-05-18 13:03:00+00:00,2012-05-18 13:10:00+00:00,375|1051
1572,4a8c017df964a520dc0c20e3,1242,22,2,2012-07-02 13:28:00+00:00,2012-07-02 13:50:00+00:00,375|756
1573,4a8c017df964a520dc0c20e3,1242,58,2,2012-07-12 13:40:00+00:00,2012-07-12 14:38:00+00:00,286|756
1574,4a8cc1d4f964a520130f20e3,1246,33,2,2012-04-07 18:18:00+00:00,2012-04-07 18:51:00+00:00,7|491
1575,4a8cc1d4f964a520130f20e3,1246,36,2,2012-05-10 21:33:00+00:00,2012-05-10 22:09:00+00:00,616|742
1576,4a8cc1d4f964a520130f20e3,1246,49,2,2012-05-31 21:04:00+00:00,2012-05-31 21:53:00+00:00,742|865
1577,4a8e031cf964a520be1120e3,1250,15,2,2012-06-09 04:09:00+00:00,2012-06-09 04:24:00+00:00,35|290
1578,4a90a5caf964a520f01820e3,1257,28,2,2012-11-25 04:47:00+00:00,2012-11-25 05:15:00+00:00,986|1029
1579,4a928e9df964a520281d20e3,1260,1,2,2012-04-28 13:50:00+00:00,2012-04-28 13:51:00+00:00,56|690
1580,4a928e9df964a520281d20e3,1260,43,2,2012-05-23 22:29:00+00:00,2012-05-23 23:12:00+00:00,471|690
1581,4a93d972f964a520e61f20e3,1268,52,2,2012-04-11 14:54:00+00:00,2012-04-11 15:46:00+00:00,58|987
1582,4a954328f964a520cf2220e3,1273,10,2,2012-04-03 20:11:00+00:00,2012-04-03 20:21:00+00:00,176|885
1583,4a97fe69f964a520082a20e3,1286,14,2,2012-04-12 12:57:00+00:00,2012-04-12 13:11:00+00:00,57|696
1584,4a97fe69f964a520082a20e3,1286,47,2,2012-04-24 13:00:00+00:00,2012-04-24 13:47:00+00:00,57|696
1585,4a97fe69f964a520082a20e3,1286,43,2,2012-05-07 12:57:00+00:00,2012-05-07 13:40:00+00:00,57|696
1586,4a97fe69f964a520082a20e3,1286,7,2,2012-05-14 13:02:00+00:00,2012-05-14 13:09:00+00:00,57|696
1587,4a97fe69f964a520082a20e3,1286,4,2,2012-05-15 12:56:00+00:00,2012-05-15 13:00:00+00:00,57|696
1588,4a97fe69f964a520082a20e3,1286,41,2,2012-05-16 12:56:00+00:00,2012-05-16 13:37:00+00:00,57|696
1589,4a97fe69f964a520082a20e3,1286,1,2,2012-05-21 13:03:00+00:00,2012-05-21 13:04:00+00:00,57|696
1590,4a97fe69f964a520082a20e3,1286,11,2,2012-05-22 12:58:00+00:00,2012-05-22 13:09:00+00:00,57|696
1591,4a97fe69f964a520082a20e3,1286,55,2,2012-05-25 13:04:00+00:00,2012-05-25 13:59:00+00:00,57|696
1592,4a97fe69f964a520082a20e3,1286,4,2,2012-06-01 13:07:00+00:00,2012-06-01 13:11:00+00:00,57|696
1593,4a97fe69f964a520082a20e3,1286,14,2,2012-06-18 13:03:00+00:00,2012-06-18 13:17:00+00:00,57|696
1594,4a97fe69f964a520082a20e3,1286,55,2,2012-07-12 13:05:00+00:00,2012-07-12 14:00:00+00:00,57|696
1595,4a991c59f964a520662d20e3,1291,24,2,2012-05-03 15:53:00+00:00,2012-05-03 16:17:00+00:00,468|541
1596,4a991c59f964a520662d20e3,1291,0,2,2012-05-10 22:06:00+00:00,2012-05-10 22:06:00+00:00,684|941
1597,4a991c59f964a520662d20e3,1291,58,2,2012-05-21 21:20:00+00:00,2012-05-21 22:18:00+00:00,619|941
1598,4a991c59f964a520662d20e3,1291,57,2,2012-05-29 20:38:00+00:00,2012-05-29 21:35:00+00:00,839|891
1599,4a998174f964a520b62e20e3,1292,45,2,2012-10-26 10:15:00+00:00,2012-10-26 11:00:00+00:00,477|1043
1600,4a998174f964a520b62e20e3,1292,39,2,2012-11-09 10:20:00+00:00,2012-11-09 10:59:00+00:00,477|1043
1601,4a998174f964a520b62e20e3,1292,47,2,2012-11-21 10:12:00+00:00,2012-11-21 10:59:00+00:00,477|1043
1602,4a99898ff964a520f22e20e3,1293,39,2,2012-05-12 18:26:00+00:00,2012-05-12 19:05:00+00:00,124|475
1603,4a9ac075f964a5207b3220e3,1296,16,2,2012-04-12 17:49:00+00:00,2012-04-12 18:05:00+00:00,857|901
1604,4a9bc4d8f964a520303520e3,1302,1,2,2012-05-01 21:54:00+00:00,2012-05-01 21:55:00+00:00,215|861
1605,4a9c4e29f964a520c23620e3,1306,0,2,2012-06-03 21:56:00+00:00,2012-06-03 21:56:00+00:00,842|928
1606,4a9c9100f964a5208f3720e3,1309,50,2,2012-05-26 06:11:00+00:00,2012-05-26 07:01:00+00:00,56|819
1607,4a9ee901f964a520c03b20e3,1317,58,2,2012-07-17 21:55:00+00:00,2012-07-17 22:53:00+00:00,823|1077
1608,4a9fc4fbf964a520493d20e3,1322,37,2,2012-05-09 22:44:00+00:00,2012-05-09 23:21:00+00:00,619|1005
1609,4aa2d477f964a520484220e3,1328,4,2,2012-05-17 03:50:00+00:00,2012-05-17 03:54:00+00:00,169|1083
1610,4aa2d477f964a520484220e3,1328,16,2,2012-07-28 00:38:00+00:00,2012-07-28 00:54:00+00:00,198|283
1611,4aa42b50f964a520a44520e3,1331,59,2,2012-04-27 21:25:00+00:00,2012-04-27 22:24:00+00:00,96|527
1612,4aa42b50f964a520a44520e3,1331,58,2,2012-05-22 11:38:00+00:00,2012-05-22 12:36:00+00:00,96|188
1613,4aa42b50f964a520a44520e3,1331,49,2,2012-06-05 11:39:00+00:00,2012-06-05 12:28:00+00:00,96|1068
1614,4aa52d50f964a520834720e3,1334,53,2,2012-04-24 14:34:00+00:00,2012-04-24 15:27:00+00:00,400|984
1615,4aa52d50f964a520834720e3,1334,36,2,2012-04-24 21:40:00+00:00,2012-04-24 22:16:00+00:00,122|594
1616,4aa534ebf964a520964720e3,1335,13,2,2012-07-07 19:39:00+00:00,2012-07-07 19:52:00+00:00,102|809
1617,4aad5579f964a520c05f20e3,1366,29,2,2012-04-13 21:56:00+00:00,2012-04-13 22:25:00+00:00,354|506
1618,4aaf803ef964a520376420e3,1371,59,2,2012-05-27 16:37:00+00:00,2012-05-27 17:36:00+00:00,702|921
1619,4aafba97f964a520946420e3,1372,42,2,2012-05-18 14:26:00+00:00,2012-05-18 15:08:00+00:00,702|1020
1620,4aafba97f964a520946420e3,1372,29,2,2012-05-22 14:35:00+00:00,2012-05-22 15:04:00+00:00,702|1020
1621,4aafba97f964a520946420e3,1372,31,2,2012-06-11 14:28:00+00:00,2012-06-11 14:59:00+00:00,583|702
1622,4aafba97f964a520946420e3,1372,48,2,2012-06-18 14:13:00+00:00,2012-06-18 15:01:00+00:00,583|702
1623,4aafba97f964a520946420e3,1372,45,2,2012-09-05 12:07:00+00:00,2012-09-05 12:52:00+00:00,583|702
1624,4ab04eb9f964a520fe6620e3,1374,43,2,2012-04-27 23:50:00+00:00,2012-04-28 00:33:00+00:00,594|1064
1625,4ab04eb9f964a520fe6620e3,1374,1,2,2012-05-01 22:58:00+00:00,2012-05-01 22:59:00+00:00,688|760
1626,4ab41590f964a520c46f20e3,1385,7,2,2012-04-04 12:18:00+00:00,2012-04-04 12:25:00+00:00,188|440
1627,4ab41590f964a520c46f20e3,1385,32,2,2012-04-09 12:11:00+00:00,2012-04-09 12:43:00+00:00,188|440
1628,4ab41590f964a520c46f20e3,1385,5,2,2012-04-12 12:13:00+00:00,2012-04-12 12:18:00+00:00,188|440
1629,4ab41590f964a520c46f20e3,1385,18,2,2012-04-13 12:11:00+00:00,2012-04-13 12:29:00+00:00,188|440
1630,4ab41590f964a520c46f20e3,1385,28,2,2012-04-17 12:04:00+00:00,2012-04-17 12:32:00+00:00,188|440
1631,4ab41590f964a520c46f20e3,1385,36,2,2012-04-19 11:58:00+00:00,2012-04-19 12:34:00+00:00,188|440
1632,4ab41590f964a520c46f20e3,1385,30,2,2012-04-20 12:01:00+00:00,2012-04-20 12:31:00+00:00,188|440
1633,4ab41590f964a520c46f20e3,1385,3,2,2012-05-04 12:02:00+00:00,2012-05-04 12:05:00+00:00,188|440
1634,4ab41590f964a520c46f20e3,1385,47,2,2012-05-11 12:04:00+00:00,2012-05-11 12:51:00+00:00,188|440
1635,4ab41590f964a520c46f20e3,1385,12,2,2012-05-15 12:15:00+00:00,2012-05-15 12:27:00+00:00,188|440
1636,4ab41590f964a520c46f20e3,1385,5,2,2012-05-17 12:38:00+00:00,2012-05-17 12:43:00+00:00,188|440
1637,4ab41590f964a520c46f20e3,1385,3,2,2012-06-01 11:57:00+00:00,2012-06-01 12:00:00+00:00,188|440
1638,4ab41590f964a520c46f20e3,1385,3,2,2012-06-04 12:03:00+00:00,2012-06-04 12:06:00+00:00,188|440
1639,4ab5c01df964a520017620e3,1389,51,2,2012-05-12 11:51:00+00:00,2012-05-12 12:42:00+00:00,278|354
1640,4ab6ba92f964a520c27820e3,1391,52,2,2012-05-05 01:00:00+00:00,2012-05-05 01:52:00+00:00,612|994
1641,4ab7e0d7f964a520417b20e3,1396,23,2,2012-04-14 19:54:00+00:00,2012-04-14 20:17:00+00:00,206|383
1642,4ab7e0d7f964a520417b20e3,1396,29,2,2012-04-23 15:13:00+00:00,2012-04-23 15:42:00+00:00,276|503
1643,4ab939f0f964a520967e20e3,1402,32,2,2012-05-08 14:10:00+00:00,2012-05-08 14:42:00+00:00,42|527
1644,4ab939f0f964a520967e20e3,1402,23,2,2012-05-16 23:52:00+00:00,2012-05-17 00:15:00+00:00,42|527
1645,4abbe19ef964a520548520e3,1418,26,2,2012-04-04 01:52:00+00:00,2012-04-04 02:18:00+00:00,597|704
1646,4abbe19ef964a520548520e3,1418,41,2,2012-04-07 18:29:00+00:00,2012-04-07 19:10:00+00:00,623|955
1647,4abbe19ef964a520548520e3,1418,10,2,2012-04-24 12:44:00+00:00,2012-04-24 12:54:00+00:00,307|861
1648,4abbe19ef964a520548520e3,1418,7,2,2012-05-04 17:03:00+00:00,2012-05-04 17:10:00+00:00,597|742
1649,4abbe19ef964a520548520e3,1418,13,2,2012-05-12 21:08:00+00:00,2012-05-12 21:21:00+00:00,597|1051
1650,4abe363df964a520fa8b20e3,1427,4,2,2012-04-22 14:07:00+00:00,2012-04-22 14:11:00+00:00,273|908
1651,4ac245ecf964a520879820e3,1436,19,2,2012-05-17 22:59:00+00:00,2012-05-17 23:18:00+00:00,639|675
1652,4ac7d78cf964a52011ba20e3,1453,37,2,2012-11-12 10:38:00+00:00,2012-11-12 11:15:00+00:00,350|1065
1653,4ace6c89f964a52078d020e3,1474,27,2,2012-04-06 14:34:00+00:00,2012-04-06 15:01:00+00:00,62|683
1654,4ace6c89f964a52078d020e3,1474,38,2,2012-04-08 21:40:00+00:00,2012-04-08 22:18:00+00:00,519|869
1655,4ace6c89f964a52078d020e3,1474,28,3,2012-04-10 01:45:00+00:00,2012-04-10 02:13:00+00:00,62|683|760
1656,4ace6c89f964a52078d020e3,1474,36,2,2012-04-10 22:04:00+00:00,2012-04-10 22:40:00+00:00,361|897
1657,4ace6c89f964a52078d020e3,1474,40,3,2012-04-13 01:46:00+00:00,2012-04-13 02:26:00+00:00,361|629|897
1658,4ace6c89f964a52078d020e3,1474,45,2,2012-04-16 10:14:00+00:00,2012-04-16 10:59:00+00:00,389|572
1659,4ace6c89f964a52078d020e3,1474,2,2,2012-04-23 09:11:00+00:00,2012-04-23 09:13:00+00:00,379|869
1660,4ace6c89f964a52078d020e3,1474,17,2,2012-04-23 21:33:00+00:00,2012-04-23 21:50:00+00:00,772|1066
1661,4ace6c89f964a52078d020e3,1474,18,2,2012-04-25 17:23:00+00:00,2012-04-25 17:41:00+00:00,255|364
1662,4ace6c89f964a52078d020e3,1474,49,4,2012-04-25 20:58:00+00:00,2012-04-25 21:47:00+00:00,195|465|519|803
1663,4ace6c89f964a52078d020e3,1474,1,2,2012-04-28 22:57:00+00:00,2012-04-28 22:58:00+00:00,195|379
1664,4ace6c89f964a52078d020e3,1474,23,2,2012-05-02 02:02:00+00:00,2012-05-02 02:25:00+00:00,364|398
1665,4ace6c89f964a52078d020e3,1474,46,2,2012-05-07 01:29:00+00:00,2012-05-07 02:15:00+00:00,275|280
1666,4ace6c89f964a52078d020e3,1474,34,2,2012-05-11 03:10:00+00:00,2012-05-11 03:44:00+00:00,157|465
1667,4ace6c89f964a52078d020e3,1474,43,2,2012-05-11 18:12:00+00:00,2012-05-11 18:55:00+00:00,187|852
1668,4ace6c89f964a52078d020e3,1474,50,2,2012-05-12 10:53:00+00:00,2012-05-12 11:43:00+00:00,323|869
1669,4ace6c89f964a52078d020e3,1474,52,2,2012-05-14 03:13:00+00:00,2012-05-14 04:05:00+00:00,433|915
1670,4ace6c89f964a52078d020e3,1474,54,2,2012-05-15 19:29:00+00:00,2012-05-15 20:23:00+00:00,81|915
1671,4ace6c89f964a52078d020e3,1474,19,2,2012-05-18 11:04:00+00:00,2012-05-18 11:23:00+00:00,199|558
1672,4ace6c89f964a52078d020e3,1474,58,2,2012-05-22 02:31:00+00:00,2012-05-22 03:29:00+00:00,90|450
1673,4ace6c89f964a52078d020e3,1474,49,2,2012-05-25 09:49:00+00:00,2012-05-25 10:38:00+00:00,283|558
1674,4ace6c89f964a52078d020e3,1474,12,2,2012-05-25 10:38:00+00:00,2012-05-25 10:50:00+00:00,558|1057
1675,4ace6c89f964a52078d020e3,1474,19,2,2012-05-29 08:55:00+00:00,2012-05-29 09:14:00+00:00,242|869
1676,4ace6c89f964a52078d020e3,1474,29,2,2012-06-07 13:16:00+00:00,2012-06-07 13:45:00+00:00,137|680
1677,4ace6c89f964a52078d020e3,1474,16,2,2012-06-07 17:54:00+00:00,2012-06-07 18:10:00+00:00,407|1057
1678,4ace6c89f964a52078d020e3,1474,5,2,2012-06-10 21:07:00+00:00,2012-06-10 21:12:00+00:00,348|519
1679,4ace6c89f964a52078d020e3,1474,18,2,2012-06-11 19:08:00+00:00,2012-06-11 19:26:00+00:00,132|369
1680,4ace6c89f964a52078d020e3,1474,18,2,2012-06-17 23:34:00+00:00,2012-06-17 23:52:00+00:00,177|193
1681,4ace6c89f964a52078d020e3,1474,9,2,2012-07-05 08:39:00+00:00,2012-07-05 08:48:00+00:00,816|1040
1682,4ace6c89f964a52078d020e3,1474,8,2,2012-07-08 14:02:00+00:00,2012-07-08 14:10:00+00:00,744|761
1683,4ace6c89f964a52078d020e3,1474,58,3,2012-07-09 10:37:00+00:00,2012-07-09 11:35:00+00:00,572|893|992
1684,4ace6c89f964a52078d020e3,1474,1,2,2012-07-11 22:28:00+00:00,2012-07-11 22:29:00+00:00,519|1031
1685,4ace6c89f964a52078d020e3,1474,36,3,2012-07-13 12:33:00+00:00,2012-07-13 13:09:00+00:00,47|572|869
1686,4ace6c89f964a52078d020e3,1474,7,2,2012-07-16 12:49:00+00:00,2012-07-16 12:56:00+00:00,519|992
1687,4ace6c89f964a52078d020e3,1474,9,2,2012-07-18 14:22:00+00:00,2012-07-18 14:31:00+00:00,129|452
1688,4ace6c89f964a52078d020e3,1474,19,2,2012-07-18 21:57:00+00:00,2012-07-18 22:16:00+00:00,200|1015
1689,4ace6c89f964a52078d020e3,1474,0,2,2012-08-09 11:30:00+00:00,2012-08-09 11:30:00+00:00,248|322
1690,4ace6c89f964a52078d020e3,1474,25,2,2012-08-10 10:16:00+00:00,2012-08-10 10:41:00+00:00,369|967
1691,4ace6c89f964a52078d020e3,1474,49,2,2012-08-13 16:31:00+00:00,2012-08-13 17:20:00+00:00,1028|1057
1692,4ace6c89f964a52078d020e3,1474,10,2,2012-09-13 10:23:00+00:00,2012-09-13 10:33:00+00:00,143|608
1693,4ace6c89f964a52078d020e3,1474,18,2,2012-10-08 12:20:00+00:00,2012-10-08 12:38:00+00:00,407|822
1694,4ace6c89f964a52078d020e3,1474,16,2,2012-10-26 09:54:00+00:00,2012-10-26 10:10:00+00:00,694|900
1695,4acf7cadf964a52003d420e3,1478,20,3,2012-05-04 16:35:00+00:00,2012-05-04 16:55:00+00:00,9|98|462
1696,4acf7cadf964a52003d420e3,1478,49,5,2012-05-11 16:27:00+00:00,2012-05-11 17:16:00+00:00,206|462|466|532|833
1697,4acf7cadf964a52003d420e3,1478,11,2,2012-05-17 16:55:00+00:00,2012-05-17 17:06:00+00:00,107|290
1698,4acf7cadf964a52003d420e3,1478,35,2,2012-05-19 00:11:00+00:00,2012-05-19 00:46:00+00:00,906|1048
1699,4acf7cadf964a52003d420e3,1478,29,3,2012-05-25 17:01:00+00:00,2012-05-25 17:30:00+00:00,9|377|970
1700,4acf7cadf964a52003d420e3,1478,41,2,2012-05-25 22:09:00+00:00,2012-05-25 22:50:00+00:00,33|1039
1701,4acf7cadf964a52003d420e3,1478,42,2,2012-05-29 23:23:00+00:00,2012-05-30 00:05:00+00:00,14|286
1702,4acfc371f964a520d2d520e3,1480,56,2,2012-05-14 20:25:00+00:00,2012-05-14 21:21:00+00:00,120|354
1703,4acfc371f964a520d2d520e3,1480,54,2,2012-06-13 23:27:00+00:00,2012-06-14 00:21:00+00:00,354|664
1704,4ad04456f964a520c7d720e3,1483,12,2,2012-06-10 07:10:00+00:00,2012-06-10 07:22:00+00:00,431|830
1705,4ad35d08f964a520fae320e3,1491,42,2,2012-05-04 13:36:00+00:00,2012-05-04 14:18:00+00:00,334|1011
1706,4ad3f445f964a5200ee720e3,1498,6,2,2012-06-17 05:20:00+00:00,2012-06-17 05:26:00+00:00,295|415
1707,4ad494d5f964a5203ce820e3,1500,52,2,2012-06-17 20:52:00+00:00,2012-06-17 21:44:00+00:00,596|626
1708,4ad5d824f964a520b70321e3,1509,31,2,2012-04-10 00:41:00+00:00,2012-04-10 01:12:00+00:00,957|987
1709,4ad5d824f964a520b70321e3,1509,43,2,2012-04-13 22:56:00+00:00,2012-04-13 23:39:00+00:00,303|987
1710,4ad684abf964a520970721e3,1514,2,2,2012-05-25 20:20:00+00:00,2012-05-25 20:22:00+00:00,172|991
1711,4ad684abf964a520970721e3,1514,32,2,2012-06-06 22:29:00+00:00,2012-06-06 23:01:00+00:00,76|95
1712,4ad684abf964a520970721e3,1514,13,2,2012-06-11 12:18:00+00:00,2012-06-11 12:31:00+00:00,95|1062
1713,4ad684abf964a520970721e3,1514,46,2,2012-06-12 12:41:00+00:00,2012-06-12 13:27:00+00:00,76|95
1714,4ad684abf964a520970721e3,1514,15,2,2012-06-15 12:50:00+00:00,2012-06-15 13:05:00+00:00,95|991
1715,4ad684abf964a520970721e3,1514,25,2,2012-06-21 13:06:00+00:00,2012-06-21 13:31:00+00:00,76|991
1716,4ad77a2bf964a520280b21e3,1520,12,2,2012-04-17 11:50:00+00:00,2012-04-17 12:02:00+00:00,440|647
1717,4ad77a2bf964a520280b21e3,1520,38,2,2012-04-17 22:31:00+00:00,2012-04-17 23:09:00+00:00,440|647
1718,4ad77a2bf964a520280b21e3,1520,56,2,2012-04-18 00:37:00+00:00,2012-04-18 01:33:00+00:00,329|746
1719,4ad77a2bf964a520280b21e3,1520,54,2,2012-04-18 22:34:00+00:00,2012-04-18 23:28:00+00:00,440|647
1720,4ad77a2bf964a520280b21e3,1520,13,2,2012-04-19 12:20:00+00:00,2012-04-19 12:33:00+00:00,440|647
1721,4ad77a2bf964a520280b21e3,1520,9,2,2012-04-20 12:22:00+00:00,2012-04-20 12:31:00+00:00,440|647
1722,4ad77a2bf964a520280b21e3,1520,11,2,2012-04-23 12:15:00+00:00,2012-04-23 12:26:00+00:00,440|647
1723,4ad77a2bf964a520280b21e3,1520,14,2,2012-04-24 12:16:00+00:00,2012-04-24 12:30:00+00:00,440|647
1724,4ad77a2bf964a520280b21e3,1520,51,2,2012-04-24 22:27:00+00:00,2012-04-24 23:18:00+00:00,17|324
1725,4ad77a2bf964a520280b21e3,1520,5,2,2012-04-25 12:07:00+00:00,2012-04-25 12:12:00+00:00,440|647
1726,4ad77a2bf964a520280b21e3,1520,11,2,2012-04-26 12:16:00+00:00,2012-04-26 12:27:00+00:00,440|647
1727,4ad77a2bf964a520280b21e3,1520,10,2,2012-04-27 12:31:00+00:00,2012-04-27 12:41:00+00:00,440|647
1728,4ad77a2bf964a520280b21e3,1520,22,2,2012-05-01 22:51:00+00:00,2012-05-01 23:13:00+00:00,17|647
1729,4ad77a2bf964a520280b21e3,1520,7,2,2012-05-03 12:20:00+00:00,2012-05-03 12:27:00+00:00,440|647
1730,4ad77a2bf964a520280b21e3,1520,58,2,2012-05-03 22:20:00+00:00,2012-05-03 23:18:00+00:00,440|647
1731,4ad77a2bf964a520280b21e3,1520,19,2,2012-05-04 22:34:00+00:00,2012-05-04 22:53:00+00:00,440|647
1732,4ad77a2bf964a520280b21e3,1520,30,2,2012-05-11 12:20:00+00:00,2012-05-11 12:50:00+00:00,440|647
1733,4ad77a2bf964a520280b21e3,1520,12,2,2012-05-14 12:13:00+00:00,2012-05-14 12:25:00+00:00,440|647
1734,4ad77a2bf964a520280b21e3,1520,50,2,2012-05-14 22:29:00+00:00,2012-05-14 23:19:00+00:00,440|746
1735,4ad77a2bf964a520280b21e3,1520,23,2,2012-05-17 12:19:00+00:00,2012-05-17 12:42:00+00:00,440|647
1736,4ad77a2bf964a520280b21e3,1520,36,2,2012-05-23 22:14:00+00:00,2012-05-23 22:50:00+00:00,440|647
1737,4ad77a2bf964a520280b21e3,1520,1,2,2012-05-29 12:20:00+00:00,2012-05-29 12:21:00+00:00,440|647
1738,4ad77a2bf964a520280b21e3,1520,31,2,2012-06-01 11:56:00+00:00,2012-06-01 12:27:00+00:00,440|647
1739,4ad77a2bf964a520280b21e3,1520,22,2,2012-06-05 12:00:00+00:00,2012-06-05 12:22:00+00:00,440|647
1740,4ad77a2bf964a520280b21e3,1520,20,2,2012-06-06 12:04:00+00:00,2012-06-06 12:24:00+00:00,440|647
1741,4ad77a2bf964a520280b21e3,1520,28,2,2012-06-07 12:01:00+00:00,2012-06-07 12:29:00+00:00,440|647
1742,4ad77a2bf964a520280b21e3,1520,13,2,2012-06-08 12:01:00+00:00,2012-06-08 12:14:00+00:00,440|647
1743,4ad77a2bf964a520280b21e3,1520,9,2,2012-06-11 12:11:00+00:00,2012-06-11 12:20:00+00:00,440|647
1744,4ad77a2bf964a520280b21e3,1520,5,2,2012-06-12 12:11:00+00:00,2012-06-12 12:16:00+00:00,440|647
1745,4ad77a2bf964a520280b21e3,1520,12,2,2012-06-26 23:09:00+00:00,2012-06-26 23:21:00+00:00,647|746
1746,4ad78220f964a520960b21e3,1521,37,2,2012-04-04 12:31:00+00:00,2012-04-04 13:08:00+00:00,354|1044
1747,4ad78220f964a520960b21e3,1521,47,2,2012-07-13 02:05:00+00:00,2012-07-13 02:52:00+00:00,484|885
1748,4ad78220f964a520960b21e3,1521,29,2,2012-10-23 18:50:00+00:00,2012-10-23 19:19:00+00:00,488|885
1749,4ad7a8d9f964a520640d21e3,1523,37,2,2012-05-09 12:03:00+00:00,2012-05-09 12:40:00+00:00,494|913
1750,4ad854bbf964a5200b1121e3,1525,1,2,2012-11-13 11:14:00+00:00,2012-11-13 11:15:00+00:00,8|25
1751,4ad854bbf964a5200b1121e3,1525,7,2,2012-11-27 11:30:00+00:00,2012-11-27 11:37:00+00:00,8|25
1752,4ad8add6f964a520a61321e3,1527,36,2,2012-04-06 13:53:00+00:00,2012-04-06 14:29:00+00:00,527|742
1753,4ad8add6f964a520a61321e3,1527,20,2,2012-04-16 13:07:00+00:00,2012-04-16 13:27:00+00:00,527|742
1754,4ad8add6f964a520a61321e3,1527,58,2,2012-04-20 15:52:00+00:00,2012-04-20 16:50:00+00:00,354|527
1755,4ad8add6f964a520a61321e3,1527,22,2,2012-04-24 17:43:00+00:00,2012-04-24 18:05:00+00:00,509|527
1756,4ad8add6f964a520a61321e3,1527,21,2,2012-05-16 15:33:00+00:00,2012-05-16 15:54:00+00:00,481|527
1757,4ada0b96f964a520b61d21e3,1534,8,2,2012-07-20 22:45:00+00:00,2012-07-20 22:53:00+00:00,85|345
1758,4ada106af964a520ed1d21e3,1535,29,2,2012-04-29 02:44:00+00:00,2012-04-29 03:13:00+00:00,136|992
1759,4adc900ef964a520422d21e3,1541,59,2,2012-07-09 13:11:00+00:00,2012-07-09 14:10:00+00:00,110|332
1760,4adccf82f964a520133021e3,1546,36,2,2012-04-13 16:18:00+00:00,2012-04-13 16:54:00+00:00,375|1051
1761,4adcf849f964a5200c6321e3,1550,2,2,2012-04-23 21:02:00+00:00,2012-04-23 21:04:00+00:00,745|1082
1762,4adcf849f964a5200c6321e3,1550,41,3,2012-05-16 12:37:00+00:00,2012-05-16 13:18:00+00:00,50|354|904
1763,4add9a9ef964a520206521e3,1554,24,2,2012-06-04 12:11:00+00:00,2012-06-04 12:35:00+00:00,359|438
1764,4ae27bdcf964a5208d8e21e3,1577,41,2,2012-04-20 12:00:00+00:00,2012-04-20 12:41:00+00:00,354|913
1765,4ae27bdcf964a5208d8e21e3,1577,45,2,2012-04-23 11:57:00+00:00,2012-04-23 12:42:00+00:00,354|913
1766,4ae27bdcf964a5208d8e21e3,1577,50,2,2012-05-15 11:54:00+00:00,2012-05-15 12:44:00+00:00,354|913
1767,4ae32479f964a520e09021e3,1585,1,2,2012-04-29 00:03:00+00:00,2012-04-29 00:04:00+00:00,818|1076
1768,4ae3437df964a5208b9221e3,1588,0,2,2012-04-14 22:34:00+00:00,2012-04-14 22:34:00+00:00,19|543
1769,4ae4eb45f964a5206e9f21e3,1593,17,2,2012-05-17 00:03:00+00:00,2012-05-17 00:20:00+00:00,256|484
1770,4ae4eb45f964a5206e9f21e3,1593,21,2,2012-05-26 02:33:00+00:00,2012-05-26 02:54:00+00:00,98|484
1771,4ae6258af964a52013a521e3,1599,36,2,2012-04-13 12:17:00+00:00,2012-04-13 12:53:00+00:00,396|951
1772,4ae6363ef964a520aba521e3,1602,21,3,2012-04-03 23:27:00+00:00,2012-04-03 23:48:00+00:00,108|312|800
1773,4ae6363ef964a520aba521e3,1602,53,3,2012-04-07 22:28:00+00:00,2012-04-07 23:21:00+00:00,413|708|766
1774,4ae6363ef964a520aba521e3,1602,1,2,2012-04-12 02:47:00+00:00,2012-04-12 02:48:00+00:00,983|1034
1775,4ae6363ef964a520aba521e3,1602,15,2,2012-04-12 22:48:00+00:00,2012-04-12 23:03:00+00:00,413|708
1776,4ae6363ef964a520aba521e3,1602,59,4,2012-04-13 23:00:00+00:00,2012-04-13 23:59:00+00:00,62|153|324|869
1777,4ae6363ef964a520aba521e3,1602,30,4,2012-04-14 22:37:00+00:00,2012-04-14 23:07:00+00:00,325|495|976|1079
1778,4ae6363ef964a520aba521e3,1602,52,4,2012-04-19 22:13:00+00:00,2012-04-19 23:05:00+00:00,60|553|727|992
1779,4ae6363ef964a520aba521e3,1602,31,2,2012-04-25 23:52:00+00:00,2012-04-26 00:23:00+00:00,210|839
1780,4ae6363ef964a520aba521e3,1602,27,3,2012-05-03 22:43:00+00:00,2012-05-03 23:10:00+00:00,153|462|953
1781,4ae6363ef964a520aba521e3,1602,58,6,2012-05-06 19:13:00+00:00,2012-05-06 20:11:00+00:00,286|442|505|680|852|869
1782,4ae6363ef964a520aba521e3,1602,38,2,2012-05-14 22:20:00+00:00,2012-05-14 22:58:00+00:00,413|494
1783,4ae6363ef964a520aba521e3,1602,43,2,2012-05-14 22:58:00+00:00,2012-05-14 23:41:00+00:00,413|742
1784,4ae6363ef964a520aba521e3,1602,23,3,2012-05-14 23:41:00+00:00,2012-05-15 00:04:00+00:00,291|708|742
1785,4ae6363ef964a520aba521e3,1602,39,3,2012-05-15 00:03:00+00:00,2012-05-15 00:42:00+00:00,291|708|944
1786,4ae6363ef964a520aba521e3,1602,31,3,2012-05-16 23:42:00+00:00,2012-05-17 00:13:00+00:00,464|708|878
1787,4ae6363ef964a520aba521e3,1602,14,2,2012-05-22 13:39:00+00:00,2012-05-22 13:53:00+00:00,11|665
1788,4ae6363ef964a520aba521e3,1602,34,4,2012-05-23 23:33:00+00:00,2012-05-24 00:07:00+00:00,323|325|541|708
1789,4ae8906ef964a52071b021e3,1607,53,2,2012-04-19 22:11:00+00:00,2012-04-19 23:04:00+00:00,560|647
1790,4ae8906ef964a52071b021e3,1607,53,2,2012-05-03 23:03:00+00:00,2012-05-03 23:56:00+00:00,647|746
1791,4ae8906ef964a52071b021e3,1607,59,2,2012-05-08 22:07:00+00:00,2012-05-08 23:06:00+00:00,623|647
1792,4ae8906ef964a52071b021e3,1607,55,3,2012-05-09 23:02:00+00:00,2012-05-09 23:57:00+00:00,647|746|812
1793,4ae8906ef964a52071b021e3,1607,1,2,2012-06-14 00:33:00+00:00,2012-06-14 00:34:00+00:00,647|746
1794,4aeb0e5df964a520aabd21e3,1620,6,2,2012-07-04 03:48:00+00:00,2012-07-04 03:54:00+00:00,532|860
1795,4aedfe24f964a520fbd021e3,1628,39,3,2012-06-08 23:52:00+00:00,2012-06-09 00:31:00+00:00,89|651|1058
1796,4af0e05cf964a520d7df21e3,1641,6,2,2012-05-15 22:12:00+00:00,2012-05-15 22:18:00+00:00,251|577
1797,4af12cb7f964a520d3e021e3,1642,14,2,2012-04-26 13:54:00+00:00,2012-04-26 14:08:00+00:00,391|834
1798,4af12cb7f964a520d3e021e3,1642,59,2,2012-07-08 15:00:00+00:00,2012-07-08 15:59:00+00:00,909|1074
1799,4af18817f964a5203fe121e3,1644,1,2,2012-06-08 11:49:00+00:00,2012-06-08 11:50:00+00:00,492|753
1800,4af18817f964a5203fe121e3,1644,16,2,2012-06-18 16:21:00+00:00,2012-06-18 16:37:00+00:00,916|943
1801,4af18817f964a5203fe121e3,1644,24,2,2012-07-09 12:07:00+00:00,2012-07-09 12:31:00+00:00,326|492
1802,4af18817f964a5203fe121e3,1644,58,2,2012-10-22 11:29:00+00:00,2012-10-22 12:27:00+00:00,492|753
1803,4af1d4c8f964a52099e321e3,1646,18,2,2012-04-15 13:50:00+00:00,2012-04-15 14:08:00+00:00,178|359
1804,4af1d4c8f964a52099e321e3,1646,56,2,2012-04-19 11:43:00+00:00,2012-04-19 12:39:00+00:00,178|359
1805,4af1d4c8f964a52099e321e3,1646,38,2,2012-05-25 12:53:00+00:00,2012-05-25 13:31:00+00:00,178|1077
1806,4af1d4c8f964a52099e321e3,1646,46,2,2012-05-29 11:57:00+00:00,2012-05-29 12:43:00+00:00,178|1077
1807,4af57814f964a52043f921e3,1659,3,2,2012-04-09 13:31:00+00:00,2012-04-09 13:34:00+00:00,212|436
1808,4af57814f964a52043f921e3,1659,16,2,2012-04-12 13:24:00+00:00,2012-04-12 13:40:00+00:00,212|662
1809,4af57814f964a52043f921e3,1659,11,2,2012-05-16 13:06:00+00:00,2012-05-16 13:17:00+00:00,212|436
1810,4af63834f964a520600222e3,1664,22,2,2012-05-07 13:11:00+00:00,2012-05-07 13:33:00+00:00,397|448
1811,4af63834f964a520600222e3,1664,50,2,2012-05-10 21:22:00+00:00,2012-05-10 22:12:00+00:00,397|559
1812,4af63834f964a520600222e3,1664,44,2,2012-05-14 16:54:00+00:00,2012-05-14 17:38:00+00:00,397|448
1813,4af70950f964a5200f0522e3,1665,36,2,2012-04-09 13:01:00+00:00,2012-04-09 13:37:00+00:00,649|868
1814,4afb4334f964a520791c22e3,1679,7,2,2012-04-17 20:50:00+00:00,2012-04-17 20:57:00+00:00,621|816
1815,4afb4334f964a520791c22e3,1679,15,2,2012-04-24 22:19:00+00:00,2012-04-24 22:34:00+00:00,816|889
1816,4afb4334f964a520791c22e3,1679,59,2,2012-05-21 11:36:00+00:00,2012-05-21 12:35:00+00:00,621|831
1817,4afb4334f964a520791c22e3,1679,19,2,2012-06-05 11:52:00+00:00,2012-06-05 12:11:00+00:00,555|621
1818,4afb4334f964a520791c22e3,1679,1,2,2012-06-18 11:47:00+00:00,2012-06-18 11:48:00+00:00,555|621
1819,4afc15ebf964a520cf1f22e3,1681,34,2,2012-04-15 19:26:00+00:00,2012-04-15 20:00:00+00:00,150|349
1820,4afcad9ff964a520052522e3,1684,37,2,2012-06-03 15:11:00+00:00,2012-06-03 15:48:00+00:00,323|639
1821,4afd6dcef964a520c52722e3,1685,9,2,2012-07-14 06:52:00+00:00,2012-07-14 07:01:00+00:00,555|617
1822,4afd6dcef964a520c52722e3,1685,3,2,2012-07-28 06:59:00+00:00,2012-07-28 07:02:00+00:00,555|617
1823,4afd738bf964a520e92722e3,1687,10,2,2012-04-11 20:38:00+00:00,2012-04-11 20:48:00+00:00,578|615
1824,4afefbe2f964a5207b3222e3,1695,10,2,2012-05-04 21:53:00+00:00,2012-05-04 22:03:00+00:00,543|803
1825,4afefbe2f964a5207b3222e3,1695,39,2,2012-05-09 22:03:00+00:00,2012-05-09 22:42:00+00:00,543|803
1826,4b02c41cf964a520c14922e3,1708,48,2,2012-05-01 18:28:00+00:00,2012-05-01 19:16:00+00:00,529|975
1827,4b03242cf964a520f94c22e3,1714,35,2,2012-04-15 16:28:00+00:00,2012-04-15 17:03:00+00:00,354|742
1828,4b069e81f964a520cfed22e3,1725,60,2,2012-04-12 21:22:00+00:00,2012-04-12 22:22:00+00:00,204|461
1829,4b0737c3f964a520e4f922e3,1732,12,2,2012-04-15 17:36:00+00:00,2012-04-15 17:48:00+00:00,267|510
1830,4b0737c3f964a520e4f922e3,1732,30,2,2012-04-20 12:27:00+00:00,2012-04-20 12:57:00+00:00,495|951
1831,4b0737c3f964a520e4f922e3,1732,47,2,2012-05-09 12:22:00+00:00,2012-05-09 13:09:00+00:00,335|951
1832,4b0737c3f964a520e4f922e3,1732,23,2,2012-05-11 23:40:00+00:00,2012-05-12 00:03:00+00:00,527|750
1833,4b0737c3f964a520e4f922e3,1732,47,3,2012-05-21 22:51:00+00:00,2012-05-21 23:38:00+00:00,254|354|527
1834,4b085910f964a520b90923e3,1736,29,2,2012-04-22 19:17:00+00:00,2012-04-22 19:46:00+00:00,12|40
1835,4b0a9290f964a520352523e3,1744,0,2,2012-05-16 13:58:00+00:00,2012-05-16 13:58:00+00:00,98|212
1836,4b0b2275f964a520772d23e3,1750,27,2,2012-05-14 21:01:00+00:00,2012-05-14 21:28:00+00:00,130|484
1837,4b0b2275f964a520772d23e3,1750,43,2,2012-07-24 12:06:00+00:00,2012-07-24 12:49:00+00:00,484|1056
1838,4b0c09cbf964a520ff3523e3,1753,59,2,2012-10-24 11:02:00+00:00,2012-10-24 12:01:00+00:00,477|1043
1839,4b0c09cbf964a520ff3523e3,1753,12,2,2012-11-02 11:03:00+00:00,2012-11-02 11:15:00+00:00,477|1043
1840,4b0c09cbf964a520ff3523e3,1753,31,2,2012-11-09 11:58:00+00:00,2012-11-09 12:29:00+00:00,477|1043
1841,4b0c09cbf964a520ff3523e3,1753,7,2,2012-11-21 12:43:00+00:00,2012-11-21 12:50:00+00:00,477|1043
1842,4b105534f964a5200a6e23e3,1769,27,2,2012-05-04 03:09:00+00:00,2012-05-04 03:36:00+00:00,493|975
1843,4b11a66cf964a5206a8123e3,1776,30,2,2012-10-27 17:16:00+00:00,2012-10-27 17:46:00+00:00,533|628
1844,4b12ff73f964a5205e9223e3,1782,2,2,2012-05-05 13:35:00+00:00,2012-05-05 13:37:00+00:00,684|941
1845,4b1bf775f964a520d0ff23e3,1815,42,2,2012-09-09 17:18:00+00:00,2012-09-09 18:00:00+00:00,897|1039
1846,4b21aee7f964a5201b4024e3,1836,18,2,2012-10-18 18:27:00+00:00,2012-10-18 18:45:00+00:00,344|359
1847,4b23edfcf964a5201e5d24e3,1843,28,2,2012-04-22 01:57:00+00:00,2012-04-22 02:25:00+00:00,755|792
1848,4b23edfcf964a5201e5d24e3,1843,37,2,2012-05-04 02:29:00+00:00,2012-05-04 03:06:00+00:00,425|621
1849,4b23edfcf964a5201e5d24e3,1843,55,2,2012-05-04 03:06:00+00:00,2012-05-04 04:01:00+00:00,621|781
1850,4b23edfcf964a5201e5d24e3,1843,24,2,2012-05-11 22:40:00+00:00,2012-05-11 23:04:00+00:00,684|941
1851,4b23edfcf964a5201e5d24e3,1843,45,2,2012-07-04 14:18:00+00:00,2012-07-04 15:03:00+00:00,337|684
1852,4b240a1ff964a520b25f24e3,1845,2,2,2012-07-04 23:13:00+00:00,2012-07-04 23:15:00+00:00,484|933
1853,4b2929c1f964a5200f9a24e3,1864,2,2,2012-04-23 12:27:00+00:00,2012-04-23 12:29:00+00:00,851|916
1854,4b298573f964a52050a024e3,1866,51,2,2012-04-23 18:33:00+00:00,2012-04-23 19:24:00+00:00,458|916
1855,4b298573f964a52050a024e3,1866,59,2,2012-05-21 15:41:00+00:00,2012-05-21 16:40:00+00:00,458|916
1856,4b298573f964a52050a024e3,1866,10,2,2012-11-15 22:51:00+00:00,2012-11-15 23:01:00+00:00,625|885
1857,4b2992aaf964a52010a124e3,1867,29,2,2012-05-04 01:29:00+00:00,2012-05-04 01:58:00+00:00,330|499
1858,4b2ac07af964a520ecae24e3,1870,23,2,2012-05-12 20:54:00+00:00,2012-05-12 21:17:00+00:00,354|527
1859,4b2ac07af964a520ecae24e3,1870,21,2,2012-05-19 20:10:00+00:00,2012-05-19 20:31:00+00:00,354|441
1860,4b3613a9f964a520013025e3,1895,17,2,2012-04-09 17:05:00+00:00,2012-04-09 17:22:00+00:00,194|483
1861,4b3672c7f964a520ab3525e3,1898,1,2,2012-06-09 01:31:00+00:00,2012-06-09 01:32:00+00:00,89|651
1862,4b3a1855f964a520026125e3,1913,50,2,2012-06-06 19:31:00+00:00,2012-06-06 20:21:00+00:00,354|702
1863,4b3a8e5df964a520d86925e3,1917,56,2,2012-05-21 19:15:00+00:00,2012-05-21 20:11:00+00:00,445|974
1864,4b3bef0df964a520bb7e25e3,1919,25,2,2012-05-23 22:47:00+00:00,2012-05-23 23:12:00+00:00,95|1024
1865,4b3cd805f964a520218825e3,1921,57,2,2012-06-09 18:22:00+00:00,2012-06-09 19:19:00+00:00,659|926
1866,4b3febc4f964a52019b225e3,1928,11,2,2012-05-03 21:54:00+00:00,2012-05-03 22:05:00+00:00,20|992
1867,4b3febc4f964a52019b225e3,1928,6,2,2012-07-08 13:25:00+00:00,2012-07-08 13:31:00+00:00,20|865
1868,4b43d659f964a52091eb25e3,1941,15,2,2012-05-09 16:14:00+00:00,2012-05-09 16:29:00+00:00,497|798
1869,4b44b650f964a5201afa25e3,1943,34,2,2012-04-04 23:35:00+00:00,2012-04-05 00:09:00+00:00,53|678
1870,4b44b650f964a5201afa25e3,1943,43,2,2012-04-10 00:14:00+00:00,2012-04-10 00:57:00+00:00,468|678
1871,4b44b650f964a5201afa25e3,1943,13,2,2012-04-12 21:34:00+00:00,2012-04-12 21:47:00+00:00,468|678
1872,4b44b650f964a5201afa25e3,1943,24,2,2012-05-01 19:18:00+00:00,2012-05-01 19:42:00+00:00,779|902
1873,4b44e33bf964a52051ff25e3,1945,2,2,2012-04-14 14:39:00+00:00,2012-04-14 14:41:00+00:00,784|992
1874,4b44e33bf964a52051ff25e3,1945,31,2,2012-06-04 12:17:00+00:00,2012-06-04 12:48:00+00:00,784|992
1875,4b46cdc4f964a520732826e3,1956,34,2,2012-05-27 15:51:00+00:00,2012-05-27 16:25:00+00:00,365|719
1876,4b48c4a8f964a520195626e3,1960,37,2,2012-05-16 18:34:00+00:00,2012-05-16 19:11:00+00:00,168|652
1877,4b48c4a8f964a520195626e3,1960,5,2,2012-05-27 01:11:00+00:00,2012-05-27 01:16:00+00:00,168|652
1878,4b4b3de3f964a520519526e3,1969,59,2,2012-07-06 20:36:00+00:00,2012-07-06 21:35:00+00:00,378|986
1879,4b4cd39ff964a5207ac026e3,1982,57,2,2012-04-23 14:56:00+00:00,2012-04-23 15:53:00+00:00,280|432
1880,4b4cd39ff964a5207ac026e3,1982,15,2,2012-05-21 14:43:00+00:00,2012-05-21 14:58:00+00:00,280|432
1881,4b4d04e2f964a520fdc726e3,1984,21,2,2012-05-12 16:49:00+00:00,2012-05-12 17:10:00+00:00,529|807
1882,4b4ec3acf964a52029f526e3,1991,30,2,2012-04-15 18:25:00+00:00,2012-04-15 18:55:00+00:00,69|635
1883,4b4f3d64f964a5206cfe26e3,1996,21,2,2012-05-08 13:49:00+00:00,2012-05-08 14:10:00+00:00,359|527
1884,4b53367af964a5208e9227e3,2026,19,2,2012-05-12 23:40:00+00:00,2012-05-12 23:59:00+00:00,246|273
1885,4b538c3cf964a520a4a127e3,2029,20,2,2012-05-14 16:57:00+00:00,2012-05-14 17:17:00+00:00,273|908
1886,4b54cfd0f964a520a1cd27e3,2040,55,2,2012-04-14 20:47:00+00:00,2012-04-14 21:42:00+00:00,458|880
1887,4b54d362f964a52058ce27e3,2041,12,2,2012-04-09 12:29:00+00:00,2012-04-09 12:41:00+00:00,354|484
1888,4b54d362f964a52058ce27e3,2041,25,2,2012-04-25 12:20:00+00:00,2012-04-25 12:45:00+00:00,354|484
1889,4b54d362f964a52058ce27e3,2041,27,2,2012-05-04 22:17:00+00:00,2012-05-04 22:44:00+00:00,484|838
1890,4b5552dbf964a5209be127e3,2045,2,2,2012-05-05 17:06:00+00:00,2012-05-05 17:08:00+00:00,512|950
1891,4b55ec3bf964a520aaf627e3,2049,33,2,2012-04-03 18:16:00+00:00,2012-04-03 18:49:00+00:00,752|834
1892,4b561591f964a52093ff27e3,2051,56,2,2012-04-04 00:28:00+00:00,2012-04-04 01:24:00+00:00,364|405
1893,4b5749baf964a520782f28e3,2064,5,2,2012-04-13 11:56:00+00:00,2012-04-13 12:01:00+00:00,113|820
1894,4b5848d0f964a520f55028e3,2069,1,2,2012-04-17 11:07:00+00:00,2012-04-17 11:08:00+00:00,767|916
1895,4b5848d0f964a520f55028e3,2069,1,2,2012-04-19 11:10:00+00:00,2012-04-19 11:11:00+00:00,767|916
1896,4b5848d0f964a520f55028e3,2069,44,2,2012-04-26 10:18:00+00:00,2012-04-26 11:02:00+00:00,767|916
1897,4b5848d0f964a520f55028e3,2069,9,2,2012-05-03 11:04:00+00:00,2012-05-03 11:13:00+00:00,767|916
1898,4b5848d0f964a520f55028e3,2069,48,2,2012-05-11 11:14:00+00:00,2012-05-11 12:02:00+00:00,767|916
1899,4b5848d0f964a520f55028e3,2069,2,2,2012-05-17 11:07:00+00:00,2012-05-17 11:09:00+00:00,767|916
1900,4b5b08c9f964a520f9df28e3,2084,0,2,2012-04-27 22:35:00+00:00,2012-04-27 22:35:00+00:00,325|359
1901,4b5b08c9f964a520f9df28e3,2084,45,2,2012-05-11 20:58:00+00:00,2012-05-11 21:43:00+00:00,325|510
1902,4b5b08c9f964a520f9df28e3,2084,1,2,2012-05-18 22:39:00+00:00,2012-05-18 22:40:00+00:00,267|325
1903,4b5b08c9f964a520f9df28e3,2084,7,2,2012-05-19 01:40:00+00:00,2012-05-19 01:47:00+00:00,267|325
1904,4b5b6c8af964a520f7fc28e3,2089,4,2,2012-07-21 22:05:00+00:00,2012-07-21 22:09:00+00:00,555|617
1905,4b5e5125f964a520488929e3,2105,10,2,2012-06-01 14:18:00+00:00,2012-06-01 14:28:00+00:00,407|806
1906,4b61a925f964a520231c2ae3,2130,45,2,2012-04-26 00:43:00+00:00,2012-04-26 01:28:00+00:00,335|635
1907,4b63795ff964a520ad7c2ae3,2141,45,2,2012-07-07 16:37:00+00:00,2012-07-07 17:22:00+00:00,224|311
1908,4b688176f964a520b47c2be3,2168,29,2,2012-05-14 22:29:00+00:00,2012-05-14 22:58:00+00:00,90|456
1909,4b696ecdf964a5201fa22be3,2173,1,2,2012-06-17 14:31:00+00:00,2012-06-17 14:32:00+00:00,688|760
1910,4b696ecdf964a5201fa22be3,2173,14,2,2012-06-19 09:40:00+00:00,2012-06-19 09:54:00+00:00,688|760
1911,4b696ecdf964a5201fa22be3,2173,59,2,2012-10-16 09:55:00+00:00,2012-10-16 10:54:00+00:00,688|771
1912,4b6b5abff964a520fb022ce3,2177,37,2,2012-05-25 22:00:00+00:00,2012-05-25 22:37:00+00:00,129|153
1913,4b6caaddf964a520ac4a2ce3,2185,23,2,2012-05-29 00:52:00+00:00,2012-05-29 01:15:00+00:00,534|601
1914,4b6ffcb4f964a52068022de3,2201,10,2,2012-06-21 12:25:00+00:00,2012-06-21 12:35:00+00:00,446|505
1915,4b7173ebf964a52068472de3,2209,17,2,2012-05-10 16:26:00+00:00,2012-05-10 16:43:00+00:00,169|1083
1916,4b720649f964a520c96a2de3,2215,1,2,2012-05-08 18:15:00+00:00,2012-05-08 18:16:00+00:00,391|834
1917,4b77007bf964a5204b732ee3,2234,35,2,2012-04-14 17:28:00+00:00,2012-04-14 18:03:00+00:00,425|684
1918,4b77007bf964a5204b732ee3,2234,8,2,2012-05-05 14:11:00+00:00,2012-05-05 14:19:00+00:00,425|684
1919,4b77007bf964a5204b732ee3,2234,50,2,2012-05-19 14:28:00+00:00,2012-05-19 15:18:00+00:00,425|684
1920,4b7c5919f964a520ee8d2fe3,2245,1,2,2012-04-23 21:44:00+00:00,2012-04-23 21:45:00+00:00,684|941
1921,4b7c9fe1f964a520559e2fe3,2246,3,2,2012-05-14 18:08:00+00:00,2012-05-14 18:11:00+00:00,916|923
1922,4b7ce0f6f964a52028a82fe3,2248,0,2,2012-05-08 18:15:00+00:00,2012-05-08 18:15:00+00:00,391|834
1923,4b7d5797f964a52041b92fe3,2249,10,2,2012-04-16 16:46:00+00:00,2012-04-16 16:56:00+00:00,228|609
1924,4b8023c7f964a520cd5530e3,2259,18,2,2012-05-11 23:23:00+00:00,2012-05-11 23:41:00+00:00,187|242
1925,4b8578daf964a520206031e3,2281,22,2,2012-08-10 22:06:00+00:00,2012-08-10 22:28:00+00:00,222|300
1926,4b868537f964a520bc8d31e3,2287,40,2,2012-04-10 03:17:00+00:00,2012-04-10 03:57:00+00:00,498|582
1927,4b86926ef964a520209031e3,2288,1,2,2012-04-10 11:47:00+00:00,2012-04-10 11:48:00+00:00,749|767
1928,4b86926ef964a520209031e3,2288,58,2,2012-05-18 11:56:00+00:00,2012-05-18 12:54:00+00:00,188|307
1929,4b8725e0f964a52034b331e3,2291,22,2,2012-05-13 04:41:00+00:00,2012-05-13 05:03:00+00:00,267|398
1930,4b8aa3e1f964a520e77632e3,2299,4,2,2012-04-11 16:11:00+00:00,2012-04-11 16:15:00+00:00,231|646
1931,4b8aa3e1f964a520e77632e3,2299,29,2,2012-04-18 17:11:00+00:00,2012-04-18 17:40:00+00:00,646|721
1932,4b8d2387f964a520dbe932e3,2312,42,2,2012-06-21 12:05:00+00:00,2012-06-21 12:47:00+00:00,505|916
1933,4b92dc22f964a520432234e3,2334,52,2,2012-07-12 11:14:00+00:00,2012-07-12 12:06:00+00:00,95|1062
1934,4b943f56f964a520027134e3,2339,44,2,2012-06-08 23:39:00+00:00,2012-06-09 00:23:00+00:00,91|616
1935,4b95995af964a52075ab34e3,2344,18,2,2012-05-14 12:08:00+00:00,2012-05-14 12:26:00+00:00,168|376
1936,4b95995af964a52075ab34e3,2344,2,2,2012-05-15 12:28:00+00:00,2012-05-15 12:30:00+00:00,168|376
1937,4b96b432f964a52018df34e3,2350,15,2,2012-04-11 22:20:00+00:00,2012-04-11 22:35:00+00:00,449|1070
1938,4b9925b3f964a520b66435e3,2360,38,2,2012-08-10 19:52:00+00:00,2012-08-10 20:30:00+00:00,589|729
1939,4b992b04f964a520726635e3,2361,44,2,2012-10-27 01:18:00+00:00,2012-10-27 02:02:00+00:00,625|1053
1940,4b992b04f964a520726635e3,2361,51,2,2012-10-27 22:56:00+00:00,2012-10-27 23:47:00+00:00,154|405
1941,4b992b04f964a520726635e3,2361,38,2,2012-11-11 19:56:00+00:00,2012-11-11 20:34:00+00:00,625|860
1942,4b9a58e0f964a520e0ad35e3,2367,31,2,2012-04-14 21:38:00+00:00,2012-04-14 22:09:00+00:00,207|581
1943,4b9a58e0f964a520e0ad35e3,2367,55,2,2012-04-14 22:09:00+00:00,2012-04-14 23:04:00+00:00,581|1034
1944,4b9a58e0f964a520e0ad35e3,2367,6,2,2012-04-14 23:04:00+00:00,2012-04-14 23:10:00+00:00,983|1034
1945,4b9a58e0f964a520e0ad35e3,2367,21,2,2012-04-28 13:46:00+00:00,2012-04-28 14:07:00+00:00,665|983
1946,4b9a58e0f964a520e0ad35e3,2367,21,2,2012-04-28 19:29:00+00:00,2012-04-28 19:50:00+00:00,18|503
1947,4b9a58e0f964a520e0ad35e3,2367,24,2,2012-05-09 22:44:00+00:00,2012-05-09 23:08:00+00:00,18|317
1948,4b9fc0fff964a520873b37e3,2392,4,2,2012-07-11 16:02:00+00:00,2012-07-11 16:06:00+00:00,124|208
1949,4ba40ca1f964a520be7b38e3,2417,58,2,2012-05-10 16:50:00+00:00,2012-05-10 17:48:00+00:00,585|730
1950,4ba40ca1f964a520be7b38e3,2417,54,2,2012-05-28 16:50:00+00:00,2012-05-28 17:44:00+00:00,351|730
1951,4ba5040cf964a520c6d038e3,2419,6,2,2012-06-11 04:35:00+00:00,2012-06-11 04:41:00+00:00,407|806
1952,4ba61935f964a520673339e3,2424,29,2,2012-05-03 12:30:00+00:00,2012-05-03 12:59:00+00:00,975|1017
1953,4ba61935f964a520673339e3,2424,8,2,2012-05-27 19:31:00+00:00,2012-05-27 19:39:00+00:00,1015|1017
1954,4ba77b40f964a5202b9739e3,2434,33,2,2012-04-25 15:38:00+00:00,2012-04-25 16:11:00+00:00,272|952
1955,4ba8a9a9f964a5206ee539e3,2440,19,2,2012-05-14 19:18:00+00:00,2012-05-14 19:37:00+00:00,824|891
1956,4ba8fa3df964a520ecff39e3,2445,44,2,2012-04-04 12:29:00+00:00,2012-04-04 13:13:00+00:00,989|1042
1957,4ba8fa3df964a520ecff39e3,2445,4,2,2012-04-09 13:05:00+00:00,2012-04-09 13:09:00+00:00,989|1042
1958,4ba8fa3df964a520ecff39e3,2445,41,2,2012-04-16 13:32:00+00:00,2012-04-16 14:13:00+00:00,989|1042
1959,4ba8fa3df964a520ecff39e3,2445,28,2,2012-04-24 12:52:00+00:00,2012-04-24 13:20:00+00:00,989|1042
1960,4ba8fa3df964a520ecff39e3,2445,36,2,2012-05-04 12:42:00+00:00,2012-05-04 13:18:00+00:00,989|1042
1961,4ba8fa3df964a520ecff39e3,2445,16,2,2012-05-08 13:11:00+00:00,2012-05-08 13:27:00+00:00,989|1042
1962,4ba8fa3df964a520ecff39e3,2445,32,2,2012-05-09 12:54:00+00:00,2012-05-09 13:26:00+00:00,989|1042
1963,4ba8fa3df964a520ecff39e3,2445,46,2,2012-05-16 12:54:00+00:00,2012-05-16 13:40:00+00:00,989|1042
1964,4ba8fa3df964a520ecff39e3,2445,32,2,2012-05-21 13:06:00+00:00,2012-05-21 13:38:00+00:00,989|1042
1965,4ba8fa3df964a520ecff39e3,2445,34,2,2012-05-29 12:39:00+00:00,2012-05-29 13:13:00+00:00,989|1042
1966,4ba8fa3df964a520ecff39e3,2445,19,2,2012-06-05 13:08:00+00:00,2012-06-05 13:27:00+00:00,989|1042
1967,4ba8fa3df964a520ecff39e3,2445,24,2,2012-07-05 13:03:00+00:00,2012-07-05 13:27:00+00:00,989|1042
1968,4ba8fa3df964a520ecff39e3,2445,19,2,2012-07-09 13:03:00+00:00,2012-07-09 13:22:00+00:00,989|1042
1969,4ba8fa3df964a520ecff39e3,2445,27,2,2012-08-10 12:51:00+00:00,2012-08-10 13:18:00+00:00,989|1042
1970,4baa673bf964a520d8663ae3,2452,31,2,2012-05-04 15:02:00+00:00,2012-05-04 15:33:00+00:00,647|663
1971,4baa673bf964a520d8663ae3,2452,52,2,2012-05-11 13:58:00+00:00,2012-05-11 14:50:00+00:00,647|663
1972,4baa673bf964a520d8663ae3,2452,5,2,2012-06-01 13:25:00+00:00,2012-06-01 13:30:00+00:00,647|663
1973,4baa673bf964a520d8663ae3,2452,34,2,2012-06-15 13:01:00+00:00,2012-06-15 13:35:00+00:00,647|663
1974,4bad3de2f964a520233d3be3,2462,18,2,2012-04-12 12:42:00+00:00,2012-04-12 13:00:00+00:00,70|261
1975,4bafaa5df964a52066153ce3,2480,7,2,2012-10-28 01:21:00+00:00,2012-10-28 01:28:00+00:00,350|918
1976,4bb52e252ea19521bd20aa2f,2500,13,2,2012-06-05 13:28:00+00:00,2012-06-05 13:41:00+00:00,319|664
1977,4bba1bab7421a5936165c340,2521,38,2,2012-04-09 21:35:00+00:00,2012-04-09 22:13:00+00:00,521|1044
1978,4bba1bab7421a5936165c340,2521,34,2,2012-04-23 21:33:00+00:00,2012-04-23 22:07:00+00:00,521|1044
1979,4bba1bab7421a5936165c340,2521,49,2,2012-05-14 21:41:00+00:00,2012-05-14 22:30:00+00:00,521|1044
1980,4bba1bab7421a5936165c340,2521,35,2,2012-05-15 21:50:00+00:00,2012-05-15 22:25:00+00:00,521|1044
1981,4bba1bab7421a5936165c340,2521,54,2,2012-05-17 22:29:00+00:00,2012-05-17 23:23:00+00:00,521|1044
1982,4bba1bab7421a5936165c340,2521,45,2,2012-05-23 21:43:00+00:00,2012-05-23 22:28:00+00:00,521|1044
1983,4bbc92b02d9ea593e9bca0ce,2532,0,2,2012-05-25 18:38:00+00:00,2012-05-25 18:38:00+00:00,169|1083
1984,4bbd05d34e069c74813f9ee3,2534,16,2,2012-04-11 19:08:00+00:00,2012-04-11 19:24:00+00:00,253|420
1985,4bbd05d34e069c74813f9ee3,2534,2,2,2012-07-21 23:03:00+00:00,2012-07-21 23:05:00+00:00,555|617
1986,4bc0cc22920eb713b995192c,2557,40,2,2012-06-13 12:36:00+00:00,2012-06-13 13:16:00+00:00,43|554
1987,4bc1feccf8219c74490fb410,2560,47,2,2012-06-20 22:07:00+00:00,2012-06-20 22:54:00+00:00,285|390
1988,4bc4687eb492d13af9f0a960,2571,11,2,2012-06-11 15:17:00+00:00,2012-06-11 15:28:00+00:00,278|865
1989,4bc4946db492d13a0835aa60,2573,13,2,2012-04-27 23:01:00+00:00,2012-04-27 23:14:00+00:00,391|834
1990,4bc53e2b6c26b7139a26ebf3,2580,24,2,2012-06-18 19:22:00+00:00,2012-06-18 19:46:00+00:00,176|841
1991,4bc8338a0050b7137bf5b93b,2594,31,2,2012-05-12 12:53:00+00:00,2012-05-12 13:24:00+00:00,628|861
1992,4bc8903115a7ef3bc2507bda,2598,53,2,2012-05-29 13:31:00+00:00,2012-05-29 14:24:00+00:00,315|530
1993,4bcb54a23740b7132e426265,2613,5,2,2012-05-08 11:31:00+00:00,2012-05-08 11:36:00+00:00,181|1082
1994,4bcb54a23740b7132e426265,2613,3,2,2012-05-21 22:12:00+00:00,2012-05-21 22:15:00+00:00,664|931
1995,4bd1b96a77b29c7439118d82,2637,41,2,2012-05-07 03:14:00+00:00,2012-05-07 03:55:00+00:00,181|354
1996,4bd44b84a8b3a5937e7f6b5f,2646,25,2,2012-05-18 20:49:00+00:00,2012-05-18 21:14:00+00:00,368|970
1997,4bd44b84a8b3a5937e7f6b5f,2646,51,2,2012-05-19 17:19:00+00:00,2012-05-19 18:10:00+00:00,652|970
1998,4bd44b84a8b3a5937e7f6b5f,2646,33,2,2012-05-27 15:06:00+00:00,2012-05-27 15:39:00+00:00,364|891
1999,4bd44b84a8b3a5937e7f6b5f,2646,32,2,2012-05-27 15:39:00+00:00,2012-05-27 16:11:00+00:00,652|891
2000,4bd44b84a8b3a5937e7f6b5f,2646,37,2,2012-06-09 15:39:00+00:00,2012-06-09 16:16:00+00:00,891|1044
2001,4bd44b84a8b3a5937e7f6b5f,2646,50,2,2012-06-16 22:19:00+00:00,2012-06-16 23:09:00+00:00,643|817
2002,4bd44b84a8b3a5937e7f6b5f,2646,34,2,2012-08-18 22:43:00+00:00,2012-08-18 23:17:00+00:00,522|860
2003,4bd44b84a8b3a5937e7f6b5f,2646,44,4,2012-08-18 23:17:00+00:00,2012-08-19 00:01:00+00:00,17|248|522|901
2004,4bd44b84a8b3a5937e7f6b5f,2646,52,2,2012-10-28 15:43:00+00:00,2012-10-28 16:35:00+00:00,392|901
2005,4bd44b84a8b3a5937e7f6b5f,2646,25,2,2012-11-23 02:51:00+00:00,2012-11-23 03:16:00+00:00,665|1035
2006,4bd5e59f6f649521b7e86fec,2651,55,2,2012-05-11 23:14:00+00:00,2012-05-12 00:09:00+00:00,581|1012
2007,4bdb0b343c4fef3ba3baf4bf,2680,14,2,2012-05-15 20:51:00+00:00,2012-05-15 21:05:00+00:00,706|1006
2008,4bdc528dfed22d7fcea057c9,2689,50,2,2012-04-26 11:17:00+00:00,2012-04-26 12:07:00+00:00,120|474
2009,4bdc528dfed22d7fcea057c9,2689,42,2,2012-04-27 11:29:00+00:00,2012-04-27 12:11:00+00:00,120|474
2010,4bdc528dfed22d7fcea057c9,2689,27,2,2012-05-04 16:08:00+00:00,2012-05-04 16:35:00+00:00,120|354
2011,4bdc528dfed22d7fcea057c9,2689,54,2,2012-05-17 11:21:00+00:00,2012-05-17 12:15:00+00:00,120|474
2012,4bdc9fb73904a59345084f9e,2690,7,2,2012-04-11 02:40:00+00:00,2012-04-11 02:47:00+00:00,511|742
2013,4bdc9fb73904a59345084f9e,2690,13,2,2012-04-12 12:28:00+00:00,2012-04-12 12:41:00+00:00,511|742
2014,4bdc9fb73904a59345084f9e,2690,39,2,2012-04-13 21:53:00+00:00,2012-04-13 22:32:00+00:00,511|742
2015,4bdc9fb73904a59345084f9e,2690,7,2,2012-04-15 17:01:00+00:00,2012-04-15 17:08:00+00:00,742|879
2016,4bdc9fb73904a59345084f9e,2690,42,2,2012-04-16 11:47:00+00:00,2012-04-16 12:29:00+00:00,511|742
2017,4bdc9fb73904a59345084f9e,2690,10,2,2012-04-19 01:56:00+00:00,2012-04-19 02:06:00+00:00,511|528
2018,4bdc9fb73904a59345084f9e,2690,57,2,2012-04-19 02:06:00+00:00,2012-04-19 03:03:00+00:00,528|742
2019,4bdc9fb73904a59345084f9e,2690,60,2,2012-05-02 02:08:00+00:00,2012-05-02 03:08:00+00:00,511|742
2020,4bdc9fb73904a59345084f9e,2690,34,2,2012-05-05 20:35:00+00:00,2012-05-05 21:09:00+00:00,354|511
2021,4bdc9fb73904a59345084f9e,2690,47,2,2012-05-09 03:17:00+00:00,2012-05-09 04:04:00+00:00,511|742
2022,4bdc9fb73904a59345084f9e,2690,34,3,2012-05-13 13:48:00+00:00,2012-05-13 14:22:00+00:00,354|511|1055
2023,4bdc9fb73904a59345084f9e,2690,3,2,2012-05-15 00:27:00+00:00,2012-05-15 00:30:00+00:00,354|511
2024,4bdc9fb73904a59345084f9e,2690,1,2,2012-05-16 22:14:00+00:00,2012-05-16 22:15:00+00:00,511|879
2025,4bdc9fb73904a59345084f9e,2690,58,2,2012-05-18 11:18:00+00:00,2012-05-18 12:16:00+00:00,354|511
2026,4bdc9fb73904a59345084f9e,2690,6,2,2012-05-21 12:29:00+00:00,2012-05-21 12:35:00+00:00,511|742
2027,4bdc9fb73904a59345084f9e,2690,39,2,2012-05-27 18:12:00+00:00,2012-05-27 18:51:00+00:00,69|742
2028,4bdf0f640ee3a593a5d332b0,2697,17,2,2012-05-15 16:51:00+00:00,2012-05-15 17:08:00+00:00,295|833
2029,4be37fa5b02ec9b6b6d64fc0,2720,40,2,2012-06-15 12:33:00+00:00,2012-06-15 13:13:00+00:00,95|536
2030,4be874a488ed2d7fa3e4cb1d,2737,11,2,2012-11-07 02:47:00+00:00,2012-11-07 02:58:00+00:00,282|736
2031,4be9872661aca59346a28200,2739,19,2,2012-04-09 17:20:00+00:00,2012-04-09 17:39:00+00:00,32|158
2032,4bed50be91380f47b4af9f18,2753,40,2,2012-05-06 17:54:00+00:00,2012-05-06 18:34:00+00:00,81|1080
2033,4bed50be91380f47b4af9f18,2753,59,3,2012-06-03 20:28:00+00:00,2012-06-03 21:27:00+00:00,247|274|421
2034,4bedb01ce24d20a128d57114,2754,4,2,2012-05-18 11:38:00+00:00,2012-05-18 11:42:00+00:00,658|813
2035,4bedb01ce24d20a128d57114,2754,37,2,2012-06-05 10:48:00+00:00,2012-06-05 11:25:00+00:00,813|885
2036,4bedb01ce24d20a128d57114,2754,2,2,2012-06-11 11:25:00+00:00,2012-06-11 11:27:00+00:00,813|885
2037,4bf6ef8b5efe2d7fd10d6834,2788,21,2,2012-05-27 04:39:00+00:00,2012-05-27 05:00:00+00:00,731|1007
2038,4bf6ef8b5efe2d7fd10d6834,2788,20,2,2012-09-09 21:37:00+00:00,2012-09-09 21:57:00+00:00,463|586
2039,4bf9e8e85ec320a10d0d8bd3,2800,21,2,2012-05-14 00:16:00+00:00,2012-05-14 00:37:00+00:00,593|768
2040,4bfd7c4bb68d0f4785dbe857,2814,28,2,2012-05-11 20:55:00+00:00,2012-05-11 21:23:00+00:00,310|904
2041,4bfe777ce529c928955bbc8c,2820,26,2,2012-05-04 12:32:00+00:00,2012-05-04 12:58:00+00:00,157|379
2042,4bfe777ce529c928955bbc8c,2820,13,2,2012-07-12 11:47:00+00:00,2012-07-12 12:00:00+00:00,157|379
2043,4bfe777ce529c928955bbc8c,2820,10,2,2012-07-24 15:11:00+00:00,2012-07-24 15:21:00+00:00,157|379
2044,4c06329f5753c928817e3af1,2848,1,2,2012-05-30 00:25:00+00:00,2012-05-30 00:26:00+00:00,364|463
2045,4c08065b7c9ad13ab19e2c1e,2856,51,2,2012-04-04 14:10:00+00:00,2012-04-04 15:01:00+00:00,527|987
2046,4c08065b7c9ad13ab19e2c1e,2856,41,2,2012-04-10 00:44:00+00:00,2012-04-10 01:25:00+00:00,527|562
2047,4c08065b7c9ad13ab19e2c1e,2856,22,2,2012-04-13 13:56:00+00:00,2012-04-13 14:18:00+00:00,301|527
2048,4c08065b7c9ad13ab19e2c1e,2856,13,2,2012-04-15 22:12:00+00:00,2012-04-15 22:25:00+00:00,527|568
2049,4c08065b7c9ad13ab19e2c1e,2856,46,2,2012-04-18 00:02:00+00:00,2012-04-18 00:48:00+00:00,313|527
2050,4c0a9f936071a593f3e4df32,2868,42,2,2012-05-14 11:07:00+00:00,2012-05-14 11:49:00+00:00,904|1082
2051,4c11a4806e5dc9b66490b02d,2887,58,2,2012-06-04 01:02:00+00:00,2012-06-04 02:00:00+00:00,673|724
2052,4c138eb6f1e0b7136cab34bc,2892,23,2,2012-06-14 10:15:00+00:00,2012-06-14 10:38:00+00:00,694|905
2053,4c138eb6f1e0b7136cab34bc,2892,36,2,2012-06-19 10:15:00+00:00,2012-06-19 10:51:00+00:00,694|905
2054,4c17d49650389c749264b3cf,2906,58,2,2012-06-10 21:41:00+00:00,2012-06-10 22:39:00+00:00,431|925
2055,4c17d49650389c749264b3cf,2906,2,2,2012-09-09 20:17:00+00:00,2012-09-09 20:19:00+00:00,407|806
2056,4c1943b36e02b71394b8627b,2913,26,2,2012-06-12 22:46:00+00:00,2012-06-12 23:12:00+00:00,484|638
2057,4c19afcb6a21c9b60405cb97,2915,19,2,2012-05-18 23:28:00+00:00,2012-05-18 23:47:00+00:00,211|648
2058,4c19afcb6a21c9b60405cb97,2915,35,2,2012-06-08 20:24:00+00:00,2012-06-08 20:59:00+00:00,211|648
2059,4c1a0d91fe5a76b03a710415,2916,56,2,2012-05-10 17:12:00+00:00,2012-05-10 18:08:00+00:00,489|582
2060,4c225ae47e85c9283ee5bb21,2942,2,2,2012-04-16 16:48:00+00:00,2012-04-16 16:50:00+00:00,686|878
2061,4c225ae47e85c9283ee5bb21,2942,51,2,2012-04-22 13:31:00+00:00,2012-04-22 14:22:00+00:00,245|561
2062,4c225ae47e85c9283ee5bb21,2942,26,2,2012-05-07 16:13:00+00:00,2012-05-07 16:39:00+00:00,235|686
2063,4c225ae47e85c9283ee5bb21,2942,1,2,2012-08-18 15:13:00+00:00,2012-08-18 15:14:00+00:00,372|561
2064,4c22beee99282d7f17b667b0,2944,36,2,2012-05-19 05:20:00+00:00,2012-05-19 05:56:00+00:00,208|462
2065,4c22beee99282d7f17b667b0,2944,44,3,2012-08-10 16:37:00+00:00,2012-08-10 17:21:00+00:00,47|263|884
2066,4c2bccc7d1a10f475a88f864,2970,9,2,2012-07-13 22:45:00+00:00,2012-07-13 22:54:00+00:00,305|650
2067,4c34ba027cc0c9b60ed1f39a,3000,34,2,2012-05-03 11:27:00+00:00,2012-05-03 12:01:00+00:00,173|1062
2068,4c34d4e46f1fef3b6ff1ec3d,3002,43,2,2012-04-29 18:08:00+00:00,2012-04-29 18:51:00+00:00,227|405
2069,4c374bf80a71c9b6f2893ec9,3011,26,2,2012-05-17 18:24:00+00:00,2012-05-17 18:50:00+00:00,461|591
2070,4c3abbc9b2289521d209f70c,3024,42,2,2012-04-04 13:14:00+00:00,2012-04-04 13:56:00+00:00,171|851
2071,4c44d61e429a0f478050491e,3049,57,2,2012-05-11 21:16:00+00:00,2012-05-11 22:13:00+00:00,390|928
2072,4c4757dd972c0f47a77a2321,3059,26,3,2012-04-27 23:16:00+00:00,2012-04-27 23:42:00+00:00,233|427|1049
2073,4c4762281ddec928042a9d32,3060,56,2,2012-06-02 22:02:00+00:00,2012-06-02 22:58:00+00:00,976|1017
2074,4c520b3b9426c92881c4bf74,3086,54,2,2012-05-10 23:17:00+00:00,2012-05-11 00:11:00+00:00,61|203
2075,4c52fdd7048b1b8debbf4f31,3089,47,2,2012-04-29 06:14:00+00:00,2012-04-29 07:01:00+00:00,463|823
2076,4c5ef77bfff99c74eda954d3,3118,10,2,2012-04-07 23:11:00+00:00,2012-04-07 23:21:00+00:00,715|906
2077,4c5ef77bfff99c74eda954d3,3118,19,2,2012-04-09 22:32:00+00:00,2012-04-09 22:51:00+00:00,188|633
2078,4c5ef77bfff99c74eda954d3,3118,11,2,2012-04-13 16:19:00+00:00,2012-04-13 16:30:00+00:00,212|377
2079,4c5ef77bfff99c74eda954d3,3118,23,2,2012-04-27 23:17:00+00:00,2012-04-27 23:40:00+00:00,814|848
2080,4c5ef77bfff99c74eda954d3,3118,7,2,2012-06-09 21:01:00+00:00,2012-06-09 21:08:00+00:00,356|1070
2081,4c5ef77bfff99c74eda954d3,3118,46,2,2012-07-05 18:15:00+00:00,2012-07-05 19:01:00+00:00,196|689
2082,4c7acd1cbd346dcb19adf9ef,3203,52,2,2012-05-14 19:07:00+00:00,2012-05-14 19:59:00+00:00,784|1082
2083,4c7acd1cbd346dcb19adf9ef,3203,36,2,2012-05-16 17:51:00+00:00,2012-05-16 18:27:00+00:00,335|784
2084,4c7acd1cbd346dcb19adf9ef,3203,15,2,2012-06-11 10:44:00+00:00,2012-06-11 10:59:00+00:00,20|521
2085,4c7acd1cbd346dcb19adf9ef,3203,22,2,2012-06-14 10:55:00+00:00,2012-06-14 11:17:00+00:00,20|521
2086,4c7d0ee5247cb60c0cbd5f5e,3214,55,2,2012-04-13 19:38:00+00:00,2012-04-13 20:33:00+00:00,87|648
2087,4c7d8ca0b53db1f757829d11,3216,1,2,2012-06-05 13:47:00+00:00,2012-06-05 13:48:00+00:00,319|664
2088,4c7e428dd598a093cd23c562,3219,52,2,2012-05-09 11:44:00+00:00,2012-05-09 12:36:00+00:00,845|943
2089,4c7ecc952042b1f79b0dc1ad,3223,8,2,2012-05-03 23:20:00+00:00,2012-05-03 23:28:00+00:00,310|375
2090,4c8bf1cbed3ab60c95236321,3261,32,2,2012-06-10 15:27:00+00:00,2012-06-10 15:59:00+00:00,240|515
2091,4c8bf1cbed3ab60c95236321,3261,2,2,2012-06-17 16:30:00+00:00,2012-06-17 16:32:00+00:00,953|1014
2092,4c8e1ffb58668cfa6d0ecfec,3265,13,2,2012-04-06 14:01:00+00:00,2012-04-06 14:14:00+00:00,673|724
2093,4c922cde7f3b8cfadacca21e,3275,49,2,2012-04-17 21:01:00+00:00,2012-04-17 21:50:00+00:00,621|816
2094,4c94be6cefecb713958ae09d,3285,21,2,2012-04-14 02:23:00+00:00,2012-04-14 02:44:00+00:00,291|579
2095,4c94be6cefecb713958ae09d,3285,20,2,2012-04-29 05:16:00+00:00,2012-04-29 05:36:00+00:00,662|925
2096,4c94be6cefecb713958ae09d,3285,14,3,2012-05-26 02:36:00+00:00,2012-05-26 02:50:00+00:00,291|324|579
2097,4c97edbdf419a09395806b88,3289,42,2,2012-04-20 05:28:00+00:00,2012-04-20 06:10:00+00:00,293|742
2098,4c97edbdf419a09395806b88,3289,32,2,2012-04-22 05:37:00+00:00,2012-04-22 06:09:00+00:00,293|742
2099,4c97edbdf419a09395806b88,3289,4,2,2012-04-22 22:44:00+00:00,2012-04-22 22:48:00+00:00,293|619
2100,4c97edbdf419a09395806b88,3289,0,2,2012-04-28 09:41:00+00:00,2012-04-28 09:41:00+00:00,293|819
2101,4c97edbdf419a09395806b88,3289,2,2,2012-05-06 21:05:00+00:00,2012-05-06 21:07:00+00:00,111|1071
2102,4c97edbdf419a09395806b88,3289,58,3,2012-05-13 21:18:00+00:00,2012-05-13 22:16:00+00:00,319|619|635
2103,4c97edbdf419a09395806b88,3289,37,2,2012-05-14 05:00:00+00:00,2012-05-14 05:37:00+00:00,293|335
2104,4c97edbdf419a09395806b88,3289,44,2,2012-05-14 05:37:00+00:00,2012-05-14 06:21:00+00:00,335|698
2105,4c97edbdf419a09395806b88,3289,5,2,2012-05-17 10:37:00+00:00,2012-05-17 10:42:00+00:00,342|819
2106,4c97edbdf419a09395806b88,3289,0,2,2012-05-28 04:55:00+00:00,2012-05-28 04:55:00+00:00,293|993
2107,4c97edbdf419a09395806b88,3289,51,2,2012-05-29 18:50:00+00:00,2012-05-29 19:41:00+00:00,319|474
2108,4c97edbdf419a09395806b88,3289,3,2,2012-05-30 00:15:00+00:00,2012-05-30 00:18:00+00:00,293|819
2109,4c97edbdf419a09395806b88,3289,3,2,2012-06-07 05:07:00+00:00,2012-06-07 05:10:00+00:00,293|742
2110,4c97edbdf419a09395806b88,3289,30,2,2012-06-07 23:51:00+00:00,2012-06-08 00:21:00+00:00,293|819
2111,4c97edbdf419a09395806b88,3289,27,2,2012-06-27 00:25:00+00:00,2012-06-27 00:52:00+00:00,293|723
2112,4c9bb662e9a7ef3bd0ed2e16,3301,57,2,2012-05-19 03:57:00+00:00,2012-05-19 04:54:00+00:00,868|957
2113,4ca4e519a6e08cfa884d6c94,3315,17,2,2012-04-19 14:47:00+00:00,2012-04-19 15:04:00+00:00,471|619
2114,4ca4e519a6e08cfa884d6c94,3315,48,2,2012-04-27 15:49:00+00:00,2012-04-27 16:37:00+00:00,471|969
2115,4ca6923314c33704b345c13b,3320,1,2,2012-04-22 02:59:00+00:00,2012-04-22 03:00:00+00:00,391|834
2116,4cae5172cbab236a20768f73,3330,0,2,2012-04-19 23:49:00+00:00,2012-04-19 23:49:00+00:00,7|18
2117,4caf3aa3b4b0a35db3273fce,3333,59,2,2012-04-16 19:58:00+00:00,2012-04-16 20:57:00+00:00,615|952
2118,4cb1e95deb65b1f7025278cd,3337,26,2,2012-05-14 15:26:00+00:00,2012-05-14 15:52:00+00:00,621|950
2119,4cbcafab035d236aebebe64e,3355,14,2,2012-05-14 01:18:00+00:00,2012-05-14 01:32:00+00:00,759|1031
2120,4cbcafab035d236aebebe64e,3355,10,2,2012-08-18 04:14:00+00:00,2012-08-18 04:24:00+00:00,738|943
2121,4cc080619ca8548179d7bc16,3362,24,2,2012-12-05 02:08:00+00:00,2012-12-05 02:32:00+00:00,154|602
2122,4cc35db6d43ba14387a35ff8,3370,43,2,2012-05-27 03:39:00+00:00,2012-05-27 04:22:00+00:00,208|806
2123,4cc35db6d43ba14387a35ff8,3370,54,2,2012-06-11 00:40:00+00:00,2012-06-11 01:34:00+00:00,407|476
2124,4cc59facb2beb1f7d1c6234c,3373,53,2,2012-04-04 00:57:00+00:00,2012-04-04 01:50:00+00:00,768|887
2125,4cc59facb2beb1f7d1c6234c,3373,1,2,2012-06-12 02:10:00+00:00,2012-06-12 02:11:00+00:00,476|887
2126,4cd7f12a7bb06dcb988d9fb2,3417,1,2,2012-04-26 12:31:00+00:00,2012-04-26 12:32:00+00:00,282|405
2127,4cd7f12a7bb06dcb988d9fb2,3417,16,2,2012-05-03 12:16:00+00:00,2012-05-03 12:32:00+00:00,282|405
2128,4cd7f12a7bb06dcb988d9fb2,3417,3,2,2012-05-22 12:12:00+00:00,2012-05-22 12:15:00+00:00,282|405
2129,4cd7f12a7bb06dcb988d9fb2,3417,56,2,2012-07-30 13:09:00+00:00,2012-07-30 14:05:00+00:00,282|890
2130,4cd7f12a7bb06dcb988d9fb2,3417,38,2,2012-08-09 12:20:00+00:00,2012-08-09 12:58:00+00:00,282|890
2131,4cd7f12a7bb06dcb988d9fb2,3417,34,2,2012-08-20 11:52:00+00:00,2012-08-20 12:26:00+00:00,282|890
2132,4cd7f12a7bb06dcb988d9fb2,3417,18,2,2012-09-05 12:22:00+00:00,2012-09-05 12:40:00+00:00,282|890
2133,4cd7f12a7bb06dcb988d9fb2,3417,23,2,2012-10-12 11:52:00+00:00,2012-10-12 12:15:00+00:00,282|890
2134,4cdacd78958f236a8e1fa903,3425,54,2,2012-05-18 21:55:00+00:00,2012-05-18 22:49:00+00:00,518|685
2135,4ce08a08ffcf370469b12082,3441,43,2,2012-08-09 17:33:00+00:00,2012-08-09 18:16:00+00:00,302|939
2136,4ce16dc4ac908eec3e695a06,3443,1,2,2012-05-24 01:48:00+00:00,2012-05-24 01:49:00+00:00,391|834
2137,4ce46872d678a1cd6fc5a90c,3451,18,2,2012-05-05 16:33:00+00:00,2012-05-05 16:51:00+00:00,413|569
2138,4ce46d654eb46a31c9425ba3,3452,37,2,2012-11-22 14:10:00+00:00,2012-11-22 14:47:00+00:00,41|625
2139,4ce46d654eb46a31c9425ba3,3452,52,2,2012-11-22 14:47:00+00:00,2012-11-22 15:39:00+00:00,328|625
2140,4ce46d654eb46a31c9425ba3,3452,17,2,2012-11-22 15:39:00+00:00,2012-11-22 15:56:00+00:00,328|928
2141,4cf31e3d88de370466657d2b,3479,18,2,2012-05-05 00:48:00+00:00,2012-05-05 01:06:00+00:00,805|1059
2142,4cf907ea3875b1f79311973c,3489,42,2,2012-05-10 22:16:00+00:00,2012-05-10 22:58:00+00:00,685|1039
2143,4cf907ea3875b1f79311973c,3489,30,2,2012-05-10 22:58:00+00:00,2012-05-10 23:28:00+00:00,167|685
2144,4d15545cbb488cfaf6c29ed4,3528,47,2,2012-04-16 13:45:00+00:00,2012-04-16 14:32:00+00:00,831|889
2145,4d15545cbb488cfaf6c29ed4,3528,26,2,2012-04-25 17:06:00+00:00,2012-04-25 17:32:00+00:00,831|889
2146,4d15545cbb488cfaf6c29ed4,3528,14,2,2012-05-07 13:33:00+00:00,2012-05-07 13:47:00+00:00,773|831
2147,4d15545cbb488cfaf6c29ed4,3528,14,2,2012-05-07 15:40:00+00:00,2012-05-07 15:54:00+00:00,773|889
2148,4d21fb8429292d436d6f5274,3536,1,2,2012-04-23 16:57:00+00:00,2012-04-23 16:58:00+00:00,285|448
2149,4d2522feb9796dcb7e19a639,3545,18,2,2012-05-05 12:13:00+00:00,2012-05-05 12:31:00+00:00,123|773
2150,4d2cc14bb47d2c0fd1608594,3554,2,2,2012-04-04 12:08:00+00:00,2012-04-04 12:10:00+00:00,465|561
2151,4d2cc14bb47d2c0fd1608594,3554,9,2,2012-04-23 12:08:00+00:00,2012-04-23 12:17:00+00:00,465|561
2152,4d2cc14bb47d2c0fd1608594,3554,54,2,2012-07-09 08:49:00+00:00,2012-07-09 09:43:00+00:00,465|561
2153,4d2cc14bb47d2c0fd1608594,3554,48,2,2012-07-12 08:51:00+00:00,2012-07-12 09:39:00+00:00,465|561
2154,4d2cc14bb47d2c0fd1608594,3554,46,2,2012-07-16 08:53:00+00:00,2012-07-16 09:39:00+00:00,465|561
2155,4d329bc7d585a090a8a5a4cd,3562,32,2,2012-07-16 13:58:00+00:00,2012-07-16 14:30:00+00:00,676|737
2156,4d3490bf2c76a143392c86c7,3565,51,2,2012-12-11 16:21:00+00:00,2012-12-11 17:12:00+00:00,138|808
2157,4d3490bf2c76a143392c86c7,3565,37,2,2013-01-09 14:12:00+00:00,2013-01-09 14:49:00+00:00,138|849
2158,4d4de33cd6f3224bca73a1a6,3602,55,2,2012-05-06 23:23:00+00:00,2012-05-07 00:18:00+00:00,267|895
2159,4d53a2c5a9378eec634eb2c4,3612,5,2,2012-10-26 02:02:00+00:00,2012-10-26 02:07:00+00:00,290|1023
2160,4d5895ca16146a3169b15dc1,3620,3,2,2012-05-01 18:16:00+00:00,2012-05-01 18:19:00+00:00,391|834
2161,4d5895ca16146a3169b15dc1,3620,2,2,2012-05-07 15:17:00+00:00,2012-05-07 15:19:00+00:00,391|834
2162,4d5895ca16146a3169b15dc1,3620,17,2,2012-05-13 06:16:00+00:00,2012-05-13 06:33:00+00:00,391|834
2163,4d5895ca16146a3169b15dc1,3620,17,2,2012-05-24 03:18:00+00:00,2012-05-24 03:35:00+00:00,391|834
2164,4d59274a3281b1f7deb0b72f,3621,20,2,2012-05-25 19:55:00+00:00,2012-05-25 20:15:00+00:00,548|806
2165,4d671a927579224b1397fc99,3644,33,2,2012-05-10 23:37:00+00:00,2012-05-11 00:10:00+00:00,314|817
2166,4d682ce42ab82d4338bdc7d5,3647,31,2,2012-07-12 01:36:00+00:00,2012-07-12 02:07:00+00:00,47|736
2167,4d69f050de28224b66164abe,3648,30,2,2012-04-04 04:08:00+00:00,2012-04-04 04:38:00+00:00,230|318
2168,4d69f050de28224b66164abe,3648,8,2,2012-04-22 05:51:00+00:00,2012-04-22 05:59:00+00:00,318|1053
2169,4d69f050de28224b66164abe,3648,44,3,2012-05-28 04:52:00+00:00,2012-05-28 05:36:00+00:00,153|234|295
2170,4d69f050de28224b66164abe,3648,54,2,2012-06-11 05:10:00+00:00,2012-06-11 06:04:00+00:00,274|524
2171,4d6d3e88da06a1cdaad8a75b,3654,1,2,2012-05-17 00:59:00+00:00,2012-05-17 01:00:00+00:00,407|806
2172,4d83d942d5fab60c3b42d59b,3686,37,2,2012-05-04 13:28:00+00:00,2012-05-04 14:05:00+00:00,158|361
2173,4d90ef861716a1430e6d6df7,3715,29,2,2012-06-07 01:27:00+00:00,2012-06-07 01:56:00+00:00,48|751
2174,4d9885ae647d8cfa23ccf03d,3730,47,2,2012-04-15 18:55:00+00:00,2012-04-15 19:42:00+00:00,145|1059
2175,4d9885ae647d8cfa23ccf03d,3730,48,2,2012-04-29 17:55:00+00:00,2012-04-29 18:43:00+00:00,922|1059
2176,4d9885ae647d8cfa23ccf03d,3730,9,2,2012-04-29 20:21:00+00:00,2012-04-29 20:30:00+00:00,169|572
2177,4d9885ae647d8cfa23ccf03d,3730,22,3,2012-05-06 18:36:00+00:00,2012-05-06 18:58:00+00:00,9|190|785
2178,4d9885ae647d8cfa23ccf03d,3730,53,2,2012-05-06 18:58:00+00:00,2012-05-06 19:51:00+00:00,599|785
2179,4d9885ae647d8cfa23ccf03d,3730,60,2,2012-05-06 19:51:00+00:00,2012-05-06 20:51:00+00:00,599|610
2180,4d9885ae647d8cfa23ccf03d,3730,8,2,2012-05-27 18:41:00+00:00,2012-05-27 18:49:00+00:00,40|981
2181,4d9885ae647d8cfa23ccf03d,3730,57,2,2012-07-08 19:20:00+00:00,2012-07-08 20:17:00+00:00,856|888
2182,4d9c92f4baae54815f2cde64,3742,12,3,2012-05-16 22:43:00+00:00,2012-05-16 22:55:00+00:00,170|234|400
2183,4da307d5e7b8a09077802121,3756,8,2,2012-04-11 18:15:00+00:00,2012-04-11 18:23:00+00:00,398|774
2184,4da307d5e7b8a09077802121,3756,5,4,2012-04-15 18:00:00+00:00,2012-04-15 18:05:00+00:00,15|267|296|516
2185,4da4881522a5f04d67b03a55,3759,22,2,2012-05-22 13:11:00+00:00,2012-05-22 13:33:00+00:00,291|342
2186,4da67357fa8c94f8b84febaa,3765,23,2,2012-04-18 21:14:00+00:00,2012-04-18 21:37:00+00:00,635|776
2187,4da8800143a12d0c26532ae7,3772,41,2,2012-05-14 22:24:00+00:00,2012-05-14 23:05:00+00:00,164|1039
2188,4da9e6adfc607fc998b7d3d6,3773,19,2,2012-04-18 22:55:00+00:00,2012-04-18 23:14:00+00:00,852|1066
2189,4dab7425fa8cc764974da770,3777,56,2,2012-07-16 19:38:00+00:00,2012-07-16 20:34:00+00:00,545|1006
2190,4db44994cda1c57c82583709,3784,59,2,2012-04-08 12:33:00+00:00,2012-04-08 13:32:00+00:00,267|443
2191,4db44994cda1c57c82583709,3784,29,3,2012-04-08 13:31:00+00:00,2012-04-08 14:00:00+00:00,267|484|1018
2192,4db44994cda1c57c82583709,3784,50,3,2012-04-08 14:00:00+00:00,2012-04-08 14:50:00+00:00,19|484|577
2193,4db44994cda1c57c82583709,3784,57,8,2012-04-08 14:48:00+00:00,2012-04-08 15:45:00+00:00,19|365|516|521|577|744|806|827
2194,4db44994cda1c57c82583709,3784,59,8,2012-04-08 15:04:00+00:00,2012-04-08 16:03:00+00:00,365|516|521|621|744|806|827|906
2195,4db44994cda1c57c82583709,3784,40,8,2012-04-08 16:16:00+00:00,2012-04-08 16:56:00+00:00,84|145|167|171|280|418|474|734
2196,4db44994cda1c57c82583709,3784,60,8,2012-04-08 16:17:00+00:00,2012-04-08 17:17:00+00:00,84|145|167|171|413|418|474|734
2197,4db44994cda1c57c82583709,3784,56,6,2012-04-08 16:28:00+00:00,2012-04-08 17:24:00+00:00,167|413|418|439|474|734
2198,4db44994cda1c57c82583709,3784,53,5,2012-04-08 16:40:00+00:00,2012-04-08 17:33:00+00:00,413|439|458|474|734
2199,4db44994cda1c57c82583709,3784,56,8,2012-04-08 16:56:00+00:00,2012-04-08 17:52:00+00:00,74|413|439|458|474|750|895|976
2200,4db44994cda1c57c82583709,3784,52,8,2012-04-08 18:20:00+00:00,2012-04-08 19:12:00+00:00,1|238|474|527|638|828|856|857
2201,4db44994cda1c57c82583709,3784,56,8,2012-04-08 18:25:00+00:00,2012-04-08 19:21:00+00:00,238|311|474|527|638|828|856|857
2202,4db44994cda1c57c82583709,3784,57,7,2012-04-08 18:34:00+00:00,2012-04-08 19:31:00+00:00,238|293|311|474|638|856|857
2203,4db44994cda1c57c82583709,3784,55,2,2012-04-08 19:31:00+00:00,2012-04-08 20:26:00+00:00,293|549
2204,4db44994cda1c57c82583709,3784,56,7,2012-04-08 20:26:00+00:00,2012-04-08 21:22:00+00:00,549|604|742|797|854|861|1054
2205,4db44994cda1c57c82583709,3784,31,8,2012-04-08 21:10:00+00:00,2012-04-08 21:41:00+00:00,254|344|354|386|604|742|797|854
2206,4db44994cda1c57c82583709,3784,53,2,2012-04-08 21:41:00+00:00,2012-04-08 22:34:00+00:00,354|463
2207,4db44994cda1c57c82583709,3784,37,8,2012-04-08 22:34:00+00:00,2012-04-08 23:11:00+00:00,364|445|463|489|508|524|768|892
2208,4db44994cda1c57c82583709,3784,56,8,2012-04-08 22:46:00+00:00,2012-04-08 23:42:00+00:00,364|445|489|508|524|768|892|1000
2209,4db45c94f7b121c29f4a0fd9,3785,29,2,2012-05-19 21:11:00+00:00,2012-05-19 21:40:00+00:00,422|958
2210,4dba1fa093a08055482fe31b,3803,33,2,2012-05-10 23:37:00+00:00,2012-05-11 00:10:00+00:00,314|817
2211,4dd10cf4b0fb25f6e3817b33,3837,11,2,2012-09-15 06:03:00+00:00,2012-09-15 06:14:00+00:00,293|657
2212,4dd17130d164679b8d47054b,3838,3,2,2012-07-26 22:41:00+00:00,2012-07-26 22:44:00+00:00,555|617
2213,4dd53375ae60a78cec67b104,3850,37,2,2012-05-08 13:09:00+00:00,2012-05-08 13:46:00+00:00,706|1006
2214,4dd5b29781dcd5bca59494d9,3851,28,7,2012-05-19 09:49:00+00:00,2012-05-19 10:17:00+00:00,157|220|234|249|288|736|917
2215,4dd5b29781dcd5bca59494d9,3851,55,5,2012-05-19 10:04:00+00:00,2012-05-19 10:59:00+00:00,157|234|490|736|917
2216,4dd5b29781dcd5bca59494d9,3851,28,2,2012-05-19 10:59:00+00:00,2012-05-19 11:27:00+00:00,490|949
2217,4dd5b29781dcd5bca59494d9,3851,50,2,2012-05-19 11:27:00+00:00,2012-05-19 12:17:00+00:00,243|949
2218,4dd7c0afd1647fcf3e518ff3,3855,52,2,2012-04-07 17:50:00+00:00,2012-04-07 18:42:00+00:00,51|1059
2219,4dd7c0afd1647fcf3e518ff3,3855,21,2,2012-04-14 19:51:00+00:00,2012-04-14 20:12:00+00:00,320|400
2220,4dd7c0afd1647fcf3e518ff3,3855,29,2,2012-04-21 18:13:00+00:00,2012-04-21 18:42:00+00:00,532|1059
2221,4dd7c0afd1647fcf3e518ff3,3855,56,2,2012-04-21 18:42:00+00:00,2012-04-21 19:38:00+00:00,9|1059
2222,4dd7c0afd1647fcf3e518ff3,3855,12,2,2012-04-28 17:31:00+00:00,2012-04-28 17:43:00+00:00,348|530
2223,4dd7c0afd1647fcf3e518ff3,3855,36,3,2012-05-12 19:16:00+00:00,2012-05-12 19:52:00+00:00,155|363|927
2224,4dd7c0afd1647fcf3e518ff3,3855,52,2,2012-05-19 15:57:00+00:00,2012-05-19 16:49:00+00:00,683|827
2225,4dd7c0afd1647fcf3e518ff3,3855,43,3,2012-05-19 16:49:00+00:00,2012-05-19 17:32:00+00:00,372|827|884
2226,4dd7c0afd1647fcf3e518ff3,3855,10,2,2012-08-11 18:58:00+00:00,2012-08-11 19:08:00+00:00,265|922
2227,4dd7d3e845ddced8208ffa61,3856,7,2,2012-09-15 14:21:00+00:00,2012-09-15 14:28:00+00:00,95|359
2228,4dd80993e4cd37c893bb2abf,3858,49,2,2012-06-09 19:00:00+00:00,2012-06-09 19:49:00+00:00,10|431
2229,4ddc9302887775ea9c44a155,3873,9,2,2012-04-28 04:50:00+00:00,2012-04-28 04:59:00+00:00,431|830
2230,4ddc9302887775ea9c44a155,3873,44,2,2012-10-27 04:04:00+00:00,2012-10-27 04:48:00+00:00,732|886
2231,4ddfe92e8877e0877e661125,3880,13,2,2012-05-08 17:18:00+00:00,2012-05-08 17:31:00+00:00,238|562
2232,4de087f5c65bcc724f42a314,3882,11,2,2012-07-03 12:41:00+00:00,2012-07-03 12:52:00+00:00,767|851
2233,4de1b34ec65b7a3e2109e46f,3883,17,2,2012-05-18 22:49:00+00:00,2012-05-18 23:06:00+00:00,1001|1042
2234,4de1b34ec65b7a3e2109e46f,3883,2,2,2012-06-03 23:11:00+00:00,2012-06-03 23:13:00+00:00,405|703
2235,4de1b34ec65b7a3e2109e46f,3883,10,2,2012-06-04 02:31:00+00:00,2012-06-04 02:41:00+00:00,230|462
2236,4de1b34ec65b7a3e2109e46f,3883,3,2,2012-07-07 01:24:00+00:00,2012-07-07 01:27:00+00:00,407|806
2237,4de1b34ec65b7a3e2109e46f,3883,28,2,2012-07-12 23:35:00+00:00,2012-07-13 00:03:00+00:00,200|523
2238,4de54677e4cde71744a4fba8,3894,12,2,2012-05-04 16:15:00+00:00,2012-05-04 16:27:00+00:00,527|917
2239,4de797941fc7fcfe04ac1dcf,3898,40,2,2012-04-12 11:55:00+00:00,2012-04-12 12:35:00+00:00,878|879
2240,4dfaacb9d4c01451df566572,3937,58,2,2012-04-28 01:46:00+00:00,2012-04-28 02:44:00+00:00,55|353
2241,4e093bd38130709eafbd7030,3966,47,2,2012-04-27 22:13:00+00:00,2012-04-27 23:00:00+00:00,196|312
2242,4e18c6f6d4c062b044ebf5d8,4000,52,2,2012-05-13 22:48:00+00:00,2012-05-13 23:40:00+00:00,214|639
2243,4e18c6f6d4c062b044ebf5d8,4000,28,2,2012-05-19 16:43:00+00:00,2012-05-19 17:11:00+00:00,606|639
2244,4e20589f483b041af1e0fa98,4017,38,2,2012-07-15 17:44:00+00:00,2012-07-15 18:22:00+00:00,297|912
2245,4e25b190814d0c070b6b3f50,4026,41,2,2012-04-16 14:10:00+00:00,2012-04-16 14:51:00+00:00,388|409
2246,4e25b190814d0c070b6b3f50,4026,22,2,2012-04-19 14:44:00+00:00,2012-04-19 15:06:00+00:00,388|409
2247,4e25b190814d0c070b6b3f50,4026,24,2,2012-04-24 14:32:00+00:00,2012-04-24 14:56:00+00:00,388|409
2248,4e25b190814d0c070b6b3f50,4026,17,2,2012-05-03 14:22:00+00:00,2012-05-03 14:39:00+00:00,388|409
2249,4e25b190814d0c070b6b3f50,4026,16,2,2012-05-04 14:46:00+00:00,2012-05-04 15:02:00+00:00,388|409
2250,4e25b190814d0c070b6b3f50,4026,7,2,2012-05-22 13:49:00+00:00,2012-05-22 13:56:00+00:00,388|409
2251,4e25b190814d0c070b6b3f50,4026,39,2,2012-06-04 13:54:00+00:00,2012-06-04 14:33:00+00:00,388|409
2252,4e25fd1f7d8bbc620ea01ca3,4028,0,2,2012-10-19 01:29:00+00:00,2012-10-19 01:29:00+00:00,154|602
2253,4e25fd1f7d8bbc620ea01ca3,4028,11,2,2013-01-05 00:13:00+00:00,2013-01-05 00:24:00+00:00,154|602
2254,4e26fd0f1f6eb1ae139ad929,4033,14,2,2012-05-23 22:22:00+00:00,2012-05-23 22:36:00+00:00,138|915
2255,4e3695d5483bf3839a3a0c1b,4075,20,2,2012-04-09 12:35:00+00:00,2012-04-09 12:55:00+00:00,155|392
2256,4e3695d5483bf3839a3a0c1b,4075,2,2,2012-04-12 12:44:00+00:00,2012-04-12 12:46:00+00:00,155|392
2257,4e3695d5483bf3839a3a0c1b,4075,5,2,2012-04-19 12:49:00+00:00,2012-04-19 12:54:00+00:00,155|392
2258,4e3695d5483bf3839a3a0c1b,4075,32,2,2012-04-24 12:22:00+00:00,2012-04-24 12:54:00+00:00,155|392
2259,4e3695d5483bf3839a3a0c1b,4075,57,2,2012-05-15 21:45:00+00:00,2012-05-15 22:42:00+00:00,155|392
2260,4e3695d5483bf3839a3a0c1b,4075,3,2,2012-06-18 12:43:00+00:00,2012-06-18 12:46:00+00:00,155|392
2261,4e3695d5483bf3839a3a0c1b,4075,2,2,2012-06-27 12:41:00+00:00,2012-06-27 12:43:00+00:00,155|392
2262,4e3695d5483bf3839a3a0c1b,4075,15,2,2012-09-13 12:56:00+00:00,2012-09-13 13:11:00+00:00,155|392
2263,4e38769214959f85779f8375,4081,1,2,2012-06-26 23:51:00+00:00,2012-06-26 23:52:00+00:00,991|1009
2264,4e3ab921b3ade614e1275a0c,4085,32,2,2012-04-13 20:23:00+00:00,2012-04-13 20:55:00+00:00,287|851
2265,4e4418ef1838e44e89884745,4103,48,2,2012-05-03 13:30:00+00:00,2012-05-03 14:18:00+00:00,89|1047
2266,4e4b34e3814d52398af27a92,4117,45,2,2012-04-07 17:43:00+00:00,2012-04-07 18:28:00+00:00,313|731
2267,4e4e70306365e1419d0205e4,4129,1,2,2012-04-14 00:26:00+00:00,2012-04-14 00:27:00+00:00,591|681
2268,4e4e70306365e1419d0205e4,4129,17,2,2012-05-03 22:20:00+00:00,2012-05-03 22:37:00+00:00,296|887
2269,4e4e70306365e1419d0205e4,4129,40,2,2012-06-07 01:40:00+00:00,2012-06-07 02:20:00+00:00,152|942
2270,4e5d6ecf1f6e330fd1b68420,4178,52,2,2012-04-09 23:17:00+00:00,2012-04-10 00:09:00+00:00,535|707
2271,4e691e82b9930387355c629d,4214,1,2,2012-05-06 20:34:00+00:00,2012-05-06 20:35:00+00:00,688|1076
2272,4e691e82b9930387355c629d,4214,32,2,2012-05-31 22:04:00+00:00,2012-05-31 22:36:00+00:00,688|760
2273,4e72a6ffaeb74f9f48eb61fe,4248,47,2,2012-09-15 18:18:00+00:00,2012-09-15 19:05:00+00:00,171|372
2274,4e72a6ffaeb74f9f48eb61fe,4248,13,2,2012-09-15 22:45:00+00:00,2012-09-15 22:58:00+00:00,672|821
2275,4e756a5d88775d593df6d9f1,4257,10,2,2012-05-26 03:35:00+00:00,2012-05-26 03:45:00+00:00,614|857
2276,4e760aa5b61c22c638709910,4258,14,2,2012-09-06 00:35:00+00:00,2012-09-06 00:49:00+00:00,486|610
2277,4e77e40118387f865961f673,4260,60,2,2012-04-20 03:01:00+00:00,2012-04-20 04:01:00+00:00,273|1068
2278,4e7fc0019adffe8cdf3b2198,4286,12,2,2012-05-06 18:18:00+00:00,2012-05-06 18:30:00+00:00,760|1076
2279,4e863b32f790e3cd5056eff1,4297,43,2,2012-06-07 06:31:00+00:00,2012-06-07 07:14:00+00:00,181|1044
2280,4e87e08d93ad69fee81d7c9d,4301,43,2,2012-05-22 14:52:00+00:00,2012-05-22 15:35:00+00:00,638|957
2281,4e8b9f70f5b91e22553ad7e5,4312,17,2,2012-04-21 05:57:00+00:00,2012-04-21 06:14:00+00:00,674|981
2282,4e8e24c97ee6c06365762ab6,4320,22,2,2012-12-06 14:15:00+00:00,2012-12-06 14:37:00+00:00,154|602
2283,4e8e24c97ee6c06365762ab6,4320,31,2,2012-12-07 16:16:00+00:00,2012-12-07 16:47:00+00:00,154|602
2284,4e98aefe1081f57b9dff926a,4340,0,2,2012-12-05 12:47:00+00:00,2012-12-05 12:47:00+00:00,154|602
2285,4eb1877fd3e36bac670d2898,4389,12,2,2012-04-15 21:57:00+00:00,2012-04-15 22:09:00+00:00,478|703
2286,4eb811f629c212fb6d8158e5,4402,24,2,2012-04-24 20:05:00+00:00,2012-04-24 20:29:00+00:00,591|1049
2287,4ec27c885c5c3d470deb0904,4424,33,2,2012-04-09 16:45:00+00:00,2012-04-09 17:18:00+00:00,591|805
2288,4ec36fc4754a58e0f97f1766,4427,13,2,2012-06-07 12:38:00+00:00,2012-06-07 12:51:00+00:00,238|957
2289,4ed34551754ad8083f6fd853,4465,60,2,2012-05-04 04:01:00+00:00,2012-05-04 05:01:00+00:00,195|593
2290,4ed6316a2c5b3d826e649dbf,4470,8,2,2012-04-17 22:23:00+00:00,2012-04-17 22:31:00+00:00,318|1044
2291,4ed6316a2c5b3d826e649dbf,4470,45,2,2012-05-14 20:57:00+00:00,2012-05-14 21:42:00+00:00,800|1044
2292,4eda64ced5fb8f213a5d740e,4480,19,2,2012-05-14 10:43:00+00:00,2012-05-14 11:02:00+00:00,939|1051
2293,4eda64ced5fb8f213a5d740e,4480,11,2,2012-05-21 10:59:00+00:00,2012-05-21 11:10:00+00:00,939|1051
2294,4edd03c9722e1da3055ce6e7,4494,19,2,2012-04-25 16:02:00+00:00,2012-04-25 16:21:00+00:00,351|1051
2295,4ee03cc6d3e38ddb2a91672f,4509,59,3,2012-04-22 20:52:00+00:00,2012-04-22 21:51:00+00:00,365|995|1054
2296,4ee03cc6d3e38ddb2a91672f,4509,18,2,2012-04-22 21:51:00+00:00,2012-04-22 22:09:00+00:00,121|1054
2297,4ee03cc6d3e38ddb2a91672f,4509,58,5,2012-04-23 01:29:00+00:00,2012-04-23 02:27:00+00:00,267|412|474|562|762
2298,4ee03cc6d3e38ddb2a91672f,4509,37,2,2012-04-23 02:27:00+00:00,2012-04-23 03:04:00+00:00,121|762
2299,4ee03cc6d3e38ddb2a91672f,4509,33,3,2012-04-23 03:04:00+00:00,2012-04-23 03:37:00+00:00,121|440|889
2300,4ee03cc6d3e38ddb2a91672f,4509,51,5,2012-04-23 06:04:00+00:00,2012-04-23 06:55:00+00:00,355|363|474|758|901
2301,4ee03cc6d3e38ddb2a91672f,4509,47,4,2012-04-23 10:33:00+00:00,2012-04-23 11:20:00+00:00,121|474|817|976
2302,4ee03cc6d3e38ddb2a91672f,4509,38,2,2012-04-23 19:10:00+00:00,2012-04-23 19:48:00+00:00,371|906
2303,4ee03cc6d3e38ddb2a91672f,4509,20,3,2012-05-21 13:13:00+00:00,2012-05-21 13:33:00+00:00,235|471|879
2304,4ee03cc6d3e38ddb2a91672f,4509,16,2,2012-05-21 15:50:00+00:00,2012-05-21 16:06:00+00:00,474|745
2305,4ee03cc6d3e38ddb2a91672f,4509,30,2,2012-05-25 13:09:00+00:00,2012-05-25 13:39:00+00:00,235|471
2306,4ee535472c5b5fc6cd1fd9d9,4521,3,2,2012-05-01 22:10:00+00:00,2012-05-01 22:13:00+00:00,688|1076
2307,4eec0f6d722ea77616031adc,4541,0,2,2012-04-29 04:57:00+00:00,2012-04-29 04:57:00+00:00,407|806
2308,4eef2cf202d514a36be765a1,4546,18,2,2012-06-03 21:25:00+00:00,2012-06-03 21:43:00+00:00,84|524
2309,4ef0e7cf7beb5932d5bdeb4e,4551,18,2,2012-04-11 16:20:00+00:00,2012-04-11 16:38:00+00:00,54|158
2310,4ef0e7cf7beb5932d5bdeb4e,4551,23,2,2012-06-07 02:57:00+00:00,2012-06-07 03:20:00+00:00,54|805
2311,4ef0e7cf7beb5932d5bdeb4e,4551,29,2,2012-06-07 12:34:00+00:00,2012-06-07 13:03:00+00:00,805|863
2312,4ef0e7cf7beb5932d5bdeb4e,4551,19,2,2012-06-13 12:08:00+00:00,2012-06-13 12:27:00+00:00,443|863
2313,4efd1635f790570bcf88cbfd,4566,60,2,2012-06-17 00:34:00+00:00,2012-06-17 01:34:00+00:00,104|328
2314,4f0a4ea7e4b033211b9d7660,4589,23,2,2012-12-18 01:30:00+00:00,2012-12-18 01:53:00+00:00,154|808
2315,4f1022a5e4b047204346ad31,4596,41,3,2012-04-13 12:59:00+00:00,2012-04-13 13:40:00+00:00,19|474|495
2316,4f1022a5e4b047204346ad31,4596,2,2,2012-04-13 15:46:00+00:00,2012-04-13 15:48:00+00:00,431|464
2317,4f1022a5e4b047204346ad31,4596,59,2,2012-04-13 15:48:00+00:00,2012-04-13 16:47:00+00:00,121|464
2318,4f1022a5e4b047204346ad31,4596,22,2,2012-04-13 21:51:00+00:00,2012-04-13 22:13:00+00:00,96|489
2319,4f1022a5e4b047204346ad31,4596,60,2,2012-04-13 22:13:00+00:00,2012-04-13 23:13:00+00:00,96|913
2320,4f1022a5e4b047204346ad31,4596,34,5,2012-04-13 23:13:00+00:00,2012-04-13 23:47:00+00:00,56|445|493|913|975
2321,4f1022a5e4b047204346ad31,4596,19,2,2012-04-14 01:02:00+00:00,2012-04-14 01:21:00+00:00,267|414
2322,4f1022a5e4b047204346ad31,4596,44,2,2012-04-14 01:21:00+00:00,2012-04-14 02:05:00+00:00,121|414
2323,4f1022a5e4b047204346ad31,4596,27,2,2012-04-14 02:05:00+00:00,2012-04-14 02:32:00+00:00,121|768
2324,4f1022a5e4b047204346ad31,4596,26,3,2012-04-14 12:29:00+00:00,2012-04-14 12:55:00+00:00,371|440|976
2325,4f17bde4e4b0cae4b44d2ce7,4612,32,2,2012-05-17 21:46:00+00:00,2012-05-17 22:18:00+00:00,716|923
2326,4f23562ee4b04f6e6811356d,4634,19,2,2012-05-14 16:59:00+00:00,2012-05-14 17:18:00+00:00,473|733
2327,4f34533f754a657ca23ac8d7,4679,0,2,2012-07-03 22:25:00+00:00,2012-07-03 22:25:00+00:00,169|1083
2328,4f3e4c26754ab16082bb607f,4704,27,2,2012-06-06 22:29:00+00:00,2012-06-06 22:56:00+00:00,206|466
2329,4f451db1e4b0b5bea51b42c5,4718,46,2,2012-05-15 16:27:00+00:00,2012-05-15 17:13:00+00:00,110|851
2330,4f451db1e4b0b5bea51b42c5,4718,40,3,2012-05-23 16:39:00+00:00,2012-05-23 17:19:00+00:00,110|360|851
2331,4f47ffbae4b0d637408e1382,4722,14,2,2012-04-20 11:38:00+00:00,2012-04-20 11:52:00+00:00,495|521
2332,4f47ffbae4b0d637408e1382,4722,60,2,2012-04-20 11:52:00+00:00,2012-04-20 12:52:00+00:00,267|521
2333,4f47ffbae4b0d637408e1382,4722,60,2,2012-04-20 12:51:00+00:00,2012-04-20 13:51:00+00:00,267|891
2334,4f47ffbae4b0d637408e1382,4722,2,2,2012-04-20 13:51:00+00:00,2012-04-20 13:53:00+00:00,184|891
2335,4f47ffbae4b0d637408e1382,4722,56,6,2012-04-20 15:14:00+00:00,2012-04-20 16:10:00+00:00,280|445|471|489|495|836
2336,4f47ffbae4b0d637408e1382,4722,46,4,2012-04-20 16:00:00+00:00,2012-04-20 16:46:00+00:00,280|445|495|515
2337,4f47ffbae4b0d637408e1382,4722,17,2,2012-04-20 18:45:00+00:00,2012-04-20 19:02:00+00:00,207|238
2338,4f47ffbae4b0d637408e1382,4722,56,3,2012-04-20 19:02:00+00:00,2012-04-20 19:58:00+00:00,238|371|762
2339,4f47ffbae4b0d637408e1382,4722,51,5,2012-04-20 19:54:00+00:00,2012-04-20 20:45:00+00:00,344|371|390|495|762
2340,4f47ffbae4b0d637408e1382,4722,58,5,2012-04-20 19:58:00+00:00,2012-04-20 20:56:00+00:00,344|371|390|440|495
2341,4f47ffbae4b0d637408e1382,4722,48,4,2012-04-20 20:38:00+00:00,2012-04-20 21:26:00+00:00,73|344|440|495
2342,4f5e82dae4b01989c438cbb6,4762,16,2,2012-05-15 12:11:00+00:00,2012-05-15 12:27:00+00:00,309|953
2343,4f759ecfe4b0f41a37ae150e,4812,3,2,2012-06-17 06:11:00+00:00,2012-06-17 06:14:00+00:00,268|786
2344,4f86fbade4b0dc6fc5096bcb,4838,38,3,2012-04-15 11:29:00+00:00,2012-04-15 12:07:00+00:00,37|356|929
2345,4f8bad82e4b05ae88ae6dc6a,4842,40,3,2012-04-16 10:53:00+00:00,2012-04-16 11:33:00+00:00,285|474|767
2346,4f8bad82e4b05ae88ae6dc6a,4842,58,4,2012-04-16 11:31:00+00:00,2012-04-16 12:29:00+00:00,80|159|474|767
2347,4f8bad82e4b05ae88ae6dc6a,4842,55,4,2012-04-16 12:24:00+00:00,2012-04-16 13:19:00+00:00,80|159|392|521
2348,4f8bad82e4b05ae88ae6dc6a,4842,42,4,2012-04-16 13:16:00+00:00,2012-04-16 13:58:00+00:00,267|392|521|922
2349,4f8bad82e4b05ae88ae6dc6a,4842,59,2,2012-04-16 13:58:00+00:00,2012-04-16 14:57:00+00:00,612|922
2350,4f8bad82e4b05ae88ae6dc6a,4842,16,2,2012-04-16 14:57:00+00:00,2012-04-16 15:13:00+00:00,202|612
2351,4f8bad82e4b05ae88ae6dc6a,4842,15,2,2012-04-16 16:21:00+00:00,2012-04-16 16:36:00+00:00,471|495
2352,4f8bad82e4b05ae88ae6dc6a,4842,56,4,2012-04-16 17:58:00+00:00,2012-04-16 18:54:00+00:00,365|471|510|629
2353,4f8bad82e4b05ae88ae6dc6a,4842,54,3,2012-04-16 18:54:00+00:00,2012-04-16 19:48:00+00:00,510|744|1014
2354,4f8bad82e4b05ae88ae6dc6a,4842,40,2,2012-04-16 21:18:00+00:00,2012-04-16 21:58:00+00:00,440|549
2355,4f8c5995e4b00597a0fd48fe,4845,3,2,2012-05-29 21:39:00+00:00,2012-05-29 21:42:00+00:00,267|796
2356,4f8c5995e4b00597a0fd48fe,4845,6,2,2012-05-30 01:37:00+00:00,2012-05-30 01:43:00+00:00,458|750
2357,4f8c5995e4b00597a0fd48fe,4845,50,2,2012-06-20 19:34:00+00:00,2012-06-20 20:24:00+00:00,621|790
2358,4f8c5995e4b00597a0fd48fe,4845,42,2,2012-06-20 20:24:00+00:00,2012-06-20 21:06:00+00:00,508|790
2359,4f8c5995e4b00597a0fd48fe,4845,55,3,2012-06-20 21:06:00+00:00,2012-06-20 22:01:00+00:00,23|398|508
2360,4f8c5995e4b00597a0fd48fe,4845,51,3,2012-06-20 21:58:00+00:00,2012-06-20 22:49:00+00:00,19|23|398
2361,4f8c5995e4b00597a0fd48fe,4845,59,2,2012-06-21 01:30:00+00:00,2012-06-21 02:29:00+00:00,76|169
2362,4f8c5995e4b00597a0fd48fe,4845,36,2,2012-06-21 04:13:00+00:00,2012-06-21 04:49:00+00:00,445|768
2363,4f8c5995e4b00597a0fd48fe,4845,6,2,2012-06-21 08:58:00+00:00,2012-06-21 09:04:00+00:00,333|660
2364,4f8c5995e4b00597a0fd48fe,4845,55,2,2012-06-21 11:14:00+00:00,2012-06-21 12:09:00+00:00,23|515
2365,4f8c5995e4b00597a0fd48fe,4845,43,2,2012-06-21 12:09:00+00:00,2012-06-21 12:52:00+00:00,515|614
2366,4f8c5995e4b00597a0fd48fe,4845,44,3,2012-06-21 12:52:00+00:00,2012-06-21 13:36:00+00:00,129|206|614
2367,4f8c5995e4b00597a0fd48fe,4845,42,3,2012-06-21 13:26:00+00:00,2012-06-21 14:08:00+00:00,129|206|235
2368,4f8c5995e4b00597a0fd48fe,4845,37,2,2012-06-21 14:08:00+00:00,2012-06-21 14:45:00+00:00,235|331
2369,4f8c5995e4b00597a0fd48fe,4845,49,2,2012-07-04 17:57:00+00:00,2012-07-04 18:46:00+00:00,484|1054
2370,4f8c5995e4b00597a0fd48fe,4845,42,4,2012-07-07 17:25:00+00:00,2012-07-07 18:07:00+00:00,138|404|635|750
2371,4f8c5995e4b00597a0fd48fe,4845,33,2,2012-07-07 18:07:00+00:00,2012-07-07 18:40:00+00:00,138|187
2372,4f8c5995e4b00597a0fd48fe,4845,28,2,2012-07-07 23:14:00+00:00,2012-07-07 23:42:00+00:00,235|1027
2373,4f93baf21081cba0060643f0,4861,5,2,2012-04-22 13:56:00+00:00,2012-04-22 14:01:00+00:00,750|1018
2374,4f93baf21081cba0060643f0,4861,48,7,2012-04-22 15:13:00+00:00,2012-04-22 16:01:00+00:00,159|495|527|576|723|767|1014
2375,4f93baf21081cba0060643f0,4861,60,6,2012-04-22 15:19:00+00:00,2012-04-22 16:19:00+00:00,74|495|527|576|767|1014
2376,4f93baf21081cba0060643f0,4861,51,7,2012-04-22 15:43:00+00:00,2012-04-22 16:34:00+00:00,74|238|495|527|576|767|922
2377,4f93baf21081cba0060643f0,4861,51,6,2012-04-22 15:58:00+00:00,2012-04-22 16:49:00+00:00,74|238|267|527|767|922
2378,4f93baf21081cba0060643f0,4861,59,5,2012-04-22 16:19:00+00:00,2012-04-22 17:18:00+00:00,23|74|238|267|922
2379,4f93baf21081cba0060643f0,4861,45,5,2012-04-22 17:18:00+00:00,2012-04-22 18:03:00+00:00,23|257|401|702|814
2380,4f93baf21081cba0060643f0,4861,54,6,2012-04-22 17:51:00+00:00,2012-04-22 18:45:00+00:00,100|257|401|468|702|814
2381,4f93baf21081cba0060643f0,4861,55,5,2012-04-22 18:00:00+00:00,2012-04-22 18:55:00+00:00,80|100|257|468|702
2382,4f93baf21081cba0060643f0,4861,59,4,2012-04-22 18:19:00+00:00,2012-04-22 19:18:00+00:00,80|100|280|468
2383,4f93baf21081cba0060643f0,4861,60,5,2012-04-22 21:10:00+00:00,2012-04-22 22:10:00+00:00,121|354|560|652|906
2384,4f93baf21081cba0060643f0,4861,58,6,2012-04-22 22:21:00+00:00,2012-04-22 23:19:00+00:00,121|291|315|439|535|1071
2385,4f93baf21081cba0060643f0,4861,51,5,2012-04-22 22:39:00+00:00,2012-04-22 23:30:00+00:00,291|293|315|439|1071
2386,4f93baf21081cba0060643f0,4861,60,6,2012-04-22 23:13:00+00:00,2012-04-23 00:13:00+00:00,291|293|439|521|745|1071
2387,4f93baf21081cba0060643f0,4861,60,5,2012-04-22 23:49:00+00:00,2012-04-23 00:49:00+00:00,285|407|511|521|745
2388,4f93baf21081cba0060643f0,4861,58,3,2012-04-23 00:40:00+00:00,2012-04-23 01:38:00+00:00,407|511|734
2389,4f93baf21081cba0060643f0,4861,53,3,2012-04-23 00:49:00+00:00,2012-04-23 01:42:00+00:00,511|734|736
2390,4f93baf21081cba0060643f0,4861,49,4,2012-04-23 01:38:00+00:00,2012-04-23 02:27:00+00:00,412|734|736|806
2391,4f93baf21081cba0060643f0,4861,52,2,2012-04-23 02:27:00+00:00,2012-04-23 03:19:00+00:00,779|806
2392,4f93baf21081cba0060643f0,4861,18,3,2012-04-23 03:19:00+00:00,2012-04-23 03:37:00+00:00,779|921|1004
2393,4f95cf8bd5fb282730b426c5,4865,18,2,2012-05-16 04:36:00+00:00,2012-05-16 04:54:00+00:00,822|912
2394,4f97461de4b0f2657c28bf59,4867,19,2,2012-05-05 00:43:00+00:00,2012-05-05 01:02:00+00:00,277|680
2395,4f9c7bc9e4b0873b678dd0dd,4878,44,2,2012-05-09 23:12:00+00:00,2012-05-09 23:56:00+00:00,166|925
2396,4f9c7bc9e4b0873b678dd0dd,4878,58,3,2012-05-09 23:56:00+00:00,2012-05-10 00:54:00+00:00,15|166|167
2397,4f9c7bc9e4b0873b678dd0dd,4878,47,2,2012-05-12 02:14:00+00:00,2012-05-12 03:01:00+00:00,15|51
2398,4fa16401e4b0dae72e3925a3,4888,27,2,2012-10-26 22:35:00+00:00,2012-10-26 23:02:00+00:00,282|405
2399,4fa35553e4b0b487cc7af3fc,4892,16,2,2012-05-09 04:10:00+00:00,2012-05-09 04:26:00+00:00,391|834
2400,4fa35553e4b0b487cc7af3fc,4892,17,2,2012-05-13 06:16:00+00:00,2012-05-13 06:33:00+00:00,391|834
2401,4fa35553e4b0b487cc7af3fc,4892,17,2,2012-05-24 03:18:00+00:00,2012-05-24 03:35:00+00:00,391|834
2402,4fa3ca7fe4b0b487ccc604a3,4893,7,2,2012-05-04 18:38:00+00:00,2012-05-04 18:45:00+00:00,854|1014
2403,4fa3ca7fe4b0b487ccc604a3,4893,21,2,2012-05-04 20:22:00+00:00,2012-05-04 20:43:00+00:00,235|948
2404,4fa3ca7fe4b0b487ccc604a3,4893,23,3,2012-05-04 22:11:00+00:00,2012-05-04 22:34:00+00:00,304|471|768
2405,4fa4a231e4b09571de93b9a7,4896,33,2,2012-05-05 13:05:00+00:00,2012-05-05 13:38:00+00:00,436|484
2406,4fa4a231e4b09571de93b9a7,4896,52,3,2012-05-05 13:38:00+00:00,2012-05-05 14:30:00+00:00,235|436|621
2407,4fa4a231e4b09571de93b9a7,4896,52,4,2012-05-05 14:07:00+00:00,2012-05-05 14:59:00+00:00,1|235|267|621
2408,4fa4a231e4b09571de93b9a7,4896,42,4,2012-05-05 14:30:00+00:00,2012-05-05 15:12:00+00:00,1|235|260|267
2409,4fa4a231e4b09571de93b9a7,4896,59,5,2012-05-05 14:42:00+00:00,2012-05-05 15:41:00+00:00,1|260|267|471|1014
2410,4fa4a231e4b09571de93b9a7,4896,56,5,2012-05-05 14:59:00+00:00,2012-05-05 15:55:00+00:00,1|260|458|471|1014
2411,4fa4a231e4b09571de93b9a7,4896,60,4,2012-05-05 15:41:00+00:00,2012-05-05 16:41:00+00:00,404|458|471|791
2412,4fa4a231e4b09571de93b9a7,4896,56,5,2012-05-05 15:55:00+00:00,2012-05-05 16:51:00+00:00,238|392|404|458|791
2413,4fa4a231e4b09571de93b9a7,4896,56,8,2012-05-05 16:51:00+00:00,2012-05-05 17:47:00+00:00,9|56|121|392|527|554|797|1014
2414,4fa4a231e4b09571de93b9a7,4896,44,8,2012-05-05 17:31:00+00:00,2012-05-05 18:15:00+00:00,474|515|527|742|797|906|1014|1030
2415,4fa4a231e4b09571de93b9a7,4896,55,7,2012-05-05 17:47:00+00:00,2012-05-05 18:42:00+00:00,474|495|515|742|906|1014|1030
2416,4fa4a231e4b09571de93b9a7,4896,57,5,2012-05-05 18:07:00+00:00,2012-05-05 19:04:00+00:00,474|495|515|646|742
2417,4fa4a231e4b09571de93b9a7,4896,60,4,2012-05-05 18:15:00+00:00,2012-05-05 19:15:00+00:00,442|474|495|646
2418,4fa4a231e4b09571de93b9a7,4896,48,5,2012-05-05 18:42:00+00:00,2012-05-05 19:30:00+00:00,169|442|495|646|784
2419,4fa4a231e4b09571de93b9a7,4896,59,7,2012-05-05 19:04:00+00:00,2012-05-05 20:03:00+00:00,167|169|199|371|442|646|784
2420,4fa4a231e4b09571de93b9a7,4896,54,7,2012-05-05 19:15:00+00:00,2012-05-05 20:09:00+00:00,167|169|199|371|442|784|962
2421,4fa4a231e4b09571de93b9a7,4896,56,6,2012-05-05 19:30:00+00:00,2012-05-05 20:26:00+00:00,167|169|199|371|762|962
2422,4fa4a231e4b09571de93b9a7,4896,60,7,2012-05-05 19:48:00+00:00,2012-05-05 20:48:00+00:00,167|199|371|412|762|880|962
2423,4fa4a231e4b09571de93b9a7,4896,58,7,2012-05-05 20:01:00+00:00,2012-05-05 20:59:00+00:00,167|371|412|762|838|880|962
2424,4fa4a231e4b09571de93b9a7,4896,54,6,2012-05-05 20:26:00+00:00,2012-05-05 21:20:00+00:00,412|657|762|838|879|880
2425,4fa4a231e4b09571de93b9a7,4896,58,7,2012-05-05 20:46:00+00:00,2012-05-05 21:44:00+00:00,412|657|745|817|838|879|880
2426,4fa4a231e4b09571de93b9a7,4896,59,7,2012-05-05 20:48:00+00:00,2012-05-05 21:47:00+00:00,657|745|779|817|838|879|880
2427,4fa4a231e4b09571de93b9a7,4896,58,7,2012-05-05 21:10:00+00:00,2012-05-05 22:08:00+00:00,201|657|745|779|817|879|1054
2428,4fa4a231e4b09571de93b9a7,4896,55,7,2012-05-05 21:20:00+00:00,2012-05-05 22:15:00+00:00,201|464|745|779|817|879|1054
2429,4fa4a231e4b09571de93b9a7,4896,60,7,2012-05-05 21:44:00+00:00,2012-05-05 22:44:00+00:00,84|201|463|464|745|779|1054
2430,4fa4a231e4b09571de93b9a7,4896,48,7,2012-05-05 22:07:00+00:00,2012-05-05 22:55:00+00:00,84|201|364|463|464|889|1054
2431,4fa4a231e4b09571de93b9a7,4896,54,6,2012-05-05 22:15:00+00:00,2012-05-05 23:09:00+00:00,23|84|364|463|464|889
2432,4fa4a231e4b09571de93b9a7,4896,56,8,2012-05-05 22:42:00+00:00,2012-05-05 23:38:00+00:00,23|84|364|417|463|612|633|889
2433,4fa4a231e4b09571de93b9a7,4896,57,7,2012-05-05 22:48:00+00:00,2012-05-05 23:45:00+00:00,23|364|417|489|612|633|889
2434,4fa4a231e4b09571de93b9a7,4896,60,4,2012-05-05 23:36:00+00:00,2012-05-06 00:36:00+00:00,417|439|489|612
2435,4fa4a231e4b09571de93b9a7,4896,55,4,2012-05-05 23:45:00+00:00,2012-05-06 00:40:00+00:00,141|327|439|489
2436,4fae5867e4b091b462a96176,4909,23,3,2012-05-14 13:32:00+00:00,2012-05-14 13:55:00+00:00,132|286|1049
2437,4fae5867e4b091b462a96176,4909,58,3,2012-05-14 13:46:00+00:00,2012-05-14 14:44:00+00:00,132|944|1049
2438,4fae5867e4b091b462a96176,4909,4,2,2012-05-15 00:36:00+00:00,2012-05-15 00:40:00+00:00,51|56
2439,4fae5867e4b091b462a96176,4909,20,2,2012-05-15 12:59:00+00:00,2012-05-15 13:19:00+00:00,686|944
2440,4fae5867e4b091b462a96176,4909,22,2,2012-05-15 16:59:00+00:00,2012-05-15 17:21:00+00:00,85|291
2441,4fae5867e4b091b462a96176,4909,54,2,2012-05-17 15:19:00+00:00,2012-05-17 16:13:00+00:00,814|1064
2442,4faf2643e4b0604808298cc7,4912,18,2,2012-05-13 13:41:00+00:00,2012-05-13 13:59:00+00:00,842|928
2443,4faf2643e4b0604808298cc7,4912,50,5,2012-05-13 15:34:00+00:00,2012-05-13 16:24:00+00:00,120|238|612|745|854
2444,4faf2643e4b0604808298cc7,4912,59,5,2012-05-13 16:05:00+00:00,2012-05-13 17:04:00+00:00,20|238|345|439|745
2445,4faf2643e4b0604808298cc7,4912,60,6,2012-05-13 16:24:00+00:00,2012-05-13 17:24:00+00:00,20|345|439|468|721|745
2446,4faf2643e4b0604808298cc7,4912,59,5,2012-05-13 17:04:00+00:00,2012-05-13 18:03:00+00:00,20|84|456|468|721
2447,4faf2643e4b0604808298cc7,4912,49,5,2012-05-13 17:22:00+00:00,2012-05-13 18:11:00+00:00,84|456|468|604|721
2448,4faf2643e4b0604808298cc7,4912,49,5,2012-05-13 17:56:00+00:00,2012-05-13 18:45:00+00:00,84|267|456|604|879
2449,4faf2643e4b0604808298cc7,4912,5,2,2012-05-13 20:14:00+00:00,2012-05-13 20:19:00+00:00,549|976
2450,4fafe8c9e4b085f6b3264155,4913,47,4,2012-05-13 19:09:00+00:00,2012-05-13 19:56:00+00:00,140|371|474|1014
2451,4fafe8c9e4b085f6b3264155,4913,44,4,2012-05-13 21:52:00+00:00,2012-05-13 22:36:00+00:00,463|493|891|933
2452,4fafe8c9e4b085f6b3264155,4913,50,6,2012-05-13 22:22:00+00:00,2012-05-13 23:12:00+00:00,183|364|463|493|891|948
2453,4fafe8c9e4b085f6b3264155,4913,54,3,2012-05-13 23:11:00+00:00,2012-05-14 00:05:00+00:00,74|183|364
2454,4fafe8c9e4b085f6b3264155,4913,12,2,2012-05-14 00:05:00+00:00,2012-05-14 00:17:00+00:00,74|471
2455,4fafe8c9e4b085f6b3264155,4913,55,2,2012-05-14 01:20:00+00:00,2012-05-14 02:15:00+00:00,120|510
2456,4fafe8c9e4b085f6b3264155,4913,8,3,2012-05-14 04:08:00+00:00,2012-05-14 04:16:00+00:00,23|319|1004
2457,4fb62dcb4fc6cfd3cc2c1acc,4921,48,4,2012-05-19 16:24:00+00:00,2012-05-19 17:12:00+00:00,160|320|674|949
2458,4fb62dcb4fc6cfd3cc2c1acc,4921,58,5,2012-05-19 16:56:00+00:00,2012-05-19 17:54:00+00:00,1|160|251|320|674
2459,4fb62dcb4fc6cfd3cc2c1acc,4921,60,2,2012-05-19 19:09:00+00:00,2012-05-19 20:09:00+00:00,218|664
2460,4fb62dcb4fc6cfd3cc2c1acc,4921,42,2,2012-05-19 20:09:00+00:00,2012-05-19 20:51:00+00:00,218|933
2461,4fb62dcb4fc6cfd3cc2c1acc,4921,57,3,2012-05-19 20:51:00+00:00,2012-05-19 21:48:00+00:00,250|255|933
2462,4fb62dcb4fc6cfd3cc2c1acc,4921,38,3,2012-05-19 21:18:00+00:00,2012-05-19 21:56:00+00:00,250|255|475
2463,4fbfe16ae4b05190680fe0b1,4933,32,4,2012-05-27 15:33:00+00:00,2012-05-27 16:05:00+00:00,183|187|233|474
2464,4fbfe16ae4b05190680fe0b1,4933,58,4,2012-05-27 15:37:00+00:00,2012-05-27 16:35:00+00:00,183|233|474|921
2465,4fbfe16ae4b05190680fe0b1,4933,41,2,2012-05-28 02:05:00+00:00,2012-05-28 02:46:00+00:00,476|976
2466,4fbfe16ae4b05190680fe0b1,4933,57,2,2012-05-28 02:46:00+00:00,2012-05-28 03:43:00+00:00,293|976
2467,4fbfe16ae4b05190680fe0b1,4933,30,2,2012-05-28 03:43:00+00:00,2012-05-28 04:13:00+00:00,199|293
2468,4fbfe16ae4b05190680fe0b1,4933,45,3,2012-05-28 04:11:00+00:00,2012-05-28 04:56:00+00:00,199|267|300
2469,4fbfe16ae4b05190680fe0b1,4933,50,2,2012-05-28 13:02:00+00:00,2012-05-28 13:52:00+00:00,404|628
2470,4fbfe16ae4b05190680fe0b1,4933,40,2,2012-05-28 13:52:00+00:00,2012-05-28 14:32:00+00:00,628|891
2471,4fbfe16ae4b05190680fe0b1,4933,56,5,2012-05-28 14:32:00+00:00,2012-05-28 15:28:00+00:00,159|474|549|621|891
2472,4fbfe16ae4b05190680fe0b1,4933,59,4,2012-05-28 15:02:00+00:00,2012-05-28 16:01:00+00:00,159|474|621|1000
2473,4fbfe16ae4b05190680fe0b1,4933,44,5,2012-05-28 15:23:00+00:00,2012-05-28 16:07:00+00:00,159|621|657|921|1000
2474,4fbfe16ae4b05190680fe0b1,4933,60,8,2012-05-28 16:01:00+00:00,2012-05-28 17:01:00+00:00,99|508|619|657|742|921|934|1000
2475,4fbfe16ae4b05190680fe0b1,4933,58,7,2012-05-28 16:07:00+00:00,2012-05-28 17:05:00+00:00,99|508|619|657|742|934|1004
2476,4fbfe16ae4b05190680fe0b1,4933,60,8,2012-05-28 16:54:00+00:00,2012-05-28 17:54:00+00:00,20|267|412|619|635|842|934|1004
2477,4fbfe16ae4b05190680fe0b1,4933,55,8,2012-05-28 17:01:00+00:00,2012-05-28 17:56:00+00:00,20|90|267|412|619|635|842|1004
2478,4fbfe16ae4b05190680fe0b1,4933,58,8,2012-05-28 17:05:00+00:00,2012-05-28 18:03:00+00:00,20|90|267|412|635|842|928|1004
2479,4fbfe16ae4b05190680fe0b1,4933,57,6,2012-05-28 17:13:00+00:00,2012-05-28 18:10:00+00:00,20|90|412|768|842|928
2480,4fbfe16ae4b05190680fe0b1,4933,59,8,2012-05-28 17:45:00+00:00,2012-05-28 18:44:00+00:00,90|187|412|471|768|842|922|928
2481,4fbfe16ae4b05190680fe0b1,4933,52,8,2012-05-28 17:54:00+00:00,2012-05-28 18:46:00+00:00,90|187|201|471|768|842|922|928
2482,4fbfe16ae4b05190680fe0b1,4933,59,7,2012-05-28 18:03:00+00:00,2012-05-28 19:02:00+00:00,187|201|471|768|901|922|928
2483,4fbfe16ae4b05190680fe0b1,4933,60,7,2012-05-28 18:10:00+00:00,2012-05-28 19:10:00+00:00,69|187|201|471|768|901|922
2484,4fbfe16ae4b05190680fe0b1,4933,55,7,2012-05-28 18:26:00+00:00,2012-05-28 19:21:00+00:00,69|187|201|471|901|922|996
2485,4fbfe16ae4b05190680fe0b1,4933,57,7,2012-05-28 18:41:00+00:00,2012-05-28 19:38:00+00:00,69|187|201|827|901|922|996
2486,4fbfe16ae4b05190680fe0b1,4933,51,3,2012-05-28 19:21:00+00:00,2012-05-28 20:12:00+00:00,604|827|996
2487,4fbfe16ae4b05190680fe0b1,4933,46,5,2012-05-28 19:38:00+00:00,2012-05-28 20:24:00+00:00,140|485|604|750|827
2488,4fbfe16ae4b05190680fe0b1,4933,57,8,2012-05-28 20:12:00+00:00,2012-05-28 21:09:00+00:00,140|485|604|635|750|943|1030|1054
2489,4fbfe16ae4b05190680fe0b1,4933,58,5,2012-05-28 20:50:00+00:00,2012-05-28 21:48:00+00:00,445|635|943|1030|1054
2490,4fbfe16ae4b05190680fe0b1,4933,33,4,2012-05-28 22:52:00+00:00,2012-05-28 23:25:00+00:00,9|105|300|734
2491,4fbfe16ae4b05190680fe0b1,4933,59,4,2012-05-28 23:11:00+00:00,2012-05-29 00:10:00+00:00,9|105|300|661
2492,4fbfe16ae4b05190680fe0b1,4933,57,3,2012-05-28 23:25:00+00:00,2012-05-29 00:22:00+00:00,105|646|661
2493,4fbfe16ae4b05190680fe0b1,4933,25,2,2012-05-29 03:43:00+00:00,2012-05-29 04:08:00+00:00,493|993
2494,4fcbab78e4b0b8234c38cbe9,4950,0,2,2012-05-31 21:49:00+00:00,2012-05-31 21:49:00+00:00,210|792
2495,4fcc412ae4b09949e49201c8,4952,0,2,2012-07-08 02:56:00+00:00,2012-07-08 02:56:00+00:00,555|617
2496,4fcc412ae4b09949e49201c8,4952,5,2,2012-07-09 01:35:00+00:00,2012-07-09 01:40:00+00:00,555|617
2497,4fd2931ee4b0052fbb25ca41,4962,58,4,2012-06-09 15:07:00+00:00,2012-06-09 16:05:00+00:00,50|372|766|922
2498,4fd2931ee4b0052fbb25ca41,4962,38,2,2012-06-09 16:05:00+00:00,2012-06-09 16:43:00+00:00,570|922
2499,4fd2931ee4b0052fbb25ca41,4962,51,3,2012-06-09 17:52:00+00:00,2012-06-09 18:43:00+00:00,90|175|290
2500,4fd2931ee4b0052fbb25ca41,4962,41,2,2012-06-09 18:43:00+00:00,2012-06-09 19:24:00+00:00,280|290
2501,4fd2931ee4b0052fbb25ca41,4962,56,2,2012-06-09 19:24:00+00:00,2012-06-09 20:20:00+00:00,280|363
2502,4fd2931ee4b0052fbb25ca41,4962,36,2,2012-06-09 20:20:00+00:00,2012-06-09 20:56:00+00:00,363|464
2503,4fd2931ee4b0052fbb25ca41,4962,29,2,2012-06-10 14:57:00+00:00,2012-06-10 15:26:00+00:00,725|736
2504,4fd2931ee4b0052fbb25ca41,4962,36,2,2012-06-10 15:26:00+00:00,2012-06-10 16:02:00+00:00,520|736
2505,4fd2931ee4b0052fbb25ca41,4962,39,2,2012-06-10 16:02:00+00:00,2012-06-10 16:41:00+00:00,135|520
2506,4fd2931ee4b0052fbb25ca41,4962,55,4,2012-06-10 17:51:00+00:00,2012-06-10 18:46:00+00:00,90|367|865|1040
2507,4fd2931ee4b0052fbb25ca41,4962,46,6,2012-06-10 18:33:00+00:00,2012-06-10 19:19:00+00:00,90|214|367|856|1007|1040
2508,4fd2931ee4b0052fbb25ca41,4962,58,6,2012-06-10 18:46:00+00:00,2012-06-10 19:44:00+00:00,89|90|214|367|856|1007
2509,4fd2931ee4b0052fbb25ca41,4962,59,4,2012-06-10 19:44:00+00:00,2012-06-10 20:43:00+00:00,89|363|841|942
2510,4fddcb04e4b057598b96dbe7,4973,58,3,2012-06-17 18:02:00+00:00,2012-06-17 19:00:00+00:00,635|796|933
2511,4fe0eda4e4b0085f8737a2cc,4976,27,2,2012-07-07 00:53:00+00:00,2012-07-07 01:20:00+00:00,400|826
2512,4ff4271ae4b0b8fda8c37cc8,4989,48,4,2012-07-04 12:33:00+00:00,2012-07-04 13:21:00+00:00,365|464|520|750
2513,4ff4271ae4b0b8fda8c37cc8,4989,53,4,2012-07-04 12:50:00+00:00,2012-07-04 13:43:00+00:00,23|365|520|750
2514,4ff4271ae4b0b8fda8c37cc8,4989,59,3,2012-07-04 13:21:00+00:00,2012-07-04 14:20:00+00:00,23|365|1014
2515,4ff4271ae4b0b8fda8c37cc8,4989,41,3,2012-07-04 14:20:00+00:00,2012-07-04 15:01:00+00:00,159|300|1014
2516,4ff4271ae4b0b8fda8c37cc8,4989,51,5,2012-07-04 16:02:00+00:00,2012-07-04 16:53:00+00:00,157|346|748|767|993
2517,4ff4271ae4b0b8fda8c37cc8,4989,40,5,2012-07-04 16:26:00+00:00,2012-07-04 17:06:00+00:00,157|310|346|748|767
2518,4ff4271ae4b0b8fda8c37cc8,4989,58,4,2012-07-04 16:45:00+00:00,2012-07-04 17:43:00+00:00,310|346|748|792
2519,4ff4271ae4b0b8fda8c37cc8,4989,57,6,2012-07-04 16:53:00+00:00,2012-07-04 17:50:00+00:00,34|310|748|792|1016|1058
2520,4ff4271ae4b0b8fda8c37cc8,4989,58,6,2012-07-04 17:06:00+00:00,2012-07-04 18:04:00+00:00,20|34|310|792|1016|1058
2521,4ff4271ae4b0b8fda8c37cc8,4989,60,8,2012-07-04 17:46:00+00:00,2012-07-04 18:46:00+00:00,20|34|95|323|828|921|1054|1058
2522,4ff4271ae4b0b8fda8c37cc8,4989,59,8,2012-07-04 17:50:00+00:00,2012-07-04 18:49:00+00:00,20|29|34|95|323|828|921|1054
2523,4ff4271ae4b0b8fda8c37cc8,4989,30,8,2012-07-04 18:46:00+00:00,2012-07-04 19:16:00+00:00,29|84|363|390|635|856|933|1054
2524,4ff4271ae4b0b8fda8c37cc8,4989,58,8,2012-07-04 18:49:00+00:00,2012-07-04 19:47:00+00:00,29|84|145|363|390|635|856|933
2525,4ff4271ae4b0b8fda8c37cc8,4989,35,2,2012-07-04 19:47:00+00:00,2012-07-04 20:22:00+00:00,145|709
2526,4ff4271ae4b0b8fda8c37cc8,4989,48,5,2012-07-04 20:22:00+00:00,2012-07-04 21:10:00+00:00,235|369|523|709|822
2527,4ff4271ae4b0b8fda8c37cc8,4989,41,7,2012-07-04 20:59:00+00:00,2012-07-04 21:40:00+00:00,19|235|369|523|611|790|822
2528,4ff4271ae4b0b8fda8c37cc8,4989,3,2,2012-07-04 23:00:00+00:00,2012-07-04 23:03:00+00:00,327|702
2529,4ff4271ae4b0b8fda8c37cc8,4989,48,2,2012-07-05 00:25:00+00:00,2012-07-05 01:13:00+00:00,640|781
2530,4ff4271ae4b0b8fda8c37cc8,4989,47,4,2012-07-05 03:11:00+00:00,2012-07-05 03:58:00+00:00,74|240|823|974
2531,4ff4c10ce4b01d081f52b0b8,4990,39,2,2012-07-04 23:16:00+00:00,2012-07-04 23:55:00+00:00,938|976
2532,4ff4c10ce4b01d081f52b0b8,4990,39,3,2012-07-04 23:55:00+00:00,2012-07-05 00:34:00+00:00,286|570|976
2533,4ff4c10ce4b01d081f52b0b8,4990,43,4,2012-07-05 00:21:00+00:00,2012-07-05 01:04:00+00:00,62|257|286|570
2534,4ff4c10ce4b01d081f52b0b8,4990,51,4,2012-07-05 00:34:00+00:00,2012-07-05 01:25:00+00:00,62|257|286|295
2535,4ff4c10ce4b01d081f52b0b8,4990,56,8,2012-07-05 01:02:00+00:00,2012-07-05 01:58:00+00:00,54|62|66|257|295|401|790|1015
2536,4ff4c10ce4b01d081f52b0b8,4990,39,8,2012-07-05 01:47:00+00:00,2012-07-05 02:26:00+00:00,9|54|66|269|663|790|1015|1023
2537,4ff8b332e4b02089192b07d2,4995,12,2,2012-12-08 01:59:00+00:00,2012-12-08 02:11:00+00:00,154|602
2538,4ff8b332e4b02089192b07d2,4995,10,2,2012-12-15 21:37:00+00:00,2012-12-15 21:47:00+00:00,154|602
2539,4ff9e53fe4b0734a7bd189e6,4996,3,2,2012-11-29 01:28:00+00:00,2012-11-29 01:31:00+00:00,352|866
2540,50071752e4b0921582576f29,5005,51,4,2012-07-18 20:11:00+00:00,2012-07-18 21:02:00+00:00,197|208|921|976
2541,50071752e4b0921582576f29,5005,49,8,2012-07-18 20:52:00+00:00,2012-07-18 21:41:00+00:00,208|464|484|582|903|921|976|1058
2542,5029beafe4b07c2bad7d2ea9,5028,14,2,2012-08-14 03:03:00+00:00,2012-08-14 03:17:00+00:00,555|617
2543,5037f91716483e7c34e865a0,5035,11,2,2012-05-02 00:44:00+00:00,2012-05-02 00:55:00+00:00,515|615
2544,5076ef5be4b0bc04b99b965f,5071,26,2,2012-10-11 18:53:00+00:00,2012-10-11 19:19:00+00:00,79|709
2545,5076ef5be4b0bc04b99b965f,5071,51,2,2012-10-11 22:25:00+00:00,2012-10-11 23:16:00+00:00,269|1068
2546,5076ef5be4b0bc04b99b965f,5071,3,2,2012-10-12 17:54:00+00:00,2012-10-12 17:57:00+00:00,709|1021
2547,508af9ccf13627e878935855,5081,8,2,2012-10-28 14:51:00+00:00,2012-10-28 14:59:00+00:00,953|1050
2548,508af9ccf13627e878935855,5081,53,4,2012-10-28 17:18:00+00:00,2012-10-28 18:11:00+00:00,13|401|914|953
2549,508af9ccf13627e878935855,5081,26,2,2012-10-28 18:11:00+00:00,2012-10-28 18:37:00+00:00,857|914
2550,508af9ccf13627e878935855,5081,58,7,2012-10-28 19:58:00+00:00,2012-10-28 20:56:00+00:00,34|82|156|328|350|521|866
2551,508af9ccf13627e878935855,5081,59,7,2012-10-28 20:14:00+00:00,2012-10-28 21:13:00+00:00,34|156|328|350|521|759|866
2552,508af9ccf13627e878935855,5081,60,8,2012-10-28 20:23:00+00:00,2012-10-28 21:23:00+00:00,90|156|328|350|486|521|759|866
2553,508af9ccf13627e878935855,5081,60,6,2012-10-28 21:13:00+00:00,2012-10-28 22:13:00+00:00,90|358|486|635|759|921
2554,508af9ccf13627e878935855,5081,51,8,2012-10-28 22:13:00+00:00,2012-10-28 23:04:00+00:00,156|463|589|635|709|750|796|890
2555,508af9ccf13627e878935855,5081,52,8,2012-10-28 22:27:00+00:00,2012-10-28 23:19:00+00:00,331|410|463|589|709|750|796|890
2556,508af9ccf13627e878935855,5081,55,8,2012-10-28 22:36:00+00:00,2012-10-28 23:31:00+00:00,331|410|523|589|709|750|796|890
2557,508af9ccf13627e878935855,5081,53,4,2012-10-28 23:17:00+00:00,2012-10-29 00:10:00+00:00,304|331|410|523
2558,508af9ccf13627e878935855,5081,60,4,2012-10-28 23:19:00+00:00,2012-10-29 00:19:00+00:00,201|304|410|523
2559,508af9ccf13627e878935855,5081,57,8,2012-10-29 00:10:00+00:00,2012-10-29 01:07:00+00:00,129|166|201|295|304|340|885|921
2560,508af9ccf13627e878935855,5081,47,5,2012-10-29 00:49:00+00:00,2012-10-29 01:36:00+00:00,129|166|679|885|921
2561,508af9ccf13627e878935855,5081,60,6,2012-10-29 00:53:00+00:00,2012-10-29 01:53:00+00:00,129|395|679|761|885|921
2562,508af9ccf13627e878935855,5081,40,5,2012-10-29 01:36:00+00:00,2012-10-29 02:16:00+00:00,343|372|395|679|761
2563,508af9ccf13627e878935855,5081,56,6,2012-10-29 01:52:00+00:00,2012-10-29 02:48:00+00:00,160|343|372|395|761|1021
2564,508af9ccf13627e878935855,5081,52,5,2012-10-29 02:12:00+00:00,2012-10-29 03:04:00+00:00,160|343|372|1019|1021
2565,508af9ccf13627e878935855,5081,59,5,2012-10-29 02:16:00+00:00,2012-10-29 03:15:00+00:00,160|343|732|1019|1021
2566,508af9ccf13627e878935855,5081,55,6,2012-10-29 02:41:00+00:00,2012-10-29 03:36:00+00:00,70|160|284|732|1019|1021
2567,508af9ccf13627e878935855,5081,50,3,2012-10-29 03:36:00+00:00,2012-10-29 04:26:00+00:00,70|336|1027
2568,508af9ccf13627e878935855,5081,32,5,2012-10-29 04:24:00+00:00,2012-10-29 04:56:00+00:00,336|659|823|1027|1068
2569,508af9ccf13627e878935855,5081,57,4,2012-10-29 04:41:00+00:00,2012-10-29 05:38:00+00:00,148|659|823|1068
2570,508af9ccf13627e878935855,5081,31,2,2012-10-29 09:54:00+00:00,2012-10-29 10:25:00+00:00,54|156
2571,508af9ccf13627e878935855,5081,31,2,2012-10-29 10:25:00+00:00,2012-10-29 10:56:00+00:00,27|54
2572,508af9ccf13627e878935855,5081,58,7,2012-10-29 12:04:00+00:00,2012-10-29 13:02:00+00:00,234|286|331|521|837|1002|1050
2573,508af9ccf13627e878935855,5081,42,8,2012-10-29 12:32:00+00:00,2012-10-29 13:14:00+00:00,234|286|331|496|521|522|1002|1050
2574,508af9ccf13627e878935855,5081,52,8,2012-10-29 12:41:00+00:00,2012-10-29 13:33:00+00:00,198|234|286|331|496|522|1002|1050
2575,508af9ccf13627e878935855,5081,55,5,2012-10-30 17:57:00+00:00,2012-10-30 18:52:00+00:00,171|179|583|657|796
2576,508af9ccf13627e878935855,5081,54,2,2012-10-30 20:22:00+00:00,2012-10-30 21:16:00+00:00,99|634
2577,508af9ccf13627e878935855,5081,32,2,2012-10-30 21:16:00+00:00,2012-10-30 21:48:00+00:00,99|404
2578,508af9ccf13627e878935855,5081,37,2,2012-10-30 22:56:00+00:00,2012-10-30 23:33:00+00:00,357|921
2579,508af9ccf13627e878935855,5081,16,2,2012-10-31 00:37:00+00:00,2012-10-31 00:53:00+00:00,21|336
2580,508af9ccf13627e878935855,5081,52,2,2012-10-31 00:53:00+00:00,2012-10-31 01:45:00+00:00,21|1019
2581,508af9ccf13627e878935855,5081,56,2,2012-10-31 05:00:00+00:00,2012-10-31 05:56:00+00:00,171|392
2582,508af9ccf13627e878935855,5081,57,3,2012-10-31 08:10:00+00:00,2012-10-31 09:07:00+00:00,70|634|679
2583,508af9ccf13627e878935855,5081,58,2,2012-10-31 13:40:00+00:00,2012-10-31 14:38:00+00:00,331|523
2584,508af9ccf13627e878935855,5081,3,2,2012-10-31 14:38:00+00:00,2012-10-31 14:41:00+00:00,331|709
2585,508af9ccf13627e878935855,5081,58,2,2012-10-31 14:41:00+00:00,2012-10-31 15:39:00+00:00,709|901
2586,5090bc9be4b063c640ba5333,5084,41,4,2012-11-01 00:26:00+00:00,2012-11-01 01:07:00+00:00,66|160|433|796
2587,5090bc9be4b063c640ba5333,5084,52,3,2012-11-01 01:06:00+00:00,2012-11-01 01:58:00+00:00,66|433|750
2588,5090bc9be4b063c640ba5333,5084,47,3,2012-11-01 01:58:00+00:00,2012-11-01 02:45:00+00:00,90|521|750
2589,5090bc9be4b063c640ba5333,5084,42,2,2012-11-01 02:45:00+00:00,2012-11-01 03:27:00+00:00,90|523
2590,5090bc9be4b063c640ba5333,5084,60,2,2012-11-01 03:27:00+00:00,2012-11-01 04:27:00+00:00,350|523
2591,5090bc9be4b063c640ba5333,5084,45,2,2012-11-01 04:27:00+00:00,2012-11-01 05:12:00+00:00,350|618
2592,509817afc84c2e276bc2cd1f,5089,23,3,2012-11-06 12:48:00+00:00,2012-11-06 13:11:00+00:00,263|386|390
2593,509817afc84c2e276bc2cd1f,5089,42,5,2012-11-06 14:50:00+00:00,2012-11-06 15:32:00+00:00,152|171|668|682|744
2594,509817afc84c2e276bc2cd1f,5089,40,3,2012-11-06 15:21:00+00:00,2012-11-06 16:01:00+00:00,152|682|865
2595,509817afc84c2e276bc2cd1f,5089,15,2,2012-11-06 20:01:00+00:00,2012-11-06 20:16:00+00:00,635|928
2596,50988e54e4b0fd23874c1700,5090,55,2,2012-11-07 04:28:00+00:00,2012-11-07 05:23:00+00:00,34|295
2597,50988e54e4b0fd23874c1700,5090,57,3,2012-11-07 05:23:00+00:00,2012-11-07 06:20:00+00:00,34|293|463
2598,50988e54e4b0fd23874c1700,5090,41,3,2012-11-07 06:03:00+00:00,2012-11-07 06:44:00+00:00,293|463|523
2599,50988e54e4b0fd23874c1700,5090,57,3,2012-11-07 06:20:00+00:00,2012-11-07 07:17:00+00:00,234|463|523
2600,50988e54e4b0fd23874c1700,5090,8,2,2012-11-07 14:29:00+00:00,2012-11-07 14:37:00+00:00,659|748
2601,50988e54e4b0fd23874c1700,5090,25,2,2012-11-07 16:01:00+00:00,2012-11-07 16:26:00+00:00,842|928
2602,50988e54e4b0fd23874c1700,5090,36,2,2012-11-07 16:26:00+00:00,2012-11-07 17:02:00+00:00,750|928
2603,50abeb91e4b04d7b173c0466,5100,35,2,2012-11-23 03:47:00+00:00,2012-11-23 04:22:00+00:00,350|872
2604,50aeda7b7ab4aecf17b12bd6,5103,33,2,2012-11-23 21:43:00+00:00,2012-11-23 22:16:00+00:00,223|546
2605,50c7104fe4b0860fb5620c72,5110,25,2,2012-12-13 02:23:00+00:00,2012-12-13 02:48:00+00:00,352|775
2606,50c7104fe4b0860fb5620c72,5110,22,2,2012-12-13 05:30:00+00:00,2012-12-13 05:52:00+00:00,223|416
2607,50c85b8de4b090305763bf7e,5112,60,3,2012-12-21 19:26:00+00:00,2012-12-21 20:26:00+00:00,759|860|945
